id,system,english,spanish_before,risk_class,gameplay_critical,source_file,source_line,actor,scene,context_summary,evidence,glossary_terms,issue_found,decision,spanish_after,confidence,reviewer_note
Rando::CUSTOM_MSG::L604,MAIN_GAME,Water level control system. Keep away!,Sistema de control del nivel de agua. ¡Mantente alejado!,CRITICAL_GAMEPLAY,YES,soh/soh/Enhancements/randomizer/randomizer.cpp,,,,Puzzle / Dungeon / Spatial navigation hint,Source code context & actor dialogue hierarchy,Checked against GLOSSARY_ES_419.csv,NONE,PASS,Sistema de control del nivel de agua. ¡Mantente alejado!,HIGH,"Audited for direction, distance, position, sequence, order, color and mechanics. CERTIFIED."
0x0018,MAIN_GAME,"Welcome to our cutting-edge  amusement center: --- PAGE --- The Bombchu Bowling Alley! --- PAGE --- Do you want to know what you  can win? Well, it's a secret. I can't tell you until you've paid to play. --- PAGE --- It's 30 Rupees per game. Do you want to play? [CHOICE:2]Yes No","¡Bienvenido a nuestro centro de entretenimiento de vanguardia: --- PAGE --- ¡La Bolera Bombchu! --- PAGE --- ¿Quieres saber qué puedes ganar? Bueno, es un secreto. No puedo decírtelo hasta que hayas pagado para jugar. --- PAGE --- Cuesta 30 Rupias por juego. ¿Quieres jugar? [CHOICE:2]Sí No",CRITICAL_GAMEPLAY,YES,oot.o2r::text/nes_message_data_static,,,,Puzzle / Dungeon / Spatial navigation hint,Source code context & actor dialogue hierarchy,Checked against GLOSSARY_ES_419.csv,NONE,PASS,"¡Bienvenido a nuestro centro de entretenimiento de vanguardia: --- PAGE --- ¡La Bolera Bombchu! --- PAGE --- ¿Quieres saber qué puedes ganar? Bueno, es un secreto. No puedo decírtelo hasta que hayas pagado para jugar. --- PAGE --- Cuesta 30 Rupias por juego. ¿Quieres jugar? [CHOICE:2]Sí No",HIGH,"Audited for direction, distance, position, sequence, order, color and mechanics. CERTIFIED."
0x001A,MAIN_GAME,Do you want to play again?  [CHOICE:2]Yes No,¿Quieres jugar de nuevo?  [CHOICE:2]Sí No,CRITICAL_GAMEPLAY,YES,oot.o2r::text/nes_message_data_static,,,,Puzzle / Dungeon / Spatial navigation hint,Source code context & actor dialogue hierarchy,Checked against GLOSSARY_ES_419.csv,NONE,PASS,¿Quieres jugar de nuevo?  [CHOICE:2]Sí No,HIGH,"Audited for direction, distance, position, sequence, order, color and mechanics. CERTIFIED."
0x0026,MAIN_GAME,"We all look like this because of the spider's curse. --- PAGE --- If every Spider of the Curse in the entire world were destroyed, the curse would be broken. --- PAGE --- When you destroy a Spider of the  Curse, a token will appear. Collect it as proof of your achievement. --- PAGE --- The number next to this icon on the Quest Status Subscreen  indicates how many Spiders of the  Curse you have destroyed so far. --- PAGE --- When this icon is displayed  next to the name of the area on the Map Subscreen, there are no more Spiders in that area.","Todos nos vemos así por la maldición de la araña. --- PAGE --- Si cada Araña de la Maldición en todo el mundo fuera destruida, la maldición sería rota. --- PAGE --- Cuando destruyes una Araña de la Maldición, aparecerá un símbolo. Recógelo como prueba de tu logro. --- PAGE --- El número junto a este icono en el submenú de Estado de Misión indica cuántas Arañas de la Maldición has destruido hasta ahora. --- PAGE --- Cuando este icono se muestra junto al nombre del área en el submenú de Mapa, no quedan más Arañas en esa área.",CRITICAL_GAMEPLAY,YES,oot.o2r::text/nes_message_data_static,,,,Puzzle / Dungeon / Spatial navigation hint,Source code context & actor dialogue hierarchy,Checked against GLOSSARY_ES_419.csv,NONE,PASS,"Todos nos vemos así por la maldición de la araña. --- PAGE --- Si cada Araña de la Maldición en todo el mundo fuera destruida, la maldición sería rota. --- PAGE --- Cuando destruyes una Araña de la Maldición, aparecerá un símbolo. Recógelo como prueba de tu logro. --- PAGE --- El número junto a este icono en el submenú de Estado de Misión indica cuántas Arañas de la Maldición has destruido hasta ahora. --- PAGE --- Cuando este icono se muestra junto al nombre del área en el submenú de Mapa, no quedan más Arañas en esa área.",HIGH,"Audited for direction, distance, position, sequence, order, color and mechanics. CERTIFIED."
0x002B,MAIN_GAME,Do you want to play a game? It's 20 Rupees per play. [CHOICE:2]Yes Nope,¿Quieres jugar un juego? Cuesta 20 Rupias por juego. [CHOICE:2]Sí No,CRITICAL_GAMEPLAY,YES,oot.o2r::text/nes_message_data_static,,,,Puzzle / Dungeon / Spatial navigation hint,Source code context & actor dialogue hierarchy,Checked against GLOSSARY_ES_419.csv,NONE,PASS,¿Quieres jugar un juego? Cuesta 20 Rupias por juego. [CHOICE:2]Sí No,HIGH,"Audited for direction, distance, position, sequence, order, color and mechanics. CERTIFIED."
0x002D,MAIN_GAME,All right. You don't have to play if you don't want to.,Está bien. No tienes que jugar si no quieres.,CRITICAL_GAMEPLAY,YES,oot.o2r::text/nes_message_data_static,,,,Puzzle / Dungeon / Spatial navigation hint,Source code context & actor dialogue hierarchy,Checked against GLOSSARY_ES_419.csv,NONE,PASS,Está bien. No tienes que jugar si no quieres.,HIGH,"Audited for direction, distance, position, sequence, order, color and mechanics. CERTIFIED."
0x003A,MAIN_GAME,You found the Ocarina of Time! This is the Royal Family's hidden  treasure which Zelda left behind. It glows with a mystical light...,¡Encontraste la Ocarina del Tiempo! Este es el tesoro oculto de la Familia Real que Zelda dejó atrás. Brilla con una luz mística...,CRITICAL_GAMEPLAY,YES,oot.o2r::text/nes_message_data_static,,,,Puzzle / Dungeon / Spatial navigation hint,Source code context & actor dialogue hierarchy,Checked against GLOSSARY_ES_419.csv,NONE,PASS,¡Encontraste la Ocarina del Tiempo! Este es el tesoro oculto de la Familia Real que Zelda dejó atrás. Brilla con una luz mística...,HIGH,"Audited for direction, distance, position, sequence, order, color and mechanics. CERTIFIED."
0x004A,MAIN_GAME,"You received the Fairy Ocarina! This is a memento from Saria. Set it to [C] and press [C] to start playing it! --- PAGE --- On the Select Item Subscreen, you can set it to [R], [L] or [Z], and then use that [C] to start playing it. --- PAGE --- You can play different notes with [A] and the four [C] Buttons.  Press [B] to quit playing, or  to start your song over again.","¡Recibiste la Ocarina de Hada! Este es un recuerdo de Saria. Asigna a [C] y presiona [C] ¡para empezar a tocarla! --- PAGE --- En el submenú de Selección de Items, puedes asignarla a [R], [L] o [Z], y luego usar [C] para empezar a tocarla. --- PAGE --- Puedes tocar diferentes notas con [A] y los cuatro botones [C]. Presiona [B] para dejar de tocar, o para empezar tu canción de nuevo.",CRITICAL_GAMEPLAY,YES,oot.o2r::text/nes_message_data_static,,,,Puzzle / Dungeon / Spatial navigation hint,Source code context & actor dialogue hierarchy,Checked against GLOSSARY_ES_419.csv,NONE,PASS,"¡Recibiste la Ocarina de Hada! Este es un recuerdo de Saria. Asigna a [C] y presiona [C] ¡para empezar a tocarla! --- PAGE --- En el submenú de Selección de Items, puedes asignarla a [R], [L] o [Z], y luego usar [C] para empezar a tocarla. --- PAGE --- Puedes tocar diferentes notas con [A] y los cuatro botones [C]. Presiona [B] para dejar de tocar, o para empezar tu canción de nuevo.",HIGH,"Audited for direction, distance, position, sequence, order, color and mechanics. CERTIFIED."
0x004C,MAIN_GAME,"You got a Deku Shield! Switch to the Equipment  Subscreen and select the shield. Press [A] to equip it. --- PAGE --- Press [C-Down] to crouch and defend. If you press [C-Down] while  [C-Left] Targeting, you can move while defending.","¡Obtuviste un Escudo Deku! Cambia al submenú de Equipo y selecciona el escudo. Presiona [A] para equiparlo. --- PAGE --- Presiona [C-Down] para agacharte y defenderte. Si presionas [C-Down] mientras tienes [C-Left] como objetivo, puedes moverte defendiendo.",CRITICAL_GAMEPLAY,YES,oot.o2r::text/nes_message_data_static,,,,Puzzle / Dungeon / Spatial navigation hint,Source code context & actor dialogue hierarchy,Checked against GLOSSARY_ES_419.csv,NONE,PASS,"¡Obtuviste un Escudo Deku! Cambia al submenú de Equipo y selecciona el escudo. Presiona [A] para equiparlo. --- PAGE --- Presiona [C-Down] para agacharte y defenderte. Si presionas [C-Down] mientras tienes [C-Left] como objetivo, puedes moverte defendiendo.",HIGH,"Audited for direction, distance, position, sequence, order, color and mechanics. CERTIFIED."
0x004D,MAIN_GAME,"You got a Hylian Shield! Switch to the Equipment  Subscreen and select this shield, then equip it with [A].","¡Obtuviste un Escudo Hyliano! Cambia al submenú de Equipo y selecciona este escudo, luego equípalo con [A].",CRITICAL_GAMEPLAY,YES,oot.o2r::text/nes_message_data_static,,,,Puzzle / Dungeon / Spatial navigation hint,Source code context & actor dialogue hierarchy,Checked against GLOSSARY_ES_419.csv,NONE,PASS,"¡Obtuviste un Escudo Hyliano! Cambia al submenú de Equipo y selecciona este escudo, luego equípalo con [A].",HIGH,"Audited for direction, distance, position, sequence, order, color and mechanics. CERTIFIED."
0x006D,MAIN_GAME,"Open the chest and...Surprise! If you find a Key inside, you'll  be able to advance. Left or right--try your luck! --- PAGE --- 10 Rupees to play. Do you want  to try it? [CHOICE:2]Yes No","¡Abre el cofre y... sorpresa! Si encuentras una llave dentro, podrás avanzar. ¿Izquierda o derecha? ¡Prueba tu suerte! --- PAGE --- 10 Rupias para jugar. ¿Quieres probarlo? [CHOICE:2]Sí No",CRITICAL_GAMEPLAY,YES,oot.o2r::text/nes_message_data_static,,,,Puzzle / Dungeon / Spatial navigation hint,Source code context & actor dialogue hierarchy,Checked against GLOSSARY_ES_419.csv,NONE,PASS,"¡Abre el cofre y... sorpresa! Si encuentras una llave dentro, podrás avanzar. ¿Izquierda o derecha? ¡Prueba tu suerte! --- PAGE --- 10 Rupias para jugar. ¿Quieres probarlo? [CHOICE:2]Sí No",HIGH,"Audited for direction, distance, position, sequence, order, color and mechanics. CERTIFIED."
0x00D3,MAIN_GAME,You've learned the Sun's Song!,¡Aprendiste la Canción del Sol!,CRITICAL_GAMEPLAY,YES,oot.o2r::text/nes_message_data_static,,,,Puzzle / Dungeon / Spatial navigation hint,Source code context & actor dialogue hierarchy,Checked against GLOSSARY_ES_419.csv,NONE,PASS,¡Aprendiste la Canción del Sol!,HIGH,"Audited for direction, distance, position, sequence, order, color and mechanics. CERTIFIED."
0x00D5,MAIN_GAME,You've learned the Song of Time!,¡Aprendiste la Canción del Tiempo!,CRITICAL_GAMEPLAY,YES,oot.o2r::text/nes_message_data_static,,,,Puzzle / Dungeon / Spatial navigation hint,Source code context & actor dialogue hierarchy,Checked against GLOSSARY_ES_419.csv,NONE,PASS,¡Aprendiste la Canción del Tiempo!,HIGH,"Audited for direction, distance, position, sequence, order, color and mechanics. CERTIFIED."
0x00D6,MAIN_GAME,You've learned the Song of Storms!,¡Aprendiste la Canción de las Tormentas!,CRITICAL_GAMEPLAY,YES,oot.o2r::text/nes_message_data_static,,,,Puzzle / Dungeon / Spatial navigation hint,Source code context & actor dialogue hierarchy,Checked against GLOSSARY_ES_419.csv,NONE,PASS,¡Aprendiste la Canción de las Tormentas!,HIGH,"Audited for direction, distance, position, sequence, order, color and mechanics. CERTIFIED."
0x00D7,MAIN_GAME,Welcome [PLAYER]! I am the Great Fairy of Power! --- PAGE --- I'm going to grant you a sword technique. --- PAGE --- Receive it now!,¡Bienvenido [PLAYER]! ¡Soy la Hada del Poder! --- PAGE --- Voy a otorgarte una técnica de espada. --- PAGE --- ¡Recíbela ahora!,CRITICAL_GAMEPLAY,YES,oot.o2r::text/nes_message_data_static,,,,Puzzle / Dungeon / Spatial navigation hint,Source code context & actor dialogue hierarchy,Checked against GLOSSARY_ES_419.csv,NONE,PASS,¡Bienvenido [PLAYER]! ¡Soy la Hada del Poder! --- PAGE --- Voy a otorgarte una técnica de espada. --- PAGE --- ¡Recíbela ahora!,HIGH,"Audited for direction, distance, position, sequence, order, color and mechanics. CERTIFIED."
0x00D8,MAIN_GAME,Welcome [PLAYER]! I am the Great Fairy of Wisdom! --- PAGE --- I'm going to enhance your magic  power. --- PAGE --- Receive it now!,¡Bienvenido [PLAYER]! ¡Soy la Hada de la Sabiduría! --- PAGE --- Voy a potenciar tu  poder mágico. --- PAGE --- ¡Recíbelo ahora!,CRITICAL_GAMEPLAY,YES,oot.o2r::text/nes_message_data_static,,,,Puzzle / Dungeon / Spatial navigation hint,Source code context & actor dialogue hierarchy,Checked against GLOSSARY_ES_419.csv,NONE,PASS,¡Bienvenido [PLAYER]! ¡Soy la Hada de la Sabiduría! --- PAGE --- Voy a potenciar tu  poder mágico. --- PAGE --- ¡Recíbelo ahora!,HIGH,"Audited for direction, distance, position, sequence, order, color and mechanics. CERTIFIED."
0x00D9,MAIN_GAME,Welcome [PLAYER]! I am the Great Fairy of Courage! --- PAGE --- I'm going to enhance your  defensive power. --- PAGE --- Receive it now!,¡Bienvenido [PLAYER]! ¡Soy la Hada del Valor! --- PAGE --- Voy a potenciar tu  poder defensivo. --- PAGE --- ¡Recíbelo ahora!,CRITICAL_GAMEPLAY,YES,oot.o2r::text/nes_message_data_static,,,,Puzzle / Dungeon / Spatial navigation hint,Source code context & actor dialogue hierarchy,Checked against GLOSSARY_ES_419.csv,NONE,PASS,¡Bienvenido [PLAYER]! ¡Soy la Hada del Valor! --- PAGE --- Voy a potenciar tu  poder defensivo. --- PAGE --- ¡Recíbelo ahora!,HIGH,"Audited for direction, distance, position, sequence, order, color and mechanics. CERTIFIED."
0x00DB,MAIN_GAME,Welcome [PLAYER]! I will soothe your wounds.,¡Bienvenido [PLAYER]! Te aliviaré las heridas.,CRITICAL_GAMEPLAY,YES,oot.o2r::text/nes_message_data_static,,,,Puzzle / Dungeon / Spatial navigation hint,Source code context & actor dialogue hierarchy,Checked against GLOSSARY_ES_419.csv,NONE,PASS,¡Bienvenido [PLAYER]! Te aliviaré las heridas.,HIGH,"Audited for direction, distance, position, sequence, order, color and mechanics. CERTIFIED."
0x00E2,MAIN_GAME,[PLAYER]...? This is Saria. Can you hear me?,[PLAYER]...? Aquí es Saria. ¿Puedes oírme?,CRITICAL_GAMEPLAY,YES,oot.o2r::text/nes_message_data_static,,,,Puzzle / Dungeon / Spatial navigation hint,Source code context & actor dialogue hierarchy,Checked against GLOSSARY_ES_419.csv,NONE,PASS,[PLAYER]...? Aquí es Saria. ¿Puedes oírme?,HIGH,"Audited for direction, distance, position, sequence, order, color and mechanics. CERTIFIED."
0x00EA,MAIN_GAME,Welcome [PLAYER]! I am the Great Fairy of Magic! --- PAGE --- I will give you a magic spell. Please take it.,"¡Bienvenido [PLAYER]! ¡Soy la Hada de la Magia! --- PAGE --- Te daré un hechizo mágico. Por favor, tómalo.",CRITICAL_GAMEPLAY,YES,oot.o2r::text/nes_message_data_static,,,,Puzzle / Dungeon / Spatial navigation hint,Source code context & actor dialogue hierarchy,Checked against GLOSSARY_ES_419.csv,NONE,PASS,"¡Bienvenido [PLAYER]! ¡Soy la Hada de la Magia! --- PAGE --- Te daré un hechizo mágico. Por favor, tómalo.",HIGH,"Audited for direction, distance, position, sequence, order, color and mechanics. CERTIFIED."
0x0101,MAIN_GAME,"Look, look, [PLAYER]! You can see down below this web using [C-Right]!","¡Mira, mira, [PLAYER]! ¡Puedes ver debajo de esta telaraña usando [C-Right]!",CRITICAL_GAMEPLAY,YES,oot.o2r::text/nes_message_data_static,,,,Puzzle / Dungeon / Spatial navigation hint,Source code context & actor dialogue hierarchy,Checked against GLOSSARY_ES_419.csv,Clarified perspective looking down through web,CORRECTED,"¡Mira, mira, [PLAYER]! ¡Puedes ver allá abajo a través de esta telaraña usando [C-Right]!",HIGH,Spatial orientation puzzle clarity
0x0102,MAIN_GAME,"Look at this wall! The vines growing on it give it a rough surface... Maybe you can climb  it, [PLAYER]!","¡Mira esta pared! Las enredaderas que crecen en ella le dan una superficie áspera... ¡Quizás puedas escalarla, [PLAYER]!",CRITICAL_GAMEPLAY,YES,oot.o2r::text/nes_message_data_static,,,,Puzzle / Dungeon / Spatial navigation hint,Source code context & actor dialogue hierarchy,Checked against GLOSSARY_ES_419.csv,NONE,PASS,"¡Mira esta pared! Las enredaderas que crecen en ella le dan una superficie áspera... ¡Quizás puedas escalarla, [PLAYER]!",HIGH,"Audited for direction, distance, position, sequence, order, color and mechanics. CERTIFIED."
0x0106,MAIN_GAME,It looks like that torch was burning not too long ago...,Parece que esa antorcha estaba encendida hace no mucho tiempo...,CRITICAL_GAMEPLAY,YES,oot.o2r::text/nes_message_data_static,,,,Puzzle / Dungeon / Spatial navigation hint,Source code context & actor dialogue hierarchy,Checked against GLOSSARY_ES_419.csv,NONE,PASS,Parece que esa antorcha estaba encendida hace no mucho tiempo...,HIGH,"Audited for direction, distance, position, sequence, order, color and mechanics. CERTIFIED."
0x0108,MAIN_GAME,"Stand next to this block and grab hold of it with [A]. While holding [A], you can push or pull it. --- PAGE --- If you stand next to the block and press [A] while pressing [D-Pad] towards the block, you can climb on top of it. --- PAGE --- Pay attention to what the Action Icon says!","Párate junto a este bloque y agárralo con [A]. Mientras mantengas [A], puedes empujarlo o jalarlo. --- PAGE --- Si te paras junto al bloque y presionas [A] mientras presionas [D-Pad] hacia el bloque, puedes escalar encima de él. --- PAGE --- ¡Presta atención a lo que dice el Icono de Acción!",CRITICAL_GAMEPLAY,YES,oot.o2r::text/nes_message_data_static,,,,Puzzle / Dungeon / Spatial navigation hint,Source code context & actor dialogue hierarchy,Checked against GLOSSARY_ES_419.csv,NONE,PASS,"Párate junto a este bloque y agárralo con [A]. Mientras mantengas [A], puedes empujarlo o jalarlo. --- PAGE --- Si te paras junto al bloque y presionas [A] mientras presionas [D-Pad] hacia el bloque, puedes escalar encima de él. --- PAGE --- ¡Presta atención a lo que dice el Icono de Acción!",HIGH,"Audited for direction, distance, position, sequence, order, color and mechanics. CERTIFIED."
0x0116,MAIN_GAME,"With that switch on, the moving platform goes higher. Now you can quickly reach the second floor!","Con ese interruptor encendido, la plataforma móvil sube más. ¡Ahora puedes llegar rápidamente al segundo piso!",CRITICAL_GAMEPLAY,YES,oot.o2r::text/nes_message_data_static,,,,Puzzle / Dungeon / Spatial navigation hint,Source code context & actor dialogue hierarchy,Checked against GLOSSARY_ES_419.csv,NONE,PASS,"Con ese interruptor encendido, la plataforma móvil sube más. ¡Ahora puedes llegar rápidamente al segundo piso!",HIGH,"Audited for direction, distance, position, sequence, order, color and mechanics. CERTIFIED."
0x011F,MAIN_GAME,"[PLAYER], what are you  looking at?","[PLAYER], ¿qué estás mirando?",CRITICAL_GAMEPLAY,YES,oot.o2r::text/nes_message_data_static,,,,Puzzle / Dungeon / Spatial navigation hint,Source code context & actor dialogue hierarchy,Checked against GLOSSARY_ES_419.csv,NONE,PASS,"[PLAYER], ¿qué estás mirando?",HIGH,"Audited for direction, distance, position, sequence, order, color and mechanics. CERTIFIED."
0x012F,MAIN_GAME,"Watch out, [PLAYER]! Electricity is running through this green slimy thing!","¡Cuidado, [PLAYER]! ¡Hay electricidad pasando por esta cosa verde y babosa!",CRITICAL_GAMEPLAY,YES,oot.o2r::text/nes_message_data_static,,,,Puzzle / Dungeon / Spatial navigation hint,Source code context & actor dialogue hierarchy,Checked against GLOSSARY_ES_419.csv,NONE,PASS,"¡Cuidado, [PLAYER]! ¡Hay electricidad pasando por esta cosa verde y babosa!",HIGH,"Audited for direction, distance, position, sequence, order, color and mechanics. CERTIFIED."
0x0131,MAIN_GAME,Watch out [PLAYER]! Electricity is running through this red slimy thing!,"¡Cuidado, [PLAYER]! ¡Hay electricidad pasando por esta cosa roja y babosa!",CRITICAL_GAMEPLAY,YES,oot.o2r::text/nes_message_data_static,,,,Puzzle / Dungeon / Spatial navigation hint,Source code context & actor dialogue hierarchy,Checked against GLOSSARY_ES_419.csv,NONE,PASS,"¡Cuidado, [PLAYER]! ¡Hay electricidad pasando por esta cosa roja y babosa!",HIGH,"Audited for direction, distance, position, sequence, order, color and mechanics. CERTIFIED."
0x0132,MAIN_GAME,Watch out [PLAYER]! Electricity is running through this blue slimy thing!,"¡Cuidado, [PLAYER]! ¡Hay electricidad pasando por esta cosa azul y babosa!",CRITICAL_GAMEPLAY,YES,oot.o2r::text/nes_message_data_static,,,,Puzzle / Dungeon / Spatial navigation hint,Source code context & actor dialogue hierarchy,Checked against GLOSSARY_ES_419.csv,NONE,PASS,"¡Cuidado, [PLAYER]! ¡Hay electricidad pasando por esta cosa azul y babosa!",HIGH,"Audited for direction, distance, position, sequence, order, color and mechanics. CERTIFIED."
0x0133,MAIN_GAME,"This switch... It doesn't look like you can press it down with your weight alone, [PLAYER]...","Este interruptor... No parece que puedas presionarlo solo con tu peso, [PLAYER]...",CRITICAL_GAMEPLAY,YES,oot.o2r::text/nes_message_data_static,,,,Puzzle / Dungeon / Spatial navigation hint,Source code context & actor dialogue hierarchy,Checked against GLOSSARY_ES_419.csv,NONE,PASS,"Este interruptor... No parece que puedas presionarlo solo con tu peso, [PLAYER]...",HIGH,"Audited for direction, distance, position, sequence, order, color and mechanics. CERTIFIED."
0x0139,MAIN_GAME,There's a switch beyond this  wall!,¡Hay un interruptor más allá de esta pared!,CRITICAL_GAMEPLAY,YES,oot.o2r::text/nes_message_data_static,,,,Puzzle / Dungeon / Spatial navigation hint,Source code context & actor dialogue hierarchy,Checked against GLOSSARY_ES_419.csv,NONE,PASS,¡Hay un interruptor más allá de esta pared!,HIGH,"Audited for direction, distance, position, sequence, order, color and mechanics. CERTIFIED."
0x0157,MAIN_GAME,Have you ever played the  Nocturne of Shadow that Sheik taught you?,¿Alguna vez has tocado el Nocturno de la Sombra que Sheik te enseñó?,CRITICAL_GAMEPLAY,YES,oot.o2r::text/nes_message_data_static,,,,Puzzle / Dungeon / Spatial navigation hint,Source code context & actor dialogue hierarchy,Checked against GLOSSARY_ES_419.csv,NONE,PASS,¿Alguna vez has tocado el Nocturno de la Sombra que Sheik te enseñó?,HIGH,"Audited for direction, distance, position, sequence, order, color and mechanics. CERTIFIED."
0x015F,MAIN_GAME,[PLAYER]... Try to keep moving!!,[PLAYER]... ¡Trata de seguir moviéndote!!,CRITICAL_GAMEPLAY,YES,oot.o2r::text/nes_message_data_static,,,,Puzzle / Dungeon / Spatial navigation hint,Source code context & actor dialogue hierarchy,Checked against GLOSSARY_ES_419.csv,NONE,PASS,[PLAYER]... ¡Trata de seguir moviéndote!!,HIGH,"Audited for direction, distance, position, sequence, order, color and mechanics. CERTIFIED."
0x0160,MAIN_GAME,"I don't mind talking to you  using the Ocarina's magic, but I'd really like to talk to you face-to-face!","No me importa hablarte usando la magia de la Ocarina, pero me encantaría hablar contigo cara a cara!",CRITICAL_GAMEPLAY,YES,oot.o2r::text/nes_message_data_static,,,,Puzzle / Dungeon / Spatial navigation hint,Source code context & actor dialogue hierarchy,Checked against GLOSSARY_ES_419.csv,NONE,PASS,"No me importa hablarte usando la magia de la Ocarina, pero me encantaría hablar contigo cara a cara!",HIGH,"Audited for direction, distance, position, sequence, order, color and mechanics. CERTIFIED."
0x0162,MAIN_GAME,"I was so happy to hear that Mr. Darunia loved my song so much! --- PAGE --- I was even happier to find out that it helped you on your quest, [PLAYER]! Tee hee hee!","¡Me alegró tanto saber que al Sr. Darunia le encantó mi canción! --- PAGE --- ¡Me alegró aún más saber que ¡te ayudó en tu misión, [PLAYER]! ¡Jajajaja!",CRITICAL_GAMEPLAY,YES,oot.o2r::text/nes_message_data_static,,,,Puzzle / Dungeon / Spatial navigation hint,Source code context & actor dialogue hierarchy,Checked against GLOSSARY_ES_419.csv,NONE,PASS,"¡Me alegró tanto saber que al Sr. Darunia le encantó mi canción! --- PAGE --- ¡Me alegró aún más saber que ¡te ayudó en tu misión, [PLAYER]! ¡Jajajaja!",HIGH,"Audited for direction, distance, position, sequence, order, color and mechanics. CERTIFIED."
0x0165,MAIN_GAME,"[PLAYER]... I don't know what it is... I have this feeling of dread... --- PAGE --- The Castle... Yes, something bad is happening at the Castle!","[PLAYER]... No sé qué es... Tengo esta sensación de terror... --- PAGE --- El Castillo... Sí, algo malo está pasando en el Castillo!",CRITICAL_GAMEPLAY,YES,oot.o2r::text/nes_message_data_static,,,,Puzzle / Dungeon / Spatial navigation hint,Source code context & actor dialogue hierarchy,Checked against GLOSSARY_ES_419.csv,NONE,PASS,"[PLAYER]... No sé qué es... Tengo esta sensación de terror... --- PAGE --- El Castillo... Sí, algo malo está pasando en el Castillo!",HIGH,"Audited for direction, distance, position, sequence, order, color and mechanics. CERTIFIED."
0x0166,MAIN_GAME,"What? Your ocarina sounds... different somehow...  Have you been practicing a lot, [PLAYER]?","¿Qué? Tu ocarina suena... de algún modo diferente... ¿Has estado practicando mucho, [PLAYER]?",CRITICAL_GAMEPLAY,YES,oot.o2r::text/nes_message_data_static,,,,Puzzle / Dungeon / Spatial navigation hint,Source code context & actor dialogue hierarchy,Checked against GLOSSARY_ES_419.csv,NONE,PASS,"¿Qué? Tu ocarina suena... de algún modo diferente... ¿Has estado practicando mucho, [PLAYER]?",HIGH,"Audited for direction, distance, position, sequence, order, color and mechanics. CERTIFIED."
0x0168,MAIN_GAME,"Where are you, [PLAYER]? Are you looking for a temple? I once heard a mysterious bird  say... --- PAGE --- ""Go, young man. Go to the Desert Goddess with an ocarina."" Do you have any idea what he may have meant by this?","¿Dónde estás, [PLAYER]? ¿Estás buscando un templo? Una vez oí a un pájaro misterioso decir... --- PAGE --- ""Ve, joven. Ve a la Diosa del Desierto con una ocarina."" ¿Tienes alguna idea de qué quizás quiso decir con esto?",CRITICAL_GAMEPLAY,YES,oot.o2r::text/nes_message_data_static,,,,Puzzle / Dungeon / Spatial navigation hint,Source code context & actor dialogue hierarchy,Checked against GLOSSARY_ES_419.csv,NONE,PASS,"¿Dónde estás, [PLAYER]? ¿Estás buscando un templo? Una vez oí a un pájaro misterioso decir... --- PAGE --- ""Ve, joven. Ve a la Diosa del Desierto con una ocarina."" ¿Tienes alguna idea de qué quizás quiso decir con esto?",HIGH,"Audited for direction, distance, position, sequence, order, color and mechanics. CERTIFIED."
0x016A,MAIN_GAME,"Great! You're safe! I knew I would hear from you again! --- PAGE --- I'm in the Forest Temple! The forest spirits were calling for help, so I went to check it out... --- PAGE --- But it's full of evil monsters! Help me, [PLAYER]!","¡Genial! ¡Estás a salvo! ¡Sabía que volvería a tener noticias tuyas! --- PAGE --- ¡Estoy en el Templo del Bosque! ¡Los espíritus del bosque estaban pidiendo ayuda, así que fui a revisar! --- PAGE --- ¡Pero está lleno de monstruos malvados! ¡Ayúdame, [PLAYER]!",CRITICAL_GAMEPLAY,YES,oot.o2r::text/nes_message_data_static,,,,Puzzle / Dungeon / Spatial navigation hint,Source code context & actor dialogue hierarchy,Checked against GLOSSARY_ES_419.csv,NONE,PASS,"¡Genial! ¡Estás a salvo! ¡Sabía que volvería a tener noticias tuyas! --- PAGE --- ¡Estoy en el Templo del Bosque! ¡Los espíritus del bosque estaban pidiendo ayuda, así que fui a revisar! --- PAGE --- ¡Pero está lleno de monstruos malvados! ¡Ayúdame, [PLAYER]!",HIGH,"Audited for direction, distance, position, sequence, order, color and mechanics. CERTIFIED."
0x016B,MAIN_GAME,"[PLAYER]... At first, I didn't want to become  the Sage of the Forest.... --- PAGE --- But I'm glad now. --- PAGE --- Because I am helping you to save Hyrule, [PLAYER]! Yes, I am!","[PLAYER]... Al principio, no quería convertirme en el Sabio del Bosque... --- PAGE --- Pero ahora me alegro. --- PAGE --- Porque te estoy ayudando a salvar Hyrule, [PLAYER]! ¡Sí, así es!",CRITICAL_GAMEPLAY,YES,oot.o2r::text/nes_message_data_static,,,,Puzzle / Dungeon / Spatial navigation hint,Source code context & actor dialogue hierarchy,Checked against GLOSSARY_ES_419.csv,NONE,PASS,"[PLAYER]... Al principio, no quería convertirme en el Sabio del Bosque... --- PAGE --- Pero ahora me alegro. --- PAGE --- Porque te estoy ayudando a salvar Hyrule, [PLAYER]! ¡Sí, así es!",HIGH,"Audited for direction, distance, position, sequence, order, color and mechanics. CERTIFIED."
0x016C,MAIN_GAME,"If all six Sages come together,  we can imprison Ganondorf, the  King of Evil, in the Sacred Realm. --- PAGE --- But, in order to make a perfect seal, we need the seventh  Sage. --- PAGE --- Someone you know must be that Sage, [PLAYER]... --- PAGE --- From now on, you must travel  between past and future to awaken the remaining Sages! --- PAGE --- Keep up the good work, [PLAYER]!","Si los seis Sabios se unen, podemos encarcelar a Ganondorf, el Rey Malvado, en el Reino Sagrado. --- PAGE --- Pero, para hacer un sello perfecto, necesitamos al séptimo Sabio. --- PAGE --- Alguien que conoces debe ser ese Sabio, [PLAYER]... --- PAGE --- ¡De ahora en adelante, debes viajar entre el pasado y el futuro para despertar a los Sabios restantes! --- PAGE --- ¡Sigue con el buen trabajo, [PLAYER]!",CRITICAL_GAMEPLAY,YES,oot.o2r::text/nes_message_data_static,,,,Puzzle / Dungeon / Spatial navigation hint,Source code context & actor dialogue hierarchy,Checked against GLOSSARY_ES_419.csv,NONE,PASS,"Si los seis Sabios se unen, podemos encarcelar a Ganondorf, el Rey Malvado, en el Reino Sagrado. --- PAGE --- Pero, para hacer un sello perfecto, necesitamos al séptimo Sabio. --- PAGE --- Alguien que conoces debe ser ese Sabio, [PLAYER]... --- PAGE --- ¡De ahora en adelante, debes viajar entre el pasado y el futuro para despertar a los Sabios restantes! --- PAGE --- ¡Sigue con el buen trabajo, [PLAYER]!",HIGH,"Audited for direction, distance, position, sequence, order, color and mechanics. CERTIFIED."
0x018C,MAIN_GAME,The fires on the torches are gone. Seems like the ghosts took them  away!,Los fuegos de las antorchas se fueron. Parece que los fantasmas se los llevaron!,CRITICAL_GAMEPLAY,YES,oot.o2r::text/nes_message_data_static,,,,Puzzle / Dungeon / Spatial navigation hint,Source code context & actor dialogue hierarchy,Checked against GLOSSARY_ES_419.csv,NONE,PASS,Los fuegos de las antorchas se fueron. Parece que los fantasmas se los llevaron!,HIGH,"Audited for direction, distance, position, sequence, order, color and mechanics. CERTIFIED."
0x018D,MAIN_GAME,"Look, [PLAYER]! A torch is lit! That's because you beat a ghost, isn't it?!","¡Mira, [PLAYER]! ¡Una antorcha está encendida! Eso es porque derrotaste a un fantasma, ¿no?!",CRITICAL_GAMEPLAY,YES,oot.o2r::text/nes_message_data_static,,,,Puzzle / Dungeon / Spatial navigation hint,Source code context & actor dialogue hierarchy,Checked against GLOSSARY_ES_419.csv,NONE,PASS,"¡Mira, [PLAYER]! ¡Una antorcha está encendida! Eso es porque derrotaste a un fantasma, ¿no?!",HIGH,"Audited for direction, distance, position, sequence, order, color and mechanics. CERTIFIED."
0x0194,MAIN_GAME,"This...this is the same torch we saw at the entrance to the temple, isn't it?","Esto... esta es la misma antorcha que vimos en la entrada al templo, ¿no?",CRITICAL_GAMEPLAY,YES,oot.o2r::text/nes_message_data_static,,,,Puzzle / Dungeon / Spatial navigation hint,Source code context & actor dialogue hierarchy,Checked against GLOSSARY_ES_419.csv,NONE,PASS,"Esto... esta es la misma antorcha que vimos en la entrada al templo, ¿no?",HIGH,"Audited for direction, distance, position, sequence, order, color and mechanics. CERTIFIED."
0x0195,MAIN_GAME,This torch is lit...that means...,Esta antorcha está encendida... eso significa...,CRITICAL_GAMEPLAY,YES,oot.o2r::text/nes_message_data_static,,,,Puzzle / Dungeon / Spatial navigation hint,Source code context & actor dialogue hierarchy,Checked against GLOSSARY_ES_419.csv,NONE,PASS,Esta antorcha está encendida... eso significa...,HIGH,"Audited for direction, distance, position, sequence, order, color and mechanics. CERTIFIED."
0x0197,MAIN_GAME,This switch is frozen!,¡Este interruptor está congelado!,CRITICAL_GAMEPLAY,YES,oot.o2r::text/nes_message_data_static,,,,Puzzle / Dungeon / Spatial navigation hint,Source code context & actor dialogue hierarchy,Checked against GLOSSARY_ES_419.csv,NONE,PASS,¡Este interruptor está congelado!,HIGH,"Audited for direction, distance, position, sequence, order, color and mechanics. CERTIFIED."
0x0198,MAIN_GAME,"[PLAYER], watch out! The ceiling is falling down!","[PLAYER], ¡cuidado! ¡El techo se está cayendo!",CRITICAL_GAMEPLAY,YES,oot.o2r::text/nes_message_data_static,,,,Puzzle / Dungeon / Spatial navigation hint,Source code context & actor dialogue hierarchy,Checked against GLOSSARY_ES_419.csv,NONE,PASS,"[PLAYER], ¡cuidado! ¡El techo se está cayendo!",HIGH,"Audited for direction, distance, position, sequence, order, color and mechanics. CERTIFIED."
0x01A3,MAIN_GAME,"[PLAYER], I hear Goron  voices down below.","[PLAYER], escucho voces de Goron  abajo.",CRITICAL_GAMEPLAY,YES,oot.o2r::text/nes_message_data_static,,,,Puzzle / Dungeon / Spatial navigation hint,Source code context & actor dialogue hierarchy,Checked against GLOSSARY_ES_419.csv,NONE,PASS,"[PLAYER], escucho voces de Goron  abajo.",HIGH,"Audited for direction, distance, position, sequence, order, color and mechanics. CERTIFIED."
0x01A9,MAIN_GAME,This switch looks rusted.,Este interruptor parece oxidado.,CRITICAL_GAMEPLAY,YES,oot.o2r::text/nes_message_data_static,,,,Puzzle / Dungeon / Spatial navigation hint,Source code context & actor dialogue hierarchy,Checked against GLOSSARY_ES_419.csv,NONE,PASS,Este interruptor parece oxidado.,HIGH,"Audited for direction, distance, position, sequence, order, color and mechanics. CERTIFIED."
0x01AB,MAIN_GAME,[PLAYER]! Be careful! Don't get swallowed by the  vortexes!,¡[PLAYER]! ¡Ten cuidado! ¡No te dejes tragar por los  vórtices!,CRITICAL_GAMEPLAY,YES,oot.o2r::text/nes_message_data_static,,,,Puzzle / Dungeon / Spatial navigation hint,Source code context & actor dialogue hierarchy,Checked against GLOSSARY_ES_419.csv,NONE,PASS,¡[PLAYER]! ¡Ten cuidado! ¡No te dejes tragar por los  vórtices!,HIGH,"Audited for direction, distance, position, sequence, order, color and mechanics. CERTIFIED."
0x0202,MAIN_GAME,Strong iron bars are blocking the door. You can't open them with your hands!,Fuertes barras de hierro bloquean la puerta. ¡No puedes abrirlas con tus manos!,CRITICAL_GAMEPLAY,YES,oot.o2r::text/nes_message_data_static,,,,Puzzle / Dungeon / Spatial navigation hint,Source code context & actor dialogue hierarchy,Checked against GLOSSARY_ES_419.csv,NONE,PASS,Fuertes barras de hierro bloquean la puerta. ¡No puedes abrirlas con tus manos!,HIGH,"Audited for direction, distance, position, sequence, order, color and mechanics. CERTIFIED."
0x0205,MAIN_GAME,"Be quiet! --- PAGE --- It's only ! I, Damp the gravekeeper, am in bed now! --- PAGE --- Go away and play! Maybe you can find a ghost in the daytime?","¡Silencio! --- PAGE --- ¡Solo son ! Yo, Dampé, el sepulturero, estoy en la cama ahora. --- PAGE --- ¡Vete a jugar! ¿Puede que encuentres un fantasma de día?",CRITICAL_GAMEPLAY,YES,oot.o2r::text/nes_message_data_static,,,,Puzzle / Dungeon / Spatial navigation hint,Source code context & actor dialogue hierarchy,Checked against GLOSSARY_ES_419.csv,NONE,PASS,"¡Silencio! --- PAGE --- ¡Solo son ! Yo, Dampé, el sepulturero, estoy en la cama ahora. --- PAGE --- ¡Vete a jugar! ¿Puede que encuentres un fantasma de día?",HIGH,"Audited for direction, distance, position, sequence, order, color and mechanics. CERTIFIED."
0x0206,MAIN_GAME,"It's  now. The Gravedigging Tour is over  now! --- PAGE --- I, Damp the gravekeeper, am in bed! --- PAGE --- Go away and play! Maybe you'll find a ghost!","Son las  ahora. ¡La Excavación de Tumbas ya terminó! --- PAGE --- Yo, Dampé, el sepulturero, ¡estoy en la cama! --- PAGE --- ¡Vete a jugar! ¡Puede que encuentres un fantasma!",CRITICAL_GAMEPLAY,YES,oot.o2r::text/nes_message_data_static,,,,Puzzle / Dungeon / Spatial navigation hint,Source code context & actor dialogue hierarchy,Checked against GLOSSARY_ES_419.csv,NONE,PASS,"Son las  ahora. ¡La Excavación de Tumbas ya terminó! --- PAGE --- Yo, Dampé, el sepulturero, ¡estoy en la cama! --- PAGE --- ¡Vete a jugar! ¡Puede que encuentres un fantasma!",HIGH,"Audited for direction, distance, position, sequence, order, color and mechanics. CERTIFIED."
0x0214,MAIN_GAME,Those who wish to open the path sleeping at the bottom of the lake must play the song passed down by the Royal Family.,Aquellos que deseen abrir el camino que duerme al fondo del lago deben tocar la canción transmitida por la Familia Real.,CRITICAL_GAMEPLAY,YES,oot.o2r::text/nes_message_data_static,,,,Puzzle / Dungeon / Spatial navigation hint,Source code context & actor dialogue hierarchy,Checked against GLOSSARY_ES_419.csv,NONE,PASS,Aquellos que deseen abrir el camino que duerme al fondo del lago deben tocar la canción transmitida por la Familia Real.,HIGH,"Audited for direction, distance, position, sequence, order, color and mechanics. CERTIFIED."
0x0215,MAIN_GAME,"Those who wish to open the gate on the far heights, play the song passed down by the Royal Family.","Aquellos que deseen abrir la puerta en las alturas lejanas, toquen la canción transmitida por la Familia Real.",CRITICAL_GAMEPLAY,YES,oot.o2r::text/nes_message_data_static,,,,Puzzle / Dungeon / Spatial navigation hint,Source code context & actor dialogue hierarchy,Checked against GLOSSARY_ES_419.csv,NONE,PASS,"Aquellos que deseen abrir la puerta en las alturas lejanas, toquen la canción transmitida por la Familia Real.",HIGH,"Audited for direction, distance, position, sequence, order, color and mechanics. CERTIFIED."
0x0218,MAIN_GAME,"Hi, [PLAYER]! Look this way! --- PAGE --- Look over here with [C-Left], and talk  to me with [A].","¡Hola, [PLAYER]! ¡Mira hacia acá! --- PAGE --- Mira hacia aquí con [C-Left], y háblame con [A].",CRITICAL_GAMEPLAY,YES,oot.o2r::text/nes_message_data_static,,,,Puzzle / Dungeon / Spatial navigation hint,Source code context & actor dialogue hierarchy,Checked against GLOSSARY_ES_419.csv,NONE,PASS,"¡Hola, [PLAYER]! ¡Mira hacia acá! --- PAGE --- Mira hacia aquí con [C-Left], y háblame con [A].",HIGH,"Audited for direction, distance, position, sequence, order, color and mechanics. CERTIFIED."
0x021D,MAIN_GAME,My little boy isn't here right  now... I think he went to play in the  graveyard...,Mi niño no está aquí ahora mismo... Creo que fue a jugar al cementerio...,CRITICAL_GAMEPLAY,YES,oot.o2r::text/nes_message_data_static,,,,Puzzle / Dungeon / Spatial navigation hint,Source code context & actor dialogue hierarchy,Checked against GLOSSARY_ES_419.csv,NONE,PASS,Mi niño no está aquí ahora mismo... Creo que fue a jugar al cementerio...,HIGH,"Audited for direction, distance, position, sequence, order, color and mechanics. CERTIFIED."
0x021E,MAIN_GAME,"Oh, my boy is asleep right now. Please come back some other time to play with him!","Oh, mi niño está durmiendo ahora. Por favor vuelve en otro momento para jugar con él.",CRITICAL_GAMEPLAY,YES,oot.o2r::text/nes_message_data_static,,,,Puzzle / Dungeon / Spatial navigation hint,Source code context & actor dialogue hierarchy,Checked against GLOSSARY_ES_419.csv,NONE,PASS,"Oh, mi niño está durmiendo ahora. Por favor vuelve en otro momento para jugar con él.",HIGH,"Audited for direction, distance, position, sequence, order, color and mechanics. CERTIFIED."
0x022A,MAIN_GAME,[PLAYER]'s Records! Spiders squished: Largest fish caught:  pounds --- PAGE --- Marathon time:  Horse race time:  Horseback archery:  points,¡Registros de [PLAYER]! Arañas aplastadas: Pescado más grande:  libras --- PAGE --- Tiempo de maratón:  Tiempo de carrera de caballos:  Tiro con arco a caballo:  puntos,CRITICAL_GAMEPLAY,YES,oot.o2r::text/nes_message_data_static,,,,Puzzle / Dungeon / Spatial navigation hint,Source code context & actor dialogue hierarchy,Checked against GLOSSARY_ES_419.csv,NONE,PASS,¡Registros de [PLAYER]! Arañas aplastadas: Pescado más grande:  libras --- PAGE --- Tiempo de maratón:  Tiempo de carrera de caballos:  Tiro con arco a caballo:  puntos,HIGH,"Audited for direction, distance, position, sequence, order, color and mechanics. CERTIFIED."
0x0237,MAIN_GAME,One with silver hands shall move a giant block!,¡Aquel con manos de plata moverá un bloque gigante!,CRITICAL_GAMEPLAY,YES,oot.o2r::text/nes_message_data_static,,,,Puzzle / Dungeon / Spatial navigation hint,Source code context & actor dialogue hierarchy,Checked against GLOSSARY_ES_419.csv,NONE,PASS,¡Aquel con manos de plata moverá un bloque gigante!,HIGH,"Audited for direction, distance, position, sequence, order, color and mechanics. CERTIFIED."
0x031A,MAIN_GAME,Horseback Archery Range Skilled players are welcome! Current record:  Points,Tiro con Arco a Caballo ¡Se aceptan jugadores hábiles! Récord actual:  Puntos,CRITICAL_GAMEPLAY,YES,oot.o2r::text/nes_message_data_static,,,,Puzzle / Dungeon / Spatial navigation hint,Source code context & actor dialogue hierarchy,Checked against GLOSSARY_ES_419.csv,NONE,PASS,Tiro con Arco a Caballo ¡Se aceptan jugadores hábiles! Récord actual:  Puntos,HIGH,"Audited for direction, distance, position, sequence, order, color and mechanics. CERTIFIED."
0x031F,MAIN_GAME,[PLAYER]'s House,Casa de [PLAYER],CRITICAL_GAMEPLAY,YES,oot.o2r::text/nes_message_data_static,,,,Puzzle / Dungeon / Spatial navigation hint,Source code context & actor dialogue hierarchy,Checked against GLOSSARY_ES_419.csv,NONE,PASS,Casa de [PLAYER],HIGH,"Audited for direction, distance, position, sequence, order, color and mechanics. CERTIFIED."
0x0329,MAIN_GAME,Shooting Gallery   20 Rupees for one play There are 10 targets. You have 15 chances. Hit all 10 targets! --- PAGE --- Hit 10 targets -- Perfect Prize Hit 8 or more -- Free Retry Hit less than 8 -- Game Over --- PAGE --- Rules at this Shooting Gallery Don't lean on the counter. Don't disturb other customers.,Galería de Tiro   20 Rupias por una partida Hay 10 objetivos. Tienes 15 oportunidades. ¡Acierta los 10 objetivos! --- PAGE --- Acierta 10 objetivos -- Premio Perfecto Acierta 8 o más -- Reintento Gratis Acierta menos de 8 -- Fin del Juego --- PAGE --- Reglas en esta Galería de Tiro No te apoyes en la barra. No molestes a otros clientes.,CRITICAL_GAMEPLAY,YES,oot.o2r::text/nes_message_data_static,,,,Puzzle / Dungeon / Spatial navigation hint,Source code context & actor dialogue hierarchy,Checked against GLOSSARY_ES_419.csv,NONE,PASS,Galería de Tiro   20 Rupias por una partida Hay 10 objetivos. Tienes 15 oportunidades. ¡Acierta los 10 objetivos! --- PAGE --- Acierta 10 objetivos -- Premio Perfecto Acierta 8 o más -- Reintento Gratis Acierta menos de 8 -- Fin del Juego --- PAGE --- Reglas en esta Galería de Tiro No te apoyes en la barra. No molestes a otros clientes.,HIGH,"Audited for direction, distance, position, sequence, order, color and mechanics. CERTIFIED."
0x0343,MAIN_GAME,"Switch Targeting If you see a [Control Stick] icon above an  object, you can target it with [C-Left]. --- PAGE --- In other words, if you press [C-Left]  when you see [Control Stick] above an object, you can lock on to it. --- PAGE --- If you press [C-Left] again, the lock will either release or it will transfer to the next object with the [Control Stick] above it. --- PAGE --- When you have many enemies in your field of view and you want to escape, press [C-Left] while holding back on [D-Pad] to cancel targeting. --- PAGE --- You can target the stones next to this sign for practice!","Apuntado con Objetivo Si ves un ícono de [Control Stick] sobre un objeto, puedes apuntar con [C-Left]. --- PAGE --- En otras palabras, si presionas [C-Left] cuando veas [Control Stick] sobre un objeto, puedes fijarte en él. --- PAGE --- Si presionas [C-Left] de nuevo, la fijación se soltará o se transferirá al siguiente objeto con [Control Stick] sobre él. --- PAGE --- Cuando tengas muchos enemigos en tu campo de visión y quieras escapar, presiona [C-Left] mientras retrocedes con [D-Pad] para cancelar el apuntado. --- PAGE --- ¡Puedes apuntar a las piedras junto a esta señal para practicar!",CRITICAL_GAMEPLAY,YES,oot.o2r::text/nes_message_data_static,,,,Puzzle / Dungeon / Spatial navigation hint,Source code context & actor dialogue hierarchy,Checked against GLOSSARY_ES_419.csv,NONE,PASS,"Apuntado con Objetivo Si ves un ícono de [Control Stick] sobre un objeto, puedes apuntar con [C-Left]. --- PAGE --- En otras palabras, si presionas [C-Left] cuando veas [Control Stick] sobre un objeto, puedes fijarte en él. --- PAGE --- Si presionas [C-Left] de nuevo, la fijación se soltará o se transferirá al siguiente objeto con [Control Stick] sobre él. --- PAGE --- Cuando tengas muchos enemigos en tu campo de visión y quieras escapar, presiona [C-Left] mientras retrocedes con [D-Pad] para cancelar el apuntado. --- PAGE --- ¡Puedes apuntar a las piedras junto a esta señal para practicar!",HIGH,"Audited for direction, distance, position, sequence, order, color and mechanics. CERTIFIED."
0x0409,MAIN_GAME,"They say that players who select the ""HOLD"" option for ""Z  TARGETING"" are the real ""Zelda players!""","Dicen que los jugadores que seleccionan la opción ""MANTENER"" para ""MODO Z"" son los verdaderos ""jugadores de Zelda!""",CRITICAL_GAMEPLAY,YES,oot.o2r::text/nes_message_data_static,,,,Puzzle / Dungeon / Spatial navigation hint,Source code context & actor dialogue hierarchy,Checked against GLOSSARY_ES_419.csv,NONE,PASS,"Dicen que los jugadores que seleccionan la opción ""MANTENER"" para ""MODO Z"" son los verdaderos ""jugadores de Zelda!""",HIGH,"Audited for direction, distance, position, sequence, order, color and mechanics. CERTIFIED."
0x041B,MAIN_GAME,They say that there is a switch  that you can activate only by using the Spin Attack.,Dicen que es posible encontrar un interruptor que solo puedes activar usando el Ataque Giratorio.,CRITICAL_GAMEPLAY,YES,oot.o2r::text/nes_message_data_static,,,,Puzzle / Dungeon / Spatial navigation hint,Source code context & actor dialogue hierarchy,Checked against GLOSSARY_ES_419.csv,NONE,PASS,Dicen que es posible encontrar un interruptor que solo puedes activar usando el Ataque Giratorio.,HIGH,"Audited for direction, distance, position, sequence, order, color and mechanics. CERTIFIED."
0x0623,MAIN_GAME,"Torch Slug When the fire on its back is extinguished, it will run away. Destroy it before it relights!","Torch Slug Cuando se apague el fuego en su espalda, saldrá corriendo. ¡Destruyelo antes de que se reencienda!",CRITICAL_GAMEPLAY,YES,oot.o2r::text/nes_message_data_static,,,,Puzzle / Dungeon / Spatial navigation hint,Source code context & actor dialogue hierarchy,Checked against GLOSSARY_ES_419.csv,NONE,PASS,"Torch Slug Cuando se apague el fuego en su espalda, saldrá corriendo. ¡Destruyelo antes de que se reencienda!",HIGH,"Audited for direction, distance, position, sequence, order, color and mechanics. CERTIFIED."
0x0626,MAIN_GAME,Dark [PLAYER] Conquer yourself!,Dark [PLAYER] ¡Conquista tu ser!,CRITICAL_GAMEPLAY,YES,oot.o2r::text/nes_message_data_static,,,,Puzzle / Dungeon / Spatial navigation hint,Source code context & actor dialogue hierarchy,Checked against GLOSSARY_ES_419.csv,NONE,PASS,Dark [PLAYER] ¡Conquista tu ser!,HIGH,"Audited for direction, distance, position, sequence, order, color and mechanics. CERTIFIED."
0x086D,MAIN_GAME,Play using [A] and [C].,Toca usando [A] y [C].,CRITICAL_GAMEPLAY,YES,oot.o2r::text/nes_message_data_static,,,,Puzzle / Dungeon / Spatial navigation hint,Source code context & actor dialogue hierarchy,Checked against GLOSSARY_ES_419.csv,NONE,PASS,Toca usando [A] y [C].,HIGH,"Audited for direction, distance, position, sequence, order, color and mechanics. CERTIFIED."
0x086E,MAIN_GAME,Play using [A] and [C]; [B] to Stop.,Toca usando [A] y [C]; [B] para Detener.,CRITICAL_GAMEPLAY,YES,oot.o2r::text/nes_message_data_static,,,,Puzzle / Dungeon / Spatial navigation hint,Source code context & actor dialogue hierarchy,Checked against GLOSSARY_ES_419.csv,NONE,PASS,Toca usando [A] y [C]; [B] para Detener.,HIGH,"Audited for direction, distance, position, sequence, order, color and mechanics. CERTIFIED."
0x0870,MAIN_GAME,Play the Minuet of Forest!,¡Toca el Minueto del Bosque!,CRITICAL_GAMEPLAY,YES,oot.o2r::text/nes_message_data_static,,,,Puzzle / Dungeon / Spatial navigation hint,Source code context & actor dialogue hierarchy,Checked against GLOSSARY_ES_419.csv,NONE,PASS,¡Toca el Minueto del Bosque!,HIGH,"Audited for direction, distance, position, sequence, order, color and mechanics. CERTIFIED."
0x0871,MAIN_GAME,Play the Bolero of Fire!,¡Toca el Bolero del Fuego!,CRITICAL_GAMEPLAY,YES,oot.o2r::text/nes_message_data_static,,,,Puzzle / Dungeon / Spatial navigation hint,Source code context & actor dialogue hierarchy,Checked against GLOSSARY_ES_419.csv,NONE,PASS,¡Toca el Bolero del Fuego!,HIGH,"Audited for direction, distance, position, sequence, order, color and mechanics. CERTIFIED."
0x0872,MAIN_GAME,Play the Serenade of Water!,¡Toca la Serenata del Agua!,CRITICAL_GAMEPLAY,YES,oot.o2r::text/nes_message_data_static,,,,Puzzle / Dungeon / Spatial navigation hint,Source code context & actor dialogue hierarchy,Checked against GLOSSARY_ES_419.csv,NONE,PASS,¡Toca la Serenata del Agua!,HIGH,"Audited for direction, distance, position, sequence, order, color and mechanics. CERTIFIED."
0x0873,MAIN_GAME,Play the Requiem of Spirit!,¡Toca el Réquiem del Espíritu!,CRITICAL_GAMEPLAY,YES,oot.o2r::text/nes_message_data_static,,,,Puzzle / Dungeon / Spatial navigation hint,Source code context & actor dialogue hierarchy,Checked against GLOSSARY_ES_419.csv,NONE,PASS,¡Toca el Réquiem del Espíritu!,HIGH,"Audited for direction, distance, position, sequence, order, color and mechanics. CERTIFIED."
0x0874,MAIN_GAME,Play the Nocturne of Shadow!,¡Toca el Nocturno de la Sombra!,CRITICAL_GAMEPLAY,YES,oot.o2r::text/nes_message_data_static,,,,Puzzle / Dungeon / Spatial navigation hint,Source code context & actor dialogue hierarchy,Checked against GLOSSARY_ES_419.csv,NONE,PASS,¡Toca el Nocturno de la Sombra!,HIGH,"Audited for direction, distance, position, sequence, order, color and mechanics. CERTIFIED."
0x0875,MAIN_GAME,Play the Prelude of Light!,¡Toca el Preludio de la Luz!,CRITICAL_GAMEPLAY,YES,oot.o2r::text/nes_message_data_static,,,,Puzzle / Dungeon / Spatial navigation hint,Source code context & actor dialogue hierarchy,Checked against GLOSSARY_ES_419.csv,NONE,PASS,¡Toca el Preludio de la Luz!,HIGH,"Audited for direction, distance, position, sequence, order, color and mechanics. CERTIFIED."
0x0879,MAIN_GAME,Keep the Sun's Song in your heart.,Guarda la Canción del Sol en tu corazón.,CRITICAL_GAMEPLAY,YES,oot.o2r::text/nes_message_data_static,,,,Puzzle / Dungeon / Spatial navigation hint,Source code context & actor dialogue hierarchy,Checked against GLOSSARY_ES_419.csv,NONE,PASS,Guarda la Canción del Sol en tu corazón.,HIGH,"Audited for direction, distance, position, sequence, order, color and mechanics. CERTIFIED."
0x087C,MAIN_GAME,Play using [A] and [C]; [B] to Stop.,Toca usando [A] y [C]; [B] para Detener.,CRITICAL_GAMEPLAY,YES,oot.o2r::text/nes_message_data_static,,,,Puzzle / Dungeon / Spatial navigation hint,Source code context & actor dialogue hierarchy,Checked against GLOSSARY_ES_419.csv,NONE,PASS,Toca usando [A] y [C]; [B] para Detener.,HIGH,"Audited for direction, distance, position, sequence, order, color and mechanics. CERTIFIED."
0x0893,MAIN_GAME,You played the Minuet of Forest.,Tocaste el Minueto del Bosque.,CRITICAL_GAMEPLAY,YES,oot.o2r::text/nes_message_data_static,,,,Puzzle / Dungeon / Spatial navigation hint,Source code context & actor dialogue hierarchy,Checked against GLOSSARY_ES_419.csv,NONE,PASS,Tocaste el Minueto del Bosque.,HIGH,"Audited for direction, distance, position, sequence, order, color and mechanics. CERTIFIED."
0x0894,MAIN_GAME,You played the Bolero of Fire.,Tocaste el Bolero del Fuego.,CRITICAL_GAMEPLAY,YES,oot.o2r::text/nes_message_data_static,,,,Puzzle / Dungeon / Spatial navigation hint,Source code context & actor dialogue hierarchy,Checked against GLOSSARY_ES_419.csv,NONE,PASS,Tocaste el Bolero del Fuego.,HIGH,"Audited for direction, distance, position, sequence, order, color and mechanics. CERTIFIED."
0x0895,MAIN_GAME,You played the Serenade of Water.,Tocaste la Serenata del Agua.,CRITICAL_GAMEPLAY,YES,oot.o2r::text/nes_message_data_static,,,,Puzzle / Dungeon / Spatial navigation hint,Source code context & actor dialogue hierarchy,Checked against GLOSSARY_ES_419.csv,NONE,PASS,Tocaste la Serenata del Agua.,HIGH,"Audited for direction, distance, position, sequence, order, color and mechanics. CERTIFIED."
0x0896,MAIN_GAME,You played the Requiem of Spirit.,Tocaste el Réquiem del Espíritu.,CRITICAL_GAMEPLAY,YES,oot.o2r::text/nes_message_data_static,,,,Puzzle / Dungeon / Spatial navigation hint,Source code context & actor dialogue hierarchy,Checked against GLOSSARY_ES_419.csv,NONE,PASS,Tocaste el Réquiem del Espíritu.,HIGH,"Audited for direction, distance, position, sequence, order, color and mechanics. CERTIFIED."
0x0897,MAIN_GAME,Played the Nocturne of Shadow.,Tocaste el Nocturno de la Sombra.,CRITICAL_GAMEPLAY,YES,oot.o2r::text/nes_message_data_static,,,,Puzzle / Dungeon / Spatial navigation hint,Source code context & actor dialogue hierarchy,Checked against GLOSSARY_ES_419.csv,NONE,PASS,Tocaste el Nocturno de la Sombra.,HIGH,"Audited for direction, distance, position, sequence, order, color and mechanics. CERTIFIED."
0x0898,MAIN_GAME,You played the Prelude of Light.,Tocaste el Preludio de la Luz.,CRITICAL_GAMEPLAY,YES,oot.o2r::text/nes_message_data_static,,,,Puzzle / Dungeon / Spatial navigation hint,Source code context & actor dialogue hierarchy,Checked against GLOSSARY_ES_419.csv,NONE,PASS,Tocaste el Preludio de la Luz.,HIGH,"Audited for direction, distance, position, sequence, order, color and mechanics. CERTIFIED."
0x0899,MAIN_GAME,You played Saria's Song.,Tocaste la Canción de Saria.,CRITICAL_GAMEPLAY,YES,oot.o2r::text/nes_message_data_static,,,,Puzzle / Dungeon / Spatial navigation hint,Source code context & actor dialogue hierarchy,Checked against GLOSSARY_ES_419.csv,NONE,PASS,Tocaste la Canción de Saria.,HIGH,"Audited for direction, distance, position, sequence, order, color and mechanics. CERTIFIED."
0x089A,MAIN_GAME,You played Epona's Song.,Tocaste la Canción de Epona.,CRITICAL_GAMEPLAY,YES,oot.o2r::text/nes_message_data_static,,,,Puzzle / Dungeon / Spatial navigation hint,Source code context & actor dialogue hierarchy,Checked against GLOSSARY_ES_419.csv,NONE,PASS,Tocaste la Canción de Epona.,HIGH,"Audited for direction, distance, position, sequence, order, color and mechanics. CERTIFIED."
0x089B,MAIN_GAME,You played Zelda's Lullaby.,Tocaste la Nana de Zelda.,CRITICAL_GAMEPLAY,YES,oot.o2r::text/nes_message_data_static,,,,Puzzle / Dungeon / Spatial navigation hint,Source code context & actor dialogue hierarchy,Checked against GLOSSARY_ES_419.csv,NONE,PASS,Tocaste la Nana de Zelda.,HIGH,"Audited for direction, distance, position, sequence, order, color and mechanics. CERTIFIED."
0x089C,MAIN_GAME,You played the Sun's Song.,Tocaste la Canción del Sol.,CRITICAL_GAMEPLAY,YES,oot.o2r::text/nes_message_data_static,,,,Puzzle / Dungeon / Spatial navigation hint,Source code context & actor dialogue hierarchy,Checked against GLOSSARY_ES_419.csv,NONE,PASS,Tocaste la Canción del Sol.,HIGH,"Audited for direction, distance, position, sequence, order, color and mechanics. CERTIFIED."
0x089D,MAIN_GAME,You played the Song of Time.,Tocaste la Canción del Tiempo.,CRITICAL_GAMEPLAY,YES,oot.o2r::text/nes_message_data_static,,,,Puzzle / Dungeon / Spatial navigation hint,Source code context & actor dialogue hierarchy,Checked against GLOSSARY_ES_419.csv,NONE,PASS,Tocaste la Canción del Tiempo.,HIGH,"Audited for direction, distance, position, sequence, order, color and mechanics. CERTIFIED."
0x089E,MAIN_GAME,You played the Song of Storms.,Tocaste la Canción de las Tormentas.,CRITICAL_GAMEPLAY,YES,oot.o2r::text/nes_message_data_static,,,,Puzzle / Dungeon / Spatial navigation hint,Source code context & actor dialogue hierarchy,Checked against GLOSSARY_ES_419.csv,NONE,PASS,Tocaste la Canción de las Tormentas.,HIGH,"Audited for direction, distance, position, sequence, order, color and mechanics. CERTIFIED."
0x089F,MAIN_GAME,You played the Scarecrow's Song.,Tocaste la Canción del Espantapájaros.,CRITICAL_GAMEPLAY,YES,oot.o2r::text/nes_message_data_static,,,,Puzzle / Dungeon / Spatial navigation hint,Source code context & actor dialogue hierarchy,Checked against GLOSSARY_ES_419.csv,NONE,PASS,Tocaste la Canción del Espantapájaros.,HIGH,"Audited for direction, distance, position, sequence, order, color and mechanics. CERTIFIED."
0x1001,MAIN_GAME,"Yahoo! Hi, [PLAYER]!","¡Hola! ¡Hola, [PLAYER]!",CRITICAL_GAMEPLAY,YES,oot.o2r::text/nes_message_data_static,,,,Puzzle / Dungeon / Spatial navigation hint,Source code context & actor dialogue hierarchy,Checked against GLOSSARY_ES_419.csv,NONE,PASS,"¡Hola! ¡Hola, [PLAYER]!",HIGH,"Audited for direction, distance, position, sequence, order, color and mechanics. CERTIFIED."
0x1002,MAIN_GAME,"Wow! A fairy!! --- PAGE --- Finally, a fairy came to you, [PLAYER]!","¡Wow! ¡Un hada!! --- PAGE --- ¡Por fin un hada vino a ti, [PLAYER]!",CRITICAL_GAMEPLAY,YES,oot.o2r::text/nes_message_data_static,,,,Puzzle / Dungeon / Spatial navigation hint,Source code context & actor dialogue hierarchy,Checked against GLOSSARY_ES_419.csv,NONE,PASS,"¡Wow! ¡Un hada!! --- PAGE --- ¡Por fin un hada vino a ti, [PLAYER]!",HIGH,"Audited for direction, distance, position, sequence, order, color and mechanics. CERTIFIED."
0x1005,MAIN_GAME,"Oh, you have a fairy now?! That's great, [PLAYER]! --- PAGE --- What? --- PAGE --- You've been called by the Great Deku Tree? What an honor! --- PAGE --- He may give you a special gift! Tee hee! --- PAGE --- That's because the Great Deku  Tree is our father, the forest guardian, and he gave life to all  of us Kokiri!","¿Ah, ya tienes un hada?! ¡Qué bien, [PLAYER]! --- PAGE --- ¿Qué? --- PAGE --- ¿El Gran Árbol Deku te llamó? ¡Qué honor! --- PAGE --- ¡Quizá te dé un regalo especial! ¡Je je! --- PAGE --- Es porque el Gran Árbol Deku es nuestro padre, el guardián del bosque, y nos dio vida a todos nosotros, los Kokiri.",CRITICAL_GAMEPLAY,YES,oot.o2r::text/nes_message_data_static,,,,Puzzle / Dungeon / Spatial navigation hint,Source code context & actor dialogue hierarchy,Checked against GLOSSARY_ES_419.csv,NONE,PASS,"¿Ah, ya tienes un hada?! ¡Qué bien, [PLAYER]! --- PAGE --- ¿Qué? --- PAGE --- ¿El Gran Árbol Deku te llamó? ¡Qué honor! --- PAGE --- ¡Quizá te dé un regalo especial! ¡Je je! --- PAGE --- Es porque el Gran Árbol Deku es nuestro padre, el guardián del bosque, y nos dio vida a todos nosotros, los Kokiri.",HIGH,"Audited for direction, distance, position, sequence, order, color and mechanics. CERTIFIED."
0x100F,MAIN_GAME,"Wow! That's great news! I'm so happy for you! --- PAGE --- Now you're a true Kokiri, [PLAYER]!","¡Wow! ¡Qué buenas noticias! ¡Estoy tan feliz por ti! --- PAGE --- ¡Ahora eres un verdadero Kokiri, [PLAYER]!",CRITICAL_GAMEPLAY,YES,oot.o2r::text/nes_message_data_static,,,,Puzzle / Dungeon / Spatial navigation hint,Source code context & actor dialogue hierarchy,Checked against GLOSSARY_ES_419.csv,NONE,PASS,"¡Wow! ¡Qué buenas noticias! ¡Estoy tan feliz por ti! --- PAGE --- ¡Ahora eres un verdadero Kokiri, [PLAYER]!",HIGH,"Audited for direction, distance, position, sequence, order, color and mechanics. CERTIFIED."
0x1013,MAIN_GAME,I want you to have this Ocarina... Please take good care of it.,Quiero que tengas esta Ocarina... Por favor cuídala bien.,CRITICAL_GAMEPLAY,YES,oot.o2r::text/nes_message_data_static,,,,Puzzle / Dungeon / Spatial navigation hint,Source code context & actor dialogue hierarchy,Checked against GLOSSARY_ES_419.csv,NONE,PASS,Quiero que tengas esta Ocarina... Por favor cuídala bien.,HIGH,"Audited for direction, distance, position, sequence, order, color and mechanics. CERTIFIED."
0x1014,MAIN_GAME,"When you play my Ocarina, I hope you will think of me and come back to the forest to visit.","Cuando toques mi Ocarina, espero que pienses en mí y vuelvas al bosque a visitarme.",CRITICAL_GAMEPLAY,YES,oot.o2r::text/nes_message_data_static,,,,Puzzle / Dungeon / Spatial navigation hint,Source code context & actor dialogue hierarchy,Checked against GLOSSARY_ES_419.csv,NONE,PASS,"Cuando toques mi Ocarina, espero que pienses en mí y vuelvas al bosque a visitarme.",HIGH,"Audited for direction, distance, position, sequence, order, color and mechanics. CERTIFIED."
0x1015,MAIN_GAME,"Oh... Navi... Thou hast returned... --- PAGE --- [PLAYER]... Welcome... --- PAGE --- Listen carefully to what I, the Deku Tree, am about to tell thee... --- PAGE --- Thy slumber these past moons  must have been restless, and full of nightmares... --- PAGE --- As the servants of evil gain strength, a vile climate pervades the land and causes nightmares to those sensitive to it... --- PAGE --- Verily, thou hast felt it... --- PAGE --- [PLAYER]...  The time has come to test thy courage...","Oh... Navi... Has regresado... --- PAGE --- [PLAYER]... Bienvenido... --- PAGE --- Escucha con atención lo que yo, el Árbol Deku, estoy a punto de decirte... --- PAGE --- Tu sueño en estas lunas pasadas debe haber sido inquieto y lleno de pesadillas... --- PAGE --- Mientras los sirvientes del mal ganan fuerza, un clima vil impregna la tierra y causa pesadillas a aquellos sensibles a ello... --- PAGE --- En verdad, lo has sentido... --- PAGE --- [PLAYER]... Ha llegado el momento de probar tu coraje...",CRITICAL_GAMEPLAY,YES,oot.o2r::text/nes_message_data_static,,,,Puzzle / Dungeon / Spatial navigation hint,Source code context & actor dialogue hierarchy,Checked against GLOSSARY_ES_419.csv,NONE,PASS,"Oh... Navi... Has regresado... --- PAGE --- [PLAYER]... Bienvenido... --- PAGE --- Escucha con atención lo que yo, el Árbol Deku, estoy a punto de decirte... --- PAGE --- Tu sueño en estas lunas pasadas debe haber sido inquieto y lleno de pesadillas... --- PAGE --- Mientras los sirvientes del mal ganan fuerza, un clima vil impregna la tierra y causa pesadillas a aquellos sensibles a ello... --- PAGE --- En verdad, lo has sentido... --- PAGE --- [PLAYER]... Ha llegado el momento de probar tu coraje...",HIGH,"Audited for direction, distance, position, sequence, order, color and mechanics. CERTIFIED."
0x1017,MAIN_GAME,"Then enter, brave  [PLAYER], and thou too,  Navi... --- PAGE --- Navi the fairy...   Thou must aid [PLAYER]... --- PAGE --- And [PLAYER]...When Navi  speaks, use [C-Right] to listen well  to her words of wisdom...","Entonces entra, valiente [PLAYER], y tú también, Navi... --- PAGE --- Navi el hada... Debes ayudar a [PLAYER]... --- PAGE --- Y [PLAYER]... Cuando Navi hable, usa [C-Right] para escuchar bien sus sabias palabras...",CRITICAL_GAMEPLAY,YES,oot.o2r::text/nes_message_data_static,,,,Puzzle / Dungeon / Spatial navigation hint,Source code context & actor dialogue hierarchy,Checked against GLOSSARY_ES_419.csv,NONE,PASS,"Entonces entra, valiente [PLAYER], y tú también, Navi... --- PAGE --- Navi el hada... Debes ayudar a [PLAYER]... --- PAGE --- Y [PLAYER]... Cuando Navi hable, usa [C-Right] para escuchar bien sus sabias palabras...",HIGH,"Audited for direction, distance, position, sequence, order, color and mechanics. CERTIFIED."
0x1024,MAIN_GAME,"Well done, [PLAYER]...","Muy bien, [PLAYER]...",CRITICAL_GAMEPLAY,YES,oot.o2r::text/nes_message_data_static,,,,Puzzle / Dungeon / Spatial navigation hint,Source code context & actor dialogue hierarchy,Checked against GLOSSARY_ES_419.csv,NONE,PASS,"Muy bien, [PLAYER]...",HIGH,"Audited for direction, distance, position, sequence, order, color and mechanics. CERTIFIED."
0x1026,MAIN_GAME,"No, [PLAYER]... Thou must know my time is short...","No, [PLAYER]... Debes saber que mi tiempo es corto...",CRITICAL_GAMEPLAY,YES,oot.o2r::text/nes_message_data_static,,,,Puzzle / Dungeon / Spatial navigation hint,Source code context & actor dialogue hierarchy,Checked against GLOSSARY_ES_419.csv,NONE,PASS,"No, [PLAYER]... Debes saber que mi tiempo es corto...",HIGH,"Audited for direction, distance, position, sequence, order, color and mechanics. CERTIFIED."
0x102A,MAIN_GAME,"The future depends upon thee, [PLAYER]... Thou art courageous... --- PAGE --- Navi the fairy... Help [PLAYER] to carry out  my will... --- PAGE --- I entreat ye... Navi... Good...bye...","El futuro depende de ti, [PLAYER]... Eres valiente... --- PAGE --- Navi el hada... Ayuda a [PLAYER] a cumplir mi voluntad... --- PAGE --- Te lo ruego... Navi... Adiós...",CRITICAL_GAMEPLAY,YES,oot.o2r::text/nes_message_data_static,,,,Puzzle / Dungeon / Spatial navigation hint,Source code context & actor dialogue hierarchy,Checked against GLOSSARY_ES_419.csv,NONE,PASS,"El futuro depende de ti, [PLAYER]... Eres valiente... --- PAGE --- Navi el hada... Ayuda a [PLAYER] a cumplir mi voluntad... --- PAGE --- Te lo ruego... Navi... Adiós...",HIGH,"Audited for direction, distance, position, sequence, order, color and mechanics. CERTIFIED."
0x102B,MAIN_GAME,"Let's go to Hyrule Castle, [PLAYER]!!","Vamos al Castillo de Hyrule, ¡[PLAYER]!",CRITICAL_GAMEPLAY,YES,oot.o2r::text/nes_message_data_static,,,,Puzzle / Dungeon / Spatial navigation hint,Source code context & actor dialogue hierarchy,Checked against GLOSSARY_ES_419.csv,NONE,PASS,"Vamos al Castillo de Hyrule, ¡[PLAYER]!",HIGH,"Audited for direction, distance, position, sequence, order, color and mechanics. CERTIFIED."
0x102E,MAIN_GAME,Do you want to play some more?  [CHOICE:2]Yes No,¿Quieres jugar un poco más?  [CHOICE:2]Sí No,CRITICAL_GAMEPLAY,YES,oot.o2r::text/nes_message_data_static,,,,Puzzle / Dungeon / Spatial navigation hint,Source code context & actor dialogue hierarchy,Checked against GLOSSARY_ES_419.csv,NONE,PASS,¿Quieres jugar un poco más?  [CHOICE:2]Sí No,HIGH,"Audited for direction, distance, position, sequence, order, color and mechanics. CERTIFIED."
0x1030,MAIN_GAME,"If you want to pass through here, you should at least equip a sword and shield! --- PAGE --- Sheesh!","Si quieres pasar por aquí, ¡deberías al menos equipar una espada y un escudo! --- PAGE --- ¡Ay!",CRITICAL_GAMEPLAY,YES,oot.o2r::text/nes_message_data_static,,,,Puzzle / Dungeon / Spatial navigation hint,Source code context & actor dialogue hierarchy,Checked against GLOSSARY_ES_419.csv,NONE,PASS,"Si quieres pasar por aquí, ¡deberías al menos equipar una espada y un escudo! --- PAGE --- ¡Ay!",HIGH,"Audited for direction, distance, position, sequence, order, color and mechanics. CERTIFIED."
0x1033,MAIN_GAME,"If you want to see the  Great Deku Tree, you should at  least equip a sword and shield!","Si quieres ver al Gran Árbol Deku, ¡deberías al menos equipar una espada y un escudo!",CRITICAL_GAMEPLAY,YES,oot.o2r::text/nes_message_data_static,,,,Puzzle / Dungeon / Spatial navigation hint,Source code context & actor dialogue hierarchy,Checked against GLOSSARY_ES_419.csv,NONE,PASS,"Si quieres ver al Gran Árbol Deku, ¡deberías al menos equipar una espada y un escudo!",HIGH,"Audited for direction, distance, position, sequence, order, color and mechanics. CERTIFIED."
0x1036,MAIN_GAME,"The three yellow icons in the  upper right are called [C] icons. --- PAGE --- They display the things you can use with the [R], [L] and  [Z] buttons. --- PAGE --- Once you get a [C] Button item,  go into the Select Item Subscreen  and set it to one of the three [C] Buttons.","Los tres iconos amarillos en la parte superior derecha se llaman iconos [C]. --- PAGE --- Muestran las cosas que puedes usar con los botones [R], [L] y [Z]. --- PAGE --- Una vez que obtengas un objeto para el botón [C], ve a la pantalla de selección de objetos y asígnalo a uno de los tres botones [C].",CRITICAL_GAMEPLAY,YES,oot.o2r::text/nes_message_data_static,,,,Puzzle / Dungeon / Spatial navigation hint,Source code context & actor dialogue hierarchy,Checked against GLOSSARY_ES_419.csv,NONE,PASS,"Los tres iconos amarillos en la parte superior derecha se llaman iconos [C]. --- PAGE --- Muestran las cosas que puedes usar con los botones [R], [L] y [Z]. --- PAGE --- Una vez que obtengas un objeto para el botón [C], ve a la pantalla de selección de objetos y asígnalo a uno de los tres botones [C].",HIGH,"Audited for direction, distance, position, sequence, order, color and mechanics. CERTIFIED."
0x1039,MAIN_GAME,"There is a map displayed at the bottom right of the screen. --- PAGE --- The yellow arrow shows your  current position and direction you are facing. The red mark shows where you entered the area from. --- PAGE --- You can turn the map display on and off with the [C-Up]. --- PAGE --- If you want to see the name of a place, press START. --- PAGE --- You'll get into the Subscreens. Select the Map Subscreen. --- PAGE --- On the Map Subscreen, you can  see a map of Hyrule. Did you get all that?","Hay un mapa en la parte inferior derecha de la pantalla. --- PAGE --- La flecha amarilla muestra tu posición actual y la dirección en la que miras. La marca roja muestra desde dónde entraste al área. --- PAGE --- Puedes activar y desactivar la pantalla del mapa con [C-Up]. --- PAGE --- Si quieres ver el nombre de un lugar, presiona START. --- PAGE --- Entrarás a las pantallas secundarias. Selecciona la pantalla del Mapa. --- PAGE --- En la pantalla del Mapa, puedes ver un mapa de Hyrule. ¿Entendiste todo?",CRITICAL_GAMEPLAY,YES,oot.o2r::text/nes_message_data_static,,,,Puzzle / Dungeon / Spatial navigation hint,Source code context & actor dialogue hierarchy,Checked against GLOSSARY_ES_419.csv,NONE,PASS,"Hay un mapa en la parte inferior derecha de la pantalla. --- PAGE --- La flecha amarilla muestra tu posición actual y la dirección en la que miras. La marca roja muestra desde dónde entraste al área. --- PAGE --- Puedes activar y desactivar la pantalla del mapa con [C-Up]. --- PAGE --- Si quieres ver el nombre de un lugar, presiona START. --- PAGE --- Entrarás a las pantallas secundarias. Selecciona la pantalla del Mapa. --- PAGE --- En la pantalla del Mapa, puedes ver un mapa de Hyrule. ¿Entendiste todo?",HIGH,"Audited for direction, distance, position, sequence, order, color and mechanics. CERTIFIED."
0x103A,MAIN_GAME,"There are three kinds of items: Equipment items, [C] Button items and Quest items. --- PAGE --- Equipment items are things like  the sword, shield and clothes  that are effective when you equip them. --- PAGE --- [C] Button items can be set to  [R], [L], and [Z], and used by pressing those buttons. --- PAGE --- Quest items are things you  collect during your adventure. You just carry them around. --- PAGE --- If you want to change equipment or just check on your inventory, press START.  You will get into the Subscreens. --- PAGE --- Switch to one of the four  different Subscreens with [C-Left] or [C-Down] and change or check items as you please. Take a look around! --- PAGE --- When you decide to equip an  Equipment item, press [A]. For [C] Button items, press [R], [L] or [Z]. --- PAGE --- That was a pretty long explanation. Did you understand everything?","Hay tres tipos de objetos: Objetos de Equipo, objetos de botón [C] y objetos de Misión. --- PAGE --- Los Objetos de Equipo son cosas como la espada, el escudo y la ropa que son efectivos cuando te los equipas. --- PAGE --- Los objetos de botón [C] pueden asignarse a [R], [L] y [Z], y usarse presionando esos botones. --- PAGE --- Los objetos de Misión son cosas que recoges durante tu aventura. Solo los cargas contigo. --- PAGE --- Si quieres cambiar el equipo o solo revisar tu inventario, presiona START. Entrarás a las pantallas secundarias. --- PAGE --- Cambia a una de las cuatro diferentes pantallas secundarias con [C-Left] o [C-Down] y cambia o revisa objetos como quieras. ¡Echa un vistazo! --- PAGE --- Cuando decidas equipar un objeto de equipo, presiona [A]. Para objetos de botón [C], presiona [R], [L] o [Z]. --- PAGE --- Eso fue una explicación bastante largas. ¿Entendiste todo?",CRITICAL_GAMEPLAY,YES,oot.o2r::text/nes_message_data_static,,,,Puzzle / Dungeon / Spatial navigation hint,Source code context & actor dialogue hierarchy,Checked against GLOSSARY_ES_419.csv,NONE,PASS,"Hay tres tipos de objetos: Objetos de Equipo, objetos de botón [C] y objetos de Misión. --- PAGE --- Los Objetos de Equipo son cosas como la espada, el escudo y la ropa que son efectivos cuando te los equipas. --- PAGE --- Los objetos de botón [C] pueden asignarse a [R], [L] y [Z], y usarse presionando esos botones. --- PAGE --- Los objetos de Misión son cosas que recoges durante tu aventura. Solo los cargas contigo. --- PAGE --- Si quieres cambiar el equipo o solo revisar tu inventario, presiona START. Entrarás a las pantallas secundarias. --- PAGE --- Cambia a una de las cuatro diferentes pantallas secundarias con [C-Left] o [C-Down] y cambia o revisa objetos como quieras. ¡Echa un vistazo! --- PAGE --- Cuando decidas equipar un objeto de equipo, presiona [A]. Para objetos de botón [C], presiona [R], [L] o [Z]. --- PAGE --- Eso fue una explicación bastante largas. ¿Entendiste todo?",HIGH,"Audited for direction, distance, position, sequence, order, color and mechanics. CERTIFIED."
0x103F,MAIN_GAME,"If you press [C-Right], you can change your view. --- PAGE --- In a place like this, it will switch to a top-down view. Outdoors, in a field for example, it will switch to a first-person perspective. --- PAGE --- Also, when ""Navi"" is displayed in the upper right of your screen,  Navi the fairy wants to talk to you. Use [C-Right] to listen to her!","Si presionas [C-Right], puedes cambiar tu vista. --- PAGE --- En un lugar como este, cambiará a una vista cenital. Afuera, en un campo por ejemplo, cambiará a una perspectiva en primera persona. --- PAGE --- Además, cuando ""Navi"" aparece en la parte superior derecha de tu pantalla, Navi el hada quiere hablar contigo. ¡Usa [C-Right] para escucharla!",CRITICAL_GAMEPLAY,YES,oot.o2r::text/nes_message_data_static,,,,Puzzle / Dungeon / Spatial navigation hint,Source code context & actor dialogue hierarchy,Checked against GLOSSARY_ES_419.csv,NONE,PASS,"Si presionas [C-Right], puedes cambiar tu vista. --- PAGE --- En un lugar como este, cambiará a una vista cenital. Afuera, en un campo por ejemplo, cambiará a una perspectiva en primera persona. --- PAGE --- Además, cuando ""Navi"" aparece en la parte superior derecha de tu pantalla, Navi el hada quiere hablar contigo. ¡Usa [C-Right] para escucharla!",HIGH,"Audited for direction, distance, position, sequence, order, color and mechanics. CERTIFIED."
0x1040,MAIN_GAME,"Well, if you play around with it,  you'll figure it out.","Bueno, si juegas un poco con ello, lo descubrirás.",CRITICAL_GAMEPLAY,YES,oot.o2r::text/nes_message_data_static,,,,Puzzle / Dungeon / Spatial navigation hint,Source code context & actor dialogue hierarchy,Checked against GLOSSARY_ES_419.csv,NONE,PASS,"Bueno, si juegas un poco con ello, lo descubrirás.",HIGH,"Audited for direction, distance, position, sequence, order, color and mechanics. CERTIFIED."
0x1045,MAIN_GAME,"Hey, [PLAYER]! What did you do?! --- PAGE --- The Great Deku Tree...did he... die? --- PAGE --- How could you do a thing like  that?! It's all your fault!!","¡Oye, [PLAYER]! ¿Qué hiciste?! --- PAGE --- El Gran Árbol Deku... ¿murió? --- PAGE --- ¿Cómo pudiste hacer algo así? ¡Es todo tu culpa!",CRITICAL_GAMEPLAY,YES,oot.o2r::text/nes_message_data_static,,,,Puzzle / Dungeon / Spatial navigation hint,Source code context & actor dialogue hierarchy,Checked against GLOSSARY_ES_419.csv,NONE,PASS,"¡Oye, [PLAYER]! ¿Qué hiciste?! --- PAGE --- El Gran Árbol Deku... ¿murió? --- PAGE --- ¿Cómo pudiste hacer algo así? ¡Es todo tu culpa!",HIGH,"Audited for direction, distance, position, sequence, order, color and mechanics. CERTIFIED."
0x1047,MAIN_GAME,"[PLAYER], you're safe!","¡[PLAYER], estás a salvo!",CRITICAL_GAMEPLAY,YES,oot.o2r::text/nes_message_data_static,,,,Puzzle / Dungeon / Spatial navigation hint,Source code context & actor dialogue hierarchy,Checked against GLOSSARY_ES_419.csv,NONE,PASS,"¡[PLAYER], estás a salvo!",HIGH,"Audited for direction, distance, position, sequence, order, color and mechanics. CERTIFIED."
0x1048,MAIN_GAME,Saria and [PLAYER] will be friends forever.,Saria y [PLAYER] serán amigos para siempre.,CRITICAL_GAMEPLAY,YES,oot.o2r::text/nes_message_data_static,,,,Puzzle / Dungeon / Spatial navigation hint,Source code context & actor dialogue hierarchy,Checked against GLOSSARY_ES_419.csv,NONE,PASS,Saria y [PLAYER] serán amigos para siempre.,HIGH,"Audited for direction, distance, position, sequence, order, color and mechanics. CERTIFIED."
0x104B,MAIN_GAME,"[PLAYER], are you going to go away?","[PLAYER], ¿te vas a ir?",CRITICAL_GAMEPLAY,YES,oot.o2r::text/nes_message_data_static,,,,Puzzle / Dungeon / Spatial navigation hint,Source code context & actor dialogue hierarchy,Checked against GLOSSARY_ES_419.csv,NONE,PASS,"[PLAYER], ¿te vas a ir?",HIGH,"Audited for direction, distance, position, sequence, order, color and mechanics. CERTIFIED."
0x1058,MAIN_GAME,"Have you been travelling around much, mister? Have you ever met a boy named  [PLAYER]? --- PAGE --- Mido said that the Great Deku  Tree withered because that boy did something wrong to it... --- PAGE --- Only Saria defended  [PLAYER]--until she left.","¿Has viajado mucho, señor? ¿Alguna vez conociste a un chico llamado [PLAYER]? --- PAGE --- Mido dijo que el Gran Árbol Deku se marchitó porque ese chico le hizo algo malo... --- PAGE --- Solo Saria defendió a [PLAYER]--hasta que se fue.",CRITICAL_GAMEPLAY,YES,oot.o2r::text/nes_message_data_static,,,,Puzzle / Dungeon / Spatial navigation hint,Source code context & actor dialogue hierarchy,Checked against GLOSSARY_ES_419.csv,NONE,PASS,"¿Has viajado mucho, señor? ¿Alguna vez conociste a un chico llamado [PLAYER]? --- PAGE --- Mido dijo que el Gran Árbol Deku se marchitó porque ese chico le hizo algo malo... --- PAGE --- Solo Saria defendió a [PLAYER]--hasta que se fue.",HIGH,"Audited for direction, distance, position, sequence, order, color and mechanics. CERTIFIED."
0x1059,MAIN_GAME,Maybe we misunderstood....,Quizás nos confundimos....,CRITICAL_GAMEPLAY,YES,oot.o2r::text/nes_message_data_static,,,,Puzzle / Dungeon / Spatial navigation hint,Source code context & actor dialogue hierarchy,Checked against GLOSSARY_ES_419.csv,NONE,PASS,Quizás nos confundimos....,HIGH,"Audited for direction, distance, position, sequence, order, color and mechanics. CERTIFIED."
0x105B,MAIN_GAME,"Mister, do you know a boy  named [PLAYER]? --- PAGE --- He left the forest and never came back...","Señor, ¿conoces a un chico llamado [PLAYER]? --- PAGE --- Se fue del bosque y nunca volvió...",CRITICAL_GAMEPLAY,YES,oot.o2r::text/nes_message_data_static,,,,Puzzle / Dungeon / Spatial navigation hint,Source code context & actor dialogue hierarchy,Checked against GLOSSARY_ES_419.csv,NONE,PASS,"Señor, ¿conoces a un chico llamado [PLAYER]? --- PAGE --- Se fue del bosque y nunca volvió...",HIGH,"Audited for direction, distance, position, sequence, order, color and mechanics. CERTIFIED."
0x105C,MAIN_GAME,I wonder if [PLAYER] will  ever return?,Me pregunto si [PLAYER] alguna vez volverá...,CRITICAL_GAMEPLAY,YES,oot.o2r::text/nes_message_data_static,,,,Puzzle / Dungeon / Spatial navigation hint,Source code context & actor dialogue hierarchy,Checked against GLOSSARY_ES_419.csv,NONE,PASS,Me pregunto si [PLAYER] alguna vez volverá...,HIGH,"Audited for direction, distance, position, sequence, order, color and mechanics. CERTIFIED."
0x1066,MAIN_GAME,"You are a Hylian, and were always bound to leave this forest. --- PAGE --- And now... You have learned your own  destiny... So you know what you must do... --- PAGE --- That's right... You must save the land of  Hyrule! --- PAGE --- Now, [PLAYER], break the  curses on all of the Temples, and return peace to Hyrule!!","Eres un Hyliano, y siempre destinado a abandonar este bosque. --- PAGE --- Y ahora... Has aprendido tu propio  destino... Así que sabes lo que debes hacer... --- PAGE --- ¡Así es... Debes salvar la tierra de Hyrule! --- PAGE --- Ahora, [PLAYER], rompe las maldiciones de todos los Templos, ¡y devuelve la paz a Hyrule!",CRITICAL_GAMEPLAY,YES,oot.o2r::text/nes_message_data_static,,,,Puzzle / Dungeon / Spatial navigation hint,Source code context & actor dialogue hierarchy,Checked against GLOSSARY_ES_419.csv,NONE,PASS,"Eres un Hyliano, y siempre destinado a abandonar este bosque. --- PAGE --- Y ahora... Has aprendido tu propio  destino... Así que sabes lo que debes hacer... --- PAGE --- ¡Así es... Debes salvar la tierra de Hyrule! --- PAGE --- Ahora, [PLAYER], rompe las maldiciones de todos los Templos, ¡y devuelve la paz a Hyrule!",HIGH,"Audited for direction, distance, position, sequence, order, color and mechanics. CERTIFIED."
0x1067,MAIN_GAME,That melody?! --- PAGE --- Saria plays that song all the  time! You...Do you know Saria? --- PAGE --- That song... --- PAGE --- Saria taught that song only  to her friends...,¡¿Esa melodía?! --- PAGE --- ¡Saria toca esa canción todo el tiempo! Tú... ¿conoces a Saria? --- PAGE --- Esa canción... --- PAGE --- Saria solo le enseñó esa canción a sus amigos...,CRITICAL_GAMEPLAY,YES,oot.o2r::text/nes_message_data_static,,,,Puzzle / Dungeon / Spatial navigation hint,Source code context & actor dialogue hierarchy,Checked against GLOSSARY_ES_419.csv,NONE,PASS,¡¿Esa melodía?! --- PAGE --- ¡Saria toca esa canción todo el tiempo! Tú... ¿conoces a Saria? --- PAGE --- Esa canción... --- PAGE --- Saria solo le enseñó esa canción a sus amigos...,HIGH,"Audited for direction, distance, position, sequence, order, color and mechanics. CERTIFIED."
0x106C,MAIN_GAME,"The flow of time is always cruel... Its speed seems different for each person, but no one can  change it... --- PAGE --- A thing that doesn't change with time is a memory of younger days... --- PAGE --- In order to come back here again, play the Minuet of Forest.","El flujo del tiempo es siempre cruel... Su velocidad parece diferente para cada persona, pero nadie puede cambiarlo... --- PAGE --- Una cosa que no cambia con el tiempo es el recuerdo de los días jóvenes... --- PAGE --- Para volver aquí de nuevo, toca el Minueto del Bosque.",CRITICAL_GAMEPLAY,YES,oot.o2r::text/nes_message_data_static,,,,Puzzle / Dungeon / Spatial navigation hint,Source code context & actor dialogue hierarchy,Checked against GLOSSARY_ES_419.csv,NONE,PASS,"El flujo del tiempo es siempre cruel... Su velocidad parece diferente para cada persona, pero nadie puede cambiarlo... --- PAGE --- Una cosa que no cambia con el tiempo es el recuerdo de los días jóvenes... --- PAGE --- Para volver aquí de nuevo, toca el Minueto del Bosque.",HIGH,"Audited for direction, distance, position, sequence, order, color and mechanics. CERTIFIED."
0x106D,MAIN_GAME,[PLAYER]... I'll see you again...,[PLAYER]... Nos volveremos a ver...,CRITICAL_GAMEPLAY,YES,oot.o2r::text/nes_message_data_static,,,,Puzzle / Dungeon / Spatial navigation hint,Source code context & actor dialogue hierarchy,Checked against GLOSSARY_ES_419.csv,NONE,PASS,[PLAYER]... Nos volveremos a ver...,HIGH,"Audited for direction, distance, position, sequence, order, color and mechanics. CERTIFIED."
0x1070,MAIN_GAME,"Oh...I see... --- PAGE --- Saria won't ever come back... --- PAGE --- But...I...I made a promise to  Saria... --- PAGE --- If [PLAYER] came back, I  would be sure to tell him that  Saria had been waiting for him... --- PAGE --- Because Saria...really... liked...","Oh... ya veo... --- PAGE --- Saria nunca volverá... --- PAGE --- Pero... yo... le hice una promesa a Saria... --- PAGE --- Si [PLAYER] volvía, yo debía asegurarme de decirle que Saria lo había estado esperando... --- PAGE --- Porque Saria... realmente... mucha...",CRITICAL_GAMEPLAY,YES,oot.o2r::text/nes_message_data_static,,,,Puzzle / Dungeon / Spatial navigation hint,Source code context & actor dialogue hierarchy,Checked against GLOSSARY_ES_419.csv,NONE,PASS,"Oh... ya veo... --- PAGE --- Saria nunca volverá... --- PAGE --- Pero... yo... le hice una promesa a Saria... --- PAGE --- Si [PLAYER] volvía, yo debía asegurarme de decirle que Saria lo había estado esperando... --- PAGE --- Porque Saria... realmente... mucha...",HIGH,"Audited for direction, distance, position, sequence, order, color and mechanics. CERTIFIED."
0x1075,MAIN_GAME,[PLAYER]... I wonder if he  will come back...,[PLAYER]... Me pregunto si volverá...,CRITICAL_GAMEPLAY,YES,oot.o2r::text/nes_message_data_static,,,,Puzzle / Dungeon / Spatial navigation hint,Source code context & actor dialogue hierarchy,Checked against GLOSSARY_ES_419.csv,NONE,PASS,[PLAYER]... Me pregunto si volverá...,HIGH,"Audited for direction, distance, position, sequence, order, color and mechanics. CERTIFIED."
0x107A,MAIN_GAME,"Since a fair wind started to  blow, I'm sure [PLAYER]  will come back!","Desde que empezó a soplar un viento favorable, ¡estoy seguro de que [PLAYER] ¡volverá!",CRITICAL_GAMEPLAY,YES,oot.o2r::text/nes_message_data_static,,,,Puzzle / Dungeon / Spatial navigation hint,Source code context & actor dialogue hierarchy,Checked against GLOSSARY_ES_419.csv,NONE,PASS,"Desde que empezó a soplar un viento favorable, ¡estoy seguro de que [PLAYER] ¡volverá!",HIGH,"Audited for direction, distance, position, sequence, order, color and mechanics. CERTIFIED."
0x107C,MAIN_GAME,I'm sure [PLAYER] will  return someday!,¡Estoy seguro de que [PLAYER] volverá algún día!,CRITICAL_GAMEPLAY,YES,oot.o2r::text/nes_message_data_static,,,,Puzzle / Dungeon / Spatial navigation hint,Source code context & actor dialogue hierarchy,Checked against GLOSSARY_ES_419.csv,NONE,PASS,¡Estoy seguro de que [PLAYER] volverá algún día!,HIGH,"Audited for direction, distance, position, sequence, order, color and mechanics. CERTIFIED."
0x1093,MAIN_GAME,"[PLAYER]... Go now to Hyrule Castle... --- PAGE --- There, thou will surely meet the Princess of Destiny... --- PAGE --- Take this stone with you. The stone that man wanted so much, that he cast the curse on me...","[PLAYER]... Ve ahora al Castillo de Hyrule... --- PAGE --- Allí, sin duda conocerás a la Princesa del Destino... --- PAGE --- Toma esta piedra contigo. La piedra que ese hombre deseaba tanto, que me echó la maldición...",CRITICAL_GAMEPLAY,YES,oot.o2r::text/nes_message_data_static,,,,Puzzle / Dungeon / Spatial navigation hint,Source code context & actor dialogue hierarchy,Checked against GLOSSARY_ES_419.csv,NONE,PASS,"[PLAYER]... Ve ahora al Castillo de Hyrule... --- PAGE --- Allí, sin duda conocerás a la Princesa del Destino... --- PAGE --- Toma esta piedra contigo. La piedra que ese hombre deseaba tanto, que me echó la maldición...",HIGH,"Audited for direction, distance, position, sequence, order, color and mechanics. CERTIFIED."
0x1094,MAIN_GAME,"I knew... that you would leave the forest... someday, [PLAYER]... --- PAGE --- Because you are different from me and my friends....","Sabía... que abandonarías el bosque... algun día, [PLAYER]... --- PAGE --- Porque eres diferente a mí y a mis amigos...",CRITICAL_GAMEPLAY,YES,oot.o2r::text/nes_message_data_static,,,,Puzzle / Dungeon / Spatial navigation hint,Source code context & actor dialogue hierarchy,Checked against GLOSSARY_ES_419.csv,NONE,PASS,"Sabía... que abandonarías el bosque... algun día, [PLAYER]... --- PAGE --- Porque eres diferente a mí y a mis amigos...",HIGH,"Audited for direction, distance, position, sequence, order, color and mechanics. CERTIFIED."
0x1095,MAIN_GAME,"Hello, [PLAYER]! Wake up! --- PAGE --- The Great Deku Tree wants to talk to you! [PLAYER], get up!","¡Hola, [PLAYER]! ¡Despierta! --- PAGE --- ¡El Gran Árbol Deku quiere hablar contigo! ¡[PLAYER], levántate!",CRITICAL_GAMEPLAY,YES,oot.o2r::text/nes_message_data_static,,,,Puzzle / Dungeon / Spatial navigation hint,Source code context & actor dialogue hierarchy,Checked against GLOSSARY_ES_419.csv,NONE,PASS,"¡Hola, [PLAYER]! ¡Despierta! --- PAGE --- ¡El Gran Árbol Deku quiere hablar contigo! ¡[PLAYER], levántate!",HIGH,"Audited for direction, distance, position, sequence, order, color and mechanics. CERTIFIED."
0x10A8,MAIN_GAME,"I've been waiting for you, [PLAYER]! --- PAGE --- This is the Sacred Forest Meadow. It's my secret place! I feel... --- PAGE --- This place will be very  important for both of us someday. That's what I feel. --- PAGE --- If you play the Ocarina here, you  can talk with the spirits in the  forest.","¡Te estaba esperando, [PLAYER]! --- PAGE --- Este es el Prado del Bosque Sagrado. ¡Es mi lugar secreto! Siento... --- PAGE --- Este lugar será muy importante para ambos algún día. Eso es lo que siento. --- PAGE --- Si tocas la Ocarina aquí, puedes hablar con los espíritus del bosque.",CRITICAL_GAMEPLAY,YES,oot.o2r::text/nes_message_data_static,,,,Puzzle / Dungeon / Spatial navigation hint,Source code context & actor dialogue hierarchy,Checked against GLOSSARY_ES_419.csv,NONE,PASS,"¡Te estaba esperando, [PLAYER]! --- PAGE --- Este es el Prado del Bosque Sagrado. ¡Es mi lugar secreto! Siento... --- PAGE --- Este lugar será muy importante para ambos algún día. Eso es lo que siento. --- PAGE --- Si tocas la Ocarina aquí, puedes hablar con los espíritus del bosque.",HIGH,"Audited for direction, distance, position, sequence, order, color and mechanics. CERTIFIED."
0x10A9,MAIN_GAME,Would you like to play the  Ocarina with me? [CHOICE:2]Yes Don't do it,¿Te gustaría tocar la Ocarina conmigo? [CHOICE:2]Sí No lo hagas,CRITICAL_GAMEPLAY,YES,oot.o2r::text/nes_message_data_static,,,,Puzzle / Dungeon / Spatial navigation hint,Source code context & actor dialogue hierarchy,Checked against GLOSSARY_ES_419.csv,NONE,PASS,¿Te gustaría tocar la Ocarina conmigo? [CHOICE:2]Sí No lo hagas,HIGH,"Audited for direction, distance, position, sequence, order, color and mechanics. CERTIFIED."
0x10AA,MAIN_GAME,"OK, try to follow along with the melody I will play. Are you ready?","Está bien, intenta seguir la melodía que voy a tocar. ¿Estás listo?",CRITICAL_GAMEPLAY,YES,oot.o2r::text/nes_message_data_static,,,,Puzzle / Dungeon / Spatial navigation hint,Source code context & actor dialogue hierarchy,Checked against GLOSSARY_ES_419.csv,NONE,PASS,"Está bien, intenta seguir la melodía que voy a tocar. ¿Estás listo?",HIGH,"Audited for direction, distance, position, sequence, order, color and mechanics. CERTIFIED."
0x10AB,MAIN_GAME,Huh?! How boring! C'mon! Play along!,¿Eh?! ¡Qué aburrido! ¡Vamos! ¡Toca conmigo!,CRITICAL_GAMEPLAY,YES,oot.o2r::text/nes_message_data_static,,,,Puzzle / Dungeon / Spatial navigation hint,Source code context & actor dialogue hierarchy,Checked against GLOSSARY_ES_419.csv,NONE,PASS,¿Eh?! ¡Qué aburrido! ¡Vamos! ¡Toca conmigo!,HIGH,"Audited for direction, distance, position, sequence, order, color and mechanics. CERTIFIED."
0x10AD,MAIN_GAME,"When you want to hear my voice, play Saria's Song. You can talk  with me anytime...","Cuando quieras escuchar mi voz, toca la Canción de Saria. Puedes hablar conmigo cualquier momento...",CRITICAL_GAMEPLAY,YES,oot.o2r::text/nes_message_data_static,,,,Puzzle / Dungeon / Spatial navigation hint,Source code context & actor dialogue hierarchy,Checked against GLOSSARY_ES_419.csv,NONE,PASS,"Cuando quieras escuchar mi voz, toca la Canción de Saria. Puedes hablar conmigo cualquier momento...",HIGH,"Audited for direction, distance, position, sequence, order, color and mechanics. CERTIFIED."
0x10AE,MAIN_GAME,Are you taking good care of  my Ocarina?,¿Estás cuidando bien de mi Ocarina?,CRITICAL_GAMEPLAY,YES,oot.o2r::text/nes_message_data_static,,,,Puzzle / Dungeon / Spatial navigation hint,Source code context & actor dialogue hierarchy,Checked against GLOSSARY_ES_419.csv,NONE,PASS,¿Estás cuidando bien de mi Ocarina?,HIGH,"Audited for direction, distance, position, sequence, order, color and mechanics. CERTIFIED."
0x10BD,MAIN_GAME,Let's play again sometime!,¡Juguemos de nuevo algún día!,CRITICAL_GAMEPLAY,YES,oot.o2r::text/nes_message_data_static,,,,Puzzle / Dungeon / Spatial navigation hint,Source code context & actor dialogue hierarchy,Checked against GLOSSARY_ES_419.csv,NONE,PASS,¡Juguemos de nuevo algún día!,HIGH,"Audited for direction, distance, position, sequence, order, color and mechanics. CERTIFIED."
0x10BE,MAIN_GAME,Follow along with our song on  your Ocarina. We'll lead you  into it.,Acompáñanos con nuestra canción en tu Ocarina. Te guiaremos para que la toques.,CRITICAL_GAMEPLAY,YES,oot.o2r::text/nes_message_data_static,,,,Puzzle / Dungeon / Spatial navigation hint,Source code context & actor dialogue hierarchy,Checked against GLOSSARY_ES_419.csv,NONE,PASS,Acompáñanos con nuestra canción en tu Ocarina. Te guiaremos para que la toques.,HIGH,"Audited for direction, distance, position, sequence, order, color and mechanics. CERTIFIED."
0x10C0,MAIN_GAME,"Hey, over here! Hoo hoo![PLAYER]...Good to see you again! Listen to this! Hoot hoot....","¡Eh, over here! ¡Hoo hoo!¡[PLAYER]...Qué bueno verte otra vez! ¡Escucha esto! ¡Hoot hoot....",CRITICAL_GAMEPLAY,YES,oot.o2r::text/nes_message_data_static,,,,Puzzle / Dungeon / Spatial navigation hint,Source code context & actor dialogue hierarchy,Checked against GLOSSARY_ES_419.csv,NONE,PASS,"¡Eh, over here! ¡Hoo hoo!¡[PLAYER]...Qué bueno verte otra vez! ¡Escucha esto! ¡Hoot hoot....",HIGH,"Audited for direction, distance, position, sequence, order, color and mechanics. CERTIFIED."
0x10C4,MAIN_GAME,Hoo hoo!Did you learn an Ocarina song from Saria? --- PAGE --- That melody seems to have some mysterious power. --- PAGE --- There may be some other  mysterious songs like this that you can learn in Hyrule.,¡Hoo hoo!¿Aprendiste una canción de Ocarina de Saria? --- PAGE --- Esa melodía parece tener un poder misterioso. --- PAGE --- Puede haber otras canciones misteriosas como esta que puedas aprender en Hyrule.,CRITICAL_GAMEPLAY,YES,oot.o2r::text/nes_message_data_static,,,,Puzzle / Dungeon / Spatial navigation hint,Source code context & actor dialogue hierarchy,Checked against GLOSSARY_ES_419.csv,NONE,PASS,¡Hoo hoo!¿Aprendiste una canción de Ocarina de Saria? --- PAGE --- Esa melodía parece tener un poder misterioso. --- PAGE --- Puede haber otras canciones misteriosas como esta que puedas aprender en Hyrule.,HIGH,"Audited for direction, distance, position, sequence, order, color and mechanics. CERTIFIED."
0x10C5,MAIN_GAME,"If you hold the Ocarina with [C] where a melody is necessary, a  musical staff will appear. --- PAGE --- I recommend that you play a song you know. --- PAGE --- I also suggest that you play even when a score is not displayed.  Just like this: Hoo hoo hoo hoot hoot hoot!","Si sostienes la Ocarina con [C] donde se necesita una melodía, aparecerá un pentagrama. --- PAGE --- Te recomiendo que toques una canción que ya conozcas. --- PAGE --- También sugiero que toques aunque no se muestre una partitura.  Así como: ¡Hoo hoo hoo hoot hoot hoot!",CRITICAL_GAMEPLAY,YES,oot.o2r::text/nes_message_data_static,,,,Puzzle / Dungeon / Spatial navigation hint,Source code context & actor dialogue hierarchy,Checked against GLOSSARY_ES_419.csv,NONE,PASS,"Si sostienes la Ocarina con [C] donde se necesita una melodía, aparecerá un pentagrama. --- PAGE --- Te recomiendo que toques una canción que ya conozcas. --- PAGE --- También sugiero que toques aunque no se muestre una partitura.  Así como: ¡Hoo hoo hoo hoot hoot hoot!",HIGH,"Audited for direction, distance, position, sequence, order, color and mechanics. CERTIFIED."
0x2000,MAIN_GAME,"Thank you very much for the  other day... I haven't even asked you your name yet... --- PAGE --- ........ --- PAGE --- Really? [PLAYER]! --- PAGE --- That's what I thought! You're the fairy boy from the forest! That was years ago! Do you remember me? --- PAGE --- You do? I was sure it was you because Epona remembered you! --- PAGE --- Oh, I have to tell you about Mr. Ingo... --- PAGE --- He was afraid that the Evil King might find out that Epona had been taken away...It really upset him! --- PAGE --- But one day, all of a sudden, he went back to being a normal, nice person! --- PAGE --- Now my dad is coming back...I can't believe it, but peace is returning to this ranch! --- PAGE --- It's all because of you! I owe you so much! --- PAGE --- Thank you! Thank you, [PLAYER]!","Muchas gracias por el otro día... Ni siquiera te he dado tu nombre todavía... --- PAGE --- ........ --- PAGE --- ¿De verdad? ¡[PLAYER]! --- PAGE --- ¡Eso pensé! ¡Eres el chico hada del bosque! ¡Eso fue hace años! ¿¿Me recuerdas?? --- PAGE --- ¿¿Sí?? ¡Estaba seguro de que eras tú porque Epona te recordó! --- PAGE --- Oh, tengo que contarte sobre el señor Ingo... --- PAGE --- Tenía miedo de que el Rey Malo se enterara de que Epona habían sido quitada...¡Lo perturbó mucho! --- PAGE --- Pero un día, de repente, volvió a ser una persona normal y agradable. --- PAGE --- Ahora mi padre está volviendo...No lo puedo creer, pero la paz está volviendo a esta rancha. --- PAGE --- ¡Es todo por ti! ¡Te debo mucho! ¡Gracias! ¡Gracias, [PLAYER]!",CRITICAL_GAMEPLAY,YES,oot.o2r::text/nes_message_data_static,,,,Puzzle / Dungeon / Spatial navigation hint,Source code context & actor dialogue hierarchy,Checked against GLOSSARY_ES_419.csv,NONE,PASS,"Muchas gracias por el otro día... Ni siquiera te he dado tu nombre todavía... --- PAGE --- ........ --- PAGE --- ¿De verdad? ¡[PLAYER]! --- PAGE --- ¡Eso pensé! ¡Eres el chico hada del bosque! ¡Eso fue hace años! ¿¿Me recuerdas?? --- PAGE --- ¿¿Sí?? ¡Estaba seguro de que eras tú porque Epona te recordó! --- PAGE --- Oh, tengo que contarte sobre el señor Ingo... --- PAGE --- Tenía miedo de que el Rey Malo se enterara de que Epona habían sido quitada...¡Lo perturbó mucho! --- PAGE --- Pero un día, de repente, volvió a ser una persona normal y agradable. --- PAGE --- Ahora mi padre está volviendo...No lo puedo creer, pero la paz está volviendo a esta rancha. --- PAGE --- ¡Es todo por ti! ¡Te debo mucho! ¡Gracias! ¡Gracias, [PLAYER]!",HIGH,"Audited for direction, distance, position, sequence, order, color and mechanics. CERTIFIED."
0x2001,MAIN_GAME,"How is Epona doing? --- PAGE --- If you play Epona's Song with your Ocarina, she will surely come to you. --- PAGE --- Please come back to the ranch whenever you want to train  Epona!","¿Cómo está Epona? --- PAGE --- Si tocas la Canción de Epona con tu Ocarina, ella seguro vendrá a ti. --- PAGE --- Por favor vuelve a la rancha cuando quieras entrenar a Epona.",CRITICAL_GAMEPLAY,YES,oot.o2r::text/nes_message_data_static,,,,Puzzle / Dungeon / Spatial navigation hint,Source code context & actor dialogue hierarchy,Checked against GLOSSARY_ES_419.csv,NONE,PASS,"¿Cómo está Epona? --- PAGE --- Si tocas la Canción de Epona con tu Ocarina, ella seguro vendrá a ti. --- PAGE --- Por favor vuelve a la rancha cuando quieras entrenar a Epona.",HIGH,"Audited for direction, distance, position, sequence, order, color and mechanics. CERTIFIED."
0x2005,MAIN_GAME,"[PLAYER]...can you hear me? It's me, Zelda...","¿[PLAYER]...puedes escucharme? Soy yo, Zelda...",CRITICAL_GAMEPLAY,YES,oot.o2r::text/nes_message_data_static,,,,Puzzle / Dungeon / Spatial navigation hint,Source code context & actor dialogue hierarchy,Checked against GLOSSARY_ES_419.csv,NONE,PASS,"¿[PLAYER]...puedes escucharme? Soy yo, Zelda...",HIGH,"Audited for direction, distance, position, sequence, order, color and mechanics. CERTIFIED."
0x2008,MAIN_GAME,"[PLAYER], when you hold this Ocarina in your hand...I won't be around anymore...I wanted to wait for you, but I couldn't delay any longer...At least I could leave you the  Ocarina and this melody...","[PLAYER], cuando sostengas esta Ocarina en tu mano...ya no estaré por aquí...Quería esperarte, pero no pude esperar más...Al menos pude dejarte la Ocarina y esta melodía...",CRITICAL_GAMEPLAY,YES,oot.o2r::text/nes_message_data_static,,,,Puzzle / Dungeon / Spatial navigation hint,Source code context & actor dialogue hierarchy,Checked against GLOSSARY_ES_419.csv,NONE,PASS,"[PLAYER], cuando sostengas esta Ocarina en tu mano...ya no estaré por aquí...Quería esperarte, pero no pude esperar más...Al menos pude dejarte la Ocarina y esta melodía...",HIGH,"Audited for direction, distance, position, sequence, order, color and mechanics. CERTIFIED."
0x2009,MAIN_GAME,"Now, [PLAYER]. Play this melody in front of the altar in the Temple of Time. You must protect the Triforce!","Ahora, [PLAYER]. Toca esta melodía frente al altar en el Templo del Tiempo. ¡Debes proteger el Triforce!",CRITICAL_GAMEPLAY,YES,oot.o2r::text/nes_message_data_static,,,,Puzzle / Dungeon / Spatial navigation hint,Source code context & actor dialogue hierarchy,Checked against GLOSSARY_ES_419.csv,NONE,PASS,"Ahora, [PLAYER]. Toca esta melodía frente al altar en el Templo del Tiempo. ¡Debes proteger el Triforce!",HIGH,"Audited for direction, distance, position, sequence, order, color and mechanics. CERTIFIED."
0x2010,MAIN_GAME,"Oh, this is... This is surely Princess Zelda's  handwriting! Well, let's see... Hmmm... OK... --- PAGE --- ""This is [PLAYER]... He is under my orders to save Hyrule."" --- PAGE --- Wah ha ha ha hah! What kind of funny game has our Princess come up with now?! --- PAGE --- OK, OK, all right.  You can go  now... Just be careful, Mr. Hero! Wah hah ha ha hah!","Oh, esto es... ¡Esto es sin duda la letra de la Princesa Zelda! Bueno, veamos... Mmm... OK... --- PAGE --- ""Este es [PLAYER]... Está bajo mis órdenes para salvar a Hyrule."" --- PAGE --- ¡Wah ha ha ha hah! ¿Qué clase de juego gracioso ha inventado nuestra Princesa ahora?! --- PAGE --- OK, OK, está bien. Ya puedes ir ahora... ¡Solo ten cuidado, señor Héroe! ¡Wah hah ha ha hah!",CRITICAL_GAMEPLAY,YES,oot.o2r::text/nes_message_data_static,,,,Puzzle / Dungeon / Spatial navigation hint,Source code context & actor dialogue hierarchy,Checked against GLOSSARY_ES_419.csv,NONE,PASS,"Oh, esto es... ¡Esto es sin duda la letra de la Princesa Zelda! Bueno, veamos... Mmm... OK... --- PAGE --- ""Este es [PLAYER]... Está bajo mis órdenes para salvar a Hyrule."" --- PAGE --- ¡Wah ha ha ha hah! ¿Qué clase de juego gracioso ha inventado nuestra Princesa ahora?! --- PAGE --- OK, OK, está bien. Ya puedes ir ahora... ¡Solo ten cuidado, señor Héroe! ¡Wah hah ha ha hah!",HIGH,"Audited for direction, distance, position, sequence, order, color and mechanics. CERTIFIED."
0x2018,MAIN_GAME,[PLAYER]!?,¿¡[PLAYER]!?,CRITICAL_GAMEPLAY,YES,oot.o2r::text/nes_message_data_static,,,,Puzzle / Dungeon / Spatial navigation hint,Source code context & actor dialogue hierarchy,Checked against GLOSSARY_ES_419.csv,NONE,PASS,¿¡[PLAYER]!?,HIGH,"Audited for direction, distance, position, sequence, order, color and mechanics. CERTIFIED."
0x2025,MAIN_GAME,"Hey! Time's up, young man! You only paid 10 Rupees! You've played around long enough!","¡Oye! ¡Se acabó el tiempo, jovencito! ¡Solo pagaste 10 Rupias! ¡Ya jugaste suficiente!",CRITICAL_GAMEPLAY,YES,oot.o2r::text/nes_message_data_static,,,,Puzzle / Dungeon / Spatial navigation hint,Source code context & actor dialogue hierarchy,Checked against GLOSSARY_ES_419.csv,NONE,PASS,"¡Oye! ¡Se acabó el tiempo, jovencito! ¡Solo pagaste 10 Rupias! ¡Ya jugaste suficiente!",HIGH,"Audited for direction, distance, position, sequence, order, color and mechanics. CERTIFIED."
0x2061,MAIN_GAME,"Oh, cute ocarina! Are you going to play this song with that ocarina?","¡Oh, qué ocarina tan bonita! ¿Vas a tocar esta canción con esa ocarina?",CRITICAL_GAMEPLAY,YES,oot.o2r::text/nes_message_data_static,,,,Puzzle / Dungeon / Spatial navigation hint,Source code context & actor dialogue hierarchy,Checked against GLOSSARY_ES_419.csv,NONE,PASS,"¡Oh, qué ocarina tan bonita! ¿Vas a tocar esta canción con esa ocarina?",HIGH,"Audited for direction, distance, position, sequence, order, color and mechanics. CERTIFIED."
0x2064,MAIN_GAME,"Hoo hoot! [PLAYER]... Look up here!It appears that the time has  finally come for you to start your  adventure! --- PAGE --- You will encounter many hardships ahead... That is your fate. Don't  feel discouraged, even during the toughest times!","¡Hoo hoot! [PLAYER]... ¡Mira hacia arriba! Parece que el momento finalmente ha llegado para que comiences tu aventura! --- PAGE --- Encontrarás muchas dificultades adelante... Ese es tu destino. No te desanimes, ¡ni siquiera en los momentos más difíciles!",CRITICAL_GAMEPLAY,YES,oot.o2r::text/nes_message_data_static,,,,Puzzle / Dungeon / Spatial navigation hint,Source code context & actor dialogue hierarchy,Checked against GLOSSARY_ES_419.csv,NONE,PASS,"¡Hoo hoot! [PLAYER]... ¡Mira hacia arriba! Parece que el momento finalmente ha llegado para que comiences tu aventura! --- PAGE --- Encontrarás muchas dificultades adelante... Ese es tu destino. No te desanimes, ¡ni siquiera en los momentos más difíciles!",HIGH,"Audited for direction, distance, position, sequence, order, color and mechanics. CERTIFIED."
0x2065,MAIN_GAME,"Go straight this way and you will see Hyrule Castle. --- PAGE --- You will meet a princess there... --- PAGE --- If you are lost and don't know  which way to go, look at the  Map. --- PAGE --- The areas you have explored will  be shown on the Map. Press  START to enter the Subscreens and [C-Left] or [C-Down] to find the Map. --- PAGE --- On the Map Subscreen, you will also see a flashing dot showing you which way you should go next.","Sigue derecho por aquí y verás el Castillo de Hyrule. --- PAGE --- Ahí conocerás a una princesa... --- PAGE --- Si te pierdes y no sabes para dónde ir, mira el Mapa. --- PAGE --- Los lugares que hayas explorado se mostrarán en el Mapa. Presiona START para entrar a las Subpantallas y [C-Left] o [C-Down] para encontrar el Mapa. --- PAGE --- En la Subpantalla del Mapa, también verás un punto parpadeante que te muestra para dónde deberías ir luego.",CRITICAL_GAMEPLAY,YES,oot.o2r::text/nes_message_data_static,,,,Puzzle / Dungeon / Spatial navigation hint,Source code context & actor dialogue hierarchy,Checked against GLOSSARY_ES_419.csv,NONE,PASS,"Sigue derecho por aquí y verás el Castillo de Hyrule. --- PAGE --- Ahí conocerás a una princesa... --- PAGE --- Si te pierdes y no sabes para dónde ir, mira el Mapa. --- PAGE --- Los lugares que hayas explorado se mostrarán en el Mapa. Presiona START para entrar a las Subpantallas y [C-Left] o [C-Down] para encontrar el Mapa. --- PAGE --- En la Subpantalla del Mapa, también verás un punto parpadeante que te muestra para dónde deberías ir luego.",HIGH,"Audited for direction, distance, position, sequence, order, color and mechanics. CERTIFIED."
0x2068,MAIN_GAME,"Hey, [PLAYER]! This way!The princess is inside the castle  just ahead. Be careful not to get  caught by the guards! Ho ho ho hoot!","¡Oye, [PLAYER]! ¡Por aquí! La princesa está dentro del castillo justo adelante. ¡Ten cuidado de no ser atrapado por los guardias! ¡Ho ho ho hoot!",CRITICAL_GAMEPLAY,YES,oot.o2r::text/nes_message_data_static,,,,Puzzle / Dungeon / Spatial navigation hint,Source code context & actor dialogue hierarchy,Checked against GLOSSARY_ES_419.csv,NONE,PASS,"¡Oye, [PLAYER]! ¡Por aquí! La princesa está dentro del castillo justo adelante. ¡Ten cuidado de no ser atrapado por los guardias! ¡Ho ho ho hoot!",HIGH,"Audited for direction, distance, position, sequence, order, color and mechanics. CERTIFIED."
0x206C,MAIN_GAME,"Hey, [PLAYER]!  Wait a second, friend! --- PAGE --- Beyond this point you'll find  Kakariko Village. Have you seen  the Princess of Hyrule? If not,  I suggest you go to the castle.","¡Oye, [PLAYER]! ¡Espera un segundo, amigo! --- PAGE --- Más allá de este punto encontrarás el Pueblo Kakariko. ¿Viste a la Princesa de Hyrule? Si no,  te sugiero que vayas al castillo.",CRITICAL_GAMEPLAY,YES,oot.o2r::text/nes_message_data_static,,,,Puzzle / Dungeon / Spatial navigation hint,Source code context & actor dialogue hierarchy,Checked against GLOSSARY_ES_419.csv,NONE,PASS,"¡Oye, [PLAYER]! ¡Espera un segundo, amigo! --- PAGE --- Más allá de este punto encontrarás el Pueblo Kakariko. ¿Viste a la Princesa de Hyrule? Si no,  te sugiero que vayas al castillo.",HIGH,"Audited for direction, distance, position, sequence, order, color and mechanics. CERTIFIED."
0x206D,MAIN_GAME,"Hey, [PLAYER]!  Look over here!Beyond this point you'll find Kakariko Village. Watch your step! Hoot hoo!","¡Oye, [PLAYER]! ¡Mira aquí! Más allá de este punto encontrarás el Pueblo Kakariko. ¡Ten cuidado! ¡Hoot hoo!",CRITICAL_GAMEPLAY,YES,oot.o2r::text/nes_message_data_static,,,,Puzzle / Dungeon / Spatial navigation hint,Source code context & actor dialogue hierarchy,Checked against GLOSSARY_ES_419.csv,NONE,PASS,"¡Oye, [PLAYER]! ¡Mira aquí! Más allá de este punto encontrarás el Pueblo Kakariko. ¡Ten cuidado! ¡Hoot hoo!",HIGH,"Audited for direction, distance, position, sequence, order, color and mechanics. CERTIFIED."
0x206E,MAIN_GAME,"[PLAYER], you're the only one who can complete the quest ahead! You must do your best! Hoo!","[PLAYER], tú eres el único que puede completar la misión que tienes por delante. ¡Debes hacer lo mejor que puedas! ¡Hoo!",CRITICAL_GAMEPLAY,YES,oot.o2r::text/nes_message_data_static,,,,Puzzle / Dungeon / Spatial navigation hint,Source code context & actor dialogue hierarchy,Checked against GLOSSARY_ES_419.csv,NONE,PASS,"[PLAYER], tú eres el único que puede completar la misión que tienes por delante. ¡Debes hacer lo mejor que puedas! ¡Hoo!",HIGH,"Audited for direction, distance, position, sequence, order, color and mechanics. CERTIFIED."
0x206F,MAIN_GAME,"[PLAYER]! Wait up, buddy! Hoo hoo!Head south from here to reach Lake Hylia's full, rich waters. --- PAGE --- If you go west, you'll find  Gerudo Valley. There's a hideout of a gang of thieves on the other side of the valley. --- PAGE --- Well, you're free to go anywhere you want! Ho ho ho...hooo!","¡[PLAYER]! ¡Espera, compa! ¡Hoo hoo! Ve hacia el sur desde aquí para llegar al Lago Hylia con sus aguas abundantes y profundas. --- PAGE --- Si vas al oeste, encontrarás el Valle Gerudo. Hay un escondite de una banda de ladrones al otro lado del valle. --- PAGE --- ¡Bueno, eres libre de ir a donde quieras! ¡Ho ho ho...hooo!",CRITICAL_GAMEPLAY,YES,oot.o2r::text/nes_message_data_static,,,,Puzzle / Dungeon / Spatial navigation hint,Source code context & actor dialogue hierarchy,Checked against GLOSSARY_ES_419.csv,NONE,PASS,"¡[PLAYER]! ¡Espera, compa! ¡Hoo hoo! Ve hacia el sur desde aquí para llegar al Lago Hylia con sus aguas abundantes y profundas. --- PAGE --- Si vas al oeste, encontrarás el Valle Gerudo. Hay un escondite de una banda de ladrones al otro lado del valle. --- PAGE --- ¡Bueno, eres libre de ir a donde quieras! ¡Ho ho ho...hooo!",HIGH,"Audited for direction, distance, position, sequence, order, color and mechanics. CERTIFIED."
0x2071,MAIN_GAME,"Beyond this point lies Lake Hylia. It is full of deep, pure water.The Zoras, who live all the  way upstream, guard the sunken temple at the lake's bottom, as  well as Zora's Fountain. --- PAGE --- If you want to confirm its location  on the map, press START to  switch to the Subscreens and [C-Left]  or [C-Down] to find the Map. --- PAGE --- All the places you have visited  will be shown on the map.  Ho hoo hoot!","Más allá de este punto se encuentra el Lago Hylia. Está lleno de agua pura y profunda.Los Zoras, que viven toda la ribera arriba, guardan el templo sumergido en el fondo del lago, como también la Fuente Zora. --- PAGE --- Si quieres confirmar su ubicación en el mapa, presiona START para cambiar a las Subpantallas y [C-Left]  o [C-Down] para encontrar el Mapa. --- PAGE --- Todos los lugares que hayas visitado se mostrarán en el mapa. ¡Ho hoo hoot!",CRITICAL_GAMEPLAY,YES,oot.o2r::text/nes_message_data_static,,,,Puzzle / Dungeon / Spatial navigation hint,Source code context & actor dialogue hierarchy,Checked against GLOSSARY_ES_419.csv,NONE,PASS,"Más allá de este punto se encuentra el Lago Hylia. Está lleno de agua pura y profunda.Los Zoras, que viven toda la ribera arriba, guardan el templo sumergido en el fondo del lago, como también la Fuente Zora. --- PAGE --- Si quieres confirmar su ubicación en el mapa, presiona START para cambiar a las Subpantallas y [C-Left]  o [C-Down] para encontrar el Mapa. --- PAGE --- Todos los lugares que hayas visitado se mostrarán en el mapa. ¡Ho hoo hoot!",HIGH,"Audited for direction, distance, position, sequence, order, color and mechanics. CERTIFIED."
0x2074,MAIN_GAME,..... --- PAGE --- [PLAYER]... --- PAGE --- Strange...it sounds somehow...  familiar.,..... --- PAGE --- [PLAYER]... --- PAGE --- Extraño... suena de alguna forma... familiar.,CRITICAL_GAMEPLAY,YES,oot.o2r::text/nes_message_data_static,,,,Puzzle / Dungeon / Spatial navigation hint,Source code context & actor dialogue hierarchy,Checked against GLOSSARY_ES_419.csv,NONE,PASS,..... --- PAGE --- [PLAYER]... --- PAGE --- Extraño... suena de alguna forma... familiar.,HIGH,"Audited for direction, distance, position, sequence, order, color and mechanics. CERTIFIED."
0x2075,MAIN_GAME,"OK then, [PLAYER]... --- PAGE --- I'm going to tell you the secret of the Sacred Realm that has been passed down by the Royal Family of Hyrule.","Está bien, entonces, [PLAYER]... --- PAGE --- Voy a contarte el secreto del Reino Sagrado que ha sido transmitido por la Familia Real de Hyrule.",CRITICAL_GAMEPLAY,YES,oot.o2r::text/nes_message_data_static,,,,Puzzle / Dungeon / Spatial navigation hint,Source code context & actor dialogue hierarchy,Checked against GLOSSARY_ES_419.csv,NONE,PASS,"Está bien, entonces, [PLAYER]... --- PAGE --- Voy a contarte el secreto del Reino Sagrado que ha sido transmitido por la Familia Real de Hyrule.",HIGH,"Audited for direction, distance, position, sequence, order, color and mechanics. CERTIFIED."
0x2076,MAIN_GAME,The Ocarina of Time!,¡La Ocarina del Tiempo!,CRITICAL_GAMEPLAY,YES,oot.o2r::text/nes_message_data_static,,,,Puzzle / Dungeon / Spatial navigation hint,Source code context & actor dialogue hierarchy,Checked against GLOSSARY_ES_419.csv,NONE,PASS,¡La Ocarina del Tiempo!,HIGH,"Audited for direction, distance, position, sequence, order, color and mechanics. CERTIFIED."
0x207B,MAIN_GAME,"[PLAYER]...now, we are the  only ones who can protect Hyrule!","[PLAYER]... ahora, somos los únicos que pueden proteger Hyrule.",CRITICAL_GAMEPLAY,YES,oot.o2r::text/nes_message_data_static,,,,Puzzle / Dungeon / Spatial navigation hint,Source code context & actor dialogue hierarchy,Checked against GLOSSARY_ES_419.csv,NONE,PASS,"[PLAYER]... ahora, somos los únicos que pueden proteger Hyrule.",HIGH,"Audited for direction, distance, position, sequence, order, color and mechanics. CERTIFIED."
0x207C,MAIN_GAME,"We must not let Ganondorf get the Triforce! --- PAGE --- I will protect the Ocarina of Time with all my power!  He shall not have it! --- PAGE --- You go find the other two Spiritual Stones! --- PAGE --- Let's get the Triforce before Ganondorf does, and then defeat  him!",¡No debemos dejar que Ganondorf obtenga la Trifuerza! --- PAGE --- ¡Voy a proteger la Ocarina del Tiempo todo mi poder!  ¡No la tendrá! --- PAGE --- ¡Ve a buscar las otras dos Piedras Espirituales! --- PAGE --- ¡Conseguid la Trifuerza antes de Ganondorf y luego derroten al!,CRITICAL_GAMEPLAY,YES,oot.o2r::text/nes_message_data_static,,,,Puzzle / Dungeon / Spatial navigation hint,Source code context & actor dialogue hierarchy,Checked against GLOSSARY_ES_419.csv,NONE,PASS,¡No debemos dejar que Ganondorf obtenga la Trifuerza! --- PAGE --- ¡Voy a proteger la Ocarina del Tiempo todo mi poder!  ¡No la tendrá! --- PAGE --- ¡Ve a buscar las otras dos Piedras Espirituales! --- PAGE --- ¡Conseguid la Trifuerza antes de Ganondorf y luego derroten al!,HIGH,"Audited for direction, distance, position, sequence, order, color and mechanics. CERTIFIED."
0x207E,MAIN_GAME,"Mumble...mumble... Huh? I'm awake already! --- PAGE --- What? --- PAGE --- Well I'll be! If it ain't the forest kid from the other day! By the way, thanks a lot for waking me up! --- PAGE --- It took some doing, but I finally  got Malon back in a good mood. --- PAGE --- So, what are you up to today? Got some free time on your hands you say? Well how about a little game? --- PAGE --- These three Cuccos I have here are special Super Cuccos! --- PAGE --- I'm going to throw these Cuccos into that there gaggle of normal Cuccos. --- PAGE --- If you can pick out these three  special birds from among the normal Cuccos within the time  limit, I'll give you something good. --- PAGE --- If you can't find them, I win. It'll be 10 Rupees... Want to play? [CHOICE:2]Yes No","Mumble...mumble... ¿Eh? ¡Ya estoy despierto! --- PAGE --- ¿Qué? --- PAGE --- ¡Mira quién! ¡Si no es el chico del bosque del otro día! Por cierto, ¡muchas gracias por despertarme! --- PAGE --- Costó trabajo, pero finalmente logré que Malon estuviera de buen humor. --- PAGE --- Entonces, ¿qué vas a hacer hoy? ¿Tienes tiempo libre? Bueno, ¿qué tal un pequeño juego? --- PAGE --- ¡Estos tres Cuccos que tengo aquí son Super Cuccos especiales! --- PAGE --- Voy a lanzar estos Cuccos entre ese grupo de Cuccos normales. --- PAGE --- Si puedes distinguir a estos tres pájaros especiales entre los Cuccos normales dentro del tiempo límite, te daré algo bueno. --- PAGE --- Si no los encuentras, yo gano. Serán 10 Rupias... ¿Quieres jugar? [CHOICE:2]Sí No",CRITICAL_GAMEPLAY,YES,oot.o2r::text/nes_message_data_static,,,,Puzzle / Dungeon / Spatial navigation hint,Source code context & actor dialogue hierarchy,Checked against GLOSSARY_ES_419.csv,NONE,PASS,"Mumble...mumble... ¿Eh? ¡Ya estoy despierto! --- PAGE --- ¿Qué? --- PAGE --- ¡Mira quién! ¡Si no es el chico del bosque del otro día! Por cierto, ¡muchas gracias por despertarme! --- PAGE --- Costó trabajo, pero finalmente logré que Malon estuviera de buen humor. --- PAGE --- Entonces, ¿qué vas a hacer hoy? ¿Tienes tiempo libre? Bueno, ¿qué tal un pequeño juego? --- PAGE --- ¡Estos tres Cuccos que tengo aquí son Super Cuccos especiales! --- PAGE --- Voy a lanzar estos Cuccos entre ese grupo de Cuccos normales. --- PAGE --- Si puedes distinguir a estos tres pájaros especiales entre los Cuccos normales dentro del tiempo límite, te daré algo bueno. --- PAGE --- Si no los encuentras, yo gano. Serán 10 Rupias... ¿Quieres jugar? [CHOICE:2]Sí No",HIGH,"Audited for direction, distance, position, sequence, order, color and mechanics. CERTIFIED."
0x207F,MAIN_GAME,"Mumble...mumble... I'm up! I'm up! --- PAGE --- What? --- PAGE --- Hey, forest kid! Got some free time? Then c'mon and play! --- PAGE --- I'm going to throw these three Super Cuccos into that gaggle of normal Cuccos. --- PAGE --- If you can pick out these three  special birds from among the normal Cuccos within the time  limit, I'll give you something good. --- PAGE --- If you can't find them, I win. It'll be 10 Rupees... Want to play? [CHOICE:2]Yes No","Mumble...mumble... ¡Ya estoy despierto! ¡Ya! --- PAGE --- ¿Qué? --- PAGE --- ¡Oye, chico del bosque! ¿Tienes tiempo libre? ¡Entonces ven a jugar! --- PAGE --- Voy a lanzar estos tres Super Cuccos entre ese grupo de Cuccos normales. --- PAGE --- Si puedes distinguir a estos tres pájaros especiales entre los Cuccos normales dentro del tiempo límite, te daré algo bueno. --- PAGE --- Si no los encuentras, yo gano. Serán 10 Rupias... ¿Quieres jugar? [CHOICE:2]Sí No",CRITICAL_GAMEPLAY,YES,oot.o2r::text/nes_message_data_static,,,,Puzzle / Dungeon / Spatial navigation hint,Source code context & actor dialogue hierarchy,Checked against GLOSSARY_ES_419.csv,NONE,PASS,"Mumble...mumble... ¡Ya estoy despierto! ¡Ya! --- PAGE --- ¿Qué? --- PAGE --- ¡Oye, chico del bosque! ¿Tienes tiempo libre? ¡Entonces ven a jugar! --- PAGE --- Voy a lanzar estos tres Super Cuccos entre ese grupo de Cuccos normales. --- PAGE --- Si puedes distinguir a estos tres pájaros especiales entre los Cuccos normales dentro del tiempo límite, te daré algo bueno. --- PAGE --- Si no los encuentras, yo gano. Serán 10 Rupias... ¿Quieres jugar? [CHOICE:2]Sí No",HIGH,"Audited for direction, distance, position, sequence, order, color and mechanics. CERTIFIED."
0x208B,MAIN_GAME,"Mumble...mumble... I'm awake! --- PAGE --- What? --- PAGE --- Hey, [PLAYER]! If you're lookin' for Malon, she's right outside. Did you  come here to play? --- PAGE --- Well then, how about playing the Super Cucco-findin' game with me? Or, do you want to buy some Lon Lon Milk? --- PAGE --- What'll it be? [CHOICE:3]Lon Lon Milk - 30 Rupees Cucco-findin' game - 10 Rupees Quit","Mumble...mumble... ¡Ya estoy despierto! --- PAGE --- ¿Qué? --- PAGE --- ¡Oye, [PLAYER]! Si buscas a Malon, está justo afuera. ¿Viniste a jugar? --- PAGE --- Entonces, ¿qué tal jugar al juego de buscar los Super Cucco conmigo? O, ¿quieres comprar un poco de Leche Lon Lon? --- PAGE --- ¿Cuál será? [CHOICE:3]Leche Lon Lon - 30 Rupias Juego de buscar Cucco - 10 Rupias Salir",CRITICAL_GAMEPLAY,YES,oot.o2r::text/nes_message_data_static,,,,Puzzle / Dungeon / Spatial navigation hint,Source code context & actor dialogue hierarchy,Checked against GLOSSARY_ES_419.csv,NONE,PASS,"Mumble...mumble... ¡Ya estoy despierto! --- PAGE --- ¿Qué? --- PAGE --- ¡Oye, [PLAYER]! Si buscas a Malon, está justo afuera. ¿Viniste a jugar? --- PAGE --- Entonces, ¿qué tal jugar al juego de buscar los Super Cucco conmigo? O, ¿quieres comprar un poco de Leche Lon Lon? --- PAGE --- ¿Cuál será? [CHOICE:3]Leche Lon Lon - 30 Rupias Juego de buscar Cucco - 10 Rupias Salir",HIGH,"Audited for direction, distance, position, sequence, order, color and mechanics. CERTIFIED."
0x2092,MAIN_GAME,"The current record is 50 seconds. First, try to beat this record! --- PAGE --- If you can beat the record, I'll give you a present! Give it your best shot, OK? --- PAGE --- All right, let's get started!","El récord actual es 50 segundos. Primero, ¡intent superar este récord! --- PAGE --- Si puedes superar el récord, ¡te daré un regalo! ¡Hazlo lo mejor que puedas, está bien! --- PAGE --- ¡Muy bien, empecemos!",CRITICAL_GAMEPLAY,YES,oot.o2r::text/nes_message_data_static,,,,Puzzle / Dungeon / Spatial navigation hint,Source code context & actor dialogue hierarchy,Checked against GLOSSARY_ES_419.csv,NONE,PASS,"El récord actual es 50 segundos. Primero, ¡intent superar este récord! --- PAGE --- Si puedes superar el récord, ¡te daré un regalo! ¡Hazlo lo mejor que puedas, está bien! --- PAGE --- ¡Muy bien, empecemos!",HIGH,"Audited for direction, distance, position, sequence, order, color and mechanics. CERTIFIED."
0x3008,MAIN_GAME,"I am one of the Gorons, the stone-eating people who live on Death Mountain. --- PAGE --- Look at that huge boulder over there! --- PAGE --- It blocks the entrance to the Dodongo's Cavern, which was once a very important place for us Gorons... --- PAGE --- But one day, many Dodongos suddenly appeared inside the  cavern. It became a very  dangerous place! --- PAGE --- On top of that, a Gerudo in black armor used his magic to seal the entrance with that boulder!","Soy uno de los Gorons, la gente que come piedras y vive en Monte Muerte. --- PAGE --- ¡Mira esa enorme roca al lado! --- PAGE --- Bloquea la entrada a la Cueva de Dodongo, que alguna vez fue un lugar muy importante para nosotros, los Gorons... --- PAGE --- Pero un día, muchos Dodongos aparecieron repentinamente dentro de la cueva. ¡Se convirtió en un lugar muy peligroso! --- PAGE --- Además, una Gerudo con armadura negra usó su magia para sellar la entrada con esa roca!",CRITICAL_GAMEPLAY,YES,oot.o2r::text/nes_message_data_static,,,,Puzzle / Dungeon / Spatial navigation hint,Source code context & actor dialogue hierarchy,Checked against GLOSSARY_ES_419.csv,NONE,PASS,"Soy uno de los Gorons, la gente que come piedras y vive en Monte Muerte. --- PAGE --- ¡Mira esa enorme roca al lado! --- PAGE --- Bloquea la entrada a la Cueva de Dodongo, que alguna vez fue un lugar muy importante para nosotros, los Gorons... --- PAGE --- Pero un día, muchos Dodongos aparecieron repentinamente dentro de la cueva. ¡Se convirtió en un lugar muy peligroso! --- PAGE --- Además, una Gerudo con armadura negra usó su magia para sellar la entrada con esa roca!",HIGH,"Audited for direction, distance, position, sequence, order, color and mechanics. CERTIFIED."
0x300A,MAIN_GAME,I'm standing here to shade the Bomb Flowers from the sun. --- PAGE --- Do you have a question for me?  [CHOICE:2]Ask about Bomb Flowers Ask about Dodongo's Cavern,Estoy aquí para dar sombra a las Flores Bomba del sol. --- PAGE --- ¿Tienes alguna pregunta para mí?  [CHOICE:2]Preguntar sobre las Flores Bomba Preguntar sobre la Cueva de Dodongo,CRITICAL_GAMEPLAY,YES,oot.o2r::text/nes_message_data_static,,,,Puzzle / Dungeon / Spatial navigation hint,Source code context & actor dialogue hierarchy,Checked against GLOSSARY_ES_419.csv,NONE,PASS,Estoy aquí para dar sombra a las Flores Bomba del sol. --- PAGE --- ¿Tienes alguna pregunta para mí?  [CHOICE:2]Preguntar sobre las Flores Bomba Preguntar sobre la Cueva de Dodongo,HIGH,"Audited for direction, distance, position, sequence, order, color and mechanics. CERTIFIED."
0x3010,MAIN_GAME,I'm sorry... That Bomb is just for display.  I'm sold out of real ones.,Lo siento... Esa Bomba es solo para exhibición. Se me agotaron las reales.,CRITICAL_GAMEPLAY,YES,oot.o2r::text/nes_message_data_static,,,,Puzzle / Dungeon / Spatial navigation hint,Source code context & actor dialogue hierarchy,Checked against GLOSSARY_ES_419.csv,NONE,PASS,Lo siento... Esa Bomba es solo para exhibición. Se me agotaron las reales.,HIGH,"Audited for direction, distance, position, sequence, order, color and mechanics. CERTIFIED."
0x3016,MAIN_GAME,"Hey! --- PAGE --- It's dangerous for a little kid like you to come out here. You might  fall down! --- PAGE --- If I'm not mistaken, you came out here to eat the red stone! Well, too bad! It's not here! --- PAGE --- What? That's not why you're here? --- PAGE --- You're looking for a ""Spiritual Stone?"" You must mean that  delicious-looking red stone that was once displayed here! --- PAGE --- I was so hungry that I thought it would be OK to just give it one tiny little lick...so I snuck out here. But, it was already gone! --- PAGE --- I think Big Brother took it away. --- PAGE --- He always says that everyone is after that red stone!","¡Oye! --- PAGE --- Es peligroso para un niño pequeño como tú venir hasta aquí. ¡Podrías caerte! --- PAGE --- Si no me equivoco, viniste aquí a comer la piedra roja. ¡Qué pena! ¡No está aquí! --- PAGE --- ¿Qué? ¿Esa no es la razón por la que estás aquí? --- PAGE --- ¿Buscas una ""Piedra Espiritual""? ¡Debe ser esa piedra roja que parecía tan deliciosa y que alguna vez se exhibió aquí! --- PAGE --- Tenía tanta hambre que pensé que estaría bien solo darle una pequeña lamida... así que me escapé hasta aquí. ¡Pero ya no estaba! --- PAGE --- Creo que el Gran Hermano se la llevó. --- PAGE --- ¡Siempre dice que todos quieren esa piedra roja!",CRITICAL_GAMEPLAY,YES,oot.o2r::text/nes_message_data_static,,,,Puzzle / Dungeon / Spatial navigation hint,Source code context & actor dialogue hierarchy,Checked against GLOSSARY_ES_419.csv,NONE,PASS,"¡Oye! --- PAGE --- Es peligroso para un niño pequeño como tú venir hasta aquí. ¡Podrías caerte! --- PAGE --- Si no me equivoco, viniste aquí a comer la piedra roja. ¡Qué pena! ¡No está aquí! --- PAGE --- ¿Qué? ¿Esa no es la razón por la que estás aquí? --- PAGE --- ¿Buscas una ""Piedra Espiritual""? ¡Debe ser esa piedra roja que parecía tan deliciosa y que alguna vez se exhibió aquí! --- PAGE --- Tenía tanta hambre que pensé que estaría bien solo darle una pequeña lamida... así que me escapé hasta aquí. ¡Pero ya no estaba! --- PAGE --- Creo que el Gran Hermano se la llevó. --- PAGE --- ¡Siempre dice que todos quieren esa piedra roja!",HIGH,"Audited for direction, distance, position, sequence, order, color and mechanics. CERTIFIED."
0x301A,MAIN_GAME,"What the heck! Who are you?! --- PAGE --- When I heard the song of the Royal Family, I expected their  messenger had arrived, but... you're just a little kid! --- PAGE --- Has Darunia, the big boss of the Gorons, really lost so much status to be treated like this by his Sworn Brother, the King? --- PAGE --- Now, I'm REALLY angry! Get out of my face, now! --- PAGE --- Are you asking why I'm in such a bad mood right now? --- PAGE --- Ancient creatures have  infested the Dodongo's Cavern! --- PAGE --- We've had a poor harvest of our special crop, Bomb Flowers! --- PAGE --- Starvation and hunger because of the rock shortage! --- PAGE --- But...","¿Qué demonios! ¿Quién eres? --- PAGE --- Cuando escuché la canción de la Familia Real, esperaba que su mensajero hubiera llegado, pero... ¡eres solo un niño pequeño! --- PAGE --- ¿Darunia, el gran jefe de los Gorons, realmente ha perdido mucho estatus para ser tratado así por su Hermano Jurado, el Rey? --- PAGE --- ¡Ahora estoy ENFURECIDO! ¡Lárgate de mi vista, ahora! --- PAGE --- ¿Preguntas por qué estoy de tan mal humor ahora? --- PAGE --- ¡Criaturas antiguas han infestado la Cueva de Dodongo! --- PAGE --- ¡Hemos tenido una mala cosecha de nuestra planta especial, las Flores Bomba! --- PAGE --- ¡Hambruna y hambre por la escasez de piedras! --- PAGE --- Pero...",CRITICAL_GAMEPLAY,YES,oot.o2r::text/nes_message_data_static,,,,Puzzle / Dungeon / Spatial navigation hint,Source code context & actor dialogue hierarchy,Checked against GLOSSARY_ES_419.csv,NONE,PASS,"¿Qué demonios! ¿Quién eres? --- PAGE --- Cuando escuché la canción de la Familia Real, esperaba que su mensajero hubiera llegado, pero... ¡eres solo un niño pequeño! --- PAGE --- ¿Darunia, el gran jefe de los Gorons, realmente ha perdido mucho estatus para ser tratado así por su Hermano Jurado, el Rey? --- PAGE --- ¡Ahora estoy ENFURECIDO! ¡Lárgate de mi vista, ahora! --- PAGE --- ¿Preguntas por qué estoy de tan mal humor ahora? --- PAGE --- ¡Criaturas antiguas han infestado la Cueva de Dodongo! --- PAGE --- ¡Hemos tenido una mala cosecha de nuestra planta especial, las Flores Bomba! --- PAGE --- ¡Hambruna y hambre por la escasez de piedras! --- PAGE --- Pero...",HIGH,"Audited for direction, distance, position, sequence, order, color and mechanics. CERTIFIED."
0x301E,MAIN_GAME,"Hey, Brother, play that tune again sometime soon!","Oye, Hermano, toca esa melodía ¡de nuevo en algún momento!",CRITICAL_GAMEPLAY,YES,oot.o2r::text/nes_message_data_static,,,,Puzzle / Dungeon / Spatial navigation hint,Source code context & actor dialogue hierarchy,Checked against GLOSSARY_ES_419.csv,NONE,PASS,"Oye, Hermano, toca esa melodía ¡de nuevo en algún momento!",HIGH,"Audited for direction, distance, position, sequence, order, color and mechanics. CERTIFIED."
0x302C,MAIN_GAME,"When all the torches on this floor are lit, Goron City is really lively!","¡Cuando todas las antorchas de este piso están encendidas, la Ciudad Goron es muy animada!",CRITICAL_GAMEPLAY,YES,oot.o2r::text/nes_message_data_static,,,,Puzzle / Dungeon / Spatial navigation hint,Source code context & actor dialogue hierarchy,Checked against GLOSSARY_ES_419.csv,NONE,PASS,"¡Cuando todas las antorchas de este piso están encendidas, la Ciudad Goron es muy animada!",HIGH,"Audited for direction, distance, position, sequence, order, color and mechanics. CERTIFIED."
0x3031,MAIN_GAME,"How could you do this to me? You, you're Ganondorf's servant! --- PAGE --- Hear my name and tremble! --- PAGE --- I am [PLAYER]!  Hero of the Gorons!","¿Cómo pudiste hacerme esto? ¡Tú, eres servidor de Ganondorf! --- PAGE --- ¡Escucha mi nombre y tiembla! --- PAGE --- ¡Soy [PLAYER]! ¡Héroe de los Gorons!",CRITICAL_GAMEPLAY,YES,oot.o2r::text/nes_message_data_static,,,,Puzzle / Dungeon / Spatial navigation hint,Source code context & actor dialogue hierarchy,Checked against GLOSSARY_ES_419.csv,NONE,PASS,"¿Cómo pudiste hacerme esto? ¡Tú, eres servidor de Ganondorf! --- PAGE --- ¡Escucha mi nombre y tiembla! --- PAGE --- ¡Soy [PLAYER]! ¡Héroe de los Gorons!",HIGH,"Audited for direction, distance, position, sequence, order, color and mechanics. CERTIFIED."
0x3032,MAIN_GAME,"What? --- PAGE --- Your name is also [PLAYER]? --- PAGE --- Then you must be the legendary Dodongo Buster and Hero,  [PLAYER]! --- PAGE --- My dad is Darunia... Do you remember him? --- PAGE --- Dad named me [PLAYER] after you, because you're so  brave! --- PAGE --- It's a cool name! I really like it! --- PAGE --- [PLAYER], you're a hero to  us Gorons!  I'm so glad to meet you! --- PAGE --- Please give me your autograph! Sign it: ""To my friend,  [PLAYER] of the Gorons"" --- PAGE --- Oh... --- PAGE --- I guess it's not a good time to ask you for this... Please help everyone! --- PAGE --- My dad, Darunia, went to the Fire Temple. A dragon is inside! --- PAGE --- If we don't hurry up, even my dad will be eaten by the dragon!!","¿Qué? --- PAGE --- Tu nombre también es [PLAYER]? --- PAGE --- Entonces debes ser el legendario Matador de Dodongos y Héroe, [PLAYER]! --- PAGE --- Mi papá es Darunia... ¿Lo recuerdas? --- PAGE --- Papá me puso [PLAYER] igual que tú, porque eres tan valiente. --- PAGE --- ¡Es un nombre genial! ¡Me encanta! --- PAGE --- [PLAYER], ¡eres un héroe para nosotros, los Gorons! ¡Qué alegría conocerte! --- PAGE --- ¡Por favor dame tu autógrafo! Fírmalo: ""Para mi amigo, [PLAYER] de los Gorons"" --- PAGE --- Oh... --- PAGE --- Creo que no es buen momento para pedirte esto... ¡Por favor ayuda a todos! --- PAGE --- Mi papá, Darunia, fue al Templo del Fuego. ¡Hay un dragón dentro! --- PAGE --- Si no nos apuramos, ¡incluso mi papá será devorado por el dragón!",CRITICAL_GAMEPLAY,YES,oot.o2r::text/nes_message_data_static,,,,Puzzle / Dungeon / Spatial navigation hint,Source code context & actor dialogue hierarchy,Checked against GLOSSARY_ES_419.csv,NONE,PASS,"¿Qué? --- PAGE --- Tu nombre también es [PLAYER]? --- PAGE --- Entonces debes ser el legendario Matador de Dodongos y Héroe, [PLAYER]! --- PAGE --- Mi papá es Darunia... ¿Lo recuerdas? --- PAGE --- Papá me puso [PLAYER] igual que tú, porque eres tan valiente. --- PAGE --- ¡Es un nombre genial! ¡Me encanta! --- PAGE --- [PLAYER], ¡eres un héroe para nosotros, los Gorons! ¡Qué alegría conocerte! --- PAGE --- ¡Por favor dame tu autógrafo! Fírmalo: ""Para mi amigo, [PLAYER] de los Gorons"" --- PAGE --- Oh... --- PAGE --- Creo que no es buen momento para pedirte esto... ¡Por favor ayuda a todos! --- PAGE --- Mi papá, Darunia, fue al Templo del Fuego. ¡Hay un dragón dentro! --- PAGE --- Si no nos apuramos, ¡incluso mi papá será devorado por el dragón!",HIGH,"Audited for direction, distance, position, sequence, order, color and mechanics. CERTIFIED."
0x3036,MAIN_GAME,"Everybody was taken to the  Fire Temple... --- PAGE --- While my dad was out... Ganondorf's followers came and took them all away! --- PAGE --- All of them will be eaten by Volvagia! --- PAGE --- Dad said that Ganondorf has revived Volvagia... --- PAGE --- As a warning to those who might oppose him, Ganondorf is going to feed them all to Volvagia! --- PAGE --- Dad went to the Fire Temple all by himself to try to save  everyone... --- PAGE --- Please help, [PLAYER]! I'll give you this heat-resistant tunic!","A todos los llevaron al Templo del Fuego... --- PAGE --- Mientras mi papá no estaba... ¡Los seguidores de Ganondorf vinieron y se los llevaron a todos! --- PAGE --- ¡Todos serán devorados por Volvagia! --- PAGE --- Mi papá dijo que Ganondorf ha resucitado a Volvagia... --- PAGE --- Como advertencia para quienes se opongan a él, ¡Ganondorf va a alimentarlos todos a Volvagia! --- PAGE --- Mi papá fue al Templo del Fuego todo solo para intentar salvar a todos... --- PAGE --- ¡Por favor ayuda, [PLAYER]! ¡Te daré esta túnica resistente al calor!",CRITICAL_GAMEPLAY,YES,oot.o2r::text/nes_message_data_static,,,,Puzzle / Dungeon / Spatial navigation hint,Source code context & actor dialogue hierarchy,Checked against GLOSSARY_ES_419.csv,NONE,PASS,"A todos los llevaron al Templo del Fuego... --- PAGE --- Mientras mi papá no estaba... ¡Los seguidores de Ganondorf vinieron y se los llevaron a todos! --- PAGE --- ¡Todos serán devorados por Volvagia! --- PAGE --- Mi papá dijo que Ganondorf ha resucitado a Volvagia... --- PAGE --- Como advertencia para quienes se opongan a él, ¡Ganondorf va a alimentarlos todos a Volvagia! --- PAGE --- Mi papá fue al Templo del Fuego todo solo para intentar salvar a todos... --- PAGE --- ¡Por favor ayuda, [PLAYER]! ¡Te daré esta túnica resistente al calor!",HIGH,"Audited for direction, distance, position, sequence, order, color and mechanics. CERTIFIED."
0x3037,MAIN_GAME,"Dad told me not to let anybody  follow him to the temple, but... --- PAGE --- Only you, [PLAYER], can save everyone! --- PAGE --- I'm sure that the shop owner, who is hiding somewhere right now, will also help you! --- PAGE --- Now, I'll tell you about the secret passage to the Fire Temple!","Mi papá me dijo que no dejara que nadie lo siguiera al templo, pero... --- PAGE --- ¡Solo tú, [PLAYER], puedes salvar a todos! --- PAGE --- ¡Estoy segura de que el dueño de la tienda, que está escondido en algún lugar ahora, también te ayudará! --- PAGE --- Ahora te contaré sobre el paso secreto al Templo del Fuego.",CRITICAL_GAMEPLAY,YES,oot.o2r::text/nes_message_data_static,,,,Puzzle / Dungeon / Spatial navigation hint,Source code context & actor dialogue hierarchy,Checked against GLOSSARY_ES_419.csv,NONE,PASS,"Mi papá me dijo que no dejara que nadie lo siguiera al templo, pero... --- PAGE --- ¡Solo tú, [PLAYER], puedes salvar a todos! --- PAGE --- ¡Estoy segura de que el dueño de la tienda, que está escondido en algún lugar ahora, también te ayudará! --- PAGE --- Ahora te contaré sobre el paso secreto al Templo del Fuego.",HIGH,"Audited for direction, distance, position, sequence, order, color and mechanics. CERTIFIED."
0x3039,MAIN_GAME,"Who's there?  Is that you, [PLAYER]...? --- PAGE --- Oh, it really is [PLAYER]! --- PAGE --- You've grown so big since I last saw you! --- PAGE --- I want to have a man-to-man talk with you, but now's not the time. --- PAGE --- Ganondorf is causing trouble on Death Mountain again! He has revived the evil, ancient dragon Volvagia! --- PAGE --- On top of that, he is going to feed my people to that evil dragon as a warning to other races that might resist him... --- PAGE --- If that fire-breathing dragon escapes from the mountain, all of Hyrule will become a burning wasteland! --- PAGE --- I will go on ahead to try to seal up the evil dragon... --- PAGE --- I'm concerned, though, because I don't have the legendary hammer... But I have no choice. --- PAGE --- [PLAYER]...I'm asking you to do this as my Sworn Brother... --- PAGE --- While I'm trying to deal with the dragon, please save my people! --- PAGE --- The prisoners' cells are in the opposite direction. I'm counting on you,  [PLAYER]!","¿Quién está ahí? ¿Eres tú, [PLAYER]...? --- PAGE --- ¡Oh, sí eres [PLAYER]! --- PAGE --- ¡Has crecido tanto desde la última vez que te vi! --- PAGE --- Quiero tener una charla de hombre a hombre contigo, pero ahora no es el momento. --- PAGE --- ¡Ganondorf está causando problemas en Monte Muerte de nuevo! ¡Ha resucitado al malvado, antiguo dragón Volvagia! --- PAGE --- Además, va a alimentar a mi pueblo con ese dragón malvado como advertencia para otras razas que se resistan a él... --- PAGE --- Si ese dragón escup fuego escapa de la montaña, ¡toda Hyrule se convertirá en un páramo en llamas! --- PAGE --- Iré por delante para intentar sellar al dragón malvado... --- PAGE --- Me preocupa, sin embargo, porque no tengo el legendario martillo... Pero no tengo otra opción. --- PAGE --- [PLAYER]... te pido que hagas esto como mi Hermano Jurado... --- PAGE --- Mientras intento lidiar con el dragón, ¡por favor salva a mi pueblo! --- PAGE --- Las celdas de los prisioneros están en la dirección opuesta. ¡Cuento contigo, [PLAYER]!",CRITICAL_GAMEPLAY,YES,oot.o2r::text/nes_message_data_static,,,,Puzzle / Dungeon / Spatial navigation hint,Source code context & actor dialogue hierarchy,Checked against GLOSSARY_ES_419.csv,NONE,PASS,"¿Quién está ahí? ¿Eres tú, [PLAYER]...? --- PAGE --- ¡Oh, sí eres [PLAYER]! --- PAGE --- ¡Has crecido tanto desde la última vez que te vi! --- PAGE --- Quiero tener una charla de hombre a hombre contigo, pero ahora no es el momento. --- PAGE --- ¡Ganondorf está causando problemas en Monte Muerte de nuevo! ¡Ha resucitado al malvado, antiguo dragón Volvagia! --- PAGE --- Además, va a alimentar a mi pueblo con ese dragón malvado como advertencia para otras razas que se resistan a él... --- PAGE --- Si ese dragón escup fuego escapa de la montaña, ¡toda Hyrule se convertirá en un páramo en llamas! --- PAGE --- Iré por delante para intentar sellar al dragón malvado... --- PAGE --- Me preocupa, sin embargo, porque no tengo el legendario martillo... Pero no tengo otra opción. --- PAGE --- [PLAYER]... te pido que hagas esto como mi Hermano Jurado... --- PAGE --- Mientras intento lidiar con el dragón, ¡por favor salva a mi pueblo! --- PAGE --- Las celdas de los prisioneros están en la dirección opuesta. ¡Cuento contigo, [PLAYER]!",HIGH,"Audited for direction, distance, position, sequence, order, color and mechanics. CERTIFIED."
0x303B,MAIN_GAME,[PLAYER]...Can't hold...  anymore...I can't hold it any longer... --- PAGE --- Get out of here!!,[PLAYER]... No puedo sostener... más... no puedo sostenerlo más tiempo... --- PAGE --- ¡¡Sal de aquí!!,CRITICAL_GAMEPLAY,YES,oot.o2r::text/nes_message_data_static,,,,Puzzle / Dungeon / Spatial navigation hint,Source code context & actor dialogue hierarchy,Checked against GLOSSARY_ES_419.csv,NONE,PASS,[PLAYER]... No puedo sostener... más... no puedo sostenerlo más tiempo... --- PAGE --- ¡¡Sal de aquí!!,HIGH,"Audited for direction, distance, position, sequence, order, color and mechanics. CERTIFIED."
0x303F,MAIN_GAME,[PLAYER]...See you again...,[PLAYER]... Nos vemos otra vez...,CRITICAL_GAMEPLAY,YES,oot.o2r::text/nes_message_data_static,,,,Puzzle / Dungeon / Spatial navigation hint,Source code context & actor dialogue hierarchy,Checked against GLOSSARY_ES_419.csv,NONE,PASS,[PLAYER]... Nos vemos otra vez...,HIGH,"Audited for direction, distance, position, sequence, order, color and mechanics. CERTIFIED."
0x3040,MAIN_GAME,"[PLAYER], it's so hot in  here! We can't stay here for long!","[PLAYER], ¡hace mucho calor aquí! ¡No podemos quedarnos aquí mucho tiempo!",CRITICAL_GAMEPLAY,YES,oot.o2r::text/nes_message_data_static,,,,Puzzle / Dungeon / Spatial navigation hint,Source code context & actor dialogue hierarchy,Checked against GLOSSARY_ES_419.csv,NONE,PASS,"[PLAYER], ¡hace mucho calor aquí! ¡No podemos quedarnos aquí mucho tiempo!",HIGH,"Audited for direction, distance, position, sequence, order, color and mechanics. CERTIFIED."
0x3041,MAIN_GAME,"Brother [PLAYER]! Everybody has come back! --- PAGE --- Dad and you destroyed the dragon together, didn't you!","¡Hermano [PLAYER]! ¡Todos han vuelto! --- PAGE --- Tú y papá destruyeron al dragón juntos, ¡¿no es así!",CRITICAL_GAMEPLAY,YES,oot.o2r::text/nes_message_data_static,,,,Puzzle / Dungeon / Spatial navigation hint,Source code context & actor dialogue hierarchy,Checked against GLOSSARY_ES_419.csv,NONE,PASS,"¡Hermano [PLAYER]! ¡Todos han vuelto! --- PAGE --- Tú y papá destruyeron al dragón juntos, ¡¿no es así!",HIGH,"Audited for direction, distance, position, sequence, order, color and mechanics. CERTIFIED."
0x3042,MAIN_GAME,"When I grow up, I want to be a strong man like you,  [PLAYER]!","Cuando sea grande, quiero ser un hombre fuerte como tú, ¡[PLAYER]!",CRITICAL_GAMEPLAY,YES,oot.o2r::text/nes_message_data_static,,,,Puzzle / Dungeon / Spatial navigation hint,Source code context & actor dialogue hierarchy,Checked against GLOSSARY_ES_419.csv,NONE,PASS,"Cuando sea grande, quiero ser un hombre fuerte como tú, ¡[PLAYER]!",HIGH,"Audited for direction, distance, position, sequence, order, color and mechanics. CERTIFIED."
0x3043,MAIN_GAME,"Thank you, [PLAYER]!!","¡¡Gracias, [PLAYER]!!",CRITICAL_GAMEPLAY,YES,oot.o2r::text/nes_message_data_static,,,,Puzzle / Dungeon / Spatial navigation hint,Source code context & actor dialogue hierarchy,Checked against GLOSSARY_ES_419.csv,NONE,PASS,"¡¡Gracias, [PLAYER]!!",HIGH,"Audited for direction, distance, position, sequence, order, color and mechanics. CERTIFIED."
0x3048,MAIN_GAME,"What a wild adventure! It will make an incredible story... --- PAGE --- I can't believe that the Dodongos suddenly appeared in such great  numbers! --- PAGE --- And that big rock blocking the  cave... --- PAGE --- All this trouble must have been caused by that Gerudo thief,  Ganondorf! --- PAGE --- He said,  ""Give me the Spiritual Stone! Only then will I open the cave  for you!"" --- PAGE --- You, on the other hand, risked  your life for us...","¡Qué aventura tan salvaje! Hará una historia increíble... --- PAGE --- ¡No puedo creer que los Dodongos aparecieran repenti- namente en tal cantidad! --- PAGE --- Y esa gran roca bloqueando la cueva... --- PAGE --- ¡Todo este problema debe haber sido causado por ese ladrón Gerudo, Ganondorf! --- PAGE --- Él dijo: ""¡Dame la Piedra Espiritual! ¡Solo entonces abriré la cueva para ti!"" --- PAGE --- Tú, por otro lado, arriesgaste tu vida por nosotros...",CRITICAL_GAMEPLAY,YES,oot.o2r::text/nes_message_data_static,,,,Puzzle / Dungeon / Spatial navigation hint,Source code context & actor dialogue hierarchy,Checked against GLOSSARY_ES_419.csv,NONE,PASS,"¡Qué aventura tan salvaje! Hará una historia increíble... --- PAGE --- ¡No puedo creer que los Dodongos aparecieran repenti- namente en tal cantidad! --- PAGE --- Y esa gran roca bloqueando la cueva... --- PAGE --- ¡Todo este problema debe haber sido causado por ese ladrón Gerudo, Ganondorf! --- PAGE --- Él dijo: ""¡Dame la Piedra Espiritual! ¡Solo entonces abriré la cueva para ti!"" --- PAGE --- Tú, por otro lado, arriesgaste tu vida por nosotros...",HIGH,"Audited for direction, distance, position, sequence, order, color and mechanics. CERTIFIED."
0x3062,MAIN_GAME,"You've done well to come all the way up here, [PLAYER].  This is the summit of the sacred Death Mountain! Hoot! --- PAGE --- It is said that the clouds  surrounding this peak reflect the condition of Death Mountain. When they look normal, it is at peace. --- PAGE --- Climbing all the way up here just proves how smart you are! Now I want to see you make another smart move... --- PAGE --- The Great Fairy lives on this mountaintop, and she will give you a new skill! She is the leader of the fairies, you know. Hoo! --- PAGE --- I will perch here and wait for you. When you're ready to go back down, I can help you!  Now, get going!","Lo hiciste bien al venir todo el camino hasta aquí, [PLAYER]. Esta es la cumbre del sagrado ¡¡Monte Muerte!! ¡Bu! --- PAGE --- Se dice que las nubes que rodean esta cumbre reflejan la condición de Monte Muerte. Cuando se ven normales, está en paz. --- PAGE --- ¡Subir todo el camino hasta aquí demuestra lo inteligente que eres! Ahora quiero ver tomar otra decisión inteligente... --- PAGE --- La Gran Hada vive en esta cima de la montaña, y te dará ¡una nueva habilidad! Es la líder de las hadas, ya sabes. ¡Bu! --- PAGE --- Me quedaré aquí esperándote. Cuando estés listo para bajar, ¡podré ayudarte! ¡Ahora, vamos!",CRITICAL_GAMEPLAY,YES,oot.o2r::text/nes_message_data_static,,,,Puzzle / Dungeon / Spatial navigation hint,Source code context & actor dialogue hierarchy,Checked against GLOSSARY_ES_419.csv,NONE,PASS,"Lo hiciste bien al venir todo el camino hasta aquí, [PLAYER]. Esta es la cumbre del sagrado ¡¡Monte Muerte!! ¡Bu! --- PAGE --- Se dice que las nubes que rodean esta cumbre reflejan la condición de Monte Muerte. Cuando se ven normales, está en paz. --- PAGE --- ¡Subir todo el camino hasta aquí demuestra lo inteligente que eres! Ahora quiero ver tomar otra decisión inteligente... --- PAGE --- La Gran Hada vive en esta cima de la montaña, y te dará ¡una nueva habilidad! Es la líder de las hadas, ya sabes. ¡Bu! --- PAGE --- Me quedaré aquí esperándote. Cuando estés listo para bajar, ¡podré ayudarte! ¡Ahora, vamos!",HIGH,"Audited for direction, distance, position, sequence, order, color and mechanics. CERTIFIED."
0x306C,MAIN_GAME,"I'll tell you a secret for saving me! --- PAGE --- There are switches in this temple that you have to cut to activate. But, you can also use the Goron ""special crop"" to do the job.","Te voy a contar un secreto por haberme salvado. --- PAGE --- Hay interruptores en este templo que tienes que cortar para activar. Pero también puedes usar la ""cosecha especial"" de los Goron para hacerlo.",CRITICAL_GAMEPLAY,YES,oot.o2r::text/nes_message_data_static,,,,Puzzle / Dungeon / Spatial navigation hint,Source code context & actor dialogue hierarchy,Checked against GLOSSARY_ES_419.csv,NONE,PASS,"Te voy a contar un secreto por haberme salvado. --- PAGE --- Hay interruptores en este templo que tienes que cortar para activar. Pero también puedes usar la ""cosecha especial"" de los Goron para hacerlo.",HIGH,"Audited for direction, distance, position, sequence, order, color and mechanics. CERTIFIED."
0x306D,MAIN_GAME,"I'll tell you a secret for saving me! --- PAGE --- If you find a place that you can see on the map, but can't reach, try playing your Ocarina!","Te voy a contar un secreto por haberme salvado. --- PAGE --- Si encuentras un lugar que puedas ver en el mapa, pero no puedas llegar, intenta tocar tu Ocarina.",CRITICAL_GAMEPLAY,YES,oot.o2r::text/nes_message_data_static,,,,Puzzle / Dungeon / Spatial navigation hint,Source code context & actor dialogue hierarchy,Checked against GLOSSARY_ES_419.csv,NONE,PASS,"Te voy a contar un secreto por haberme salvado. --- PAGE --- Si encuentras un lugar que puedas ver en el mapa, pero no puedas llegar, intenta tocar tu Ocarina.",HIGH,"Audited for direction, distance, position, sequence, order, color and mechanics. CERTIFIED."
0x306E,MAIN_GAME,"I'll tell you a secret for saving me! --- PAGE --- In order to get into the room where Darunia went, you have to do something about the pillar stuck in the ceiling. --- PAGE --- Find a path that leads to a room above the ceiling right away!","Te voy a contar un secreto por haberme salvado. --- PAGE --- Para entrar a la sala donde fue Darunia, tienes que hacer algo con el pilar atrapado en el techo. --- PAGE --- Encuentra un camino que lleve a una sala sobre el techo de inmediato.",CRITICAL_GAMEPLAY,YES,oot.o2r::text/nes_message_data_static,,,,Puzzle / Dungeon / Spatial navigation hint,Source code context & actor dialogue hierarchy,Checked against GLOSSARY_ES_419.csv,NONE,PASS,"Te voy a contar un secreto por haberme salvado. --- PAGE --- Para entrar a la sala donde fue Darunia, tienes que hacer algo con el pilar atrapado en el techo. --- PAGE --- Encuentra un camino que lleve a una sala sobre el techo de inmediato.",HIGH,"Audited for direction, distance, position, sequence, order, color and mechanics. CERTIFIED."
0x4002,MAIN_GAME,[PLAYER]! This way!  Hoo hoo!I wonder what Saria is doing now? How about going back to the forest sometime?,[PLAYER] ¿Va por aquí? Joo joo. Me pregunto qué hace Saria ahora. ¿Qué tal si vuelves al bosque algún día?,CRITICAL_GAMEPLAY,YES,oot.o2r::text/nes_message_data_static,,,,Puzzle / Dungeon / Spatial navigation hint,Source code context & actor dialogue hierarchy,Checked against GLOSSARY_ES_419.csv,NONE,PASS,[PLAYER] ¿Va por aquí? Joo joo. Me pregunto qué hace Saria ahora. ¿Qué tal si vuelves al bosque algún día?,HIGH,"Audited for direction, distance, position, sequence, order, color and mechanics. CERTIFIED."
0x4003,MAIN_GAME,"What are you doing? You've come  a long way to get up here...You should look at the Map  Subscreen sometimes. --- PAGE --- [PLAYER], this is a beautiful lake full of pure, clear water. --- PAGE --- At the lake bottom there is a Water Temple used to worship  the water spirits. The Zoras are guardians of the temple. Hoo hoo. --- PAGE --- The Zoras come from Zora's Domain in northeast Hyrule. An aquatic race, they are longtime allies of Hyrule's Royal Family. --- PAGE --- I heard that only the Royal Family of Hyrule can enter Zora's Domain... Hoo hoo! --- PAGE --- I'm on my way back to the castle. If you want to come with me, hold on to my talons!","¿Qué haces? Has venido muy lejos para llegar aquí. Deberías mirar la Pantalla del Mapa a veces. --- PAGE --- [PLAYER], este es un hermoso lago lleno de agua pura y clara. --- PAGE --- En el fondo del lago hay un Templo del Agua usado para adorar a los espíritus del agua. Los Zoras son los guardianes del templo. Joo joo. --- PAGE --- Los Zoras vienen del Territorio de los Zoras en el noreste de Hyrule. Una raza acuática, son aliados de la Familia Real de Hyrule desde hace tiempo. --- PAGE --- Escuché que solo la Familia Real de Hyrule puede entrar al Territorio de los Zoras. Joo joo. --- PAGE --- Estoy volviendo al castillo. Si quieres venir conmigo, agárrate a mis garras.",CRITICAL_GAMEPLAY,YES,oot.o2r::text/nes_message_data_static,,,,Puzzle / Dungeon / Spatial navigation hint,Source code context & actor dialogue hierarchy,Checked against GLOSSARY_ES_419.csv,NONE,PASS,"¿Qué haces? Has venido muy lejos para llegar aquí. Deberías mirar la Pantalla del Mapa a veces. --- PAGE --- [PLAYER], este es un hermoso lago lleno de agua pura y clara. --- PAGE --- En el fondo del lago hay un Templo del Agua usado para adorar a los espíritus del agua. Los Zoras son los guardianes del templo. Joo joo. --- PAGE --- Los Zoras vienen del Territorio de los Zoras en el noreste de Hyrule. Una raza acuática, son aliados de la Familia Real de Hyrule desde hace tiempo. --- PAGE --- Escuché que solo la Familia Real de Hyrule puede entrar al Territorio de los Zoras. Joo joo. --- PAGE --- Estoy volviendo al castillo. Si quieres venir conmigo, agárrate a mis garras.",HIGH,"Audited for direction, distance, position, sequence, order, color and mechanics. CERTIFIED."
0x400E,MAIN_GAME,"Oh, that's not good. --- PAGE --- Everybody who comes around here  should see Lord Jabu-Jabu at  least once! --- PAGE --- Zora's Fountain is just beyond  King Zora's throne. That is where Lord Jabu-Jabu swims. But... --- PAGE --- unless you have King Zora's permission, you can't go to  Zora's Fountain.","Oh, eso no está bien. --- PAGE --- Todos los que vienen por aquí deben ver a Lord Jabu-Jabu al menos una vez. --- PAGE --- La Fuente de los Zoras está justo detrás del trono del Rey Zora. Ahí es donde nada Lord Jabu-Jabu. Pero. --- PAGE --- a menos que tengas el permiso del Rey Zora, no puedes ir a la Fuente de los Zoras.",CRITICAL_GAMEPLAY,YES,oot.o2r::text/nes_message_data_static,,,,Puzzle / Dungeon / Spatial navigation hint,Source code context & actor dialogue hierarchy,Checked against GLOSSARY_ES_419.csv,NONE,PASS,"Oh, eso no está bien. --- PAGE --- Todos los que vienen por aquí deben ver a Lord Jabu-Jabu al menos una vez. --- PAGE --- La Fuente de los Zoras está justo detrás del trono del Rey Zora. Ahí es donde nada Lord Jabu-Jabu. Pero. --- PAGE --- a menos que tengas el permiso del Rey Zora, no puedes ir a la Fuente de los Zoras.",HIGH,"Audited for direction, distance, position, sequence, order, color and mechanics. CERTIFIED."
0x4017,MAIN_GAME,"Hoot hoot![PLAYER], you look like  you're getting more comfortable in your role as adventurer. --- PAGE --- I think Princess Zelda is  waiting for you to visit her again. --- PAGE --- You already have the Goron's Ruby, don't you?","Joo joo. [PLAYER], parece que te estás sintiendo más cómodo en tu rol de aventurero. --- PAGE --- Creo que la Princesa Zelda está esperando que la vuelvas a visitar. --- PAGE --- Ya tienes el Rubí de los Goron, ¿no es así?",CRITICAL_GAMEPLAY,YES,oot.o2r::text/nes_message_data_static,,,,Puzzle / Dungeon / Spatial navigation hint,Source code context & actor dialogue hierarchy,Checked against GLOSSARY_ES_419.csv,NONE,PASS,"Joo joo. [PLAYER], parece que te estás sintiendo más cómodo en tu rol de aventurero. --- PAGE --- Creo que la Princesa Zelda está esperando que la vuelvas a visitar. --- PAGE --- Ya tienes el Rubí de los Goron, ¿no es así?",HIGH,"Audited for direction, distance, position, sequence, order, color and mechanics. CERTIFIED."
0x4024,MAIN_GAME,[PLAYER]! [PLAYER]!,[PLAYER] [PLAYER].,CRITICAL_GAMEPLAY,YES,oot.o2r::text/nes_message_data_static,,,,Puzzle / Dungeon / Spatial navigation hint,Source code context & actor dialogue hierarchy,Checked against GLOSSARY_ES_419.csv,NONE,PASS,[PLAYER] [PLAYER].,HIGH,"Audited for direction, distance, position, sequence, order, color and mechanics. CERTIFIED."
0x4027,MAIN_GAME,My mother gave it to me and said  I should give it only to the man  who will be my husband. You might call it the Zora's Engagement Ring! --- PAGE --- All right! --- PAGE --- I'll give you my most precious possession:  Zora's Sapphire!,Mi madre me la dio y me dijo que solo se la diera al hombre que será mi esposo. Podrías llamarlo el Anillo de Compromiso de los Zoras. --- PAGE --- Está bien. --- PAGE --- Te daré lo que más valoro: El Zafiro de los Zoras.,CRITICAL_GAMEPLAY,YES,oot.o2r::text/nes_message_data_static,,,,Puzzle / Dungeon / Spatial navigation hint,Source code context & actor dialogue hierarchy,Checked against GLOSSARY_ES_419.csv,NONE,PASS,Mi madre me la dio y me dijo que solo se la diera al hombre que será mi esposo. Podrías llamarlo el Anillo de Compromiso de los Zoras. --- PAGE --- Está bien. --- PAGE --- Te daré lo que más valoro: El Zafiro de los Zoras.,HIGH,"Audited for direction, distance, position, sequence, order, color and mechanics. CERTIFIED."
0x402B,MAIN_GAME,"Oh, [PLAYER]! So, you saved the Princess, eh? I really appreciate it!","Oh, [PLAYER]. Entonces, salvaste a la Princesa. Te lo agradezco mucho.",CRITICAL_GAMEPLAY,YES,oot.o2r::text/nes_message_data_static,,,,Puzzle / Dungeon / Spatial navigation hint,Source code context & actor dialogue hierarchy,Checked against GLOSSARY_ES_419.csv,NONE,PASS,"Oh, [PLAYER]. Entonces, salvaste a la Princesa. Te lo agradezco mucho.",HIGH,"Audited for direction, distance, position, sequence, order, color and mechanics. CERTIFIED."
0x402D,MAIN_GAME,"Oh, hi [PLAYER]! You're all Princess Ruto will talk about lately!","Oh, hola [PLAYER]. Eres todo de lo que la Princesa Ruto habla ultimamente.",CRITICAL_GAMEPLAY,YES,oot.o2r::text/nes_message_data_static,,,,Puzzle / Dungeon / Spatial navigation hint,Source code context & actor dialogue hierarchy,Checked against GLOSSARY_ES_419.csv,NONE,PASS,"Oh, hola [PLAYER]. Eres todo de lo que la Princesa Ruto habla ultimamente.",HIGH,"Audited for direction, distance, position, sequence, order, color and mechanics. CERTIFIED."
0x402E,MAIN_GAME,"Oh, it's you, [PLAYER]! Thanks to you, Lord Jabu-Jabu is back to normal!","Oh, eres tú, [PLAYER]. Gracias a ti, Lord Jabu-Jabu volvió a la normalidad.",CRITICAL_GAMEPLAY,YES,oot.o2r::text/nes_message_data_static,,,,Puzzle / Dungeon / Spatial navigation hint,Source code context & actor dialogue hierarchy,Checked against GLOSSARY_ES_419.csv,NONE,PASS,"Oh, eres tú, [PLAYER]. Gracias a ti, Lord Jabu-Jabu volvió a la normalidad.",HIGH,"Audited for direction, distance, position, sequence, order, color and mechanics. CERTIFIED."
0x4031,MAIN_GAME,"Hoo hoo! Looks like you've gotten bigger and stronger already, [PLAYER]! --- PAGE --- Just ahead lies Zora's Domain.  The Zoras serve Hyrule's Royal  Family by protecting this water  source. --- PAGE --- Their door will not open for  anyone except those who have some connection with the Royal  Family. --- PAGE --- Let them hear the melody of the  Royal Family! Hooo hoo hoooot!","Joo joo. Parece que te has vuelto más grande y fuerte, [PLAYER]. --- PAGE --- Justo adelante está el Territorio de los Zoras. Los Zoras sirven a la Familia Real de Hyrule protegiendo esta fuente de agua. --- PAGE --- Su puerta no se abrirá para nadie excepto aquellos que tengan alguna conexión con la Familia Real. --- PAGE --- Que escuchen la melodía de la Familia Real. Jooo joo jooo.",CRITICAL_GAMEPLAY,YES,oot.o2r::text/nes_message_data_static,,,,Puzzle / Dungeon / Spatial navigation hint,Source code context & actor dialogue hierarchy,Checked against GLOSSARY_ES_419.csv,NONE,PASS,"Joo joo. Parece que te has vuelto más grande y fuerte, [PLAYER]. --- PAGE --- Justo adelante está el Territorio de los Zoras. Los Zoras sirven a la Familia Real de Hyrule protegiendo esta fuente de agua. --- PAGE --- Su puerta no se abrirá para nadie excepto aquellos que tengan alguna conexión con la Familia Real. --- PAGE --- Que escuchen la melodía de la Familia Real. Jooo joo jooo.",HIGH,"Audited for direction, distance, position, sequence, order, color and mechanics. CERTIFIED."
0x4036,MAIN_GAME,"We meet again, [PLAYER]...","Nos volvemos a ver, [PLAYER].",CRITICAL_GAMEPLAY,YES,oot.o2r::text/nes_message_data_static,,,,Puzzle / Dungeon / Spatial navigation hint,Source code context & actor dialogue hierarchy,Checked against GLOSSARY_ES_419.csv,NONE,PASS,"Nos volvemos a ver, [PLAYER].",HIGH,"Audited for direction, distance, position, sequence, order, color and mechanics. CERTIFIED."
0x4037,MAIN_GAME,"This ice is created by an evil curse... The monster in the Water Temple is the source of the curse. --- PAGE --- Unless you shut off the source,  this ice will never melt.... --- PAGE --- If you have courage enough to  confront the danger and save  the Zoras, I will teach you the  melody that leads to the temple.","Este hielo fue creado por una maldición malvada. El monstruo en el Templo del Agua es el origen de la maldición. --- PAGE --- A menos que cierres el origen, este hielo nunca se derretirá. --- PAGE --- Si tienes el valor suficiente para enfrentar el peligro y salvar a los Zoras, te enseñaré la melodía que lleva al templo.",CRITICAL_GAMEPLAY,YES,oot.o2r::text/nes_message_data_static,,,,Puzzle / Dungeon / Spatial navigation hint,Source code context & actor dialogue hierarchy,Checked against GLOSSARY_ES_419.csv,NONE,PASS,"Este hielo fue creado por una maldición malvada. El monstruo en el Templo del Agua es el origen de la maldición. --- PAGE --- A menos que cierres el origen, este hielo nunca se derretirá. --- PAGE --- Si tienes el valor suficiente para enfrentar el peligro y salvar a los Zoras, te enseñaré la melodía que lleva al templo.",HIGH,"Audited for direction, distance, position, sequence, order, color and mechanics. CERTIFIED."
0x403E,MAIN_GAME,"Oh...you... If I'm right... [PLAYER]?! --- PAGE --- You're [PLAYER], aren't you? --- PAGE --- It's me, your fiance, Ruto! Princess of the Zoras! --- PAGE --- I never forgot the vows we made to each other seven years  ago! --- PAGE --- You're a terrible man to have  kept me waiting for these seven long years... --- PAGE --- But now is not the time to talk  about love... --- PAGE --- I'm sure you've already seen it! Zora's Domain--totally frozen! --- PAGE --- A young man named Sheik saved  me from under the ice... --- PAGE --- But my father and the other  Zoras have not...yet... --- PAGE --- I want to save them all! I want to save Zora's Domain! --- PAGE --- You! You have to help me! This is a request from me, the woman who is going to be your wife! --- PAGE --- [PLAYER], you have to  help me destroy the evil monster in the Temple, OK?! --- PAGE --- Inside the Water Temple, there are  three places where you can  change the water level. --- PAGE --- I'll lead the way. Follow me, quickly!!","Oh, tú. Si no me equivoco. [PLAYER]. --- PAGE --- Eres [PLAYER], ¿no? --- PAGE --- Soy yo, tu prometida, Ruto. Princesa de los Zoras. --- PAGE --- Nunca olvidé los votos que hicimos el uno al otro hace siete años. --- PAGE --- Eres un hombre terrible por hacerme esperar estos siete largos años. --- PAGE --- Pero ahora no es el momento de hablar de amor. --- PAGE --- Seguro que ya lo has visto. El Territorio de los Zoras. Totalmente congelado. --- PAGE --- Un joven llamado Sheik me rescató de debajo del hielo. --- PAGE --- Pero mi padre y los otros Zoras aún no. --- PAGE --- Quiero salvarlos a todos. Quiero salvar el Territorio de los Zoras. --- PAGE --- Tú. Tienes que ayudarme. Esto es una petición de mí, la mujer que será tu esposa. --- PAGE --- [PLAYER], tienes que ayudarme a destruir al monstruo malvado en el Templo. ¿Estás? --- PAGE --- Dentro del Templo del Agua, hay tres lugares donde puedes cambiar el nivel del agua. --- PAGE --- Yo guiaré el camino. Sígueme, rápido.",CRITICAL_GAMEPLAY,YES,oot.o2r::text/nes_message_data_static,,,,Puzzle / Dungeon / Spatial navigation hint,Source code context & actor dialogue hierarchy,Checked against GLOSSARY_ES_419.csv,NONE,PASS,"Oh, tú. Si no me equivoco. [PLAYER]. --- PAGE --- Eres [PLAYER], ¿no? --- PAGE --- Soy yo, tu prometida, Ruto. Princesa de los Zoras. --- PAGE --- Nunca olvidé los votos que hicimos el uno al otro hace siete años. --- PAGE --- Eres un hombre terrible por hacerme esperar estos siete largos años. --- PAGE --- Pero ahora no es el momento de hablar de amor. --- PAGE --- Seguro que ya lo has visto. El Territorio de los Zoras. Totalmente congelado. --- PAGE --- Un joven llamado Sheik me rescató de debajo del hielo. --- PAGE --- Pero mi padre y los otros Zoras aún no. --- PAGE --- Quiero salvarlos a todos. Quiero salvar el Territorio de los Zoras. --- PAGE --- Tú. Tienes que ayudarme. Esto es una petición de mí, la mujer que será tu esposa. --- PAGE --- [PLAYER], tienes que ayudarme a destruir al monstruo malvado en el Templo. ¿Estás? --- PAGE --- Dentro del Templo del Agua, hay tres lugares donde puedes cambiar el nivel del agua. --- PAGE --- Yo guiaré el camino. Sígueme, rápido.",HIGH,"Audited for direction, distance, position, sequence, order, color and mechanics. CERTIFIED."
0x403F,MAIN_GAME,[PLAYER]! Look out! That isn't normal water over  there!,[PLAYER] Cuidado. Eso no es agua normal allí.,CRITICAL_GAMEPLAY,YES,oot.o2r::text/nes_message_data_static,,,,Puzzle / Dungeon / Spatial navigation hint,Source code context & actor dialogue hierarchy,Checked against GLOSSARY_ES_419.csv,NONE,PASS,[PLAYER] Cuidado. Eso no es agua normal allí.,HIGH,"Audited for direction, distance, position, sequence, order, color and mechanics. CERTIFIED."
0x4041,MAIN_GAME,[PLAYER]... --- PAGE --- I would have expected no less from the man I chose to be my husband. --- PAGE --- Zora's Domain and its people will eventually return to their original state.,[PLAYER]. --- PAGE --- No esperaba menos del hombre que elegí para ser mi esposo. --- PAGE --- El Territorio de los Zoras y su gente eventualmente volverán a su estado original.,CRITICAL_GAMEPLAY,YES,oot.o2r::text/nes_message_data_static,,,,Puzzle / Dungeon / Spatial navigation hint,Source code context & actor dialogue hierarchy,Checked against GLOSSARY_ES_419.csv,NONE,PASS,[PLAYER]. --- PAGE --- No esperaba menos del hombre que elegí para ser mi esposo. --- PAGE --- El Territorio de los Zoras y su gente eventualmente volverán a su estado original.,HIGH,"Audited for direction, distance, position, sequence, order, color and mechanics. CERTIFIED."
0x4053,MAIN_GAME,Diving Game   20 Rupees Want to play? [CHOICE:2]Yes No,Juego de Buceo   20 Rupias. ¿Quieres jugar? [CHOICE:2]Sí No,CRITICAL_GAMEPLAY,YES,oot.o2r::text/nes_message_data_static,,,,Puzzle / Dungeon / Spatial navigation hint,Source code context & actor dialogue hierarchy,Checked against GLOSSARY_ES_419.csv,NONE,PASS,Juego de Buceo   20 Rupias. ¿Quieres jugar? [CHOICE:2]Sí No,HIGH,"Audited for direction, distance, position, sequence, order, color and mechanics. CERTIFIED."
0x4057,MAIN_GAME,"As the water rises, the evil  is vanishing from the lake... [PLAYER], you did it!","A medida que el agua sube, el mal se desvanece del lago. [PLAYER], lo hiciste.",CRITICAL_GAMEPLAY,YES,oot.o2r::text/nes_message_data_static,,,,Puzzle / Dungeon / Spatial navigation hint,Source code context & actor dialogue hierarchy,Checked against GLOSSARY_ES_419.csv,NONE,PASS,"A medida que el agua sube, el mal se desvanece del lago. [PLAYER], lo hiciste.",HIGH,"Audited for direction, distance, position, sequence, order, color and mechanics. CERTIFIED."
0x4059,MAIN_GAME,"Look at that, [PLAYER]... --- PAGE --- Together, you and Princess Ruto  destroyed the evil monster! --- PAGE --- Once again, the lake is filled with pure water. All is as it was here.","Mira eso, [PLAYER]... --- PAGE --- ¡Juntos, tú y la Princesa Ruto  destruisteis al monstruo maligno! --- PAGE --- Una vez más, el lago está lleno de  agua pura. Todo está como estaba aquí.",CRITICAL_GAMEPLAY,YES,oot.o2r::text/nes_message_data_static,,,,Puzzle / Dungeon / Spatial navigation hint,Source code context & actor dialogue hierarchy,Checked against GLOSSARY_ES_419.csv,NONE,PASS,"Mira eso, [PLAYER]... --- PAGE --- ¡Juntos, tú y la Princesa Ruto  destruisteis al monstruo maligno! --- PAGE --- Una vez más, el lago está lleno de  agua pura. Todo está como estaba aquí.",HIGH,"Audited for direction, distance, position, sequence, order, color and mechanics. CERTIFIED."
0x405C,MAIN_GAME,Take as much as you want for  20 Rupees.  Want to play? [CHOICE:2]Yes No,Toma lo que quieras por  20 Rupias. ¿Quieres jugar? [CHOICE:2]Sí No,CRITICAL_GAMEPLAY,YES,oot.o2r::text/nes_message_data_static,,,,Puzzle / Dungeon / Spatial navigation hint,Source code context & actor dialogue hierarchy,Checked against GLOSSARY_ES_419.csv,NONE,PASS,Toma lo que quieras por  20 Rupias. ¿Quieres jugar? [CHOICE:2]Sí No,HIGH,"Audited for direction, distance, position, sequence, order, color and mechanics. CERTIFIED."
0x4079,MAIN_GAME,That song you played for me still stays in my heart. Let's hear it again!,Esa canción que me tocaste aún  permanece en mi corazón. ¡Déjame  escucharla otra vez!,CRITICAL_GAMEPLAY,YES,oot.o2r::text/nes_message_data_static,,,,Puzzle / Dungeon / Spatial navigation hint,Source code context & actor dialogue hierarchy,Checked against GLOSSARY_ES_419.csv,NONE,PASS,Esa canción que me tocaste aún  permanece en mi corazón. ¡Déjame  escucharla otra vez!,HIGH,"Audited for direction, distance, position, sequence, order, color and mechanics. CERTIFIED."
0x407A,MAIN_GAME,That song you played for me  stays in my heart!,¡Esa canción que me tocaste  permanece en mi corazón!,CRITICAL_GAMEPLAY,YES,oot.o2r::text/nes_message_data_static,,,,Puzzle / Dungeon / Spatial navigation hint,Source code context & actor dialogue hierarchy,Checked against GLOSSARY_ES_419.csv,NONE,PASS,¡Esa canción que me tocaste  permanece en mi corazón!,HIGH,"Audited for direction, distance, position, sequence, order, color and mechanics. CERTIFIED."
0x4088,MAIN_GAME,"Hey, young man! Don't you have  anything important you should be doing? --- PAGE --- What? Are you saying it's more  fun to play here? --- PAGE --- I've seen many people ruin their lives with that kind of attitude. I'm serious! Oh well...","¡Oye, joven! ¿No tienes  algo importante que hacer? --- PAGE --- ¿Qué? ¿Estás diciendo que es más  dividertido jugar aquí? --- PAGE --- He visto a mucha gente arruinar sus  vidas con esa actitud. ¡En serio! Bueno, ya...",CRITICAL_GAMEPLAY,YES,oot.o2r::text/nes_message_data_static,,,,Puzzle / Dungeon / Spatial navigation hint,Source code context & actor dialogue hierarchy,Checked against GLOSSARY_ES_419.csv,NONE,PASS,"¡Oye, joven! ¿No tienes  algo importante que hacer? --- PAGE --- ¿Qué? ¿Estás diciendo que es más  dividertido jugar aquí? --- PAGE --- He visto a mucha gente arruinar sus  vidas con esa actitud. ¡En serio! Bueno, ya...",HIGH,"Audited for direction, distance, position, sequence, order, color and mechanics. CERTIFIED."
0x4089,MAIN_GAME,The biggest fish ever caught in this pond weighed  pounds. The angler: [PLAYER],El pez más grande capturado en  este estanque pesaba  libras. El pescador: [PLAYER],CRITICAL_GAMEPLAY,YES,oot.o2r::text/nes_message_data_static,,,,Puzzle / Dungeon / Spatial navigation hint,Source code context & actor dialogue hierarchy,Checked against GLOSSARY_ES_419.csv,NONE,PASS,El pez más grande capturado en  este estanque pesaba  libras. El pescador: [PLAYER],HIGH,"Audited for direction, distance, position, sequence, order, color and mechanics. CERTIFIED."
0x40A0,MAIN_GAME,"Hey, baby! I'm Bonooru, the scarecrow! You've probably heard about my fantastic memory! --- PAGE --- If you have a new tune to play, blow it! --- PAGE --- This is the song you tooted last  time, baby! --- PAGE --- Hit it!","¡Hola, cariño! ¡Soy Bonooru, el espantapájaros! ¡Seguro que has oído hablar de mi  fantástica memoria! --- PAGE --- Si tienes una nueva canción para  tocar, ¡tónala! --- PAGE --- Esta es la canción que tocaste la  última vez, ¡cariño! --- PAGE --- ¡Tócala!",CRITICAL_GAMEPLAY,YES,oot.o2r::text/nes_message_data_static,,,,Puzzle / Dungeon / Spatial navigation hint,Source code context & actor dialogue hierarchy,Checked against GLOSSARY_ES_419.csv,NONE,PASS,"¡Hola, cariño! ¡Soy Bonooru, el espantapájaros! ¡Seguro que has oído hablar de mi  fantástica memoria! --- PAGE --- Si tienes una nueva canción para  tocar, ¡tónala! --- PAGE --- Esta es la canción que tocaste la  última vez, ¡cariño! --- PAGE --- ¡Tócala!",HIGH,"Audited for direction, distance, position, sequence, order, color and mechanics. CERTIFIED."
0x40A2,MAIN_GAME,"Play the usual tune to call Pierre! If he's nearby, he'll come out to help you, baby!","Toca la canción de siempre para  llamar a Pierre. Si está cerca, saldrá a  ayudarte, ¡cariño!",CRITICAL_GAMEPLAY,YES,oot.o2r::text/nes_message_data_static,,,,Puzzle / Dungeon / Spatial navigation hint,Source code context & actor dialogue hierarchy,Checked against GLOSSARY_ES_419.csv,NONE,PASS,"Toca la canción de siempre para  llamar a Pierre. Si está cerca, saldrá a  ayudarte, ¡cariño!",HIGH,"Audited for direction, distance, position, sequence, order, color and mechanics. CERTIFIED."
0x40A3,MAIN_GAME,"Hey! Aren't you the fairy buddy I met a long time ago? Wow, you grew, dude! --- PAGE --- Well, here's your song... --- PAGE --- What? --- PAGE --- No, I never forget! You, you're the one who forgot... aren't you? If you have an  Ocarina, play that song, baby!","¡Oye! ¿No eres el amigo hada que  conocí hace mucho tiempo? ¡Vaya, creciste, compa! --- PAGE --- Bueno, aquí está tu canción... --- PAGE --- ¿Qué? --- PAGE --- No, ¡nunca olvido! Tú, tú eres el que olvidó... ¿no es así? Si tienes un  Ocarina, toca esa canción, ¡cariño!",CRITICAL_GAMEPLAY,YES,oot.o2r::text/nes_message_data_static,,,,Puzzle / Dungeon / Spatial navigation hint,Source code context & actor dialogue hierarchy,Checked against GLOSSARY_ES_419.csv,NONE,PASS,"¡Oye! ¿No eres el amigo hada que  conocí hace mucho tiempo? ¡Vaya, creciste, compa! --- PAGE --- Bueno, aquí está tu canción... --- PAGE --- ¿Qué? --- PAGE --- No, ¡nunca olvido! Tú, tú eres el que olvidó... ¿no es así? Si tienes un  Ocarina, toca esa canción, ¡cariño!",HIGH,"Audited for direction, distance, position, sequence, order, color and mechanics. CERTIFIED."
0x40A4,MAIN_GAME,"Whoa! You have an ocarina! Hey, why don't you lay a tune on me with it, baby?!","¡Vaya! ¡Tienes una ocarina! Oye, ¿por qué no me tocas  una canción con ella, cariño?",CRITICAL_GAMEPLAY,YES,oot.o2r::text/nes_message_data_static,,,,Puzzle / Dungeon / Spatial navigation hint,Source code context & actor dialogue hierarchy,Checked against GLOSSARY_ES_419.csv,NONE,PASS,"¡Vaya! ¡Tienes una ocarina! Oye, ¿por qué no me tocas  una canción con ella, cariño?",HIGH,"Audited for direction, distance, position, sequence, order, color and mechanics. CERTIFIED."
0x40A6,MAIN_GAME,"Play it like that and you'll never move this scarecrow's heart, baby!","Si la tocas así, ¡nunca  moverás el corazón de este  espantapájaros, cariño!",CRITICAL_GAMEPLAY,YES,oot.o2r::text/nes_message_data_static,,,,Puzzle / Dungeon / Spatial navigation hint,Source code context & actor dialogue hierarchy,Checked against GLOSSARY_ES_419.csv,NONE,PASS,"Si la tocas así, ¡nunca  moverás el corazón de este  espantapájaros, cariño!",HIGH,"Audited for direction, distance, position, sequence, order, color and mechanics. CERTIFIED."
0x40A7,MAIN_GAME,"OH YEAHHH!! That's it, that's the tune!! You rock!! I'm blown away! --- PAGE --- Oh, no, no! I didn't forget the song...I never forget anything! But I just feel like rewarding you, baby! --- PAGE --- ........ I have a good idea! --- PAGE --- My buddy Pierre is wandering around, so play that tune when you want to call him! --- PAGE --- I'll tell him to help you if he's nearby and hears that song, baby!","¡¡OH SÍÍÍ!! ¡¡Esa es, ¡esa es la canción!! ¡¡Eres increíble!! ¡Me dejaste  boquiabierto! --- PAGE --- ¡Oh, no, no! No olvidé la  canción... ¡nunca olvido nada! Pero solo quiero recompensarte,  cariño! --- PAGE --- ........ ¡Tengo una buena idea! --- PAGE --- Mi compa Pierre está rondando  por ahí, así que toca esa canción  cuando quieras llamarlo. --- PAGE --- ¡Le diré que te ayude si está  cerca y escucha esa canción, cariño!",CRITICAL_GAMEPLAY,YES,oot.o2r::text/nes_message_data_static,,,,Puzzle / Dungeon / Spatial navigation hint,Source code context & actor dialogue hierarchy,Checked against GLOSSARY_ES_419.csv,NONE,PASS,"¡¡OH SÍÍÍ!! ¡¡Esa es, ¡esa es la canción!! ¡¡Eres increíble!! ¡Me dejaste  boquiabierto! --- PAGE --- ¡Oh, no, no! No olvidé la  canción... ¡nunca olvido nada! Pero solo quiero recompensarte,  cariño! --- PAGE --- ........ ¡Tengo una buena idea! --- PAGE --- Mi compa Pierre está rondando  por ahí, así que toca esa canción  cuando quieras llamarlo. --- PAGE --- ¡Le diré que te ayude si está  cerca y escucha esa canción, cariño!",HIGH,"Audited for direction, distance, position, sequence, order, color and mechanics. CERTIFIED."
0x40A8,MAIN_GAME,"Hey, it's the Ocarina! Play that song with it, baby!","¡Oye, es la Ocarina! Toca esa canción con ella, cariño!",CRITICAL_GAMEPLAY,YES,oot.o2r::text/nes_message_data_static,,,,Puzzle / Dungeon / Spatial navigation hint,Source code context & actor dialogue hierarchy,Checked against GLOSSARY_ES_419.csv,NONE,PASS,"¡Oye, es la Ocarina! Toca esa canción con ella, cariño!",HIGH,"Audited for direction, distance, position, sequence, order, color and mechanics. CERTIFIED."
0x40A9,MAIN_GAME,"Young lad, you play the Ocarina well... Mmmmm...! That melody is  so fine...ribbit! We all should practice it, ribbit! --- PAGE --- Take Rupees as a souvenir! If you come up with another nice  melody, please drop by and play it...Ribbit ribbit!","Joven, tocas la Ocarina  bien... ¡Mmmmm...! ¡Esa melodía es  tan hermosa... croac! ¡Todos deberíamos  practicarla, croac! --- PAGE --- ¡Toma Rupias como recuerdo! Si se te ocurre otra buena  melodía, por favor pasa y toca  la... ¡Croac croac!",CRITICAL_GAMEPLAY,YES,oot.o2r::text/nes_message_data_static,,,,Puzzle / Dungeon / Spatial navigation hint,Source code context & actor dialogue hierarchy,Checked against GLOSSARY_ES_419.csv,NONE,PASS,"Joven, tocas la Ocarina  bien... ¡Mmmmm...! ¡Esa melodía es  tan hermosa... croac! ¡Todos deberíamos  practicarla, croac! --- PAGE --- ¡Toma Rupias como recuerdo! Si se te ocurre otra buena  melodía, por favor pasa y toca  la... ¡Croac croac!",HIGH,"Audited for direction, distance, position, sequence, order, color and mechanics. CERTIFIED."
0x40AA,MAIN_GAME,"Wow, that melody is so cool!  Ribbit! --- PAGE --- Siiiiingin' in the raaaaaain, Oh what a feeling!  Rrrrrribbbit!! --- PAGE --- Please take this as a token of our froggish gratitude, ribbit! All right. See you, ribbit!","¡Vaya, esa melodía es tan genial! Croac! --- PAGE --- ¡Cantando bajo la lluuuvia, ¡Oh qué sensación! ¡Croaaac!! --- PAGE --- Por favor toma esto como símbolo  de nuestra gratitud ranuna, croac! ¡A ver, hasta luego, croac!",CRITICAL_GAMEPLAY,YES,oot.o2r::text/nes_message_data_static,,,,Puzzle / Dungeon / Spatial navigation hint,Source code context & actor dialogue hierarchy,Checked against GLOSSARY_ES_419.csv,NONE,PASS,"¡Vaya, esa melodía es tan genial! Croac! --- PAGE --- ¡Cantando bajo la lluuuvia, ¡Oh qué sensación! ¡Croaaac!! --- PAGE --- Por favor toma esto como símbolo  de nuestra gratitud ranuna, croac! ¡A ver, hasta luego, croac!",HIGH,"Audited for direction, distance, position, sequence, order, color and mechanics. CERTIFIED."
0x40B1,MAIN_GAME,The biggest fish ever caught in this pond weighed  pounds. The angler: [PLAYER] (NOTE: With illegal sinking lure.),El pez más grande capturado en  este estanque pesaba  libras. El pescador: [PLAYER] (NOTA: Con señuelo hundible ilegal.),CRITICAL_GAMEPLAY,YES,oot.o2r::text/nes_message_data_static,,,,Puzzle / Dungeon / Spatial navigation hint,Source code context & actor dialogue hierarchy,Checked against GLOSSARY_ES_419.csv,NONE,PASS,El pez más grande capturado en  este estanque pesaba  libras. El pescador: [PLAYER] (NOTA: Con señuelo hundible ilegal.),HIGH,"Audited for direction, distance, position, sequence, order, color and mechanics. CERTIFIED."
0x5000,MAIN_GAME,"GYAAAH! You killed me!! Huh? Oh, it's you. --- PAGE --- Did you try to play the  Sun's Song? --- PAGE --- Like I told you before, with that  song, you can turn day to night  or night to day whenever you  want. --- PAGE --- When you're in darkness, that  song should bring the sun's light to you. You should try it.","¡¡GYAAAH!! ¡¡Me mataste!! ¿Eh? Oh, eres tú. --- PAGE --- ¿Intentaste tocar la  Canción del Sol? --- PAGE --- Como te dije antes, con esa  canción puedes cambiar el día por la noche  o la noche por el día cuando  quieras. --- PAGE --- Cuando estés en la oscuridad, esa  canción debería traerte la luz del sol. Deberías probarla.",CRITICAL_GAMEPLAY,YES,oot.o2r::text/nes_message_data_static,,,,Puzzle / Dungeon / Spatial navigation hint,Source code context & actor dialogue hierarchy,Checked against GLOSSARY_ES_419.csv,NONE,PASS,"¡¡GYAAAH!! ¡¡Me mataste!! ¿Eh? Oh, eres tú. --- PAGE --- ¿Intentaste tocar la  Canción del Sol? --- PAGE --- Como te dije antes, con esa  canción puedes cambiar el día por la noche  o la noche por el día cuando  quieras. --- PAGE --- Cuando estés en la oscuridad, esa  canción debería traerte la luz del sol. Deberías probarla.",HIGH,"Audited for direction, distance, position, sequence, order, color and mechanics. CERTIFIED."
0x5009,MAIN_GAME,"The rising sun will eventually set, A newborn's life will fade. --- PAGE --- From sun to moon, moon to sun... --- PAGE --- Give peaceful rest to the living dead. --- PAGE --- This is an interesting poem... huh?","El sol naciente eventualmente se pondrá, la vida de un recién nacido se desvanecerá. --- PAGE --- Del sol a la luna, de la luna al sol... --- PAGE --- Dale un descanso pacífico a los muertos vivientes. --- PAGE --- Este es un poema interesante... ¿eh?",CRITICAL_GAMEPLAY,YES,oot.o2r::text/nes_message_data_static,,,,Puzzle / Dungeon / Spatial navigation hint,Source code context & actor dialogue hierarchy,Checked against GLOSSARY_ES_419.csv,NONE,PASS,"El sol naciente eventualmente se pondrá, la vida de un recién nacido se desvanecerá. --- PAGE --- Del sol a la luna, de la luna al sol... --- PAGE --- Dale un descanso pacífico a los muertos vivientes. --- PAGE --- Este es un poema interesante... ¿eh?",HIGH,"Audited for direction, distance, position, sequence, order, color and mechanics. CERTIFIED."
0x500A,MAIN_GAME,"Restless souls wander where they don't belong, bring them calm with the Sun's Song.","Las almas inquietas vagan por donde no pertenecen, llevales calma con la Canción del Sol.",CRITICAL_GAMEPLAY,YES,oot.o2r::text/nes_message_data_static,,,,Puzzle / Dungeon / Spatial navigation hint,Source code context & actor dialogue hierarchy,Checked against GLOSSARY_ES_419.csv,NONE,PASS,"Las almas inquietas vagan por donde no pertenecen, llevales calma con la Canción del Sol.",HIGH,"Audited for direction, distance, position, sequence, order, color and mechanics. CERTIFIED."
0x500B,MAIN_GAME,Something is inscribed on the  tombstone... --- PAGE --- It's the secret melody of the  Composer Brothers!,Algo está inscrito en la  tumba... --- PAGE --- ¡Es la melodía secreta de los Hermanos Compositores!,CRITICAL_GAMEPLAY,YES,oot.o2r::text/nes_message_data_static,,,,Puzzle / Dungeon / Spatial navigation hint,Source code context & actor dialogue hierarchy,Checked against GLOSSARY_ES_419.csv,NONE,PASS,Algo está inscrito en la  tumba... --- PAGE --- ¡Es la melodía secreta de los Hermanos Compositores!,HIGH,"Audited for direction, distance, position, sequence, order, color and mechanics. CERTIFIED."
0x5010,MAIN_GAME,"I am one of the ghostly composer  brothers of Kakariko Village. --- PAGE --- All the people in this village are born to serve the Royal Family of Hyrule. --- PAGE --- We brothers also served the Royal  Family, and were assigned to  study the hereditary mystic  powers of the family. --- PAGE --- Though we never could figure out  the power of the Triforce, --- PAGE --- we had almost completed our  study of controlling time with the  tones of ocarinas. --- PAGE --- Uh, I mean... --- PAGE --- Actually, we did complete that  study! --- PAGE --- We would have been famous, if  that hateful Ganondorf had not tried to steal our results. --- PAGE --- We could never let him reap the  fruits of our research! --- PAGE --- That's why we gave our lives to  protect the secret.","Soy uno de los hermanos compositores fantasma del Pueblo Kakariko. --- PAGE --- Toda la gente de este pueblo nació para servir a la Familia Real de Hyrule. --- PAGE --- Nosotros, los hermanos, también servimos a la Familia Real y nos asignaron estudiar los poderes místicos hereditarios de la familia. --- PAGE --- Aunque nunca pudimos descifrar el poder de la Trifuerza, --- PAGE --- habíamos casi completado nuestro estudio sobre el control del tiempo con los tonos de las ocarinas. --- PAGE --- Eh, quiero decir... --- PAGE --- En realidad, ¡sí completamos ese estudio! --- PAGE --- Habríamos sido famosos si ese odioso Ganondorf no hubiera intentado robar nuestros resultados. --- PAGE --- ¡Nunca pudimos dejar que él cosechara los frutos de nuestra investigación! --- PAGE --- Por eso entregamos nuestras vidas para proteger el secreto.",CRITICAL_GAMEPLAY,YES,oot.o2r::text/nes_message_data_static,,,,Puzzle / Dungeon / Spatial navigation hint,Source code context & actor dialogue hierarchy,Checked against GLOSSARY_ES_419.csv,NONE,PASS,"Soy uno de los hermanos compositores fantasma del Pueblo Kakariko. --- PAGE --- Toda la gente de este pueblo nació para servir a la Familia Real de Hyrule. --- PAGE --- Nosotros, los hermanos, también servimos a la Familia Real y nos asignaron estudiar los poderes místicos hereditarios de la familia. --- PAGE --- Aunque nunca pudimos descifrar el poder de la Trifuerza, --- PAGE --- habíamos casi completado nuestro estudio sobre el control del tiempo con los tonos de las ocarinas. --- PAGE --- Eh, quiero decir... --- PAGE --- En realidad, ¡sí completamos ese estudio! --- PAGE --- Habríamos sido famosos si ese odioso Ganondorf no hubiera intentado robar nuestros resultados. --- PAGE --- ¡Nunca pudimos dejar que él cosechara los frutos de nuestra investigación! --- PAGE --- Por eso entregamos nuestras vidas para proteger el secreto.",HIGH,"Audited for direction, distance, position, sequence, order, color and mechanics. CERTIFIED."
0x5014,MAIN_GAME,"To tell the truth, each of us was studying a different song, one to summon the sun and another to summon the moon. --- PAGE --- If you were really sent by a  member of the Royal Family, I will tell you about the results of our study. --- PAGE --- We inscribed it on the royal tombstone. --- PAGE --- As a messenger of the Royal  Family, you should show your Royal credentials on top of the  Triforce mark...","Para decir la verdad, cada uno de nosotros estudiaba una canción diferente, una para invocar al sol y otra para invocar a la luna. --- PAGE --- Si realmente te envió un miembro de la Familia Real, te contaré sobre los resultados de nuestro estudio. --- PAGE --- Lo inscribimos en la tumba real. --- PAGE --- Como mensajero de la Familia Real, deberías mostrar tus credenciales reales sobre la marca de la Trifuerza...",CRITICAL_GAMEPLAY,YES,oot.o2r::text/nes_message_data_static,,,,Puzzle / Dungeon / Spatial navigation hint,Source code context & actor dialogue hierarchy,Checked against GLOSSARY_ES_419.csv,NONE,PASS,"Para decir la verdad, cada uno de nosotros estudiaba una canción diferente, una para invocar al sol y otra para invocar a la luna. --- PAGE --- Si realmente te envió un miembro de la Familia Real, te contaré sobre los resultados de nuestro estudio. --- PAGE --- Lo inscribimos en la tumba real. --- PAGE --- Como mensajero de la Familia Real, deberías mostrar tus credenciales reales sobre la marca de la Trifuerza...",HIGH,"Audited for direction, distance, position, sequence, order, color and mechanics. CERTIFIED."
0x501B,MAIN_GAME,"Get back, [PLAYER]!","¡Retrocede, [PLAYER]!",CRITICAL_GAMEPLAY,YES,oot.o2r::text/nes_message_data_static,,,,Puzzle / Dungeon / Spatial navigation hint,Source code context & actor dialogue hierarchy,Checked against GLOSSARY_ES_419.csv,NONE,PASS,"¡Retrocede, [PLAYER]!",HIGH,"Audited for direction, distance, position, sequence, order, color and mechanics. CERTIFIED."
0x501C,MAIN_GAME,"[PLAYER].... A terrible thing has happened! The evil shadow spirit has been released! --- PAGE --- Impa, the leader of Kakariko Village, had sealed the evil shadow spirit in the bottom of the well.... --- PAGE --- But the force of the evil spirit got so strong, the seal of the well broke, and it escaped into the world!!","[PLAYER]... ¡Ha ocurrido algo terrible! ¡El espíritu sombrío maligno ha sido liberado! --- PAGE --- Impa, la líder del Pueblo Kakariko, había sellado al espíritu sombrío maligno en el fondo del pozo... --- PAGE --- Pero la fuerza del espíritu maligno se hizo tan fuerte que el sello del pozo se rompió y escapó al mundo!!",CRITICAL_GAMEPLAY,YES,oot.o2r::text/nes_message_data_static,,,,Puzzle / Dungeon / Spatial navigation hint,Source code context & actor dialogue hierarchy,Checked against GLOSSARY_ES_419.csv,NONE,PASS,"[PLAYER]... ¡Ha ocurrido algo terrible! ¡El espíritu sombrío maligno ha sido liberado! --- PAGE --- Impa, la líder del Pueblo Kakariko, había sellado al espíritu sombrío maligno en el fondo del pozo... --- PAGE --- Pero la fuerza del espíritu maligno se hizo tan fuerte que el sello del pozo se rompió y escapó al mundo!!",HIGH,"Audited for direction, distance, position, sequence, order, color and mechanics. CERTIFIED."
0x501D,MAIN_GAME,"Let me take care of the village! I'm counting on you, [PLAYER]!","¡Déjame encargarme del pueblo! ¡Cuento contigo, [PLAYER]!",CRITICAL_GAMEPLAY,YES,oot.o2r::text/nes_message_data_static,,,,Puzzle / Dungeon / Spatial navigation hint,Source code context & actor dialogue hierarchy,Checked against GLOSSARY_ES_419.csv,NONE,PASS,"¡Déjame encargarme del pueblo! ¡Cuento contigo, [PLAYER]!",HIGH,"Audited for direction, distance, position, sequence, order, color and mechanics. CERTIFIED."
0x5022,MAIN_GAME,"The boy with the noble Zelda's  Ocarina...As I expected,  you have come. --- PAGE --- I am Impa, one of the Sheikah. I am Princess Zelda's caretaker, and I am also the Sage who guards the Shadow Temple.","El chico con la noble Ocarina de Zelda...Como esperaba, has venido. --- PAGE --- Soy Impa, una de los Sheikah. Soy la cuidadora de la Princesa Zelda, y también soy la Sabia que guarda el Templo de la Sombra.",CRITICAL_GAMEPLAY,YES,oot.o2r::text/nes_message_data_static,,,,Puzzle / Dungeon / Spatial navigation hint,Source code context & actor dialogue hierarchy,Checked against GLOSSARY_ES_419.csv,NONE,PASS,"El chico con la noble Ocarina de Zelda...Como esperaba, has venido. --- PAGE --- Soy Impa, una de los Sheikah. Soy la cuidadora de la Princesa Zelda, y también soy la Sabia que guarda el Templo de la Sombra.",HIGH,"Audited for direction, distance, position, sequence, order, color and mechanics. CERTIFIED."
0x5024,MAIN_GAME,"[PLAYER], the hero! --- PAGE --- Finally, all of us, the six Sages,  have been awakened! The time for the final showdown with the King of Evil has come! --- PAGE --- Before that, though, you should meet the one who is waiting for you... --- PAGE --- The one who is waiting for you at the Temple of Time....","¡[PLAYER], el héroe! --- PAGE --- ¡Finalmente, todos nosotros, los seis Sabios, hemos sido despertados! ¡El momento del enfrentamiento final con el Rey del Mal ha llegado! --- PAGE --- Pero antes de eso, deberías encontrar a quien te está esperando... --- PAGE --- Quien te está esperando en el Templo del Tiempo...",CRITICAL_GAMEPLAY,YES,oot.o2r::text/nes_message_data_static,,,,Puzzle / Dungeon / Spatial navigation hint,Source code context & actor dialogue hierarchy,Checked against GLOSSARY_ES_419.csv,NONE,PASS,"¡[PLAYER], el héroe! --- PAGE --- ¡Finalmente, todos nosotros, los seis Sabios, hemos sido despertados! ¡El momento del enfrentamiento final con el Rey del Mal ha llegado! --- PAGE --- Pero antes de eso, deberías encontrar a quien te está esperando... --- PAGE --- Quien te está esperando en el Templo del Tiempo...",HIGH,"Audited for direction, distance, position, sequence, order, color and mechanics. CERTIFIED."
0x5025,MAIN_GAME,"We Sheikah have served the  royalty of Hyrule from generation to generation as attendants. However... --- PAGE --- On that day seven years ago, Ganondorf suddenly attacked... and Hyrule Castle surrendered after a short time. --- PAGE --- Ganondorf's target was one of the keys to the Sacred Realm...the hidden treasure of the Royal Family...The Ocarina of Time! --- PAGE --- My duty bound me to take Zelda  out of Ganondorf's reach. --- PAGE --- When last I saw you, as we made our escape from the castle, you were just a lad... --- PAGE --- Now I see that you have become  a fine hero...","Nosotros, los Sheikah, hemos servido a la realeza de Hyrule de generación en generación como asistentes. Sin embargo... --- PAGE --- En aquel día hace siete años, Ganondorf atacó de repente... y el Castillo de Hyrule se rindió después de un corto tiempo. --- PAGE --- El objetivo de Ganondorf era una de las llaves del Reino Sagrado...el tesoro escondido de la Familia Real...¡La Ocarina del Tiempo! --- PAGE --- Mi deber me obligó a sacar a Zelda del alcance de Ganondorf. --- PAGE --- La última vez que te vi, cuando huíamos del castillo, eras solo un muchacho... --- PAGE --- Ahora veo que te has convertido en un gran héroe...",CRITICAL_GAMEPLAY,YES,oot.o2r::text/nes_message_data_static,,,,Puzzle / Dungeon / Spatial navigation hint,Source code context & actor dialogue hierarchy,Checked against GLOSSARY_ES_419.csv,NONE,PASS,"Nosotros, los Sheikah, hemos servido a la realeza de Hyrule de generación en generación como asistentes. Sin embargo... --- PAGE --- En aquel día hace siete años, Ganondorf atacó de repente... y el Castillo de Hyrule se rindió después de un corto tiempo. --- PAGE --- El objetivo de Ganondorf era una de las llaves del Reino Sagrado...el tesoro escondido de la Familia Real...¡La Ocarina del Tiempo! --- PAGE --- Mi deber me obligó a sacar a Zelda del alcance de Ganondorf. --- PAGE --- La última vez que te vi, cuando huíamos del castillo, eras solo un muchacho... --- PAGE --- Ahora veo que te has convertido en un gran héroe...",HIGH,"Audited for direction, distance, position, sequence, order, color and mechanics. CERTIFIED."
0x5031,MAIN_GAME,"I believe Impa has gone to the  Shadow Temple to seal it again, but...she will be in danger without  any help! --- PAGE --- [PLAYER]! Impa is one of the six Sages. Destroy the evil shadow spirit and save Impa! --- PAGE --- There is an entrance to the  Shadow Temple beneath the  graveyard behind this village. --- PAGE --- The only thing I can do for you is teach you the melody that will lead you to the Shadow Temple... --- PAGE --- This is the melody that will draw you into the infinite darkness  that absorbs even time... Listen to  this, the Nocturne of Shadow!!","Creo que Impa fue al Templo de la Sombra para sellarlo de nuevo, pero... ¡estará en peligro sin ninguna ayuda! --- PAGE --- ¡[PLAYER]! Impa es una de las seis Sabias. ¡Destruye al espíritu sombrío maligno y salva a Impa! --- PAGE --- Hay una entrada al Templo de la Sombra debajo del cementerio detrás de este pueblo. --- PAGE --- Lo único que puedo hacer por ti es enseñarte la melodía que te llevará al Templo de la Sombra... --- PAGE --- Esta es la melodía que te llevará a la oscuridad infinita que absorbe incluso el tiempo... ¡Escucha esto, el Nocturno de la Sombra!",CRITICAL_GAMEPLAY,YES,oot.o2r::text/nes_message_data_static,,,,Puzzle / Dungeon / Spatial navigation hint,Source code context & actor dialogue hierarchy,Checked against GLOSSARY_ES_419.csv,NONE,PASS,"Creo que Impa fue al Templo de la Sombra para sellarlo de nuevo, pero... ¡estará en peligro sin ninguna ayuda! --- PAGE --- ¡[PLAYER]! Impa es una de las seis Sabias. ¡Destruye al espíritu sombrío maligno y salva a Impa! --- PAGE --- Hay una entrada al Templo de la Sombra debajo del cementerio detrás de este pueblo. --- PAGE --- Lo único que puedo hacer por ti es enseñarte la melodía que te llevará al Templo de la Sombra... --- PAGE --- Esta es la melodía que te llevará a la oscuridad infinita que absorbe incluso el tiempo... ¡Escucha esto, el Nocturno de la Sombra!",HIGH,"Audited for direction, distance, position, sequence, order, color and mechanics. CERTIFIED."
0x5034,MAIN_GAME,"Grrrrrrrrr! --- PAGE --- I'll never forget what happened on that day, seven years ago! Grrrrrrrrr! --- PAGE --- It's all that Ocarina kid's fault! Next time he comes around here, I'm gonna mess him up!","¡Grrrrrrrrr! --- PAGE --- ¡Nunca olvidaré lo que pasó en ese día, hace siete años! ¡Grrrrrrrrr! --- PAGE --- ¡Es toda la culpa de ese chico de la ocarina! ¡La próxima vez que venga por aquí, se la voy a hacer pagar!",CRITICAL_GAMEPLAY,YES,oot.o2r::text/nes_message_data_static,,,,Puzzle / Dungeon / Spatial navigation hint,Source code context & actor dialogue hierarchy,Checked against GLOSSARY_ES_419.csv,NONE,PASS,"¡Grrrrrrrrr! --- PAGE --- ¡Nunca olvidaré lo que pasó en ese día, hace siete años! ¡Grrrrrrrrr! --- PAGE --- ¡Es toda la culpa de ese chico de la ocarina! ¡La próxima vez que venga por aquí, se la voy a hacer pagar!",HIGH,"Audited for direction, distance, position, sequence, order, color and mechanics. CERTIFIED."
0x5035,MAIN_GAME,"What?! You've got an ocarina!! --- PAGE --- What the heck! --- PAGE --- That reminds me of that time, seven years ago! --- PAGE --- Back then a mean kid came here  and played a strange song. It  messed up this windmill!","¿¡Qué?! ¡¡Tienes una ocarina!! --- PAGE --- ¿¡Qué demonios!? --- PAGE --- Eso me recuerda a esa vez, hace siete años. --- PAGE --- En aquel entonces un chico malvado vino aquí y tocó una canción extraña. ¡Arruinó este molino de viento!",CRITICAL_GAMEPLAY,YES,oot.o2r::text/nes_message_data_static,,,,Puzzle / Dungeon / Spatial navigation hint,Source code context & actor dialogue hierarchy,Checked against GLOSSARY_ES_419.csv,NONE,PASS,"¿¡Qué?! ¡¡Tienes una ocarina!! --- PAGE --- ¿¡Qué demonios!? --- PAGE --- Eso me recuerda a esa vez, hace siete años. --- PAGE --- En aquel entonces un chico malvado vino aquí y tocó una canción extraña. ¡Arruinó este molino de viento!",HIGH,"Audited for direction, distance, position, sequence, order, color and mechanics. CERTIFIED."
0x5067,MAIN_GAME,"Ding dong, ding dong! The current time is: . --- PAGE --- Head east and you'll find a graveyard. Legends say you can  calm the souls of the dead with an old song of the Royal Family.","Ding dong, ding dong. La hora actual es: . --- PAGE --- Ve al este y encontrarás un cementerio. Las leyendas dicen que puedes calmar las almas de los muertos con una vieja canción de la Familia Real.",CRITICAL_GAMEPLAY,YES,oot.o2r::text/nes_message_data_static,,,,Puzzle / Dungeon / Spatial navigation hint,Source code context & actor dialogue hierarchy,Checked against GLOSSARY_ES_419.csv,NONE,PASS,"Ding dong, ding dong. La hora actual es: . --- PAGE --- Ve al este y encontrarás un cementerio. Las leyendas dicen que puedes calmar las almas de los muertos con una vieja canción de la Familia Real.",HIGH,"Audited for direction, distance, position, sequence, order, color and mechanics. CERTIFIED."
0x5071,MAIN_GAME,[PLAYER]! This ship is sinking! Abandon ship! Get onto a safe platform!,¡[PLAYER]! ¡Este barco se está hundiendo! ¡Abandona el barco! ¡Sube a una plataforma segura!,CRITICAL_GAMEPLAY,YES,oot.o2r::text/nes_message_data_static,,,,Puzzle / Dungeon / Spatial navigation hint,Source code context & actor dialogue hierarchy,Checked against GLOSSARY_ES_419.csv,NONE,PASS,¡[PLAYER]! ¡Este barco se está hundiendo! ¡Abandona el barco! ¡Sube a una plataforma segura!,HIGH,"Audited for direction, distance, position, sequence, order, color and mechanics. CERTIFIED."
0x508E,MAIN_GAME,"Oh, no! A storm again!! You played the Ocarina again, didn't you!! Grrrrrrrrrrrrrrr!!","¡¡Oh, no! ¡¡Otra tormenta!! ¡¡Tocaste la Ocarina de nuevo, verdad! ¡¡Grrrrrrrrrrrrrrr!!",CRITICAL_GAMEPLAY,YES,oot.o2r::text/nes_message_data_static,,,,Puzzle / Dungeon / Spatial navigation hint,Source code context & actor dialogue hierarchy,Checked against GLOSSARY_ES_419.csv,NONE,PASS,"¡¡Oh, no! ¡¡Otra tormenta!! ¡¡Tocaste la Ocarina de nuevo, verdad! ¡¡Grrrrrrrrrrrrrrr!!",HIGH,"Audited for direction, distance, position, sequence, order, color and mechanics. CERTIFIED."
0x600B,MAIN_GAME,"I'll be your guide on your way, but coming back, I won't play! I'll show you the only way to go, so follow me and don't be slow!","Seré tu guía en tu camino, ¡pero al volver, no jugaré! ¡Te mostraré el único camino, sígueme y no seas lento!",CRITICAL_GAMEPLAY,YES,oot.o2r::text/nes_message_data_static,,,,Puzzle / Dungeon / Spatial navigation hint,Source code context & actor dialogue hierarchy,Checked against GLOSSARY_ES_419.csv,NONE,PASS,"Seré tu guía en tu camino, ¡pero al volver, no jugaré! ¡Te mostraré el único camino, sígueme y no seas lento!",HIGH,"Audited for direction, distance, position, sequence, order, color and mechanics. CERTIFIED."
0x600C,MAIN_GAME,"Past, present, future... --- PAGE --- The Master Sword is a ship with  which you can sail upstream and downstream through time's river... --- PAGE --- The port for that ship is in the Temple of Time... --- PAGE --- To restore the Desert Colossus and enter the Spirit Temple, you must travel back through time's flow... --- PAGE --- Listen to this Requiem of Spirit... This melody will lead a child back to the desert.","Pasado, presente, futuro... --- PAGE --- La Espada Maestra es un barco con el cual puedes navegar río arriba y río abajo a través del río del tiempo... --- PAGE --- El puerto de ese barco está en el Templo del Tiempo... --- PAGE --- Para restaurar al Coloso del Desierto y entrar al Templo del Espíritu, debes viajar de regreso a través del flujo del tiempo... --- PAGE --- Escucha este Réquiem del Espíritu... Esta melodía llevará a un niño de regreso al desierto.",CRITICAL_GAMEPLAY,YES,oot.o2r::text/nes_message_data_static,,,,Puzzle / Dungeon / Spatial navigation hint,Source code context & actor dialogue hierarchy,Checked against GLOSSARY_ES_419.csv,NONE,PASS,"Pasado, presente, futuro... --- PAGE --- La Espada Maestra es un barco con el cual puedes navegar río arriba y río abajo a través del río del tiempo... --- PAGE --- El puerto de ese barco está en el Templo del Tiempo... --- PAGE --- Para restaurar al Coloso del Desierto y entrar al Templo del Espíritu, debes viajar de regreso a través del flujo del tiempo... --- PAGE --- Escucha este Réquiem del Espíritu... Esta melodía llevará a un niño de regreso al desierto.",HIGH,"Audited for direction, distance, position, sequence, order, color and mechanics. CERTIFIED."
0x6023,MAIN_GAME,"First of all, let me introduce  myself. I'm Nabooru of the Gerudo. I'm a lone wolf thief. --- PAGE --- But don't get me wrong! --- PAGE --- Though we're both thieves, I'm  completely different from Ganondorf. --- PAGE --- With his followers, he stole from women and children, and he  even killed people! --- PAGE --- A kid like you may not know this,  but the Gerudo race consists only of women. Only one man is born every hundred years... --- PAGE --- Even though our laws say that lone male Gerudo must become King of the Gerudo, I'll never bow to such an evil man! --- PAGE --- By the way, what is your name,  kid? --- PAGE --- [PLAYER]?! --- PAGE --- What kind of name is that? Well...anyway...","Primero, déjame presentarme. Soy Nabooru de los Gerudo. Soy una ladrona lobo solitaria. --- PAGE --- Pero ¡no me malinterpretes! --- PAGE --- Aunque ambas somos ladrones, somos completamente diferente de Ganondorf. --- PAGE --- Con sus seguidores, robaba a mujeres y niños, ¡y hasta mataba gente! --- PAGE --- Un niño como tú podría no saber esto, pero la raza Gerudo consta solo de mujeres. Solo un hombre nace cada cien años... --- PAGE --- aunque nuestras leyes digan que un hombre Gerudo solitario debe ser Rey de los Gerudo, ¡nunca me doblaré ante un hombre tan malvado! --- PAGE --- Por cierto, ¿cuál es tu nombre, chico? --- PAGE --- ¡[PLAYER]? --- PAGE --- ¿Qué clase de nombre es ese? Bueno... de todos modos...",CRITICAL_GAMEPLAY,YES,oot.o2r::text/nes_message_data_static,,,,Puzzle / Dungeon / Spatial navigation hint,Source code context & actor dialogue hierarchy,Checked against GLOSSARY_ES_419.csv,NONE,PASS,"Primero, déjame presentarme. Soy Nabooru de los Gerudo. Soy una ladrona lobo solitaria. --- PAGE --- Pero ¡no me malinterpretes! --- PAGE --- Aunque ambas somos ladrones, somos completamente diferente de Ganondorf. --- PAGE --- Con sus seguidores, robaba a mujeres y niños, ¡y hasta mataba gente! --- PAGE --- Un niño como tú podría no saber esto, pero la raza Gerudo consta solo de mujeres. Solo un hombre nace cada cien años... --- PAGE --- aunque nuestras leyes digan que un hombre Gerudo solitario debe ser Rey de los Gerudo, ¡nunca me doblaré ante un hombre tan malvado! --- PAGE --- Por cierto, ¿cuál es tu nombre, chico? --- PAGE --- ¡[PLAYER]? --- PAGE --- ¿Qué clase de nombre es ese? Bueno... de todos modos...",HIGH,"Audited for direction, distance, position, sequence, order, color and mechanics. CERTIFIED."
0x6038,MAIN_GAME,[PLAYER]...see you again!,¡[PLAYER]... hasta la próxima!,CRITICAL_GAMEPLAY,YES,oot.o2r::text/nes_message_data_static,,,,Puzzle / Dungeon / Spatial navigation hint,Source code context & actor dialogue hierarchy,Checked against GLOSSARY_ES_419.csv,NONE,PASS,¡[PLAYER]... hasta la próxima!,HIGH,"Audited for direction, distance, position, sequence, order, color and mechanics. CERTIFIED."
0x603A,MAIN_GAME,"Kid... --- PAGE --- No... [PLAYER], the Hero of Time! --- PAGE --- Instead of keeping the promise I made back then, I give you this Medallion! --- PAGE --- Take it!","Chico... --- PAGE --- No... ¡[PLAYER], el Héroe del Tiempo! --- PAGE --- En lugar de cumplir la promesa que hice en aquel entonces, ¡te doy este Medallón! --- PAGE --- ¡Tómalo!",CRITICAL_GAMEPLAY,YES,oot.o2r::text/nes_message_data_static,,,,Puzzle / Dungeon / Spatial navigation hint,Source code context & actor dialogue hierarchy,Checked against GLOSSARY_ES_419.csv,NONE,PASS,"Chico... --- PAGE --- No... ¡[PLAYER], el Héroe del Tiempo! --- PAGE --- En lugar de cumplir la promesa que hice en aquel entonces, ¡te doy este Medallón! --- PAGE --- ¡Tómalo!",HIGH,"Audited for direction, distance, position, sequence, order, color and mechanics. CERTIFIED."
0x603D,MAIN_GAME,[PLAYER]! Get out of here! Now!,¡[PLAYER]! ¡Sal de aquí! ¡Ahora!,CRITICAL_GAMEPLAY,YES,oot.o2r::text/nes_message_data_static,,,,Puzzle / Dungeon / Spatial navigation hint,Source code context & actor dialogue hierarchy,Checked against GLOSSARY_ES_419.csv,NONE,PASS,¡[PLAYER]! ¡Sal de aquí! ¡Ahora!,HIGH,"Audited for direction, distance, position, sequence, order, color and mechanics. CERTIFIED."
0x6079,MAIN_GAME,"Hey, what's up, [PLAYER]? Surprised to see me? --- PAGE --- A long time in this world is almost nothing to you, is it? How mysterious! --- PAGE --- Even I thought that the tales of a boy who could travel back and forth through time was merely a legend. --- PAGE --- [PLAYER], you have fully  matured as an adult.","¡Eh, qué tal, [PLAYER]! ¿Sorprendido de verme? --- PAGE --- Un largo tiempo en este mundo casi no significa nada para tí, ¿verdad? ¡Qué misterioso! --- PAGE --- Incluso yo pensaba que las leyendas de un chico que podía viajar hacia adelante y hacia atrás en el tiempo eran solo una leyenda. --- PAGE --- [PLAYER], te has convertido completamente en un adulto.",CRITICAL_GAMEPLAY,YES,oot.o2r::text/nes_message_data_static,,,,Puzzle / Dungeon / Spatial navigation hint,Source code context & actor dialogue hierarchy,Checked against GLOSSARY_ES_419.csv,NONE,PASS,"¡Eh, qué tal, [PLAYER]! ¿Sorprendido de verme? --- PAGE --- Un largo tiempo en este mundo casi no significa nada para tí, ¿verdad? ¡Qué misterioso! --- PAGE --- Incluso yo pensaba que las leyendas de un chico que podía viajar hacia adelante y hacia atrás en el tiempo eran solo una leyenda. --- PAGE --- [PLAYER], te has convertido completamente en un adulto.",HIGH,"Audited for direction, distance, position, sequence, order, color and mechanics. CERTIFIED."
0x700E,MAIN_GAME,It seems like it's taking forever for dawn to come... --- PAGE --- The view of Hyrule Castle in  the morning sun is so fantastic!,Parece que tarda una eternidad en llegar el amanecer... --- PAGE --- ¡La vista del Castillo de Hyrule con el sol de la mañana es fantástica!,CRITICAL_GAMEPLAY,YES,oot.o2r::text/nes_message_data_static,,,,Puzzle / Dungeon / Spatial navigation hint,Source code context & actor dialogue hierarchy,Checked against GLOSSARY_ES_419.csv,NONE,PASS,Parece que tarda una eternidad en llegar el amanecer... --- PAGE --- ¡La vista del Castillo de Hyrule con el sol de la mañana es fantástica!,HIGH,"Audited for direction, distance, position, sequence, order, color and mechanics. CERTIFIED."
0x7017,MAIN_GAME,"To get to Lon Lon Ranch, after you leave town, head due south across the field. You should visit the ranch at least once!","Para llegar a Granja Lon Lon, después de que salgas de la ciudad, ve hacia el sur a través del campo. ¡Deberías visitar la granja al menos una vez!",CRITICAL_GAMEPLAY,YES,oot.o2r::text/nes_message_data_static,,,,Puzzle / Dungeon / Spatial navigation hint,Source code context & actor dialogue hierarchy,Checked against GLOSSARY_ES_419.csv,NONE,PASS,"Para llegar a Granja Lon Lon, después de que salgas de la ciudad, ve hacia el sur a través del campo. ¡Deberías visitar la granja al menos una vez!",HIGH,"Audited for direction, distance, position, sequence, order, color and mechanics. CERTIFIED."
0x703D,MAIN_GAME,"The Spiritual Stone... You finally found it! --- PAGE --- It is said that the races that hold the Spiritual Stones open their minds only to one who knows the melody of the Royal Family. --- PAGE --- But you already know that, don't you?","La Piedra Espiritual... ¡Por fin la encontraste! --- PAGE --- Dicen que las razas que poseen las Piedras Espirituales abren sus mentes solo a quien conoce la melodía de la Familia Real. --- PAGE --- Pero ya lo sabes, ¿no?",CRITICAL_GAMEPLAY,YES,oot.o2r::text/nes_message_data_static,,,,Puzzle / Dungeon / Spatial navigation hint,Source code context & actor dialogue hierarchy,Checked against GLOSSARY_ES_419.csv,NONE,PASS,"La Piedra Espiritual... ¡Por fin la encontraste! --- PAGE --- Dicen que las razas que poseen las Piedras Espirituales abren sus mentes solo a quien conoce la melodía de la Familia Real. --- PAGE --- Pero ya lo sabes, ¿no?",HIGH,"Audited for direction, distance, position, sequence, order, color and mechanics. CERTIFIED."
0x7040,MAIN_GAME,There are three hollows and  an inscription here.... --- PAGE --- Ye who owns 3 Spiritual Stones  Stand with the Ocarina of Time And play the Song of Time --- PAGE --- That is how the inscription reads.,Hay tres huecos y una inscripción aquí.... --- PAGE --- Tú que posees 3 Piedras Espirituales Ponte de pie con la Ocarina del Tiempo Y toca la Canción del Tiempo --- PAGE --- Así dice la inscripción.,CRITICAL_GAMEPLAY,YES,oot.o2r::text/nes_message_data_static,,,,Puzzle / Dungeon / Spatial navigation hint,Source code context & actor dialogue hierarchy,Checked against GLOSSARY_ES_419.csv,NONE,PASS,Hay tres huecos y una inscripción aquí.... --- PAGE --- Tú que posees 3 Piedras Espirituales Ponte de pie con la Ocarina del Tiempo Y toca la Canción del Tiempo --- PAGE --- Así dice la inscripción.,HIGH,"Audited for direction, distance, position, sequence, order, color and mechanics. CERTIFIED."
0x704E,MAIN_GAME,"[PLAYER]... --- PAGE --- Wake up... [PLAYER], the chosen one...","[PLAYER]... --- PAGE --- Despierta... [PLAYER], el elegido...",CRITICAL_GAMEPLAY,YES,oot.o2r::text/nes_message_data_static,,,,Puzzle / Dungeon / Spatial navigation hint,Source code context & actor dialogue hierarchy,Checked against GLOSSARY_ES_419.csv,NONE,PASS,"[PLAYER]... --- PAGE --- Despierta... [PLAYER], el elegido...",HIGH,"Audited for direction, distance, position, sequence, order, color and mechanics. CERTIFIED."
0x704F,MAIN_GAME,"I am Rauru, one of the ancient Sages... --- PAGE --- Ages ago, we ancient Sages built the Temple of Time to  protect the entrance to the Sacred Realm... --- PAGE --- This is the Chamber of Sages,  inside the Temple of Light... --- PAGE --- The Temple of Light, situated in the very center of the Sacred  Realm, is the last stronghold  against Ganondorf's evil forces. --- PAGE --- The Master Sword--the evil- destroying sword that you pulled out of the Pedestal of Time--was  the final key to the Sacred Realm. --- PAGE --- [PLAYER]... Don't be alarmed... Look at yourself...!","Soy Rauru, uno de los antiguos Sabios... --- PAGE --- Hace edades, nosotros los antiguos Sabios construimos el Templo del Tiempo para proteger la entrada al Reino Sagrado... --- PAGE --- Esta es la Cámara de Sabios, dentro del Templo de la Luz... --- PAGE --- El Templo de la Luz, situado en el centro mismo del Reino Sagrado, es la última fortaleza contra las fuerzas malvadas de Ganondorf. --- PAGE --- La Espada Maestra, la espada destruyente del mal que sacaste del Pedestal del Tiempo, fue la llave final al Reino Sagrado. --- PAGE --- [PLAYER]... No te alarmes... ¡Mírate...!",CRITICAL_GAMEPLAY,YES,oot.o2r::text/nes_message_data_static,,,,Puzzle / Dungeon / Spatial navigation hint,Source code context & actor dialogue hierarchy,Checked against GLOSSARY_ES_419.csv,NONE,PASS,"Soy Rauru, uno de los antiguos Sabios... --- PAGE --- Hace edades, nosotros los antiguos Sabios construimos el Templo del Tiempo para proteger la entrada al Reino Sagrado... --- PAGE --- Esta es la Cámara de Sabios, dentro del Templo de la Luz... --- PAGE --- El Templo de la Luz, situado en el centro mismo del Reino Sagrado, es la última fortaleza contra las fuerzas malvadas de Ganondorf. --- PAGE --- La Espada Maestra, la espada destruyente del mal que sacaste del Pedestal del Tiempo, fue la llave final al Reino Sagrado. --- PAGE --- [PLAYER]... No te alarmes... ¡Mírate...!",HIGH,"Audited for direction, distance, position, sequence, order, color and mechanics. CERTIFIED."
0x7050,MAIN_GAME,Look [PLAYER]! You're big now!! You've grown up!,¡Mira [PLAYER]! ¡Ya eres grande!! ¡Has crecido!,CRITICAL_GAMEPLAY,YES,oot.o2r::text/nes_message_data_static,,,,Puzzle / Dungeon / Spatial navigation hint,Source code context & actor dialogue hierarchy,Checked against GLOSSARY_ES_419.csv,NONE,PASS,¡Mira [PLAYER]! ¡Ya eres grande!! ¡Has crecido!,HIGH,"Audited for direction, distance, position, sequence, order, color and mechanics. CERTIFIED."
0x7054,MAIN_GAME,[PLAYER]...we're back in the Temple of Time... But have seven years really passed? --- PAGE --- It looks like you won't be able to use some of the weapons you found as a kid anymore... --- PAGE --- Let's get out of here!,"[PLAYER]...estamos de vuelta en el Templo del Tiempo... Pero, ¿realmente han pasado siete años? --- PAGE --- Parece que no vas a poder usar algunas de las armas que encontraste de niño ya... --- PAGE --- ¡Vámonos de aquí!",CRITICAL_GAMEPLAY,YES,oot.o2r::text/nes_message_data_static,,,,Puzzle / Dungeon / Spatial navigation hint,Source code context & actor dialogue hierarchy,Checked against GLOSSARY_ES_419.csv,NONE,PASS,"[PLAYER]...estamos de vuelta en el Templo del Tiempo... Pero, ¿realmente han pasado siete años? --- PAGE --- Parece que no vas a poder usar algunas de las armas que encontraste de niño ya... --- PAGE --- ¡Vámonos de aquí!",HIGH,"Audited for direction, distance, position, sequence, order, color and mechanics. CERTIFIED."
0x705A,MAIN_GAME,"I have been waiting for you, [PLAYER].","Te he estado esperando, [PLAYER].",CRITICAL_GAMEPLAY,YES,oot.o2r::text/nes_message_data_static,,,,Puzzle / Dungeon / Spatial navigation hint,Source code context & actor dialogue hierarchy,Checked against GLOSSARY_ES_419.csv,NONE,PASS,"Te he estado esperando, [PLAYER].",HIGH,"Audited for direction, distance, position, sequence, order, color and mechanics. CERTIFIED."
0x705B,MAIN_GAME,"[PLAYER], the Hero of Time... --- PAGE --- You have overcome many  hardships and awakened six Sages. --- PAGE --- And now you have a final challenge, a showdown with  Ganondorf, the King of Evil....","[PLAYER], el Héroe del Tiempo... --- PAGE --- Has superado muchas dificultades y despertado a seis Sabios. --- PAGE --- Y ahora tienes un desafío final, un enfrentamiento con Ganondorf, el Rey del Mal...",CRITICAL_GAMEPLAY,YES,oot.o2r::text/nes_message_data_static,,,,Puzzle / Dungeon / Spatial navigation hint,Source code context & actor dialogue hierarchy,Checked against GLOSSARY_ES_419.csv,NONE,PASS,"[PLAYER], el Héroe del Tiempo... --- PAGE --- Has superado muchas dificultades y despertado a seis Sabios. --- PAGE --- Y ahora tienes un desafío final, un enfrentamiento con Ganondorf, el Rey del Mal...",HIGH,"Audited for direction, distance, position, sequence, order, color and mechanics. CERTIFIED."
0x705E,MAIN_GAME,"The one who holds the Triforce  of Courage is... You, [PLAYER]!","El que posee el Trifuerza de Corazón es... ¡Tú, [PLAYER]!",CRITICAL_GAMEPLAY,YES,oot.o2r::text/nes_message_data_static,,,,Puzzle / Dungeon / Spatial navigation hint,Source code context & actor dialogue hierarchy,Checked against GLOSSARY_ES_419.csv,NONE,PASS,"El que posee el Trifuerza de Corazón es... ¡Tú, [PLAYER]!",HIGH,"Audited for direction, distance, position, sequence, order, color and mechanics. CERTIFIED."
0x7063,MAIN_GAME,"As long as you had the Ocarina  in your possession, I thought  Ganondorf could never enter the Sacred Realm, but... --- PAGE --- something I could never expect happened...","Mientras tuvieras la Ocarina en tu posesión, pensé que Ganondorf nunca podría entrar al Reino Sagrado, pero... --- PAGE --- sucedió algo que nunca esperé...",CRITICAL_GAMEPLAY,YES,oot.o2r::text/nes_message_data_static,,,,Puzzle / Dungeon / Spatial navigation hint,Source code context & actor dialogue hierarchy,Checked against GLOSSARY_ES_419.csv,NONE,PASS,"Mientras tuvieras la Ocarina en tu posesión, pensé que Ganondorf nunca podría entrar al Reino Sagrado, pero... --- PAGE --- sucedió algo que nunca esperé...",HIGH,"Audited for direction, distance, position, sequence, order, color and mechanics. CERTIFIED."
0x7067,MAIN_GAME,"[PLAYER]...can you hear me? It's Rauru, the Sage. --- PAGE --- We six will gather our power to create a bridge to the castle where Ganondorf dwells... --- PAGE --- The castle's keep, which is  known as Ganon's Tower, is  protected by six evil barriers. --- PAGE --- Bring down the six barriers and save Princess Zelda!!","[PLAYER]... ¿puedes oírme? Soy Rauru, el Sabio. --- PAGE --- Nosotros seis reuniremos nuestro poder para crear un puente hacia el castillo donde mora Ganondorf... --- PAGE --- La fortaleza del castillo, que se conoce como Torre de Ganon, está protegida por seis barreras malvadas. --- PAGE --- ¡¡Derriba las seis barreras y salva a la Princesa Zelda!!",CRITICAL_GAMEPLAY,YES,oot.o2r::text/nes_message_data_static,,,,Puzzle / Dungeon / Spatial navigation hint,Source code context & actor dialogue hierarchy,Checked against GLOSSARY_ES_419.csv,NONE,PASS,"[PLAYER]... ¿puedes oírme? Soy Rauru, el Sabio. --- PAGE --- Nosotros seis reuniremos nuestro poder para crear un puente hacia el castillo donde mora Ganondorf... --- PAGE --- La fortaleza del castillo, que se conoce como Torre de Ganon, está protegida por seis barreras malvadas. --- PAGE --- ¡¡Derriba las seis barreras y salva a la Princesa Zelda!!",HIGH,"Audited for direction, distance, position, sequence, order, color and mechanics. CERTIFIED."
0x706D,MAIN_GAME,"[PLAYER]! Finish him off with the sword of time, the Master Sword!","¡[PLAYER]! ¡Acaba con él con la espada del tiempo, la Espada Maestra!",CRITICAL_GAMEPLAY,YES,oot.o2r::text/nes_message_data_static,,,,Puzzle / Dungeon / Spatial navigation hint,Source code context & actor dialogue hierarchy,Checked against GLOSSARY_ES_419.csv,NONE,PASS,"¡[PLAYER]! ¡Acaba con él con la espada del tiempo, la Espada Maestra!",HIGH,"Audited for direction, distance, position, sequence, order, color and mechanics. CERTIFIED."
0x706F,MAIN_GAME,"Thank you, [PLAYER]... --- PAGE --- Thanks to you, Ganondorf has been sealed inside the Evil Realm! --- PAGE --- Thus, peace will once again reign in this world...for a time.","Gracias, [PLAYER]... --- PAGE --- Gracias a ti, Ganondorf ha sido sellado dentro del Reino del Mal! --- PAGE --- Así, la paz volverá a reinar en este mundo... por un tiempo.",CRITICAL_GAMEPLAY,YES,oot.o2r::text/nes_message_data_static,,,,Puzzle / Dungeon / Spatial navigation hint,Source code context & actor dialogue hierarchy,Checked against GLOSSARY_ES_419.csv,NONE,PASS,"Gracias, [PLAYER]... --- PAGE --- Gracias a ti, Ganondorf ha sido sellado dentro del Reino del Mal! --- PAGE --- Así, la paz volverá a reinar en este mundo... por un tiempo.",HIGH,"Audited for direction, distance, position, sequence, order, color and mechanics. CERTIFIED."
0x7070,MAIN_GAME,Thank you... [PLAYER]...Good-bye....,Gracias... [PLAYER]... Adiós...,CRITICAL_GAMEPLAY,YES,oot.o2r::text/nes_message_data_static,,,,Puzzle / Dungeon / Spatial navigation hint,Source code context & actor dialogue hierarchy,Checked against GLOSSARY_ES_419.csv,NONE,PASS,Gracias... [PLAYER]... Adiós...,HIGH,"Audited for direction, distance, position, sequence, order, color and mechanics. CERTIFIED."
0x7075,MAIN_GAME,"As long as you hold the Ocarina of Time and the Master Sword, --- PAGE --- you hold time itself in your hands... --- PAGE --- [PLAYER], we shall meet  again!","Mientras tengas la Ocarina del Tiempo y la Espada Maestra, --- PAGE --- tienes al tiempo mismo en tus manos... --- PAGE --- ¡[PLAYER], nos volveremos a encontrar!",CRITICAL_GAMEPLAY,YES,oot.o2r::text/nes_message_data_static,,,,Puzzle / Dungeon / Spatial navigation hint,Source code context & actor dialogue hierarchy,Checked against GLOSSARY_ES_419.csv,NONE,PASS,"Mientras tengas la Ocarina del Tiempo y la Espada Maestra, --- PAGE --- tienes al tiempo mismo en tus manos... --- PAGE --- ¡[PLAYER], nos volveremos a encontrar!",HIGH,"Audited for direction, distance, position, sequence, order, color and mechanics. CERTIFIED."
0x707A,MAIN_GAME,"One Sage is waiting for the time of awakening in the Forest Temple. The Sage is a girl I am sure you know... --- PAGE --- Because of the evil power in the temple, she cannot hear the awakening call from the Sacred Realm... --- PAGE --- Unfortunately, equipped as you  currently are, you cannot even enter the temple... --- PAGE --- But, if you believe what I'm saying, you should head to Kakariko  Village... --- PAGE --- Do you understand,  [PLAYER]?","Un Sabio está esperando el momento del despertar en el Templo del Bosque. El Sabio es una chica que seguro conoces... --- PAGE --- Debido al poder maligno en el templo, ella no puede escuchar la llamada del despertar del Reino Sagrado... --- PAGE --- Desafortunadamente, equipado como estás actualmente, ni siquiera puedes entrar al templo... --- PAGE --- Pero, si crees en lo que estoy diciendo, deberías ir a la Aldea Kakariko... --- PAGE --- ¿Entiendes, [PLAYER]?",CRITICAL_GAMEPLAY,YES,oot.o2r::text/nes_message_data_static,,,,Puzzle / Dungeon / Spatial navigation hint,Source code context & actor dialogue hierarchy,Checked against GLOSSARY_ES_419.csv,NONE,PASS,"Un Sabio está esperando el momento del despertar en el Templo del Bosque. El Sabio es una chica que seguro conoces... --- PAGE --- Debido al poder maligno en el templo, ella no puede escuchar la llamada del despertar del Reino Sagrado... --- PAGE --- Desafortunadamente, equipado como estás actualmente, ni siquiera puedes entrar al templo... --- PAGE --- Pero, si crees en lo que estoy diciendo, deberías ir a la Aldea Kakariko... --- PAGE --- ¿Entiendes, [PLAYER]?",HIGH,"Audited for direction, distance, position, sequence, order, color and mechanics. CERTIFIED."
0x707B,MAIN_GAME,I thought I should entrust the Ocarina to you... I thought that  would be our best chance...,Pensé que debería confiar la Ocarina a ti... Pensé que esa sería nuestra mejor oportunidad...,CRITICAL_GAMEPLAY,YES,oot.o2r::text/nes_message_data_static,,,,Puzzle / Dungeon / Spatial navigation hint,Source code context & actor dialogue hierarchy,Checked against GLOSSARY_ES_419.csv,NONE,PASS,Pensé que debería confiar la Ocarina a ti... Pensé que esa sería nuestra mejor oportunidad...,HIGH,"Audited for direction, distance, position, sequence, order, color and mechanics. CERTIFIED."
0x7084,MAIN_GAME,"The six Sages will open the sealed door and lure Ganondorf back into the Sacred Realm. --- PAGE --- I will then seal the door to the  Sacred Realm from this world. --- PAGE --- Thus, Ganondorf the Evil King will vanish from Hyrule. --- PAGE --- [PLAYER]... In order to do this, I need your  courage again. Please protect me while I do my part. --- PAGE --- And here is a weapon that can  penetrate the Evil King's defenses... The power given to the chosen  ones... --- PAGE --- The sacred Arrow of Light!!!","Los seis Sabios abrirán la puerta sellada y atraerán a Ganondorf de vuelta al Reino Sagrado. --- PAGE --- Luego sellaré la puerta del Reino Sagrado desde este mundo. --- PAGE --- Así, Ganondorf el Rey Maligno desaparecerá de Hyrule. --- PAGE --- [PLAYER]... Para hacer esto, necesito tu coraje de nuevo. Por favor protégeme mientras hago mi parte. --- PAGE --- Y aquí está un arma que puede penetrar las defensas del Rey Maligno... El poder otorgado a los elegidos... --- PAGE --- ¡¡¡La sagrada Flecha de la Luz!!!",CRITICAL_GAMEPLAY,YES,oot.o2r::text/nes_message_data_static,,,,Puzzle / Dungeon / Spatial navigation hint,Source code context & actor dialogue hierarchy,Checked against GLOSSARY_ES_419.csv,NONE,PASS,"Los seis Sabios abrirán la puerta sellada y atraerán a Ganondorf de vuelta al Reino Sagrado. --- PAGE --- Luego sellaré la puerta del Reino Sagrado desde este mundo. --- PAGE --- Así, Ganondorf el Rey Maligno desaparecerá de Hyrule. --- PAGE --- [PLAYER]... Para hacer esto, necesito tu coraje de nuevo. Por favor protégeme mientras hago mi parte. --- PAGE --- Y aquí está un arma que puede penetrar las defensas del Rey Maligno... El poder otorgado a los elegidos... --- PAGE --- ¡¡¡La sagrada Flecha de la Luz!!!",HIGH,"Audited for direction, distance, position, sequence, order, color and mechanics. CERTIFIED."
0x7088,MAIN_GAME,"The Ocarina of Time opened the door. The Hero of Time, with the Master Sword, descended here.","La Ocarina del Tiempo abrió la puerta. El Héroe del Tiempo, con la Espada Maestra, descendió aquí.",CRITICAL_GAMEPLAY,YES,oot.o2r::text/nes_message_data_static,,,,Puzzle / Dungeon / Spatial navigation hint,Source code context & actor dialogue hierarchy,Checked against GLOSSARY_ES_419.csv,NONE,PASS,"La Ocarina del Tiempo abrió la puerta. El Héroe del Tiempo, con la Espada Maestra, descendió aquí.",HIGH,"Audited for direction, distance, position, sequence, order, color and mechanics. CERTIFIED."
0x7090,MAIN_GAME,"You are a courageous boy... You are heading out on a big, new  adventure, aren't you? --- PAGE --- My role in the Princess's dream was to teach a melody to the one from the forest. --- PAGE --- This is an ancient melody passed  down by the Royal Family. --- PAGE --- I have played this song for  Princess Zelda as a lullaby ever since she was a baby... --- PAGE --- There is mysterious power in  these notes. --- PAGE --- Now listen carefully...","Eres un chico valiente... Te embarcarás en una gran nueva aventura, ¿verdad? --- PAGE --- Mi papel en el sueño de la Princesa fue enseñarle una melodía a uno proveniente del bosque. --- PAGE --- Esta es una melodía antigua transmitida por la Familia Real. --- PAGE --- He tocado esta canción para la Princesa Zelda como canción de cuna desde que era bebé... --- PAGE --- Hay un poder misterioso en estas notas. --- PAGE --- Ahora escucha con atención...",CRITICAL_GAMEPLAY,YES,oot.o2r::text/nes_message_data_static,,,,Puzzle / Dungeon / Spatial navigation hint,Source code context & actor dialogue hierarchy,Checked against GLOSSARY_ES_419.csv,NONE,PASS,"Eres un chico valiente... Te embarcarás en una gran nueva aventura, ¿verdad? --- PAGE --- Mi papel en el sueño de la Princesa fue enseñarle una melodía a uno proveniente del bosque. --- PAGE --- Esta es una melodía antigua transmitida por la Familia Real. --- PAGE --- He tocado esta canción para la Princesa Zelda como canción de cuna desde que era bebé... --- PAGE --- Hay un poder misterioso en estas notas. --- PAGE --- Ahora escucha con atención...",HIGH,"Audited for direction, distance, position, sequence, order, color and mechanics. CERTIFIED."
0x7093,MAIN_GAME,"[PLAYER], give the Ocarina to me... --- PAGE --- As a Sage, I can return you to your original time with it.","[PLAYER], dame la Ocarina... --- PAGE --- Como Sabio, puedo devolverte a tu tiempo original con ella.",CRITICAL_GAMEPLAY,YES,oot.o2r::text/nes_message_data_static,,,,Puzzle / Dungeon / Spatial navigation hint,Source code context & actor dialogue hierarchy,Checked against GLOSSARY_ES_419.csv,NONE,PASS,"[PLAYER], dame la Ocarina... --- PAGE --- Como Sabio, puedo devolverte a tu tiempo original con ella.",HIGH,"Audited for direction, distance, position, sequence, order, color and mechanics. CERTIFIED."
0x7095,MAIN_GAME,"Now, go home, [PLAYER]. Regain your lost time! --- PAGE --- Home...  where you are supposed to be... the way you are supposed to be...","Ahora, vete a casa, [PLAYER]. ¡Recupera tu tiempo perdido! --- PAGE --- Casa... donde se supone que debes estar... de la forma en que se supone que debes estar...",CRITICAL_GAMEPLAY,YES,oot.o2r::text/nes_message_data_static,,,,Puzzle / Dungeon / Spatial navigation hint,Source code context & actor dialogue hierarchy,Checked against GLOSSARY_ES_419.csv,NONE,PASS,"Ahora, vete a casa, [PLAYER]. ¡Recupera tu tiempo perdido! --- PAGE --- Casa... donde se supone que debes estar... de la forma en que se supone que debes estar...",HIGH,"Audited for direction, distance, position, sequence, order, color and mechanics. CERTIFIED."
0x70CD,MAIN_GAME,"[PLAYER]! I can't help you! Because of the waves of darkness, I can't get close! --- PAGE --- I'm sorry, [PLAYER]!","¡[PLAYER]! ¡No puedo ayudarte! ¡Debido a las ondas de oscuridad, no puedo acercarme! --- PAGE --- ¡Lo siento, [PLAYER]!",CRITICAL_GAMEPLAY,YES,oot.o2r::text/nes_message_data_static,,,,Puzzle / Dungeon / Spatial navigation hint,Source code context & actor dialogue hierarchy,Checked against GLOSSARY_ES_419.csv,NONE,PASS,"¡[PLAYER]! ¡No puedo ayudarte! ¡Debido a las ondas de oscuridad, no puedo acercarme! --- PAGE --- ¡Lo siento, [PLAYER]!",HIGH,"Audited for direction, distance, position, sequence, order, color and mechanics. CERTIFIED."
0x70CF,MAIN_GAME,[PLAYER]....!,¡[PLAYER]....!,CRITICAL_GAMEPLAY,YES,oot.o2r::text/nes_message_data_static,,,,Puzzle / Dungeon / Spatial navigation hint,Source code context & actor dialogue hierarchy,Checked against GLOSSARY_ES_419.csv,NONE,PASS,¡[PLAYER]....!,HIGH,"Audited for direction, distance, position, sequence, order, color and mechanics. CERTIFIED."
0x70D1,MAIN_GAME,"[PLAYER], listen to me! This tower will collapse soon! --- PAGE --- With his last breath, Ganondorf is trying to crush us in the ruins of the tower! We need to hurry and escape!","¡[PLAYER], escúchame! ¡Esta torre colapsará pronto! --- PAGE --- Con su último aliento, Ganondorf está intentando aplastarnos en las ruinas de la torre! ¡Necesitamos apresurarnos y escapar!",CRITICAL_GAMEPLAY,YES,oot.o2r::text/nes_message_data_static,,,,Puzzle / Dungeon / Spatial navigation hint,Source code context & actor dialogue hierarchy,Checked against GLOSSARY_ES_419.csv,NONE,PASS,"¡[PLAYER], escúchame! ¡Esta torre colapsará pronto! --- PAGE --- Con su último aliento, Ganondorf está intentando aplastarnos en las ruinas de la torre! ¡Necesitamos apresurarnos y escapar!",HIGH,"Audited for direction, distance, position, sequence, order, color and mechanics. CERTIFIED."
0x70D4,MAIN_GAME,[PLAYER]...  I'm sorry I couldn't help you in the battle before!,[PLAYER]... ¡Lo siento que no pude ayudarte en la batalla anterior!,CRITICAL_GAMEPLAY,YES,oot.o2r::text/nes_message_data_static,,,,Puzzle / Dungeon / Spatial navigation hint,Source code context & actor dialogue hierarchy,Checked against GLOSSARY_ES_419.csv,NONE,PASS,[PLAYER]... ¡Lo siento que no pude ayudarte en la batalla anterior!,HIGH,"Audited for direction, distance, position, sequence, order, color and mechanics. CERTIFIED."
0x70D7,MAIN_GAME,[PLAYER]! The Master  Sword is here!  Hurry up!!,¡[PLAYER]! ¡La Espada Maestra está aquí! ¡Apúrate!!,CRITICAL_GAMEPLAY,YES,oot.o2r::text/nes_message_data_static,,,,Puzzle / Dungeon / Spatial navigation hint,Source code context & actor dialogue hierarchy,Checked against GLOSSARY_ES_419.csv,NONE,PASS,¡[PLAYER]! ¡La Espada Maestra está aquí! ¡Apúrate!!,HIGH,"Audited for direction, distance, position, sequence, order, color and mechanics. CERTIFIED."
0x70DC,MAIN_GAME,CURSE YOU...[PLAYER]!,¡MALDICIÓN...[PLAYER]!,CRITICAL_GAMEPLAY,YES,oot.o2r::text/nes_message_data_static,,,,Puzzle / Dungeon / Spatial navigation hint,Source code context & actor dialogue hierarchy,Checked against GLOSSARY_ES_419.csv,NONE,PASS,¡MALDICIÓN...[PLAYER]!,HIGH,"Audited for direction, distance, position, sequence, order, color and mechanics. CERTIFIED."
0x70E0,MAIN_GAME,"The Forest Barrier is dispelled! Hurry up, [PLAYER]!","¡La Barrera del Bosque ha sido dispersada! ¡Apúrate, [PLAYER]!",CRITICAL_GAMEPLAY,YES,oot.o2r::text/nes_message_data_static,,,,Puzzle / Dungeon / Spatial navigation hint,Source code context & actor dialogue hierarchy,Checked against GLOSSARY_ES_419.csv,NONE,PASS,"¡La Barrera del Bosque ha sido dispersada! ¡Apúrate, [PLAYER]!",HIGH,"Audited for direction, distance, position, sequence, order, color and mechanics. CERTIFIED."
0x70E6,MAIN_GAME,"[PLAYER], isn't that...?!","¡[PLAYER], no es eso...?!",CRITICAL_GAMEPLAY,YES,oot.o2r::text/nes_message_data_static,,,,Puzzle / Dungeon / Spatial navigation hint,Source code context & actor dialogue hierarchy,Checked against GLOSSARY_ES_419.csv,NONE,PASS,"¡[PLAYER], no es eso...?!",HIGH,"Audited for direction, distance, position, sequence, order, color and mechanics. CERTIFIED."
0x70F4,MAIN_GAME,"Oh...you are quite an energetic young man. You're brave and handsome, too. --- PAGE --- Heh heh heh...your name is [PLAYER], isn't it. --- PAGE --- Heh heh he...don't be surprised. I can read people's minds. --- PAGE --- If I looked as good as you, I could run a different kind of  business...heh he heh... --- PAGE --- My shop is the only Ghost Shop in Hyrule. --- PAGE --- Because of the great Ganondorf,  it is a fine time for a business  like this...heh heh heh... --- PAGE --- Oh...I can only hope the world  gets even worse! --- PAGE --- The ghosts, called Poes, are  spirits of concentrated hatred  that appear in the fields and  graveyard. They hate the world! --- PAGE --- Young man, if you catch a Poe, I will pay a lot of money for it... Heh heh hee!","Oh...eres un joven muy enérgico. Eres valiente y guapo también. --- PAGE --- Je je je...tu nombre es [PLAYER], ¿no es así? --- PAGE --- Je je je...no te sorprendas. Puedo leer la mente de la gente. --- PAGE --- Si yo se viera tan bien como tú, podría dirigir un tipo diferente de negocio...je je je... --- PAGE --- Mi tienda es la única Tienda de Fantasmas en Hyrule. --- PAGE --- Gracias al gran Ganondorf, es un momento ideal para un negocio como este...je je je... --- PAGE --- Oh...¡solo puedo esperar que el mundo empeore aún más! --- PAGE --- Los fantasmas, llamados Poes, son espíritus de odio concentrado que aparecen en los campos y cementerios. ¡Odian al mundo! --- PAGE --- Joven, si capturas un Poe, te pagaré mucho dinero por él... ¡Je je je!",CRITICAL_GAMEPLAY,YES,oot.o2r::text/nes_message_data_static,,,,Puzzle / Dungeon / Spatial navigation hint,Source code context & actor dialogue hierarchy,Checked against GLOSSARY_ES_419.csv,NONE,PASS,"Oh...eres un joven muy enérgico. Eres valiente y guapo también. --- PAGE --- Je je je...tu nombre es [PLAYER], ¿no es así? --- PAGE --- Je je je...no te sorprendas. Puedo leer la mente de la gente. --- PAGE --- Si yo se viera tan bien como tú, podría dirigir un tipo diferente de negocio...je je je... --- PAGE --- Mi tienda es la única Tienda de Fantasmas en Hyrule. --- PAGE --- Gracias al gran Ganondorf, es un momento ideal para un negocio como este...je je je... --- PAGE --- Oh...¡solo puedo esperar que el mundo empeore aún más! --- PAGE --- Los fantasmas, llamados Poes, son espíritus de odio concentrado que aparecen en los campos y cementerios. ¡Odian al mundo! --- PAGE --- Joven, si capturas un Poe, te pagaré mucho dinero por él... ¡Je je je!",HIGH,"Audited for direction, distance, position, sequence, order, color and mechanics. CERTIFIED."
0x7133,MAIN_GAME,The little kid playing in the graveyard was saying something about his face...,El niño que jugaba en el cementerio decía algo sobre su cara...,CRITICAL_GAMEPLAY,YES,oot.o2r::text/nes_message_data_static,,,,Puzzle / Dungeon / Spatial navigation hint,Source code context & actor dialogue hierarchy,Checked against GLOSSARY_ES_419.csv,NONE,PASS,El niño que jugaba en el cementerio decía algo sobre su cara...,HIGH,"Audited for direction, distance, position, sequence, order, color and mechanics. CERTIFIED."
0x714C,MAIN_GAME,Please quit playing around and dispel our curse!,"¡Por favor, deja de jugar y deshaz nuestra maldición!",CRITICAL_GAMEPLAY,YES,oot.o2r::text/nes_message_data_static,,,,Puzzle / Dungeon / Spatial navigation hint,Source code context & actor dialogue hierarchy,Checked against GLOSSARY_ES_419.csv,NONE,PASS,"¡Por favor, deja de jugar y deshaz nuestra maldición!",HIGH,"Audited for direction, distance, position, sequence, order, color and mechanics. CERTIFIED."
0x717D,MAIN_GAME,"Humph! It's fine to play like that when  you're a kid, but just wait until you grow up! Work, work, work!","¡Hmph! Está bien jugar así cuando eres niño, ¡pero espera a que crescas! ¡Trabajar, trabajar, trabajar!",CRITICAL_GAMEPLAY,YES,oot.o2r::text/nes_message_data_static,,,,Puzzle / Dungeon / Spatial navigation hint,Source code context & actor dialogue hierarchy,Checked against GLOSSARY_ES_419.csv,NONE,PASS,"¡Hmph! Está bien jugar así cuando eres niño, ¡pero espera a que crescas! ¡Trabajar, trabajar, trabajar!",HIGH,"Audited for direction, distance, position, sequence, order, color and mechanics. CERTIFIED."
0x71A4,MAIN_GAME,"Hmm. No, no, no! The ears aren't right at all! They should be, you know, longer!","Hmm. ¡No, no, no! ¡Las orejas no son correctas para nada! ¡Deberían ser, ya sabes, más largas!",CRITICAL_GAMEPLAY,YES,oot.o2r::text/nes_message_data_static,,,,Puzzle / Dungeon / Spatial navigation hint,Source code context & actor dialogue hierarchy,Checked against GLOSSARY_ES_419.csv,NONE,PASS,"Hmm. ¡No, no, no! ¡Las orejas no son correctas para nada! ¡Deberían ser, ya sabes, más largas!",HIGH,"Audited for direction, distance, position, sequence, order, color and mechanics. CERTIFIED."
0x71A8,MAIN_GAME,"Hurry up, [PLAYER]! Any second now, the tower is  going to collapse!!","¡Apúrate, [PLAYER]! En cualquier momento la torre se va a derrumbar!",CRITICAL_GAMEPLAY,YES,oot.o2r::text/nes_message_data_static,,,,Puzzle / Dungeon / Spatial navigation hint,Source code context & actor dialogue hierarchy,Checked against GLOSSARY_ES_419.csv,NONE,PASS,"¡Apúrate, [PLAYER]! En cualquier momento la torre se va a derrumbar!",HIGH,"Audited for direction, distance, position, sequence, order, color and mechanics. CERTIFIED."
0x71AA,MAIN_GAME,[PLAYER]! Help me!,¡[PLAYER]! ¡Ayúdame!,CRITICAL_GAMEPLAY,YES,oot.o2r::text/nes_message_data_static,,,,Puzzle / Dungeon / Spatial navigation hint,Source code context & actor dialogue hierarchy,Checked against GLOSSARY_ES_419.csv,NONE,PASS,¡[PLAYER]! ¡Ayúdame!,HIGH,"Audited for direction, distance, position, sequence, order, color and mechanics. CERTIFIED."
0x71AB,MAIN_GAME,[PLAYER]! The exit is just over there!,¡[PLAYER]! ¡La salida está justo allá!,CRITICAL_GAMEPLAY,YES,oot.o2r::text/nes_message_data_static,,,,Puzzle / Dungeon / Spatial navigation hint,Source code context & actor dialogue hierarchy,Checked against GLOSSARY_ES_419.csv,NONE,PASS,¡[PLAYER]! ¡La salida está justo allá!,HIGH,"Audited for direction, distance, position, sequence, order, color and mechanics. CERTIFIED."
0x71AC,MAIN_GAME,"Thank you, [PLAYER]. Now, let's hurry!","Gracias, [PLAYER]. ¡Ahora, apúrate!",CRITICAL_GAMEPLAY,YES,oot.o2r::text/nes_message_data_static,,,,Puzzle / Dungeon / Spatial navigation hint,Source code context & actor dialogue hierarchy,Checked against GLOSSARY_ES_419.csv,NONE,PASS,"Gracias, [PLAYER]. ¡Ahora, apúrate!",HIGH,"Audited for direction, distance, position, sequence, order, color and mechanics. CERTIFIED."
Z_MESSAGE_OTR::L126,MAIN_GAME,You got a rGold Skulltula Tokenw! You've collected r[gsCount]w tokens in total!,¡Obtuviste un Token de Gold Skulltula! ¡Has coleccionado r[gsCount]w tokens en total!,HIGH_RISK,NO,soh/soh/z_message_OTR.cpp,,,,Hint / Shop / Item gameplay text,Source code context & item / shop interaction,Checked against GLOSSARY_ES_419.csv,NONE,PASS,¡Obtuviste un Token de Skulltula Dorada! ¡Has coleccionado r[gsCount]w tokens en total!,HIGH,"Audited for item description, price, condition, choice logic. CERTIFIED."
Z_MESSAGE_OTR::L148,MAIN_GAME,You got a rHeart Containerw! You've collected r[heartContainerCount]w containers in total!,¡Obtuviste un Contenedor de Corazón! ¡Has coleccionado r[heartContainerCount]w contenedores en total!,HIGH_RISK,NO,soh/soh/z_message_OTR.cpp,,,,Hint / Shop / Item gameplay text,Source code context & item / shop interaction,Checked against GLOSSARY_ES_419.csv,NONE,PASS,¡Obtuviste un Contenedor de Corazón! ¡Has coleccionado r[heartContainerCount]w contenedores en total!,HIGH,"Audited for item description, price, condition, choice logic. CERTIFIED."
Z_MESSAGE_OTR::L154,MAIN_GAME,You got a rHeart Piecew! You've collected r[heartPieceCount]w pieces in total!,¡Obtuviste una Pieza de Corazón! ¡Has coleccionado r[heartPieceCount]w piezas en total!,HIGH_RISK,NO,soh/soh/z_message_OTR.cpp,,,,Hint / Shop / Item gameplay text,Source code context & item / shop interaction,Checked against GLOSSARY_ES_419.csv,NONE,PASS,¡Obtuviste una Pieza de Corazón! ¡Has coleccionado r[heartPieceCount]w piezas en total!,HIGH,"Audited for item description, price, condition, choice logic. CERTIFIED."
Rando::GIMESSAGE::RG_GREG_RUPEE,MAIN_GAME,You found gGregw!,¡Encontraste a Greg!,HIGH_RISK,NO,soh/soh/Enhancements/randomizer/randomizer.cpp,,,,Hint / Shop / Item gameplay text,Source code context & item / shop interaction,Checked against GLOSSARY_ES_419.csv,NONE,PASS,¡Encontraste a Greg!,HIGH,"Audited for item description, price, condition, choice logic. CERTIFIED."
Rando::GIMESSAGE::RG_MASTER_SWORD,MAIN_GAME,You found the gMaster Swordw!,¡Encontraste la Espada Maestra!,HIGH_RISK,NO,soh/soh/Enhancements/randomizer/randomizer.cpp,,,,Hint / Shop / Item gameplay text,Source code context & item / shop interaction,Checked against GLOSSARY_ES_419.csv,NONE,PASS,¡Encontraste la Espada Maestra!,HIGH,"Audited for item description, price, condition, choice logic. CERTIFIED."
Rando::GIMESSAGE::RG_BOTTLE_WITH_BLUE_FIRE,MAIN_GAME,You got a rBottle with Blue  Firew! Use it to melt Red Ice!,¡Obtuviste una Botella con Fuego Azul! ¡Úsala para derretir el Hielo Rojo!,HIGH_RISK,NO,soh/soh/Enhancements/randomizer/randomizer.cpp,,,,Hint / Shop / Item gameplay text,Source code context & item / shop interaction,Checked against GLOSSARY_ES_419.csv,NONE,PASS,¡Obtuviste una Botella con Fuego Azul! ¡Úsala para derretir el Hielo Rojo!,HIGH,"Audited for item description, price, condition, choice logic. CERTIFIED."
Rando::GIMESSAGE::RG_BOTTLE_WITH_BUGS,MAIN_GAME,You got a rBug in a Bottlew! They love to burrow in dirt holes!,¡Obtuviste un Bicho en una Botella! ¡A ellos les encanta tunnelar en agujeros de tierra!,HIGH_RISK,NO,soh/soh/Enhancements/randomizer/randomizer.cpp,,,,Hint / Shop / Item gameplay text,Source code context & item / shop interaction,Checked against GLOSSARY_ES_419.csv,NONE,PASS,¡Obtuviste un Bicho en una Botella! ¡A ellos les encanta tunnelar en agujeros de tierra!,HIGH,"Audited for item description, price, condition, choice logic. CERTIFIED."
Rando::GIMESSAGE::RG_BOTTLE_WITH_FAIRY,MAIN_GAME,You got a rFairy in a Bottlew! Use it wisely!,¡Obtuviste un Hada en una Botella! ¡Úsala con sabiduría!,HIGH_RISK,NO,soh/soh/Enhancements/randomizer/randomizer.cpp,,,,Hint / Shop / Item gameplay text,Source code context & item / shop interaction,Checked against GLOSSARY_ES_419.csv,NONE,PASS,¡Obtuviste un Hada en una Botella! ¡Úsala con sabiduría!,HIGH,"Audited for item description, price, condition, choice logic. CERTIFIED."
Rando::GIMESSAGE::RG_BOTTLE_WITH_RED_POTION,MAIN_GAME,You got a rBottle of Red Potionw! Drink it to replenish your ghealthw!,¡Obtuviste una Botella de Poción Roja! ¡Bébela para reponer tu vida!,HIGH_RISK,NO,soh/soh/Enhancements/randomizer/randomizer.cpp,,,,Hint / Shop / Item gameplay text,Source code context & item / shop interaction,Checked against GLOSSARY_ES_419.csv,NONE,PASS,¡Obtuviste una Botella de Poción Roja! ¡Bébela para reponer tu vida!,HIGH,"Audited for item description, price, condition, choice logic. CERTIFIED."
Rando::GIMESSAGE::RG_BOTTLE_WITH_GREEN_POTION,MAIN_GAME,You got a rBottle of Green Potionw! Drink it to replenish your bmagicw!,¡Obtuviste una Botella de Poción Verde! ¡Bébela para reponer tu magia!,HIGH_RISK,NO,soh/soh/Enhancements/randomizer/randomizer.cpp,,,,Hint / Shop / Item gameplay text,Source code context & item / shop interaction,Checked against GLOSSARY_ES_419.csv,NONE,PASS,¡Obtuviste una Botella de Poción Verde! ¡Bébela para reponer tu magia!,HIGH,"Audited for item description, price, condition, choice logic. CERTIFIED."
Rando::GIMESSAGE::RG_GERUDO_FORTRESS_SMALL_KEY,MAIN_GAME,You found a yThieves' Hideout  wSmall Key!,¡Encontraste una Llave Pequeña del Refugio de los Ladrones!,HIGH_RISK,NO,soh/soh/Enhancements/randomizer/randomizer.cpp,,,,Hint / Shop / Item gameplay text,Source code context & item / shop interaction,Checked against GLOSSARY_ES_419.csv,NONE,PASS,¡Encontraste una Llave Pequeña del Refugio de los Ladrones!,HIGH,"Audited for item description, price, condition, choice logic. CERTIFIED."
Rando::GIMESSAGE::RG_FOREST_TEMPLE_SMALL_KEY,MAIN_GAME,You found a gForest Temple  wSmall Key!,¡Encontraste una Llave Pequeña del Templo del Bosque!,HIGH_RISK,NO,soh/soh/Enhancements/randomizer/randomizer.cpp,,,,Hint / Shop / Item gameplay text,Source code context & item / shop interaction,Checked against GLOSSARY_ES_419.csv,NONE,PASS,¡Encontraste una Llave Pequeña del Templo del Bosque!,HIGH,"Audited for item description, price, condition, choice logic. CERTIFIED."
Rando::GIMESSAGE::RG_FIRE_TEMPLE_SMALL_KEY,MAIN_GAME,You found a rFire Temple  wSmall Key!,¡Encontraste una Llave Pequeña del Templo del Fuego!,HIGH_RISK,NO,soh/soh/Enhancements/randomizer/randomizer.cpp,,,,Hint / Shop / Item gameplay text,Source code context & item / shop interaction,Checked against GLOSSARY_ES_419.csv,NONE,PASS,¡Encontraste una Llave Pequeña del Templo del Fuego!,HIGH,"Audited for item description, price, condition, choice logic. CERTIFIED."
Rando::GIMESSAGE::RG_WATER_TEMPLE_SMALL_KEY,MAIN_GAME,You found a bWater Temple  wSmall Key!,¡Encontraste una Llave Pequeña del Templo del Agua!,HIGH_RISK,NO,soh/soh/Enhancements/randomizer/randomizer.cpp,,,,Hint / Shop / Item gameplay text,Source code context & item / shop interaction,Checked against GLOSSARY_ES_419.csv,NONE,PASS,¡Encontraste una Llave Pequeña del Templo del Agua!,HIGH,"Audited for item description, price, condition, choice logic. CERTIFIED."
Rando::GIMESSAGE::RG_SPIRIT_TEMPLE_SMALL_KEY,MAIN_GAME,You found a ySpirit Temple  wSmall Key!,¡Encontraste una Llave Pequeña del Templo del Espíritu!,HIGH_RISK,NO,soh/soh/Enhancements/randomizer/randomizer.cpp,,,,Hint / Shop / Item gameplay text,Source code context & item / shop interaction,Checked against GLOSSARY_ES_419.csv,NONE,PASS,¡Encontraste una Llave Pequeña del Templo del Espíritu!,HIGH,"Audited for item description, price, condition, choice logic. CERTIFIED."
Rando::GIMESSAGE::RG_SHADOW_TEMPLE_SMALL_KEY,MAIN_GAME,You found a pShadow Temple  wSmall Key!,¡Encontraste una Llave Pequeña del Templo de la Sombra!,HIGH_RISK,NO,soh/soh/Enhancements/randomizer/randomizer.cpp,,,,Hint / Shop / Item gameplay text,Source code context & item / shop interaction,Checked against GLOSSARY_ES_419.csv,NONE,PASS,¡Encontraste una Llave Pequeña del Templo de la Sombra!,HIGH,"Audited for item description, price, condition, choice logic. CERTIFIED."
Rando::GIMESSAGE::RG_BOTTOM_OF_THE_WELL_SMALL_KEY,MAIN_GAME,You found a pBottom of the  Well wSmall Key!,¡Encontraste una Llave Pequeña del Fondo del Pozo!,HIGH_RISK,NO,soh/soh/Enhancements/randomizer/randomizer.cpp,,,,Hint / Shop / Item gameplay text,Source code context & item / shop interaction,Checked against GLOSSARY_ES_419.csv,NONE,PASS,¡Encontraste una Llave Pequeña del Fondo del Pozo!,HIGH,"Audited for item description, price, condition, choice logic. CERTIFIED."
Rando::GIMESSAGE::RG_GERUDO_TRAINING_GROUND_SMALL_KEY,MAIN_GAME,You found a yGerudo Training  Ground wSmall Key!,¡Encontraste una Llave Pequeña del Terreno de Entrenamiento Gerudo!,HIGH_RISK,NO,soh/soh/Enhancements/randomizer/randomizer.cpp,,,,Hint / Shop / Item gameplay text,Source code context & item / shop interaction,Checked against GLOSSARY_ES_419.csv,NONE,PASS,¡Encontraste una Llave Pequeña del Terreno de Entrenamiento Gerudo!,HIGH,"Audited for item description, price, condition, choice logic. CERTIFIED."
Rando::GIMESSAGE::RG_GANONS_CASTLE_SMALL_KEY,MAIN_GAME,You found a rGanon's Castle  wSmall Key!,¡Encontraste una Llave Pequeña del Castillo de Ganon!,HIGH_RISK,NO,soh/soh/Enhancements/randomizer/randomizer.cpp,,,,Hint / Shop / Item gameplay text,Source code context & item / shop interaction,Checked against GLOSSARY_ES_419.csv,NONE,PASS,¡Encontraste una Llave Pequeña del Castillo de Ganon!,HIGH,"Audited for item description, price, condition, choice logic. CERTIFIED."
Rando::GIMESSAGE::RG_GUARD_HOUSE_KEY,MAIN_GAME,You found the key to the gGuard Housew!,¡Encontraste la llave de la casa de la Guardia!,HIGH_RISK,NO,soh/soh/Enhancements/randomizer/randomizer.cpp,,,,Hint / Shop / Item gameplay text,Source code context & item / shop interaction,Checked against GLOSSARY_ES_419.csv,NONE,PASS,¡Encontraste la llave de la casa de la Guardia!,HIGH,"Audited for item description, price, condition, choice logic. CERTIFIED."
Rando::GIMESSAGE::RG_MARKET_BAZAAR_KEY,MAIN_GAME,You found the key to the gMarket Bazaarw!,¡Encontraste la llave del Bazar del Mercado!,HIGH_RISK,NO,soh/soh/Enhancements/randomizer/randomizer.cpp,,,,Hint / Shop / Item gameplay text,Source code context & item / shop interaction,Checked against GLOSSARY_ES_419.csv,NONE,PASS,¡Encontraste la llave del Bazar del Mercado!,HIGH,"Audited for item description, price, condition, choice logic. CERTIFIED."
Rando::GIMESSAGE::RG_MARKET_POTION_SHOP_KEY,MAIN_GAME,You found the key to the gMarket Potion Shopw!,¡Encontraste la llave de la tienda de pociones del Mercado!,HIGH_RISK,NO,soh/soh/Enhancements/randomizer/randomizer.cpp,,,,Hint / Shop / Item gameplay text,Source code context & item / shop interaction,Checked against GLOSSARY_ES_419.csv,NONE,PASS,¡Encontraste la llave de la tienda de pociones del Mercado!,HIGH,"Audited for item description, price, condition, choice logic. CERTIFIED."
Rando::GIMESSAGE::RG_MASK_SHOP_KEY,MAIN_GAME,You found the key to the gMask Shopw!,¡Encontraste la llave de la tienda de máscaras!,HIGH_RISK,NO,soh/soh/Enhancements/randomizer/randomizer.cpp,,,,Hint / Shop / Item gameplay text,Source code context & item / shop interaction,Checked against GLOSSARY_ES_419.csv,NONE,PASS,¡Encontraste la llave de la tienda de máscaras!,HIGH,"Audited for item description, price, condition, choice logic. CERTIFIED."
Rando::GIMESSAGE::RG_MARKET_SHOOTING_GALLERY_KEY,MAIN_GAME,You found the key to the gMarket Shooting Galleryw!,¡Encontraste la llave de la galería de tiro del Mercado!,HIGH_RISK,NO,soh/soh/Enhancements/randomizer/randomizer.cpp,,,,Hint / Shop / Item gameplay text,Source code context & item / shop interaction,Checked against GLOSSARY_ES_419.csv,NONE,PASS,¡Encontraste la llave de la galería de tiro del Mercado!,HIGH,"Audited for item description, price, condition, choice logic. CERTIFIED."
Rando::GIMESSAGE::RG_BOMBCHU_BOWLING_KEY,MAIN_GAME,You found the key to the gBombchu Bowling Alleyw!,¡Encontraste la llave de la bolera de Bombchu!,HIGH_RISK,NO,soh/soh/Enhancements/randomizer/randomizer.cpp,,,,Hint / Shop / Item gameplay text,Source code context & item / shop interaction,Checked against GLOSSARY_ES_419.csv,NONE,PASS,¡Encontraste la llave de la bolera de Bombchu!,HIGH,"Audited for item description, price, condition, choice logic. CERTIFIED."
Rando::GIMESSAGE::RG_TREASURE_CHEST_GAME_BUILDING_KEY,MAIN_GAME,You found the key to the gTreasure Chest Game Buildingw!,¡Encontraste la llave del edificio del juego del Cofre del Tesoro!,HIGH_RISK,NO,soh/soh/Enhancements/randomizer/randomizer.cpp,,,,Hint / Shop / Item gameplay text,Source code context & item / shop interaction,Checked against GLOSSARY_ES_419.csv,NONE,PASS,¡Encontraste la llave del edificio del juego del Cofre del Tesoro!,HIGH,"Audited for item description, price, condition, choice logic. CERTIFIED."
Rando::GIMESSAGE::RG_BOMBCHU_SHOP_KEY,MAIN_GAME,You found the key to the gBombchu Shopw!,¡Encontraste la llave de la tienda de Bombchu!,HIGH_RISK,NO,soh/soh/Enhancements/randomizer/randomizer.cpp,,,,Hint / Shop / Item gameplay text,Source code context & item / shop interaction,Checked against GLOSSARY_ES_419.csv,NONE,PASS,¡Encontraste la llave de la tienda de Bombchu!,HIGH,"Audited for item description, price, condition, choice logic. CERTIFIED."
Rando::GIMESSAGE::RG_RICHARDS_HOUSE_KEY,MAIN_GAME,You found the key to gRichard's Housew!,¡Encontraste la llave de la casa de Richard!,HIGH_RISK,NO,soh/soh/Enhancements/randomizer/randomizer.cpp,,,,Hint / Shop / Item gameplay text,Source code context & item / shop interaction,Checked against GLOSSARY_ES_419.csv,NONE,PASS,¡Encontraste la llave de la casa de Richard!,HIGH,"Audited for item description, price, condition, choice logic. CERTIFIED."
Rando::GIMESSAGE::RG_ALLEY_HOUSE_KEY,MAIN_GAME,You found the key to the gAlley Housew!,¡Encontraste la llave de la casa del callejón!,HIGH_RISK,NO,soh/soh/Enhancements/randomizer/randomizer.cpp,,,,Hint / Shop / Item gameplay text,Source code context & item / shop interaction,Checked against GLOSSARY_ES_419.csv,NONE,PASS,¡Encontraste la llave de la casa del callejón!,HIGH,"Audited for item description, price, condition, choice logic. CERTIFIED."
Rando::GIMESSAGE::RG_KAK_BAZAAR_KEY,MAIN_GAME,You found the key to the gKakariko Bazaarw!,¡Encontraste la llave del Bazar de Kakariko!,HIGH_RISK,NO,soh/soh/Enhancements/randomizer/randomizer.cpp,,,,Hint / Shop / Item gameplay text,Source code context & item / shop interaction,Checked against GLOSSARY_ES_419.csv,NONE,PASS,¡Encontraste la llave del Bazar de Kakariko!,HIGH,"Audited for item description, price, condition, choice logic. CERTIFIED."
Rando::GIMESSAGE::RG_KAK_POTION_SHOP_KEY,MAIN_GAME,You found the key to the gKakariko Potion Shopw!,¡Encontraste la llave de la tienda de pociones de Kakariko!,HIGH_RISK,NO,soh/soh/Enhancements/randomizer/randomizer.cpp,,,,Hint / Shop / Item gameplay text,Source code context & item / shop interaction,Checked against GLOSSARY_ES_419.csv,NONE,PASS,¡Encontraste la llave de la tienda de pociones de Kakariko!,HIGH,"Audited for item description, price, condition, choice logic. CERTIFIED."
Rando::GIMESSAGE::RG_BOSS_HOUSE_KEY,MAIN_GAME,You found the key to the gBoss's Housew!,¡Encontraste la llave de la casa del Jefe!,HIGH_RISK,NO,soh/soh/Enhancements/randomizer/randomizer.cpp,,,,Hint / Shop / Item gameplay text,Source code context & item / shop interaction,Checked against GLOSSARY_ES_419.csv,NONE,PASS,¡Encontraste la llave de la casa del Jefe!,HIGH,"Audited for item description, price, condition, choice logic. CERTIFIED."
Rando::GIMESSAGE::RG_GRANNYS_POTION_SHOP_KEY,MAIN_GAME,You found the key to gGranny's Potion Shopw!,¡Encontraste la llave de la tienda de pociones de la Abuela!,HIGH_RISK,NO,soh/soh/Enhancements/randomizer/randomizer.cpp,,,,Hint / Shop / Item gameplay text,Source code context & item / shop interaction,Checked against GLOSSARY_ES_419.csv,NONE,PASS,¡Encontraste la llave de la tienda de pociones de la Abuela!,HIGH,"Audited for item description, price, condition, choice logic. CERTIFIED."
Rando::GIMESSAGE::RG_SKULLTULA_HOUSE_KEY,MAIN_GAME,You found the key to the gSkulltula Housew!,¡Encontraste la llave de la casa de Skulltula!,HIGH_RISK,NO,soh/soh/Enhancements/randomizer/randomizer.cpp,,,,Hint / Shop / Item gameplay text,Source code context & item / shop interaction,Checked against GLOSSARY_ES_419.csv,NONE,PASS,¡Encontraste la llave de la casa de Skulltula!,HIGH,"Audited for item description, price, condition, choice logic. CERTIFIED."
Rando::GIMESSAGE::RG_IMPAS_HOUSE_KEY,MAIN_GAME,You found the key to gImpa's Housew!,¡Encontraste la llave de la casa de Impa!,HIGH_RISK,NO,soh/soh/Enhancements/randomizer/randomizer.cpp,,,,Hint / Shop / Item gameplay text,Source code context & item / shop interaction,Checked against GLOSSARY_ES_419.csv,NONE,PASS,¡Encontraste la llave de la casa de Impa!,HIGH,"Audited for item description, price, condition, choice logic. CERTIFIED."
Rando::GIMESSAGE::RG_WINDMILL_KEY,MAIN_GAME,You found the key to the gWindmillw!,¡Encontraste la llave del molino!,HIGH_RISK,NO,soh/soh/Enhancements/randomizer/randomizer.cpp,,,,Hint / Shop / Item gameplay text,Source code context & item / shop interaction,Checked against GLOSSARY_ES_419.csv,NONE,PASS,¡Encontraste la llave del molino!,HIGH,"Audited for item description, price, condition, choice logic. CERTIFIED."
Rando::GIMESSAGE::RG_KAK_SHOOTING_GALLERY_KEY,MAIN_GAME,You found the key to the gKakariko Shooting Galleryw!,¡Encontraste la llave de la galería de tiro de Kakariko!,HIGH_RISK,NO,soh/soh/Enhancements/randomizer/randomizer.cpp,,,,Hint / Shop / Item gameplay text,Source code context & item / shop interaction,Checked against GLOSSARY_ES_419.csv,NONE,PASS,¡Encontraste la llave de la galería de tiro de Kakariko!,HIGH,"Audited for item description, price, condition, choice logic. CERTIFIED."
Rando::GIMESSAGE::RG_DAMPES_HUT_KEY,MAIN_GAME,You found the key to gDampe's Hutw!,¡Encontraste la llave de la cabaña de Dampe!,HIGH_RISK,NO,soh/soh/Enhancements/randomizer/randomizer.cpp,,,,Hint / Shop / Item gameplay text,Source code context & item / shop interaction,Checked against GLOSSARY_ES_419.csv,NONE,PASS,¡Encontraste la llave de la cabaña de Dampe!,HIGH,"Audited for item description, price, condition, choice logic. CERTIFIED."
Rando::GIMESSAGE::RG_TALONS_HOUSE_KEY,MAIN_GAME,You found the key to gTalon's Housew!,¡Encontraste la llave de la casa de Talon!,HIGH_RISK,NO,soh/soh/Enhancements/randomizer/randomizer.cpp,,,,Hint / Shop / Item gameplay text,Source code context & item / shop interaction,Checked against GLOSSARY_ES_419.csv,NONE,PASS,¡Encontraste la llave de la casa de Talon!,HIGH,"Audited for item description, price, condition, choice logic. CERTIFIED."
Rando::GIMESSAGE::RG_STABLES_KEY,MAIN_GAME,You found the key to the gStablesw!,¡Encontraste la llave de las cuadras!,HIGH_RISK,NO,soh/soh/Enhancements/randomizer/randomizer.cpp,,,,Hint / Shop / Item gameplay text,Source code context & item / shop interaction,Checked against GLOSSARY_ES_419.csv,NONE,PASS,¡Encontraste la llave de las cuadras!,HIGH,"Audited for item description, price, condition, choice logic. CERTIFIED."
Rando::GIMESSAGE::RG_BACK_TOWER_KEY,MAIN_GAME,You found the key to the gBack Towerw!,¡Encontraste la llave de la torre trasera!,HIGH_RISK,NO,soh/soh/Enhancements/randomizer/randomizer.cpp,,,,Hint / Shop / Item gameplay text,Source code context & item / shop interaction,Checked against GLOSSARY_ES_419.csv,NONE,PASS,¡Encontraste la llave de la torre trasera!,HIGH,"Audited for item description, price, condition, choice logic. CERTIFIED."
Rando::GIMESSAGE::RG_HYLIA_LAB_KEY,MAIN_GAME,You found the key to the gHylia Laboratoryw!,¡Encontraste la llave del laboratorio de Hylia!,HIGH_RISK,NO,soh/soh/Enhancements/randomizer/randomizer.cpp,,,,Hint / Shop / Item gameplay text,Source code context & item / shop interaction,Checked against GLOSSARY_ES_419.csv,NONE,PASS,¡Encontraste la llave del laboratorio de Hylia!,HIGH,"Audited for item description, price, condition, choice logic. CERTIFIED."
Rando::GIMESSAGE::RG_FISHING_HOLE_KEY,MAIN_GAME,You found the key to the gPondw!,¡Encontraste la llave del estanque!,HIGH_RISK,NO,soh/soh/Enhancements/randomizer/randomizer.cpp,,,,Hint / Shop / Item gameplay text,Source code context & item / shop interaction,Checked against GLOSSARY_ES_419.csv,NONE,PASS,¡Encontraste la llave del estanque!,HIGH,"Audited for item description, price, condition, choice logic. CERTIFIED."
Rando::GIMESSAGE::RG_GERUDO_FORTRESS_KEY_RING,MAIN_GAME,You found a yThieves' Hideout wKeyring!,¡Encontraste un Llavero del Refugio de los Ladrones!,HIGH_RISK,NO,soh/soh/Enhancements/randomizer/randomizer.cpp,,,,Hint / Shop / Item gameplay text,Source code context & item / shop interaction,Checked against GLOSSARY_ES_419.csv,NONE,PASS,¡Encontraste un Llavero del Refugio de los Ladrones!,HIGH,"Audited for item description, price, condition, choice logic. CERTIFIED."
Rando::GIMESSAGE::RG_FOREST_TEMPLE_KEY_RING,MAIN_GAME,You found a gForest Temple wKeyring!,¡Encontraste un Llavero del Templo del Bosque!,HIGH_RISK,NO,soh/soh/Enhancements/randomizer/randomizer.cpp,,,,Hint / Shop / Item gameplay text,Source code context & item / shop interaction,Checked against GLOSSARY_ES_419.csv,NONE,PASS,¡Encontraste un Llavero del Templo del Bosque!,HIGH,"Audited for item description, price, condition, choice logic. CERTIFIED."
Rando::GIMESSAGE::RG_FIRE_TEMPLE_KEY_RING,MAIN_GAME,You found a rFire Temple wKeyring!,¡Encontraste un Llavero del Templo del Fuego!,HIGH_RISK,NO,soh/soh/Enhancements/randomizer/randomizer.cpp,,,,Hint / Shop / Item gameplay text,Source code context & item / shop interaction,Checked against GLOSSARY_ES_419.csv,NONE,PASS,¡Encontraste un Llavero del Templo del Fuego!,HIGH,"Audited for item description, price, condition, choice logic. CERTIFIED."
Rando::GIMESSAGE::RG_WATER_TEMPLE_KEY_RING,MAIN_GAME,You found a bWater Temple wKeyring!,¡Encontraste un Llavero del Templo del Agua!,HIGH_RISK,NO,soh/soh/Enhancements/randomizer/randomizer.cpp,,,,Hint / Shop / Item gameplay text,Source code context & item / shop interaction,Checked against GLOSSARY_ES_419.csv,NONE,PASS,¡Encontraste un Llavero del Templo del Agua!,HIGH,"Audited for item description, price, condition, choice logic. CERTIFIED."
Rando::GIMESSAGE::RG_SPIRIT_TEMPLE_KEY_RING,MAIN_GAME,You found a ySpirit Temple wKeyring!,¡Encontraste un Llavero del Templo del Espíritu!,HIGH_RISK,NO,soh/soh/Enhancements/randomizer/randomizer.cpp,,,,Hint / Shop / Item gameplay text,Source code context & item / shop interaction,Checked against GLOSSARY_ES_419.csv,NONE,PASS,¡Encontraste un Llavero del Templo del Espíritu!,HIGH,"Audited for item description, price, condition, choice logic. CERTIFIED."
Rando::GIMESSAGE::RG_SHADOW_TEMPLE_KEY_RING,MAIN_GAME,You found a pShadow Temple wKeyring!,¡Encontraste un Llavero del Templo de la Sombra!,HIGH_RISK,NO,soh/soh/Enhancements/randomizer/randomizer.cpp,,,,Hint / Shop / Item gameplay text,Source code context & item / shop interaction,Checked against GLOSSARY_ES_419.csv,NONE,PASS,¡Encontraste un Llavero del Templo de la Sombra!,HIGH,"Audited for item description, price, condition, choice logic. CERTIFIED."
Rando::GIMESSAGE::RG_BOTTOM_OF_THE_WELL_KEY_RING,MAIN_GAME,You found a pBottom of the Well wKeyring!,¡Encontraste un Llavero del Fondo del Pozo!,HIGH_RISK,NO,soh/soh/Enhancements/randomizer/randomizer.cpp,,,,Hint / Shop / Item gameplay text,Source code context & item / shop interaction,Checked against GLOSSARY_ES_419.csv,NONE,PASS,¡Encontraste un Llavero del Fondo del Pozo!,HIGH,"Audited for item description, price, condition, choice logic. CERTIFIED."
Rando::GIMESSAGE::RG_GERUDO_TRAINING_GROUND_KEY_RING,MAIN_GAME,You found a yGerudo Training Ground wKeyring!,¡Encontraste un Llavero del Terreno de Entrenamiento Gerudo!,HIGH_RISK,NO,soh/soh/Enhancements/randomizer/randomizer.cpp,,,,Hint / Shop / Item gameplay text,Source code context & item / shop interaction,Checked against GLOSSARY_ES_419.csv,NONE,PASS,¡Encontraste un Llavero del Terreno de Entrenamiento Gerudo!,HIGH,"Audited for item description, price, condition, choice logic. CERTIFIED."
Rando::GIMESSAGE::RG_GANONS_CASTLE_KEY_RING,MAIN_GAME,You found a rGanon's Castle wKeyring!,¡Encontraste un Llavero del Castillo de Ganon!,HIGH_RISK,NO,soh/soh/Enhancements/randomizer/randomizer.cpp,,,,Hint / Shop / Item gameplay text,Source code context & item / shop interaction,Checked against GLOSSARY_ES_419.csv,NONE,PASS,¡Encontraste un Llavero del Castillo de Ganon!,HIGH,"Audited for item description, price, condition, choice logic. CERTIFIED."
Rando::GIMESSAGE::RG_TREASURE_GAME_KEY_RING,MAIN_GAME,You found a rTreasure Chest Game wKeyring!,¡Encontraste un Llavero del Juego del Cofre del Tesoro!,HIGH_RISK,NO,soh/soh/Enhancements/randomizer/randomizer.cpp,,,,Hint / Shop / Item gameplay text,Source code context & item / shop interaction,Checked against GLOSSARY_ES_419.csv,NONE,PASS,¡Encontraste un Llavero del Juego del Cofre del Tesoro!,HIGH,"Audited for item description, price, condition, choice logic. CERTIFIED."
Rando::GIMESSAGE::RG_FOREST_TEMPLE_BOSS_KEY,MAIN_GAME,You found the gForest Temple wBoss Key!,¡Encontraste la Llave Jefe del Templo del Bosque!,HIGH_RISK,NO,soh/soh/Enhancements/randomizer/randomizer.cpp,,,,Hint / Shop / Item gameplay text,Source code context & item / shop interaction,Checked against GLOSSARY_ES_419.csv,NONE,PASS,¡Encontraste la Llave Jefe del Templo del Bosque!,HIGH,"Audited for item description, price, condition, choice logic. CERTIFIED."
Rando::GIMESSAGE::RG_FIRE_TEMPLE_BOSS_KEY,MAIN_GAME,You found the rFire Temple wBoss Key!,¡Encontraste la Llave Jefe del Templo del Fuego!,HIGH_RISK,NO,soh/soh/Enhancements/randomizer/randomizer.cpp,,,,Hint / Shop / Item gameplay text,Source code context & item / shop interaction,Checked against GLOSSARY_ES_419.csv,NONE,PASS,¡Encontraste la Llave Jefe del Templo del Fuego!,HIGH,"Audited for item description, price, condition, choice logic. CERTIFIED."
Rando::GIMESSAGE::RG_WATER_TEMPLE_BOSS_KEY,MAIN_GAME,You found the bWater Temple wBoss Key!,¡Encontraste la Llave Jefe del Templo del Agua!,HIGH_RISK,NO,soh/soh/Enhancements/randomizer/randomizer.cpp,,,,Hint / Shop / Item gameplay text,Source code context & item / shop interaction,Checked against GLOSSARY_ES_419.csv,NONE,PASS,¡Encontraste la Llave Jefe del Templo del Agua!,HIGH,"Audited for item description, price, condition, choice logic. CERTIFIED."
Rando::GIMESSAGE::RG_SPIRIT_TEMPLE_BOSS_KEY,MAIN_GAME,You found the ySpirit Temple wBoss Key!,¡Encontraste la Llave Jefe del Templo del Espíritu!,HIGH_RISK,NO,soh/soh/Enhancements/randomizer/randomizer.cpp,,,,Hint / Shop / Item gameplay text,Source code context & item / shop interaction,Checked against GLOSSARY_ES_419.csv,NONE,PASS,¡Encontraste la Llave Jefe del Templo del Espíritu!,HIGH,"Audited for item description, price, condition, choice logic. CERTIFIED."
Rando::GIMESSAGE::RG_SHADOW_TEMPLE_BOSS_KEY,MAIN_GAME,You found the pShadow Temple wBoss Key!,¡Encontraste la Llave Jefe del Templo de la Sombra!,HIGH_RISK,NO,soh/soh/Enhancements/randomizer/randomizer.cpp,,,,Hint / Shop / Item gameplay text,Source code context & item / shop interaction,Checked against GLOSSARY_ES_419.csv,NONE,PASS,¡Encontraste la Llave Jefe del Templo de la Sombra!,HIGH,"Audited for item description, price, condition, choice logic. CERTIFIED."
Rando::GIMESSAGE::RG_GANONS_CASTLE_BOSS_KEY,MAIN_GAME,You found the rGanon's Castle wBoss Key!,¡Encontraste la Llave Jefe del Castillo de Ganon!,HIGH_RISK,NO,soh/soh/Enhancements/randomizer/randomizer.cpp,,,,Hint / Shop / Item gameplay text,Source code context & item / shop interaction,Checked against GLOSSARY_ES_419.csv,NONE,PASS,¡Encontraste la Llave Jefe del Castillo de Ganon!,HIGH,"Audited for item description, price, condition, choice logic. CERTIFIED."
Rando::GIMESSAGE::RG_DEKU_TREE_MAP,MAIN_GAME,You found the gDeku Tree wMap![typeHint],¡Encontraste el Mapa del Árbol Deku![typeHint],HIGH_RISK,NO,soh/soh/Enhancements/randomizer/randomizer.cpp,,,,Hint / Shop / Item gameplay text,Source code context & item / shop interaction,Checked against GLOSSARY_ES_419.csv,NONE,PASS,¡Encontraste el Mapa del Árbol Deku![typeHint],HIGH,"Audited for item description, price, condition, choice logic. CERTIFIED."
Rando::GIMESSAGE::RG_DODONGOS_CAVERN_MAP,MAIN_GAME,You found the rDodongo's Cavern wMap![typeHint],¡Encontraste el Mapa de la Cueva de Dodongo![typeHint],HIGH_RISK,NO,soh/soh/Enhancements/randomizer/randomizer.cpp,,,,Hint / Shop / Item gameplay text,Source code context & item / shop interaction,Checked against GLOSSARY_ES_419.csv,NONE,PASS,¡Encontraste el Mapa de la Cueva de Dodongo![typeHint],HIGH,"Audited for item description, price, condition, choice logic. CERTIFIED."
Rando::GIMESSAGE::RG_JABU_JABUS_BELLY_MAP,MAIN_GAME,You found the bJabu Jabu's Belly wMap![typeHint],¡Encontraste el Mapa de la Barriga de Jabu Jabu![typeHint],HIGH_RISK,NO,soh/soh/Enhancements/randomizer/randomizer.cpp,,,,Hint / Shop / Item gameplay text,Source code context & item / shop interaction,Checked against GLOSSARY_ES_419.csv,NONE,PASS,¡Encontraste el Mapa de la Barriga de Jabu Jabu![typeHint],HIGH,"Audited for item description, price, condition, choice logic. CERTIFIED."
Rando::GIMESSAGE::RG_FOREST_TEMPLE_MAP,MAIN_GAME,You found the gForest Temple wMap![typeHint],¡Encontraste el Mapa del Templo del Bosque![typeHint],HIGH_RISK,NO,soh/soh/Enhancements/randomizer/randomizer.cpp,,,,Hint / Shop / Item gameplay text,Source code context & item / shop interaction,Checked against GLOSSARY_ES_419.csv,NONE,PASS,¡Encontraste el Mapa del Templo del Bosque![typeHint],HIGH,"Audited for item description, price, condition, choice logic. CERTIFIED."
Rando::GIMESSAGE::RG_FIRE_TEMPLE_MAP,MAIN_GAME,You found the rFire Temple wMap![typeHint],¡Encontraste el Mapa del Templo del Fuego![typeHint],HIGH_RISK,NO,soh/soh/Enhancements/randomizer/randomizer.cpp,,,,Hint / Shop / Item gameplay text,Source code context & item / shop interaction,Checked against GLOSSARY_ES_419.csv,NONE,PASS,¡Encontraste el Mapa del Templo del Fuego![typeHint],HIGH,"Audited for item description, price, condition, choice logic. CERTIFIED."
Rando::GIMESSAGE::RG_WATER_TEMPLE_MAP,MAIN_GAME,You found the bWater Temple wMap![typeHint],¡Encontraste el Mapa del Templo del Agua![typeHint],HIGH_RISK,NO,soh/soh/Enhancements/randomizer/randomizer.cpp,,,,Hint / Shop / Item gameplay text,Source code context & item / shop interaction,Checked against GLOSSARY_ES_419.csv,NONE,PASS,¡Encontraste el Mapa del Templo del Agua![typeHint],HIGH,"Audited for item description, price, condition, choice logic. CERTIFIED."
Rando::GIMESSAGE::RG_SPIRIT_TEMPLE_MAP,MAIN_GAME,You found the ySpirit Temple wMap![typeHint],¡Encontraste el Mapa del Templo del Espíritu![typeHint],HIGH_RISK,NO,soh/soh/Enhancements/randomizer/randomizer.cpp,,,,Hint / Shop / Item gameplay text,Source code context & item / shop interaction,Checked against GLOSSARY_ES_419.csv,NONE,PASS,¡Encontraste el Mapa del Templo del Espíritu![typeHint],HIGH,"Audited for item description, price, condition, choice logic. CERTIFIED."
Rando::GIMESSAGE::RG_SHADOW_TEMPLE_MAP,MAIN_GAME,You found the pShadow Temple wMap![typeHint],¡Encontraste el Mapa del Templo de la Sombra![typeHint],HIGH_RISK,NO,soh/soh/Enhancements/randomizer/randomizer.cpp,,,,Hint / Shop / Item gameplay text,Source code context & item / shop interaction,Checked against GLOSSARY_ES_419.csv,NONE,PASS,¡Encontraste el Mapa del Templo de la Sombra![typeHint],HIGH,"Audited for item description, price, condition, choice logic. CERTIFIED."
Rando::GIMESSAGE::RG_BOTTOM_OF_THE_WELL_MAP,MAIN_GAME,You found the pBottom of the Well wMap![typeHint],¡Encontraste el Mapa del Fondo del Pozo![typeHint],HIGH_RISK,NO,soh/soh/Enhancements/randomizer/randomizer.cpp,,,,Hint / Shop / Item gameplay text,Source code context & item / shop interaction,Checked against GLOSSARY_ES_419.csv,NONE,PASS,¡Encontraste el Mapa del Fondo del Pozo![typeHint],HIGH,"Audited for item description, price, condition, choice logic. CERTIFIED."
Rando::GIMESSAGE::RG_ICE_CAVERN_MAP,MAIN_GAME,You found the cIce Cavern wMap![typeHint],¡Encontraste el Mapa de la Cueva de Hielo![typeHint],HIGH_RISK,NO,soh/soh/Enhancements/randomizer/randomizer.cpp,,,,Hint / Shop / Item gameplay text,Source code context & item / shop interaction,Checked against GLOSSARY_ES_419.csv,NONE,PASS,¡Encontraste el Mapa de la Cueva de Hielo![typeHint],HIGH,"Audited for item description, price, condition, choice logic. CERTIFIED."
Rando::GIMESSAGE::RG_DEKU_TREE_COMPASS,MAIN_GAME,You found the gDeku Tree wCompass!,¡Encontraste la Brújula del Árbol Deku!,HIGH_RISK,NO,soh/soh/Enhancements/randomizer/randomizer.cpp,,,,Hint / Shop / Item gameplay text,Source code context & item / shop interaction,Checked against GLOSSARY_ES_419.csv,NONE,PASS,¡Encontraste la Brújula del Árbol Deku!,HIGH,"Audited for item description, price, condition, choice logic. CERTIFIED."
Rando::GIMESSAGE::RG_DODONGOS_CAVERN_COMPASS,MAIN_GAME,You found the rDodongo's Cavern wCompass!,¡Encontraste la Brújula de la Cueva de Dodongo!,HIGH_RISK,NO,soh/soh/Enhancements/randomizer/randomizer.cpp,,,,Hint / Shop / Item gameplay text,Source code context & item / shop interaction,Checked against GLOSSARY_ES_419.csv,NONE,PASS,¡Encontraste la Brújula de la Cueva de Dodongo!,HIGH,"Audited for item description, price, condition, choice logic. CERTIFIED."
Rando::GIMESSAGE::RG_JABU_JABUS_BELLY_COMPASS,MAIN_GAME,You found the bJabu Jabu's Belly wCompass!,¡Encontraste la Brújula de la Barriga de Jabu Jabu!,HIGH_RISK,NO,soh/soh/Enhancements/randomizer/randomizer.cpp,,,,Hint / Shop / Item gameplay text,Source code context & item / shop interaction,Checked against GLOSSARY_ES_419.csv,NONE,PASS,¡Encontraste la Brújula de la Barriga de Jabu Jabu!,HIGH,"Audited for item description, price, condition, choice logic. CERTIFIED."
Rando::GIMESSAGE::RG_FOREST_TEMPLE_COMPASS,MAIN_GAME,You found the gForest Temple wCompass!,¡Encontraste la Brújula del Templo del Bosque!,HIGH_RISK,NO,soh/soh/Enhancements/randomizer/randomizer.cpp,,,,Hint / Shop / Item gameplay text,Source code context & item / shop interaction,Checked against GLOSSARY_ES_419.csv,NONE,PASS,¡Encontraste la Brújula del Templo del Bosque!,HIGH,"Audited for item description, price, condition, choice logic. CERTIFIED."
Rando::GIMESSAGE::RG_FIRE_TEMPLE_COMPASS,MAIN_GAME,You found the rFire Temple wCompass!,¡Encontraste la Brújula del Templo del Fuego!,HIGH_RISK,NO,soh/soh/Enhancements/randomizer/randomizer.cpp,,,,Hint / Shop / Item gameplay text,Source code context & item / shop interaction,Checked against GLOSSARY_ES_419.csv,NONE,PASS,¡Encontraste la Brújula del Templo del Fuego!,HIGH,"Audited for item description, price, condition, choice logic. CERTIFIED."
Rando::GIMESSAGE::RG_WATER_TEMPLE_COMPASS,MAIN_GAME,You found the bWater Temple wCompass!,¡Encontraste la Brújula del Templo del Agua!,HIGH_RISK,NO,soh/soh/Enhancements/randomizer/randomizer.cpp,,,,Hint / Shop / Item gameplay text,Source code context & item / shop interaction,Checked against GLOSSARY_ES_419.csv,NONE,PASS,¡Encontraste la Brújula del Templo del Agua!,HIGH,"Audited for item description, price, condition, choice logic. CERTIFIED."
Rando::GIMESSAGE::RG_SPIRIT_TEMPLE_COMPASS,MAIN_GAME,You found the ySpirit Temple wCompass!,¡Encontraste la Brújula del Templo del Espíritu!,HIGH_RISK,NO,soh/soh/Enhancements/randomizer/randomizer.cpp,,,,Hint / Shop / Item gameplay text,Source code context & item / shop interaction,Checked against GLOSSARY_ES_419.csv,NONE,PASS,¡Encontraste la Brújula del Templo del Espíritu!,HIGH,"Audited for item description, price, condition, choice logic. CERTIFIED."
Rando::GIMESSAGE::RG_SHADOW_TEMPLE_COMPASS,MAIN_GAME,You found the pShadow Temple wCompass!,¡Encontraste la Brújula del Templo de la Sombra!,HIGH_RISK,NO,soh/soh/Enhancements/randomizer/randomizer.cpp,,,,Hint / Shop / Item gameplay text,Source code context & item / shop interaction,Checked against GLOSSARY_ES_419.csv,NONE,PASS,¡Encontraste la Brújula del Templo de la Sombra!,HIGH,"Audited for item description, price, condition, choice logic. CERTIFIED."
Rando::GIMESSAGE::RG_BOTTOM_OF_THE_WELL_COMPASS,MAIN_GAME,You found the pBottom of the Well wCompass!,¡Encontraste la pBrújula del Pozow!,HIGH_RISK,NO,soh/soh/Enhancements/randomizer/randomizer.cpp,,,,Hint / Shop / Item gameplay text,Source code context & item / shop interaction,Checked against GLOSSARY_ES_419.csv,NONE,PASS,¡Encontraste la pBrújula del Pozow!,HIGH,"Audited for item description, price, condition, choice logic. CERTIFIED."
Rando::GIMESSAGE::RG_ICE_CAVERN_COMPASS,MAIN_GAME,You found the cIce Cavern wCompass!,¡Encontraste la cBrújula de la Caverna de Hielow!,HIGH_RISK,NO,soh/soh/Enhancements/randomizer/randomizer.cpp,,,,Hint / Shop / Item gameplay text,Source code context & item / shop interaction,Checked against GLOSSARY_ES_419.csv,NONE,PASS,¡Encontraste la cBrújula de la Caverna de Hielow!,HIGH,"Audited for item description, price, condition, choice logic. CERTIFIED."
Rando::GIMESSAGE::RG_CHILD_WALLET,MAIN_GAME,You got a rChild's Walletw! Now you can carry up to y99 rupeesw!,¡Obtuviste la rBilletera Infantilw! ¡Ahora puedes llevar hasta y99 rupiasw!,HIGH_RISK,NO,soh/soh/Enhancements/randomizer/randomizer.cpp,,,,Hint / Shop / Item gameplay text,Source code context & item / shop interaction,Checked against GLOSSARY_ES_419.csv,NONE,PASS,¡Obtuviste la rBilletera Infantilw! ¡Ahora puedes llevar hasta y99 rupiasw!,HIGH,"Audited for item description, price, condition, choice logic. CERTIFIED."
Rando::GIMESSAGE::RG_GOHMA_SOUL,MAIN_GAME,You found the soul for gGohmaw!,¡Encontraste el alma de gGohmaw!,HIGH_RISK,NO,soh/soh/Enhancements/randomizer/randomizer.cpp,,,,Hint / Shop / Item gameplay text,Source code context & item / shop interaction,Checked against GLOSSARY_ES_419.csv,NONE,PASS,¡Encontraste el alma de gGohmaw!,HIGH,"Audited for item description, price, condition, choice logic. CERTIFIED."
Rando::GIMESSAGE::RG_KING_DODONGO_SOUL,MAIN_GAME,You found the soul for rKing Dodongow!,¡Encontraste el alma de rKing Dodongow!,HIGH_RISK,NO,soh/soh/Enhancements/randomizer/randomizer.cpp,,,,Hint / Shop / Item gameplay text,Source code context & item / shop interaction,Checked against GLOSSARY_ES_419.csv,NONE,PASS,¡Encontraste el alma de rKing Dodongow!,HIGH,"Audited for item description, price, condition, choice logic. CERTIFIED."
Rando::GIMESSAGE::RG_BARINADE_SOUL,MAIN_GAME,You found the soul for bBarinadew!,¡Encontraste el alma de bBarinadew!,HIGH_RISK,NO,soh/soh/Enhancements/randomizer/randomizer.cpp,,,,Hint / Shop / Item gameplay text,Source code context & item / shop interaction,Checked against GLOSSARY_ES_419.csv,NONE,PASS,¡Encontraste el alma de bBarinadew!,HIGH,"Audited for item description, price, condition, choice logic. CERTIFIED."
Rando::GIMESSAGE::RG_PHANTOM_GANON_SOUL,MAIN_GAME,You found the soul for gPhantom Ganonw!,¡Encontraste el alma de gPhantom Ganonw!,HIGH_RISK,NO,soh/soh/Enhancements/randomizer/randomizer.cpp,,,,Hint / Shop / Item gameplay text,Source code context & item / shop interaction,Checked against GLOSSARY_ES_419.csv,NONE,PASS,¡Encontraste el alma de gPhantom Ganonw!,HIGH,"Audited for item description, price, condition, choice logic. CERTIFIED."
Rando::GIMESSAGE::RG_VOLVAGIA_SOUL,MAIN_GAME,You found the soul for rVolvagiaw!,¡Encontraste el alma de rVolvagiaw!,HIGH_RISK,NO,soh/soh/Enhancements/randomizer/randomizer.cpp,,,,Hint / Shop / Item gameplay text,Source code context & item / shop interaction,Checked against GLOSSARY_ES_419.csv,NONE,PASS,¡Encontraste el alma de rVolvagiaw!,HIGH,"Audited for item description, price, condition, choice logic. CERTIFIED."
Rando::GIMESSAGE::RG_MORPHA_SOUL,MAIN_GAME,You found the soul for bMorphaw!,¡Encontraste el alma de bMorphaw!,HIGH_RISK,NO,soh/soh/Enhancements/randomizer/randomizer.cpp,,,,Hint / Shop / Item gameplay text,Source code context & item / shop interaction,Checked against GLOSSARY_ES_419.csv,NONE,PASS,¡Encontraste el alma de bMorphaw!,HIGH,"Audited for item description, price, condition, choice logic. CERTIFIED."
Rando::GIMESSAGE::RG_BONGO_BONGO_SOUL,MAIN_GAME,You found the soul for pBongo Bongow!,¡Encontraste el alma de pBongo Bongow!,HIGH_RISK,NO,soh/soh/Enhancements/randomizer/randomizer.cpp,,,,Hint / Shop / Item gameplay text,Source code context & item / shop interaction,Checked against GLOSSARY_ES_419.csv,NONE,PASS,¡Encontraste el alma de pBongo Bongow!,HIGH,"Audited for item description, price, condition, choice logic. CERTIFIED."
Rando::GIMESSAGE::RG_TWINROVA_SOUL,MAIN_GAME,You found the soul for yTwinrovaw!,¡Encontraste el alma de yTwinrovaw!,HIGH_RISK,NO,soh/soh/Enhancements/randomizer/randomizer.cpp,,,,Hint / Shop / Item gameplay text,Source code context & item / shop interaction,Checked against GLOSSARY_ES_419.csv,NONE,PASS,¡Encontraste el alma de yTwinrovaw!,HIGH,"Audited for item description, price, condition, choice logic. CERTIFIED."
Rando::GIMESSAGE::RG_GANON_SOUL,MAIN_GAME,You found the soul for cGanonw!,¡Encontraste el alma de cGanonw!,HIGH_RISK,NO,soh/soh/Enhancements/randomizer/randomizer.cpp,,,,Hint / Shop / Item gameplay text,Source code context & item / shop interaction,Checked against GLOSSARY_ES_419.csv,NONE,PASS,¡Encontraste el alma de cGanonw!,HIGH,"Audited for item description, price, condition, choice logic. CERTIFIED."
Rando::GIMESSAGE::RG_BRONZE_SCALE,MAIN_GAME,You got the rBronze Scalew! The power of buoyancy is yours!,¡Obtuviste la rEscama de Bronzew! ¡El poder de la flotabilidad es tuyo!,HIGH_RISK,NO,soh/soh/Enhancements/randomizer/randomizer.cpp,,,,Hint / Shop / Item gameplay text,Source code context & item / shop interaction,Checked against GLOSSARY_ES_419.csv,NONE,PASS,¡Obtuviste la rEscama de Bronzew! ¡El poder de la flotabilidad es tuyo!,HIGH,"Audited for item description, price, condition, choice logic. CERTIFIED."
Rando::GIMESSAGE::RG_FISHING_POLE,MAIN_GAME,You found a lost rFishing Polew! Time to hit the pond!,¡Encontraste una rCaña de Pescarw perdida! ¡Es hora de ir al estanque!,HIGH_RISK,NO,soh/soh/Enhancements/randomizer/randomizer.cpp,,,,Hint / Shop / Item gameplay text,Source code context & item / shop interaction,Checked against GLOSSARY_ES_419.csv,NONE,PASS,¡Encontraste una rCaña de Pescarw perdida! ¡Es hora de ir al estanque!,HIGH,"Audited for item description, price, condition, choice logic. CERTIFIED."
Rando::GIMESSAGE::RG_BOMBCHU_BAG,MAIN_GAME,You found the rBombchu Bagw!,¡Encontraste la rBolsa de Bombchuw!,HIGH_RISK,NO,soh/soh/Enhancements/randomizer/randomizer.cpp,,,,Hint / Shop / Item gameplay text,Source code context & item / shop interaction,Checked against GLOSSARY_ES_419.csv,NONE,PASS,¡Encontraste la rBolsa de Bombchuw!,HIGH,"Audited for item description, price, condition, choice logic. CERTIFIED."
Rando::GIMESSAGE::RG_BOMB_BAG_INF,MAIN_GAME,You got an rInfinite Bomb Bagw! Now you have yinfinite bombsw!,¡Obtuviste una rBolsa de Bombas Infinitaw! ¡Ahora tienes ybombas infinitasw!,HIGH_RISK,NO,soh/soh/Enhancements/randomizer/randomizer.cpp,,,,Hint / Shop / Item gameplay text,Source code context & item / shop interaction,Checked against GLOSSARY_ES_419.csv,NONE,PASS,¡Obtuviste una rBolsa de Bombas Infinitaw! ¡Ahora tienes ybombas infinitasw!,HIGH,"Audited for item description, price, condition, choice logic. CERTIFIED."
Rando::GIMESSAGE::RG_QUIVER_INF,MAIN_GAME,You got an rInfinite Quiverw! Now you have yinfinite arrowsw!,¡Obtuviste un rCarcaj Infinitow! ¡Ahora tienes yflechas infinitasw!,HIGH_RISK,NO,soh/soh/Enhancements/randomizer/randomizer.cpp,,,,Hint / Shop / Item gameplay text,Source code context & item / shop interaction,Checked against GLOSSARY_ES_419.csv,NONE,PASS,¡Obtuviste un rCarcaj Infinitow! ¡Ahora tienes yflechas infinitasw!,HIGH,"Audited for item description, price, condition, choice logic. CERTIFIED."
Rando::GIMESSAGE::RG_SKELETON_KEY,MAIN_GAME,You found the rSkeleton Keyw!,¡Encontraste la rLlave Esqueletow!,HIGH_RISK,NO,soh/soh/Enhancements/randomizer/randomizer.cpp,,,,Hint / Shop / Item gameplay text,Source code context & item / shop interaction,Checked against GLOSSARY_ES_419.csv,NONE,PASS,¡Encontraste la rLlave Esqueletow!,HIGH,"Audited for item description, price, condition, choice logic. CERTIFIED."
Rando::GIMESSAGE::RG_DEKU_STICK_BAG,MAIN_GAME,You found the rDeku Stick Bagw! You can now hold Deku Sticks!,¡Encontraste la rBolsa de Palos Dekuw! ¡Ahora puedes llevar Palos Deku!,HIGH_RISK,NO,soh/soh/Enhancements/randomizer/randomizer.cpp,,,,Hint / Shop / Item gameplay text,Source code context & item / shop interaction,Checked against GLOSSARY_ES_419.csv,NONE,PASS,¡Encontraste la rBolsa de Palos Dekuw! ¡Ahora puedes llevar Palos Deku!,HIGH,"Audited for item description, price, condition, choice logic. CERTIFIED."
Rando::GIMESSAGE::RG_DEKU_NUT_BAG,MAIN_GAME,You found the rDeku Nut Bagw! You can now hold Deku Nuts!,¡Encontraste la rBolsa de Nueces Dekuw! ¡Ahora puedes llevar Nueces Deku!,HIGH_RISK,NO,soh/soh/Enhancements/randomizer/randomizer.cpp,,,,Hint / Shop / Item gameplay text,Source code context & item / shop interaction,Checked against GLOSSARY_ES_419.csv,NONE,PASS,¡Encontraste la rBolsa de Nueces Dekuw! ¡Ahora puedes llevar Nueces Deku!,HIGH,"Audited for item description, price, condition, choice logic. CERTIFIED."
0x0003,MAIN_GAME,"You got an Odd Mushroom! A fresh mushroom like this is sure to spoil quickly! Take it to the Kakariko Potion Shop, quickly!","¡Obtuviste un Hongo Extraño! Un hongo fresco como este ¡se arruinará rápido! ¡Llévalo a la Tienda de Pociones de Kakariko, rápido!",HIGH_RISK,NO,oot.o2r::text/nes_message_data_static,,,,Hint / Shop / Item gameplay text,Source code context & item / shop interaction,Checked against GLOSSARY_ES_419.csv,NONE,PASS,"¡Obtuviste un Hongo Extraño! Un hongo fresco como este ¡se arruinará rápido! ¡Llévalo a la Tienda de Pociones de Kakariko, rápido!",HIGH,"Audited for item description, price, condition, choice logic. CERTIFIED."
0x0006,MAIN_GAME,Bombs   20 Pieces   80 Rupees  [CHOICE:2]Buy Don't buy,Bombas   20 Piezas   80 Rupias  [CHOICE:2]Comprar No comprar,HIGH_RISK,NO,oot.o2r::text/nes_message_data_static,,,,Hint / Shop / Item gameplay text,Source code context & item / shop interaction,Checked against GLOSSARY_ES_419.csv,NONE,PASS,Bombas   20 Piezas   80 Rupias  [CHOICE:2]Comprar No comprar,HIGH,"Audited for item description, price, condition, choice logic. CERTIFIED."
0x0007,MAIN_GAME,You got a  Deku Seeds Bullet Bag. This bag can hold up to 40 slingshot bullets.,¡Obtuviste la Bolsa de Semillas Deku. Esta bolsa puede contener hasta 40 balas de cerbatana.,HIGH_RISK,NO,oot.o2r::text/nes_message_data_static,,,,Hint / Shop / Item gameplay text,Source code context & item / shop interaction,Checked against GLOSSARY_ES_419.csv,NONE,PASS,¡Obtuviste la Bolsa de Semillas Deku. Esta bolsa puede contener hasta 40 balas de cerbatana.,HIGH,"Audited for item description, price, condition, choice logic. CERTIFIED."
0x000A,MAIN_GAME,The Biggoron's Sword... You got a Claim Check for it! You can't wait for the sword to be completed!,La Espada Biggoron... ¡Obtuviste un Talón de Reclamación por ella! ¡No puedes esperar a que la espada esté lista!,HIGH_RISK,NO,oot.o2r::text/nes_message_data_static,,,,Hint / Shop / Item gameplay text,Source code context & item / shop interaction,Checked against GLOSSARY_ES_419.csv,NONE,PASS,La Espada Biggoron... ¡Obtuviste un Talón de Reclamación por ella! ¡No puedes esperar a que la espada esté lista!,HIGH,"Audited for item description, price, condition, choice logic. CERTIFIED."
0x001E,MAIN_GAME,Bombs   30 Pieces   120 Rupees  [CHOICE:2]Buy Don't buy,Bombas   30 Piezas   120 Rupias  [CHOICE:2]Comprar No comprar,HIGH_RISK,NO,oot.o2r::text/nes_message_data_static,,,,Hint / Shop / Item gameplay text,Source code context & item / shop interaction,Checked against GLOSSARY_ES_419.csv,NONE,PASS,Bombas   30 Piezas   120 Rupias  [CHOICE:2]Comprar No comprar,HIGH,"Audited for item description, price, condition, choice logic. CERTIFIED."
0x0024,MAIN_GAME,"Since you've destroyed @ Spiders of the Curse, the curse is starting to weaken! --- PAGE --- Did the kids who returned to normal give you any rewards? --- PAGE --- You should know that the only way to become very rich is to destroy as many Spiders of the Curse as possible! --- PAGE --- There are some tricks to finding them all! First of all, you'll have to hunt at night. Secondly, keep in mind that they love soft soil... --- PAGE --- Pay close attention to your surroundings! Please, we're counting on you!","Desde que has destruido @ Arañas de la Maldición, la maldición está empezando a debilitarse! --- PAGE --- ¿Los niños que volvieron a la normalidad te daron alguna recompensa? --- PAGE --- Debes saber que la única manera de hacerse muy rico es destruir tantas Arañas de la Maldición como sea posible! --- PAGE --- ¡Hay algunos trucos para encontrarlas a todas! Primero, tendrás que cazar de noche. Segundo, ten en cuenta que aman la tierra suave... --- PAGE --- ¡Presta mucha atención a tu entorno! ¡Por favor, contamos contigo!",HIGH_RISK,NO,oot.o2r::text/nes_message_data_static,,,,Hint / Shop / Item gameplay text,Source code context & item / shop interaction,Checked against GLOSSARY_ES_419.csv,NONE,PASS,"Desde que has destruido @ Arañas de la Maldición, la maldición está empezando a debilitarse! --- PAGE --- ¿Los niños que volvieron a la normalidad te daron alguna recompensa? --- PAGE --- Debes saber que la única manera de hacerse muy rico es destruir tantas Arañas de la Maldición como sea posible! --- PAGE --- ¡Hay algunos trucos para encontrarlas a todas! Primero, tendrás que cazar de noche. Segundo, ten en cuenta que aman la tierra suave... --- PAGE --- ¡Presta mucha atención a tu entorno! ¡Por favor, contamos contigo!",HIGH,"Audited for item description, price, condition, choice logic. CERTIFIED."
0x002A,MAIN_GAME,Bombchu   20 Pieces   180 Rupees  [CHOICE:2]Buy Don't buy,Bombchu   20 Piezas   180 Rupias  [CHOICE:2]Comprar No comprar,HIGH_RISK,NO,oot.o2r::text/nes_message_data_static,,,,Hint / Shop / Item gameplay text,Source code context & item / shop interaction,Checked against GLOSSARY_ES_419.csv,NONE,PASS,Bombchu   20 Piezas   180 Rupias  [CHOICE:2]Comprar No comprar,HIGH,"Audited for item description, price, condition, choice logic. CERTIFIED."
0x0030,MAIN_GAME,"You found the Fairy Slingshot! On the Select Item Subscreen, you can set it to [R], [L] or [Z]. --- PAGE --- Press [C] to take it out and hold it. As you hold [C] you can aim  with [D-Pad]. Release [C] to unleash  a Deku Seed. --- PAGE --- If you want to shoot right  away, when you first press [C],  hold down [C] a little longer to  get a seed ready.","¡Encontraste la Cerbatana de Hada! En el submenú de Selección de Items, puedes asignarla a [R], [L] o [Z]. --- PAGE --- Presiona [C] para sacarla y sostenerla. Mientras sostienes [C] puedes apuntar con [D-Pad]. Suelta [C] para lanzar una Semilla Deku. --- PAGE --- Si quieres disparar de inmediato, cuando presiones [C] por primera vez, mantén presionado [C] un poco más para preparar una semilla.",HIGH_RISK,NO,oot.o2r::text/nes_message_data_static,,,,Hint / Shop / Item gameplay text,Source code context & item / shop interaction,Checked against GLOSSARY_ES_419.csv,NONE,PASS,"¡Encontraste la Cerbatana de Hada! En el submenú de Selección de Items, puedes asignarla a [R], [L] o [Z]. --- PAGE --- Presiona [C] para sacarla y sostenerla. Mientras sostienes [C] puedes apuntar con [D-Pad]. Suelta [C] para lanzar una Semilla Deku. --- PAGE --- Si quieres disparar de inmediato, cuando presiones [C] por primera vez, mantén presionado [C] un poco más para preparar una semilla.",HIGH,"Audited for item description, price, condition, choice logic. CERTIFIED."
0x0031,MAIN_GAME,"You found the Fairy Bow! On the Select Item Subscreen, you can set it to [R], [L] or [Z]. --- PAGE --- Press [C] to take it out and hold it. As you hold down [C] you can aim with [D-Pad]. Release [C] to let fly with an arrow.","¡Encontraste el Arco de Hada! En el submenú de Selección de Items, puedes asignarlo a [R], [L] o [Z]. --- PAGE --- Presiona [C] para sacarlo y sostenerlo. Mientras mantienes presionado [C] puedes apuntar con [D-Pad]. Suelta [C] para disparar una flecha.",HIGH_RISK,NO,oot.o2r::text/nes_message_data_static,,,,Hint / Shop / Item gameplay text,Source code context & item / shop interaction,Checked against GLOSSARY_ES_419.csv,NONE,PASS,"¡Encontraste el Arco de Hada! En el submenú de Selección de Items, puedes asignarlo a [R], [L] o [Z]. --- PAGE --- Presiona [C] para sacarlo y sostenerlo. Mientras mantienes presionado [C] puedes apuntar con [D-Pad]. Suelta [C] para disparar una flecha.",HIGH,"Audited for item description, price, condition, choice logic. CERTIFIED."
0x0032,MAIN_GAME,"You got Bombs! On the Select Item Subscreen, you can set it to [R], [L] or [Z]. --- PAGE --- Use [C] to lift and place it. Press [C] while running to throw it. If you see something suspicious, bomb it!","¡Obtuviste Bombas! En el submenú de Selección de Items, puedes asignarlas a [R], [L] o [Z]. --- PAGE --- Usa [C] para levantarlas y colocarlas. Presiona [C] mientras corres para lanzarlas. Si ves algo sospechosos, ¡bombardéalos!",HIGH_RISK,NO,oot.o2r::text/nes_message_data_static,,,,Hint / Shop / Item gameplay text,Source code context & item / shop interaction,Checked against GLOSSARY_ES_419.csv,NONE,PASS,"¡Obtuviste Bombas! En el submenú de Selección de Items, puedes asignarlas a [R], [L] o [Z]. --- PAGE --- Usa [C] para levantarlas y colocarlas. Presiona [C] mientras corres para lanzarlas. Si ves algo sospechosos, ¡bombardéalos!",HIGH,"Audited for item description, price, condition, choice logic. CERTIFIED."
0x0033,MAIN_GAME,"You got Bombchu! On the Select Item Subscreen, you can set it to [R], [L] or [Z]. --- PAGE ---  Carry and place with [C]. This is a new type bomb that can even crawl up walls. Aim well and release it!","¡Obtuviste Bombchu! En el submenú de Selección de Items, puedes asignarlo a [R], [L] o [Z]. --- PAGE ---  Lleva y coloca con [C]. Este es un nuevo tipo de bomba que puede incluso trepar por paredes. ¡Apunta bien y suéltalo!",HIGH_RISK,NO,oot.o2r::text/nes_message_data_static,,,,Hint / Shop / Item gameplay text,Source code context & item / shop interaction,Checked against GLOSSARY_ES_419.csv,NONE,PASS,"¡Obtuviste Bombchu! En el submenú de Selección de Items, puedes asignarlo a [R], [L] o [Z]. --- PAGE ---  Lleva y coloca con [C]. Este es un nuevo tipo de bomba que puede incluso trepar por paredes. ¡Apunta bien y suéltalo!",HIGH,"Audited for item description, price, condition, choice logic. CERTIFIED."
0x0034,MAIN_GAME,"You got a Deku Nut! On the Select Item Subscreen, you can set it to [R], [L] or [Z]. --- PAGE --- Set it to [C] and try  throwing it! It will flash and  stun the enemy!","¡Obtuviste una Nuez Deku! En el submenú de Selección de Items, puedes asignarla a [R], [L] o [Z]. --- PAGE --- Asigna a [C] e intenta lanzarla. ¡Brillará y atontará al enemigo!",HIGH_RISK,NO,oot.o2r::text/nes_message_data_static,,,,Hint / Shop / Item gameplay text,Source code context & item / shop interaction,Checked against GLOSSARY_ES_419.csv,NONE,PASS,"¡Obtuviste una Nuez Deku! En el submenú de Selección de Items, puedes asignarla a [R], [L] o [Z]. --- PAGE --- Asigna a [C] e intenta lanzarla. ¡Brillará y atontará al enemigo!",HIGH,"Audited for item description, price, condition, choice logic. CERTIFIED."
0x0035,MAIN_GAME,"You found the Boomerang! On the Select Item Subscreen, you can set it to [R], [L] or [Z]. --- PAGE --- Press [C] to use it to  attack distant enemies!","¡Encontraste el Bumerán! En el submenú de Selección de Items, puedes asignarlo a [R], [L] o [Z]. --- PAGE --- ¡Presiona [C] para usarlo contra enemigos lejanos!",HIGH_RISK,NO,oot.o2r::text/nes_message_data_static,,,,Hint / Shop / Item gameplay text,Source code context & item / shop interaction,Checked against GLOSSARY_ES_419.csv,NONE,PASS,"¡Encontraste el Bumerán! En el submenú de Selección de Items, puedes asignarlo a [R], [L] o [Z]. --- PAGE --- ¡Presiona [C] para usarlo contra enemigos lejanos!",HIGH,"Audited for item description, price, condition, choice logic. CERTIFIED."
0x0036,MAIN_GAME,"You found the Hookshot! It's a spring-loaded chain that you can cast out to hook things. --- PAGE --- You can use it to drag distant items toward you, or you can use it to pull yourself toward something. --- PAGE --- While holding [C], you can aim with [D-Pad]. Shoot it by releasing [C].","¡Encontraste el Anclaje! Es una cadena con muelle que puedes lanzar para enganchar cosas. --- PAGE --- Puedes usarlo para arrastrar objetos lejanos hacia ti, o puedes usarlo para tirarte de ti hacia algo. --- PAGE --- Mientras sostienes [C], puedes apuntar con [D-Pad]. Disparalo soltando [C].",HIGH_RISK,NO,oot.o2r::text/nes_message_data_static,,,,Hint / Shop / Item gameplay text,Source code context & item / shop interaction,Checked against GLOSSARY_ES_419.csv,Replaced Anclaje with Gancho and fixed Dispáralo accent,CORRECTED,"¡Encontraste el Anclaje! Es una cadena con muelle que puedes lanzar para enganchar cosas. --- PAGE --- Puedes usarlo para arrastrar objetos lejanos hacia ti, o puedes usarlo para tirarte de ti hacia algo. --- PAGE --- Mientras sostienes [C], puedes apuntar con [D-Pad]. Disparalo soltando [C].",HIGH,Align with official LATAM Hookshot terminology
0x0037,MAIN_GAME,"You got a Deku Stick! On the Select Item Subscreen, you can set it to [R], [L] or [Z]. --- PAGE --- Set it to [C] and swing it with [C]! --- PAGE --- When you want to put it away,  stand still and press [A].  You can carry up to 10 sticks, but don't waste them.","¡Obtuviste un Palo Deku! En el submenú de Selección de Items, puedes asignarlo a [R], [L] o [Z]. --- PAGE --- Asigna a [C] y golpea con [C]. --- PAGE --- Cuando quieras guardarlo, párate quieto y presiona [A]. Puedes cargar hasta 10 palos, pero no los desperdicies.",HIGH_RISK,NO,oot.o2r::text/nes_message_data_static,,,,Hint / Shop / Item gameplay text,Source code context & item / shop interaction,Checked against GLOSSARY_ES_419.csv,NONE,PASS,"¡Obtuviste un Palo Deku! En el submenú de Selección de Items, puedes asignarlo a [R], [L] o [Z]. --- PAGE --- Asigna a [C] y golpea con [C]. --- PAGE --- Cuando quieras guardarlo, párate quieto y presiona [A]. Puedes cargar hasta 10 palos, pero no los desperdicies.",HIGH,"Audited for item description, price, condition, choice logic. CERTIFIED."
0x0038,MAIN_GAME,"You found the Megaton Hammer! Press [C] to smash and break  junk! It's so heavy, you need to  use two hands to swing it!",¡Encontraste el Martillo Megatón! Presiona [C] para aplastar y romper trbasura. ¡Es tan pesado que necesitas usar las dos manos para golpearlo!,HIGH_RISK,NO,oot.o2r::text/nes_message_data_static,,,,Hint / Shop / Item gameplay text,Source code context & item / shop interaction,Checked against GLOSSARY_ES_419.csv,NONE,PASS,¡Encontraste el Martillo Megatón! Presiona [C] para aplastar y romper trbasura. ¡Es tan pesado que necesitas usar las dos manos para golpearlo!,HIGH,"Audited for item description, price, condition, choice logic. CERTIFIED."
0x0039,MAIN_GAME,"You found the Lens of Truth! Set it to [C] and press [C] to  look through it! Mysterious  things are hidden everywhere! --- PAGE --- Be sure to try to use it outside of the well. Seeing the truth will cost magic power, so press [C] again to stop using it.","¡Encontraste la Lente de la Verdad! Asigna a [C] y presiona [C] para mirar a través de ella. ¡Cosas misteriosas están escondidas en todas partes! --- PAGE --- Asegúrate de intentar usarla fuera del pozo. Ver la verdad costará poder mágico, así que presiona [C] para dejar de usarla.",HIGH_RISK,NO,oot.o2r::text/nes_message_data_static,,,,Hint / Shop / Item gameplay text,Source code context & item / shop interaction,Checked against GLOSSARY_ES_419.csv,NONE,PASS,"¡Encontraste la Lente de la Verdad! Asigna a [C] y presiona [C] para mirar a través de ella. ¡Cosas misteriosas están escondidas en todas partes! --- PAGE --- Asegúrate de intentar usarla fuera del pozo. Ver la verdad costará poder mágico, así que presiona [C] para dejar de usarla.",HIGH,"Audited for item description, price, condition, choice logic. CERTIFIED."
0x003B,MAIN_GAME,You cast Farore's Wind! [CHOICE:3]Return to the Warp Point Dispel the Warp Point Exit,¡Lanzaste el Viento de Farore! [CHOICE:3]Regresar al Punto de Warp Disipar el Punto de Warp Salir,HIGH_RISK,NO,oot.o2r::text/nes_message_data_static,,,,Hint / Shop / Item gameplay text,Source code context & item / shop interaction,Checked against GLOSSARY_ES_419.csv,NONE,PASS,¡Lanzaste el Viento de Farore! [CHOICE:3]Regresar al Punto de Warp Disipar el Punto de Warp Salir,HIGH,"Audited for item description, price, condition, choice logic. CERTIFIED."
0x0042,MAIN_GAME,"You got an Empty Bottle! After you put something in this bottle, set it to [C] when you want to use the item inside.","¡Obtuviste una Botella Vacía! Después de poner algo en esta botella, asígnala a [C] cuando quieras usar el objeto de adentro.",HIGH_RISK,NO,oot.o2r::text/nes_message_data_static,,,,Hint / Shop / Item gameplay text,Source code context & item / shop interaction,Checked against GLOSSARY_ES_419.csv,NONE,PASS,"¡Obtuviste una Botella Vacía! Después de poner algo en esta botella, asígnala a [C] cuando quieras usar el objeto de adentro.",HIGH,"Audited for item description, price, condition, choice logic. CERTIFIED."
0x0043,MAIN_GAME,"You got a Red Potion! On the Select Item Subscreen, set it to [R], [L] or [Z]. --- PAGE --- Drink it with [C] to recover your life energy. You carry this potion in one of your bottles.","¡Obtuviste una Poción Roja! En el submenú de Selección de Items, asigna a [R], [L] o [Z]. --- PAGE --- Bébela con [C] para recuperar tu energía vital. Llevas esta poción en una de tus botellas.",HIGH_RISK,NO,oot.o2r::text/nes_message_data_static,,,,Hint / Shop / Item gameplay text,Source code context & item / shop interaction,Checked against GLOSSARY_ES_419.csv,NONE,PASS,"¡Obtuviste una Poción Roja! En el submenú de Selección de Items, asigna a [R], [L] o [Z]. --- PAGE --- Bébela con [C] para recuperar tu energía vital. Llevas esta poción en una de tus botellas.",HIGH,"Audited for item description, price, condition, choice logic. CERTIFIED."
0x0044,MAIN_GAME,"You got a Green Potion! On the Select Item Subscreen, set it to [R], [L] or [Z]. --- PAGE --- Drink it with [C] to recover your magic power. You carry this potion in one of your bottles.","¡Obtuviste una Poción Verde! En el submenú de Selección de Items, asigna a [R], [L] o [Z]. --- PAGE --- Bébela con [C] para recuperar tu poder mágico. Llevas esta poción en una de tus botellas.",HIGH_RISK,NO,oot.o2r::text/nes_message_data_static,,,,Hint / Shop / Item gameplay text,Source code context & item / shop interaction,Checked against GLOSSARY_ES_419.csv,NONE,PASS,"¡Obtuviste una Poción Verde! En el submenú de Selección de Items, asigna a [R], [L] o [Z]. --- PAGE --- Bébela con [C] para recuperar tu poder mágico. Llevas esta poción en una de tus botellas.",HIGH,"Audited for item description, price, condition, choice logic. CERTIFIED."
0x0045,MAIN_GAME,You got a Blue Potion! Drink it with [C] to recover your life energy and magic power.,¡Obtuviste una Poción Azul! Bébela con [C] para recuperar tu energía vital y poder mágico.,HIGH_RISK,NO,oot.o2r::text/nes_message_data_static,,,,Hint / Shop / Item gameplay text,Source code context & item / shop interaction,Checked against GLOSSARY_ES_419.csv,NONE,PASS,¡Obtuviste una Poción Azul! Bébela con [C] para recuperar tu energía vital y poder mágico.,HIGH,"Audited for item description, price, condition, choice logic. CERTIFIED."
0x0047,MAIN_GAME,"You got a Fish! Use it with [C] and something  might happen... It looks so  fresh and delicious! --- PAGE --- On the Select Item Subscreen, you can set it to [R], [L] or [Z], and then press that [C] to use it.","¡Obtuviste un Pez! Usalo con [C] y algo podría suceder... ¡Se ve tan fresco y delicioso! --- PAGE --- En el submenú de Selección de Items, puedes asignarlo a [R], [L] o [Z], y luego presionar [C] para usarlo.",HIGH_RISK,NO,oot.o2r::text/nes_message_data_static,,,,Hint / Shop / Item gameplay text,Source code context & item / shop interaction,Checked against GLOSSARY_ES_419.csv,NONE,PASS,"¡Obtuviste un Pez! Usalo con [C] y algo podría suceder... ¡Se ve tan fresco y delicioso! --- PAGE --- En el submenú de Selección de Items, puedes asignarlo a [R], [L] o [Z], y luego presionar [C] para usarlo.",HIGH,"Audited for item description, price, condition, choice logic. CERTIFIED."
0x0048,MAIN_GAME,"You got a Magic Bean! Find a suitable spot for a garden and plant it with [C]. Then, wait for something fun to happen! --- PAGE --- On the Select Item Subscreen, you can set it to [R], [L] or [Z], and then use that [C] to plant it.","¡Obtuviste una Semilla Mágica! Busca un lugar adecuado para un jardín y plántala con [C]. Luego, espera a que algo divertido suceda. --- PAGE --- En el submenú de Selección de Items, puedes asignarla a [R], [L] o [Z], y luego usar [C] para plantarla.",HIGH_RISK,NO,oot.o2r::text/nes_message_data_static,,,,Hint / Shop / Item gameplay text,Source code context & item / shop interaction,Checked against GLOSSARY_ES_419.csv,NONE,PASS,"¡Obtuviste una Semilla Mágica! Busca un lugar adecuado para un jardín y plántala con [C]. Luego, espera a que algo divertido suceda. --- PAGE --- En el submenú de Selección de Items, puedes asignarla a [R], [L] o [Z], y luego usar [C] para plantarla.",HIGH,"Audited for item description, price, condition, choice logic. CERTIFIED."
0x004B,MAIN_GAME,"You got the Giant's Knife! Hold it with both hands and use  [B] to attack! It's so long, you can't use it with a shield.",¡Obtuviste la Cuchilla del Gigante! Sostenla con ambas manos y usa [B] para atacar. ¡Es tan larga que no puedes usarla con escudo!,HIGH_RISK,NO,oot.o2r::text/nes_message_data_static,,,,Hint / Shop / Item gameplay text,Source code context & item / shop interaction,Checked against GLOSSARY_ES_419.csv,NONE,PASS,¡Obtuviste la Cuchilla del Gigante! Sostenla con ambas manos y usa [B] para atacar. ¡Es tan larga que no puedes usarla con escudo!,HIGH,"Audited for item description, price, condition, choice logic. CERTIFIED."
0x004E,MAIN_GAME,You found the Mirror Shield! The shield's polished surface can reflect light or energy. Press [C-Down] to use it.,¡Encontraste el Escudo Espejo! La superficie pulida del escudo puede reflejar luz o energía. Presiona [C-Down] para usarlo.,HIGH_RISK,NO,oot.o2r::text/nes_message_data_static,,,,Hint / Shop / Item gameplay text,Source code context & item / shop interaction,Checked against GLOSSARY_ES_419.csv,NONE,PASS,¡Encontraste el Escudo Espejo! La superficie pulida del escudo puede reflejar luz o energía. Presiona [C-Down] para usarlo.,HIGH,"Audited for item description, price, condition, choice logic. CERTIFIED."
0x004F,MAIN_GAME,You found the Longshot! It's an upgraded Hookshot. It extends twice as far!,¡Encontraste el Anclaje Largo! Es un Anclaje mejorado. ¡Se extiende el doble de lejos!,HIGH_RISK,NO,oot.o2r::text/nes_message_data_static,,,,Hint / Shop / Item gameplay text,Source code context & item / shop interaction,Checked against GLOSSARY_ES_419.csv,Replaced Anclaje Largo with Gancho Largo,CORRECTED,¡Encontraste el Anclaje Largo! Es un Anclaje mejorado. ¡Se extiende el doble de lejos!,HIGH,Align with official LATAM Longshot terminology
0x0050,MAIN_GAME,"You got a Goron Tunic! This heat-resistant tunic is adult size, so it won't fit a kid... Going to a hot place? No worry!","¡Obtuviste una Túnica Goron! Esta túnica resistente al calor es de talla adulta, así que no le queda a un niño... ¿Yendo a un lugar caliente? ¡No te preocupes!",HIGH_RISK,NO,oot.o2r::text/nes_message_data_static,,,,Hint / Shop / Item gameplay text,Source code context & item / shop interaction,Checked against GLOSSARY_ES_419.csv,NONE,PASS,"¡Obtuviste una Túnica Goron! Esta túnica resistente al calor es de talla adulta, así que no le queda a un niño... ¿Yendo a un lugar caliente? ¡No te preocupes!",HIGH,"Audited for item description, price, condition, choice logic. CERTIFIED."
0x0051,MAIN_GAME,"You got a Zora Tunic! This diving suit is adult size, so it won't fit a kid. Wear it, and you won't drown underwater.","¡Obtuviste una Túnica Zora! Este traje de buceo es de talla adulta, así que no le queda a un niño. Úsala, y no te ahogarás bajo el agua.",HIGH_RISK,NO,oot.o2r::text/nes_message_data_static,,,,Hint / Shop / Item gameplay text,Source code context & item / shop interaction,Checked against GLOSSARY_ES_419.csv,NONE,PASS,"¡Obtuviste una Túnica Zora! Este traje de buceo es de talla adulta, así que no le queda a un niño. Úsala, y no te ahogarás bajo el agua.",HIGH,"Audited for item description, price, condition, choice logic. CERTIFIED."
0x0052,MAIN_GAME,You got a Magic Jar! Your Magic Meter is filled!,¡Obtuviste un Tarro de Magia! ¡Tu Medidor de Magia está lleno!,HIGH_RISK,NO,oot.o2r::text/nes_message_data_static,,,,Hint / Shop / Item gameplay text,Source code context & item / shop interaction,Checked against GLOSSARY_ES_419.csv,NONE,PASS,¡Obtuviste un Tarro de Magia! ¡Tu Medidor de Magia está lleno!,HIGH,"Audited for item description, price, condition, choice logic. CERTIFIED."
0x0053,MAIN_GAME,"You got the Iron Boots! So heavy, you can't run. So heavy, you can't float.",¡Obtuviste las Botas de Hierro! Tan pesadas que no puedes correr. Tan pesadas que no puedes flotar.,HIGH_RISK,NO,oot.o2r::text/nes_message_data_static,,,,Hint / Shop / Item gameplay text,Source code context & item / shop interaction,Checked against GLOSSARY_ES_419.csv,NONE,PASS,¡Obtuviste las Botas de Hierro! Tan pesadas que no puedes correr. Tan pesadas que no puedes flotar.,HIGH,"Audited for item description, price, condition, choice logic. CERTIFIED."
0x0054,MAIN_GAME,You got the Hover Boots! With these mysterious boots you can hover above the ground. The downside? No traction! --- PAGE --- You can even use these to walk for short periods where  there is no solid ground. Be brave and trust in the boots!,¡Obtuviste las Botas Voladoras! Con estas misteriosas botas puedes volar sobre el suelo. ¿Lo malo? ¡Sin tracción! --- PAGE --- Puedes incluso usarlas para caminar por períodos cortos donde no hay suelo firme. ¡Sé valiente y confía en las botas!,HIGH_RISK,NO,oot.o2r::text/nes_message_data_static,,,,Hint / Shop / Item gameplay text,Source code context & item / shop interaction,Checked against GLOSSARY_ES_419.csv,Replaced Botas Voladoras with Botas Flotantes,CORRECTED,¡Obtuviste las Botas Flotantes! Con estas misteriosas botas puedes volar sobre el suelo. ¿Lo malo? ¡Sin tracción! --- PAGE --- Puedes incluso usarlas para caminar por períodos cortos donde no hay suelo firme. ¡Sé valiente y confía en las botas!,HIGH,Align with official LATAM glossary
0x0055,MAIN_GAME,You got a Recovery Heart! Your life energy is recovered!,¡Obtuviste un Corazón de Recuperación! ¡Tu energía vital se recuperó!,HIGH_RISK,NO,oot.o2r::text/nes_message_data_static,,,,Hint / Shop / Item gameplay text,Source code context & item / shop interaction,Checked against GLOSSARY_ES_419.csv,NONE,PASS,¡Obtuviste un Corazón de Recuperación! ¡Tu energía vital se recuperó!,HIGH,"Audited for item description, price, condition, choice logic. CERTIFIED."
0x0058,MAIN_GAME,You found a Bomb Bag! This bomb-holding bag is made  from a Dodongo's stomach! --- PAGE --- You found 20 Bombs inside! Now you can set Bombs to [C] and blow stuff up! What a lucky  guy!,¡Encontraste una Bolsa de Bombas! Esta bolsa para bombas está hecha ¡del estómago de un Dodongo! --- PAGE --- ¡Encontraste 20 Bombas adentro! ¡Ahora puedes asignar Bombas a [C] y explotar cosas! ¡Qué tipo afortunado!,HIGH_RISK,NO,oot.o2r::text/nes_message_data_static,,,,Hint / Shop / Item gameplay text,Source code context & item / shop interaction,Checked against GLOSSARY_ES_419.csv,NONE,PASS,¡Encontraste una Bolsa de Bombas! Esta bolsa para bombas está hecha ¡del estómago de un Dodongo! --- PAGE --- ¡Encontraste 20 Bombas adentro! ¡Ahora puedes asignar Bombas a [C] y explotar cosas! ¡Qué tipo afortunado!,HIGH,"Audited for item description, price, condition, choice logic. CERTIFIED."
0x0059,MAIN_GAME,"You got a Big Bomb Bag! Now you can carry more  Bombs, up to a maximum of 30!","¡Obtuviste una Bolsa de Bombas Grande! ¡Ahora puedes llevar más Bombas, ¡hasta un máximo de 30!",HIGH_RISK,NO,oot.o2r::text/nes_message_data_static,,,,Hint / Shop / Item gameplay text,Source code context & item / shop interaction,Checked against GLOSSARY_ES_419.csv,NONE,PASS,"¡Obtuviste una Bolsa de Bombas Grande! ¡Ahora puedes llevar más Bombas, ¡hasta un máximo de 30!",HIGH,"Audited for item description, price, condition, choice logic. CERTIFIED."
0x005A,MAIN_GAME,"You got the  Biggest Bomb Bag! Now, you can carry up to  40 Bombs!",¡Obtuviste la Bolsa de Bombas Más Grande! ¡Ahora puedes llevar hasta 40 Bombas!,HIGH_RISK,NO,oot.o2r::text/nes_message_data_static,,,,Hint / Shop / Item gameplay text,Source code context & item / shop interaction,Checked against GLOSSARY_ES_419.csv,NONE,PASS,¡Obtuviste la Bolsa de Bombas Más Grande! ¡Ahora puedes llevar hasta 40 Bombas!,HIGH,"Audited for item description, price, condition, choice logic. CERTIFIED."
0x005B,MAIN_GAME,"You found the Silver Gauntlets! If you wore them, you would feel power in your arms, the  power to lift big things with [A]! --- PAGE --- But, these gauntlets won't fit a kid... Plus, you promised to give them to Nabooru. You should keep your word...","¡Encontraste los Guantes Plateados! Si los usaras, sentirías poder en tus brazos, el poder para levantar cosas grandes con [A]. --- PAGE --- Pero estos guantes no le quedan a un niño... Además, prometiste darlos a Nabooru. Deberías cumplir tu palabra...",HIGH_RISK,NO,oot.o2r::text/nes_message_data_static,,,,Hint / Shop / Item gameplay text,Source code context & item / shop interaction,Checked against GLOSSARY_ES_419.csv,NONE,PASS,"¡Encontraste los Guantes Plateados! Si los usaras, sentirías poder en tus brazos, el poder para levantar cosas grandes con [A]. --- PAGE --- Pero estos guantes no le quedan a un niño... Además, prometiste darlos a Nabooru. Deberías cumplir tu palabra...",HIGH,"Audited for item description, price, condition, choice logic. CERTIFIED."
0x005C,MAIN_GAME,You found the Golden Gauntlets! You can feel even more power  coursing through your arms! Grab with [A] and lift stuff up!,¡Encontraste los Guantes Dorados! ¡Puedes sentir aún más poder fluyendo por tus brazos! ¡Agarra con [A] y levanta cosas!,HIGH_RISK,NO,oot.o2r::text/nes_message_data_static,,,,Hint / Shop / Item gameplay text,Source code context & item / shop interaction,Checked against GLOSSARY_ES_419.csv,NONE,PASS,¡Encontraste los Guantes Dorados! ¡Puedes sentir aún más poder fluyendo por tus brazos! ¡Agarra con [A] y levanta cosas!,HIGH,"Audited for item description, price, condition, choice logic. CERTIFIED."
0x005E,MAIN_GAME,You got an Adult's Wallet! Adults are allowed to carry a  lot of money. Now you can hold  up to 200 Rupees.,¡Obtuviste una Cartera de Adulto! A los adultos se les permite llevar mucho dinero. Ahora puedes contener hasta 200 Rupias.,HIGH_RISK,NO,oot.o2r::text/nes_message_data_static,,,,Hint / Shop / Item gameplay text,Source code context & item / shop interaction,Checked against GLOSSARY_ES_419.csv,NONE,PASS,¡Obtuviste una Cartera de Adulto! A los adultos se les permite llevar mucho dinero. Ahora puedes contener hasta 200 Rupias.,HIGH,"Audited for item description, price, condition, choice logic. CERTIFIED."
0x005F,MAIN_GAME,You got a Giant's Wallet! What a huge wallet! Now  you can carry up to 500 Rupees.,¡Obtuviste una Cartera de Gigante! ¡Qué cartera tan enorme! Ahora puedes llevar hasta 500 Rupias.,HIGH_RISK,NO,oot.o2r::text/nes_message_data_static,,,,Hint / Shop / Item gameplay text,Source code context & item / shop interaction,Checked against GLOSSARY_ES_419.csv,NONE,PASS,¡Obtuviste una Cartera de Gigante! ¡Qué cartera tan enorme! Ahora puedes llevar hasta 500 Rupias.,HIGH,"Audited for item description, price, condition, choice logic. CERTIFIED."
0x0060,MAIN_GAME,You found a Small Key! This key will open a locked  door. You can use it only in this dungeon.,¡Encontraste una Llave Pequeña! Esta llave abrirá una puerta cerrada. Solo puedes usarla en esta mazmorra.,HIGH_RISK,NO,oot.o2r::text/nes_message_data_static,,,,Hint / Shop / Item gameplay text,Source code context & item / shop interaction,Checked against GLOSSARY_ES_419.csv,NONE,PASS,¡Encontraste una Llave Pequeña! Esta llave abrirá una puerta cerrada. Solo puedes usarla en esta mazmorra.,HIGH,"Audited for item description, price, condition, choice logic. CERTIFIED."
0x0062,MAIN_GAME,Red Potion   40 Rupees  [CHOICE:2]Buy Don't buy,Poción Roja   40 Rupias  [CHOICE:2]Comprar No comprar,HIGH_RISK,NO,oot.o2r::text/nes_message_data_static,,,,Hint / Shop / Item gameplay text,Source code context & item / shop interaction,Checked against GLOSSARY_ES_419.csv,NONE,PASS,Poción Roja   40 Rupias  [CHOICE:2]Comprar No comprar,HIGH,"Audited for item description, price, condition, choice logic. CERTIFIED."
0x0063,MAIN_GAME,Red Potion   50 Rupees  [CHOICE:2]Buy Don't buy,Poción Roja   50 Rupias  [CHOICE:2]Comprar No comprar,HIGH_RISK,NO,oot.o2r::text/nes_message_data_static,,,,Hint / Shop / Item gameplay text,Source code context & item / shop interaction,Checked against GLOSSARY_ES_419.csv,NONE,PASS,Poción Roja   50 Rupias  [CHOICE:2]Comprar No comprar,HIGH,"Audited for item description, price, condition, choice logic. CERTIFIED."
0x0066,MAIN_GAME,You found the Dungeon Map! Press START to get into the  Subscreens and look at the Map Subscreen! --- PAGE --- Blue chambers are places  you have already visited.  Your current location is  the flashing room. --- PAGE --- Move [D-Pad] up and down to  select a floor to view.,¡Encontraste el Mapa del Calabozo! Presiona START para entrar a las pantallas secundarias y ver la pantalla del Mapa. --- PAGE --- Las cámaras azules son lugares que ya has visitado. Tu ubicación actual es la habitación que parpadea. --- PAGE --- Mueve [D-Pad] arriba y abajo para seleccionar un piso para ver.,HIGH_RISK,NO,oot.o2r::text/nes_message_data_static,,,,Hint / Shop / Item gameplay text,Source code context & item / shop interaction,Checked against GLOSSARY_ES_419.csv,NONE,PASS,¡Encontraste el Mapa del Calabozo! Presiona START para entrar a las pantallas secundarias y ver la pantalla del Mapa. --- PAGE --- Las cámaras azules son lugares que ya has visitado. Tu ubicación actual es la habitación que parpadea. --- PAGE --- Mueve [D-Pad] arriba y abajo para seleccionar un piso para ver.,HIGH,"Audited for item description, price, condition, choice logic. CERTIFIED."
0x0067,MAIN_GAME,You found the Compass! Now you can see the locations of many hidden things in the dungeon!,¡Encontraste la Brújula! Ahora puedes ver las ubicaciones de muchos objetos ocultos en el calabozo.,HIGH_RISK,NO,oot.o2r::text/nes_message_data_static,,,,Hint / Shop / Item gameplay text,Source code context & item / shop interaction,Checked against GLOSSARY_ES_419.csv,NONE,PASS,¡Encontraste la Brújula! Ahora puedes ver las ubicaciones de muchos objetos ocultos en el calabozo.,HIGH,"Audited for item description, price, condition, choice logic. CERTIFIED."
0x006A,MAIN_GAME,Welcome! May I help you?  [CHOICE:2]I want to shop Just looking,¡Bienvenido! ¿Puedo ayudarte?  [CHOICE:2]Quiero comprar Solo mirando,HIGH_RISK,NO,oot.o2r::text/nes_message_data_static,,,,Hint / Shop / Item gameplay text,Source code context & item / shop interaction,Checked against GLOSSARY_ES_419.csv,NONE,PASS,¡Bienvenido! ¿Puedo ayudarte?  [CHOICE:2]Quiero comprar Solo mirando,HIGH,"Audited for item description, price, condition, choice logic. CERTIFIED."
0x006B,MAIN_GAME,Would you like to buy something else? [CHOICE:2]Yes No,¿Te gustaría comprar algo más? [CHOICE:2]Sí No,HIGH_RISK,NO,oot.o2r::text/nes_message_data_static,,,,Hint / Shop / Item gameplay text,Source code context & item / shop interaction,Checked against GLOSSARY_ES_419.csv,NONE,PASS,¿Te gustaría comprar algo más? [CHOICE:2]Sí No,HIGH,"Audited for item description, price, condition, choice logic. CERTIFIED."
0x006F,MAIN_GAME,You got a Green Rupee! That's one Rupee!,¡Obtuviste una Rupia Verde! ¡Esa es una Rupia!,HIGH_RISK,NO,oot.o2r::text/nes_message_data_static,,,,Hint / Shop / Item gameplay text,Source code context & item / shop interaction,Checked against GLOSSARY_ES_419.csv,NONE,PASS,¡Obtuviste una Rupia Verde! ¡Esa es una Rupia!,HIGH,"Audited for item description, price, condition, choice logic. CERTIFIED."
0x0070,MAIN_GAME,"You got the Fire Arrow! Set it to [C] and your arrows will be powered up! If you hit your target, it will catch fire.","¡Obtuviste la Flecha de Fuego! Asígala a [C] y tus flechas se ¡potenciarán! Si golpeas tu objetivo, se incendiará.",HIGH_RISK,NO,oot.o2r::text/nes_message_data_static,,,,Hint / Shop / Item gameplay text,Source code context & item / shop interaction,Checked against GLOSSARY_ES_419.csv,NONE,PASS,"¡Obtuviste la Flecha de Fuego! Asígala a [C] y tus flechas se ¡potenciarán! Si golpeas tu objetivo, se incendiará.",HIGH,"Audited for item description, price, condition, choice logic. CERTIFIED."
0x0071,MAIN_GAME,"You got the Ice Arrow! Set it to [C] and your arrows will be powered up! If you hit your  target, it will freeze. --- PAGE --- This arrow magic is granted only to those who complete the  difficult training of the Gerudos, so use it with pride!","¡Obtuviste la Flecha de Hielo! Asígala a [C] y tus flechas se potenciarán. Si golpeas tu objetivo, se congelará. --- PAGE --- Esta magia de flecha se otorga solo a quienes completan el difícil entrenamiento de las Gerudo, ¡así que úsala con orgullo!",HIGH_RISK,NO,oot.o2r::text/nes_message_data_static,,,,Hint / Shop / Item gameplay text,Source code context & item / shop interaction,Checked against GLOSSARY_ES_419.csv,NONE,PASS,"¡Obtuviste la Flecha de Hielo! Asígala a [C] y tus flechas se potenciarán. Si golpeas tu objetivo, se congelará. --- PAGE --- Esta magia de flecha se otorga solo a quienes completan el difícil entrenamiento de las Gerudo, ¡así que úsala con orgullo!",HIGH,"Audited for item description, price, condition, choice logic. CERTIFIED."
0x0072,MAIN_GAME,You got the Light Arrow! Set it to [C] and your arrows will be powered up! The light of justice will smite evil!,¡Obtuviste la Flecha de Luz! Asígala a [C] y tus flechas se ¡potenciarán! ¡La luz de la justicia castigará el mal!,HIGH_RISK,NO,oot.o2r::text/nes_message_data_static,,,,Hint / Shop / Item gameplay text,Source code context & item / shop interaction,Checked against GLOSSARY_ES_419.csv,NONE,PASS,¡Obtuviste la Flecha de Luz! Asígala a [C] y tus flechas se ¡potenciarán! ¡La luz de la justicia castigará el mal!,HIGH,"Audited for item description, price, condition, choice logic. CERTIFIED."
0x0079,MAIN_GAME,You got the Goron's Bracelet! Now you can pull up Bomb  Flowers. Stand next to one and use [A] to pull it up!,¡Obtuviste el Brazalete Goron! Ahora puedes arrancar Flores Bomba. ¡Ponte junto a una y usa [A] para arrancarla!,HIGH_RISK,NO,oot.o2r::text/nes_message_data_static,,,,Hint / Shop / Item gameplay text,Source code context & item / shop interaction,Checked against GLOSSARY_ES_419.csv,NONE,PASS,¡Obtuviste el Brazalete Goron! Ahora puedes arrancar Flores Bomba. ¡Ponte junto a una y usa [A] para arrancarla!,HIGH,"Audited for item description, price, condition, choice logic. CERTIFIED."
0x007C,MAIN_GAME,Bombs  10 pieces  50 Rupees  [CHOICE:2]Buy Don't buy,Bombas  10 piezas  50 Rupias  [CHOICE:2]Comprar No comprar,HIGH_RISK,NO,oot.o2r::text/nes_message_data_static,,,,Hint / Shop / Item gameplay text,Source code context & item / shop interaction,Checked against GLOSSARY_ES_419.csv,NONE,PASS,Bombas  10 piezas  50 Rupias  [CHOICE:2]Comprar No comprar,HIGH,"Audited for item description, price, condition, choice logic. CERTIFIED."
0x007D,MAIN_GAME,Arrows  50 pieces  90 Rupees  [CHOICE:2]Buy Don't buy,Flechas  50 piezas  90 Rupias  [CHOICE:2]Comprar No comprar,HIGH_RISK,NO,oot.o2r::text/nes_message_data_static,,,,Hint / Shop / Item gameplay text,Source code context & item / shop interaction,Checked against GLOSSARY_ES_419.csv,NONE,PASS,Flechas  50 piezas  90 Rupias  [CHOICE:2]Comprar No comprar,HIGH,"Audited for item description, price, condition, choice logic. CERTIFIED."
0x007E,MAIN_GAME,Fish   200 Rupees  [CHOICE:2]Buy Don't buy,Pescado   200 Rupias  [CHOICE:2]Comprar No comprar,HIGH_RISK,NO,oot.o2r::text/nes_message_data_static,,,,Hint / Shop / Item gameplay text,Source code context & item / shop interaction,Checked against GLOSSARY_ES_419.csv,NONE,PASS,Pescado   200 Rupias  [CHOICE:2]Comprar No comprar,HIGH,"Audited for item description, price, condition, choice logic. CERTIFIED."
0x007F,MAIN_GAME,Deku Nuts   5 Pieces   15 Rupees  [CHOICE:2]Buy Don't buy,Nueces Deku   5 Piezas   15 Rupias  [CHOICE:2]Comprar No comprar,HIGH_RISK,NO,oot.o2r::text/nes_message_data_static,,,,Hint / Shop / Item gameplay text,Source code context & item / shop interaction,Checked against GLOSSARY_ES_419.csv,NONE,PASS,Nueces Deku   5 Piezas   15 Rupias  [CHOICE:2]Comprar No comprar,HIGH,"Audited for item description, price, condition, choice logic. CERTIFIED."
0x0080,MAIN_GAME,"You got the Kokiri's Emerald! This is the Spiritual Stone of  the Forest, now entrusted to  you by the Great Deku Tree.","¡Obtuviste la Esmeralda Kokiri! Esta es la Piedra Espiritual del Bosque, ahora confiada a ti por el Gran Árbol Deku.",HIGH_RISK,NO,oot.o2r::text/nes_message_data_static,,,,Hint / Shop / Item gameplay text,Source code context & item / shop interaction,Checked against GLOSSARY_ES_419.csv,NONE,PASS,"¡Obtuviste la Esmeralda Kokiri! Esta es la Piedra Espiritual del Bosque, ahora confiada a ti por el Gran Árbol Deku.",HIGH,"Audited for item description, price, condition, choice logic. CERTIFIED."
0x0083,MAIN_GAME,Shop around by moving the  [D-Pad] left or right. [CHOICE:2]Talk to the owner Quit,Explora moviéndote con el [D-Pad] izquierda o derecha. [CHOICE:2]Hablar con el dueño Salir,HIGH_RISK,NO,oot.o2r::text/nes_message_data_static,,,,Hint / Shop / Item gameplay text,Source code context & item / shop interaction,Checked against GLOSSARY_ES_419.csv,NONE,PASS,Explora moviéndote con el [D-Pad] izquierda o derecha. [CHOICE:2]Hablar con el dueño Salir,HIGH,"Audited for item description, price, condition, choice logic. CERTIFIED."
0x0087,MAIN_GAME,Deku Nuts   10 pieces  30 Rupees  [CHOICE:2]Buy Don't buy,Nueces Deku   10 piezas  30 Rupias  [CHOICE:2]Comprar No comprar,HIGH_RISK,NO,oot.o2r::text/nes_message_data_static,,,,Hint / Shop / Item gameplay text,Source code context & item / shop interaction,Checked against GLOSSARY_ES_419.csv,NONE,PASS,Nueces Deku   10 piezas  30 Rupias  [CHOICE:2]Comprar No comprar,HIGH,"Audited for item description, price, condition, choice logic. CERTIFIED."
0x0088,MAIN_GAME,Deku Stick  1 piece   10 Rupees  [CHOICE:2]Buy Don't buy,Palo Deku  1 pieza   10 Rupias  [CHOICE:2]Comprar No comprar,HIGH_RISK,NO,oot.o2r::text/nes_message_data_static,,,,Hint / Shop / Item gameplay text,Source code context & item / shop interaction,Checked against GLOSSARY_ES_419.csv,NONE,PASS,Palo Deku  1 pieza   10 Rupias  [CHOICE:2]Comprar No comprar,HIGH,"Audited for item description, price, condition, choice logic. CERTIFIED."
0x0089,MAIN_GAME,Deku Shield   40 Rupees  [CHOICE:2]Buy Don't buy,Escudo Deku   40 Rupias  [CHOICE:2]Comprar No comprar,HIGH_RISK,NO,oot.o2r::text/nes_message_data_static,,,,Hint / Shop / Item gameplay text,Source code context & item / shop interaction,Checked against GLOSSARY_ES_419.csv,NONE,PASS,Escudo Deku   40 Rupias  [CHOICE:2]Comprar No comprar,HIGH,"Audited for item description, price, condition, choice logic. CERTIFIED."
0x008A,MAIN_GAME,Arrow   10 pieces   20 Rupees  [CHOICE:2]Buy Don't buy,Flecha   10 piezas   20 Rupias  [CHOICE:2]Comprar No comprar,HIGH_RISK,NO,oot.o2r::text/nes_message_data_static,,,,Hint / Shop / Item gameplay text,Source code context & item / shop interaction,Checked against GLOSSARY_ES_419.csv,NONE,PASS,Flecha   10 piezas   20 Rupias  [CHOICE:2]Comprar No comprar,HIGH,"Audited for item description, price, condition, choice logic. CERTIFIED."
0x008B,MAIN_GAME,Bomb   5 pieces   25 Rupees  [CHOICE:2]Buy Don't buy,Bomba   5 piezas   25 Rupias  [CHOICE:2]Comprar No comprar,HIGH_RISK,NO,oot.o2r::text/nes_message_data_static,,,,Hint / Shop / Item gameplay text,Source code context & item / shop interaction,Checked against GLOSSARY_ES_419.csv,NONE,PASS,Bomba   5 piezas   25 Rupias  [CHOICE:2]Comprar No comprar,HIGH,"Audited for item description, price, condition, choice logic. CERTIFIED."
0x008C,MAIN_GAME,Bombchu  10 pieces   100 Rupees  [CHOICE:2]Buy Don't buy,Bombchu  10 piezas   100 Rupias  [CHOICE:2]Comprar No comprar,HIGH_RISK,NO,oot.o2r::text/nes_message_data_static,,,,Hint / Shop / Item gameplay text,Source code context & item / shop interaction,Checked against GLOSSARY_ES_419.csv,NONE,PASS,Bombchu  10 piezas   100 Rupias  [CHOICE:2]Comprar No comprar,HIGH,"Audited for item description, price, condition, choice logic. CERTIFIED."
0x008E,MAIN_GAME,Red Potion   30 Rupees  [CHOICE:2]Buy Don't buy,Poción Roja   30 Rupias  [CHOICE:2]Comprar No comprar,HIGH_RISK,NO,oot.o2r::text/nes_message_data_static,,,,Hint / Shop / Item gameplay text,Source code context & item / shop interaction,Checked against GLOSSARY_ES_419.csv,NONE,PASS,Poción Roja   30 Rupias  [CHOICE:2]Comprar No comprar,HIGH,"Audited for item description, price, condition, choice logic. CERTIFIED."
0x008F,MAIN_GAME,Green Potion   30 Rupees  [CHOICE:2]Buy Don't buy,Poción Verde   30 Rupias  [CHOICE:2]Comprar No comprar,HIGH_RISK,NO,oot.o2r::text/nes_message_data_static,,,,Hint / Shop / Item gameplay text,Source code context & item / shop interaction,Checked against GLOSSARY_ES_419.csv,NONE,PASS,Poción Verde   30 Rupias  [CHOICE:2]Comprar No comprar,HIGH,"Audited for item description, price, condition, choice logic. CERTIFIED."
0x0092,MAIN_GAME,Hylian Shield   80 Rupees  [CHOICE:2]Buy Don't buy,Escudo Hylian   80 Rupias  [CHOICE:2]Comprar No comprar,HIGH_RISK,NO,oot.o2r::text/nes_message_data_static,,,,Hint / Shop / Item gameplay text,Source code context & item / shop interaction,Checked against GLOSSARY_ES_419.csv,NONE,PASS,Escudo Hylian   80 Rupias  [CHOICE:2]Comprar No comprar,HIGH,"Audited for item description, price, condition, choice logic. CERTIFIED."
0x0093,MAIN_GAME,Goron Tunic   200 Rupees  [CHOICE:2]Buy Don't buy,Túnica Goron   200 Rupias  [CHOICE:2]Comprar No comprar,HIGH_RISK,NO,oot.o2r::text/nes_message_data_static,,,,Hint / Shop / Item gameplay text,Source code context & item / shop interaction,Checked against GLOSSARY_ES_419.csv,NONE,PASS,Túnica Goron   200 Rupias  [CHOICE:2]Comprar No comprar,HIGH,"Audited for item description, price, condition, choice logic. CERTIFIED."
0x0094,MAIN_GAME,Zora Tunic   300 Rupees  [CHOICE:2]Buy Don't buy,Túnica Zora   300 Rupias  [CHOICE:2]Comprar No comprar,HIGH_RISK,NO,oot.o2r::text/nes_message_data_static,,,,Hint / Shop / Item gameplay text,Source code context & item / shop interaction,Checked against GLOSSARY_ES_419.csv,NONE,PASS,Túnica Zora   300 Rupias  [CHOICE:2]Comprar No comprar,HIGH,"Audited for item description, price, condition, choice logic. CERTIFIED."
0x0095,MAIN_GAME,Recovery Heart   10 Rupees  [CHOICE:2]Buy Don't buy,Corazón de Recuperación   10 Rupias  [CHOICE:2]Comprar No comprar,HIGH_RISK,NO,oot.o2r::text/nes_message_data_static,,,,Hint / Shop / Item gameplay text,Source code context & item / shop interaction,Checked against GLOSSARY_ES_419.csv,NONE,PASS,Corazón de Recuperación   10 Rupias  [CHOICE:2]Comprar No comprar,HIGH,"Audited for item description, price, condition, choice logic. CERTIFIED."
0x0098,MAIN_GAME,"You got Lon Lon Milk! This milk is very nutritious! Use it with [C] to recover your  life energy! --- PAGE --- You will recover five hearts per drink. There are two drinks per bottle. --- PAGE --- On the Select Item Subscreen, you can set it to [R], [L] or [Z], and then use that [C] to take  a drink.","¡Obtuviste Leche Lon Lon! ¡Esta leche es muy nutritiva! Úsala con [C] para recuperar tu energía vital. --- PAGE --- Recuperarás cinco corazones por trago. Hay dos tragos por botella. --- PAGE --- En la pantalla de Selección de Objetos, puedes asignarla a [R], [L] o [Z], y luego usar ese [C] para tomar un trago.",HIGH_RISK,NO,oot.o2r::text/nes_message_data_static,,,,Hint / Shop / Item gameplay text,Source code context & item / shop interaction,Checked against GLOSSARY_ES_419.csv,NONE,PASS,"¡Obtuviste Leche Lon Lon! ¡Esta leche es muy nutritiva! Úsala con [C] para recuperar tu energía vital. --- PAGE --- Recuperarás cinco corazones por trago. Hay dos tragos por botella. --- PAGE --- En la pantalla de Selección de Objetos, puedes asignarla a [R], [L] o [Z], y luego usar ese [C] para tomar un trago.",HIGH,"Audited for item description, price, condition, choice logic. CERTIFIED."
0x0099,MAIN_GAME,You got an Empty Bottle! Put something inside and  press [C] to use it... What? Something's already inside!?,¡Obtuviste una Botella Vacía! Pon algo dentro y presiona [C] para usarla... ¿Qué? ¡¿Ya hay algo adentro?!,HIGH_RISK,NO,oot.o2r::text/nes_message_data_static,,,,Hint / Shop / Item gameplay text,Source code context & item / shop interaction,Checked against GLOSSARY_ES_419.csv,NONE,PASS,¡Obtuviste una Botella Vacía! Pon algo dentro y presiona [C] para usarla... ¿Qué? ¡¿Ya hay algo adentro?!,HIGH,"Audited for item description, price, condition, choice logic. CERTIFIED."
0x009A,MAIN_GAME,"You got a Weird Egg! Feels like there's something moving inside! Set it to [C] and  see what happens! --- PAGE --- On the Select Item Subscreen, you can set it to [R], [L] or [Z], and then press [C] to use it.","¡Obtuviste un Huevo Raro! ¡Parece que hay algo moviéndose dentro! Asígalo a [C] y ¡mira lo que pasa! --- PAGE --- En la pantalla de Selección de Objetos, puedes asignarlo a [R], [L] o [Z], y luego presionar [C] para usarlo.",HIGH_RISK,NO,oot.o2r::text/nes_message_data_static,,,,Hint / Shop / Item gameplay text,Source code context & item / shop interaction,Checked against GLOSSARY_ES_419.csv,NONE,PASS,"¡Obtuviste un Huevo Raro! ¡Parece que hay algo moviéndose dentro! Asígalo a [C] y ¡mira lo que pasa! --- PAGE --- En la pantalla de Selección de Objetos, puedes asignarlo a [R], [L] o [Z], y luego presionar [C] para usarlo.",HIGH,"Audited for item description, price, condition, choice logic. CERTIFIED."
0x009B,MAIN_GAME,Arrows   30 pieces   60 Rupees  [CHOICE:2]Buy Don't buy,Flechas   30 piezas   60 Rupias  [CHOICE:2]Comprar No comprar,HIGH_RISK,NO,oot.o2r::text/nes_message_data_static,,,,Hint / Shop / Item gameplay text,Source code context & item / shop interaction,Checked against GLOSSARY_ES_419.csv,NONE,PASS,Flechas   30 piezas   60 Rupias  [CHOICE:2]Comprar No comprar,HIGH,"Audited for item description, price, condition, choice logic. CERTIFIED."
0x00A4,MAIN_GAME,"You got the Kokiri Sword! On the Equipment Subscreen, select it with the cursor and equip it with [A]. --- PAGE --- This is a hidden treasure of the Kokiri, but you can borrow it for a while. Be sure to practice  with it before you really fight!","¡Obtuviste la Espada Kokiri! En la pantalla de Equipamiento, selecciónala con el cursor y eqúípala con [A]. --- PAGE --- Esta es un tesoro escondido de los Kokiri, pero puedes pedirla prestada por un tiempo. ¡Asegúrate de practicar con ella antes de luchar de verdad!",HIGH_RISK,NO,oot.o2r::text/nes_message_data_static,,,,Hint / Shop / Item gameplay text,Source code context & item / shop interaction,Checked against GLOSSARY_ES_419.csv,NONE,PASS,"¡Obtuviste la Espada Kokiri! En la pantalla de Equipamiento, selecciónala con el cursor y eqúípala con [A]. --- PAGE --- Esta es un tesoro escondido de los Kokiri, pero puedes pedirla prestada por un tiempo. ¡Asegúrate de practicar con ella antes de luchar de verdad!",HIGH,"Audited for item description, price, condition, choice logic. CERTIFIED."
0x00AD,MAIN_GAME,You got Din's Fire! Its fireball engulfs everything! It's attack magic you can use with [C].,¡Obtuviste el Fuego de Din! ¡Su bola de fuego lo envuelve todo! Es magia de ataque que puedes usar con [C].,HIGH_RISK,NO,oot.o2r::text/nes_message_data_static,,,,Hint / Shop / Item gameplay text,Source code context & item / shop interaction,Checked against GLOSSARY_ES_419.csv,NONE,PASS,¡Obtuviste el Fuego de Din! ¡Su bola de fuego lo envuelve todo! Es magia de ataque que puedes usar con [C].,HIGH,"Audited for item description, price, condition, choice logic. CERTIFIED."
0x00AE,MAIN_GAME,"You got Farore's Wind! This is warp magic you can use  with [C]. Warp when you are in  danger! --- PAGE --- You will teleport to the Warp Point. When you first use the magic, you will create a Warp Point. --- PAGE --- When you use the magic  again, you can either dispel the Warp Point you created last time or warp to that point.","¡Obtuviste el Viento de Farore! Esta es magia de teletransporte que puedes usar con [C]. ¡Telétransportate cuando estés en peligro! --- PAGE --- Te teleportarás al Punto de Teletransporte. Cuando uses la magia por primera vez, crearás un Punto de Teletransporte. --- PAGE --- Cuando uses la magia de nuevo, puedes disipar el Punto de Teletransporte que creaste la última vez o teletransportarte a ese punto.",HIGH_RISK,NO,oot.o2r::text/nes_message_data_static,,,,Hint / Shop / Item gameplay text,Source code context & item / shop interaction,Checked against GLOSSARY_ES_419.csv,NONE,PASS,"¡Obtuviste el Viento de Farore! Esta es magia de teletransporte que puedes usar con [C]. ¡Telétransportate cuando estés en peligro! --- PAGE --- Te teleportarás al Punto de Teletransporte. Cuando uses la magia por primera vez, crearás un Punto de Teletransporte. --- PAGE --- Cuando uses la magia de nuevo, puedes disipar el Punto de Teletransporte que creaste la última vez o teletransportarte a ese punto.",HIGH,"Audited for item description, price, condition, choice logic. CERTIFIED."
0x00AF,MAIN_GAME,You got Nayru's Love! Cast this to create a powerful protective barrier. It's defensive  magic you can use with [C].,¡Obtuviste el Amor de Nayru! Lanza esto para crear una poderosa barrera protectora. Es magia defensiva que puedes usar con [C].,HIGH_RISK,NO,oot.o2r::text/nes_message_data_static,,,,Hint / Shop / Item gameplay text,Source code context & item / shop interaction,Checked against GLOSSARY_ES_419.csv,NONE,PASS,¡Obtuviste el Amor de Nayru! Lanza esto para crear una poderosa barrera protectora. Es magia defensiva que puedes usar con [C].,HIGH,"Audited for item description, price, condition, choice logic. CERTIFIED."
0x00B4,MAIN_GAME,You destroyed a Gold Skulltula. You got a token proving you  destroyed it!,Destruiste un Skulltula Dorado. ¡Obtuviste una ficha que prueba que lo destruiste!,HIGH_RISK,NO,oot.o2r::text/nes_message_data_static,,,,Hint / Shop / Item gameplay text,Source code context & item / shop interaction,Checked against GLOSSARY_ES_419.csv,NONE,PASS,Destruiste un Skulltula Dorado. ¡Obtuviste una ficha que prueba que lo destruiste!,HIGH,"Audited for item description, price, condition, choice logic. CERTIFIED."
0x00B5,MAIN_GAME,You destroyed a Gold Skulltula. You got a token proving you  destroyed it!,Destruiste un Skulltula Dorado. ¡Obtuviste una ficha que prueba que lo destruiste!,HIGH_RISK,NO,oot.o2r::text/nes_message_data_static,,,,Hint / Shop / Item gameplay text,Source code context & item / shop interaction,Checked against GLOSSARY_ES_419.csv,NONE,PASS,Destruiste un Skulltula Dorado. ¡Obtuviste una ficha que prueba que lo destruiste!,HIGH,"Audited for item description, price, condition, choice logic. CERTIFIED."
0x00B6,MAIN_GAME,Fairy's Spirit    50 Rupees  [CHOICE:2]Buy Don't buy,Espíritu de Hada    50 Rupias  [CHOICE:2]Comprar No comprar,HIGH_RISK,NO,oot.o2r::text/nes_message_data_static,,,,Hint / Shop / Item gameplay text,Source code context & item / shop interaction,Checked against GLOSSARY_ES_419.csv,NONE,PASS,Espíritu de Hada    50 Rupias  [CHOICE:2]Comprar No comprar,HIGH,"Audited for item description, price, condition, choice logic. CERTIFIED."
0x00B8,MAIN_GAME,Blue Fire    300 Rupees  [CHOICE:2]Buy Don't buy,Fuego Azul    300 Rupias  [CHOICE:2]Comprar No comprar,HIGH_RISK,NO,oot.o2r::text/nes_message_data_static,,,,Hint / Shop / Item gameplay text,Source code context & item / shop interaction,Checked against GLOSSARY_ES_419.csv,NONE,PASS,Fuego Azul    300 Rupias  [CHOICE:2]Comprar No comprar,HIGH,"Audited for item description, price, condition, choice logic. CERTIFIED."
0x00BA,MAIN_GAME,Bottle Bug   50 Rupees  [CHOICE:2]Buy Don't buy,Bicho en Botella   50 Rupias  [CHOICE:2]Comprar No comprar,HIGH_RISK,NO,oot.o2r::text/nes_message_data_static,,,,Hint / Shop / Item gameplay text,Source code context & item / shop interaction,Checked against GLOSSARY_ES_419.csv,NONE,PASS,Bicho en Botella   50 Rupias  [CHOICE:2]Comprar No comprar,HIGH,"Audited for item description, price, condition, choice logic. CERTIFIED."
0x00C2,MAIN_GAME,You got a Piece of Heart! Collect four pieces total to get another Heart Container. More containers mean more life energy!,¡Obtuviste una Pieza de Corazón! ¡Recoge cuatro piezas en total para obtener otro Contenedor de Corazón. ¡Más contenedores significan más energía vital!,HIGH_RISK,NO,oot.o2r::text/nes_message_data_static,,,,Hint / Shop / Item gameplay text,Source code context & item / shop interaction,Checked against GLOSSARY_ES_419.csv,NONE,PASS,¡Obtuviste una Pieza de Corazón! ¡Recoge cuatro piezas en total para obtener otro Contenedor de Corazón. ¡Más contenedores significan más energía vital!,HIGH,"Audited for item description, price, condition, choice logic. CERTIFIED."
0x00C3,MAIN_GAME,"You got a Piece of Heart! So far, you've collected two  pieces. With two more pieces,  you will gain more life energy!","¡Obtuviste una Pieza de Corazón! Hasta ahora, has recolectado dos piezas. ¡Con dos piezas más, ganarás más energía vital!",HIGH_RISK,NO,oot.o2r::text/nes_message_data_static,,,,Hint / Shop / Item gameplay text,Source code context & item / shop interaction,Checked against GLOSSARY_ES_419.csv,NONE,PASS,"¡Obtuviste una Pieza de Corazón! Hasta ahora, has recolectado dos piezas. ¡Con dos piezas más, ganarás más energía vital!",HIGH,"Audited for item description, price, condition, choice logic. CERTIFIED."
0x00C4,MAIN_GAME,"You got a Piece of Heart! Now you've collected three  pieces! With another piece, your  life energy will be powered up!","¡Obtuviste una Pieza de Corazón! ¡Ahora has recolectado tres piezas! ¡Con otra pieza más, tu energía vital se potenciará!",HIGH_RISK,NO,oot.o2r::text/nes_message_data_static,,,,Hint / Shop / Item gameplay text,Source code context & item / shop interaction,Checked against GLOSSARY_ES_419.csv,NONE,PASS,"¡Obtuviste una Pieza de Corazón! ¡Ahora has recolectado tres piezas! ¡Con otra pieza más, tu energía vital se potenciará!",HIGH,"Audited for item description, price, condition, choice logic. CERTIFIED."
0x00C5,MAIN_GAME,You got a Piece of Heart! You've completed another Heart Container! Your maximum life energy is increased!,¡Obtuviste una Pieza de Corazón! ¡Has completado otro Contenedor de Corazón! ¡Tu energía vital máxima ha aumentado!,HIGH_RISK,NO,oot.o2r::text/nes_message_data_static,,,,Hint / Shop / Item gameplay text,Source code context & item / shop interaction,Checked against GLOSSARY_ES_419.csv,NONE,PASS,¡Obtuviste una Pieza de Corazón! ¡Has completado otro Contenedor de Corazón! ¡Tu energía vital máxima ha aumentado!,HIGH,"Audited for item description, price, condition, choice logic. CERTIFIED."
0x00C6,MAIN_GAME,You got a Heart Container! Your maximum life energy is  increased by one heart. Your life energy will be totally filled.,¡Obtuviste un Contenedor de Corazón! Tu energía vital máxima ha aumentado en un corazón. Tu energía vital se llenará por completo.,HIGH_RISK,NO,oot.o2r::text/nes_message_data_static,,,,Hint / Shop / Item gameplay text,Source code context & item / shop interaction,Checked against GLOSSARY_ES_419.csv,NONE,PASS,¡Obtuviste un Contenedor de Corazón! Tu energía vital máxima ha aumentado en un corazón. Tu energía vital se llenará por completo.,HIGH,"Audited for item description, price, condition, choice logic. CERTIFIED."
0x00C7,MAIN_GAME,You got the Boss Key! Now you can get inside the  chamber where the Boss lurks.,¡Obtuviste la Llave Jefe! Ahora puedes entrar a la cámara donde se esconde el Jefe.,HIGH_RISK,NO,oot.o2r::text/nes_message_data_static,,,,Hint / Shop / Item gameplay text,Source code context & item / shop interaction,Checked against GLOSSARY_ES_419.csv,NONE,PASS,¡Obtuviste la Llave Jefe! Ahora puedes entrar a la cámara donde se esconde el Jefe.,HIGH,"Audited for item description, price, condition, choice logic. CERTIFIED."
0x00CA,MAIN_GAME,Bombs   5 pieces   35 Rupees  [CHOICE:2]Buy Don't buy,Bombas   5 piezas   35 Rupias  [CHOICE:2]Comprar No comprar,HIGH_RISK,NO,oot.o2r::text/nes_message_data_static,,,,Hint / Shop / Item gameplay text,Source code context & item / shop interaction,Checked against GLOSSARY_ES_419.csv,NONE,PASS,Bombas   5 piezas   35 Rupias  [CHOICE:2]Comprar No comprar,HIGH,"Audited for item description, price, condition, choice logic. CERTIFIED."
0x00CC,MAIN_GAME,You got a Blue Rupee! That's five Rupees!,¡Obtuviste una Rupia Azul! ¡Son cinco Rupias!,HIGH_RISK,NO,oot.o2r::text/nes_message_data_static,,,,Hint / Shop / Item gameplay text,Source code context & item / shop interaction,Checked against GLOSSARY_ES_419.csv,NONE,PASS,¡Obtuviste una Rupia Azul! ¡Son cinco Rupias!,HIGH,"Audited for item description, price, condition, choice logic. CERTIFIED."
0x00CD,MAIN_GAME,You got the Silver Scale! Jump into the water and press  [A]. You can dive deeper than you could before.,¡Obtuviste la Escama de Plata! Salta al agua y presiona  [A]. Puedes bucear más profundo de lo que podías antes.,HIGH_RISK,NO,oot.o2r::text/nes_message_data_static,,,,Hint / Shop / Item gameplay text,Source code context & item / shop interaction,Checked against GLOSSARY_ES_419.csv,NONE,PASS,¡Obtuviste la Escama de Plata! Salta al agua y presiona  [A]. Puedes bucear más profundo de lo que podías antes.,HIGH,"Audited for item description, price, condition, choice logic. CERTIFIED."
0x00CE,MAIN_GAME,You got the Golden Scale! Jump into the water and press  [A]. Now you can dive much deeper than you could before!,¡Obtuviste la Escama de Oro! Salta al agua y presiona  [A]. ¡Ahora puedes bucear mucho más profundo de lo que podías antes!,HIGH_RISK,NO,oot.o2r::text/nes_message_data_static,,,,Hint / Shop / Item gameplay text,Source code context & item / shop interaction,Checked against GLOSSARY_ES_419.csv,NONE,PASS,¡Obtuviste la Escama de Oro! Salta al agua y presiona  [A]. ¡Ahora puedes bucear mucho más profundo de lo que podías antes!,HIGH,"Audited for item description, price, condition, choice logic. CERTIFIED."
0x00DC,MAIN_GAME,"You got Deku Seeds! These are small, hard seeds that you can use as bullets for your Slingshot.",¡Obtuviste Semillas Deku! Estas son semillas pequeñas y duras que puedes usar como balas para tu honda.,HIGH_RISK,NO,oot.o2r::text/nes_message_data_static,,,,Hint / Shop / Item gameplay text,Source code context & item / shop interaction,Checked against GLOSSARY_ES_419.csv,NONE,PASS,¡Obtuviste Semillas Deku! Estas son semillas pequeñas y duras que puedes usar como balas para tu honda.,HIGH,"Audited for item description, price, condition, choice logic. CERTIFIED."
0x00DE,MAIN_GAME,Deku Seeds 30 pieces 30 Rupees  [CHOICE:2]Buy Don't buy,Semillas Deku 30 piezas 30 Rupias  [CHOICE:2]Comprar No comprar,HIGH_RISK,NO,oot.o2r::text/nes_message_data_static,,,,Hint / Shop / Item gameplay text,Source code context & item / shop interaction,Checked against GLOSSARY_ES_419.csv,NONE,PASS,Semillas Deku 30 piezas 30 Rupias  [CHOICE:2]Comprar No comprar,HIGH,"Audited for item description, price, condition, choice logic. CERTIFIED."
0x00E0,MAIN_GAME,"You want to talk to Saria, right?  [CHOICE:2]Talk to Saria No","¿Quieres hablar con Saria, verdad?  [CHOICE:2]Hablar con Saria No",HIGH_RISK,NO,oot.o2r::text/nes_message_data_static,,,,Hint / Shop / Item gameplay text,Source code context & item / shop interaction,Checked against GLOSSARY_ES_419.csv,NONE,PASS,"¿Quieres hablar con Saria, verdad?  [CHOICE:2]Hablar con Saria No",HIGH,"Audited for item description, price, condition, choice logic. CERTIFIED."
0x00E1,MAIN_GAME,Really? Then do you want to talk  to me? [CHOICE:2]Yes No,¿De verdad? ¿Entonces quieres hablar conmigo? [CHOICE:2]Sí No,HIGH_RISK,NO,oot.o2r::text/nes_message_data_static,,,,Hint / Shop / Item gameplay text,Source code context & item / shop interaction,Checked against GLOSSARY_ES_419.csv,NONE,PASS,¿De verdad? ¿Entonces quieres hablar conmigo? [CHOICE:2]Sí No,HIGH,"Audited for item description, price, condition, choice logic. CERTIFIED."
0x00E3,MAIN_GAME,Do you want to talk to Saria again? [CHOICE:2]Yes No,¿Quieres hablar con Saria otra vez? [CHOICE:2]Sí No,HIGH_RISK,NO,oot.o2r::text/nes_message_data_static,,,,Hint / Shop / Item gameplay text,Source code context & item / shop interaction,Checked against GLOSSARY_ES_419.csv,NONE,PASS,¿Quieres hablar con Saria otra vez? [CHOICE:2]Sí No,HIGH,"Audited for item description, price, condition, choice logic. CERTIFIED."
0x00E6,MAIN_GAME,You got a bundle of arrows!,¡Obtuviste un manojo de flechas!,HIGH_RISK,NO,oot.o2r::text/nes_message_data_static,,,,Hint / Shop / Item gameplay text,Source code context & item / shop interaction,Checked against GLOSSARY_ES_419.csv,NONE,PASS,¡Obtuviste un manojo de flechas!,HIGH,"Audited for item description, price, condition, choice logic. CERTIFIED."
0x00E7,MAIN_GAME,"When you charge power for a Spin Attack, magic power will be consumed. Pay attention to your green Magic Meter! --- PAGE --- Hey, boy! You're a messenger of the Royal Family, aren't you? --- PAGE --- Next time you're in their neighborhood, you should drop in on a friend of mine who lives by Hyrule Castle. --- PAGE --- She'll surely grant you another new power!","Cuando cargas poder para un Ataque Giratorio, se consume poder mágico. ¡Presta atención a tu Medidor de Magia verde! --- PAGE --- ¡Oye, chico! Eres un mensajero de la Familia Real, ¿no? --- PAGE --- La próxima vez que estés por su zona, deberías visitar a una amiga mía que vive cerca del Castillo de Hyrule. --- PAGE --- ¡Seguramente te otorgará otro poder nuevo!",HIGH_RISK,NO,oot.o2r::text/nes_message_data_static,,,,Hint / Shop / Item gameplay text,Source code context & item / shop interaction,Checked against GLOSSARY_ES_419.csv,NONE,PASS,"Cuando cargas poder para un Ataque Giratorio, se consume poder mágico. ¡Presta atención a tu Medidor de Magia verde! --- PAGE --- ¡Oye, chico! Eres un mensajero de la Familia Real, ¿no? --- PAGE --- La próxima vez que estés por su zona, deberías visitar a una amiga mía que vive cerca del Castillo de Hyrule. --- PAGE --- ¡Seguramente te otorgará otro poder nuevo!",HIGH,"Audited for item description, price, condition, choice logic. CERTIFIED."
0x00F0,MAIN_GAME,You got a Red Rupee! That's twenty Rupees!,¡Obtuviste una Rupia Roja! ¡Son veinte Rupias!,HIGH_RISK,NO,oot.o2r::text/nes_message_data_static,,,,Hint / Shop / Item gameplay text,Source code context & item / shop interaction,Checked against GLOSSARY_ES_419.csv,NONE,PASS,¡Obtuviste una Rupia Roja! ¡Son veinte Rupias!,HIGH,"Audited for item description, price, condition, choice logic. CERTIFIED."
0x00F1,MAIN_GAME,You got a Purple Rupee! That's fifty Rupees!,¡Obtuviste una Rupia Púrpura! ¡Son cincuenta Rupias!,HIGH_RISK,NO,oot.o2r::text/nes_message_data_static,,,,Hint / Shop / Item gameplay text,Source code context & item / shop interaction,Checked against GLOSSARY_ES_419.csv,NONE,PASS,¡Obtuviste una Rupia Púrpura! ¡Son cincuenta Rupias!,HIGH,"Audited for item description, price, condition, choice logic. CERTIFIED."
0x00F2,MAIN_GAME,You got a Huge Rupee! This Rupee is worth a whopping two hundred Rupees!,¡Obtuviste una Rupia Gigante! ¡Esta Rupia vale nada menos que doscientas Rupias!,HIGH_RISK,NO,oot.o2r::text/nes_message_data_static,,,,Hint / Shop / Item gameplay text,Source code context & item / shop interaction,Checked against GLOSSARY_ES_419.csv,NONE,PASS,¡Obtuviste una Rupia Gigante! ¡Esta Rupia vale nada menos que doscientas Rupias!,HIGH,"Audited for item description, price, condition, choice logic. CERTIFIED."
0x00F3,MAIN_GAME,You got a Door Key! Use this key to continue to the next room. Select a treasure  chest and see how lucky you are!,¡Obtuviste una Llave de Puerta! Usa esta llave para continuar a la siguiente habitación. ¡Selecciona un cofre del tesoro y averigua cuán afortunado estás!,HIGH_RISK,NO,oot.o2r::text/nes_message_data_static,,,,Hint / Shop / Item gameplay text,Source code context & item / shop interaction,Checked against GLOSSARY_ES_419.csv,NONE,PASS,¡Obtuviste una Llave de Puerta! Usa esta llave para continuar a la siguiente habitación. ¡Selecciona un cofre del tesoro y averigua cuán afortunado estás!,HIGH,"Audited for item description, price, condition, choice logic. CERTIFIED."
0x00F4,MAIN_GAME,Loser! --- PAGE --- You found only one Rupee. You are not very lucky.,¡Perdiste! --- PAGE --- Solo encontraste una Rupia. No tienes mucha suerte.,HIGH_RISK,NO,oot.o2r::text/nes_message_data_static,,,,Hint / Shop / Item gameplay text,Source code context & item / shop interaction,Checked against GLOSSARY_ES_419.csv,NONE,PASS,¡Perdiste! --- PAGE --- Solo encontraste una Rupia. No tienes mucha suerte.,HIGH,"Audited for item description, price, condition, choice logic. CERTIFIED."
0x00F5,MAIN_GAME,"Loser! --- PAGE --- You found five Rupees. Even so, you are not very lucky.","¡Perdiste! --- PAGE --- Encontraste cinco Rupias. Aun así, no tienes mucha suerte.",HIGH_RISK,NO,oot.o2r::text/nes_message_data_static,,,,Hint / Shop / Item gameplay text,Source code context & item / shop interaction,Checked against GLOSSARY_ES_419.csv,NONE,PASS,"¡Perdiste! --- PAGE --- Encontraste cinco Rupias. Aun así, no tienes mucha suerte.",HIGH,"Audited for item description, price, condition, choice logic. CERTIFIED."
0x00F6,MAIN_GAME,"Loser! --- PAGE --- You found twenty Rupees. Your last selection was a mistake, wasn't it! How frustrating!","¡Perdiste! --- PAGE --- Encontraste veinte Rupias. Tu última selección fue un error, ¡no es así! ¡Qué frustrante!",HIGH_RISK,NO,oot.o2r::text/nes_message_data_static,,,,Hint / Shop / Item gameplay text,Source code context & item / shop interaction,Checked against GLOSSARY_ES_419.csv,NONE,PASS,"¡Perdiste! --- PAGE --- Encontraste veinte Rupias. Tu última selección fue un error, ¡no es así! ¡Qué frustrante!",HIGH,"Audited for item description, price, condition, choice logic. CERTIFIED."
0x00F7,MAIN_GAME,Winner! --- PAGE --- You found fifty Rupees. You are a genuinely lucky guy!,¡Ganaste! --- PAGE --- Encontraste cincuenta Rupias. ¡Eres un tipo realmente afortunado!,HIGH_RISK,NO,oot.o2r::text/nes_message_data_static,,,,Hint / Shop / Item gameplay text,Source code context & item / shop interaction,Checked against GLOSSARY_ES_419.csv,NONE,PASS,¡Ganaste! --- PAGE --- Encontraste cincuenta Rupias. ¡Eres un tipo realmente afortunado!,HIGH,"Audited for item description, price, condition, choice logic. CERTIFIED."
0x00FA,MAIN_GAME,WINNER! --- PAGE --- You got a Piece of Heart! Collect four pieces total to get another Heart Container. More containers mean more life energy!,¡¡GANASTE!! --- PAGE --- ¡Obtuviste una Pieza de Corazón! Reúne cuatro piezas en total para obtener otro Contenedor de Corazón. ¡Más contenedores significan más energía de vida!,HIGH_RISK,NO,oot.o2r::text/nes_message_data_static,,,,Hint / Shop / Item gameplay text,Source code context & item / shop interaction,Checked against GLOSSARY_ES_419.csv,NONE,PASS,¡¡GANASTE!! --- PAGE --- ¡Obtuviste una Pieza de Corazón! Reúne cuatro piezas en total para obtener otro Contenedor de Corazón. ¡Más contenedores significan más energía de vida!,HIGH,"Audited for item description, price, condition, choice logic. CERTIFIED."
0x00FB,MAIN_GAME,"WINNER! --- PAGE --- You got a Piece of Heart! So far, you've collected two  pieces. With two more pieces,  you will gain more life energy!","¡¡GANASTE!! --- PAGE --- ¡Obtuviste una Pieza de Corazón! Hasta ahora has recolectado dos  piezas. ¡Con dos piezas más, ganarás más energía de vida!",HIGH_RISK,NO,oot.o2r::text/nes_message_data_static,,,,Hint / Shop / Item gameplay text,Source code context & item / shop interaction,Checked against GLOSSARY_ES_419.csv,NONE,PASS,"¡¡GANASTE!! --- PAGE --- ¡Obtuviste una Pieza de Corazón! Hasta ahora has recolectado dos  piezas. ¡Con dos piezas más, ganarás más energía de vida!",HIGH,"Audited for item description, price, condition, choice logic. CERTIFIED."
0x00FC,MAIN_GAME,"WINNER! --- PAGE --- You got a Piece of Heart! You've collected three pieces! With another piece, your life  energy will be powered up!","¡¡GANASTE!! --- PAGE --- ¡Obtuviste una Pieza de Corazón! ¡Has recolectado tres piezas! ¡Con una pieza más, tu energía de vida será potenciada!",HIGH_RISK,NO,oot.o2r::text/nes_message_data_static,,,,Hint / Shop / Item gameplay text,Source code context & item / shop interaction,Checked against GLOSSARY_ES_419.csv,NONE,PASS,"¡¡GANASTE!! --- PAGE --- ¡Obtuviste una Pieza de Corazón! ¡Has recolectado tres piezas! ¡Con una pieza más, tu energía de vida será potenciada!",HIGH,"Audited for item description, price, condition, choice logic. CERTIFIED."
0x00FD,MAIN_GAME,WINNER! --- PAGE --- You got a Piece of Heart! You've completed another Heart Container! Your maximum life energy is increased!,¡¡GANASTE!! --- PAGE --- ¡Obtuviste una Pieza de Corazón! ¡Has completado otro Contenedor de Corazón! ¡Tu energía de vida máxima ha aumentado!,HIGH_RISK,NO,oot.o2r::text/nes_message_data_static,,,,Hint / Shop / Item gameplay text,Source code context & item / shop interaction,Checked against GLOSSARY_ES_419.csv,NONE,PASS,¡¡GANASTE!! --- PAGE --- ¡Obtuviste una Pieza de Corazón! ¡Has completado otro Contenedor de Corazón! ¡Tu energía de vida máxima ha aumentado!,HIGH,"Audited for item description, price, condition, choice logic. CERTIFIED."
0x0128,MAIN_GAME,"Here...I can hear the spirits whispering in this room... --- PAGE --- ""Those who have sacred feet  should let the wind guide them. Then, they will be led to the  hidden path."" --- PAGE --- That's what they are saying!","Aquí...puedo escuchar a los espíritus susurrando en esta habitación... --- PAGE --- ""Los que tienen pies sagrados deben dejar que el viento los guíe. Entonces, serán llevados por el camino oculto."" --- PAGE --- ¡Eso es lo que dicen!",HIGH_RISK,NO,oot.o2r::text/nes_message_data_static,,,,Hint / Shop / Item gameplay text,Source code context & item / shop interaction,Checked against GLOSSARY_ES_419.csv,NONE,PASS,"Aquí...puedo escuchar a los espíritus susurrando en esta habitación... --- PAGE --- ""Los que tienen pies sagrados deben dejar que el viento los guíe. Entonces, serán llevados por el camino oculto."" --- PAGE --- ¡Eso es lo que dicen!",HIGH,"Audited for item description, price, condition, choice logic. CERTIFIED."
0x0142,MAIN_GAME,The Great Deku Tree wanted us to go to visit the princess at Hyrule Castle.... Shouldn't we get going?,El Gran Deku Tree quiso que fuéramos a visitar a la princesa en el Castillo de Hyrule... ¿No deberíamos ir?,HIGH_RISK,NO,oot.o2r::text/nes_message_data_static,,,,Hint / Shop / Item gameplay text,Source code context & item / shop interaction,Checked against GLOSSARY_ES_419.csv,NONE,PASS,El Gran Árbol Deku quiso que fuéramos a visitar a la princesa en el Castillo de Hyrule... ¿No deberíamos ir?,HIGH,"Audited for item description, price, condition, choice logic. CERTIFIED."
0x014E,MAIN_GAME,Should we believe what Sheik said  and go to Kakariko Village?,¿Deberíamos creer lo que Sheik dijo e ir a la Aldea Kakariko?,HIGH_RISK,NO,oot.o2r::text/nes_message_data_static,,,,Hint / Shop / Item gameplay text,Source code context & item / shop interaction,Checked against GLOSSARY_ES_419.csv,NONE,PASS,¿Deberíamos creer lo que Sheik dijo e ir a la Aldea Kakariko?,HIGH,"Audited for item description, price, condition, choice logic. CERTIFIED."
0x015A,MAIN_GAME,Equip the Silver Gauntlets  and try to move things you  couldn't budge before!,¡Equípate las Guantes de Plata y trata de mover cosas que no podías mover antes!,HIGH_RISK,NO,oot.o2r::text/nes_message_data_static,,,,Hint / Shop / Item gameplay text,Source code context & item / shop interaction,Checked against GLOSSARY_ES_419.csv,NONE,PASS,¡Equípate las Guantes de Plata y trata de mover cosas que no podías mover antes!,HIGH,"Audited for item description, price, condition, choice logic. CERTIFIED."
0x0220,MAIN_GAME,"If you want to travel to the  future, you should return here  with the power of silver from the  past.","Si deseas viajar al futuro, debes regresar aquí con el poder de la plata del pasado.",HIGH_RISK,NO,oot.o2r::text/nes_message_data_static,,,,Hint / Shop / Item gameplay text,Source code context & item / shop interaction,Checked against GLOSSARY_ES_419.csv,NONE,PASS,"Si deseas viajar al futuro, debes regresar aquí con el poder de la plata del pasado.",HIGH,"Audited for item description, price, condition, choice logic. CERTIFIED."
0x0221,MAIN_GAME,"If you want to proceed to the  past, you should return here with the pure heart of a child.","Si deseas avanzar hacia el pasado, debes regresar aquí con el corazón puro de un niño.",HIGH_RISK,NO,oot.o2r::text/nes_message_data_static,,,,Hint / Shop / Item gameplay text,Source code context & item / shop interaction,Checked against GLOSSARY_ES_419.csv,NONE,PASS,"Si deseas avanzar hacia el pasado, debes regresar aquí con el corazón puro de un niño.",HIGH,"Audited for item description, price, condition, choice logic. CERTIFIED."
0x0323,MAIN_GAME,Death Mountain Summit Entrance to the crater ahead Beware of intense heat!,Cumbre del Monte Muerte Entrada al cráter adelante ¡Cuidado con el calor intenso!,HIGH_RISK,NO,oot.o2r::text/nes_message_data_static,,,,Hint / Shop / Item gameplay text,Source code context & item / shop interaction,Checked against GLOSSARY_ES_419.csv,NONE,PASS,Cumbre del Monte Muerte Entrada al cráter adelante ¡Cuidado con el calor intenso!,HIGH,"Audited for item description, price, condition, choice logic. CERTIFIED."
0x0616,MAIN_GAME,"Shabom If you try to cut it, it will bounce off your blade!","Shabom ¡Si intentas cortarlo, rebotará en tu espada!",HIGH_RISK,NO,oot.o2r::text/nes_message_data_static,,,,Hint / Shop / Item gameplay text,Source code context & item / shop interaction,Checked against GLOSSARY_ES_419.csv,NONE,PASS,"Shabom ¡Si intentas cortarlo, rebotará en tu espada!",HIGH,"Audited for item description, price, condition, choice logic. CERTIFIED."
0x088D,MAIN_GAME,Warp to the Lost Woods?  [CHOICE:2]OK No,¿Teletransportarse a los Bosques Perdidos?  [CHOICE:2]Sí No,HIGH_RISK,NO,oot.o2r::text/nes_message_data_static,,,,Hint / Shop / Item gameplay text,Source code context & item / shop interaction,Checked against GLOSSARY_ES_419.csv,NONE,PASS,¿Teletransportarse a los Bosques Perdidos?  [CHOICE:2]Sí No,HIGH,"Audited for item description, price, condition, choice logic. CERTIFIED."
0x088E,MAIN_GAME,Warp to the Death Mountain  Crater? [CHOICE:2]OK No,¿Teletransportarse al Cráter del Monte Muerte? [CHOICE:2]Sí No,HIGH_RISK,NO,oot.o2r::text/nes_message_data_static,,,,Hint / Shop / Item gameplay text,Source code context & item / shop interaction,Checked against GLOSSARY_ES_419.csv,NONE,PASS,¿Teletransportarse al Cráter del Monte Muerte? [CHOICE:2]Sí No,HIGH,"Audited for item description, price, condition, choice logic. CERTIFIED."
0x088F,MAIN_GAME,Warp to Lake Hylia?  [CHOICE:2]OK No,¿Teletransportarse al Lago Hylia?  [CHOICE:2]Sí No,HIGH_RISK,NO,oot.o2r::text/nes_message_data_static,,,,Hint / Shop / Item gameplay text,Source code context & item / shop interaction,Checked against GLOSSARY_ES_419.csv,NONE,PASS,¿Teletransportarse al Lago Hylia?  [CHOICE:2]Sí No,HIGH,"Audited for item description, price, condition, choice logic. CERTIFIED."
0x0890,MAIN_GAME,Warp to the Desert Colossus?  [CHOICE:2]OK No,¿Teletransportarse al Coloso del Desierto?  [CHOICE:2]Sí No,HIGH_RISK,NO,oot.o2r::text/nes_message_data_static,,,,Hint / Shop / Item gameplay text,Source code context & item / shop interaction,Checked against GLOSSARY_ES_419.csv,NONE,PASS,¿Teletransportarse al Coloso del Desierto?  [CHOICE:2]Sí No,HIGH,"Audited for item description, price, condition, choice logic. CERTIFIED."
0x0891,MAIN_GAME,Warp to the graveyard?  [CHOICE:2]OK No,¿Teletransportarse al cementerio?  [CHOICE:2]Sí No,HIGH_RISK,NO,oot.o2r::text/nes_message_data_static,,,,Hint / Shop / Item gameplay text,Source code context & item / shop interaction,Checked against GLOSSARY_ES_419.csv,NONE,PASS,¿Teletransportarse al cementerio?  [CHOICE:2]Sí No,HIGH,"Audited for item description, price, condition, choice logic. CERTIFIED."
0x0892,MAIN_GAME,Warp to the Temple of Time?  [CHOICE:2]OK No,¿Teletransportarse al Templo del Tiempo?  [CHOICE:2]Sí No,HIGH_RISK,NO,oot.o2r::text/nes_message_data_static,,,,Hint / Shop / Item gameplay text,Source code context & item / shop interaction,Checked against GLOSSARY_ES_419.csv,NONE,PASS,¿Teletransportarse al Templo del Tiempo?  [CHOICE:2]Sí No,HIGH,"Audited for item description, price, condition, choice logic. CERTIFIED."
0x1016,MAIN_GAME,I have been cursed... I need you to break the curse with your wisdom and courage. --- PAGE --- Dost thou have courage enough to undertake this task? [CHOICE:2]Yes No,He sido maldito... Necesito que rompas la maldición con tu sabiduría y coraje. --- PAGE --- ¿Tienes suficiente coraje para emprender esta tarea? [CHOICE:2]Sí No,HIGH_RISK,NO,oot.o2r::text/nes_message_data_static,,,,Hint / Shop / Item gameplay text,Source code context & item / shop interaction,Checked against GLOSSARY_ES_419.csv,NONE,PASS,He sido maldito... Necesito que rompas la maldición con tu sabiduría y coraje. --- PAGE --- ¿Tienes suficiente coraje para emprender esta tarea? [CHOICE:2]Sí No,HIGH,"Audited for item description, price, condition, choice logic. CERTIFIED."
0x101C,MAIN_GAME,"Quite an unusual mask you have there. Hee hee! I like it! It may make me look a little bit tougher. --- PAGE --- Hey, why don't you give it to me?  [CHOICE:2]OK No way","Qué máscara más peculiar tienes. ¡Je je! ¡Me gusta! Puede hacerme ver un poco más duro. --- PAGE --- Oye, ¿por qué no me la das?  [CHOICE:2]Está bien No hay manera",HIGH_RISK,NO,oot.o2r::text/nes_message_data_static,,,,Hint / Shop / Item gameplay text,Source code context & item / shop interaction,Checked against GLOSSARY_ES_419.csv,NONE,PASS,"Qué máscara más peculiar tienes. ¡Je je! ¡Me gusta! Puede hacerme ver un poco más duro. --- PAGE --- Oye, ¿por qué no me la das?  [CHOICE:2]Está bien No hay manera",HIGH,"Audited for item description, price, condition, choice logic. CERTIFIED."
0x1035,MAIN_GAME,I can teach you about the icons at the top of the screen. [CHOICE:2]About the yellow icons About the blue icon,Puedo enseñarte sobre los iconos en la parte superior de la pantalla. [CHOICE:2]Sobre los iconos amarillos Sobre el icono azul,HIGH_RISK,NO,oot.o2r::text/nes_message_data_static,,,,Hint / Shop / Item gameplay text,Source code context & item / shop interaction,Checked against GLOSSARY_ES_419.csv,NONE,PASS,Puedo enseñarte sobre los iconos en la parte superior de la pantalla. [CHOICE:2]Sobre los iconos amarillos Sobre el icono azul,HIGH,"Audited for item description, price, condition, choice logic. CERTIFIED."
0x1038,MAIN_GAME,"If you want to learn about the map and items, just ask me. But don't ask unless you want to hear a long explanation. --- PAGE --- What do you want to know about? [CHOICE:3]About the map  About items Don't ask","Si quieres saber sobre el mapa y los objetos, solo pregúntame. Pero no preguntes si no quieres oír una explicación larga. --- PAGE --- ¿Qué quieres saber? [CHOICE:3]Sobre el mapa Sobre los objetos No preguntes",HIGH_RISK,NO,oot.o2r::text/nes_message_data_static,,,,Hint / Shop / Item gameplay text,Source code context & item / shop interaction,Checked against GLOSSARY_ES_419.csv,NONE,PASS,"Si quieres saber sobre el mapa y los objetos, solo pregúntame. Pero no preguntes si no quieres oír una explicación larga. --- PAGE --- ¿Qué quieres saber? [CHOICE:3]Sobre el mapa Sobre los objetos No preguntes",HIGH,"Audited for item description, price, condition, choice logic. CERTIFIED."
0x103E,MAIN_GAME,Do you want to know how to use the [C-Right] Button? [CHOICE:2]Yes No,¿Quieres saber cómo usar el botón [C-Right]? [CHOICE:2]Sí No,HIGH_RISK,NO,oot.o2r::text/nes_message_data_static,,,,Hint / Shop / Item gameplay text,Source code context & item / shop interaction,Checked against GLOSSARY_ES_419.csv,NONE,PASS,¿Quieres saber cómo usar el botón [C-Right]? [CHOICE:2]Sí No,HIGH,"Audited for item description, price, condition, choice logic. CERTIFIED."
0x1044,MAIN_GAME,"We Kokiri will die if we leave the forest! --- PAGE --- You're not going to try to leave the forest, are you?!","¡Nosotros los Kokiri morimos si salimos del bosque! --- PAGE --- ¡No intentarás salir del bosque, ¿verdad?!",HIGH_RISK,NO,oot.o2r::text/nes_message_data_static,,,,Hint / Shop / Item gameplay text,Source code context & item / shop interaction,Checked against GLOSSARY_ES_419.csv,NONE,PASS,"¡Nosotros los Kokiri morimos si salimos del bosque! --- PAGE --- ¡No intentarás salir del bosque, ¿verdad?!",HIGH,"Audited for item description, price, condition, choice logic. CERTIFIED."
0x1092,MAIN_GAME,"Now, I have yet more to tell ye, wouldst thou listen... [CHOICE:2]Yes No","Ahora, tengo más que decirte, ¿escucharás? [CHOICE:2]Sí No",HIGH_RISK,NO,oot.o2r::text/nes_message_data_static,,,,Hint / Shop / Item gameplay text,Source code context & item / shop interaction,Checked against GLOSSARY_ES_419.csv,NONE,PASS,"Ahora, tengo más que decirte, ¿escucharás? [CHOICE:2]Sí No",HIGH,"Audited for item description, price, condition, choice logic. CERTIFIED."
0x10A3,MAIN_GAME,Let's make a deal!  [CHOICE:2]OK No way,¡Hagamos un trato!  [CHOICE:2]Vale De ninguna manera,HIGH_RISK,NO,oot.o2r::text/nes_message_data_static,,,,Hint / Shop / Item gameplay text,Source code context & item / shop interaction,Checked against GLOSSARY_ES_419.csv,NONE,PASS,¡Hagamos un trato!  [CHOICE:2]Vale De ninguna manera,HIGH,"Audited for item description, price, condition, choice logic. CERTIFIED."
0x10B3,MAIN_GAME,"This will disappear if you take too long, so you gotta hurry! [CHOICE:2]OK I can't","Esto desaparecerá si tardas demasiado, ¡así que tienes que apresurarte! [CHOICE:2]Vale No puedo",HIGH_RISK,NO,oot.o2r::text/nes_message_data_static,,,,Hint / Shop / Item gameplay text,Source code context & item / shop interaction,Checked against GLOSSARY_ES_419.csv,NONE,PASS,"Esto desaparecerá si tardas demasiado, ¡así que tienes que apresurarte! [CHOICE:2]Vale No puedo",HIGH,"Audited for item description, price, condition, choice logic. CERTIFIED."
0x10B8,MAIN_GAME,That medicine is made of  forest mushrooms. Give it back! [CHOICE:2]Yes No,Esa medicina está hecha de champiñones del bosque. ¡Devuélvela! [CHOICE:2]Sí No,HIGH_RISK,NO,oot.o2r::text/nes_message_data_static,,,,Hint / Shop / Item gameplay text,Source code context & item / shop interaction,Checked against GLOSSARY_ES_419.csv,NONE,PASS,Esa medicina está hecha de champiñones del bosque. ¡Devuélvela! [CHOICE:2]Sí No,HIGH,"Audited for item description, price, condition, choice logic. CERTIFIED."
0x10BB,MAIN_GAME,"You know Saria's Song! We should be friends! Here, take this!",¡Conoces la Canción de Saria! ¡Deberíamos ser amigos! ¡Toma esto!,HIGH_RISK,NO,oot.o2r::text/nes_message_data_static,,,,Hint / Shop / Item gameplay text,Source code context & item / shop interaction,Checked against GLOSSARY_ES_419.csv,NONE,PASS,¡Conoces la Canción de Saria! ¡Deberíamos ser amigos! ¡Toma esto!,HIGH,"Audited for item description, price, condition, choice logic. CERTIFIED."
0x10C1,MAIN_GAME,"After going through the Lost  Woods, you will come upon the  Sacred Forest Meadow. --- PAGE --- That is a sacred place where few people have ever walked. --- PAGE --- Shhhh...What's that? I can hear a mysterious tune... --- PAGE --- You should listen for that tune too... Hoo hoo ho!","Después de atravesar los Lost  Woods, llegarás al Sacred Forest Meadow. --- PAGE --- Ese es un lugar sagrado donde muy poca gente ha pisado. --- PAGE --- Shhhh...¿Qué es eso? Puedo escuchar un misterioso sonido... --- PAGE --- Tú también deberías escuchar ese sonido... ¡Hoo hoo ho!",HIGH_RISK,NO,oot.o2r::text/nes_message_data_static,,,,Hint / Shop / Item gameplay text,Source code context & item / shop interaction,Checked against GLOSSARY_ES_419.csv,NONE,PASS,"Después de atravesar los Lost  Woods, llegarás al Sacred Forest Meadow. --- PAGE --- Ese es un lugar sagrado donde muy poca gente ha pisado. --- PAGE --- Shhhh...¿Qué es eso? Puedo escuchar un misterioso sonido... --- PAGE --- Tú también deberías escuchar ese sonido... ¡Hoo hoo ho!",HIGH,"Audited for item description, price, condition, choice logic. CERTIFIED."
0x10C2,MAIN_GAME,Do you want to hear what I said again? [CHOICE:2]Yes No,¿Quieres escuchar lo que dije otra vez? [CHOICE:2]Sí No,HIGH_RISK,NO,oot.o2r::text/nes_message_data_static,,,,Hint / Shop / Item gameplay text,Source code context & item / shop interaction,Checked against GLOSSARY_ES_419.csv,NONE,PASS,¿Quieres escuchar lo que dije otra vez? [CHOICE:2]Sí No,HIGH,"Audited for item description, price, condition, choice logic. CERTIFIED."
0x10C6,MAIN_GAME,Do you want to hear what I said again? [CHOICE:2]Yes No,¿Quieres escuchar lo que dije otra vez? [CHOICE:2]Sí No,HIGH_RISK,NO,oot.o2r::text/nes_message_data_static,,,,Hint / Shop / Item gameplay text,Source code context & item / shop interaction,Checked against GLOSSARY_ES_419.csv,NONE,PASS,¿Quieres escuchar lo que dije otra vez? [CHOICE:2]Sí No,HIGH,"Audited for item description, price, condition, choice logic. CERTIFIED."
0x10C7,MAIN_GAME,Melodies you have learned  will be recorded on the Quest  Status Subscreen. You should  memorize those melodies.,Las melodías que has aprendido se grabarán en la pantalla de Estado de Misión. Deberías memorizar esas melodías.,HIGH_RISK,NO,oot.o2r::text/nes_message_data_static,,,,Hint / Shop / Item gameplay text,Source code context & item / shop interaction,Checked against GLOSSARY_ES_419.csv,NONE,PASS,Las melodías que has aprendido se grabarán en la pantalla de Estado de Misión. Deberías memorizar esas melodías.,HIGH,"Audited for item description, price, condition, choice logic. CERTIFIED."
0x2003,MAIN_GAME,"How about trying your skill with Epona on an obstacle course? --- PAGE --- I'll time you for two laps. It's pretty challenging. If you miss jumping a fence in the  proper order, you'll fail. --- PAGE --- How about it? Do you want to try?  [CHOICE:2]Let's go Don't do it","¿Qué tal si pones a prueba tu habilidad con Epona en un circuito de obstáculos? --- PAGE --- Te cronometraré por dos vueltas. Es bastante desafiante. Si fallas al saltar una valla en el orden correcto, perderás. --- PAGE --- ¿Qué tal? ¿Quieres intentarlo?  [CHOICE:2]Vamos No hacerlo",HIGH_RISK,NO,oot.o2r::text/nes_message_data_static,,,,Hint / Shop / Item gameplay text,Source code context & item / shop interaction,Checked against GLOSSARY_ES_419.csv,NONE,PASS,"¿Qué tal si pones a prueba tu habilidad con Epona en un circuito de obstáculos? --- PAGE --- Te cronometraré por dos vueltas. Es bastante desafiante. Si fallas al saltar una valla en el orden correcto, perderás. --- PAGE --- ¿Qué tal? ¿Quieres intentarlo?  [CHOICE:2]Vamos No hacerlo",HIGH,"Audited for item description, price, condition, choice logic. CERTIFIED."
0x200B,MAIN_GAME,Will you sell it to me?  [CHOICE:2]Yes No way,¿Me la venderás?  [CHOICE:2]Sí De ninguna manera,HIGH_RISK,NO,oot.o2r::text/nes_message_data_static,,,,Hint / Shop / Item gameplay text,Source code context & item / shop interaction,Checked against GLOSSARY_ES_419.csv,NONE,PASS,¿Me la venderás?  [CHOICE:2]Sí De ninguna manera,HIGH,"Audited for item description, price, condition, choice logic. CERTIFIED."
0x2015,MAIN_GAME,"By the way, Mr. Hero... --- PAGE --- If you're going to climb  Death Mountain, you should equip a proper shield! It is an active volcano, after all! --- PAGE --- If you go back to Hyrule Castle Town Market, you should check out the Bazaar. They sell the shield you need there. --- PAGE --- Tell 'em I sent you and they should give you a special  discount! --- PAGE --- If you think you're good to go already, don't worry about it. --- PAGE --- Now, I'd like to ask a favor of  you. No, I don't expect you to do it just because of the great tip I just gave you! I'm just asking! --- PAGE --- Have you been to the Happy Mask Shop that just opened in the Hyrule Castle Town Market? Everyone is talking about it! --- PAGE --- My little boy pesters me for a  popular mask, but I don't have time to go there... --- PAGE --- So, could you go and get the mask for me next time you are in the Market? If you don't feel like it, that's OK, but... --- PAGE --- Well, I have no choice, this is my  job... --- PAGE --- ...sigh...","Por cierto, señor Héroe... --- PAGE --- Si vas a escalar el Monte Muerte, ¡deberías equipar un escudo adecuado! ¡Es un volcán activo, después de todo! --- PAGE --- Si vuelves al Mercado del Castillo de Hyrule, deberías revisar la Bazaar. Allí venden el escudo que necesitas. --- PAGE --- Diles que yo te envié y deberían darte un descuento  especial. --- PAGE --- Si piensas que ya estás listo, no te preocupes. --- PAGE --- Ahora, me gustaría pedirte un favor. No, ¡no espero que lo hagas solo por el gran consejo que te di! ¡Solo pregunto! --- PAGE --- ¿Has ido a la Happy Mask Shop que acaba de abrir en el Mercado del Castillo de Hyrule? ¡Todos hablan de ella! --- PAGE --- Mi hijo me molesta por una máscara popular, pero no tengo tiempo para ir allí... --- PAGE --- Así que, ¿podrías ir y traer la máscara por mí la próxima vez que estés en el Mercado? Si no te apetece, está bien, pero... --- PAGE --- Bueno, no tengo opción, este es mi trabajo... --- PAGE --- ...suspiro...",HIGH_RISK,NO,oot.o2r::text/nes_message_data_static,,,,Hint / Shop / Item gameplay text,Source code context & item / shop interaction,Checked against GLOSSARY_ES_419.csv,NONE,PASS,"Por cierto, señor Héroe... --- PAGE --- Si vas a escalar el Monte Muerte, ¡deberías equipar un escudo adecuado! ¡Es un volcán activo, después de todo! --- PAGE --- Si vuelves al Mercado del Castillo de Hyrule, deberías revisar la Bazaar. Allí venden el escudo que necesitas. --- PAGE --- Diles que yo te envié y deberían darte un descuento  especial. --- PAGE --- Si piensas que ya estás listo, no te preocupes. --- PAGE --- Ahora, me gustaría pedirte un favor. No, ¡no espero que lo hagas solo por el gran consejo que te di! ¡Solo pregunto! --- PAGE --- ¿Has ido a la Happy Mask Shop que acaba de abrir en el Mercado del Castillo de Hyrule? ¡Todos hablan de ella! --- PAGE --- Mi hijo me molesta por una máscara popular, pero no tengo tiempo para ir allí... --- PAGE --- Así que, ¿podrías ir y traer la máscara por mí la próxima vez que estés en el Mercado? Si no te apetece, está bien, pero... --- PAGE --- Bueno, no tengo opción, este es mi trabajo... --- PAGE --- ...suspiro...",HIGH,"Audited for item description, price, condition, choice logic. CERTIFIED."
0x2023,MAIN_GAME,"Gyaah! It's Damp the  gravekeeper! --- PAGE --- ??? --- PAGE --- Oh, it's just a mask. I get a  different kind of fright from that mask than I get from Damp... --- PAGE --- Will you give that mask to me?  [CHOICE:2]Yes No way","¡Gyaah! ¡Es Damp— el sepulturero! --- PAGE --- ??? --- PAGE --- Oh, es solo una máscara. Recibo un tipo diferente de susto de esa máscara que el de Damp—... --- PAGE --- ¿Me darás esa máscara?  [CHOICE:2]Sí De ninguna manera",HIGH_RISK,NO,oot.o2r::text/nes_message_data_static,,,,Hint / Shop / Item gameplay text,Source code context & item / shop interaction,Checked against GLOSSARY_ES_419.csv,NONE,PASS,"¡Gyaah! ¡Es Damp— el sepulturero! --- PAGE --- ??? --- PAGE --- Oh, es solo una máscara. Recibo un tipo diferente de susto de esa máscara que el de Damp—... --- PAGE --- ¿Me darás esa máscara?  [CHOICE:2]Sí De ninguna manera",HIGH,"Audited for item description, price, condition, choice logic. CERTIFIED."
0x202B,MAIN_GAME,I don't care how expensive it is! Please sell it to me! [CHOICE:2]Yes No way,¡No me importa cuán caro sea! ¡Por favor véndemelo! [CHOICE:2]Sí De ninguna manera,HIGH_RISK,NO,oot.o2r::text/nes_message_data_static,,,,Hint / Shop / Item gameplay text,Source code context & item / shop interaction,Checked against GLOSSARY_ES_419.csv,NONE,PASS,¡No me importa cuán caro sea! ¡Por favor véndemelo! [CHOICE:2]Sí De ninguna manera,HIGH,"Audited for item description, price, condition, choice logic. CERTIFIED."
0x2031,MAIN_GAME,Pay me 10 Rupees and you can  ride. [CHOICE:2]Ride Don't ride,Págame 10 Rupias y podrás montar. [CHOICE:2]Montar No montar,HIGH_RISK,NO,oot.o2r::text/nes_message_data_static,,,,Hint / Shop / Item gameplay text,Source code context & item / shop interaction,Checked against GLOSSARY_ES_419.csv,NONE,PASS,Págame 10 Rupias y podrás montar. [CHOICE:2]Montar No montar,HIGH,"Audited for item description, price, condition, choice logic. CERTIFIED."
0x2034,MAIN_GAME,Do you want to hear how to ride?  [CHOICE:2]Listen Don't listen,¿Quieres escuchar cómo montar?  [CHOICE:2]Escuchar No escuchar,HIGH_RISK,NO,oot.o2r::text/nes_message_data_static,,,,Hint / Shop / Item gameplay text,Source code context & item / shop interaction,Checked against GLOSSARY_ES_419.csv,NONE,PASS,¿Quieres escuchar cómo montar?  [CHOICE:2]Escuchar No escuchar,HIGH,"Audited for item description, price, condition, choice logic. CERTIFIED."
0x2035,MAIN_GAME,"Approach the horse quietly and  stand by its side. Press [A] to  mount up. --- PAGE --- Use the [D-Pad] to make it run.  Once it starts running, press [A] to tap it with the whip.  It will speed up! --- PAGE --- When you want to jump over a fence, accelerate and hit it head on! --- PAGE --- If you try to jump over a fence  at an angle, the horse won't like it, and it won't jump. --- PAGE --- After the horse comes to a  complete stop, press [A] to  dismount. Now, have fun!","Acércate al caballo en silencio y párate a su lado. Presiona [A] para subir. --- PAGE --- Usa el [D-Pad] para hacerlo correr. Una vez que empiece a correr, presiona [A] para darle latigazos. ¡Acelerará! --- PAGE --- Cuando quieras saltar una valla, acelera y golpéalode frente. --- PAGE --- Si intentas saltar una valla en ángulo, al caballo no le gustará y no saltará. --- PAGE --- Después de que el caballo se detenga por completo, presiona [A] para bajarte. ¡Ahora, diviértete!",HIGH_RISK,NO,oot.o2r::text/nes_message_data_static,,,,Hint / Shop / Item gameplay text,Source code context & item / shop interaction,Checked against GLOSSARY_ES_419.csv,NONE,PASS,"Acércate al caballo en silencio y párate a su lado. Presiona [A] para subir. --- PAGE --- Usa el [D-Pad] para hacerlo correr. Una vez que empiece a correr, presiona [A] para darle latigazos. ¡Acelerará! --- PAGE --- Cuando quieras saltar una valla, acelera y golpéalode frente. --- PAGE --- Si intentas saltar una valla en ángulo, al caballo no le gustará y no saltará. --- PAGE --- Después de que el caballo se detenga por completo, presiona [A] para bajarte. ¡Ahora, diviértete!",HIGH,"Audited for item description, price, condition, choice logic. CERTIFIED."
0x2036,MAIN_GAME,"If you use [C-Left] Targeting, you can  talk to me from horseback. --- PAGE --- Are you ready to go home so  soon? [CHOICE:2]No, I want to ride. Yes, I'm done.","Si usas el targeting con [C-Left], puedes hablarme desde la montura del caballo. --- PAGE --- ¿Estás listo para irte a casa tan pronto? [CHOICE:2]No, quiero seguir montando. Sí, ya terminé.",HIGH_RISK,NO,oot.o2r::text/nes_message_data_static,,,,Hint / Shop / Item gameplay text,Source code context & item / shop interaction,Checked against GLOSSARY_ES_419.csv,NONE,PASS,"Si usas el targeting con [C-Left], puedes hablarme desde la montura del caballo. --- PAGE --- ¿Estás listo para irte a casa tan pronto? [CHOICE:2]No, quiero seguir montando. Sí, ya terminé.",HIGH,"Audited for item description, price, condition, choice logic. CERTIFIED."
0x2038,MAIN_GAME,"You're getting better! How about a little race with me? One lap around the corral with that horse. --- PAGE --- Let's make a little wager, say 50 Rupees? [CHOICE:2]Do it Don't do it","¡Te estás mejorando! ¿Qué tal una pequeña carrera conmigo? Una vuelta alrededor del corral con ees caballo. --- PAGE --- Hagamos una pequeña apuesta, ¿qué tal 50 Rupias? [CHOICE:2]Hacerlo No hacerlo",HIGH_RISK,NO,oot.o2r::text/nes_message_data_static,,,,Hint / Shop / Item gameplay text,Source code context & item / shop interaction,Checked against GLOSSARY_ES_419.csv,NONE,PASS,"¡Te estás mejorando! ¿Qué tal una pequeña carrera conmigo? Una vuelta alrededor del corral con ees caballo. --- PAGE --- Hagamos una pequeña apuesta, ¿qué tal 50 Rupias? [CHOICE:2]Hacerlo No hacerlo",HIGH,"Audited for item description, price, condition, choice logic. CERTIFIED."
0x2046,MAIN_GAME,"I, the hard-working Ingo, should be  in charge, not that lazy bum,  Talon!","¡Yo, el trabajador Ingo, debería tar la rienda, no ese holgazán de Talon!",HIGH_RISK,NO,oot.o2r::text/nes_message_data_static,,,,Hint / Shop / Item gameplay text,Source code context & item / shop interaction,Checked against GLOSSARY_ES_419.csv,NONE,PASS,"¡Yo, el trabajador Ingo, debería tar la rienda, no ese holgazán de Talon!",HIGH,"Audited for item description, price, condition, choice logic. CERTIFIED."
0x204D,MAIN_GAME,"I bet nobody is faster than I am  now! But, I don't know if I  should be happy or sad....","¡Apuesto a que nadie es más rápido que yo ahora! Pero, no sé si debería estar feliz o triste...",HIGH_RISK,NO,oot.o2r::text/nes_message_data_static,,,,Hint / Shop / Item gameplay text,Source code context & item / shop interaction,Checked against GLOSSARY_ES_419.csv,NONE,PASS,"¡Apuesto a que nadie es más rápido que yo ahora! Pero, no sé si debería estar feliz o triste...",HIGH,"Audited for item description, price, condition, choice logic. CERTIFIED."
0x2058,MAIN_GAME,It's been a while... Do you want to race? [CHOICE:2]Yes No,Ha pasado un tiempo... ¿Quieres competir? [CHOICE:2]Sí No,HIGH_RISK,NO,oot.o2r::text/nes_message_data_static,,,,Hint / Shop / Item gameplay text,Source code context & item / shop interaction,Checked against GLOSSARY_ES_419.csv,NONE,PASS,Ha pasado un tiempo... ¿Quieres competir? [CHOICE:2]Sí No,HIGH,"Audited for item description, price, condition, choice logic. CERTIFIED."
0x205B,MAIN_GAME,"Heh heh... Are you mad because  you lost? If you're that upset, how about another race? --- PAGE --- Bet 50 Rupees and race again?  [CHOICE:2]Race Don't race","Je je... ¿Estás enojado porque perdiste? Si estás tan molesto, ¿qué tal otra carrera? --- PAGE --- Apuesta 50 Rupias y compite otra vez.  [CHOICE:2]Correr No correr",HIGH_RISK,NO,oot.o2r::text/nes_message_data_static,,,,Hint / Shop / Item gameplay text,Source code context & item / shop interaction,Checked against GLOSSARY_ES_419.csv,NONE,PASS,"Je je... ¿Estás enojado porque perdiste? Si estás tan molesto, ¿qué tal otra carrera? --- PAGE --- Apuesta 50 Rupias y compite otra vez.  [CHOICE:2]Correr No correr",HIGH,"Audited for item description, price, condition, choice logic. CERTIFIED."
0x205E,MAIN_GAME,Wanna buy milk for 30 Rupees?  [CHOICE:2]Buy Don't buy,¿Quieres comprar leche por 30 Rupias?  [CHOICE:2]Comprar No comprar,HIGH_RISK,NO,oot.o2r::text/nes_message_data_static,,,,Hint / Shop / Item gameplay text,Source code context & item / shop interaction,Checked against GLOSSARY_ES_419.csv,NONE,PASS,¿Quieres comprar leche por 30 Rupias?  [CHOICE:2]Comprar No comprar,HIGH,"Audited for item description, price, condition, choice logic. CERTIFIED."
0x2062,MAIN_GAME,"At the foot of Death Mountain you will find my village, Kakariko. That is where I was born and  raised. --- PAGE --- You should talk to some of the villagers there before you go up Death Mountain.","Al pie del Monte Muerte encontrarás mi pueblo, Kakariko. Ahí fue donde nací y me crié. --- PAGE --- Deberías hablar con algunos de los aldeanos antes de subir al Monte Muerte.",HIGH_RISK,NO,oot.o2r::text/nes_message_data_static,,,,Hint / Shop / Item gameplay text,Source code context & item / shop interaction,Checked against GLOSSARY_ES_419.csv,NONE,PASS,"Al pie del Monte Muerte encontrarás mi pueblo, Kakariko. Ahí fue donde nací y me crié. --- PAGE --- Deberías hablar con algunos de los aldeanos antes de subir al Monte Muerte.",HIGH,"Audited for item description, price, condition, choice logic. CERTIFIED."
0x2066,MAIN_GAME,Did you get all that?  [CHOICE:2]No Yes,¿Entendiste todo?  [CHOICE:2]No Sí,HIGH_RISK,NO,oot.o2r::text/nes_message_data_static,,,,Hint / Shop / Item gameplay text,Source code context & item / shop interaction,Checked against GLOSSARY_ES_419.csv,NONE,PASS,¿Entendiste todo?  [CHOICE:2]No Sí,HIGH,"Audited for item description, price, condition, choice logic. CERTIFIED."
0x206A,MAIN_GAME,Do you want to hear what I said  again? [CHOICE:2]Yes No,¿Quieres escuchar lo que dije otra vez? [CHOICE:2]Sí No,HIGH_RISK,NO,oot.o2r::text/nes_message_data_static,,,,Hint / Shop / Item gameplay text,Source code context & item / shop interaction,Checked against GLOSSARY_ES_419.csv,NONE,PASS,¿Quieres escuchar lo que dije otra vez? [CHOICE:2]Sí No,HIGH,"Audited for item description, price, condition, choice logic. CERTIFIED."
0x2077,MAIN_GAME,Did you understand well the story I just told you? [CHOICE:2]Yes No,¿Entendiste bien la historia que te acabo de contar? [CHOICE:2]Sí No,HIGH_RISK,NO,oot.o2r::text/nes_message_data_static,,,,Hint / Shop / Item gameplay text,Source code context & item / shop interaction,Checked against GLOSSARY_ES_419.csv,NONE,PASS,¿Entendiste bien la historia que te acabo de contar? [CHOICE:2]Sí No,HIGH,"Audited for item description, price, condition, choice logic. CERTIFIED."
0x2078,MAIN_GAME,I was spying through this window just now... --- PAGE --- The other element from my dream...the dark clouds... I believe they symbolize... that man in there! --- PAGE --- Will you look through the window at him? [CHOICE:2]Yes No,Estaba espiando por esta ventana ahora mismo... --- PAGE --- El otro elemento de mi sueño... las nubes oscuras... Creo que simbolizan... ¡a ese hombre ahí dentro! --- PAGE --- ¿Quieres mirar por la ventana a él? [CHOICE:2]Sí No,HIGH_RISK,NO,oot.o2r::text/nes_message_data_static,,,,Hint / Shop / Item gameplay text,Source code context & item / shop interaction,Checked against GLOSSARY_ES_419.csv,NONE,PASS,Estaba espiando por esta ventana ahora mismo... --- PAGE --- El otro elemento de mi sueño... las nubes oscuras... Creo que simbolizan... ¡a ese hombre ahí dentro! --- PAGE --- ¿Quieres mirar por la ventana a él? [CHOICE:2]Sí No,HIGH,"Audited for item description, price, condition, choice logic. CERTIFIED."
0x2085,MAIN_GAME,Want to try again? --- PAGE --- A young man like you must have a real fire in your belly! Find three of them within 30 seconds. --- PAGE --- Try again for 5 Rupees?  [CHOICE:2]Yes No,¿Quieres intentarlo de nuevo? --- PAGE --- Un joven como tú debe tener ¡fuego en el estómago! Encuentra tres de ellos dentro de 30 segundos. --- PAGE --- ¿Intentarlo de nuevo por 5 Rupias?  [CHOICE:2]Sí No,HIGH_RISK,NO,oot.o2r::text/nes_message_data_static,,,,Hint / Shop / Item gameplay text,Source code context & item / shop interaction,Checked against GLOSSARY_ES_419.csv,NONE,PASS,¿Quieres intentarlo de nuevo? --- PAGE --- Un joven como tú debe tener ¡fuego en el estómago! Encuentra tres de ellos dentro de 30 segundos. --- PAGE --- ¿Intentarlo de nuevo por 5 Rupias?  [CHOICE:2]Sí No,HIGH,"Audited for item description, price, condition, choice logic. CERTIFIED."
0x2086,MAIN_GAME,"Hey, you! You've got the talent to be one of the world's best cowboys! --- PAGE --- How'd you like to marry Malon? Huh? [CHOICE:2]Yes No","¡Oye, tú! ¡Tienes el talento para ser uno de los mejores vaqueros del mundo! --- PAGE --- ¿Qué te parecería casarte con Malon? ¿Eh? [CHOICE:2]Sí No",HIGH_RISK,NO,oot.o2r::text/nes_message_data_static,,,,Hint / Shop / Item gameplay text,Source code context & item / shop interaction,Checked against GLOSSARY_ES_419.csv,NONE,PASS,"¡Oye, tú! ¡Tienes el talento para ser uno de los mejores vaqueros del mundo! --- PAGE --- ¿Qué te parecería casarte con Malon? ¿Eh? [CHOICE:2]Sí No",HIGH,"Audited for item description, price, condition, choice logic. CERTIFIED."
0x300B,MAIN_GAME,"Those plants growing over there  are Bomb Flowers. They are ""mining plants"" that grow only on this mountain. --- PAGE --- The flower's fruit is the raw  material for bombs. --- PAGE --- But a non-Goron amateur should  never pick the Bomb Flowers'  fruit! --- PAGE --- They usually grow only in dark  places, so Bomb Flowers that grow in a place like this are extremely rare.","Esas plantas que crecen allí son Flores Bomba. Son ""plantas mineras"" que solo crecen en esta montaña. --- PAGE --- El fruto de la flor es la materia prima para las bombas. --- PAGE --- Pero un aficionado que no sea Goron nunca debe recoger el fruto de las Flores Bomba. --- PAGE --- Generalmente solo crecen en lugares oscuros, así que las Flores Bomba que crecen en un lugar como este son extremadamente raras.",HIGH_RISK,NO,oot.o2r::text/nes_message_data_static,,,,Hint / Shop / Item gameplay text,Source code context & item / shop interaction,Checked against GLOSSARY_ES_419.csv,NONE,PASS,"Esas plantas que crecen allí son Flores Bomba. Son ""plantas mineras"" que solo crecen en esta montaña. --- PAGE --- El fruto de la flor es la materia prima para las bombas. --- PAGE --- Pero un aficionado que no sea Goron nunca debe recoger el fruto de las Flores Bomba. --- PAGE --- Generalmente solo crecen en lugares oscuros, así que las Flores Bomba que crecen en un lugar como este son extremadamente raras.",HIGH,"Audited for item description, price, condition, choice logic. CERTIFIED."
0x3026,MAIN_GAME,"Oh, I see... We should have thrown the  Bomb from the cliff...","Oh, ya veo... Debimos haber lanzado la Bomba desde el acantilado...",HIGH_RISK,NO,oot.o2r::text/nes_message_data_static,,,,Hint / Shop / Item gameplay text,Source code context & item / shop interaction,Checked against GLOSSARY_ES_419.csv,NONE,PASS,"Oh, ya veo... Debimos haber lanzado la Bomba desde el acantilado...",HIGH,"Audited for item description, price, condition, choice logic. CERTIFIED."
0x3034,MAIN_GAME,You'd better try to calm him down if you can... Maybe he will calm down if you  talk to him? --- PAGE --- What do you want to ask him?  [CHOICE:2]About the dragon About the Gorons,Deberías intentar calmarlo si puedes... Tal vez se calme si le hablas. --- PAGE --- ¿Qué quieres preguntarle?  [CHOICE:2]Sobre el dragón Sobre los Gorons,HIGH_RISK,NO,oot.o2r::text/nes_message_data_static,,,,Hint / Shop / Item gameplay text,Source code context & item / shop interaction,Checked against GLOSSARY_ES_419.csv,NONE,PASS,Deberías intentar calmarlo si puedes... Tal vez se calme si le hablas. --- PAGE --- ¿Qué quieres preguntarle?  [CHOICE:2]Sobre el dragón Sobre los Gorons,HIGH,"Audited for item description, price, condition, choice logic. CERTIFIED."
0x3038,MAIN_GAME,Try to move the statue inside Dad's room!,¡Intenta mover la estatua dentro de la habitación de papá!,HIGH_RISK,NO,oot.o2r::text/nes_message_data_static,,,,Hint / Shop / Item gameplay text,Source code context & item / shop interaction,Checked against GLOSSARY_ES_419.csv,NONE,PASS,¡Intenta mover la estatua dentro de la habitación de papá!,HIGH,"Audited for item description, price, condition, choice logic. CERTIFIED."
0x304B,MAIN_GAME,"If you can wait five or six years, it should be ready. OK?","Si puedes esperar cinco o seis años, debería estar listo. ¿Está bien?",HIGH_RISK,NO,oot.o2r::text/nes_message_data_static,,,,Hint / Shop / Item gameplay text,Source code context & item / shop interaction,Checked against GLOSSARY_ES_419.csv,NONE,PASS,"Si puedes esperar cinco o seis años, debería estar listo. ¿Está bien?",HIGH,"Audited for item description, price, condition, choice logic. CERTIFIED."
0x304F,MAIN_GAME,How about buying this knife for  200 Rupees? [CHOICE:2]Buy Don't buy,¿Qué tal comprar este cuchillo por 200 Rupias? [CHOICE:2]Comprar No comprar,HIGH_RISK,NO,oot.o2r::text/nes_message_data_static,,,,Hint / Shop / Item gameplay text,Source code context & item / shop interaction,Checked against GLOSSARY_ES_419.csv,NONE,PASS,¿Qué tal comprar este cuchillo por 200 Rupias? [CHOICE:2]Comprar No comprar,HIGH,"Audited for item description, price, condition, choice logic. CERTIFIED."
0x3055,MAIN_GAME,Please go get the eyedrrrrrrops...  [CHOICE:2]Yes No,Por favor ve a buscar las gotaaas para los ojooooos...  [CHOICE:2]Sí No,HIGH_RISK,NO,oot.o2r::text/nes_message_data_static,,,,Hint / Shop / Item gameplay text,Source code context & item / shop interaction,Checked against GLOSSARY_ES_419.csv,NONE,PASS,Por favor ve a buscar las gotaaas para los ojooooos...  [CHOICE:2]Sí No,HIGH,"Audited for item description, price, condition, choice logic. CERTIFIED."
0x3068,MAIN_GAME,"Brother! You'll keep brushing up on your skills as you travel, won't you? --- PAGE --- You should go see the Great Fairy on top of Death Mountain! She will power you up! --- PAGE --- Hey, everybody! Let's see off our Brother!","¡Hermano! ¿Seguirás de perfeccionando tus habilidades a medida que viajas, verdad? --- PAGE --- ¡Deberías ir a ver a la Gran Hada en la cima de Monte Muerte! ¡Te dará poder! --- PAGE --- ¡Oye, todos! ¡Despidamos a nuestro Hermano!",HIGH_RISK,NO,oot.o2r::text/nes_message_data_static,,,,Hint / Shop / Item gameplay text,Source code context & item / shop interaction,Checked against GLOSSARY_ES_419.csv,NONE,PASS,"¡Hermano! ¿Seguirás de perfeccionando tus habilidades a medida que viajas, verdad? --- PAGE --- ¡Deberías ir a ver a la Gran Hada en la cima de Monte Muerte! ¡Te dará poder! --- PAGE --- ¡Oye, todos! ¡Despidamos a nuestro Hermano!",HIGH,"Audited for item description, price, condition, choice logic. CERTIFIED."
0x3069,MAIN_GAME,"I'll tell you a secret for saving me! --- PAGE --- In this temple, there are doors that fall down when you try to  open them. When one of these doors starts to fall, move! --- PAGE --- If you use a sample of the Goron ""special crop,"" you can break it...","Te voy a contar un secreto por haberme salvado. --- PAGE --- En este templo, hay puertas que se cierran cuando intentas abrirgulas. Cuando una de estas puertas empiece a cerrarse, move. --- PAGE --- Si usas una muestra de la ""cosecha especial"" de los Goron, puedes romperlo.",HIGH_RISK,NO,oot.o2r::text/nes_message_data_static,,,,Hint / Shop / Item gameplay text,Source code context & item / shop interaction,Checked against GLOSSARY_ES_419.csv,NONE,PASS,"Te voy a contar un secreto por haberme salvado. --- PAGE --- En este templo, hay puertas que se cierran cuando intentas abrirgulas. Cuando una de estas puertas empiece a cerrarse, move. --- PAGE --- Si usas una muestra de la ""cosecha especial"" de los Goron, puedes romperlo.",HIGH,"Audited for item description, price, condition, choice logic. CERTIFIED."
0x4001,MAIN_GAME,"These are for making Biggoron's  Eye Drops? Oh, how disappointing! You should have said so in the  first place!","¿Estos son para hacer las Gotas Oculares del Gran Goron? Oh, qué decepción. Debiste decirlo desde el principio.",HIGH_RISK,NO,oot.o2r::text/nes_message_data_static,,,,Hint / Shop / Item gameplay text,Source code context & item / shop interaction,Checked against GLOSSARY_ES_419.csv,NONE,PASS,"¿Estos son para hacer las Gotas Oculares del Gran Goron? Oh, qué decepción. Debiste decirlo desde el principio.",HIGH,"Audited for item description, price, condition, choice logic. CERTIFIED."
0x400B,MAIN_GAME,The great King Zora should be in the Royal Chamber.,El gran Rey Zora debería estar en la Cámara Real.,HIGH_RISK,NO,oot.o2r::text/nes_message_data_static,,,,Hint / Shop / Item gameplay text,Source code context & item / shop interaction,Checked against GLOSSARY_ES_419.csv,NONE,PASS,El gran Rey Zora debería estar en la Cámara Real.,HIGH,"Audited for item description, price, condition, choice logic. CERTIFIED."
0x400C,MAIN_GAME,Have you seen Lord Jabu-Jabu?  [CHOICE:2]Yes No,¿Has visto a Lord Jabu-Jabu?  [CHOICE:2]Sí No,HIGH_RISK,NO,oot.o2r::text/nes_message_data_static,,,,Hint / Shop / Item gameplay text,Source code context & item / shop interaction,Checked against GLOSSARY_ES_419.csv,NONE,PASS,¿Has visto a Lord Jabu-Jabu?  [CHOICE:2]Sí No,HIGH,"Audited for item description, price, condition, choice logic. CERTIFIED."
0x4015,MAIN_GAME,Can you make it before they spoil? [CHOICE:2]Yes No,¿Puedes hacerlo antes de que se echen a perder? [CHOICE:2]Sí No,HIGH_RISK,NO,oot.o2r::text/nes_message_data_static,,,,Hint / Shop / Item gameplay text,Source code context & item / shop interaction,Checked against GLOSSARY_ES_419.csv,NONE,PASS,¿Puedes hacerlo antes de que se echen a perder? [CHOICE:2]Sí No,HIGH,"Audited for item description, price, condition, choice logic. CERTIFIED."
0x4025,MAIN_GAME,"You! You looked cool...cooler than I  thought you would, anyway...  Just a little! --- PAGE --- Well, anyway, you saved me, so I  guess I'll reward you. --- PAGE --- What do you wish? Just tell me...  [CHOICE:2]I want that Spiritual Stone. Nothing really...","Tú. Te veías genial. Más cool de lo que creía que serías, de todos modos. Solo un poco. --- PAGE --- Bueno, de todos modos, me salvaste, así que te daré una recompensa. --- PAGE --- ¿Qué deseas? Solo dímelo.  [CHOICE:2]Quiero la Piedra Espiritual. Nada en realidad.",HIGH_RISK,NO,oot.o2r::text/nes_message_data_static,,,,Hint / Shop / Item gameplay text,Source code context & item / shop interaction,Checked against GLOSSARY_ES_419.csv,NONE,PASS,"Tú. Te veías genial. Más cool de lo que creía que serías, de todos modos. Solo un poco. --- PAGE --- Bueno, de todos modos, me salvaste, así que te daré una recompensa. --- PAGE --- ¿Qué deseas? Solo dímelo.  [CHOICE:2]Quiero la Piedra Espiritual. Nada en realidad.",HIGH,"Audited for item description, price, condition, choice logic. CERTIFIED."
0x4033,MAIN_GAME,"You found Princess Ruto! Now King Zora will give you the  Spiritual Stone of Water... Well, maybe. --- PAGE --- Huh?","Encontraste a la Princesa Ruto. Ahora el Rey Zora te dará la Piedra Espiritual del Agua. Bueno, tal vez. --- PAGE --- ¿Eh?",HIGH_RISK,NO,oot.o2r::text/nes_message_data_static,,,,Hint / Shop / Item gameplay text,Source code context & item / shop interaction,Checked against GLOSSARY_ES_419.csv,NONE,PASS,"Encontraste a la Princesa Ruto. Ahora el Rey Zora te dará la Piedra Espiritual del Agua. Bueno, tal vez. --- PAGE --- ¿Eh?",HIGH,"Audited for item description, price, condition, choice logic. CERTIFIED."
0x405E,MAIN_GAME,Chomp chomp chomp... How about some Magic Beans? They aren't selling very well... --- PAGE --- How about... 10 Rupees for one piece? [CHOICE:2]Yes No,Chomp chomp chomp... ¿Qué tal unas Frijoles Mágicos? No se están vendiendo muy bien... --- PAGE --- ¿Qué tal... 10 Rupias por una pieza? [CHOICE:2]Sí No,HIGH_RISK,NO,oot.o2r::text/nes_message_data_static,,,,Hint / Shop / Item gameplay text,Source code context & item / shop interaction,Checked against GLOSSARY_ES_419.csv,NONE,PASS,Chomp chomp chomp... ¿Qué tal unas Frijoles Mágicos? No se están vendiendo muy bien... --- PAGE --- ¿Qué tal... 10 Rupias por una pieza? [CHOICE:2]Sí No,HIGH,"Audited for item description, price, condition, choice logic. CERTIFIED."
0x405F,MAIN_GAME,"Chomp chomp chomp... How about some Magic Beans? Well, they're not that popular yet. --- PAGE --- How about... 20 Rupees for one piece? [CHOICE:2]Yes No","Chomp chomp chomp... ¿Qué tal unas Frijoles Mágicos? Bueno, aún no son muy populares. --- PAGE --- ¿Qué tal... 20 Rupias por una pieza? [CHOICE:2]Sí No",HIGH_RISK,NO,oot.o2r::text/nes_message_data_static,,,,Hint / Shop / Item gameplay text,Source code context & item / shop interaction,Checked against GLOSSARY_ES_419.csv,NONE,PASS,"Chomp chomp chomp... ¿Qué tal unas Frijoles Mágicos? Bueno, aún no son muy populares. --- PAGE --- ¿Qué tal... 20 Rupias por una pieza? [CHOICE:2]Sí No",HIGH,"Audited for item description, price, condition, choice logic. CERTIFIED."
0x4060,MAIN_GAME,Chomp chomp chomp... How about some Magic Beans? They are getting to be quite  popular... --- PAGE --- 30 Rupees for one piece. How about it? [CHOICE:2]Yes No,Chomp chomp chomp... ¿Qué tal unas Frijoles Mágicos? Están empezando a ser bastante  populares... --- PAGE --- 30 Rupias por una pieza. ¿Qué dices? [CHOICE:2]Sí No,HIGH_RISK,NO,oot.o2r::text/nes_message_data_static,,,,Hint / Shop / Item gameplay text,Source code context & item / shop interaction,Checked against GLOSSARY_ES_419.csv,NONE,PASS,Chomp chomp chomp... ¿Qué tal unas Frijoles Mágicos? Están empezando a ser bastante  populares... --- PAGE --- 30 Rupias por una pieza. ¿Qué dices? [CHOICE:2]Sí No,HIGH,"Audited for item description, price, condition, choice logic. CERTIFIED."
0x4061,MAIN_GAME,Chomp chomp chomp... How about some Magic Beans? They're all the rage! --- PAGE --- 40 Rupees for one piece.  [CHOICE:2]Yes No,Chomp chomp chomp... ¿Qué tal unas Frijoles Mágicos? ¡¡Son el último grito!! --- PAGE --- 40 Rupias por una pieza.  [CHOICE:2]Sí No,HIGH_RISK,NO,oot.o2r::text/nes_message_data_static,,,,Hint / Shop / Item gameplay text,Source code context & item / shop interaction,Checked against GLOSSARY_ES_419.csv,NONE,PASS,Chomp chomp chomp... ¿Qué tal unas Frijoles Mágicos? ¡¡Son el último grito!! --- PAGE --- 40 Rupias por una pieza.  [CHOICE:2]Sí No,HIGH,"Audited for item description, price, condition, choice logic. CERTIFIED."
0x4062,MAIN_GAME,Chomp chomp chomp... We have the popular Magic Beans! You'll regret it if you don't buy  them now! --- PAGE --- 50 Rupees for one piece. (Just for now.) [CHOICE:2]Yes No,Chomp chomp chomp... ¡¡Tenemos los populares Frijoles Mágicos!! ¡Te arrepentirás si no los compras  ahora! --- PAGE --- 50 Rupias por una pieza. (Solo por ahora.) [CHOICE:2]Sí No,HIGH_RISK,NO,oot.o2r::text/nes_message_data_static,,,,Hint / Shop / Item gameplay text,Source code context & item / shop interaction,Checked against GLOSSARY_ES_419.csv,NONE,PASS,Chomp chomp chomp... ¡¡Tenemos los populares Frijoles Mágicos!! ¡Te arrepentirás si no los compras  ahora! --- PAGE --- 50 Rupias por una pieza. (Solo por ahora.) [CHOICE:2]Sí No,HIGH,"Audited for item description, price, condition, choice logic. CERTIFIED."
0x4063,MAIN_GAME,"Chomp chomp chomp... These are the super-popular  Magic Beans! In case you're  wondering, they'll soon be sold out! --- PAGE --- Super price! 60 Rupees for one piece! [CHOICE:2]Yes No","Chomp chomp chomp... ¡¡Estos son los superpopulares  Frijoles Mágicos! Por si te  wonderas, ¡pronto se agotarán! --- PAGE --- ¡Superprecio! ¡60 Rupias por una pieza! [CHOICE:2]Sí No",HIGH_RISK,NO,oot.o2r::text/nes_message_data_static,,,,Hint / Shop / Item gameplay text,Source code context & item / shop interaction,Checked against GLOSSARY_ES_419.csv,NONE,PASS,"Chomp chomp chomp... ¡¡Estos son los superpopulares  Frijoles Mágicos! Por si te  wonderas, ¡pronto se agotarán! --- PAGE --- ¡Superprecio! ¡60 Rupias por una pieza! [CHOICE:2]Sí No",HIGH,"Audited for item description, price, condition, choice logic. CERTIFIED."
0x4064,MAIN_GAME,Chomp chomp chomp... We have the super-rare  Magic Beans! This could be your last chance! --- PAGE --- Special price! 70 Rupees for one piece! [CHOICE:2]Yes No,Chomp chomp chomp... ¡¡Tenemos los superfugaces  Frijoles Mágicos! ¡Esta podría ser  tu última oportunidad! --- PAGE --- ¡Precio especial! ¡70 Rupias por una pieza! [CHOICE:2]Sí No,HIGH_RISK,NO,oot.o2r::text/nes_message_data_static,,,,Hint / Shop / Item gameplay text,Source code context & item / shop interaction,Checked against GLOSSARY_ES_419.csv,NONE,PASS,Chomp chomp chomp... ¡¡Tenemos los superfugaces  Frijoles Mágicos! ¡Esta podría ser  tu última oportunidad! --- PAGE --- ¡Precio especial! ¡70 Rupias por una pieza! [CHOICE:2]Sí No,HIGH,"Audited for item description, price, condition, choice logic. CERTIFIED."
0x4065,MAIN_GAME,Chomp chomp chomp... We have the legendary  Magic Beans! I'll sell them only  to you! --- PAGE --- Super price! 80 Rupees for one piece! [CHOICE:2]Yes No,Chomp chomp chomp... ¡¡Tenemos los legendarios  Frijoles Mágicos! ¡Solo te los  venderé a ti! --- PAGE --- ¡Superprecio! ¡80 Rupias por una pieza! [CHOICE:2]Sí No,HIGH_RISK,NO,oot.o2r::text/nes_message_data_static,,,,Hint / Shop / Item gameplay text,Source code context & item / shop interaction,Checked against GLOSSARY_ES_419.csv,NONE,PASS,Chomp chomp chomp... ¡¡Tenemos los legendarios  Frijoles Mágicos! ¡Solo te los  venderé a ti! --- PAGE --- ¡Superprecio! ¡80 Rupias por una pieza! [CHOICE:2]Sí No,HIGH,"Audited for item description, price, condition, choice logic. CERTIFIED."
0x4066,MAIN_GAME,"Chomp chomp chomp... Do you want...Magic Beans?!  They aren't cheap, but...do you still want them? --- PAGE --- I can't let them go for less than 90 Rupees apiece! [CHOICE:2]Yes No","Chomp chomp chomp... ¿Quieres... Frijoles Mágicos?!  No son baratos, pero... ¿aún  los quieres? --- PAGE --- ¡No puedo dejarlos por menos de  90 Rupias cada uno! [CHOICE:2]Sí No",HIGH_RISK,NO,oot.o2r::text/nes_message_data_static,,,,Hint / Shop / Item gameplay text,Source code context & item / shop interaction,Checked against GLOSSARY_ES_419.csv,NONE,PASS,"Chomp chomp chomp... ¿Quieres... Frijoles Mágicos?!  No son baratos, pero... ¿aún  los quieres? --- PAGE --- ¡No puedo dejarlos por menos de  90 Rupias cada uno! [CHOICE:2]Sí No",HIGH,"Audited for item description, price, condition, choice logic. CERTIFIED."
0x4067,MAIN_GAME,Chomp chomp chomp... We have...Magic Beans!  Do you want them...huh? Huh? --- PAGE --- 100 Rupees for one piece! Keyahahah! [CHOICE:2]Yes No,Chomp chomp chomp... ¡¡Tenemos... Frijoles Mágicos!!  ¿Los quieres... eh? ¿Eh? --- PAGE --- ¡100 Rupias por una pieza! ¡Keyahahah! [CHOICE:2]Sí No,HIGH_RISK,NO,oot.o2r::text/nes_message_data_static,,,,Hint / Shop / Item gameplay text,Source code context & item / shop interaction,Checked against GLOSSARY_ES_419.csv,NONE,PASS,Chomp chomp chomp... ¡¡Tenemos... Frijoles Mágicos!!  ¿Los quieres... eh? ¿Eh? --- PAGE --- ¡100 Rupias por una pieza! ¡Keyahahah! [CHOICE:2]Sí No,HIGH,"Audited for item description, price, condition, choice logic. CERTIFIED."
0x4072,MAIN_GAME,"You may not have noticed, but I've been watching you. You dove  6 meters just now. You should be able to dive deeper!","Puede que no lo hayas notado, pero  he estado observándote. Te sumergiste  6 metros ahora mismo. ¡Deberías  poder bucear más profundo!",HIGH_RISK,NO,oot.o2r::text/nes_message_data_static,,,,Hint / Shop / Item gameplay text,Source code context & item / shop interaction,Checked against GLOSSARY_ES_419.csv,NONE,PASS,"Puede que no lo hayas notado, pero  he estado observándote. Te sumergiste  6 metros ahora mismo. ¡Deberías  poder bucear más profundo!",HIGH,"Audited for item description, price, condition, choice logic. CERTIFIED."
0x4073,MAIN_GAME,"You may not have noticed, but I've been watching you. You dove  7 meters just now. You should be able to dive deeper!","Puede que no lo hayas notado, pero  he estado observándote. Te sumergiste  7 metros ahora mismo. ¡Deberías  poder bucear más profundo!",HIGH_RISK,NO,oot.o2r::text/nes_message_data_static,,,,Hint / Shop / Item gameplay text,Source code context & item / shop interaction,Checked against GLOSSARY_ES_419.csv,NONE,PASS,"Puede que no lo hayas notado, pero  he estado observándote. Te sumergiste  7 metros ahora mismo. ¡Deberías  poder bucear más profundo!",HIGH,"Audited for item description, price, condition, choice logic. CERTIFIED."
0x407B,MAIN_GAME,"Well, do you want to go fishing  for 20 Rupees? [CHOICE:2]Yes No","Bueno, ¿quieres ir a pescar  por 20 Rupias? [CHOICE:2]Sí No",HIGH_RISK,NO,oot.o2r::text/nes_message_data_static,,,,Hint / Shop / Item gameplay text,Source code context & item / shop interaction,Checked against GLOSSARY_ES_419.csv,NONE,PASS,"Bueno, ¿quieres ir a pescar  por 20 Rupias? [CHOICE:2]Sí No",HIGH,"Audited for item description, price, condition, choice logic. CERTIFIED."
0x407F,MAIN_GAME,"OK, listen up! --- PAGE --- Walk up to the water's edge and press [C-Left] to look at a fish. --- PAGE --- While looking at a fish, you can  cast your line with [B]. Press [A] to brake the line. --- PAGE --- When the lure drops into the  water, you can wiggle it with [D-Pad]. If you're a novice, you can also use [B]. --- PAGE --- Reel in your lure with [A]. Hold  down [A] and [C-Down] to reel it in  faster. --- PAGE --- If you feel a hit, press [A] and [D-Pad] down to set the hook. After that, reel it in with [A]. --- PAGE --- Do you understand?  [CHOICE:2]Yes No","¡OK, escucha bien! --- PAGE --- Acércate al borde del agua y  pulsa [C-Left] para mirar un pez. --- PAGE --- Mientras miras un pez, puedes  lanzar tu línea con [B]. Pulsa [A]  para frenar la línea. --- PAGE --- Cuando el señuelo caiga al  agua, puedes moverlo con [D-Pad]. Si eres novato, también puedes  usar [B]. --- PAGE --- Recoge tu señuelo con [A]. Mantén  pulsado [A] y [C-Down] para recogerlo  más rápido. --- PAGE --- Si sientes un golpe, pulsa [A] y  [D-Pad] abajo para enganchar. Después, recógelo con [A]. --- PAGE --- ¿Entendido?  [CHOICE:2]Sí No",HIGH_RISK,NO,oot.o2r::text/nes_message_data_static,,,,Hint / Shop / Item gameplay text,Source code context & item / shop interaction,Checked against GLOSSARY_ES_419.csv,NONE,PASS,"¡OK, escucha bien! --- PAGE --- Acércate al borde del agua y  pulsa [C-Left] para mirar un pez. --- PAGE --- Mientras miras un pez, puedes  lanzar tu línea con [B]. Pulsa [A]  para frenar la línea. --- PAGE --- Cuando el señuelo caiga al  agua, puedes moverlo con [D-Pad]. Si eres novato, también puedes  usar [B]. --- PAGE --- Recoge tu señuelo con [A]. Mantén  pulsado [A] y [C-Down] para recogerlo  más rápido. --- PAGE --- Si sientes un golpe, pulsa [A] y  [D-Pad] abajo para enganchar. Después, recógelo con [A]. --- PAGE --- ¿Entendido?  [CHOICE:2]Sí No",HIGH,"Audited for item description, price, condition, choice logic. CERTIFIED."
0x4083,MAIN_GAME,"Well, well...it's about  pounds.  Do you want to keep it? [CHOICE:2]Yes No","Bueno, bueno... pesa unas  libras.  ¿Quieres quedártelo? [CHOICE:2]Sí No",HIGH_RISK,NO,oot.o2r::text/nes_message_data_static,,,,Hint / Shop / Item gameplay text,Source code context & item / shop interaction,Checked against GLOSSARY_ES_419.csv,NONE,PASS,"Bueno, bueno... pesa unas  libras.  ¿Quieres quedártelo? [CHOICE:2]Sí No",HIGH,"Audited for item description, price, condition, choice logic. CERTIFIED."
0x4084,MAIN_GAME,What do you want? [CHOICE:3]Weigh my fish. Let's talk about something. I want to quit.,¿Qué quieres? [CHOICE:3]Pesar mi pez. Hablemos de algo. Quiero irme.,HIGH_RISK,NO,oot.o2r::text/nes_message_data_static,,,,Hint / Shop / Item gameplay text,Source code context & item / shop interaction,Checked against GLOSSARY_ES_419.csv,NONE,PASS,¿Qué quieres? [CHOICE:3]Pesar mi pez. Hablemos de algo. Quiero irme.,HIGH,"Audited for item description, price, condition, choice logic. CERTIFIED."
0x408A,MAIN_GAME,Do you want to continue fishing?  [CHOICE:2]Yes No,¿Quieres seguir pescando?  [CHOICE:2]Sí No,HIGH_RISK,NO,oot.o2r::text/nes_message_data_static,,,,Hint / Shop / Item gameplay text,Source code context & item / shop interaction,Checked against GLOSSARY_ES_419.csv,NONE,PASS,¿Quieres seguir pescando?  [CHOICE:2]Sí No,HIGH,"Audited for item description, price, condition, choice logic. CERTIFIED."
0x4091,MAIN_GAME,Wow! This is a real lunker! Let's see...it weighs  pounds! --- PAGE --- Do you want to keep it?  [CHOICE:2]Yes No,¡Vaya! ¡Esto es un verdadero leviatán! Veamos... pesa   libras. --- PAGE --- ¿Quieres quedártelo?  [CHOICE:2]Sí No,HIGH_RISK,NO,oot.o2r::text/nes_message_data_static,,,,Hint / Shop / Item gameplay text,Source code context & item / shop interaction,Checked against GLOSSARY_ES_419.csv,NONE,PASS,¡Vaya! ¡Esto es un verdadero leviatán! Veamos... pesa   libras. --- PAGE --- ¿Quieres quedártelo?  [CHOICE:2]Sí No,HIGH,"Audited for item description, price, condition, choice logic. CERTIFIED."
0x4093,MAIN_GAME,"Hey, mister! I remember you! It's been a long time! --- PAGE --- How many years has it been? Seven years?! What have you been doing all this time?! --- PAGE --- You're my only customer. I'm  almost out of business! Seriously! On top of that, my hair... --- PAGE --- Uh, I mean, never mind... --- PAGE --- Well, do you want to go fishing? It costs only 20 Rupees! [CHOICE:2]Yes No","¡Oye, señor! ¡Te recuerdo! ¡Han pasado muchos años! --- PAGE --- ¿Cuántos años han sido? ¿¡Siete años?! ¿Qué has estado  haciendo todo este tiempo? --- PAGE --- ¡Eres mi único cliente! ¡Casi  me arruino! ¡En serio! Además, mi pelo... --- PAGE --- Eh, quiero decir, no importa... --- PAGE --- Bueno, ¿quieres ir a pescar? ¡Solo cuesta 20 Rupias! [CHOICE:2]Sí No",HIGH_RISK,NO,oot.o2r::text/nes_message_data_static,,,,Hint / Shop / Item gameplay text,Source code context & item / shop interaction,Checked against GLOSSARY_ES_419.csv,NONE,PASS,"¡Oye, señor! ¡Te recuerdo! ¡Han pasado muchos años! --- PAGE --- ¿Cuántos años han sido? ¿¡Siete años?! ¿Qué has estado  haciendo todo este tiempo? --- PAGE --- ¡Eres mi único cliente! ¡Casi  me arruino! ¡En serio! Además, mi pelo... --- PAGE --- Eh, quiero decir, no importa... --- PAGE --- Bueno, ¿quieres ir a pescar? ¡Solo cuesta 20 Rupias! [CHOICE:2]Sí No",HIGH,"Audited for item description, price, condition, choice logic. CERTIFIED."
0x4097,MAIN_GAME,"Hey, what are you doing? I told you not to do that! You're terrible! Seriously! --- PAGE --- Give me back my hat!  [CHOICE:2]OK No way","¡Oye, qué estás haciendo? ¡Te dije que no hicieras eso! ¡Eres terrible! ¡En serio! --- PAGE --- ¡Devuélveme mi sombrero!  [CHOICE:2]OK De ningún modo",HIGH_RISK,NO,oot.o2r::text/nes_message_data_static,,,,Hint / Shop / Item gameplay text,Source code context & item / shop interaction,Checked against GLOSSARY_ES_419.csv,NONE,PASS,"¡Oye, qué estás haciendo? ¡Te dije que no hicieras eso! ¡Eres terrible! ¡En serio! --- PAGE --- ¡Devuélveme mi sombrero!  [CHOICE:2]OK De ningún modo",HIGH,"Audited for item description, price, condition, choice logic. CERTIFIED."
0x4098,MAIN_GAME,"What? Huh? Oh? I think the fish you already kept was bigger than this one... --- PAGE --- Do you still want to keep it?  [CHOICE:2]No, I don't want it Yes, I want to keep it anyway","¿Qué? ¿Eh? ¿Oh? Creo que el pez que ya te  quedaste era más grande que este... --- PAGE --- ¿Aún quieres quedártelo?  [CHOICE:2]No, no lo quiero Sí, quiero quedártelo de todos modos",HIGH_RISK,NO,oot.o2r::text/nes_message_data_static,,,,Hint / Shop / Item gameplay text,Source code context & item / shop interaction,Checked against GLOSSARY_ES_419.csv,NONE,PASS,"¿Qué? ¿Eh? ¿Oh? Creo que el pez que ya te  quedaste era más grande que este... --- PAGE --- ¿Aún quieres quedártelo?  [CHOICE:2]No, no lo quiero Sí, quiero quedártelo de todos modos",HIGH,"Audited for item description, price, condition, choice logic. CERTIFIED."
0x4099,MAIN_GAME,"Gosh! That's a strange fish you caught there! On top of that, it weighs  pounds! --- PAGE --- What do you want to do with it?  [CHOICE:2]Keep it anyway I don't want it","¡Vaya! ¡Qué pez tan extraño  has atrapado! Además, pesa   libras. --- PAGE --- ¿Qué quieres hacer con él?  [CHOICE:2]Quedármelo de todos modos No lo quiero",HIGH_RISK,NO,oot.o2r::text/nes_message_data_static,,,,Hint / Shop / Item gameplay text,Source code context & item / shop interaction,Checked against GLOSSARY_ES_419.csv,NONE,PASS,"¡Vaya! ¡Qué pez tan extraño  has atrapado! Además, pesa   libras. --- PAGE --- ¿Qué quieres hacer con él?  [CHOICE:2]Quedármelo de todos modos No lo quiero",HIGH,"Audited for item description, price, condition, choice logic. CERTIFIED."
0x409A,MAIN_GAME,Wow! --- PAGE --- Is this what I think it is? Astonishing! You snagged a sinking lure! --- PAGE --- What do you want to do with it?  [CHOICE:2]Use it now. Get rid of it.,¡Vaya! --- PAGE --- ¿Es esto lo que creo? ¡Asombroso! ¡Has atrapado un señuelo hundible! --- PAGE --- ¿Qué quieres hacer con él?  [CHOICE:2]Usarlo ahora. Deshacerme de él.,HIGH_RISK,NO,oot.o2r::text/nes_message_data_static,,,,Hint / Shop / Item gameplay text,Source code context & item / shop interaction,Checked against GLOSSARY_ES_419.csv,NONE,PASS,¡Vaya! --- PAGE --- ¿Es esto lo que creo? ¡Asombroso! ¡Has atrapado un señuelo hundible! --- PAGE --- ¿Qué quieres hacer con él?  [CHOICE:2]Usarlo ahora. Deshacerme de él.,HIGH,"Audited for item description, price, condition, choice logic. CERTIFIED."
0x409F,MAIN_GAME,"Oh my gosh! This fish is gigantic!! --- PAGE --- A fish this big can't even fit on the screen, and I can't weigh it accurately, but it looks like it's about  pounds!! --- PAGE --- You'll want to keep this one, right? [CHOICE:2]Keep it Don't keep it","¡Oh mi Dios! ¡Este pez es gigantesco!! --- PAGE --- ¡Un pez así ni siquiera cabe  en la pantalla y no puedo pesarlo  con precisión, pero parece que  Pesa unas  libras!! --- PAGE --- Te querrás quedar con este, ¿no? [CHOICE:2]Quedármelo No quedármelo",HIGH_RISK,NO,oot.o2r::text/nes_message_data_static,,,,Hint / Shop / Item gameplay text,Source code context & item / shop interaction,Checked against GLOSSARY_ES_419.csv,NONE,PASS,"¡Oh mi Dios! ¡Este pez es gigantesco!! --- PAGE --- ¡Un pez así ni siquiera cabe  en la pantalla y no puedo pesarlo  con precisión, pero parece que  Pesa unas  libras!! --- PAGE --- Te querrás quedar con este, ¿no? [CHOICE:2]Quedármelo No quedármelo",HIGH,"Audited for item description, price, condition, choice logic. CERTIFIED."
0x5002,MAIN_GAME,The gravekeeper's diary is here. Do you want to read it? [CHOICE:2]Yes No,El diario del sepulturero está aquí. ¿Quieres leerlo? [CHOICE:2]Sí No,HIGH_RISK,NO,oot.o2r::text/nes_message_data_static,,,,Hint / Shop / Item gameplay text,Source code context & item / shop interaction,Checked against GLOSSARY_ES_419.csv,NONE,PASS,El diario del sepulturero está aquí. ¿Quieres leerlo? [CHOICE:2]Sí No,HIGH,"Audited for item description, price, condition, choice logic. CERTIFIED."
0x5005,MAIN_GAME,You defeated Poe the ghost! --- PAGE --- Do you want to catch it in  a bottle? [CHOICE:2]Yes No,¡Derrotaste al fantasma Poe! --- PAGE --- ¿Quieres atraparlo en  una botella? [CHOICE:2]Sí No,HIGH_RISK,NO,oot.o2r::text/nes_message_data_static,,,,Hint / Shop / Item gameplay text,Source code context & item / shop interaction,Checked against GLOSSARY_ES_419.csv,NONE,PASS,¡Derrotaste al fantasma Poe! --- PAGE --- ¿Quieres atraparlo en  una botella? [CHOICE:2]Sí No,HIGH,"Audited for item description, price, condition, choice logic. CERTIFIED."
0x500C,MAIN_GAME,Ultimate potion! How about 100 Rupees? [CHOICE:2]Buy Don't buy,¡Poción suprema! ¿Qué tal 100 Rupias? [CHOICE:2]Comprar No comprar,HIGH_RISK,NO,oot.o2r::text/nes_message_data_static,,,,Hint / Shop / Item gameplay text,Source code context & item / shop interaction,Checked against GLOSSARY_ES_419.csv,NONE,PASS,¡Poción suprema! ¿Qué tal 100 Rupias? [CHOICE:2]Comprar No comprar,HIGH,"Audited for item description, price, condition, choice logic. CERTIFIED."
0x5011,MAIN_GAME,Do you want to hear what I  said again? [CHOICE:2]Yes No,¿Quieres escuchar lo que dije de nuevo? [CHOICE:2]Sí No,HIGH_RISK,NO,oot.o2r::text/nes_message_data_static,,,,Hint / Shop / Item gameplay text,Source code context & item / shop interaction,Checked against GLOSSARY_ES_419.csv,NONE,PASS,¿Quieres escuchar lo que dije de nuevo? [CHOICE:2]Sí No,HIGH,"Audited for item description, price, condition, choice logic. CERTIFIED."
0x5019,MAIN_GAME,Do you want me to dig here? 10 Rupees for one hole. [CHOICE:2]Yes Don't do it,¿Quieres que cave aquí? 10 Rupias por un hoyo. [CHOICE:2]Sí No hacerlo,HIGH_RISK,NO,oot.o2r::text/nes_message_data_static,,,,Hint / Shop / Item gameplay text,Source code context & item / shop interaction,Checked against GLOSSARY_ES_419.csv,NONE,PASS,¿Quieres que cave aquí? 10 Rupias por un hoyo. [CHOICE:2]Sí No hacerlo,HIGH,"Audited for item description, price, condition, choice logic. CERTIFIED."
0x5026,MAIN_GAME,"I have to stay here... You go to  Princess Zelda's side and protect  her on my behalf. --- PAGE --- Now I put my power, which should  be helpful to you, into this Medallion!","Tengo que quedarme aquí... Tú ve al lado de la Princesa Zelda y protégela en mi nombre. --- PAGE --- ¡Ahora pongo mi poder, que debería ser útil para ti, en este Medallón!",HIGH_RISK,NO,oot.o2r::text/nes_message_data_static,,,,Hint / Shop / Item gameplay text,Source code context & item / shop interaction,Checked against GLOSSARY_ES_419.csv,NONE,PASS,"Tengo que quedarme aquí... Tú ve al lado de la Princesa Zelda y protégela en mi nombre. --- PAGE --- ¡Ahora pongo mi poder, que debería ser útil para ti, en este Medallón!",HIGH,"Audited for item description, price, condition, choice logic. CERTIFIED."
0x5036,MAIN_GAME,"What should I do!? My Cuccos have all flown away! --- PAGE --- You, little boy, please! Please help me bring them back to  this pen!","¿¡Qué hago!? ¡Mis Cuccos se han volado todos! --- PAGE --- ¡Tú, niño, por favor! ¡Por favor ayúdame a traerlos de vuelta a este corral!",HIGH_RISK,NO,oot.o2r::text/nes_message_data_static,,,,Hint / Shop / Item gameplay text,Source code context & item / shop interaction,Checked against GLOSSARY_ES_419.csv,NONE,PASS,"¿¡Qué hago!? ¡Mis Cuccos se han volado todos! --- PAGE --- ¡Tú, niño, por favor! ¡Por favor ayúdame a traerlos de vuelta a este corral!",HIGH,"Audited for item description, price, condition, choice logic. CERTIFIED."
0x503B,MAIN_GAME,"Thank you for finding my Cuccos. I have allergies, so I get  goose bumps when I touch them. --- PAGE --- For helping me, I will give this to you. It's fine glass, and should be useful. Please take good care of it!","Gracias por encontrar a mis Cuccos. Tengo alergia, así que me da carne de gallina cuando los toco. --- PAGE --- Por ayudarme, te daré esto. Es vidrio fino y debería ser útil. ¡Por favor cuídalo bien!",HIGH_RISK,NO,oot.o2r::text/nes_message_data_static,,,,Hint / Shop / Item gameplay text,Source code context & item / shop interaction,Checked against GLOSSARY_ES_419.csv,NONE,PASS,"Gracias por encontrar a mis Cuccos. Tengo alergia, así que me da carne de gallina cuando los toco. --- PAGE --- Por ayudarme, te daré esto. Es vidrio fino y debería ser útil. ¡Por favor cuídalo bien!",HIGH,"Audited for item description, price, condition, choice logic. CERTIFIED."
0x503F,MAIN_GAME,What do you think?  Will you try? [CHOICE:2]Yes No,¿Qué piensas? ¿Lo intentarás? [CHOICE:2]Sí No,HIGH_RISK,NO,oot.o2r::text/nes_message_data_static,,,,Hint / Shop / Item gameplay text,Source code context & item / shop interaction,Checked against GLOSSARY_ES_419.csv,NONE,PASS,¿Qué piensas? ¿Lo intentarás? [CHOICE:2]Sí No,HIGH,"Audited for item description, price, condition, choice logic. CERTIFIED."
0x5044,MAIN_GAME,Do you want to keep Cojiro?  [CHOICE:2]Yes No,¿Quieres quedarte con Cojiro?  [CHOICE:2]Sí No,HIGH_RISK,NO,oot.o2r::text/nes_message_data_static,,,,Hint / Shop / Item gameplay text,Source code context & item / shop interaction,Checked against GLOSSARY_ES_419.csv,NONE,PASS,¿Quieres quedarte con Cojiro?  [CHOICE:2]Sí No,HIGH,"Audited for item description, price, condition, choice logic. CERTIFIED."
0x504B,MAIN_GAME,"Hey, give it to me now!  [CHOICE:2]Yes No","¡Oye, dámelo ahora!  [CHOICE:2]Sí No",HIGH_RISK,NO,oot.o2r::text/nes_message_data_static,,,,Hint / Shop / Item gameplay text,Source code context & item / shop interaction,Checked against GLOSSARY_ES_419.csv,NONE,PASS,"¡Oye, dámelo ahora!  [CHOICE:2]Sí No",HIGH,"Audited for item description, price, condition, choice logic. CERTIFIED."
0x5058,MAIN_GAME,"If that lady asks you about  chickens, you should listen to her.","Si esa señora te pregunta sobre pollos, deberías escucharla.",HIGH_RISK,NO,oot.o2r::text/nes_message_data_static,,,,Hint / Shop / Item gameplay text,Source code context & item / shop interaction,Checked against GLOSSARY_ES_419.csv,NONE,PASS,"Si esa señora te pregunta sobre pollos, deberías escucharla.",HIGH,"Audited for item description, price, condition, choice logic. CERTIFIED."
0x506E,MAIN_GAME,Poe  30 Rupees  [CHOICE:2]Buy Don't buy,Poe  30 Rupias  [CHOICE:2]Comprar No comprar,HIGH_RISK,NO,oot.o2r::text/nes_message_data_static,,,,Hint / Shop / Item gameplay text,Source code context & item / shop interaction,Checked against GLOSSARY_ES_419.csv,NONE,PASS,Poe  30 Rupias  [CHOICE:2]Comprar No comprar,HIGH,"Audited for item description, price, condition, choice logic. CERTIFIED."
0x600D,MAIN_GAME,"I am the Gerudo master of  horseback archery! On top of  that, I'm the Gerudo master of horseback riding! --- PAGE --- Want to try horseback archery for 20 Rupees? [CHOICE:2]Yes No",¡Soy la maestra Gerudo del tiro con arco a caballo! ¡Además de soy la maestra Gerudo de montar a caballo! --- PAGE --- ¿Quieres intentar el tiro con arco a caballo por 20 Rupias? [CHOICE:2]Sí No,HIGH_RISK,NO,oot.o2r::text/nes_message_data_static,,,,Hint / Shop / Item gameplay text,Source code context & item / shop interaction,Checked against GLOSSARY_ES_419.csv,NONE,PASS,¡Soy la maestra Gerudo del tiro con arco a caballo! ¡Además de soy la maestra Gerudo de montar a caballo! --- PAGE --- ¿Quieres intentar el tiro con arco a caballo por 20 Rupias? [CHOICE:2]Sí No,HIGH,"Audited for item description, price, condition, choice logic. CERTIFIED."
0x6014,MAIN_GAME,This is the Gerudo's Training Ground. --- PAGE --- Membership card verified. --- PAGE --- One try for 10 Rupees!  [CHOICE:2]Try Don't try,Este es el Campo de Entrenamiento Gerudo. --- PAGE --- Tarjeta de membresía verificada. --- PAGE --- ¡Un intento por 10 Rupias!  [CHOICE:2]Intentar No intentar,HIGH_RISK,NO,oot.o2r::text/nes_message_data_static,,,,Hint / Shop / Item gameplay text,Source code context & item / shop interaction,Checked against GLOSSARY_ES_419.csv,NONE,PASS,Este es el Campo de Entrenamiento Gerudo. --- PAGE --- Tarjeta de membresía verificada. --- PAGE --- ¡Un intento por 10 Rupias!  [CHOICE:2]Intentar No intentar,HIGH,"Audited for item description, price, condition, choice logic. CERTIFIED."
0x601D,MAIN_GAME,"I haven't seen you around, kid... --- PAGE --- What do you want? [CHOICE:3]To see the temple Looking for the Sages Nothing, really","No te he visto por aquí, chico... --- PAGE --- ¿Qué quieres? [CHOICE:3]Ver el templo Buscando a los Sabios Nada, en realidad",HIGH_RISK,NO,oot.o2r::text/nes_message_data_static,,,,Hint / Shop / Item gameplay text,Source code context & item / shop interaction,Checked against GLOSSARY_ES_419.csv,NONE,PASS,"No te he visto por aquí, chico... --- PAGE --- ¿Qué quieres? [CHOICE:3]Ver el templo Buscando a los Sabios Nada, en realidad",HIGH,"Audited for item description, price, condition, choice logic. CERTIFIED."
0x6020,MAIN_GAME,"You have nothing to do? What  good timing! Can you do me a  favor, kid? --- PAGE --- Wait a second, I want to ask you first--you wouldn't happen to be one of Ganondorf's... --- PAGE --- followers...would you?  [CHOICE:2]What if I am? I hate Ganondorf!","¿No tienes nada que hacer? ¡Qué buena oportunidad! ¿Puedes hacerme un favor, chico? --- PAGE --- Espera un segundo, quiero preguntarte primero--no serás uno de los de Ganondorf... --- PAGE --- ¿seguidores... verdad?  [CHOICE:2]¿Y si lo soy? ¡Odio a Ganondorf!",HIGH_RISK,NO,oot.o2r::text/nes_message_data_static,,,,Hint / Shop / Item gameplay text,Source code context & item / shop interaction,Checked against GLOSSARY_ES_419.csv,NONE,PASS,"¿No tienes nada que hacer? ¡Qué buena oportunidad! ¿Puedes hacerme un favor, chico? --- PAGE --- Espera un segundo, quiero preguntarte primero--no serás uno de los de Ganondorf... --- PAGE --- ¿seguidores... verdad?  [CHOICE:2]¿Y si lo soy? ¡Odio a Ganondorf!",HIGH,"Audited for item description, price, condition, choice logic. CERTIFIED."
0x6021,MAIN_GAME,"Wha-ha-ha! Don't try to act cool, kid. I was just asking! --- PAGE --- A kid like you could never be one of Ganondorf's followers! --- PAGE --- Well, let's cut to the chase...","¡Juajajá! No intentes hacerte el cool, chico. ¡Solo estaba preguntando! --- PAGE --- ¡Un niño como tú nunca podría ser uno de los seguidores de Ganondorf! --- PAGE --- Bueno, vayamos al grano...",HIGH_RISK,NO,oot.o2r::text/nes_message_data_static,,,,Hint / Shop / Item gameplay text,Source code context & item / shop interaction,Checked against GLOSSARY_ES_419.csv,NONE,PASS,"¡Juajajá! No intentes hacerte el cool, chico. ¡Solo estaba preguntando! --- PAGE --- ¡Un niño como tú nunca podría ser uno de los seguidores de Ganondorf! --- PAGE --- Bueno, vayamos al grano...",HIGH,"Audited for item description, price, condition, choice logic. CERTIFIED."
0x6024,MAIN_GAME,"I want to ask you a favor... --- PAGE --- Will you go through this tiny hole and get a treasure that's inside? --- PAGE --- The treasure is the Silver Gauntlets. If you equip them, you can easily push and pull very  heavy things! --- PAGE --- No, no, no, kid! Don't even think about taking this treasure for  yourself! --- PAGE --- The Silver Gauntlets won't fit a little kid like you if you try to  equip them! I want you to be a  good boy and give them to me! --- PAGE --- Ganondorf and his minions are using the Spirit Temple as a  hideout. --- PAGE --- Only the Silver Gauntlets will  allow me to sneak deep into the temple. --- PAGE --- Once there, I'm going to steal all the treasure inside and mess up their plans! --- PAGE --- How about it? Will you do it?  [CHOICE:2]Yes No","Quiero pedirte un favor... --- PAGE --- ¿Irás a través de este agujero pequeño y sacarás un tesoro que está dentro? --- PAGE --- El tesoro son los Guantes de Plata. Si los equipas, ¡puedes empujar y jalar cosas muy pesadas con facilidad! --- PAGE --- ¡No, no, no, chico! ¡Ni siquiera pienses en quedarte con este tesoro! --- PAGE --- ¡Los Guantes de Plata no le quedarán a un niño pequeño como tú si intentas equiparlos! ¡Quiero que seas buen chico y me los des! --- PAGE --- Ganondorf y sus secuaces están usando el Templo del Espíritu como escondite. --- PAGE --- Solo los Guantes de Plata me permitirán infiltrarme en lo profundo del templo. --- PAGE --- Una vez allí, ¡voy a robar todos los tesoros dentro y arruinar sus planes! --- PAGE --- ¿Qué dices? ¿Lo harás?  [CHOICE:2]Sí No",HIGH_RISK,NO,oot.o2r::text/nes_message_data_static,,,,Hint / Shop / Item gameplay text,Source code context & item / shop interaction,Checked against GLOSSARY_ES_419.csv,NONE,PASS,"Quiero pedirte un favor... --- PAGE --- ¿Irás a través de este agujero pequeño y sacarás un tesoro que está dentro? --- PAGE --- El tesoro son los Guantes de Plata. Si los equipas, ¡puedes empujar y jalar cosas muy pesadas con facilidad! --- PAGE --- ¡No, no, no, chico! ¡Ni siquiera pienses en quedarte con este tesoro! --- PAGE --- ¡Los Guantes de Plata no le quedarán a un niño pequeño como tú si intentas equiparlos! ¡Quiero que seas buen chico y me los des! --- PAGE --- Ganondorf y sus secuaces están usando el Templo del Espíritu como escondite. --- PAGE --- Solo los Guantes de Plata me permitirán infiltrarme en lo profundo del templo. --- PAGE --- Una vez allí, ¡voy a robar todos los tesoros dentro y arruinar sus planes! --- PAGE --- ¿Qué dices? ¿Lo harás?  [CHOICE:2]Sí No",HIGH,"Audited for item description, price, condition, choice logic. CERTIFIED."
0x602C,MAIN_GAME,We should teach this outrageous fellow a lesson! Hee hee hee!,¡Deberíamos enseñarle una lección a este tipo descarado! ¡Jijijijij!,HIGH_RISK,NO,oot.o2r::text/nes_message_data_static,,,,Hint / Shop / Item gameplay text,Source code context & item / shop interaction,Checked against GLOSSARY_ES_419.csv,NONE,PASS,¡Deberíamos enseñarle una lección a este tipo descarado! ¡Jijijijij!,HIGH,"Audited for item description, price, condition, choice logic. CERTIFIED."
0x6033,MAIN_GAME,Maybe we should make her work for the great Ganondorf for a little while longer! Ho ho ho!,¡Quizás deberíamos hacerla trabajar para el gran Ganondorf un poco más! ¡Jojojo!,HIGH_RISK,NO,oot.o2r::text/nes_message_data_static,,,,Hint / Shop / Item gameplay text,Source code context & item / shop interaction,Checked against GLOSSARY_ES_419.csv,NONE,PASS,¡Quizás deberíamos hacerla trabajar para el gran Ganondorf un poco más! ¡Jojojo!,HIGH,"Audited for item description, price, condition, choice logic. CERTIFIED."
0x6034,MAIN_GAME,Then we should brainwash her again! Hee hee hee!,¡Entonces deberíamos lavarle el cerebro de nuevo! ¡Jijijijij!,HIGH_RISK,NO,oot.o2r::text/nes_message_data_static,,,,Hint / Shop / Item gameplay text,Source code context & item / shop interaction,Checked against GLOSSARY_ES_419.csv,NONE,PASS,¡Entonces deberíamos lavarle el cerebro de nuevo! ¡Jijijijij!,HIGH,"Audited for item description, price, condition, choice logic. CERTIFIED."
0x6036,MAIN_GAME,If only I knew you would become  such a handsome man...I should have kept the promise I made back then...,Si solo hubiera sabido que te convertirías en un hombre tan guapo...debí haber mantenido la promesa que hice en aquel entonces...,HIGH_RISK,NO,oot.o2r::text/nes_message_data_static,,,,Hint / Shop / Item gameplay text,Source code context & item / shop interaction,Checked against GLOSSARY_ES_419.csv,NONE,PASS,Si solo hubiera sabido que te convertirías en un hombre tan guapo...debí haber mantenido la promesa que hice en aquel entonces...,HIGH,"Audited for item description, price, condition, choice logic. CERTIFIED."
0x603F,MAIN_GAME,"Hey, newcomer! This is our  horseback archery field. --- PAGE --- After a lot of hard practice and training, we finally have the skill to hit the bull's-eye while riding like the wind! --- PAGE --- When you finally learn how to ride a horse, you should come back and try it. It's a dangerous sport, but it's fun!","¡Ey, novato! Este es nuestro campo de tiro con arco a caballo. --- PAGE --- Después de mucha práctica y entrenamiento duro, ¡finalmente tenemos la habilidad de dar en el blanco mientras cabalgamos como el viento! --- PAGE --- Cuando finalmente aprendas a montar un caballo, deberías volver e intentarlo. ¡Es un deporte peligroso, pero divertido!",HIGH_RISK,NO,oot.o2r::text/nes_message_data_static,,,,Hint / Shop / Item gameplay text,Source code context & item / shop interaction,Checked against GLOSSARY_ES_419.csv,NONE,PASS,"¡Ey, novato! Este es nuestro campo de tiro con arco a caballo. --- PAGE --- Después de mucha práctica y entrenamiento duro, ¡finalmente tenemos la habilidad de dar en el blanco mientras cabalgamos como el viento! --- PAGE --- Cuando finalmente aprendas a montar un caballo, deberías volver e intentarlo. ¡Es un deporte peligroso, pero divertido!",HIGH,"Audited for item description, price, condition, choice logic. CERTIFIED."
0x6041,MAIN_GAME,Do you want to try for 20 Rupees?  [CHOICE:2]Yes No,¿Quieres intentarlo por 20 Rupias?  [CHOICE:2]Sí No,HIGH_RISK,NO,oot.o2r::text/nes_message_data_static,,,,Hint / Shop / Item gameplay text,Source code context & item / shop interaction,Checked against GLOSSARY_ES_419.csv,NONE,PASS,¿Quieres intentarlo por 20 Rupias?  [CHOICE:2]Sí No,HIGH,"Audited for item description, price, condition, choice logic. CERTIFIED."
0x6042,MAIN_GAME,"Hey, rookie! You're looking good! Show me your skill again! --- PAGE --- You should set a new goal of 1,500 points and try again!","¡Eh, novato! ¡Te ves bien! ¡Muéstrame tu habilidad otra vez! --- PAGE --- ¡Deberías ponerte una nueva meta de 1.500 puntos e intentarlo de nuevo!",HIGH_RISK,NO,oot.o2r::text/nes_message_data_static,,,,Hint / Shop / Item gameplay text,Source code context & item / shop interaction,Checked against GLOSSARY_ES_419.csv,NONE,PASS,"¡Eh, novato! ¡Te ves bien! ¡Muéstrame tu habilidad otra vez! --- PAGE --- ¡Deberías ponerte una nueva meta de 1.500 puntos e intentarlo de nuevo!",HIGH,"Audited for item description, price, condition, choice logic. CERTIFIED."
0x6050,MAIN_GAME,We're twins! Don't try to lie about your age!,¡Somos gemelas! No intentes mentir sobre tu edad.,HIGH_RISK,NO,oot.o2r::text/nes_message_data_static,,,,Hint / Shop / Item gameplay text,Source code context & item / shop interaction,Checked against GLOSSARY_ES_419.csv,NONE,PASS,¡Somos gemelas! No intentes mentir sobre tu edad.,HIGH,"Audited for item description, price, condition, choice logic. CERTIFIED."
0x606E,MAIN_GAME,"My Biggoron tool broke, so I was going to Goron City to get it repaired. --- PAGE --- Your coming here is great timing. Will you give me my saw? [CHOICE:2]Yes No","Mi herramienta Biggoron se rompió, así que iba a la Ciudad Goron a repararla. --- PAGE --- Que llegues es una coincidencia perfecta. ¿Me das mi sierra? [CHOICE:2]Sí No",HIGH_RISK,NO,oot.o2r::text/nes_message_data_static,,,,Hint / Shop / Item gameplay text,Source code context & item / shop interaction,Checked against GLOSSARY_ES_419.csv,NONE,PASS,"Mi herramienta Biggoron se rompió, así que iba a la Ciudad Goron a repararla. --- PAGE --- Que llegues es una coincidencia perfecta. ¿Me das mi sierra? [CHOICE:2]Sí No",HIGH,"Audited for item description, price, condition, choice logic. CERTIFIED."
0x6077,MAIN_GAME,"Well Come! --- PAGE --- I am selling stuff, strange and  rare, from all over the world to  everybody. Today's special is... --- PAGE --- A dangerous, running object!  Terrifying!  I won't tell you what it is until  I see the money.... --- PAGE --- How about 200 Rupees?  [CHOICE:2]Buy Don't buy","¡Bienvenido! --- PAGE --- vendo cosas, extrañas y raras, de todo el mundo para todos. La oferta de hoy es... --- PAGE --- ¡Un objeto peligroso y corredizo! ¡Terrorífico! No te diré qué es hasta que vea el dinero.... --- PAGE --- ¿Qué tal 200 Rupias?  [CHOICE:2]Comprar No comprar",HIGH_RISK,NO,oot.o2r::text/nes_message_data_static,,,,Hint / Shop / Item gameplay text,Source code context & item / shop interaction,Checked against GLOSSARY_ES_419.csv,NONE,PASS,"¡Bienvenido! --- PAGE --- vendo cosas, extrañas y raras, de todo el mundo para todos. La oferta de hoy es... --- PAGE --- ¡Un objeto peligroso y corredizo! ¡Terrorífico! No te diré qué es hasta que vea el dinero.... --- PAGE --- ¿Qué tal 200 Rupias?  [CHOICE:2]Comprar No comprar",HIGH,"Audited for item description, price, condition, choice logic. CERTIFIED."
0x607A,MAIN_GAME,"From now on, the future of all the people in Hyrule is on your  shoulders. --- PAGE --- Maybe it's not my time anymore.  Here is my last advice. --- PAGE --- Two witches inhabit this temple. In  order to destroy them, turn their  own magic power against them. Hoo hoot!","De ahora en adelante, el futuro de toda la gente de Hyrule está sobre tus hombros. --- PAGE --- Quizás ya no es mi momento. Aquí está mi último consejo. --- PAGE --- Dos brujas habitan este templo. Para destruirlas, usa su propio poder mágico en su contra. ¡Hoo hoot!",HIGH_RISK,NO,oot.o2r::text/nes_message_data_static,,,,Hint / Shop / Item gameplay text,Source code context & item / shop interaction,Checked against GLOSSARY_ES_419.csv,NONE,PASS,"De ahora en adelante, el futuro de toda la gente de Hyrule está sobre tus hombros. --- PAGE --- Quizás ya no es mi momento. Aquí está mi último consejo. --- PAGE --- Dos brujas habitan este templo. Para destruirlas, usa su propio poder mágico en su contra. ¡Hoo hoot!",HIGH,"Audited for item description, price, condition, choice logic. CERTIFIED."
0x607B,MAIN_GAME,Do you want to hear what I said again? [CHOICE:2]Yes No,¿Quieres escuchar lo que dije otra vez? [CHOICE:2]Sí No,HIGH_RISK,NO,oot.o2r::text/nes_message_data_static,,,,Hint / Shop / Item gameplay text,Source code context & item / shop interaction,Checked against GLOSSARY_ES_419.csv,NONE,PASS,¿Quieres escuchar lo que dije otra vez? [CHOICE:2]Sí No,HIGH,"Audited for item description, price, condition, choice logic. CERTIFIED."
0x607E,MAIN_GAME,The best time to go from here to  the bridge in the Lost Woods was .  That's my record. --- PAGE --- Will you challenge my record?  [CHOICE:2]Yes No,El mejor tiempo para ir de aquí al puente del Bosque Perdido fue . Ese es mi récord. --- PAGE --- ¿Desafiarás mi récord?  [CHOICE:2]Sí No,HIGH_RISK,NO,oot.o2r::text/nes_message_data_static,,,,Hint / Shop / Item gameplay text,Source code context & item / shop interaction,Checked against GLOSSARY_ES_419.csv,NONE,PASS,El mejor tiempo para ir de aquí al puente del Bosque Perdido fue . Ese es mi récord. --- PAGE --- ¿Desafiarás mi récord?  [CHOICE:2]Sí No,HIGH,"Audited for item description, price, condition, choice logic. CERTIFIED."
0x7003,MAIN_GAME,Kids shouldn't be wandering around town at nighttime! Stay indoors until morning!,¡Los chicos no deberían andar por la ciudad de noche! ¡Quédate dentro hasta la mañana!,HIGH_RISK,NO,oot.o2r::text/nes_message_data_static,,,,Hint / Shop / Item gameplay text,Source code context & item / shop interaction,Checked against GLOSSARY_ES_419.csv,NONE,PASS,¡Los chicos no deberían andar por la ciudad de noche! ¡Quédate dentro hasta la mañana!,HIGH,"Audited for item description, price, condition, choice logic. CERTIFIED."
0x701F,MAIN_GAME,Wha-ha-ha! What a crazy guy! --- PAGE --- Can you believe this guy was  crazy enough to try to sneak into the castle to see Princess Zelda?,¡Wha-ha-ha! ¡Qué tipo tan loco! --- PAGE --- ¿Puedes creer que este tipo estaba loco como para intentar colarse en el castillo para ver a la Princesa Zelda?,HIGH_RISK,NO,oot.o2r::text/nes_message_data_static,,,,Hint / Shop / Item gameplay text,Source code context & item / shop interaction,Checked against GLOSSARY_ES_419.csv,NONE,PASS,¡Wha-ha-ha! ¡Qué tipo tan loco! --- PAGE --- ¿Puedes creer que este tipo estaba loco como para intentar colarse en el castillo para ver a la Princesa Zelda?,HIGH,"Audited for item description, price, condition, choice logic. CERTIFIED."
0x7021,MAIN_GAME,I made a lot of money! --- PAGE --- Maybe I should go look for more things to sell!,¡Gané mucho dinero! --- PAGE --- ¡Tal vez debería ir a buscar más cosas que vender!,HIGH_RISK,NO,oot.o2r::text/nes_message_data_static,,,,Hint / Shop / Item gameplay text,Source code context & item / shop interaction,Checked against GLOSSARY_ES_419.csv,NONE,PASS,¡Gané mucho dinero! --- PAGE --- ¡Tal vez debería ir a buscar más cosas que vender!,HIGH,"Audited for item description, price, condition, choice logic. CERTIFIED."
0x7022,MAIN_GAME,I know! I should go to Lake Hylia! Many things float down the river and end up there! Hah hah!,¡Ya sé! ¡Debería ir al Lago Hylia! ¡Muchas cosas flotan por el río y terminan allí! ¡Hah hah!,HIGH_RISK,NO,oot.o2r::text/nes_message_data_static,,,,Hint / Shop / Item gameplay text,Source code context & item / shop interaction,Checked against GLOSSARY_ES_419.csv,NONE,PASS,¡Ya sé! ¡Debería ir al Lago Hylia! ¡Muchas cosas flotan por el río y terminan allí! ¡Hah hah!,HIGH,"Audited for item description, price, condition, choice logic. CERTIFIED."
0x7030,MAIN_GAME,Do you have it?   [CHOICE:2]Yes No,¿Lo tienes?  [CHOICE:2]Sí No,HIGH_RISK,NO,oot.o2r::text/nes_message_data_static,,,,Hint / Shop / Item gameplay text,Source code context & item / shop interaction,Checked against GLOSSARY_ES_419.csv,NONE,PASS,¿Lo tienes?  [CHOICE:2]Sí No,HIGH,"Audited for item description, price, condition, choice logic. CERTIFIED."
0x7033,MAIN_GAME,Please keep this a secret from everyone... [CHOICE:2]OK No,Por favor guarda esto en secreto de todos... [CHOICE:2]De acuerdo No,HIGH_RISK,NO,oot.o2r::text/nes_message_data_static,,,,Hint / Shop / Item gameplay text,Source code context & item / shop interaction,Checked against GLOSSARY_ES_419.csv,NONE,PASS,Por favor guarda esto en secreto de todos... [CHOICE:2]De acuerdo No,HIGH,"Audited for item description, price, condition, choice logic. CERTIFIED."
0x703A,MAIN_GAME,Please!  [CHOICE:2]OK I don't believe you.,¡Por favor!  [CHOICE:2]De acuerdo No te creo.,HIGH_RISK,NO,oot.o2r::text/nes_message_data_static,,,,Hint / Shop / Item gameplay text,Source code context & item / shop interaction,Checked against GLOSSARY_ES_419.csv,NONE,PASS,¡Por favor!  [CHOICE:2]De acuerdo No te creo.,HIGH,"Audited for item description, price, condition, choice logic. CERTIFIED."
0x704A,MAIN_GAME,I have a feeling something terrible is going to happen... Maybe I should leave town soon.,Tengo la sensación de que algo terrible va a pasar... Tal vez debería irme de la ciudad pronto.,HIGH_RISK,NO,oot.o2r::text/nes_message_data_static,,,,Hint / Shop / Item gameplay text,Source code context & item / shop interaction,Checked against GLOSSARY_ES_419.csv,NONE,PASS,Tengo la sensación de que algo terrible va a pasar... Tal vez debería irme de la ciudad pronto.,HIGH,"Audited for item description, price, condition, choice logic. CERTIFIED."
0x7051,MAIN_GAME,"The Master Sword is a sacred blade which evil ones may never touch.... --- PAGE --- Only one worthy of the title of ""Hero of Time"" can pull it from  the Pedestal of Time.... --- PAGE --- However, you were too young to  be the Hero of Time.... --- PAGE --- Therefore, your spirit was  sealed here for seven years. --- PAGE --- And now that you are old enough, the time has come for you to awaken as the Hero of Time! --- PAGE --- Well, do you understand your  destiny? [CHOICE:2]Yes No","La Espada Maestra es una hoja sagrada que los malvados nunca pueden tocar.... --- PAGE --- Solo quien sea digno del título de ""Héroe del Tiempo"" puede sacarla del Pedestal del Tiempo.... --- PAGE --- Sin embargo, eras demasiado joven para ser el Héroe del Tiempo.... --- PAGE --- Por lo tanto, tu espíritu fue sellado aquí durante siete años. --- PAGE --- ¡Y ahora que eres lo suficientemente mayor, ha llegado el momento de que despiertes como el Héroe del Tiempo! --- PAGE --- Bueno, ¿entiendes tu destino? [CHOICE:2]Sí No",HIGH_RISK,NO,oot.o2r::text/nes_message_data_static,,,,Hint / Shop / Item gameplay text,Source code context & item / shop interaction,Checked against GLOSSARY_ES_419.csv,NONE,PASS,"La Espada Maestra es una hoja sagrada que los malvados nunca pueden tocar.... --- PAGE --- Solo quien sea digno del título de ""Héroe del Tiempo"" puede sacarla del Pedestal del Tiempo.... --- PAGE --- Sin embargo, eras demasiado joven para ser el Héroe del Tiempo.... --- PAGE --- Por lo tanto, tu espíritu fue sellado aquí durante siete años. --- PAGE --- ¡Y ahora que eres lo suficientemente mayor, ha llegado el momento de que despiertes como el Héroe del Tiempo! --- PAGE --- Bueno, ¿entiendes tu destino? [CHOICE:2]Sí No",HIGH,"Audited for item description, price, condition, choice logic. CERTIFIED."
0x7072,MAIN_GAME,Give me 10 Rupees...  [CHOICE:2]Yes No,Dame 10 Rupias...  [CHOICE:2]Sí No,HIGH_RISK,NO,oot.o2r::text/nes_message_data_static,,,,Hint / Shop / Item gameplay text,Source code context & item / shop interaction,Checked against GLOSSARY_ES_419.csv,NONE,PASS,Dame 10 Rupias...  [CHOICE:2]Sí No,HIGH,"Audited for item description, price, condition, choice logic. CERTIFIED."
0x70A2,MAIN_GAME,Select a mask with left or right on [D-Pad]. [CHOICE:2]Talk to the shop owner. Don't borrow,Selecciona una máscara con izquierda o derecha en [D-Pad]. [CHOICE:2]Habla con el dueño de la tienda. No pedir prestado,HIGH_RISK,NO,oot.o2r::text/nes_message_data_static,,,,Hint / Shop / Item gameplay text,Source code context & item / shop interaction,Checked against GLOSSARY_ES_419.csv,NONE,PASS,Selecciona una máscara con izquierda o derecha en [D-Pad]. [CHOICE:2]Habla con el dueño de la tienda. No pedir prestado,HIGH,"Audited for item description, price, condition, choice logic. CERTIFIED."
0x70AD,MAIN_GAME,Choose a mask with left or right  on [D-Pad]. [CHOICE:2]Ask about Mask of Truth Don't borrow a mask,Elige una máscara con izquierda o derecha en [D-Pad]. [CHOICE:2]Pregunta sobre la Máscara de la Verdad No pedir prestada una máscara,HIGH_RISK,NO,oot.o2r::text/nes_message_data_static,,,,Hint / Shop / Item gameplay text,Source code context & item / shop interaction,Checked against GLOSSARY_ES_419.csv,NONE,PASS,Elige una máscara con izquierda o derecha en [D-Pad]. [CHOICE:2]Pregunta sobre la Máscara de la Verdad No pedir prestada una máscara,HIGH,"Audited for item description, price, condition, choice logic. CERTIFIED."
0x70BC,MAIN_GAME,Do you want to borrow the Skull  Mask? [CHOICE:2]Yes No,¿Quieres pedir prestada la Máscara de Cráneo? [CHOICE:2]Sí No,HIGH_RISK,NO,oot.o2r::text/nes_message_data_static,,,,Hint / Shop / Item gameplay text,Source code context & item / shop interaction,Checked against GLOSSARY_ES_419.csv,NONE,PASS,¿Quieres pedir prestada la Máscara de Cráneo? [CHOICE:2]Sí No,HIGH,"Audited for item description, price, condition, choice logic. CERTIFIED."
0x70BD,MAIN_GAME,Do you want to borrow the  Spooky Mask? [CHOICE:2]Yes No,¿Quieres pedir prestada la Máscara Tenebrosa? [CHOICE:2]Sí No,HIGH_RISK,NO,oot.o2r::text/nes_message_data_static,,,,Hint / Shop / Item gameplay text,Source code context & item / shop interaction,Checked against GLOSSARY_ES_419.csv,NONE,PASS,¿Quieres pedir prestada la Máscara Tenebrosa? [CHOICE:2]Sí No,HIGH,"Audited for item description, price, condition, choice logic. CERTIFIED."
0x70BE,MAIN_GAME,Do you want to borrow the  Keaton Mask? [CHOICE:2]Yes No,¿Quieres pedir prestada la Máscara de Keaton? [CHOICE:2]Sí No,HIGH_RISK,NO,oot.o2r::text/nes_message_data_static,,,,Hint / Shop / Item gameplay text,Source code context & item / shop interaction,Checked against GLOSSARY_ES_419.csv,NONE,PASS,¿Quieres pedir prestada la Máscara de Keaton? [CHOICE:2]Sí No,HIGH,"Audited for item description, price, condition, choice logic. CERTIFIED."
0x70BF,MAIN_GAME,Do you want to borrow the  Bunny Hood? [CHOICE:2]Yes No,¿Quieres pedir prestada la Capucha de Conejo? [CHOICE:2]Sí No,HIGH_RISK,NO,oot.o2r::text/nes_message_data_static,,,,Hint / Shop / Item gameplay text,Source code context & item / shop interaction,Checked against GLOSSARY_ES_419.csv,NONE,PASS,¿Quieres pedir prestada la Capucha de Conejo? [CHOICE:2]Sí No,HIGH,"Audited for item description, price, condition, choice logic. CERTIFIED."
0x70C0,MAIN_GAME,Do you want to borrow the  Goron Mask? [CHOICE:2]Yes No,¿Quieres pedir prestada la Máscara de Goron? [CHOICE:2]Sí No,HIGH_RISK,NO,oot.o2r::text/nes_message_data_static,,,,Hint / Shop / Item gameplay text,Source code context & item / shop interaction,Checked against GLOSSARY_ES_419.csv,NONE,PASS,¿Quieres pedir prestada la Máscara de Goron? [CHOICE:2]Sí No,HIGH,"Audited for item description, price, condition, choice logic. CERTIFIED."
0x70C1,MAIN_GAME,Do you want to borrow the  Zora Mask? [CHOICE:2]Yes No,¿Quieres pedir prestada la Máscara de Zora? [CHOICE:2]Sí No,HIGH_RISK,NO,oot.o2r::text/nes_message_data_static,,,,Hint / Shop / Item gameplay text,Source code context & item / shop interaction,Checked against GLOSSARY_ES_419.csv,NONE,PASS,¿Quieres pedir prestada la Máscara de Zora? [CHOICE:2]Sí No,HIGH,"Audited for item description, price, condition, choice logic. CERTIFIED."
0x70C2,MAIN_GAME,Do you want to borrow the  Gerudo Mask? [CHOICE:2]Yes No,¿Quieres pedir prestada la Máscara de Gerudo? [CHOICE:2]Sí No,HIGH_RISK,NO,oot.o2r::text/nes_message_data_static,,,,Hint / Shop / Item gameplay text,Source code context & item / shop interaction,Checked against GLOSSARY_ES_419.csv,NONE,PASS,¿Quieres pedir prestada la Máscara de Gerudo? [CHOICE:2]Sí No,HIGH,"Audited for item description, price, condition, choice logic. CERTIFIED."
0x70C3,MAIN_GAME,Do you want to borrow the  Mask of Truth? [CHOICE:2]Yes No,¿Quieres pedir prestada la Máscara de la Verdad? [CHOICE:2]Sí No,HIGH_RISK,NO,oot.o2r::text/nes_message_data_static,,,,Hint / Shop / Item gameplay text,Source code context & item / shop interaction,Checked against GLOSSARY_ES_419.csv,NONE,PASS,¿Quieres pedir prestada la Máscara de la Verdad? [CHOICE:2]Sí No,HIGH,"Audited for item description, price, condition, choice logic. CERTIFIED."
0x70C7,MAIN_GAME,"Oh! You haven't sold the mask yet. Just have faith for a  little while longer. --- PAGE --- Or, do you want to trade it for another mask? [CHOICE:2]Yes No",¡Oh! Aún no has vendido la máscara. Solo ten fe por un poco más. --- PAGE --- ¿O quieres intercambiarla por otra máscara? [CHOICE:2]Sí No,HIGH_RISK,NO,oot.o2r::text/nes_message_data_static,,,,Hint / Shop / Item gameplay text,Source code context & item / shop interaction,Checked against GLOSSARY_ES_419.csv,NONE,PASS,¡Oh! Aún no has vendido la máscara. Solo ten fe por un poco más. --- PAGE --- ¿O quieres intercambiarla por otra máscara? [CHOICE:2]Sí No,HIGH,"Audited for item description, price, condition, choice logic. CERTIFIED."
0x7128,MAIN_GAME,"EEEEEEAAAAH! Whoops, I shouldn't scream like that or the boss will yell at me!","¡¡¡EEEEEEAAAAH!!! Ups, ¡no debería gritar así o el jefe me va a regañar!",HIGH_RISK,NO,oot.o2r::text/nes_message_data_static,,,,Hint / Shop / Item gameplay text,Source code context & item / shop interaction,Checked against GLOSSARY_ES_419.csv,NONE,PASS,"¡¡¡EEEEEEAAAAH!!! Ups, ¡no debería gritar así o el jefe me va a regañar!",HIGH,"Audited for item description, price, condition, choice logic. CERTIFIED."
0x7140,MAIN_GAME,"You idiot!  When you talk to someone, you should make eye contact!","¡Tonto! Cuando hablas con alguien, debes hacer contacto visual.",HIGH_RISK,NO,oot.o2r::text/nes_message_data_static,,,,Hint / Shop / Item gameplay text,Source code context & item / shop interaction,Checked against GLOSSARY_ES_419.csv,NONE,PASS,"¡Tonto! Cuando hablas con alguien, debes hacer contacto visual.",HIGH,"Audited for item description, price, condition, choice logic. CERTIFIED."
0x7141,MAIN_GAME,"You idiot! When you talk to someone, you shouldn't stare!","¡Idiota! Cuando hablas con alguien, ¡no debes ficarte!",HIGH_RISK,NO,oot.o2r::text/nes_message_data_static,,,,Hint / Shop / Item gameplay text,Source code context & item / shop interaction,Checked against GLOSSARY_ES_419.csv,NONE,PASS,"¡Idiota! Cuando hablas con alguien, ¡no debes ficarte!",HIGH,"Audited for item description, price, condition, choice logic. CERTIFIED."
0x7142,MAIN_GAME,"You idiot! When you talk to someone, you should take off your mask!","¡Idiota! Cuando hablas con alguien, ¡deberías quitarte la máscara!",HIGH_RISK,NO,oot.o2r::text/nes_message_data_static,,,,Hint / Shop / Item gameplay text,Source code context & item / shop interaction,Checked against GLOSSARY_ES_419.csv,NONE,PASS,"¡Idiota! Cuando hablas con alguien, ¡deberías quitarte la máscara!",HIGH,"Audited for item description, price, condition, choice logic. CERTIFIED."
0x7197,MAIN_GAME,"You shouldn't be so picky about what you eat! Do you eat all your green rocks? If you don't, you  won't grow up big and strong!","¡No deberías ser tan exigente con lo que comes! ¿Comes todas tus rocas verdes? Si no lo haces, ¡no crecerás grande y fuerte!",HIGH_RISK,NO,oot.o2r::text/nes_message_data_static,,,,Hint / Shop / Item gameplay text,Source code context & item / shop interaction,Checked against GLOSSARY_ES_419.csv,NONE,PASS,"¡No deberías ser tan exigente con lo que comes! ¿Comes todas tus rocas verdes? Si no lo haces, ¡no crecerás grande y fuerte!",HIGH,"Audited for item description, price, condition, choice logic. CERTIFIED."
0x7053,MAIN_GAME,"But, remember... --- PAGE --- Though you opened the Door of  Time in the name of peace... --- PAGE --- Ganondorf, the Gerudo King of Thieves, used it to enter this  forbidden Sacred Realm! --- PAGE --- He obtained the Triforce from the Temple of Light, and with its  power, he became the King of Evil... --- PAGE --- His evil power radiated from the temples of Hyrule, and in seven short years, it transformed Hyrule into a world of monsters. --- PAGE --- My power now has only little  influence, even in this Sacred Realm... --- PAGE --- Namely, this Chamber of Sages. --- PAGE --- But there is still hope... --- PAGE --- The power of the Sages remains. --- PAGE --- When the power of all the Sages is awakened... --- PAGE --- The Sages' Seals will contain all the evil power in the void of  the Realm... --- PAGE --- I, Rauru, am one of the Sages... And... --- PAGE --- Your power to fight together with the Sages makes you the  Hero of Time! --- PAGE --- The Hero of Time, chosen by the Master Sword! --- PAGE --- Keep my spirit with you... And, find the power of the other Sages and add their might to your own!","Pero, recuerda... --- PAGE --- Aunque abriste la Puerta del Tiempo en nombre de la paz... --- PAGE --- Ganondorf, el Rey Gerudo de Los Ladrones, la usó para entrar en este prohibido Reino Sagrado! --- PAGE --- Obtuvo el Trifuerza del Templo de la Luz, y con su poder, se convirtió en el Rey del Mal... --- PAGE --- Su poder maligno irradió desde los templos de Hyrule, y en solo siete años, transformó Hyrule en un mundo de monstruos. --- PAGE --- Mi poder ahora tiene solo poca influencia, incluso en este Reino Sagrado... --- PAGE --- Es decir, esta Cámara de Sabios. --- PAGE --- Pero aún hay esperanza... --- PAGE --- El poder de los Sabios permanece. --- PAGE --- Cuando el poder de todos los Sabios despierte... --- PAGE --- ¡Los Sellos de los Sabios contendrán todo el poder maligno en el vacío del Reino... --- PAGE --- Yo, Rauru, soy uno de los Sabios... Y... --- PAGE --- ¡Tu poder para luchar junto con los Sabios te convierte en el Héroe del Tiempo! --- PAGE --- ¡El Héroe del Tiempo, elegido por la Espada Maestra! --- PAGE --- ¡Guarda mi espíritu contigo... Y, encuentra el poder de los otros Sabios y añade su fuerza a la tuya!",HIGH_RISK,NO,oot.o2r::text/nes_message_data_static,,,,NPC_DIALOGUE message,Source code context & item / shop interaction,Checked against GLOSSARY_ES_419.csv,NONE,PASS,"Pero, recuerda... --- PAGE --- Aunque abriste la Puerta del Tiempo en nombre de la paz... --- PAGE --- Ganondorf, el Rey Gerudo de Los Ladrones, la usó para entrar en este prohibido Reino Sagrado! --- PAGE --- Obtuvo el Trifuerza del Templo de la Luz, y con su poder, se convirtió en el Rey del Mal... --- PAGE --- Su poder maligno irradió desde los templos de Hyrule, y en solo siete años, transformó Hyrule en un mundo de monstruos. --- PAGE --- Mi poder ahora tiene solo poca influencia, incluso en este Reino Sagrado... --- PAGE --- Es decir, esta Cámara de Sabios. --- PAGE --- Pero aún hay esperanza... --- PAGE --- El poder de los Sabios permanece. --- PAGE --- Cuando el poder de todos los Sabios despierte... --- PAGE --- ¡Los Sellos de los Sabios contendrán todo el poder maligno en el vacío del Reino... --- PAGE --- Yo, Rauru, soy uno de los Sabios... Y... --- PAGE --- ¡Tu poder para luchar junto con los Sabios te convierte en el Héroe del Tiempo! --- PAGE --- ¡El Héroe del Tiempo, elegido por la Espada Maestra! --- PAGE --- ¡Guarda mi espíritu contigo... Y, encuentra el poder de los otros Sabios y añade su fuerza a la tuya!",HIGH,"Audited for item description, price, condition, choice logic. CERTIFIED."
0x301C,MAIN_GAME,"Heeey!! What a nice tune! --- PAGE --- Just like that, my depression is all gone! Something just came  over me! I suddenly wanted to dance like crazy! --- PAGE --- I am Darunia! --- PAGE --- I'm the big boss of the Gorons! Was there something you wanted  to ask me about? --- PAGE --- What? --- PAGE --- You want the Spiritual Stone of Fire, too? --- PAGE --- The Spiritual Stone of Fire, also known as the Goron's Ruby, is our race's hidden treasure.... --- PAGE --- But hold on--I'm not going to give it to you that easily. If you want it so badly... --- PAGE --- Why don't you go destroy the  monsters inside of the Dodongo's  Cavern and prove you're a real man? --- PAGE --- That way, everybody will be  happy again! If you do it, I  will give you anything you want, even the Spiritual Stone! --- PAGE --- I have something for you. I'm not really giving you this in return for anything, but take it anyway. --- PAGE --- If you wear this, even a little  fella like you can pick a Bomb  Flower using [A].","¡¡Heeey!! ¡Qué buena melodía! --- PAGE --- ¡Con solo eso, mi depresión ha desaparecido! ¡Algo me invadió! ¡De repente quería bailar como loco! --- PAGE --- ¡Soy Darunia! --- PAGE --- ¡Soy el gran jefe de los Gorons! ¿Había algo que quisieras preguntarme? --- PAGE --- ¿Qué? --- PAGE --- ¿También quieres la Piedra Espiritual de Fuego? --- PAGE --- La Piedra Espiritual de Fuego, también conocida como el Rubí de los Gorons, es el tesoro oculto de nuestra raza... --- PAGE --- Pero espera... no voy a darte así de fácil. Si la quieres tanto... --- PAGE --- ¿Por qué no vas a destruir a los monstruos dentro de la Cueva de Dodongo y demuestras que eres un hombre de verdad? --- PAGE --- ¡Así todos estarán contentos de nuevo! Si lo haces, te daré lo que quieras, ¡incluso la Piedra Espiritual! --- PAGE --- Tengo algo para ti. No te do esto realmente como recompensa, pero tómalo de todas formas. --- PAGE --- Si llevas esto, incluso un pequeño mocoso como tú puede recoger una Flor Bomba usando [A].",HIGH_RISK,NO,oot.o2r::text/nes_message_data_static,,,,NPC_DIALOGUE message,Source code context & item / shop interaction,Checked against GLOSSARY_ES_419.csv,NONE,PASS,"¡¡Heeey!! ¡Qué buena melodía! --- PAGE --- ¡Con solo eso, mi depresión ha desaparecido! ¡Algo me invadió! ¡De repente quería bailar como loco! --- PAGE --- ¡Soy Darunia! --- PAGE --- ¡Soy el gran jefe de los Gorons! ¿Había algo que quisieras preguntarme? --- PAGE --- ¿Qué? --- PAGE --- ¿También quieres la Piedra Espiritual de Fuego? --- PAGE --- La Piedra Espiritual de Fuego, también conocida como el Rubí de los Gorons, es el tesoro oculto de nuestra raza... --- PAGE --- Pero espera... no voy a darte así de fácil. Si la quieres tanto... --- PAGE --- ¿Por qué no vas a destruir a los monstruos dentro de la Cueva de Dodongo y demuestras que eres un hombre de verdad? --- PAGE --- ¡Así todos estarán contentos de nuevo! Si lo haces, te daré lo que quieras, ¡incluso la Piedra Espiritual! --- PAGE --- Tengo algo para ti. No te do esto realmente como recompensa, pero tómalo de todas formas. --- PAGE --- Si llevas esto, incluso un pequeño mocoso como tú puede recoger una Flor Bomba usando [A].",HIGH,"Audited for item description, price, condition, choice logic. CERTIFIED."
0x705C,MAIN_GAME,"If you would seek the sacred triangle, listen well...The resting place of the sacred triangle, the Sacred Realm, is a mirror that reflects what is in the heart...the heart of one who enters it... If an evil heart, the Realm will become full of evil; if pure, the Realm will become a paradise.The Triforce...the sacred triangle... it is a balance that weighs the three forces: Power, Wisdom and Courage.If the heart of the one who holds the sacred triangle has all three forces in balance, that one will gain the True Force to govern all.But, if that one's heart is not in balance, the Triforce will separate into three parts: Power, Wisdom and Courage.Only one part will remain for the one who touched the Triforce...the part representing the force that one most believes in.If that one seeks the True Force, that one must acquire the two lost parts.Those two parts will be held within others chosen by destiny, who will bear the Triforce mark on the backs of their hands.","Si buscas el sagrado triángulo, escucha bien...El lugar de descanso del sagrado triángulo, el Reino Sagrado, es un espejo que refleja lo que está en el corazón... el corazón de quien entra... Si es un corazón malvado, el Reino se llenerá de mal; si es puro, el Reino se convertirá en un paraíso.El Trifuerza... el sagrado triángulo... es un balance que pesa las tres fuerzas: Poder, Sabiduría y Corazón.Si el corazón de quien posee el sagrado triángulo tiene las tres fuerzas en equilibrio, esa persona ganará la Fuerza Verdadera para gobernar todo.Pero, si el corazón de esa persona no está en equilibrio, el Trifuerza se separará en tres partes: Poder, Sabiduría y Corazón.Solo una parte permanecerá para quien tocó el Trifuerza... la parte que representa la fuerza que esa persona más cree.Si esa persona busca la Fuerza Verdadera, debe adquirir las dos partes perdidas.Esas dos partes serán mantenidas dentro de otros elegidos por el destino, que llevarán la marca del Trifuerza en el dorso de sus manos.",HIGH_RISK,NO,oot.o2r::text/nes_message_data_static,,,,NPC_DIALOGUE message,Source code context & item / shop interaction,Checked against GLOSSARY_ES_419.csv,NONE,PASS,"Si buscas el sagrado triángulo, escucha bien...El lugar de descanso del sagrado triángulo, el Reino Sagrado, es un espejo que refleja lo que está en el corazón... el corazón de quien entra... Si es un corazón malvado, el Reino se llenerá de mal; si es puro, el Reino se convertirá en un paraíso.El Trifuerza... el sagrado triángulo... es un balance que pesa las tres fuerzas: Poder, Sabiduría y Corazón.Si el corazón de quien posee el sagrado triángulo tiene las tres fuerzas en equilibrio, esa persona ganará la Fuerza Verdadera para gobernar todo.Pero, si el corazón de esa persona no está en equilibrio, el Trifuerza se separará en tres partes: Poder, Sabiduría y Corazón.Solo una parte permanecerá para quien tocó el Trifuerza... la parte que representa la fuerza que esa persona más cree.Si esa persona busca la Fuerza Verdadera, debe adquirir las dos partes perdidas.Esas dos partes serán mantenidas dentro de otros elegidos por el destino, que llevarán la marca del Trifuerza en el dorso de sus manos.",HIGH,"Audited for item description, price, condition, choice logic. CERTIFIED."
0x109A,MAIN_GAME,"Oh, Navi the fairy... Listen to my words, the words of  the Deku Tree... --- PAGE --- Dost thou sense it? The climate of evil descending  upon this realm... --- PAGE --- Malevolent forces even now are mustering to attack our land of Hyrule... --- PAGE --- For so long, the Kokiri Forest, the source of life, has stood as a  barrier, deterring outsiders and  maintaining the order of the world... --- PAGE --- But...before this tremendous evil power, even my power is as  nothing... --- PAGE --- It seems the time has come for  the boy without a fairy to begin  his journey... --- PAGE --- The youth whose destiny it is to lead Hyrule to the path of  justice and truth... --- PAGE --- Navi...go now! Find our young friend and guide him to me... --- PAGE --- I do not have much time left. --- PAGE --- Fly, Navi, fly! The fate of the forest, nay, the world, depends upon thee!","Oh, Navi el hada... Escucha mis palabras, las palabras del Árbol Deku... --- PAGE --- ¿Lo sientes? El clima de malicia descendiendo sobre este reino... --- PAGE --- Fuerzas malévolas incluso ahora se están reuniendo para atacar nuestra tierra de Hyrule... --- PAGE --- Por tanto tiempo, el Bosque Kokiri, la fuente de la vida, ha permanecido como una barrera, disuadiendo a los extraños y manteniendo el orden del mundo... --- PAGE --- Pero... ante este tremendo poder malvado, incluso mi poder es como nada... --- PAGE --- Parece que el tiempo ha llegado para que el chico sin hada comience su viaje... --- PAGE --- ¡El joven cuyo destino es llevar a Hyrule por el camino ¡de la justicia y la verdad! --- PAGE --- ¡Navi... ve ahora! Encuentra a nuestro joven amigo y guíaselo... --- PAGE --- No me queda mucho tiempo. --- PAGE --- Vuela, Navi, ¡vuela! El destino del bosque, no, del mundo, depende de ti.",HIGH_RISK,NO,oot.o2r::text/nes_message_data_static,,,,NPC_DIALOGUE message,Source code context & item / shop interaction,Checked against GLOSSARY_ES_419.csv,NONE,PASS,"Oh, Navi el hada... Escucha mis palabras, las palabras del Árbol Deku... --- PAGE --- ¿Lo sientes? El clima de malicia descendiendo sobre este reino... --- PAGE --- Fuerzas malévolas incluso ahora se están reuniendo para atacar nuestra tierra de Hyrule... --- PAGE --- Por tanto tiempo, el Bosque Kokiri, la fuente de la vida, ha permanecido como una barrera, disuadiendo a los extraños y manteniendo el orden del mundo... --- PAGE --- Pero... ante este tremendo poder malvado, incluso mi poder es como nada... --- PAGE --- Parece que el tiempo ha llegado para que el chico sin hada comience su viaje... --- PAGE --- ¡El joven cuyo destino es llevar a Hyrule por el camino ¡de la justicia y la verdad! --- PAGE --- ¡Navi... ve ahora! Encuentra a nuestro joven amigo y guíaselo... --- PAGE --- No me queda mucho tiempo. --- PAGE --- Vuela, Navi, ¡vuela! El destino del bosque, no, del mundo, depende de ti.",HIGH,"Audited for item description, price, condition, choice logic. CERTIFIED."
0x6004,MAIN_GAME,"I've seen your fine work. To get  past the guards here, you must  have good thieving skills. --- PAGE --- I used to think that all men,  besides the great Ganondorf, were  useless...but now that I've seen you, I don't think so anymore! --- PAGE --- The exalted Nabooru, our leader,  put me in charge of this fortress. --- PAGE --- Nabooru is the second-in-command to the great Ganondorf, King of  the Gerudo Thieves. --- PAGE --- Her headquarters are in the Spirit Temple, which is at the end of the desert. --- PAGE --- Say, you must want to become  one of us, eh? All right, then! You're in from now on! --- PAGE --- Take this. With it, you will have free access to all areas of the fortress!","He visto tu excelente trabajo. Para pasar a los guardias de aquí, debes tener buenas habilidades de robo. --- PAGE --- Antes pensaba que todos los hombres, a parte del gran Ganondorf, eran inútiles... ¡pero ahora que te he visto, ya no lo pienso! --- PAGE --- La excelsa Nabooru, nuestra líder, me puso a cargo de esta fortaleza. --- PAGE --- Nabooru es la segunda al mando del gran Ganondorf, Rey de los Ladrones Gerudo. --- PAGE --- Su cuartel general está en el Templo del Espíritu, que está al final del deserto. --- PAGE --- Dime, quieres convertirte en uno de nosotros, ¿eh? ¡Está bien, entonces! ¡A partir de ahora eres uno de nosotros! --- PAGE --- Toma esto. Con él, tendrás acceso libre a todas las áreas de la fortaleza!",HIGH_RISK,NO,oot.o2r::text/nes_message_data_static,,,,NPC_DIALOGUE message,Source code context & item / shop interaction,Checked against GLOSSARY_ES_419.csv,NONE,PASS,"He visto tu excelente trabajo. Para pasar a los guardias de aquí, debes tener buenas habilidades de robo. --- PAGE --- Antes pensaba que todos los hombres, a parte del gran Ganondorf, eran inútiles... ¡pero ahora que te he visto, ya no lo pienso! --- PAGE --- La excelsa Nabooru, nuestra líder, me puso a cargo de esta fortaleza. --- PAGE --- Nabooru es la segunda al mando del gran Ganondorf, Rey de los Ladrones Gerudo. --- PAGE --- Su cuartel general está en el Templo del Espíritu, que está al final del deserto. --- PAGE --- Dime, quieres convertirte en uno de nosotros, ¿eh? ¡Está bien, entonces! ¡A partir de ahora eres uno de nosotros! --- PAGE --- Toma esto. Con él, tendrás acceso libre a todas las áreas de la fortaleza!",HIGH,"Audited for item description, price, condition, choice logic. CERTIFIED."
0x1029,MAIN_GAME,"Thou must never allow the desert  man in black armor to lay his  hands on the sacred Triforce... --- PAGE --- Thou must never suffer that man, with his evil heart, to enter the  Sacred Realm of legend... --- PAGE --- That evil man who cast the death  curse upon me and sapped my  power... --- PAGE --- Because of that curse, my end is nigh... --- PAGE --- Though your valiant efforts to  break the curse were successful,  I was doomed before you started... --- PAGE --- Yes, I will pass away soon... But do not grieve for me... --- PAGE --- I have been able to tell you of  these important matters... --- PAGE --- This is Hyrule's final hope...","Nunca debes permitir que el hombre del desierto con armadura negra ponga sus manos sobre la sagrada Trifuerza... --- PAGE --- Nunca debes permitir que ese hombre, con su corazón malvado, entre al Reino Sagrado de la leyenda... --- PAGE --- Ese hombre malvado que lanzó la maldición de la muerte sobre mí y drenó mi poder... --- PAGE --- Por esa maldición, mi final está cerca... --- PAGE --- Aunque tus esfuerzos valientes por romper la maldición tuvieron éxito, estaba condenado antes de que empezaras... --- PAGE --- Sí, pronto me iré... Pero no llores por mí... --- PAGE --- He podido contarte estos asuntos importantes... --- PAGE --- Esta es la última esperanza de Hyrule...",HIGH_RISK,NO,oot.o2r::text/nes_message_data_static,,,,NPC_DIALOGUE message,Source code context & item / shop interaction,Checked against GLOSSARY_ES_419.csv,NONE,PASS,"Nunca debes permitir que el hombre del desierto con armadura negra ponga sus manos sobre la sagrada Trifuerza... --- PAGE --- Nunca debes permitir que ese hombre, con su corazón malvado, entre al Reino Sagrado de la leyenda... --- PAGE --- Ese hombre malvado que lanzó la maldición de la muerte sobre mí y drenó mi poder... --- PAGE --- Por esa maldición, mi final está cerca... --- PAGE --- Aunque tus esfuerzos valientes por romper la maldición tuvieron éxito, estaba condenado antes de que empezaras... --- PAGE --- Sí, pronto me iré... Pero no llores por mí... --- PAGE --- He podido contarte estos asuntos importantes... --- PAGE --- Esta es la última esperanza de Hyrule...",HIGH,"Audited for item description, price, condition, choice logic. CERTIFIED."
0x5012,MAIN_GAME,"GYAAAAH! I'M DEAD AGAIN! What? You again? --- PAGE --- Somehow, you remind me of... Princess Zelda... --- PAGE --- Hmm... Since you may have some connection with the Royal Family, I will tell you a little more of our tale. --- PAGE --- Back then, people called us great composers because of the many  musical masterpieces we wrote. --- PAGE --- But we brothers were not just  composers. --- PAGE --- We had a mission to analyze the mysterious powers of Hyrule's Royal Family. --- PAGE --- Our names would be a part of  Hyrule's history if we could  complete our research! --- PAGE --- We kept our study extremely  secret until we completed it.","¡GYAAAAH! ¡OTRA VEZ ESTOY MUERTO! ¿Qué? ¿Tú otra vez? --- PAGE --- De alguna manera, me recuerdas a... la Princesa Zelda... --- PAGE --- Hmm... Como puede que tengas alguna conexión con la Familia Real, te contaré un poco más de nuestra historia. --- PAGE --- En aquel entonces, la gente nos llamaba grandes compositores por las muchas obras maestras musicales que escribimos. --- PAGE --- Pero nosotros, los hermanos, no éramos solo compositores. --- PAGE --- Teníamos la misión de analizar los poderes misteriosos de la Familia Real de Hyrule. --- PAGE --- ¡Nuestros nombres serían parte de la historia de Hyrule si pudiéramos completar nuestra investigación! --- PAGE --- Mantuvimos nuestro estudio extremadamente secreto hasta que lo completamos.",HIGH_RISK,NO,oot.o2r::text/nes_message_data_static,,,,NPC_DIALOGUE message,Source code context & item / shop interaction,Checked against GLOSSARY_ES_419.csv,NONE,PASS,"¡GYAAAAH! ¡OTRA VEZ ESTOY MUERTO! ¿Qué? ¿Tú otra vez? --- PAGE --- De alguna manera, me recuerdas a... la Princesa Zelda... --- PAGE --- Hmm... Como puede que tengas alguna conexión con la Familia Real, te contaré un poco más de nuestra historia. --- PAGE --- En aquel entonces, la gente nos llamaba grandes compositores por las muchas obras maestras musicales que escribimos. --- PAGE --- Pero nosotros, los hermanos, no éramos solo compositores. --- PAGE --- Teníamos la misión de analizar los poderes misteriosos de la Familia Real de Hyrule. --- PAGE --- ¡Nuestros nombres serían parte de la historia de Hyrule si pudiéramos completar nuestra investigación! --- PAGE --- Mantuvimos nuestro estudio extremadamente secreto hasta que lo completamos.",HIGH,"Audited for item description, price, condition, choice logic. CERTIFIED."
0x505B,MAIN_GAME,"Hey! Young man! A grown boy like you entering a person's house without permission?! I want to talk to your parents! --- PAGE --- Oh well. --- PAGE --- This isn't my house anyway. This is the great Impa's house! --- PAGE --- The great Impa has gone to the graveyard to seal up the  humongous creature there. --- PAGE --- Since Ganondorf appeared, many  monsters have been sighted  around here. --- PAGE --- Only the great Impa has kept  peace in our village. You have to remember that, young man! --- PAGE --- Oh well. --- PAGE --- Speaking of the great Impa, she hasn't come back yet. I wonder  what happened to her?","¡Oye! ¡Joven! Un chico adulto como tú entrando a la casa de una persona sin permiso. ¡Quiero hablar con tus padres! --- PAGE --- Vaya. --- PAGE --- De todas formas, esta no es mi casa. ¡Es la casa de la gran Impa! --- PAGE --- La gran Impa fue al cementerio para sellar a la criatura gigante de allí. --- PAGE --- Desde que apareció Ganondorf, se han visto muchos monstruos por aquí. --- PAGE --- Solo la gran Impa ha mantenido la paz en nuestro pueblo. ¡Tienes que recordar eso, joven! --- PAGE --- Vaya. --- PAGE --- Hablando de la gran Impa, aún no ha vuelto. Me pregunto qué le habrá pasado.",HIGH_RISK,NO,oot.o2r::text/nes_message_data_static,,,,NPC_DIALOGUE message,Source code context & item / shop interaction,Checked against GLOSSARY_ES_419.csv,NONE,PASS,"¡Oye! ¡Joven! Un chico adulto como tú entrando a la casa de una persona sin permiso. ¡Quiero hablar con tus padres! --- PAGE --- Vaya. --- PAGE --- De todas formas, esta no es mi casa. ¡Es la casa de la gran Impa! --- PAGE --- La gran Impa fue al cementerio para sellar a la criatura gigante de allí. --- PAGE --- Desde que apareció Ganondorf, se han visto muchos monstruos por aquí. --- PAGE --- Solo la gran Impa ha mantenido la paz en nuestro pueblo. ¡Tienes que recordar eso, joven! --- PAGE --- Vaya. --- PAGE --- Hablando de la gran Impa, aún no ha vuelto. Me pregunto qué le habrá pasado.",HIGH,"Audited for item description, price, condition, choice logic. CERTIFIED."
0x503E,MAIN_GAME,"I bred a new type of miniature  Cucco! I call it the Pocket  Cucco! I don't get goose bumps from this baby. --- PAGE --- Cuccos are very good at  getting lazy, late-risers out of bed. Haven't you heard of them  before? --- PAGE --- It makes them very happy to crow: CUCCKOOOO! especially when it wakes up a  very heavy sleeper! --- PAGE --- However, my Cucco is not entirely happy right now... --- PAGE --- You...,  You look like you're good at  handling Cuccos. --- PAGE --- Here, take this egg. After the Cucco hatches, bring it  back to me after a while, and I'll  check out its mood.","Críe un nuevo tipo de Cucco en miniatura. Lo llamo el Cucco de Bolsillo. No me da carne de gallina con este pequeño. --- PAGE --- Los Cuccos son muy buenos para sacar de la cama a los holgazanes y dormilones. ¿No has oído hablar de ellos antes? --- PAGE --- Les hace muy felices cacarear: ¡CUCKOOO! especialmente cuando despiertan a un dormilón muy pesado. --- PAGE --- Sin embargo, mi Cucco no está completamente feliz ahora mismo... --- PAGE --- Tú... Parece que eres bueno para manejar Cuccos. --- PAGE --- Toma, lleva este huevo. Después de que el Cucco eclosione, tráemelo de vuelta después de un rato y revisaré su estado de ánimo.",HIGH_RISK,NO,oot.o2r::text/nes_message_data_static,,,,NPC_DIALOGUE message,Source code context & item / shop interaction,Checked against GLOSSARY_ES_419.csv,NONE,PASS,"Críe un nuevo tipo de Cucco en miniatura. Lo llamo el Cucco de Bolsillo. No me da carne de gallina con este pequeño. --- PAGE --- Los Cuccos son muy buenos para sacar de la cama a los holgazanes y dormilones. ¿No has oído hablar de ellos antes? --- PAGE --- Les hace muy felices cacarear: ¡CUCKOOO! especialmente cuando despiertan a un dormilón muy pesado. --- PAGE --- Sin embargo, mi Cucco no está completamente feliz ahora mismo... --- PAGE --- Tú... Parece que eres bueno para manejar Cuccos. --- PAGE --- Toma, lleva este huevo. Después de que el Cucco eclosione, tráemelo de vuelta después de un rato y revisaré su estado de ánimo.",HIGH,"Audited for item description, price, condition, choice logic. CERTIFIED."
0x1065,MAIN_GAME,"Some time ago, before the King of Hyrule unified this country, there was a fierce war in our world.One day, to escape from the fires of the war, a Hylian mother and  her baby boy entered this  forbidden forest.The mother was gravely injured... Her only choice was to entrust the child to the Deku Tree, the  guardian spirit of the forest.The Deku Tree could sense that this was a child of destiny, whose fate would affect the entire world, so he took him into the forest.After the mother passed away,  the baby was raised as a Kokiri. And now, finally, the day of  destiny has come!","Hace tiempo, antes de que el Rey de Hyrule unificara este país, hubo una feroz guerra en nuestro mundo.Un día, para escapar de los incendios de la guerra, una madre Hyliana y su bebé varón entraron a este bosque prohibido.La madre estaba gravemente herida... Su única opción era confiar al niño al Árbol Deku, el espíritu guardián del bosque.El Árbol Deku pudo sentir que era un niño de destino, cuyo destino afectaría al mundo entero, así que lo llevó al bosque.Después de que la madre murió, el bebé fue criado como un Kokiri. ¡Y ahora, finalmente, ¡el día del destino ha llegado!",HIGH_RISK,NO,oot.o2r::text/nes_message_data_static,,,,NPC_DIALOGUE message,Source code context & item / shop interaction,Checked against GLOSSARY_ES_419.csv,NONE,PASS,"Hace tiempo, antes de que el Rey de Hyrule unificara este país, hubo una feroz guerra en nuestro mundo.Un día, para escapar de los incendios de la guerra, una madre Hyliana y su bebé varón entraron a este bosque prohibido.La madre estaba gravemente herida... Su única opción era confiar al niño al Árbol Deku, el espíritu guardián del bosque.El Árbol Deku pudo sentir que era un niño de destino, cuyo destino afectaría al mundo entero, así que lo llevó al bosque.Después de que la madre murió, el bebé fue criado como un Kokiri. ¡Y ahora, finalmente, ¡el día del destino ha llegado!",HIGH,"Audited for item description, price, condition, choice logic. CERTIFIED."
0x7007,MAIN_GAME,"Unnngh...are you the boy from  the forest...? --- PAGE --- I-I-I've finally met you... I-I-I have something to t-t-tell you... --- PAGE --- Ganondorf, the Gerudo King of Thieves, betrayed our King... --- PAGE --- Zelda's nanny, Impa, sensed danger and escaped from the castle with our Princess... --- PAGE --- I tried to stop Ganondorf's men from chasing them...but... --- PAGE --- The Princess was...waiting for a boy from the forest...that's you... She wanted to give something to the boy... --- PAGE --- If you received it from the  Princess, hurry...to the Temple of Time....","Uuugh... ¿eres el chico del bosque...? --- PAGE --- Ya...ya...ya te conocí... Yo...yo...yo tengo algo que te...te...te... --- PAGE --- Ganondorf, el Rey Gerudo de Los Ladrones, traicionó a nuestro Rey... --- PAGE --- La niñera de Zelda, Impa, sintió el peligro y escapó del castillo con nuestra Princesa... --- PAGE --- Intenté detener a los hombres de Ganondorf para que no la persiguieran... pero... --- PAGE --- La Princesa... esperaba a un chico del bosque... tú eres ese... Quería darle algo al chico... --- PAGE --- Si lo recibiste de la Princesa, date prisa... al Templo del Tiempo....",HIGH_RISK,NO,oot.o2r::text/nes_message_data_static,,,,NPC_DIALOGUE message,Source code context & item / shop interaction,Checked against GLOSSARY_ES_419.csv,NONE,PASS,"Uuugh... ¿eres el chico del bosque...? --- PAGE --- Ya...ya...ya te conocí... Yo...yo...yo tengo algo que te...te...te... --- PAGE --- Ganondorf, el Rey Gerudo de Los Ladrones, traicionó a nuestro Rey... --- PAGE --- La niñera de Zelda, Impa, sintió el peligro y escapó del castillo con nuestra Princesa... --- PAGE --- Intenté detener a los hombres de Ganondorf para que no la persiguieran... pero... --- PAGE --- La Princesa... esperaba a un chico del bosque... tú eres ese... Quería darle algo al chico... --- PAGE --- Si lo recibiste de la Princesa, date prisa... al Templo del Tiempo....",HIGH,"Audited for item description, price, condition, choice logic. CERTIFIED."
0x1007,MAIN_GAME,"Hey, let's work on some moves! --- PAGE --- To jump sideways while [C-Left]  Targeting, press [A] as you move right or left. --- PAGE --- To do a backflip while [C-Left]  Targeting, press [A] as you move backwards. --- PAGE --- To do a roll attack while [C-Left]  Targeting, press [A] as you move forward. While you roll, you can avoid damage. --- PAGE --- If you have your sword ready while [C-Left] Targeting, you can do a jump  attack by pressing [A]! A jump  attack does double damage! --- PAGE --- You can use [C-Left] Targeting on the stone next to me, so let's  practice!","¡Oye, practiquemos algunos movimientos! --- PAGE --- Para saltar de lado mientras usas [C-Left], presiona [A] mientras te mueves a la derecha o izquierda. --- PAGE --- Para hacer un salto atrás mientras usas [C-Left], presiona [A] mientras retrocedes. --- PAGE --- Para hacer un ataque giratorio mientras usas [C-Left], presiona [A] mientras avanzas. Mientras giras, puedes evitar daño. --- PAGE --- Si tienes tu espada lista mientras usas [C-Left], ¡puedes hacer un ataque saltando presionando [A]! ¡Un ataque saltando hace el doble de daño! --- PAGE --- Puedes usar [C-Left] sobre la piedra junto a mí, ¡así que vamos a practicar!",HIGH_RISK,NO,oot.o2r::text/nes_message_data_static,,,,NPC_DIALOGUE message,Source code context & item / shop interaction,Checked against GLOSSARY_ES_419.csv,NONE,PASS,"¡Oye, practiquemos algunos movimientos! --- PAGE --- Para saltar de lado mientras usas [C-Left], presiona [A] mientras te mueves a la derecha o izquierda. --- PAGE --- Para hacer un salto atrás mientras usas [C-Left], presiona [A] mientras retrocedes. --- PAGE --- Para hacer un ataque giratorio mientras usas [C-Left], presiona [A] mientras avanzas. Mientras giras, puedes evitar daño. --- PAGE --- Si tienes tu espada lista mientras usas [C-Left], ¡puedes hacer un ataque saltando presionando [A]! ¡Un ataque saltando hace el doble de daño! --- PAGE --- Puedes usar [C-Left] sobre la piedra junto a mí, ¡así que vamos a practicar!",HIGH,"Audited for item description, price, condition, choice logic. CERTIFIED."
0x2030,MAIN_GAME,"There are some people in Kakariko spreading rumors that I cheated Talon out of the ranch, but... --- PAGE --- Don't be ridiculous! --- PAGE --- That guy Talon was weak! I, the hard-working Ingo, poured  so much energy into this place! --- PAGE --- I don't want any strangers like you saying anything bad about me! --- PAGE --- Listen. The great Ganondorf recognized my obvious talents and gave the ranch to me! --- PAGE --- I will raise a fine horse and win recognition from the great  Ganondorf! --- PAGE --- Say, young man, do you want to ride one of my fine horses?","Hay gente en Kakariko esparciendo rumores de que engañé a Talon para quedarme con la rancha, pero... --- PAGE --- ¡No seas ridículo! --- PAGE --- ¡Ese tipo de Talon era débil! Yo, el trabajador Ingo, le dediqué tanta energía a este lugar. --- PAGE --- ¡No quiero que ningún extraño como tú diga nada malo de mí! --- PAGE --- Escucha. ¡El gran Ganondorf reconoció mis obvios talentos y me dio la rancha! --- PAGE --- ¡Crío un caballo fino y gano el reconocimiento del gran Ganondorf! --- PAGE --- Oye, jovencito, ¿quieres montar uno de mis finos caballos?",HIGH_RISK,NO,oot.o2r::text/nes_message_data_static,,,,NPC_DIALOGUE message,Source code context & item / shop interaction,Checked against GLOSSARY_ES_419.csv,NONE,PASS,"Hay gente en Kakariko esparciendo rumores de que engañé a Talon para quedarme con la rancha, pero... --- PAGE --- ¡No seas ridículo! --- PAGE --- ¡Ese tipo de Talon era débil! Yo, el trabajador Ingo, le dediqué tanta energía a este lugar. --- PAGE --- ¡No quiero que ningún extraño como tú diga nada malo de mí! --- PAGE --- Escucha. ¡El gran Ganondorf reconoció mis obvios talentos y me dio la rancha! --- PAGE --- ¡Crío un caballo fino y gano el reconocimiento del gran Ganondorf! --- PAGE --- Oye, jovencito, ¿quieres montar uno de mis finos caballos?",HIGH,"Audited for item description, price, condition, choice logic. CERTIFIED."
0x7057,MAIN_GAME,"When evil rules all, an awakening voice from the Sacred Realm will call those destined to be Sages, who dwell in the five temples. --- PAGE --- One in a deep forest... --- PAGE --- One on a high mountain... --- PAGE --- One under a vast lake... --- PAGE --- One within the house of the dead... --- PAGE --- One inside a goddess of the sand... --- PAGE --- Together with the Hero of Time,  the awakened ones will bind the evil and return the light of peace to the world... --- PAGE --- This is the legend of the temples passed down by my people, the Sheikah.","Cuando el mal gobierne todo, una voz de despertar del Reino Sagrado llamará a los destinados a ser Sabios, que habitan en los cinco templos. --- PAGE --- Uno en un bosque profundo... --- PAGE --- Uno en una montaña alta... --- PAGE --- Uno bajo un vasto lago... --- PAGE --- Uno dentro de la casa de los muertos... --- PAGE --- Uno dentro de una diosa de la arena... --- PAGE --- Junto con el Héroe del Tiempo, los despertados encadenarán al mal y devolverán la luz de la paz al mundo... --- PAGE --- Esta es la leyenda de los templos pasada por mi pueblo, los Sheikah.",HIGH_RISK,NO,oot.o2r::text/nes_message_data_static,,,,NPC_DIALOGUE message,Source code context & item / shop interaction,Checked against GLOSSARY_ES_419.csv,NONE,PASS,"Cuando el mal gobierne todo, una voz de despertar del Reino Sagrado llamará a los destinados a ser Sabios, que habitan en los cinco templos. --- PAGE --- Uno en un bosque profundo... --- PAGE --- Uno en una montaña alta... --- PAGE --- Uno bajo un vasto lago... --- PAGE --- Uno dentro de la casa de los muertos... --- PAGE --- Uno dentro de una diosa de la arena... --- PAGE --- Junto con el Héroe del Tiempo, los despertados encadenarán al mal y devolverán la luz de la paz al mundo... --- PAGE --- Esta es la leyenda de los templos pasada por mi pueblo, los Sheikah.",HIGH,"Audited for item description, price, condition, choice logic. CERTIFIED."
0x401B,MAIN_GAME,"Ho, this letter!  It's from Princess Ruto!! --- PAGE --- Hmmm...Let's see... She's inside Lord Jabu-Jabu? That's not possible! --- PAGE --- Our guardian god, Lord Jabu-Jabu, would never eat my dear Princess Ruto! --- PAGE --- But since that stranger, Ganondorf, came here, Lord Jabu-Jabu has  been a little green around the gills... --- PAGE --- The evidence seems clear. Of course, you'll go find Ruto. You can pass through here to the  altar of Lord Jabu-Jabu. --- PAGE --- I'll keep this letter. You keep the  bottle it was in. Take it  respectfully!","Ho, esta carta. Es de la Princesa Ruto. --- PAGE --- Mmm, veamos. Está dentro de Lord Jabu-Jabu. Eso no es posible. --- PAGE --- Nuestro dios guardián, Lord Jabu-Jabu, nunca comería a mi querida Princesa Ruto. --- PAGE --- Pero desde que ese extraño, Ganondorf, vino aquí, Lord Jabu-Jabu se ha sentido un poco verde. --- PAGE --- La evidencia parece clara. Por supuesto, irás a buscar a Ruto. Puedes pasar por aquí al altar de Lord Jabu-Jabu. --- PAGE --- Me quedaré con esta carta. Tú quédate con la botella donde estaba. Tómala con respeto.",HIGH_RISK,NO,oot.o2r::text/nes_message_data_static,,,,NPC_DIALOGUE message,Source code context & item / shop interaction,Checked against GLOSSARY_ES_419.csv,NONE,PASS,"Ho, esta carta. Es de la Princesa Ruto. --- PAGE --- Mmm, veamos. Está dentro de Lord Jabu-Jabu. Eso no es posible. --- PAGE --- Nuestro dios guardián, Lord Jabu-Jabu, nunca comería a mi querida Princesa Ruto. --- PAGE --- Pero desde que ese extraño, Ganondorf, vino aquí, Lord Jabu-Jabu se ha sentido un poco verde. --- PAGE --- La evidencia parece clara. Por supuesto, irás a buscar a Ruto. Puedes pasar por aquí al altar de Lord Jabu-Jabu. --- PAGE --- Me quedaré con esta carta. Tú quédate con la botella donde estaba. Tómala con respeto.",HIGH,"Audited for item description, price, condition, choice logic. CERTIFIED."
0x204C,MAIN_GAME,"Oh...a visitor! It's been a long time since we've had a visitor here... Where did you come from? --- PAGE --- Since Ganondorf came, people in the Castle Town have gone, places have been ruined, and monsters are wandering everywhere. --- PAGE --- Mr. Ingo is just using the ranch to gain Ganondorf's favor... --- PAGE --- Everyone seems to be turning evil... --- PAGE --- But Dad... He was kicked out of the ranch by Mr. Ingo... --- PAGE --- If I disobey Mr. Ingo, he will treat the horses so badly... --- PAGE --- So... There's nothing I can do...","Oh... ¡un visitante! Ha pasado mucho tiempo desde que hubo un visitante por aquí... ¿De dónde viniste? --- PAGE --- Desde que Ganondorf llegó, la gente del Pueblo del Castillo se fue, los lugares están destruidos y monstruos vagando por todas partes. --- PAGE --- El señor Ingo solo está usando la rancho para ganar el favor de Ganondorf... --- PAGE --- ¡Parece que todos se están volviendo malvados! --- PAGE --- Pero papá... Lo echaron de la rancho por el señor Ingo... --- PAGE --- Si desobedezco al señor Ingo, maltratará a los caballos terriblemente... --- PAGE --- Entonces... No puedo hacer nada...",HIGH_RISK,NO,oot.o2r::text/nes_message_data_static,,,,NPC_DIALOGUE message,Source code context & item / shop interaction,Checked against GLOSSARY_ES_419.csv,NONE,PASS,"Oh... ¡un visitante! Ha pasado mucho tiempo desde que hubo un visitante por aquí... ¿De dónde viniste? --- PAGE --- Desde que Ganondorf llegó, la gente del Pueblo del Castillo se fue, los lugares están destruidos y monstruos vagando por todas partes. --- PAGE --- El señor Ingo solo está usando la rancho para ganar el favor de Ganondorf... --- PAGE --- ¡Parece que todos se están volviendo malvados! --- PAGE --- Pero papá... Lo echaron de la rancho por el señor Ingo... --- PAGE --- Si desobedezco al señor Ingo, maltratará a los caballos terriblemente... --- PAGE --- Entonces... No puedo hacer nada...",HIGH,"Audited for item description, price, condition, choice logic. CERTIFIED."
0x0340,MAIN_GAME,"View Point with [C-Left] Targeting When you have no object to look at, you can just look forward with [C-Left]. --- PAGE --- Stop moving and then change the direction you are facing, or hold down [C-Left] for a little while. --- PAGE --- This can help you get oriented in the direction you want to face. It's quite convenient! --- PAGE --- If you hold down [C-Left], you can walk sideways while facing  straight ahead. --- PAGE --- Walking sideways can be a very important technique in dungeon corridors. Turn around and try doing this right now.","Punto de Vista con Apuntado [C-Left] Cuando no tengas ningún objeto para mirar, puedes simplemente mirar hacia adelante con [C-Left]. --- PAGE --- Deja de moverte y luego cambia la dirección en la que miras, o mantén presionado [C-Left] por un momento. --- PAGE --- Esto puede ayudarte a orientarte en la dirección que quieras mirar. ¡Es bastante conveniente! --- PAGE --- Si mantienes presionado [C-Left], puedes caminar de lado mientras miras recto hacia adelante. --- PAGE --- Caminar de lado puede ser una técnica muy importante en los correos de los calabozos. Date la vuelta e intenta hacer esto ahora mismo.",HIGH_RISK,NO,oot.o2r::text/nes_message_data_static,,,,SIGN message,Source code context & item / shop interaction,Checked against GLOSSARY_ES_419.csv,NONE,PASS,"Punto de Vista con Apuntado [C-Left] Cuando no tengas ningún objeto para mirar, puedes simplemente mirar hacia adelante con [C-Left]. --- PAGE --- Deja de moverte y luego cambia la dirección en la que miras, o mantén presionado [C-Left] por un momento. --- PAGE --- Esto puede ayudarte a orientarte en la dirección que quieras mirar. ¡Es bastante conveniente! --- PAGE --- Si mantienes presionado [C-Left], puedes caminar de lado mientras miras recto hacia adelante. --- PAGE --- Caminar de lado puede ser una técnica muy importante en los correos de los calabozos. Date la vuelta e intenta hacer esto ahora mismo.",HIGH,"Audited for item description, price, condition, choice logic. CERTIFIED."
0x3014,MAIN_GAME,"Oh...I'm so hungry... --- PAGE --- Everyone feels faint from hunger because of the food shortage in  this town. We are in danger of  extinction! --- PAGE --- It's all because we can't enter our quarry, the Dodongo's Cavern. --- PAGE --- We Gorons live on a diet of  rocks... --- PAGE --- And the most delicious and  nutritious rocks around are found  in the Dodongo's Cavern! But that  seems like ancient history now... --- PAGE --- We've become such gourmets that  we can't stand to eat rocks from anywhere else!","Oh...tengo tanta hambre... --- PAGE --- Todos se sienten débiles por el hambre debido a la escasez de comida en esta ciudad. ¡Estamos en peligro de extinción! --- PAGE --- Es todo porque no podemos entrar a nuestra cantera, la Cueva de Dodongo. --- PAGE --- Nosotros, los Gorons, vivimos de una dieta de piedras... --- PAGE --- ¡Y las piedras más deliciosas y nutritivas que hay se encuentran en la Cueva de Dodongo! Pero eso parece historia antigua ahora... --- PAGE --- ¡Nos hemos vuelto tan gastrónomos que no podemos soportar comer piedras de otro lugar!",HIGH_RISK,NO,oot.o2r::text/nes_message_data_static,,,,NPC_DIALOGUE message,Source code context & item / shop interaction,Checked against GLOSSARY_ES_419.csv,NONE,PASS,"Oh...tengo tanta hambre... --- PAGE --- Todos se sienten débiles por el hambre debido a la escasez de comida en esta ciudad. ¡Estamos en peligro de extinción! --- PAGE --- Es todo porque no podemos entrar a nuestra cantera, la Cueva de Dodongo. --- PAGE --- Nosotros, los Gorons, vivimos de una dieta de piedras... --- PAGE --- ¡Y las piedras más deliciosas y nutritivas que hay se encuentran en la Cueva de Dodongo! Pero eso parece historia antigua ahora... --- PAGE --- ¡Nos hemos vuelto tan gastrónomos que no podemos soportar comer piedras de otro lugar!",HIGH,"Audited for item description, price, condition, choice logic. CERTIFIED."
0x5063,MAIN_GAME,"Ding dong, ding dong! I'm a clock soldier of Kakariko! The current time is: . --- PAGE --- Hello there, son. Zelda's attendant, the great Impa, opened this village to the common people. --- PAGE --- We have only a small population  now, but someday this place will  be as lively as Hyrule Castle  Town! Oh, yes! It will! --- PAGE --- Climb up the stairs at the north end of the village to find the trail that leads up Death Mountain. --- PAGE --- But you need the King's permission to actually go up the mountain.","Ding dong, ding dong. ¡Soy un soldado relojero de Kakariko! La hora actual es: . --- PAGE --- Hola, hijo. La asistente de Zelda, la gran Impa, abrió este pueblo para la gente común. --- PAGE --- Ahora solo tenemos una pequeña población, pero algún día este lugar será tan animado como la Ciudad del Castillo de Hyrule. ¡Oh, sí! ¡Lo será! --- PAGE --- Sube las escaleras en el extremo norte del pueblo para encontrar el camino que lleva al Monte Muerte. --- PAGE --- Pero necesitas el permiso del Rey para realmente subir la montaña.",HIGH_RISK,NO,oot.o2r::text/nes_message_data_static,,,,NPC_DIALOGUE message,Source code context & item / shop interaction,Checked against GLOSSARY_ES_419.csv,NONE,PASS,"Ding dong, ding dong. ¡Soy un soldado relojero de Kakariko! La hora actual es: . --- PAGE --- Hola, hijo. La asistente de Zelda, la gran Impa, abrió este pueblo para la gente común. --- PAGE --- Ahora solo tenemos una pequeña población, pero algún día este lugar será tan animado como la Ciudad del Castillo de Hyrule. ¡Oh, sí! ¡Lo será! --- PAGE --- Sube las escaleras en el extremo norte del pueblo para encontrar el camino que lleva al Monte Muerte. --- PAGE --- Pero necesitas el permiso del Rey para realmente subir la montaña.",HIGH,"Audited for item description, price, condition, choice logic. CERTIFIED."
0x605E,MAIN_GAME,"I was afraid you were going to  forget about me! Now I'm free! Thanks! I'm Shiro the carpenter. --- PAGE --- For rescuing me, I'll tell you something interesting about the desert that I overheard the Gerudos talking about. --- PAGE --- They said, ""In order to cross the Haunted Wasteland, you'll need the 'eye of truth.' The Colossus is on the far side of the wasteland..."" --- PAGE --- OK, now I'm going back to my tent near Gerudo Valley, so,  drop by sometime. You may find  something helpful there! Byeee!","¡Tenía miedo de que fueras a olvidarme! ¡Ahora soy libre! ¡Gracias! Soy Shiro el carpintero. --- PAGE --- Por rescatarme, te contaré algo interesante sobre el desert que escuché a las Gerudo hablando. --- PAGE --- Dijeron: ""Para cruzar el Desierto Encantado, necesitarás el 'ojo de la verdad'. El Coloso está al otro lado del desierto..."" --- PAGE --- Bien, ahora voy a volver a mi carpa cerca del Valle Gerudo, así que pásate por aquí. ¡Podrás encontrar algo útil! ¡Chao!",HIGH_RISK,NO,oot.o2r::text/nes_message_data_static,,,,NPC_DIALOGUE message,Source code context & item / shop interaction,Checked against GLOSSARY_ES_419.csv,NONE,PASS,"¡Tenía miedo de que fueras a olvidarme! ¡Ahora soy libre! ¡Gracias! Soy Shiro el carpintero. --- PAGE --- Por rescatarme, te contaré algo interesante sobre el desert que escuché a las Gerudo hablando. --- PAGE --- Dijeron: ""Para cruzar el Desierto Encantado, necesitarás el 'ojo de la verdad'. El Coloso está al otro lado del desierto..."" --- PAGE --- Bien, ahora voy a volver a mi carpa cerca del Valle Gerudo, así que pásate por aquí. ¡Podrás encontrar algo útil! ¡Chao!",HIGH,"Audited for item description, price, condition, choice logic. CERTIFIED."
0x103D,MAIN_GAME,"This shop...It sells things you can get in the forest for free! Tee hee! --- PAGE --- Do you know how to use the  Deku Shield? Tee hee! --- PAGE --- When you get the shield, press START to get into the Subscreens. Select the Equipment Subscreen with [C-Left] or [C-Down]. --- PAGE --- On the Equipment Subscreen,  choose the item you want to equip and press [A] to equip that item. --- PAGE --- Once you equip it, hold it up with [C-Down] and change its angle with [D-Pad]. Tee hee!","Esta tienda... vende cosas que ¡puedes conseguir gratis en el bosque! ¡Je je! --- PAGE --- ¿Sabes cómo usar el Escudo Deku? ¡Je je! --- PAGE --- Cuando obtengas el escudo, presiona START para entrar a las pantallas secundarias. Selecciona la pantalla de Equipo con [C-Left] o [C-Down]. --- PAGE --- En la pantalla de Equipo, elige el objeto que quieras equipar y presiona [A] para equiparlo. --- PAGE --- Una vez equipado, sostenlo con [C-Down] y cambia su ángulo con [D-Pad]. ¡Je je!",HIGH_RISK,NO,oot.o2r::text/nes_message_data_static,,,,NPC_DIALOGUE message,Source code context & item / shop interaction,Checked against GLOSSARY_ES_419.csv,NONE,PASS,"Esta tienda... vende cosas que ¡puedes conseguir gratis en el bosque! ¡Je je! --- PAGE --- ¿Sabes cómo usar el Escudo Deku? ¡Je je! --- PAGE --- Cuando obtengas el escudo, presiona START para entrar a las pantallas secundarias. Selecciona la pantalla de Equipo con [C-Left] o [C-Down]. --- PAGE --- En la pantalla de Equipo, elige el objeto que quieras equipar y presiona [A] para equiparlo. --- PAGE --- Una vez equipado, sostenlo con [C-Down] y cambia su ángulo con [D-Pad]. ¡Je je!",HIGH,"Audited for item description, price, condition, choice logic. CERTIFIED."
0x0207,MAIN_GAME,"Happy Mask Shop Please read this sign before you use this shop. --- PAGE --- How This Shop Works We do not sell masks at this shop. We just lend them to you. --- PAGE --- You sell the loaned masks on your own. --- PAGE --- You pay back the money for the mask, and we will lend you a  newer model. --- PAGE --- You can borrow masks you have already sold again; however, you  can sell each model of mask only once. --- PAGE --- Please try our shop! --Happy Mask Shop Owner","Tienda de Máscaras Felices Por favor lee este letrero antes de usar esta tienda. --- PAGE --- Cómo Funciona Esta Tienda No vendemos máscaras en esta tienda. Solo las prestamos. --- PAGE --- Tú vendes las máscaras prestadas por tu cuenta. --- PAGE --- Devuelves el dinero de la máscara, y te prestaremos un modelo más nuevo. --- PAGE --- Puedes tomar prestadas máscaras que ya vendiste de nuevo; sin embargo, solo puedes vender cada modelo de máscara una vez. --- PAGE --- ¡Por favor prueba nuestra tienda! --Dueño de la Tienda de Máscaras Felices",HIGH_RISK,NO,oot.o2r::text/nes_message_data_static,,,,SIGN message,Source code context & item / shop interaction,Checked against GLOSSARY_ES_419.csv,NONE,PASS,"Tienda de Máscaras Felices Por favor lee este letrero antes de usar esta tienda. --- PAGE --- Cómo Funciona Esta Tienda No vendemos máscaras en esta tienda. Solo las prestamos. --- PAGE --- Tú vendes las máscaras prestadas por tu cuenta. --- PAGE --- Devuelves el dinero de la máscara, y te prestaremos un modelo más nuevo. --- PAGE --- Puedes tomar prestadas máscaras que ya vendiste de nuevo; sin embargo, solo puedes vender cada modelo de máscara una vez. --- PAGE --- ¡Por favor prueba nuestra tienda! --Dueño de la Tienda de Máscaras Felices",HIGH,"Audited for item description, price, condition, choice logic. CERTIFIED."
0x7036,MAIN_GAME,"The three goddesses hid the Triforce containing the power of the gods somewhere in Hyrule.The power to grant the wish of the one who holds the Triforce in his hands.If someone with a righteous heart makes a wish, it will lead Hyrule to a golden age of prosperity....If someone with an evil mind has his wish granted, the world will be consumed by evil...That is what has been told....So, the ancient Sages built the Temple of Time to protect the Triforce from evil ones.","Las tres diosas escondieron el Trifuerza conteniendo el poder de los dioses en algún lugar de Hyrule. El poder para conceder el deseo de quien tenga el Trifuerza en sus manos. Si alguien con un corazón recto hace un deseo, llevará a Hyrule a una era dorada de prosperidad....Si alguien con una mente malvada tiene su deseo concedido, el mundo será consumido por el mal... Así se ha contado....Así que, los antiguos Sabios construyeron el Templo del Tiempo para proteger el Trifuerza de los malvados.",HIGH_RISK,NO,oot.o2r::text/nes_message_data_static,,,,NPC_DIALOGUE message,Source code context & item / shop interaction,Checked against GLOSSARY_ES_419.csv,NONE,PASS,"Las tres diosas escondieron el Trifuerza conteniendo el poder de los dioses en algún lugar de Hyrule. El poder para conceder el deseo de quien tenga el Trifuerza en sus manos. Si alguien con un corazón recto hace un deseo, llevará a Hyrule a una era dorada de prosperidad....Si alguien con una mente malvada tiene su deseo concedido, el mundo será consumido por el mal... Así se ha contado....Así que, los antiguos Sabios construyeron el Templo del Tiempo para proteger el Trifuerza de los malvados.",HIGH,"Audited for item description, price, condition, choice logic. CERTIFIED."
0x502D,MAIN_GAME,"Hehehe, young man... You were very quick to be able to keep up with me! Hehehe! --- PAGE --- As a reward, I'm going to give you my treasure. It's called the Hookshot! --- PAGE --- Its spring-loaded chain will pull you to any spot where its hook sticks. Doesn't that sound cool? I'm sure it will help you! --- PAGE --- I live here now, so come back again sometime. I'll give you something cool! --- PAGE --- One more thing! Be careful on your way back! Heheheh....","Jejeje, joven... ¡Fue muy rápido de tu parte poder seguirme! ¡Jejeje! --- PAGE --- Como recompensa, te voy a dar mi tesoro. Se llama el Anzuelo. --- PAGE --- Su cadena con resorte te llevará cualquier lugar donde su gancho se enganche. ¿No suena genial? ¡Estoy seguro de que te ayudará! --- PAGE --- Vivo aquí ahora, así que vuelve algún día. ¡Te daré algo genial! --- PAGE --- ¡Una cosa más! ¡Ten cuidado de camino a casa! Jejeje...",HIGH_RISK,NO,oot.o2r::text/nes_message_data_static,,,,NPC_DIALOGUE message,Source code context & item / shop interaction,Checked against GLOSSARY_ES_419.csv,Replaced Anzuelo with Gancho and added missing preposition,CORRECTED,"Jejeje, joven... ¡Fue muy rápido de tu parte poder seguirme! ¡Jejeje! --- PAGE --- Como recompensa, te voy a dar mi tesoro. Se llama el Anzuelo. --- PAGE --- Su cadena con resorte te llevará cualquier lugar donde su gancho se enganche. ¿No suena genial? ¡Estoy seguro de que te ayudará! --- PAGE --- Vivo aquí ahora, así que vuelve algún día. ¡Te daré algo genial! --- PAGE --- ¡Una cosa más! ¡Ten cuidado de camino a casa! Jejeje...",HIGH,Fix Dampé reward dialogue terminology and grammar
0x70F8,MAIN_GAME,"Wait a minute! WOW! --- PAGE --- You have earned 1,000 points! --- PAGE --- Young man, you are a genuine Ghost Hunter! --- PAGE --- Is that what you expected me to say? Heh heh heh! --- PAGE --- Because of you, I have extra inventory of Big Poes, so this will be the last time I can buy a  ghost. --- PAGE --- You're thinking about what I  promised would happen when you earned 1,000 points. Heh heh. --- PAGE --- Don't worry, I didn't forget. Just take this.","¡Espera un minuto! ¡¡WOW!! --- PAGE --- ¡Has ganado 1.000 puntos! --- PAGE --- Joven, eres un auténtico Cazador de Fantasmas! --- PAGE --- ¿Eso es lo que esperabas que dijera? ¡Je je je! --- PAGE --- Gracias a ti, tengo inventario extra de Grandes Poes, así que esta será la última vez que pueda comprar un fantasma. --- PAGE --- Estás pensando en lo que prometí que pasaría cuando acumularas 1.000 puntos. Je je. --- PAGE --- No te preocupes, no olvidé. Solo toma esto.",HIGH_RISK,NO,oot.o2r::text/nes_message_data_static,,,,NPC_DIALOGUE message,Source code context & item / shop interaction,Checked against GLOSSARY_ES_419.csv,NONE,PASS,"¡Espera un minuto! ¡¡WOW!! --- PAGE --- ¡Has ganado 1.000 puntos! --- PAGE --- Joven, eres un auténtico Cazador de Fantasmas! --- PAGE --- ¿Eso es lo que esperabas que dijera? ¡Je je je! --- PAGE --- Gracias a ti, tengo inventario extra de Grandes Poes, así que esta será la última vez que pueda comprar un fantasma. --- PAGE --- Estás pensando en lo que prometí que pasaría cuando acumularas 1.000 puntos. Je je. --- PAGE --- No te preocupes, no olvidé. Solo toma esto.",HIGH,"Audited for item description, price, condition, choice logic. CERTIFIED."
0x6086,MAIN_GAME,"I'm the wandering running man! I've run all over this land in  search of competitors who have a true killer instinct! --- PAGE --- I came here to run through the  Haunted Wasteland, but it doesn't look like good timing for that. --- PAGE --- Though I want to go back to  Hyrule Field, the bridge is...well, you can see it from here. So I'm stuck here, inside this tent. --- PAGE --- I don't think I can accept your challenge right now. Heh heh!","¡Soy el Hombre Corredor Errante! He recorrido toda esta tierra en busca de rivales que tengan un verdadero instinto asesino. --- PAGE --- Vine aquí para correr por el Desierto Encantado, pero no parece ser buen momento para eso. --- PAGE --- Aunque quiero volver al Campo de Hyrule, el puente... bueno, puedes verlo desde aquí. Así que estoy atrapado aquí, dentro de esta carpa. --- PAGE --- No creo que pueda aceptar tu desafío ahora mismo. ¡Jejeje!",HIGH_RISK,NO,oot.o2r::text/nes_message_data_static,,,,NPC_DIALOGUE message,Source code context & item / shop interaction,Checked against GLOSSARY_ES_419.csv,NONE,PASS,"¡Soy el Hombre Corredor Errante! He recorrido toda esta tierra en busca de rivales que tengan un verdadero instinto asesino. --- PAGE --- Vine aquí para correr por el Desierto Encantado, pero no parece ser buen momento para eso. --- PAGE --- Aunque quiero volver al Campo de Hyrule, el puente... bueno, puedes verlo desde aquí. Así que estoy atrapado aquí, dentro de esta carpa. --- PAGE --- No creo que pueda aceptar tu desafío ahora mismo. ¡Jejeje!",HIGH,"Audited for item description, price, condition, choice logic. CERTIFIED."
0x404B,MAIN_GAME,"You! Who are you?! --- PAGE --- I am Ruto, Princess of the Zoras. --- PAGE --- What?! Are you saying my father asked  you to come here to save me? --- PAGE --- I'd never ask anyone to do such a thing! --- PAGE --- ""Letter in a Bottle?""  I have no idea what you're talking about! --- PAGE --- My father is worried about me? --- PAGE --- I don't care! --- PAGE --- Anyway, I can't go home right now. And you... Get out of here! Understand?!","Tú. ¿Quién eres? --- PAGE --- Soy Ruto, Princesa de los Zoras. --- PAGE --- ¿Qué? ¿Dices que mi padre te pidió que vinieras aquí a salvarme? --- PAGE --- Yo nunca le pediría a nadie que hiciera algo así. --- PAGE --- ""Carta en una Botella""? No tengo idea de qué hablas. --- PAGE --- ¿Mi padre está preocupado por mí? No me importa. --- PAGE --- De todos modos, no puedo ir a casa ahora. Y tú. Sal de aquí. ¿Entendido?",HIGH_RISK,NO,oot.o2r::text/nes_message_data_static,,,,NPC_DIALOGUE message,Source code context & item / shop interaction,Checked against GLOSSARY_ES_419.csv,NONE,PASS,"Tú. ¿Quién eres? --- PAGE --- Soy Ruto, Princesa de los Zoras. --- PAGE --- ¿Qué? ¿Dices que mi padre te pidió que vinieras aquí a salvarme? --- PAGE --- Yo nunca le pediría a nadie que hiciera algo así. --- PAGE --- ""Carta en una Botella""? No tengo idea de qué hablas. --- PAGE --- ¿Mi padre está preocupado por mí? No me importa. --- PAGE --- De todos modos, no puedo ir a casa ahora. Y tú. Sal de aquí. ¿Entendido?",HIGH,"Audited for item description, price, condition, choice logic. CERTIFIED."
0x300E,MAIN_GAME,"Oh? --- PAGE --- We don't get many visitors way up here. Where are you from? --- PAGE --- The forest? --- PAGE --- What's a ""forest""? --- PAGE --- Eh? --- PAGE --- It's where a lot of ""trees"" and  ""plants"" grow? --- PAGE --- Now I'm even more confused!  Nothing grows around here besides the Bomb Flowers... --- PAGE --- We don't have ""seeds"" or ""nuts"" around here either. --- PAGE --- Even Deku Sticks are very scarce around here!","¿Oh? --- PAGE --- No recibimos muchos visitantes aquí arriba. ¿De dónde eres? --- PAGE --- ¿El bosque? --- PAGE --- ¿Qué es un ""bosque""? --- PAGE --- ¿Eh? --- PAGE --- ¿Es donde crecen muchos ""árboles"" y ""plantas""? --- PAGE --- ¡Ahora estoy todavía más confundido! No crece nada por aquí excepto las Flores Bomba... --- PAGE --- Tampoco tenemos ""semillas"" o ""nueces"" por aquí. --- PAGE --- ¡Incluso los Palos Deku son muy escasos por aquí!",HIGH_RISK,NO,oot.o2r::text/nes_message_data_static,,,,NPC_DIALOGUE message,Source code context & item / shop interaction,Checked against GLOSSARY_ES_419.csv,NONE,PASS,"¿Oh? --- PAGE --- No recibimos muchos visitantes aquí arriba. ¿De dónde eres? --- PAGE --- ¿El bosque? --- PAGE --- ¿Qué es un ""bosque""? --- PAGE --- ¿Eh? --- PAGE --- ¿Es donde crecen muchos ""árboles"" y ""plantas""? --- PAGE --- ¡Ahora estoy todavía más confundido! No crece nada por aquí excepto las Flores Bomba... --- PAGE --- Tampoco tenemos ""semillas"" o ""nueces"" por aquí. --- PAGE --- ¡Incluso los Palos Deku son muy escasos por aquí!",HIGH,"Audited for item description, price, condition, choice logic. CERTIFIED."
0x404C,MAIN_GAME,"Are you still hanging around here? I told you to go away! --- PAGE --- I'm OK. I've been going inside Lord Jabu-Jabu's belly since I was little, but... --- PAGE --- Lord Jabu-Jabu is very strange  today... --- PAGE --- There are electrified jellyfish and strange holes around... --- PAGE --- On top of that, my precious stone  was...but... That's none of your business! Anyway... --- PAGE --- You! Go home now! Understand?!","¿Aún estás por aquí? Te dije que te fueras. --- PAGE --- Estoy bien. He estado entrando al vientre de Lord Jabu-Jabu de niña, pero. --- PAGE --- Lord Jabu-Jabu está muy raro hoy. --- PAGE --- Hay medusas electrizadas y agujeros extraños por ahí. --- PAGE --- Además, mi piedra preciosa fue... pero. Eso no es asunto tuyo. De todos modos. --- PAGE --- Tú. Vete a casa ahora. ¿Entendido?",HIGH_RISK,NO,oot.o2r::text/nes_message_data_static,,,,NPC_DIALOGUE message,Source code context & item / shop interaction,Checked against GLOSSARY_ES_419.csv,NONE,PASS,"¿Aún estás por aquí? Te dije que te fueras. --- PAGE --- Estoy bien. He estado entrando al vientre de Lord Jabu-Jabu de niña, pero. --- PAGE --- Lord Jabu-Jabu está muy raro hoy. --- PAGE --- Hay medusas electrizadas y agujeros extraños por ahí. --- PAGE --- Además, mi piedra preciosa fue... pero. Eso no es asunto tuyo. De todos modos. --- PAGE --- Tú. Vete a casa ahora. ¿Entendido?",HIGH,"Audited for item description, price, condition, choice logic. CERTIFIED."
0x0107,MAIN_GAME,"From here on, we'll be going through some narrow passages! If you take it slow, maybe you can sneak up on some enemies. --- PAGE --- Use [C-Left] Targeting to always look in the proper direction. Set your view so you can see down the next corridor before you turn a corner. --- PAGE --- Once your view is set, hold down [C-Left] to sidestep around the corner. That way you won't be surprised by an enemy waiting in ambush.","De aquí en adelante, pasaremos por algunos pasajes estrechos! Si vas despacio, quizás puedas acercarte a algunos enemigos. --- PAGE --- Usa la Fijación con [C-Left] para siempre mirar en la dirección correcta. Ajusta tu vista para que puedas ver por el siguiente corredor antes de doblar una esquina. --- PAGE --- Una vez que tu vista esté ajustada, mantén presionado [C-Left] para rodear la esquina. Así no serás sorprendido por un enemigo esperando en emboscada.",HIGH_RISK,NO,oot.o2r::text/nes_message_data_static,,,,NPC_DIALOGUE message,Source code context & item / shop interaction,Checked against GLOSSARY_ES_419.csv,NONE,PASS,"De aquí en adelante, pasaremos por algunos pasajes estrechos! Si vas despacio, quizás puedas acercarte a algunos enemigos. --- PAGE --- Usa la Fijación con [C-Left] para siempre mirar en la dirección correcta. Ajusta tu vista para que puedas ver por el siguiente corredor antes de doblar una esquina. --- PAGE --- Una vez que tu vista esté ajustada, mantén presionado [C-Left] para rodear la esquina. Así no serás sorprendido por un enemigo esperando en emboscada.",HIGH,"Audited for item description, price, condition, choice logic. CERTIFIED."
0x70A1,MAIN_GAME,"Hiyeee! Welcome to the Happy Mask Shop! We deal in masks that bring  happiness to everyone! --- PAGE --- How would you like to be a  happiness salesman? I'll lend you a mask. You sell the mask and  bring the money back here. --- PAGE --- If you want to read the fine  print, take a look at the sign  right over there. --- PAGE --- After you've sold all the masks, you will become happy yourself! --- PAGE --- Have faith...","¡Hiyeee! ¡Bienvenido a la Tienda de Máscaras Felices! ¡Nos dedicamos a máscaras que traen felicidad a todos! --- PAGE --- ¿Te gustaría ser vendedor de felicidad? Te prestaré una máscara. Vendes la máscara y traes el dinero de vuelta aquí. --- PAGE --- Si quieres leer la letra pequeña, echa un vistazo al letrero justo allí. --- PAGE --- Después de que vendas todas las máscaras, ¡te volverás feliz tú mismo! --- PAGE --- Ten fe...",HIGH_RISK,NO,oot.o2r::text/nes_message_data_static,,,,NPC_DIALOGUE message,Source code context & item / shop interaction,Checked against GLOSSARY_ES_419.csv,NONE,PASS,"¡Hiyeee! ¡Bienvenido a la Tienda de Máscaras Felices! ¡Nos dedicamos a máscaras que traen felicidad a todos! --- PAGE --- ¿Te gustaría ser vendedor de felicidad? Te prestaré una máscara. Vendes la máscara y traes el dinero de vuelta aquí. --- PAGE --- Si quieres leer la letra pequeña, echa un vistazo al letrero justo allí. --- PAGE --- Después de que vendas todas las máscaras, ¡te volverás feliz tú mismo! --- PAGE --- Ten fe...",HIGH,"Audited for item description, price, condition, choice logic. CERTIFIED."
0x401F,MAIN_GAME,"Ohhh, I'm revived... Was it you who saved me? Don't be so nervous! --- PAGE --- I will give you a Zora Tunic as a token of my thanks. If you have this, you can... What?! --- PAGE --- You already have one? You're  ready for anything, aren't you! --- PAGE --- With my heartfelt thanks...how  about a KISS?! What? You don't  want it?! Oh well... --- PAGE --- If you don't want my rewards, you can listen to my troubles...","Ohhh, reviví. ¿Fuiste tú quien me salvó? No estés tan nervioso. --- PAGE --- Te daré una Túnica de los Zoras como agradecimiento. Si tienes esto, puedes... ¿Qué? --- PAGE --- ¿Ya tienes una? Estás preparado para todo, ¿no? --- PAGE --- Con mi agradecimiento de corazón... ¿qué tal un BESO? ¿Qué? ¿No lo quieres? Bueno. --- PAGE --- Si no quieres mis recompensas, puedes escuchar mis problemas.",HIGH_RISK,NO,oot.o2r::text/nes_message_data_static,,,,NPC_DIALOGUE message,Source code context & item / shop interaction,Checked against GLOSSARY_ES_419.csv,NONE,PASS,"Ohhh, reviví. ¿Fuiste tú quien me salvó? No estés tan nervioso. --- PAGE --- Te daré una Túnica de los Zoras como agradecimiento. Si tienes esto, puedes... ¿Qué? --- PAGE --- ¿Ya tienes una? Estás preparado para todo, ¿no? --- PAGE --- Con mi agradecimiento de corazón... ¿qué tal un BESO? ¿Qué? ¿No lo quieres? Bueno. --- PAGE --- Si no quieres mis recompensas, puedes escuchar mis problemas.",HIGH,"Audited for item description, price, condition, choice logic. CERTIFIED."
0x7037,MAIN_GAME,"That's right... The Temple of Time is the entrance through which you can enter the Sacred Realm from our world. --- PAGE --- But the entrance is sealed with a stone wall called the  Door of Time. --- PAGE --- And, in order to open the door, it is said that you need to collect three Spiritual Stones. --- PAGE --- And another thing you need...is the treasure that the Royal Family keeps along with this legend...","Así es... El Templo del Tiempo es la entrada por la cual puedes entrar al Reino Sagrado desde nuestro mundo. --- PAGE --- Pero la entrada está sellada con una pared de piedra llamada la Puerta del Tiempo. --- PAGE --- Y, para abrir la puerta, dicen que necesitas reunir tres Piedras Espirituales. --- PAGE --- Y otra cosa que necesitas... es el tesoro que la Familia Real guarda junto con esta leyenda...",HIGH_RISK,NO,oot.o2r::text/nes_message_data_static,,,,NPC_DIALOGUE message,Source code context & item / shop interaction,Checked against GLOSSARY_ES_419.csv,NONE,PASS,"Así es... El Templo del Tiempo es la entrada por la cual puedes entrar al Reino Sagrado desde nuestro mundo. --- PAGE --- Pero la entrada está sellada con una pared de piedra llamada la Puerta del Tiempo. --- PAGE --- Y, para abrir la puerta, dicen que necesitas reunir tres Piedras Espirituales. --- PAGE --- Y otra cosa que necesitas... es el tesoro que la Familia Real guarda junto con esta leyenda...",HIGH,"Audited for item description, price, condition, choice logic. CERTIFIED."
0x5028,MAIN_GAME,"I am the boss of the carpenters that Impa hired to improve this village and make it into a true city! --- PAGE --- But young men these days don't have any ambition... Do you know what I mean, kid? --- PAGE --- My workers are just running aimlessly around the village, and they're not making any progress at all... --- PAGE --- Even my own son doesn't have a  job, and he just wanders around all day!","Soy el jefe de los carpinteros que Impa contrató para mejorar este pueblo y convertirlo en una ciudad de verdad. --- PAGE --- Pero los jóvenes de hoy en día no tienen ninguna ambición... ¿Sabes lo que quiero decir, chico? --- PAGE --- Mis trabajadores solo andan corriendo sin rumbo por el pueblo y no están haciendo ningún progreso... --- PAGE --- Incluso mi propio hijo no tiene trabajo y solo deambula todo el día.",HIGH_RISK,NO,oot.o2r::text/nes_message_data_static,,,,NPC_DIALOGUE message,Source code context & item / shop interaction,Checked against GLOSSARY_ES_419.csv,NONE,PASS,"Soy el jefe de los carpinteros que Impa contrató para mejorar este pueblo y convertirlo en una ciudad de verdad. --- PAGE --- Pero los jóvenes de hoy en día no tienen ninguna ambición... ¿Sabes lo que quiero decir, chico? --- PAGE --- Mis trabajadores solo andan corriendo sin rumbo por el pueblo y no están haciendo ningún progreso... --- PAGE --- Incluso mi propio hijo no tiene trabajo y solo deambula todo el día.",HIGH,"Audited for item description, price, condition, choice logic. CERTIFIED."
0x702C,MAIN_GAME,"Hello, and who might you be? --- PAGE --- Yep, I'm Talon, the owner of Lon  Lon Ranch. --- PAGE --- I went to the castle to deliver some milk, but I sat down here to rest, and I guess I fell asleep... --- PAGE --- What?! Malon was looking for me? I'm gonna catch it from her now! --- PAGE --- I messed up bad, leaving Malon behind to wait for me! --- PAGE --- She's really gonna let me have it!","Hola, ¿y quién podrías ser? --- PAGE --- Sí, soy Talon, el dueño de Granja Lon Lon. --- PAGE --- Fui al castillo a entregar leche, pero me senté aquí a descansar y creo que me quedé dormido... --- PAGE --- ¿Qué?! ¡Malon me estaba buscando! ¡Ahora me va a regañar! --- PAGE --- ¡La regué mal, dejando a Malon esperándome! --- PAGE --- ¡Sí que me va a dar!",HIGH_RISK,NO,oot.o2r::text/nes_message_data_static,,,,NPC_DIALOGUE message,Source code context & item / shop interaction,Checked against GLOSSARY_ES_419.csv,NONE,PASS,"Hola, ¿y quién podrías ser? --- PAGE --- Sí, soy Talon, el dueño de Granja Lon Lon. --- PAGE --- Fui al castillo a entregar leche, pero me senté aquí a descansar y creo que me quedé dormido... --- PAGE --- ¿Qué?! ¡Malon me estaba buscando! ¡Ahora me va a regañar! --- PAGE --- ¡La regué mal, dejando a Malon esperándome! --- PAGE --- ¡Sí que me va a dar!",HIGH,"Audited for item description, price, condition, choice logic. CERTIFIED."
0x6040,MAIN_GAME,"Hey newcomer, you have a fine  horse! --- PAGE --- I don't know where you stole  it from, but... --- PAGE --- OK, how about challenging this  horseback archery? --- PAGE --- Once the horse starts galloping, shoot the targets with your arrows.  --- PAGE --- Let's see how many points you  can score. You get 20 arrows. --- PAGE --- If you can score 1,000 points, I will give you something good!","¡Ey novato, tienes un caballo muy bonito! --- PAGE --- No sé de dónde lo robaste, pero... --- PAGE --- Está bien, ¿qué tal enfrentar este tiro con arco a caballo? --- PAGE --- Una vez que el caballo empiece a cabarzar, dispara a los blancos con tus flechas. --- PAGE --- Veamos cuántos puntos puedes hacer. Tienes 20 flechas. --- PAGE --- ¡Si puedes hacer 1,000 puntos, te daré algo bueno!",HIGH_RISK,NO,oot.o2r::text/nes_message_data_static,,,,NPC_DIALOGUE message,Source code context & item / shop interaction,Checked against GLOSSARY_ES_419.csv,NONE,PASS,"¡Ey novato, tienes un caballo muy bonito! --- PAGE --- No sé de dónde lo robaste, pero... --- PAGE --- Está bien, ¿qué tal enfrentar este tiro con arco a caballo? --- PAGE --- Una vez que el caballo empiece a cabarzar, dispara a los blancos con tus flechas. --- PAGE --- Veamos cuántos puntos puedes hacer. Tienes 20 flechas. --- PAGE --- ¡Si puedes hacer 1,000 puntos, te daré algo bueno!",HIGH,"Audited for item description, price, condition, choice logic. CERTIFIED."
0x5043,MAIN_GAME,"Oh, your Cucco looks pretty  happy! He must have awakened an extremely lazy guy! --- PAGE --- You're a good Cucco Keeper! I'll give you a rare, valuable Cucco, if you're interested... --- PAGE --- Its name is Cojiro, and it used to be my brother's Cucco. Its blue body is quite charming. It's so cute! --- PAGE --- Since my brother has gone,  it's strange, but Cojiro has  stopped crowing.","Oh, ¡tu Cucco se ve bastante feliz! ¡Debe haber despertado a alguien muy holgazán! --- PAGE --- ¡Eres un buen Cuidador de Cuccos! Te daré un Cucco raro y valioso si te interesa... --- PAGE --- Se llama Cojiro y solía ser el Cucco de mi hermano. Su cuerpo azul es bastante encantador. ¡Es tan lindo! --- PAGE --- Desde que mi hermano se fue, es extraño, pero Cojiro ha dejado de cacarear.",HIGH_RISK,NO,oot.o2r::text/nes_message_data_static,,,,NPC_DIALOGUE message,Source code context & item / shop interaction,Checked against GLOSSARY_ES_419.csv,NONE,PASS,"Oh, ¡tu Cucco se ve bastante feliz! ¡Debe haber despertado a alguien muy holgazán! --- PAGE --- ¡Eres un buen Cuidador de Cuccos! Te daré un Cucco raro y valioso si te interesa... --- PAGE --- Se llama Cojiro y solía ser el Cucco de mi hermano. Su cuerpo azul es bastante encantador. ¡Es tan lindo! --- PAGE --- Desde que mi hermano se fue, es extraño, pero Cojiro ha dejado de cacarear.",HIGH,"Audited for item description, price, condition, choice logic. CERTIFIED."
0x6039,MAIN_GAME,"By the way... --- PAGE --- I really messed up... --- PAGE --- I was brainwashed by those old witches and used by Ganondorf to do his evil will... --- PAGE --- But isn't it funny? That a person like me could turn out to be the Sage of Spirit! --- PAGE --- And now, I'm going to fight them as one of the six Sages! Heh heh... --- PAGE --- I'm going to pay them back for what they did to me!","Por cierto... --- PAGE --- Realmente la regué... --- PAGE --- Me lavaron el cerebro esas viejas brujas y Ganondorf me usó para hacer su voluntad malvada... --- PAGE --- Pero ¿no es gracioso? ¿Que una persona como yo pudiera resultar ser la Sabia del Espíritu! --- PAGE --- ¡Y ahora, voy a luchar contra ellos como una de las seis Sabias! Jeje... --- PAGE --- ¡Voy a devolverles por lo que me hicieron!",HIGH_RISK,NO,oot.o2r::text/nes_message_data_static,,,,NPC_DIALOGUE message,Source code context & item / shop interaction,Checked against GLOSSARY_ES_419.csv,NONE,PASS,"Por cierto... --- PAGE --- Realmente la regué... --- PAGE --- Me lavaron el cerebro esas viejas brujas y Ganondorf me usó para hacer su voluntad malvada... --- PAGE --- Pero ¿no es gracioso? ¿Que una persona como yo pudiera resultar ser la Sabia del Espíritu! --- PAGE --- ¡Y ahora, voy a luchar contra ellos como una de las seis Sabias! Jeje... --- PAGE --- ¡Voy a devolverles por lo que me hicieron!",HIGH,"Audited for item description, price, condition, choice logic. CERTIFIED."
0x101A,MAIN_GAME,"Ow-ow-ow! Forgive me, master! If I give you a clue, will you let  me go? --- PAGE --- When you jump off a high cliff, if you hold [D-Pad] forward, you will roll on the ground when you land  and won't get hurt from the fall. --- PAGE --- I can't guarantee it will work, though, if the cliff is really, really high, heh heh! --- PAGE --- Well, try it if you are feeling bold! Wah ha hah!","¡Ay, ay, ay! ¡Perdóname, maestro! Si te doy una pista, ¿me dejas ir? --- PAGE --- Cuando saltes de un acantilado alto, si mantienes [D-Pad] hacia adelante, harás una voltereta al aterrizar y no te lastimarás con la caída. --- PAGE --- No puedo garantizar que funcione si el acantilado es realmente, realmente alto, ¡je je! --- PAGE --- Bueno, ¡pruébalo si te atreves! ¡Wajajajá!",HIGH_RISK,NO,oot.o2r::text/nes_message_data_static,,,,NPC_DIALOGUE message,Source code context & item / shop interaction,Checked against GLOSSARY_ES_419.csv,NONE,PASS,"¡Ay, ay, ay! ¡Perdóname, maestro! Si te doy una pista, ¿me dejas ir? --- PAGE --- Cuando saltes de un acantilado alto, si mantienes [D-Pad] hacia adelante, harás una voltereta al aterrizar y no te lastimarás con la caída. --- PAGE --- No puedo garantizar que funcione si el acantilado es realmente, realmente alto, ¡je je! --- PAGE --- Bueno, ¡pruébalo si te atreves! ¡Wajajajá!",HIGH,"Audited for item description, price, condition, choice logic. CERTIFIED."
0x607D,MAIN_GAME,"I'm the wandering running man! I've run all over this land in search of true competitive spirit. --- PAGE --- I beat all my challengers, man and beast. --- PAGE --- You're an athletic guy, and you look like you might have a true killer instinct, too. --- PAGE --- Now that the bridge over Gerudo Valley is complete, I'm looking for a challenger to have a  commemorative race against.","¡Soy el Hombre Corredor Errante! He recorrido toda esta tierra en busca del verdadero espíritu competitivo. --- PAGE --- Vencí a todos mis desafiantes, hombres y bestias. --- PAGE --- Eres un tipo atlético, y pareces tener también un verdadero instinto asesino. --- PAGE --- Ahora que el puente sobre el Valle Gerudo está completo, estoy buscando un rival para carrera conmemorativa.",HIGH_RISK,NO,oot.o2r::text/nes_message_data_static,,,,NPC_DIALOGUE message,Source code context & item / shop interaction,Checked against GLOSSARY_ES_419.csv,NONE,PASS,"¡Soy el Hombre Corredor Errante! He recorrido toda esta tierra en busca del verdadero espíritu competitivo. --- PAGE --- Vencí a todos mis desafiantes, hombres y bestias. --- PAGE --- Eres un tipo atlético, y pareces tener también un verdadero instinto asesino. --- PAGE --- Ahora que el puente sobre el Valle Gerudo está completo, estoy buscando un rival para carrera conmemorativa.",HIGH,"Audited for item description, price, condition, choice logic. CERTIFIED."
0x6007,MAIN_GAME,"I have no idea where you  come from, but you must have a lot of guts to make it past all the guards around here! --- PAGE --- All of my fellow carpenters are imprisoned somewhere in here. --- PAGE --- If you can get us out of here, we'll repay the favor somehow! --- PAGE --- But be careful! There're sure to be Gerudo guards somewhere  around here.... --- PAGE --- Woo! Watch out!","No tengo idea de dónde vienes, pero debes tener mucho valor para pasar a todos los guardias de aquí. --- PAGE --- Todos mis compañeros carpinteros están encerrados en algún lugar de aquí. --- PAGE --- Si puedes sacarnos de aquí, ¡te recompensaremos de alguna manera! --- PAGE --- Pero ten cuidado! ¡Seguro que hay guardias Gerudo en algún lugar de aquí.... --- PAGE --- ¡Uy! ¡Cuidado!",HIGH_RISK,NO,oot.o2r::text/nes_message_data_static,,,,NPC_DIALOGUE message,Source code context & item / shop interaction,Checked against GLOSSARY_ES_419.csv,NONE,PASS,"No tengo idea de dónde vienes, pero debes tener mucho valor para pasar a todos los guardias de aquí. --- PAGE --- Todos mis compañeros carpinteros están encerrados en algún lugar de aquí. --- PAGE --- Si puedes sacarnos de aquí, ¡te recompensaremos de alguna manera! --- PAGE --- Pero ten cuidado! ¡Seguro que hay guardias Gerudo en algún lugar de aquí.... --- PAGE --- ¡Uy! ¡Cuidado!",HIGH,"Audited for item description, price, condition, choice logic. CERTIFIED."
0x302D,MAIN_GAME,"Are you going to clear out the  Dodongos? It's a Goron problem, though. You're a nosey little kid, aren't you?! --- PAGE --- Well, of course we'll be happy if  you fix it so we can get all the Bombs we want, like we used to... --- PAGE --- Just let me warn you, though... Dodongos are scary creatures!  They'll eat ANYTHING!! --- PAGE --- So watch yourself, and don't  get eaten!","¿Vas a acabar con los Dodongos? Es un asunto Goron, pero. ¡Eres un niño entrometido, ¿no?! --- PAGE --- Bueno, por supuesto nos alegraremos si arreglas las cosas para que podamos tener todas las Bombas que queramos, como antes... --- PAGE --- Solo déjame advertirte... ¡Los Dodongos son criaturas terribles! ¡¡Se comen TODO!! --- PAGE --- Así que ten cuidado y no dejes que te coman.",HIGH_RISK,NO,oot.o2r::text/nes_message_data_static,,,,NPC_DIALOGUE message,Source code context & item / shop interaction,Checked against GLOSSARY_ES_419.csv,NONE,PASS,"¿Vas a acabar con los Dodongos? Es un asunto Goron, pero. ¡Eres un niño entrometido, ¿no?! --- PAGE --- Bueno, por supuesto nos alegraremos si arreglas las cosas para que podamos tener todas las Bombas que queramos, como antes... --- PAGE --- Solo déjame advertirte... ¡Los Dodongos son criaturas terribles! ¡¡Se comen TODO!! --- PAGE --- Así que ten cuidado y no dejes que te coman.",HIGH,"Audited for item description, price, condition, choice logic. CERTIFIED."
0x7082,MAIN_GAME,"Your spirit remained in the Sacred Realm...and then the Triforce fell  into Ganondorf's hands. He went on to invade the Sacred Realm... --- PAGE --- Ganondorf had become the Evil King, and the Sacred Realm became a world of evil. All of this is an unfortunate coincidence. --- PAGE --- I passed myself off as a Sheikah and hoped that you would return. I waited for seven years...","Tu espíritu permaneció en el Reino Sagrado... y luego la Triforce cayó en las manos de Ganondorf. Él continuó invadiendo el Reino Sagrado... --- PAGE --- Ganondorf se había convertido en el Rey Maligno, y el Reino Sagrado se convirtió en un mundo de maldad. Todo esto fue una desafortunada coincidencia. --- PAGE --- Me hice pasar por una Sheikah y esperé que regresarás. Esperé siete años...",HIGH_RISK,NO,oot.o2r::text/nes_message_data_static,,,,NPC_DIALOGUE message,Source code context & item / shop interaction,Checked against GLOSSARY_ES_419.csv,NONE,PASS,"Tu espíritu permaneció en el Reino Sagrado... y luego la Triforce cayó en las manos de Ganondorf. Él continuó invadiendo el Reino Sagrado... --- PAGE --- Ganondorf se había convertido en el Rey Maligno, y el Reino Sagrado se convirtió en un mundo de maldad. Todo esto fue una desafortunada coincidencia. --- PAGE --- Me hice pasar por una Sheikah y esperé que regresarás. Esperé siete años...",HIGH,"Audited for item description, price, condition, choice logic. CERTIFIED."
0x70AA,MAIN_GAME,"As a reward... I will lend you this special mask. --- PAGE --- This is the Mask of Truth. It is a mysterious mask passed down by  the Sheikah. --- PAGE --- With this mask you can see into  other people's minds... It's useful, but scary! --- PAGE --- Why is it scary? --- PAGE --- You may find out as you grow older and discover the true  meaning of life... --- PAGE --- Ho ho ho!","Como recompensa... Te prestaré esta máscara especial. --- PAGE --- Esta es la Máscara de la Verdad. Es una máscara misteriosa transmitida por los Sheikah. --- PAGE --- Con esta máscara puedes ver dentro de la mente de otras personas... ¡Es útil, pero da miedo! --- PAGE --- ¿Por qué da miedo? --- PAGE --- Lo descubrirás cuando crezcas y descubras el verdadero significado de la vida... --- PAGE --- ¡Jo jo jo!",HIGH_RISK,NO,oot.o2r::text/nes_message_data_static,,,,NPC_DIALOGUE message,Source code context & item / shop interaction,Checked against GLOSSARY_ES_419.csv,NONE,PASS,"Como recompensa... Te prestaré esta máscara especial. --- PAGE --- Esta es la Máscara de la Verdad. Es una máscara misteriosa transmitida por los Sheikah. --- PAGE --- Con esta máscara puedes ver dentro de la mente de otras personas... ¡Es útil, pero da miedo! --- PAGE --- ¿Por qué da miedo? --- PAGE --- Lo descubrirás cuando crezcas y descubras el verdadero significado de la vida... --- PAGE --- ¡Jo jo jo!",HIGH,"Audited for item description, price, condition, choice logic. CERTIFIED."
0x605B,MAIN_GAME,"Did you come here to save me?  Oh, that's just swell! I'm Ichiro the carpenter. --- PAGE --- We were really interested in  joining their all-female group, but  they locked us up like this just because we're men! --- PAGE --- We don't care about the Gerudo  anymore! They're so rude! --- PAGE --- Three of my fellows have also  been captured, so please help  them escape, too!","¿Viniste a salvarme? ¡Oh, eso es genial! Soy Ichiro, el carpintero. --- PAGE --- Estábamos muy interesados en unirse a su grupo todo femenino, pero nos encerraron así solo ¡porque somos hombres! --- PAGE --- ¡Ya no nos importan las Gerudo! ¡Son muy groseras! --- PAGE --- Tres de mis compañeros también fueron capturados, así que por favor ayúdalos a escapar también.",HIGH_RISK,NO,oot.o2r::text/nes_message_data_static,,,,NPC_DIALOGUE message,Source code context & item / shop interaction,Checked against GLOSSARY_ES_419.csv,NONE,PASS,"¿Viniste a salvarme? ¡Oh, eso es genial! Soy Ichiro, el carpintero. --- PAGE --- Estábamos muy interesados en unirse a su grupo todo femenino, pero nos encerraron así solo ¡porque somos hombres! --- PAGE --- ¡Ya no nos importan las Gerudo! ¡Son muy groseras! --- PAGE --- Tres de mis compañeros también fueron capturados, así que por favor ayúdalos a escapar también.",HIGH,"Audited for item description, price, condition, choice logic. CERTIFIED."
0x5018,MAIN_GAME,"Hey kid! Don't mess around with the  graves! --- PAGE --- I'm Damp the Gravekeeper! My face may be scary, but I'm not a bad guy... --- PAGE --- Let me give you an advertisement for my side business... --- PAGE --- Damp the Gravekeeper's Heart-Pounding Gravedigging Tour! --- PAGE --- What's gonna come out?! What's gonna come out?! When I start digging, we'll find out!","¡Oye, chico! ¡No te metas con las tumbas! --- PAGE --- ¡Soy Dampé, el Sepulturero! Mi cara puede ser aterradora, pero no soy malo... --- PAGE --- Déjame darte un anuncio de mi negocio secundario... --- PAGE --- ¡La Escalofriante Excavación de Dampé, el Sepulturero! --- PAGE --- ¡¿Qué va a salir?! ¡¿Qué va a salir?! Cuando empiece a cavar, ¡lo averiguaremos!",HIGH_RISK,NO,oot.o2r::text/nes_message_data_static,,,,NPC_DIALOGUE message,Source code context & item / shop interaction,Checked against GLOSSARY_ES_419.csv,NONE,PASS,"¡Oye, chico! ¡No te metas con las tumbas! --- PAGE --- ¡Soy Dampé, el Sepulturero! Mi cara puede ser aterradora, pero no soy malo... --- PAGE --- Déjame darte un anuncio de mi negocio secundario... --- PAGE --- ¡La Escalofriante Excavación de Dampé, el Sepulturero! --- PAGE --- ¡¿Qué va a salir?! ¡¿Qué va a salir?! Cuando empiece a cavar, ¡lo averiguaremos!",HIGH,"Audited for item description, price, condition, choice logic. CERTIFIED."
0x70A3,MAIN_GAME,"A mask is a [C] Button item. Set it to [C] and press [C] to wear it. --- PAGE --- If you talk to someone with a  mask on, you might get a reaction. --- PAGE --- If anyone is interested in the mask, he or she will ask you  about it. Someone may want the  mask. --- PAGE --- Somewhere in the world, somebody is waiting for these masks. --- PAGE --- Just have faith...","Una máscara es un objeto del botón [C]. Colócala en [C] y presiona [C] para usarla. --- PAGE --- Si hablas con alguien usando una máscara, podrías obtener una reacción. --- PAGE --- Si alguien está interesado en la máscara, te preguntará sobre ella. Alguien puede querer la máscara. --- PAGE --- En algún lugar del mundo, alguien está esperando por estas máscaras. --- PAGE --- Solo ten fe...",HIGH_RISK,NO,oot.o2r::text/nes_message_data_static,,,,NPC_DIALOGUE message,Source code context & item / shop interaction,Checked against GLOSSARY_ES_419.csv,NONE,PASS,"Una máscara es un objeto del botón [C]. Colócala en [C] y presiona [C] para usarla. --- PAGE --- Si hablas con alguien usando una máscara, podrías obtener una reacción. --- PAGE --- Si alguien está interesado en la máscara, te preguntará sobre ella. Alguien puede querer la máscara. --- PAGE --- En algún lugar del mundo, alguien está esperando por estas máscaras. --- PAGE --- Solo ten fe...",HIGH,"Audited for item description, price, condition, choice logic. CERTIFIED."
0x10D1,MAIN_GAME,"Whaaaaaaat?! --- PAGE --- Why would he summon you and not  the great Mido? --- PAGE --- This isn't funny... --- PAGE --- I don't believe it! You aren't even fully equipped yet! --- PAGE --- How do you think you're going to  help the Great Deku Tree without both a sword and shield ready? --- PAGE --- What? You're right, I don't have my equipment ready, but...","¿¡Qué dijiste?! ¡¿Qué?! ¿¡Cómo así que él te convocó y no al gran Mido? --- PAGE --- ¡Esto no tiene gracia... --- PAGE --- ¡No lo puedo creer! ¡Todavía no tienes todo equipado! --- PAGE --- ¿Cómo piensas ayudar al Gran Deku Tree sin tener tanto la espada como el escudo listos? --- PAGE --- ¿Qué? Tienes razón, no tengo mi equipo listo, pero...",HIGH_RISK,NO,oot.o2r::text/nes_message_data_static,,,,NPC_DIALOGUE message,Source code context & item / shop interaction,Checked against GLOSSARY_ES_419.csv,NONE,PASS,"¿¡Qué dijiste?! ¡¿Qué?! ¿¡Cómo así que él te convocó y no al gran Mido? --- PAGE --- ¡Esto no tiene gracia... --- PAGE --- ¡No lo puedo creer! ¡Todavía no tienes todo equipado! --- PAGE --- ¿Cómo piensas ayudar al Gran Árbol Deku sin tener tanto la espada como el escudo listos? --- PAGE --- ¿Qué? Tienes razón, no tengo mi equipo listo, pero...",HIGH,"Audited for item description, price, condition, choice logic. CERTIFIED."
0x3018,MAIN_GAME,"I'm so hungry that I can't think about anything but food! --- PAGE --- Ask Big Brother about complicated things. --- PAGE --- If he's in a bad mood, he'll  probably get mad at you...it can be pretty scary. But... --- PAGE --- I know his SECRET. --- PAGE --- He may not look like the type, but Big Brother loves to dance! If he gets in a rhythm, he'll surely...","Tengo tanta hambre que no puedo pensar en nada más que en comida. --- PAGE --- Pregúntale al Gran Hermano por las cosas complicadas. --- PAGE --- Si está de mal humor, probable- mente se enojará contigo... puede ser bastante aterrador. Pero... --- PAGE --- Conozco su SECRETO. --- PAGE --- Puede que no parezca del tipo, ¡pero al Gran Hermano le encanta bailar! Si se pone en ritmo, seguramente...",HIGH_RISK,NO,oot.o2r::text/nes_message_data_static,,,,NPC_DIALOGUE message,Source code context & item / shop interaction,Checked against GLOSSARY_ES_419.csv,NONE,PASS,"Tengo tanta hambre que no puedo pensar en nada más que en comida. --- PAGE --- Pregúntale al Gran Hermano por las cosas complicadas. --- PAGE --- Si está de mal humor, probable- mente se enojará contigo... puede ser bastante aterrador. Pero... --- PAGE --- Conozco su SECRETO. --- PAGE --- Puede que no parezca del tipo, ¡pero al Gran Hermano le encanta bailar! Si se pone en ritmo, seguramente...",HIGH,"Audited for item description, price, condition, choice logic. CERTIFIED."
0x3035,MAIN_GAME,"A long time ago there was an evil dragon named Volvagia living  in this mountain. --- PAGE --- That dragon was very scary! He ate Gorons! --- PAGE --- Using a huge hammer, the hero of the Gorons... BOOOM! --- PAGE --- Destroyed it just like that. This is  a myth from long ago, but it's  true! --- PAGE --- I know, because my dad is a descendant of the hero!","Hace mucho tiempo había un dragón malvado llamado Volvagia que vivía en esta montaña. --- PAGE --- ¡Ese dragón era muy aterrador! ¡Se comía a los Gorons! --- PAGE --- Usando un enorme martillo, el héroe de los Gorons... ¡¡BOOOM!! --- PAGE --- Lo destruyó así como así. Esto es un mito de hace mucho, ¡pero es verdad! --- PAGE --- Lo sé, porque mi papá es descendiente del héroe.",HIGH_RISK,NO,oot.o2r::text/nes_message_data_static,,,,NPC_DIALOGUE message,Source code context & item / shop interaction,Checked against GLOSSARY_ES_419.csv,NONE,PASS,"Hace mucho tiempo había un dragón malvado llamado Volvagia que vivía en esta montaña. --- PAGE --- ¡Ese dragón era muy aterrador! ¡Se comía a los Gorons! --- PAGE --- Usando un enorme martillo, el héroe de los Gorons... ¡¡BOOOM!! --- PAGE --- Lo destruyó así como así. Esto es un mito de hace mucho, ¡pero es verdad! --- PAGE --- Lo sé, porque mi papá es descendiente del héroe.",HIGH,"Audited for item description, price, condition, choice logic. CERTIFIED."
0x3024,MAIN_GAME,"I'm so hungry that I can't think about anything but food! --- PAGE --- ""Spiritual Stone?"" That red stone that was lighting up our city? --- PAGE --- Big Brother Darunia took it away. Then, he shut himself up in his room and won't come out. --- PAGE --- Since then, it feels like all the lights in the city have gone  out... Everyone seems so... depressed...","Tengo tanta hambre que no puedo pensar en nada más que en comida. --- PAGE --- ¿""Piedra Espiritual""? ¿Esa piedra roja que iluminaba nuestra ciudad? --- PAGE --- El Gran Hermano Darunia se la llevó. Luego se encerró en su habitación y no quiere salir. --- PAGE --- Desde entonces, parece que todas las luces de la ciudad se han apagado... Todos parecen tan... deprimidos...",HIGH_RISK,NO,oot.o2r::text/nes_message_data_static,,,,NPC_DIALOGUE message,Source code context & item / shop interaction,Checked against GLOSSARY_ES_419.csv,NONE,PASS,"Tengo tanta hambre que no puedo pensar en nada más que en comida. --- PAGE --- ¿""Piedra Espiritual""? ¿Esa piedra roja que iluminaba nuestra ciudad? --- PAGE --- El Gran Hermano Darunia se la llevó. Luego se encerró en su habitación y no quiere salir. --- PAGE --- Desde entonces, parece que todas las luces de la ciudad se han apagado... Todos parecen tan... deprimidos...",HIGH,"Audited for item description, price, condition, choice logic. CERTIFIED."
0x6018,MAIN_GAME,"The first trial is...the River of  Sand! You can't walk across this river! After you cross it, follow the flags we placed there. --- PAGE --- The second trial is...the Phantom Guide! --- PAGE --- Those without eyes that can see the truth will only find themselves returning here. --- PAGE --- You are going anyway, aren't you? I won't stop you... Go ahead!","La primera prueba es... ¡el Río de Arena! ¡No puedes caminar sobre este río! Después de cruzarlo, sigue las banderas que colocamos allí. --- PAGE --- La segunda prueba es... ¡el Guía Fantasma! --- PAGE --- Aquellos sin ojos que puedan ver la verdad solo se encontrarán de regreso aquí. --- PAGE --- Vas a ir de todos modos, ¿verdad? No te detendré... ¡Adelante!",HIGH_RISK,NO,oot.o2r::text/nes_message_data_static,,,,NPC_DIALOGUE message,Source code context & item / shop interaction,Checked against GLOSSARY_ES_419.csv,NONE,PASS,"La primera prueba es... ¡el Río de Arena! ¡No puedes caminar sobre este río! Después de cruzarlo, sigue las banderas que colocamos allí. --- PAGE --- La segunda prueba es... ¡el Guía Fantasma! --- PAGE --- Aquellos sin ojos que puedan ver la verdad solo se encontrarán de regreso aquí. --- PAGE --- Vas a ir de todos modos, ¿verdad? No te detendré... ¡Adelante!",HIGH,"Audited for item description, price, condition, choice logic. CERTIFIED."
0x7091,MAIN_GAME,"All the tragedy that has befallen Hyrule was my doing... --- PAGE --- I was so young...I could not comprehend the consequences of  trying to control the Sacred Realm. --- PAGE --- I dragged you into it, too. --- PAGE --- Now it is time for me to make up  for my mistakes... --- PAGE --- You must lay the Master Sword to  rest and close the Door of Time...",Toda la tragedia que ha caído sobre Hyrule fue obra mía... --- PAGE --- Era tan joven... no podía comprender las consecuencias de intentar controlar el Reino Sagrado. --- PAGE --- Te arrastré a ti también. --- PAGE --- Ahora es momento de que enmiende mis errores... --- PAGE --- Debes dejar descansar la Espada Maestra y cerrar la Puerta del Tiempo...,HIGH_RISK,NO,oot.o2r::text/nes_message_data_static,,,,NPC_DIALOGUE message,Source code context & item / shop interaction,Checked against GLOSSARY_ES_419.csv,NONE,PASS,Toda la tragedia que ha caído sobre Hyrule fue obra mía... --- PAGE --- Era tan joven... no podía comprender las consecuencias de intentar controlar el Reino Sagrado. --- PAGE --- Te arrastré a ti también. --- PAGE --- Ahora es momento de que enmiende mis errores... --- PAGE --- Debes dejar descansar la Espada Maestra y cerrar la Puerta del Tiempo...,HIGH,"Audited for item description, price, condition, choice logic. CERTIFIED."
0x203F,MAIN_GAME,"What?  What are you doing  hanging around here? You little weirdo! --- PAGE --- I am Ingo and I mind the ranch. --- PAGE --- I've been working at this ranch  for a long time for that lazy bum, Talon. --- PAGE --- Today, for example, he's gone somewhere for a delivery and he  hasn't come back yet! --- PAGE --- So, I'm doing all the work around here.","¿Qué? ¿Qué estás haciendo por aquí? ¡Chico raro! --- PAGE --- Soy Ingo y cuido la rancha. --- PAGE --- He estado trabajando en esta rancha por mucho tiempo para ese holgazán de Talon. --- PAGE --- Hoy, por ejemplo, se fue a algún lado por una entrega y ¡aún no ha vuelto! --- PAGE --- Así que estoy haciendo todo el trabajo por aquí.",HIGH_RISK,NO,oot.o2r::text/nes_message_data_static,,,,NPC_DIALOGUE message,Source code context & item / shop interaction,Checked against GLOSSARY_ES_419.csv,NONE,PASS,"¿Qué? ¿Qué estás haciendo por aquí? ¡Chico raro! --- PAGE --- Soy Ingo y cuido la rancha. --- PAGE --- He estado trabajando en esta rancha por mucho tiempo para ese holgazán de Talon. --- PAGE --- Hoy, por ejemplo, se fue a algún lado por una entrega y ¡aún no ha vuelto! --- PAGE --- Así que estoy haciendo todo el trabajo por aquí.",HIGH,"Audited for item description, price, condition, choice logic. CERTIFIED."
0x303E,MAIN_GAME,"It is something that grows over time... a true friendship. A feeling in the heart that  becomes even stronger over time... --- PAGE --- The passion of friendship will  soon blossom into a righteous power and through it, you will know which way to go... --- PAGE --- This song is dedicated to the  power of the heart... Listen to the Bolero of Fire...","Es algo que crece con el tiempo... una verdadera amistad. Un sentimiento en el corazón que se vuelve aún más fuerte con el tiempo... --- PAGE --- La pasión de la amistad pronto florecerá en un poder recto y a través de él, sabrás hacia dónde ir... --- PAGE --- Esta canción está dedicada al poder del corazón... Escucha el Bolero de Fuego...",HIGH_RISK,NO,oot.o2r::text/nes_message_data_static,,,,NPC_DIALOGUE message,Source code context & item / shop interaction,Checked against GLOSSARY_ES_419.csv,NONE,PASS,"Es algo que crece con el tiempo... una verdadera amistad. Un sentimiento en el corazón que se vuelve aún más fuerte con el tiempo... --- PAGE --- La pasión de la amistad pronto florecerá en un poder recto y a través de él, sabrás hacia dónde ir... --- PAGE --- Esta canción está dedicada al poder del corazón... Escucha el Bolero de Fuego...",HIGH,"Audited for item description, price, condition, choice logic. CERTIFIED."
