id,tier,english,spanish,tier_preserved,semantic_issue,humor_issue,decision
Hint::RHT_DEKU_TREE_MAP_CHEST::0,CLEAR,They say that in the #center of the Deku Tree# lies #[1]#.,Dicen que en el #centro del Árbol Deku# se encuentra #[1]#.,YES,NONE,NONE,PASS
Hint::RHT_DEKU_TREE_SLINGSHOT_CHEST::1,CLEAR,They say that the #treasure guarded by a scrub# in the Deku Tree is #[1]#.,Dicen que el #tesoro custodiado por un scrub# en el Árbol Deku es #[1]#.,YES,NONE,NONE,PASS
Hint::RHT_DEKU_TREE_SLINGSHOT_ROOM_SIDE_CHEST::2,CLEAR,They say that the #treasure guarded by a scrub# in the Deku Tree is #[1]#.,Dicen que el #tesoro custodiado por un scrub# en el Árbol Deku es #[1]#.,YES,NONE,NONE,PASS
Hint::RHT_DEKU_TREE_COMPASS_CHEST::3,CLEAR,They say that #pillars of wood# in the Deku Tree lead to #[1]#.,Dicen que los #pilares de madera# en el Árbol Deku conducen a #[1]#.,YES,NONE,NONE,PASS
Hint::RHT_DEKU_TREE_COMPASS_ROOM_SIDE_CHEST::4,CLEAR,They say that #pillars of wood# in the Deku Tree lead to #[1]#.,Dicen que los #pilares de madera# en el Árbol Deku conducen a #[1]#.,YES,NONE,NONE,PASS
Hint::RHT_DEKU_TREE_BASEMENT_CHEST::5,CLEAR,They say that #webs in the Deku Tree# hide #[1]#.,Dicen que las #telarañas en el Árbol Deku# esconden #[1]#.,YES,NONE,NONE,PASS
Hint::RHT_DEKU_TREE_MQ_MAP_CHEST::6,CLEAR,They say that in the #center of the Deku Tree# lies #[1]#.,Dicen que en el #centro del Árbol Deku# se encuentra #[1]#.,YES,NONE,NONE,PASS
Hint::RHT_DEKU_TREE_MQ_COMPASS_CHEST::7,CLEAR,They say that a #treasure guarded by a large spider# in the Deku Tree is #[1]#.,Dicen que un #tesoro custodiado por una araña gigante# en el Árbol Deku es #[1]#.,YES,NONE,NONE,PASS
Hint::RHT_DEKU_TREE_MQ_SLINGSHOT_CHEST::8,CLEAR,They say that #pillars of wood# in the Deku Tree lead to #[1]#.,Dicen que los #pilares de madera# en el Árbol Deku conducen a #[1]#.,YES,NONE,NONE,PASS
Hint::RHT_DEKU_TREE_MQ_SLINGSHOT_ROOM_BACK_CHEST::9,CLEAR,They say that #pillars of wood# in the Deku Tree lead to #[1]#.,Dicen que los #pilares de madera# en el Árbol Deku conducen a #[1]#.,YES,NONE,NONE,PASS
Hint::RHT_DEKU_TREE_MQ_BASEMENT_CHEST::10,CLEAR,They say that #webs in the Deku Tree# hide #[1]#.,Dicen que las #telarañas en el Árbol Deku# esconden #[1]#.,YES,NONE,NONE,PASS
Hint::RHT_DEKU_TREE_MQ_BEFORE_SPINNING_LOG_CHEST::11,CLEAR,They say that #magical fire in the Deku Tree# leads to #[1]#.,Dicen que el #fuego mágico en el Árbol Deku# conduce a #[1]#.,YES,NONE,NONE,PASS
Hint::RHT_DEKU_TREE_QUEEN_GOHMA_HEART::12,CLEAR,They say that #Queen Gohma# holds #[1]#.,Dicen que la #Reina Gohma# posee #[1]#.,YES,NONE,NONE,PASS
Hint::RHT_DEKU_TREE_QUEEN_GOHMA_HEART::13,CLEAR,They say that the #Parasitic Armored Arachnid# holds #[1]#.,Dicen que el #Arácnido Parásito Blindado# posee #[1]#.,YES,NONE,NONE,PASS
Hint::RHT_DEKU_TREE_GS_BASEMENT_BACK_ROOM::14,CLEAR,They say that a #spider deep within the Deku Tree# hides #[1]#.,Dicen que una #araña en las profundidades del Árbol Deku# esconde #[1]#.,YES,NONE,NONE,PASS
Hint::RHT_DEKU_TREE_GS_BASEMENT_GATE::15,CLEAR,They say that a #web protects a spider# within the Deku Tree holding #[1]#.,Dicen que una #telaraña protege a una araña# dentro del Árbol Deku que posee #[1]#.,YES,NONE,NONE,PASS
Hint::RHT_DEKU_TREE_GS_BASEMENT_VINES::16,CLEAR,They say that a #web protects a spider# within the Deku Tree holding #[1]#.,Dicen que una #telaraña protege a una araña# dentro del Árbol Deku que posee #[1]#.,YES,NONE,NONE,PASS
Hint::RHT_DEKU_TREE_GS_COMPASS_ROOM::17,CLEAR,They say that a #spider atop the Deku Tree# holds #[1]#.,Dicen que una #araña sobre el Árbol Deku# posee #[1]#.,YES,NONE,NONE,PASS
Hint::RHT_DEKU_TREE_MQ_GS_LOBBY::18,CLEAR,They say that a #spider in a crate# within the Deku Tree hides #[1]#.,Dicen que una #araña en una caja# dentro del Árbol Deku esconde #[1]#.,YES,NONE,NONE,PASS
Hint::RHT_DEKU_TREE_MQ_GS_PAST_BOULDER_VINES::19,CLEAR,They say that a #wall of rock protects a spider# within the Deku Tree holding #[1]#.,Dicen que una #pared de roca protege a una araña# dentro del Árbol Deku que posee #[1]#.,YES,NONE,NONE,PASS
Hint::RHT_DEKU_TREE_MQ_GS_BASEMENT_BACK_ROOM::20,CLEAR,They say that a #spider deep within the Deku Tree# hides #[1]#.,Dicen que una #araña en las profundidades del Árbol Deku# esconde #[1]#.,YES,NONE,NONE,PASS
Hint::RHT_DEKU_TREE_MQ_DEKU_SCRUB::21,CLEAR,They say that a #scrub in the Deku Tree# sells #[1]#.,Dicen que un #scrub en el Árbol Deku# vende #[1]#.,YES,NONE,NONE,PASS
Hint::RHT_DEKU_TREE_HEART::22,CLEAR,They say that a #heart in the Deku Tree# hides #[1]#.,Dicen que un #corazón en el Árbol Deku# esconde #[1]#.,YES,NONE,NONE,PASS
Hint::RHT_DEKU_TREE_GRASS::23,CLEAR,They say that some #grass in the Deku Tree# hides #[1]#.,Dicen que algo de #hierba en el Árbol Deku# esconde #[1]#.,YES,NONE,NONE,PASS
Hint::RHT_CRATE_DEKU_TREE::24,CLEAR,They say that a #crate in the Deku Tree# contains #[1]#.,Dicen que una #caja en el Árbol Deku# contiene #[1]#.,YES,NONE,NONE,PASS
Hint::RHT_DODONGOS_CAVERN_BOSS_ROOM_CHEST::25,CLEAR,They say that #above King Dodongo# lies #[1]#.,Dicen que #encima del Rey Dodongo# se encuentra #[1]#.,YES,NONE,NONE,PASS
Hint::RHT_DODONGOS_CAVERN_MAP_CHEST::26,CLEAR,They say that a #muddy wall in Dodongo's Cavern# hides #[1]#.,Dicen que una #pared embarrada en la Cueva de Dodongo# esconde #[1]#.,YES,NONE,NONE,PASS
Hint::RHT_DODONGOS_CAVERN_COMPASS_CHEST::27,CLEAR,They say that a #statue in Dodongo's Cavern# guards #[1]#.,Dicen que una #estatua en la Cueva de Dodongo# custodia #[1]#.,YES,NONE,NONE,PASS
Hint::RHT_DODONGOS_CAVERN_BOMB_FLOWER_PLATFORM_CHEST::28,CLEAR,They say that above a #maze of stone# in Dodongo's Cavern lies #[1]#.,Dicen que encima de un #laberinto de piedra# en la Cueva de Dodongo se encuentra #[1]#.,YES,NONE,NONE,PASS
Hint::RHT_DODONGOS_CAVERN_BOMB_BAG_CHEST::29,CLEAR,They say that the #second lizard cavern battle# yields #[1]#.,Dicen que la #segunda batalla contra lagartos# ofrece #[1]#.,YES,NONE,NONE,PASS
Hint::RHT_DODONGOS_CAVERN_END_OF_BRIDGE_CHEST::30,CLEAR,They say that a #chest at the end of a bridge# yields #[1]#.,Dicen que un #cofre al final de un puente# ofrece #[1]#.,YES,NONE,NONE,PASS
Hint::RHT_DODONGOS_CAVERN_MQ_MAP_CHEST::31,CLEAR,They say that a #muddy wall in Dodongo's Cavern# hides #[1]#.,Dicen que una #pared embarrada en la Cueva de Dodongo# esconde #[1]#.,YES,NONE,NONE,PASS
Hint::RHT_DODONGOS_CAVERN_MQ_BOMB_BAG_CHEST::32,CLEAR,They say that an #elevated alcove# in Dodongo's Cavern holds #[1]#.,Dicen que un #alojamiento elevado# en la Cueva de Dodongo posee #[1]#.,YES,NONE,NONE,PASS
Hint::RHT_DODONGOS_CAVERN_MQ_COMPASS_CHEST::33,CLEAR,They say that #fire-breathing lizards# in Dodongo's Cavern guard #[1]#.,Dicen que los #lagartos que escupen fuego# en la Cueva de Dodongo custodian #[1]#.,YES,NONE,NONE,PASS
Hint::RHT_DODONGOS_CAVERN_MQ_LARVAE_ROOM_CHEST::34,CLEAR,They say that #baby spiders# in Dodongo's Cavern guard #[1]#.,Dicen que las #arañas bebé# en la Cueva de Dodongo custodian #[1]#.,YES,NONE,NONE,PASS
Hint::RHT_DODONGOS_CAVERN_MQ_TORCH_PUZZLE_ROOM_CHEST::35,CLEAR,They say that above a #maze of stone# in Dodongo's Cavern lies #[1]#.,Dicen que encima de un #laberinto de piedra# en la Cueva de Dodongo se encuentra #[1]#.,YES,NONE,NONE,PASS
Hint::RHT_DODONGOS_CAVERN_MQ_UNDER_GRAVE_CHEST::36,CLEAR,They say that #beneath a headstone# in Dodongo's Cavern lies #[1]#.,Dicen que #debajo de una lápida# en la Cueva de Dodongo se encuentra #[1]#.,YES,NONE,NONE,PASS
Hint::RHT_DODONGOS_CAVERN_KING_DODONGO_HEART::37,CLEAR,They say that #King Dodongo# holds #[1]#.,Dicen que el #Rey Dodongo# posee #[1]#.,YES,NONE,NONE,PASS
Hint::RHT_DODONGOS_CAVERN_KING_DODONGO_HEART::38,CLEAR,They say that the #Infernal Dinosaur# holds #[1]#.,Dicen que el #Dinosaurio Infernal# posee #[1]#.,YES,NONE,NONE,PASS
Hint::RHT_DODONGOS_CAVERN_GS_VINES_ABOVE_STAIRS::39,CLEAR,They say that a #spider entangled in vines# in Dodongo's Cavern guards #[1]#.,Dicen que una #araña enredada en enredaderas# en la Cueva de Dodongo custodia #[1]#.,YES,NONE,NONE,PASS
Hint::RHT_DODONGOS_CAVERN_GS_SCARECROW::40,CLEAR,They say that a #spider among explosive slugs# hides #[1]#.,Dicen que una #araña entre caracoles explosivos# esconde #[1]#.,YES,NONE,NONE,PASS
Hint::RHT_DODONGOS_CAVERN_GS_ALCOVE_ABOVE_STAIRS::41,CLEAR,They say that a #spider just out of reach# in Dodongo's Cavern holds #[1]#.,Dicen que una #araña justo fuera de alcance# en la Cueva de Dodongo posee #[1]#.,YES,NONE,NONE,PASS
Hint::RHT_DODONGOS_CAVERN_GS_BACK_ROOM::42,CLEAR,They say that a #spider behind a statue# in Dodongo's Cavern holds #[1]#.,Dicen que una #araña detrás de una estatua# en la Cueva de Dodongo posee #[1]#.,YES,NONE,NONE,PASS
Hint::RHT_DODONGOS_CAVERN_GS_SIDE_ROOM_NEAR_LOWER_LIZALFOS::43,CLEAR,They say that a #spider among bats# in Dodongo's Cavern holds #[1]#.,Dicen que una #araña entre murciélagos# en la Cueva de Dodongo posee #[1]#.,YES,NONE,NONE,PASS
Hint::RHT_DODONGOS_CAVERN_MQ_GS_SCRUB_ROOM::44,CLEAR,They say that a #spider high on a wall# in Dodongo's Cavern holds #[1]#.,Dicen que una #araña alta en la pared# en la Cueva de Dodongo posee #[1]#.,YES,NONE,NONE,PASS
Hint::RHT_DODONGOS_CAVERN_MQ_GS_LIZALFOS_ROOM::45,CLEAR,They say that a #spider on top of a pillar of rock# in Dodongo's Cavern holds #[1]#.,Dicen que una #araña encima de un pilar de roca# en la Cueva de Dodongo posee #[1]#.,YES,NONE,NONE,PASS
Hint::RHT_DODONGOS_CAVERN_MQ_GS_LARVAE_ROOM::46,CLEAR,They say that a #spider in a crate# in Dodongo's Cavern holds #[1]#.,Dicen que una #araña en una caja# en la Cueva de Dodongo posee #[1]#.,YES,NONE,NONE,PASS
Hint::RHT_DODONGOS_CAVERN_MQ_GS_BACK_AREA::47,CLEAR,They say that a #spider among graves# in Dodongo's Cavern holds #[1]#.,Dicen que una #araña entre tumbas# en la Cueva de Dodongo posee #[1]#.,YES,NONE,NONE,PASS
Hint::RHT_DODONGOS_CAVERN_DEKU_SCRUB_NEAR_BOMB_BAG_LEFT::48,CLEAR,They say that a pair of #scrubs in Dodongo's Cavern# sells #[1]#.,Dicen que un par de #scrubs en la Cueva de Dodongo# vende #[1]#.,YES,NONE,NONE,PASS
Hint::RHT_DODONGOS_CAVERN_DEKU_SCRUB_SIDE_ROOM_NEAR_DODONGOS::49,CLEAR,They say that a #scrub guarded by Lizalfos# sells #[1]#.,Dicen que un #scrub custodiado por Lizalfos# vende #[1]#.,YES,NONE,NONE,PASS
Hint::RHT_DODONGOS_CAVERN_DEKU_SCRUB_NEAR_BOMB_BAG_RIGHT::50,CLEAR,They say that a pair of #scrubs in Dodongo's Cavern# sells #[1]#.,Dicen que un par de #scrubs en la Cueva de Dodongo# vende #[1]#.,YES,NONE,NONE,PASS
Hint::RHT_DODONGOS_CAVERN_DEKU_SCRUB_LOBBY::51,CLEAR,They say that a #scrub in Dodongo's Cavern# sells #[1]#.,Dicen que un #scrub en la Cueva de Dodongo# vende #[1]#.,YES,NONE,NONE,PASS
Hint::RHT_DODONGOS_CAVERN_MQ_DEKU_SCRUB_LOBBY_REAR::52,CLEAR,They say that a pair of #scrubs in Dodongo's Cavern# sells #[1]#.,Dicen que un par de #scrubs en la Cueva de Dodongo# vende #[1]#.,YES,NONE,NONE,PASS
Hint::RHT_DODONGOS_CAVERN_MQ_DEKU_SCRUB_LOBBY_FRONT::53,CLEAR,They say that a pair of #scrubs in Dodongo's Cavern# sells #[1]#.,Dicen que un par de #scrubs en la Cueva de Dodongo# vende #[1]#.,YES,NONE,NONE,PASS
Hint::RHT_DODONGOS_CAVERN_MQ_DEKU_SCRUB_STAIRCASE::54,CLEAR,They say that a #scrub in Dodongo's Cavern# sells #[1]#.,Dicen que un #scrub en la Cueva de Dodongo# vende #[1]#.,YES,NONE,NONE,PASS
Hint::RHT_DODONGOS_CAVERN_MQ_DEKU_SCRUB_SIDE_ROOM_NEAR_LOWER_LIZALFOS::55,CLEAR,They say that a #scrub guarded by Lizalfos# sells #[1]#.,Dicen que un #scrub custodiado por Lizalfos# vende #[1]#.,YES,NONE,NONE,PASS
Hint::RHT_POT_DODONGOS_CAVERN::56,CLEAR,They say that a #pot in Dodongo's Cavern# contains #[1]#.,Dicen que una #olla en la Cueva de Dodongo# contiene #[1]#.,YES,NONE,NONE,PASS
Hint::RHT_DODONGOS_CAVERN_HEART::57,CLEAR,They say that a #heart in Dodongo's Cavern# hides #[1]#.,Dicen que un #corazón en la Cueva de Dodongo# esconde #[1]#.,YES,NONE,NONE,PASS
Hint::RHT_DODONGOS_CAVERN_GOSSIP_STONE_FAIRY::58,CLEAR,They say that #playing a tune for an odd stone in Dodongo's Cavern# reveals #[1]#.,Dicen que #tocar una melodía para una piedra extraña en la Cueva de Dodongo# revela #[1]#.,YES,NONE,NONE,PASS
Hint::RHT_DODONGOS_CAVERN_GOSSIP_STONE_FAIRY_BIG::59,CLEAR,They say that #playing a stormy tune for an odd stone in Dodongo's Cavern# reveals #[1]#.,Dicen que #tocar una melodía tormentosa para una piedra extraña en la Cueva de Dodongo# revela #[1]#.,YES,NONE,NONE,PASS
Hint::RHT_DODONGOS_CAVERN_GRASS::60,CLEAR,They say that some #grass in Dodongo's Cavern# hides #[1]#.,Dicen que algo de #hierba en la Cueva de Dodongo# esconde #[1]#.,YES,NONE,NONE,PASS
Hint::RHT_CRATE_DODONGOS_CAVERN::61,CLEAR,They say that a #crate in Dodongo's Cavern# contains #[1]#.,Dicen que una #caja en la Cueva de Dodongo# contiene #[1]#.,YES,NONE,NONE,PASS
Hint::RHT_JABU_JABUS_BELLY_MAP_CHEST::62,CLEAR,They say that a #slimy thing# guards #[1]#.,Dicen que una #cosa resbalosa# custodia #[1]#.,YES,NONE,NONE,PASS
Hint::RHT_JABU_JABUS_BELLY_MAP_CHEST::63,CLEAR,They say that #tentacle trouble# in a deity's belly guards #[1]#.,Dicen que los #problemas con tentáculos# en el vientre de una deidad custodian #[1]#.,YES,NONE,NONE,PASS
Hint::RHT_JABU_JABUS_BELLY_COMPASS_CHEST::64,CLEAR,They say that #bubbles# guard #[1]#.,Dicen que las #burbujas# custodian #[1]#.,YES,NONE,NONE,PASS
Hint::RHT_JABU_JABUS_BELLY_COMPASS_CHEST::65,CLEAR,They say that #bubble trouble# in a deity's belly guards #[1]#.,Dicen que los #problemas con burbujas# en el vientre de una deidad custodian #[1]#.,YES,NONE,NONE,PASS
Hint::RHT_JABU_JABUS_BELLY_MQ_FIRST_ROOM_SIDE_CHEST::66,CLEAR,They say that shooting a #mouth cow# reveals #[1]#.,Dicen que disparar a una #boca vacuna# revela #[1]#.,YES,NONE,NONE,PASS
Hint::RHT_JABU_JABUS_BELLY_MQ_MAP_CHEST::67,CLEAR,They say that a #boulder before cows# hides #[1]#.,Dicen que un #roca antes de las vacas# esconde #[1]#.,YES,NONE,NONE,PASS
Hint::RHT_JABU_JABUS_BELLY_MQ_MAP_CHEST::68,CLEAR,They say that #pop rocks# hide #[1]#.,Dicen que las #rocas explosivas# esconden #[1]#.,YES,NONE,NONE,PASS
Hint::RHT_JABU_JABUS_BELLY_MQ_MAP_CHEST::69,CLEAR,They say that an #explosive palate# holds #[1]#.,Dicen que un #paladar explosivo# posee #[1]#.,YES,NONE,NONE,PASS
Hint::RHT_JABU_JABUS_BELLY_MQ_SECOND_ROOM_LOWER_CHEST::70,CLEAR,They say that near a #spiked elevator# lies #[1]#.,Dicen que cerca de un #elevador con pinchos# se encuentra #[1]#.,YES,NONE,NONE,PASS
Hint::RHT_JABU_JABUS_BELLY_MQ_COMPASS_CHEST::71,CLEAR,They say that a #drowning cow# unveils #[1]#.,Dicen que una #vaca que se ahoga# revela #[1]#.,YES,NONE,NONE,PASS
Hint::RHT_JABU_JABUS_BELLY_MQ_SECOND_ROOM_UPPER_CHEST::72,CLEAR,They say that #moving anatomy# creates a path to #[1]#.,Dicen que la #anatomía en movimiento# crea un camino a #[1]#.,YES,NONE,NONE,PASS
Hint::RHT_JABU_JABUS_BELLY_MQ_BASEMENT_NEAR_SWITCHES_CHEST::73,CLEAR,They say that a #pair of digested cows# hold #[1]#.,Dicen que un #par de vacas digeridas# poseen #[1]#.,YES,NONE,NONE,PASS
Hint::RHT_JABU_JABUS_BELLY_MQ_BASEMENT_NEAR_VINES_CHEST::74,CLEAR,They say that a #pair of digested cows# hold #[1]#.,Dicen que un #par de vacas digeridas# poseen #[1]#.,YES,NONE,NONE,PASS
Hint::RHT_JABU_JABUS_BELLY_MQ_NEAR_BOSS_CHEST::75,CLEAR,They say that the #final cows' reward# in a deity's belly is #[1]#.,Dicen que la #recompensa de las vacas finales# en el vientre de una deidad es #[1]#.,YES,NONE,NONE,PASS
Hint::RHT_JABU_JABUS_BELLY_MQ_FALLING_LIKE_LIKE_ROOM_CHEST::76,CLEAR,They say that #cows protected by falling monsters# in a deity's belly guard hide #[1]#.,Dicen que las #vacas protegidas por monstruos que caen# en el vientre de una deidad esconden #[1]#.,YES,NONE,NONE,PASS
Hint::RHT_JABU_JABUS_BELLY_MQ_BOOMERANG_ROOM_SMALL_CHEST::77,CLEAR,They say that a school of #stingers swallowed by Jabu-Jabu# guard #[1]#.,Dicen que una escuela de #stingers tragados por Jabu-Jabu# custodian #[1]#.,YES,NONE,NONE,PASS
Hint::RHT_JABU_JABUS_BELLY_MQ_BOOMERANG_ROOM_SMALL_CHEST::78,CLEAR,They say that a school of #stingers swallowed by a deity# guard #[1]#.,Dicen que una escuela de #stingers tragados por una deidad# custodian #[1]#.,YES,NONE,NONE,PASS
Hint::RHT_JABU_JABUS_BELLY_MQ_BOOMERANG_CHEST::79,CLEAR,They say that a school of #stingers swallowed by Jabu-Jabu# guard #[1]#.,Dicen que una escuela de #stingers tragados por Jabu-Jabu# custodian #[1]#.,YES,NONE,NONE,PASS
Hint::RHT_JABU_JABUS_BELLY_MQ_BOOMERANG_CHEST::80,CLEAR,They say that a school of #stingers swallowed by a deity# guard #[1]#.,Dicen que una escuela de #stingers tragados por una deidad# custodian #[1]#.,YES,NONE,NONE,PASS
Hint::RHT_JABU_JABUS_BELLY_BARINADE_HEART::81,CLEAR,They say that #Barinade# holds #[1]#.,Dicen que #Barinade# posee #[1]#.,YES,NONE,NONE,PASS
Hint::RHT_JABU_JABUS_BELLY_BARINADE_HEART::82,CLEAR,They say that the #Bio-Electric Anemone# holds #[1]#.,Dicen que la #Anémona Bioeléctrica# posee #[1]#.,YES,NONE,NONE,PASS
Hint::RHT_JABU_JABUS_BELLY_GS_LOBBY_BASEMENT_LOWER::83,CLEAR,They say that a #spider resting near a princess# in Jabu-Jabu's Belly holds #[1]#.,Dicen que una #araña descansando cerca de una princesa# en el Vientre de Jabu-Jabu posee #[1]#.,YES,NONE,NONE,PASS
Hint::RHT_JABU_JABUS_BELLY_GS_LOBBY_BASEMENT_UPPER::84,CLEAR,They say that a #spider resting near a princess# in Jabu-Jabu's Belly holds #[1]#.,Dicen que una #araña descansando cerca de una princesa# en el Vientre de Jabu-Jabu posee #[1]#.,YES,NONE,NONE,PASS
Hint::RHT_JABU_JABUS_BELLY_GS_NEAR_BOSS::85,CLEAR,They say that #a spider surrounded by jellyfish# in Jabu-Jabu's Belly holds #[1]#.,Dicen que una #araña rodeada de medusas# en el Vientre de Jabu-Jabu posee #[1]#.,YES,NONE,NONE,PASS
Hint::RHT_JABU_JABUS_BELLY_GS_WATER_SWITCH_ROOM::86,CLEAR,They say that a #spider guarded by a school of stingers# in Jabu-Jabu's Belly holds #[1]#.,Dicen que una #araña custodiada por una escuela de stingers# en el Vientre de Jabu-Jabu posee #[1]#.,YES,NONE,NONE,PASS
Hint::RHT_JABU_JABUS_BELLY_MQ_GS_TAILPASARAN_ROOM::87,CLEAR,They say that a #spider surrounded by electricity# in Jabu-Jabu's Belly holds #[1]#.,Dicen que una #araña rodeada de electricidad# en el Vientre de Jabu-Jabu posee #[1]#.,YES,NONE,NONE,PASS
Hint::RHT_JABU_JABUS_BELLY_MQ_GS_BOOMERANG_CHEST_ROOM::88,CLEAR,They say that a #spider guarded by a school of stingers# in Jabu-Jabu's Belly holds #[1]#.,Dicen que una #araña custodiada por una escuela de stingers# en el Vientre de Jabu-Jabu posee #[1]#.,YES,NONE,NONE,PASS
Hint::RHT_JABU_JABUS_BELLY_MQ_GS_NEAR_BOSS::89,CLEAR,They say that a #spider in a web within Jabu-Jabu's Belly# holds #[1]#.,Dicen que una #araña en una telaraña dentro del Vientre de Jabu-Jabu# posee #[1]#.,YES,NONE,NONE,PASS
Hint::RHT_JABU_JABUS_BELLY_DEKU_SCRUB::90,CLEAR,They say that a #scrub in a deity# sells #[1]#.,Dicen que un #scrub en una deidad# vende #[1]#.,YES,NONE,NONE,PASS
Hint::RHT_POT_JABU_JABUS_BELLY::91,CLEAR,They say that a #pot in Jabu Jabu's Belly# contains #[1]#.,Dicen que una #olla en el Vientre de Jabu-Jabu# contiene #[1]#.,YES,NONE,NONE,PASS
Hint::RHT_JABU_JABU_RUPEE::92,CLEAR,They say that #underwater in Jabu-Jabu's Belly# lies #[1]#.,Dicen que #bajo el agua en el Vientre de Jabu-Jabu# se encuentra #[1]#.,YES,NONE,NONE,PASS
Hint::RHT_JABU_JABU_HEART::93,CLEAR,They say that near a #central lift in Jabu-Jabu's Belly# lies #[1]#.,Dicen que cerca de un #ascensor central en el Vientre de Jabu-Jabu# se encuentra #[1]#.,YES,NONE,NONE,PASS
Hint::RHT_JABU_JABUS_BELLY_GRASS::94,CLEAR,They say that some #grass in Jabu Jabu's Belly# hides #[1]#.,Dicen que algo de #hierba en el Vientre de Jabu-Jabu# esconde #[1]#.,YES,NONE,NONE,PASS
Hint::RHT_CRATE_JABU_JABU::95,CLEAR,They say that a #crate in Jabu Jabu's Belly# contains #[1]#.,Dicen que una #caja en el Vientre de Jabu-Jabu# contiene #[1]#.,YES,NONE,NONE,PASS
Hint::RHT_FOREST_TEMPLE_FIRST_ROOM_CHEST::96,CLEAR,They say that a #tree in the Forest Temple# supports #[1]#.,Dicen que un #árbol en el Templo del Bosque# sostiene #[1]#.,YES,NONE,NONE,PASS
Hint::RHT_FOREST_TEMPLE_FIRST_STALFOS_CHEST::97,CLEAR,They say that #defeating enemies beneath a falling ceiling# in Forest Temple yields #[1]#.,Dicen que #derrotar enemigos bajo un techo que cae# en el Templo del Bosque ofrece #[1]#.,YES,NONE,NONE,PASS
Hint::RHT_FOREST_TEMPLE_WELL_CHEST::98,CLEAR,They say that a #sunken chest deep in the woods# contains #[1]#.,Dicen que un #cofre sumergido en lo profundo del bosque# contiene #[1]#.,YES,NONE,NONE,PASS
Hint::RHT_FOREST_TEMPLE_MAP_CHEST::99,CLEAR,They say that a #fiery skull# in Forest Temple guards #[1]#.,Dicen que una #calavera ardiente# en el Templo del Bosque custodia #[1]#.,YES,NONE,NONE,PASS
Hint::RHT_FOREST_TEMPLE_RAISED_ISLAND_COURTYARD_CHEST::100,CLEAR,They say that a #chest on a small island# in the Forest Temple holds #[1]#.,Dicen que un #cofre en una isla pequeña# en el Templo del Bosque posee #[1]#.,YES,NONE,NONE,PASS
Hint::RHT_FOREST_TEMPLE_FALLING_CEILING_ROOM_CHEST::101,CLEAR,They say that beneath a #checkerboard falling ceiling# lies #[1]#.,Dicen que debajo de un #techo de ajedrez que cae# se encuentra #[1]#.,YES,NONE,NONE,PASS
Hint::RHT_FOREST_TEMPLE_EYE_SWITCH_CHEST::102,CLEAR,They say that #blocks of stone# in the Forest Temple surround #[1]#.,Dicen que los #bloques de piedra# en el Templo del Bosque rodean #[1]#.,YES,NONE,NONE,PASS
Hint::RHT_FOREST_TEMPLE_EYE_SWITCH_CHEST::103,CLEAR,They say that a #sharp eye# will spot #[1]#.,Dicen que un #ojo agudo# detectará #[1]#.,YES,NONE,NONE,PASS
Hint::RHT_FOREST_TEMPLE_BOSS_KEY_CHEST::104,CLEAR,They say that a #turned trunk# contains #[1]#.,Dicen que un #tronco girado# contiene #[1]#.,YES,NONE,NONE,PASS
Hint::RHT_FOREST_TEMPLE_FLOORMASTER_CHEST::105,CLEAR,They say that deep in the forest #shadows guard a chest# containing #[1]#.,Dicen que en las profundidades del bosque #las sombras custodian un cofre# que contiene #[1]#.,YES,NONE,NONE,PASS
Hint::RHT_FOREST_TEMPLE_BOW_CHEST::106,CLEAR,They say that #Stalfos deep in the Forest Temple# guard #[1]#.,Dicen que #Stalfos en las profundidades del Templo del Bosque# custodian #[1]#.,YES,NONE,NONE,PASS
Hint::RHT_FOREST_TEMPLE_BOW_CHEST::107,CLEAR,They say that an #army of the dead# guards #[1]#.,Dicen que un #ejército de muertos# custodia #[1]#.,YES,NONE,NONE,PASS
Hint::RHT_FOREST_TEMPLE_RED_POE_CHEST::108,CLEAR,They say that a #red ghost# guards #[1]#.,Dicen que un #fantasma rojo# custodia #[1]#.,YES,NONE,NONE,PASS
Hint::RHT_FOREST_TEMPLE_RED_POE_CHEST::109,CLEAR,They say that #Joelle# guards #[1]#.,Dicen que #Joelle# custodia #[1]#.,YES,NONE,NONE,PASS
Hint::RHT_FOREST_TEMPLE_BLUE_POE_CHEST::110,CLEAR,They say that a #blue ghost# guards #[1]#.,Dicen que un #fantasma azul# custodia #[1]#.,YES,NONE,NONE,PASS
Hint::RHT_FOREST_TEMPLE_BLUE_POE_CHEST::111,CLEAR,They say that #Beth# guards #[1]#.,Dicen que #Beth# custodia #[1]#.,YES,NONE,NONE,PASS
Hint::RHT_FOREST_TEMPLE_BASEMENT_CHEST::112,CLEAR,They say that #revolving walls# in the Forest Temple conceal #[1]#.,Dicen que las #paredes giratorias# en el Templo del Bosque ocultan #[1]#.,YES,NONE,NONE,PASS
Hint::RHT_FOREST_TEMPLE_MQ_FIRST_ROOM_CHEST::113,CLEAR,They say that a #tree in the Forest Temple# supports #[1]#.,Dicen que un #árbol en el Templo del Bosque# sostiene #[1]#.,YES,NONE,NONE,PASS
Hint::RHT_FOREST_TEMPLE_MQ_WOLFOS_CHEST::114,CLEAR,They say that #defeating enemies beneath a falling ceiling# in Forest Temple yields #[1]#.,Dicen que #derrotar enemigos bajo un techo que cae# en el Templo del Bosque ofrece #[1]#.,YES,NONE,NONE,PASS
Hint::RHT_FOREST_TEMPLE_MQ_BOW_CHEST::115,CLEAR,They say that #Stalfos deep in the Forest Temple# guard #[1]#.,Dicen que #Stalfos en las profundidades del Templo del Bosque# custodian #[1]#.,YES,NONE,NONE,PASS
Hint::RHT_FOREST_TEMPLE_MQ_BOW_CHEST::116,CLEAR,They say that an #army of the dead# guards #[1]#.,Dicen que un #ejército de muertos# custodia #[1]#.,YES,NONE,NONE,PASS
Hint::RHT_FOREST_TEMPLE_MQ_RAISED_ISLAND_COURTYARD_LOWER_CHEST::117,CLEAR,They say that a #chest on a small island# in the Forest Temple holds #[1]#.,Dicen que un #cofre en una isla pequeña# en el Templo del Bosque posee #[1]#.,YES,NONE,NONE,PASS
Hint::RHT_FOREST_TEMPLE_MQ_RAISED_ISLAND_COURTYARD_UPPER_CHEST::118,CLEAR,They say that #high in a courtyard# within the Forest Temple is #[1]#.,Dicen que #en las alturas de un patio# dentro del Templo del Bosque está #[1]#.,YES,NONE,NONE,PASS
Hint::RHT_FOREST_TEMPLE_MQ_WELL_CHEST::119,CLEAR,They say that a #sunken chest deep in the woods# contains #[1]#.,Dicen que un #cofre sumergido en lo profundo del bosque# contiene #[1]#.,YES,NONE,NONE,PASS
Hint::RHT_FOREST_TEMPLE_MQ_MAP_CHEST::120,CLEAR,They say that a #red ghost# guards #[1]#.,Dicen que un #fantasma rojo# custodia #[1]#.,YES,NONE,NONE,PASS
Hint::RHT_FOREST_TEMPLE_MQ_MAP_CHEST::121,CLEAR,They say that #Joelle# guards #[1]#.,Dicen que #Joelle# custodia #[1]#.,YES,NONE,NONE,PASS
Hint::RHT_FOREST_TEMPLE_MQ_COMPASS_CHEST::122,CLEAR,They say that a #blue ghost# guards #[1]#.,Dicen que un #fantasma azul# custodia #[1]#.,YES,NONE,NONE,PASS
Hint::RHT_FOREST_TEMPLE_MQ_COMPASS_CHEST::123,CLEAR,They say that #Beth# guards #[1]#.,Dicen que #Beth# custodia #[1]#.,YES,NONE,NONE,PASS
Hint::RHT_FOREST_TEMPLE_MQ_FALLING_CEILING_ROOM_CHEST::124,CLEAR,They say that beneath a #checkerboard falling ceiling# lies #[1]#.,Dicen que debajo de un #techo de ajedrez que cae# se encuentra #[1]#.,YES,NONE,NONE,PASS
Hint::RHT_FOREST_TEMPLE_MQ_BASEMENT_CHEST::125,CLEAR,They say that #revolving walls# in the Forest Temple conceal #[1]#.,Dicen que las #paredes giratorias# en el Templo del Bosque ocultan #[1]#.,YES,NONE,NONE,PASS
Hint::RHT_FOREST_TEMPLE_MQ_REDEAD_CHEST::126,CLEAR,They say that deep in the forest #undead guard a chest# containing #[1]#.,Dicen que en las profundidades del bosque #los no-muertos custodian un cofre# que contiene #[1]#.,YES,NONE,NONE,PASS
Hint::RHT_FOREST_TEMPLE_MQ_BOSS_KEY_CHEST::127,CLEAR,They say that a #turned trunk# contains #[1]#.,Dicen que un #tronco girado# contiene #[1]#.,YES,NONE,NONE,PASS
Hint::RHT_FOREST_TEMPLE_PHANTOM_GANON_HEART::128,CLEAR,They say that #Phantom Ganon# holds #[1]#.,Dicen que #Phantom Ganon# posee #[1]#.,YES,NONE,NONE,PASS
Hint::RHT_FOREST_TEMPLE_PHANTOM_GANON_HEART::129,CLEAR,They say that the #Evil Spirit from Beyond# holds #[1]#.,Dicen que el #Espíritu Maligno del Más Allá# posee #[1]#.,YES,NONE,NONE,PASS
Hint::RHT_FOREST_TEMPLE_GS_RAISED_ISLAND_COURTYARD::130,CLEAR,They say that a #spider on a small island# in the Forest Temple holds #[1]#.,Dicen que una #araña en una isla pequeña# en el Templo del Bosque posee #[1]#.,YES,NONE,NONE,PASS
Hint::RHT_FOREST_TEMPLE_GS_FIRST_ROOM::131,CLEAR,They say that a #spider high on a wall of vines# in the Forest Temple holds #[1]#.,Dicen que una #araña alta en una pared de enredaderas# en el Templo del Bosque posee #[1]#.,YES,NONE,NONE,PASS
Hint::RHT_FOREST_TEMPLE_GS_LEVEL_ISLAND_COURTYARD::132,CLEAR,They say that #stone columns# lead to a spider in the Forest Temple hiding #[1]#.,Dicen que las #columnas de piedra# conducen a una araña en el Templo del Bosque que esconde #[1]#.,YES,NONE,NONE,PASS
Hint::RHT_FOREST_TEMPLE_GS_LOBBY::133,CLEAR,They say that a #spider among ghosts# in the Forest Temple guards #[1]#.,Dicen que una #araña entre fantasmas# en el Templo del Bosque custodia #[1]#.,YES,NONE,NONE,PASS
Hint::RHT_FOREST_TEMPLE_GS_BASEMENT::134,CLEAR,They say that a #spider within revolving walls# in the Forest Temple holds #[1]#.,Dicen que una #araña dentro de paredes giratorias# en el Templo del Bosque posee #[1]#.,YES,NONE,NONE,PASS
Hint::RHT_FOREST_TEMPLE_MQ_GS_FIRST_HALLWAY::135,CLEAR,They say that an #ivy-hidden spider# in the Forest Temple hoards #[1]#.,Dicen que una #araña oculta en hiedra# en el Templo del Bosque atesora #[1]#.,YES,NONE,NONE,PASS
Hint::RHT_FOREST_TEMPLE_MQ_GS_BLOCK_PUSH_ROOM::136,CLEAR,They say that a #spider in a hidden nook# within the Forest Temple holds #[1]#.,Dicen que una #araña en un rincón oculto# dentro del Templo del Bosque posee #[1]#.,YES,NONE,NONE,PASS
Hint::RHT_FOREST_TEMPLE_MQ_GS_RAISED_ISLAND_COURTYARD::137,CLEAR,They say that a #spider on an arch# in the Forest Temple holds #[1]#.,Dicen que una #araña en un arco# en el Templo del Bosque posee #[1]#.,YES,NONE,NONE,PASS
Hint::RHT_FOREST_TEMPLE_MQ_GS_LEVEL_ISLAND_COURTYARD::138,CLEAR,They say that a #spider on a ledge# in the Forest Temple holds #[1]#.,Dicen que una #araña en un escalón# en el Templo del Bosque posee #[1]#.,YES,NONE,NONE,PASS
Hint::RHT_FOREST_TEMPLE_MQ_GS_WELL::139,CLEAR,They say that #draining a well# in Forest Temple uncovers a spider with #[1]#.,Dicen que #vaciar un pozo# en el Templo del Bosque descubre una araña con #[1]#.,YES,NONE,NONE,PASS
Hint::RHT_POT_FOREST_TEMPLE::140,CLEAR,They say that a #pot in Forest Temple# contains #[1]#.,Dicen que una #olla en el Templo del Bosque# contiene #[1]#.,YES,NONE,NONE,PASS
Hint::RHT_FOREST_TEMPLE_HEART::141,CLEAR,They say that a #heart in the Forest Temple# hides #[1]#.,Dicen que un #corazón en el Templo del Bosque# esconde #[1]#.,YES,NONE,NONE,PASS
Hint::RHT_CRATE_FOREST_TEMPLE::142,CLEAR,They say that a #crate in Forest Temple# contains #[1]#.,Dicen que una #caja en el Templo del Bosque# contiene #[1]#.,YES,NONE,NONE,PASS
Hint::RHT_FIRE_TEMPLE_NEAR_BOSS_CHEST::143,CLEAR,They say that #near a dragon# is #[1]#.,Dicen que #cerca de un dragón# está #[1]#.,YES,NONE,NONE,PASS
Hint::RHT_FIRE_TEMPLE_FLARE_DANCER_CHEST::144,CLEAR,They say that the #Flare Dancer behind a totem# guards #[1]#.,Dicen que el #Flare Dancer detrás de un tótem# custodia #[1]#.,YES,NONE,NONE,PASS
Hint::RHT_FIRE_TEMPLE_BOSS_KEY_CHEST::145,CLEAR,They say that a #prison beyond a totem# holds #[1]#.,Dicen que una #prisión más allá de un tótem# posee #[1]#.,YES,NONE,NONE,PASS
Hint::RHT_FIRE_TEMPLE_BIG_LAVA_ROOM_BLOCKED_DOOR_CHEST::146,CLEAR,They say that #explosives over a lava pit# unveil #[1]#.,Dicen que #explosivos sobre un pozo de lava# revelan #[1]#.,YES,NONE,NONE,PASS
Hint::RHT_FIRE_TEMPLE_BIG_LAVA_ROOM_LOWER_OPEN_DOOR_CHEST::147,CLEAR,They say that a #Goron trapped near lava# holds #[1]#.,Dicen que un #Goron atrapado cerca de la lava# posee #[1]#.,YES,NONE,NONE,PASS
Hint::RHT_FIRE_TEMPLE_BOULDER_MAZE_LOWER_CHEST::148,CLEAR,They say that a #Goron at the end of a maze# holds #[1]#.,Dicen que un #Goron al final de un laberinto# posee #[1]#.,YES,NONE,NONE,PASS
Hint::RHT_FIRE_TEMPLE_BOULDER_MAZE_UPPER_CHEST::149,CLEAR,They say that a #Goron above a maze# holds #[1]#.,Dicen que un #Goron encima de un laberinto# posee #[1]#.,YES,NONE,NONE,PASS
Hint::RHT_FIRE_TEMPLE_BOULDER_MAZE_SIDE_ROOM_CHEST::150,CLEAR,They say that a #Goron hidden near a maze# holds #[1]#.,Dicen que un #Goron oculto cerca de un laberinto# posee #[1]#.,YES,NONE,NONE,PASS
Hint::RHT_FIRE_TEMPLE_BOULDER_MAZE_SHORTCUT_CHEST::151,CLEAR,They say that a #blocked path# in Fire Temple holds #[1]#.,Dicen que un #camino bloqueado# en el Templo del Fuego posee #[1]#.,YES,NONE,NONE,PASS
Hint::RHT_FIRE_TEMPLE_MAP_CHEST::152,CLEAR,They say that a #caged chest# in the Fire Temple hoards #[1]#.,Dicen que un #cofre enjaulado# en el Templo del Fuego atesora #[1]#.,YES,NONE,NONE,PASS
Hint::RHT_FIRE_TEMPLE_COMPASS_CHEST::153,CLEAR,They say that a #chest in a fiery maze# contains #[1]#.,Dicen que un #cofre en un laberinto ardiente# contiene #[1]#.,YES,NONE,NONE,PASS
Hint::RHT_FIRE_TEMPLE_HIGHEST_GORON_CHEST::154,CLEAR,They say that a #Goron atop the Fire Temple# holds #[1]#.,Dicen que un #Goron en la cúspide del Templo del Fuego# posee #[1]#.,YES,NONE,NONE,PASS
Hint::RHT_FIRE_TEMPLE_MQ_NEAR_BOSS_CHEST::155,CLEAR,They say that #near a dragon# is #[1]#.,Dicen que #cerca de un dragón# está #[1]#.,YES,NONE,NONE,PASS
Hint::RHT_FIRE_TEMPLE_MQ_MEGATON_HAMMER_CHEST::156,CLEAR,They say that the #Flare Dancer in the depths of the Fire Temple# guards #[1]#.,Dicen que el #Flare Dancer en las profundidades del Templo del Fuego# custodia #[1]#.,YES,NONE,NONE,PASS
Hint::RHT_FIRE_TEMPLE_MQ_MEGATON_HAMMER_CHEST::157,CLEAR,They say that the #Flare Dancer in the depths of a volcano# guards #[1]#.,Dicen que el #Flare Dancer en las profundidades de un volcán# custodia #[1]#.,YES,NONE,NONE,PASS
Hint::RHT_FIRE_TEMPLE_MQ_COMPASS_CHEST::158,CLEAR,They say that a #blocked path# in Fire Temple holds #[1]#.,Dicen que un #camino bloqueado# en el Templo del Fuego posee #[1]#.,YES,NONE,NONE,PASS
Hint::RHT_FIRE_TEMPLE_MQ_LIZALFOS_MAZE_LOWER_CHEST::159,CLEAR,They say that #crates in a maze# contain #[1]#.,Dicen que las #cajas en un laberinto# contienen #[1]#.,YES,NONE,NONE,PASS
Hint::RHT_FIRE_TEMPLE_MQ_LIZALFOS_MAZE_UPPER_CHEST::160,CLEAR,They say that #crates in a maze# contain #[1]#.,Dicen que las #cajas en un laberinto# contienen #[1]#.,YES,NONE,NONE,PASS
Hint::RHT_FIRE_TEMPLE_MQ_MAP_ROOM_SIDE_CHEST::161,CLEAR,They say that a #falling slug# in the Fire Temple guards #[1]#.,Dicen que un #caracol que cae# en el Templo del Fuego custodia #[1]#.,YES,NONE,NONE,PASS
Hint::RHT_FIRE_TEMPLE_MQ_MAP_CHEST::162,CLEAR,They say that using a #hammer in the depths of the Fire Temple# reveals #[1]#.,Dicen que usar un #martillo en las profundidades del Templo del Fuego# revela #[1]#.,YES,NONE,NONE,PASS
Hint::RHT_FIRE_TEMPLE_MQ_BOSS_KEY_CHEST::163,CLEAR,They say that #illuminating a lava pit# reveals the path to #[1]#.,Dicen que #iluminar un pozo de lava# revela el camino a #[1]#.,YES,NONE,NONE,PASS
Hint::RHT_FIRE_TEMPLE_MQ_BIG_LAVA_ROOM_BLOCKED_DOOR_CHEST::164,CLEAR,They say that #explosives over a lava pit# unveil #[1]#.,Dicen que #explosivos sobre un pozo de lava# revelan #[1]#.,YES,NONE,NONE,PASS
Hint::RHT_FIRE_TEMPLE_MQ_LIZALFOS_MAZE_SIDE_ROOM_CHEST::165,CLEAR,They say that a #Goron hidden near a maze# holds #[1]#.,Dicen que un #Goron oculto cerca de un laberinto# posee #[1]#.,YES,NONE,NONE,PASS
Hint::RHT_FIRE_TEMPLE_MQ_FREESTANDING_KEY::166,CLEAR,They say that hidden #beneath a block of stone# lies #[1]#.,Dicen que oculto #debajo de un bloque de piedra# se encuentra #[1]#.,YES,NONE,NONE,PASS
Hint::RHT_FIRE_TEMPLE_VOLVAGIA_HEART::167,CLEAR,They say that #Volvagia# holds #[1]#.,Dicen que #Volvagia# posee #[1]#.,YES,NONE,NONE,PASS
Hint::RHT_FIRE_TEMPLE_VOLVAGIA_HEART::168,CLEAR,They say that the #Subterranean Lava Dragon# holds #[1]#.,Dicen que el #Dragón de Lava Subterráneo# posee #[1]#.,YES,NONE,NONE,PASS
Hint::RHT_FIRE_TEMPLE_GS_SONG_OF_TIME_ROOM::169,CLEAR,They say that #eight tiles of malice# guard a spider holding #[1]#.,Dicen que #ocho losetas de malicia# custodian una araña que posee #[1]#.,YES,NONE,NONE,PASS
Hint::RHT_FIRE_TEMPLE_GS_BOSS_KEY_LOOP::170,CLEAR,They say that #five tiles of malice# guard a spider holding #[1]#.,Dicen que #cinco losetas de malicia# custodian una araña que posee #[1]#.,YES,NONE,NONE,PASS
Hint::RHT_FIRE_TEMPLE_GS_BOULDER_MAZE::171,CLEAR,They say that #explosives in a maze# unveil a spider hiding #[1]#.,Dicen que #explosivos en un laberinto# revelan una araña que esconde #[1]#.,YES,NONE,NONE,PASS
Hint::RHT_FIRE_TEMPLE_GS_SCARECROW_TOP::172,CLEAR,They say that a #spider-friendly scarecrow# atop the Fire Temple hides #[1]#.,Dicen que un #espantapájaros amigable con arañas# en la cúspide del Templo del Fuego esconde #[1]#.,YES,NONE,NONE,PASS
Hint::RHT_FIRE_TEMPLE_GS_SCARECROW_TOP::173,CLEAR,They say that a #spider-friendly scarecrow# atop a volcano hides #[1]#.,Dicen que un #espantapájaros amigable con arañas# en la cúspide de un volcán esconde #[1]#.,YES,NONE,NONE,PASS
Hint::RHT_FIRE_TEMPLE_GS_SCARECROW_CLIMB::174,CLEAR,They say that a #spider-friendly scarecrow# atop the Fire Temple hides #[1]#.,Dicen que un #espantapájaros amigable con arañas# en la cúspide del Templo del Fuego esconde #[1]#.,YES,NONE,NONE,PASS
Hint::RHT_FIRE_TEMPLE_GS_SCARECROW_CLIMB::175,CLEAR,They say that a #spider-friendly scarecrow# atop a volcano hides #[1]#.,Dicen que un #espantapájaros amigable con arañas# en la cúspide de un volcán esconde #[1]#.,YES,NONE,NONE,PASS
Hint::RHT_FIRE_TEMPLE_MQ_GS_ABOVE_FIRE_WALL_MAZE::176,CLEAR,They say that a #spider above a fiery maze# holds #[1]#.,Dicen que una #araña encima de un laberinto ardiente# posee #[1]#.,YES,NONE,NONE,PASS
Hint::RHT_FIRE_TEMPLE_MQ_GS_FIRE_WALL_MAZE_CENTER::177,CLEAR,They say that a #spider within a fiery maze# holds #[1]#.,Dicen que una #araña dentro de un laberinto ardiente# posee #[1]#.,YES,NONE,NONE,PASS
Hint::RHT_FIRE_TEMPLE_MQ_GS_BIG_LAVA_ROOM_OPEN_DOOR::178,CLEAR,They say that a #Goron trapped near lava# befriended a spider with #[1]#.,Dicen que un #Goron atrapado cerca de la lava# hizo amistad con una araña que tiene #[1]#.,YES,NONE,NONE,PASS
Hint::RHT_FIRE_TEMPLE_MQ_GS_FIRE_WALL_MAZE_SIDE_ROOM::179,CLEAR,They say that a #spider beside a fiery maze# holds #[1]#.,Dicen que una #araña junto a un laberinto ardiente# posee #[1]#.,YES,NONE,NONE,PASS
Hint::RHT_POT_FIRE_TEMPLE::180,CLEAR,They say that a #pot in Fire Temple# contains #[1]#.,Dicen que una #olla en el Templo del Fuego# contiene #[1]#.,YES,NONE,NONE,PASS
Hint::RHT_FIRE_TEMPLE_HEART::181,CLEAR,They say that a #heart in the Fire Temple# hides #[1]#.,Dicen que un #corazón en el Templo del Fuego# esconde #[1]#.,YES,NONE,NONE,PASS
Hint::RHT_FIRE_TEMPLE_MQ_LOOP_STALFOS_SUN_FAIRY::182,CLEAR,They say that #calling the sun in a hot arena# reveals #[1]#.,Dicen que #invocar al sol en una arena caliente# revela #[1]#.,YES,NONE,NONE,PASS
Hint::RHT_FIRE_TEMPLE_MQ_LOOP_KNUCKLE_SUN_FAIRY::183,CLEAR,They say that #calling the sun behind a knight's throne in a volcano# reveals #[1]#.,Dicen que #invocar al sol detrás del trono de un caballero en un volcán# revela #[1]#.,YES,NONE,NONE,PASS
Hint::RHT_CRATE_FIRE_TEMPLE::184,CLEAR,They say that a #crate in Fire Temple# contains #[1]#.,Dicen que una #caja en el Templo del Fuego# contiene #[1]#.,YES,NONE,NONE,PASS
Hint::RHT_WATER_TEMPLE_MAP_CHEST::185,CLEAR,They say that #rolling spikes# in the Water Temple surround #[1]#.,Dicen que los #pinchos rodantes# en el Templo del Agua rodean #[1]#.,YES,NONE,NONE,PASS
Hint::RHT_WATER_TEMPLE_COMPASS_CHEST::186,CLEAR,They say that #roaming stingers in the Water Temple# guard #[1]#.,Dicen que los #stingers errantes en el Templo del Agua# custodian #[1]#.,YES,NONE,NONE,PASS
Hint::RHT_WATER_TEMPLE_TORCHES_CHEST::187,CLEAR,They say that #fire in the Water Temple# reveals #[1]#.,Dicen que el #fuego en el Templo del Agua# revela #[1]#.,YES,NONE,NONE,PASS
Hint::RHT_WATER_TEMPLE_DRAGON_CHEST::188,CLEAR,They say that a #serpent's prize# in the Water Temple is #[1]#.,Dicen que el #premio de una serpiente# en el Templo del Agua es #[1]#.,YES,NONE,NONE,PASS
Hint::RHT_WATER_TEMPLE_CENTRAL_BOW_TARGET_CHEST::189,CLEAR,They say that #blinding an eye# in the Water Temple leads to #[1]#.,Dicen que #cegar a un ojo# en el Templo del Agua conduce a #[1]#.,YES,NONE,NONE,PASS
Hint::RHT_WATER_TEMPLE_CENTRAL_PILLAR_CHEST::190,CLEAR,They say that in the #depths of the Water Temple# lies #[1]#.,Dicen que en las #profundidades del Templo del Agua# se encuentra #[1]#.,YES,NONE,NONE,PASS
Hint::RHT_WATER_TEMPLE_CRACKED_WALL_CHEST::191,CLEAR,They say that #through a crack# in the Water Temple is #[1]#.,Dicen que #a través de una grieta# en el Templo del Agua está #[1]#.,YES,NONE,NONE,PASS
Hint::RHT_WATER_TEMPLE_LONGSHOT_CHEST::192,CLEAR,They say that #Dark Link# guards #[1]#.,Dicen que #Dark Link# custodia #[1]#.,YES,NONE,NONE,PASS
Hint::RHT_WATER_TEMPLE_LONGSHOT_CHEST::193,CLEAR,They say that #facing yourself# reveals #[1]#.,Dicen que #enfrentarte a ti mismo# revela #[1]#.,YES,NONE,NONE,PASS
Hint::RHT_WATER_TEMPLE_LONGSHOT_CHEST::194,CLEAR,They say that a #dark reflection# of yourself guards #[1]#.,Dicen que un #reflejo oscuro de ti mismo# custodia #[1]#.,YES,NONE,NONE,PASS
Hint::RHT_WATER_TEMPLE_MQ_CENTRAL_PILLAR_CHEST::195,CLEAR,They say that in the #depths of the Water Temple# lies #[1]#.,Dicen que en las #profundidades del Templo del Agua# se encuentra #[1]#.,YES,NONE,NONE,PASS
Hint::RHT_WATER_TEMPLE_MQ_BOSS_KEY_CHEST::196,CLEAR,They say that fire in the Water Temple unlocks a #vast gate# revealing a chest with #[1]#.,Dicen que el fuego en el Templo del Agua desbloquea una #puerta vasta# que revela un cofre con #[1]#.,YES,NONE,NONE,PASS
Hint::RHT_WATER_TEMPLE_MQ_LONGSHOT_CHEST::197,CLEAR,They say that #through a crack# in the Water Temple is #[1]#.,Dicen que #a través de una grieta# en el Templo del Agua está #[1]#.,YES,NONE,NONE,PASS
Hint::RHT_WATER_TEMPLE_MQ_COMPASS_CHEST::198,CLEAR,They say that #fire in the Water Temple# reveals #[1]#.,Dicen que el #fuego en el Templo del Agua# revela #[1]#.,YES,NONE,NONE,PASS
Hint::RHT_WATER_TEMPLE_MQ_MAP_CHEST::199,CLEAR,They say that #sparring soldiers# in the Water Temple guard #[1]#.,Dicen que #soldados espadachines# en el Templo del Agua custodian #[1]#.,YES,NONE,NONE,PASS
Hint::RHT_WATER_TEMPLE_MORPHA_HEART::200,CLEAR,They say that #Morpha# holds #[1]#.,Dicen que #Morpha# posee #[1]#.,YES,NONE,NONE,PASS
Hint::RHT_WATER_TEMPLE_MORPHA_HEART::201,CLEAR,They say that the #Giant Aquatic Amoeba# holds #[1]#.,Dicen que la #Amiba Acuática Gigante# posee #[1]#.,YES,NONE,NONE,PASS
Hint::RHT_WATER_TEMPLE_GS_FALLING_PLATFORM_ROOM::202,CLEAR,They say that a #spider over a waterfall# in the Water Temple holds #[1]#.,Dicen que una #araña sobre una cascada# en el Templo del Agua posee #[1]#.,YES,NONE,NONE,PASS
Hint::RHT_WATER_TEMPLE_GS_CENTRAL_PILLAR::203,CLEAR,They say that a #spider in the center of the Water Temple# holds #[1]#.,Dicen que una #araña en el centro del Templo del Agua# posee #[1]#.,YES,NONE,NONE,PASS
Hint::RHT_WATER_TEMPLE_GS_NEAR_BOSS_KEY_CHEST::204,CLEAR,They say that a spider protected by #rolling boulders in the Water Temple# hides #[1]#.,Dicen que una araña protegida por #rocas rodantes en el Templo del Agua# esconde #[1]#.,YES,NONE,NONE,PASS
Hint::RHT_WATER_TEMPLE_GS_NEAR_BOSS_KEY_CHEST::205,CLEAR,They say that a spider protected by #rolling boulders under the lake# hides #[1]#.,Dicen que una araña protegida por #rocas rodantes bajo el lago# esconde #[1]#.,YES,NONE,NONE,PASS
Hint::RHT_WATER_TEMPLE_GS_RIVER::206,CLEAR,They say that a #spider over a river# in the Water Temple holds #[1]#.,Dicen que una #araña sobre un río# en el Templo del Agua posee #[1]#.,YES,NONE,NONE,PASS
Hint::RHT_WATER_TEMPLE_MQ_GS_BEFORE_UPPER_WATER_SWITCH::207,CLEAR,They say that #beyond a pit of lizards# is a spider holding #[1]#.,Dicen que #más allá de un pozo de lagartos# hay una araña que posee #[1]#.,YES,NONE,NONE,PASS
Hint::RHT_WATER_TEMPLE_MQ_GS_LIZALFOS_HALLWAY::208,CLEAR,They say that #lizards guard a spider# in the Water Temple with #[1]#.,Dicen que los #lagartos custodian a una araña# en el Templo del Agua con #[1]#.,YES,NONE,NONE,PASS
Hint::RHT_WATER_TEMPLE_MQ_GS_RIVER::209,CLEAR,They say that a #spider over a river# in the Water Temple holds #[1]#.,Dicen que una #araña sobre un río# en el Templo del Agua posee #[1]#.,YES,NONE,NONE,PASS
Hint::RHT_POT_WATER_TEMPLE::210,CLEAR,They say that a #pot in Water Temple# contains #[1]#.,Dicen que una #olla en el Templo del Agua# contiene #[1]#.,YES,NONE,NONE,PASS
Hint::RHT_WATER_TEMPLE_HEART::211,CLEAR,They say that in a #river in the Water Temple# lies #[1]#.,Dicen que en un #río en el Templo del Agua# se encuentra #[1]#.,YES,NONE,NONE,PASS
Hint::RHT_WATER_TEMPLE_MQ_DARK_LINK_PILAR_SUN_FAIRY::212,CLEAR,They say that #calling the sun atop a small pillar before a duel with one's shadow# reveals #[1]#.,Dicen que #invocar al sol encima de un pequeño pilar antes de un duelo con la propia sombra# revela #[1]#.,YES,NONE,NONE,PASS
Hint::RHT_WATER_TEMPLE_MQ_DARK_LINK_LEFT_STORM_FAIRY::213,CLEAR,They say that #calling the rain before a duel with one's shadow# reveals #[1]#.,Dicen que #invocar a la lluvia antes de un duelo con la propia sombra# revela #[1]#.,YES,NONE,NONE,PASS
Hint::RHT_WATER_TEMPLE_MQ_DARK_LINK_RIGHT_SUN_FAIRY::214,CLEAR,They say that #calling the sun before a duel with one's shadow# reveals #[1]#.,Dicen que #invocar al sol antes de un duelo con la propia sombra# revela #[1]#.,YES,NONE,NONE,PASS
Hint::RHT_CRATE_WATER_TEMPLE::215,CLEAR,They say that a #crate in Water Temple# contains #[1]#.,Dicen que una #caja en el Templo del Agua# contiene #[1]#.,YES,NONE,NONE,PASS
Hint::RHT_SPIRIT_TEMPLE_CHILD_BRIDGE_CHEST::216,CLEAR,They say that a child conquers a #skull in green fire# in the Spirit Temple to reach #[1]#.,Dicen que un niño conquista una #calavera en fuego verde# en el Templo del Espíritu para llegar a #[1]#.,YES,NONE,NONE,PASS
Hint::RHT_SPIRIT_TEMPLE_CHILD_EARLY_TORCHES_CHEST::217,CLEAR,They say that a child can find a #caged chest# in the Spirit Temple with #[1]#.,Dicen que un niño puede encontrar un #cofre enjaulado# en el Templo del Espíritu con #[1]#.,YES,NONE,NONE,PASS
Hint::RHT_SPIRIT_TEMPLE_COMPASS_CHEST::218,CLEAR,They say that #across a pit of sand# in the Spirit Temple lies #[1]#.,Dicen que #al otro lado de un pozo de arena# en el Templo del Espíritu se encuentra #[1]#.,YES,NONE,NONE,PASS
Hint::RHT_SPIRIT_TEMPLE_EARLY_ADULT_RIGHT_CHEST::219,CLEAR,They say that #dodging boulders to collect silver rupees# in the Spirit Temple yields #[1]#.,Dicen que #esquivando rocas para recoger rupees de plata# en el Templo del Espíritu se obtiene #[1]#.,YES,NONE,NONE,PASS
Hint::RHT_SPIRIT_TEMPLE_FIRST_MIRROR_LEFT_CHEST::220,CLEAR,They say that a #shadow circling reflected light# in the Spirit Temple guards #[1]#.,Dicen que una #sombra girando alrededor de luz reflejada# en el Templo del Espíritu custodia #[1]#.,YES,NONE,NONE,PASS
Hint::RHT_SPIRIT_TEMPLE_FIRST_MIRROR_RIGHT_CHEST::221,CLEAR,They say that a #shadow circling reflected light# in the Spirit Temple guards #[1]#.,Dicen que una #sombra girando alrededor de luz reflejada# en el Templo del Espíritu custodia #[1]#.,YES,NONE,NONE,PASS
Hint::RHT_SPIRIT_TEMPLE_MAP_CHEST::222,CLEAR,They say that #before a giant statue# in the Spirit Temple lies #[1]#.,Dicen que #antes de una estatua gigante# en el Templo del Espíritu se encuentra #[1]#.,YES,NONE,NONE,PASS
Hint::RHT_SPIRIT_TEMPLE_CHILD_CLIMB_NORTH_CHEST::223,CLEAR,They say that #lizards in the Spirit Temple# guard #[1]#.,Dicen que los #lagartos en el Templo del Espíritu# custodian #[1]#.,YES,NONE,NONE,PASS
Hint::RHT_SPIRIT_TEMPLE_CHILD_CLIMB_EAST_CHEST::224,CLEAR,They say that #lizards in the Spirit Temple# guard #[1]#.,Dicen que los #lagartos en el Templo del Espíritu# custodian #[1]#.,YES,NONE,NONE,PASS
Hint::RHT_SPIRIT_TEMPLE_SUN_BLOCK_ROOM_CHEST::225,CLEAR,They say that #torchlight among Beamos# in the Spirit Temple reveals #[1]#.,Dicen que la #luz de antorcha entre Beamos# en el Templo del Espíritu revela #[1]#.,YES,NONE,NONE,PASS
Hint::RHT_SPIRIT_TEMPLE_STATUE_ROOM_HAND_CHEST::226,CLEAR,They say that a #statue in the Spirit Temple# holds #[1]#.,Dicen que una #estatua en el Templo del Espíritu# posee #[1]#.,YES,NONE,NONE,PASS
Hint::RHT_SPIRIT_TEMPLE_STATUE_ROOM_NORTHEAST_CHEST::227,CLEAR,They say that on a #ledge by a statue# in the Spirit Temple rests #[1]#.,Dicen que en un #escalón junto a una estatua# en el Templo del Espíritu descansa #[1]#.,YES,NONE,NONE,PASS
Hint::RHT_SPIRIT_TEMPLE_NEAR_FOUR_ARMOS_CHEST::228,CLEAR,They say that those who #show the light among statues# in the Spirit Temple find #[1]#.,Dicen que aquellos que #muestran la luz entre estatuas# en el Templo del Espíritu encuentran #[1]#.,YES,NONE,NONE,PASS
Hint::RHT_SPIRIT_TEMPLE_HALLWAY_RIGHT_INVISIBLE_CHEST::229,CLEAR,They say that the #Eye of Truth in the Spirit Temple# reveals #[1]#.,Dicen que el #Ojo de la Verdad en el Templo del Espíritu# revela #[1]#.,YES,NONE,NONE,PASS
Hint::RHT_SPIRIT_TEMPLE_HALLWAY_LEFT_INVISIBLE_CHEST::230,CLEAR,They say that the #Eye of Truth in the Spirit Temple# reveals #[1]#.,Dicen que el #Ojo de la Verdad en el Templo del Espíritu# revela #[1]#.,YES,NONE,NONE,PASS
Hint::RHT_SPIRIT_TEMPLE_BOSS_KEY_CHEST::231,CLEAR,They say that a #chest engulfed in flame# in the Spirit Temple holds #[1]#.,Dicen que un #cofre envuelto en llamas# en el Templo del Espíritu posee #[1]#.,YES,NONE,NONE,PASS
Hint::RHT_SPIRIT_TEMPLE_TOPMOST_CHEST::232,CLEAR,They say that those who #show the light above the Colossus# find #[1]#.,Dicen que aquellos que #muestran la luz sobre el Coloso# encuentran #[1]#.,YES,NONE,NONE,PASS
Hint::RHT_SPIRIT_TEMPLE_MQ_ENTRANCE_FRONT_LEFT_CHEST::233,CLEAR,They say that #lying unguarded# in the Spirit Temple is #[1]#.,Dicen que #yacente sin custodia# en el Templo del Espíritu está #[1]#.,YES,NONE,NONE,PASS
Hint::RHT_SPIRIT_TEMPLE_MQ_ENTRANCE_BACK_RIGHT_CHEST::234,CLEAR,They say that a #switch in a pillar# within the Spirit Temple drops #[1]#.,Dicen que un #interruptor en un pilar# dentro del Templo del Espíritu suelta #[1]#.,YES,NONE,NONE,PASS
Hint::RHT_SPIRIT_TEMPLE_MQ_ENTRANCE_FRONT_RIGHT_CHEST::235,CLEAR,They say that #collecting rupees through a water jet# reveals #[1]#.,Dicen que #recolectar rupees a través de un chorro de agua# revela #[1]#.,YES,NONE,NONE,PASS
Hint::RHT_SPIRIT_TEMPLE_MQ_ENTRANCE_BACK_LEFT_CHEST::236,CLEAR,They say that an #eye blinded by stone# within the Spirit Temple conceals #[1]#.,Dicen que un #ojo cegado por piedra# dentro del Templo del Espíritu oculta #[1]#.,YES,NONE,NONE,PASS
Hint::RHT_SPIRIT_TEMPLE_MQ_MAP_CHEST::237,CLEAR,They say that surrounded by #fire and wrappings# lies #[1]#.,Dicen que rodeado por #fuego y envolturas# se encuentra #[1]#.,YES,NONE,NONE,PASS
Hint::RHT_SPIRIT_TEMPLE_MQ_MAP_ROOM_ENEMY_CHEST::238,CLEAR,They say that a child defeats a #gauntlet of monsters# within the Spirit Temple to find #[1]#.,Dicen que un niño derrota un #desafío de monstruos# dentro del Templo del Espíritu para encontrar #[1]#.,YES,NONE,NONE,PASS
Hint::RHT_SPIRIT_TEMPLE_MQ_CHILD_CLIMB_NORTH_CHEST::239,CLEAR,They say that #explosive sunlight# within the Spirit Temple uncovers #[1]#.,Dicen que la #luz solar explosiva# dentro del Templo del Espíritu descubre #[1]#.,YES,NONE,NONE,PASS
Hint::RHT_SPIRIT_TEMPLE_MQ_CHILD_CLIMB_SOUTH_CHEST::240,CLEAR,They say that #trapped by falling enemies# within the Spirit Temple is #[1]#.,Dicen que #atrapado por enemigos que caen# dentro del Templo del Espíritu está #[1]#.,YES,NONE,NONE,PASS
Hint::RHT_SPIRIT_TEMPLE_MQ_COMPASS_CHEST::241,CLEAR,They say that #blinding the colossus# unveils #[1]#.,Dicen que #cegar al coloso# revela #[1]#.,YES,NONE,NONE,PASS
Hint::RHT_SPIRIT_TEMPLE_MQ_STATUE_ROOM_LULLABY_CHEST::242,CLEAR,They say that a #royal melody awakens the colossus# to reveal #[1]#.,Dicen que una #melodía real despierta al coloso# para revelar #[1]#.,YES,NONE,NONE,PASS
Hint::RHT_SPIRIT_TEMPLE_MQ_STATUE_ROOM_INVISIBLE_CHEST::243,CLEAR,They say that the #Eye of Truth# finds the colossus's hidden #[1]#.,"Dicen que el #Ojo de la Verdad# encuentra lo oculto del coloso, #[1]#.",YES,NONE,NONE,PASS
Hint::RHT_SPIRIT_TEMPLE_MQ_SILVER_BLOCK_HALLWAY_CHEST::244,CLEAR,They say that #the old hide what the young find# to reveal #[1]#.,Dicen que #los viejos esconden lo que los jóvenes encuentran# para revelar #[1]#.,YES,NONE,NONE,PASS
Hint::RHT_SPIRIT_TEMPLE_MQ_SUN_BLOCK_ROOM_CHEST::245,CLEAR,They say that #sunlight in a maze of fire# hides #[1]#.,Dicen que la #luz solar en un laberinto de fuego# esconde #[1]#.,YES,NONE,NONE,PASS
Hint::RHT_SPIRIT_TEMPLE_MQ_LEEVER_ROOM_CHEST::246,CLEAR,They say that #across a pit of sand# in the Spirit Temple lies #[1]#.,Dicen que #al otro lado de un pozo de arena# en el Templo del Espíritu se encuentra #[1]#.,YES,NONE,NONE,PASS
Hint::RHT_SPIRIT_TEMPLE_MQ_BEAMOS_ROOM_CHEST::247,CLEAR,They say that where #temporal stone blocks the path# within the Spirit Temple lies #[1]#.,Dicen que donde una #piedra temporal bloquea el camino# dentro del Templo del Espíritu se encuentra #[1]#.,YES,NONE,NONE,PASS
Hint::RHT_SPIRIT_TEMPLE_MQ_CHEST_SWITCH_CHEST::248,CLEAR,They say that a #chest of double purpose# holds #[1]#.,Dicen que un #cofre de doble propósito# posee #[1]#.,YES,NONE,NONE,PASS
Hint::RHT_SPIRIT_TEMPLE_MQ_BOSS_KEY_CHEST::249,CLEAR,They say that a #temporal stone blocks the light# leading to #[1]#.,Dicen que una #piedra temporal bloquea la luz# que conduce a #[1]#.,YES,NONE,NONE,PASS
Hint::RHT_SPIRIT_TEMPLE_MQ_MIRROR_PUZZLE_INVISIBLE_CHEST::250,CLEAR,They say that those who #show the light above the Colossus# find #[1]#.,Dicen que aquellos que #muestran la luz sobre el Coloso# encuentran #[1]#.,YES,NONE,NONE,PASS
Hint::RHT_SPIRIT_TEMPLE_TWINROVA_HEART::251,CLEAR,They say that #Twinrova# holds #[1]#.,Dicen que #Twinrova# posee #[1]#.,YES,NONE,NONE,PASS
Hint::RHT_SPIRIT_TEMPLE_TWINROVA_HEART::252,CLEAR,They say that the #Sorceress Sisters# hold #[1]#.,Dicen que las #Hermanas Hechiceras# poseen #[1]#.,YES,NONE,NONE,PASS
Hint::RHT_SPIRIT_TEMPLE_GS_HALL_AFTER_SUN_BLOCK_ROOM::253,CLEAR,They say that a spider in the #hall of a knight# guards #[1]#.,Dicen que una araña en la #sala de un caballero# custodia #[1]#.,YES,NONE,NONE,PASS
Hint::RHT_SPIRIT_TEMPLE_GS_BOULDER_ROOM::254,CLEAR,They say that a #spider behind a temporal stone# in the Spirit Temple yields #[1]#.,Dicen que una #araña detrás de una piedra temporal# en el Templo del Espíritu ofrece #[1]#.,YES,NONE,NONE,PASS
Hint::RHT_SPIRIT_TEMPLE_GS_LOBBY::255,CLEAR,They say that a #spider beside a statue# holds #[1]#.,Dicen que una #araña junto a una estatua# posee #[1]#.,YES,NONE,NONE,PASS
Hint::RHT_SPIRIT_TEMPLE_GS_SUN_ON_FLOOR_ROOM::256,CLEAR,They say that a #spider at the top of a deep shaft# in the Spirit Temple holds #[1]#.,Dicen que una #araña en la cima de un pozo profundo# en el Templo del Espíritu posee #[1]#.,YES,NONE,NONE,PASS
Hint::RHT_SPIRIT_TEMPLE_GS_METAL_FENCE::257,CLEAR,They say that a child defeats a #spider among bats# in the Spirit Temple to gain #[1]#.,Dicen que un niño derrota una #araña entre murciélagos# en el Templo del Espíritu para obtener #[1]#.,YES,NONE,NONE,PASS
Hint::RHT_SPIRIT_TEMPLE_MQ_GS_LEEVER_ROOM::258,CLEAR,They say that #above a pit of sand# in the Spirit Temple hides #[1]#.,Dicen que #encima de un pozo de arena# en el Templo del Espíritu esconde #[1]#.,YES,NONE,NONE,PASS
Hint::RHT_SPIRIT_TEMPLE_MQ_GS_NINE_THRONES_ROOM_WEST::259,CLEAR,They say that a spider in the #hall of a knight# guards #[1]#.,Dicen que una araña en la #sala de un caballero# custodia #[1]#.,YES,NONE,NONE,PASS
Hint::RHT_SPIRIT_TEMPLE_MQ_GS_NINE_THRONES_ROOM_NORTH::260,CLEAR,They say that a spider in the #hall of a knight# guards #[1]#.,Dicen que una araña en la #sala de un caballero# custodia #[1]#.,YES,NONE,NONE,PASS
Hint::RHT_SPIRIT_TEMPLE_MQ_GS_SUN_BLOCK_ROOM::261,CLEAR,They say that #upon a web of glass# in the Spirit Temple sits a spider holding #[1]#.,Dicen que #sobre una telaraña de vidrio# en el Templo del Espíritu hay una araña que posee #[1]#.,YES,NONE,NONE,PASS
Hint::RHT_POT_SPIRIT_TEMPLE::262,CLEAR,They say that a #pot in Spirit Temple# contains #[1]#.,Dicen que una #olla en el Templo del Espíritu# contiene #[1]#.,YES,NONE,NONE,PASS
Hint::RHT_SPIRIT_TEMPLE_HEART::263,CLEAR,They say that on a #small platform# in the Spirit Temple lies #[1]#.,Dicen que en una #pequeña plataforma# en el Templo del Espíritu se encuentra #[1]#.,YES,NONE,NONE,PASS
Hint::RHT_SPIRIT_TEMPLE_MQ_HEART::264,CLEAR,They say that guarded by a #ring of flame# in the Spirit Temple is #[1]#.,Dicen que custodiado por un #anillo de fuego# en el Templo del Espíritu está #[1]#.,YES,NONE,NONE,PASS
Hint::RHT_CRATE_SPIRIT_TEMPLE::265,CLEAR,They say that a #crate in Spirit Temple# contains #[1]#.,Dicen que una #caja en el Templo del Espíritu# contiene #[1]#.,YES,NONE,NONE,PASS
Hint::RHT_SHADOW_TEMPLE_MAP_CHEST::266,CLEAR,They say that the #Eye of Truth# pierces a hall of faces to reveal #[1]#.,Dicen que el #Ojo de la Verdad# perfora una sala de rostros para revelar #[1]#.,YES,NONE,NONE,PASS
Hint::RHT_SHADOW_TEMPLE_HOVER_BOOTS_CHEST::267,CLEAR,They say that #Dead Hand in the Shadow Temple# holds #[1]#.,Dicen que #Dead Hand en el Templo de la Sombra# posee #[1]#.,YES,NONE,NONE,PASS
Hint::RHT_SHADOW_TEMPLE_HOVER_BOOTS_CHEST::268,CLEAR,They say that a #nether dweller in the Shadow Temple# holds #[1]#.,Dicen que un #habitante del inframundo en el Templo de la Sombra# posee #[1]#.,YES,NONE,NONE,PASS
Hint::RHT_SHADOW_TEMPLE_COMPASS_CHEST::269,CLEAR,They say that #mummies revealed by the Eye of Truth# guard #[1]#.,Dicen que las #momias reveladas por el Ojo de la Verdad# custodian #[1]#.,YES,NONE,NONE,PASS
Hint::RHT_SHADOW_TEMPLE_EARLY_SILVER_RUPEE_CHEST::270,CLEAR,They say that #spinning scythes# protect #[1]#.,Dicen que las #guadañas giratorias# protegen #[1]#.,YES,NONE,NONE,PASS
Hint::RHT_SHADOW_TEMPLE_INVISIBLE_BLADES_VISIBLE_CHEST::271,CLEAR,They say that #invisible blades# guard #[1]#.,Dicen que las #hojas invisibles# custodian #[1]#.,YES,NONE,NONE,PASS
Hint::RHT_SHADOW_TEMPLE_INVISIBLE_BLADES_INVISIBLE_CHEST::272,CLEAR,They say that #invisible blades# guard #[1]#.,Dicen que las #hojas invisibles# custodian #[1]#.,YES,NONE,NONE,PASS
Hint::RHT_SHADOW_TEMPLE_FALLING_SPIKES_LOWER_CHEST::273,CLEAR,They say that #falling spikes# block the path to #[1]#.,Dicen que los #pinchos que caen# bloquean el camino a #[1]#.,YES,NONE,NONE,PASS
Hint::RHT_SHADOW_TEMPLE_FALLING_SPIKES_UPPER_CHEST::274,CLEAR,They say that #falling spikes# block the path to #[1]#.,Dicen que los #pinchos que caen# bloquean el camino a #[1]#.,YES,NONE,NONE,PASS
Hint::RHT_SHADOW_TEMPLE_FALLING_SPIKES_SWITCH_CHEST::275,CLEAR,They say that #falling spikes# block the path to #[1]#.,Dicen que los #pinchos que caen# bloquean el camino a #[1]#.,YES,NONE,NONE,PASS
Hint::RHT_SHADOW_TEMPLE_INVISIBLE_SPIKES_CHEST::276,CLEAR,They say that the #dead roam among invisible spikes# guarding #[1]#.,Dicen que los #muertos deambulan entre pinchos invisibles# custodiando #[1]#.,YES,NONE,NONE,PASS
Hint::RHT_SHADOW_TEMPLE_WIND_HINT_CHEST::277,CLEAR,They say that an #invisible chest guarded by the dead# holds #[1]#.,Dicen que un #cofre invisible custodiado por los muertos# posee #[1]#.,YES,NONE,NONE,PASS
Hint::RHT_SHADOW_TEMPLE_AFTER_WIND_ENEMY_CHEST::278,CLEAR,They say that #mummies guarding a ferry# hide #[1]#.,Dicen que las #momias custodiando un barco# esconden #[1]#.,YES,NONE,NONE,PASS
Hint::RHT_SHADOW_TEMPLE_AFTER_WIND_HIDDEN_CHEST::279,CLEAR,They say that #mummies guarding a ferry# hide #[1]#.,Dicen que las #momias custodiando un barco# esconden #[1]#.,YES,NONE,NONE,PASS
Hint::RHT_SHADOW_TEMPLE_SPIKE_WALLS_LEFT_CHEST::280,CLEAR,They say that #walls consumed by a ball of fire# reveal #[1]#.,Dicen que las #paredes consumidas por una bola de fuego# revelan #[1]#.,YES,NONE,NONE,PASS
Hint::RHT_SHADOW_TEMPLE_BOSS_KEY_CHEST::281,CLEAR,They say that #walls consumed by a ball of fire# reveal #[1]#.,Dicen que las #paredes consumidas por una bola de fuego# revelan #[1]#.,YES,NONE,NONE,PASS
Hint::RHT_SHADOW_TEMPLE_FREESTANDING_KEY::282,CLEAR,They say that #inside a burning skull# lies #[1]#.,Dicen que #dentro de una calavera ardiente# se encuentra #[1]#.,YES,NONE,NONE,PASS
Hint::RHT_SHADOW_TEMPLE_MQ_COMPASS_CHEST::283,CLEAR,They say that the #Eye of Truth# pierces a hall of faces to reveal #[1]#.,Dicen que el #Ojo de la Verdad# perfora una sala de rostros para revelar #[1]#.,YES,NONE,NONE,PASS
Hint::RHT_SHADOW_TEMPLE_MQ_HOVER_BOOTS_CHEST::284,CLEAR,They say that #Dead Hand in the Shadow Temple# holds #[1]#.,Dicen que #Dead Hand en el Templo de la Sombra# posee #[1]#.,YES,NONE,NONE,PASS
Hint::RHT_SHADOW_TEMPLE_MQ_EARLY_GIBDOS_CHEST::285,CLEAR,They say that #mummies revealed by the Eye of Truth# guard #[1]#.,Dicen que las #momias reveladas por el Ojo de la Verdad# custodian #[1]#.,YES,NONE,NONE,PASS
Hint::RHT_SHADOW_TEMPLE_MQ_MAP_CHEST::286,CLEAR,They say that #spinning scythes# protect #[1]#.,Dicen que las #guadañas giratorias# protegen #[1]#.,YES,NONE,NONE,PASS
Hint::RHT_SHADOW_TEMPLE_MQ_BEAMOS_SILVER_RUPEES_CHEST::287,CLEAR,They say that #collecting rupees in a vast cavern# with the Shadow Temple unveils #[1]#.,Dicen que #recolectar rupees en una vasta cueva# con el Templo de la Sombra revela #[1]#.,YES,NONE,NONE,PASS
Hint::RHT_SHADOW_TEMPLE_MQ_FALLING_SPIKES_SWITCH_CHEST::288,CLEAR,They say that #falling spikes# block the path to #[1]#.,Dicen que los #pinchos que caen# bloquean el camino a #[1]#.,YES,NONE,NONE,PASS
Hint::RHT_SHADOW_TEMPLE_MQ_FALLING_SPIKES_LOWER_CHEST::289,CLEAR,They say that #falling spikes# block the path to #[1]#.,Dicen que los #pinchos que caen# bloquean el camino a #[1]#.,YES,NONE,NONE,PASS
Hint::RHT_SHADOW_TEMPLE_MQ_FALLING_SPIKES_UPPER_CHEST::290,CLEAR,They say that #falling spikes# block the path to #[1]#.,Dicen que los #pinchos que caen# bloquean el camino a #[1]#.,YES,NONE,NONE,PASS
Hint::RHT_SHADOW_TEMPLE_MQ_INVISIBLE_SPIKES_CHEST::291,CLEAR,They say that the #dead roam among invisible spikes# guarding #[1]#.,Dicen que los #muertos deambulan entre pinchos invisibles# custodiando #[1]#.,YES,NONE,NONE,PASS
Hint::RHT_SHADOW_TEMPLE_MQ_BOSS_KEY_CHEST::292,CLEAR,They say that #walls consumed by a ball of fire# reveal #[1]#.,Dicen que las #paredes consumidas por una bola de fuego# revelan #[1]#.,YES,NONE,NONE,PASS
Hint::RHT_SHADOW_TEMPLE_MQ_SPIKE_WALLS_LEFT_CHEST::293,CLEAR,They say that #walls consumed by a ball of fire# reveal #[1]#.,Dicen que las #paredes consumidas por una bola de fuego# revelan #[1]#.,YES,NONE,NONE,PASS
Hint::RHT_SHADOW_TEMPLE_MQ_STALFOS_ROOM_CHEST::294,CLEAR,They say that near an #empty pedestal# within the Shadow Temple lies #[1]#.,Dicen que cerca de un #pedestal vacío# dentro del Templo de la Sombra se encuentra #[1]#.,YES,NONE,NONE,PASS
Hint::RHT_SHADOW_TEMPLE_MQ_INVISIBLE_BLADES_INVISIBLE_CHEST::295,CLEAR,They say that #invisible blades# guard #[1]#.,Dicen que las #hojas invisibles# custodian #[1]#.,YES,NONE,NONE,PASS
Hint::RHT_SHADOW_TEMPLE_MQ_INVISIBLE_BLADES_VISIBLE_CHEST::296,CLEAR,They say that #invisible blades# guard #[1]#.,Dicen que las #hojas invisibles# custodian #[1]#.,YES,NONE,NONE,PASS
Hint::RHT_SHADOW_TEMPLE_MQ_WIND_HINT_CHEST::297,CLEAR,They say that an #invisible chest guarded by the dead# holds #[1]#.,Dicen que un #cofre invisible custodiado por los muertos# posee #[1]#.,YES,NONE,NONE,PASS
Hint::RHT_SHADOW_TEMPLE_MQ_AFTER_WIND_HIDDEN_CHEST::298,CLEAR,They say that #mummies guarding a ferry# hide #[1]#.,Dicen que las #momias custodiando un barco# esconden #[1]#.,YES,NONE,NONE,PASS
Hint::RHT_SHADOW_TEMPLE_MQ_AFTER_WIND_ENEMY_CHEST::299,CLEAR,They say that #mummies guarding a ferry# hide #[1]#.,Dicen que las #momias custodiando un barco# esconden #[1]#.,YES,NONE,NONE,PASS
Hint::RHT_SHADOW_TEMPLE_MQ_NEAR_SHIP_INVISIBLE_CHEST::300,CLEAR,They say that #caged near a ship# lies #[1]#.,Dicen que #enjaulado cerca de un barco# se encuentra #[1]#.,YES,NONE,NONE,PASS
Hint::RHT_SHADOW_TEMPLE_MQ_FREESTANDING_KEY::301,CLEAR,They say that #behind three burning skulls# lies #[1]#.,Dicen que #detrás de tres calaveras ardiendo# se encuentra #[1]#.,YES,NONE,NONE,PASS
Hint::RHT_SHADOW_TEMPLE_BONGO_BONGO_HEART::302,CLEAR,They say that #Bongo Bongo# holds #[1]#.,Dicen que #Bongo Bongo# posee #[1]#.,YES,NONE,NONE,PASS
Hint::RHT_SHADOW_TEMPLE_BONGO_BONGO_HEART::303,CLEAR,They say that the #Phantom Shadow Beast# holds #[1]#.,Dicen que la #Bestia Sombra Fantasma# posee #[1]#.,YES,NONE,NONE,PASS
Hint::RHT_SHADOW_TEMPLE_GS_SINGLE_GIANT_POT::304,CLEAR,They say that #beyond a burning skull# lies a spider with #[1]#.,Dicen que #más allá de una calavera ardiente# hay una araña con #[1]#.,YES,NONE,NONE,PASS
Hint::RHT_SHADOW_TEMPLE_GS_FALLING_SPIKES_ROOM::305,CLEAR,They say that a #spider beyond falling spikes# holds #[1]#.,Dicen que una #araña más allá de pinchos que caen# posee #[1]#.,YES,NONE,NONE,PASS
Hint::RHT_SHADOW_TEMPLE_GS_TRIPLE_GIANT_POT::306,CLEAR,They say that #beyond three burning skulls# lies a spider with #[1]#.,Dicen que #más allá de tres calaveras ardiendo# hay una araña con #[1]#.,YES,NONE,NONE,PASS
Hint::RHT_SHADOW_TEMPLE_GS_LIKE_LIKE_ROOM::307,CLEAR,They say that a spider guarded by #invisible blades# holds #[1]#.,Dicen que una araña custodiada por #hojas invisibles# posee #[1]#.,YES,NONE,NONE,PASS
Hint::RHT_SHADOW_TEMPLE_GS_NEAR_SHIP::308,CLEAR,They say that a spider near a #docked ship# hoards #[1]#.,Dicen que una araña cerca de un #barco anclado# atesora #[1]#.,YES,NONE,NONE,PASS
Hint::RHT_SHADOW_TEMPLE_MQ_GS_FALLING_SPIKES_ROOM::309,CLEAR,They say that a #spider beyond falling spikes# holds #[1]#.,Dicen que una #araña más allá de pinchos que caen# posee #[1]#.,YES,NONE,NONE,PASS
Hint::RHT_SHADOW_TEMPLE_MQ_GS_WIND_HINT_ROOM::310,CLEAR,They say that a #spider amidst roaring winds# in the Shadow Temple holds #[1]#.,Dicen que una #araña entre vientos rugientes# en el Templo de la Sombra posee #[1]#.,YES,NONE,NONE,PASS
Hint::RHT_SHADOW_TEMPLE_MQ_GS_AFTER_WIND::311,CLEAR,They say that a #spider beneath gruesome debris# in the Shadow Temple hides #[1]#.,Dicen que una #araña bajo escombros grotescos# en el Templo de la Sombra esconde #[1]#.,YES,NONE,NONE,PASS
Hint::RHT_SHADOW_TEMPLE_MQ_GS_AFTER_SHIP::312,CLEAR,They say that a #fallen statue# reveals a spider with #[1]#.,Dicen que una #estatua caída# revela una araña con #[1]#.,YES,NONE,NONE,PASS
Hint::RHT_SHADOW_TEMPLE_MQ_GS_NEAR_BOSS::313,CLEAR,They say that a #suspended spider# guards #[1]#.,Dicen que una #araña colgante# custodia #[1]#.,YES,NONE,NONE,PASS
Hint::RHT_POT_SHADOW_TEMPLE::314,CLEAR,They say that a #pot in Shadow Temple# contains #[1]#.,Dicen que una #olla en el Templo de la Sombra# contiene #[1]#.,YES,NONE,NONE,PASS
Hint::RHT_SHADOW_TEMPLE_HEART::315,CLEAR,They say that a #heart in the Shadow Temple# hides #[1]#.,Dicen que un #corazón en el Templo de la Sombra# esconde #[1]#.,YES,NONE,NONE,PASS
Hint::RHT_SHADOW_TEMPLE_BEAMOS_STORM_FAIRY::316,CLEAR,They say that an #calling the rain for a sentry guarding a house of the dead# reveals #[1]#.,Dicen que #invocar la lluvia para un centinela custodiando una casa de muertos# revela #[1]#.,YES,NONE,NONE,PASS
Hint::RHT_SHADOW_TEMPLE_PIT_STORM_FAIRY::317,CLEAR,They say that an #calling the rain on a platform suspended above a bottomless pit# reveals #[1]#.,Dicen que #invocar la lluvia en una plataforma suspendida sobre un pozo sin fondo# revela #[1]#.,YES,NONE,NONE,PASS
Hint::RHT_SHADOW_TEMPLE_WIND_HINT_SUN_FAIRY::318,CLEAR,They say that an #calling the sun near an invisible chest guarded by the dead# reveals #[1]#.,Dicen que #invocar al sol cerca de un cofre invisible custodiado por los muertos# revela #[1]#.,YES,NONE,NONE,PASS
Hint::RHT_CRATE_SHADOW_TEMPLE::319,CLEAR,They say that a #crate in Shadow Temple# contains #[1]#.,Dicen que una #caja en el Templo de la Sombra# contiene #[1]#.,YES,NONE,NONE,PASS
Hint::RHT_BOTTOM_OF_THE_WELL_FRONT_LEFT_FAKE_WALL_CHEST::320,CLEAR,They say that the #Eye of Truth in the well# reveals #[1]#.,Dicen que el #Ojo de la Verdad en el pozo# revela #[1]#.,YES,NONE,NONE,PASS
Hint::RHT_BOTTOM_OF_THE_WELL_FRONT_CENTER_BOMBABLE_CHEST::321,CLEAR,They say that #gruesome debris# in the well hides #[1]#.,Dicen que los #escombros grotescos# en el pozo esconden #[1]#.,YES,NONE,NONE,PASS
Hint::RHT_BOTTOM_OF_THE_WELL_RIGHT_BOTTOM_FAKE_WALL_CHEST::322,CLEAR,They say that the #Eye of Truth in the well# reveals #[1]#.,Dicen que el #Ojo de la Verdad en el pozo# revela #[1]#.,YES,NONE,NONE,PASS
Hint::RHT_BOTTOM_OF_THE_WELL_COMPASS_CHEST::323,CLEAR,They say that a #hidden entrance to a cage# in the well leads to #[1]#.,Dicen que una #entrada oculta a una jaula# en el pozo conduce a #[1]#.,YES,NONE,NONE,PASS
Hint::RHT_BOTTOM_OF_THE_WELL_CENTER_SKULLTULA_CHEST::324,CLEAR,They say that a #spider guarding a cage# in the well protects #[1]#.,Dicen que una #araña custodiando una jaula# en el pozo protege #[1]#.,YES,NONE,NONE,PASS
Hint::RHT_BOTTOM_OF_THE_WELL_BACK_LEFT_BOMBABLE_CHEST::325,CLEAR,They say that #gruesome debris# in the well hides #[1]#.,Dicen que los #escombros grotescos# en el pozo esconden #[1]#.,YES,NONE,NONE,PASS
Hint::RHT_BOTTOM_OF_THE_WELL_INVISIBLE_CHEST::326,CLEAR,They say that #Dead Hand's invisible secret# is #[1]#.,Dicen que el #secreto invisible de Dead Hand# es #[1]#.,YES,NONE,NONE,PASS
Hint::RHT_BOTTOM_OF_THE_WELL_UNDERWATER_FRONT_CHEST::327,CLEAR,They say that a #royal melody in the well# uncovers #[1]#.,Dicen que una #melodía real en el pozo# descubre #[1]#.,YES,NONE,NONE,PASS
Hint::RHT_BOTTOM_OF_THE_WELL_UNDERWATER_LEFT_CHEST::328,CLEAR,They say that a #royal melody in the well# uncovers #[1]#.,Dicen que una #melodía real en el pozo# descubre #[1]#.,YES,NONE,NONE,PASS
Hint::RHT_BOTTOM_OF_THE_WELL_MAP_CHEST::329,CLEAR,They say that in the #depths of the well# lies #[1]#.,Dicen que en las #profundidades del pozo# se encuentra #[1]#.,YES,NONE,NONE,PASS
Hint::RHT_BOTTOM_OF_THE_WELL_FIRE_KEESE_CHEST::330,CLEAR,They say that #perilous pits# in the well guard the path to #[1]#.,Dicen que los #pozos peligrosos# en el pozo custodian el camino a #[1]#.,YES,NONE,NONE,PASS
Hint::RHT_BOTTOM_OF_THE_WELL_LIKE_LIKE_CHEST::331,CLEAR,They say that #locked in a cage# in the well lies #[1]#.,Dicen que #encerrado en una jaula# en el pozo se encuentra #[1]#.,YES,NONE,NONE,PASS
Hint::RHT_BOTTOM_OF_THE_WELL_FREESTANDING_KEY::332,CLEAR,They say that #inside a coffin# hides #[1]#.,Dicen que #dentro de un ataúd# se esconde #[1]#.,YES,NONE,NONE,PASS
Hint::RHT_BOTTOM_OF_THE_WELL_MQ_MAP_CHEST::333,CLEAR,They say that a #royal melody in the well# uncovers #[1]#.,Dicen que una #melodía real en el pozo# descubre #[1]#.,YES,NONE,NONE,PASS
Hint::RHT_BOTTOM_OF_THE_WELL_MQ_LENS_OF_TRUTH_CHEST::334,CLEAR,They say that an #army of the dead# in the well guards #[1]#.,Dicen que un #ejército de muertos# en el pozo custodia #[1]#.,YES,NONE,NONE,PASS
Hint::RHT_BOTTOM_OF_THE_WELL_MQ_DEAD_HAND_FREESTANDING_KEY::335,CLEAR,They say that #Dead Hand's explosive secret# is #[1]#.,Dicen que el #secreto explosivo de Dead Hand# es #[1]#.,YES,NONE,NONE,PASS
Hint::RHT_BOTTOM_OF_THE_WELL_MQ_EAST_INNER_ROOM_FREESTANDING_KEY::336,CLEAR,They say that an #invisible path in the well# leads to #[1]#.,Dicen que un #camino invisible en el pozo# conduce a #[1]#.,YES,NONE,NONE,PASS
Hint::RHT_BOTTOM_OF_THE_WELL_GS_LIKE_LIKE_CAGE::337,CLEAR,They say that a #spider locked in a cage# in the well holds #[1]#.,Dicen que una #araña encerrada en una jaula# en el pozo posee #[1]#.,YES,NONE,NONE,PASS
Hint::RHT_BOTTOM_OF_THE_WELL_GS_EAST_INNER_ROOM::338,CLEAR,They say that an #invisible path in the well# leads to #[1]#.,Dicen que un #camino invisible en el pozo# conduce a #[1]#.,YES,NONE,NONE,PASS
Hint::RHT_BOTTOM_OF_THE_WELL_GS_WEST_INNER_ROOM::339,CLEAR,They say that a #spider locked in a crypt# within the well guards #[1]#.,Dicen que una #araña encerrada en una cripta# dentro del pozo custodia #[1]#.,YES,NONE,NONE,PASS
Hint::RHT_BOTTOM_OF_THE_WELL_MQ_GS_BASEMENT::340,CLEAR,They say that a #gauntlet of invisible spiders# protects #[1]#.,Dicen que un #desafío de arañas invisibles# protege #[1]#.,YES,NONE,NONE,PASS
Hint::RHT_BOTTOM_OF_THE_WELL_MQ_GS_COFFIN_ROOM::341,CLEAR,They say that a #spider crawling near the dead# in the well holds #[1]#.,Dicen que una #araña arrastrándose cerca de los muertos# en el pozo posee #[1]#.,YES,NONE,NONE,PASS
Hint::RHT_BOTTOM_OF_THE_WELL_MQ_GS_WEST_INNER_ROOM::342,CLEAR,They say that a #spider locked in a crypt# within the well guards #[1]#.,Dicen que una #araña encerrada en una cripta# dentro del pozo custodia #[1]#.,YES,NONE,NONE,PASS
Hint::RHT_POT_BOTTOM_OF_THE_WELL::343,CLEAR,They say that a #pot in Bottom of the Well# contains #[1]#.,Dicen que una #olla en el Fondo del Pozo# contiene #[1]#.,YES,NONE,NONE,PASS
Hint::RHT_BOTTOM_OF_THE_WELL_HEART::344,CLEAR,They say that a #heart within the well# hides #[1]#.,Dicen que un #corazón dentro del pozo# esconde #[1]#.,YES,NONE,NONE,PASS
Hint::RHT_BOTTOM_OF_THE_WELL_RUPEE::345,CLEAR,They say that a #hidden path through the floor# in the well leads to #[1]#.,Dicen que un #camino oculto a través del suelo# en el pozo conduce a #[1]#.,YES,NONE,NONE,PASS
Hint::RHT_BOTTOM_OF_THE_WELL_BASEMENT_SUN_FAIRY::346,CLEAR,They say that an #calling the sun a dead end# within the well reveals #[1]#.,Dicen que #invocar al sol en un callejón sin salida# dentro del pozo revela #[1]#.,YES,NONE,NONE,PASS
Hint::RHT_BOTTOM_OF_THE_WELL_MQ_CELL_SUN_FAIRY::347,CLEAR,They say that an #calling the sun in an empty cell# within the well reveals #[1]#.,Dicen que #invocar al sol en una celda vacía# dentro del pozo revela #[1]#.,YES,NONE,NONE,PASS
Hint::RHT_BOTTOM_OF_THE_WELL_MQ_BASEMENT_SUN_FAIRY::348,CLEAR,They say that an #calling the sun a dead end# within the well reveals #[1]#.,Dicen que #invocar al sol en un callejón sin salida# dentro del pozo revela #[1]#.,YES,NONE,NONE,PASS
Hint::RHT_BOTTOM_OF_THE_WELL_GRASS::349,CLEAR,They say that some #grass in the Bottom of the Well# hides #[1]#.,Dicen que algo de #hierba en el Fondo del Pozo# esconde #[1]#.,YES,NONE,NONE,PASS
Hint::RHT_ICE_CAVERN_MAP_CHEST::350,CLEAR,They say that #winds of ice# surround #[1]#.,Dicen que los #vientos de hielo# rodean #[1]#.,YES,NONE,NONE,PASS
Hint::RHT_ICE_CAVERN_COMPASS_CHEST::351,CLEAR,They say that a #wall of ice# protects #[1]#.,Dicen que una #pared de hielo# protege #[1]#.,YES,NONE,NONE,PASS
Hint::RHT_ICE_CAVERN_IRON_BOOTS_CHEST::352,CLEAR,They say that a #monster in a frozen cavern# guards #[1]#.,Dicen que un #monstruo en una cueva helada# custodia #[1]#.,YES,NONE,NONE,PASS
Hint::RHT_ICE_CAVERN_FREESTANDING_POH::353,CLEAR,They say that a #wall of ice# protects #[1]#.,Dicen que una #pared de hielo# protege #[1]#.,YES,NONE,NONE,PASS
Hint::RHT_ICE_CAVERN_MQ_IRON_BOOTS_CHEST::354,CLEAR,They say that a #monster in a frozen cavern# guards #[1]#.,Dicen que un #monstruo en una cueva helada# custodia #[1]#.,YES,NONE,NONE,PASS
Hint::RHT_ICE_CAVERN_MQ_COMPASS_CHEST::355,CLEAR,They say that #winds of ice# surround #[1]#.,Dicen que los #vientos de hielo# rodean #[1]#.,YES,NONE,NONE,PASS
Hint::RHT_ICE_CAVERN_MQ_MAP_CHEST::356,CLEAR,They say that a #wall of ice# protects #[1]#.,Dicen que una #pared de hielo# protege #[1]#.,YES,NONE,NONE,PASS
Hint::RHT_ICE_CAVERN_MQ_FREESTANDING_POH::357,CLEAR,They say that #winds of ice# surround #[1]#.,Dicen que los #vientos de hielo# rodean #[1]#.,YES,NONE,NONE,PASS
Hint::RHT_ICE_CAVERN_GS_PUSH_BLOCK_ROOM::358,CLEAR,They say that a #spider above icy pits# holds #[1]#.,Dicen que una #araña encima de pozos helados# posee #[1]#.,YES,NONE,NONE,PASS
Hint::RHT_ICE_CAVERN_GS_SPINNING_SCYTHE_ROOM::359,CLEAR,They say that #spinning ice# guards a spider holding #[1]#.,Dicen que el #hielo giratorio# custodia una araña que posee #[1]#.,YES,NONE,NONE,PASS
Hint::RHT_ICE_CAVERN_GS_HEART_PIECE_ROOM::360,CLEAR,They say that a #spider behind a wall of ice# hides #[1]#.,Dicen que una #araña detrás de una pared de hielo# esconde #[1]#.,YES,NONE,NONE,PASS
Hint::RHT_ICE_CAVERN_MQ_GS_SCARECROW::361,CLEAR,They say that a #spider above icy pits# holds #[1]#.,Dicen que una #araña encima de pozos helados# posee #[1]#.,YES,NONE,NONE,PASS
Hint::RHT_ICE_CAVERN_MQ_GS_ICE_BLOCK::362,CLEAR,They say that a #web of ice# surrounds a spider with #[1]#.,Dicen que una #telaraña de hielo# rodea una araña con #[1]#.,YES,NONE,NONE,PASS
Hint::RHT_ICE_CAVERN_MQ_GS_RED_ICE::363,CLEAR,They say that a #spider in fiery ice# hoards #[1]#.,Dicen que una #araña en hielo ardiente# atesora #[1]#.,YES,NONE,NONE,PASS
Hint::RHT_POT_ICE_CAVERN::364,CLEAR,They say that a #pot in Ice Cavern# contains #[1]#.,Dicen que una #olla en la Cueva de Hielo# contiene #[1]#.,YES,NONE,NONE,PASS
Hint::RHT_ICE_CAVERN_HEART::365,CLEAR,They say that atop on a #frozen pillar# lies #[1]#.,Dicen que encima de un #pilar congelado# se encuentra #[1]#.,YES,NONE,NONE,PASS
Hint::RHT_ICE_CAVERN_RUPEE::366,CLEAR,They say that a #rupee in a frozen cavern# hides #[1]#.,Dicen que un #rupee en una cueva helada# esconde #[1]#.,YES,NONE,NONE,PASS
Hint::RHT_ICE_CAVERN_ENTRANCE_STORMS_FAIRY::367,CLEAR,They say that #calling the rain near the entrance to a frozen cave# reveals #[1]#.,Dicen que #invocar la lluvia cerca de la entrada de una cueva helada# revela #[1]#.,YES,NONE,NONE,PASS
Hint::RHT_GERUDO_TRAINING_GROUND_LOBBY_LEFT_CHEST::368,CLEAR,They say that a #blinded eye in the Gerudo Training Ground# drops #[1]#.,Dicen que un #ojo cegado en el Campo de Entrenamiento Gerudo# suelta #[1]#.,YES,NONE,NONE,PASS
Hint::RHT_GERUDO_TRAINING_GROUND_LOBBY_RIGHT_CHEST::369,CLEAR,They say that a #blinded eye in the Gerudo Training Ground# drops #[1]#.,Dicen que un #ojo cegado en el Campo de Entrenamiento Gerudo# suelta #[1]#.,YES,NONE,NONE,PASS
Hint::RHT_GERUDO_TRAINING_GROUND_STALFOS_CHEST::370,CLEAR,They say that #soldiers walking on shifting sands# in the Gerudo Training Ground guard #[1]#.,Dicen que los #soldados caminando sobre arena movediza# en el Campo de Entrenamiento Gerudo custodian #[1]#.,YES,NONE,NONE,PASS
Hint::RHT_GERUDO_TRAINING_GROUND_BEAMOS_CHEST::371,CLEAR,They say that #reptilian warriors# in the Gerudo Training Ground protect #[1]#.,Dicen que los #guerreros reptilianos# en el Campo de Entrenamiento Gerudo protegen #[1]#.,YES,NONE,NONE,PASS
Hint::RHT_GERUDO_TRAINING_GROUND_HIDDEN_CEILING_CHEST::372,CLEAR,They say that the #Eye of Truth# in the Gerudo Training Ground reveals #[1]#.,Dicen que el #Ojo de la Verdad# en el Campo de Entrenamiento Gerudo revela #[1]#.,YES,NONE,NONE,PASS
Hint::RHT_GERUDO_TRAINING_GROUND_MAZE_PATH_FIRST_CHEST::373,CLEAR,They say that the first prize of #the thieves' training# is #[1]#.,Dicen que el primer premio de #el entrenamiento de los ladrones# es #[1]#.,YES,NONE,NONE,PASS
Hint::RHT_GERUDO_TRAINING_GROUND_MAZE_PATH_SECOND_CHEST::374,CLEAR,They say that the second prize of #the thieves' training# is #[1]#.,Dicen que el segundo premio de #el entrenamiento de los ladrones# es #[1]#.,YES,NONE,NONE,PASS
Hint::RHT_GERUDO_TRAINING_GROUND_MAZE_PATH_THIRD_CHEST::375,CLEAR,They say that the third prize of #the thieves' training# is #[1]#.,Dicen que el tercer premio de #el entrenamiento de los ladrones# es #[1]#.,YES,NONE,NONE,PASS
Hint::RHT_GERUDO_TRAINING_GROUND_MAZE_RIGHT_CENTRAL_CHEST::376,CLEAR,They say that the #Song of Time# in the Gerudo Training Ground leads to #[1]#.,Dicen que la #Canción del Tiempo# en el Campo de Entrenamiento Gerudo conduce a #[1]#.,YES,NONE,NONE,PASS
Hint::RHT_GERUDO_TRAINING_GROUND_MAZE_RIGHT_SIDE_CHEST::377,CLEAR,They say that the #Song of Time# in the Gerudo Training Ground leads to #[1]#.,Dicen que la #Canción del Tiempo# en el Campo de Entrenamiento Gerudo conduce a #[1]#.,YES,NONE,NONE,PASS
Hint::RHT_GERUDO_TRAINING_GROUND_HAMMER_ROOM_CLEAR_CHEST::378,CLEAR,They say that #fiery foes# in the Gerudo Training Ground guard #[1]#.,Dicen que los #enemigos ardientes# en el Campo de Entrenamiento Gerudo custodian #[1]#.,YES,NONE,NONE,PASS
Hint::RHT_GERUDO_TRAINING_GROUND_HAMMER_ROOM_SWITCH_CHEST::379,CLEAR,They say that #engulfed in flame# where thieves train lies #[1]#.,Dicen que #envuelto en llamas# donde los ladrones entrenan se encuentra #[1]#.,YES,NONE,NONE,PASS
Hint::RHT_GERUDO_TRAINING_GROUND_EYE_STATUE_CHEST::380,CLEAR,They say that thieves #blind four faces# to find #[1]#.,Dicen que los ladrones #ciegan cuatro rostros# para encontrar #[1]#.,YES,NONE,NONE,PASS
Hint::RHT_GERUDO_TRAINING_GROUND_NEAR_SCARECROW_CHEST::381,CLEAR,They say that thieves #blind four faces# to find #[1]#.,Dicen que los ladrones #ciegan cuatro rostros# para encontrar #[1]#.,YES,NONE,NONE,PASS
Hint::RHT_GERUDO_TRAINING_GROUND_BEFORE_HEAVY_BLOCK_CHEST::382,CLEAR,They say that #before a block of silver# thieves can find #[1]#.,Dicen que #antes de un bloque de plata# los ladrones pueden encontrar #[1]#.,YES,NONE,NONE,PASS
Hint::RHT_GERUDO_TRAINING_GROUND_HEAVY_BLOCK_FIRST_CHEST::383,CLEAR,They say that a #feat of strength# rewards thieves with #[1]#.,Dicen que una #hazaña de fuerza# recompensa a los ladrones con #[1]#.,YES,NONE,NONE,PASS
Hint::RHT_GERUDO_TRAINING_GROUND_HEAVY_BLOCK_SECOND_CHEST::384,CLEAR,They say that a #feat of strength# rewards thieves with #[1]#.,Dicen que una #hazaña de fuerza# recompensa a los ladrones con #[1]#.,YES,NONE,NONE,PASS
Hint::RHT_GERUDO_TRAINING_GROUND_HEAVY_BLOCK_THIRD_CHEST::385,CLEAR,They say that a #feat of strength# rewards thieves with #[1]#.,Dicen que una #hazaña de fuerza# recompensa a los ladrones con #[1]#.,YES,NONE,NONE,PASS
Hint::RHT_GERUDO_TRAINING_GROUND_HEAVY_BLOCK_FOURTH_CHEST::386,CLEAR,They say that a #feat of strength# rewards thieves with #[1]#.,Dicen que una #hazaña de fuerza# recompensa a los ladrones con #[1]#.,YES,NONE,NONE,PASS
Hint::RHT_GERUDO_TRAINING_GROUND_ENTRANCE_STORMS_FAIRY::387,CLEAR,They say that #calling the rain near the entrance to the Gerudo Training Ground# reveals #[1]#.,Dicen que #invocar la lluvia cerca de la entrada del Campo de Entrenamiento Gerudo# revela #[1]#.,YES,NONE,NONE,PASS
Hint::RHT_GERUDO_TRAINING_GROUND_FREESTANDING_KEY::388,CLEAR,They say that the #Song of Time# in the Gerudo Training Ground leads to #[1]#.,Dicen que la #Canción del Tiempo# en el Campo de Entrenamiento Gerudo conduce a #[1]#.,YES,NONE,NONE,PASS
Hint::RHT_GERUDO_TRAINING_GROUND_MQ_LOBBY_RIGHT_CHEST::389,CLEAR,They say that #thieves prepare for training# with #[1]#.,Dicen que los #ladrones se preparan para el entrenamiento# con #[1]#.,YES,NONE,NONE,PASS
Hint::RHT_GERUDO_TRAINING_GROUND_MQ_LOBBY_LEFT_CHEST::390,CLEAR,They say that #thieves prepare for training# with #[1]#.,Dicen que los #ladrones se preparan para el entrenamiento# con #[1]#.,YES,NONE,NONE,PASS
Hint::RHT_GERUDO_TRAINING_GROUND_MQ_FIRST_IRON_KNUCKLE_CHEST::391,CLEAR,They say that #soldiers walking on shifting sands# in the Gerudo Training Ground guard #[1]#.,Dicen que los #soldados caminando sobre arena movediza# en el Campo de Entrenamiento Gerudo custodian #[1]#.,YES,NONE,NONE,PASS
Hint::RHT_GERUDO_TRAINING_GROUND_MQ_BEFORE_HEAVY_BLOCK_CHEST::392,CLEAR,They say that #before a block of silver# thieves can find #[1]#.,Dicen que #antes de un bloque de plata# los ladrones pueden encontrar #[1]#.,YES,NONE,NONE,PASS
Hint::RHT_GERUDO_TRAINING_GROUND_MQ_EYE_STATUE_CHEST::393,CLEAR,They say that thieves #blind four faces# to find #[1]#.,Dicen que los ladrones #ciegan cuatro rostros# para encontrar #[1]#.,YES,NONE,NONE,PASS
Hint::RHT_GERUDO_TRAINING_GROUND_MQ_FLAME_CIRCLE_CHEST::394,CLEAR,They say that #engulfed in flame# where thieves train lies #[1]#.,Dicen que #envuelto en llamas# donde los ladrones entrenan se encuentra #[1]#.,YES,NONE,NONE,PASS
Hint::RHT_GERUDO_TRAINING_GROUND_MQ_SECOND_IRON_KNUCKLE_CHEST::395,CLEAR,They say that #fiery foes# in the Gerudo Training Ground guard #[1]#.,Dicen que los #enemigos ardientes# en el Campo de Entrenamiento Gerudo custodian #[1]#.,YES,NONE,NONE,PASS
Hint::RHT_GERUDO_TRAINING_GROUND_MQ_DINOLFOS_CHEST::396,CLEAR,They say that #reptilian warriors# in the Gerudo Training Ground protect #[1]#.,Dicen que los #guerreros reptilianos# en el Campo de Entrenamiento Gerudo protegen #[1]#.,YES,NONE,NONE,PASS
Hint::RHT_GERUDO_TRAINING_GROUND_MQ_MAZE_RIGHT_CENTRAL_CHEST::397,CLEAR,They say that a #path of fire# leads thieves to #[1]#.,Dicen que un #camino de fuego# conduce a los ladrones a #[1]#.,YES,NONE,NONE,PASS
Hint::RHT_GERUDO_TRAINING_GROUND_MQ_MAZE_PATH_FIRST_CHEST::398,CLEAR,They say that the first prize of #the thieves' training# is #[1]#.,Dicen que el primer premio de #el entrenamiento de los ladrones# es #[1]#.,YES,NONE,NONE,PASS
Hint::RHT_GERUDO_TRAINING_GROUND_MQ_MAZE_RIGHT_SIDE_CHEST::399,CLEAR,They say that a #path of fire# leads thieves to #[1]#.,Dicen que un #camino de fuego# conduce a los ladrones a #[1]#.,YES,NONE,NONE,PASS
Hint::RHT_GERUDO_TRAINING_GROUND_MQ_MAZE_PATH_THIRD_CHEST::400,CLEAR,They say that the third prize of #the thieves' training# is #[1]#.,Dicen que el tercer premio de #el entrenamiento de los ladrones# es #[1]#.,YES,NONE,NONE,PASS
Hint::RHT_GERUDO_TRAINING_GROUND_MQ_MAZE_PATH_SECOND_CHEST::401,CLEAR,They say that the second prize of #the thieves' training# is #[1]#.,Dicen que el segundo premio de #el entrenamiento de los ladrones# es #[1]#.,YES,NONE,NONE,PASS
Hint::RHT_GERUDO_TRAINING_GROUND_MQ_HIDDEN_CEILING_CHEST::402,CLEAR,They say that the #Eye of Truth# in the Gerudo Training Ground reveals #[1]#.,Dicen que el #Ojo de la Verdad# en el Campo de Entrenamiento Gerudo revela #[1]#.,YES,NONE,NONE,PASS
Hint::RHT_GERUDO_TRAINING_GROUND_MQ_HEAVY_BLOCK_CHEST::403,CLEAR,They say that a #feat of strength# rewards thieves with #[1]#.,Dicen que una #hazaña de fuerza# recompensa a los ladrones con #[1]#.,YES,NONE,NONE,PASS
Hint::RHT_GERUDO_TRAINING_GROUNDS_HEART::404,CLEAR,They say that a watching a #trial with Dinolfos# is #[1]#.,Dicen que observar una #prueba con Dinolfos# es #[1]#.,YES,NONE,NONE,PASS
Hint::RHT_CRATE_GERUDO_TRAINING_GROUND::405,CLEAR,They say that a #crate in Gerudo Training Ground# contains #[1]#.,Dicen que una #caja en el Campo de Entrenamiento Gerudo# contiene #[1]#.,YES,NONE,NONE,PASS
Hint::RHT_GANONS_TOWER_BOSS_KEY_CHEST::406,CLEAR,They say that the #Evil King# hoards #[1]#.,Dicen que el #Rey Maligno# atesora #[1]#.,YES,NONE,NONE,PASS
Hint::RHT_GANONS_CASTLE_FOREST_TRIAL_CHEST::407,CLEAR,They say that the #test of the wilds# holds #[1]#.,Dicen que la #prueba de las selvas# posee #[1]#.,YES,NONE,NONE,PASS
Hint::RHT_GANONS_CASTLE_WATER_TRIAL_LEFT_CHEST::408,CLEAR,They say that the #test of the seas# holds #[1]#.,Dicen que la #prueba de los mares# posee #[1]#.,YES,NONE,NONE,PASS
Hint::RHT_GANONS_CASTLE_WATER_TRIAL_RIGHT_CHEST::409,CLEAR,They say that the #test of the seas# holds #[1]#.,Dicen que la #prueba de los mares# posee #[1]#.,YES,NONE,NONE,PASS
Hint::RHT_GANONS_CASTLE_SHADOW_TRIAL_FRONT_CHEST::410,CLEAR,They say that #music in the test of darkness# unveils #[1]#.,Dicen que la #música en la prueba de la oscuridad# revela #[1]#.,YES,NONE,NONE,PASS
Hint::RHT_GANONS_CASTLE_SHADOW_TRIAL_GOLDEN_GAUNTLETS_CHEST::411,CLEAR,They say that #light in the test of darkness# unveils #[1]#.,Dicen que la #luz en la prueba de la oscuridad# revela #[1]#.,YES,NONE,NONE,PASS
Hint::RHT_GANONS_CASTLE_SPIRIT_TRIAL_CRYSTAL_SWITCH_CHEST::412,CLEAR,They say that the #test of the sands# holds #[1]#.,Dicen que la #prueba de las arenas# posee #[1]#.,YES,NONE,NONE,PASS
Hint::RHT_GANONS_CASTLE_SPIRIT_TRIAL_INVISIBLE_CHEST::413,CLEAR,They say that the #test of the sands# holds #[1]#.,Dicen que la #prueba de las arenas# posee #[1]#.,YES,NONE,NONE,PASS
Hint::RHT_GANONS_CASTLE_LIGHT_TRIAL_FIRST_LEFT_CHEST::414,CLEAR,They say that the #test of radiance# holds #[1]#.,Dicen que la #prueba del resplandor# posee #[1]#.,YES,NONE,NONE,PASS
Hint::RHT_GANONS_CASTLE_LIGHT_TRIAL_SECOND_LEFT_CHEST::415,CLEAR,They say that the #test of radiance# holds #[1]#.,Dicen que la #prueba del resplandor# posee #[1]#.,YES,NONE,NONE,PASS
Hint::RHT_GANONS_CASTLE_LIGHT_TRIAL_THIRD_LEFT_CHEST::416,CLEAR,They say that the #test of radiance# holds #[1]#.,Dicen que la #prueba del resplandor# posee #[1]#.,YES,NONE,NONE,PASS
Hint::RHT_GANONS_CASTLE_LIGHT_TRIAL_FIRST_RIGHT_CHEST::417,CLEAR,They say that the #test of radiance# holds #[1]#.,Dicen que la #prueba del resplandor# posee #[1]#.,YES,NONE,NONE,PASS
Hint::RHT_GANONS_CASTLE_LIGHT_TRIAL_SECOND_RIGHT_CHEST::418,CLEAR,They say that the #test of radiance# holds #[1]#.,Dicen que la #prueba del resplandor# posee #[1]#.,YES,NONE,NONE,PASS
Hint::RHT_GANONS_CASTLE_LIGHT_TRIAL_THIRD_RIGHT_CHEST::419,CLEAR,They say that the #test of radiance# holds #[1]#.,Dicen que la #prueba del resplandor# posee #[1]#.,YES,NONE,NONE,PASS
Hint::RHT_GANONS_CASTLE_LIGHT_TRIAL_INVISIBLE_ENEMIES_CHEST::420,CLEAR,They say that the #test of radiance# holds #[1]#.,Dicen que la #prueba del resplandor# posee #[1]#.,YES,NONE,NONE,PASS
Hint::RHT_GANONS_CASTLE_LIGHT_TRIAL_LULLABY_CHEST::421,CLEAR,They say that #music in the test of radiance# reveals #[1]#.,Dicen que la #música en la prueba del resplandor# revela #[1]#.,YES,NONE,NONE,PASS
Hint::RHT_GANONS_CASTLE_SPIRIT_TRIAL_SUN_FAIRY::422,CLEAR,They say that #calling the sun for a sentry in the test of the sands# reveals #[1]#.,Dicen que #invocar al sol para un centinela en la prueba de las arenas# revela #[1]#.,YES,NONE,NONE,PASS
Hint::RHT_GANONS_CASTLE_SCRUBS_FAIRY::423,CLEAR,They say that within a #sanctuary before the final trial# rests #[1]#.,Dicen que dentro de un #santuario antes de la prueba final# descansa #[1]#.,YES,NONE,NONE,PASS
Hint::RHT_GANONS_CASTLE_MQ_WATER_TRIAL_CHEST::424,CLEAR,They say that the #test of the seas# holds #[1]#.,Dicen que la #prueba de los mares# posee #[1]#.,YES,NONE,NONE,PASS
Hint::RHT_GANONS_CASTLE_MQ_FOREST_TRIAL_EYE_SWITCH_CHEST::425,CLEAR,They say that the #test of the wilds# holds #[1]#.,Dicen que la #prueba de las selvas# posee #[1]#.,YES,NONE,NONE,PASS
Hint::RHT_GANONS_CASTLE_MQ_FOREST_TRIAL_FROZEN_EYE_SWITCH_CHEST::426,CLEAR,They say that the #test of the wilds# holds #[1]#.,Dicen que la #prueba de las selvas# posee #[1]#.,YES,NONE,NONE,PASS
Hint::RHT_GANONS_CASTLE_MQ_LIGHT_TRIAL_LULLABY_CHEST::427,CLEAR,They say that #music in the test of radiance# reveals #[1]#.,Dicen que la #música en la prueba del resplandor# revela #[1]#.,YES,NONE,NONE,PASS
Hint::RHT_GANONS_CASTLE_MQ_SHADOW_TRIAL_BOMB_FLOWER_CHEST::428,CLEAR,They say that the #test of darkness# holds #[1]#.,Dicen que la #prueba de la oscuridad# posee #[1]#.,YES,NONE,NONE,PASS
Hint::RHT_GANONS_CASTLE_MQ_SHADOW_TRIAL_EYE_SWITCH_CHEST::429,CLEAR,They say that the #test of darkness# holds #[1]#.,Dicen que la #prueba de la oscuridad# posee #[1]#.,YES,NONE,NONE,PASS
Hint::RHT_GANONS_CASTLE_MQ_SPIRIT_TRIAL_GOLDEN_GAUNTLETS_CHEST::430,CLEAR,They say that #reflected light in the test of the sands# reveals #[1]#.,Dicen que la #luz reflejada en la prueba de las arenas# revela #[1]#.,YES,NONE,NONE,PASS
Hint::RHT_GANONS_CASTLE_MQ_SPIRIT_TRIAL_SUN_BACK_RIGHT_CHEST::431,CLEAR,They say that #reflected light in the test of the sands# reveals #[1]#.,Dicen que la #luz reflejada en la prueba de las arenas# revela #[1]#.,YES,NONE,NONE,PASS
Hint::RHT_GANONS_CASTLE_MQ_SPIRIT_TRIAL_SUN_BACK_LEFT_CHEST::432,CLEAR,They say that #reflected light in the test of the sands# reveals #[1]#.,Dicen que la #luz reflejada en la prueba de las arenas# revela #[1]#.,YES,NONE,NONE,PASS
Hint::RHT_GANONS_CASTLE_MQ_SPIRIT_TRIAL_SUN_FRONT_LEFT_CHEST::433,CLEAR,They say that #reflected light in the test of the sands# reveals #[1]#.,Dicen que la #luz reflejada en la prueba de las arenas# revela #[1]#.,YES,NONE,NONE,PASS
Hint::RHT_GANONS_CASTLE_MQ_SPIRIT_TRIAL_FIRST_CHEST::434,CLEAR,They say that #reflected light in the test of the sands# reveals #[1]#.,Dicen que la #luz reflejada en la prueba de las arenas# revela #[1]#.,YES,NONE,NONE,PASS
Hint::RHT_GANONS_CASTLE_MQ_SPIRIT_TRIAL_INVISIBLE_CHEST::435,CLEAR,They say that #reflected light in the test of the sands# reveals #[1]#.,Dicen que la #luz reflejada en la prueba de las arenas# revela #[1]#.,YES,NONE,NONE,PASS
Hint::RHT_GANONS_CASTLE_MQ_FOREST_TRIAL_FREESTANDING_KEY::436,CLEAR,They say that the #test of the wilds# holds #[1]#.,Dicen que la #prueba de las selvas# posee #[1]#.,YES,NONE,NONE,PASS
Hint::RHT_GANONS_CASTLE_DEKU_SCRUB_CENTER_LEFT::437,CLEAR,They say that #scrubs in Ganon's Castle# sell #[1]#.,Dicen que los #scrubs en el Castillo de Ganon# venden #[1]#.,YES,NONE,NONE,PASS
Hint::RHT_GANONS_CASTLE_DEKU_SCRUB_CENTER_RIGHT::438,CLEAR,They say that #scrubs in Ganon's Castle# sell #[1]#.,Dicen que los #scrubs en el Castillo de Ganon# venden #[1]#.,YES,NONE,NONE,PASS
Hint::RHT_GANONS_CASTLE_DEKU_SCRUB_RIGHT::439,CLEAR,They say that #scrubs in Ganon's Castle# sell #[1]#.,Dicen que los #scrubs en el Castillo de Ganon# venden #[1]#.,YES,NONE,NONE,PASS
Hint::RHT_GANONS_CASTLE_DEKU_SCRUB_LEFT::440,CLEAR,They say that #scrubs in Ganon's Castle# sell #[1]#.,Dicen que los #scrubs en el Castillo de Ganon# venden #[1]#.,YES,NONE,NONE,PASS
Hint::RHT_GANONS_CASTLE_MQ_DEKU_SCRUB_RIGHT::441,CLEAR,They say that #scrubs in Ganon's Castle# sell #[1]#.,Dicen que los #scrubs en el Castillo de Ganon# venden #[1]#.,YES,NONE,NONE,PASS
Hint::RHT_GANONS_CASTLE_MQ_DEKU_SCRUB_CENTER_LEFT::442,CLEAR,They say that #scrubs in Ganon's Castle# sell #[1]#.,Dicen que los #scrubs en el Castillo de Ganon# venden #[1]#.,YES,NONE,NONE,PASS
Hint::RHT_GANONS_CASTLE_MQ_DEKU_SCRUB_CENTER::443,CLEAR,They say that #scrubs in Ganon's Castle# sell #[1]#.,Dicen que los #scrubs en el Castillo de Ganon# venden #[1]#.,YES,NONE,NONE,PASS
Hint::RHT_GANONS_CASTLE_MQ_DEKU_SCRUB_CENTER_RIGHT::444,CLEAR,They say that #scrubs in Ganon's Castle# sell #[1]#.,Dicen que los #scrubs en el Castillo de Ganon# venden #[1]#.,YES,NONE,NONE,PASS
Hint::RHT_GANONS_CASTLE_MQ_DEKU_SCRUB_LEFT::445,CLEAR,They say that #scrubs in Ganon's Castle# sell #[1]#.,Dicen que los #scrubs en el Castillo de Ganon# venden #[1]#.,YES,NONE,NONE,PASS
Hint::RHT_POT_GANONS_CASTLE::446,CLEAR,They say that a #pot in Ganon's Castle# contains #[1]#.,Dicen que una #olla en el Castillo de Ganon# contiene #[1]#.,YES,NONE,NONE,PASS
Hint::RHT_GANONS_CASTLE_HEART::447,CLEAR,They say that a #heart in Ganon's Castle# hides #[1]#.,Dicen que un #corazón en el Castillo de Ganon# esconde #[1]#.,YES,NONE,NONE,PASS
Hint::RHT_KF_KOKIRI_SWORD_CHEST::0,CLEAR,They say that the #hidden treasure of the Kokiri# is #[1]#.,Dicen que el #tesoro oculto de los Kokiri# es #[1]#.,YES,NONE,NONE,PASS
Hint::RHT_KF_MIDOS_TOP_LEFT_CHEST::1,CLEAR,They say that #inside Mido's house# is #[1]#.,Dicen que #dentro de la casa de Mido# está #[1]#.,YES,NONE,NONE,PASS
Hint::RHT_KF_MIDOS_TOP_LEFT_CHEST::2,CLEAR,They say that the #leader of the Kokiri# hides #[1]#.,Dicen que el #líder de los Kokiri# esconde #[1]#.,YES,NONE,NONE,PASS
Hint::RHT_KF_MIDOS_TOP_RIGHT_CHEST::3,CLEAR,They say that #inside Mido's house# is #[1]#.,Dicen que #dentro de la casa de Mido# está #[1]#.,YES,NONE,NONE,PASS
Hint::RHT_KF_MIDOS_TOP_RIGHT_CHEST::4,CLEAR,They say that the #leader of the Kokiri# hides #[1]#.,Dicen que el #líder de los Kokiri# esconde #[1]#.,YES,NONE,NONE,PASS
Hint::RHT_KF_MIDOS_BOTTOM_LEFT_CHEST::5,CLEAR,They say that #inside Mido's house# is #[1]#.,Dicen que #dentro de la casa de Mido# está #[1]#.,YES,NONE,NONE,PASS
Hint::RHT_KF_MIDOS_BOTTOM_LEFT_CHEST::6,CLEAR,They say that the #leader of the Kokiri# hides #[1]#.,Dicen que el #líder de los Kokiri# esconde #[1]#.,YES,NONE,NONE,PASS
Hint::RHT_KF_MIDOS_BOTTOM_RIGHT_CHEST::7,CLEAR,They say that #inside Mido's house# is #[1]#.,Dicen que #dentro de la casa de Mido# está #[1]#.,YES,NONE,NONE,PASS
Hint::RHT_KF_MIDOS_BOTTOM_RIGHT_CHEST::8,CLEAR,They say that the #leader of the Kokiri# hides #[1]#.,Dicen que el #líder de los Kokiri# esconde #[1]#.,YES,NONE,NONE,PASS
Hint::RHT_GRAVEYARD_SHIELD_GRAVE_CHEST::9,CLEAR,They say that the #treasure of a fallen soldier# is #[1]#.,Dicen que el #tesoro de un soldado caído# es #[1]#.,YES,NONE,NONE,PASS
Hint::RHT_DMT_CHEST::10,CLEAR,They say that hidden behind a wall on a #mountain trail# is #[1]#.,Dicen que oculto detrás de una pared en una #senda de montaña# está #[1]#.,YES,NONE,NONE,PASS
Hint::RHT_GC_MAZE_RIGHT_CHEST::11,CLEAR,They say that in #Goron City# explosives unlock #[1]#.,Dicen que en la #Ciudad Goron# los explosivos desbloquean #[1]#.,YES,NONE,NONE,PASS
Hint::RHT_GC_MAZE_CENTER_CHEST::12,CLEAR,They say that in #Goron City# explosives unlock #[1]#.,Dicen que en la #Ciudad Goron# los explosivos desbloquean #[1]#.,YES,NONE,NONE,PASS
Hint::RHT_ZD_CHEST::13,CLEAR,They say that fire #beyond a waterfall# reveals #[1]#.,Dicen que el fuego #más allá de una cascada# revela #[1]#.,YES,NONE,NONE,PASS
Hint::RHT_GRAVEYARD_HOOKSHOT_CHEST::14,CLEAR,They say that #dead Dampé's first prize# is #[1]#.,Dicen que el #primer premio del difunto Dampé# es #[1]#.,YES,NONE,NONE,PASS
Hint::RHT_GRAVEYARD_HOOKSHOT_CHEST::15,CLEAR,They say that a chest hidden by a #speedy spectre# holds #[1]#.,Dicen que un cofre oculto por un #espectro veloz# posee #[1]#.,YES,NONE,NONE,PASS
Hint::RHT_GF_CHEST::16,CLEAR,They say that on a #rooftop in the desert# lies #[1]#.,Dicen que en una #azotea en el desierto# se encuentra #[1]#.,YES,NONE,NONE,PASS
Hint::RHT_KAK_REDEAD_GROTTO_CHEST::17,CLEAR,They say that #zombies beneath the earth# guard #[1]#.,Dicen que los #zombis bajo la tierra# custodian #[1]#.,YES,NONE,NONE,PASS
Hint::RHT_SFM_WOLFOS_GROTTO_CHEST::18,CLEAR,They say that #wolves beneath the earth# guard #[1]#.,Dicen que los #lobos bajo la tierra# custodian #[1]#.,YES,NONE,NONE,PASS
Hint::RHT_HF_NEAR_MARKET_GROTTO_CHEST::19,CLEAR,They say that a #hole in a field near a drawbridge# holds #[1]#.,Dicen que un #hueco en un campo cerca de un puente levadizo# posee #[1]#.,YES,NONE,NONE,PASS
Hint::RHT_HF_NEAR_MARKET_GROTTO_FISH::20,CLEAR,They say that a #fish in a hole in a field near a drawbridge# holds #[1]#.,Dicen que un #pez en un hueco en un campo cerca de un puente levadizo# posee #[1]#.,YES,NONE,NONE,PASS
Hint::RHT_HF_SOUTHEAST_GROTTO_CHEST::21,CLEAR,They say that a #hole amongst trees in a field# holds #[1]#.,Dicen que un #hueco entre árboles en un campo# posee #[1]#.,YES,NONE,NONE,PASS
Hint::RHT_HF_SOUTHEAST_GROTTO_FISH::22,CLEAR,They say that a #fish in a hole amongst trees in a field# holds #[1]#.,Dicen que un #pez en un hueco entre árboles en un campo# posee #[1]#.,YES,NONE,NONE,PASS
Hint::RHT_HF_OPEN_GROTTO_CHEST::23,CLEAR,They say that an #open hole in a field# holds #[1]#.,Dicen que un #hueco abierto en un campo# posee #[1]#.,YES,NONE,NONE,PASS
Hint::RHT_HF_OPEN_GROTTO_FISH::24,CLEAR,They say that a #fish in an open hole in a field# holds #[1]#.,Dicen que un #pez en un hueco abierto en un campo# posee #[1]#.,YES,NONE,NONE,PASS
Hint::RHT_KAK_OPEN_GROTTO_CHEST::25,CLEAR,They say that an #open hole in a town# holds #[1]#.,Dicen que un #hueco abierto en un pueblo# posee #[1]#.,YES,NONE,NONE,PASS
Hint::RHT_KAK_OPEN_GROTTO_FISH::26,CLEAR,They say that a #fish in an open hole in a town# holds #[1]#.,Dicen que un #pez en un hueco abierto en un pueblo# posee #[1]#.,YES,NONE,NONE,PASS
Hint::RHT_ZR_OPEN_GROTTO_CHEST::27,CLEAR,They say that a #hole along a river# holds #[1]#.,Dicen que un #hueco a lo largo de un río# posee #[1]#.,YES,NONE,NONE,PASS
Hint::RHT_ZR_OPEN_GROTTO_FISH::28,CLEAR,They say that a #fish in a hole along a river# holds #[1]#.,Dicen que un #pez en un hueco a lo largo de un río# posee #[1]#.,YES,NONE,NONE,PASS
Hint::RHT_KF_STORMS_GROTTO_CHEST::29,CLEAR,They say that a #hole in a forest village# holds #[1]#.,Dicen que un #hueco en una aldea boscosa# posee #[1]#.,YES,NONE,NONE,PASS
Hint::RHT_KF_STORMS_GROTTO_FISH::30,CLEAR,They say that a #fish in a hole in a forest village# holds #[1]#.,Dicen que un #pez en un hueco en una aldea boscosa# posee #[1]#.,YES,NONE,NONE,PASS
Hint::RHT_LW_NEAR_SHORTCUTS_GROTTO_CHEST::31,CLEAR,They say that a #hole in a wooded maze# holds #[1]#.,Dicen que un #hueco en un laberinto boscoso# posee #[1]#.,YES,NONE,NONE,PASS
Hint::RHT_LW_NEAR_SHORTCUTS_GROTTO_FISH::32,CLEAR,They say that a #fish in a hole in a wooded maze# holds #[1]#.,Dicen que un #pez en un hueco en un laberinto boscoso# posee #[1]#.,YES,NONE,NONE,PASS
Hint::RHT_DMT_STORMS_GROTTO_CHEST::33,CLEAR,They say that #hole flooded with rain on a mountain# holds #[1]#.,Dicen que un #hueco inundado por la lluvia en una montaña# posee #[1]#.,YES,NONE,NONE,PASS
Hint::RHT_DMT_STORMS_GROTTO_FISH::34,CLEAR,They say that #fish in a hole flooded with rain on a mountain# holds #[1]#.,Dicen que un #pez en un hueco inundado por la lluvia en una montaña# posee #[1]#.,YES,NONE,NONE,PASS
Hint::RHT_DMC_UPPER_GROTTO_CHEST::35,CLEAR,They say that a #hole in a volcano# holds #[1]#.,Dicen que un #hueco en un volcán# posee #[1]#.,YES,NONE,NONE,PASS
Hint::RHT_DMC_UPPER_GROTTO_FISH::36,CLEAR,They say that a #fish in a hole in a volcano# holds #[1]#.,Dicen que un #pez en un hueco en un volcán# posee #[1]#.,YES,NONE,NONE,PASS
Hint::RHT_TOT_MASTER_SWORD::37,CLEAR,They say that a #pedestal in a temple# holds #[1]#.,Dicen que un #pedestal en un templo# posee #[1]#.,YES,NONE,NONE,PASS
Hint::RHT_TOT_LIGHT_ARROWS_CUTSCENE::38,CLEAR,They say that the #final gift of a princess# is #[1]#.,Dicen que el #último regalo de una princesa# es #[1]#.,YES,NONE,NONE,PASS
Hint::RHT_LW_GIFT_FROM_SARIA::39,CLEAR,They say that #Saria's Gift# is #[1]#.,Dicen que el #Regalo de Saria# es #[1]#.,YES,NONE,NONE,PASS
Hint::RHT_LW_GIFT_FROM_SARIA::40,CLEAR,They say that a #potato hoarder# holds #[1]#.,Dicen que un #acaparador de papas# posee #[1]#.,YES,NONE,NONE,PASS
Hint::RHT_LW_GIFT_FROM_SARIA::41,CLEAR,They say that a rooty tooty #flutey cutey# gifts #[1]#.,Dicen que una raíz melodiosa #flauta encantadora# obsequia #[1]#.,YES,NONE,NONE,PASS
Hint::RHT_ZF_GREAT_FAIRY_REWARD::42,CLEAR,They say that the #fairy of winds# holds #[1]#.,Dicen que el hada #de los vientos# posee #[1]#.,YES,NONE,NONE,PASS
Hint::RHT_HC_GREAT_FAIRY_REWARD::43,CLEAR,They say that the #fairy of fire# holds #[1]#.,Dicen que el hada #del fuego# posee #[1]#.,YES,NONE,NONE,PASS
Hint::RHT_COLOSSUS_GREAT_FAIRY_REWARD::44,CLEAR,They say that the #fairy of love# holds #[1]#.,Dicen que el hada #del amor# posee #[1]#.,YES,NONE,NONE,PASS
Hint::RHT_DMT_GREAT_FAIRY_REWARD::45,CLEAR,They say that a #magical fairy# gifts #[1]#.,Dicen que una #hada mágica# obsequia #[1]#.,YES,NONE,NONE,PASS
Hint::RHT_DMC_GREAT_FAIRY_REWARD::46,CLEAR,They say that a #magical fairy# gifts #[1]#.,Dicen que una #hada mágica# obsequia #[1]#.,YES,NONE,NONE,PASS
Hint::RHT_OGC_GREAT_FAIRY_REWARD::47,CLEAR,They say that the #fairy of strength# holds #[1]#.,Dicen que el hada #de la fuerza# posee #[1]#.,YES,NONE,NONE,PASS
Hint::RHT_SONG_FROM_IMPA::48,CLEAR,"They say that #deep in a castle#, Impa teaches #[1]#.","Dicen que #en lo profundo de un castillo#, Impa enseña #[1]#.",YES,NONE,NONE,PASS
Hint::RHT_SONG_FROM_MALON::49,CLEAR,They say that #a farm girl# sings #[1]#.,Dicen que una #chica de la granja# canta #[1]#.,YES,NONE,NONE,PASS
Hint::RHT_SONG_FROM_SARIA::50,CLEAR,"They say that #deep in the forest#, Saria teaches #[1]#.","Dicen que #en lo profundo del bosque#, Saria enseña #[1]#.",YES,NONE,NONE,PASS
Hint::RHT_SONG_FROM_WINDMILL::51,CLEAR,They say that a man #in a windmill# is obsessed with #[1]#.,Dicen que un hombre #en un molino de viento# está obsesionado con #[1]#.,YES,NONE,NONE,PASS
Hint::RHT_HC_MALON_EGG::52,CLEAR,They say that a #girl looking for her father# gives #[1]#.,Dicen que una #chica buscando a su padre# da #[1]#.,YES,NONE,NONE,PASS
Hint::RHT_HC_ZELDAS_LETTER::53,CLEAR,They say that a #princess in a castle# gifts #[1]#.,Dicen que una #princesa en un castillo# obsequia #[1]#.,YES,NONE,NONE,PASS
Hint::RHT_ZD_DIVING_MINIGAME::54,CLEAR,They say that those who #dive for Zora rupees# will find #[1]#.,Dicen que aquellos que #bucean por rupees de Zora# encontrarán #[1]#.,YES,NONE,NONE,PASS
Hint::RHT_ZD_DIVING_MINIGAME::55,CLEAR,They say that an #unsustainable business model# gifts #[1]#.,Dicen que un #modelo de negocio insostenible# obsequia #[1]#.,YES,NONE,NONE,PASS
Hint::RHT_LH_CHILD_FISHING::56,CLEAR,They say that #fishing in youth# bestows #[1]#.,Dicen que #pescar de joven# otorga #[1]#.,YES,NONE,NONE,PASS
Hint::RHT_LH_POND_FISH::57,CLEAR,They say that #hitting the pond# reveals #[1]#.,Dicen que #golpear el estanque# revela #[1]#.,YES,NONE,NONE,PASS
Hint::RHT_LH_HYRULE_LOACH::58,CLEAR,They say that #fishing the hyrule loach# will give you #[1]#.,Dicen que #pescar la locha de Hyrule# te dará #[1]#.,YES,NONE,NONE,PASS
Hint::RHT_LH_HYRULE_LOACH::59,CLEAR,They say that #fishing the legend# bestows #[1]#.,Dicen que #pescar la leyenda# otorga #[1]#.,YES,NONE,NONE,PASS
Hint::RHT_LH_ADULT_FISHING::60,CLEAR,They say that #fishing in maturity# bestows #[1]#.,Dicen que #pescar de adulto# otorga #[1]#.,YES,NONE,NONE,PASS
Hint::RHT_LH_LAB_DIVE::61,CLEAR,They say that a #diving experiment# is rewarded with #[1]#.,Dicen que un #experimento de buceo# es recompensado con #[1]#.,YES,NONE,NONE,PASS
Hint::RHT_ZD_FISH::62,CLEAR,They say that a #fish by a waterfall# hoards #[1]#.,Dicen que un #pez junto a una cascada# atesora #[1]#.,YES,NONE,NONE,PASS
Hint::RHT_GC_ROLLING_GORON_AS_ADULT::63,CLEAR,They say that #reassuring a young Goron# is rewarded with #[1]#.,Dicen que #tranquilizar a un Goron joven# es recompensado con #[1]#.,YES,NONE,NONE,PASS
Hint::RHT_GC_ROLLING_GORON_AS_ADULT::64,CLEAR,They say that #comforting yourself# provides #[1]#.,Dicen que #consolarte a ti mismo# proporciona #[1]#.,YES,NONE,NONE,PASS
Hint::RHT_MARKET_BOMBCHU_BOWLING_FIRST_PRIZE::65,CLEAR,They say that the #first explosive prize# is #[1]#.,Dicen que el #primer premio explosivo# es #[1]#.,YES,NONE,NONE,PASS
Hint::RHT_MARKET_BOMBCHU_BOWLING_SECOND_PRIZE::66,CLEAR,They say that the #second explosive prize# is #[1]#.,Dicen que el #segundo premio explosivo# es #[1]#.,YES,NONE,NONE,PASS
Hint::RHT_MARKET_LOST_DOG::67,CLEAR,They say that #rescuing Richard the Dog# is rewarded with #[1]#.,Dicen que #rescatar al perro Richard# es recompensado con #[1]#.,YES,NONE,NONE,PASS
Hint::RHT_MARKET_LOST_DOG::68,CLEAR,They say that #puppy lovers# will find #[1]#.,Dicen que los #amantes de los cachorros# encontrarán #[1]#.,YES,NONE,NONE,PASS
Hint::RHT_LW_OCARINA_MEMORY_GAME::69,CLEAR,They say that #playing an Ocarina in Lost Woods# is rewarded with #[1]#.,Dicen que #tocar una Ocarina en el Bosque Perdido# es recompensado con #[1]#.,YES,NONE,NONE,PASS
Hint::RHT_LW_OCARINA_MEMORY_GAME::70,CLEAR,They say that the prize for a #game of Simon Says# is #[1]#.,Dicen que el premio por un #juego de Simón Dice# es #[1]#.,YES,NONE,NONE,PASS
Hint::RHT_LW_OCARINA_MEMORY_GAME::71,CLEAR,They say that a #child sing-a-long# holds #[1]#.,Dicen que una #canción infantil# posee #[1]#.,YES,NONE,NONE,PASS
Hint::RHT_KAK_10_GOLD_SKULLTULA_REWARD::72,CLEAR,They say that slaying #10 Gold Skulltulas# reveals #[1]#.,Dicen que derrotar a #10 Skulltulas Doradas# revela #[1]#.,YES,NONE,NONE,PASS
Hint::RHT_KAK_10_GOLD_SKULLTULA_REWARD::73,CLEAR,They say that #10 bug badges# rewards #[1]#.,Dicen que las #10 insignias de bichos# recompensan #[1]#.,YES,NONE,NONE,PASS
Hint::RHT_KAK_10_GOLD_SKULLTULA_REWARD::74,CLEAR,They say that #10 spider souls# yields #[1]#.,Dicen que las #10 almas de arañas# ofrecen #[1]#.,YES,NONE,NONE,PASS
Hint::RHT_KAK_10_GOLD_SKULLTULA_REWARD::75,CLEAR,They say that #10 auriferous arachnids# lead to #[1]#.,Dicen que las #10 arácnidos auríferos# conducen a #[1]#.,YES,NONE,NONE,PASS
Hint::RHT_KAK_MAN_ON_ROOF::76,CLEAR,They say that a #rooftop wanderer# holds #[1]#.,Dicen que un #vagabundo en la azotea# posee #[1]#.,YES,NONE,NONE,PASS
Hint::RHT_ZR_MAGIC_BEAN_SALESMAN::77,CLEAR,They say that a #bean seller# offers #[1]#.,Dicen que un #vendedor de frijoles# ofrece #[1]#.,YES,NONE,NONE,PASS
Hint::RHT_ZR_MAGIC_BEAN_SALESMAN::78,CLEAR,They say that a seller of #colorful crops# has #[1]#.,Dicen que un vendedor de #cosechas coloridas# tiene #[1]#.,YES,NONE,NONE,PASS
Hint::RHT_ZR_FROGS_IN_THE_RAIN::79,CLEAR,They say that #frogs in a storm# gift #[1]#.,Dicen que los #ranas en una tormenta# obsequian #[1]#.,YES,NONE,NONE,PASS
Hint::RHT_ZR_FROGS_ZELDAS_LULLABY::80,CLEAR,"They say that after hearing #Zelda's Lullaby, the frogs# gift #[1]#.","Dicen que después de escuchar la #Nana de Zelda, las ranas# obsequian #[1]#.",YES,NONE,NONE,PASS
Hint::RHT_ZR_FROGS_ZELDAS_LULLABY::81,CLEAR,They say that #sleepy frogs# gift #[1]#.,Dicen que las #ranas soñolientas# obsequian #[1]#.,YES,NONE,NONE,PASS
Hint::RHT_ZR_FROGS_ZELDAS_LULLABY::82,CLEAR,They say that #the Froggish Tenor in the back-left# gifts #[1]#.,Dicen que la #Rana Tenor en la parte trasera izquierda# obsequia #[1]#.,YES,NONE,NONE,PASS
Hint::RHT_ZR_FROGS_EPONAS_SONG::83,CLEAR,"They say that after hearing #Epona's Song, the frogs# gift #[1]#.","Dicen que después de escuchar la #Canción de Epona, las ranas# obsequian #[1]#.",YES,NONE,NONE,PASS
Hint::RHT_ZR_FROGS_EPONAS_SONG::84,CLEAR,They say that #equine frogs# gift #[1]#.,Dicen que las #ranas equinas# obsequian #[1]#.,YES,NONE,NONE,PASS
Hint::RHT_ZR_FROGS_EPONAS_SONG::85,CLEAR,They say that #the Froggish Tenor in the back-right# gifts #[1]#.,Dicen que la #Rana Tenor en la parte trasera derecha# obsequia #[1]#.,YES,NONE,NONE,PASS
Hint::RHT_ZR_FROGS_SARIAS_SONG::86,CLEAR,"They say that after hearing #Saria's Song, the frogs# gift #[1]#.","Dicen que después de escuchar la #Canción de Saria, las ranas# obsequian #[1]#.",YES,NONE,NONE,PASS
Hint::RHT_ZR_FROGS_SARIAS_SONG::87,CLEAR,They say that #sylvan frogs# gift #[1]#.,Dicen que las #ranas silvanas# obsequian #[1]#.,YES,NONE,NONE,PASS
Hint::RHT_ZR_FROGS_SARIAS_SONG::88,CLEAR,They say that #the Froggish Tenor in the center# gifts #[1]#.,Dicen que la #Rana Tenor en el centro# obsequia #[1]#.,YES,NONE,NONE,PASS
Hint::RHT_ZR_FROGS_SUNS_SONG::89,CLEAR,"They say that after hearing #the Sun's Song, the frogs# gift #[1]#.","Dicen que después de escuchar la #Canción del Sol, las ranas# obsequian #[1]#.",YES,NONE,NONE,PASS
Hint::RHT_ZR_FROGS_SUNS_SONG::90,CLEAR,They say that #enlightened frogs# gift #[1]#.,Dicen que las #ranas iluminadas# obsequian #[1]#.,YES,NONE,NONE,PASS
Hint::RHT_ZR_FROGS_SUNS_SONG::91,CLEAR,They say that #the Froggish Tenor in the front-left# gifts #[1]#.,Dicen que la #Rana Tenor en la parte delantera izquierda# obsequia #[1]#.,YES,NONE,NONE,PASS
Hint::RHT_ZR_FROGS_SONG_OF_TIME::92,CLEAR,"They say that after hearing #the Song of Time, the frogs# gift #[1]#.","Dicen que después de escuchar la #Canción del Tiempo, las ranas# obsequian #[1]#.",YES,NONE,NONE,PASS
Hint::RHT_ZR_FROGS_SONG_OF_TIME::93,CLEAR,They say that #time-traveling frogs# gift #[1]#.,Dicen que las #ranas viajeras en el tiempo# obsequian #[1]#.,YES,NONE,NONE,PASS
Hint::RHT_ZR_FROGS_SONG_OF_TIME::94,CLEAR,They say that #the Froggish Tenor in the front-right# gifts #[1]#.,Dicen que la #Rana Tenor en la parte delantera derecha# obsequia #[1]#.,YES,NONE,NONE,PASS
Hint::RHT_GF_HBA_1000_POINTS::95,CLEAR,They say that scoring 1000 in #horseback archery# grants #[1]#.,Dicen que alcanzar 1000 en #tiro con arco a caballo# otorga #[1]#.,YES,NONE,NONE,PASS
Hint::RHT_MARKET_SHOOTING_GALLERY_REWARD::96,CLEAR,They say that #shooting in youth# grants #[1]#.,Dicen que #disparar de joven# otorga #[1]#.,YES,NONE,NONE,PASS
Hint::RHT_KAK_SHOOTING_GALLERY_REWARD::97,CLEAR,They say that #shooting in maturity# grants #[1]#.,Dicen que #disparar de adulto# otorga #[1]#.,YES,NONE,NONE,PASS
Hint::RHT_LW_TARGET_IN_WOODS::98,CLEAR,They say that shooting a #target in the woods# grants #[1]#.,Dicen que disparar a un #blanco en el bosque# otorga #[1]#.,YES,NONE,NONE,PASS
Hint::RHT_KAK_ANJU_AS_ADULT::99,CLEAR,They say that a #chicken caretaker# offers adults #[1]#.,Dicen que una #cuidadora de pollos# ofrece a los adultos #[1]#.,YES,NONE,NONE,PASS
Hint::RHT_LLR_TALONS_CHICKENS::100,CLEAR,They say that #finding Super Cuccos# is rewarded with #[1]#.,Dicen que #encontrar Super Cuccos# es recompensado con #[1]#.,YES,NONE,NONE,PASS
Hint::RHT_GC_ROLLING_GORON_AS_CHILD::101,CLEAR,They say that the prize offered by a #large rolling Goron# is #[1]#.,Dicen que el premio ofrecido por un #Goron grande rodando# es #[1]#.,YES,NONE,NONE,PASS
Hint::RHT_LH_UNDERWATER_ITEM::102,CLEAR,They say that the #sunken treasure in a lake# is #[1]#.,Dicen que el #tesoro sumergido en un lago# es #[1]#.,YES,NONE,NONE,PASS
Hint::RHT_TH_FREED_CARPENTERS::103,CLEAR,They say that #rescuing captured carpenters# is rewarded with #[1]#.,Dicen que #rescatar carpinteros capturados# es recompensado con #[1]#.,YES,NONE,NONE,PASS
Hint::RHT_WASTELAND_BOMBCHU_SALESMAN::104,CLEAR,They say that a #carpet guru# sells #[1]#.,Dicen que un #gurú de la alfombra# vende #[1]#.,YES,NONE,NONE,PASS
Hint::RHT_GC_MEDIGORON::105,CLEAR,They say that #Medigoron# sells #[1]#.,Dicen que #Medigoron# vende #[1]#.,YES,NONE,NONE,PASS
Hint::RHT_KAK_GRANNYS_SHOP::106,CLEAR,They say that the #potion shop lady# sells #[1]#.,Dicen que la #señora de la tienda de pociones# vende #[1]#.,YES,NONE,NONE,PASS
Hint::RHT_KAK_IMPAS_HOUSE_FREESTANDING_POH::107,CLEAR,They say that #imprisoned in a house# lies #[1]#.,Dicen que #encerrado en una casa# se encuentra #[1]#.,YES,NONE,NONE,PASS
Hint::RHT_HF_TEKTITE_GROTTO_FREESTANDING_POH::108,CLEAR,They say that #deep underwater in a hole# is #[1]#.,Dicen que #en lo profundo bajo el agua en un hueco# está #[1]#.,YES,NONE,NONE,PASS
Hint::RHT_KAK_WINDMILL_FREESTANDING_POH::109,CLEAR,They say that on a #windmill ledge# lies #[1]#.,Dicen que en un #escalón del molino de viento# se encuentra #[1]#.,YES,NONE,NONE,PASS
Hint::RHT_GRAVEYARD_DAMPE_RACE_FREESTANDING_POH::110,CLEAR,They say that #dead Dampe's second# prize is #[1]#.,Dicen que el #segundo premio del difunto Dampé# es #[1]#.,YES,NONE,NONE,PASS
Hint::RHT_GRAVEYARD_DAMPE_RACE_FREESTANDING_POH::111,CLEAR,They say that #racing a ghost# leads to #[1]#.,Dicen que #correr contra un fantasma# conduce a #[1]#.,YES,NONE,NONE,PASS
Hint::RHT_LLR_FREESTANDING_POH::112,CLEAR,They say that in a #ranch silo# lies #[1]#.,Dicen que en un #silor de granja# se encuentra #[1]#.,YES,NONE,NONE,PASS
Hint::RHT_GRAVEYARD_FREESTANDING_POH::113,CLEAR,They say that a #crate in a graveyard# hides #[1]#.,Dicen que una #caja en un cementerio# esconde #[1]#.,YES,NONE,NONE,PASS
Hint::RHT_GRAVEYARD_DAMPE_GRAVEDIGGING_TOUR::114,CLEAR,They say that a #gravekeeper digs up# #[1]#.,Dicen que un #sepulturero desentierra# #[1]#.,YES,NONE,NONE,PASS
Hint::RHT_ZR_NEAR_OPEN_GROTTO_FREESTANDING_POH::115,CLEAR,They say that on top of a #pillar in a river# lies #[1]#.,Dicen que encima de un #pilar en un río# se encuentra #[1]#.,YES,NONE,NONE,PASS
Hint::RHT_ZR_NEAR_DOMAIN_FREESTANDING_POH::116,CLEAR,They say that on a #river ledge by a waterfall# lies #[1]#.,Dicen que en un #escalón de río junto a una cascada# se encuentra #[1]#.,YES,NONE,NONE,PASS
Hint::RHT_LH_FREESTANDING_POH::117,CLEAR,They say that high on a #lab rooftop# one can find #[1]#.,Dicen que en la parte alta de una #azotea de laboratorio# se puede encontrar #[1]#.,YES,NONE,NONE,PASS
Hint::RHT_ZF_ICEBERG_FREESTANDING_POH::118,CLEAR,They say that #floating on ice# is #[1]#.,Dicen que #flotando sobre hielo# está #[1]#.,YES,NONE,NONE,PASS
Hint::RHT_GV_WATERFALL_FREESTANDING_POH::119,CLEAR,They say that behind a #valley waterfall# is #[1]#.,Dicen que detrás de una #cascada del valle# está #[1]#.,YES,NONE,NONE,PASS
Hint::RHT_GV_CRATE_FREESTANDING_POH::120,CLEAR,They say that a #crate in a valley# hides #[1]#.,Dicen que una #caja en un valle# esconde #[1]#.,YES,NONE,NONE,PASS
Hint::RHT_COLOSSUS_FREESTANDING_POH::121,CLEAR,They say that on top of an #arch of stone# lies #[1]#.,Dicen que encima de un #arco de piedra# se encuentra #[1]#.,YES,NONE,NONE,PASS
Hint::RHT_DMT_FREESTANDING_POH::122,CLEAR,They say that above a #mountain cavern entrance# is #[1]#.,Dicen que encima de una #entrada de cueva de montaña# está #[1]#.,YES,NONE,NONE,PASS
Hint::RHT_DMC_WALL_FREESTANDING_POH::123,CLEAR,They say that nestled in a #volcanic wall# is #[1]#.,Dicen que anidado en una #pared volcánica# está #[1]#.,YES,NONE,NONE,PASS
Hint::RHT_DMC_VOLCANO_FREESTANDING_POH::124,CLEAR,They say that obscured by #volcanic ash# is #[1]#.,Dicen que oculto por #ceniza volcánica# está #[1]#.,YES,NONE,NONE,PASS
Hint::RHT_TH_1_TORCH_CARPENTER::125,CLEAR,They say that #defeating the Gerudo in a room with 1 torch# reveals #[1]#.,Dicen que #derrotar a la Gerudo en una sala con 1 antorcha# revela #[1]#.,YES,NONE,NONE,PASS
Hint::RHT_TH_DEAD_END_CARPENTER::126,CLEAR,They say that #defeating the Gerudo in a Dead End# reveals #[1]#.,Dicen que #derrotar a la Gerudo en un callejón sin salida# revela #[1]#.,YES,NONE,NONE,PASS
Hint::RHT_TH_DOUBLE_CELL_CARPENTER::127,CLEAR,They say that #defeating the Gerudo in a large jail# reveals #[1]#.,Dicen que #derrotar a la Gerudo en una cárcel grande# revela #[1]#.,YES,NONE,NONE,PASS
Hint::RHT_TH_STEEP_SLOPE_CARPENTER::128,CLEAR,They say that #defeating the Gerudo between steep slopes# reveals #[1]#.,Dicen que #derrotar a la Gerudo entre pendientes pronunciadas# revela #[1]#.,YES,NONE,NONE,PASS
Hint::RHT_HF_GS_NEAR_KAK_GROTTO::129,CLEAR,They say that a #spider-guarded spider in a hole# hoards #[1]#.,Dicen que una #araña custodiada por una araña en un hueco# atesora #[1]#.,YES,NONE,NONE,PASS
Hint::RHT_LLR_GS_BACK_WALL::130,CLEAR,They say that night reveals a #spider in a ranch# holding #[1]#.,Dicen que la noche revela una #araña en una granja# que posee #[1]#.,YES,NONE,NONE,PASS
Hint::RHT_LLR_GS_RAIN_SHED::131,CLEAR,They say that night reveals a #spider in a ranch# holding #[1]#.,Dicen que la noche revela una #araña en una granja# que posee #[1]#.,YES,NONE,NONE,PASS
Hint::RHT_LLR_GS_HOUSE_WINDOW::132,CLEAR,They say that night reveals a #spider in a ranch# holding #[1]#.,Dicen que la noche revela una #araña en una granja# que posee #[1]#.,YES,NONE,NONE,PASS
Hint::RHT_LLR_GS_TREE::133,CLEAR,They say that a spider hiding in a #ranch tree# holds #[1]#.,Dicen que una araña escondida en un #árbol de la granja# posee #[1]#.,YES,NONE,NONE,PASS
Hint::RHT_KF_GS_BEAN_PATCH::134,CLEAR,They say that a #spider buried in a forest# holds #[1]#.,Dicen que una #araña enterrada en un bosque# posee #[1]#.,YES,NONE,NONE,PASS
Hint::RHT_KF_GS_KNOW_IT_ALL_HOUSE::135,CLEAR,They say that night in the past reveals a #spider in a forest# holding #[1]#.,Dicen que la noche en el pasado revela una #araña en un bosque# que posee #[1]#.,YES,NONE,NONE,PASS
Hint::RHT_KF_GS_HOUSE_OF_TWINS::136,CLEAR,They say that night in the future reveals a #spider in a forest# holding #[1]#.,Dicen que la noche en el futuro revela una #araña en un bosque# que posee #[1]#.,YES,NONE,NONE,PASS
Hint::RHT_LW_GS_BEAN_PATCH_NEAR_BRIDGE::137,CLEAR,They say that a #spider buried deep in a forest maze# holds #[1]#.,Dicen que una #araña enterrada en lo profundo de un laberinto boscoso# posee #[1]#.,YES,NONE,NONE,PASS
Hint::RHT_LW_GS_BEAN_PATCH_NEAR_THEATER::138,CLEAR,They say that a #spider buried deep in a forest maze# holds #[1]#.,Dicen que una #araña enterrada en lo profundo de un laberinto boscoso# posee #[1]#.,YES,NONE,NONE,PASS
Hint::RHT_LW_GS_ABOVE_THEATER::139,CLEAR,They say that night reveals a #spider deep in a forest maze# holding #[1]#.,Dicen que la noche revela una #araña en lo profundo de un laberinto boscoso# que posee #[1]#.,YES,NONE,NONE,PASS
Hint::RHT_SFM_GS::140,CLEAR,They say that night reveals a #spider in a forest meadow# holding #[1]#.,Dicen que la noche revela una #araña en un prado boscoso# que posee #[1]#.,YES,NONE,NONE,PASS
Hint::RHT_OGC_GS::141,CLEAR,They say that a #spider outside a tyrant's tower# holds #[1]#.,Dicen que una #araña fuera de la torre de un tirano# posee #[1]#.,YES,NONE,NONE,PASS
Hint::RHT_HC_GS_TREE::142,CLEAR,They say that a spider hiding in a #tree outside of a castle# holds #[1]#.,Dicen que una araña escondida en un #árbol fuera de un castillo# posee #[1]#.,YES,NONE,NONE,PASS
Hint::RHT_MARKET_GS_GUARD_HOUSE::143,CLEAR,They say that a #spider in a guarded crate# holds #[1]#.,Dicen que una #araña en una caja custodiada# posee #[1]#.,YES,NONE,NONE,PASS
Hint::RHT_DMC_GS_BEAN_PATCH::144,CLEAR,They say that a #spider buried in a volcano# holds #[1]#.,Dicen que una #araña enterrada en un volcán# posee #[1]#.,YES,NONE,NONE,PASS
Hint::RHT_DMT_GS_BEAN_PATCH::145,CLEAR,They say that a #spider buried outside a cavern# holds #[1]#.,Dicen que una #araña enterrada fuera de una cueva# posee #[1]#.,YES,NONE,NONE,PASS
Hint::RHT_DMT_GS_NEAR_KAK::146,CLEAR,They say that a #spider hidden in a mountain nook# holds #[1]#.,Dicen que una #araña oculta en un rincón de montaña# posee #[1]#.,YES,NONE,NONE,PASS
Hint::RHT_DMT_GS_ABOVE_DODONGOS_CAVERN::147,CLEAR,They say that the hammer reveals a #spider on a mountain# holding #[1]#.,Dicen que el martillo revela una #araña en una montaña# que posee #[1]#.,YES,NONE,NONE,PASS
Hint::RHT_DMT_GS_FALLING_ROCKS_PATH::148,CLEAR,They say that the hammer reveals a #spider on a mountain# holding #[1]#.,Dicen que el martillo revela una #araña en una montaña# que posee #[1]#.,YES,NONE,NONE,PASS
Hint::RHT_GC_GS_CENTER_PLATFORM::149,CLEAR,They say that a #suspended spider# in Goron City holds #[1]#.,Dicen que una #araña colgante# en la Ciudad Goron posee #[1]#.,YES,NONE,NONE,PASS
Hint::RHT_GC_GS_BOULDER_MAZE::150,CLEAR,They say that a spider in a #Goron City crate# holds #[1]#.,Dicen que una araña en una #caja de la Ciudad Goron# posee #[1]#.,YES,NONE,NONE,PASS
Hint::RHT_KAK_GS_HOUSE_UNDER_CONSTRUCTION::151,CLEAR,They say that night in the past reveals a #spider in a town# holding #[1]#.,Dicen que la noche en el pasado revela una #araña en un pueblo# que posee #[1]#.,YES,NONE,NONE,PASS
Hint::RHT_KAK_GS_SKULLTULA_HOUSE::152,CLEAR,They say that night in the past reveals a #spider in a town# holding #[1]#.,Dicen que la noche en el pasado revela una #araña en una ciudad# con #[1]#.,YES,NONE,NONE,PASS
Hint::RHT_KAK_GS_GUARDS_HOUSE::153,CLEAR,They say that night in the past reveals a #spider in a town# holding #[1]#.,Dicen que la noche en el pasado revela una #araña en una ciudad# con #[1]#.,YES,NONE,NONE,PASS
Hint::RHT_KAK_GS_TREE::154,CLEAR,They say that night in the past reveals a #spider in a town# holding #[1]#.,Dicen que la noche en el pasado revela una #araña en una ciudad# con #[1]#.,YES,NONE,NONE,PASS
Hint::RHT_KAK_GS_WATCHTOWER::155,CLEAR,They say that night in the past reveals a #spider in a town# holding #[1]#.,Dicen que la noche en el pasado revela una #araña en una ciudad# con #[1]#.,YES,NONE,NONE,PASS
Hint::RHT_KAK_GS_ABOVE_IMPAS_HOUSE::156,CLEAR,They say that night in the future reveals a #spider in a town# holding #[1]#.,Dicen que la noche en el futuro revela una #araña en una ciudad# con #[1]#.,YES,NONE,NONE,PASS
Hint::RHT_GRAVEYARD_GS_WALL::157,CLEAR,They say that night reveals a #spider in a graveyard# holding #[1]#.,Dicen que la noche revela una #araña en un cementerio# con #[1]#.,YES,NONE,NONE,PASS
Hint::RHT_GRAVEYARD_GS_BEAN_PATCH::158,CLEAR,They say that a #spider buried in a graveyard# holds #[1]#.,Dicen que una #araña enterrada en un cementerio# tiene #[1]#.,YES,NONE,NONE,PASS
Hint::RHT_ZR_GS_LADDER::159,CLEAR,They say that night in the past reveals a #spider in a river# holding #[1]#.,Dicen que la noche en el pasado revela una #araña en un río# con #[1]#.,YES,NONE,NONE,PASS
Hint::RHT_ZR_GS_TREE::160,CLEAR,They say that a spider hiding in a #tree by a river# holds #[1]#.,Dicen que una araña escondida en un #árbol junto a un río# tiene #[1]#.,YES,NONE,NONE,PASS
Hint::RHT_ZR_GS_ABOVE_BRIDGE::161,CLEAR,They say that night in the future reveals a #spider in a river# holding #[1]#.,Dicen que la noche en el futuro revela una #araña en un río# con #[1]#.,YES,NONE,NONE,PASS
Hint::RHT_ZR_GS_NEAR_RAISED_GROTTOS::162,CLEAR,They say that night in the future reveals a #spider in a river# holding #[1]#.,Dicen que la noche en el futuro revela una #araña en un río# con #[1]#.,YES,NONE,NONE,PASS
Hint::RHT_ZD_GS_FROZEN_WATERFALL::163,CLEAR,They say that night reveals a #spider by a frozen waterfall# holding #[1]#.,Dicen que la noche revela una #araña junto a una cascada congelada# con #[1]#.,YES,NONE,NONE,PASS
Hint::RHT_ZF_GS_ABOVE_THE_LOG::164,CLEAR,They say that night reveals a #spider near a deity# holding #[1]#.,Dicen que la noche revela una #araña cerca de una deidad# con #[1]#.,YES,NONE,NONE,PASS
Hint::RHT_ZF_GS_TREE::165,CLEAR,They say that a spider hiding in a #tree near a deity# holds #[1]#.,Dicen que una araña escondida en un #árbol cerca de una deidad# tiene #[1]#.,YES,NONE,NONE,PASS
Hint::RHT_LH_GS_BEAN_PATCH::166,CLEAR,They say that a #spider buried by a lake# holds #[1]#.,Dicen que una #araña enterrada junto a un lago# tiene #[1]#.,YES,NONE,NONE,PASS
Hint::RHT_LH_GS_SMALL_ISLAND::167,CLEAR,They say that night reveals a #spider by a lake# holding #[1]#.,Dicen que la noche revela una #araña junto a un lago# con #[1]#.,YES,NONE,NONE,PASS
Hint::RHT_LH_GS_LAB_WALL::168,CLEAR,They say that night reveals a #spider by a lake# holding #[1]#.,Dicen que la noche revela una #araña junto a un lago# con #[1]#.,YES,NONE,NONE,PASS
Hint::RHT_LH_GS_LAB_CRATE::169,CLEAR,They say that a spider deed underwater in a #lab crate# holds #[1]#.,Dicen que una araña hundiéndose bajo el agua en un #cajón del laboratorio# tiene #[1]#.,YES,NONE,NONE,PASS
Hint::RHT_LH_GS_TREE::170,CLEAR,They say that night reveals a #spider by a lake high in a tree# holding #[1]#.,Dicen que la noche revela una #araña junto a un lago alto en un árbol# con #[1]#.,YES,NONE,NONE,PASS
Hint::RHT_GV_GS_BEAN_PATCH::171,CLEAR,They say that a #spider buried in a valley# holds #[1]#.,Dicen que una #araña enterrada en un valle# tiene #[1]#.,YES,NONE,NONE,PASS
Hint::RHT_GV_GS_SMALL_BRIDGE::172,CLEAR,They say that night in the past reveals a #spider in a valley# holding #[1]#.,Dicen que la noche en el pasado revela una #araña en un valle# con #[1]#.,YES,NONE,NONE,PASS
Hint::RHT_GV_GS_PILLAR::173,CLEAR,They say that night in the future reveals a #spider in a valley# holding #[1]#.,Dicen que la noche en el futuro revela una #araña en un valle# con #[1]#.,YES,NONE,NONE,PASS
Hint::RHT_GV_GS_BEHIND_TENT::174,CLEAR,They say that night in the future reveals a #spider in a valley# holding #[1]#.,Dicen que la noche en el futuro revela una #araña en un valle# con #[1]#.,YES,NONE,NONE,PASS
Hint::RHT_GF_GS_ARCHERY_RANGE::175,CLEAR,They say that night reveals a #spider in a fortress# holding #[1]#.,Dicen que la noche revela una #araña en una fortaleza# con #[1]#.,YES,NONE,NONE,PASS
Hint::RHT_GF_GS_TOP_FLOOR::176,CLEAR,They say that night reveals a #spider in a fortress# holding #[1]#.,Dicen que la noche revela una #araña en una fortaleza# con #[1]#.,YES,NONE,NONE,PASS
Hint::RHT_COLOSSUS_GS_BEAN_PATCH::177,CLEAR,They say that a #spider buried in the desert# holds #[1]#.,Dicen que una #araña enterrada en el desierto# tiene #[1]#.,YES,NONE,NONE,PASS
Hint::RHT_COLOSSUS_GS_HILL::178,CLEAR,They say that night reveals a #spider deep in the desert# holding #[1]#.,Dicen que la noche revela una #araña en lo profundo del desierto# con #[1]#.,YES,NONE,NONE,PASS
Hint::RHT_COLOSSUS_GS_TREE::179,CLEAR,They say that night reveals a #spider deep in the desert# holding #[1]#.,Dicen que la noche revela una #araña en lo profundo del desierto# con #[1]#.,YES,NONE,NONE,PASS
Hint::RHT_KF_SHOP_ITEM_1::180,CLEAR,They say that a #child shopkeeper# sells #[1]#.,Dicen que un #niño tendero# vende #[1]#.,YES,NONE,NONE,PASS
Hint::RHT_KF_SHOP_ITEM_2::181,CLEAR,They say that a #child shopkeeper# sells #[1]#.,Dicen que un #niño tendero# vende #[1]#.,YES,NONE,NONE,PASS
Hint::RHT_KF_SHOP_ITEM_3::182,CLEAR,They say that a #child shopkeeper# sells #[1]#.,Dicen que un #niño tendero# vende #[1]#.,YES,NONE,NONE,PASS
Hint::RHT_KF_SHOP_ITEM_4::183,CLEAR,They say that a #child shopkeeper# sells #[1]#.,Dicen que un #niño tendero# vende #[1]#.,YES,NONE,NONE,PASS
Hint::RHT_KF_SHOP_ITEM_5::184,CLEAR,They say that a #child shopkeeper# sells #[1]#.,Dicen que un #niño tendero# vende #[1]#.,YES,NONE,NONE,PASS
Hint::RHT_KF_SHOP_ITEM_6::185,CLEAR,They say that a #child shopkeeper# sells #[1]#.,Dicen que un #niño tendero# vende #[1]#.,YES,NONE,NONE,PASS
Hint::RHT_KF_SHOP_ITEM_7::186,CLEAR,They say that a #child shopkeeper# sells #[1]#.,Dicen que un #niño tendero# vende #[1]#.,YES,NONE,NONE,PASS
Hint::RHT_KF_SHOP_ITEM_8::187,CLEAR,They say that a #child shopkeeper# sells #[1]#.,Dicen que un #niño tendero# vende #[1]#.,YES,NONE,NONE,PASS
Hint::RHT_KAK_POTION_SHOP_ITEM_1::188,CLEAR,They say that the #Kakariko Potion Shop# offers #[1]#.,Dicen que la #tienda de pociones de Kakariko# ofrece #[1]#.,YES,NONE,NONE,PASS
Hint::RHT_KAK_POTION_SHOP_ITEM_1::189,CLEAR,They say that a #potion seller# offers #[1]#.,Dicen que un #vendedor de pociones# ofrece #[1]#.,YES,NONE,NONE,PASS
Hint::RHT_KAK_POTION_SHOP_ITEM_2::190,CLEAR,They say that the #Kakariko Potion Shop# offers #[1]#.,Dicen que la #tienda de pociones de Kakariko# ofrece #[1]#.,YES,NONE,NONE,PASS
Hint::RHT_KAK_POTION_SHOP_ITEM_2::191,CLEAR,They say that a #potion seller# offers #[1]#.,Dicen que un #vendedor de pociones# ofrece #[1]#.,YES,NONE,NONE,PASS
Hint::RHT_KAK_POTION_SHOP_ITEM_3::192,CLEAR,They say that the #Kakariko Potion Shop# offers #[1]#.,Dicen que la #tienda de pociones de Kakariko# ofrece #[1]#.,YES,NONE,NONE,PASS
Hint::RHT_KAK_POTION_SHOP_ITEM_3::193,CLEAR,They say that a #potion seller# offers #[1]#.,Dicen que un #vendedor de pociones# ofrece #[1]#.,YES,NONE,NONE,PASS
Hint::RHT_KAK_POTION_SHOP_ITEM_4::194,CLEAR,They say that the #Kakariko Potion Shop# offers #[1]#.,Dicen que la #tienda de pociones de Kakariko# ofrece #[1]#.,YES,NONE,NONE,PASS
Hint::RHT_KAK_POTION_SHOP_ITEM_4::195,CLEAR,They say that a #potion seller# offers #[1]#.,Dicen que un #vendedor de pociones# ofrece #[1]#.,YES,NONE,NONE,PASS
Hint::RHT_KAK_POTION_SHOP_ITEM_5::196,CLEAR,They say that the #Kakariko Potion Shop# offers #[1]#.,Dicen que la #tienda de pociones de Kakariko# ofrece #[1]#.,YES,NONE,NONE,PASS
Hint::RHT_KAK_POTION_SHOP_ITEM_5::197,CLEAR,They say that a #potion seller# offers #[1]#.,Dicen que un #vendedor de pociones# ofrece #[1]#.,YES,NONE,NONE,PASS
Hint::RHT_KAK_POTION_SHOP_ITEM_6::198,CLEAR,They say that the #Kakariko Potion Shop# offers #[1]#.,Dicen que la #tienda de pociones de Kakariko# ofrece #[1]#.,YES,NONE,NONE,PASS
Hint::RHT_KAK_POTION_SHOP_ITEM_6::199,CLEAR,They say that a #potion seller# offers #[1]#.,Dicen que un #vendedor de pociones# ofrece #[1]#.,YES,NONE,NONE,PASS
Hint::RHT_KAK_POTION_SHOP_ITEM_7::200,CLEAR,They say that the #Kakariko Potion Shop# offers #[1]#.,Dicen que la #tienda de pociones de Kakariko# ofrece #[1]#.,YES,NONE,NONE,PASS
Hint::RHT_KAK_POTION_SHOP_ITEM_7::201,CLEAR,They say that a #potion seller# offers #[1]#.,Dicen que un #vendedor de pociones# ofrece #[1]#.,YES,NONE,NONE,PASS
Hint::RHT_KAK_POTION_SHOP_ITEM_8::202,CLEAR,They say that the #Kakariko Potion Shop# offers #[1]#.,Dicen que la #tienda de pociones de Kakariko# ofrece #[1]#.,YES,NONE,NONE,PASS
Hint::RHT_KAK_POTION_SHOP_ITEM_8::203,CLEAR,They say that a #potion seller# offers #[1]#.,Dicen que un #vendedor de pociones# ofrece #[1]#.,YES,NONE,NONE,PASS
Hint::RHT_MARKET_BOMBCHU_SHOP_ITEM_1::204,CLEAR,They say that a #Bombchu merchant# sells #[1]#.,Dicen que un #comerciante de Bombchu# vende #[1]#.,YES,NONE,NONE,PASS
Hint::RHT_MARKET_BOMBCHU_SHOP_ITEM_2::205,CLEAR,They say that a #Bombchu merchant# sells #[1]#.,Dicen que un #comerciante de Bombchu# vende #[1]#.,YES,NONE,NONE,PASS
Hint::RHT_MARKET_BOMBCHU_SHOP_ITEM_3::206,CLEAR,They say that a #Bombchu merchant# sells #[1]#.,Dicen que un #comerciante de Bombchu# vende #[1]#.,YES,NONE,NONE,PASS
Hint::RHT_MARKET_BOMBCHU_SHOP_ITEM_4::207,CLEAR,They say that a #Bombchu merchant# sells #[1]#.,Dicen que un #comerciante de Bombchu# vende #[1]#.,YES,NONE,NONE,PASS
Hint::RHT_MARKET_BOMBCHU_SHOP_ITEM_5::208,CLEAR,They say that a #Bombchu merchant# sells #[1]#.,Dicen que un #comerciante de Bombchu# vende #[1]#.,YES,NONE,NONE,PASS
Hint::RHT_MARKET_BOMBCHU_SHOP_ITEM_6::209,CLEAR,They say that a #Bombchu merchant# sells #[1]#.,Dicen que un #comerciante de Bombchu# vende #[1]#.,YES,NONE,NONE,PASS
Hint::RHT_MARKET_BOMBCHU_SHOP_ITEM_7::210,CLEAR,They say that a #Bombchu merchant# sells #[1]#.,Dicen que un #comerciante de Bombchu# vende #[1]#.,YES,NONE,NONE,PASS
Hint::RHT_MARKET_BOMBCHU_SHOP_ITEM_8::211,CLEAR,They say that a #Bombchu merchant# sells #[1]#.,Dicen que un #comerciante de Bombchu# vende #[1]#.,YES,NONE,NONE,PASS
Hint::RHT_MARKET_POTION_SHOP_ITEM_1::212,CLEAR,They say that the #Market Potion Shop# offers #[1]#.,Dicen que la #tienda de pociones del mercado# ofrece #[1]#.,YES,NONE,NONE,PASS
Hint::RHT_MARKET_POTION_SHOP_ITEM_1::213,CLEAR,They say that a #potion seller# offers #[1]#.,Dicen que un #vendedor de pociones# ofrece #[1]#.,YES,NONE,NONE,PASS
Hint::RHT_MARKET_POTION_SHOP_ITEM_2::214,CLEAR,They say that the #Market Potion Shop# offers #[1]#.,Dicen que la #tienda de pociones del mercado# ofrece #[1]#.,YES,NONE,NONE,PASS
Hint::RHT_MARKET_POTION_SHOP_ITEM_2::215,CLEAR,They say that a #potion seller# offers #[1]#.,Dicen que un #vendedor de pociones# ofrece #[1]#.,YES,NONE,NONE,PASS
Hint::RHT_MARKET_POTION_SHOP_ITEM_3::216,CLEAR,They say that the #Market Potion Shop# offers #[1]#.,Dicen que la #tienda de pociones del mercado# ofrece #[1]#.,YES,NONE,NONE,PASS
Hint::RHT_MARKET_POTION_SHOP_ITEM_3::217,CLEAR,They say that a #potion seller# offers #[1]#.,Dicen que un #vendedor de pociones# ofrece #[1]#.,YES,NONE,NONE,PASS
Hint::RHT_MARKET_POTION_SHOP_ITEM_4::218,CLEAR,They say that the #Market Potion Shop# offers #[1]#.,Dicen que la #tienda de pociones del mercado# ofrece #[1]#.,YES,NONE,NONE,PASS
Hint::RHT_MARKET_POTION_SHOP_ITEM_4::219,CLEAR,They say that a #potion seller# offers #[1]#.,Dicen que un #vendedor de pociones# ofrece #[1]#.,YES,NONE,NONE,PASS
Hint::RHT_MARKET_POTION_SHOP_ITEM_5::220,CLEAR,They say that the #Market Potion Shop# offers #[1]#.,Dicen que la #tienda de pociones del mercado# ofrece #[1]#.,YES,NONE,NONE,PASS
Hint::RHT_MARKET_POTION_SHOP_ITEM_5::221,CLEAR,They say that a #potion seller# offers #[1]#.,Dicen que un #vendedor de pociones# ofrece #[1]#.,YES,NONE,NONE,PASS
Hint::RHT_MARKET_POTION_SHOP_ITEM_6::222,CLEAR,They say that the #Market Potion Shop# offers #[1]#.,Dicen que la #tienda de pociones del mercado# ofrece #[1]#.,YES,NONE,NONE,PASS
Hint::RHT_MARKET_POTION_SHOP_ITEM_6::223,CLEAR,They say that a #potion seller# offers #[1]#.,Dicen que un #vendedor de pociones# ofrece #[1]#.,YES,NONE,NONE,PASS
Hint::RHT_MARKET_POTION_SHOP_ITEM_7::224,CLEAR,They say that the #Market Potion Shop# offers #[1]#.,Dicen que la #tienda de pociones del mercado# ofrece #[1]#.,YES,NONE,NONE,PASS
Hint::RHT_MARKET_POTION_SHOP_ITEM_7::225,CLEAR,They say that a #potion seller# offers #[1]#.,Dicen que un #vendedor de pociones# ofrece #[1]#.,YES,NONE,NONE,PASS
Hint::RHT_MARKET_POTION_SHOP_ITEM_8::226,CLEAR,They say that the #Market Potion Shop# offers #[1]#.,Dicen que la #tienda de pociones del mercado# ofrece #[1]#.,YES,NONE,NONE,PASS
Hint::RHT_MARKET_POTION_SHOP_ITEM_8::227,CLEAR,They say that a #potion seller# offers #[1]#.,Dicen que un #vendedor de pociones# ofrece #[1]#.,YES,NONE,NONE,PASS
Hint::RHT_MARKET_BAZAAR_ITEM_1::228,CLEAR,They say that the #Market Bazaar# offers #[1]#.,Dicen que el #bazar del mercado# ofrece #[1]#.,YES,NONE,NONE,PASS
Hint::RHT_MARKET_BAZAAR_ITEM_2::229,CLEAR,They say that the #Market Bazaar# offers #[1]#.,Dicen que el #bazar del mercado# ofrece #[1]#.,YES,NONE,NONE,PASS
Hint::RHT_MARKET_BAZAAR_ITEM_3::230,CLEAR,They say that the #Market Bazaar# offers #[1]#.,Dicen que el #bazar del mercado# ofrece #[1]#.,YES,NONE,NONE,PASS
Hint::RHT_MARKET_BAZAAR_ITEM_4::231,CLEAR,They say that the #Market Bazaar# offers #[1]#.,Dicen que el #bazar del mercado# ofrece #[1]#.,YES,NONE,NONE,PASS
Hint::RHT_MARKET_BAZAAR_ITEM_5::232,CLEAR,They say that the #Market Bazaar# offers #[1]#.,Dicen que el #bazar del mercado# ofrece #[1]#.,YES,NONE,NONE,PASS
Hint::RHT_MARKET_BAZAAR_ITEM_6::233,CLEAR,They say that the #Market Bazaar# offers #[1]#.,Dicen que el #bazar del mercado# ofrece #[1]#.,YES,NONE,NONE,PASS
Hint::RHT_MARKET_BAZAAR_ITEM_7::234,CLEAR,They say that the #Market Bazaar# offers #[1]#.,Dicen que el #bazar del mercado# ofrece #[1]#.,YES,NONE,NONE,PASS
Hint::RHT_MARKET_BAZAAR_ITEM_8::235,CLEAR,They say that the #Market Bazaar# offers #[1]#.,Dicen que el #bazar del mercado# ofrece #[1]#.,YES,NONE,NONE,PASS
Hint::RHT_KAK_BAZAAR_ITEM_1::236,CLEAR,They say that the #Kakariko Bazaar# offers #[1]#.,Dicen que el #bazar de Kakariko# ofrece #[1]#.,YES,NONE,NONE,PASS
Hint::RHT_KAK_BAZAAR_ITEM_2::237,CLEAR,They say that the #Kakariko Bazaar# offers #[1]#.,Dicen que el #bazar de Kakariko# ofrece #[1]#.,YES,NONE,NONE,PASS
Hint::RHT_KAK_BAZAAR_ITEM_3::238,CLEAR,They say that the #Kakariko Bazaar# offers #[1]#.,Dicen que el #bazar de Kakariko# ofrece #[1]#.,YES,NONE,NONE,PASS
Hint::RHT_KAK_BAZAAR_ITEM_4::239,CLEAR,They say that the #Kakariko Bazaar# offers #[1]#.,Dicen que el #bazar de Kakariko# ofrece #[1]#.,YES,NONE,NONE,PASS
Hint::RHT_KAK_BAZAAR_ITEM_5::240,CLEAR,They say that the #Kakariko Bazaar# offers #[1]#.,Dicen que el #bazar de Kakariko# ofrece #[1]#.,YES,NONE,NONE,PASS
Hint::RHT_KAK_BAZAAR_ITEM_6::241,CLEAR,They say that the #Kakariko Bazaar# offers #[1]#.,Dicen que el #bazar de Kakariko# ofrece #[1]#.,YES,NONE,NONE,PASS
Hint::RHT_KAK_BAZAAR_ITEM_7::242,CLEAR,They say that the #Kakariko Bazaar# offers #[1]#.,Dicen que el #bazar de Kakariko# ofrece #[1]#.,YES,NONE,NONE,PASS
Hint::RHT_KAK_BAZAAR_ITEM_8::243,CLEAR,They say that the #Kakariko Bazaar# offers #[1]#.,Dicen que el #bazar de Kakariko# ofrece #[1]#.,YES,NONE,NONE,PASS
Hint::RHT_ZD_SHOP_ITEM_1::244,CLEAR,They say that a #Zora shopkeeper# sells #[1]#.,Dicen que un #tendero Zora# vende #[1]#.,YES,NONE,NONE,PASS
Hint::RHT_ZD_SHOP_ITEM_2::245,CLEAR,They say that a #Zora shopkeeper# sells #[1]#.,Dicen que un #tendero Zora# vende #[1]#.,YES,NONE,NONE,PASS
Hint::RHT_ZD_SHOP_ITEM_3::246,CLEAR,They say that a #Zora shopkeeper# sells #[1]#.,Dicen que un #tendero Zora# vende #[1]#.,YES,NONE,NONE,PASS
Hint::RHT_ZD_SHOP_ITEM_4::247,CLEAR,They say that a #Zora shopkeeper# sells #[1]#.,Dicen que un #tendero Zora# vende #[1]#.,YES,NONE,NONE,PASS
Hint::RHT_ZD_SHOP_ITEM_5::248,CLEAR,They say that a #Zora shopkeeper# sells #[1]#.,Dicen que un #tendero Zora# vende #[1]#.,YES,NONE,NONE,PASS
Hint::RHT_ZD_SHOP_ITEM_6::249,CLEAR,They say that a #Zora shopkeeper# sells #[1]#.,Dicen que un #tendero Zora# vende #[1]#.,YES,NONE,NONE,PASS
Hint::RHT_ZD_SHOP_ITEM_7::250,CLEAR,They say that a #Zora shopkeeper# sells #[1]#.,Dicen que un #tendero Zora# vende #[1]#.,YES,NONE,NONE,PASS
Hint::RHT_ZD_SHOP_ITEM_8::251,CLEAR,They say that a #Zora shopkeeper# sells #[1]#.,Dicen que un #tendero Zora# vende #[1]#.,YES,NONE,NONE,PASS
Hint::RHT_GC_SHOP_ITEM_1::252,CLEAR,They say that a #Goron shopkeeper# sells #[1]#.,Dicen que un #tendero Goron# vende #[1]#.,YES,NONE,NONE,PASS
Hint::RHT_GC_SHOP_ITEM_2::253,CLEAR,They say that a #Goron shopkeeper# sells #[1]#.,Dicen que un #tendero Goron# vende #[1]#.,YES,NONE,NONE,PASS
Hint::RHT_GC_SHOP_ITEM_3::254,CLEAR,They say that a #Goron shopkeeper# sells #[1]#.,Dicen que un #tendero Goron# vende #[1]#.,YES,NONE,NONE,PASS
Hint::RHT_GC_SHOP_ITEM_4::255,CLEAR,They say that a #Goron shopkeeper# sells #[1]#.,Dicen que un #tendero Goron# vende #[1]#.,YES,NONE,NONE,PASS
Hint::RHT_GC_SHOP_ITEM_5::256,CLEAR,They say that a #Goron shopkeeper# sells #[1]#.,Dicen que un #tendero Goron# vende #[1]#.,YES,NONE,NONE,PASS
Hint::RHT_GC_SHOP_ITEM_6::257,CLEAR,They say that a #Goron shopkeeper# sells #[1]#.,Dicen que un #tendero Goron# vende #[1]#.,YES,NONE,NONE,PASS
Hint::RHT_GC_SHOP_ITEM_7::258,CLEAR,They say that a #Goron shopkeeper# sells #[1]#.,Dicen que un #tendero Goron# vende #[1]#.,YES,NONE,NONE,PASS
Hint::RHT_GC_SHOP_ITEM_8::259,CLEAR,They say that a #Goron shopkeeper# sells #[1]#.,Dicen que un #tendero Goron# vende #[1]#.,YES,NONE,NONE,PASS
Hint::RHT_HF_DEKU_SCRUB_GROTTO::260,CLEAR,They say that a lonely #scrub in a hole# sells #[1]#.,Dicen que un #solitario Deku en un agujero# vende #[1]#.,YES,NONE,NONE,PASS
Hint::RHT_LLR_DEKU_SCRUB_GROTTO_LEFT::261,CLEAR,They say that a #trio of scrubs# sells #[1]#.,Dicen que un #trío de Dekus# vende #[1]#.,YES,NONE,NONE,PASS
Hint::RHT_LLR_DEKU_SCRUB_GROTTO_RIGHT::262,CLEAR,They say that a #trio of scrubs# sells #[1]#.,Dicen que un #trío de Dekus# vende #[1]#.,YES,NONE,NONE,PASS
Hint::RHT_LLR_DEKU_SCRUB_GROTTO_CENTER::263,CLEAR,They say that a #trio of scrubs# sells #[1]#.,Dicen que un #trío de Dekus# vende #[1]#.,YES,NONE,NONE,PASS
Hint::RHT_LW_DEKU_SCRUB_NEAR_DEKU_THEATER_RIGHT::264,CLEAR,They say that a pair of #scrubs in the woods# sells #[1]#.,Dicen que un par de #Dekus en el bosque# vende #[1]#.,YES,NONE,NONE,PASS
Hint::RHT_LW_DEKU_SCRUB_NEAR_DEKU_THEATER_LEFT::265,CLEAR,They say that a pair of #scrubs in the woods# sells #[1]#.,Dicen que un par de #Dekus en el bosque# vende #[1]#.,YES,NONE,NONE,PASS
Hint::RHT_LW_DEKU_SCRUB_NEAR_BRIDGE::266,CLEAR,They say that a #scrub by a bridge# sells #[1]#.,Dicen que un #Deku junto a un puente# vende #[1]#.,YES,NONE,NONE,PASS
Hint::RHT_LW_DEKU_SCRUB_GROTTO_REAR::267,CLEAR,They say that a #scrub underground duo# sells #[1]#.,Dicen que un #dúo de Dekus subterráneos# vende #[1]#.,YES,NONE,NONE,PASS
Hint::RHT_LW_DEKU_SCRUB_GROTTO_FRONT::268,CLEAR,They say that a #scrub underground duo# sells #[1]#.,Dicen que un #dúo de Dekus subterráneos# vende #[1]#.,YES,NONE,NONE,PASS
Hint::RHT_SFM_DEKU_SCRUB_GROTTO_REAR::269,CLEAR,They say that a #scrub underground duo# sells #[1]#.,Dicen que un #dúo de Dekus subterráneos# vende #[1]#.,YES,NONE,NONE,PASS
Hint::RHT_SFM_DEKU_SCRUB_GROTTO_FRONT::270,CLEAR,They say that a #scrub underground duo# sells #[1]#.,Dicen que un #dúo de Dekus subterráneos# vende #[1]#.,YES,NONE,NONE,PASS
Hint::RHT_GC_DEKU_SCRUB_GROTTO_LEFT::271,CLEAR,They say that a #trio of scrubs# sells #[1]#.,Dicen que un #trío de Dekus# vende #[1]#.,YES,NONE,NONE,PASS
Hint::RHT_GC_DEKU_SCRUB_GROTTO_RIGHT::272,CLEAR,They say that a #trio of scrubs# sells #[1]#.,Dicen que un #trío de Dekus# vende #[1]#.,YES,NONE,NONE,PASS
Hint::RHT_GC_DEKU_SCRUB_GROTTO_CENTER::273,CLEAR,They say that a #trio of scrubs# sells #[1]#.,Dicen que un #trío de Dekus# vende #[1]#.,YES,NONE,NONE,PASS
Hint::RHT_DMC_DEKU_SCRUB_GROTTO_LEFT::274,CLEAR,They say that a #trio of scrubs# sells #[1]#.,Dicen que un #trío de Dekus# vende #[1]#.,YES,NONE,NONE,PASS
Hint::RHT_DMC_DEKU_SCRUB_GROTTO_RIGHT::275,CLEAR,They say that a #trio of scrubs# sells #[1]#.,Dicen que un #trío de Dekus# vende #[1]#.,YES,NONE,NONE,PASS
Hint::RHT_DMC_DEKU_SCRUB_GROTTO_CENTER::276,CLEAR,They say that a #trio of scrubs# sells #[1]#.,Dicen que un #trío de Dekus# vende #[1]#.,YES,NONE,NONE,PASS
Hint::RHT_ZR_DEKU_SCRUB_GROTTO_REAR::277,CLEAR,They say that a #scrub underground duo# sells #[1]#.,Dicen que un #dúo de Dekus subterráneos# vende #[1]#.,YES,NONE,NONE,PASS
Hint::RHT_ZR_DEKU_SCRUB_GROTTO_FRONT::278,CLEAR,They say that a #scrub underground duo# sells #[1]#.,Dicen que un #dúo de Dekus subterráneos# vende #[1]#.,YES,NONE,NONE,PASS
Hint::RHT_LH_DEKU_SCRUB_GROTTO_LEFT::279,CLEAR,They say that a #trio of scrubs# sells #[1]#.,Dicen que un #trío de Dekus# vende #[1]#.,YES,NONE,NONE,PASS
Hint::RHT_LH_DEKU_SCRUB_GROTTO_RIGHT::280,CLEAR,They say that a #trio of scrubs# sells #[1]#.,Dicen que un #trío de Dekus# vende #[1]#.,YES,NONE,NONE,PASS
Hint::RHT_LH_DEKU_SCRUB_GROTTO_CENTER::281,CLEAR,They say that a #trio of scrubs# sells #[1]#.,Dicen que un #trío de Dekus# vende #[1]#.,YES,NONE,NONE,PASS
Hint::RHT_GV_DEKU_SCRUB_GROTTO_REAR::282,CLEAR,They say that a #scrub underground duo# sells #[1]#.,Dicen que un #dúo de Dekus subterráneos# vende #[1]#.,YES,NONE,NONE,PASS
Hint::RHT_GV_DEKU_SCRUB_GROTTO_FRONT::283,CLEAR,They say that a #scrub underground duo# sells #[1]#.,Dicen que un #dúo de Dekus subterráneos# vende #[1]#.,YES,NONE,NONE,PASS
Hint::RHT_COLOSSUS_DEKU_SCRUB_GROTTO_FRONT::284,CLEAR,They say that a #scrub underground duo# sells #[1]#.,Dicen que un #dúo de Dekus subterráneos# vende #[1]#.,YES,NONE,NONE,PASS
Hint::RHT_COLOSSUS_DEKU_SCRUB_GROTTO_REAR::285,CLEAR,They say that a #scrub underground duo# sells #[1]#.,Dicen que un #dúo de Dekus subterráneos# vende #[1]#.,YES,NONE,NONE,PASS
Hint::RHT_LLR_STABLES_LEFT_COW::286,CLEAR,They say that a #cow in a stable# gifts #[1]#.,Dicen que una #vaca en una establa# regala #[1]#.,YES,NONE,NONE,PASS
Hint::RHT_LLR_STABLES_RIGHT_COW::287,CLEAR,They say that a #cow in a stable# gifts #[1]#.,Dicen que una #vaca en una establa# regala #[1]#.,YES,NONE,NONE,PASS
Hint::RHT_LLR_TOWER_RIGHT_COW::288,CLEAR,They say that a #cow in a ranch silo# gifts #[1]#.,Dicen que una #vaca en un silo del rancho# regala #[1]#.,YES,NONE,NONE,PASS
Hint::RHT_LLR_TOWER_LEFT_COW::289,CLEAR,They say that a #cow in a ranch silo# gifts #[1]#.,Dicen que una #vaca en un silo del rancho# regala #[1]#.,YES,NONE,NONE,PASS
Hint::RHT_KAK_IMPAS_HOUSE_COW::290,CLEAR,They say that a #cow imprisoned in a house# protects #[1]#.,Dicen que una #vaca encerrada en una casa# protege #[1]#.,YES,NONE,NONE,PASS
Hint::RHT_DMT_COW_GROTTO_COW::291,CLEAR,They say that a #cow in a luxurious hole# offers #[1]#.,Dicen que una #vaca en un agujero lujoso# ofrece #[1]#.,YES,NONE,NONE,PASS
Hint::RHT_BEEHIVE_CHEST_GROTTO::292,CLEAR,They say that a #beehive above a chest# hides #[1]#.,Dicen que una #colmena sobre un cofre# esconde #[1]#.,YES,NONE,NONE,PASS
Hint::RHT_BEEHIVE_LONELY_SCRUB_GROTTO::293,CLEAR,They say that a #beehive above a lonely scrub# hides #[1]#.,Dicen que una #colmena sobre un Deku solitario# esconde #[1]#.,YES,NONE,NONE,PASS
Hint::RHT_BEEHIVE_SCRUB_PAIR_GROTTO::294,CLEAR,They say that a #beehive above a pair of scrubs# hides #[1]#.,Dicen que una #colmena sobre un par de Dekus# esconde #[1]#.,YES,NONE,NONE,PASS
Hint::RHT_BEEHIVE_SCRUB_TRIO_GROTTO::295,CLEAR,They say that a #beehive above a trio of scrubs# hides #[1]#.,Dicen que una #colmena sobre un trío de Dekus# esconde #[1]#.,YES,NONE,NONE,PASS
Hint::RHT_BEEHIVE_COW_GROTTO::296,CLEAR,They say that a #beehive above a cow# hides #[1]#.,Dicen que una #colmena sobre una vaca# esconde #[1]#.,YES,NONE,NONE,PASS
Hint::RHT_BEEHIVE_IN_FRONT_OF_KING_ZORA::297,CLEAR,They say that a #beehive in front of the king of the zoras# hides #[1]#.,Dicen que una #colmena frente al rey de los Zoras# esconde #[1]#.,YES,NONE,NONE,PASS
Hint::RHT_BEEHIVE_BEHIND_KING_ZORA::298,CLEAR,They say that a #beehive behind the king of the zoras# hides #[1]#.,Dicen que una #colmena detrás del rey de los Zoras# esconde #[1]#.,YES,NONE,NONE,PASS
Hint::RHT_POT_LINKS_HOUSE::299,CLEAR,They say that the #pot in the hero's house# contains #[1]#.,Dicen que la #maceta en la casa del héroe# contiene #[1]#.,YES,NONE,NONE,PASS
Hint::RHT_POT_TWINS_HOUSE::300,CLEAR,They say that a #pot shared by twins# contains #[1]#.,Dicen que una #maceta compartida por gemelos# contiene #[1]#.,YES,NONE,NONE,PASS
Hint::RHT_POT_KNOW_IT_ALL::301,CLEAR,They say that a #know-it-all bother's pot# contains #[1]#.,Dicen que la #maceta del pesado listo# contiene #[1]#.,YES,NONE,NONE,PASS
Hint::RHT_POT_WASTELAND::302,CLEAR,They say that a #pot in Haunted Wasteland# contains #[1]#.,Dicen que una #maceta en el Páramo Encantado# contiene #[1]#.,YES,NONE,NONE,PASS
Hint::RHT_POT_GUARD_HOUSE::303,CLEAR,They say that a #pot in the Guard House# contains #[1]#.,Dicen que una #maceta en la Casa de los Guardias# contiene #[1]#.,YES,NONE,NONE,PASS
Hint::RHT_POT_POE_SHOP::304,CLEAR,They say that a #pot in the Poe Shop# contains #[1]#.,Dicen que una #maceta en la Tienda de Poes# contiene #[1]#.,YES,NONE,NONE,PASS
Hint::RHT_POT_ALLEY_HOUSE::305,CLEAR,They say that a #bearded man's pot# contains #[1]#.,Dicen que la #maceta del hombre barbudo# contiene #[1]#.,YES,NONE,NONE,PASS
Hint::RHT_POT_KAKARIKO::306,CLEAR,They say that a #pot in Kakariko Village# contains #[1]#.,Dicen que una #maceta en la Aldea Kakariko# contiene #[1]#.,YES,NONE,NONE,PASS
Hint::RHT_POT_DAMPE::307,CLEAR,They say that a #pot in gravekeeper's tomb# contains #[1]#.,Dicen que una #maceta en la tumba del sepulturero# contiene #[1]#.,YES,NONE,NONE,PASS
Hint::RHT_POT_GORON_CITY::308,CLEAR,They say that a #pot in Goron City# contains #[1]#.,Dicen que una #maceta en la Ciudad Goron# contiene #[1]#.,YES,NONE,NONE,PASS
Hint::RHT_POT_DEATH_MOUNTAIN_CRATER::309,CLEAR,They say that a #pot in Death Mountain Crater# contains #[1]#.,Dicen que una #maceta en el Cráter del Monte de la Muerte# contiene #[1]#.,YES,NONE,NONE,PASS
Hint::RHT_POT_ZORAS_DOMAIN::310,CLEAR,They say that a #pot in Zora's Domain# contains #[1]#.,Dicen que una #maceta en el Dominio Zora# contiene #[1]#.,YES,NONE,NONE,PASS
Hint::RHT_POT_ZORAS_FOUNTAIN::311,CLEAR,They say that a #pot in Zora's Fountain# contains #[1]#.,Dicen que una #maceta en la Fuente Zora# contiene #[1]#.,YES,NONE,NONE,PASS
Hint::RHT_POT_LON_LON_RANCH::312,CLEAR,They say that a #pot in Lon Lon Ranch# contains #[1]#.,Dicen que una #maceta en el Rancho Lon Lon# contiene #[1]#.,YES,NONE,NONE,PASS
Hint::RHT_POT_TALONS_HOUSE::313,CLEAR,They say that a #pot in Talon's Bedroom# contains #[1]#.,Dicen que una #maceta en el Dormitorio de Talon# contiene #[1]#.,YES,NONE,NONE,PASS
Hint::RHT_POT_WEB_GROTTO::314,CLEAR,They say that a #pot behind a grotto's webbing# contains #[1]#.,Dicen que una #maceta detrás de la telaraña de una cueva# contiene #[1]#.,YES,NONE,NONE,PASS
Hint::RHT_POT_MUD_WALL_GROTTO::315,CLEAR,They say that a #pot walled off in a grotto# contains #[1]#.,Dicen que una #maceta aislada en una cueva# contiene #[1]#.,YES,NONE,NONE,PASS
Hint::RHT_KOKIRI_FOREST_RUPEE::316,CLEAR,They say that a rupee in a #tranquil forest# hides #[1]#.,Dicen que una rupee en un #bosque tranquilo# esconde #[1]#.,YES,NONE,NONE,PASS
Hint::RHT_KOKIRI_FOREST_HEART::317,CLEAR,They say that a heart in a #tranquil forest# hides #[1]#.,Dicen que un corazón en un #bosque tranquilo# esconde #[1]#.,YES,NONE,NONE,PASS
Hint::RHT_SARIAS_HOUSE_HEART::318,CLEAR,They say that a heart in a #dear friend's home# hides #[1]#.,Dicen que un corazón en el #hogar de una querida amiga# esconde #[1]#.,YES,NONE,NONE,PASS
Hint::RHT_LOST_WOODS_RUPEE::319,CLEAR,They say that under a #boulder in the woods# lies #[1]#.,Dicen que debajo de una #roca en el bosque# se encuentra #[1]#.,YES,NONE,NONE,PASS
Hint::RHT_LOST_WOODS_SHORTCUT_RUPEE::320,CLEAR,They say that in a #pool of water in the woods# lies #[1]#.,Dicen que en una #poza de agua en el bosque# se encuentra #[1]#.,YES,NONE,NONE,PASS
Hint::RHT_LAKE_HYLIA_RUPEE::321,CLEAR,They say that just off the #coast of a lake# lies #[1]#.,Dicen que justo frente a la #costa de un lago# se encuentra #[1]#.,YES,NONE,NONE,PASS
Hint::RHT_LABORATORY_RUPEE::322,CLEAR,They say that at the #bottom of a tank# lies #[1]#.,Dicen que en el #fondo de un tanque# se encuentra #[1]#.,YES,NONE,NONE,PASS
Hint::RHT_DAMPES_GRAVE_RUPEE::323,CLEAR,They say that within a #quick-footed spirit's grave# lies #[1]#.,Dicen que dentro de la #tumba de un espíritu veloz# se encuentra #[1]#.,YES,NONE,NONE,PASS
Hint::RHT_GERUDO_VALLEY_GROTTO_RUPEE::324,CLEAR,They say that an Octarok in an #underground spring# guards #[1]#.,Dicen que un Octarok en un #manantial subterráneo# custodia #[1]#.,YES,NONE,NONE,PASS
Hint::RHT_DEATH_MOUNTAIN_TRAIL_RUPEE::325,CLEAR,They say that beneath a boulder on a #mountain's cliffside# lies #[1]#.,Dicen que debajo de una roca en la #ladera de una montaña# se encuentra #[1]#.,YES,NONE,NONE,PASS
Hint::RHT_DEATH_MOUNTAIN_TRAIL_GROTTO_HEART::326,CLEAR,They say that accompanying a #cow in a small cave# is #[1]#.,Dicen que acompañando a una #vaca en una pequeña cueva# está #[1]#.,YES,NONE,NONE,PASS
Hint::RHT_DEATH_MOUNTAIN_TRAIL_GROTTO_RUPEE::327,CLEAR,They say that accompanying a #cow in a small cave# is #[1]#.,Dicen que acompañando a una #vaca en una pequeña cueva# está #[1]#.,YES,NONE,NONE,PASS
Hint::RHT_DEATH_MOUNTAIN_CRATER_RUPEE::328,CLEAR,They say that on a #small platform suspended above lava# lies #[1]#.,Dicen que en una #pequeña plataforma suspendida sobre lava# se encuentra #[1]#.,YES,NONE,NONE,PASS
Hint::RHT_ZORAS_RIVER_WATERFALL_RUPEE::329,CLEAR,They say that beneath a #waterfall feeding a narrow river# lies #[1]#.,Dicen que debajo de una #cascada que alimenta un río estrecho# se encuentra #[1]#.,YES,NONE,NONE,PASS
Hint::RHT_ZORAS_FOUNTAIN_RUPEE::330,CLEAR,They say that at the bottom of a #partially-frozen spring# lies #[1]#.,Dicen que en el fondo de un #manantial parcialmente congelado# se encuentra #[1]#.,YES,NONE,NONE,PASS
Hint::RHT_SFM_FAIRY_GROTTO_FAIRY::331,CLEAR,They say that within #a fountain beneath a forest meadow# rests #[1]#.,Dicen que dentro de #una fuente bajo un prado del bosque# descansa #[1]#.,YES,NONE,NONE,PASS
Hint::RHT_ZR_FAIRY_GROTTO_FAIRY::332,CLEAR,They say that within #a fountain beneath a river# rests #[1]#.,Dicen que dentro de #una fuente bajo un río# descansa #[1]#.,YES,NONE,NONE,PASS
Hint::RHT_HF_FAIRY_GROTTO_FAIRY::333,CLEAR,They say that within #a fountain beneath a few trees bordering a wide field# rests #[1]#.,Dicen que dentro de #una fuente bajo unos árboles que bordean un campo amplio# descansa #[1]#.,YES,NONE,NONE,PASS
Hint::RHT_ZD_FAIRY_GROTTO_FAIRY::334,CLEAR,They say that within #a fountain beneath the home of the Zoras# rests #[1]#.,Dicen que dentro de #una fuente bajo el hogar de los Zoras# descansa #[1]#.,YES,NONE,NONE,PASS
Hint::RHT_GF_FAIRY_GROTTO_FAIRY::335,CLEAR,They say that within #a fountain beneath the home of thieves# rests #[1]#.,Dicen que dentro de #una fuente bajo el hogar de los ladrones# descansa #[1]#.,YES,NONE,NONE,PASS
Hint::RHT_GRAVEYARD_SHIELD_GRAVE_FAIRY::336,CLEAR,They say that within #a fountain behind a wall within a grave# rests #[1]#.,Dicen que dentro de #una fuente detrás de una pared dentro de una tumba# descansa #[1]#.,YES,NONE,NONE,PASS
Hint::RHT_COLOSSUS_OASIS_FAIRY::337,CLEAR,They say that #restoring water to a dried oasis# reveals #[1]#.,Dicen que #restaurar agua a un oasis seco# revela #[1]#.,YES,NONE,NONE,PASS
Hint::RHT_ZR_BEAN_SPROUT_FAIRY::338,CLEAR,They say that #watering a young sprout on the riverside# reveals #[1]#.,Dicen que #regar un brote joven a la orilla del río# revela #[1]#.,YES,NONE,NONE,PASS
Hint::RHT_KF_BEAN_SPROUT_FAIRY::339,CLEAR,They say that #watering a young sprout near a forest shop# reveals #[1]#.,Dicen que #regar un brote joven cerca de una tienda del bosque# revela #[1]#.,YES,NONE,NONE,PASS
Hint::RHT_LW_BEAN_SPROUT_NEAR_BRIDGE_FAIRY::340,CLEAR,They say that #watering a young sprout near the entrance to the forest# reveals #[1]#.,Dicen que #regar un brote joven cerca de la entrada al bosque# revela #[1]#.,YES,NONE,NONE,PASS
Hint::RHT_LW_BEAN_SPROUT_NEAR_THEATER_FAIRY::341,CLEAR,They say that #watering a young sprout above a sylvan theatre# reveals #[1]#.,Dicen que #regar un brote joven sobre un teatro del bosque# revela #[1]#.,YES,NONE,NONE,PASS
Hint::RHT_LH_BEAN_SPROUT_FAIRY::342,CLEAR,They say that #watering a young sprout on the lakeside# reveals #[1]#.,Dicen que #regar un brote joven en la orilla del lago# revela #[1]#.,YES,NONE,NONE,PASS
Hint::RHT_GV_BEAN_SPROUT_FAIRY::343,CLEAR,They say that #watering a young sprout on the side of a canyon# reveals #[1]#.,Dicen que #regar un brote joven al lado de un cañón# revela #[1]#.,YES,NONE,NONE,PASS
Hint::RHT_COLOSSUS_BEAN_SPROUT_FAIRY::344,CLEAR,They say that #watering a young sprout near a temple of the sand# reveals #[1]#.,Dicen que #regar un brote joven cerca de un templo de la arena# revela #[1]#.,YES,NONE,NONE,PASS
Hint::RHT_GRAVEYARD_BEAN_SPROUT_FAIRY::345,CLEAR,They say that #watering a young sprout within a graveyard# reveals #[1]#.,Dicen que #regar un brote joven dentro de un cementerio# revela #[1]#.,YES,NONE,NONE,PASS
Hint::RHT_DMC_BEAN_SPROUT_FAIRY::346,CLEAR,They say that #watering a young sprout within a volcano# reveals #[1]#.,Dicen que #regar un brote joven dentro de un volcán# revela #[1]#.,YES,NONE,NONE,PASS
Hint::RHT_DMT_BEAN_SPROUT_FAIRY::347,CLEAR,They say that #watering a young sprout on the mountainside# reveals #[1]#.,Dicen que #regar un brote joven en la ladera de la montaña# revela #[1]#.,YES,NONE,NONE,PASS
Hint::RHT_TOT_GOSSIP_STONE_FAIRY::348,CLEAR,They say that #playing a tune for an odd stone in the outskirts of the market# reveals #[1]#.,Dicen que #tocar una melodía para una piedra extraña en las afueras del mercado# revela #[1]#.,YES,NONE,NONE,PASS
Hint::RHT_TOT_GOSSIP_STONE_FAIRY_BIG::349,CLEAR,They say that #playing a stormy tune for an odd stone in the outskirts of the market# reveals #[1]#.,Dicen que #tocar una melodía tormentosa para una piedra extraña en las afueras del mercado# revela #[1]#.,YES,NONE,NONE,PASS
Hint::RHT_DMC_GOSSIP_STONE_FAIRY::350,CLEAR,They say that #playing a tune for an odd stone within a volcano# reveals #[1]#.,Dicen que #tocar una melodía para una piedra extraña dentro de un volcán# revela #[1]#.,YES,NONE,NONE,PASS
Hint::RHT_DMC_GOSSIP_STONE_FAIRY_BIG::351,CLEAR,They say that #playing a stormy tune for an odd stone within a volcano# reveals #[1]#.,Dicen que #tocar una melodía tormentosa para una piedra extraña dentro de un volcán# revela #[1]#.,YES,NONE,NONE,PASS
Hint::RHT_DMT_GOSSIP_STONE_FAIRY::352,CLEAR,They say that #playing a tune for an odd stone on a mountain cliff face# reveals #[1]#.,Dicen que #tocar una melodía para una piedra extraña en la cara rocosa de una montaña# revela #[1]#.,YES,NONE,NONE,PASS
Hint::RHT_DMT_GOSSIP_STONE_FAIRY_BIG::353,CLEAR,They say that #playing a stormy tune for an odd stone on a mountain cliff face# reveals #[1]#.,Dicen que #tocar una melodía tormentosa para una piedra extraña en la cara rocosa de una montaña# revela #[1]#.,YES,NONE,NONE,PASS
Hint::RHT_COLOSSUS_GOSSIP_STONE_FAIRY::354,CLEAR,They say that #playing a tune for an odd stone near the temple of the sand# reveals #[1]#.,Dicen que #tocar una melodía para una piedra extraña cerca del templo de la arena# revela #[1]#.,YES,NONE,NONE,PASS
Hint::RHT_COLOSSUS_GOSSIP_STONE_FAIRY_BIG::355,CLEAR,They say that #playing a stormy tune for an odd stone near the temple of the sand# reveals #[1]#.,Dicen que #tocar una melodía tormentosa para una piedra extraña cerca del templo de la arena# revela #[1]#.,YES,NONE,NONE,PASS
Hint::RHT_GV_GOSSIP_STONE_FAIRY::356,CLEAR,They say that #playing a tune for an odd stone near a canyon waterfall# reveals #[1]#.,Dicen que #tocar una melodía para una piedra extraña cerca de una cascada del cañón# revela #[1]#.,YES,NONE,NONE,PASS
Hint::RHT_GV_GOSSIP_STONE_FAIRY_BIG::357,CLEAR,They say that #playing a stormy tune for an odd stone near a canyon waterfall# reveals #[1]#.,Dicen que #tocar una melodía tormentosa para una piedra extraña cerca de una cascada del cañón# revela #[1]#.,YES,NONE,NONE,PASS
Hint::RHT_GC_MAZE_GOSSIP_STONE_FAIRY::358,CLEAR,They say that #playing a tune for an odd stone behind a maze of rock# reveals #[1]#.,Dicen que #tocar una melodía para una piedra extraña detrás de un laberinto de rocas# revela #[1]#.,YES,NONE,NONE,PASS
Hint::RHT_GC_MAZE_GOSSIP_STONE_FAIRY_BIG::359,CLEAR,They say that #playing a stormy tune for an odd stone behind a maze of rock# reveals #[1]#.,Dicen que #tocar una melodía tormentosa para una piedra extraña detrás de un laberinto de rocas# revela #[1]#.,YES,NONE,NONE,PASS
Hint::RHT_GC_MEDIGORON_GOSSIP_STONE_FAIRY::360,CLEAR,They say that #playing a tune for an odd stone near a blacksmith# reveals #[1]#.,Dicen que #tocar una melodía para una piedra extraña cerca de un herrero# revela #[1]#.,YES,NONE,NONE,PASS
Hint::RHT_GC_MEDIGORON_GOSSIP_STONE_FAIRY_BIG::361,CLEAR,They say that #playing a stormy tune for an odd stone near a blacksmith# reveals #[1]#.,Dicen que #tocar una melodía tormentosa para una piedra extraña cerca de un herrero# revela #[1]#.,YES,NONE,NONE,PASS
Hint::RHT_GRAVEYARD_GOSSIP_STONE_FAIRY::362,CLEAR,They say that #playing a tune for an odd stone overlooking the graveyard# reveals #[1]#.,Dicen que #tocar una melodía para una piedra extraña que domina el cementerio# revela #[1]#.,YES,NONE,NONE,PASS
Hint::RHT_GRAVEYARD_GOSSIP_STONE_FAIRY_BIG::363,CLEAR,They say that #playing a stormy tune for an odd stone overlooking the graveyard# reveals #[1]#.,Dicen que #tocar una melodía tormentosa para una piedra extraña que domina el cementerio# revela #[1]#.,YES,NONE,NONE,PASS
Hint::RHT_HC_MALON_GOSSIP_STONE_FAIRY::364,CLEAR,They say that #playing a tune for an odd stone overlooking the path to the castle# reveals #[1]#.,Dicen que #tocar una melodía para una piedra extraña que domina el camino hacia el castillo# revela #[1]#.,YES,NONE,NONE,PASS
Hint::RHT_HC_MALON_GOSSIP_STONE_FAIRY_BIG::365,CLEAR,They say that #playing a stormy tune for an odd stone overlooking the path to the castle# reveals #[1]#.,Dicen que #tocar una melodía tormentosa para una piedra extraña que domina el camino hacia el castillo# revela #[1]#.,YES,NONE,NONE,PASS
Hint::RHT_HC_ROCK_WALL_GOSSIP_STONE_FAIRY::366,CLEAR,They say that #playing a tune for an odd stone near a secret path to the castle# reveals #[1]#.,Dicen que #tocar una melodía para una piedra extraña cerca de un camino secreto al castillo# revela #[1]#.,YES,NONE,NONE,PASS
Hint::RHT_HC_ROCK_WALL_GOSSIP_STONE_FAIRY_BIG::367,CLEAR,They say that #playing a stormy tune for an odd stone near a secret path to the castle# reveals #[1]#.,Dicen que #tocar una melodía tormentosa para una piedra extraña cerca de un camino secreto al castillo# revela #[1]#.,YES,NONE,NONE,PASS
Hint::RHT_HC_STORMS_GROTTO_GOSSIP_STONE_FAIRY::368,CLEAR,They say that #playing a tune for an odd stone beneath the castle# reveals #[1]#.,Dicen que #tocar una melodía para una piedra extraña debajo del castillo# revela #[1]#.,YES,NONE,NONE,PASS
Hint::RHT_HC_STORMS_GROTTO_GOSSIP_STONE_FAIRY_BIG::369,CLEAR,They say that #playing a stormy tune for an odd stone beneath the castle# reveals #[1]#.,Dicen que #tocar una melodía tormentosa para una piedra extraña debajo del castillo# revela #[1]#.,YES,NONE,NONE,PASS
Hint::RHT_KF_DEKU_TREE_GOSSIP_STONE_FAIRY::370,CLEAR,They say that #playing a tune for an odd stone near an ancient tree# reveals #[1]#.,Dicen que #tocar una melodía para una piedra extraña cerca de un árbol ancestral# revela #[1]#.,YES,NONE,NONE,PASS
Hint::RHT_KF_DEKU_TREE_GOSSIP_STONE_FAIRY_BIG::371,CLEAR,They say that #playing a stormy tune for an odd stone near an ancient tree# reveals #[1]#.,Dicen que #tocar una melodía tormentosa para una piedra extraña cerca de un árbol ancestral# revela #[1]#.,YES,NONE,NONE,PASS
Hint::RHT_KF_GOSSIP_STONE_FAIRY::372,CLEAR,They say that #playing a tune for an odd stone overlooking a forest village# reveals #[1]#.,Dicen que #tocar una melodía para una piedra extraña que domina una aldea del bosque# revela #[1]#.,YES,NONE,NONE,PASS
Hint::RHT_KF_GOSSIP_STONE_FAIRY_BIG::373,CLEAR,They say that #playing a stormy tune for an odd stone overlooking a forest village# reveals #[1]#.,Dicen que #tocar una melodía tormentosa para una piedra extraña que domina una aldea del bosque# revela #[1]#.,YES,NONE,NONE,PASS
Hint::RHT_KF_STORMS_GROTTO_GOSSIP_STONE_FAIRY::374,CLEAR,They say that #playing a tune for an odd stone beneath a forest village# reveals #[1]#.,Dicen que #tocar una melodía para una piedra extraña debajo de una aldea del bosque# revela #[1]#.,YES,NONE,NONE,PASS
Hint::RHT_KF_STORMS_GROTTO_GOSSIP_STONE_FAIRY_BIG::375,CLEAR,They say that #playing a stormy tune for an odd stone beneath a forest village# reveals #[1]#.,Dicen que #tocar una melodía tormentosa para una piedra extraña debajo de una aldea del bosque# revela #[1]#.,YES,NONE,NONE,PASS
Hint::RHT_LH_LAB_GOSSIP_STONE_FAIRY::376,CLEAR,They say that #playing a tune for an odd stone overlooking the river feeding a lake# reveals #[1]#.,Dicen que #tocar una melodía para una piedra extraña que domina el río que alimenta un lago# revela #[1]#.,YES,NONE,NONE,PASS
Hint::RHT_LH_LAB_GOSSIP_STONE_FAIRY_BIG::377,CLEAR,They say that #playing a stormy tune for an odd stone overlooking the river feeding a lake# reveals #[1]#.,Dicen que #tocar una melodía tormentosa para una piedra extraña que domina el río que alimenta un lago# revela #[1]#.,YES,NONE,NONE,PASS
Hint::RHT_LH_SOUTHEAST_GOSSIP_STONE_FAIRY::378,CLEAR,They say that #playing a tune for an odd stone at the back of a lake# reveals #[1]#.,Dicen que #tocar una melodía para una piedra extraña en la parte trasera de un lago# revela #[1]#.,YES,NONE,NONE,PASS
Hint::RHT_LH_SOUTHEAST_GOSSIP_STONE_FAIRY_BIG::379,CLEAR,They say that #playing a stormy tune for an odd stone at the back of a lake# reveals #[1]#.,Dicen que #tocar una melodía tormentosa para una piedra extraña en la parte trasera de un lago# revela #[1]#.,YES,NONE,NONE,PASS
Hint::RHT_LH_SOUTHWEST_GOSSIP_STONE_FAIRY::380,CLEAR,They say that #playing a tune for an odd stone at the back of a lake# reveals #[1]#.,Dicen que #tocar una melodía para una piedra extraña en la parte trasera de un lago# revela #[1]#.,YES,NONE,NONE,PASS
Hint::RHT_LH_SOUTHWEST_GOSSIP_STONE_FAIRY_BIG::381,CLEAR,They say that #playing a stormy tune for an odd stone at the back of a lake# reveals #[1]#.,Dicen que #tocar una melodía tormentosa para una piedra extraña en la parte trasera de un lago# revela #[1]#.,YES,NONE,NONE,PASS
Hint::RHT_LW_GOSSIP_STONE_FAIRY::382,CLEAR,They say that #playing a tune for an odd stone within a perplexing wood# reveals #[1]#.,Dicen que #tocar una melodía para una piedra extraña dentro de un bosque confuso# revela #[1]#.,YES,NONE,NONE,PASS
Hint::RHT_LW_GOSSIP_STONE_FAIRY_BIG::383,CLEAR,They say that #playing a stormy tune for an odd stone within a perplexing wood# reveals #[1]#.,Dicen que #tocar una melodía tormentosa para una piedra extraña dentro de un bosque confuso# revela #[1]#.,YES,NONE,NONE,PASS
Hint::RHT_SFM_MAZE_GOSSIP_STONE_FAIRY::384,CLEAR,They say that #playing a tune for an odd stone overlooking a forest maze# reveals #[1]#.,Dicen que #tocar una melodía para una piedra extraña que domina un laberinto del bosque# revela #[1]#.,YES,NONE,NONE,PASS
Hint::RHT_SFM_MAZE_GOSSIP_STONE_FAIRY_BIG::385,CLEAR,They say that #playing a stormy tune for an odd stone overlooking a forest maze# reveals #[1]#.,Dicen que #tocar una melodía tormentosa para una piedra extraña que domina un laberinto del bosque# revela #[1]#.,YES,NONE,NONE,PASS
Hint::RHT_SFM_SARIA_GOSSIP_STONE_FAIRY::386,CLEAR,They say that #playing a tune for an odd stone watching a hiding place in the woods# reveals #[1]#.,Dicen que #tocar una melodía para una piedra extraña que vigila un escondite en el bosque# revela #[1]#.,YES,NONE,NONE,PASS
Hint::RHT_SFM_SARIA_GOSSIP_STONE_FAIRY_BIG::387,CLEAR,They say that #playing a stormy tune for an odd stone watching a hiding place in the woods# reveals #[1]#.,Dicen que #tocar una melodía tormentosa para una piedra extraña que vigila un escondite en el bosque# revela #[1]#.,YES,NONE,NONE,PASS
Hint::RHT_ZD_GOSSIP_STONE_FAIRY::388,CLEAR,They say that #playing a tune for an odd stone listening to an aquatic king# reveals #[1]#.,Dicen que #tocar una melodía para una piedra extraña que escucha a un rey acuático# revela #[1]#.,YES,NONE,NONE,PASS
Hint::RHT_ZD_GOSSIP_STONE_FAIRY_BIG::389,CLEAR,They say that #playing a stormy tune for an odd stone listening to an aquatic king# reveals #[1]#.,Dicen que #tocar una melodía tormentosa para una piedra extraña que escucha a un rey acuático# revela #[1]#.,YES,NONE,NONE,PASS
Hint::RHT_ZF_FAIRY_GOSSIP_STONE_FAIRY::390,CLEAR,They say that #playing a tune for an odd stone in the outskirts of a deep fountain# reveals #[1]#.,Dicen que #tocar una melodía para una piedra extraña en las afueras de una fuente profunda# revela #[1]#.,YES,NONE,NONE,PASS
Hint::RHT_ZF_FAIRY_GOSSIP_STONE_FAIRY_BIG::391,CLEAR,They say that #playing a stormy tune for an odd stone in the outskirts of a deep fountain# reveals #[1]#.,Dicen que #tocar una melodía tormentosa para una piedra extraña en las afueras de una fuente profunda# revela #[1]#.,YES,NONE,NONE,PASS
Hint::RHT_ZF_JABU_GOSSIP_STONE_FAIRY::392,CLEAR,They say that #playing a tune for an odd stone watching a guardian of the sea# reveals #[1]#.,Dicen que #tocar una melodía para una piedra extraña que vigila a un guardián del mar# revela #[1]#.,YES,NONE,NONE,PASS
Hint::RHT_ZF_JABU_GOSSIP_STONE_FAIRY_BIG::393,CLEAR,They say that #playing a stormy tune for an odd stone watching a guardian of the sea# reveals #[1]#.,Dicen que #tocar una melodía tormentosa para una piedra extraña que vigila a un guardián del mar# revela #[1]#.,YES,NONE,NONE,PASS
Hint::RHT_ZR_NEAR_GROTTOS_GOSSIP_STONE_FAIRY::394,CLEAR,They say that #playing a tune for an odd stone overwatching a river# reveals #[1]#.,Dicen que #tocar una melodía para una piedra extraña que vigila un río# revela #[1]#.,YES,NONE,NONE,PASS
Hint::RHT_ZR_NEAR_GROTTOS_GOSSIP_STONE_FAIRY_BIG::395,CLEAR,They say that #playing a stormy tune for an odd stone overwatching a river# reveals #[1]#.,Dicen que #tocar una melodía tormentosa para una piedra extraña que vigila un río# revela #[1]#.,YES,NONE,NONE,PASS
Hint::RHT_ZR_NEAR_DOMAIN_GOSSIP_STONE_FAIRY::396,CLEAR,They say that #playing a tune for an odd stone beneath a waterfall# reveals #[1]#.,Dicen que #tocar una melodía para una piedra extraña debajo de una cascada# revela #[1]#.,YES,NONE,NONE,PASS
Hint::RHT_ZR_NEAR_DOMAIN_GOSSIP_STONE_FAIRY_BIG::397,CLEAR,They say that #playing a stormy tune for an odd stone beneath a waterfall# reveals #[1]#.,Dicen que #tocar una melodía tormentosa para una piedra extraña debajo de una cascada# revela #[1]#.,YES,NONE,NONE,PASS
Hint::RHT_HF_COW_GROTTO_GOSSIP_STONE_FAIRY::398,CLEAR,They say that #playing a tune for an odd stone hiding near a cow# reveals #[1]#.,Dicen que #tocar una melodía para una piedra extraña escondida cerca de una vaca# revela #[1]#.,YES,NONE,NONE,PASS
Hint::RHT_HF_COW_GROTTO_GOSSIP_STONE_FAIRY_BIG::399,CLEAR,They say that #playing a stormy tune for an odd stone hiding near a cow# reveals #[1]#.,Dicen que #tocar una melodía tormentosa para una piedra extraña escondida cerca de una vaca# revela #[1]#.,YES,NONE,NONE,PASS
Hint::RHT_HF_NEAR_MARKET_GROTTO_GOSSIP_STONE_FAIRY::400,CLEAR,They say that #playing a tune for an odd stone beneath the entrance to the market# reveals #[1]#.,Dicen que #tocar una melodía para una piedra extraña debajo de la entrada al mercado# revela #[1]#.,YES,NONE,NONE,PASS
Hint::RHT_HF_NEAR_MARKET_GROTTO_GOSSIP_STONE_FAIRY_BIG::401,CLEAR,They say that #playing a stormy tune for an odd stone beneath the entrance to the market# reveals #[1]#.,Dicen que #tocar una melodía tormentosa para una piedra extraña debajo de la entrada al mercado# revela #[1]#.,YES,NONE,NONE,PASS
Hint::RHT_HF_SOUTHEAST_GROTTO_GOSSIP_STONE_FAIRY::402,CLEAR,They say that #playing a tune for an odd stone beneath trees guarded by a Peahat# reveals #[1]#.,Dicen que #tocar una melodía para una piedra extraña debajo de árboles custodiados por un Peahat# revela #[1]#.,YES,NONE,NONE,PASS
Hint::RHT_HF_SOUTHEAST_GROTTO_GOSSIP_STONE_FAIRY_BIG::403,CLEAR,They say that #playing a stormy tune for an odd stone beneath trees guarded by a Peahat# reveals #[1]#.,Dicen que #tocar una melodía tormentosa para una piedra extraña debajo de árboles custodiados por un Peahat# revela #[1]#.,YES,NONE,NONE,PASS
Hint::RHT_KAK_OPEN_GROTTO_GOSSIP_STONE_FAIRY::404,CLEAR,They say that #playing a tune for an odd stone beneath a village at the base of a mountain# reveals #[1]#.,Dicen que #tocar una melodía para una piedra extraña debajo de una aldea al pie de una montaña# revela #[1]#.,YES,NONE,NONE,PASS
Hint::RHT_KAK_OPEN_GROTTO_GOSSIP_STONE_FAIRY_BIG::405,CLEAR,They say that #playing a stormy tune for an odd stone beneath a village at the base of a mountain# reveals #[1]#.,Dicen que #tocar una melodía tormentosa para una piedra extraña debajo de una aldea al pie de una montaña# revela #[1]#.,YES,NONE,NONE,PASS
Hint::RHT_ZR_OPEN_GROTTO_GOSSIP_STONE_FAIRY::406,CLEAR,They say that #playing a tune for an odd stone within a plateau by a river# reveals #[1]#.,Dicen que #tocar una melodía para una piedra extraña dentro de una meseta junto a un río# revela #[1]#.,YES,NONE,NONE,PASS
Hint::RHT_ZR_OPEN_GROTTO_GOSSIP_STONE_FAIRY_BIG::407,CLEAR,They say that #playing a stormy tune for an odd stone within a plateau by a river# reveals #[1]#.,Dicen que #tocar una melodía tormentosa para una piedra extraña dentro de una meseta junto a un río# revela #[1]#.,YES,NONE,NONE,PASS
Hint::RHT_LW_NEAR_SHORTCUTS_GROTTO_GOSSIP_STONE_FAIRY::408,CLEAR,They say that #playing a tune for an odd stone beneath an escape from the forest# reveals #[1]#.,Dicen que #tocar una melodía para una piedra extraña debajo de una salida del bosque# revela #[1]#.,YES,NONE,NONE,PASS
Hint::RHT_LW_NEAR_SHORTCUTS_GROTTO_GOSSIP_STONE_FAIRY_BIG::409,CLEAR,They say that #playing a stormy tune for an odd stone beneath an escape from the forest# reveals #[1]#.,Dicen que #tocar una melodía tormentosa para una piedra extraña debajo de una salida del bosque# revela #[1]#.,YES,NONE,NONE,PASS
Hint::RHT_DMT_STORMS_GROTTO_GOSSIP_STONE_FAIRY::410,CLEAR,They say that #playing a tune for an odd stone beneath the entrance to a village within a mountain# reveals #[1]#.,Dicen que #tocar una melodía para una piedra extraña debajo de la entrada a una aldea dentro de una montaña# revela #[1]#.,YES,NONE,NONE,PASS
Hint::RHT_DMT_STORMS_GROTTO_GOSSIP_STONE_FAIRY_BIG::411,CLEAR,They say that #playing a stormy tune for an odd stone beneath the entrance to a village within a mountain# reveals #[1]#.,Dicen que #tocar una melodía tormentosa para una piedra extraña debajo de la entrada a una aldea dentro de una montaña# revela #[1]#.,YES,NONE,NONE,PASS
Hint::RHT_DMC_UPPER_GROTTO_GOSSIP_STONE_FAIRY::412,CLEAR,They say that #playing a tune for an odd stone within the side of a crater# reveals #[1]#.,Dicen que #tocar una melodía para una piedra extraña dentro del costado de un cráter# revela #[1]#.,YES,NONE,NONE,PASS
Hint::RHT_DMC_UPPER_GROTTO_GOSSIP_STONE_FAIRY_BIG::413,CLEAR,They say that #playing a stormy tune for an odd stone within the side of a crater# reveals #[1]#.,Dicen que #tocar una melodía tormentosa para una piedra extraña dentro del costado de un cráter# revela #[1]#.,YES,NONE,NONE,PASS
Hint::RHT_LH_ISLAND_SUN_FAIRY::414,CLEAR,They say that #summoning the sun on the lake's island# calls #[1]#.,Dicen que #invocar el sol en la isla del lago# llama a #[1]#.,YES,NONE,NONE,PASS
Hint::RHT_HF_POND_STORMS_FAIRY::415,CLEAR,They say that #calling rain to the field's pond# summons #[1]#.,Dicen que #llamar lluvia al estanque del campo# invoca a #[1]#.,YES,NONE,NONE,PASS
Hint::RHT_HF_FENCE_GROTTO_STORMS_FAIRY::416,CLEAR,They say that #making it rain in a scrub's cave# wakes #[1]#.,Dicen que #hacer llover en la cueva de un Deku# despierta a #[1]#.,YES,NONE,NONE,PASS
Hint::RHT_DMT_FLAG_SUN_FAIRY::417,CLEAR,They say that #changing the time in front of the trail's flag# reveals #[1]#.,Dicen que #cambiar el tiempo frente a la bandera del camino# revela #[1]#.,YES,NONE,NONE,PASS
Hint::RHT_DMT_COW_GROTTO_STORMS_FAIRY::418,CLEAR,They say that #calling a storm for a lonely cow# reveals #[1]#.,Dicen que #invocar una tormenta para una vaca solitaria# revela #[1]#.,YES,NONE,NONE,PASS
Hint::RHT_LW_SHORTCUT_STORMS_FAIRY::419,CLEAR,They say that #making it rain in the Lost Woods# reveals #[1]#.,Dicen que #hacer llover en los Bosques Perdidos# revela #[1]#.,YES,NONE,NONE,PASS
Hint::RHT_TH_KITCHEN_SUN_FAIRY::420,CLEAR,They say that #calling the sun in a guarded kitchen# exposes #[1]#.,Dicen que #invocar el sol en una cocina custodiada# expone #[1]#.,YES,NONE,NONE,PASS
Hint::RHT_LW_DEKU_SCRUB_GROTTO_SUN_FAIRY::421,CLEAR,They say that #calling the sun for scrubs in the Lost Woods# reveals #[1]#.,Dicen que #invocar el sol para los Dekus en los Bosques Perdidos# revela #[1]#.,YES,NONE,NONE,PASS
Hint::RHT_GRAVEYARD_ROYAL_FAMILYS_TOMB_SUN_FAIRY::422,CLEAR,They say that #calling the sun in a royal tomb# reveals #[1]#.,Dicen que #invocar el sol en una tumba real# revela #[1]#.,YES,NONE,NONE,PASS
Hint::RHT_KF_GRASS::423,CLEAR,They say that #cutting some grass in a forest# reveals #[1]#.,Dicen que #cortar un poco de hierba en el bosque# revela #[1]#.,YES,NONE,NONE,PASS
Hint::RHT_LW_GRASS::424,CLEAR,They say that #cutting some grass in the woods# reveals #[1]#.,Dicen que #cortar un poco de hierba en los bosques# revela #[1]#.,YES,NONE,NONE,PASS
Hint::RHT_MARKET_GRASS::425,CLEAR,They say that #cutting some grass in the market# reveals #[1]#.,Dicen que #cortar un poco de hierba en el mercado# revela #[1]#.,YES,NONE,NONE,PASS
Hint::RHT_HC_GRASS::426,CLEAR,They say that #cutting some grass near the castle# reveals #[1]#.,Dicen que #cortar un poco de hierba cerca del castillo# revela #[1]#.,YES,NONE,NONE,PASS
Hint::RHT_KAK_GRASS::427,CLEAR,They say that #cutting some grass in a village# reveals #[1]#.,Dicen que #cortar un poco de hierba en una aldea# revela #[1]#.,YES,NONE,NONE,PASS
Hint::RHT_GY_GRASS::428,CLEAR,They say that #cutting some grass in a graveyard# reveals #[1]#.,Dicen que #cortar un poco de hierba en el cementerio# revela #[1]#.,YES,NONE,NONE,PASS
Hint::RHT_LH_GRASS::429,CLEAR,They say that #cutting some grass near a lake# reveals #[1]#.,Dicen que #cortar un poco de hierba cerca de un lago# revela #[1]#.,YES,NONE,NONE,PASS
Hint::RHT_HF_GRASS::430,CLEAR,They say that #cutting some grass on a field# reveals #[1]#.,Dicen que #cortar un poco de hierba en un campo# revela #[1]#.,YES,NONE,NONE,PASS
Hint::RHT_ZR_GRASS::431,CLEAR,They say that #cutting some grass near a river# reveals #[1]#.,Dicen que #cortar un poco de hierba cerca de un río# revela #[1]#.,YES,NONE,NONE,PASS
Hint::RHT_GROTTO_GRASS::432,CLEAR,They say that #cutting some grass in a grotto# reveals #[1]#.,Dicen que #cortar un poco de hierba en una cueva# revela #[1]#.,YES,NONE,NONE,PASS
Hint::RHT_CRATE_GERUDO_VALLEY::433,CLEAR,They say that a #crate in Gerudo Valley# contains #[1]#.,Dicen que un #cajón en el Valle Gerudo# contiene #[1]#.,YES,NONE,NONE,PASS
Hint::RHT_CRATE_GERUDOS_FORTRESS::434,CLEAR,They say that a #crate in Gerudo Fortress# contains #[1]#.,Dicen que un #cajón en la Fortaleza Gerudo# contiene #[1]#.,YES,NONE,NONE,PASS
Hint::RHT_CRATE_WASTELAND::435,CLEAR,They say that a #crate in Haunted Wasteland# contains #[1]#.,Dicen que un #cajón en el Páramo Encantado# contiene #[1]#.,YES,NONE,NONE,PASS
Hint::RHT_CRATE_MARKET::436,CLEAR,They say that a #crate in the Market# contains #[1]#.,Dicen que un #cajón en el Mercado# contiene #[1]#.,YES,NONE,NONE,PASS
Hint::RHT_CRATE_KAKARIKO_VILLAGE::437,CLEAR,They say that a #crate in Kakariko Village# contains #[1]#.,Dicen que un #cajón en la Aldea Kakariko# contiene #[1]#.,YES,NONE,NONE,PASS
Hint::RHT_CRATE_GRAVEYARD::438,CLEAR,They say that a #crate in the Graveyard# contains #[1]#.,Dicen que un #cajón en el Cementerio# contiene #[1]#.,YES,NONE,NONE,PASS
Hint::RHT_CRATE_GORON_CITY::439,CLEAR,They say that a #crate in Goron City# contains #[1]#.,Dicen que un #cajón en la Ciudad Goron# contiene #[1]#.,YES,NONE,NONE,PASS
Hint::RHT_CRATE_DEATH_MOUNTAIN_CRATER::440,CLEAR,They say that a #crate in Death Mountain Crater# contains #[1]#.,Dicen que un #cajón en el Cráter del Monte de la Muerte# contiene #[1]#.,YES,NONE,NONE,PASS
Hint::RHT_CRATE_LON_LON_RANCH::441,CLEAR,They say that a #crate in Lon Lon Ranch# contains #[1]#.,Dicen que un #cajón en el Rancho Lon Lon# contiene #[1]#.,YES,NONE,NONE,PASS
Hint::RHT_CRATE_LAKESIDE_LABORATORY::442,CLEAR,They say that a #crate in the Laboratory# contains #[1]#.,Dicen que un #cajón en el Laboratorio# contiene #[1]#.,YES,NONE,NONE,PASS
Hint::RHT_TREE_HYRULE_FIELD::443,CLEAR,They say that a #tree in Hyrule Field# contains #[1]#.,Dicen que un #árbol en el Campo Hyrule# contiene #[1]#.,YES,NONE,NONE,PASS
Hint::RHT_TREE_MARKET::444,CLEAR,They say that a #tree in Hyrule Market# contains #[1]#.,Dicen que un #árbol en el Mercado Hyrule# contiene #[1]#.,YES,NONE,NONE,PASS
Hint::RHT_TREE_HYRULE_CASTLE::445,CLEAR,They say that a #tree in Hyrule Castle# contains #[1]#.,Dicen que un #árbol en el Castillo Hyrule# contiene #[1]#.,YES,NONE,NONE,PASS
Hint::RHT_TREE_ZORAS_RIVER::446,CLEAR,They say that a #tree in Zora's River# contains #[1]#.,Dicen que un #árbol en el Río Zora# contiene #[1]#.,YES,NONE,NONE,PASS
Hint::RHT_TREE_ZORAS_FOUNTAIN::447,CLEAR,They say that a #tree in Zora's Fountain# contains #[1]#.,Dicen que un #árbol en la Fuente Zora# contiene #[1]#.,YES,NONE,NONE,PASS
Hint::RHT_TREE_LON_LON_RANCH::448,CLEAR,They say that a #tree in Lon Lon Ranch# contains #[1]#.,Dicen que un #árbol en el Rancho Lon Lon# contiene #[1]#.,YES,NONE,NONE,PASS
Hint::RHT_KOKIRI_SWORD::0,CLEAR,the Kokiri Sword,la Espada Kokiri,YES,NONE,NONE,PASS
Hint::RHT_KOKIRI_SWORD::1,CLEAR,a sword,una espada,YES,NONE,NONE,PASS
Hint::RHT_KOKIRI_SWORD::2,CLEAR,a butter knife,un cuchillo de mantequilla,YES,NONE,NONE,PASS
Hint::RHT_KOKIRI_SWORD::3,CLEAR,a starter slasher,un cortador inicial,YES,NONE,NONE,PASS
Hint::RHT_KOKIRI_SWORD::4,CLEAR,a switchblade,una navaja,YES,NONE,NONE,PASS
Hint::RHT_MASTER_SWORD::5,CLEAR,the Master Sword,la Espada Maestra,YES,NONE,NONE,PASS
Hint::RHT_MASTER_SWORD::6,CLEAR,a sword,una espada,YES,NONE,NONE,PASS
Hint::RHT_MASTER_SWORD::7,CLEAR,evil's bane,la ruina del mal,YES,NONE,NONE,PASS
Hint::RHT_MASTER_SWORD::8,CLEAR,a seven year limbo,un limbo de siete años,YES,NONE,NONE,PASS
Hint::RHT_GIANTS_KNIFE::9,CLEAR,the Giant's Knife,el Cuchillo del Gigante,YES,NONE,NONE,PASS
Hint::RHT_GIANTS_KNIFE::10,CLEAR,a sword,una espada,YES,NONE,NONE,PASS
Hint::RHT_GIANTS_KNIFE::11,CLEAR,a fragile blade,una hoja frágil,YES,NONE,NONE,PASS
Hint::RHT_GIANTS_KNIFE::12,CLEAR,a breakable cleaver,un cleaver rompible,YES,NONE,NONE,PASS
Hint::RHT_BIGGORON_SWORD::13,CLEAR,the Biggoron Sword,la Espada Biggoron,YES,NONE,NONE,PASS
Hint::RHT_BIGGORON_SWORD::14,CLEAR,a sword,una espada,YES,NONE,NONE,PASS
Hint::RHT_BIGGORON_SWORD::15,CLEAR,the biggest blade,la hoja más grande,YES,NONE,NONE,PASS
Hint::RHT_BIGGORON_SWORD::16,CLEAR,a colossal cleaver,un cleaver colosal,YES,NONE,NONE,PASS
Hint::RHT_DEKU_SHIELD::17,CLEAR,a Deku Shield,un Escudo Deku,YES,NONE,NONE,PASS
Hint::RHT_DEKU_SHIELD::18,CLEAR,a shield,un escudo,YES,NONE,NONE,PASS
Hint::RHT_DEKU_SHIELD::19,CLEAR,a wooden ward,un ward de madera,YES,NONE,NONE,PASS
Hint::RHT_DEKU_SHIELD::20,CLEAR,a burnable barrier,una barrera quemable,YES,NONE,NONE,PASS
Hint::RHT_HYLIAN_SHIELD::21,CLEAR,a Hylian Shield,un Escudo Hyliano,YES,NONE,NONE,PASS
Hint::RHT_HYLIAN_SHIELD::22,CLEAR,a shield,un escudo,YES,NONE,NONE,PASS
Hint::RHT_HYLIAN_SHIELD::23,CLEAR,a steel safeguard,un safeguard de acero,YES,NONE,NONE,PASS
Hint::RHT_HYLIAN_SHIELD::24,CLEAR,Like Like's metal meal,la comida metálica del Like Like,YES,NONE,NONE,PASS
Hint::RHT_MIRROR_SHIELD::25,CLEAR,the Mirror Shield,el Escudo Espejo,YES,NONE,NONE,PASS
Hint::RHT_MIRROR_SHIELD::26,CLEAR,a shield,un escudo,YES,NONE,NONE,PASS
Hint::RHT_MIRROR_SHIELD::27,CLEAR,a reflective rampart,un rampart reflectivo,YES,NONE,NONE,PASS
Hint::RHT_MIRROR_SHIELD::28,CLEAR,Medusa's weakness,la debilidad de Medusa,YES,NONE,NONE,PASS
Hint::RHT_MIRROR_SHIELD::29,CLEAR,a silvered surface,una superficie plateada,YES,NONE,NONE,PASS
Hint::RHT_GORON_TUNIC::30,CLEAR,a Goron Tunic,una Túnica Goron,YES,NONE,NONE,PASS
Hint::RHT_GORON_TUNIC::31,CLEAR,a tunic,una túnica,YES,NONE,NONE,PASS
Hint::RHT_GORON_TUNIC::32,CLEAR,ruby robes,vestidos de rubí,YES,NONE,NONE,PASS
Hint::RHT_GORON_TUNIC::33,CLEAR,fireproof fabric,tela a prueba de fuego,YES,NONE,NONE,PASS
Hint::RHT_GORON_TUNIC::34,CLEAR,cooking clothes,ropa de cocina,YES,NONE,NONE,PASS
Hint::RHT_ZORA_TUNIC::35,CLEAR,a Zora Tunic,una Túnica Zora,YES,NONE,NONE,PASS
Hint::RHT_ZORA_TUNIC::36,CLEAR,a tunic,una túnica,YES,NONE,NONE,PASS
Hint::RHT_ZORA_TUNIC::37,CLEAR,something expensive,algo caro,YES,NONE,NONE,PASS
Hint::RHT_ZORA_TUNIC::38,CLEAR,a sapphire suit,un traje de zafiro,YES,NONE,NONE,PASS
Hint::RHT_ZORA_TUNIC::39,CLEAR,scuba gear,equipo de buceo,YES,NONE,NONE,PASS
Hint::RHT_ZORA_TUNIC::40,CLEAR,a swimsuit,un traje de baño,YES,NONE,NONE,PASS
Hint::RHT_IRON_BOOTS::41,CLEAR,the Iron Boots,las Botas de Hierro,YES,NONE,NONE,PASS
Hint::RHT_IRON_BOOTS::42,CLEAR,some boots,unas botas,YES,NONE,NONE,PASS
Hint::RHT_IRON_BOOTS::43,CLEAR,a feature of the Water Temple,una característica del Templo del Agua,YES,NONE,NONE,PASS
Hint::RHT_IRON_BOOTS::44,CLEAR,something heavy,algo pesado,YES,NONE,NONE,PASS
Hint::RHT_IRON_BOOTS::45,CLEAR,sink shoes,zapatos de hundimiento,YES,NONE,NONE,PASS
Hint::RHT_IRON_BOOTS::46,CLEAR,clank cleats,tachones metálicos,YES,NONE,NONE,PASS
Hint::RHT_HOVER_BOOTS::47,CLEAR,the Hover Boots,las Botas Voladoras,YES,NONE,NONE,PASS
Hint::RHT_HOVER_BOOTS::48,CLEAR,some boots,unas botas,YES,NONE,NONE,PASS
Hint::RHT_HOVER_BOOTS::49,CLEAR,butter boots,botas de mantequilla,YES,NONE,NONE,PASS
Hint::RHT_HOVER_BOOTS::50,CLEAR,sacred slippers,zapatillas sagradas,YES,NONE,NONE,PASS
Hint::RHT_HOVER_BOOTS::51,CLEAR,spacewalkers,caminantes del espacio,YES,NONE,NONE,PASS
Hint::RHT_ZELDAS_LETTER::52,CLEAR,Zelda's Letter,la Carta de Zelda,YES,NONE,NONE,PASS
Hint::RHT_ZELDAS_LETTER::53,CLEAR,an autograph,un autógrafo,YES,NONE,NONE,PASS
Hint::RHT_ZELDAS_LETTER::54,CLEAR,royal stationery,papel real,YES,NONE,NONE,PASS
Hint::RHT_ZELDAS_LETTER::55,CLEAR,royal snail mail,correo real,YES,NONE,NONE,PASS
Hint::RHT_WEIRD_EGG::56,CLEAR,the Weird Egg,el Huevo Raro,YES,NONE,NONE,PASS
Hint::RHT_WEIRD_EGG::57,CLEAR,an egg,un huevo,YES,NONE,NONE,PASS
Hint::RHT_WEIRD_EGG::58,CLEAR,a chicken dilemma,un dilema de pollo,YES,NONE,NONE,PASS
Hint::RHT_BOOMERANG::59,CLEAR,the Boomerang,el Bumerán,YES,NONE,NONE,PASS
Hint::RHT_BOOMERANG::60,CLEAR,something that can grab things,algo que puede agarrar cosas,YES,NONE,NONE,PASS
Hint::RHT_BOOMERANG::61,CLEAR,something that can stun,algo que puede aturdir,YES,NONE,NONE,PASS
Hint::RHT_BOOMERANG::62,CLEAR,a banana,un plátano,YES,NONE,NONE,PASS
Hint::RHT_BOOMERANG::63,CLEAR,a stun stick,un palo de aturdir,YES,NONE,NONE,PASS
Hint::RHT_BOOMERANG::64,CLEAR,a yellow angle,un ángulo amarillo,YES,NONE,NONE,PASS
Hint::RHT_LENS_OF_TRUTH::65,CLEAR,the Lens of Truth,el Lente de la Verdad,YES,NONE,NONE,PASS
Hint::RHT_LENS_OF_TRUTH::66,CLEAR,a secret-finding tool,una herramienta para encontrar secretos,YES,NONE,NONE,PASS
Hint::RHT_LENS_OF_TRUTH::67,CLEAR,a lie detector,un detector de mentiras,YES,NONE,NONE,PASS
Hint::RHT_LENS_OF_TRUTH::68,CLEAR,a ghost tracker,un rastreador de fantasmas,YES,NONE,NONE,PASS
Hint::RHT_LENS_OF_TRUTH::69,CLEAR,true sight,verdadera visión,YES,NONE,NONE,PASS
Hint::RHT_LENS_OF_TRUTH::70,CLEAR,a detective's tool,una herramienta de detective,YES,NONE,NONE,PASS
Hint::RHT_MEGATON_HAMMER::71,CLEAR,the Megaton Hammer,el Martillo Megatón,YES,NONE,NONE,PASS
Hint::RHT_MEGATON_HAMMER::72,CLEAR,something that can remove boulders,algo que puede quitar rocas,YES,NONE,NONE,PASS
Hint::RHT_MEGATON_HAMMER::73,CLEAR,the dragon smasher,el machacador de dragones,YES,NONE,NONE,PASS
Hint::RHT_MEGATON_HAMMER::74,CLEAR,the metal mallet,el mazo metálico,YES,NONE,NONE,PASS
Hint::RHT_MEGATON_HAMMER::75,CLEAR,the heavy hitter,el golpeador pesado,YES,NONE,NONE,PASS
Hint::RHT_STONE_OF_AGONY::76,CLEAR,the Stone of Agony,la Piedra de Agonía,YES,NONE,NONE,PASS
Hint::RHT_STONE_OF_AGONY::77,CLEAR,a prize of the House of Skulltulas,un premio de la Casa de Skulltulas,YES,NONE,NONE,PASS
Hint::RHT_STONE_OF_AGONY::78,CLEAR,a secret-finding tool,una herramienta para encontrar secretos,YES,NONE,NONE,PASS
Hint::RHT_STONE_OF_AGONY::79,CLEAR,the shake stone,la piedra temblorosa,YES,NONE,NONE,PASS
Hint::RHT_STONE_OF_AGONY::80,CLEAR,a gray alarm,una alarma gris,YES,NONE,NONE,PASS
Hint::RHT_DINS_FIRE::81,CLEAR,Din's Fire,el Fuego de Din,YES,NONE,NONE,PASS
Hint::RHT_DINS_FIRE::82,CLEAR,a Great Fairy's power,el poder de una Gran Hada,YES,NONE,NONE,PASS
Hint::RHT_DINS_FIRE::83,CLEAR,an inferno,un infierno,YES,NONE,NONE,PASS
Hint::RHT_DINS_FIRE::84,CLEAR,a heat wave,una ola de calor,YES,NONE,NONE,PASS
Hint::RHT_DINS_FIRE::85,CLEAR,a red ball,una bola roja,YES,NONE,NONE,PASS
Hint::RHT_FARORES_WIND::86,CLEAR,Farore's Wind,el Viento de Farore,YES,NONE,NONE,PASS
Hint::RHT_FARORES_WIND::87,CLEAR,a Great Fairy's power,el poder de una Gran Hada,YES,NONE,NONE,PASS
Hint::RHT_FARORES_WIND::88,CLEAR,teleportation,teletransportación,YES,NONE,NONE,PASS
Hint::RHT_FARORES_WIND::89,CLEAR,a relocation rune,una runa de reubicación,YES,NONE,NONE,PASS
Hint::RHT_FARORES_WIND::90,CLEAR,a green ball,una bola verde,YES,NONE,NONE,PASS
Hint::RHT_NAYRUS_LOVE::91,CLEAR,Nayru's Love,el Amor de Nayru,YES,NONE,NONE,PASS
Hint::RHT_NAYRUS_LOVE::92,CLEAR,a Great Fairy's power,el poder de una Gran Hada,YES,NONE,NONE,PASS
Hint::RHT_NAYRUS_LOVE::93,CLEAR,a safe space,un espacio seguro,YES,NONE,NONE,PASS
Hint::RHT_NAYRUS_LOVE::94,CLEAR,an impregnable aura,un aura inexpugnable,YES,NONE,NONE,PASS
Hint::RHT_NAYRUS_LOVE::95,CLEAR,a blue barrier,una barrera azul,YES,NONE,NONE,PASS
Hint::RHT_FIRE_ARROWS::96,CLEAR,the Fire Arrows,las Flechas de Fuego,YES,NONE,NONE,PASS
Hint::RHT_FIRE_ARROWS::97,CLEAR,a magic arrow,una flecha mágica,YES,NONE,NONE,PASS
Hint::RHT_FIRE_ARROWS::98,CLEAR,the furnace firearm,el arma de horno,YES,NONE,NONE,PASS
Hint::RHT_FIRE_ARROWS::99,CLEAR,the burning bolts,los pernos ardientes,YES,NONE,NONE,PASS
Hint::RHT_FIRE_ARROWS::100,CLEAR,a magma missile,un misil de magma,YES,NONE,NONE,PASS
Hint::RHT_ICE_ARROWS::101,CLEAR,the Ice Arrows,las Flechas de Hielo,YES,NONE,NONE,PASS
Hint::RHT_ICE_ARROWS::102,CLEAR,a magic arrow,una flecha mágica,YES,NONE,NONE,PASS
Hint::RHT_ICE_ARROWS::103,CLEAR,something that can stun,algo que puede aturdir,YES,NONE,NONE,PASS
Hint::RHT_ICE_ARROWS::104,CLEAR,the refrigerator rocket,el cohete refrigerador,YES,NONE,NONE,PASS
Hint::RHT_ICE_ARROWS::105,CLEAR,the frostbite bolts,los pernos de congelación,YES,NONE,NONE,PASS
Hint::RHT_ICE_ARROWS::106,CLEAR,an iceberg maker,un fabricante de icebergs,YES,NONE,NONE,PASS
Hint::RHT_LIGHT_ARROWS::107,CLEAR,the Light Arrows,las Flechas de Luz,YES,NONE,NONE,PASS
Hint::RHT_LIGHT_ARROWS::108,CLEAR,a magic arrow,una flecha mágica,YES,NONE,NONE,PASS
Hint::RHT_LIGHT_ARROWS::109,CLEAR,the shining shot,el tiro brillante,YES,NONE,NONE,PASS
Hint::RHT_LIGHT_ARROWS::110,CLEAR,the luminous launcher,el lanzador luminoso,YES,NONE,NONE,PASS
Hint::RHT_LIGHT_ARROWS::111,CLEAR,Ganondorf's bane,la ruina de Ganondorf,YES,NONE,NONE,PASS
Hint::RHT_LIGHT_ARROWS::112,CLEAR,the lighting bolts,los rayos de luz,YES,NONE,NONE,PASS
Hint::RHT_GERUDO_MEMBERSHIP_CARD::113,CLEAR,the Gerudo Membership Card,la Tarjeta de Membresía Gerudo,YES,NONE,NONE,PASS
Hint::RHT_GERUDO_MEMBERSHIP_CARD::114,CLEAR,a token of recognition,un símbolo de reconocimiento,YES,NONE,NONE,PASS
Hint::RHT_GERUDO_MEMBERSHIP_CARD::115,CLEAR,a girl club membership,una membresía de club de chicas,YES,NONE,NONE,PASS
Hint::RHT_GERUDO_MEMBERSHIP_CARD::116,CLEAR,a desert tribe's pass,un pase de la tribu del desierto,YES,NONE,NONE,PASS
Hint::RHT_MAGIC_BEAN::117,CLEAR,a Magic Bean,un Frijol Mágico,YES,NONE,NONE,PASS
Hint::RHT_MAGIC_BEAN::118,CLEAR,something sometimes buried,algo a veces enterrado,YES,NONE,NONE,PASS
Hint::RHT_MAGIC_BEAN::119,CLEAR,a wizardly legume,una legumbre mágica,YES,NONE,NONE,PASS
Hint::RHT_MAGIC_BEAN_PACK::120,CLEAR,Magic Beans,Frijoles Mágicos,YES,NONE,NONE,PASS
Hint::RHT_MAGIC_BEAN_PACK::121,CLEAR,something sometimes buried,algo a veces enterrado,YES,NONE,NONE,PASS
Hint::RHT_MAGIC_BEAN_PACK::122,CLEAR,wizardly legumes,legumbres mágicas,YES,NONE,NONE,PASS
Hint::RHT_DOUBLE_DEFENSE::123,CLEAR,Double Defense,Doble Defensa,YES,NONE,NONE,PASS
Hint::RHT_DOUBLE_DEFENSE::124,CLEAR,a Great Fairy's power,el poder de una Gran Hada,YES,NONE,NONE,PASS
Hint::RHT_DOUBLE_DEFENSE::125,CLEAR,something heart-shaped,algo con forma de corazón,YES,NONE,NONE,PASS
Hint::RHT_DOUBLE_DEFENSE::126,CLEAR,a white outline,un contorno blanco,YES,NONE,NONE,PASS
Hint::RHT_DOUBLE_DEFENSE::127,CLEAR,damage decrease,reducción de daño,YES,NONE,NONE,PASS
Hint::RHT_DOUBLE_DEFENSE::128,CLEAR,strengthened love,amor fortalecido,YES,NONE,NONE,PASS
Hint::RHT_GOLD_SKULLTULA_TOKEN::129,CLEAR,a Gold Skulltula Token,un Token de Skulltula Dorada,YES,NONE,NONE,PASS
Hint::RHT_GOLD_SKULLTULA_TOKEN::130,CLEAR,a token of recognition,un símbolo de reconocimiento,YES,NONE,NONE,PASS
Hint::RHT_GOLD_SKULLTULA_TOKEN::131,CLEAR,something sometimes buried,algo a veces enterrado,YES,NONE,NONE,PASS
Hint::RHT_GOLD_SKULLTULA_TOKEN::132,CLEAR,proof of destruction,prueba de destrucción,YES,NONE,NONE,PASS
Hint::RHT_GOLD_SKULLTULA_TOKEN::133,CLEAR,an arachnid chip,una ficha arácnida,YES,NONE,NONE,PASS
Hint::RHT_GOLD_SKULLTULA_TOKEN::134,CLEAR,spider remains,restos de araña,YES,NONE,NONE,PASS
Hint::RHT_GOLD_SKULLTULA_TOKEN::135,CLEAR,one percent of a curse,un por ciento de una maldición,YES,NONE,NONE,PASS
Hint::RHT_POCKET_EGG::136,CLEAR,the Pocket Egg,el Huevo de Bolsillo,YES,NONE,NONE,PASS
Hint::RHT_POCKET_EGG::137,CLEAR,a trade quest item,un objeto de misión de intercambio,YES,NONE,NONE,PASS
Hint::RHT_POCKET_EGG::138,CLEAR,an egg,un huevo,YES,NONE,NONE,PASS
Hint::RHT_POCKET_EGG::139,CLEAR,a Cucco container,un contenedor de Cucco,YES,NONE,NONE,PASS
Hint::RHT_POCKET_EGG::140,CLEAR,"a Cucco, eventually","un Cucco, eventualmente",YES,NONE,NONE,PASS
Hint::RHT_POCKET_EGG::141,CLEAR,a fowl youth,un joven ave,YES,NONE,NONE,PASS
Hint::RHT_POCKET_CUCCO::142,CLEAR,the Pocket Cucco,el Cucco de Bolsillo,YES,NONE,NONE,PASS
Hint::RHT_POCKET_CUCCO::143,CLEAR,a trade quest item,un objeto de misión de intercambio,YES,NONE,NONE,PASS
Hint::RHT_POCKET_CUCCO::144,CLEAR,a little clucker,un pollito,YES,NONE,NONE,PASS
Hint::RHT_COJIRO::145,CLEAR,Cojiro,Cojiro,YES,NONE,NONE,PASS
Hint::RHT_COJIRO::146,CLEAR,a trade quest item,un objeto de misión de intercambio,YES,NONE,NONE,PASS
Hint::RHT_COJIRO::147,CLEAR,a cerulean capon,un capón cerúleo,YES,NONE,NONE,PASS
Hint::RHT_ODD_MUSHROOM::148,CLEAR,an Odd Mushroom,un Hongo Extraño,YES,NONE,NONE,PASS
Hint::RHT_ODD_MUSHROOM::149,CLEAR,a trade quest item,un objeto de misión de intercambio,YES,NONE,NONE,PASS
Hint::RHT_ODD_MUSHROOM::150,CLEAR,a powder ingredient,un ingrediente de polvo,YES,NONE,NONE,PASS
Hint::RHT_ODD_POTION::151,CLEAR,an Odd Potion,una Poción Extraña,YES,NONE,NONE,PASS
Hint::RHT_ODD_POTION::152,CLEAR,something that contains medicine,algo que contiene medicina,YES,NONE,NONE,PASS
Hint::RHT_ODD_POTION::153,CLEAR,something with a strange smell,algo con un olor extraño,YES,NONE,NONE,PASS
Hint::RHT_ODD_POTION::154,CLEAR,a trade quest item,un objeto de misión de intercambio,YES,NONE,NONE,PASS
Hint::RHT_ODD_POTION::155,CLEAR,Granny's goodies,las golosinas de la abuela,YES,NONE,NONE,PASS
Hint::RHT_POACHERS_SAW::156,CLEAR,the Poacher's Saw,la Sierra del Furtivo,YES,NONE,NONE,PASS
Hint::RHT_POACHERS_SAW::157,CLEAR,a trade quest item,un objeto de misión de intercambio,YES,NONE,NONE,PASS
Hint::RHT_POACHERS_SAW::158,CLEAR,a tree killer,un asesino de árboles,YES,NONE,NONE,PASS
Hint::RHT_BROKEN_SWORD::159,CLEAR,the Broken Goron's Sword,la Espada Goron Rota,YES,NONE,NONE,PASS
Hint::RHT_BROKEN_SWORD::160,CLEAR,a trade quest item,un objeto de misión de intercambio,YES,NONE,NONE,PASS
Hint::RHT_BROKEN_SWORD::161,CLEAR,a sword,una espada,YES,NONE,NONE,PASS
Hint::RHT_BROKEN_SWORD::162,CLEAR,a shattered slicer,un cortador hecho añicos,YES,NONE,NONE,PASS
Hint::RHT_PRESCRIPTION::163,CLEAR,the Prescription,la Receta,YES,NONE,NONE,PASS
Hint::RHT_PRESCRIPTION::164,CLEAR,a trade quest item,un objeto de misión de intercambio,YES,NONE,NONE,PASS
Hint::RHT_PRESCRIPTION::165,CLEAR,a pill pamphlet,un folleto de pastillas,YES,NONE,NONE,PASS
Hint::RHT_PRESCRIPTION::166,CLEAR,a doctor's note,una nota del doctor,YES,NONE,NONE,PASS
Hint::RHT_EYEBALL_FROG::167,CLEAR,the Eyeball Frog,la Rana de Ojos,YES,NONE,NONE,PASS
Hint::RHT_EYEBALL_FROG::168,CLEAR,a trade quest item,un objeto de misión de intercambio,YES,NONE,NONE,PASS
Hint::RHT_EYEBALL_FROG::169,CLEAR,a perceiving polliwog,un renacuajo perceptivo,YES,NONE,NONE,PASS
Hint::RHT_EYEDROPS::170,CLEAR,the Eyedrops,las Gotas para los Ojos,YES,NONE,NONE,PASS
Hint::RHT_EYEDROPS::171,CLEAR,a trade quest item,un objeto de misión de intercambio,YES,NONE,NONE,PASS
Hint::RHT_EYEDROPS::172,CLEAR,a vision vial,un frasco de visión,YES,NONE,NONE,PASS
Hint::RHT_CLAIM_CHECK::173,CLEAR,the Claim Check,el Vale,YES,NONE,NONE,PASS
Hint::RHT_CLAIM_CHECK::174,CLEAR,a trade quest item,un objeto de misión de intercambio,YES,NONE,NONE,PASS
Hint::RHT_CLAIM_CHECK::175,CLEAR,a three day wait,una espera de tres días,YES,NONE,NONE,PASS
Hint::RHT_PROGRESSIVE_HOOKSHOT::176,CLEAR,a Hookshot,un Anzuelo,YES,NONE,NONE,PASS
Hint::RHT_PROGRESSIVE_HOOKSHOT::177,CLEAR,something that can grab things,algo que puede agarrar cosas,YES,NONE,NONE,PASS
Hint::RHT_PROGRESSIVE_HOOKSHOT::178,CLEAR,something that can stun,algo que puede aturdir,YES,NONE,NONE,PASS
Hint::RHT_PROGRESSIVE_HOOKSHOT::179,CLEAR,Dampé's keepsake,el recuerdo de Dampé,YES,NONE,NONE,PASS
Hint::RHT_PROGRESSIVE_HOOKSHOT::180,CLEAR,the Grapple Beam,el Rayo Agarrador,YES,NONE,NONE,PASS
Hint::RHT_PROGRESSIVE_HOOKSHOT::181,CLEAR,the BOING! chain,la cadena BOING!,YES,NONE,NONE,PASS
Hint::RHT_PROGRESSIVE_STRENGTH::182,CLEAR,a Strength Upgrade,una Mejora de Fuerza,YES,NONE,NONE,PASS
Hint::RHT_PROGRESSIVE_STRENGTH::183,CLEAR,something that can remove boulders,algo que puede quitar rocas,YES,NONE,NONE,PASS
Hint::RHT_PROGRESSIVE_STRENGTH::184,CLEAR,power gloves,guantes de poder,YES,NONE,NONE,PASS
Hint::RHT_PROGRESSIVE_STRENGTH::185,CLEAR,metal mittens,manoplas de metal,YES,NONE,NONE,PASS
Hint::RHT_PROGRESSIVE_STRENGTH::186,CLEAR,the heavy lifty,el levantador pesado,YES,NONE,NONE,PASS
Hint::RHT_PROGRESSIVE_BOMB_BAG::187,CLEAR,a Bomb Bag,una Bolsa de Bombas,YES,NONE,NONE,PASS
Hint::RHT_PROGRESSIVE_BOMB_BAG::188,CLEAR,explosives,explosivos,YES,NONE,NONE,PASS
Hint::RHT_PROGRESSIVE_BOMB_BAG::189,CLEAR,something that can remove boulders,algo que puede quitar rocas,YES,NONE,NONE,PASS
Hint::RHT_PROGRESSIVE_BOMB_BAG::190,CLEAR,an explosive container,un contenedor explosivo,YES,NONE,NONE,PASS
Hint::RHT_PROGRESSIVE_BOMB_BAG::191,CLEAR,a blast bag,una bolsa de explosiones,YES,NONE,NONE,PASS
Hint::RHT_PROGRESSIVE_BOW::192,CLEAR,a Fairy Bow,un Arco de Hada,YES,NONE,NONE,PASS
Hint::RHT_PROGRESSIVE_BOW::193,CLEAR,a projectile shooter,un lanzador de proyectiles,YES,NONE,NONE,PASS
Hint::RHT_PROGRESSIVE_BOW::194,CLEAR,an archery enabler,un habilitador de tiro con arco,YES,NONE,NONE,PASS
Hint::RHT_PROGRESSIVE_BOW::195,CLEAR,a danger dart launcher,un lanzador de dardos peligrosos,YES,NONE,NONE,PASS
Hint::RHT_PROGRESSIVE_SLINGSHOT::196,CLEAR,a Slingshot,un Cericos,YES,NONE,NONE,PASS
Hint::RHT_PROGRESSIVE_SLINGSHOT::197,CLEAR,a projectile shooter,un lanzador de proyectiles,YES,NONE,NONE,PASS
Hint::RHT_PROGRESSIVE_SLINGSHOT::198,CLEAR,a seed shooter,un lanzador de semillas,YES,NONE,NONE,PASS
Hint::RHT_PROGRESSIVE_SLINGSHOT::199,CLEAR,a rubberband,una liga,YES,NONE,NONE,PASS
Hint::RHT_PROGRESSIVE_SLINGSHOT::200,CLEAR,a child's catapult,una catapulta de niño,YES,NONE,NONE,PASS
Hint::RHT_PROGRESSIVE_WALLET::201,CLEAR,a Wallet,un Monedero,YES,NONE,NONE,PASS
Hint::RHT_PROGRESSIVE_WALLET::202,CLEAR,a prize of the House of Skulltulas,un premio de la Casa de Skulltulas,YES,NONE,NONE,PASS
Hint::RHT_PROGRESSIVE_WALLET::203,CLEAR,a mo' money holder,un holder de más dinero,YES,NONE,NONE,PASS
Hint::RHT_PROGRESSIVE_WALLET::204,CLEAR,a gem purse,un monedero de gemas,YES,NONE,NONE,PASS
Hint::RHT_PROGRESSIVE_WALLET::205,CLEAR,a portable bank,un banco portátil,YES,NONE,NONE,PASS
Hint::RHT_PROGRESSIVE_SCALE::206,CLEAR,a Zora Scale,una Escama Zora,YES,NONE,NONE,PASS
Hint::RHT_PROGRESSIVE_SCALE::207,CLEAR,a diving tool,una herramienta de buceo,YES,NONE,NONE,PASS
Hint::RHT_PROGRESSIVE_SCALE::208,CLEAR,a deeper dive,un buceo más profundo,YES,NONE,NONE,PASS
Hint::RHT_PROGRESSIVE_SCALE::209,CLEAR,a piece of Zora,un trozo de Zora,YES,NONE,NONE,PASS
Hint::RHT_PROGRESSIVE_NUT_UPGRADE::210,CLEAR,Deku Nut Capacity,Capacidad de Nueces Deku,YES,NONE,NONE,PASS
Hint::RHT_PROGRESSIVE_NUT_UPGRADE::211,CLEAR,some Deku munitions,municiones Deku,YES,NONE,NONE,PASS
Hint::RHT_PROGRESSIVE_NUT_UPGRADE::212,CLEAR,something that can stun,algo que puede aturdir,YES,NONE,NONE,PASS
Hint::RHT_PROGRESSIVE_NUT_UPGRADE::213,CLEAR,more nuts,más nueces,YES,NONE,NONE,PASS
Hint::RHT_PROGRESSIVE_NUT_UPGRADE::214,CLEAR,flashbang storage,almacenamiento de destellos,YES,NONE,NONE,PASS
Hint::RHT_PROGRESSIVE_STICK_UPGRADE::215,CLEAR,Deku Stick Capacity,Capacidad de Palos Deku,YES,NONE,NONE,PASS
Hint::RHT_PROGRESSIVE_STICK_UPGRADE::216,CLEAR,some Deku munitions,municiones Deku,YES,NONE,NONE,PASS
Hint::RHT_PROGRESSIVE_STICK_UPGRADE::217,CLEAR,lumber racks,estantes de leña,YES,NONE,NONE,PASS
Hint::RHT_PROGRESSIVE_STICK_UPGRADE::218,CLEAR,more flammable twigs,más ramas inflamables,YES,NONE,NONE,PASS
Hint::RHT_PROGRESSIVE_MAGIC_METER::219,CLEAR,a Magic Meter,un Medidor de Magia,YES,NONE,NONE,PASS
Hint::RHT_PROGRESSIVE_MAGIC_METER::220,CLEAR,a Great Fairy's power,el poder de una Gran Hada,YES,NONE,NONE,PASS
Hint::RHT_PROGRESSIVE_MAGIC_METER::221,CLEAR,mystic training,entrenamiento místico,YES,NONE,NONE,PASS
Hint::RHT_PROGRESSIVE_MAGIC_METER::222,CLEAR,pixie dust,polvo de hadas,YES,NONE,NONE,PASS
Hint::RHT_PROGRESSIVE_MAGIC_METER::223,CLEAR,a green rectangle,un rectángulo verde,YES,NONE,NONE,PASS
Hint::RHT_PROGRESSIVE_OCARINA::224,CLEAR,an Ocarina,una Ocarina,YES,NONE,NONE,PASS
Hint::RHT_PROGRESSIVE_OCARINA::225,CLEAR,something given by Saria,algo dado por Saria,YES,NONE,NONE,PASS
Hint::RHT_PROGRESSIVE_OCARINA::226,CLEAR,something kept by the royal family,algo guardado por la familia real,YES,NONE,NONE,PASS
Hint::RHT_PROGRESSIVE_OCARINA::227,CLEAR,a flute,una flauta,YES,NONE,NONE,PASS
Hint::RHT_PROGRESSIVE_OCARINA::228,CLEAR,a music maker,un creador de música,YES,NONE,NONE,PASS
Hint::RHT_PROGRESSIVE_BOMBCHUS::229,CLEAR,Bombchus,Bombchus,YES,NONE,NONE,PASS
Hint::RHT_PROGRESSIVE_BOMBCHUS::230,CLEAR,a prize of the House of Skulltulas,un premio de la Casa de Skulltulas,YES,NONE,NONE,PASS
Hint::RHT_PROGRESSIVE_BOMBCHUS::231,CLEAR,explosives,explosivos,YES,NONE,NONE,PASS
Hint::RHT_PROGRESSIVE_BOMBCHUS::232,CLEAR,mice bombs,bombas ratón,YES,NONE,NONE,PASS
Hint::RHT_PROGRESSIVE_BOMBCHUS::233,CLEAR,proximity mice,ratones de proximidad,YES,NONE,NONE,PASS
Hint::RHT_PROGRESSIVE_BOMBCHUS::234,CLEAR,wall crawlers,trepa muros,YES,NONE,NONE,PASS
Hint::RHT_PROGRESSIVE_BOMBCHUS::235,CLEAR,trail blazers,abre camino,YES,NONE,NONE,PASS
Hint::RHT_PROGRESSIVE_GORONSWORD::236,CLEAR,a Goron Sword,una Espada Goron,YES,NONE,NONE,PASS
Hint::RHT_PROGRESSIVE_GORONSWORD::237,CLEAR,a sword,una espada,YES,NONE,NONE,PASS
Hint::RHT_PROGRESSIVE_GORONSWORD::238,CLEAR,a long blade,una hoja larga,YES,NONE,NONE,PASS
Hint::RHT_PROGRESSIVE_GORONSWORD::239,CLEAR,a Goron weapon,un arma Goron,YES,NONE,NONE,PASS
Hint::RHT_EMPTY_BOTTLE::240,CLEAR,a bottle,una botella,YES,NONE,NONE,PASS
Hint::RHT_EMPTY_BOTTLE::241,CLEAR,a bottle,una botella,YES,NONE,NONE,PASS
Hint::RHT_EMPTY_BOTTLE::242,CLEAR,a glass container,un contenedor de vidrio,YES,NONE,NONE,PASS
Hint::RHT_EMPTY_BOTTLE::243,CLEAR,an empty jar,un frasco vacío,YES,NONE,NONE,PASS
Hint::RHT_EMPTY_BOTTLE::244,CLEAR,encased air,aire encapsulado,YES,NONE,NONE,PASS
Hint::RHT_BOTTLE_WITH_MILK::245,CLEAR,a Milk Bottle,una Botella de Leche,YES,NONE,NONE,PASS
Hint::RHT_BOTTLE_WITH_MILK::246,CLEAR,a bottle,una botella,YES,NONE,NONE,PASS
Hint::RHT_BOTTLE_WITH_MILK::247,CLEAR,cow juice,jugo de vaca,YES,NONE,NONE,PASS
Hint::RHT_BOTTLE_WITH_MILK::248,CLEAR,a white liquid,un líquido blanco,YES,NONE,NONE,PASS
Hint::RHT_BOTTLE_WITH_MILK::249,CLEAR,a baby's breakfast,el desayuno de un bebé,YES,NONE,NONE,PASS
Hint::RHT_BOTTLE_WITH_RED_POTION::250,CLEAR,a Red Potion Bottle,una Botella de Poción Roja,YES,NONE,NONE,PASS
Hint::RHT_BOTTLE_WITH_RED_POTION::251,CLEAR,a bottle,una botella,YES,NONE,NONE,PASS
Hint::RHT_BOTTLE_WITH_RED_POTION::252,CLEAR,a vitality vial,un frasco de vitalidad,YES,NONE,NONE,PASS
Hint::RHT_BOTTLE_WITH_RED_POTION::253,CLEAR,a red liquid,un líquido rojo,YES,NONE,NONE,PASS
Hint::RHT_BOTTLE_WITH_GREEN_POTION::254,CLEAR,a Green Potion Bottle,una Botella de Poción Verde,YES,NONE,NONE,PASS
Hint::RHT_BOTTLE_WITH_GREEN_POTION::255,CLEAR,a bottle,una botella,YES,NONE,NONE,PASS
Hint::RHT_BOTTLE_WITH_GREEN_POTION::256,CLEAR,a magic mixture,una mezcla mágica,YES,NONE,NONE,PASS
Hint::RHT_BOTTLE_WITH_GREEN_POTION::257,CLEAR,a green liquid,un líquido verde,YES,NONE,NONE,PASS
Hint::RHT_BOTTLE_WITH_BLUE_POTION::258,CLEAR,a Blue Potion Bottle,una Botella de Poción Azul,YES,NONE,NONE,PASS
Hint::RHT_BOTTLE_WITH_BLUE_POTION::259,CLEAR,a bottle,una botella,YES,NONE,NONE,PASS
Hint::RHT_BOTTLE_WITH_BLUE_POTION::260,CLEAR,an ailment antidote,un antídoto para males,YES,NONE,NONE,PASS
Hint::RHT_BOTTLE_WITH_BLUE_POTION::261,CLEAR,a blue liquid,un líquido azul,YES,NONE,NONE,PASS
Hint::RHT_BOTTLE_WITH_FAIRY::262,CLEAR,a Fairy Bottle,una Botella de Hada,YES,NONE,NONE,PASS
Hint::RHT_BOTTLE_WITH_FAIRY::263,CLEAR,a bottle,una botella,YES,NONE,NONE,PASS
Hint::RHT_BOTTLE_WITH_FAIRY::264,CLEAR,an imprisoned fairy,una hada encarcelada,YES,NONE,NONE,PASS
Hint::RHT_BOTTLE_WITH_FAIRY::265,CLEAR,an extra life,una vida extra,YES,NONE,NONE,PASS
Hint::RHT_BOTTLE_WITH_FAIRY::266,CLEAR,Navi's cousin,la prima de Navi,YES,NONE,NONE,PASS
Hint::RHT_BOTTLE_WITH_FISH::267,CLEAR,a Fish Bottle,una Botella de Pez,YES,NONE,NONE,PASS
Hint::RHT_BOTTLE_WITH_FISH::268,CLEAR,a bottle,una botella,YES,NONE,NONE,PASS
Hint::RHT_BOTTLE_WITH_FISH::269,CLEAR,an aquarium,un acuario,YES,NONE,NONE,PASS
Hint::RHT_BOTTLE_WITH_FISH::270,CLEAR,a deity's snack,un bocadillo de deidad,YES,NONE,NONE,PASS
Hint::RHT_BOTTLE_WITH_BLUE_FIRE::271,CLEAR,a Blue Fire Bottle,una Botella de Fuego Azul,YES,NONE,NONE,PASS
Hint::RHT_BOTTLE_WITH_BLUE_FIRE::272,CLEAR,a bottle,una botella,YES,NONE,NONE,PASS
Hint::RHT_BOTTLE_WITH_BLUE_FIRE::273,CLEAR,a conflagration canteen,un cantimplora de conflagración,YES,NONE,NONE,PASS
Hint::RHT_BOTTLE_WITH_BLUE_FIRE::274,CLEAR,an icemelt jar,un frasco derretidor de hielo,YES,NONE,NONE,PASS
Hint::RHT_BOTTLE_WITH_BUGS::275,CLEAR,a Bug Bottle,una Botella de Bichos,YES,NONE,NONE,PASS
Hint::RHT_BOTTLE_WITH_BUGS::276,CLEAR,a bottle,una botella,YES,NONE,NONE,PASS
Hint::RHT_BOTTLE_WITH_BUGS::277,CLEAR,an insectarium,un insectario,YES,NONE,NONE,PASS
Hint::RHT_BOTTLE_WITH_BUGS::278,CLEAR,Skulltula finders,buscadores de Skulltulas,YES,NONE,NONE,PASS
Hint::RHT_BOTTLE_WITH_POE::279,CLEAR,a Poe Bottle,una Botella de Poe,YES,NONE,NONE,PASS
Hint::RHT_BOTTLE_WITH_POE::280,CLEAR,a bottle,una botella,YES,NONE,NONE,PASS
Hint::RHT_BOTTLE_WITH_POE::281,CLEAR,a spooky ghost,un fantasma espeluznante,YES,NONE,NONE,PASS
Hint::RHT_BOTTLE_WITH_POE::282,CLEAR,a face in the jar,un rostro en el frasco,YES,NONE,NONE,PASS
Hint::RHT_BOTTLE_WITH_BIG_POE::283,CLEAR,a Big Poe Bottle,una Botella de Poe Grande,YES,NONE,NONE,PASS
Hint::RHT_BOTTLE_WITH_BIG_POE::284,CLEAR,a bottle,una botella,YES,NONE,NONE,PASS
Hint::RHT_BOTTLE_WITH_BIG_POE::285,CLEAR,the spookiest ghost,el fantasma más espeluznante,YES,NONE,NONE,PASS
Hint::RHT_BOTTLE_WITH_BIG_POE::286,CLEAR,a sidequest spirit,un espíritu de misión secundaria,YES,NONE,NONE,PASS
Hint::RHT_RUTOS_LETTER::287,CLEAR,Ruto's Letter,la Carta de Ruto,YES,NONE,NONE,PASS
Hint::RHT_RUTOS_LETTER::288,CLEAR,a bottle,una botella,YES,NONE,NONE,PASS
Hint::RHT_RUTOS_LETTER::289,CLEAR,a call for help,un llamado de auxilio,YES,NONE,NONE,PASS
Hint::RHT_RUTOS_LETTER::290,CLEAR,the note that Mweeps,la nota que llora,YES,NONE,NONE,PASS
Hint::RHT_RUTOS_LETTER::291,CLEAR,an SOS call,un llamado SOS,YES,NONE,NONE,PASS
Hint::RHT_RUTOS_LETTER::292,CLEAR,a fishy stationery,un papel de pescado,YES,NONE,NONE,PASS
Hint::RHT_ZELDAS_LULLABY::293,CLEAR,Zelda's Lullaby,la Nana de Zelda,YES,NONE,NONE,PASS
Hint::RHT_ZELDAS_LULLABY::294,CLEAR,a regular song,una canción regular,YES,NONE,NONE,PASS
Hint::RHT_ZELDAS_LULLABY::295,CLEAR,something kept by the royal family,algo guardado por la familia real,YES,NONE,NONE,PASS
Hint::RHT_ZELDAS_LULLABY::296,CLEAR,a song of royal slumber,una canción de sueño real,YES,NONE,NONE,PASS
Hint::RHT_ZELDAS_LULLABY::297,CLEAR,a triforce tune,una melodía de la Trifuerza,YES,NONE,NONE,PASS
Hint::RHT_EPONAS_SONG::298,CLEAR,Epona's Song,la Canción de Epona,YES,NONE,NONE,PASS
Hint::RHT_EPONAS_SONG::299,CLEAR,a regular song,una canción regular,YES,NONE,NONE,PASS
Hint::RHT_EPONAS_SONG::300,CLEAR,an equestrian etude,un étude ecuestre,YES,NONE,NONE,PASS
Hint::RHT_EPONAS_SONG::301,CLEAR,Malon's melody,la melodía de Malon,YES,NONE,NONE,PASS
Hint::RHT_EPONAS_SONG::302,CLEAR,a ranch song,una canción de rancho,YES,NONE,NONE,PASS
Hint::RHT_SARIAS_SONG::303,CLEAR,Saria's Song,Canción de Saria,YES,NONE,NONE,PASS
Hint::RHT_SARIAS_SONG::304,CLEAR,a regular song,una canción normal,YES,NONE,NONE,PASS
Hint::RHT_SARIAS_SONG::305,CLEAR,something given by Saria,algo dado por Saria,YES,NONE,NONE,PASS
Hint::RHT_SARIAS_SONG::306,CLEAR,a song of dancing Gorons,una canción de Gorones bailando,YES,NONE,NONE,PASS
Hint::RHT_SARIAS_SONG::307,CLEAR,Saria's phone number,el número de teléfono de Saria,YES,NONE,NONE,PASS
Hint::RHT_SUNS_SONG::308,CLEAR,the Sun's Song,la Canción del Sol,YES,NONE,NONE,PASS
Hint::RHT_SUNS_SONG::309,CLEAR,a regular song,una canción normal,YES,NONE,NONE,PASS
Hint::RHT_SUNS_SONG::310,CLEAR,something that can stun,algo que puede aturdir,YES,NONE,NONE,PASS
Hint::RHT_SUNS_SONG::311,CLEAR,Sunny Day,Día soleado,YES,NONE,NONE,PASS
Hint::RHT_SUNS_SONG::312,CLEAR,the ReDead's bane,la perdición de los ReDead,YES,NONE,NONE,PASS
Hint::RHT_SUNS_SONG::313,CLEAR,the Gibdo's bane,la perdición de los Gibdo,YES,NONE,NONE,PASS
Hint::RHT_SONG_OF_TIME::314,CLEAR,the Song of Time,la Canción del Tiempo,YES,NONE,NONE,PASS
Hint::RHT_SONG_OF_TIME::315,CLEAR,a regular song,una canción normal,YES,NONE,NONE,PASS
Hint::RHT_SONG_OF_TIME::316,CLEAR,a song 7 years long,una canción de 7 años,YES,NONE,NONE,PASS
Hint::RHT_SONG_OF_TIME::317,CLEAR,the tune of ages,la melodía de las edades,YES,NONE,NONE,PASS
Hint::RHT_SONG_OF_STORMS::318,CLEAR,the Song of Storms,la Canción de las Tormentas,YES,NONE,NONE,PASS
Hint::RHT_SONG_OF_STORMS::319,CLEAR,a regular song,una canción normal,YES,NONE,NONE,PASS
Hint::RHT_SONG_OF_STORMS::320,CLEAR,Rain Dance,Danza de la lluvia,YES,NONE,NONE,PASS
Hint::RHT_SONG_OF_STORMS::321,CLEAR,a thunderstorm tune,una melodía de tormenta,YES,NONE,NONE,PASS
Hint::RHT_SONG_OF_STORMS::322,CLEAR,windmill acceleration,aceleración de molino,YES,NONE,NONE,PASS
Hint::RHT_MINUET_OF_FOREST::323,CLEAR,the Minuet of Forest,la Minueto del Bosque,YES,NONE,NONE,PASS
Hint::RHT_MINUET_OF_FOREST::324,CLEAR,a warp song,una canción de teletransporte,YES,NONE,NONE,PASS
Hint::RHT_MINUET_OF_FOREST::325,CLEAR,the song of tall trees,la canción de los árboles altos,YES,NONE,NONE,PASS
Hint::RHT_MINUET_OF_FOREST::326,CLEAR,an arboreal anthem,un himno arbóreo,YES,NONE,NONE,PASS
Hint::RHT_MINUET_OF_FOREST::327,CLEAR,a green spark trail,un rastro de chispas verdes,YES,NONE,NONE,PASS
Hint::RHT_BOLERO_OF_FIRE::328,CLEAR,the Bolero of Fire,el Bolero del Fuego,YES,NONE,NONE,PASS
Hint::RHT_BOLERO_OF_FIRE::329,CLEAR,a warp song,una canción de teletransporte,YES,NONE,NONE,PASS
Hint::RHT_BOLERO_OF_FIRE::330,CLEAR,a song of lethal lava,una canción de lava letal,YES,NONE,NONE,PASS
Hint::RHT_BOLERO_OF_FIRE::331,CLEAR,a red spark trail,un rastro de chispas rojas,YES,NONE,NONE,PASS
Hint::RHT_BOLERO_OF_FIRE::332,CLEAR,a volcanic verse,un verso volcánico,YES,NONE,NONE,PASS
Hint::RHT_SERENADE_OF_WATER::333,CLEAR,the Serenade of Water,la Serenata del Agua,YES,NONE,NONE,PASS
Hint::RHT_SERENADE_OF_WATER::334,CLEAR,a warp song,una canción de teletransporte,YES,NONE,NONE,PASS
Hint::RHT_SERENADE_OF_WATER::335,CLEAR,a song of a damp ditch,una canción de zanja húmeda,YES,NONE,NONE,PASS
Hint::RHT_SERENADE_OF_WATER::336,CLEAR,a blue spark trail,un rastro de chispas azules,YES,NONE,NONE,PASS
Hint::RHT_SERENADE_OF_WATER::337,CLEAR,the lake's lyric,la lírica del lago,YES,NONE,NONE,PASS
Hint::RHT_REQUIEM_OF_SPIRIT::338,CLEAR,the Requiem of Spirit,el Réquiem del Espíritu,YES,NONE,NONE,PASS
Hint::RHT_REQUIEM_OF_SPIRIT::339,CLEAR,a warp song,una canción de teletransporte,YES,NONE,NONE,PASS
Hint::RHT_REQUIEM_OF_SPIRIT::340,CLEAR,a song of sandy statues,una canción de estatuas arenosas,YES,NONE,NONE,PASS
Hint::RHT_REQUIEM_OF_SPIRIT::341,CLEAR,an orange spark trail,un rastro de chispas naranjas,YES,NONE,NONE,PASS
Hint::RHT_REQUIEM_OF_SPIRIT::342,CLEAR,the desert ditty,la tonada del desierto,YES,NONE,NONE,PASS
Hint::RHT_NOCTURNE_OF_SHADOW::343,CLEAR,the Nocturne of Shadow,el Nocturno de la Sombra,YES,NONE,NONE,PASS
Hint::RHT_NOCTURNE_OF_SHADOW::344,CLEAR,a warp song,una canción de teletransporte,YES,NONE,NONE,PASS
Hint::RHT_NOCTURNE_OF_SHADOW::345,CLEAR,a song of spooky spirits,una canción de espíritus escalofriantes,YES,NONE,NONE,PASS
Hint::RHT_NOCTURNE_OF_SHADOW::346,CLEAR,a graveyard boogie,un boogie del cementerio,YES,NONE,NONE,PASS
Hint::RHT_NOCTURNE_OF_SHADOW::347,CLEAR,a haunted hymn,un himno embrujado,YES,NONE,NONE,PASS
Hint::RHT_NOCTURNE_OF_SHADOW::348,CLEAR,a purple spark trail,un rastro de chispas púrpuras,YES,NONE,NONE,PASS
Hint::RHT_PRELUDE_OF_LIGHT::349,CLEAR,the Prelude of Light,el Preludio de la Luz,YES,NONE,NONE,PASS
Hint::RHT_PRELUDE_OF_LIGHT::350,CLEAR,a warp song,una canción de teletransporte,YES,NONE,NONE,PASS
Hint::RHT_PRELUDE_OF_LIGHT::351,CLEAR,a luminous prologue melody,una melodía luminosa de prólogo,YES,NONE,NONE,PASS
Hint::RHT_PRELUDE_OF_LIGHT::352,CLEAR,a yellow spark trail,un rastro de chispas amarillas,YES,NONE,NONE,PASS
Hint::RHT_PRELUDE_OF_LIGHT::353,CLEAR,the temple traveler,el viajero del templo,YES,NONE,NONE,PASS
Hint::RHT_DEKU_TREE_MAP::354,CLEAR,the Deku Tree Map,el Mapa del Árbol Deku,YES,NONE,NONE,PASS
Hint::RHT_DEKU_TREE_MAP::355,CLEAR,a dungeon map,un mapa de calabozo,YES,NONE,NONE,PASS
Hint::RHT_DEKU_TREE_MAP::356,CLEAR,a mossy atlas,un atlas musgoso,YES,NONE,NONE,PASS
Hint::RHT_DEKU_TREE_MAP::357,CLEAR,some mossy blueprints,unos planos musgosos,YES,NONE,NONE,PASS
Hint::RHT_DODONGOS_CAVERN_MAP::358,CLEAR,the Dodongo's Cavern Map,el Mapa de la Cueva de Dodongo,YES,NONE,NONE,PASS
Hint::RHT_DODONGOS_CAVERN_MAP::359,CLEAR,a dungeon map,un mapa de calabozo,YES,NONE,NONE,PASS
Hint::RHT_DODONGOS_CAVERN_MAP::360,CLEAR,a rocky atlas,un atlas rocoso,YES,NONE,NONE,PASS
Hint::RHT_DODONGOS_CAVERN_MAP::361,CLEAR,some rocky blueprints,unos planos rocosos,YES,NONE,NONE,PASS
Hint::RHT_JABU_JABUS_BELLY_MAP::362,CLEAR,the Jabu-Jabu's Belly Map,el Mapa del Vientre de Jabu-Jabu,YES,NONE,NONE,PASS
Hint::RHT_JABU_JABUS_BELLY_MAP::363,CLEAR,a dungeon map,un mapa de calabozo,YES,NONE,NONE,PASS
Hint::RHT_JABU_JABUS_BELLY_MAP::364,CLEAR,a fishy atlas,un atlas pescoso,YES,NONE,NONE,PASS
Hint::RHT_JABU_JABUS_BELLY_MAP::365,CLEAR,some fishy blueprints,unos planos pescosos,YES,NONE,NONE,PASS
Hint::RHT_FOREST_TEMPLE_MAP::366,CLEAR,the Forest Temple Map,el Mapa del Templo del Bosque,YES,NONE,NONE,PASS
Hint::RHT_FOREST_TEMPLE_MAP::367,CLEAR,a dungeon map,un mapa de calabozo,YES,NONE,NONE,PASS
Hint::RHT_FOREST_TEMPLE_MAP::368,CLEAR,a sylvan atlas,un atlas silvestre,YES,NONE,NONE,PASS
Hint::RHT_FOREST_TEMPLE_MAP::369,CLEAR,some sylvan blueprints,unos planos silvestres,YES,NONE,NONE,PASS
Hint::RHT_FIRE_TEMPLE_MAP::370,CLEAR,the Fire Temple Map,el Mapa del Templo del Fuego,YES,NONE,NONE,PASS
Hint::RHT_FIRE_TEMPLE_MAP::371,CLEAR,a dungeon map,un mapa de calabozo,YES,NONE,NONE,PASS
Hint::RHT_FIRE_TEMPLE_MAP::372,CLEAR,a molten atlas,un atlas fundido,YES,NONE,NONE,PASS
Hint::RHT_FIRE_TEMPLE_MAP::373,CLEAR,some molten blueprints,unos planos fundidos,YES,NONE,NONE,PASS
Hint::RHT_WATER_TEMPLE_MAP::374,CLEAR,the Water Temple Map,el Mapa del Templo del Agua,YES,NONE,NONE,PASS
Hint::RHT_WATER_TEMPLE_MAP::375,CLEAR,a dungeon map,un mapa de calabozo,YES,NONE,NONE,PASS
Hint::RHT_WATER_TEMPLE_MAP::376,CLEAR,a wet atlas,un atlas mojado,YES,NONE,NONE,PASS
Hint::RHT_WATER_TEMPLE_MAP::377,CLEAR,some wet blueprints,unos planos mojados,YES,NONE,NONE,PASS
Hint::RHT_SPIRIT_TEMPLE_MAP::378,CLEAR,the Spirit Temple Map,el Mapa del Templo del Espíritu,YES,NONE,NONE,PASS
Hint::RHT_SPIRIT_TEMPLE_MAP::379,CLEAR,a dungeon map,un mapa de calabozo,YES,NONE,NONE,PASS
Hint::RHT_SPIRIT_TEMPLE_MAP::380,CLEAR,a sandy atlas,un atlas arenoso,YES,NONE,NONE,PASS
Hint::RHT_SPIRIT_TEMPLE_MAP::381,CLEAR,some sandy blueprints,unos planos arenosos,YES,NONE,NONE,PASS
Hint::RHT_SHADOW_TEMPLE_MAP::382,CLEAR,the Shadow Temple Map,el Mapa del Templo de la Sombra,YES,NONE,NONE,PASS
Hint::RHT_SHADOW_TEMPLE_MAP::383,CLEAR,a dungeon map,un mapa de calabozo,YES,NONE,NONE,PASS
Hint::RHT_SHADOW_TEMPLE_MAP::384,CLEAR,a creepy atlas,un atlas escalofriante,YES,NONE,NONE,PASS
Hint::RHT_SHADOW_TEMPLE_MAP::385,CLEAR,some creepy blueprints,unos planos escalofriantes,YES,NONE,NONE,PASS
Hint::RHT_BOTTOM_OF_THE_WELL_MAP::386,CLEAR,the Bottom of the Well Map,el Mapa del Fondo del Pozo,YES,NONE,NONE,PASS
Hint::RHT_BOTTOM_OF_THE_WELL_MAP::387,CLEAR,a dungeon map,un mapa de calabozo,YES,NONE,NONE,PASS
Hint::RHT_BOTTOM_OF_THE_WELL_MAP::388,CLEAR,a moldy atlas,un atlas mohoso,YES,NONE,NONE,PASS
Hint::RHT_BOTTOM_OF_THE_WELL_MAP::389,CLEAR,some moldy blueprints,unos planos mohosos,YES,NONE,NONE,PASS
Hint::RHT_ICE_CAVERN_MAP::390,CLEAR,the Ice Cavern Map,el Mapa de la Cueva de Hielo,YES,NONE,NONE,PASS
Hint::RHT_ICE_CAVERN_MAP::391,CLEAR,a dungeon map,un mapa de calabozo,YES,NONE,NONE,PASS
Hint::RHT_ICE_CAVERN_MAP::392,CLEAR,a polar atlas,un atlas polar,YES,NONE,NONE,PASS
Hint::RHT_ICE_CAVERN_MAP::393,CLEAR,some polar blueprints,unos planos polares,YES,NONE,NONE,PASS
Hint::RHT_DEKU_TREE_COMPASS::394,CLEAR,the Deku Tree Compass,la Brújula del Árbol Deku,YES,NONE,NONE,PASS
Hint::RHT_DEKU_TREE_COMPASS::395,CLEAR,a compass,una brújula,YES,NONE,NONE,PASS
Hint::RHT_DEKU_TREE_COMPASS::396,CLEAR,a mossy treasure tracker,un rastreador de tesoros musgoso,YES,NONE,NONE,PASS
Hint::RHT_DEKU_TREE_COMPASS::397,CLEAR,a mossy magnetic needle,una aguja magnética musgosa,YES,NONE,NONE,PASS
Hint::RHT_DODONGOS_CAVERN_COMPASS::398,CLEAR,the Dodongo's Cavern Compass,la Brújula de la Cueva de Dodongo,YES,NONE,NONE,PASS
Hint::RHT_DODONGOS_CAVERN_COMPASS::399,CLEAR,a compass,una brújula,YES,NONE,NONE,PASS
Hint::RHT_DODONGOS_CAVERN_COMPASS::400,CLEAR,a rocky treasure tracker,un rastreador de tesoros rocoso,YES,NONE,NONE,PASS
Hint::RHT_DODONGOS_CAVERN_COMPASS::401,CLEAR,a rocky magnetic needle,una aguja magnética rocosa,YES,NONE,NONE,PASS
Hint::RHT_JABU_JABUS_BELLY_COMPASS::402,CLEAR,the Jabu-Jabu's Belly Compass,la Brújula del Vientre de Jabu-Jabu,YES,NONE,NONE,PASS
Hint::RHT_JABU_JABUS_BELLY_COMPASS::403,CLEAR,a compass,una brújula,YES,NONE,NONE,PASS
Hint::RHT_JABU_JABUS_BELLY_COMPASS::404,CLEAR,a fishy treasure tracker,un rastreador de tesoros pescoso,YES,NONE,NONE,PASS
Hint::RHT_JABU_JABUS_BELLY_COMPASS::405,CLEAR,a fishy magnetic needle,una aguja magnética pescosa,YES,NONE,NONE,PASS
Hint::RHT_FOREST_TEMPLE_COMPASS::406,CLEAR,the Forest Temple Compass,la Brújula del Templo del Bosque,YES,NONE,NONE,PASS
Hint::RHT_FOREST_TEMPLE_COMPASS::407,CLEAR,a compass,una brújula,YES,NONE,NONE,PASS
Hint::RHT_FOREST_TEMPLE_COMPASS::408,CLEAR,a sylvan treasure tracker,un rastreador de tesoros silvestre,YES,NONE,NONE,PASS
Hint::RHT_FOREST_TEMPLE_COMPASS::409,CLEAR,a sylvan magnetic needle,una aguja magnética silvestre,YES,NONE,NONE,PASS
Hint::RHT_FIRE_TEMPLE_COMPASS::410,CLEAR,the Fire Temple Compass,la Brújula del Templo del Fuego,YES,NONE,NONE,PASS
Hint::RHT_FIRE_TEMPLE_COMPASS::411,CLEAR,a compass,una brújula,YES,NONE,NONE,PASS
Hint::RHT_FIRE_TEMPLE_COMPASS::412,CLEAR,a molten treasure tracker,un rastreador de tesoros fundido,YES,NONE,NONE,PASS
Hint::RHT_FIRE_TEMPLE_COMPASS::413,CLEAR,a molten magnetic needle,una aguja magnética fundida,YES,NONE,NONE,PASS
Hint::RHT_WATER_TEMPLE_COMPASS::414,CLEAR,the Water Temple Compass,la Brújula del Templo del Agua,YES,NONE,NONE,PASS
Hint::RHT_WATER_TEMPLE_COMPASS::415,CLEAR,a compass,una brújula,YES,NONE,NONE,PASS
Hint::RHT_WATER_TEMPLE_COMPASS::416,CLEAR,a wet treasure tracker,un rastreador de tesoros mojado,YES,NONE,NONE,PASS
Hint::RHT_WATER_TEMPLE_COMPASS::417,CLEAR,a wet magnetic needle,una aguja magnética mojada,YES,NONE,NONE,PASS
Hint::RHT_SPIRIT_TEMPLE_COMPASS::418,CLEAR,the Spirit Temple Compass,la Brújula del Templo del Espíritu,YES,NONE,NONE,PASS
Hint::RHT_SPIRIT_TEMPLE_COMPASS::419,CLEAR,a compass,una brújula,YES,NONE,NONE,PASS
Hint::RHT_SPIRIT_TEMPLE_COMPASS::420,CLEAR,a sandy treasure tracker,un rastreador de tesoros arenoso,YES,NONE,NONE,PASS
Hint::RHT_SPIRIT_TEMPLE_COMPASS::421,CLEAR,a sandy magnetic needle,una aguja magnética arenosa,YES,NONE,NONE,PASS
Hint::RHT_SHADOW_TEMPLE_COMPASS::422,CLEAR,the Shadow Temple Compass,la Brújula del Templo de la Sombra,YES,NONE,NONE,PASS
Hint::RHT_SHADOW_TEMPLE_COMPASS::423,CLEAR,a compass,una brújula,YES,NONE,NONE,PASS
Hint::RHT_SHADOW_TEMPLE_COMPASS::424,CLEAR,a creepy treasure tracker,un rastreador de tesoros escalofriante,YES,NONE,NONE,PASS
Hint::RHT_SHADOW_TEMPLE_COMPASS::425,CLEAR,a creepy magnetic needle,una aguja magnética escalofriante,YES,NONE,NONE,PASS
Hint::RHT_BOTTOM_OF_THE_WELL_COMPASS::426,CLEAR,the Bottom of the Well Compass,la Brújula del Fondo del Pozo,YES,NONE,NONE,PASS
Hint::RHT_BOTTOM_OF_THE_WELL_COMPASS::427,CLEAR,a compass,una brújula,YES,NONE,NONE,PASS
Hint::RHT_BOTTOM_OF_THE_WELL_COMPASS::428,CLEAR,a dank treasure tracker,un rastreador de tesoros húmedo,YES,NONE,NONE,PASS
Hint::RHT_BOTTOM_OF_THE_WELL_COMPASS::429,CLEAR,a dank magnetic needle,una aguja magnética húmeda,YES,NONE,NONE,PASS
Hint::RHT_ICE_CAVERN_COMPASS::430,CLEAR,the Ice Cavern Compass,la Brújula de la Cueva de Hielo,YES,NONE,NONE,PASS
Hint::RHT_ICE_CAVERN_COMPASS::431,CLEAR,a compass,una brújula,YES,NONE,NONE,PASS
Hint::RHT_ICE_CAVERN_COMPASS::432,CLEAR,a polar treasure tracker,un rastreador de tesoros polar,YES,NONE,NONE,PASS
Hint::RHT_ICE_CAVERN_COMPASS::433,CLEAR,a polar magnetic needle,una aguja magnética polar,YES,NONE,NONE,PASS
Hint::RHT_FOREST_TEMPLE_BOSS_KEY::434,CLEAR,the Forest Temple Boss Key,la Llave Jefe del Templo del Bosque,YES,NONE,NONE,PASS
Hint::RHT_FOREST_TEMPLE_BOSS_KEY::435,CLEAR,a boss key,una llave jefe,YES,NONE,NONE,PASS
Hint::RHT_FOREST_TEMPLE_BOSS_KEY::436,CLEAR,a sylvan master of unlocking,un maestro silvestre del desbloqueo,YES,NONE,NONE,PASS
Hint::RHT_FOREST_TEMPLE_BOSS_KEY::437,CLEAR,a sylvan dungeon's master pass,un pase maestro de calabozo silvestre,YES,NONE,NONE,PASS
Hint::RHT_FIRE_TEMPLE_BOSS_KEY::438,CLEAR,the Fire Temple Boss Key,la Llave Jefe del Templo del Fuego,YES,NONE,NONE,PASS
Hint::RHT_FIRE_TEMPLE_BOSS_KEY::439,CLEAR,a boss key,una llave jefe,YES,NONE,NONE,PASS
Hint::RHT_FIRE_TEMPLE_BOSS_KEY::440,CLEAR,a molten master of unlocking,un maestro fundido del desbloqueo,YES,NONE,NONE,PASS
Hint::RHT_FIRE_TEMPLE_BOSS_KEY::441,CLEAR,a molten dungeon's master pass,un pase maestro de calabozo fundido,YES,NONE,NONE,PASS
Hint::RHT_WATER_TEMPLE_BOSS_KEY::442,CLEAR,the Water Temple Boss Key,la Llave Jefe del Templo del Agua,YES,NONE,NONE,PASS
Hint::RHT_WATER_TEMPLE_BOSS_KEY::443,CLEAR,a boss key,una llave jefe,YES,NONE,NONE,PASS
Hint::RHT_WATER_TEMPLE_BOSS_KEY::444,CLEAR,a wet master of unlocking,un maestro mojado del desbloqueo,YES,NONE,NONE,PASS
Hint::RHT_WATER_TEMPLE_BOSS_KEY::445,CLEAR,a wet dungeon's master pass,un pase maestro de calabozo mojado,YES,NONE,NONE,PASS
Hint::RHT_SPIRIT_TEMPLE_BOSS_KEY::446,CLEAR,the Spirit Temple Boss Key,la Llave Jefe del Templo del Espíritu,YES,NONE,NONE,PASS
Hint::RHT_SPIRIT_TEMPLE_BOSS_KEY::447,CLEAR,a boss key,una llave jefe,YES,NONE,NONE,PASS
Hint::RHT_SPIRIT_TEMPLE_BOSS_KEY::448,CLEAR,a sandy master of unlocking,un maestro arenoso del desbloqueo,YES,NONE,NONE,PASS
Hint::RHT_SPIRIT_TEMPLE_BOSS_KEY::449,CLEAR,a sandy dungeon's master pass,un pase maestro de calabozo arenoso,YES,NONE,NONE,PASS
Hint::RHT_SHADOW_TEMPLE_BOSS_KEY::450,CLEAR,the Shadow Temple Boss Key,la Llave Jefe del Templo de la Sombra,YES,NONE,NONE,PASS
Hint::RHT_SHADOW_TEMPLE_BOSS_KEY::451,CLEAR,a boss key,una llave jefe,YES,NONE,NONE,PASS
Hint::RHT_SHADOW_TEMPLE_BOSS_KEY::452,CLEAR,a creepy master of unlocking,un maestro escalofriante del desbloqueo,YES,NONE,NONE,PASS
Hint::RHT_SHADOW_TEMPLE_BOSS_KEY::453,CLEAR,a creepy dungeon's master pass,un pase maestro de calabozo escalofriante,YES,NONE,NONE,PASS
Hint::RHT_GANONS_CASTLE_BOSS_KEY::454,CLEAR,the Ganon's Castle Boss Key,la Llave Jefe del Castillo de Ganon,YES,NONE,NONE,PASS
Hint::RHT_GANONS_CASTLE_BOSS_KEY::455,CLEAR,a boss key,una llave jefe,YES,NONE,NONE,PASS
Hint::RHT_GANONS_CASTLE_BOSS_KEY::456,CLEAR,a final master of unlocking,un maestro final del desbloqueo,YES,NONE,NONE,PASS
Hint::RHT_GANONS_CASTLE_BOSS_KEY::457,CLEAR,a final dungeon's master pass,un pase maestro de calabozo final,YES,NONE,NONE,PASS
Hint::RHT_FOREST_TEMPLE_SMALL_KEY::458,CLEAR,a Forest Temple Small Key,una Llave Pequeña del Templo del Bosque,YES,NONE,NONE,PASS
Hint::RHT_FOREST_TEMPLE_SMALL_KEY::459,CLEAR,a small key,una llave pequeña,YES,NONE,NONE,PASS
Hint::RHT_FOREST_TEMPLE_SMALL_KEY::460,CLEAR,a sylvan tool for unlocking,una herramienta silvestre para desbloquear,YES,NONE,NONE,PASS
Hint::RHT_FOREST_TEMPLE_SMALL_KEY::461,CLEAR,a sylvan dungeon pass,un pase de calabozo silvestre,YES,NONE,NONE,PASS
Hint::RHT_FOREST_TEMPLE_SMALL_KEY::462,CLEAR,a sylvan lock remover,un quitacerraduras silvestre,YES,NONE,NONE,PASS
Hint::RHT_FOREST_TEMPLE_SMALL_KEY::463,CLEAR,a sylvan lockpick,un ganzúa silvestre,YES,NONE,NONE,PASS
Hint::RHT_FIRE_TEMPLE_SMALL_KEY::464,CLEAR,a Fire Temple Small Key,una Llave Pequeña del Templo del Fuego,YES,NONE,NONE,PASS
Hint::RHT_FIRE_TEMPLE_SMALL_KEY::465,CLEAR,a small key,una llave pequeña,YES,NONE,NONE,PASS
Hint::RHT_FIRE_TEMPLE_SMALL_KEY::466,CLEAR,a molten tool for unlocking,una herramienta fundida para desbloquear,YES,NONE,NONE,PASS
Hint::RHT_FIRE_TEMPLE_SMALL_KEY::467,CLEAR,a molten dungeon pass,un pase de calabozo fundido,YES,NONE,NONE,PASS
Hint::RHT_FIRE_TEMPLE_SMALL_KEY::468,CLEAR,a molten lock remover,un quitacerraduras fundido,YES,NONE,NONE,PASS
Hint::RHT_FIRE_TEMPLE_SMALL_KEY::469,CLEAR,a molten lockpick,un ganzúa fundido,YES,NONE,NONE,PASS
Hint::RHT_WATER_TEMPLE_SMALL_KEY::470,CLEAR,a Water Temple Small Key,una Llave Pequeña del Templo del Agua,YES,NONE,NONE,PASS
Hint::RHT_WATER_TEMPLE_SMALL_KEY::471,CLEAR,a small key,una llave pequeña,YES,NONE,NONE,PASS
Hint::RHT_WATER_TEMPLE_SMALL_KEY::472,CLEAR,a wet tool for unlocking,una herramienta mojada para desbloquear,YES,NONE,NONE,PASS
Hint::RHT_WATER_TEMPLE_SMALL_KEY::473,CLEAR,a wet dungeon pass,un pase de calabozo mojado,YES,NONE,NONE,PASS
Hint::RHT_WATER_TEMPLE_SMALL_KEY::474,CLEAR,a wet lock remover,un quitacerraduras mojado,YES,NONE,NONE,PASS
Hint::RHT_WATER_TEMPLE_SMALL_KEY::475,CLEAR,a wet lockpick,un ganzúa mojado,YES,NONE,NONE,PASS
Hint::RHT_SPIRIT_TEMPLE_SMALL_KEY::476,CLEAR,a Spirit Temple Small Key,una Llave Pequeña del Templo del Espíritu,YES,NONE,NONE,PASS
Hint::RHT_SPIRIT_TEMPLE_SMALL_KEY::477,CLEAR,a small key,una llave pequeña,YES,NONE,NONE,PASS
Hint::RHT_SPIRIT_TEMPLE_SMALL_KEY::478,CLEAR,a sandy tool for unlocking,una herramienta arenosa para desbloquear,YES,NONE,NONE,PASS
Hint::RHT_SPIRIT_TEMPLE_SMALL_KEY::479,CLEAR,a sandy dungeon pass,un pase de calabozo arenoso,YES,NONE,NONE,PASS
Hint::RHT_SPIRIT_TEMPLE_SMALL_KEY::480,CLEAR,a sandy lock remover,un quitacerraduras arenoso,YES,NONE,NONE,PASS
Hint::RHT_SPIRIT_TEMPLE_SMALL_KEY::481,CLEAR,a sandy lockpick,un ganzúa arenoso,YES,NONE,NONE,PASS
Hint::RHT_SHADOW_TEMPLE_SMALL_KEY::482,CLEAR,a Shadow Temple Small Key,una Llave Pequeña del Templo de la Sombra,YES,NONE,NONE,PASS
Hint::RHT_SHADOW_TEMPLE_SMALL_KEY::483,CLEAR,a small key,una llave pequeña,YES,NONE,NONE,PASS
Hint::RHT_SHADOW_TEMPLE_SMALL_KEY::484,CLEAR,a creepy tool for unlocking,una herramienta escalofriante para desbloquear,YES,NONE,NONE,PASS
Hint::RHT_SHADOW_TEMPLE_SMALL_KEY::485,CLEAR,a creepy dungeon pass,un pase de calabozo escalofriante,YES,NONE,NONE,PASS
Hint::RHT_SHADOW_TEMPLE_SMALL_KEY::486,CLEAR,a creepy lock remover,un quitacerraduras escalofriante,YES,NONE,NONE,PASS
Hint::RHT_SHADOW_TEMPLE_SMALL_KEY::487,CLEAR,a creepy lockpick,un ganzúa escalofriante,YES,NONE,NONE,PASS
Hint::RHT_GERUDO_TRAINING_GROUND_SMALL_KEY::488,CLEAR,a Gerudo Training Ground Small Key,una Llave Pequeña del Campo de Entrenamiento Gerudo,YES,NONE,NONE,PASS
Hint::RHT_GERUDO_TRAINING_GROUND_SMALL_KEY::489,CLEAR,a small key,una llave pequeña,YES,NONE,NONE,PASS
Hint::RHT_GERUDO_TRAINING_GROUND_SMALL_KEY::490,CLEAR,a labyrinthian tool for unlocking,una herramienta laberíntica para desbloquear,YES,NONE,NONE,PASS
Hint::RHT_GERUDO_TRAINING_GROUND_SMALL_KEY::491,CLEAR,a labyrinthian dungeon pass,un pase de calabozo laberíntico,YES,NONE,NONE,PASS
Hint::RHT_GERUDO_TRAINING_GROUND_SMALL_KEY::492,CLEAR,a labyrinthian lock remover,un quitacerraduras laberíntico,YES,NONE,NONE,PASS
Hint::RHT_GERUDO_TRAINING_GROUND_SMALL_KEY::493,CLEAR,a labyrinthian lockpick,un ganzúa laberíntico,YES,NONE,NONE,PASS
Hint::RHT_GERUDO_FORTRESS_SMALL_KEY::494,CLEAR,a Gerudo Fortress Small Key,una Llave Pequeña de la Fortaleza Gerudo,YES,NONE,NONE,PASS
Hint::RHT_GERUDO_FORTRESS_SMALL_KEY::495,CLEAR,a small key,una llave pequeña,YES,NONE,NONE,PASS
Hint::RHT_GERUDO_FORTRESS_SMALL_KEY::496,CLEAR,an imprisoned tool for unlocking,una herramienta encarcelada para desbloquear,YES,NONE,NONE,PASS
Hint::RHT_GERUDO_FORTRESS_SMALL_KEY::497,CLEAR,an imprisoned dungeon pass,un pase de calabozo encarcelado,YES,NONE,NONE,PASS
Hint::RHT_GERUDO_FORTRESS_SMALL_KEY::498,CLEAR,an imprisoned lock remover,un quitacerraduras encarcelado,YES,NONE,NONE,PASS
Hint::RHT_GERUDO_FORTRESS_SMALL_KEY::499,CLEAR,an imprisoned lockpick,un ganzúa encarcelado,YES,NONE,NONE,PASS
Hint::RHT_BOTTOM_OF_THE_WELL_SMALL_KEY::500,CLEAR,a Bottom of the Well Small Key,una Llave Pequeña del Fondo del Pozo,YES,NONE,NONE,PASS
Hint::RHT_BOTTOM_OF_THE_WELL_SMALL_KEY::501,CLEAR,a small key,una llave pequeña,YES,NONE,NONE,PASS
Hint::RHT_BOTTOM_OF_THE_WELL_SMALL_KEY::502,CLEAR,a moldy tool for unlocking,una herramienta mohosa para desbloquear,YES,NONE,NONE,PASS
Hint::RHT_BOTTOM_OF_THE_WELL_SMALL_KEY::503,CLEAR,a moldy dungeon pass,un pase de calabozo mohoso,YES,NONE,NONE,PASS
Hint::RHT_BOTTOM_OF_THE_WELL_SMALL_KEY::504,CLEAR,a moldy lock remover,un quitacerraduras mohoso,YES,NONE,NONE,PASS
Hint::RHT_BOTTOM_OF_THE_WELL_SMALL_KEY::505,CLEAR,a moldy lockpick,un ganzúa mohoso,YES,NONE,NONE,PASS
Hint::RHT_GANONS_CASTLE_SMALL_KEY::506,CLEAR,a Ganon's Castle Small Key,una Llave Pequeña del Castillo de Ganon,YES,NONE,NONE,PASS
Hint::RHT_GANONS_CASTLE_SMALL_KEY::507,CLEAR,a small key,una llave pequeña,YES,NONE,NONE,PASS
Hint::RHT_GANONS_CASTLE_SMALL_KEY::508,CLEAR,a final tool for unlocking,una herramienta final para desbloquear,YES,NONE,NONE,PASS
Hint::RHT_GANONS_CASTLE_SMALL_KEY::509,CLEAR,a final dungeon pass,un pase de calabozo final,YES,NONE,NONE,PASS
Hint::RHT_GANONS_CASTLE_SMALL_KEY::510,CLEAR,a final lock remover,un quitacerraduras final,YES,NONE,NONE,PASS
Hint::RHT_GANONS_CASTLE_SMALL_KEY::511,CLEAR,a final lockpick,un ganzúa final,YES,NONE,NONE,PASS
Hint::RHT_OVERWORLD_KEY::512,CLEAR,an Overworld Key,una Llave del Supermundo,YES,NONE,NONE,PASS
Hint::RHT_OVERWORLD_KEY::513,CLEAR,a small key,una llave pequeña,YES,NONE,NONE,PASS
Hint::RHT_OVERWORLD_KEY::514,CLEAR,a key to the world,una llave al mundo,YES,NONE,NONE,PASS
Hint::RHT_OVERWORLD_KEY::515,CLEAR,a key to the kingdom,una llave al reino,YES,NONE,NONE,PASS
Hint::RHT_OVERWORLD_KEY::516,CLEAR,a key to the universe,una llave al universo,YES,NONE,NONE,PASS
Hint::RHT_FOREST_TEMPLE_KEY_RING::517,CLEAR,a Forest Temple Key Ring,un Aro de Llaves del Templo del Bosque,YES,NONE,NONE,PASS
Hint::RHT_FOREST_TEMPLE_KEY_RING::518,CLEAR,a key ring,un aro de llaves,YES,NONE,NONE,PASS
Hint::RHT_FOREST_TEMPLE_KEY_RING::519,CLEAR,a sylvan toolbox for unlocking,una caja de herramientas silvestre para desbloquear,YES,NONE,NONE,PASS
Hint::RHT_FOREST_TEMPLE_KEY_RING::520,CLEAR,a sylvan dungeon season pass,un pase de temporada de calabozo silvestre,YES,NONE,NONE,PASS
Hint::RHT_FOREST_TEMPLE_KEY_RING::521,CLEAR,a sylvan jingling ring,un anillo tintineante silvestre,YES,NONE,NONE,PASS
Hint::RHT_FOREST_TEMPLE_KEY_RING::522,CLEAR,a sylvan skeleton key,una llave maestra silvestre,YES,NONE,NONE,PASS
Hint::RHT_FIRE_TEMPLE_KEY_RING::523,CLEAR,a Fire Temple Key Ring,un Aro de Llaves del Templo del Fuego,YES,NONE,NONE,PASS
Hint::RHT_FIRE_TEMPLE_KEY_RING::524,CLEAR,a key ring,un aro de llaves,YES,NONE,NONE,PASS
Hint::RHT_FIRE_TEMPLE_KEY_RING::525,CLEAR,a molten toolbox for unlocking,una caja de herramientas fundida para desbloquear,YES,NONE,NONE,PASS
Hint::RHT_FIRE_TEMPLE_KEY_RING::526,CLEAR,a molten dungeon season pass,un pase de temporada de calabozo fundido,YES,NONE,NONE,PASS
Hint::RHT_FIRE_TEMPLE_KEY_RING::527,CLEAR,a molten jingling ring,un anillo tintineante fundido,YES,NONE,NONE,PASS
Hint::RHT_FIRE_TEMPLE_KEY_RING::528,CLEAR,a molten skeleton key,una llave maestra fundida,YES,NONE,NONE,PASS
Hint::RHT_WATER_TEMPLE_KEY_RING::529,CLEAR,a Water Temple Key Ring,un Aro de Llaves del Templo del Agua,YES,NONE,NONE,PASS
Hint::RHT_WATER_TEMPLE_KEY_RING::530,CLEAR,a key ring,un aro de llaves,YES,NONE,NONE,PASS
Hint::RHT_WATER_TEMPLE_KEY_RING::531,CLEAR,a wet toolbox for unlocking,una caja de herramientas mojada para desbloquear,YES,NONE,NONE,PASS
Hint::RHT_WATER_TEMPLE_KEY_RING::532,CLEAR,a wet dungeon season pass,un pase de temporada de calabozo mojado,YES,NONE,NONE,PASS
Hint::RHT_WATER_TEMPLE_KEY_RING::533,CLEAR,a wet jingling ring,un anillo tintineante mojado,YES,NONE,NONE,PASS
Hint::RHT_WATER_TEMPLE_KEY_RING::534,CLEAR,a wet skeleton key,una llave maestra mojada,YES,NONE,NONE,PASS
Hint::RHT_SPIRIT_TEMPLE_KEY_RING::535,CLEAR,a Spirit Temple Key Ring,un Aro de Llaves del Templo del Espíritu,YES,NONE,NONE,PASS
Hint::RHT_SPIRIT_TEMPLE_KEY_RING::536,CLEAR,a key ring,un aro de llaves,YES,NONE,NONE,PASS
Hint::RHT_SPIRIT_TEMPLE_KEY_RING::537,CLEAR,a sandy toolbox for unlocking,una caja de herramientas arenosa para desbloquear,YES,NONE,NONE,PASS
Hint::RHT_SPIRIT_TEMPLE_KEY_RING::538,CLEAR,a sandy dungeon season pass,un pase de temporada de calabozo arenoso,YES,NONE,NONE,PASS
Hint::RHT_SPIRIT_TEMPLE_KEY_RING::539,CLEAR,a sandy jingling ring,un anillo tintineante arenoso,YES,NONE,NONE,PASS
Hint::RHT_SPIRIT_TEMPLE_KEY_RING::540,CLEAR,a sandy skeleton key,una llave maestra arenosa,YES,NONE,NONE,PASS
Hint::RHT_SHADOW_TEMPLE_KEY_RING::541,CLEAR,a Shadow Temple Key Ring,un Aro de Llaves del Templo de la Sombra,YES,NONE,NONE,PASS
Hint::RHT_SHADOW_TEMPLE_KEY_RING::542,CLEAR,a key ring,un aro de llaves,YES,NONE,NONE,PASS
Hint::RHT_SHADOW_TEMPLE_KEY_RING::543,CLEAR,a creepy toolbox for unlocking,una caja de herramientas escalofriante para desbloquear,YES,NONE,NONE,PASS
Hint::RHT_SHADOW_TEMPLE_KEY_RING::544,CLEAR,a creepy dungeon season pass,un pase de temporada de calabozo escalofriante,YES,NONE,NONE,PASS
Hint::RHT_SHADOW_TEMPLE_KEY_RING::545,CLEAR,a creepy jingling ring,un anillo tintineante escalofriante,YES,NONE,NONE,PASS
Hint::RHT_SHADOW_TEMPLE_KEY_RING::546,CLEAR,a creepy skeleton key,una llave maestra escalofriante,YES,NONE,NONE,PASS
Hint::RHT_GERUDO_TRAINING_GROUND_KEY_RING::547,CLEAR,a Gerudo Training Ground Key Ring,un Aro de Llaves del Campo de Entrenamiento Gerudo,YES,NONE,NONE,PASS
Hint::RHT_GERUDO_TRAINING_GROUND_KEY_RING::548,CLEAR,a key ring,un aro de llaves,YES,NONE,NONE,PASS
Hint::RHT_GERUDO_TRAINING_GROUND_KEY_RING::549,CLEAR,a labyrinthian toolbox for unlocking,una caja de herramientas laberíntica para desbloquear,YES,NONE,NONE,PASS
Hint::RHT_GERUDO_TRAINING_GROUND_KEY_RING::550,CLEAR,a labyrinthian dungeon season pass,un pase de temporada de calabozo laberíntico,YES,NONE,NONE,PASS
Hint::RHT_GERUDO_TRAINING_GROUND_KEY_RING::551,CLEAR,a labyrinthian jingling ring,un anillo tintineante laberíntico,YES,NONE,NONE,PASS
Hint::RHT_GERUDO_TRAINING_GROUND_KEY_RING::552,CLEAR,a labyrinthian skeleton key,una llave maestra laberíntica,YES,NONE,NONE,PASS
Hint::RHT_GERUDO_FORTRESS_KEY_RING::553,CLEAR,a Gerudo Fortress Key Ring,un Aro de Llaves de la Fortaleza Gerudo,YES,NONE,NONE,PASS
Hint::RHT_GERUDO_FORTRESS_KEY_RING::554,CLEAR,a key ring,un aro de llaves,YES,NONE,NONE,PASS
Hint::RHT_GERUDO_FORTRESS_KEY_RING::555,CLEAR,an imprisoned toolbox for unlocking,una caja de herramientas encarcelada para desbloquear,YES,NONE,NONE,PASS
Hint::RHT_GERUDO_FORTRESS_KEY_RING::556,CLEAR,an imprisoned dungeon season pass,un pase de temporada de calabozo encarcelado,YES,NONE,NONE,PASS
Hint::RHT_GERUDO_FORTRESS_KEY_RING::557,CLEAR,an imprisoned jingling ring,un anillo tintineante encarcelado,YES,NONE,NONE,PASS
Hint::RHT_GERUDO_FORTRESS_KEY_RING::558,CLEAR,an imprisoned skeleton key,una llave maestra encarcelada,YES,NONE,NONE,PASS
Hint::RHT_BOTTOM_OF_THE_WELL_KEY_RING::559,CLEAR,a Bottom of the Well Key Ring,un Aro de Llaves del Fondo del Pozo,YES,NONE,NONE,PASS
Hint::RHT_BOTTOM_OF_THE_WELL_KEY_RING::560,CLEAR,a key ring,un aro de llaves,YES,NONE,NONE,PASS
Hint::RHT_BOTTOM_OF_THE_WELL_KEY_RING::561,CLEAR,a moldy toolbox for unlocking,una caja de herramientas mohosa para desbloquear,YES,NONE,NONE,PASS
Hint::RHT_BOTTOM_OF_THE_WELL_KEY_RING::562,CLEAR,a moldy dungeon season pass,un pase de temporada de calabozo mohoso,YES,NONE,NONE,PASS
Hint::RHT_BOTTOM_OF_THE_WELL_KEY_RING::563,CLEAR,a moldy jingling ring,un anillo tintineante mohoso,YES,NONE,NONE,PASS
Hint::RHT_BOTTOM_OF_THE_WELL_KEY_RING::564,CLEAR,a moldy skeleton key,una llave maestra mohosa,YES,NONE,NONE,PASS
Hint::RHT_GANONS_CASTLE_KEY_RING::565,CLEAR,a Ganon's Castle Key Ring,un Aro de Llaves del Castillo de Ganon,YES,NONE,NONE,PASS
Hint::RHT_GANONS_CASTLE_KEY_RING::566,CLEAR,a key ring,un aro de llaves,YES,NONE,NONE,PASS
Hint::RHT_GANONS_CASTLE_KEY_RING::567,CLEAR,a final toolbox for unlocking,una caja de herramientas final para desbloquear,YES,NONE,NONE,PASS
Hint::RHT_GANONS_CASTLE_KEY_RING::568,CLEAR,a final dungeon season pass,un pase de temporada de calabozo final,YES,NONE,NONE,PASS
Hint::RHT_GANONS_CASTLE_KEY_RING::569,CLEAR,a final jingling ring,un anillo tintineante final,YES,NONE,NONE,PASS
Hint::RHT_GANONS_CASTLE_KEY_RING::570,CLEAR,a final skeleton key,una llave maestra final,YES,NONE,NONE,PASS
Hint::RHT_TREASURE_GAME_SMALL_KEY::571,CLEAR,a Treasure Chest Shop Small Key,una Llave Pequeña de la Tienda de Cofres del Tesoro,YES,NONE,NONE,PASS
Hint::RHT_TREASURE_GAME_SMALL_KEY::572,CLEAR,a small key,una llave pequeña,YES,NONE,NONE,PASS
Hint::RHT_TREASURE_GAME_SMALL_KEY::573,CLEAR,a gambler's tool for unlocking,una herramienta de jugador para desbloquear,YES,NONE,NONE,PASS
Hint::RHT_TREASURE_GAME_SMALL_KEY::574,CLEAR,a gambler's dungeon pass,un pase de calabozo de jugador,YES,NONE,NONE,PASS
Hint::RHT_TREASURE_GAME_SMALL_KEY::575,CLEAR,a gambler's lock remover,un quitacerraduras de jugador,YES,NONE,NONE,PASS
Hint::RHT_TREASURE_GAME_SMALL_KEY::576,CLEAR,a gambler's lockpick,un ganzúa de jugador,YES,NONE,NONE,PASS
Hint::RHT_TREASURE_GAME_KEY_RING::577,CLEAR,a Chest Game Key Ring,un Aro de Llaves del Juego de Cofres,YES,NONE,NONE,PASS
Hint::RHT_TREASURE_GAME_KEY_RING::578,CLEAR,a key ring,un aro de llaves,YES,NONE,NONE,PASS
Hint::RHT_TREASURE_GAME_KEY_RING::579,CLEAR,a gambler's toolbox for unlocking,una caja de herramientas de jugador para desbloquear,YES,NONE,NONE,PASS
Hint::RHT_TREASURE_GAME_KEY_RING::580,CLEAR,a gambler's season pass,un pase de temporada de jugador,YES,NONE,NONE,PASS
Hint::RHT_TREASURE_GAME_KEY_RING::581,CLEAR,a gambler's jingling ring,un anillo tintineante de jugador,YES,NONE,NONE,PASS
Hint::RHT_TREASURE_GAME_KEY_RING::582,CLEAR,a gambler's skeleton key,una llave maestra de jugador,YES,NONE,NONE,PASS
Hint::RHT_KOKIRI_EMERALD::583,CLEAR,the Kokiri Emerald,la Esmeralda Kokiri,YES,NONE,NONE,PASS
Hint::RHT_KOKIRI_EMERALD::584,CLEAR,a spiritual stone,una piedra espiritual,YES,NONE,NONE,PASS
Hint::RHT_KOKIRI_EMERALD::585,CLEAR,a green stone,una piedra verde,YES,NONE,NONE,PASS
Hint::RHT_KOKIRI_EMERALD::586,CLEAR,a gift before death,un regalo antes de la muerte,YES,NONE,NONE,PASS
Hint::RHT_GORON_RUBY::587,CLEAR,the Goron Ruby,el Rubí Goron,YES,NONE,NONE,PASS
Hint::RHT_GORON_RUBY::588,CLEAR,a spiritual stone,una piedra espiritual,YES,NONE,NONE,PASS
Hint::RHT_GORON_RUBY::589,CLEAR,a red stone,una piedra roja,YES,NONE,NONE,PASS
Hint::RHT_GORON_RUBY::590,CLEAR,sworn brotherhood,hermandad jurada,YES,NONE,NONE,PASS
Hint::RHT_ZORA_SAPPHIRE::591,CLEAR,the Zora Sapphire,el Zafiro Zora,YES,NONE,NONE,PASS
Hint::RHT_ZORA_SAPPHIRE::592,CLEAR,a spiritual stone,una piedra espiritual,YES,NONE,NONE,PASS
Hint::RHT_ZORA_SAPPHIRE::593,CLEAR,a blue stone,una piedra azul,YES,NONE,NONE,PASS
Hint::RHT_ZORA_SAPPHIRE::594,CLEAR,an engagement gift,un regalo de compromiso,YES,NONE,NONE,PASS
Hint::RHT_FOREST_MEDALLION::595,CLEAR,the Forest Medallion,el Medallón del Bosque,YES,NONE,NONE,PASS
Hint::RHT_FOREST_MEDALLION::596,CLEAR,a medallion,un medallón,YES,NONE,NONE,PASS
Hint::RHT_FOREST_MEDALLION::597,CLEAR,a green coin,una moneda verde,YES,NONE,NONE,PASS
Hint::RHT_FOREST_MEDALLION::598,CLEAR,Saria's friendship,la amistad de Saria,YES,NONE,NONE,PASS
Hint::RHT_FIRE_MEDALLION::599,CLEAR,the Fire Medallion,el Medallón del Fuego,YES,NONE,NONE,PASS
Hint::RHT_FIRE_MEDALLION::600,CLEAR,a medallion,un medallón,YES,NONE,NONE,PASS
Hint::RHT_FIRE_MEDALLION::601,CLEAR,a red coin,una moneda roja,YES,NONE,NONE,PASS
Hint::RHT_FIRE_MEDALLION::602,CLEAR,Darunia's power,el poder de Darunia,YES,NONE,NONE,PASS
Hint::RHT_WATER_MEDALLION::603,CLEAR,the Water Medallion,el Medallón del Agua,YES,NONE,NONE,PASS
Hint::RHT_WATER_MEDALLION::604,CLEAR,a medallion,un medallón,YES,NONE,NONE,PASS
Hint::RHT_WATER_MEDALLION::605,CLEAR,a blue coin,una moneda azul,YES,NONE,NONE,PASS
Hint::RHT_WATER_MEDALLION::606,CLEAR,Ruto's power,el poder de Ruto,YES,NONE,NONE,PASS
Hint::RHT_SPIRIT_MEDALLION::607,CLEAR,the Spirit Medallion,el Medallón del Espíritu,YES,NONE,NONE,PASS
Hint::RHT_SPIRIT_MEDALLION::608,CLEAR,a medallion,un medallón,YES,NONE,NONE,PASS
Hint::RHT_SPIRIT_MEDALLION::609,CLEAR,an orange coin,una moneda naranja,YES,NONE,NONE,PASS
Hint::RHT_SPIRIT_MEDALLION::610,CLEAR,Nabooru's power,el poder de Nabooru,YES,NONE,NONE,PASS
Hint::RHT_SHADOW_MEDALLION::611,CLEAR,the Shadow Medallion,el Medallón de la Sombra,YES,NONE,NONE,PASS
Hint::RHT_SHADOW_MEDALLION::612,CLEAR,a medallion,un medallón,YES,NONE,NONE,PASS
Hint::RHT_SHADOW_MEDALLION::613,CLEAR,a purple coin,una moneda púrpura,YES,NONE,NONE,PASS
Hint::RHT_SHADOW_MEDALLION::614,CLEAR,Impa's power,el poder de Impa,YES,NONE,NONE,PASS
Hint::RHT_LIGHT_MEDALLION::615,CLEAR,the Light Medallion,el Medallón de la Luz,YES,NONE,NONE,PASS
Hint::RHT_LIGHT_MEDALLION::616,CLEAR,a medallion,un medallón,YES,NONE,NONE,PASS
Hint::RHT_LIGHT_MEDALLION::617,CLEAR,a yellow coin,una moneda amarilla,YES,NONE,NONE,PASS
Hint::RHT_LIGHT_MEDALLION::618,CLEAR,Rauru's power,el poder de Rauru,YES,NONE,NONE,PASS
Hint::RHT_RECOVERY_HEART::619,CLEAR,a Recovery Heart,un Corazón de Recuperación,YES,NONE,NONE,PASS
Hint::RHT_RECOVERY_HEART::620,CLEAR,something heart-shaped,algo con forma de corazón,YES,NONE,NONE,PASS
Hint::RHT_RECOVERY_HEART::621,CLEAR,a free heal,una curación gratis,YES,NONE,NONE,PASS
Hint::RHT_RECOVERY_HEART::622,CLEAR,a hearty meal,una comida sustanciosa,YES,NONE,NONE,PASS
Hint::RHT_RECOVERY_HEART::623,CLEAR,a Band-Aid,un curita,YES,NONE,NONE,PASS
Hint::RHT_GREEN_RUPEE::624,CLEAR,a Green Rupee,una Rupee Verde,YES,NONE,NONE,PASS
Hint::RHT_GREEN_RUPEE::625,CLEAR,some rupees,algunas rupees,YES,NONE,NONE,PASS
Hint::RHT_GREEN_RUPEE::626,CLEAR,a unique coin,una moneda única,YES,NONE,NONE,PASS
Hint::RHT_GREEN_RUPEE::627,CLEAR,a penny,un centavo,YES,NONE,NONE,PASS
Hint::RHT_GREEN_RUPEE::628,CLEAR,a green gem,una gema verde,YES,NONE,NONE,PASS
Hint::RHT_GREG_RUPEE::629,CLEAR,Greg,Greg,YES,NONE,NONE,PASS
Hint::RHT_GREG_RUPEE::630,CLEAR,a Green Rupee,una Rupee Verde,YES,NONE,NONE,PASS
Hint::RHT_GREG_RUPEE::631,CLEAR,an old friend,un viejo amigo,YES,NONE,NONE,PASS
Hint::RHT_GREG_RUPEE::632,CLEAR,a glorious gem,una gema gloriosa,YES,NONE,NONE,PASS
Hint::RHT_BLUE_RUPEE::633,CLEAR,a Blue Rupee,una Rupee Azul,YES,NONE,NONE,PASS
Hint::RHT_BLUE_RUPEE::634,CLEAR,some rupees,algunas rupees,YES,NONE,NONE,PASS
Hint::RHT_BLUE_RUPEE::635,CLEAR,a common coin,una moneda común,YES,NONE,NONE,PASS
Hint::RHT_BLUE_RUPEE::636,CLEAR,a blue gem,una gema azul,YES,NONE,NONE,PASS
Hint::RHT_RED_RUPEE::637,CLEAR,a Red Rupee,una Rupee Roja,YES,NONE,NONE,PASS
Hint::RHT_RED_RUPEE::638,CLEAR,some rupees,algunas rupees,YES,NONE,NONE,PASS
Hint::RHT_RED_RUPEE::639,CLEAR,couch cash,dinero de sofá,YES,NONE,NONE,PASS
Hint::RHT_RED_RUPEE::640,CLEAR,a red gem,una gema roja,YES,NONE,NONE,PASS
Hint::RHT_PURPLE_RUPEE::641,CLEAR,a Purple Rupee,una Rupee Púrpura,YES,NONE,NONE,PASS
Hint::RHT_PURPLE_RUPEE::642,CLEAR,some rupees,algunas rupees,YES,NONE,NONE,PASS
Hint::RHT_PURPLE_RUPEE::643,CLEAR,big bucks,mucho dinero,YES,NONE,NONE,PASS
Hint::RHT_PURPLE_RUPEE::644,CLEAR,a purple gem,una gema púrpura,YES,NONE,NONE,PASS
Hint::RHT_PURPLE_RUPEE::645,CLEAR,wealth,riqueza,YES,NONE,NONE,PASS
Hint::RHT_HUGE_RUPEE::646,CLEAR,a Huge Rupee,una Rupee Gigante,YES,NONE,NONE,PASS
Hint::RHT_HUGE_RUPEE::647,CLEAR,some rupees,algunas rupees,YES,NONE,NONE,PASS
Hint::RHT_HUGE_RUPEE::648,CLEAR,a juicy jackpot,un jugoso bote,YES,NONE,NONE,PASS
Hint::RHT_HUGE_RUPEE::649,CLEAR,a yellow gem,una gema amarilla,YES,NONE,NONE,PASS
Hint::RHT_HUGE_RUPEE::650,CLEAR,a giant gem,una gema gigante,YES,NONE,NONE,PASS
Hint::RHT_HUGE_RUPEE::651,CLEAR,great wealth,gran riqueza,YES,NONE,NONE,PASS
Hint::RHT_PIECE_OF_HEART::652,CLEAR,a Piece of Heart,una Pieza de Corazón,YES,NONE,NONE,PASS
Hint::RHT_PIECE_OF_HEART::653,CLEAR,something heart-shaped,algo con forma de corazón,YES,NONE,NONE,PASS
Hint::RHT_PIECE_OF_HEART::654,CLEAR,a little love,un poco de amor,YES,NONE,NONE,PASS
Hint::RHT_PIECE_OF_HEART::655,CLEAR,a broken heart,un corazón roto,YES,NONE,NONE,PASS
Hint::RHT_HEART_CONTAINER::656,CLEAR,a Heart Container,un Contenedor de Corazón,YES,NONE,NONE,PASS
Hint::RHT_HEART_CONTAINER::657,CLEAR,something heart-shaped,algo con forma de corazón,YES,NONE,NONE,PASS
Hint::RHT_HEART_CONTAINER::658,CLEAR,a lot of love,mucho amor,YES,NONE,NONE,PASS
Hint::RHT_HEART_CONTAINER::659,CLEAR,a Valentine's gift,un regalo de San Valentín,YES,NONE,NONE,PASS
Hint::RHT_HEART_CONTAINER::660,CLEAR,a boss's organ,un órgano de jefe,YES,NONE,NONE,PASS
Hint::RHT_ICE_TRAP::661,CLEAR,an Ice Trap,una Trampa de Hielo,YES,NONE,NONE,PASS
Hint::RHT_ICE_TRAP::662,CLEAR,a Great Fairy's power,el poder de una Gran Hada,YES,NONE,NONE,PASS
Hint::RHT_ICE_TRAP::663,CLEAR,a magic arrow,una flecha mágica,YES,NONE,NONE,PASS
Hint::RHT_ICE_TRAP::664,CLEAR,a medallion,un medallón,YES,NONE,NONE,PASS
Hint::RHT_ICE_TRAP::665,CLEAR,a spiritual stone,una piedra espiritual,YES,NONE,NONE,PASS
Hint::RHT_ICE_TRAP::666,CLEAR,something that can stun,algo que puede aturdir,YES,NONE,NONE,PASS
Hint::RHT_ICE_TRAP::667,CLEAR,a gift from Ganon,un regalo de Ganon,YES,NONE,NONE,PASS
Hint::RHT_ICE_TRAP::668,CLEAR,a chilling discovery,un descubrimiento escalofriante,YES,NONE,NONE,PASS
Hint::RHT_ICE_TRAP::669,CLEAR,frosty fun,diversión helada,YES,NONE,NONE,PASS
Hint::RHT_BOMBS_5::670,CLEAR,Bombs (5 pieces),Bombas (5 piezas),YES,NONE,NONE,PASS
Hint::RHT_BOMBS_5::671,CLEAR,explosives,explosivos,YES,NONE,NONE,PASS
Hint::RHT_BOMBS_5::672,CLEAR,a few explosives,algunos explosivos,YES,NONE,NONE,PASS
Hint::RHT_BOMBS_5::673,CLEAR,a few blast balls,algunas bolas explosivas,YES,NONE,NONE,PASS
Hint::RHT_BOMBS_10::674,CLEAR,Bombs (10 pieces),Bombas (10 piezas),YES,NONE,NONE,PASS
Hint::RHT_BOMBS_10::675,CLEAR,explosives,explosivos,YES,NONE,NONE,PASS
Hint::RHT_BOMBS_10::676,CLEAR,some explosives,algunos explosivos,YES,NONE,NONE,PASS
Hint::RHT_BOMBS_10::677,CLEAR,some blast balls,algunas bolas explosivas,YES,NONE,NONE,PASS
Hint::RHT_BOMBS_20::678,CLEAR,Bombs (20 pieces),Bombas (20 piezas),YES,NONE,NONE,PASS
Hint::RHT_BOMBS_20::679,CLEAR,explosives,explosivos,YES,NONE,NONE,PASS
Hint::RHT_BOMBS_20::680,CLEAR,lots-o-explosives,montón de explosivos,YES,NONE,NONE,PASS
Hint::RHT_BOMBS_20::681,CLEAR,plenty of blast balls,muchas bolas explosivas,YES,NONE,NONE,PASS
Hint::RHT_BOMBCHUS_5::682,CLEAR,Bombchus (5 pieces),Bombchus (5 piezas),YES,NONE,NONE,PASS
Hint::RHT_BOMBCHUS_5::683,CLEAR,a prize of the House of Skulltulas,un premio de la Casa de Skulltulas,YES,NONE,NONE,PASS
Hint::RHT_BOMBCHUS_5::684,CLEAR,explosives,explosivos,YES,NONE,NONE,PASS
Hint::RHT_BOMBCHUS_5::685,CLEAR,a few mice bombs,algunas bombas ratón,YES,NONE,NONE,PASS
Hint::RHT_BOMBCHUS_5::686,CLEAR,a few proximity mice,algunos ratones de proximidad,YES,NONE,NONE,PASS
Hint::RHT_BOMBCHUS_5::687,CLEAR,a few wall crawlers,algunos trepamuros,YES,NONE,NONE,PASS
Hint::RHT_BOMBCHUS_5::688,CLEAR,a few trail blazers,algunos abrebocas,YES,NONE,NONE,PASS
Hint::RHT_BOMBCHUS_10::689,CLEAR,Bombchus (10 pieces),Bombchus (10 piezas),YES,NONE,NONE,PASS
Hint::RHT_BOMBCHUS_10::690,CLEAR,a prize of the House of Skulltulas,un premio de la Casa de Skulltulas,YES,NONE,NONE,PASS
Hint::RHT_BOMBCHUS_10::691,CLEAR,explosives,explosivos,YES,NONE,NONE,PASS
Hint::RHT_BOMBCHUS_10::692,CLEAR,some mice bombs,algunas bombas ratón,YES,NONE,NONE,PASS
Hint::RHT_BOMBCHUS_10::693,CLEAR,some proximity mice,algunos ratones de proximidad,YES,NONE,NONE,PASS
Hint::RHT_BOMBCHUS_10::694,CLEAR,some wall crawlers,algunos trepamuros,YES,NONE,NONE,PASS
Hint::RHT_BOMBCHUS_10::695,CLEAR,some trail blazers,algunos abrebocas,YES,NONE,NONE,PASS
Hint::RHT_BOMBCHUS_20::696,CLEAR,Bombchus (20 pieces),Bombchus (20 piezas),YES,NONE,NONE,PASS
Hint::RHT_BOMBCHUS_20::697,CLEAR,a prize of the House of Skulltulas,un premio de la Casa de Skulltulas,YES,NONE,NONE,PASS
Hint::RHT_BOMBCHUS_20::698,CLEAR,explosives,explosivos,YES,NONE,NONE,PASS
Hint::RHT_BOMBCHUS_20::699,CLEAR,plenty of mice bombs,muchas bombas ratón,YES,NONE,NONE,PASS
Hint::RHT_BOMBCHUS_20::700,CLEAR,plenty of proximity mice,muchos ratones de proximidad,YES,NONE,NONE,PASS
Hint::RHT_BOMBCHUS_20::701,CLEAR,plenty of wall crawlers,muchos trepamuros,YES,NONE,NONE,PASS
Hint::RHT_BOMBCHUS_20::702,CLEAR,plenty of trail blazers,muchos abrebocas,YES,NONE,NONE,PASS
Hint::RHT_ARROWS_5::703,CLEAR,Arrows (5 pieces),Flechas (5 piezas),YES,NONE,NONE,PASS
Hint::RHT_ARROWS_5::704,CLEAR,a projectile,un proyectil,YES,NONE,NONE,PASS
Hint::RHT_ARROWS_5::705,CLEAR,a few danger darts,algunos dardos peligrosos,YES,NONE,NONE,PASS
Hint::RHT_ARROWS_5::706,CLEAR,a few sharp shafts,algunas puntas afiladas,YES,NONE,NONE,PASS
Hint::RHT_ARROWS_10::707,CLEAR,Arrows (10 pieces),Flechas (10 piezas),YES,NONE,NONE,PASS
Hint::RHT_ARROWS_10::708,CLEAR,a projectile,un proyectil,YES,NONE,NONE,PASS
Hint::RHT_ARROWS_10::709,CLEAR,some danger darts,algunos dardos peligrosos,YES,NONE,NONE,PASS
Hint::RHT_ARROWS_10::710,CLEAR,some sharp shafts,algunas puntas afiladas,YES,NONE,NONE,PASS
Hint::RHT_ARROWS_30::711,CLEAR,Arrows (30 pieces),Flechas (30 piezas),YES,NONE,NONE,PASS
Hint::RHT_ARROWS_30::712,CLEAR,a projectile,un proyectil,YES,NONE,NONE,PASS
Hint::RHT_ARROWS_30::713,CLEAR,plenty of danger darts,muchos dardos peligrosos,YES,NONE,NONE,PASS
Hint::RHT_ARROWS_30::714,CLEAR,plenty of sharp shafts,muchas puntas afiladas,YES,NONE,NONE,PASS
Hint::RHT_DEKU_NUTS_5::715,CLEAR,Deku Nuts (5 pieces),Nueces Deku (5 piezas),YES,NONE,NONE,PASS
Hint::RHT_DEKU_NUTS_5::716,CLEAR,some Deku munitions,algunas municiones Deku,YES,NONE,NONE,PASS
Hint::RHT_DEKU_NUTS_5::717,CLEAR,something that can stun,algo que puede aturdir,YES,NONE,NONE,PASS
Hint::RHT_DEKU_NUTS_5::718,CLEAR,some nuts,algunas nueces,YES,NONE,NONE,PASS
Hint::RHT_DEKU_NUTS_5::719,CLEAR,some flashbangs,algunas granadas cegadoras,YES,NONE,NONE,PASS
Hint::RHT_DEKU_NUTS_5::720,CLEAR,some scrub spit,algunas babas de Deku,YES,NONE,NONE,PASS
Hint::RHT_DEKU_NUTS_10::721,CLEAR,Deku Nuts (10 pieces),Nueces Deku (10 piezas),YES,NONE,NONE,PASS
Hint::RHT_DEKU_NUTS_10::722,CLEAR,some Deku munitions,algunas municiones Deku,YES,NONE,NONE,PASS
Hint::RHT_DEKU_NUTS_10::723,CLEAR,something that can stun,algo que puede aturdir,YES,NONE,NONE,PASS
Hint::RHT_DEKU_NUTS_10::724,CLEAR,lots-o-nuts,montón de nueces,YES,NONE,NONE,PASS
Hint::RHT_DEKU_NUTS_10::725,CLEAR,plenty of flashbangs,muchas granadas cegadoras,YES,NONE,NONE,PASS
Hint::RHT_DEKU_NUTS_10::726,CLEAR,plenty of scrub spit,muchas babas de Deku,YES,NONE,NONE,PASS
Hint::RHT_DEKU_SEEDS_30::727,CLEAR,Deku Seeds (30 pieces),Semillas Deku (30 piezas),YES,NONE,NONE,PASS
Hint::RHT_DEKU_SEEDS_30::728,CLEAR,a projectile,un proyectil,YES,NONE,NONE,PASS
Hint::RHT_DEKU_SEEDS_30::729,CLEAR,some Deku munitions,algunas municiones Deku,YES,NONE,NONE,PASS
Hint::RHT_DEKU_SEEDS_30::730,CLEAR,catapult ammo,munición de catapulta,YES,NONE,NONE,PASS
Hint::RHT_DEKU_SEEDS_30::731,CLEAR,lots-o-seeds,montón de semillas,YES,NONE,NONE,PASS
Hint::RHT_DEKU_STICK_1::732,CLEAR,a Deku Stick,un Palo Deku,YES,NONE,NONE,PASS
Hint::RHT_DEKU_STICK_1::733,CLEAR,some Deku munitions,algunas municiones Deku,YES,NONE,NONE,PASS
Hint::RHT_DEKU_STICK_1::734,CLEAR,a breakable branch,una rama rompible,YES,NONE,NONE,PASS
Hint::RHT_TREASURE_GAME_HEART::735,CLEAR,a Piece of Heart,una Pieza de Corazón,YES,NONE,NONE,PASS
Hint::RHT_TREASURE_GAME_HEART::736,CLEAR,something heart-shaped,algo con forma de corazón,YES,NONE,NONE,PASS
Hint::RHT_TREASURE_GAME_HEART::737,CLEAR,a victory valentine,un San Valentín de victoria,YES,NONE,NONE,PASS
Hint::RHT_TREASURE_GAME_GREEN_RUPEE::738,CLEAR,a Green Rupee,una Rupee Verde,YES,NONE,NONE,PASS
Hint::RHT_TREASURE_GAME_GREEN_RUPEE::739,CLEAR,some rupees,algunas rupees,YES,NONE,NONE,PASS
Hint::RHT_TREASURE_GAME_GREEN_RUPEE::740,CLEAR,the dollar of defeat,el dólar de la derrota,YES,NONE,NONE,PASS
Hint::RHT_TRIFORCE_PIECE::741,CLEAR,a Piece of the Triforce,un Fragmento de la Trifuerza,YES,NONE,NONE,PASS
Hint::RHT_TRIFORCE_PIECE::742,CLEAR,a triumph fork,un tenedor del triunfo,YES,NONE,NONE,PASS
Hint::RHT_TRIFORCE_PIECE::743,CLEAR,cheese,queso,YES,NONE,NONE,PASS
Hint::RHT_TRIFORCE_PIECE::744,CLEAR,a gold fragment,un fragmento dorado,YES,NONE,NONE,PASS
Hint::RHT_GOHMA_SOUL::745,CLEAR,the soul of Gohma,el alma de Gohma,YES,NONE,NONE,PASS
Hint::RHT_GOHMA_SOUL::746,CLEAR,something webbed,algo con telarañas,YES,NONE,NONE,PASS
Hint::RHT_GOHMA_SOUL::747,CLEAR,an invasive soul,un alma invasiva,YES,NONE,NONE,PASS
Hint::RHT_GOHMA_SOUL::748,CLEAR,some spider essence,esencia de araña,YES,NONE,NONE,PASS
Hint::RHT_KING_DODONGO_SOUL::749,CLEAR,the soul of King Dodongo,el alma del Rey Dodongo,YES,NONE,NONE,PASS
Hint::RHT_KING_DODONGO_SOUL::750,CLEAR,something explosive,algo explosivo,YES,NONE,NONE,PASS
Hint::RHT_KING_DODONGO_SOUL::751,CLEAR,a royal soul,un alma real,YES,NONE,NONE,PASS
Hint::RHT_KING_DODONGO_SOUL::752,CLEAR,some reptile essence,esencia de reptil,YES,NONE,NONE,PASS
Hint::RHT_BARINADE_SOUL::753,CLEAR,the soul of Barinade,el alma de Barinade,YES,NONE,NONE,PASS
Hint::RHT_BARINADE_SOUL::754,CLEAR,something fishy,algo sospechoso,YES,NONE,NONE,PASS
Hint::RHT_BARINADE_SOUL::755,CLEAR,an infectuous soul,un alma infecciosa,YES,NONE,NONE,PASS
Hint::RHT_BARINADE_SOUL::756,CLEAR,some parasitic essence,esencia parásita,YES,NONE,NONE,PASS
Hint::RHT_PHANTOM_GANON_SOUL::757,CLEAR,the soul of Phantom Ganon,el alma del Fantasma de Ganon,YES,NONE,NONE,PASS
Hint::RHT_PHANTOM_GANON_SOUL::758,CLEAR,something spectral,algo espectral,YES,NONE,NONE,PASS
Hint::RHT_PHANTOM_GANON_SOUL::759,CLEAR,a duplicate soul,un alma duplicada,YES,NONE,NONE,PASS
Hint::RHT_PHANTOM_GANON_SOUL::760,CLEAR,some illusionary essence,esencia ilusoria,YES,NONE,NONE,PASS
Hint::RHT_VOLVAGIA_SOUL::761,CLEAR,the soul of Volvagia,el alma de Volvagia,YES,NONE,NONE,PASS
Hint::RHT_VOLVAGIA_SOUL::762,CLEAR,something hot,algo caliente,YES,NONE,NONE,PASS
Hint::RHT_VOLVAGIA_SOUL::763,CLEAR,a draconic soul,un alma dracónica,YES,NONE,NONE,PASS
Hint::RHT_VOLVAGIA_SOUL::764,CLEAR,some magmatic essence,esencia magmática,YES,NONE,NONE,PASS
Hint::RHT_MORPHA_SOUL::765,CLEAR,the soul of Morpha,el alma de Morpha,YES,NONE,NONE,PASS
Hint::RHT_MORPHA_SOUL::766,CLEAR,something wet,algo mojado,YES,NONE,NONE,PASS
Hint::RHT_MORPHA_SOUL::767,CLEAR,an aquatic soul,un alma acuática,YES,NONE,NONE,PASS
Hint::RHT_MORPHA_SOUL::768,CLEAR,some liquid essence,esencia líquida,YES,NONE,NONE,PASS
Hint::RHT_BONGO_BONGO_SOUL::769,CLEAR,the soul of Bongo Bongo,el alma de Bongo Bongo,YES,NONE,NONE,PASS
Hint::RHT_BONGO_BONGO_SOUL::770,CLEAR,something dark,algo oscuro,YES,NONE,NONE,PASS
Hint::RHT_BONGO_BONGO_SOUL::771,CLEAR,a shadowy soul,un alma sombría,YES,NONE,NONE,PASS
Hint::RHT_BONGO_BONGO_SOUL::772,CLEAR,some handy essence,esencia manual,YES,NONE,NONE,PASS
Hint::RHT_TWINROVA_SOUL::773,CLEAR,the soul of Twinrova,el alma de Twinrova,YES,NONE,NONE,PASS
Hint::RHT_TWINROVA_SOUL::774,CLEAR,something spiritual,algo espiritual,YES,NONE,NONE,PASS
Hint::RHT_TWINROVA_SOUL::775,CLEAR,old souls,almas antiguas,YES,NONE,NONE,PASS
Hint::RHT_TWINROVA_SOUL::776,CLEAR,twin essences,esencias gemelas,YES,NONE,NONE,PASS
Hint::RHT_GANON_SOUL::777,CLEAR,the soul of Ganon,el alma de Ganon,YES,NONE,NONE,PASS
Hint::RHT_GANON_SOUL::778,CLEAR,something strong,algo fuerte,YES,NONE,NONE,PASS
Hint::RHT_GANON_SOUL::779,CLEAR,an evil soul,un alma maligna,YES,NONE,NONE,PASS
Hint::RHT_GANON_SOUL::780,CLEAR,some powerful essence,esencia poderosa,YES,NONE,NONE,PASS
Hint::RHT_OCARINA_A_BUTTON::781,CLEAR,an Ocarina A Button,un Botón A de Ocarina,YES,NONE,NONE,PASS
Hint::RHT_OCARINA_A_BUTTON::782,CLEAR,something melodic,algo melódico,YES,NONE,NONE,PASS
Hint::RHT_OCARINA_A_BUTTON::783,CLEAR,a musical letter,una letra musical,YES,NONE,NONE,PASS
Hint::RHT_OCARINA_C_UP_BUTTON::784,CLEAR,an Ocarina C Up Button,un Botón C Arriba de Ocarina,YES,NONE,NONE,PASS
Hint::RHT_OCARINA_C_UP_BUTTON::785,CLEAR,something melodic,algo melódico,YES,NONE,NONE,PASS
Hint::RHT_OCARINA_C_UP_BUTTON::786,CLEAR,a high tone,un tono agudo,YES,NONE,NONE,PASS
Hint::RHT_OCARINA_C_DOWN_BUTTON::787,CLEAR,an Ocarina C Down Button,un Botón C Abajo de Ocarina,YES,NONE,NONE,PASS
Hint::RHT_OCARINA_C_DOWN_BUTTON::788,CLEAR,something melodic,algo melódico,YES,NONE,NONE,PASS
Hint::RHT_OCARINA_C_DOWN_BUTTON::789,CLEAR,a low tone,un tono grave,YES,NONE,NONE,PASS
Hint::RHT_OCARINA_C_LEFT_BUTTON::790,CLEAR,an Ocarina C Left Button,un Botón C Izquierda de Ocarina,YES,NONE,NONE,PASS
Hint::RHT_OCARINA_C_LEFT_BUTTON::791,CLEAR,something melodic,algo melódico,YES,NONE,NONE,PASS
Hint::RHT_OCARINA_C_LEFT_BUTTON::792,CLEAR,a leftward tone,un tono hacia la izquierda,YES,NONE,NONE,PASS
Hint::RHT_OCARINA_C_RIGHT_BUTTON::793,CLEAR,an Ocarina C Right Button,un Botón C Derecha de Ocarina,YES,NONE,NONE,PASS
Hint::RHT_OCARINA_C_RIGHT_BUTTON::794,CLEAR,something melodic,algo melódico,YES,NONE,NONE,PASS
Hint::RHT_OCARINA_C_RIGHT_BUTTON::795,CLEAR,a rightward tone,un tono hacia la derecha,YES,NONE,NONE,PASS
Hint::RHT_FISHING_POLE::796,CLEAR,a fishing pole,una caña de pescar,YES,NONE,NONE,PASS
Hint::RHT_FISHING_POLE::797,CLEAR,the pond owner's property,la propiedad del dueño del estanque,YES,NONE,NONE,PASS
Hint::RHT_FISHING_POLE::798,CLEAR,a fish-puller,un sacapesces,YES,NONE,NONE,PASS
Hint::RHT_BOMBCHU_BAG::799,CLEAR,a Bombchu Bag,una Bolsa de Bombchus,YES,NONE,NONE,PASS
Hint::RHT_BOMBCHU_BAG::800,CLEAR,explosives,explosivos,YES,NONE,NONE,PASS
Hint::RHT_BOMBCHU_BAG::801,CLEAR,something that can remove boulders,algo que puede eliminar rocas,YES,NONE,NONE,PASS
Hint::RHT_BOMBCHU_BAG::802,CLEAR,sack of mice,saco de ratones,YES,NONE,NONE,PASS
Hint::RHT_SKELETON_KEY::803,CLEAR,a Skeleton Key,una Llave Maestra,YES,NONE,NONE,PASS
Hint::RHT_SKELETON_KEY::804,CLEAR,a key,una llave,YES,NONE,NONE,PASS
Hint::RHT_SKELETON_KEY::805,CLEAR,a master unlocker,un desbloqueador maestro,YES,NONE,NONE,PASS
Hint::RHT_QUIVER_INF::806,CLEAR,an infinite Quiver,un Carcaj Infinito,YES,NONE,NONE,PASS
Hint::RHT_BOMB_BAG_INF::807,CLEAR,an infinite Bomb Bag,una Bolsa de Bombas Infinita,YES,NONE,NONE,PASS
Hint::RHT_BULLET_BAG_INF::808,CLEAR,an infinite Bullet Bag,una Bolsa de Balas Infinita,YES,NONE,NONE,PASS
Hint::RHT_STICK_UPGRADE_INF::809,CLEAR,infinite Deku Sticks,Palos Deku Infinitos,YES,NONE,NONE,PASS
Hint::RHT_NUT_UPGRADE_INF::810,CLEAR,infinite Deku Nuts,Nueces Deku Infinitas,YES,NONE,NONE,PASS
Hint::RHT_MAGIC_INF::811,CLEAR,unlimited Magic,Magia Ilimitada,YES,NONE,NONE,PASS
Hint::RHT_BOMBCHU_INF::812,CLEAR,infinite Bombchus,Bombchus Infinitos,YES,NONE,NONE,PASS
Hint::RHT_WALLET_INF::813,CLEAR,an infinite Wallet,una Billetera Infinita,YES,NONE,NONE,PASS
Hint::RHT_EPONA::814,CLEAR,Epona,Epona,YES,NONE,NONE,PASS
Hint::RHT_EPONA::815,CLEAR,something from Malon,algo de Malon,YES,NONE,NONE,PASS
Hint::RHT_EPONA::816,CLEAR,a song sung by frogs,una canción cantada por ranas,YES,NONE,NONE,PASS
Hint::RHT_EPONA::817,CLEAR,something to cross a broken bridge,algo para cruzar un puente roto,YES,NONE,NONE,PASS
Hint::RHT_EPONA::818,CLEAR,a horse,un caballo,YES,NONE,NONE,PASS
Hint::RHT_EPONA::819,CLEAR,a four legged friend,un amigo de cuatro patas,YES,NONE,NONE,PASS
Hint::RHT_HINT_MYSTERIOUS::820,OBSCURE,something mysterious,algo misterioso,YES,NONE,NONE,PASS
Hint::RHT_MYSTERIOUS_ITEM::821,OBSCURE,mysterious item,objeto misterioso,YES,NONE,NONE,PASS
Hint::RHT_MYSTERIOUS_ITEM_CAPITAL::822,OBSCURE,Mysterious Item,Objeto Misterioso,YES,NONE,NONE,PASS
Hint::RHT_NONE::0,CLEAR,No Hint,Sin Pista,YES,NONE,NONE,PASS
Hint::RHT_WAY_OF_THE_HERO::1,CLEAR,They say that #[1]# is on #the way of the hero#.,Dicen que #[1]# está en #el camino del héroe#.,YES,NONE,NONE,PASS
Hint::RHT_FOOLISH::2,JOKE,They say that plundering #[1]# is #a foolish choice#.,Dicen que saquear #[1]# es #una elección tonta#.,YES,NONE,NONE,PASS
Hint::RHT_CAN_BE_FOUND_AT::3,CLEAR,They say that #[1]# can be found at #[2]#.,Dicen que #[1]# se puede encontrar en #[2]#.,YES,NONE,NONE,PASS
Hint::RHT_HOARDS::4,CLEAR,They say that #[2]# hoards #[1]#.,Dicen que #[2]# acapara #[1]#.,YES,NONE,NONE,PASS
Hint::RHT_KF_LINKS_HOUSE_COW::5,CLEAR,They say that #Malon's obstacle course# leads to #[1]#.,Dicen que #el circuito de obstáculos de Malon# conduce a #[1]#.,YES,NONE,NONE,PASS
Hint::RHT_KF_LINKS_HOUSE_COW::6,CLEAR,They say that the #bovine bounty of a horseback hustle# gifts #[1]#.,Dicen que #la recompensa bovina de una carrera ecuestre# regala #[1]#.,YES,NONE,NONE,PASS
Hint::RHT_KAK_100_GOLD_SKULLTULA_REWARD::7,CLEAR,They say that slaying #100 Gold Skulltulas# reveals #[1]#.,Dicen que matar #100 Skulltulas Doradas# revela #[1]#.,YES,NONE,NONE,PASS
Hint::RHT_KAK_100_GOLD_SKULLTULA_REWARD::8,CLEAR,They say that #100 bug badges# rewards #[1]#.,Dicen que #100 insignias de bichos# recompensan #[1]#.,YES,NONE,NONE,PASS
Hint::RHT_KAK_100_GOLD_SKULLTULA_REWARD::9,CLEAR,They say that #100 spider souls# yields #[1]#.,Dicen que #100 almas de araña# producen #[1]#.,YES,NONE,NONE,PASS
Hint::RHT_KAK_100_GOLD_SKULLTULA_REWARD::10,CLEAR,They say that #100 auriferous arachnids# lead to #[1]#.,Dicen que #100 arácnidos auríferos# conducen a #[1]#.,YES,NONE,NONE,PASS
Hint::RHT_SONG_FROM_OCARINA_OF_TIME::11,CLEAR,They say that the #Ocarina of Time# teaches #[1]#.,Dicen que la #Ocarina del Tiempo# enseña #[1]#.,YES,NONE,NONE,PASS
Hint::RHT_SONG_FROM_ROYAL_FAMILYS_TOMB::12,CLEAR,They say that #ReDead in the Composers' Grave# guard #[1]#.,Dicen que los #ReDead en la Tumba de los Compositores# custodian #[1]#.,YES,NONE,NONE,PASS
Hint::RHT_SHEIK_IN_FOREST::13,CLEAR,They say that #in a meadow# Sheik teaches #[1]#.,Dicen que #en un prado# Sheik enseña #[1]#.,YES,NONE,NONE,PASS
Hint::RHT_SHEIK_AT_TEMPLE::14,CLEAR,They say that Sheik waits at a #monument to time# to teach #[1]#.,Dicen que Sheik espera en un #monumento al tiempo# para enseñar #[1]#.,YES,NONE,NONE,PASS
Hint::RHT_SHEIK_IN_CRATER::15,CLEAR,They say that the #crater's melody# is #[1]#.,Dicen que la #melodía del cráter# es #[1]#.,YES,NONE,NONE,PASS
Hint::RHT_SHEIK_IN_ICE_CAVERN::16,CLEAR,They say that the #frozen cavern# echoes with #[1]#.,Dicen que la #cueva helada# resuena con #[1]#.,YES,NONE,NONE,PASS
Hint::RHT_SHEIK_IN_KAKARIKO::17,CLEAR,They say that a #ravaged village# mourns with #[1]#.,Dicen que una #aldea devastada# llora con #[1]#.,YES,NONE,NONE,PASS
Hint::RHT_SHEIK_AT_COLOSSUS::18,CLEAR,They say that a hero ventures #beyond the wasteland# to learn #[1]#.,Dicen que un héroe se aventura #más allá de la tierra devastada# para aprender #[1]#.,YES,NONE,NONE,PASS
Hint::RHT_MARKET_10_BIG_POES::19,CLEAR,They say that catching #Big Poes# leads to #[1]#.,Dicen que atrapar #Grandes Poes# conduce a #[1]#.,YES,NONE,NONE,PASS
Hint::RHT_MARKET_10_BIG_POES::20,CLEAR,They say that #ghost hunters# will be rewarded with #[1]#.,Dicen que los #cazadores de fantasmas# serán recompensados con #[1]#.,YES,NONE,NONE,PASS
Hint::RHT_DEKU_THEATER_SKULL_MASK::21,CLEAR,They say that the #Skull Mask# yields #[1]#.,Dicen que la #Máscara de Craneo# produce #[1]#.,YES,NONE,NONE,PASS
Hint::RHT_DEKU_THEATER_MASK_OF_TRUTH::22,CLEAR,They say that the #Mask of Truth# yields #[1]#.,Dicen que la #Máscara de la Verdad# produce #[1]#.,YES,NONE,NONE,PASS
Hint::RHT_DEKU_THEATER_MASK_OF_TRUTH::23,CLEAR,They say that showing a #truthful eye to the crowd# rewards #[1]#.,Dicen que mostrar un #ojo veraz a la multitud# recompensa #[1]#.,YES,NONE,NONE,PASS
Hint::RHT_HF_OCARINA_OF_TIME_ITEM::24,CLEAR,They say that the #treasure thrown by Princess Zelda# is #[1]#.,Dicen que el #tesoro lanzado por la Princesa Zelda# es #[1]#.,YES,NONE,NONE,PASS
Hint::RHT_DMT_TRADE_BROKEN_SWORD::25,CLEAR,They say that a #blinded Biggoron# entrusts #[1]#.,Dicen que un #Biggoron ciego# confía #[1]#.,YES,NONE,NONE,PASS
Hint::RHT_DMT_TRADE_EYEDROPS::26,CLEAR,"They say that while you wait, #Biggoron# gives #[1]#.","Dicen que mientras esperas, #Biggoron# da #[1]#.",YES,NONE,NONE,PASS
Hint::RHT_DMT_TRADE_CLAIM_CHECK::27,CLEAR,They say that #Biggoron# crafts #[1]#.,Dicen que #Biggoron# fabrica #[1]#.,YES,NONE,NONE,PASS
Hint::RHT_KAK_50_GOLD_SKULLTULA_REWARD::28,CLEAR,They say that slaying #50 Gold Skulltulas# reveals #[1]#.,Dicen que matar #50 Skulltulas Doradas# revela #[1]#.,YES,NONE,NONE,PASS
Hint::RHT_KAK_50_GOLD_SKULLTULA_REWARD::29,CLEAR,They say that #50 bug badges# rewards #[1]#.,Dicen que #50 insignias de bichos# recompensan #[1]#.,YES,NONE,NONE,PASS
Hint::RHT_KAK_50_GOLD_SKULLTULA_REWARD::30,CLEAR,They say that #50 spider souls# yields #[1]#.,Dicen que #50 almas de araña# producen #[1]#.,YES,NONE,NONE,PASS
Hint::RHT_KAK_50_GOLD_SKULLTULA_REWARD::31,CLEAR,They say that #50 auriferous arachnids# lead to #[1]#.,Dicen que #50 arácnidos auríferos# conducen a #[1]#.,YES,NONE,NONE,PASS
Hint::RHT_KAK_40_GOLD_SKULLTULA_REWARD::32,CLEAR,They say that slaying #40 Gold Skulltulas# reveals #[1]#.,Dicen que matar #40 Skulltulas Doradas# revela #[1]#.,YES,NONE,NONE,PASS
Hint::RHT_KAK_40_GOLD_SKULLTULA_REWARD::33,CLEAR,They say that #40 bug badges# rewards #[1]#.,Dicen que #40 insignias de bichos# recompensan #[1]#.,YES,NONE,NONE,PASS
Hint::RHT_KAK_40_GOLD_SKULLTULA_REWARD::34,CLEAR,They say that #40 spider souls# yields #[1]#.,Dicen que #40 almas de araña# producen #[1]#.,YES,NONE,NONE,PASS
Hint::RHT_KAK_40_GOLD_SKULLTULA_REWARD::35,CLEAR,They say that #40 auriferous arachnids# lead to #[1]#.,Dicen que #40 arácnidos auríferos# conducen a #[1]#.,YES,NONE,NONE,PASS
Hint::RHT_KAK_30_GOLD_SKULLTULA_REWARD::36,CLEAR,They say that slaying #30 Gold Skulltulas# reveals #[1]#.,Dicen que matar #30 Skulltulas Doradas# revela #[1]#.,YES,NONE,NONE,PASS
Hint::RHT_KAK_30_GOLD_SKULLTULA_REWARD::37,CLEAR,They say that #30 bug badges# rewards #[1]#.,Dicen que #30 insignias de bichos# recompensan #[1]#.,YES,NONE,NONE,PASS
Hint::RHT_KAK_30_GOLD_SKULLTULA_REWARD::38,CLEAR,They say that #30 spider souls# yields #[1]#.,Dicen que #30 almas de araña# producen #[1]#.,YES,NONE,NONE,PASS
Hint::RHT_KAK_30_GOLD_SKULLTULA_REWARD::39,CLEAR,They say that #30 auriferous arachnids# lead to #[1]#.,Dicen que #30 arácnidos auríferos# conducen a #[1]#.,YES,NONE,NONE,PASS
Hint::RHT_KAK_20_GOLD_SKULLTULA_REWARD::40,CLEAR,They say that slaying #20 Gold Skulltulas# reveals #[1]#.,Dicen que matar #20 Skulltulas Doradas# revela #[1]#.,YES,NONE,NONE,PASS
Hint::RHT_KAK_20_GOLD_SKULLTULA_REWARD::41,CLEAR,They say that #20 bug badges# rewards #[1]#.,Dicen que #20 insignias de bichos# recompensan #[1]#.,YES,NONE,NONE,PASS
Hint::RHT_KAK_20_GOLD_SKULLTULA_REWARD::42,CLEAR,They say that #20 spider souls# yields #[1]#.,Dicen que #20 almas de araña# producen #[1]#.,YES,NONE,NONE,PASS
Hint::RHT_KAK_20_GOLD_SKULLTULA_REWARD::43,CLEAR,They say that #20 auriferous arachnids# lead to #[1]#.,Dicen que #20 arácnidos auríferos# conducen a #[1]#.,YES,NONE,NONE,PASS
Hint::RHT_KAK_ANJU_AS_CHILD::44,CLEAR,They say that #collecting cuccos# rewards #[1]#.,Dicen que #recolectar cuccos# recompensa #[1]#.,YES,NONE,NONE,PASS
Hint::RHT_KAK_ANJU_AS_CHILD::45,CLEAR,They say that #wrangling roosters# rewards #[1]#.,Dicen que #atrapar gallos# recompensa #[1]#.,YES,NONE,NONE,PASS
Hint::RHT_KAK_ANJU_AS_CHILD::46,CLEAR,They say that #chucking chickens# gifts #[1]#.,Dicen que #lanzar pollos# regala #[1]#.,YES,NONE,NONE,PASS
Hint::RHT_KAK_TRADE_POCKET_CUCCO::47,CLEAR,They say that an adult's #happy Cucco# awards #[1]#.,Dicen que el #Cucco feliz de un adulto# premia #[1]#.,YES,NONE,NONE,PASS
Hint::RHT_KAK_TRADE_ODD_MUSHROOM::48,CLEAR,They say that the #potion shop lady# entrusts #[1]#.,Dicen que la #señora de la tienda de pociones# confía #[1]#.,YES,NONE,NONE,PASS
Hint::RHT_GC_DARUNIAS_JOY::49,CLEAR,They say that #Darunia's dance# leads to #[1]#.,Dicen que el #baile de Darunia# conduce a #[1]#.,YES,NONE,NONE,PASS
Hint::RHT_GC_DARUNIAS_JOY::50,CLEAR,They say that a #groovin' goron# gifts #[1]#.,Dicen que un #Goron bailarín# regala #[1]#.,YES,NONE,NONE,PASS
Hint::RHT_LW_SKULL_KID::51,CLEAR,They say that the #Skull Kid# grants #[1]#.,Dicen que el #Chico Calavera# otorga #[1]#.,YES,NONE,NONE,PASS
Hint::RHT_LW_TRADE_COJIRO::52,CLEAR,They say that returning a #special Cucco# awards #[1]#.,Dicen que devolver un #Cucco especial# premia #[1]#.,YES,NONE,NONE,PASS
Hint::RHT_LW_TRADE_ODD_POTION::53,CLEAR,They say that a #Kokiri girl in the woods# leaves #[1]#.,Dicen que una #chica Kokiri en el bosque# deja #[1]#.,YES,NONE,NONE,PASS
Hint::RHT_LH_SUN::54,CLEAR,They say that shooting #the sun# grants #[1]#.,Dicen que disparar al #sol# otorga #[1]#.,YES,NONE,NONE,PASS
Hint::RHT_LH_SUN::55,CLEAR,They say that staring into #the sun# grants #[1]#.,Dicen que mirar fijamente al #sol# otorga #[1]#.,YES,NONE,NONE,PASS
Hint::RHT_LH_TRADE_FROG::56,CLEAR,They say that #Lake Hylia's scientist# hurriedly entrusts #[1]#.,Dicen que el #científico del Lago Hylia# confía apresuradamente #[1]#.,YES,NONE,NONE,PASS
Hint::RHT_MARKET_TREASURE_CHEST_GAME_REWARD::57,CLEAR,They say that the #treasure chest game# grants #[1]#.,Dicen que el #juego de cofres del tesoro# otorga #[1]#.,YES,NONE,NONE,PASS
Hint::RHT_MARKET_TREASURE_CHEST_GAME_REWARD::58,CLEAR,They say that #gambling# grants #[1]#.,Dicen que #apostar# otorga #[1]#.,YES,NONE,NONE,PASS
Hint::RHT_MARKET_TREASURE_CHEST_GAME_REWARD::59,CLEAR,They say that there is a #1/32 chance# to win #[1]#.,Dicen que hay una #posibilidad de 1/32# de ganar #[1]#.,YES,NONE,NONE,PASS
Hint::RHT_MARKET_TREASURE_CHEST_GAME_ITEM_1::60,CLEAR,They say that the #first locked room# in the chest game contains #[1]#.,Dicen que la #primera habitación cerrada# del juego de cofres contiene #[1]#.,YES,NONE,NONE,PASS
Hint::RHT_MARKET_TREASURE_CHEST_GAME_ITEM_1::61,CLEAR,They say that #gambling once# grants #[1]#.,Dicen que #apostar una vez# otorga #[1]#.,YES,NONE,NONE,PASS
Hint::RHT_MARKET_TREASURE_CHEST_GAME_ITEM_1::62,CLEAR,They say that the #first or second game chest# contains #[1]#.,Dicen que el #primer o segundo cofre del juego# contiene #[1]#.,YES,NONE,NONE,PASS
Hint::RHT_MARKET_TREASURE_CHEST_GAME_ITEM_2::63,CLEAR,They say that the #second locked room# in the chest game contains #[1]#.,Dicen que la #segunda habitación cerrada# del juego de cofres contiene #[1]#.,YES,NONE,NONE,PASS
Hint::RHT_MARKET_TREASURE_CHEST_GAME_ITEM_2::64,CLEAR,They say that #gambling twice# grants #[1]#.,Dicen que #apostar dos veces# otorga #[1]#.,YES,NONE,NONE,PASS
Hint::RHT_MARKET_TREASURE_CHEST_GAME_ITEM_2::65,CLEAR,They say that the #third or fourth game chest# contains #[1]#.,Dicen que el #tercer o cuarto cofre del juego# contiene #[1]#.,YES,NONE,NONE,PASS
Hint::RHT_MARKET_TREASURE_CHEST_GAME_ITEM_3::66,CLEAR,They say that the #third locked room# in the chest game contains #[1]#.,Dicen que la #tercera habitación cerrada# del juego de cofres contiene #[1]#.,YES,NONE,NONE,PASS
Hint::RHT_MARKET_TREASURE_CHEST_GAME_ITEM_3::67,CLEAR,They say that #gambling 3 times# grants #[1]#.,Dicen que #apostar 3 veces# otorga #[1]#.,YES,NONE,NONE,PASS
Hint::RHT_MARKET_TREASURE_CHEST_GAME_ITEM_3::68,CLEAR,They say that the #fifth or sixth game chest# contains #[1]#.,Dicen que el #quinto o sexto cofre del juego# contiene #[1]#.,YES,NONE,NONE,PASS
Hint::RHT_MARKET_TREASURE_CHEST_GAME_ITEM_4::69,CLEAR,They say that the #fourth locked room# in the chest game contains #[1]#.,Dicen que la #cuarta habitación cerrada# del juego de cofres contiene #[1]#.,YES,NONE,NONE,PASS
Hint::RHT_MARKET_TREASURE_CHEST_GAME_ITEM_4::70,CLEAR,They say that #gambling 4 times# grants #[1]#.,Dicen que #apostar 4 veces# otorga #[1]#.,YES,NONE,NONE,PASS
Hint::RHT_MARKET_TREASURE_CHEST_GAME_ITEM_4::71,CLEAR,They say that the #seventh or eighth game chest# contains #[1]#.,Dicen que el #séptimo u octavo cofre del juego# contiene #[1]#.,YES,NONE,NONE,PASS
Hint::RHT_MARKET_TREASURE_CHEST_GAME_ITEM_5::72,CLEAR,They say that the #fifth locked room# in the chest game contains #[1]#.,Dicen que la #quinta habitación cerrada# del juego de cofres contiene #[1]#.,YES,NONE,NONE,PASS
Hint::RHT_MARKET_TREASURE_CHEST_GAME_ITEM_5::73,CLEAR,They say that #gambling 5 times# grants #[1]#.,Dicen que #apostar 5 veces# otorga #[1]#.,YES,NONE,NONE,PASS
Hint::RHT_MARKET_TREASURE_CHEST_GAME_ITEM_5::74,CLEAR,They say that the #ninth or tenth game chest# contains #[1]#.,Dicen que el #noveno o décimo cofre del juego# contiene #[1]#.,YES,NONE,NONE,PASS
Hint::RHT_MARKET_TREASURE_CHEST_GAME_KEY_1::75,CLEAR,They say that the #first locked room# in the chest game contains #[1]#.,Dicen que la #primera habitación cerrada# del juego de cofres contiene #[1]#.,YES,NONE,NONE,PASS
Hint::RHT_MARKET_TREASURE_CHEST_GAME_KEY_1::76,CLEAR,They say that #gambling once# grants #[1]#.,Dicen que #apostar una vez# otorga #[1]#.,YES,NONE,NONE,PASS
Hint::RHT_MARKET_TREASURE_CHEST_GAME_KEY_1::77,CLEAR,They say that the #first or second game chest# contains #[1]#.,Dicen que el #primer o segundo cofre del juego# contiene #[1]#.,YES,NONE,NONE,PASS
Hint::RHT_MARKET_TREASURE_CHEST_GAME_KEY_2::78,CLEAR,They say that the #second locked room# in the chest game contains #[1]#.,Dicen que la #segunda habitación cerrada# del juego de cofres contiene #[1]#.,YES,NONE,NONE,PASS
Hint::RHT_MARKET_TREASURE_CHEST_GAME_KEY_2::79,CLEAR,They say that #gambling twice# grants #[1]#.,Dicen que #apostar dos veces# otorga #[1]#.,YES,NONE,NONE,PASS
Hint::RHT_MARKET_TREASURE_CHEST_GAME_KEY_2::80,CLEAR,They say that the #third or fourth game chest# contains #[1]#.,Dicen que el #tercer o cuarto cofre del juego# contiene #[1]#.,YES,NONE,NONE,PASS
Hint::RHT_MARKET_TREASURE_CHEST_GAME_KEY_3::81,CLEAR,They say that the #third locked room# in the chest game contains #[1]#.,Dicen que la #tercera sala cerrada# en el juego de cofres contiene #[1]#.,YES,NONE,NONE,PASS
Hint::RHT_MARKET_TREASURE_CHEST_GAME_KEY_3::82,CLEAR,They say that #gambling 3 times# grants #[1]#.,Dicen que #apostar 3 veces# otorga #[1]#.,YES,NONE,NONE,PASS
Hint::RHT_MARKET_TREASURE_CHEST_GAME_KEY_3::83,CLEAR,They say that the #fifth or sixth game chest# contains #[1]#.,Dicen que el #quinto o sexto cofre del juego# contiene #[1]#.,YES,NONE,NONE,PASS
Hint::RHT_MARKET_TREASURE_CHEST_GAME_KEY_4::84,CLEAR,They say that the #fourth locked room# in the chest game contains #[1]#.,Dicen que la #cuarta sala cerrada# en el juego de cofres contiene #[1]#.,YES,NONE,NONE,PASS
Hint::RHT_MARKET_TREASURE_CHEST_GAME_KEY_4::85,CLEAR,They say that #gambling 4 times# grants #[1]#.,Dicen que #apostar 4 veces# otorga #[1]#.,YES,NONE,NONE,PASS
Hint::RHT_MARKET_TREASURE_CHEST_GAME_KEY_4::86,CLEAR,They say that the #seventh or eighth game chest# contains #[1]#.,Dicen que el #séptimo u octavo cofre del juego# contiene #[1]#.,YES,NONE,NONE,PASS
Hint::RHT_MARKET_TREASURE_CHEST_GAME_KEY_5::87,CLEAR,They say that the #fifth locked room# in the chest game contains #[1]#.,Dicen que la #quinta sala cerrada# en el juego de cofres contiene #[1]#.,YES,NONE,NONE,PASS
Hint::RHT_MARKET_TREASURE_CHEST_GAME_KEY_5::88,CLEAR,They say that #gambling 5 times# grants #[1]#.,Dicen que #apostar 5 veces# otorga #[1]#.,YES,NONE,NONE,PASS
Hint::RHT_MARKET_TREASURE_CHEST_GAME_KEY_5::89,CLEAR,They say that the #ninth or tenth game chest# contains #[1]#.,Dicen que el #noveno o décimo cofre del juego# contiene #[1]#.,YES,NONE,NONE,PASS
Hint::RHT_GF_HBA_1500_POINTS::90,CLEAR,They say that scoring 1500 in #horseback archery# grants #[1]#.,Dicen que obtener 1500 puntos en #tiro con arco a caballo# otorga #[1]#.,YES,NONE,NONE,PASS
Hint::RHT_GF_HBA_1500_POINTS::91,CLEAR,They say that mastery of #horseback archery# grants #[1]#.,Dicen que dominar #tiro con arco a caballo# otorga #[1]#.,YES,NONE,NONE,PASS
Hint::RHT_GRAVEYARD_HEART_PIECE_GRAVE_CHEST::92,CLEAR,They say that playing #Sun's Song# in a grave spawns #[1]#.,Dicen que tocar #Canción del Sol# en una tumba aparece #[1]#.,YES,NONE,NONE,PASS
Hint::RHT_GC_MAZE_LEFT_CHEST::93,CLEAR,They say that in #Goron City# the hammer unlocks #[1]#.,Dicen que en #Ciudad Goron# el martillo desbloquea #[1]#.,YES,NONE,NONE,PASS
Hint::RHT_GV_CHEST::94,CLEAR,They say that in #Gerudo Valley# the hammer unlocks #[1]#.,Dicen que en #Valle Gerudo# el martillo desbloquea #[1]#.,YES,NONE,NONE,PASS
Hint::RHT_GV_TRADE_SAW::95,CLEAR,They say that the #boss of the carpenters# leaves #[1]#.,Dicen que el #jefe de los carpinteros# deja #[1]#.,YES,NONE,NONE,PASS
Hint::RHT_GV_COW::96,CLEAR,They say that a #cow in Gerudo Valley# gifts #[1]#.,Dicen que una #vaca en el Valle Gerudo# regala #[1]#.,YES,NONE,NONE,PASS
Hint::RHT_HC_GS_STORMS_GROTTO::97,CLEAR,They say that a #spider behind a muddy wall# in a grotto holds #[1]#.,Dicen que una #araña detrás de un muro embarrado# en una cueva guarda #[1]#.,YES,NONE,NONE,PASS
Hint::RHT_HF_GS_COW_GROTTO::98,CLEAR,They say that a #spider behind webs# in a grotto holds #[1]#.,Dicen que una #araña detrás de telarañas# en una cueva guarda #[1]#.,YES,NONE,NONE,PASS
Hint::RHT_HF_COW_GROTTO_COW::99,CLEAR,They say that a #cow behind webs# in a grotto gifts #[1]#.,Dicen que una #vaca detrás de telarañas# en una cueva regala #[1]#.,YES,NONE,NONE,PASS
Hint::RHT_HF_COW_GROTTO_COW::100,CLEAR,They say that the #cobwebbed cow# gifts #[1]#.,Dicen que la #vaca cubierta de telarañas# regala #[1]#.,YES,NONE,NONE,PASS
Hint::RHT_ZR_FROGS_OCARINA_GAME::101,CLEAR,They say that the final reward from the #Frogs of Zora's River# is #[1]#.,Dicen que la recompensa final de las #Ranas del Río Zora# es #[1]#.,YES,NONE,NONE,PASS
Hint::RHT_ZR_FROGS_OCARINA_GAME::102,CLEAR,They say that an #amphibian feast# yields #[1]#.,Dicen que un #banquete de anfibios# produce #[1]#.,YES,NONE,NONE,PASS
Hint::RHT_ZR_FROGS_OCARINA_GAME::103,CLEAR,They say that the #croaking choir's magnum opus# awards #[1]#.,Dicen que la #obra maestra del coro de croares# otorga #[1]#.,YES,NONE,NONE,PASS
Hint::RHT_ZR_FROGS_OCARINA_GAME::104,CLEAR,They say that the #froggy finale# yields #[1]#.,Dicen que el #final ranesco# produce #[1]#.,YES,NONE,NONE,PASS
Hint::RHT_ZF_GS_HIDDEN_CAVE::105,CLEAR,They say that a spider high #above the icy waters# holds #[1]#.,Dicen que una araña muy #arriba sobre las aguas heladas# guarda #[1]#.,YES,NONE,NONE,PASS
Hint::RHT_WASTELAND_CHEST::106,CLEAR,They say that #deep in the wasteland# is #[1]#.,Dicen que #en lo profundo del páramo# está #[1]#.,YES,NONE,NONE,PASS
Hint::RHT_WASTELAND_GS::107,CLEAR,They say that a #spider in the wasteland# holds #[1]#.,Dicen que una #araña en el páramo# guarda #[1]#.,YES,NONE,NONE,PASS
Hint::RHT_GRAVEYARD_ROYAL_FAMILYS_TOMB_CHEST::108,CLEAR,They say that #flames in the Composers' Grave# reveal #[1]#.,Dicen que #llamas en la Tumba de los Compositores# revelan #[1]#.,YES,NONE,NONE,PASS
Hint::RHT_ZF_BOTTOM_FREESTANDING_POH::109,CLEAR,They say that #under the icy waters# lies #[1]#.,Dicen que #bajo las aguas heladas# yace #[1]#.,YES,NONE,NONE,PASS
Hint::RHT_GC_POT_FREESTANDING_POH::110,CLEAR,They say that spinning #Goron pottery# contains #[1]#.,Dicen que girar #la cerámica Goron# contiene #[1]#.,YES,NONE,NONE,PASS
Hint::RHT_ZD_KING_ZORA_THAWED::111,CLEAR,They say that unfreezing #King Zora# grants #[1]#.,Dicen que descongelar al #Rey Zora# otorga #[1]#.,YES,NONE,NONE,PASS
Hint::RHT_ZD_KING_ZORA_THAWED::112,CLEAR,They say that a #defrosted dignitary# gifts #[1]#.,Dicen que un #dignatario descongelado# regala #[1]#.,YES,NONE,NONE,PASS
Hint::RHT_ZD_TRADE_PRESCRIPTION::113,CLEAR,They say that #King Zora# hurriedly entrusts #[1]#.,Dicen que el #Rey Zora# confía apresuradamente #[1]#.,YES,NONE,NONE,PASS
Hint::RHT_DMC_DEKU_SCRUB::114,CLEAR,They say that a single #scrub in the crater# sells #[1]#.,Dicen que un solo #scrub en el cráter# vende #[1]#.,YES,NONE,NONE,PASS
Hint::RHT_DMC_GS_CRATE::115,CLEAR,They say that a spider under a #crate in the crater# holds #[1]#.,Dicen que una araña bajo una #caja en el cráter# guarda #[1]#.,YES,NONE,NONE,PASS
Hint::RHT_DEKU_TREE_MQ_AFTER_SPINNING_LOG_CHEST::116,CLEAR,They say that a #temporal stone within the Deku Tree# contains #[1]#.,Dicen que una #piedra temporal dentro del Árbol Deku# contiene #[1]#.,YES,NONE,NONE,PASS
Hint::RHT_DEKU_TREE_MQ_AFTER_SPINNING_LOG_CHEST::117,CLEAR,They say that a #temporal stone within a tree# contains #[1]#.,Dicen que una #piedra temporal dentro de un árbol# contiene #[1]#.,YES,NONE,NONE,PASS
Hint::RHT_DEKU_TREE_MQ_GS_BASEMENT_GRAVES_ROOM::118,CLEAR,They say that a #spider on a ceiling in the Deku Tree# holds #[1]#.,Dicen que una #araña en el techo del Árbol Deku# guarda #[1]#.,YES,NONE,NONE,PASS
Hint::RHT_DEKU_TREE_MQ_GS_BASEMENT_GRAVES_ROOM::119,CLEAR,They say that a #spider on a ceiling in a tree# holds #[1]#.,Dicen que una #araña en el techo de un árbol# guarda #[1]#.,YES,NONE,NONE,PASS
Hint::RHT_DODONGOS_CAVERN_MQ_GS_SONG_OF_TIME_BLOCK_ROOM::120,CLEAR,They say that a spider under #temporal stones in Dodongo's Cavern# holds #[1]#.,Dicen que una araña bajo #piedras temporales en la Cueva de Dodongo# guarda #[1]#.,YES,NONE,NONE,PASS
Hint::RHT_DODONGOS_CAVERN_MQ_GS_SONG_OF_TIME_BLOCK_ROOM::121,CLEAR,They say that a spider under #temporal stones in a cavern# holds #[1]#.,Dicen que una araña bajo #piedras temporales en una cueva# guarda #[1]#.,YES,NONE,NONE,PASS
Hint::RHT_JABU_JABUS_BELLY_BOOMERANG_CHEST::122,CLEAR,They say that a school of #stingers swallowed by Jabu-Jabu# guard #[1]#.,Dicen que una manada de #stingers tragados por Jabu-Jabu# guarda #[1]#.,YES,NONE,NONE,PASS
Hint::RHT_JABU_JABUS_BELLY_BOOMERANG_CHEST::123,CLEAR,They say that a school of #stingers swallowed by a deity# guard #[1]#.,Dicen que una manada de #stingers tragados por un dios# guarda #[1]#.,YES,NONE,NONE,PASS
Hint::RHT_JABU_JABUS_BELLY_MQ_GS_INVISIBLE_ENEMIES_ROOM::124,CLEAR,They say that a spider surrounded by #shadows in Jabu-Jabu's Belly# holds #[1]#.,Dicen que una araña rodeada de #sombras en el Vientre de Jabu-Jabu# guarda #[1]#.,YES,NONE,NONE,PASS
Hint::RHT_JABU_JABUS_BELLY_MQ_GS_INVISIBLE_ENEMIES_ROOM::125,CLEAR,They say that a spider surrounded by #shadows in the belly of a deity# holds #[1]#.,Dicen que una araña rodeada de #sombras en el vientre de un dios# guarda #[1]#.,YES,NONE,NONE,PASS
Hint::RHT_JABU_JABUS_BELLY_MQ_COW::126,CLEAR,They say that a #cow swallowed by Jabu-Jabu# gifts #[1]#.,Dicen que una #vaca tragada por Jabu-Jabu# regala #[1]#.,YES,NONE,NONE,PASS
Hint::RHT_JABU_JABUS_BELLY_MQ_COW::127,CLEAR,They say that a #cow swallowed by a deity# gifts #[1]#.,Dicen que una #vaca tragada por un dios# regala #[1]#.,YES,NONE,NONE,PASS
Hint::RHT_FIRE_TEMPLE_SCARECROW_CHEST::128,CLEAR,They say that #Pierre atop the Fire Temple# hides #[1]#.,Dicen que #Pierre en la cúspide del Templo del Fuego# esconde #[1]#.,YES,NONE,NONE,PASS
Hint::RHT_FIRE_TEMPLE_SCARECROW_CHEST::129,CLEAR,They say that a #scarecrow atop the volcano# hides #[1]#.,Dicen que un #espantapájaros en la cúspide del volcán# esconde #[1]#.,YES,NONE,NONE,PASS
Hint::RHT_FIRE_TEMPLE_MEGATON_HAMMER_CHEST::130,CLEAR,They say that the #Flare Dancer atop the Fire Temple# guards a chest containing #[1]#.,Dicen que el #Flare Dancer en la cúspide del Templo del Fuego# guarda un cofre que contiene #[1]#.,YES,NONE,NONE,PASS
Hint::RHT_FIRE_TEMPLE_MEGATON_HAMMER_CHEST::131,CLEAR,They say that the #Flare Dancer atop the volcano# guards a chest containing #[1]#.,Dicen que el #Flare Dancer en la cúspide del volcán# guarda un cofre que contiene #[1]#.,YES,NONE,NONE,PASS
Hint::RHT_FIRE_TEMPLE_MQ_CHEST_ON_FIRE::132,CLEAR,They say that the #Flare Dancer atop the Fire Temple# guards a chest containing #[1]#.,Dicen que el #Flare Dancer en la cúspide del Templo del Fuego# guarda un cofre que contiene #[1]#.,YES,NONE,NONE,PASS
Hint::RHT_FIRE_TEMPLE_MQ_CHEST_ON_FIRE::133,CLEAR,They say that the #Flare Dancer atop the volcano# guards a chest containing #[1]#.,Dicen que el #Flare Dancer en la cúspide del volcán# guarda un cofre que contiene #[1]#.,YES,NONE,NONE,PASS
Hint::RHT_FIRE_TEMPLE_MQ_GS_SKULL_ON_FIRE::134,CLEAR,They say that a #spider under a block in the Fire Temple# holds #[1]#.,Dicen que una araña bajo un bloque en el #Templo del Fuego# guarda #[1]#.,YES,NONE,NONE,PASS
Hint::RHT_FIRE_TEMPLE_MQ_GS_SKULL_ON_FIRE::135,CLEAR,They say that a #spider under a block in the volcano# holds #[1]#.,Dicen que una araña bajo un bloque en el #volcán# guarda #[1]#.,YES,NONE,NONE,PASS
Hint::RHT_WATER_TEMPLE_RIVER_CHEST::136,CLEAR,They say that beyond the #river in the Water Temple# waits #[1]#.,Dicen que más allá del #río en el Templo del Agua# espera #[1]#.,YES,NONE,NONE,PASS
Hint::RHT_WATER_TEMPLE_RIVER_CHEST::137,CLEAR,They say that beyond the #river under the lake# waits #[1]#.,Dicen que más allá del #río bajo el lago# espera #[1]#.,YES,NONE,NONE,PASS
Hint::RHT_WATER_TEMPLE_BOSS_KEY_CHEST::138,CLEAR,They say that dodging #rolling boulders in the Water Temple# leads to #[1]#.,Dicen que esquivar #rocas rodantes en el Templo del Agua# conduce a #[1]#.,YES,NONE,NONE,PASS
Hint::RHT_WATER_TEMPLE_BOSS_KEY_CHEST::139,CLEAR,They say that dodging #rolling boulders under the lake# leads to #[1]#.,Dicen que esquivar #rocas rodantes bajo el lago# conduce a #[1]#.,YES,NONE,NONE,PASS
Hint::RHT_WATER_TEMPLE_GS_BEHIND_GATE::140,CLEAR,They say that a spider behind a #gate in the Water Temple# holds #[1]#.,Dicen que una araña detrás de una #reja en el Templo del Agua# guarda #[1]#.,YES,NONE,NONE,PASS
Hint::RHT_WATER_TEMPLE_GS_BEHIND_GATE::141,CLEAR,They say that a spider behind a #gate under the lake# holds #[1]#.,Dicen que una araña detrás de una #reja bajo el lago# guarda #[1]#.,YES,NONE,NONE,PASS
Hint::RHT_WATER_TEMPLE_MQ_FREESTANDING_KEY::142,CLEAR,They say that hidden in a #box in the Water Temple# lies #[1]#.,Dicen que escondida en una #caja en el Templo del Agua# yace #[1]#.,YES,NONE,NONE,PASS
Hint::RHT_WATER_TEMPLE_MQ_FREESTANDING_KEY::143,CLEAR,They say that hidden in a #box under the lake# lies #[1]#.,Dicen que escondida en una #caja bajo el lago# yace #[1]#.,YES,NONE,NONE,PASS
Hint::RHT_WATER_TEMPLE_MQ_GS_FREESTANDING_KEY_AREA::144,CLEAR,They say that the #locked spider in the Water Temple# holds #[1]#.,Dicen que la #araña encerrada en el Templo del Agua# guarda #[1]#.,YES,NONE,NONE,PASS
Hint::RHT_WATER_TEMPLE_MQ_GS_FREESTANDING_KEY_AREA::145,CLEAR,They say that the #locked spider under the lake# holds #[1]#.,Dicen que la #araña encerrada bajo el lago# guarda #[1]#.,YES,NONE,NONE,PASS
Hint::RHT_WATER_TEMPLE_MQ_GS_TRIPLE_WALL_TORCH::146,CLEAR,They say that a spider behind a #gate in the Water Temple# holds #[1]#.,Dicen que una araña detrás de una #reja en el Templo del Agua# guarda #[1]#.,YES,NONE,NONE,PASS
Hint::RHT_WATER_TEMPLE_MQ_GS_TRIPLE_WALL_TORCH::147,CLEAR,They say that a spider behind a #gate under the lake# holds #[1]#.,Dicen que una araña detrás de una #reja bajo el lago# guarda #[1]#.,YES,NONE,NONE,PASS
Hint::RHT_GERUDO_TRAINING_GROUND_UNDERWATER_SILVER_RUPEE_CHEST::148,CLEAR,They say that those who seek #sunken silver rupees# will find #[1]#.,Dicen que quienes buscan #rupias plateadas hundidas# encontrarán #[1]#.,YES,NONE,NONE,PASS
Hint::RHT_GERUDO_TRAINING_GROUND_MQ_UNDERWATER_SILVER_RUPEE_CHEST::149,CLEAR,They say that those who seek #sunken silver rupees# will find #[1]#.,Dicen que quienes buscan #rupias plateadas hundidas# encontrarán #[1]#.,YES,NONE,NONE,PASS
Hint::RHT_GERUDO_TRAINING_GROUND_MAZE_PATH_FINAL_CHEST::150,CLEAR,They say that the final prize of #the thieves' training# is #[1]#.,Dicen que el premio final del #entrenamiento de los ladrones# es #[1]#.,YES,NONE,NONE,PASS
Hint::RHT_GERUDO_TRAINING_GROUND_MQ_ICE_ARROWS_CHEST::151,CLEAR,They say that the final prize of #the thieves' training# is #[1]#.,Dicen que el premio final del #entrenamiento de los ladrones# es #[1]#.,YES,NONE,NONE,PASS
Hint::RHT_BOTTOM_OF_THE_WELL_LENS_OF_TRUTH_CHEST::152,CLEAR,They say that #Dead Hand in the well# holds #[1]#.,Dicen que #Dead Hand en el pozo# guarda #[1]#.,YES,NONE,NONE,PASS
Hint::RHT_BOTTOM_OF_THE_WELL_LENS_OF_TRUTH_CHEST::153,CLEAR,They say that the well's #grasping ghoul# hides #[1]#.,Dicen que el #espectral aferrado del pozo# esconde #[1]#.,YES,NONE,NONE,PASS
Hint::RHT_BOTTOM_OF_THE_WELL_LENS_OF_TRUTH_CHEST::154,CLEAR,They say that a #nether dweller in the well# holds #[1]#.,Dicen que un #morador del inframundo en el pozo# guarda #[1]#.,YES,NONE,NONE,PASS
Hint::RHT_BOTTOM_OF_THE_WELL_MQ_COMPASS_CHEST::155,CLEAR,They say that #Dead Hand in the well# holds #[1]#.,Dicen que #Dead Hand en el pozo# guarda #[1]#.,YES,NONE,NONE,PASS
Hint::RHT_BOTTOM_OF_THE_WELL_MQ_COMPASS_CHEST::156,CLEAR,They say that the well's #grasping ghoul# hides #[1]#.,Dicen que el #espectral aferrado del pozo# esconde #[1]#.,YES,NONE,NONE,PASS
Hint::RHT_BOTTOM_OF_THE_WELL_MQ_COMPASS_CHEST::157,CLEAR,They say that a #nether dweller in the well# holds #[1]#.,Dicen que un #morador del inframundo en el pozo# guarda #[1]#.,YES,NONE,NONE,PASS
Hint::RHT_SPIRIT_TEMPLE_SILVER_GAUNTLETS_CHEST::158,CLEAR,They say that upon the #Colossus's right hand# is #[1]#.,Dicen que sobre la #mano derecha del Coloso# está #[1]#.,YES,NONE,NONE,PASS
Hint::RHT_SPIRIT_TEMPLE_SILVER_GAUNTLETS_CHEST::159,CLEAR,They say that the treasure #sought by Nabooru# is #[1]#.,Dicen que el tesoro #buscado por Nabooru# es #[1]#.,YES,NONE,NONE,PASS
Hint::RHT_SPIRIT_TEMPLE_MIRROR_SHIELD_CHEST::160,CLEAR,They say that upon the #Colossus's left hand# is #[1]#.,Dicen que sobre la #mano izquierda del Coloso# está #[1]#.,YES,NONE,NONE,PASS
Hint::RHT_SPIRIT_TEMPLE_MQ_CHILD_HAMMER_SWITCH_CHEST::161,CLEAR,They say that a #temporal paradox in the Spirit Temple# yields #[1]#.,Dicen que una #paradoja temporal en el Templo del Espíritu# produce #[1]#.,YES,NONE,NONE,PASS
Hint::RHT_SPIRIT_TEMPLE_MQ_CHILD_HAMMER_SWITCH_CHEST::162,CLEAR,They say that a #temporal paradox in the Colossus# yields #[1]#.,Dicen que una #paradoja temporal en el Coloso# produce #[1]#.,YES,NONE,NONE,PASS
Hint::RHT_SPIRIT_TEMPLE_MQ_SYMPHONY_ROOM_CHEST::163,CLEAR,They say that a #symphony in the Spirit Temple# yields #[1]#.,Dicen que una #sinfonía en el Templo del Espíritu# produce #[1]#.,YES,NONE,NONE,PASS
Hint::RHT_SPIRIT_TEMPLE_MQ_SYMPHONY_ROOM_CHEST::164,CLEAR,They say that a #symphony in the Colossus# yields #[1]#.,Dicen que una #sinfonía en el Coloso# produce #[1]#.,YES,NONE,NONE,PASS
Hint::RHT_SPIRIT_TEMPLE_MQ_GS_SYMPHONY_ROOM::165,CLEAR,They say that a #spider's symphony in the Spirit Temple# yields #[1]#.,Dicen que una #sinfonía de arañas en el Templo del Espíritu# produce #[1]#.,YES,NONE,NONE,PASS
Hint::RHT_SPIRIT_TEMPLE_MQ_GS_SYMPHONY_ROOM::166,CLEAR,They say that a #spider's symphony in the Colossus# yields #[1]#.,Dicen que una #sinfonía de arañas en el Coloso# produce #[1]#.,YES,NONE,NONE,PASS
Hint::RHT_SHADOW_TEMPLE_INVISIBLE_FLOORMASTER_CHEST::167,CLEAR,They say that shadows in an #invisible maze# guard #[1]#.,Dicen que sombras en un #laberinto invisible# guardan #[1]#.,YES,NONE,NONE,PASS
Hint::RHT_SHADOW_TEMPLE_MQ_BOMB_FLOWER_CHEST::168,CLEAR,They say that shadows in an #invisible maze# guard #[1]#.,Dicen que sombras en un #laberinto invisible# guardan #[1]#.,YES,NONE,NONE,PASS
Hint::RHT_DESERT_COLOSSUS_TO_COLOSSUS_GROTTO::169,CLEAR,They say that lifting a #rock in the desert# reveals #[1]#.,Dicen que levantar una #roca en el desierto# revela #[1]#.,YES,NONE,NONE,PASS
Hint::RHT_GV_GROTTO_LEDGE_TO_GV_OCTOROK_GROTTO::170,CLEAR,They say that a rock on #a ledge in the valley# hides #[1]#.,Dicen que una roca en un #baldío del valle# esconde #[1]#.,YES,NONE,NONE,PASS
Hint::RHT_GC_GROTTO_PLATFORM_TO_GC_GROTTO::171,CLEAR,They say that a #pool of lava# in Goron City blocks the way to #[1]#.,Dicen que una #piscina de lava# en Ciudad Goron bloquea el camino hacia #[1]#.,YES,NONE,NONE,PASS
Hint::RHT_GERUDO_FORTRESS_TO_GF_STORMS_GROTTO::172,CLEAR,They say that a #storm within Gerudo's Fortress# reveals #[1]#.,Dicen que una #tormenta dentro de la Fortaleza Gerudo# revela #[1]#.,YES,NONE,NONE,PASS
Hint::RHT_ZORAS_DOMAIN_TO_ZD_STORMS_GROTTO::173,CLEAR,They say that a #storm within Zora's Domain# reveals #[1]#.,Dicen que una #tormenta dentro del Dominio Zora# revela #[1]#.,YES,NONE,NONE,PASS
Hint::RHT_HYRULE_CASTLE_GROUNDS_TO_HC_STORMS_GROTTO::174,CLEAR,They say that a #storm near the castle# reveals #[1]#.,Dicen que una #tormenta cerca del castillo# revela #[1]#.,YES,NONE,NONE,PASS
Hint::RHT_GV_FORTRESS_SIDE_TO_GV_STORMS_GROTTO::175,CLEAR,They say that a #storm in the valley# reveals #[1]#.,Dicen que una #tormenta en el valle# revela #[1]#.,YES,NONE,NONE,PASS
Hint::RHT_DESERT_COLOSSUS_TO_COLOSSUS_GREAT_FAIRY_FOUNTAIN::176,CLEAR,They say that a #fractured desert wall# hides #[1]#.,Dicen que una #pared agrietada del desierto# esconde #[1]#.,YES,NONE,NONE,PASS
Hint::RHT_GANONS_CASTLE_GROUNDS_TO_OGC_GREAT_FAIRY_FOUNTAIN::177,CLEAR,They say that a #heavy pillar# outside the castle obstructs #[1]#.,Dicen que un #pesado pilar# fuera del castillo obstruye #[1]#.,YES,NONE,NONE,PASS
Hint::RHT_ZORAS_FOUNTAIN_TO_ZF_GREAT_FAIRY_FOUNTAIN::178,CLEAR,They say that a #fountain wall# hides #[1]#.,Dicen que una #pared de la fuente# esconde #[1]#.,YES,NONE,NONE,PASS
Hint::RHT_GV_FORTRESS_SIDE_TO_GV_CARPENTER_TENT::179,CLEAR,They say that a #tent in the valley# covers #[1]#.,Dicen que una #carpa en el valle# cubre #[1]#.,YES,NONE,NONE,PASS
Hint::RHT_GRAVEYARD_WARP_PAD_REGION_TO_SHADOW_TEMPLE_ENTRYWAY::180,CLEAR,"They say that at the #back of the Graveyard#, there is #[1]#.","Dicen que al #fondo del Cementerio#, hay #[1]#.",YES,NONE,NONE,PASS
Hint::RHT_LAKE_HYLIA_TO_WATER_TEMPLE_LOBBY::181,CLEAR,"They say that deep #under a vast lake#, one can find #[1]#.","Dicen que en lo profundo #bajo un vasto lago#, se puede encontrar #[1]#.",YES,NONE,NONE,PASS
Hint::RHT_GERUDO_FORTRESS_TO_GERUDO_TRAINING_GROUND_LOBBY::182,CLEAR,They say that paying a #fee to the Gerudos# grants access to #[1]#.,Dicen que pagar una #tarifa a los Gerudo# otorga acceso a #[1]#.,YES,NONE,NONE,PASS
Hint::RHT_ZORAS_FOUNTAIN_TO_JABU_JABUS_BELLY_BEGINNING::183,CLEAR,"They say that inside #Jabu-Jabu#, one can find #[1]#.","Dicen que dentro de #Jabu-Jabu#, se puede encontrar #[1]#.",YES,NONE,NONE,PASS
Hint::RHT_KAKARIKO_VILLAGE_TO_BOTTOM_OF_THE_WELL::184,CLEAR,They say that a #village well# leads to #[1]#.,Dicen que un #pozo del pueblo# conduce a #[1]#.,YES,NONE,NONE,PASS
Hint::RHT_LINKS_POCKET::185,CLEAR,Link's Pocket,el bolsillo de Link,YES,NONE,NONE,PASS
Hint::RHT_KOKIRI_FOREST::186,CLEAR,Kokiri Forest,Bosque Kokiri,YES,NONE,NONE,PASS
Hint::RHT_THE_LOST_WOODS::187,CLEAR,the Lost Woods,el Bosque Perdido,YES,NONE,NONE,PASS
Hint::RHT_SACRED_FOREST_MEADOW::188,CLEAR,Sacred Forest Meadow,Pradera Sagrada del Bosque,YES,NONE,NONE,PASS
Hint::RHT_HYRULE_FIELD::189,CLEAR,Hyrule Field,Campo de Hyrule,YES,NONE,NONE,PASS
Hint::RHT_LAKE_HYLIA::190,CLEAR,Lake Hylia,Lago Hylia,YES,NONE,NONE,PASS
Hint::RHT_GERUDO_VALLEY::191,CLEAR,Gerudo Valley,Valle Gerudo,YES,NONE,NONE,PASS
Hint::RHT_GERUDO_FORTRESS::192,CLEAR,Gerudo's Fortress,Fortaleza Gerudo,YES,NONE,NONE,PASS
Hint::RHT_HAUNTED_WASTELAND::193,CLEAR,Haunted Wasteland,Páramo Embrujado,YES,NONE,NONE,PASS
Hint::RHT_DESERT_COLOSSUS::194,CLEAR,Desert Colossus,Coloso del Desierto,YES,NONE,NONE,PASS
Hint::RHT_THE_MARKET::195,CLEAR,the Market,el Mercado,YES,NONE,NONE,PASS
Hint::RHT_TEMPLE_OF_TIME::196,CLEAR,Temple of Time,Templo del Tiempo,YES,NONE,NONE,PASS
Hint::RHT_CASTLE_GROUNDS::197,CLEAR,the Castle Grounds,los Jardines del Castillo,YES,NONE,NONE,PASS
Hint::RHT_HYRULE_CASTLE::198,CLEAR,Hyrule Castle,Castillo de Hyrule,YES,NONE,NONE,PASS
Hint::RHT_OUTSIDE_GANONS_CASTLE::199,CLEAR,outside Ganon's Castle,fuera del Castillo de Ganon,YES,NONE,NONE,PASS
Hint::RHT_KAKARIKO_VILLAGE::200,CLEAR,Kakariko Village,Pueblo Kakariko,YES,NONE,NONE,PASS
Hint::RHT_THE_GRAVEYARD::201,CLEAR,the Graveyard,el Cementerio,YES,NONE,NONE,PASS
Hint::RHT_DEATH_MOUNTAIN_TRAIL::202,CLEAR,Death Mountain Trail,Camino de la Montaña Muerte,YES,NONE,NONE,PASS
Hint::RHT_GORON_CITY::203,CLEAR,Goron City,Ciudad Goron,YES,NONE,NONE,PASS
Hint::RHT_DEATH_MOUNTAIN_CRATER::204,CLEAR,Death Mountain Crater,Cráter de la Montaña Muerte,YES,NONE,NONE,PASS
Hint::RHT_ZORAS_RIVER::205,CLEAR,Zora's River,Río Zora,YES,NONE,NONE,PASS
Hint::RHT_ZORAS_DOMAIN::206,CLEAR,Zora's Domain,Dominio Zora,YES,NONE,NONE,PASS
Hint::RHT_ZORAS_FOUNTAIN::207,CLEAR,Zora's Fountain,Fuente Zora,YES,NONE,NONE,PASS
Hint::RHT_LON_LON_RANCH::208,CLEAR,Lon Lon Ranch,Rancho Lon Lon,YES,NONE,NONE,PASS
Hint::RHT_KF_LINKS_HOUSE::209,CLEAR,Link's House,Casa de Link,YES,NONE,NONE,PASS
Hint::RHT_KF_MIDOS_HOUSE::210,CLEAR,Mido's house,casa de Mido,YES,NONE,NONE,PASS
Hint::RHT_KF_SARIAS_HOUSE::211,CLEAR,Saria's House,Casa de Saria,YES,NONE,NONE,PASS
Hint::RHT_KF_HOUSE_OF_TWINS::212,CLEAR,the #House of Twins#,la #Casa de los Gemelos#,YES,NONE,NONE,PASS
Hint::RHT_KF_KNOW_IT_ALL_HOUSE::213,CLEAR,Know-It-All Brothers' House,Casa de los Hermanos Sabiondo,YES,NONE,NONE,PASS
Hint::RHT_KF_KOKIRI_SHOP::214,CLEAR,the #Kokiri Shop#,la #Tienda Kokiri#,YES,NONE,NONE,PASS
Hint::RHT_LH_LAB::215,CLEAR,the #Lakeside Laboratory#,el #Laboratorio del Lago#,YES,NONE,NONE,PASS
Hint::RHT_LH_FISHING_POND::216,CLEAR,the #Fishing Pond#,el #Estanque de Pesca#,YES,NONE,NONE,PASS
Hint::RHT_GV_CARPENTER_TENT::217,CLEAR,the #Carpenters' tent#,la #carpa de los Carpinteros#,YES,NONE,NONE,PASS
Hint::RHT_MARKET_GUARD_HOUSE::218,CLEAR,the #Guard House#,la #Casa de la Guardia#,YES,NONE,NONE,PASS
Hint::RHT_MARKET_MASK_SHOP::219,CLEAR,the #Happy Mask Shop#,la #Tienda de Máscaras Felices#,YES,NONE,NONE,PASS
Hint::RHT_MARKET_BOMBCHU_BOWLING::220,CLEAR,the #Bombchu Bowling Alley#,la #Bolera Bombchu#,YES,NONE,NONE,PASS
Hint::RHT_MARKET_POTION_SHOP::221,CLEAR,the #Market Potion Shop#,la #Tienda de Pociones del Mercado#,YES,NONE,NONE,PASS
Hint::RHT_MARKET_TREASURE_CHEST_GAME::222,CLEAR,the #Treasure Chest Shop#,la #Tienda de Cofres del Tesoro#,YES,NONE,NONE,PASS
Hint::RHT_MARKET_BOMBCHU_SHOP::223,CLEAR,the #Bombchu Shop#,la #Tienda Bombchu#,YES,NONE,NONE,PASS
Hint::RHT_MARKET_MAN_IN_GREEN_HOUSE::224,CLEAR,Man in Green's House,Casa del Hombre de Verde,YES,NONE,NONE,PASS
Hint::RHT_KAK_WINDMILL::225,CLEAR,the #Windmill#,el #Molino#,YES,NONE,NONE,PASS
Hint::RHT_KAK_CARPENTER_BOSS_HOUSE::226,CLEAR,the #Carpenters' Boss House#,la #Casa del Jefe Carpintero#,YES,NONE,NONE,PASS
Hint::RHT_KAK_HOUSE_OF_SKULLTULA::227,CLEAR,the #House of Skulltula#,la #Casa de Skulltula#,YES,NONE,NONE,PASS
Hint::RHT_KAK_IMPAS_HOUSE::228,CLEAR,Impa's House,Casa de Impa,YES,NONE,NONE,PASS
Hint::RHT_KAK_IMPAS_HOUSE_BACK::229,CLEAR,Impa's cow cage,jaula de la vaca de Impa,YES,NONE,NONE,PASS
Hint::RHT_KAK_ODD_POTION_BUILDING::230,CLEAR,Granny's Potion Shop,Tienda de Pociones de la Abuelita,YES,NONE,NONE,PASS
Hint::RHT_GRAVEYARD_DAMPES_HOUSE::231,CLEAR,Dampé's Hut,Cabaña de Dampé,YES,NONE,NONE,PASS
Hint::RHT_GC_SHOP::232,CLEAR,the #Goron Shop#,la #Tienda Goron#,YES,NONE,NONE,PASS
Hint::RHT_ZD_SHOP::233,CLEAR,the #Zora Shop#,la #Tienda Zora#,YES,NONE,NONE,PASS
Hint::RHT_LLR_TALONS_HOUSE::234,CLEAR,Talon's House,Casa de Talon,YES,NONE,NONE,PASS
Hint::RHT_LLR_STABLES::235,CLEAR,a #stable#,una #cuadra#,YES,NONE,NONE,PASS
Hint::RHT_LLR_TOWER::236,CLEAR,the #Lon Lon Tower#,la #Torre Lon Lon#,YES,NONE,NONE,PASS
Hint::RHT_MARKET_BAZAAR::237,CLEAR,the #Market Bazaar#,el #Bazar del Mercado#,YES,NONE,NONE,PASS
Hint::RHT_MARKET_SHOOTING_GALLERY::238,CLEAR,a #Slingshot Shooting Gallery#,una #Galería de Tiro con resortera#,YES,NONE,NONE,PASS
Hint::RHT_KAK_BAZAAR::239,CLEAR,the #Kakariko Bazaar#,el #Bazar de Kakariko#,YES,NONE,NONE,PASS
Hint::RHT_KAK_POTION_SHOP_FRONT::240,CLEAR,the #Kakariko Potion Shop#,la #Tienda de Pociones de Kakariko#,YES,NONE,NONE,PASS
Hint::RHT_KAK_POTION_SHOP_BACK::241,CLEAR,the #Kakariko Potion Shop#,la #Tienda de Pociones de Kakariko#,YES,NONE,NONE,PASS
Hint::RHT_KAK_SHOOTING_GALLERY::242,CLEAR,a #Bow Shooting Gallery#,una #Galería de Tiro con Arco#,YES,NONE,NONE,PASS
Hint::RHT_COLOSSUS_GREAT_FAIRY_FOUNTAIN::243,CLEAR,a #Great Fairy Fountain#,una #Fuente del Hada#,YES,NONE,NONE,PASS
Hint::RHT_HC_GREAT_FAIRY_FOUNTAIN::244,CLEAR,a #Great Fairy Fountain#,una #Fuente del Hada#,YES,NONE,NONE,PASS
Hint::RHT_OGC_GREAT_FAIRY_FOUNTAIN::245,CLEAR,a #Great Fairy Fountain#,una #Fuente del Hada#,YES,NONE,NONE,PASS
Hint::RHT_DMC_GREAT_FAIRY_FOUNTAIN::246,CLEAR,a #Great Fairy Fountain#,una #Fuente del Hada#,YES,NONE,NONE,PASS
Hint::RHT_DMT_GREAT_FAIRY_FOUNTAIN::247,CLEAR,a #Great Fairy Fountain#,una #Fuente del Hada#,YES,NONE,NONE,PASS
Hint::RHT_ZF_GREAT_FAIRY_FOUNTAIN::248,CLEAR,a #Great Fairy Fountain#,una #Fuente del Hada#,YES,NONE,NONE,PASS
Hint::RHT_GRAVEYARD_SHIELD_GRAVE::249,CLEAR,a #grave with a free chest#,una #tumba con un cofre libre#,YES,NONE,NONE,PASS
Hint::RHT_GRAVEYARD_HEART_PIECE_GRAVE::250,CLEAR,a chest spawned by #Sun's Song#,un cofre aparecido por #Canción del Sol#,YES,NONE,NONE,PASS
Hint::RHT_GRAVEYARD_COMPOSERS_GRAVE::251,CLEAR,the #Composers' Grave#,la #Tumba de los Compositores#,YES,NONE,NONE,PASS
Hint::RHT_GRAVEYARD_DAMPES_GRAVE::252,CLEAR,Dampé's Grave,Tumba de Dampé,YES,NONE,NONE,PASS
Hint::RHT_DMT_COW_GROTTO::253,CLEAR,a solitary #Cow#,una solitaria #Vaca#,YES,NONE,NONE,PASS
Hint::RHT_HC_STORMS_GROTTO::254,CLEAR,a sandy grotto with #fragile walls#,una cueva arenosa con #paredes frágiles#,YES,NONE,NONE,PASS
Hint::RHT_HF_TEKTITE_GROTTO::255,CLEAR,a pool guarded by a #Tektite#,una poza vigilada por un #Tektite#,YES,NONE,NONE,PASS
Hint::RHT_HF_NEAR_KAK_GROTTO::256,CLEAR,a #Big Skulltula# guarding a Gold one,un #Big Skulltula# custodiando uno Dorado,YES,NONE,NONE,PASS
Hint::RHT_HF_COW_GROTTO::257,CLEAR,a grotto full of #spider webs#,una cueva llena de #telarañas#,YES,NONE,NONE,PASS
Hint::RHT_KAK_REDEAD_GROTTO::258,CLEAR,#ReDeads# guarding a chest,#ReDeads# custodiando un cofre,YES,NONE,NONE,PASS
Hint::RHT_SFM_WOLFOS_GROTTO::259,CLEAR,#Wolfos# guarding a chest,#Wolfos# custodiando un cofre,YES,NONE,NONE,PASS
Hint::RHT_GV_OCTOROK_GROTTO::260,CLEAR,an #Octorok# guarding a rich pool,un #Octorok# custodiando una poza rica,YES,NONE,NONE,PASS
Hint::RHT_DEKU_THEATER::261,CLEAR,the #Lost Woods Stage#,el #Escenario del Bosque Perdido#,YES,NONE,NONE,PASS
Hint::RHT_ZR_OPEN_GROTTO::262,CLEAR,a #generic grotto#,una #cueva genérica#,YES,NONE,NONE,PASS
Hint::RHT_DMC_UPPER_GROTTO::263,CLEAR,a #generic grotto#,una #cueva genérica#,YES,NONE,NONE,PASS
Hint::RHT_DMT_STORMS_GROTTO::264,CLEAR,a #generic grotto#,una #cueva genérica#,YES,NONE,NONE,PASS
Hint::RHT_KAK_OPEN_GROTTO::265,CLEAR,a #generic grotto#,una #cueva genérica#,YES,NONE,NONE,PASS
Hint::RHT_HF_NEAR_MARKET_GROTTO::266,CLEAR,a #generic grotto#,una #cueva genérica#,YES,NONE,NONE,PASS
Hint::RHT_HF_OPEN_GROTTO::267,CLEAR,a #generic grotto#,una #cueva genérica#,YES,NONE,NONE,PASS
Hint::RHT_HF_SOUTHEAST_GROTTO::268,CLEAR,a #generic grotto#,una #cueva genérica#,YES,NONE,NONE,PASS
Hint::RHT_KF_STORMS_GROTTO::269,CLEAR,a #generic grotto#,una #cueva genérica#,YES,NONE,NONE,PASS
Hint::RHT_LW_NEAR_SHORTCUTS_GROTTO::270,CLEAR,a #generic grotto#,una #cueva genérica#,YES,NONE,NONE,PASS
Hint::RHT_HF_INSIDE_FENCE_GROTTO::271,CLEAR,a #single Upgrade Deku Scrub#,un #solo Deku Scrub de Mejora#,YES,NONE,NONE,PASS
Hint::RHT_LW_SCRUBS_GROTTO::272,CLEAR,#2 Deku Scrubs# including an Upgrade one,#2 Deku Scrubs# incluyendo uno de Mejora,YES,NONE,NONE,PASS
Hint::RHT_COLOSSUS_GROTTO::273,CLEAR,2 Deku Scrubs,2 Deku Scrubs,YES,NONE,NONE,PASS
Hint::RHT_ZR_STORMS_GROTTO::274,CLEAR,2 Deku Scrubs,2 Deku Scrubs,YES,NONE,NONE,PASS
Hint::RHT_SFM_STORMS_GROTTO::275,CLEAR,2 Deku Scrubs,2 Deku Scrubs,YES,NONE,NONE,PASS
Hint::RHT_GV_STORMS_GROTTO::276,CLEAR,2 Deku Scrubs,2 Deku Scrubs,YES,NONE,NONE,PASS
Hint::RHT_LH_GROTTO::277,CLEAR,3 Deku Scrubs,3 Deku Scrubs,YES,NONE,NONE,PASS
Hint::RHT_DMC_HAMMER_GROTTO::278,CLEAR,3 Deku Scrubs,3 Deku Scrubs,YES,NONE,NONE,PASS
Hint::RHT_GC_GROTTO::279,CLEAR,3 Deku Scrubs,3 Deku Scrubs,YES,NONE,NONE,PASS
Hint::RHT_LLR_GROTTO::280,CLEAR,3 Deku Scrubs,3 Deku Scrubs,YES,NONE,NONE,PASS
Hint::RHT_ZR_FAIRY_GROTTO::281,CLEAR,a small #Fairy Fountain#,una pequeña #Fuente del Hada#,YES,NONE,NONE,PASS
Hint::RHT_HF_FAIRY_GROTTO::282,CLEAR,a small #Fairy Fountain#,una pequeña #Fuente del Hada#,YES,NONE,NONE,PASS
Hint::RHT_SFM_FAIRY_GROTTO::283,CLEAR,a small #Fairy Fountain#,una pequeña #Fuente del Hada#,YES,NONE,NONE,PASS
Hint::RHT_ZD_STORMS_GROTTO::284,CLEAR,a small #Fairy Fountain#,una pequeña #Fuente del Hada#,YES,NONE,NONE,PASS
Hint::RHT_GF_STORMS_GROTTO::285,CLEAR,a small #Fairy Fountain#,una pequeña #Fuente del Hada#,YES,NONE,NONE,PASS
Hint::RHT_JUNK01::286,JOKE,"They say you must read the names of \""Special Deal\"" shop items carefully.","Dicen que debes leer los nombres de \""Oferta Especial\"" de los artículos de la tienda con cuidado.",YES,NONE,NONE,PASS
Hint::RHT_JUNK02::287,JOKE,They say that Zelda is a poor leader.,Dicen que Zelda es una líder mediocre.,YES,NONE,NONE,PASS
Hint::RHT_JUNK03::288,JOKE,These hints can be quite useful. This is an exception.,Estas pistas pueden ser bastante útiles. Esta es la excepción.,YES,NONE,NONE,PASS
Hint::RHT_JUNK04::289,JOKE,They say that the Lizalfos in Dodongo's Cavern like to play in lava.,Dicen que los Lizalfos en la Cueva de Dodongo les gusta jugar en la lava.,YES,NONE,NONE,PASS
Hint::RHT_JUNK05::290,JOKE,They say that all the Zora drowned in Wind Waker.,Dicen que todos los Zora se ahogaron en The Wind Waker.,YES,NONE,NONE,PASS
Hint::RHT_JUNK06::291,JOKE,"If Gorons eat rocks, does that mean I'm in danger?","Si los Goron comen rocas, ¿eso significa que yo estoy en peligro?",YES,NONE,NONE,PASS
Hint::RHT_JUNK07::292,JOKE,'Member when Ganon was a blue pig? --- PAGE --- I 'member.,¿Recuerdas cuando Ganon era un cerdo azul? --- PAGE --- Yo recuerdo.,YES,NONE,NONE,PASS
Hint::RHT_JUNK08::293,JOKE,One who does not have Triforce can't go in.,Quien no tenga la Trifuerza no puede entrar.,YES,NONE,NONE,PASS
Hint::RHT_JUNK09::294,JOKE,"Save your future, end the Happy Mask Salesman.","Salva tu futuro, termina con el Vendedor de Máscaras Felices.",YES,NONE,NONE,PASS
Hint::RHT_JUNK10::295,JOKE,Glitches are a pathway to many abilities some consider to be... Unnatural.,Los glitches son un camino hacia muchas habilidades que algunos consideran... antinaturales.,YES,NONE,NONE,PASS
Hint::RHT_JUNK11::296,JOKE,I'm stoned. Get it?,Estoy drogado. ¿Entendiste?,YES,NONE,NONE,PASS
Hint::RHT_JUNK12::297,JOKE,Hoot! Hoot! Would you like me to repeat that?,¡Hoot! ¡Hoot! ¿Te gustaría que te repita eso?,YES,NONE,NONE,PASS
Hint::RHT_JUNK13::298,JOKE,Gorons are stupid. They eat rocks.,Los Goron son estúpidos. Comen rocas.,YES,NONE,NONE,PASS
Hint::RHT_JUNK14::299,JOKE,They say that Lon Lon Ranch prospered under Ingo.,Dicen que el Rancho Lon Lon prosperó bajo Ingo.,YES,NONE,NONE,PASS
Hint::RHT_JUNK15::300,JOKE,"They say without the Lens of Truth, the Treasure Chest Mini-Game is a 1 out of 32 chance. --- PAGE --- Good luck!","Dicen que sin la Lente de la Verdad, el Mini-Juego de Cofres del Tesoro es una oportunidad de 1 entre 32. --- PAGE --- ¡Buena suerte!",YES,NONE,NONE,PASS
Hint::RHT_JUNK16::301,JOKE,Use bombs wisely.,Usa las bombas sabiamente.,YES,NONE,NONE,PASS
Hint::RHT_JUNK17::302,JOKE,"They say that players who select the \""ON\"" option for \""MOTION CONTROL\"" are the real \""Zelda players!\""","Dicen que los jugadores que seleccionan la opción \""ON\"" para \""CONTROL DE MOVIMIENTO\"" son los verdaderos ¡\""jugadores de Zelda!\""",YES,NONE,NONE,PASS
Hint::RHT_JUNK18::303,JOKE,L2P @.,AP @.,YES,NONE,NONE,PASS
Hint::RHT_JUNK19::304,JOKE,I bet you'd like to have more bombs.,Apuesto a que te gustaría tener más bombas.,YES,NONE,NONE,PASS
Hint::RHT_JUNK20::305,JOKE,"When all else fails, use Fire.","Cuando todo falle, usa Fuego.",YES,NONE,NONE,PASS
Hint::RHT_JUNK21::306,JOKE,"Here's a hint, @. Don't be bad.","Aquí tienes una pista, @. No seas malo.",YES,NONE,NONE,PASS
Hint::RHT_JUNK22::307,JOKE,Game Over. Return of Ganon.,Fin del Juego. El Regreso de Ganon.,YES,NONE,NONE,PASS
Hint::RHT_JUNK23::308,JOKE,May the way of the Hero lead to the Triforce.,Que el camino del Héroe conduzca a la Trifuerza.,YES,NONE,NONE,PASS
Hint::RHT_JUNK24::309,JOKE,Can't find an item? Scan an Amiibo.,¿No encuentras un objeto? Escanea un Amiibo.,YES,NONE,NONE,PASS
Hint::RHT_JUNK25::310,JOKE,They say this game has just a few glitches.,Dicen que este juego tiene solo algunos glitches.,YES,NONE,NONE,PASS
Hint::RHT_JUNK26::311,JOKE,BRRING BRRING This is Ulrira. Wrong number?,RING RING Aquí Ulrira. ¿Número equivocado?,YES,NONE,NONE,PASS
Hint::RHT_JUNK27::312,JOKE,Tingle Tingle Kooloo Limpah!,¡Tingle Tingle Kooloo Limpah!,YES,NONE,NONE,PASS
Hint::RHT_JUNK28::313,JOKE,L is real 2401,L es real 2401,YES,NONE,NONE,PASS
Hint::RHT_JUNK29::314,JOKE,They say that Ganondorf will appear in the next Mario Tennis.,Dicen que Ganondorf aparecerá en el próximo Mario Tennis.,YES,NONE,NONE,PASS
Hint::RHT_JUNK30::315,JOKE,They say Medigoron sells the earliest Breath of the Wild demo.,Dicen que Medigoron vende la demo más temprana de Breath of the Wild.,YES,NONE,NONE,PASS
Hint::RHT_JUNK31::316,JOKE,Can you move me? I don't get great service here.,¿Puedes trasladarme? No recibo buen servicio aquí.,YES,NONE,NONE,PASS
Hint::RHT_JUNK32::317,JOKE,"They say if you use Strength on the truck, you can find Mew.","Dicen que si usas Fuerza en el camión, puedes encontrar a Mew.",YES,NONE,NONE,PASS
Hint::RHT_JUNK33::318,JOKE,"I'm a helpful hint Gossip Stone! --- PAGE --- See, I'm helping.","¡Soy una Piedra Parlante de Pistas útil! --- PAGE --- Mira, estoy ayudando.",YES,NONE,NONE,PASS
Hint::RHT_JUNK34::319,JOKE,"Dear @, please come to the castle. I've baked a cake for you. Yours truly, Princess Zelda.","Querido @, por favor ven al castillo. He horneado un pastelo para ti. Tuyo sinceramente, Princesa Zelda.",YES,NONE,NONE,PASS
Hint::RHT_JUNK35::320,JOKE,They say all toasters toast toast.,Dicen que todas las tostadoras tuestan pan.,YES,NONE,NONE,PASS
Hint::RHT_JUNK36::321,JOKE,"You thought it would be a useful hint, but it was me, junk hint!","Pensaste que sería una pista útil, ¡pero era yo, la pista basura!",YES,NONE,NONE,PASS
Hint::RHT_JUNK37::322,JOKE,They say that quest guidance can be found at a talking rock.,Dicen que la orientación de la misión se puede encontrar en una roca parlante.,YES,NONE,NONE,PASS
Hint::RHT_JUNK38::323,JOKE,They say that the final item you're looking for can be found somewhere in Hyrule.,Dicen que el objeto final que buscas se puede encontrar en algún lugar de Hyrule.,YES,NONE,NONE,PASS
Hint::RHT_JUNK39::324,JOKE,Mweep. --- PAGE --- Mweep. --- PAGE --- Mweep. --- PAGE --- Mweep. --- PAGE --- Mweep. --- PAGE --- Mweep. --- PAGE --- Mweep. --- PAGE --- Mweep. --- PAGE --- Mweep. --- PAGE --- Mweep. --- PAGE --- Mweep. --- PAGE --- Mweep.,Mweep. --- PAGE --- Mweep. --- PAGE --- Mweep. --- PAGE --- Mweep. --- PAGE --- Mweep. --- PAGE --- Mweep. --- PAGE --- Mweep. --- PAGE --- Mweep. --- PAGE --- Mweep. --- PAGE --- Mweep. --- PAGE --- Mweep. --- PAGE --- Mweep.,YES,NONE,NONE,PASS
Hint::RHT_JUNK40::325,JOKE,They say that Barinade fears Deku Nuts.,Dicen que Barinade teme a las Nueces Deku.,YES,NONE,NONE,PASS
Hint::RHT_JUNK41::326,JOKE,They say that Flare Dancers do not fear Goron-crafted blades.,Dicen que los Flare Dancers no temen a las espadas forjadas por los Goron.,YES,NONE,NONE,PASS
Hint::RHT_JUNK42::327,JOKE,They say that Morpha is easily trapped in a corner.,Dicen que Morpha es fácilmente atrapado en una esquina.,YES,NONE,NONE,PASS
Hint::RHT_JUNK43::328,JOKE,They say that Bongo Bongo really hates the cold.,Dicen que Bongo Bongo realmente odia el frío.,YES,NONE,NONE,PASS
Hint::RHT_JUNK44::329,JOKE,They say that your sword is most powerful when you put it away.,Dicen que tu espada es más poderosa cuando la guardas.,YES,NONE,NONE,PASS
Hint::RHT_JUNK45::330,JOKE,They say that bombing the hole Volvagia last flew into can be rewarding.,Dicen que poner bombas en el agujero donde Volvagia voló por última vez puede ser recompensado.,YES,NONE,NONE,PASS
Hint::RHT_JUNK46::331,JOKE,They say that invisible ghosts can be exposed with Deku Nuts.,Dicen que los fantasmas invisibles se pueden exponer con Nueces Deku.,YES,NONE,NONE,PASS
Hint::RHT_JUNK47::332,JOKE,They say that the real Phantom Ganon is bright and loud.,Dicen que el verdadero Phantom Ganon es brillante y ruidoso.,YES,NONE,NONE,PASS
Hint::RHT_JUNK48::333,JOKE,They say that walking backwards is very fast.,Dicen que caminar hacia atrás es muy rápido.,YES,NONE,NONE,PASS
Hint::RHT_JUNK49::334,JOKE,They say Ingo is not very good at planning ahead.,Dicen que Ingo no es muy bueno planeando con anticipación.,YES,NONE,NONE,PASS
Hint::RHT_JUNK50::335,JOKE,"You found a spiritual Stone! By which I mean, I worship Nayru.",¡Encontraste una Piedra Espiritual! A lo que me refiero es que adoro a Nayru.,YES,NONE,NONE,PASS
Hint::RHT_JUNK51::336,JOKE,"Open your eyes. --- PAGE --- Open your eyes. --- PAGE --- Wake up, @.","Abre los ojos. --- PAGE --- Abre los ojos. --- PAGE --- Despierta, @.",YES,NONE,NONE,PASS
Hint::RHT_JUNK52::337,JOKE,They say that the Nocturne of Shadow can bring you very close to Ganon.,Dicen que el Nocturno de la Sombra puede llevarte muy cerca de Ganon.,YES,NONE,NONE,PASS
Hint::RHT_JUNK53::338,JOKE,They say that Twinrova always casts the same spell the first three times.,Dicen que Twinrova siempre lanza el mismo hechizo las primeras tres veces.,YES,NONE,NONE,PASS
Hint::RHT_JUNK54::339,JOKE,They say that the nightly builds may be unstable.,Dicen que las compilaciones nocturnas pueden ser inestables.,YES,NONE,NONE,PASS
Hint::RHT_JUNK55::340,JOKE,You're playing a Randomizer. I'm randomized! --- PAGE --- Here's a random number:  #4#. Enjoy your Randomizer!,Estás jugando un Randomizer. ¡Yo estoy aleatorizado! --- PAGE --- Aquí tienes un número aleatorio: #4#. ¡Disfruta tu Randomizer!,YES,NONE,NONE,PASS
Hint::RHT_JUNK56::341,JOKE,They say Ganondorf's bolts can be reflected with glass or steel.,Dicen que los rayos de Ganondorf se pueden reflejar con vidrio o acero.,YES,NONE,NONE,PASS
Hint::RHT_JUNK58::342,JOKE,"They say that you're wasting time reading this hint, but I disagree. Talk to me again!","Dicen que estás perdiendo el tiempo leyendo esta pista, pero yo no estoy de acuerdo. ¡Háblame de nuevo!",YES,NONE,NONE,PASS
Hint::RHT_JUNK59::343,JOKE,They say Ganondorf knows where to find the instrument of his doom.,Dicen que Ganondorf sabe dónde encontrar el instrumento de su perdición.,YES,NONE,NONE,PASS
Hint::RHT_JUNK60::344,JOKE,I heard @ is pretty good at Zelda.,Escuché que @ es bastante bueno en Zelda.,YES,NONE,NONE,PASS
Hint::RHT_JUNK61::345,JOKE,"Hi @, we've been trying to reach you about your car's extended warranty.","Hola @, hemos intentado contactarte sobre la garantía extendida de tu auto.",YES,NONE,NONE,PASS
Hint::RHT_JUNK62::346,JOKE,They say that it's actually possible to beat the running man.,Dicen que en realidad es posible vencer al hombre corredor.,YES,NONE,NONE,PASS
Hint::RHT_JUNK63::347,JOKE,They say this hint makes more sense in other languages.,Dicen que esta pista tiene más sentido en otros idiomas.,YES,NONE,NONE,PASS
Hint::RHT_JUNK64::348,JOKE,They say Greg is special.,Dicen que Greg es especial.,YES,NONE,NONE,PASS
Hint::RHT_JUNK65::349,JOKE,"They say the longer the Goron's neck, the wiser they are.","Dicen que cuanto más larga sea el cuello del Goron, más sabio es.",YES,NONE,NONE,PASS
Hint::RHT_JUNK66::350,JOKE,They say this ship is what all true gamers strive for.,Dicen que este barco es lo que todos los verdaderos jugadores aspiran a tener.,YES,NONE,NONE,PASS
Hint::RHT_JUNK67::351,JOKE,They say that Glowsticks can be found in the Raveyard.,Dicen que se pueden encontrar palos de luz en el Raveyard.,YES,NONE,NONE,PASS
Hint::RHT_JUNK68::352,JOKE,They say @'s uncle works for Nintendo.,Dicen que el tío de @ trabaja para Nintendo.,YES,NONE,NONE,PASS
Hint::RHT_JUNK69::353,JOKE,They say pulling all gravestones in the graveyard leads to something magical.,Dicen que sacar todas las lápidas del cementerio conduce a algo mágico.,YES,NONE,NONE,PASS
Hint::RHT_JUNK70::354,JOKE,They say holding L while pausing makes you win the game.,Dicen que mantener L mientras pausas hace que ganes el juego.,YES,NONE,NONE,PASS
Hint::RHT_JUNK71::355,JOKE,They say @'s body is ready.,Dicen que el cuerpo de @ está listo.,YES,NONE,NONE,PASS
Hint::RHT_DEKU_TREE::356,CLEAR,Deku Tree,Árbol Deku,YES,NONE,NONE,PASS
Hint::RHT_DEKU_TREE::357,CLEAR,an ancient tree,un árbol ancestral,YES,NONE,NONE,PASS
Hint::RHT_DODONGOS_CAVERN::358,CLEAR,Dodongo's Cavern,Cueva de Dodongo,YES,NONE,NONE,PASS
Hint::RHT_DODONGOS_CAVERN::359,CLEAR,an immense cavern,una inmensa cueva,YES,NONE,NONE,PASS
Hint::RHT_JABU_JABUS_BELLY::360,CLEAR,Jabu-Jabu's Belly,Vientre de Jabu-Jabu,YES,NONE,NONE,PASS
Hint::RHT_JABU_JABUS_BELLY::361,CLEAR,the belly of a deity,el vientre de un dios,YES,NONE,NONE,PASS
Hint::RHT_FOREST_TEMPLE::362,CLEAR,Forest Temple,Templo del Bosque,YES,NONE,NONE,PASS
Hint::RHT_FOREST_TEMPLE::363,CLEAR,a deep forest,un denso bosque,YES,NONE,NONE,PASS
Hint::RHT_FIRE_TEMPLE::364,CLEAR,Fire Temple,Templo del Fuego,YES,NONE,NONE,PASS
Hint::RHT_FIRE_TEMPLE::365,CLEAR,a high mountain,una alta montaña,YES,NONE,NONE,PASS
Hint::RHT_WATER_TEMPLE::366,CLEAR,Water Temple,Templo del Agua,YES,NONE,NONE,PASS
Hint::RHT_WATER_TEMPLE::367,CLEAR,a vast lake,un vasto lago,YES,NONE,NONE,PASS
Hint::RHT_SPIRIT_TEMPLE::368,CLEAR,Spirit Temple,Templo del Espíritu,YES,NONE,NONE,PASS
Hint::RHT_SPIRIT_TEMPLE::369,CLEAR,the goddess of the sand,la diosa de la arena,YES,NONE,NONE,PASS
Hint::RHT_SHADOW_TEMPLE::370,CLEAR,Shadow Temple,Templo de la Sombra,YES,NONE,NONE,PASS
Hint::RHT_SHADOW_TEMPLE::371,CLEAR,the house of the dead,la casa de los muertos,YES,NONE,NONE,PASS
Hint::RHT_ICE_CAVERN::372,CLEAR,Ice Cavern,Caverna de Hielo,YES,NONE,NONE,PASS
Hint::RHT_ICE_CAVERN::373,CLEAR,a frozen maze,un laberinto congelado,YES,NONE,NONE,PASS
Hint::RHT_BOTTOM_OF_THE_WELL::374,CLEAR,Bottom of the Well,Fondo del Pozo,YES,NONE,NONE,PASS
Hint::RHT_BOTTOM_OF_THE_WELL::375,CLEAR,a shadow\'s prison,una prisión de sombras,YES,NONE,NONE,PASS
Hint::RHT_GERUDO_TRAINING_GROUND::376,CLEAR,Gerudo Training Ground,Entrenamiento Gerudo,YES,NONE,NONE,PASS
Hint::RHT_GERUDO_TRAINING_GROUND::377,CLEAR,the test of thieves,la prueba de los ladrones,YES,NONE,NONE,PASS
Hint::RHT_GANONS_CASTLE::378,CLEAR,Inside Ganon's Castle,Interior del Castillo de Ganon,YES,NONE,NONE,PASS
Hint::RHT_GANONS_CASTLE::379,CLEAR,a conquered citadel,una ciudadela conquistada,YES,NONE,NONE,PASS
Hint::RHT_QUEEN_GOHMA::380,CLEAR,They say that #Queen Gohma# holds #[1]#.,Dicen que la #Reina Gohma# guarda #[1]#.,YES,NONE,NONE,PASS
Hint::RHT_QUEEN_GOHMA::381,CLEAR,They say that the #Parasitic Armored Arachnid# holds #[1]#.,Dicen que la #Araña Blindada Parasitaria# guarda #[1]#.,YES,NONE,NONE,PASS
Hint::RHT_KING_DODONGO::382,CLEAR,They say that #King Dodongo# holds #[1]#.,Dicen que el #Rey Dodongo# guarda #[1]#.,YES,NONE,NONE,PASS
Hint::RHT_KING_DODONGO::383,CLEAR,They say that the #Infernal Dinosaur# holds #[1]#.,Dicen que el #Dinosaurio Infernal# guarda #[1]#.,YES,NONE,NONE,PASS
Hint::RHT_BARINADE::384,CLEAR,They say that #Barinade# holds #[1]#.,Dicen que #Barinade# guarda #[1]#.,YES,NONE,NONE,PASS
Hint::RHT_BARINADE::385,CLEAR,They say that the #Bio-Electric Anemone# holds #[1]#.,Dicen que la #Anémona Bio-Eléctrica# guarda #[1]#.,YES,NONE,NONE,PASS
Hint::RHT_PHANTOM_GANON::386,CLEAR,They say that #Phantom Ganon# holds #[1]#.,Dicen que #Phantom Ganon# guarda #[1]#.,YES,NONE,NONE,PASS
Hint::RHT_PHANTOM_GANON::387,CLEAR,They say that the #Evil Spirit from Beyond# holds #[1]#.,Dicen que el #Espíritu Maligno del Más Allá# guarda #[1]#.,YES,NONE,NONE,PASS
Hint::RHT_VOLVAGIA::388,CLEAR,They say that #Volvagia# holds #[1]#.,Dicen que #Volvagia# guarda #[1]#.,YES,NONE,NONE,PASS
Hint::RHT_VOLVAGIA::389,CLEAR,They say that the #Subterranean Lava Dragon# holds #[1]#.,Dicen que el #Dragón Subterráneo de Lava# guarda #[1]#.,YES,NONE,NONE,PASS
Hint::RHT_MORPHA::390,CLEAR,They say that #Morpha# holds #[1]#.,Dicen que #Morpha# guarda #[1]#.,YES,NONE,NONE,PASS
Hint::RHT_MORPHA::391,CLEAR,They say that the #Giant Aquatic Amoeba# holds #[1]#.,Dicen que la #Amiba Acuática Gigante# guarda #[1]#.,YES,NONE,NONE,PASS
Hint::RHT_BONGO_BONGO::392,CLEAR,They say that #Bongo Bongo# holds #[1]#.,Dicen que #Bongo Bongo# guarda #[1]#.,YES,NONE,NONE,PASS
Hint::RHT_BONGO_BONGO::393,CLEAR,They say that the #Phantom Shadow Beast# holds #[1]#.,Dicen que la #Bestia Sombra Fantasma# guarda #[1]#.,YES,NONE,NONE,PASS
Hint::RHT_TWINROVA::394,CLEAR,They say that #Twinrova# holds #[1]#.,Dicen que #Twinrova# guarda #[1]#.,YES,NONE,NONE,PASS
Hint::RHT_TWINROVA::395,CLEAR,They say that the #Sorceress Sisters# hold #[1]#.,Dicen que las #Hermanas Brujas# guardan #[1]#.,YES,NONE,NONE,PASS
Hint::RHT_GIFT_FROM_RAURU::396,CLEAR,They say that the #Sage of Light# gifts @ #[1]#.,Dicen que el #Sabio de la Luz# regala a @ #[1]#.,YES,NONE,NONE,PASS
Hint::RHT_GIFT_FROM_RAURU::397,CLEAR,They say that #a former owl# gifts @ #[1]#.,Dicen que un #búho anterior# regala a @ #[1]#.,YES,NONE,NONE,PASS
Hint::RHT_BRIDGE_OPEN_HINT::398,CLEAR,[ICON:l]The awakened ones have #already created a bridge# to the castle where the evil dwells. --- PAGE ---,[ICON:l]Los Despiertos ya #han creado un puente# hacia el castillo donde habita el mal. --- PAGE ---,YES,NONE,NONE,PASS
Hint::RHT_BRIDGE_VANILLA_HINT::399,CLEAR,[ICON:6]The awakened ones require the #Shadow and Spirit Medallions# as well as the #Light Arrows#. --- PAGE ---,[ICON:6]Los Despiertos necesitan los #Medallones de Sombra y Espíritu# así como las #Flechas de Luz#. --- PAGE ---,YES,NONE,NONE,PASS
Hint::RHT_BRIDGE_STONES_HINT::400,CLEAR,[ICON:0]The awakened ones will await for the Hero to collect #[d] Spiritual Stone||s|#. --- PAGE ---,[ICON:0]Los Despiertos esperarán a que el Héroe recoja #[d] Piedra Espiritual||s|#. --- PAGE ---,YES,NONE,NONE,PASS
Hint::RHT_BRIDGE_MEDALLIONS_HINT::401,CLEAR,[ICON:8]The awakened ones will await for the Hero to collect #[d] Medallion||s|#. --- PAGE ---,[ICON:8]Los Despiertos esperarán a que el Héroe recoja #[d] Medallón||s|#. --- PAGE ---,YES,NONE,NONE,PASS
Hint::RHT_BRIDGE_DUNGEONS_HINT::402,CLEAR,[ICON:m]The awakened ones will await for the Hero to conquer #[d] Dungeon||s|#. --- PAGE ---,[ICON:m]Los Despiertos esperarán a que el Héroe conquiste #[d] Calabozo||s|#. --- PAGE ---,YES,NONE,NONE,PASS
Hint::RHT_BRIDGE_TOKENS_HINT::403,CLEAR,[ICON:s]The awakened ones will await for the Hero to collect #[d] Gold Skulltula Token||s|#. --- PAGE ---,[ICON:s]Los Despiertos esperarán a que el Héroe recoja #[d] Ficha de Skulltula Dorada||s|#. --- PAGE ---,YES,NONE,NONE,PASS
Hint::RHT_BRIDGE_GREG_HINT::404,CLEAR,[ICON:g]The awakened ones will await for the Hero to find #Greg#. --- PAGE ---,[ICON:g]Los Despiertos esperarán a que el Héroe encuentre a #Greg#. --- PAGE ---,YES,NONE,NONE,PASS
Hint::RHT_GANON_BK_START_WITH_HINT::405,CLEAR,[ICON:b]And the #evil one#'s key will be #given from the start#. --- PAGE ---,[ICON:b]Y la llave del #maligno# será #entregada desde el inicio#. --- PAGE ---,YES,NONE,NONE,PASS
Hint::RHT_GANON_BK_VANILLA_HINT::406,CLEAR,[ICON:b]And the #evil one#'s key will be kept in a big chest #inside its tower#. --- PAGE ---,[ICON:b]Y la llave del #maligno# se mantendrá en un gran cofre #dentro de su torre#. --- PAGE ---,YES,NONE,NONE,PASS
Hint::RHT_GANON_BK_OWN_DUNGEON_HINT::407,CLEAR,[ICON:b]And the #evil one#'s key will be hidden somewhere #inside its castle#. --- PAGE ---,[ICON:b]Y la llave del #maligno# estará escondida en algún lugar #dentro de su castillo#. --- PAGE ---,YES,NONE,NONE,PASS
Hint::RHT_GANON_BK_OVERWORLD_HINT::408,CLEAR,[ICON:b]And the #evil one#'s key will be hidden #outside of dungeons# in Hyrule. --- PAGE ---,[ICON:b]Y la llave del #maligno# estará escondida #fuera de los calabozos# en Hyrule. --- PAGE ---,YES,NONE,NONE,PASS
Hint::RHT_GANON_BK_ANY_DUNGEON_HINT::409,CLEAR,[ICON:b]And the #evil one#'s key will be hidden #inside a dungeon# in Hyrule. --- PAGE ---,[ICON:b]Y la llave del #maligno# estará escondida #dentro de un calabozo# en Hyrule. --- PAGE ---,YES,NONE,NONE,PASS
Hint::RHT_GANON_BK_ANYWHERE_HINT::410,CLEAR,[ICON:b]And the #evil one#'s key will be hidden somewhere #in Hyrule#. --- PAGE ---,[ICON:b]Y la llave del #maligno# estará escondida en algún lugar #en Hyrule#. --- PAGE ---,YES,NONE,NONE,PASS
Hint::RHT_GANON_BK_TRIFORCE_HINT::411,CLEAR,[ICON:b]And the #evil one#'s key will be given to the Hero once the #Triforce is completed. --- PAGE ---,[ICON:b]Y la llave del #maligno# será entregada al Héroe una vez que la #Trifuerza esté completa. --- PAGE ---,YES,NONE,NONE,PASS
Hint::RHT_GANON_BK_SKULLTULA_HINT::412,CLEAR,[ICON:b]And the #evil one#'s key will be provided by the cursed rich man once #100 Gold Skulltula Tokens# are retrieved. --- PAGE ---,[ICON:b]Y la llave del #maligno# será proporcionada por el hombre rico maldito una vez que se recuperen #100 Fichas de Skulltula Doradas#. --- PAGE ---,YES,NONE,NONE,PASS
Hint::RHT_LACS_VANILLA_HINT::413,CLEAR,[ICON:b]And the #evil one#'s key will be provided by #Zelda# once the #Shadow and Spirit Medallions# are retrieved. --- PAGE ---,[ICON:b]Y la llave del #maligno# será proporcionada por #Zelda# una vez que se recuperen los #Medallones de Sombra y Espíritu#. --- PAGE ---,YES,NONE,NONE,PASS
Hint::RHT_LACS_MEDALLIONS_HINT::414,CLEAR,[ICON:b]And the #evil one#'s key will be provided by #Zelda# once #[d] Medallion|# is|s# are| retrieved. --- PAGE ---,[ICON:b]Y la llave del #maligno# será proporcionada por #Zelda# una vez que se recoja|n# #[d] Medallón|#. --- PAGE ---,YES,NONE,NONE,PASS
Hint::RHT_LACS_STONES_HINT::415,CLEAR,[ICON:b]And the #evil one#'s key will be provided by #Zelda# once #[d] Spiritual Stone|# is|s# are| retrieved. --- PAGE ---,[ICON:b]Y la llave del #maligno# será proporcionada por #Zelda# una vez que se recoja|n# #[d] Piedra Espiritual|#. --- PAGE ---,YES,NONE,NONE,PASS
Hint::RHT_LACS_REWARDS_HINT::416,CLEAR,[ICON:b]And the #evil one#'s key will be provided by #Zelda# once #[d]# #Spiritual Stone|# or #Medallion# is|s# and #Medallions# are| retrieved. --- PAGE ---,[ICON:b]Y la llave del #maligno# será proporcionada por #Zelda# una vez que se recoja|n# #[d]# #Piedra Espiritual|# o #Medallón# y #Medalliones#. --- PAGE ---,YES,NONE,NONE,PASS
Hint::RHT_LACS_DUNGEONS_HINT::417,CLEAR,[ICON:b]And the #evil one#'s key will be provided by #Zelda# once #[d] Dungeon|# is|s# are| conquered. --- PAGE ---,[ICON:b]Y la llave del #maligno# será proporcionada por #Zelda# una vez que se conquiste|n# #[d] Calabozo|#. --- PAGE ---,YES,NONE,NONE,PASS
Hint::RHT_SIX_TRIALS::418,CLEAR,They say that #Ganon's Tower# is protected by a powerful barrier.,Dicen que la #Torre de Ganon# está protegida por una poderosa barrera.,YES,NONE,NONE,PASS
Hint::RHT_ZERO_TRIALS::419,CLEAR,They say that Sheik dispelled the barrier around #Ganon's Tower#.,Dicen que Sheik disipó la barrera alrededor de la #Torre de Ganon#.,YES,NONE,NONE,PASS
Hint::RHT_TRIAL_OFF::420,CLEAR,They say that #[1]# was dispelled by Sheik.,Dicen que #[1]# fue disipada por Sheik.,YES,NONE,NONE,PASS
Hint::RHT_TRIAL_ON::421,CLEAR,They say that #[1]# protects Ganons Tower.,Dicen que #[1]# protege la Torre de Ganon.,YES,NONE,NONE,PASS
Hint::RHT_LIGHT_TRIAL::422,CLEAR,the Light Trial,la Prueba de la Luz,YES,NONE,NONE,PASS
Hint::RHT_FOREST_TRIAL::423,CLEAR,the Forest Trial,la Prueba del Bosque,YES,NONE,NONE,PASS
Hint::RHT_FIRE_TRIAL::424,CLEAR,the Fire Trial,la Prueba del Fuego,YES,NONE,NONE,PASS
Hint::RHT_WATER_TRIAL::425,CLEAR,the Water Trial,la Prueba del Agua,YES,NONE,NONE,PASS
Hint::RHT_SPIRIT_TRIAL::426,CLEAR,the Spirit Trial,la Prueba del Espíritu,YES,NONE,NONE,PASS
Hint::RHT_SHADOW_TRIAL::427,CLEAR,the Shadow Trial,la Prueba de la Sombra,YES,NONE,NONE,PASS
Hint::RHT_CHILD_ALTAR_STONES::428,CLEAR,3 Spiritual Stones found in Hyrule... --- PAGE --- [ICON:0]#[1]#... --- PAGE --- [ICON:1]#[2]#... --- PAGE --- [ICON:2]#[3]#... --- PAGE ---,3 Piedras Espirituales encontradas en Hyrule... --- PAGE --- [ICON:0]#[1]#... --- PAGE --- [ICON:1]#[2]#... --- PAGE --- [ICON:2]#[3]#... --- PAGE ---,YES,NONE,NONE,PASS
Hint::RHT_CHILD_ALTAR_TEXT_END_DOTOPEN::429,CLEAR,[ICON:o]Ye who may become a Hero... The path to the future is open...,"[ICON:o]Oh vos, el que puede convertirse en Héroe... El camino al futuro está abierto...",YES,NONE,NONE,PASS
Hint::RHT_CHILD_ALTAR_TEXT_END_DOTSONGONLY::430,CLEAR,[ICON:c]Ye who may become a Hero... Stand with the Ocarina and play the Song of Time.,"[ICON:c]Oh vos, el que puede convertirse en Héroe... Piérdete con la Ocarina y toca la Canción del Tiempo.",YES,NONE,NONE,PASS
Hint::RHT_CHILD_ALTAR_TEXT_END_DOTCLOSED::431,CLEAR,[ICON:i]Ye who may become a Hero... Offer the spiritual stones and play the Song of Time.,"[ICON:i]Oh vos, el que puede convertirse en Héroe... Ofrece las piedras espirituales y toca la Canción del Tiempo.",YES,NONE,NONE,PASS
Hint::RHT_ADULT_ALTAR_TEXT_END::432,CLEAR,"[ICON:k]Together with the Hero of Time, the awakened ones will return the light of peace to the world...","[ICON:k]Junto con el Héroe del Tiempo, los Despiertos devolverán la luz de la paz al mundo...",YES,NONE,NONE,PASS
Hint::RHT_GANONDORF_HINT_LA_ONLY::433,CLEAR,Ha ha ha... You'll never beat me by reflecting my lightning bolts and unleashing the arrows from #[1]#!,Jajaja... ¡Nunca me vencerás reflejando mis rayos y desatando las flechas de #[1]#!,YES,NONE,NONE,PASS
Hint::RHT_GANONDORF_HINT_MS_ONLY::434,CLEAR,"Ha ha ha... You'll never defeat me, drop a castle on me and finish me off with the sacred blade from #[2]#!","Jajaja... ¡Nunca me derrotarás, dejando caer un castillo sobre mí y rematándome con la hoja sagrada de #[2]#!",YES,NONE,NONE,PASS
Hint::RHT_SHEIK_HINT_LA_ONLY::435,CLEAR,I overheard Ganondorf say that he misplaced the #Light Arrows# in #[1]#.,Escuché a Ganondorf decir que extravió las #Flechas de Luz# en #[1]#.,YES,NONE,NONE,PASS
Hint::RHT_DAMPE_DIARY::436,CLEAR,"Whoever reads this, please enter #[1]#. I will let you have my #stretching, shrinking keepsake#. --- PAGE --- I'm waiting for you. --Dampé","Quien lea esto, por favor ingrese a #[1]#. Te dejaré mi #recuerdo que se estira y encoge#. --- PAGE --- Te estoy esperando. --Dampé",YES,NONE,NONE,PASS
Hint::RHT_GREG_HINT::437,OBSCURE,"By the way, if you're interested, I saw the shiniest #Green Rupee# somewhere in #[1]#. --- PAGE --- It's said to have #mysterious powers#... --- PAGE --- But then, it could just be another regular rupee. Oh well.","Por cierto, si te interesa, vi la #Rupia Verde# más brillante en algún lugar de #[1]#. --- PAGE --- Se dice que tiene #poderes misteriosos#... --- PAGE --- Pero bueno, podría ser solo otra rupia común. Pena.",YES,NONE,NONE,PASS
Hint::RHT_SARIA_TALK_HINT::438,OBSCURE,"Did you feel the #surge of magic# recently? A mysterious bird told me it came from #[1]#. --- PAGE --- You should check that place out, @!","¿Sentiste la # oleada de magia# recientemente? Un pájaro misterioso me dijo que venía de #[1]#. --- PAGE --- ¡Deberías revisar ese lugar, @!",YES,NONE,NONE,PASS
Hint::RHT_SARIA_SONG_HINT::439,OBSCURE,"Did you feel the #surge of magic# recently? A mysterious bird told me it came from #[1]#. --- PAGE --- You should check that place out, @!\x0B","¿Sentiste la # oleada de magia# recientemente? Un pájaro misterioso me dijo que venía de #[1]#. --- PAGE --- ¡Deberías revisar ese lugar, @!\x0B",YES,NONE,NONE,PASS
Hint::RHT_MIDO_HINT::440,CLEAR,You'll never find the #Kokiri Sword# I hid in #[1]#!,¡Nunca encontrarás la #Espada Kokiri# que escondí en #[1]#!,YES,NONE,NONE,PASS
Hint::RHT_LOACH_HINT::441,OBSCURE,"What? --- PAGE --- You wanna know about the rHyrule Loachw? --- PAGE --- It's a big fish, but it's so rare that I'll give my g[1]w to anyone who catches it. Seriously!","¿Qué? --- PAGE --- ¿Quieres saber sobre el rLoach Hyrulerw? --- PAGE --- Es un pez grande, pero es tan raro que le daré mi g[1]w a quien lo atrape. ¡En serio!",YES,NONE,NONE,PASS
Hint::RHT_FISHING_POLE_HINT::442,CLEAR,"--- PAGE --- If I remember correctly, I lost it somewhere in #[1]#... Let me know if you find it!","--- PAGE --- Si recuerdo bien, la perdí en algún lugar de #[1]#... ¡Avísame si la encuentras!",YES,NONE,NONE,PASS
Hint::RHT_CHICKENS_HINT::443,CLEAR,You! Please! Bring my Cucco's back to my pen! I'll give you my #[1]#!,¡Tú! ¡Por favor! ¡Trae de vuelta a mi Cucco a mi corral! ¡Te daré mi #[1]#!,YES,NONE,NONE,PASS
Hint::RHT_BIGGORON_HINT::444,CLEAR,Arrrrrre you here to claim my finest #[1]#? Shoooooow me your #Claim Check#.,Arrrrrrre estás aquí para reclamar mi mejor #[1]#? Mueeeeestra tu #Talón de Claim#.,YES,NONE,NONE,PASS
Hint::RHT_FROGS_HINT::445,CLEAR,Some frogs holding #[1]# are looking at you from underwater...,Unas ranas sosteniendo #[1]# te están mirando desde bajo el agua...,YES,NONE,NONE,PASS
Hint::RHT_SKULLS_HINT::446,CLEAR,Yeaaarrgh! I'm cursed!! --- PAGE --- Please save me by destroying #[d] Spiders of the Curse# and I will give you my #[1]#!,¡Yeaaarrgh! ¡Estoy maldito!! --- PAGE --- ¡Por favor sálvame destruyendo #[d] Arañas de la Maldición# y te daré mi #[1]#!,YES,NONE,NONE,PASS
Hint::RHT_GANON_JOKE01::447,JOKE,Oh! It's @. I was expecting someone called Sheik. Do you know what happened to them?,¡Oh! Es @. Esperaba a alguien llamado Sheik. ¿Sabes qué les pasó?,YES,NONE,NONE,PASS
Hint::RHT_GANON_JOKE02::448,JOKE,I knew I shouldn't have put the key on the other side of my door.,Supongo que no debí poner la llave del otro lado de mi puerta.,YES,NONE,NONE,PASS
Hint::RHT_GANON_JOKE03::449,JOKE,Looks like it's time for a round of tennis.,Parece que es hora de una ronda de tenis.,YES,NONE,NONE,PASS
Hint::RHT_GANON_JOKE04::450,JOKE,"You'll never deflect my bolts of energy with your sword, then shoot me with those Light Arrows you happen to have.","Nunca podrás desviar mis rayos de energía con tu espada, y luego dispararme con esas Flechas de Luz que casualmente tienes.",YES,NONE,NONE,PASS
Hint::RHT_GANON_JOKE05::451,JOKE,Why did I leave my trident back in the desert?,¿Por qué dejé mi tridente de vuelta en el desierto?,YES,NONE,NONE,PASS
Hint::RHT_GANON_JOKE08::452,JOKE,"I've learned this spell, it's really neat, I'll keep it later for your treat!","He aprendido este hechizo, es realmente genial, lo guardaré para después ¡para darte tu castigo!",YES,NONE,NONE,PASS
Hint::RHT_GANON_JOKE09::453,JOKE,"Many tricks are up my sleeve, to save yourself you'd better leave!","Tengo muchos trucos bajo la manga, para salvarte a ti ¡mejor vete ya!",YES,NONE,NONE,PASS
Hint::RHT_GANON_JOKE10::454,JOKE,"After what you did to Koholint Island, how can you call me the bad guy?","Después de lo que le hiciste a la Isla Koholint, ¿cómo puedes llamarme al malo?",YES,NONE,NONE,PASS
Hint::RHT_YOUR_POCKET::455,CLEAR,your pocket,tu bolsillo,YES,NONE,NONE,PASS
Hint::RHT_ISOLATED_PLACE::456,CLEAR,an Isolated Place,un Lugar Aislado,YES,NONE,NONE,PASS
Hint::RHT_DUNGEON_ORDINARY::457,CLEAR,It's gordinaryw.,Es gordinariow.,YES,NONE,NONE,PASS
Hint::RHT_DUNGEON_MASTERFUL::458,CLEAR,It's rmasterfulw!,¡Es rmasterfulw!,YES,NONE,NONE,PASS
Rando::ITEM::RG_NONE,CLEAR,No Item,Sin Objeto,YES,NONE,NONE,PASS
Rando::ITEM::L18,CLEAR,Kokiri Sword,Espada Kokiri,YES,NONE,NONE,PASS
Rando::ITEM::RG_KOKIRI_SWORD,CLEAR,Master Sword,Espada Maestra,YES,NONE,NONE,PASS
Rando::ITEM::RG_MASTER_SWORD,CLEAR,Biggoron's Sword,Cuchillo de Gigante,YES,NONE,NONE,PASS
Rando::ITEM::RG_MASTER_SWORD,CLEAR,Biggoron's Sword,Espada Biggoron,YES,NONE,NONE,PASS
Rando::ITEM::RG_BIGGORON_SWORD,CLEAR,Deku Shield,Escudo Deku,YES,NONE,NONE,PASS
Rando::ITEM::RG_DEKU_SHIELD,CLEAR,Hylian Shield,Escudo Hyliano,YES,NONE,NONE,PASS
Rando::ITEM::RG_HYLIAN_SHIELD,CLEAR,Mirror Shield,Escudo Espejo,YES,NONE,NONE,PASS
Rando::ITEM::RG_MIRROR_SHIELD,CLEAR,Goron Tunic,Túnica Goron,YES,NONE,NONE,PASS
Rando::ITEM::RG_GORON_TUNIC,CLEAR,Zora Tunic,Túnica Zora,YES,NONE,NONE,PASS
Rando::ITEM::RG_ZORA_TUNIC,CLEAR,Iron Boots,Botas de Hierro,YES,NONE,NONE,PASS
Rando::ITEM::RG_IRON_BOOTS,CLEAR,Hover Boots,Botas Voladoras,YES,NONE,NONE,PASS
Rando::ITEM::RG_HOVER_BOOTS,CLEAR,Boomerang,Bumerán,YES,NONE,NONE,PASS
Rando::ITEM::RG_BOOMERANG,CLEAR,Lens of Truth,Lente de la Verdad,YES,NONE,NONE,PASS
Rando::ITEM::RG_LENS_OF_TRUTH,CLEAR,Megaton Hammer,Martillo Megatón,YES,NONE,NONE,PASS
Rando::ITEM::RG_MEGATON_HAMMER,CLEAR,Stone of Agony,Piedra de Agonía,YES,NONE,NONE,PASS
Rando::ITEM::RG_STONE_OF_AGONY,CLEAR,Din's Fire,Fuego de Din,YES,NONE,NONE,PASS
Rando::ITEM::RG_DINS_FIRE,CLEAR,Farore's Wind,Viento de Farore,YES,NONE,NONE,PASS
Rando::ITEM::RG_FARORES_WIND,CLEAR,Nayru's Love,Amor de Nayru,YES,NONE,NONE,PASS
Rando::ITEM::RG_NAYRUS_LOVE,CLEAR,Fire Arrow,Flecha de Fuego,YES,NONE,NONE,PASS
Rando::ITEM::RG_FIRE_ARROWS,CLEAR,Ice Arrow,Flecha de Hielo,YES,NONE,NONE,PASS
Rando::ITEM::RG_ICE_ARROWS,CLEAR,Light Arrow,Flecha de Luz,YES,NONE,NONE,PASS
Rando::ITEM::RG_LIGHT_ARROWS,CLEAR,Gerudo Membership Card,Tarjeta de Membresía Gerudo,YES,NONE,NONE,PASS
Rando::ITEM::RG_GERUDO_MEMBERSHIP_CARD,CLEAR,Magic Bean,Frijol Mágico,YES,NONE,NONE,PASS
Rando::ITEM::RG_MAGIC_BEAN,CLEAR,Magic Bean Pack,Paquete de Frijoles Mágicos,YES,NONE,NONE,PASS
Rando::ITEM::RG_MAGIC_BEAN_PACK,CLEAR,Double Defense,Defensa Doble,YES,NONE,NONE,PASS
Rando::ITEM::RG_DOUBLE_DEFENSE,CLEAR,Zelda's Letter,Huevo Raro,YES,NONE,NONE,PASS
Rando::ITEM::RG_DOUBLE_DEFENSE,CLEAR,Zelda's Letter,Carta de Zelda,YES,NONE,NONE,PASS
Rando::ITEM::RG_ZELDAS_LETTER,CLEAR,Pocket Egg,Huevo de Bolsillo,YES,NONE,NONE,PASS
Rando::ITEM::RG_POCKET_EGG,CLEAR,Cojiro,Cojiro,YES,NONE,NONE,PASS
Rando::ITEM::RG_COJIRO,CLEAR,Odd Mushroom,Hongo Raro,YES,NONE,NONE,PASS
Rando::ITEM::RG_ODD_MUSHROOM,CLEAR,Odd Potion,Poción Rara,YES,NONE,NONE,PASS
Rando::ITEM::RG_ODD_POTION,CLEAR,Poacher's Saw,Sierra del Cazador,YES,NONE,NONE,PASS
Rando::ITEM::RG_POACHERS_SAW,CLEAR,Broken Goron's Sword,Espada Goron Rota,YES,NONE,NONE,PASS
Rando::ITEM::RG_BROKEN_SWORD,CLEAR,Prescription,Receta Médica,YES,NONE,NONE,PASS
Rando::ITEM::RG_PRESCRIPTION,CLEAR,Eyeball Frog,Rana de Cristal,YES,NONE,NONE,PASS
Rando::ITEM::RG_EYEBALL_FROG,CLEAR,World's Finest Eyedrops,Las Mejores Gotas Oculares del Mundo,YES,NONE,NONE,PASS
Rando::ITEM::RG_EYEDROPS,CLEAR,Claim Check,Talón de Claim,YES,NONE,NONE,PASS
Rando::ITEM::RG_CLAIM_CHECK,CLEAR,Gold Skulltula Token,Ficha de Skulltula Dorada,YES,NONE,NONE,PASS
Rando::ITEM::RG_GOLD_SKULLTULA_TOKEN,CLEAR,Progressive Hookshot,Anzuelo Progresivo,YES,NONE,NONE,PASS
Rando::ITEM::L60,CLEAR,Strength Upgrade,Mejora de Fuerza,YES,NONE,NONE,PASS
Rando::ITEM::L62,CLEAR,Progressive Bomb Bag,Bolsa de Bombas Progresiva,YES,NONE,NONE,PASS
Rando::ITEM::L63,CLEAR,Progressive Bow,Arco Progresivo,YES,NONE,NONE,PASS
Rando::ITEM::L64,CLEAR,Progressive Slingshot,Resortera Progresiva,YES,NONE,NONE,PASS
Rando::ITEM::L65,CLEAR,Progressive Wallet,Billetera Progresiva,YES,NONE,NONE,PASS
Rando::ITEM::L66,CLEAR,Progressive Scale,Escama Progresiva,YES,NONE,NONE,PASS
Rando::ITEM::L67,CLEAR,Progressive Nut Capacity,Capacidad de Nueces Progresiva,YES,NONE,NONE,PASS
Rando::ITEM::L68,CLEAR,Progressive Stick Capacity,Capacidad de Palos Progresiva,YES,NONE,NONE,PASS
Rando::ITEM::L69,CLEAR,Progressive Bombchu,Bombchu Progresivo,YES,NONE,NONE,PASS
Rando::ITEM::L70,CLEAR,Progressive Magic Meter,Medidor de Magia Progresivo,YES,NONE,NONE,PASS
Rando::ITEM::L71,CLEAR,Progressive Ocarina,Ocarina Progresiva,YES,NONE,NONE,PASS
Rando::ITEM::L72,CLEAR,Progressive Goron Sword,Espada Goron Progresiva,YES,NONE,NONE,PASS
Rando::ITEM::L73,CLEAR,Empty Bottle,Botella Vacía,YES,NONE,NONE,PASS
Rando::ITEM::L76,CLEAR,Bottle with Milk,Botella con Leche,YES,NONE,NONE,PASS
Rando::ITEM::L77,CLEAR,Bottle with Red Potion,Botella con Poción Roja,YES,NONE,NONE,PASS
Rando::ITEM::L78,CLEAR,Bottle with Green Potion,Botella con Poción Verde,YES,NONE,NONE,PASS
Rando::ITEM::L79,CLEAR,Bottle with Blue Potion,Botella con Poción Azul,YES,NONE,NONE,PASS
Rando::ITEM::L80,CLEAR,Bottle with Fairy,Botella con Hada,YES,NONE,NONE,PASS
Rando::ITEM::L81,CLEAR,Bottle with Fish,Botella con Pez,YES,NONE,NONE,PASS
Rando::ITEM::L82,CLEAR,Bottle with Blue Fire,Botella con Fuego Azul,YES,NONE,NONE,PASS
Rando::ITEM::L83,CLEAR,Bottle with Bugs,Botella con Bichos,YES,NONE,NONE,PASS
Rando::ITEM::L84,CLEAR,Bottle with Poe,Botella con Poe,YES,NONE,NONE,PASS
Rando::ITEM::L85,CLEAR,Bottle with Ruto's Letter,Botella con Carta de Ruto,YES,NONE,NONE,PASS
Rando::ITEM::L86,CLEAR,Bottle with Big Poe,Botella con Poe Grande,YES,NONE,NONE,PASS
Rando::ITEM::L87,CLEAR,Zelda's Lullaby,Canción de Cuna de Zelda,YES,NONE,NONE,PASS
Rando::ITEM::L89,CLEAR,Epona's Song,Canción de Epona,YES,NONE,NONE,PASS
Rando::ITEM::L90,CLEAR,Saria's Song,Canción de Saria,YES,NONE,NONE,PASS
Rando::ITEM::L91,CLEAR,Sun's Song,Canción del Sol,YES,NONE,NONE,PASS
Rando::ITEM::L92,CLEAR,Song of Time,Canción del Tiempo,YES,NONE,NONE,PASS
Rando::ITEM::L93,CLEAR,Song of Storms,Canción de Tormentas,YES,NONE,NONE,PASS
Rando::ITEM::L94,CLEAR,Minuet of Forest,Minueto del Bosque,YES,NONE,NONE,PASS
Rando::ITEM::L95,CLEAR,Bolero of Fire,Bolero del Fuego,YES,NONE,NONE,PASS
Rando::ITEM::L96,CLEAR,Serenade of Water,Serenata del Agua,YES,NONE,NONE,PASS
Rando::ITEM::L97,CLEAR,Nocturne of Shadow,Nocturno de la Sombra,YES,NONE,NONE,PASS
Rando::ITEM::L98,CLEAR,Requiem of Spirit,Requiem del Espíritu,YES,NONE,NONE,PASS
Rando::ITEM::L99,CLEAR,Prelude of Light,Preludio de la Luz,YES,NONE,NONE,PASS
Rando::ITEM::L100,CLEAR,Great Deku Tree Map,Mapa del Gran Árbol Deku,YES,NONE,NONE,PASS
Rando::ITEM::RG_DEKU_TREE_MAP,CLEAR,Jabu-Jabu's Belly Map,Mapa de la Cueva de Dodongo,YES,NONE,NONE,PASS
Rando::ITEM::RG_DEKU_TREE_MAP,CLEAR,Jabu-Jabu's Belly Map,Mapa del Vientre de Jabu-Jabu,YES,NONE,NONE,PASS
Rando::ITEM::RG_DODONGOS_CAVERN_MAP,CLEAR,Forest Temple Map,Mapa del Templo del Bosque,YES,NONE,NONE,PASS
Rando::ITEM::RG_JABU_JABUS_BELLY_MAP,CLEAR,Fire Temple Map,Mapa del Templo del Fuego,YES,NONE,NONE,PASS
Rando::ITEM::RG_FOREST_TEMPLE_MAP,CLEAR,Water Temple Map,Mapa del Templo del Agua,YES,NONE,NONE,PASS
Rando::ITEM::RG_FIRE_TEMPLE_MAP,CLEAR,Spirit Temple Map,Mapa del Templo del Espíritu,YES,NONE,NONE,PASS
Rando::ITEM::RG_WATER_TEMPLE_MAP,CLEAR,Shadow Temple Map,Mapa del Templo de la Sombra,YES,NONE,NONE,PASS
Rando::ITEM::RG_SPIRIT_TEMPLE_MAP,CLEAR,Bottom of the Well Map,Mapa del Fondo del Pozo,YES,NONE,NONE,PASS
Rando::ITEM::RG_SHADOW_TEMPLE_MAP,CLEAR,Ice Cavern Map,Mapa de la Caverna de Hielo,YES,NONE,NONE,PASS
Rando::ITEM::RG_BOTTOM_OF_THE_WELL_MAP,CLEAR,Great Deku Tree Compass,Brújula del Gran Árbol Deku,YES,NONE,NONE,PASS
Rando::ITEM::RG_ICE_CAVERN_MAP,CLEAR,Dodongo's Cavern Compass,Brújula de la Cueva de Dodongo,YES,NONE,NONE,PASS
Rando::ITEM::RG_DEKU_TREE_COMPASS,CLEAR,Jabu-Jabu's Belly Compass,Brújula del Vientre de Jabu-Jabu,YES,NONE,NONE,PASS
Rando::ITEM::RG_DODONGOS_CAVERN_COMPASS,CLEAR,Forest Temple Compass,Brújula del Templo del Bosque,YES,NONE,NONE,PASS
Rando::ITEM::RG_JABU_JABUS_BELLY_COMPASS,CLEAR,Fire Temple Compass,Brújula del Templo del Fuego,YES,NONE,NONE,PASS
Rando::ITEM::RG_FOREST_TEMPLE_COMPASS,CLEAR,Water Temple Compass,Brújula del Templo del Agua,YES,NONE,NONE,PASS
Rando::ITEM::RG_FIRE_TEMPLE_COMPASS,CLEAR,Spirit Temple Compass,Brújula del Templo del Espíritu,YES,NONE,NONE,PASS
Rando::ITEM::RG_WATER_TEMPLE_COMPASS,CLEAR,Shadow Temple Compass,Brújula del Templo de la Sombra,YES,NONE,NONE,PASS
Rando::ITEM::RG_SPIRIT_TEMPLE_COMPASS,CLEAR,Bottom of the Well Compass,Brújula del Fondo del Pozo,YES,NONE,NONE,PASS
Rando::ITEM::RG_SHADOW_TEMPLE_COMPASS,CLEAR,Ice Cavern Compass,Brújula de la Caverna de Hielo,YES,NONE,NONE,PASS
Rando::ITEM::RG_BOTTOM_OF_THE_WELL_COMPASS,CLEAR,Forest Temple Boss Key,Llave Jefe del Templo del Bosque,YES,NONE,NONE,PASS
Rando::ITEM::RG_ICE_CAVERN_COMPASS,CLEAR,Fire Temple Boss Key,Llave Jefe del Templo del Fuego,YES,NONE,NONE,PASS
Rando::ITEM::RG_FOREST_TEMPLE_BOSS_KEY,CLEAR,Water Temple Boss Key,Llave Jefe del Templo del Agua,YES,NONE,NONE,PASS
Rando::ITEM::RG_FIRE_TEMPLE_BOSS_KEY,CLEAR,Spirit Temple Boss Key,Llave Jefe del Templo del Espíritu,YES,NONE,NONE,PASS
Rando::ITEM::RG_WATER_TEMPLE_BOSS_KEY,CLEAR,Shadow Temple Boss Key,Llave Jefe del Templo de la Sombra,YES,NONE,NONE,PASS
Rando::ITEM::RG_SPIRIT_TEMPLE_BOSS_KEY,CLEAR,Ganon's Castle Boss Key,Llave Jefe del Castillo de Ganon,YES,NONE,NONE,PASS
Rando::ITEM::RG_SHADOW_TEMPLE_BOSS_KEY,CLEAR,Forest Temple Small Key,Llave Pequeña del Templo del Bosque,YES,NONE,NONE,PASS
Rando::ITEM::RG_GANONS_CASTLE_BOSS_KEY,CLEAR,Fire Temple Small Key,Llave Pequeña del Templo del Fuego,YES,NONE,NONE,PASS
Rando::ITEM::RG_FOREST_TEMPLE_SMALL_KEY,CLEAR,Water Temple Small Key,Llave Pequeña del Templo del Agua,YES,NONE,NONE,PASS
Rando::ITEM::RG_FIRE_TEMPLE_SMALL_KEY,CLEAR,Spirit Temple Small Key,Llave Pequeña del Templo del Espíritu,YES,NONE,NONE,PASS
Rando::ITEM::RG_WATER_TEMPLE_SMALL_KEY,CLEAR,Shadow Temple Small Key,Llave Pequeña del Templo de la Sombra,YES,NONE,NONE,PASS
Rando::ITEM::RG_SPIRIT_TEMPLE_SMALL_KEY,CLEAR,Bottom of the Well Small Key,Llave Pequeña del Fondo del Pozo,YES,NONE,NONE,PASS
Rando::ITEM::RG_SHADOW_TEMPLE_SMALL_KEY,CLEAR,Training Ground Small Key,Llave Pequeña del Entrenamiento,YES,NONE,NONE,PASS
Rando::ITEM::RG_BOTTOM_OF_THE_WELL_SMALL_KEY,CLEAR,Gerudo Fortress Small Key,Llave Pequeña de la Fortaleza Gerudo,YES,NONE,NONE,PASS
Rando::ITEM::RG_GERUDO_TRAINING_GROUND_SMALL_KEY,CLEAR,Ganon's Castle Small Key,Llave Pequeña del Castillo de Ganon,YES,NONE,NONE,PASS
Rando::ITEM::RG_GERUDO_FORTRESS_SMALL_KEY,CLEAR,Chest Game Small Key,Llave Pequeña del Juego de Cofres,YES,NONE,NONE,PASS
Rando::ITEM::RG_GANONS_CASTLE_SMALL_KEY,CLEAR,Guard House Key,Llave de la Casa de la Guardia,YES,NONE,NONE,PASS
Rando::ITEM::RG_TREASURE_GAME_SMALL_KEY,CLEAR,Market Bazaar Key,Llave del Bazar del Mercado,YES,NONE,NONE,PASS
Rando::ITEM::RG_GUARD_HOUSE_KEY,CLEAR,Market Potion Shop Key,Llave de la Tienda de Pociones del Mercado,YES,NONE,NONE,PASS
Rando::ITEM::RG_MARKET_BAZAAR_KEY,CLEAR,Mask Shop Key,Llave de la Tienda de Máscaras,YES,NONE,NONE,PASS
Rando::ITEM::RG_MARKET_POTION_SHOP_KEY,CLEAR,Market Shooting Gallery Key,Llave de la Galería de Tiro del Mercado,YES,NONE,NONE,PASS
Rando::ITEM::RG_MASK_SHOP_KEY,CLEAR,Bombchu Bowling Alley Key,Llave de la Bolera Bombchu,YES,NONE,NONE,PASS
Rando::ITEM::RG_MARKET_SHOOTING_GALLERY_KEY,CLEAR,Treasure Chest Game Building Key,Llave del Edificio del Juego de Cofres del Tesoro,YES,NONE,NONE,PASS
Rando::ITEM::RG_BOMBCHU_BOWLING_KEY,CLEAR,Bombchu Shop Key,Llave de la Tienda Bombchu,YES,NONE,NONE,PASS
Rando::ITEM::RG_TREASURE_CHEST_GAME_BUILDING_KEY,CLEAR,Richard's House Key,Llave de la Casa de Richard,YES,NONE,NONE,PASS
Rando::ITEM::RG_BOMBCHU_SHOP_KEY,CLEAR,Alley House Key,Llave de la Casa del Callejón,YES,NONE,NONE,PASS
Rando::ITEM::RG_RICHARDS_HOUSE_KEY,CLEAR,Kakariko Bazaar Key,Llave del Bazar de Kakariko,YES,NONE,NONE,PASS
Rando::ITEM::RG_ALLEY_HOUSE_KEY,CLEAR,Kakariko Potion Shop Key,Llave de la Tienda de Pociones de Kakariko,YES,NONE,NONE,PASS
Rando::ITEM::RG_KAK_BAZAAR_KEY,CLEAR,Boss's House Key,Llave de la Casa del Jefe,YES,NONE,NONE,PASS
Rando::ITEM::RG_KAK_POTION_SHOP_KEY,CLEAR,Granny's Potion Shop Key,Llave de la Tienda de Pociones de la Abuelita,YES,NONE,NONE,PASS
Rando::ITEM::RG_BOSS_HOUSE_KEY,CLEAR,Skulltula House Key,Llave de la Casa de Skulltula,YES,NONE,NONE,PASS
Rando::ITEM::RG_GRANNYS_POTION_SHOP_KEY,CLEAR,Impa's House Key,Llave de la Casa de Impa,YES,NONE,NONE,PASS
Rando::ITEM::RG_SKULLTULA_HOUSE_KEY,CLEAR,Windmill Key,Llave del Molino,YES,NONE,NONE,PASS
Rando::ITEM::RG_IMPAS_HOUSE_KEY,CLEAR,Kakariko Shooting Gallery Key,Llave de la Galería de Tiro de Kakariko,YES,NONE,NONE,PASS
Rando::ITEM::RG_WINDMILL_KEY,CLEAR,Dampe's Hut Key,Llave de la Cabaña de Dampé,YES,NONE,NONE,PASS
Rando::ITEM::RG_KAK_SHOOTING_GALLERY_KEY,CLEAR,Talon's House Key,Llave de la Casa de Talon,YES,NONE,NONE,PASS
Rando::ITEM::RG_DAMPES_HUT_KEY,CLEAR,Stables Key,Llave de la Cuadra,YES,NONE,NONE,PASS
Rando::ITEM::RG_TALONS_HOUSE_KEY,CLEAR,Back Tower Key,Llave de la Torre Trasera,YES,NONE,NONE,PASS
Rando::ITEM::RG_STABLES_KEY,CLEAR,Hylia Laboratory Key,Llave del Laboratorio de Hylia,YES,NONE,NONE,PASS
Rando::ITEM::RG_BACK_TOWER_KEY,CLEAR,Fishing Hole Key,Llave del Hueco de Pesca,YES,NONE,NONE,PASS
Rando::ITEM::RG_HYLIA_LAB_KEY,CLEAR,Forest Temple Key Ring,Llavero del Templo del Bosque,YES,NONE,NONE,PASS
Rando::ITEM::RG_FISHING_HOLE_KEY,CLEAR,Fire Temple Key Ring,Llavero del Templo del Fuego,YES,NONE,NONE,PASS
Rando::ITEM::RG_FOREST_TEMPLE_KEY_RING,CLEAR,Water Temple Key Ring,Llavero del Templo del Agua,YES,NONE,NONE,PASS
Rando::ITEM::RG_FIRE_TEMPLE_KEY_RING,CLEAR,Spirit Temple Key Ring,Llavero del Templo del Espíritu,YES,NONE,NONE,PASS
Rando::ITEM::RG_WATER_TEMPLE_KEY_RING,CLEAR,Shadow Temple Key Ring,Llavero del Templo de la Sombra,YES,NONE,NONE,PASS
Rando::ITEM::RG_SPIRIT_TEMPLE_KEY_RING,CLEAR,Bottom of the Well Key Ring,Llavero del Fondo del Pozo,YES,NONE,NONE,PASS
Rando::ITEM::RG_SHADOW_TEMPLE_KEY_RING,CLEAR,Training Ground Key Ring,Llavero del Entrenamiento,YES,NONE,NONE,PASS
Rando::ITEM::RG_BOTTOM_OF_THE_WELL_KEY_RING,CLEAR,Gerudo Fortress Key Ring,Llavero de la Fortaleza Gerudo,YES,NONE,NONE,PASS
Rando::ITEM::RG_GERUDO_TRAINING_GROUND_KEY_RING,CLEAR,Ganon's Castle Key Ring,Llavero del Castillo de Ganon,YES,NONE,NONE,PASS
Rando::ITEM::RG_GERUDO_FORTRESS_KEY_RING,CLEAR,Chest Game Key Ring,Llavero del Juego de Cofres,YES,NONE,NONE,PASS
Rando::ITEM::RG_GANONS_CASTLE_KEY_RING,CLEAR,Kokiri's Emerald,Esmeralda de los Kokiri,YES,NONE,NONE,PASS
Rando::ITEM::RG_TREASURE_GAME_KEY_RING,CLEAR,Goron's Ruby,Rubí de los Goron,YES,NONE,NONE,PASS
Rando::ITEM::L245,CLEAR,Zora's Sapphire,Zafiro de los Zora,YES,NONE,NONE,PASS
Rando::ITEM::L246,CLEAR,Forest Medallion,Medallón del Bosque,YES,NONE,NONE,PASS
Rando::ITEM::L247,CLEAR,Fire Medallion,Medallón del Fuego,YES,NONE,NONE,PASS
Rando::ITEM::L248,CLEAR,Water Medallion,Medallón del Agua,YES,NONE,NONE,PASS
Rando::ITEM::L249,CLEAR,Spirit Medallion,Medallón del Espíritu,YES,NONE,NONE,PASS
Rando::ITEM::L250,CLEAR,Shadow Medallion,Medallón de la Sombra,YES,NONE,NONE,PASS
Rando::ITEM::L251,CLEAR,Light Medallion,Medallón de la Luz,YES,NONE,NONE,PASS
Rando::ITEM::L252,CLEAR,Recovery Heart,Corazón de Recuperación,YES,NONE,NONE,PASS
Rando::ITEM::L253,CLEAR,Green Rupee,Rupia Verde,YES,NONE,NONE,PASS
Rando::ITEM::L255,CLEAR,Greg the Green Rupee,Greg la Rupia Verde,YES,NONE,NONE,PASS
Rando::ITEM::L256,CLEAR,Blue Rupee,Rupia Azul,YES,NONE,NONE,PASS
Rando::ITEM::L257,CLEAR,Red Rupee,Rupia Roja,YES,NONE,NONE,PASS
Rando::ITEM::L258,CLEAR,Purple Rupee,Rupia Púrpura,YES,NONE,NONE,PASS
Rando::ITEM::L259,CLEAR,Huge Rupee,Rupia Gigante,YES,NONE,NONE,PASS
Rando::ITEM::L260,CLEAR,Piece of Heart,Pieza de Corazón,YES,NONE,NONE,PASS
Rando::ITEM::L261,CLEAR,Heart Container,Contenedor de Corazón,YES,NONE,NONE,PASS
Rando::ITEM::L262,CLEAR,Ice Trap,Trampa de Hielo,YES,NONE,NONE,PASS
Rando::ITEM::L263,CLEAR,Milk,Leche,YES,NONE,NONE,PASS
Rando::ITEM::L264,CLEAR,Fish,Pez,YES,NONE,NONE,PASS
Rando::ITEM::L265,CLEAR,Bombs (5),Bombas (5),YES,NONE,NONE,PASS
Rando::ITEM::L266,CLEAR,Bombs (10),Bombas (10),YES,NONE,NONE,PASS
Rando::ITEM::L268,CLEAR,Bombs (20),Bombas (20),YES,NONE,NONE,PASS
Rando::ITEM::L269,CLEAR,Bombchus (5),Bombchus (5),YES,NONE,NONE,PASS
Rando::ITEM::L270,CLEAR,Bombchus (10),Bombchus (10),YES,NONE,NONE,PASS
Rando::ITEM::L271,CLEAR,Bombchus (20),Bombchus (20),YES,NONE,NONE,PASS
Rando::ITEM::L273,CLEAR,Arrows (5),Flechas (5),YES,NONE,NONE,PASS
Rando::ITEM::L274,CLEAR,Arrows (10),Flechas (10),YES,NONE,NONE,PASS
Rando::ITEM::L275,CLEAR,Arrows (30),Flechas (30),YES,NONE,NONE,PASS
Rando::ITEM::L276,CLEAR,Deku Nuts (5),Nueces Deku (5),YES,NONE,NONE,PASS
Rando::ITEM::L277,CLEAR,Deku Nuts (10),Nueces Deku (10),YES,NONE,NONE,PASS
Rando::ITEM::L278,CLEAR,Deku Seeds (30),Semillas Deku (30),YES,NONE,NONE,PASS
Rando::ITEM::L279,CLEAR,Deku Stick (1),Palo Deku (1),YES,NONE,NONE,PASS
Rando::ITEM::L280,CLEAR,Red Potion Refill,Recarga de Poción Roja,YES,NONE,NONE,PASS
Rando::ITEM::L281,CLEAR,Green Potion Refill,Recarga de Poción Verde,YES,NONE,NONE,PASS
Rando::ITEM::L282,CLEAR,Blue Potion Refill,Recarga de Poción Azul,YES,NONE,NONE,PASS
Rando::ITEM::L283,CLEAR,Piece of Heart (WINNER),Pieza de Corazón (GANADOR),YES,NONE,NONE,PASS
Rando::ITEM::L284,CLEAR,Green Rupee (LOSER),Rupia Verde (PERDEDOR),YES,NONE,NONE,PASS
Rando::ITEM::L286,CLEAR,Buy Deku Nut (5),Comprar Nuez Deku (5),YES,NONE,NONE,PASS
Rando::ITEM::L287,CLEAR,Buy Arrows (30),Comprar Flechas (30),YES,NONE,NONE,PASS
Rando::ITEM::L289,CLEAR,Buy Arrows (50),Comprar Flechas (50),YES,NONE,NONE,PASS
Rando::ITEM::L290,CLEAR,Buy Bombs (5) [25],Comprar Bombas (5) [25],YES,NONE,NONE,PASS
Rando::ITEM::L291,CLEAR,Buy Deku Nut (10),Comprar Nuez Deku (10),YES,NONE,NONE,PASS
Rando::ITEM::L292,CLEAR,Buy Deku Stick (1),Comprar Palo Deku (1),YES,NONE,NONE,PASS
Rando::ITEM::L293,CLEAR,Buy Bombs (10),Comprar Bombas (10),YES,NONE,NONE,PASS
Rando::ITEM::L294,CLEAR,Buy Fish,Comprar Pez,YES,NONE,NONE,PASS
Rando::ITEM::L295,CLEAR,Buy Red Potion [30],Comprar Poción Roja [30],YES,NONE,NONE,PASS
Rando::ITEM::L296,CLEAR,Buy Green Potion,Comprar Poción Verde,YES,NONE,NONE,PASS
Rando::ITEM::L297,CLEAR,Buy Blue Potion,Comprar Poción Azul,YES,NONE,NONE,PASS
Rando::ITEM::L298,CLEAR,Buy Hylian Shield,Comprar Escudo Hyliano,YES,NONE,NONE,PASS
Rando::ITEM::L299,CLEAR,Buy Deku Shield,Comprar Escudo Deku,YES,NONE,NONE,PASS
Rando::ITEM::L300,CLEAR,Buy Goron Tunic,Comprar Túnica Goron,YES,NONE,NONE,PASS
Rando::ITEM::L301,CLEAR,Buy Zora Tunic,Comprar Túnica Zora,YES,NONE,NONE,PASS
Rando::ITEM::L302,CLEAR,Buy Heart,Comprar Corazón,YES,NONE,NONE,PASS
Rando::ITEM::L303,CLEAR,Buy Bombchu (10),Comprar Bombchu (10),YES,NONE,NONE,PASS
Rando::ITEM::L304,CLEAR,Buy Bombchu (20),Comprar Bombchu (20),YES,NONE,NONE,PASS
Rando::ITEM::L305,CLEAR,Buy Deku Seeds (30),Comprar Semillas Deku (30),YES,NONE,NONE,PASS
Rando::ITEM::L306,CLEAR,Sold Out,Agotado,YES,NONE,NONE,PASS
Rando::ITEM::L307,CLEAR,Buy Blue Fire,Comprar Fuego Azul,YES,NONE,NONE,PASS
Rando::ITEM::L308,CLEAR,Buy Bottle Bug,Comprar Bicho en Botella,YES,NONE,NONE,PASS
Rando::ITEM::L309,CLEAR,Buy Poe,Comprar Poe,YES,NONE,NONE,PASS
Rando::ITEM::L310,CLEAR,Buy Fairy's Spirit,Comprar Espíritu de Hada,YES,NONE,NONE,PASS
Rando::ITEM::L311,CLEAR,Buy Arrows (10),Comprar Flechas (10),YES,NONE,NONE,PASS
Rando::ITEM::L312,CLEAR,Buy Bombs (20),Comprar Bombas (20),YES,NONE,NONE,PASS
Rando::ITEM::L313,CLEAR,Buy Bombs (30),Comprar Bombas (30),YES,NONE,NONE,PASS
Rando::ITEM::L314,CLEAR,Buy Bombs (5) [35],Comprar Bombas (5) [35],YES,NONE,NONE,PASS
Rando::ITEM::L315,CLEAR,Buy Red Potion [40],Comprar Poción Roja [40],YES,NONE,NONE,PASS
Rando::ITEM::L316,CLEAR,Buy Red Potion [50],Comprar Poción Roja [50],YES,NONE,NONE,PASS
Rando::ITEM::L317,CLEAR,Gohma's Soul,Alma de Gohma,YES,NONE,NONE,PASS
Rando::ITEM::L318,CLEAR,King Dodongo's Soul,Alma del Rey Dodongo,YES,NONE,NONE,PASS
Rando::ITEM::RG_GOHMA_SOUL,CLEAR,Barinade's Soul,Alma de Barinade,YES,NONE,NONE,PASS
Rando::ITEM::RG_KING_DODONGO_SOUL,CLEAR,Phantom Ganon's Soul,Alma de Phantom Ganon,YES,NONE,NONE,PASS
Rando::ITEM::RG_BARINADE_SOUL,CLEAR,Volvagia's Soul,Alma de Volvagia,YES,NONE,NONE,PASS
Rando::ITEM::RG_PHANTOM_GANON_SOUL,CLEAR,Morpha's Soul,Alma de Morpha,YES,NONE,NONE,PASS
Rando::ITEM::RG_VOLVAGIA_SOUL,CLEAR,Bongo Bongo's Soul,Alma de Bongo Bongo,YES,NONE,NONE,PASS
Rando::ITEM::RG_MORPHA_SOUL,CLEAR,Twinrova's Soul,Alma de Twinrova,YES,NONE,NONE,PASS
Rando::ITEM::RG_BONGO_BONGO_SOUL,CLEAR,Ganon's Soul,Alma de Ganon,YES,NONE,NONE,PASS
Rando::ITEM::RG_TWINROVA_SOUL,CLEAR,Fishing Pole,Caña de Pescar,YES,NONE,NONE,PASS
Rando::ITEM::RG_GANON_SOUL,CLEAR,Ocarina A Button,Botón A de Ocarina,YES,NONE,NONE,PASS
Rando::ITEM::RG_FISHING_POLE,CLEAR,Ocarina C Up Button,Botón C Arriba de Ocarina,YES,NONE,NONE,PASS
Rando::ITEM::RG_OCARINA_A_BUTTON,CLEAR,Ocarina C Down Button,Botón C Abajo de Ocarina,YES,NONE,NONE,PASS
Rando::ITEM::RG_OCARINA_C_UP_BUTTON,CLEAR,Ocarina C Left Button,Botón C Izquierda de Ocarina,YES,NONE,NONE,PASS
Rando::ITEM::RG_OCARINA_C_DOWN_BUTTON,CLEAR,Ocarina C Right Button,Botón C Derecha de Ocarina,YES,NONE,NONE,PASS
Rando::ITEM::RG_OCARINA_C_LEFT_BUTTON,CLEAR,Bronze Scale,Escama de Bronce,YES,NONE,NONE,PASS
Rando::ITEM::RG_OCARINA_C_RIGHT_BUTTON,CLEAR,Bombchu Bag,Bolsa de Bombchu,YES,NONE,NONE,PASS
Rando::ITEM::RG_BRONZE_SCALE,CLEAR,Infinite Quiver,Carcaj Infinito,YES,NONE,NONE,PASS
Rando::ITEM::L355,CLEAR,Infinite Bomb Bag,Bolsa de Bombas Infinita,YES,NONE,NONE,PASS
Rando::ITEM::L358,CLEAR,Infinite Bullet Bag,Bolsa de Balas Infinita,YES,NONE,NONE,PASS
Rando::ITEM::L359,CLEAR,Infinite Stick Capacity,Capacidad de Palos Infinita,YES,NONE,NONE,PASS
Rando::ITEM::L360,CLEAR,Infinite Nut Capacity,Capacidad de Nueces Infinita,YES,NONE,NONE,PASS
Rando::ITEM::L361,CLEAR,Infinite Magic Meter,Medidor de Magia Infinito,YES,NONE,NONE,PASS
Rando::ITEM::L362,CLEAR,Infinite Bombchus,Bombchus Infinitos,YES,NONE,NONE,PASS
Rando::ITEM::L363,CLEAR,Infinite Wallet,Billetera Infinita,YES,NONE,NONE,PASS
Rando::ITEM::L364,CLEAR,Skeleton Key,Llave Maestra,YES,NONE,NONE,PASS
Rando::ITEM::L366,CLEAR,Deku Stick Bag,Bolsa de Palos Deku,YES,NONE,NONE,PASS
Rando::ITEM::L368,CLEAR,Deku Nut Bag,Bolsa de Nueces Deku,YES,NONE,NONE,PASS
Rando::ITEM::L371,CLEAR,Triforce,Trifuerza,YES,NONE,NONE,PASS
Rando::ITEM::L373,CLEAR,Hint,Pista,YES,NONE,NONE,PASS
Rando::ITEM::RG_TRIFORCE,CLEAR,Hookshot,Anzuelo,YES,NONE,NONE,PASS
Rando::ITEM::L376,CLEAR,Longshot,Anzuelo Largo,YES,NONE,NONE,PASS
Rando::ITEM::L378,CLEAR,Fairy Ocarina,Ocarina de Hada,YES,NONE,NONE,PASS
Rando::ITEM::L379,CLEAR,Ocarina of Time,Ocarina del Tiempo,YES,NONE,NONE,PASS
Rando::ITEM::L380,CLEAR,Bomb Bag,Bolsa de Bombas,YES,NONE,NONE,PASS
Rando::ITEM::L381,CLEAR,Big Bomb Bag,Bolsa de Bombas Grande,YES,NONE,NONE,PASS
Rando::ITEM::L382,CLEAR,Biggest Bomb Bag,Bolsa de Bombas Más Grande,YES,NONE,NONE,PASS
Rando::ITEM::L383,CLEAR,Fairy Bow,Arco de Hada,YES,NONE,NONE,PASS
Rando::ITEM::L384,CLEAR,Big Quiver,Carcaj Grande,YES,NONE,NONE,PASS
Rando::ITEM::L385,CLEAR,Biggest Quiver,Carcaj Más Grande,YES,NONE,NONE,PASS
Rando::ITEM::L386,CLEAR,Fairy Slingshot,Honda de Hada,YES,NONE,NONE,PASS
Rando::ITEM::L387,CLEAR,Big Deku Seed Bullet Bag,Bolsa de Semillas Deku Grande,YES,NONE,NONE,PASS
Rando::ITEM::L388,CLEAR,Biggest Deku Seed Bullet Bag,Bolsa de Semillas Deku Más Grande,YES,NONE,NONE,PASS
Rando::ITEM::L389,CLEAR,Goron's Bracelet,Pulsera Goron,YES,NONE,NONE,PASS
Rando::ITEM::L390,CLEAR,Silver Gauntlets,Guanteletes de Plata,YES,NONE,NONE,PASS
Rando::ITEM::L391,CLEAR,Golden Gauntlets,Guanteletes Dorados,YES,NONE,NONE,PASS
Rando::ITEM::L392,CLEAR,Silver Scale,Escama de Plata,YES,NONE,NONE,PASS
Rando::ITEM::L393,CLEAR,Golden Scale,Escama Dorada,YES,NONE,NONE,PASS
Rando::ITEM::L394,CLEAR,Adult Wallet,Billetera de Adulto,YES,NONE,NONE,PASS
Rando::ITEM::L395,CLEAR,Giant Wallet,Billetera Gigante,YES,NONE,NONE,PASS
Rando::ITEM::L396,CLEAR,Tycoon Wallet,Billetera de Magnate,YES,NONE,NONE,PASS
Rando::ITEM::L397,CLEAR,Child Wallet,Billetera de Niño,YES,NONE,NONE,PASS
Rando::ITEM::L398,CLEAR,Deku Nut Capacity (30),Capacidad de Nueces Deku (30),YES,NONE,NONE,PASS
Rando::ITEM::L399,CLEAR,Deku Nut Capacity (40),Capacidad de Nueces Deku (40),YES,NONE,NONE,PASS
Rando::ITEM::L400,CLEAR,Deku Stick Capacity (20),Capacidad de Palos Deku (20),YES,NONE,NONE,PASS
Rando::ITEM::L401,CLEAR,Deku Stick Capacity (30),Capacidad de Palos Deku (30),YES,NONE,NONE,PASS
Rando::ITEM::L402,CLEAR,Magic Meter,Medidor de Magia,YES,NONE,NONE,PASS
Rando::ITEM::L403,CLEAR,Enhanced Magic Meter,Medidor de Magia Mejorado,YES,NONE,NONE,PASS
Rando::ITEM::L404,CLEAR,Triforce Piece,Pieza de Trifuerza,YES,NONE,NONE,PASS
ENTRANCE::L47,CLEAR,Spawns/Warp Songs/Owls,Apariciones/Canciones de Teletransporte/Búhos,YES,NONE,NONE,PASS
ENTRANCE::L48,CLEAR,Kokiri Forest,Bosque Kokiri,YES,NONE,NONE,PASS
ENTRANCE::L49,CLEAR,Lost Woods,Bosque Perdido,YES,NONE,NONE,PASS
ENTRANCE::L50,CLEAR,Sacred Forest Meadow,Pradera Sagrada del Bosque,YES,NONE,NONE,PASS
ENTRANCE::L51,CLEAR,Kakariko Village,Aldea Kakariko,YES,NONE,NONE,PASS
ENTRANCE::L52,CLEAR,Graveyard,Cementerio,YES,NONE,NONE,PASS
ENTRANCE::L53,CLEAR,Death Mountain Trail,Sendero del Monte Muerte,YES,NONE,NONE,PASS
ENTRANCE::L54,CLEAR,Death Mountain Crater,Cráter del Monte Muerte,YES,NONE,NONE,PASS
ENTRANCE::L55,CLEAR,Goron City,Ciudad Goron,YES,NONE,NONE,PASS
ENTRANCE::L56,CLEAR,Zora's River,Río Zora,YES,NONE,NONE,PASS
ENTRANCE::L57,CLEAR,Zora's Domain,Domino Zora,YES,NONE,NONE,PASS
ENTRANCE::L58,CLEAR,Zora's Fountain,Fuente Zora,YES,NONE,NONE,PASS
ENTRANCE::L59,CLEAR,Hyrule Field,Campo de Hyrule,YES,NONE,NONE,PASS
ENTRANCE::L60,CLEAR,Lon Lon Ranch,Rancho Lon Lon,YES,NONE,NONE,PASS
ENTRANCE::L61,CLEAR,Lake Hylia,Lago Hylia,YES,NONE,NONE,PASS
ENTRANCE::L62,CLEAR,Gerudo Valley,Valle Gerudo,YES,NONE,NONE,PASS
ENTRANCE::L63,CLEAR,Gerudo Fortress,Fortaleza Gerudo,YES,NONE,NONE,PASS
ENTRANCE::L64,CLEAR,Haunted Wasteland,Desierto Embrujado,YES,NONE,NONE,PASS
ENTRANCE::L65,CLEAR,Desert Colossus,Coloso del Desierto,YES,NONE,NONE,PASS
ENTRANCE::L66,CLEAR,Market,Mercado,YES,NONE,NONE,PASS
ENTRANCE::L67,CLEAR,Hyrule Castle,Castillo de Hyrule,YES,NONE,NONE,PASS
ENTRANCE::L79,CLEAR,Link's House,Aparición de Niño,YES,NONE,NONE,PASS
ENTRANCE::L79,CLEAR,Link's House,Casa de Link,YES,NONE,NONE,PASS
ENTRANCE::L80,CLEAR,Temple of Time,Aparición de Adulto,YES,NONE,NONE,PASS
ENTRANCE::L80,CLEAR,Temple of Time,Templo del Tiempo,YES,NONE,NONE,PASS
ENTRANCE::L82,CLEAR,SFM Warp Pad,Minueto del Bosque,YES,NONE,NONE,PASS
ENTRANCE::L82,CLEAR,SFM Warp Pad,Placa de Teletransporte de Pradera Sagrada del Bosque,YES,NONE,NONE,PASS
ENTRANCE::L83,CLEAR,DMC Warp Pad,Bolero del Fuego,YES,NONE,NONE,PASS
ENTRANCE::L83,CLEAR,DMC Warp Pad,Placa de Teletransporte del Cráter del Monte Muerte,YES,NONE,NONE,PASS
ENTRANCE::L84,CLEAR,Lake Hylia Warp Pad,Serenata del Agua,YES,NONE,NONE,PASS
ENTRANCE::L84,CLEAR,Lake Hylia Warp Pad,Placa de Teletransporte del Lago Hylia,YES,NONE,NONE,PASS
ENTRANCE::L85,CLEAR,Desert Colossus Warp Pad,Réquiem del Espíritu,YES,NONE,NONE,PASS
ENTRANCE::L85,CLEAR,Desert Colossus Warp Pad,Placa de Teletransporte del Coloso del Desierto,YES,NONE,NONE,PASS
ENTRANCE::L86,CLEAR,Graveyard Warp Pad,Nocturno de la Sombra,YES,NONE,NONE,PASS
ENTRANCE::L86,CLEAR,Graveyard Warp Pad,Placa de Teletransporte del Cementerio,YES,NONE,NONE,PASS
ENTRANCE::L87,CLEAR,Temple of Time Warp Pad,Preludio de la Luz,YES,NONE,NONE,PASS
ENTRANCE::L87,CLEAR,Temple of Time Warp Pad,Placa de Teletransporte del Templo del Tiempo,YES,NONE,NONE,PASS
ENTRANCE::L89,CLEAR,Kakariko Village Owl Drop,Vuelo del Búho del Sendero del Monte Muerte,YES,NONE,NONE,PASS
ENTRANCE::L89,CLEAR,Kakariko Village Owl Drop,Caída del Búho de Aldea Kakariko,YES,NONE,NONE,PASS
ENTRANCE::L90,CLEAR,Hyrule Field Owl Drop,Vuelo del Búho del Lago Hylia,YES,NONE,NONE,PASS
ENTRANCE::L90,CLEAR,Hyrule Field Owl Drop,Caída del Búho del Campo de Hyrule,YES,NONE,NONE,PASS
ENTRANCE::L93,CLEAR,Lost Woods Bridge East Exit,Salida Inferior del Bosque Kokiri,YES,NONE,NONE,PASS
ENTRANCE::L93,CLEAR,Lost Woods Bridge East Exit,Salida Este del Puente del Bosque Perdido,YES,NONE,NONE,PASS
ENTRANCE::L94,CLEAR,Lost Woods South Exit,Salida Superior del Bosque Kokiri,YES,NONE,NONE,PASS
ENTRANCE::L94,CLEAR,Lost Woods South Exit,Salida Sur del Bosque Perdido,YES,NONE,NONE,PASS
ENTRANCE::L95,CLEAR,Link's House,Entrada de la Casa de Link en BK,YES,NONE,NONE,PASS
ENTRANCE::L95,CLEAR,Link's House,Casa de Link,YES,NONE,NONE,PASS
ENTRANCE::L96,CLEAR,Mido's House,Entrada de la Casa de Mido en BK,YES,NONE,NONE,PASS
ENTRANCE::L96,CLEAR,Mido's House,Casa de Mido,YES,NONE,NONE,PASS
ENTRANCE::L97,CLEAR,Saria's House,Entrada de la Casa de Saria en BK,YES,NONE,NONE,PASS
ENTRANCE::L97,CLEAR,Saria's House,Casa de Saria,YES,NONE,NONE,PASS
ENTRANCE::L98,CLEAR,House of Twins,Entrada de la Casa de los Gemelos en BK,YES,NONE,NONE,PASS
ENTRANCE::L98,CLEAR,House of Twins,Casa de los Gemelos,YES,NONE,NONE,PASS
ENTRANCE::L99,CLEAR,Know-It-All House,Entrada de la Casa del Sabiondo en BK,YES,NONE,NONE,PASS
ENTRANCE::L99,CLEAR,Know-It-All House,Casa del Sabiondo,YES,NONE,NONE,PASS
ENTRANCE::L100,CLEAR,Kokiri Shop,Entrada de la Tienda en BK,YES,NONE,NONE,PASS
ENTRANCE::L100,CLEAR,Kokiri Shop,Tienda Kokiri,YES,NONE,NONE,PASS
ENTRANCE::L102,CLEAR,Deku Tree Entrance,Fuera del Árbol Deku en BK,YES,NONE,NONE,PASS
ENTRANCE::L102,CLEAR,Deku Tree Entrance,Entrada del Árbol Deku,YES,NONE,NONE,PASS
ENTRANCE::L103,CLEAR,KF Link's House Entry,Casa de Link,YES,NONE,NONE,PASS
ENTRANCE::L103,CLEAR,KF Link's House Entry,Entrada de la Casa de Link en BK,YES,NONE,NONE,PASS
ENTRANCE::L104,CLEAR,KF Mido's House Entry,Casa de Mido,YES,NONE,NONE,PASS
ENTRANCE::L104,CLEAR,KF Mido's House Entry,Entrada de la Casa de Mido en BK,YES,NONE,NONE,PASS
ENTRANCE::L105,CLEAR,KF Saria's House Entry,Casa de Saria,YES,NONE,NONE,PASS
ENTRANCE::L105,CLEAR,KF Saria's House Entry,Entrada de la Casa de Saria en BK,YES,NONE,NONE,PASS
ENTRANCE::L106,CLEAR,KF House of Twins Entry,Casa de los Gemelos,YES,NONE,NONE,PASS
ENTRANCE::L106,CLEAR,KF House of Twins Entry,Entrada de la Casa de los Gemelos en BK,YES,NONE,NONE,PASS
ENTRANCE::L107,CLEAR,KF Know-It-All House Entry,Casa del Sabiondo,YES,NONE,NONE,PASS
ENTRANCE::L107,CLEAR,KF Know-It-All House Entry,Entrada de la Casa del Sabiondo en BK,YES,NONE,NONE,PASS
ENTRANCE::L108,CLEAR,KF Shop Entry,Tienda Kokiri,YES,NONE,NONE,PASS
ENTRANCE::L108,CLEAR,KF Shop Entry,Entrada de la Tienda en BK,YES,NONE,NONE,PASS
ENTRANCE::L110,CLEAR,KF Outside Deku Tree,Entrada del Árbol Deku,YES,NONE,NONE,PASS
ENTRANCE::L110,CLEAR,KF Outside Deku Tree,Fuera del Árbol Deku en BK,YES,NONE,NONE,PASS
ENTRANCE::L111,CLEAR,Gohma,Puerta del Jefe del Árbol Deku,YES,NONE,NONE,PASS
ENTRANCE::L111,CLEAR,Gohma,Gohma,YES,NONE,NONE,PASS
ENTRANCE::L112,CLEAR,Deku Tree Boss Door,Gohma,YES,NONE,NONE,PASS
ENTRANCE::L112,CLEAR,Deku Tree Boss Door,Puerta del Jefe del Árbol Deku,YES,NONE,NONE,PASS
ENTRANCE::L113,CLEAR,Deku Tree Blue Warp,Teletransporte Azul de Gohma,YES,NONE,NONE,PASS
ENTRANCE::L113,CLEAR,Deku Tree Blue Warp,Teletransporte Azul del Árbol Deku,YES,NONE,NONE,PASS
ENTRANCE::L116,CLEAR,Kokiri Forest Lower Exit,Salida Este del Puente del Bosque Perdido,YES,NONE,NONE,PASS
ENTRANCE::L116,CLEAR,Kokiri Forest Lower Exit,Salida Inferior del Bosque Kokiri,YES,NONE,NONE,PASS
ENTRANCE::L117,CLEAR,Hyrule Field Wooded Exit,Salida Oeste del Puente del Bosque Perdido,YES,NONE,NONE,PASS
ENTRANCE::L117,CLEAR,Hyrule Field Wooded Exit,Salida Boscosa del Campo de Hyrule,YES,NONE,NONE,PASS
ENTRANCE::L118,CLEAR,Kokiri Forest Upper Exit,Salida Sur del Bosque Perdido,YES,NONE,NONE,PASS
ENTRANCE::L118,CLEAR,Kokiri Forest Upper Exit,Salida Superior del Bosque Kokiri,YES,NONE,NONE,PASS
ENTRANCE::L119,CLEAR,Goron City Tunnel Shortcut,Atajo del Túnel del Bosque Perdido,YES,NONE,NONE,PASS
ENTRANCE::L119,CLEAR,Goron City Tunnel Shortcut,Atajo del Túnel de Ciudad Goron,YES,NONE,NONE,PASS
ENTRANCE::L120,CLEAR,Zora's River Underwater Shortcut,Atajo Submarino del Bosque Perdido,YES,NONE,NONE,PASS
ENTRANCE::L120,CLEAR,Zora's River Underwater Shortcut,Atajo Submarino del Río Zora,YES,NONE,NONE,PASS
ENTRANCE::L121,CLEAR,Sacred Forest Meadow South Exit,Salida Norte del Bosque Perdido,YES,NONE,NONE,PASS
ENTRANCE::L121,CLEAR,Sacred Forest Meadow South Exit,Salida Sur de la Pradera Sagrada del Bosque,YES,NONE,NONE,PASS
ENTRANCE::L124,CLEAR,Deku Theater,Teatro Deku,YES,NONE,NONE,PASS
ENTRANCE::L127,CLEAR,Deku Theater,Teatro Deku,YES,NONE,NONE,PASS
ENTRANCE::L130,CLEAR,Lost Woods North Exit,Salida Sur de la Pradera Sagrada del Bosque,YES,NONE,NONE,PASS
ENTRANCE::L130,CLEAR,Lost Woods North Exit,Salida Norte del Bosque Perdido,YES,NONE,NONE,PASS
ENTRANCE::L134,CLEAR,Forest Temple Entrance,Pradera Sagrada del Bosque Fuera del Templo del Bosque,YES,NONE,NONE,PASS
ENTRANCE::L134,CLEAR,Forest Temple Entrance,Entrada del Templo del Bosque,YES,NONE,NONE,PASS
ENTRANCE::L138,CLEAR,Sacred Forest Meadow Outside Forest Temple,Entrada del Templo del Bosque,YES,NONE,NONE,PASS
ENTRANCE::L138,CLEAR,Sacred Forest Meadow Outside Forest Temple,Pradera Sagrada del Bosque Fuera del Templo del Bosque,YES,NONE,NONE,PASS
ENTRANCE::L139,CLEAR,Phantom Ganon,Puerta del Jefe del Templo del Bosque,YES,NONE,NONE,PASS
ENTRANCE::L139,CLEAR,Phantom Ganon,Phantom Ganon,YES,NONE,NONE,PASS
ENTRANCE::L140,CLEAR,Forest Temple Boss Door,Phantom Ganon,YES,NONE,NONE,PASS
ENTRANCE::L140,CLEAR,Forest Temple Boss Door,Puerta del Jefe del Templo del Bosque,YES,NONE,NONE,PASS
ENTRANCE::L141,CLEAR,Forest Temple Blue Warp,Teletransporte Azul de Phantom Ganon,YES,NONE,NONE,PASS
ENTRANCE::L141,CLEAR,Forest Temple Blue Warp,Teletransporte Azul del Templo del Bosque,YES,NONE,NONE,PASS
ENTRANCE::L144,CLEAR,Hyrule Field Stairs Exit,Puerta Principal de Kakariko,YES,NONE,NONE,PASS
ENTRANCE::L144,CLEAR,Hyrule Field Stairs Exit,Salida de Escaleras del Campo de Hyrule,YES,NONE,NONE,PASS
ENTRANCE::L145,CLEAR,Graveyard Entrance,Salida Sureste de Kakariko,YES,NONE,NONE,PASS
ENTRANCE::L145,CLEAR,Graveyard Entrance,Entrada del Cementerio,YES,NONE,NONE,PASS
ENTRANCE::L146,CLEAR,Death Mountain Trail Bottom Exit,Salida de la Puerta de la Guardia de Kakariko,YES,NONE,NONE,PASS
ENTRANCE::L146,CLEAR,Death Mountain Trail Bottom Exit,Salida Inferior del Sendero del Monte Muerte,YES,NONE,NONE,PASS
ENTRANCE::L147,CLEAR,Carpenter Boss House,Entrada de la Casa del Jefe de Kakariko,YES,NONE,NONE,PASS
ENTRANCE::L147,CLEAR,Carpenter Boss House,Casa del Jefe Carpintero,YES,NONE,NONE,PASS
ENTRANCE::L148,CLEAR,House of Skulltula,Entrada de la Casa Skulltula de Kakariko,YES,NONE,NONE,PASS
ENTRANCE::L148,CLEAR,House of Skulltula,Casa Skulltula,YES,NONE,NONE,PASS
ENTRANCE::L149,CLEAR,Impa's House Front,Entrada Delantera de la Casa de Impa en Kakariko,YES,NONE,NONE,PASS
ENTRANCE::L149,CLEAR,Impa's House Front,Frente de la Casa de Impa,YES,NONE,NONE,PASS
ENTRANCE::L150,CLEAR,Impa's House Back,Entrada Trasera de la Casa de Impa en Kakariko,YES,NONE,NONE,PASS
ENTRANCE::L150,CLEAR,Impa's House Back,Trasera de la Casa de Impa,YES,NONE,NONE,PASS
ENTRANCE::L151,CLEAR,Windmill,Entrada del Molino de Kakariko,YES,NONE,NONE,PASS
ENTRANCE::L151,CLEAR,Windmill,Molino,YES,NONE,NONE,PASS
ENTRANCE::L152,CLEAR,Kak Shooting Gallery,Entrada de la Galería de Tiro de Kakariko,YES,NONE,NONE,PASS
ENTRANCE::L152,CLEAR,Kak Shooting Gallery,Galería de Tiro de Kakariko,YES,NONE,NONE,PASS
ENTRANCE::L153,CLEAR,Granny's Potion Shop,Entrada de la Tienda de Pociones de la Abuela en Kakariko,YES,NONE,NONE,PASS
ENTRANCE::L153,CLEAR,Granny's Potion Shop,Tienda de Pociones de la Abuela,YES,NONE,NONE,PASS
ENTRANCE::L154,CLEAR,Kak Bazaar,Entrada del Bazar de Kakariko,YES,NONE,NONE,PASS
ENTRANCE::L154,CLEAR,Kak Bazaar,Bazar de Kakariko,YES,NONE,NONE,PASS
ENTRANCE::L155,CLEAR,Kak Potion Shop Front,Entrada Delantera de la Tienda de Pociones de Kakariko,YES,NONE,NONE,PASS
ENTRANCE::L155,CLEAR,Kak Potion Shop Front,Frente de la Tienda de Pociones de Kakariko,YES,NONE,NONE,PASS
ENTRANCE::L156,CLEAR,Kak Potion Shop Back,Entrada Trasera de la Tienda de Pociones de Kakariko,YES,NONE,NONE,PASS
ENTRANCE::L156,CLEAR,Kak Potion Shop Back,Trasera de la Tienda de Pociones de Kakariko,YES,NONE,NONE,PASS
ENTRANCE::L159,CLEAR,Bottom of the Well Entrance,Fuera del Pozo en Kakariko,YES,NONE,NONE,PASS
ENTRANCE::L159,CLEAR,Bottom of the Well Entrance,Entrada del Fondo del Pozo,YES,NONE,NONE,PASS
ENTRANCE::L160,CLEAR,Kak Boss House Entry,Casa del Jefe Carpintero,YES,NONE,NONE,PASS
ENTRANCE::L160,CLEAR,Kak Boss House Entry,Entrada de la Casa del Jefe de Kakariko,YES,NONE,NONE,PASS
ENTRANCE::L161,CLEAR,Kak Skulltula House Entry,Casa Skulltula,YES,NONE,NONE,PASS
ENTRANCE::L161,CLEAR,Kak Skulltula House Entry,Entrada de la Casa Skulltula de Kakariko,YES,NONE,NONE,PASS
ENTRANCE::L162,CLEAR,Kak Impa's House Front Entry,Frente de la Casa de Impa,YES,NONE,NONE,PASS
ENTRANCE::L162,CLEAR,Kak Impa's House Front Entry,Entrada Delantera de la Casa de Impa en Kakariko,YES,NONE,NONE,PASS
ENTRANCE::L163,CLEAR,Kak Impa's House Back Entry,Trasera de la Casa de Impa,YES,NONE,NONE,PASS
ENTRANCE::L163,CLEAR,Kak Impa's House Back Entry,Entrada Trasera de la Casa de Impa en Kakariko,YES,NONE,NONE,PASS
ENTRANCE::L164,CLEAR,Kak Windmill Entry,Molino,YES,NONE,NONE,PASS
ENTRANCE::L164,CLEAR,Kak Windmill Entry,Entrada del Molino de Kakariko,YES,NONE,NONE,PASS
ENTRANCE::L165,CLEAR,Kak Shooting Gallery Entry,Galería de Tiro de Kakariko,YES,NONE,NONE,PASS
ENTRANCE::L165,CLEAR,Kak Shooting Gallery Entry,Entrada de la Galería de Tiro de Kakariko,YES,NONE,NONE,PASS
ENTRANCE::L166,CLEAR,Kak Granny's Potion Shop Entry,Tienda de Pociones de la Abuela,YES,NONE,NONE,PASS
ENTRANCE::L166,CLEAR,Kak Granny's Potion Shop Entry,Entrada de la Tienda de Pociones de la Abuela en Kakariko,YES,NONE,NONE,PASS
ENTRANCE::L167,CLEAR,Kak Bazaar Entry,Bazar de Kakariko,YES,NONE,NONE,PASS
ENTRANCE::L167,CLEAR,Kak Bazaar Entry,Entrada del Bazar de Kakariko,YES,NONE,NONE,PASS
ENTRANCE::L168,CLEAR,Kak Potion Shop Front Entry,Frente de la Tienda de Pociones de Kakariko,YES,NONE,NONE,PASS
ENTRANCE::L168,CLEAR,Kak Potion Shop Front Entry,Entrada Delantera de la Tienda de Pociones de Kakariko,YES,NONE,NONE,PASS
ENTRANCE::L169,CLEAR,Kak Potion Shop Back Entry,Trasera de la Tienda de Pociones de Kakariko,YES,NONE,NONE,PASS
ENTRANCE::L169,CLEAR,Kak Potion Shop Back Entry,Entrada Trasera de la Tienda de Pociones de Kakariko,YES,NONE,NONE,PASS
ENTRANCE::L172,CLEAR,Kakariko Outside the Well,Entrada del Fondo del Pozo,YES,NONE,NONE,PASS
ENTRANCE::L172,CLEAR,Kakariko Outside the Well,Fuera del Pozo en Kakariko,YES,NONE,NONE,PASS
ENTRANCE::L175,CLEAR,Kakariko Southeast Exit,Entrada del Cementerio,YES,NONE,NONE,PASS
ENTRANCE::L175,CLEAR,Kakariko Southeast Exit,Salida Sureste de Kakariko,YES,NONE,NONE,PASS
ENTRANCE::L176,CLEAR,Dampe's Hut,Entrada de la Cabaña de Dampe en el Cementerio,YES,NONE,NONE,PASS
ENTRANCE::L176,CLEAR,Dampe's Hut,Cabaña de Dampe,YES,NONE,NONE,PASS
ENTRANCE::L177,CLEAR,Shield Grave,Entrada de la Tumba Cerca de la Cabaña en el Cementerio,YES,NONE,NONE,PASS
ENTRANCE::L177,CLEAR,Shield Grave,Tumba del Escudo,YES,NONE,NONE,PASS
ENTRANCE::L178,CLEAR,Heart Piece Grave,Entrada de la Tumba Cerca de la Tumba en el Cementerio,YES,NONE,NONE,PASS
ENTRANCE::L178,CLEAR,Heart Piece Grave,Tumba de la Pieza de Corazón,YES,NONE,NONE,PASS
ENTRANCE::L179,CLEAR,Royal Family's Tomb,Entrada de la Tumba de la Familia Real en el Cementerio,YES,NONE,NONE,PASS
ENTRANCE::L179,CLEAR,Royal Family's Tomb,Tumba de la Familia Real,YES,NONE,NONE,PASS
ENTRANCE::L180,CLEAR,Dampe's Grave,Entrada de la Tumba Cerca del Risco en el Cementerio,YES,NONE,NONE,PASS
ENTRANCE::L180,CLEAR,Dampe's Grave,Tumba de Dampe,YES,NONE,NONE,PASS
ENTRANCE::L181,CLEAR,Shadow Temple Entrance,Cementerio Fuera del Templo,YES,NONE,NONE,PASS
ENTRANCE::L181,CLEAR,Shadow Temple Entrance,Entrada del Templo de la Sombra,YES,NONE,NONE,PASS
ENTRANCE::L182,CLEAR,GY Dampe's Hut Entry,Cabaña de Dampe,YES,NONE,NONE,PASS
ENTRANCE::L182,CLEAR,GY Dampe's Hut Entry,Entrada de la Cabaña de Dampe en el Cementerio,YES,NONE,NONE,PASS
ENTRANCE::L183,CLEAR,GY Near-Hut Grave Entry,Tumba del Escudo,YES,NONE,NONE,PASS
ENTRANCE::L183,CLEAR,GY Near-Hut Grave Entry,Entrada de la Tumba Cerca de la Cabaña en el Cementerio,YES,NONE,NONE,PASS
ENTRANCE::L184,CLEAR,GY Near-Tomb Grave Entry,Tumba de la Pieza de Corazón,YES,NONE,NONE,PASS
ENTRANCE::L184,CLEAR,GY Near-Tomb Grave Entry,Entrada de la Tumba Cerca de la Tumba en el Cementerio,YES,NONE,NONE,PASS
ENTRANCE::L185,CLEAR,GY Royal Family's Tomb Entry,Tumba de la Familia Real,YES,NONE,NONE,PASS
ENTRANCE::L185,CLEAR,GY Royal Family's Tomb Entry,Entrada de la Tumba de la Familia Real en el Cementerio,YES,NONE,NONE,PASS
ENTRANCE::L186,CLEAR,GY Near-Ledge Grave Entry,Tumba de Dampe,YES,NONE,NONE,PASS
ENTRANCE::L186,CLEAR,GY Near-Ledge Grave Entry,Entrada de la Tumba Cerca del Risco en el Cementerio,YES,NONE,NONE,PASS
ENTRANCE::L187,CLEAR,Graveyard Outside Temple,Entrada del Templo de la Sombra,YES,NONE,NONE,PASS
ENTRANCE::L187,CLEAR,Graveyard Outside Temple,Cementerio Fuera del Templo,YES,NONE,NONE,PASS
ENTRANCE::L188,CLEAR,Bongo-Bongo,Puerta del Jefe del Templo de la Sombra,YES,NONE,NONE,PASS
ENTRANCE::L188,CLEAR,Bongo-Bongo,Bongo-Bongo,YES,NONE,NONE,PASS
ENTRANCE::L189,CLEAR,Shadow Temple Boss Door,Bongo-Bongo,YES,NONE,NONE,PASS
ENTRANCE::L189,CLEAR,Shadow Temple Boss Door,Puerta del Jefe del Templo de la Sombra,YES,NONE,NONE,PASS
ENTRANCE::L190,CLEAR,Shadow Temple Blue Warp,Teletransporte Azul de Bongo-Bongo,YES,NONE,NONE,PASS
ENTRANCE::L190,CLEAR,Shadow Temple Blue Warp,Teletransporte Azul del Templo de la Sombra,YES,NONE,NONE,PASS
ENTRANCE::L193,CLEAR,Goron City Upper Exit,Salida Media del Sendero del Monte Muerte,YES,NONE,NONE,PASS
ENTRANCE::L193,CLEAR,Goron City Upper Exit,Salida Superior de Ciudad Goron,YES,NONE,NONE,PASS
ENTRANCE::L194,CLEAR,Kakariko Guard Gate Exit,Salida Inferior del Sendero del Monte Muerte,YES,NONE,NONE,PASS
ENTRANCE::L194,CLEAR,Kakariko Guard Gate Exit,Salida de la Puerta de la Guardia de Kakariko,YES,NONE,NONE,PASS
ENTRANCE::L195,CLEAR,Death Mountain Crater Upper Exit,Salida Superior del Sendero del Monte Muerte,YES,NONE,NONE,PASS
ENTRANCE::L195,CLEAR,Death Mountain Crater Upper Exit,Salida Superior del Cráter del Monte Muerte,YES,NONE,NONE,PASS
ENTRANCE::L196,CLEAR,DMT Great Fairy Fountain,Entrada de la Gran Hada del Sendero del Monte Muerte,YES,NONE,NONE,PASS
ENTRANCE::L196,CLEAR,DMT Great Fairy Fountain,Fuente de la Gran Hada del Sendero del Monte Muerte,YES,NONE,NONE,PASS
ENTRANCE::L199,CLEAR,Dodongo's Cavern Entrance,Sendero del Monte Muerte Fuera de la Cueva de Dodongo,YES,NONE,NONE,PASS
ENTRANCE::L199,CLEAR,Dodongo's Cavern Entrance,Entrada de la Cueva de Dodongo,YES,NONE,NONE,PASS
ENTRANCE::L200,CLEAR,DMT Great Fairy Entry,Fuente de la Gran Hada del Sendero del Monte Muerte,YES,NONE,NONE,PASS
ENTRANCE::L200,CLEAR,DMT Great Fairy Entry,Entrada de la Gran Hada del Sendero del Monte Muerte,YES,NONE,NONE,PASS
ENTRANCE::L203,CLEAR,Death Mountain Trail Outside Dodongo's Cavern,Entrada de la Cueva de Dodongo,YES,NONE,NONE,PASS
ENTRANCE::L203,CLEAR,Death Mountain Trail Outside Dodongo's Cavern,Sendero del Monte Muerte Fuera de la Cueva de Dodongo,YES,NONE,NONE,PASS
ENTRANCE::L204,CLEAR,King Dodongo,Puerta del Jefe de la Cueva de Dodongo,YES,NONE,NONE,PASS
ENTRANCE::L204,CLEAR,King Dodongo,Rey Dodongo,YES,NONE,NONE,PASS
ENTRANCE::L205,CLEAR,Dodongo's Cavern Boss Door,Rey Dodongo,YES,NONE,NONE,PASS
ENTRANCE::L205,CLEAR,Dodongo's Cavern Boss Door,Puerta del Jefe de la Cueva de Dodongo,YES,NONE,NONE,PASS
ENTRANCE::L206,CLEAR,Dodongo's Cavern Blue Warp,Teletransporte Azul del Rey Dodongo,YES,NONE,NONE,PASS
ENTRANCE::L206,CLEAR,Dodongo's Cavern Blue Warp,Teletransporte Azul de la Cueva de Dodongo,YES,NONE,NONE,PASS
ENTRANCE::L209,CLEAR,Goron City Darunia's Room Backdoor,Salida del Puente del Cráter del Monte Muerte,YES,NONE,NONE,PASS
ENTRANCE::L209,CLEAR,Goron City Darunia's Room Backdoor,Puerta Trasera de la Habitación de Darunia en Ciudad Goron,YES,NONE,NONE,PASS
ENTRANCE::L210,CLEAR,Death Mountain Trail Top Exit,Salida Superior del Cráter del Monte Muerte,YES,NONE,NONE,PASS
ENTRANCE::L210,CLEAR,Death Mountain Trail Top Exit,Salida Superior del Sendero del Monte Muerte,YES,NONE,NONE,PASS
ENTRANCE::L211,CLEAR,DMC Great Fairy Fountain,Entrada de la Gran Hada del Cráter del Monte Muerte,YES,NONE,NONE,PASS
ENTRANCE::L211,CLEAR,DMC Great Fairy Fountain,Fuente de la Gran Hada del Cráter del Monte Muerte,YES,NONE,NONE,PASS
ENTRANCE::L214,CLEAR,Fire Temple Entrance,Cráter del Monte Muerte Fuera del Templo,YES,NONE,NONE,PASS
ENTRANCE::L214,CLEAR,Fire Temple Entrance,Entrada del Templo del Fuego,YES,NONE,NONE,PASS
ENTRANCE::L215,CLEAR,DMC Great Fairy Entry,Fuente de la Gran Hada del Cráter del Monte Muerte,YES,NONE,NONE,PASS
ENTRANCE::L215,CLEAR,DMC Great Fairy Entry,Entrada de la Gran Hada del Cráter del Monte Muerte,YES,NONE,NONE,PASS
ENTRANCE::L218,CLEAR,Death Mountain Crater Outside Temple,Entrada del Templo del Fuego,YES,NONE,NONE,PASS
ENTRANCE::L218,CLEAR,Death Mountain Crater Outside Temple,Cráter del Monte Muerte Fuera del Templo,YES,NONE,NONE,PASS
ENTRANCE::L219,CLEAR,Volvagia,Puerta del Jefe del Templo del Fuego,YES,NONE,NONE,PASS
ENTRANCE::L219,CLEAR,Volvagia,Volvagia,YES,NONE,NONE,PASS
ENTRANCE::L220,CLEAR,Fire Temple Boss Door,Volvagia,YES,NONE,NONE,PASS
ENTRANCE::L220,CLEAR,Fire Temple Boss Door,Puerta del Jefe del Templo del Fuego,YES,NONE,NONE,PASS
ENTRANCE::L221,CLEAR,Fire Temple Blue Warp,Teletransporte Azul de Volvagia,YES,NONE,NONE,PASS
ENTRANCE::L221,CLEAR,Fire Temple Blue Warp,Teletransporte Azul del Templo del Fuego,YES,NONE,NONE,PASS
ENTRANCE::L224,CLEAR,Death Mountain Trail Middle Exit,Salida Superior de Ciudad Goron,YES,NONE,NONE,PASS
ENTRANCE::L224,CLEAR,Death Mountain Trail Middle Exit,Salida Media del Sendero del Monte Muerte,YES,NONE,NONE,PASS
ENTRANCE::L225,CLEAR,Death Mountain Crater Bridge Exit,Puerta Trasera de la Habitación de Darunia en Ciudad Goron,YES,NONE,NONE,PASS
ENTRANCE::L225,CLEAR,Death Mountain Crater Bridge Exit,Salida del Puente del Cráter del Monte Muerte,YES,NONE,NONE,PASS
ENTRANCE::L226,CLEAR,Lost Woods Tunnel Shortcut,Atajo del Túnel de Ciudad Goron,YES,NONE,NONE,PASS
ENTRANCE::L226,CLEAR,Lost Woods Tunnel Shortcut,Atajo del Túnel del Bosque Perdido,YES,NONE,NONE,PASS
ENTRANCE::L227,CLEAR,Goron Shop,Entrada de la Tienda de Ciudad Goron,YES,NONE,NONE,PASS
ENTRANCE::L227,CLEAR,Goron Shop,Tienda Goron,YES,NONE,NONE,PASS
ENTRANCE::L229,CLEAR,GC Shop Entry,Tienda Goron,YES,NONE,NONE,PASS
ENTRANCE::L229,CLEAR,GC Shop Entry,Entrada de la Tienda de Ciudad Goron,YES,NONE,NONE,PASS
ENTRANCE::L233,CLEAR,Hyrule Field River Exit,Salida Inferior del Río Zora,YES,NONE,NONE,PASS
ENTRANCE::L233,CLEAR,Hyrule Field River Exit,Salida del Río del Campo de Hyrule,YES,NONE,NONE,PASS
ENTRANCE::L234,CLEAR,Lost Woods Underwater Shortcut,Atajo Submarino del Río Zora,YES,NONE,NONE,PASS
ENTRANCE::L234,CLEAR,Lost Woods Underwater Shortcut,Atajo Submarino del Bosque Perdido,YES,NONE,NONE,PASS
ENTRANCE::L235,CLEAR,Zora's Domain Entrance,Salida de la Cascada del Río Zora,YES,NONE,NONE,PASS
ENTRANCE::L235,CLEAR,Zora's Domain Entrance,Entrada de Domino Zora,YES,NONE,NONE,PASS
ENTRANCE::L244,CLEAR,Zora's River Waterfall Exit,Entrada de Domino Zora,YES,NONE,NONE,PASS
ENTRANCE::L244,CLEAR,Zora's River Waterfall Exit,Salida de la Cascada del Río Zora,YES,NONE,NONE,PASS
ENTRANCE::L245,CLEAR,Lake Hylia Underwater Shortcut,Atajo Submarino de Domino Zora,YES,NONE,NONE,PASS
ENTRANCE::L245,CLEAR,Lake Hylia Underwater Shortcut,Atajo Submarino del Lago Hylia,YES,NONE,NONE,PASS
ENTRANCE::L246,CLEAR,Zora's Fountain Tunnel Exit,Detrás del Rey Zora en Domino Zora,YES,NONE,NONE,PASS
ENTRANCE::L246,CLEAR,Zora's Fountain Tunnel Exit,Salida del Túnel de Fuente Zora,YES,NONE,NONE,PASS
ENTRANCE::L247,CLEAR,Zora Shop,Entrada de la Tienda de Domino Zora,YES,NONE,NONE,PASS
ENTRANCE::L247,CLEAR,Zora Shop,Tienda Zora,YES,NONE,NONE,PASS
ENTRANCE::L249,CLEAR,ZD Shop Entry,Tienda Zora,YES,NONE,NONE,PASS
ENTRANCE::L249,CLEAR,ZD Shop Entry,Entrada de la Tienda de Domino Zora,YES,NONE,NONE,PASS
ENTRANCE::L253,CLEAR,Zora's Domain Behind King Zora,Salida del Túnel de Fuente Zora,YES,NONE,NONE,PASS
ENTRANCE::L253,CLEAR,Zora's Domain Behind King Zora,Detrás del Rey Zora en Domino Zora,YES,NONE,NONE,PASS
ENTRANCE::L254,CLEAR,ZF Great Fairy Fountain,Entrada de la Gran Hada de Fuente Zora,YES,NONE,NONE,PASS
ENTRANCE::L254,CLEAR,ZF Great Fairy Fountain,Fuente de la Gran Hada de Fuente Zora,YES,NONE,NONE,PASS
ENTRANCE::L255,CLEAR,Jabu Jabu's Belly Entrance,Fuente Zora Fuera de Jabu Jabu,YES,NONE,NONE,PASS
ENTRANCE::L255,CLEAR,Jabu Jabu's Belly Entrance,Entrada del Vientre de Jabu Jabu,YES,NONE,NONE,PASS
ENTRANCE::L256,CLEAR,Ice Cavern Entrance,Fuente Zora Fuera de la Cueva de Hielo,YES,NONE,NONE,PASS
ENTRANCE::L256,CLEAR,Ice Cavern Entrance,Entrada de la Cueva de Hielo,YES,NONE,NONE,PASS
ENTRANCE::L257,CLEAR,ZF Great Fairy Entry,Fuente de la Gran Hada de Fuente Zora,YES,NONE,NONE,PASS
ENTRANCE::L257,CLEAR,ZF Great Fairy Entry,Entrada de la Gran Hada de Fuente Zora,YES,NONE,NONE,PASS
ENTRANCE::L258,CLEAR,Zora's Fountain Outside Jabu Jabu,Entrada del Vientre de Jabu Jabu,YES,NONE,NONE,PASS
ENTRANCE::L258,CLEAR,Zora's Fountain Outside Jabu Jabu,Fuente Zora Fuera de Jabu Jabu,YES,NONE,NONE,PASS
ENTRANCE::L259,CLEAR,Barinade,Puerta del Jefe del Vientre de Jabu Jabu,YES,NONE,NONE,PASS
ENTRANCE::L259,CLEAR,Barinade,Barinade,YES,NONE,NONE,PASS
ENTRANCE::L260,CLEAR,Jabu Jabu's Belly Boss Door,Barinade,YES,NONE,NONE,PASS
ENTRANCE::L260,CLEAR,Jabu Jabu's Belly Boss Door,Puerta del Jefe del Vientre de Jabu Jabu,YES,NONE,NONE,PASS
ENTRANCE::L261,CLEAR,Jabu Jabu's Belly Blue Warp,Teletransporte Azul de Barinade,YES,NONE,NONE,PASS
ENTRANCE::L261,CLEAR,Jabu Jabu's Belly Blue Warp,Teletransporte Azul del Vientre de Jabu Jabu,YES,NONE,NONE,PASS
ENTRANCE::L262,CLEAR,Zora's Fountain Outside Ice Cavern,Entrada de la Cueva de Hielo,YES,NONE,NONE,PASS
ENTRANCE::L262,CLEAR,Zora's Fountain Outside Ice Cavern,Fuente Zora Fuera de la Cueva de Hielo,YES,NONE,NONE,PASS
ENTRANCE::L265,CLEAR,Lost Woods Bridge West Exit,Salida Boscosa del Campo de Hyrule,YES,NONE,NONE,PASS
ENTRANCE::L265,CLEAR,Lost Woods Bridge West Exit,Salida Oeste del Puente del Bosque Perdido,YES,NONE,NONE,PASS
ENTRANCE::L266,CLEAR,Market Entrance South Exit,Salida del Puente Levadizo del Campo de Hyrule,YES,NONE,NONE,PASS
ENTRANCE::L266,CLEAR,Market Entrance South Exit,Salida Sur de la Entrada del Mercado,YES,NONE,NONE,PASS
ENTRANCE::L267,CLEAR,Lon Lon Ranch Entrance,Salida Central del Campo de Hyrule,YES,NONE,NONE,PASS
ENTRANCE::L267,CLEAR,Lon Lon Ranch Entrance,Entrada del Rancho Lon Lon,YES,NONE,NONE,PASS
ENTRANCE::L268,CLEAR,Kakariko Front Gate,Salida de Escaleras del Campo de Hyrule,YES,NONE,NONE,PASS
ENTRANCE::L268,CLEAR,Kakariko Front Gate,Puerta Principal de Kakariko,YES,NONE,NONE,PASS
ENTRANCE::L269,CLEAR,Zora's River Lower Exit,Salida del Río del Campo de Hyrule,YES,NONE,NONE,PASS
ENTRANCE::L269,CLEAR,Zora's River Lower Exit,Salida Inferior del Río Zora,YES,NONE,NONE,PASS
ENTRANCE::L270,CLEAR,Lake Hylia North Exit,Salida de la Cerca del Campo de Hyrule,YES,NONE,NONE,PASS
ENTRANCE::L270,CLEAR,Lake Hylia North Exit,Salida Norte del Lago Hylia,YES,NONE,NONE,PASS
ENTRANCE::L271,CLEAR,Gerudo Valley East Exit,Camino Rocoso del Campo de Hyrule,YES,NONE,NONE,PASS
ENTRANCE::L271,CLEAR,Gerudo Valley East Exit,Salida Este del Valle Gerudo,YES,NONE,NONE,PASS
ENTRANCE::L290,CLEAR,Hyrule Field Center Exit,Entrada del Rancho Lon Lon,YES,NONE,NONE,PASS
ENTRANCE::L290,CLEAR,Hyrule Field Center Exit,Salida Central del Campo de Hyrule,YES,NONE,NONE,PASS
ENTRANCE::L291,CLEAR,Talon's House,Entrada de la Casa de Talon en Rancho Lon Lon,YES,NONE,NONE,PASS
ENTRANCE::L291,CLEAR,Talon's House,Casa de Talon,YES,NONE,NONE,PASS
ENTRANCE::L292,CLEAR,LLR Stables,Entrada de las Establos del Rancho Lon Lon,YES,NONE,NONE,PASS
ENTRANCE::L292,CLEAR,LLR Stables,Establos del Rancho Lon Lon,YES,NONE,NONE,PASS
ENTRANCE::L293,CLEAR,LLR Tower,Entrada de la Torre del Rancho Lon Lon,YES,NONE,NONE,PASS
ENTRANCE::L293,CLEAR,LLR Tower,Torre del Rancho Lon Lon,YES,NONE,NONE,PASS
ENTRANCE::L295,CLEAR,LLR Talon's House Entry,Casa de Talon,YES,NONE,NONE,PASS
ENTRANCE::L295,CLEAR,LLR Talon's House Entry,Entrada de la Casa de Talon en Rancho Lon Lon,YES,NONE,NONE,PASS
ENTRANCE::L296,CLEAR,LLR Stables Entry,Establos del Rancho Lon Lon,YES,NONE,NONE,PASS
ENTRANCE::L296,CLEAR,LLR Stables Entry,Entrada de las Establos del Rancho Lon Lon,YES,NONE,NONE,PASS
ENTRANCE::L297,CLEAR,LLR Tower Entry,Torre del Rancho Lon Lon,YES,NONE,NONE,PASS
ENTRANCE::L297,CLEAR,LLR Tower Entry,Entrada de la Torre del Rancho Lon Lon,YES,NONE,NONE,PASS
ENTRANCE::L301,CLEAR,Hyrule Field Fence Exit,Salida Norte del Lago Hylia,YES,NONE,NONE,PASS
ENTRANCE::L301,CLEAR,Hyrule Field Fence Exit,Salida de la Cerca del Campo de Hyrule,YES,NONE,NONE,PASS
ENTRANCE::L302,CLEAR,Zora's Domain Underwater Shortcut,Atajo Submarino del Lago Hylia,YES,NONE,NONE,PASS
ENTRANCE::L302,CLEAR,Zora's Domain Underwater Shortcut,Atajo Submarino de Domino Zora,YES,NONE,NONE,PASS
ENTRANCE::L303,CLEAR,LH Lab,Entrada del Laboratorio del Lago Hylia,YES,NONE,NONE,PASS
ENTRANCE::L303,CLEAR,LH Lab,Laboratorio del Lago Hylia,YES,NONE,NONE,PASS
ENTRANCE::L304,CLEAR,Fishing Pond,Entrada del Estanque de Pesca del Lago Hylia,YES,NONE,NONE,PASS
ENTRANCE::L304,CLEAR,Fishing Pond,Estanque de Pesca,YES,NONE,NONE,PASS
ENTRANCE::L306,CLEAR,Water Temple Entrance,Lago Hylia Fuera del Templo,YES,NONE,NONE,PASS
ENTRANCE::L306,CLEAR,Water Temple Entrance,Entrada del Templo del Agua,YES,NONE,NONE,PASS
ENTRANCE::L307,CLEAR,LH Lab Entry,Laboratorio del Lago Hylia,YES,NONE,NONE,PASS
ENTRANCE::L307,CLEAR,LH Lab Entry,Entrada del Laboratorio del Lago Hylia,YES,NONE,NONE,PASS
ENTRANCE::L308,CLEAR,LH Fishing Pond Entry,Estanque de Pesca,YES,NONE,NONE,PASS
ENTRANCE::L308,CLEAR,LH Fishing Pond Entry,Entrada del Estanque de Pesca del Lago Hylia,YES,NONE,NONE,PASS
ENTRANCE::L310,CLEAR,Lake Hylia Outside Temple,Entrada del Templo del Agua,YES,NONE,NONE,PASS
ENTRANCE::L310,CLEAR,Lake Hylia Outside Temple,Lago Hylia Fuera del Templo,YES,NONE,NONE,PASS
ENTRANCE::L311,CLEAR,Morpha,Puerta del Jefe del Templo del Agua,YES,NONE,NONE,PASS
ENTRANCE::L311,CLEAR,Morpha,Morpha,YES,NONE,NONE,PASS
ENTRANCE::L312,CLEAR,Water Temple Boss Door,Morpha,YES,NONE,NONE,PASS
ENTRANCE::L312,CLEAR,Water Temple Boss Door,Puerta del Jefe del Templo del Agua,YES,NONE,NONE,PASS
ENTRANCE::L313,CLEAR,Water Temple Blue Warp,Teletransporte Azul de Morpha,YES,NONE,NONE,PASS
ENTRANCE::L313,CLEAR,Water Temple Blue Warp,Teletransporte Azul del Templo del Agua,YES,NONE,NONE,PASS
ENTRANCE::L316,CLEAR,Hyrule Field Rocky Path,Salida Este del Valle Gerudo,YES,NONE,NONE,PASS
ENTRANCE::L316,CLEAR,Hyrule Field Rocky Path,Camino Rocoso del Campo de Hyrule,YES,NONE,NONE,PASS
ENTRANCE::L317,CLEAR,Gerudo Fortress East Exit,Salida Oeste del Valle Gerudo,YES,NONE,NONE,PASS
ENTRANCE::L317,CLEAR,Gerudo Fortress East Exit,Salida Este de la Fortaleza Gerudo,YES,NONE,NONE,PASS
ENTRANCE::L318,CLEAR,Lake Hylia River Exit,Salida del Río del Valle Gerudo,YES,NONE,NONE,PASS
ENTRANCE::L318,CLEAR,Lake Hylia River Exit,Salida del Río del Lago Hylia,YES,NONE,NONE,PASS
ENTRANCE::L319,CLEAR,Carpenters' Tent,Entrada de la Tienda de los Carpinteros en el Valle Gerudo,YES,NONE,NONE,PASS
ENTRANCE::L319,CLEAR,Carpenters' Tent,Tienda de los Carpinteros,YES,NONE,NONE,PASS
ENTRANCE::L322,CLEAR,GV Carpenters' Tent Entry,Tienda de los Carpinteros,YES,NONE,NONE,PASS
ENTRANCE::L322,CLEAR,GV Carpenters' Tent Entry,Entrada de la Tienda de los Carpinteros en el Valle Gerudo,YES,NONE,NONE,PASS
ENTRANCE::L325,CLEAR,Gerudo Valley West Exit,Salida Este de la Fortaleza Gerudo,YES,NONE,NONE,PASS
ENTRANCE::L325,CLEAR,Gerudo Valley West Exit,Salida Oeste del Valle Gerudo,YES,NONE,NONE,PASS
ENTRANCE::L326,CLEAR,Haunted Wasteland East Exit,Salida de la Puerta de la Fortaleza Gerudo,YES,NONE,NONE,PASS
ENTRANCE::L326,CLEAR,Haunted Wasteland East Exit,Salida Este del Desierto Embrujado,YES,NONE,NONE,PASS
ENTRANCE::L328,CLEAR,Gerudo Training Ground Entrance,Fortaleza Gerudo Fuera del Terreno de Entrenamiento,YES,NONE,NONE,PASS
ENTRANCE::L328,CLEAR,Gerudo Training Ground Entrance,Entrada del Terreno de Entrenamiento Gerudo,YES,NONE,NONE,PASS
ENTRANCE::L330,CLEAR,GF Outside Training Ground,Entrada del Terreno de Entrenamiento Gerudo,YES,NONE,NONE,PASS
ENTRANCE::L330,CLEAR,GF Outside Training Ground,Fortaleza Gerudo Fuera del Terreno de Entrenamiento,YES,NONE,NONE,PASS
ENTRANCE::L331,CLEAR,TH 1 Torch Cell,Afueras de la Fortaleza Gerudo,YES,NONE,NONE,PASS
ENTRANCE::L331,CLEAR,TH 1 Torch Cell,Celda de 1 Antorcha en la Fortaleza Gerudo,YES,NONE,NONE,PASS
ENTRANCE::L332,CLEAR,TH 1 Torch Cell,Celda de 1 Antorcha en la Fortaleza Gerudo,YES,NONE,NONE,PASS
ENTRANCE::L333,CLEAR,TH Kitchen Corridor,Corredor de la Cocina en la Fortaleza Gerudo,YES,NONE,NONE,PASS
ENTRANCE::L334,CLEAR,TH Kitchen Corridor,Fortaleza Gerudo Arriba del Terreno de Entrenamiento,YES,NONE,NONE,PASS
ENTRANCE::L334,CLEAR,TH Kitchen Corridor,Corredor de la Cocina en la Fortaleza Gerudo,YES,NONE,NONE,PASS
ENTRANCE::L335,CLEAR,TH Steep Slope Cell,Celda de la Pendiente Empinada en la Fortaleza Gerudo,YES,NONE,NONE,PASS
ENTRANCE::L336,CLEAR,TH Steep Slope Cell,Fortaleza Gerudo Parte Inferior de las Vidrieras Bajas,YES,NONE,NONE,PASS
ENTRANCE::L336,CLEAR,TH Steep Slope Cell,Celda de la Pendiente Empinada en la Fortaleza Gerudo,YES,NONE,NONE,PASS
ENTRANCE::L337,CLEAR,TH Double Cell,Fortaleza Gerudo Arriba del Terreno de Entrenamiento,YES,NONE,NONE,PASS
ENTRANCE::L337,CLEAR,TH Double Cell,Celda Doble en la Fortaleza Gerudo,YES,NONE,NONE,PASS
ENTRANCE::L338,CLEAR,TH Double Cell,Fortaleza Gerudo Parte Superior de las Vidrieras Bajas,YES,NONE,NONE,PASS
ENTRANCE::L338,CLEAR,TH Double Cell,Celda Doble en la Fortaleza Gerudo,YES,NONE,NONE,PASS
ENTRANCE::L339,CLEAR,TH Kitchen By Corridor,Fortaleza Gerudo Parte Superior de las Vidrieras Bajas,YES,NONE,NONE,PASS
ENTRANCE::L339,CLEAR,TH Kitchen By Corridor,Cocina Junto al Corredor en la Fortaleza Gerudo,YES,NONE,NONE,PASS
ENTRANCE::L340,CLEAR,TH Kitchen Opposite Corridor,Fortaleza Gerudo Cerca de la GS,YES,NONE,NONE,PASS
ENTRANCE::L340,CLEAR,TH Kitchen Opposite Corridor,Cocina Opuesta al Corredor en la Fortaleza Gerudo,YES,NONE,NONE,PASS
ENTRANCE::L341,CLEAR,TH Break Room,Fortaleza Gerudo Abajo del Tesoro,YES,NONE,NONE,PASS
ENTRANCE::L341,CLEAR,TH Break Room,Sala de Descanso en la Fortaleza Gerudo,YES,NONE,NONE,PASS
ENTRANCE::L342,CLEAR,TH Break Room Corridor,Fortaleza Gerudo Arriba de la Cárcel,YES,NONE,NONE,PASS
ENTRANCE::L342,CLEAR,TH Break Room Corridor,Corredor de la Sala de Descanso en la Fortaleza Gerudo,YES,NONE,NONE,PASS
ENTRANCE::L343,CLEAR,TH Dead End Cell,Fortaleza Gerudo Abajo de la GS,YES,NONE,NONE,PASS
ENTRANCE::L343,CLEAR,TH Dead End Cell,Celda del Final del Camino en la Fortaleza Gerudo,YES,NONE,NONE,PASS
ENTRANCE::L344,CLEAR,GF Outskirts,Celda de 1 Antorcha en la Fortaleza Gerudo,YES,NONE,NONE,PASS
ENTRANCE::L344,CLEAR,GF Outskirts,Afueras de la Fortaleza Gerudo,YES,NONE,NONE,PASS
ENTRANCE::L345,CLEAR,TH 1 Torch Cell,Celda de 1 Antorcha en la Fortaleza Gerudo,YES,NONE,NONE,PASS
ENTRANCE::L346,CLEAR,TH Kitchen Corridor,Corredor de la Cocina en la Fortaleza Gerudo,YES,NONE,NONE,PASS
ENTRANCE::L347,CLEAR,GF Above GTG,Corredor de la Cocina en la Fortaleza Gerudo,YES,NONE,NONE,PASS
ENTRANCE::L347,CLEAR,GF Above GTG,Fortaleza Gerudo Arriba del Terreno de Entrenamiento,YES,NONE,NONE,PASS
ENTRANCE::L348,CLEAR,TH Steep Slope Cell,Celda de la Pendiente Empinada en la Fortaleza Gerudo,YES,NONE,NONE,PASS
ENTRANCE::L349,CLEAR,GF Bottom of Lower Vines,Celda de la Pendiente Empinada en la Fortaleza Gerudo,YES,NONE,NONE,PASS
ENTRANCE::L349,CLEAR,GF Bottom of Lower Vines,Fortaleza Gerudo Parte Inferior de las Vidrieras Bajas,YES,NONE,NONE,PASS
ENTRANCE::L350,CLEAR,GF Above GTG,Celda Doble en la Fortaleza Gerudo,YES,NONE,NONE,PASS
ENTRANCE::L350,CLEAR,GF Above GTG,Fortaleza Gerudo Arriba del Terreno de Entrenamiento,YES,NONE,NONE,PASS
ENTRANCE::L351,CLEAR,GF Top of Lower Vines,Celda Doble en la Fortaleza Gerudo,YES,NONE,NONE,PASS
ENTRANCE::L351,CLEAR,GF Top of Lower Vines,Fortaleza Gerudo Parte Superior de las Vidrieras Bajas,YES,NONE,NONE,PASS
ENTRANCE::L352,CLEAR,GF Top of Lower Vines,Cocina Junto al Corredor en la Fortaleza Gerudo,YES,NONE,NONE,PASS
ENTRANCE::L352,CLEAR,GF Top of Lower Vines,Fortaleza Gerudo Parte Superior de las Vidrieras Bajas,YES,NONE,NONE,PASS
ENTRANCE::L353,CLEAR,GF Near GS,Cocina Opuesta al Corredor en la Fortaleza Gerudo,YES,NONE,NONE,PASS
ENTRANCE::L353,CLEAR,GF Near GS,Fortaleza Gerudo Cerca de la GS,YES,NONE,NONE,PASS
ENTRANCE::L354,CLEAR,GF Below Chest,Sala de Descanso en la Fortaleza Gerudo,YES,NONE,NONE,PASS
ENTRANCE::L354,CLEAR,GF Below Chest,Fortaleza Gerudo Abajo del Tesoro,YES,NONE,NONE,PASS
ENTRANCE::L355,CLEAR,GF Above Jail,Corredor de la Sala de Descanso en la Fortaleza Gerudo,YES,NONE,NONE,PASS
ENTRANCE::L355,CLEAR,GF Above Jail,Fortaleza Gerudo Arriba de la Cárcel,YES,NONE,NONE,PASS
ENTRANCE::L356,CLEAR,GF Below GS,Celda del Final del Camino en la Fortaleza Gerudo,YES,NONE,NONE,PASS
ENTRANCE::L356,CLEAR,GF Below GS,Fortaleza Gerudo Abajo de la GS,YES,NONE,NONE,PASS
ENTRANCE::L359,CLEAR,Gerudo Fortress Gate Exit,Salida Este del Desierto Embrujado,YES,NONE,NONE,PASS
ENTRANCE::L359,CLEAR,Gerudo Fortress Gate Exit,Salida de la Puerta de la Fortaleza Gerudo,YES,NONE,NONE,PASS
ENTRANCE::L360,CLEAR,Desert Colossus East Exit,Salida Oeste del Desierto Embrujado,YES,NONE,NONE,PASS
ENTRANCE::L360,CLEAR,Desert Colossus East Exit,Salida Este del Coloso del Desierto,YES,NONE,NONE,PASS
ENTRANCE::L361,CLEAR,Haunted Wasteland West Exit,Salida Este del Coloso del Desierto,YES,NONE,NONE,PASS
ENTRANCE::L361,CLEAR,Haunted Wasteland West Exit,Salida Oeste del Desierto Embrujado,YES,NONE,NONE,PASS
ENTRANCE::L362,CLEAR,Colossus Great Fairy Fountain,Entrada de la Gran Hada del Coloso,YES,NONE,NONE,PASS
ENTRANCE::L362,CLEAR,Colossus Great Fairy Fountain,Fuente de la Gran Hada del Coloso,YES,NONE,NONE,PASS
ENTRANCE::L364,CLEAR,Spirit Temple Entrance,Coloso del Desierto Fuera del Templo,YES,NONE,NONE,PASS
ENTRANCE::L364,CLEAR,Spirit Temple Entrance,Entrada del Templo del Espíritu,YES,NONE,NONE,PASS
ENTRANCE::L365,CLEAR,Colossus Great Fairy Entry,Fuente de la Gran Hada del Coloso,YES,NONE,NONE,PASS
ENTRANCE::L365,CLEAR,Colossus Great Fairy Entry,Entrada de la Gran Hada del Coloso,YES,NONE,NONE,PASS
ENTRANCE::L367,CLEAR,Colossus Outside Temple,Entrada del Templo del Espíritu,YES,NONE,NONE,PASS
ENTRANCE::L367,CLEAR,Colossus Outside Temple,Coloso del Desierto Fuera del Templo,YES,NONE,NONE,PASS
ENTRANCE::L368,CLEAR,Twinrova,Puerta del Jefe del Templo del Espíritu,YES,NONE,NONE,PASS
ENTRANCE::L368,CLEAR,Twinrova,Twinrova,YES,NONE,NONE,PASS
ENTRANCE::L369,CLEAR,Spirit Temple Boss Door,Twinrova,YES,NONE,NONE,PASS
ENTRANCE::L369,CLEAR,Spirit Temple Boss Door,Puerta del Jefe del Templo del Espíritu,YES,NONE,NONE,PASS
ENTRANCE::L370,CLEAR,Spirit Temple Blue Warp,Teletransporte Azul de Twinrova,YES,NONE,NONE,PASS
ENTRANCE::L370,CLEAR,Spirit Temple Blue Warp,Teletransporte Azul del Templo del Espíritu,YES,NONE,NONE,PASS
ENTRANCE::L373,CLEAR,Hyrule Field Drawbridge Exit,Salida Sur de la Entrada del Mercado,YES,NONE,NONE,PASS
ENTRANCE::L373,CLEAR,Hyrule Field Drawbridge Exit,Salida del Puente Levadizo del Campo de Hyrule,YES,NONE,NONE,PASS
ENTRANCE::L374,CLEAR,Market South Exit,Salida Norte de la Entrada del Mercado,YES,NONE,NONE,PASS
ENTRANCE::L374,CLEAR,Market South Exit,Salida Sur del Mercado,YES,NONE,NONE,PASS
ENTRANCE::L375,CLEAR,Guard House,Entrada de la Casa de la Guardia de la Entrada del Mercado,YES,NONE,NONE,PASS
ENTRANCE::L375,CLEAR,Guard House,Casa de la Guardia,YES,NONE,NONE,PASS
ENTRANCE::L376,CLEAR,Market Entrance North Exit,Salida Sur del Mercado,YES,NONE,NONE,PASS
ENTRANCE::L376,CLEAR,Market Entrance North Exit,Salida Norte de la Entrada del Mercado,YES,NONE,NONE,PASS
ENTRANCE::L377,CLEAR,Castle Grounds South Exit,Salida del Castillo del Mercado,YES,NONE,NONE,PASS
ENTRANCE::L377,CLEAR,Castle Grounds South Exit,Salida Sur de los Terrenos del Castillo,YES,NONE,NONE,PASS
ENTRANCE::L378,CLEAR,ToT Courtyard Gossip Stones Exit,Salida del Templo del Mercado,YES,NONE,NONE,PASS
ENTRANCE::L378,CLEAR,ToT Courtyard Gossip Stones Exit,Salida de las Piedras de los Rumores del Patio del Templo del Tiempo,YES,NONE,NONE,PASS
ENTRANCE::L379,CLEAR,MK Shooting Gallery,Entrada de la Galería de Tiro del Mercado,YES,NONE,NONE,PASS
ENTRANCE::L379,CLEAR,MK Shooting Gallery,Galería de Tiro del Mercado,YES,NONE,NONE,PASS
ENTRANCE::L380,CLEAR,Bombchu Bowling,Entrada del Bowling de Bombchu del Mercado,YES,NONE,NONE,PASS
ENTRANCE::L380,CLEAR,Bombchu Bowling,Bowling de Bombchu,YES,NONE,NONE,PASS
ENTRANCE::L381,CLEAR,Treasure Chest Game,Entrada del Juego del Tesoro del Mercado,YES,NONE,NONE,PASS
ENTRANCE::L381,CLEAR,Treasure Chest Game,Juego del Tesoro,YES,NONE,NONE,PASS
ENTRANCE::L382,CLEAR,Man-in-Green's House,Entrada de la Casa del Hombre de Verde del Mercado,YES,NONE,NONE,PASS
ENTRANCE::L382,CLEAR,Man-in-Green's House,Casa del Hombre de Verde,YES,NONE,NONE,PASS
ENTRANCE::L383,CLEAR,Mask Shop,Entrada de la Tienda de Máscaras del Mercado,YES,NONE,NONE,PASS
ENTRANCE::L383,CLEAR,Mask Shop,Tienda de Máscaras,YES,NONE,NONE,PASS
ENTRANCE::L384,CLEAR,MK Bazaar,Entrada del Bazar del Mercado,YES,NONE,NONE,PASS
ENTRANCE::L384,CLEAR,MK Bazaar,Bazar del Mercado,YES,NONE,NONE,PASS
ENTRANCE::L385,CLEAR,MK Potion Shop,Entrada de la Tienda de Pociones del Mercado,YES,NONE,NONE,PASS
ENTRANCE::L385,CLEAR,MK Potion Shop,Tienda de Pociones del Mercado,YES,NONE,NONE,PASS
ENTRANCE::L386,CLEAR,Bombchu Shop,Entrada de la Tienda de Bombchu del Mercado,YES,NONE,NONE,PASS
ENTRANCE::L386,CLEAR,Bombchu Shop,Tienda de Bombchu,YES,NONE,NONE,PASS
ENTRANCE::L387,CLEAR,MK Entrance Guard House Entry,Casa de la Guardia,YES,NONE,NONE,PASS
ENTRANCE::L387,CLEAR,MK Entrance Guard House Entry,Entrada de la Casa de la Guardia de la Entrada del Mercado,YES,NONE,NONE,PASS
ENTRANCE::L388,CLEAR,MK Shooting Gallery Entry,Galería de Tiro del Mercado,YES,NONE,NONE,PASS
ENTRANCE::L388,CLEAR,MK Shooting Gallery Entry,Entrada de la Galería de Tiro del Mercado,YES,NONE,NONE,PASS
ENTRANCE::L389,CLEAR,MK Bombchu Bowling Entry,Bowling de Bombchu,YES,NONE,NONE,PASS
ENTRANCE::L389,CLEAR,MK Bombchu Bowling Entry,Entrada del Bowling de Bombchu del Mercado,YES,NONE,NONE,PASS
ENTRANCE::L390,CLEAR,MK Treasure Chest Game Entry,Juego del Tesoro,YES,NONE,NONE,PASS
ENTRANCE::L390,CLEAR,MK Treasure Chest Game Entry,Entrada del Juego del Tesoro del Mercado,YES,NONE,NONE,PASS
ENTRANCE::L391,CLEAR,MK Man-in-Green House Entry,Casa del Hombre de Verde,YES,NONE,NONE,PASS
ENTRANCE::L391,CLEAR,MK Man-in-Green House Entry,Entrada de la Casa del Hombre de Verde del Mercado,YES,NONE,NONE,PASS
ENTRANCE::L392,CLEAR,MK Mask Shop Entry,Tienda de Máscaras,YES,NONE,NONE,PASS
ENTRANCE::L392,CLEAR,MK Mask Shop Entry,Entrada de la Tienda de Máscaras del Mercado,YES,NONE,NONE,PASS
ENTRANCE::L393,CLEAR,MK Bazaar Entry,Bazar del Mercado,YES,NONE,NONE,PASS
ENTRANCE::L393,CLEAR,MK Bazaar Entry,Entrada del Bazar del Mercado,YES,NONE,NONE,PASS
ENTRANCE::L394,CLEAR,MK Potion Shop Entry,Tienda de Pociones del Mercado,YES,NONE,NONE,PASS
ENTRANCE::L394,CLEAR,MK Potion Shop Entry,Entrada de la Tienda de Pociones del Mercado,YES,NONE,NONE,PASS
ENTRANCE::L395,CLEAR,MK Bombchu Shop Entry,Tienda de Bombchu,YES,NONE,NONE,PASS
ENTRANCE::L395,CLEAR,MK Bombchu Shop Entry,Entrada de la Tienda de Bombchu del Mercado,YES,NONE,NONE,PASS
ENTRANCE::L396,CLEAR,Market Temple Exit,Salida de las Piedras de los Rumores del Patio del Templo del Tiempo,YES,NONE,NONE,PASS
ENTRANCE::L396,CLEAR,Market Temple Exit,Salida del Templo del Mercado,YES,NONE,NONE,PASS
ENTRANCE::L397,CLEAR,Temple of Time Entrance,Entrada del Templo del Patio del Templo del Tiempo,YES,NONE,NONE,PASS
ENTRANCE::L397,CLEAR,Temple of Time Entrance,Entrada del Templo del Tiempo,YES,NONE,NONE,PASS
ENTRANCE::L398,CLEAR,ToT Courtyard Temple Entry,Entrada del Templo del Tiempo,YES,NONE,NONE,PASS
ENTRANCE::L398,CLEAR,ToT Courtyard Temple Entry,Entrada del Templo del Patio del Templo del Tiempo,YES,NONE,NONE,PASS
ENTRANCE::L401,CLEAR,Market Castle Exit,Salida Sur de los Terrenos del Castillo,YES,NONE,NONE,PASS
ENTRANCE::L401,CLEAR,Market Castle Exit,Salida del Castillo del Mercado,YES,NONE,NONE,PASS
ENTRANCE::L402,CLEAR,HC Great Fairy Fountain,Espacio de Arrastre de la Roca del Castillo de Hyrule,YES,NONE,NONE,PASS
ENTRANCE::L402,CLEAR,HC Great Fairy Fountain,Fuente de la Gran Hada del Castillo de Hyrule,YES,NONE,NONE,PASS
ENTRANCE::L404,CLEAR,HC Boulder Crawlspace,Fuente de la Gran Hada del Castillo de Hyrule,YES,NONE,NONE,PASS
ENTRANCE::L404,CLEAR,HC Boulder Crawlspace,Espacio de Arrastre de la Roca del Castillo de Hyrule,YES,NONE,NONE,PASS
ENTRANCE::L406,CLEAR,OGC Great Fairy Fountain,Detrás del Pilar del Castillo de Hyrule,YES,NONE,NONE,PASS
ENTRANCE::L406,CLEAR,OGC Great Fairy Fountain,Fuente de la Gran Hada del Castillo de Hyrule Exterior,YES,NONE,NONE,PASS
ENTRANCE::L407,CLEAR,Inside Ganon's Castle Entrance,Salida del Puente Arcoíris del Castillo de Hyrule Exterior,YES,NONE,NONE,PASS
ENTRANCE::L407,CLEAR,Inside Ganon's Castle Entrance,Entrada del Interior del Castillo de Ganon,YES,NONE,NONE,PASS
ENTRANCE::L408,CLEAR,OGC Behind Pillar,Fuente de la Gran Hada del Castillo de Hyrule Exterior,YES,NONE,NONE,PASS
ENTRANCE::L408,CLEAR,OGC Behind Pillar,Detrás del Pilar del Castillo de Hyrule,YES,NONE,NONE,PASS
ENTRANCE::L409,CLEAR,OGC Rainbow Bridge Exit,Entrada del Interior del Castillo de Ganon,YES,NONE,NONE,PASS
ENTRANCE::L409,CLEAR,OGC Rainbow Bridge Exit,Salida del Puente Arcoíris del Castillo de Hyrule Exterior,YES,NONE,NONE,PASS
ENTRANCE::L488,CLEAR,Checking entrance names:,Verificando nombres de entradas:,YES,NONE,NONE,PASS
ENTRANCE::L586,CLEAR,Remove,Eliminar,YES,NONE,NONE,PASS
ENTRANCE::L702,CLEAR,The entrance tracker will only track shuffled entrances,El rastreador de entradas solo rastreará entradas mezcladas,YES,NONE,NONE,PASS
ENTRANCE::L715,CLEAR,SortBy,OrdenarPor,YES,NONE,NONE,PASS
ENTRANCE::L718,CLEAR,Sort entrances by the original source entrance,Ordenar entradas por la entrada de origen original,YES,NONE,NONE,PASS
ENTRANCE::L720,CLEAR,SortBy,Desde,YES,NONE,NONE,PASS
ENTRANCE::L720,CLEAR,SortBy,OrdenarPor,YES,NONE,NONE,PASS
ENTRANCE::L721,CLEAR,Sort entrances by the overrided destination,Ordenar entradas por el destino sobrescrito,YES,NONE,NONE,PASS
ENTRANCE::L725,CLEAR,AutoScroll,Desplazamiento automático,YES,NONE,NONE,PASS
ENTRANCE::L725,CLEAR,AutoScroll,DesplazamientoAutomático,YES,NONE,NONE,PASS
ENTRANCE::L730,CLEAR,HighlightPrevious,Resaltar anterior,YES,NONE,NONE,PASS
ENTRANCE::L730,CLEAR,HighlightPrevious,ResaltarAnterior,YES,NONE,NONE,PASS
ENTRANCE::L732,CLEAR,Highlight the previous entrance that Link came from,Resaltar la entrada anterior de la que vino Link,YES,NONE,NONE,PASS
ENTRANCE::L734,CLEAR,HighlightAvailable,Resaltar disponibles,YES,NONE,NONE,PASS
ENTRANCE::L734,CLEAR,HighlightAvailable,ResaltarDisponibles,YES,NONE,NONE,PASS
ENTRANCE::L736,CLEAR,Highlight available entrances in the current scene,Resaltar entradas disponibles en la escena actual,YES,NONE,NONE,PASS
ENTRANCE::L739,CLEAR,CollapseUndiscovered,Ocultar no descubiertas,YES,NONE,NONE,PASS
ENTRANCE::L739,CLEAR,CollapseUndiscovered,ColapsarNoDescubiertas,YES,NONE,NONE,PASS
ENTRANCE::L747,CLEAR,HideReverseEntrances,Ocultar inversas,YES,NONE,NONE,PASS
ENTRANCE::L747,CLEAR,HideReverseEntrances,OcultarEntradasInversas,YES,NONE,NONE,PASS
ENTRANCE::L758,CLEAR,GroupBy,Área,YES,NONE,NONE,PASS
ENTRANCE::L758,CLEAR,GroupBy,AgruparPor,YES,NONE,NONE,PASS
ENTRANCE::L759,CLEAR,Group entrances by their area,Agrupar entradas por su área,YES,NONE,NONE,PASS
ENTRANCE::L761,CLEAR,GroupBy,AgruparPor,YES,NONE,NONE,PASS
ENTRANCE::L768,CLEAR,Reveal the source for undiscovered entrances,Revelar el origen de las entradas no descubiertas,YES,NONE,NONE,PASS
ENTRANCE::L771,CLEAR,Reveal the destination for undiscovered entrances,Revelar el destino de las entradas no descubiertas,YES,NONE,NONE,PASS
ENTRANCE::L778,CLEAR,Legend,Leyenda,YES,NONE,NONE,PASS
ENTRANCE::L779,CLEAR,Last Entrance,Última Entrada,YES,NONE,NONE,PASS
ENTRANCE::L780,CLEAR,Available Entrances,Entradas Disponibles,YES,NONE,NONE,PASS
ENTRANCE::L781,CLEAR,Undiscovered Entrances,Entradas No Descubiertas,YES,NONE,NONE,PASS
ENTRANCE::L804,CLEAR,Entrance Tracker,Rastreador de Entradas,YES,NONE,NONE,PASS
ENTRANCE::L812,CLEAR,Collapse all entrance groups,Colapsar Todo,YES,NONE,NONE,PASS
ENTRANCE::L812,CLEAR,Collapse all entrance groups,Colapsar todos los grupos de entradas,YES,NONE,NONE,PASS
ENTRANCE::L818,CLEAR,Expand all entrance groups,Expandir Todo,YES,NONE,NONE,PASS
ENTRANCE::L818,CLEAR,Expand all entrance groups,Expandir todos los grupos de entradas,YES,NONE,NONE,PASS
ENTRANCE::L824,CLEAR,Clear the search field,Limpiar,YES,NONE,NONE,PASS
ENTRANCE::L824,CLEAR,Clear the search field,Limpiar el campo de búsqueda,YES,NONE,NONE,PASS
ENTRANCE::L836,CLEAR,SortBy,OrdenarPor,YES,NONE,NONE,PASS
ENTRANCE::L837,CLEAR,GroupBy,AgruparPor,YES,NONE,NONE,PASS
ENTRANCE::L862,CLEAR,ChildEntranceTrackerLocations,Ubicaciones del Rastreador de Entradas de Niño,YES,NONE,NONE,PASS
ENTRANCE::L865,CLEAR,CollapseUndiscovered,ColapsarNoDescubiertas,YES,NONE,NONE,PASS
ENTRANCE::L866,CLEAR,HighlightPrevious,ResaltarAnterior,YES,NONE,NONE,PASS
ENTRANCE::L867,CLEAR,HighlightAvailable,ResaltarDisponibles,YES,NONE,NONE,PASS
ENTRANCE::L868,CLEAR,HideReverseEntrances,OcultarEntradasInversas,YES,NONE,NONE,PASS
ENTRANCE::L869,CLEAR,AutoScroll,DesplazamientoAutomático,YES,NONE,NONE,PASS
LOCATION::RC_UNKNOWN_CHECK,CLEAR,Unknown Check,Verificación Desconocida,YES,NONE,NONE,PASS
LOCATION::RC_KF_KOKIRI_SWORD_CHEST,CLEAR,Kf Kokiri Sword Chest,Cofre de la Espada Kokiri en BK,YES,NONE,NONE,PASS
LOCATION::RC_KF_MIDOS_TOP_LEFT_CHEST,CLEAR,Kf Midos Top Left Chest,Cofre Superior Izquierdo de Mido en BK,YES,NONE,NONE,PASS
LOCATION::RC_KF_MIDOS_TOP_RIGHT_CHEST,CLEAR,Kf Midos Top Right Chest,Cofre Superior Derecho de Mido en BK,YES,NONE,NONE,PASS
LOCATION::RC_KF_MIDOS_BOTTOM_LEFT_CHEST,CLEAR,Kf Midos Bottom Left Chest,Cofre Inferior Izquierdo de Mido en BK,YES,NONE,NONE,PASS
LOCATION::RC_KF_MIDOS_BOTTOM_RIGHT_CHEST,CLEAR,Kf Midos Bottom Right Chest,Cofre Inferior Derecho de Mido en BK,YES,NONE,NONE,PASS
LOCATION::RC_KF_STORMS_GROTTO_CHEST,CLEAR,Kf Storms Grotto Chest,Cofre de la Grieta de las Tormentas en BK,YES,NONE,NONE,PASS
LOCATION::RC_LW_NEAR_SHORTCUTS_GROTTO_CHEST,CLEAR,Lw Near Shortcuts Grotto Chest,Cofre de la Grieta Cerca de los Atajos en BP,YES,NONE,NONE,PASS
LOCATION::RC_LW_SKULL_KID,CLEAR,Lw Skull Kid,Niño Calavera en BP,YES,NONE,NONE,PASS
LOCATION::RC_LW_TRADE_COJIRO,CLEAR,Lw Trade Cojiro,Intercambio de Cojiro en BP,YES,NONE,NONE,PASS
LOCATION::RC_LW_TRADE_ODD_POTION,CLEAR,Lw Trade Odd Potion,Intercambio de la Poción Rara en BP,YES,NONE,NONE,PASS
LOCATION::RC_LW_OCARINA_MEMORY_GAME,CLEAR,Lw Ocarina Memory Game,Juego de Memoria de la Ocarina en BP,YES,NONE,NONE,PASS
LOCATION::RC_LW_TARGET_IN_WOODS,CLEAR,Lw Target In Woods,Objetivo en el Bosque en BP,YES,NONE,NONE,PASS
LOCATION::RC_LW_DEKU_SCRUB_NEAR_DEKU_THEATER_RIGHT,CLEAR,Lw Deku Scrub Near Deku Theater Right,Deku Scrub Cerca del Teatro Deku Derecha en BP,YES,NONE,NONE,PASS
LOCATION::RC_LW_DEKU_SCRUB_NEAR_DEKU_THEATER_LEFT,CLEAR,Lw Deku Scrub Near Deku Theater Left,Deku Scrub Cerca del Teatro Deku Izquierda en BP,YES,NONE,NONE,PASS
LOCATION::RC_LW_DEKU_SCRUB_NEAR_BRIDGE,CLEAR,Lw Deku Scrub Near Bridge,Deku Scrub Cerca del Puente en BP,YES,NONE,NONE,PASS
LOCATION::RC_LW_DEKU_SCRUB_GROTTO_REAR,CLEAR,Lw Deku Scrub Grotto Rear,Deku Scrub de la Grieta Trasera en BP,YES,NONE,NONE,PASS
LOCATION::RC_LW_DEKU_SCRUB_GROTTO_FRONT,CLEAR,Lw Deku Scrub Grotto Front,Deku Scrub de la Grieta Delantera en BP,YES,NONE,NONE,PASS
LOCATION::RC_DEKU_THEATER_SKULL_MASK,CLEAR,Deku Theater Skull Mask,Máscara de Calavera del Teatro Deku,YES,NONE,NONE,PASS
LOCATION::RC_DEKU_THEATER_MASK_OF_TRUTH,CLEAR,Deku Theater Mask Of Truth,Máscara de la Verdad del Teatro Deku,YES,NONE,NONE,PASS
LOCATION::RC_SFM_WOLFOS_GROTTO_CHEST,CLEAR,Sfm Wolfos Grotto Chest,Cofre de la Grieta del Wolfos en Pradera Sagrada del Bosque,YES,NONE,NONE,PASS
LOCATION::RC_SFM_DEKU_SCRUB_GROTTO_REAR,CLEAR,Sfm Deku Scrub Grotto Rear,Deku Scrub de la Grieta Trasera en Pradera Sagrada del Bosque,YES,NONE,NONE,PASS
LOCATION::RC_SFM_DEKU_SCRUB_GROTTO_FRONT,CLEAR,Sfm Deku Scrub Grotto Front,Deku Scrub de la Grieta Delantera en Pradera Sagrada del Bosque,YES,NONE,NONE,PASS
LOCATION::RC_HF_SOUTHEAST_GROTTO_CHEST,CLEAR,Hf Southeast Grotto Chest,Cofre de la Grieta Sureste del Campo de Hyrule,YES,NONE,NONE,PASS
LOCATION::RC_HF_OPEN_GROTTO_CHEST,CLEAR,Hf Open Grotto Chest,Cofre de la Grieta Abierta del Campo de Hyrule,YES,NONE,NONE,PASS
LOCATION::RC_HF_NEAR_MARKET_GROTTO_CHEST,CLEAR,Hf Near Market Grotto Chest,Cofre de la Grieta Cerca del Mercado del Campo de Hyrule,YES,NONE,NONE,PASS
LOCATION::RC_HF_OCARINA_OF_TIME_ITEM,CLEAR,Hf Ocarina Of Time Item,Objeto de la Ocarina del Tiempo en el Campo de Hyrule,YES,NONE,NONE,PASS
LOCATION::RC_HF_TEKTITE_GROTTO_FREESTANDING_POH,CLEAR,Hf Tektite Grotto Freestanding Poh,PoH Independiente de la Grieta del Tektite en el Campo de Hyrule,YES,NONE,NONE,PASS
LOCATION::RC_HF_DEKU_SCRUB_GROTTO,CLEAR,Hf Deku Scrub Grotto,Grieta del Deku Scrub del Campo de Hyrule,YES,NONE,NONE,PASS
LOCATION::RC_LH_CHILD_FISHING,CLEAR,Lh Child Fishing,Pesca de Niño en el Lago Hylia,YES,NONE,NONE,PASS
LOCATION::RC_LH_ADULT_FISHING,CLEAR,Lh Adult Fishing,Pesca de Adulto en el Lago Hylia,YES,NONE,NONE,PASS
LOCATION::RC_LH_HYRULE_LOACH,CLEAR,Lh Hyrule Loach,Lago Hylia Hyrule Loach,YES,NONE,NONE,PASS
LOCATION::RC_LH_LAB_DIVE,CLEAR,Lh Lab Dive,Lago Hylia Laboratorio Buceo,YES,NONE,NONE,PASS
LOCATION::RC_LH_TRADE_FROG,CLEAR,Lh Trade Frog,Lago Hylia Intercambio Rana,YES,NONE,NONE,PASS
LOCATION::RC_LH_UNDERWATER_ITEM,CLEAR,Lh Underwater Item,Lago Hylia Subterráneo Objeto,YES,NONE,NONE,PASS
LOCATION::RC_LH_SUN,CLEAR,Lh Sun,Lago Hylia Sol,YES,NONE,NONE,PASS
LOCATION::RC_LH_FREESTANDING_POH,CLEAR,Lh Freestanding Poh,Lago Hylia Poe Independiente,YES,NONE,NONE,PASS
LOCATION::RC_LH_DEKU_SCRUB_GROTTO_LEFT,CLEAR,Lh Deku Scrub Grotto Left,Lago Hylia Cueva del Joven Deku Izquierda,YES,NONE,NONE,PASS
LOCATION::RC_LH_DEKU_SCRUB_GROTTO_RIGHT,CLEAR,Lh Deku Scrub Grotto Right,Lago Hylia Cueva del Joven Deku Derecha,YES,NONE,NONE,PASS
LOCATION::RC_LH_DEKU_SCRUB_GROTTO_CENTER,CLEAR,Lh Deku Scrub Grotto Center,Lago Hylia Cueva del Joven Deku Centro,YES,NONE,NONE,PASS
LOCATION::RC_GV_CHEST,CLEAR,Gv Chest,Valle Gerudo Cofre,YES,NONE,NONE,PASS
LOCATION::RC_GV_TRADE_SAW,CLEAR,Gv Trade Saw,Valle Gerudo Intercambio Sierra,YES,NONE,NONE,PASS
LOCATION::RC_GV_WATERFALL_FREESTANDING_POH,CLEAR,Gv Waterfall Freestanding Poh,Valle Gerudo Cascada Independiente Poe,YES,NONE,NONE,PASS
LOCATION::RC_GV_CRATE_FREESTANDING_POH,CLEAR,Gv Crate Freestanding Poh,Valle Gerudo Cajón Independiente Poe,YES,NONE,NONE,PASS
LOCATION::RC_GV_DEKU_SCRUB_GROTTO_REAR,CLEAR,Gv Deku Scrub Grotto Rear,Valle Gerudo Cueva del Joven Deku Trasera,YES,NONE,NONE,PASS
LOCATION::RC_GV_DEKU_SCRUB_GROTTO_FRONT,CLEAR,Gv Deku Scrub Grotto Front,Valle Gerudo Cueva del Joven Deku Frontal,YES,NONE,NONE,PASS
LOCATION::RC_GF_CHEST,CLEAR,Gf Chest,Fortaleza Gerudo Cofre,YES,NONE,NONE,PASS
LOCATION::RC_GF_HBA_1000_POINTS,CLEAR,Gf Hba 1000 Points,Fortaleza Gerudo Tiro con Arco a Caballo 1000 Puntos,YES,NONE,NONE,PASS
LOCATION::RC_GF_HBA_1500_POINTS,CLEAR,Gf Hba 1500 Points,Fortaleza Gerudo Tiro con Arco a Caballo 1500 Puntos,YES,NONE,NONE,PASS
LOCATION::RC_TH_FREED_CARPENTERS,CLEAR,Th Freed Carpenters,Guarida de Ladrones Carpinteros Liberados,YES,NONE,NONE,PASS
LOCATION::RC_TH_1_TORCH_CARPENTER,CLEAR,Th 1 Torch Carpenter,Guarida de Ladrones Carpintero 1 Antorcha,YES,NONE,NONE,PASS
LOCATION::RC_TH_DEAD_END_CARPENTER,CLEAR,Th Dead End Carpenter,Guarida de Ladrones Carpintero Callejón Sin Salida,YES,NONE,NONE,PASS
LOCATION::RC_TH_DOUBLE_CELL_CARPENTER,CLEAR,Th Double Cell Carpenter,Guarida de Ladrones Carpintero Doble Celda,YES,NONE,NONE,PASS
LOCATION::RC_TH_STEEP_SLOPE_CARPENTER,CLEAR,Th Steep Slope Carpenter,Guarida de Ladrones Carpintero Pendiente Empinada,YES,NONE,NONE,PASS
LOCATION::RC_WASTELAND_CHEST,CLEAR,Wasteland Chest,Páramo Encantado Cofre,YES,NONE,NONE,PASS
LOCATION::RC_WASTELAND_BOMBCHU_SALESMAN,CLEAR,Wasteland Bombchu Salesman,Páramo Encantado Bombchu Vendedor,YES,NONE,NONE,PASS
LOCATION::RC_COLOSSUS_FREESTANDING_POH,CLEAR,Colossus Freestanding Poh,Coloso del Desierto Poe Independiente,YES,NONE,NONE,PASS
LOCATION::RC_COLOSSUS_DEKU_SCRUB_GROTTO_REAR,CLEAR,Colossus Deku Scrub Grotto Rear,Coloso del Desierto Cueva del Joven Deku Trasera,YES,NONE,NONE,PASS
LOCATION::RC_COLOSSUS_DEKU_SCRUB_GROTTO_FRONT,CLEAR,Colossus Deku Scrub Grotto Front,Coloso del Desierto Cueva del Joven Deku Frontal,YES,NONE,NONE,PASS
LOCATION::RC_MARKET_TREASURE_CHEST_GAME_REWARD,CLEAR,Market Treasure Chest Game Reward,Mercado Tesoro Cofre Juego Recompensa,YES,NONE,NONE,PASS
LOCATION::RC_MARKET_BOMBCHU_BOWLING_FIRST_PRIZE,CLEAR,Market Bombchu Bowling First Prize,Mercado Bombchu Bowling Primer Premio,YES,NONE,NONE,PASS
LOCATION::RC_MARKET_BOMBCHU_BOWLING_SECOND_PRIZE,CLEAR,Market Bombchu Bowling Second Prize,Mercado Bombchu Bowling Segundo Premio,YES,NONE,NONE,PASS
LOCATION::RC_MARKET_LOST_DOG,CLEAR,Market Lost Dog,Mercado Perdido Perro,YES,NONE,NONE,PASS
LOCATION::RC_MARKET_SHOOTING_GALLERY_REWARD,CLEAR,Market Shooting Gallery Reward,Mercado Tiro Galería Recompensa,YES,NONE,NONE,PASS
LOCATION::RC_MARKET_10_BIG_POES,CLEAR,Market 10 Big Poes,Mercado 10 Grande Poes,YES,NONE,NONE,PASS
LOCATION::RC_MARKET_TREASURE_CHEST_GAME_ITEM_1,CLEAR,Market Treasure Chest Game Item 1,Mercado Tesoro Cofre Juego Objeto 1,YES,NONE,NONE,PASS
LOCATION::RC_MARKET_TREASURE_CHEST_GAME_ITEM_2,CLEAR,Market Treasure Chest Game Item 2,Mercado Tesoro Cofre Juego Objeto 2,YES,NONE,NONE,PASS
LOCATION::RC_MARKET_TREASURE_CHEST_GAME_ITEM_3,CLEAR,Market Treasure Chest Game Item 3,Mercado Tesoro Cofre Juego Objeto 3,YES,NONE,NONE,PASS
LOCATION::RC_MARKET_TREASURE_CHEST_GAME_ITEM_4,CLEAR,Market Treasure Chest Game Item 4,Mercado Tesoro Cofre Juego Objeto 4,YES,NONE,NONE,PASS
LOCATION::RC_MARKET_TREASURE_CHEST_GAME_ITEM_5,CLEAR,Market Treasure Chest Game Item 5,Mercado Tesoro Cofre Juego Objeto 5,YES,NONE,NONE,PASS
LOCATION::RC_MARKET_TREASURE_CHEST_GAME_KEY_1,CLEAR,Market Treasure Chest Game Key 1,Mercado Tesoro Cofre Juego Llave 1,YES,NONE,NONE,PASS
LOCATION::RC_MARKET_TREASURE_CHEST_GAME_KEY_2,CLEAR,Market Treasure Chest Game Key 2,Mercado Tesoro Cofre Juego Llave 2,YES,NONE,NONE,PASS
LOCATION::RC_MARKET_TREASURE_CHEST_GAME_KEY_3,CLEAR,Market Treasure Chest Game Key 3,Mercado Tesoro Cofre Juego Llave 3,YES,NONE,NONE,PASS
LOCATION::RC_MARKET_TREASURE_CHEST_GAME_KEY_4,CLEAR,Market Treasure Chest Game Key 4,Mercado Tesoro Cofre Juego Llave 4,YES,NONE,NONE,PASS
LOCATION::RC_MARKET_TREASURE_CHEST_GAME_KEY_5,CLEAR,Market Treasure Chest Game Key 5,Mercado Tesoro Cofre Juego Llave 5,YES,NONE,NONE,PASS
LOCATION::RC_HC_MALON_EGG,CLEAR,Hc Malon Egg,Castillo de Hyrule Huevo de Malon,YES,NONE,NONE,PASS
LOCATION::RC_HC_ZELDAS_LETTER,CLEAR,Hc Zeldas Letter,Castillo de Hyrule Carta de Zelda,YES,NONE,NONE,PASS
LOCATION::RC_KAK_REDEAD_GROTTO_CHEST,CLEAR,Kak Redead Grotto Chest,Kakariko Redead Cueva Cofre,YES,NONE,NONE,PASS
LOCATION::RC_KAK_OPEN_GROTTO_CHEST,CLEAR,Kak Open Grotto Chest,Kakariko Cofre de la Cueva Abierta,YES,NONE,NONE,PASS
LOCATION::RC_KAK_10_GOLD_SKULLTULA_REWARD,CLEAR,Kak 10 Gold Skulltula Reward,Kakariko 10 Gold Skulltula Recompensa,YES,NONE,NONE,PASS
LOCATION::RC_KAK_20_GOLD_SKULLTULA_REWARD,CLEAR,Kak 20 Gold Skulltula Reward,Kakariko 20 Gold Skulltula Recompensa,YES,NONE,NONE,PASS
LOCATION::RC_KAK_30_GOLD_SKULLTULA_REWARD,CLEAR,Kak 30 Gold Skulltula Reward,Kakariko 30 Gold Skulltula Recompensa,YES,NONE,NONE,PASS
LOCATION::RC_KAK_40_GOLD_SKULLTULA_REWARD,CLEAR,Kak 40 Gold Skulltula Reward,Kakariko 40 Gold Skulltula Recompensa,YES,NONE,NONE,PASS
LOCATION::RC_KAK_50_GOLD_SKULLTULA_REWARD,CLEAR,Kak 50 Gold Skulltula Reward,Kakariko 50 Gold Skulltula Recompensa,YES,NONE,NONE,PASS
LOCATION::RC_KAK_100_GOLD_SKULLTULA_REWARD,CLEAR,Kak 100 Gold Skulltula Reward,Kakariko 100 Gold Skulltula Recompensa,YES,NONE,NONE,PASS
LOCATION::RC_KAK_MAN_ON_ROOF,CLEAR,Kak Man On Roof,Kakariko Hombre en el Tejado,YES,NONE,NONE,PASS
LOCATION::RC_KAK_SHOOTING_GALLERY_REWARD,CLEAR,Kak Shooting Gallery Reward,Kakariko Recompensa de la Galería de Tiro,YES,NONE,NONE,PASS
LOCATION::RC_KAK_TRADE_ODD_MUSHROOM,CLEAR,Kak Trade Odd Mushroom,Kakariko Intercambio Odd Hongo,YES,NONE,NONE,PASS
LOCATION::RC_KAK_GRANNYS_SHOP,CLEAR,Kak Grannys Shop,Kakariko Tienda de la Abuela,YES,NONE,NONE,PASS
LOCATION::RC_KAK_ANJU_AS_ADULT,CLEAR,Kak Anju As Adult,Kakariko Anju Como Adulto,YES,NONE,NONE,PASS
LOCATION::RC_KAK_ANJU_AS_CHILD,CLEAR,Kak Anju As Child,Kakariko Anju Como Niño,YES,NONE,NONE,PASS
LOCATION::RC_KAK_TRADE_POCKET_CUCCO,CLEAR,Kak Trade Pocket Cucco,Kakariko Intercambio Pocket Cucco,YES,NONE,NONE,PASS
LOCATION::RC_KAK_IMPAS_HOUSE_FREESTANDING_POH,CLEAR,Kak Impas House Freestanding Poh,Kakariko Impas Casa Independiente Poe,YES,NONE,NONE,PASS
LOCATION::RC_KAK_WINDMILL_FREESTANDING_POH,CLEAR,Kak Windmill Freestanding Poh,Kakariko Molino Independiente Poe,YES,NONE,NONE,PASS
LOCATION::RC_GRAVEYARD_SHIELD_GRAVE_CHEST,CLEAR,Graveyard Shield Grave Chest,Cementerio Escudo Tumba Cofre,YES,NONE,NONE,PASS
LOCATION::RC_GRAVEYARD_HEART_PIECE_GRAVE_CHEST,CLEAR,Graveyard Heart Piece Grave Chest,Cementerio Corazón Pieza Tumba Cofre,YES,NONE,NONE,PASS
LOCATION::RC_GRAVEYARD_ROYAL_FAMILYS_TOMB_CHEST,CLEAR,Graveyard Royal Familys Tomb Chest,Cementerio Real de la Familia Tumba Cofre,YES,NONE,NONE,PASS
LOCATION::RC_GRAVEYARD_HOOKSHOT_CHEST,CLEAR,Graveyard Hookshot Chest,Cementerio Anzuelo Cofre,YES,NONE,NONE,PASS
LOCATION::RC_GRAVEYARD_FREESTANDING_POH,CLEAR,Graveyard Freestanding Poh,Cementerio Independiente Poe,YES,NONE,NONE,PASS
LOCATION::RC_GRAVEYARD_DAMPE_RACE_FREESTANDING_POH,CLEAR,Graveyard Dampe Race Freestanding Poh,Cementerio Dampe Carrera Independiente Poe,YES,NONE,NONE,PASS
LOCATION::RC_GRAVEYARD_DAMPE_GRAVEDIGGING_TOUR,CLEAR,Graveyard Dampe Gravedigging Tour,Cementerio Dampe Gravedigging Tour,YES,NONE,NONE,PASS
LOCATION::RC_DMT_CHEST,CLEAR,Dmt Chest,Sendero de la Montaña de la Muerte Cofre,YES,NONE,NONE,PASS
LOCATION::RC_DMT_STORMS_GROTTO_CHEST,CLEAR,Dmt Storms Grotto Chest,Sendero de la Montaña de la Muerte Cofre de la Cueva de las Tormentas,YES,NONE,NONE,PASS
LOCATION::RC_DMT_TRADE_BROKEN_SWORD,CLEAR,Dmt Trade Broken Sword,Sendero de la Montaña de la Muerte Intercambio Roto Espada,YES,NONE,NONE,PASS
LOCATION::RC_DMT_TRADE_EYEDROPS,CLEAR,Dmt Trade Eyedrops,Sendero de la Montaña de la Muerte Intercambio Eyedrops,YES,NONE,NONE,PASS
LOCATION::RC_DMT_TRADE_CLAIM_CHECK,CLEAR,Dmt Trade Claim Check,Sendero de la Montaña de la Muerte Intercambio Claim Check,YES,NONE,NONE,PASS
LOCATION::RC_DMT_FREESTANDING_POH,CLEAR,Dmt Freestanding Poh,Sendero de la Montaña de la Muerte Poe Independiente,YES,NONE,NONE,PASS
LOCATION::RC_GC_MAZE_LEFT_CHEST,CLEAR,Gc Maze Left Chest,Ciudad Goron Laberinto Izquierda Cofre,YES,NONE,NONE,PASS
LOCATION::RC_GC_MAZE_RIGHT_CHEST,CLEAR,Gc Maze Right Chest,Ciudad Goron Laberinto Derecha Cofre,YES,NONE,NONE,PASS
LOCATION::RC_GC_MAZE_CENTER_CHEST,CLEAR,Gc Maze Center Chest,Ciudad Goron Laberinto Centro Cofre,YES,NONE,NONE,PASS
LOCATION::RC_GC_ROLLING_GORON_AS_CHILD,CLEAR,Gc Rolling Goron As Child,Ciudad Goron Goron Rodando de Niño,YES,NONE,NONE,PASS
LOCATION::RC_GC_ROLLING_GORON_AS_ADULT,CLEAR,Gc Rolling Goron As Adult,Ciudad Goron Goron Rodando de Adulto,YES,NONE,NONE,PASS
LOCATION::RC_GC_DARUNIAS_JOY,CLEAR,Gc Darunias Joy,Ciudad Goron Alegría de Darunia,YES,NONE,NONE,PASS
LOCATION::RC_GC_POT_FREESTANDING_POH,CLEAR,Gc Pot Freestanding Poh,Ciudad Goron Maceta Independiente Poe,YES,NONE,NONE,PASS
LOCATION::RC_GC_DEKU_SCRUB_GROTTO_LEFT,CLEAR,Gc Deku Scrub Grotto Left,Ciudad Goron Cueva del Joven Deku Izquierda,YES,NONE,NONE,PASS
LOCATION::RC_GC_DEKU_SCRUB_GROTTO_RIGHT,CLEAR,Gc Deku Scrub Grotto Right,Ciudad Goron Cueva del Joven Deku Derecha,YES,NONE,NONE,PASS
LOCATION::RC_GC_DEKU_SCRUB_GROTTO_CENTER,CLEAR,Gc Deku Scrub Grotto Center,Ciudad Goron Cueva del Joven Deku Centro,YES,NONE,NONE,PASS
LOCATION::RC_GC_MEDIGORON,CLEAR,Gc Medigoron,Ciudad Goron Medigoron,YES,NONE,NONE,PASS
LOCATION::RC_DMC_UPPER_GROTTO_CHEST,CLEAR,Dmc Upper Grotto Chest,Cráter de la Montaña de la Muerte Superior Cueva Cofre,YES,NONE,NONE,PASS
LOCATION::RC_DMC_WALL_FREESTANDING_POH,CLEAR,Dmc Wall Freestanding Poh,Cráter de la Montaña de la Muerte Muro Independiente Poe,YES,NONE,NONE,PASS
LOCATION::RC_DMC_VOLCANO_FREESTANDING_POH,CLEAR,Dmc Volcano Freestanding Poh,Cráter de la Montaña de la Muerte Volcán Independiente Poe,YES,NONE,NONE,PASS
LOCATION::RC_DMC_DEKU_SCRUB,CLEAR,Dmc Deku Scrub,Cráter de la Montaña de la Muerte Joven Deku,YES,NONE,NONE,PASS
LOCATION::RC_DMC_DEKU_SCRUB_GROTTO_LEFT,CLEAR,Dmc Deku Scrub Grotto Left,Cráter de la Montaña de la Muerte Cueva del Joven Deku Izquierda,YES,NONE,NONE,PASS
LOCATION::RC_DMC_DEKU_SCRUB_GROTTO_RIGHT,CLEAR,Dmc Deku Scrub Grotto Right,Cráter de la Montaña de la Muerte Cueva del Joven Deku Derecha,YES,NONE,NONE,PASS
LOCATION::RC_DMC_DEKU_SCRUB_GROTTO_CENTER,CLEAR,Dmc Deku Scrub Grotto Center,Cráter de la Montaña de la Muerte Cueva del Joven Deku Centro,YES,NONE,NONE,PASS
LOCATION::RC_ZR_OPEN_GROTTO_CHEST,CLEAR,Zr Open Grotto Chest,Río de los Zora Cofre de la Cueva Abierta,YES,NONE,NONE,PASS
LOCATION::RC_ZR_MAGIC_BEAN_SALESMAN,CLEAR,Zr Magic Bean Salesman,Río de los Zora Vendedor de Frijoles Mágicos,YES,NONE,NONE,PASS
LOCATION::RC_ZR_FROGS_ZELDAS_LULLABY,CLEAR,Zr Frogs Zeldas Lullaby,Río de los Zora Ranas Nana de Zelda,YES,NONE,NONE,PASS
LOCATION::RC_ZR_FROGS_EPONAS_SONG,CLEAR,Zr Frogs Eponas Song,Río de los Zora Ranas Canción de Epona,YES,NONE,NONE,PASS
LOCATION::RC_ZR_FROGS_SARIAS_SONG,CLEAR,Zr Frogs Sarias Song,Río de los Zora Ranas Canción de Saria,YES,NONE,NONE,PASS
LOCATION::RC_ZR_FROGS_SUNS_SONG,CLEAR,Zr Frogs Suns Song,Río de los Zora Ranas Canción del Sol,YES,NONE,NONE,PASS
LOCATION::RC_ZR_FROGS_SONG_OF_TIME,CLEAR,Zr Frogs Song Of Time,Río de los Zora Ranas Canción del Tiempo,YES,NONE,NONE,PASS
LOCATION::RC_ZR_FROGS_IN_THE_RAIN,CLEAR,Zr Frogs In The Rain,Río de los Zora Ranas Bajo la Lluvia,YES,NONE,NONE,PASS
LOCATION::RC_ZR_FROGS_OCARINA_GAME,CLEAR,Zr Frogs Ocarina Game,Río de los Zora Ranas Juego de Ocarina,YES,NONE,NONE,PASS
LOCATION::RC_ZR_NEAR_OPEN_GROTTO_FREESTANDING_POH,CLEAR,Zr Near Open Grotto Freestanding Poh,Río de los Zora Cerca de la Cueva Abierta Independiente Poe,YES,NONE,NONE,PASS
LOCATION::RC_ZR_NEAR_DOMAIN_FREESTANDING_POH,CLEAR,Zr Near Domain Freestanding Poh,Río de los Zora Cerca del Dominio Independiente Poe,YES,NONE,NONE,PASS
LOCATION::RC_ZR_DEKU_SCRUB_GROTTO_REAR,CLEAR,Zr Deku Scrub Grotto Rear,Río de los Zora Cueva del Joven Deku Trasera,YES,NONE,NONE,PASS
LOCATION::RC_ZR_DEKU_SCRUB_GROTTO_FRONT,CLEAR,Zr Deku Scrub Grotto Front,Río de los Zora Cueva del Joven Deku Frontal,YES,NONE,NONE,PASS
LOCATION::RC_ZD_CHEST,CLEAR,Zd Chest,Dominio de los Zora Cofre,YES,NONE,NONE,PASS
LOCATION::RC_ZD_DIVING_MINIGAME,CLEAR,Zd Diving Minigame,Dominio de los Zora Minijuego de Buceo,YES,NONE,NONE,PASS
LOCATION::RC_ZD_KING_ZORA_THAWED,CLEAR,Zd King Zora Thawed,Dominio de los Zora Rey Zora Descongelado,YES,NONE,NONE,PASS
LOCATION::RC_ZD_TRADE_PRESCRIPTION,CLEAR,Zd Trade Prescription,Dominio de los Zora Intercambio Receta,YES,NONE,NONE,PASS
LOCATION::RC_ZF_ICEBERG_FREESTANDING_POH,CLEAR,Zf Iceberg Freestanding Poh,Fuente de los Zora Iceberg Independiente Poe,YES,NONE,NONE,PASS
LOCATION::RC_ZF_BOTTOM_FREESTANDING_POH,CLEAR,Zf Bottom Freestanding Poh,Fuente de los Zora Inferior Independiente Poe,YES,NONE,NONE,PASS
LOCATION::RC_LLR_TALONS_CHICKENS,CLEAR,Llr Talons Chickens,Rancho Lon Lon Pollos de Talon,YES,NONE,NONE,PASS
LOCATION::RC_LLR_FREESTANDING_POH,CLEAR,Llr Freestanding Poh,Rancho Lon Lon Poe Independiente,YES,NONE,NONE,PASS
LOCATION::RC_LLR_DEKU_SCRUB_GROTTO_LEFT,CLEAR,Llr Deku Scrub Grotto Left,Rancho Lon Lon Cueva del Joven Deku Izquierda,YES,NONE,NONE,PASS
LOCATION::RC_LLR_DEKU_SCRUB_GROTTO_RIGHT,CLEAR,Llr Deku Scrub Grotto Right,Rancho Lon Lon Cueva del Joven Deku Derecha,YES,NONE,NONE,PASS
LOCATION::RC_LLR_DEKU_SCRUB_GROTTO_CENTER,CLEAR,Llr Deku Scrub Grotto Center,Rancho Lon Lon Cueva del Joven Deku Centro,YES,NONE,NONE,PASS
LOCATION::RC_DEKU_TREE_MAP_CHEST,CLEAR,Deku Tree Map Chest,Árbol Deku Mapa Cofre,YES,NONE,NONE,PASS
LOCATION::RC_DEKU_TREE_COMPASS_CHEST,CLEAR,Deku Tree Compass Chest,Árbol Deku Brújula Cofre,YES,NONE,NONE,PASS
LOCATION::RC_DEKU_TREE_COMPASS_ROOM_SIDE_CHEST,CLEAR,Deku Tree Compass Room Side Chest,Árbol Deku Cofre Lateral de la Sala de la Brújula,YES,NONE,NONE,PASS
LOCATION::RC_DEKU_TREE_BASEMENT_CHEST,CLEAR,Deku Tree Basement Chest,Árbol Deku Cofre del Sótano,YES,NONE,NONE,PASS
LOCATION::RC_DEKU_TREE_SLINGSHOT_CHEST,CLEAR,Deku Tree Slingshot Chest,Árbol Deku Honda Cofre,YES,NONE,NONE,PASS
LOCATION::RC_DEKU_TREE_SLINGSHOT_ROOM_SIDE_CHEST,CLEAR,Deku Tree Slingshot Room Side Chest,Árbol Deku Honda Sala Lateral Cofre,YES,NONE,NONE,PASS
LOCATION::RC_DEKU_TREE_MQ_MAP_CHEST,CLEAR,Deku Tree Mq Map Chest,Árbol Deku Mq Mapa Cofre,YES,NONE,NONE,PASS
LOCATION::RC_DEKU_TREE_MQ_COMPASS_CHEST,CLEAR,Deku Tree Mq Compass Chest,Árbol Deku Mq Brújula Cofre,YES,NONE,NONE,PASS
LOCATION::RC_DEKU_TREE_MQ_SLINGSHOT_CHEST,CLEAR,Deku Tree Mq Slingshot Chest,Árbol Deku Mq Honda Cofre,YES,NONE,NONE,PASS
LOCATION::RC_DEKU_TREE_MQ_SLINGSHOT_ROOM_BACK_CHEST,CLEAR,Deku Tree Mq Slingshot Room Back Chest,Árbol Deku Mq Honda Sala Atrás Cofre,YES,NONE,NONE,PASS
LOCATION::RC_DEKU_TREE_MQ_BASEMENT_CHEST,CLEAR,Deku Tree Mq Basement Chest,Árbol Deku Mq Cofre del Sótano,YES,NONE,NONE,PASS
LOCATION::RC_DEKU_TREE_MQ_BEFORE_SPINNING_LOG_CHEST,CLEAR,Deku Tree Mq Before Spinning Log Chest,Árbol Deku Mq Antes de Giratorio Tronco Cofre,YES,NONE,NONE,PASS
LOCATION::RC_DEKU_TREE_MQ_AFTER_SPINNING_LOG_CHEST,CLEAR,Deku Tree Mq After Spinning Log Chest,Árbol Deku Mq Después de Giratorio Tronco Cofre,YES,NONE,NONE,PASS
LOCATION::RC_DEKU_TREE_MQ_DEKU_SCRUB,CLEAR,Deku Tree Mq Deku Scrub,Árbol Deku Mq Joven Deku,YES,NONE,NONE,PASS
LOCATION::RC_DODONGOS_CAVERN_BOSS_ROOM_CHEST,CLEAR,Dodongos Cavern Boss Room Chest,Caverna de los Dodongo Cofre de la Sala del Jefe,YES,NONE,NONE,PASS
LOCATION::RC_DODONGOS_CAVERN_MAP_CHEST,CLEAR,Dodongos Cavern Map Chest,Caverna de los Dodongo Mapa Cofre,YES,NONE,NONE,PASS
LOCATION::RC_DODONGOS_CAVERN_COMPASS_CHEST,CLEAR,Dodongos Cavern Compass Chest,Caverna de los Dodongo Brújula Cofre,YES,NONE,NONE,PASS
LOCATION::RC_DODONGOS_CAVERN_BOMB_FLOWER_PLATFORM_CHEST,CLEAR,Dodongos Cavern Bomb Flower Platform Chest,Caverna de los Dodongo Cofre de la Plataforma de Flor de Bomba,YES,NONE,NONE,PASS
LOCATION::RC_DODONGOS_CAVERN_BOMB_BAG_CHEST,CLEAR,Dodongos Cavern Bomb Bag Chest,Caverna de los Dodongo Cofre de la Bolsa de Bombas,YES,NONE,NONE,PASS
LOCATION::RC_DODONGOS_CAVERN_END_OF_BRIDGE_CHEST,CLEAR,Dodongos Cavern End Of Bridge Chest,Caverna de los Dodongo End De Puente Cofre,YES,NONE,NONE,PASS
LOCATION::RC_DODONGOS_CAVERN_DEKU_SCRUB_NEAR_BOMB_BAG_LEFT,CLEAR,Dodongos Cavern Deku Scrub Near Bomb Bag Left,Caverna de los Dodongo Joven Deku Cerca de la Bolsa de Bombas Izquierda,YES,NONE,NONE,PASS
LOCATION::RC_DODONGOS_CAVERN_DEKU_SCRUB_SIDE_ROOM_NEAR_DODONGOS,CLEAR,Dodongos Cavern Deku Scrub Side Room Near Dodongos,Caverna de los Dodongo Joven Deku Lateral Sala Cerca de Dodongos,YES,NONE,NONE,PASS
LOCATION::RC_DODONGOS_CAVERN_DEKU_SCRUB_NEAR_BOMB_BAG_RIGHT,CLEAR,Dodongos Cavern Deku Scrub Near Bomb Bag Right,Caverna de los Dodongo Joven Deku Cerca de la Bolsa de Bombas Derecha,YES,NONE,NONE,PASS
LOCATION::RC_DODONGOS_CAVERN_DEKU_SCRUB_LOBBY,CLEAR,Dodongos Cavern Deku Scrub Lobby,Caverna de los Dodongo Sala Principal del Joven Deku,YES,NONE,NONE,PASS
LOCATION::RC_DODONGOS_CAVERN_MQ_MAP_CHEST,CLEAR,Dodongos Cavern Mq Map Chest,Caverna de los Dodongo Mq Mapa Cofre,YES,NONE,NONE,PASS
LOCATION::RC_DODONGOS_CAVERN_MQ_BOMB_BAG_CHEST,CLEAR,Dodongos Cavern Mq Bomb Bag Chest,Caverna de los Dodongo Mq Cofre de la Bolsa de Bombas,YES,NONE,NONE,PASS
LOCATION::RC_DODONGOS_CAVERN_MQ_COMPASS_CHEST,CLEAR,Dodongos Cavern Mq Compass Chest,Caverna de los Dodongo Mq Brújula Cofre,YES,NONE,NONE,PASS
LOCATION::RC_DODONGOS_CAVERN_MQ_LARVAE_ROOM_CHEST,CLEAR,Dodongos Cavern Mq Larvae Room Chest,Caverna de los Dodongo Mq Cofre de la Sala de Larvas,YES,NONE,NONE,PASS
LOCATION::RC_DODONGOS_CAVERN_MQ_TORCH_PUZZLE_ROOM_CHEST,CLEAR,Dodongos Cavern Mq Torch Puzzle Room Chest,Caverna de los Dodongo Mq Cofre de la Sala del Rompecabezas de Antorchas,YES,NONE,NONE,PASS
LOCATION::RC_DODONGOS_CAVERN_MQ_UNDER_GRAVE_CHEST,CLEAR,Dodongos Cavern Mq Under Grave Chest,Caverna de los Dodongo Mq Cofre Bajo la Tumba,YES,NONE,NONE,PASS
LOCATION::RC_DODONGOS_CAVERN_MQ_DEKU_SCRUB_LOBBY_REAR,CLEAR,Dodongos Cavern Mq Deku Scrub Lobby Rear,Caverna de los Dodongo Mq Sala Principal del Joven Deku Trasera,YES,NONE,NONE,PASS
LOCATION::RC_DODONGOS_CAVERN_MQ_DEKU_SCRUB_LOBBY_FRONT,CLEAR,Dodongos Cavern Mq Deku Scrub Lobby Front,Caverna de los Dodongo Mq Sala Principal del Joven Deku Frontal,YES,NONE,NONE,PASS
LOCATION::RC_DODONGOS_CAVERN_MQ_DEKU_SCRUB_STAIRCASE,CLEAR,Dodongos Cavern Mq Deku Scrub Staircase,Caverna de los Dodongo Mq Escalera del Joven Deku,YES,NONE,NONE,PASS
LOCATION::RC_DODONGOS_CAVERN_MQ_DEKU_SCRUB_SIDE_ROOM_NEAR_LOWER_LIZALFOS,CLEAR,Dodongos Cavern Mq Deku Scrub Side Room Near Lower Lizalfos,Caverna de los Dodongo Mq Joven Deku Sala Lateral Cerca del Lizalfos Inferior,YES,NONE,NONE,PASS
LOCATION::RC_JABU_JABUS_BELLY_MAP_CHEST,CLEAR,Jabu Jabus Belly Map Chest,Vientre de Jabu-Jabu Mapa Cofre,YES,NONE,NONE,PASS
LOCATION::RC_JABU_JABUS_BELLY_COMPASS_CHEST,CLEAR,Jabu Jabus Belly Compass Chest,Vientre de Jabu-Jabu Brújula Cofre,YES,NONE,NONE,PASS
LOCATION::RC_JABU_JABUS_BELLY_BOOMERANG_CHEST,CLEAR,Jabu Jabus Belly Boomerang Chest,Vientre de Jabu-Jabu Cofre del Bumerán,YES,NONE,NONE,PASS
LOCATION::RC_JABU_JABUS_BELLY_DEKU_SCRUB,CLEAR,Jabu Jabus Belly Deku Scrub,Vientre de Jabu-Jabu Joven Deku,YES,NONE,NONE,PASS
LOCATION::RC_JABU_JABUS_BELLY_MQ_FIRST_ROOM_SIDE_CHEST,CLEAR,Jabu Jabus Belly Mq First Room Side Chest,Vientre de Jabu-Jabu Mq Cofre Lateral de la Primera Sala,YES,NONE,NONE,PASS
LOCATION::RC_JABU_JABUS_BELLY_MQ_MAP_CHEST,CLEAR,Jabu Jabus Belly Mq Map Chest,Vientre de Jabu-Jabu Mq Mapa Cofre,YES,NONE,NONE,PASS
LOCATION::RC_JABU_JABUS_BELLY_MQ_SECOND_ROOM_LOWER_CHEST,CLEAR,Jabu Jabus Belly Mq Second Room Lower Chest,Vientre de Jabu-Jabu Mq Cofre Inferior de la Segunda Sala,YES,NONE,NONE,PASS
LOCATION::RC_JABU_JABUS_BELLY_MQ_COMPASS_CHEST,CLEAR,Jabu Jabus Belly Mq Compass Chest,Vientre de Jabu-Jabu Mq Brújula Cofre,YES,NONE,NONE,PASS
LOCATION::RC_JABU_JABUS_BELLY_MQ_SECOND_ROOM_UPPER_CHEST,CLEAR,Jabu Jabus Belly Mq Second Room Upper Chest,Vientre de Jabu-Jabu Mq Cofre Superior de la Segunda Sala,YES,NONE,NONE,PASS
LOCATION::RC_JABU_JABUS_BELLY_MQ_BASEMENT_NEAR_SWITCHES_CHEST,CLEAR,Jabu Jabus Belly Mq Basement Near Switches Chest,Vientre de Jabu-Jabu Mq Sótano Cerca de Switches Cofre,YES,NONE,NONE,PASS
LOCATION::RC_JABU_JABUS_BELLY_MQ_BASEMENT_NEAR_VINES_CHEST,CLEAR,Jabu Jabus Belly Mq Basement Near Vines Chest,Vientre de Jabu-Jabu Mq Sótano Cerca de Enredaderas Cofre,YES,NONE,NONE,PASS
LOCATION::RC_JABU_JABUS_BELLY_MQ_NEAR_BOSS_CHEST,CLEAR,Jabu Jabus Belly Mq Near Boss Chest,Vientre de Jabu-Jabu Mq Cofre Cerca del Jefe,YES,NONE,NONE,PASS
LOCATION::RC_JABU_JABUS_BELLY_MQ_FALLING_LIKE_LIKE_ROOM_CHEST,CLEAR,Jabu Jabus Belly Mq Falling Like Like Room Chest,Vientre de Jabu-Jabu Mq Caída Like Like Sala Cofre,YES,NONE,NONE,PASS
LOCATION::RC_JABU_JABUS_BELLY_MQ_BOOMERANG_ROOM_SMALL_CHEST,CLEAR,Jabu Jabus Belly Mq Boomerang Room Small Chest,Vientre de Jabu-Jabu Mq Cofre Pequeño de la Sala del Bumerán,YES,NONE,NONE,PASS
LOCATION::RC_JABU_JABUS_BELLY_MQ_BOOMERANG_CHEST,CLEAR,Jabu Jabus Belly Mq Boomerang Chest,Vientre de Jabu-Jabu Mq Cofre del Bumerán,YES,NONE,NONE,PASS
LOCATION::RC_FOREST_TEMPLE_FIRST_ROOM_CHEST,CLEAR,Forest Temple First Room Chest,Templo del Bosque Cofre de la Primera Sala,YES,NONE,NONE,PASS
LOCATION::RC_FOREST_TEMPLE_FIRST_STALFOS_CHEST,CLEAR,Forest Temple First Stalfos Chest,Templo del Bosque Cofre del Primer Stalfos,YES,NONE,NONE,PASS
LOCATION::RC_FOREST_TEMPLE_RAISED_ISLAND_COURTYARD_CHEST,CLEAR,Forest Temple Raised Island Courtyard Chest,Templo del Bosque Cofre del Patio de la Isla Elevada,YES,NONE,NONE,PASS
LOCATION::RC_FOREST_TEMPLE_MAP_CHEST,CLEAR,Forest Temple Map Chest,Templo del Bosque Mapa Cofre,YES,NONE,NONE,PASS
LOCATION::RC_FOREST_TEMPLE_WELL_CHEST,CLEAR,Forest Temple Well Chest,Templo del Bosque Pozo Cofre,YES,NONE,NONE,PASS
LOCATION::RC_FOREST_TEMPLE_FALLING_CEILING_ROOM_CHEST,CLEAR,Forest Temple Falling Ceiling Room Chest,Templo del Bosque Cofre de la Sala del Techo Caído,YES,NONE,NONE,PASS
LOCATION::RC_FOREST_TEMPLE_EYE_SWITCH_CHEST,CLEAR,Forest Temple Eye Switch Chest,Templo del Bosque Cofre del Interruptor de Ojo,YES,NONE,NONE,PASS
LOCATION::RC_FOREST_TEMPLE_BOSS_KEY_CHEST,CLEAR,Forest Temple Boss Key Chest,Templo del Bosque Cofre de la Llave Jefe,YES,NONE,NONE,PASS
LOCATION::RC_FOREST_TEMPLE_FLOORMASTER_CHEST,CLEAR,Forest Temple Floormaster Chest,Templo del Bosque Cofre del Maestro del Suelo,YES,NONE,NONE,PASS
LOCATION::RC_FOREST_TEMPLE_BOW_CHEST,CLEAR,Forest Temple Bow Chest,Templo del Bosque Arco Cofre,YES,NONE,NONE,PASS
LOCATION::RC_FOREST_TEMPLE_RED_POE_CHEST,CLEAR,Forest Temple Red Poe Chest,Templo del Bosque Cofre del Poe Rojo,YES,NONE,NONE,PASS
LOCATION::RC_FOREST_TEMPLE_BLUE_POE_CHEST,CLEAR,Forest Temple Blue Poe Chest,Templo del Bosque Cofre del Poe Azul,YES,NONE,NONE,PASS
LOCATION::RC_FOREST_TEMPLE_BASEMENT_CHEST,CLEAR,Forest Temple Basement Chest,Templo del Bosque Cofre del Sótano,YES,NONE,NONE,PASS
LOCATION::RC_FOREST_TEMPLE_MQ_FIRST_ROOM_CHEST,CLEAR,Forest Temple Mq First Room Chest,Templo del Bosque Mq Cofre de la Primera Sala,YES,NONE,NONE,PASS
LOCATION::RC_FOREST_TEMPLE_MQ_WOLFOS_CHEST,CLEAR,Forest Temple Mq Wolfos Chest,Templo del Bosque Mq Wolfos Cofre,YES,NONE,NONE,PASS
LOCATION::RC_FOREST_TEMPLE_MQ_BOW_CHEST,CLEAR,Forest Temple Mq Bow Chest,Templo del Bosque Mq Arco Cofre,YES,NONE,NONE,PASS
LOCATION::RC_FOREST_TEMPLE_MQ_RAISED_ISLAND_COURTYARD_LOWER_CHEST,CLEAR,Forest Temple Mq Raised Island Courtyard Lower Chest,Templo del Bosque Mq Cofre Inferior del Patio de la Isla Elevada,YES,NONE,NONE,PASS
LOCATION::RC_FOREST_TEMPLE_MQ_RAISED_ISLAND_COURTYARD_UPPER_CHEST,CLEAR,Forest Temple Mq Raised Island Courtyard Upper Chest,Templo del Bosque Mq Cofre Superior del Patio de la Isla Elevada,YES,NONE,NONE,PASS
LOCATION::RC_FOREST_TEMPLE_MQ_WELL_CHEST,CLEAR,Forest Temple Mq Well Chest,Templo del Bosque Mq Pozo Cofre,YES,NONE,NONE,PASS
LOCATION::RC_FOREST_TEMPLE_MQ_MAP_CHEST,CLEAR,Forest Temple Mq Map Chest,Templo del Bosque Mq Mapa Cofre,YES,NONE,NONE,PASS
LOCATION::RC_FOREST_TEMPLE_MQ_COMPASS_CHEST,CLEAR,Forest Temple Mq Compass Chest,Templo del Bosque Mq Brújula Cofre,YES,NONE,NONE,PASS
LOCATION::RC_FOREST_TEMPLE_MQ_FALLING_CEILING_ROOM_CHEST,CLEAR,Forest Temple Mq Falling Ceiling Room Chest,Templo del Bosque Mq Cofre de la Sala del Techo Caído,YES,NONE,NONE,PASS
LOCATION::RC_FOREST_TEMPLE_MQ_BASEMENT_CHEST,CLEAR,Forest Temple Mq Basement Chest,Templo del Bosque Mq Cofre del Sótano,YES,NONE,NONE,PASS
LOCATION::RC_FOREST_TEMPLE_MQ_REDEAD_CHEST,CLEAR,Forest Temple Mq Redead Chest,Templo del Bosque Mq Redead Cofre,YES,NONE,NONE,PASS
LOCATION::RC_FOREST_TEMPLE_MQ_BOSS_KEY_CHEST,CLEAR,Forest Temple Mq Boss Key Chest,Templo del Bosque Mq Cofre de la Llave Jefe,YES,NONE,NONE,PASS
LOCATION::RC_FIRE_TEMPLE_NEAR_BOSS_CHEST,CLEAR,Fire Temple Near Boss Chest,Templo del Fuego Cofre Cerca del Jefe,YES,NONE,NONE,PASS
LOCATION::RC_FIRE_TEMPLE_FLARE_DANCER_CHEST,CLEAR,Fire Temple Flare Dancer Chest,Templo del Fuego Cofre del Bailarín Ígneo,YES,NONE,NONE,PASS
LOCATION::RC_FIRE_TEMPLE_BOSS_KEY_CHEST,CLEAR,Fire Temple Boss Key Chest,Templo del Fuego Cofre de la Llave Jefe,YES,NONE,NONE,PASS
LOCATION::RC_FIRE_TEMPLE_BIG_LAVA_ROOM_BLOCKED_DOOR_CHEST,CLEAR,Fire Temple Big Lava Room Blocked Door Chest,Templo del Fuego Grande Lava Sala Bloqueada Puerta Cofre,YES,NONE,NONE,PASS
LOCATION::RC_FIRE_TEMPLE_BIG_LAVA_ROOM_LOWER_OPEN_DOOR_CHEST,CLEAR,Fire Temple Big Lava Room Lower Open Door Chest,Templo del Fuego Grande Lava Sala Inferior Abierta Puerta Cofre,YES,NONE,NONE,PASS
LOCATION::RC_FIRE_TEMPLE_BOULDER_MAZE_LOWER_CHEST,CLEAR,Fire Temple Boulder Maze Lower Chest,Templo del Fuego Cofre Inferior del Laberinto de Rocas,YES,NONE,NONE,PASS
LOCATION::RC_FIRE_TEMPLE_BOULDER_MAZE_UPPER_CHEST,CLEAR,Fire Temple Boulder Maze Upper Chest,Templo del Fuego Cofre Superior del Laberinto de Rocas,YES,NONE,NONE,PASS
LOCATION::RC_FIRE_TEMPLE_BOULDER_MAZE_SIDE_ROOM_CHEST,CLEAR,Fire Temple Boulder Maze Side Room Chest,Templo del Fuego Cofre de la Sala Lateral del Laberinto de Rocas,YES,NONE,NONE,PASS
LOCATION::RC_FIRE_TEMPLE_BOULDER_MAZE_SHORTCUT_CHEST,CLEAR,Fire Temple Boulder Maze Shortcut Chest,Templo del Fuego Cofre del Atajo del Laberinto de Rocas,YES,NONE,NONE,PASS
LOCATION::RC_FIRE_TEMPLE_SCARECROW_CHEST,CLEAR,Fire Temple Scarecrow Chest,Templo del Fuego Cofre del Espantapájaros,YES,NONE,NONE,PASS
LOCATION::RC_FIRE_TEMPLE_MAP_CHEST,CLEAR,Fire Temple Map Chest,Templo del Fuego Mapa Cofre,YES,NONE,NONE,PASS
LOCATION::RC_FIRE_TEMPLE_COMPASS_CHEST,CLEAR,Fire Temple Compass Chest,Templo del Fuego Brújula Cofre,YES,NONE,NONE,PASS
LOCATION::RC_FIRE_TEMPLE_HIGHEST_GORON_CHEST,CLEAR,Fire Temple Highest Goron Chest,Templo del Fuego Cofre del Goron Más Alto,YES,NONE,NONE,PASS
LOCATION::RC_FIRE_TEMPLE_MEGATON_HAMMER_CHEST,CLEAR,Fire Temple Megaton Hammer Chest,Templo del Fuego Cofre del Martillo Megatón,YES,NONE,NONE,PASS
LOCATION::RC_FIRE_TEMPLE_MQ_NEAR_BOSS_CHEST,CLEAR,Fire Temple Mq Near Boss Chest,Templo del Fuego Mq Cofre Cerca del Jefe,YES,NONE,NONE,PASS
LOCATION::RC_FIRE_TEMPLE_MQ_MEGATON_HAMMER_CHEST,CLEAR,Fire Temple Mq Megaton Hammer Chest,Templo del Fuego Mq Cofre del Martillo Megatón,YES,NONE,NONE,PASS
LOCATION::RC_FIRE_TEMPLE_MQ_COMPASS_CHEST,CLEAR,Fire Temple Mq Compass Chest,Templo del Fuego Mq Brújula Cofre,YES,NONE,NONE,PASS
LOCATION::RC_FIRE_TEMPLE_MQ_LIZALFOS_MAZE_LOWER_CHEST,CLEAR,Fire Temple Mq Lizalfos Maze Lower Chest,Templo del Fuego Mq Cofre Inferior del Laberinto de Lizalfos,YES,NONE,NONE,PASS
LOCATION::RC_FIRE_TEMPLE_MQ_LIZALFOS_MAZE_UPPER_CHEST,CLEAR,Fire Temple Mq Lizalfos Maze Upper Chest,Templo del Fuego Mq Cofre Superior del Laberinto de Lizalfos,YES,NONE,NONE,PASS
LOCATION::RC_FIRE_TEMPLE_MQ_CHEST_ON_FIRE,CLEAR,Fire Temple Mq Chest On Fire,Templo del Fuego Mq Cofre en Llamas,YES,NONE,NONE,PASS
LOCATION::RC_FIRE_TEMPLE_MQ_MAP_ROOM_SIDE_CHEST,CLEAR,Fire Temple Mq Map Room Side Chest,Templo del Fuego Mq Cofre Lateral de la Sala del Mapa,YES,NONE,NONE,PASS
LOCATION::RC_FIRE_TEMPLE_MQ_MAP_CHEST,CLEAR,Fire Temple Mq Map Chest,Templo del Fuego Mq Mapa Cofre,YES,NONE,NONE,PASS
LOCATION::RC_FIRE_TEMPLE_MQ_BOSS_KEY_CHEST,CLEAR,Fire Temple Mq Boss Key Chest,Templo del Fuego Mq Cofre de la Llave Jefe,YES,NONE,NONE,PASS
LOCATION::RC_FIRE_TEMPLE_MQ_BIG_LAVA_ROOM_BLOCKED_DOOR_CHEST,CLEAR,Fire Temple Mq Big Lava Room Blocked Door Chest,Templo del Fuego Mq Grande Lava Sala Bloqueada Puerta Cofre,YES,NONE,NONE,PASS
LOCATION::RC_FIRE_TEMPLE_MQ_LIZALFOS_MAZE_SIDE_ROOM_CHEST,CLEAR,Fire Temple Mq Lizalfos Maze Side Room Chest,Templo del Fuego Mq Cofre de la Sala Lateral del Laberinto de Lizalfos,YES,NONE,NONE,PASS
LOCATION::RC_FIRE_TEMPLE_MQ_FREESTANDING_KEY,CLEAR,Fire Temple Mq Freestanding Key,Templo del Fuego Mq Llave Independiente,YES,NONE,NONE,PASS
LOCATION::RC_WATER_TEMPLE_MAP_CHEST,CLEAR,Water Temple Map Chest,Templo del Agua Mapa Cofre,YES,NONE,NONE,PASS
LOCATION::RC_WATER_TEMPLE_COMPASS_CHEST,CLEAR,Water Temple Compass Chest,Templo del Agua Brújula Cofre,YES,NONE,NONE,PASS
LOCATION::RC_WATER_TEMPLE_TORCHES_CHEST,CLEAR,Water Temple Torches Chest,Templo del Agua Cofre de las Antorchas,YES,NONE,NONE,PASS
LOCATION::RC_WATER_TEMPLE_DRAGON_CHEST,CLEAR,Water Temple Dragon Chest,Templo del Agua Cofre del Dragón,YES,NONE,NONE,PASS
LOCATION::RC_WATER_TEMPLE_CENTRAL_BOW_TARGET_CHEST,CLEAR,Water Temple Central Bow Target Chest,Templo del Agua Cofre del Blanco Central de Arco,YES,NONE,NONE,PASS
LOCATION::RC_WATER_TEMPLE_CENTRAL_PILLAR_CHEST,CLEAR,Water Temple Central Pillar Chest,Templo del Agua Cofre del Pilar Central,YES,NONE,NONE,PASS
LOCATION::RC_WATER_TEMPLE_CRACKED_WALL_CHEST,CLEAR,Water Temple Cracked Wall Chest,Templo del Agua Cofre del Muro Agrietado,YES,NONE,NONE,PASS
LOCATION::RC_WATER_TEMPLE_BOSS_KEY_CHEST,CLEAR,Water Temple Boss Key Chest,Templo del Agua Cofre de la Llave Jefe,YES,NONE,NONE,PASS
LOCATION::RC_WATER_TEMPLE_LONGSHOT_CHEST,CLEAR,Water Temple Longshot Chest,Templo del Agua Cofre del Anzuelo Largo,YES,NONE,NONE,PASS
LOCATION::RC_WATER_TEMPLE_RIVER_CHEST,CLEAR,Water Temple River Chest,Templo del Agua Cofre del Río,YES,NONE,NONE,PASS
LOCATION::RC_WATER_TEMPLE_MQ_CENTRAL_PILLAR_CHEST,CLEAR,Water Temple Mq Central Pillar Chest,Templo del Agua Mq Cofre del Pilar Central,YES,NONE,NONE,PASS
LOCATION::RC_WATER_TEMPLE_MQ_BOSS_KEY_CHEST,CLEAR,Water Temple Mq Boss Key Chest,Templo del Agua Mq Cofre de la Llave Jefe,YES,NONE,NONE,PASS
LOCATION::RC_WATER_TEMPLE_MQ_LONGSHOT_CHEST,CLEAR,Water Temple Mq Longshot Chest,Templo del Agua Mq Cofre del Anzuelo Largo,YES,NONE,NONE,PASS
LOCATION::RC_WATER_TEMPLE_MQ_COMPASS_CHEST,CLEAR,Water Temple Mq Compass Chest,Templo del Agua Mq Brújula Cofre,YES,NONE,NONE,PASS
LOCATION::RC_WATER_TEMPLE_MQ_MAP_CHEST,CLEAR,Water Temple Mq Map Chest,Templo del Agua Mq Mapa Cofre,YES,NONE,NONE,PASS
LOCATION::RC_WATER_TEMPLE_MQ_FREESTANDING_KEY,CLEAR,Water Temple Mq Freestanding Key,Templo del Agua Mq Llave Independiente,YES,NONE,NONE,PASS
LOCATION::RC_SPIRIT_TEMPLE_SILVER_GAUNTLETS_CHEST,CLEAR,Spirit Temple Silver Gauntlets Chest,Templo del Espíritu Cofre de los Guantes de Plata,YES,NONE,NONE,PASS
LOCATION::RC_SPIRIT_TEMPLE_MIRROR_SHIELD_CHEST,CLEAR,Spirit Temple Mirror Shield Chest,Templo del Espíritu Cofre del Escudo Espejo,YES,NONE,NONE,PASS
LOCATION::RC_SPIRIT_TEMPLE_CHILD_BRIDGE_CHEST,CLEAR,Spirit Temple Child Bridge Chest,Templo del Espíritu Cofre del Puente del Niño,YES,NONE,NONE,PASS
LOCATION::RC_SPIRIT_TEMPLE_CHILD_EARLY_TORCHES_CHEST,CLEAR,Spirit Temple Child Early Torches Chest,Templo del Espíritu Cofre de las Antorchas Tempranas del Niño,YES,NONE,NONE,PASS
LOCATION::RC_SPIRIT_TEMPLE_COMPASS_CHEST,CLEAR,Spirit Temple Compass Chest,Templo del Espíritu Brújula Cofre,YES,NONE,NONE,PASS
LOCATION::RC_SPIRIT_TEMPLE_EARLY_ADULT_RIGHT_CHEST,CLEAR,Spirit Temple Early Adult Right Chest,Templo del Espíritu Cofre Derecha Temprano de Adulto,YES,NONE,NONE,PASS
LOCATION::RC_SPIRIT_TEMPLE_FIRST_MIRROR_LEFT_CHEST,CLEAR,Spirit Temple First Mirror Left Chest,Templo del Espíritu Cofre Izquierda del Primer Espejo,YES,NONE,NONE,PASS
LOCATION::RC_SPIRIT_TEMPLE_FIRST_MIRROR_RIGHT_CHEST,CLEAR,Spirit Temple First Mirror Right Chest,Templo del Espíritu Cofre Derecha del Primer Espejo,YES,NONE,NONE,PASS
LOCATION::RC_SPIRIT_TEMPLE_MAP_CHEST,CLEAR,Spirit Temple Map Chest,Templo del Espíritu Mapa Cofre,YES,NONE,NONE,PASS
LOCATION::RC_SPIRIT_TEMPLE_CHILD_CLIMB_NORTH_CHEST,CLEAR,Spirit Temple Child Climb North Chest,Templo del Espíritu Cofre de Escalada Norte del Niño,YES,NONE,NONE,PASS
LOCATION::RC_SPIRIT_TEMPLE_CHILD_CLIMB_EAST_CHEST,CLEAR,Spirit Temple Child Climb East Chest,Templo del Espíritu Cofre de Escalada Este del Niño,YES,NONE,NONE,PASS
LOCATION::RC_SPIRIT_TEMPLE_SUN_BLOCK_ROOM_CHEST,CLEAR,Spirit Temple Sun Block Room Chest,Templo del Espíritu Cofre de la Sala del Bloque de Sol,YES,NONE,NONE,PASS
LOCATION::RC_SPIRIT_TEMPLE_STATUE_ROOM_HAND_CHEST,CLEAR,Spirit Temple Statue Room Hand Chest,Templo del Espíritu Cofre de la Mano de la Sala de la Estatua,YES,NONE,NONE,PASS
LOCATION::RC_SPIRIT_TEMPLE_STATUE_ROOM_NORTHEAST_CHEST,CLEAR,Spirit Temple Statue Room Northeast Chest,Templo del Espíritu Cofre Noreste de la Sala de la Estatua,YES,NONE,NONE,PASS
LOCATION::RC_SPIRIT_TEMPLE_NEAR_FOUR_ARMOS_CHEST,CLEAR,Spirit Temple Near Four Armos Chest,Templo del Espíritu Cerca de los Cuatro Armos Cofre,YES,NONE,NONE,PASS
LOCATION::RC_SPIRIT_TEMPLE_HALLWAY_RIGHT_INVISIBLE_CHEST,CLEAR,Spirit Temple Hallway Right Invisible Chest,Templo del Espíritu Cofre Invisible Derecha del Pasillo,YES,NONE,NONE,PASS
LOCATION::RC_SPIRIT_TEMPLE_HALLWAY_LEFT_INVISIBLE_CHEST,CLEAR,Spirit Temple Hallway Left Invisible Chest,Templo del Espíritu Cofre Invisible Izquierda del Pasillo,YES,NONE,NONE,PASS
LOCATION::RC_SPIRIT_TEMPLE_BOSS_KEY_CHEST,CLEAR,Spirit Temple Boss Key Chest,Templo del Espíritu Cofre de la Llave Jefe,YES,NONE,NONE,PASS
LOCATION::RC_SPIRIT_TEMPLE_TOPMOST_CHEST,CLEAR,Spirit Temple Topmost Chest,Templo del Espíritu Cofre Más Alto,YES,NONE,NONE,PASS
LOCATION::RC_SPIRIT_TEMPLE_MQ_ENTRANCE_FRONT_LEFT_CHEST,CLEAR,Spirit Temple Mq Entrance Front Left Chest,Templo del Espíritu Mq Entrance Frente Izquierda Cofre,YES,NONE,NONE,PASS
LOCATION::RC_SPIRIT_TEMPLE_MQ_ENTRANCE_BACK_RIGHT_CHEST,CLEAR,Spirit Temple Mq Entrance Back Right Chest,Templo del Espíritu Mq Entrance Atrás Derecha Cofre,YES,NONE,NONE,PASS
LOCATION::RC_SPIRIT_TEMPLE_MQ_ENTRANCE_FRONT_RIGHT_CHEST,CLEAR,Spirit Temple Mq Entrance Front Right Chest,Templo del Espíritu Mq Entrance Frente Derecha Cofre,YES,NONE,NONE,PASS
LOCATION::RC_SPIRIT_TEMPLE_MQ_ENTRANCE_BACK_LEFT_CHEST,CLEAR,Spirit Temple Mq Entrance Back Left Chest,Templo del Espíritu Mq Entrance Atrás Izquierda Cofre,YES,NONE,NONE,PASS
LOCATION::RC_SPIRIT_TEMPLE_MQ_CHILD_HAMMER_SWITCH_CHEST,CLEAR,Spirit Temple Mq Child Hammer Switch Chest,Templo del Espíritu Mq Cofre del Interruptor del Martillo del Niño,YES,NONE,NONE,PASS
LOCATION::RC_SPIRIT_TEMPLE_MQ_MAP_CHEST,CLEAR,Spirit Temple Mq Map Chest,Templo del Espíritu Mq Mapa Cofre,YES,NONE,NONE,PASS
LOCATION::RC_SPIRIT_TEMPLE_MQ_MAP_ROOM_ENEMY_CHEST,CLEAR,Spirit Temple Mq Map Room Enemy Chest,Templo del Espíritu Mq Cofre del Enemigo de la Sala del Mapa,YES,NONE,NONE,PASS
LOCATION::RC_SPIRIT_TEMPLE_MQ_CHILD_CLIMB_NORTH_CHEST,CLEAR,Spirit Temple Mq Child Climb North Chest,Templo del Espíritu Mq Cofre de Escalada Norte del Niño,YES,NONE,NONE,PASS
LOCATION::RC_SPIRIT_TEMPLE_MQ_CHILD_CLIMB_SOUTH_CHEST,CLEAR,Spirit Temple Mq Child Climb South Chest,Templo del Espíritu Mq Cofre de Escalada Sur del Niño,YES,NONE,NONE,PASS
LOCATION::RC_SPIRIT_TEMPLE_MQ_COMPASS_CHEST,CLEAR,Spirit Temple Mq Compass Chest,Templo del Espíritu Mq Brújula Cofre,YES,NONE,NONE,PASS
LOCATION::RC_SPIRIT_TEMPLE_MQ_STATUE_ROOM_LULLABY_CHEST,CLEAR,Spirit Temple Mq Statue Room Lullaby Chest,Templo del Espíritu Mq Cofre de la Nana de la Sala de la Estatua,YES,NONE,NONE,PASS
LOCATION::RC_SPIRIT_TEMPLE_MQ_STATUE_ROOM_INVISIBLE_CHEST,CLEAR,Spirit Temple Mq Statue Room Invisible Chest,Templo del Espíritu Mq Cofre Invisible de la Sala de la Estatua,YES,NONE,NONE,PASS
LOCATION::RC_SPIRIT_TEMPLE_MQ_SILVER_BLOCK_HALLWAY_CHEST,CLEAR,Spirit Temple Mq Silver Block Hallway Chest,Templo del Espíritu Mq Cofre del Pasillo del Bloque de Plata,YES,NONE,NONE,PASS
LOCATION::RC_SPIRIT_TEMPLE_MQ_SUN_BLOCK_ROOM_CHEST,CLEAR,Spirit Temple Mq Sun Block Room Chest,Templo del Espíritu Mq Cofre de la Sala del Bloque de Sol,YES,NONE,NONE,PASS
LOCATION::RC_SPIRIT_TEMPLE_MQ_SYMPHONY_ROOM_CHEST,CLEAR,Spirit Temple Mq Symphony Room Chest,Templo del Espíritu Mq Cofre de la Sala de la Sinfonía,YES,NONE,NONE,PASS
LOCATION::RC_SPIRIT_TEMPLE_MQ_LEEVER_ROOM_CHEST,CLEAR,Spirit Temple Mq Leever Room Chest,Templo del Espíritu Mq Cofre de la Sala del Leever,YES,NONE,NONE,PASS
LOCATION::RC_SPIRIT_TEMPLE_MQ_BEAMOS_ROOM_CHEST,CLEAR,Spirit Temple Mq Beamos Room Chest,Templo del Espíritu Mq Cofre de la Sala del Beamos,YES,NONE,NONE,PASS
LOCATION::RC_SPIRIT_TEMPLE_MQ_CHEST_SWITCH_CHEST,CLEAR,Spirit Temple Mq Chest Switch Chest,Templo del Espíritu Mq Cofre del Interruptor del Cofre,YES,NONE,NONE,PASS
LOCATION::RC_SPIRIT_TEMPLE_MQ_BOSS_KEY_CHEST,CLEAR,Spirit Temple Mq Boss Key Chest,Templo del Espíritu Mq Cofre de la Llave Jefe,YES,NONE,NONE,PASS
LOCATION::RC_SPIRIT_TEMPLE_MQ_MIRROR_PUZZLE_INVISIBLE_CHEST,CLEAR,Spirit Temple Mq Mirror Puzzle Invisible Chest,Templo del Espíritu Mq Cofre Invisible del Rompecabezas del Espejo,YES,NONE,NONE,PASS
LOCATION::RC_SHADOW_TEMPLE_MAP_CHEST,CLEAR,Shadow Temple Map Chest,Templo de la Sombra Mapa Cofre,YES,NONE,NONE,PASS
LOCATION::RC_SHADOW_TEMPLE_HOVER_BOOTS_CHEST,CLEAR,Shadow Temple Hover Boots Chest,Templo de la Sombra Cofre de las Botas Voladoras,YES,NONE,NONE,PASS
LOCATION::RC_SHADOW_TEMPLE_COMPASS_CHEST,CLEAR,Shadow Temple Compass Chest,Templo de la Sombra Brújula Cofre,YES,NONE,NONE,PASS
LOCATION::RC_SHADOW_TEMPLE_EARLY_SILVER_RUPEE_CHEST,CLEAR,Shadow Temple Early Silver Rupee Chest,Templo de la Sombra Cofre de la Rupia de Plata Temprana,YES,NONE,NONE,PASS
LOCATION::RC_SHADOW_TEMPLE_INVISIBLE_BLADES_VISIBLE_CHEST,CLEAR,Shadow Temple Invisible Blades Visible Chest,Templo de la Sombra Cofre Visible de las Hojas Invisibles,YES,NONE,NONE,PASS
LOCATION::RC_SHADOW_TEMPLE_INVISIBLE_BLADES_INVISIBLE_CHEST,CLEAR,Shadow Temple Invisible Blades Invisible Chest,Templo de la Sombra Cofre Invisible de las Hojas Invisibles,YES,NONE,NONE,PASS
LOCATION::RC_SHADOW_TEMPLE_FALLING_SPIKES_LOWER_CHEST,CLEAR,Shadow Temple Falling Spikes Lower Chest,Templo de la Sombra Púas Caídas Inferior Cofre,YES,NONE,NONE,PASS
LOCATION::RC_SHADOW_TEMPLE_FALLING_SPIKES_UPPER_CHEST,CLEAR,Shadow Temple Falling Spikes Upper Chest,Templo de la Sombra Púas Caídas Superior Cofre,YES,NONE,NONE,PASS
LOCATION::RC_SHADOW_TEMPLE_FALLING_SPIKES_SWITCH_CHEST,CLEAR,Shadow Temple Falling Spikes Switch Chest,Templo de la Sombra Cofre del Interruptor de las Púas Caídas,YES,NONE,NONE,PASS
LOCATION::RC_SHADOW_TEMPLE_INVISIBLE_SPIKES_CHEST,CLEAR,Shadow Temple Invisible Spikes Chest,Templo de la Sombra Cofre de las Púas Invisibles,YES,NONE,NONE,PASS
LOCATION::RC_SHADOW_TEMPLE_WIND_HINT_CHEST,CLEAR,Shadow Temple Wind Hint Chest,Templo de la Sombra Cofre de la Pista de Viento,YES,NONE,NONE,PASS
LOCATION::RC_SHADOW_TEMPLE_AFTER_WIND_ENEMY_CHEST,CLEAR,Shadow Temple After Wind Enemy Chest,Templo de la Sombra Cofre del Enemigo Después del Viento,YES,NONE,NONE,PASS
LOCATION::RC_SHADOW_TEMPLE_AFTER_WIND_HIDDEN_CHEST,CLEAR,Shadow Temple After Wind Hidden Chest,Templo de la Sombra Cofre Oculto Después del Viento,YES,NONE,NONE,PASS
LOCATION::RC_SHADOW_TEMPLE_SPIKE_WALLS_LEFT_CHEST,CLEAR,Shadow Temple Spike Walls Left Chest,Templo de la Sombra Cofre de los Muros de Púas Izquierda,YES,NONE,NONE,PASS
LOCATION::RC_SHADOW_TEMPLE_BOSS_KEY_CHEST,CLEAR,Shadow Temple Boss Key Chest,Templo de la Sombra Cofre de la Llave Jefe,YES,NONE,NONE,PASS
LOCATION::RC_SHADOW_TEMPLE_INVISIBLE_FLOORMASTER_CHEST,CLEAR,Shadow Temple Invisible Floormaster Chest,Templo de la Sombra Cofre Invisible del Maestro del Suelo,YES,NONE,NONE,PASS
LOCATION::RC_SHADOW_TEMPLE_FREESTANDING_KEY,CLEAR,Shadow Temple Freestanding Key,Templo de la Sombra Llave Independiente,YES,NONE,NONE,PASS
LOCATION::RC_SHADOW_TEMPLE_MQ_COMPASS_CHEST,CLEAR,Shadow Temple Mq Compass Chest,Templo de la Sombra Mq Brújula Cofre,YES,NONE,NONE,PASS
LOCATION::RC_SHADOW_TEMPLE_MQ_HOVER_BOOTS_CHEST,CLEAR,Shadow Temple Mq Hover Boots Chest,Templo de la Sombra Mq Cofre de las Botas Voladoras,YES,NONE,NONE,PASS
LOCATION::RC_SHADOW_TEMPLE_MQ_EARLY_GIBDOS_CHEST,CLEAR,Shadow Temple Mq Early Gibdos Chest,Templo de la Sombra Mq Cofre de los Gibdos Tempranos,YES,NONE,NONE,PASS
LOCATION::RC_SHADOW_TEMPLE_MQ_MAP_CHEST,CLEAR,Shadow Temple Mq Map Chest,Templo de la Sombra Mq Mapa Cofre,YES,NONE,NONE,PASS
LOCATION::RC_SHADOW_TEMPLE_MQ_BEAMOS_SILVER_RUPEES_CHEST,CLEAR,Shadow Temple Mq Beamos Silver Rupees Chest,Templo de la Sombra Mq Beamos Plateado Rupees Cofre,YES,NONE,NONE,PASS
LOCATION::RC_SHADOW_TEMPLE_MQ_FALLING_SPIKES_SWITCH_CHEST,CLEAR,Shadow Temple Mq Falling Spikes Switch Chest,Templo de la Sombra Mq Cofre del Interruptor de las Púas Caídas,YES,NONE,NONE,PASS
LOCATION::RC_SHADOW_TEMPLE_MQ_FALLING_SPIKES_LOWER_CHEST,CLEAR,Shadow Temple Mq Falling Spikes Lower Chest,Templo de la Sombra Mq Púas Caídas Inferior Cofre,YES,NONE,NONE,PASS
LOCATION::RC_SHADOW_TEMPLE_MQ_FALLING_SPIKES_UPPER_CHEST,CLEAR,Shadow Temple Mq Falling Spikes Upper Chest,Templo de la Sombra Mq Púas Caídas Superior Cofre,YES,NONE,NONE,PASS
LOCATION::RC_SHADOW_TEMPLE_MQ_INVISIBLE_SPIKES_CHEST,CLEAR,Shadow Temple Mq Invisible Spikes Chest,Templo de la Sombra Mq Cofre de las Púas Invisibles,YES,NONE,NONE,PASS
LOCATION::RC_SHADOW_TEMPLE_MQ_BOSS_KEY_CHEST,CLEAR,Shadow Temple Mq Boss Key Chest,Templo de la Sombra Mq Cofre de la Llave Jefe,YES,NONE,NONE,PASS
LOCATION::RC_SHADOW_TEMPLE_MQ_SPIKE_WALLS_LEFT_CHEST,CLEAR,Shadow Temple Mq Spike Walls Left Chest,Templo de la Sombra Mq Cofre de los Muros de Púas Izquierda,YES,NONE,NONE,PASS
LOCATION::RC_SHADOW_TEMPLE_MQ_STALFOS_ROOM_CHEST,CLEAR,Shadow Temple Mq Stalfos Room Chest,Templo de la Sombra Mq Stalfos Sala Cofre,YES,NONE,NONE,PASS
LOCATION::RC_SHADOW_TEMPLE_MQ_INVISIBLE_BLADES_INVISIBLE_CHEST,CLEAR,Shadow Temple Mq Invisible Blades Invisible Chest,Templo de la Sombra Mq Cofre Invisible de las Hojas Invisibles,YES,NONE,NONE,PASS
LOCATION::RC_SHADOW_TEMPLE_MQ_INVISIBLE_BLADES_VISIBLE_CHEST,CLEAR,Shadow Temple Mq Invisible Blades Visible Chest,Templo de la Sombra Mq Cofre Visible de las Hojas Invisibles,YES,NONE,NONE,PASS
LOCATION::RC_SHADOW_TEMPLE_MQ_BOMB_FLOWER_CHEST,CLEAR,Shadow Temple Mq Bomb Flower Chest,Templo de la Sombra Mq Cofre de la Flor de Bomba,YES,NONE,NONE,PASS
LOCATION::RC_SHADOW_TEMPLE_MQ_WIND_HINT_CHEST,CLEAR,Shadow Temple Mq Wind Hint Chest,Templo de la Sombra Mq Cofre de la Pista de Viento,YES,NONE,NONE,PASS
LOCATION::RC_SHADOW_TEMPLE_MQ_AFTER_WIND_HIDDEN_CHEST,CLEAR,Shadow Temple Mq After Wind Hidden Chest,Templo de la Sombra Mq Cofre Oculto Después del Viento,YES,NONE,NONE,PASS
LOCATION::RC_SHADOW_TEMPLE_MQ_AFTER_WIND_ENEMY_CHEST,CLEAR,Shadow Temple Mq After Wind Enemy Chest,Templo de la Sombra Mq Cofre del Enemigo Después del Viento,YES,NONE,NONE,PASS
LOCATION::RC_SHADOW_TEMPLE_MQ_NEAR_SHIP_INVISIBLE_CHEST,CLEAR,Shadow Temple Mq Near Ship Invisible Chest,Templo de la Sombra Mq Cofre Invisible Cerca del Barco,YES,NONE,NONE,PASS
LOCATION::RC_SHADOW_TEMPLE_MQ_FREESTANDING_KEY,CLEAR,Shadow Temple Mq Freestanding Key,Templo de la Sombra Mq Llave Independiente,YES,NONE,NONE,PASS
LOCATION::RC_BOTTOM_OF_THE_WELL_FRONT_LEFT_FAKE_WALL_CHEST,CLEAR,Bottom Of The Well Front Left Fake Wall Chest,Fondo del Pozo Cofre del Muro Falso Frente Izquierda,YES,NONE,NONE,PASS
LOCATION::RC_BOTTOM_OF_THE_WELL_FRONT_CENTER_BOMBABLE_CHEST,CLEAR,Bottom Of The Well Front Center Bombable Chest,Fondo del Pozo Cofre Destructible con Bombas Frente Centro,YES,NONE,NONE,PASS
LOCATION::RC_BOTTOM_OF_THE_WELL_RIGHT_BOTTOM_FAKE_WALL_CHEST,CLEAR,Bottom Of The Well Right Bottom Fake Wall Chest,Fondo del Pozo Cofre del Muro Falso Derecha Inferior,YES,NONE,NONE,PASS
LOCATION::RC_BOTTOM_OF_THE_WELL_COMPASS_CHEST,CLEAR,Bottom Of The Well Compass Chest,Fondo del Pozo Brújula Cofre,YES,NONE,NONE,PASS
LOCATION::RC_BOTTOM_OF_THE_WELL_CENTER_SKULLTULA_CHEST,CLEAR,Bottom Of The Well Center Skulltula Chest,Fondo del Pozo Centro Skulltula Cofre,YES,NONE,NONE,PASS
LOCATION::RC_BOTTOM_OF_THE_WELL_BACK_LEFT_BOMBABLE_CHEST,CLEAR,Bottom Of The Well Back Left Bombable Chest,Fondo del Pozo Cofre Destructible con Bombas Atrás Izquierda,YES,NONE,NONE,PASS
LOCATION::RC_BOTTOM_OF_THE_WELL_LENS_OF_TRUTH_CHEST,CLEAR,Bottom Of The Well Lens Of Truth Chest,Fondo del Pozo Cofre de la Lente de la Verdad,YES,NONE,NONE,PASS
LOCATION::RC_BOTTOM_OF_THE_WELL_INVISIBLE_CHEST,CLEAR,Bottom Of The Well Invisible Chest,Fondo del Pozo Cofre Invisible,YES,NONE,NONE,PASS
LOCATION::RC_BOTTOM_OF_THE_WELL_UNDERWATER_FRONT_CHEST,CLEAR,Bottom Of The Well Underwater Front Chest,Fondo del Pozo Cofre Subterráneo Frente,YES,NONE,NONE,PASS
LOCATION::RC_BOTTOM_OF_THE_WELL_UNDERWATER_LEFT_CHEST,CLEAR,Bottom Of The Well Underwater Left Chest,Fondo del Pozo Cofre Subterráneo Izquierda,YES,NONE,NONE,PASS
LOCATION::RC_BOTTOM_OF_THE_WELL_MAP_CHEST,CLEAR,Bottom Of The Well Map Chest,Fondo del Pozo Mapa Cofre,YES,NONE,NONE,PASS
LOCATION::RC_BOTTOM_OF_THE_WELL_FIRE_KEESE_CHEST,CLEAR,Bottom Of The Well Fire Keese Chest,Fondo del Pozo Cofre del Keese de Fuego,YES,NONE,NONE,PASS
LOCATION::RC_BOTTOM_OF_THE_WELL_LIKE_LIKE_CHEST,CLEAR,Bottom Of The Well Like Like Chest,Fondo del Pozo Cofre del Like Like,YES,NONE,NONE,PASS
LOCATION::RC_BOTTOM_OF_THE_WELL_FREESTANDING_KEY,CLEAR,Bottom Of The Well Freestanding Key,Fondo del Pozo Llave Independiente,YES,NONE,NONE,PASS
LOCATION::RC_BOTTOM_OF_THE_WELL_MQ_MAP_CHEST,CLEAR,Bottom Of The Well Mq Map Chest,Fondo del Pozo Mq Mapa Cofre,YES,NONE,NONE,PASS
LOCATION::RC_BOTTOM_OF_THE_WELL_MQ_LENS_OF_TRUTH_CHEST,CLEAR,Bottom Of The Well Mq Lens Of Truth Chest,Fondo del Pozo Mq Cofre de la Lente de la Verdad,YES,NONE,NONE,PASS
LOCATION::RC_BOTTOM_OF_THE_WELL_MQ_COMPASS_CHEST,CLEAR,Bottom Of The Well Mq Compass Chest,Fondo del Pozo Mq Brújula Cofre,YES,NONE,NONE,PASS
LOCATION::RC_BOTTOM_OF_THE_WELL_MQ_DEAD_HAND_FREESTANDING_KEY,CLEAR,Bottom Of The Well Mq Dead Hand Freestanding Key,Fondo del Pozo Mq Mano Muerta Independiente Llave,YES,NONE,NONE,PASS
LOCATION::RC_BOTTOM_OF_THE_WELL_MQ_EAST_INNER_ROOM_FREESTANDING_KEY,CLEAR,Bottom Of The Well Mq East Inner Room Freestanding Key,Fondo del Pozo Mq Este Interior Sala Independiente Llave,YES,NONE,NONE,PASS
LOCATION::RC_ICE_CAVERN_MAP_CHEST,CLEAR,Ice Cavern Map Chest,Caverna de Hielo Mapa Cofre,YES,NONE,NONE,PASS
LOCATION::RC_ICE_CAVERN_COMPASS_CHEST,CLEAR,Ice Cavern Compass Chest,Caverna de Hielo Brújula Cofre,YES,NONE,NONE,PASS
LOCATION::RC_ICE_CAVERN_IRON_BOOTS_CHEST,CLEAR,Ice Cavern Iron Boots Chest,Caverna de Hielo Cofre de las Botas de Hierro,YES,NONE,NONE,PASS
LOCATION::RC_ICE_CAVERN_FREESTANDING_POH,CLEAR,Ice Cavern Freestanding Poh,Caverna de Hielo Poe Independiente,YES,NONE,NONE,PASS
LOCATION::RC_ICE_CAVERN_MQ_IRON_BOOTS_CHEST,CLEAR,Ice Cavern Mq Iron Boots Chest,Caverna de Hielo Mq Cofre de las Botas de Hierro,YES,NONE,NONE,PASS
LOCATION::RC_ICE_CAVERN_MQ_COMPASS_CHEST,CLEAR,Ice Cavern Mq Compass Chest,Caverna de Hielo Mq Brújula Cofre,YES,NONE,NONE,PASS
LOCATION::RC_ICE_CAVERN_MQ_MAP_CHEST,CLEAR,Ice Cavern Mq Map Chest,Caverna de Hielo Mq Mapa Cofre,YES,NONE,NONE,PASS
LOCATION::RC_ICE_CAVERN_MQ_FREESTANDING_POH,CLEAR,Ice Cavern Mq Freestanding Poh,Caverna de Hielo Mq Poe Independiente,YES,NONE,NONE,PASS
LOCATION::RC_GERUDO_TRAINING_GROUND_LOBBY_LEFT_CHEST,CLEAR,Gerudo Training Ground Lobby Left Chest,Campo de Entrenamiento Gerudo Cofre Izquierda de la Sala Principal,YES,NONE,NONE,PASS
LOCATION::RC_GERUDO_TRAINING_GROUND_LOBBY_RIGHT_CHEST,CLEAR,Gerudo Training Ground Lobby Right Chest,Campo de Entrenamiento Gerudo Cofre Derecha de la Sala Principal,YES,NONE,NONE,PASS
LOCATION::RC_GERUDO_TRAINING_GROUND_STALFOS_CHEST,CLEAR,Gerudo Training Ground Stalfos Chest,Campo de Entrenamiento Gerudo Stalfos Cofre,YES,NONE,NONE,PASS
LOCATION::RC_GERUDO_TRAINING_GROUND_BEAMOS_CHEST,CLEAR,Gerudo Training Ground Beamos Chest,Campo de Entrenamiento Gerudo Beamos Cofre,YES,NONE,NONE,PASS
LOCATION::RC_GERUDO_TRAINING_GROUND_HIDDEN_CEILING_CHEST,CLEAR,Gerudo Training Ground Hidden Ceiling Chest,Campo de Entrenamiento Gerudo Cofre del Techo Oculto,YES,NONE,NONE,PASS
LOCATION::RC_GERUDO_TRAINING_GROUND_MAZE_PATH_FIRST_CHEST,CLEAR,Gerudo Training Ground Maze Path First Chest,Campo de Entrenamiento Gerudo Cofre Primer del Camino del Laberinto,YES,NONE,NONE,PASS
LOCATION::RC_GERUDO_TRAINING_GROUND_MAZE_PATH_SECOND_CHEST,CLEAR,Gerudo Training Ground Maze Path Second Chest,Campo de Entrenamiento Gerudo Cofre Segundo del Camino del Laberinto,YES,NONE,NONE,PASS
LOCATION::RC_GERUDO_TRAINING_GROUND_MAZE_PATH_THIRD_CHEST,CLEAR,Gerudo Training Ground Maze Path Third Chest,Campo de Entrenamiento Gerudo Cofre Tercer del Camino del Laberinto,YES,NONE,NONE,PASS
LOCATION::RC_GERUDO_TRAINING_GROUND_MAZE_PATH_FINAL_CHEST,CLEAR,Gerudo Training Ground Maze Path Final Chest,Campo de Entrenamiento Gerudo Cofre Final del Camino del Laberinto,YES,NONE,NONE,PASS
LOCATION::RC_GERUDO_TRAINING_GROUND_MAZE_RIGHT_CENTRAL_CHEST,CLEAR,Gerudo Training Ground Maze Right Central Chest,Campo de Entrenamiento Gerudo Cofre Derecha Central del Laberinto,YES,NONE,NONE,PASS
LOCATION::RC_GERUDO_TRAINING_GROUND_MAZE_RIGHT_SIDE_CHEST,CLEAR,Gerudo Training Ground Maze Right Side Chest,Campo de Entrenamiento Gerudo Cofre Lado Derecho del Laberinto,YES,NONE,NONE,PASS
LOCATION::RC_GERUDO_TRAINING_GROUND_UNDERWATER_SILVER_RUPEE_CHEST,CLEAR,Gerudo Training Ground Underwater Silver Rupee Chest,Campo de Entrenamiento Gerudo Subterráneo Plateado Rupia Cofre,YES,NONE,NONE,PASS
LOCATION::RC_GERUDO_TRAINING_GROUND_HAMMER_ROOM_CLEAR_CHEST,CLEAR,Gerudo Training Ground Hammer Room Clear Chest,Campo de Entrenamiento Gerudo Cofre Limpio de la Sala del Martillo,YES,NONE,NONE,PASS
LOCATION::RC_GERUDO_TRAINING_GROUND_HAMMER_ROOM_SWITCH_CHEST,CLEAR,Gerudo Training Ground Hammer Room Switch Chest,Campo de Entrenamiento Gerudo Cofre del Interruptor de la Sala del Martillo,YES,NONE,NONE,PASS
LOCATION::RC_GERUDO_TRAINING_GROUND_EYE_STATUE_CHEST,CLEAR,Gerudo Training Ground Eye Statue Chest,Campo de Entrenamiento Gerudo Cofre de la Estatua de Ojo,YES,NONE,NONE,PASS
LOCATION::RC_GERUDO_TRAINING_GROUND_NEAR_SCARECROW_CHEST,CLEAR,Gerudo Training Ground Near Scarecrow Chest,Campo de Entrenamiento Gerudo Cofre Cerca del Espantapájaros,YES,NONE,NONE,PASS
LOCATION::RC_GERUDO_TRAINING_GROUND_BEFORE_HEAVY_BLOCK_CHEST,CLEAR,Gerudo Training Ground Before Heavy Block Chest,Campo de Entrenamiento Gerudo Cofre Antes del Bloque Pesado,YES,NONE,NONE,PASS
LOCATION::RC_GERUDO_TRAINING_GROUND_HEAVY_BLOCK_FIRST_CHEST,CLEAR,Gerudo Training Ground Heavy Block First Chest,Campo de Entrenamiento Gerudo Cofre Primer del Bloque Pesado,YES,NONE,NONE,PASS
LOCATION::RC_GERUDO_TRAINING_GROUND_HEAVY_BLOCK_SECOND_CHEST,CLEAR,Gerudo Training Ground Heavy Block Second Chest,Campo de Entrenamiento Gerudo Cofre Segundo del Bloque Pesado,YES,NONE,NONE,PASS
LOCATION::RC_GERUDO_TRAINING_GROUND_HEAVY_BLOCK_THIRD_CHEST,CLEAR,Gerudo Training Ground Heavy Block Third Chest,Campo de Entrenamiento Gerudo Cofre Tercer del Bloque Pesado,YES,NONE,NONE,PASS
LOCATION::RC_GERUDO_TRAINING_GROUND_HEAVY_BLOCK_FOURTH_CHEST,CLEAR,Gerudo Training Ground Heavy Block Fourth Chest,Campo de Entrenamiento Gerudo Cofre Cuarto del Bloque Pesado,YES,NONE,NONE,PASS
LOCATION::RC_GERUDO_TRAINING_GROUND_FREESTANDING_KEY,CLEAR,Gerudo Training Ground Freestanding Key,Campo de Entrenamiento Gerudo Llave Independiente,YES,NONE,NONE,PASS
LOCATION::RC_GERUDO_TRAINING_GROUND_MQ_LOBBY_RIGHT_CHEST,CLEAR,Gerudo Training Ground Mq Lobby Right Chest,Campo de Entrenamiento Gerudo Mq Cofre Derecha de la Sala Principal,YES,NONE,NONE,PASS
LOCATION::RC_GERUDO_TRAINING_GROUND_MQ_LOBBY_LEFT_CHEST,CLEAR,Gerudo Training Ground Mq Lobby Left Chest,Campo de Entrenamiento Gerudo Mq Cofre Izquierda de la Sala Principal,YES,NONE,NONE,PASS
LOCATION::RC_GERUDO_TRAINING_GROUND_MQ_FIRST_IRON_KNUCKLE_CHEST,CLEAR,Gerudo Training Ground Mq First Iron Knuckle Chest,Campo de Entrenamiento Gerudo Mq Primer Iron Knuckle Cofre,YES,NONE,NONE,PASS
LOCATION::RC_GERUDO_TRAINING_GROUND_MQ_BEFORE_HEAVY_BLOCK_CHEST,CLEAR,Gerudo Training Ground Mq Before Heavy Block Chest,Campo de Entrenamiento Gerudo Mq Cofre Antes del Bloque Pesado,YES,NONE,NONE,PASS
LOCATION::RC_GERUDO_TRAINING_GROUND_MQ_EYE_STATUE_CHEST,CLEAR,Gerudo Training Ground Mq Eye Statue Chest,Campo de Entrenamiento Gerudo Mq Cofre de la Estatua de Ojo,YES,NONE,NONE,PASS
LOCATION::RC_GERUDO_TRAINING_GROUND_MQ_FLAME_CIRCLE_CHEST,CLEAR,Gerudo Training Ground Mq Flame Circle Chest,Campo de Entrenamiento Gerudo Mq Flame Circle Cofre,YES,NONE,NONE,PASS
LOCATION::RC_GERUDO_TRAINING_GROUND_MQ_SECOND_IRON_KNUCKLE_CHEST,CLEAR,Gerudo Training Ground Mq Second Iron Knuckle Chest,Campo de Entrenamiento Gerudo Mq Segundo Iron Knuckle Cofre,YES,NONE,NONE,PASS
LOCATION::RC_GERUDO_TRAINING_GROUND_MQ_DINOLFOS_CHEST,CLEAR,Gerudo Training Ground Mq Dinolfos Chest,Campo de Entrenamiento Gerudo Mq Dinolfos Cofre,YES,NONE,NONE,PASS
LOCATION::RC_GERUDO_TRAINING_GROUND_MQ_ICE_ARROWS_CHEST,CLEAR,Gerudo Training Ground Mq Ice Arrows Chest,Campo de Entrenamiento Gerudo Mq Cofre de las Flechas de Hielo,YES,NONE,NONE,PASS
LOCATION::RC_GERUDO_TRAINING_GROUND_MQ_MAZE_RIGHT_CENTRAL_CHEST,CLEAR,Gerudo Training Ground Mq Maze Right Central Chest,Campo de Entrenamiento Gerudo Mq Cofre Derecha Central del Laberinto,YES,NONE,NONE,PASS
LOCATION::RC_GERUDO_TRAINING_GROUND_MQ_MAZE_PATH_FIRST_CHEST,CLEAR,Gerudo Training Ground Mq Maze Path First Chest,Campo de Entrenamiento Gerudo Mq Cofre Primer del Camino del Laberinto,YES,NONE,NONE,PASS
LOCATION::RC_GERUDO_TRAINING_GROUND_MQ_MAZE_RIGHT_SIDE_CHEST,CLEAR,Gerudo Training Ground Mq Maze Right Side Chest,Campo de Entrenamiento Gerudo Mq Cofre Lado Derecho del Laberinto,YES,NONE,NONE,PASS
LOCATION::RC_GERUDO_TRAINING_GROUND_MQ_MAZE_PATH_THIRD_CHEST,CLEAR,Gerudo Training Ground Mq Maze Path Third Chest,Campo de Entrenamiento Gerudo Mq Cofre Tercer del Camino del Laberinto,YES,NONE,NONE,PASS
LOCATION::RC_GERUDO_TRAINING_GROUND_MQ_MAZE_PATH_SECOND_CHEST,CLEAR,Gerudo Training Ground Mq Maze Path Second Chest,Campo de Entrenamiento Gerudo Mq Cofre Segundo del Camino del Laberinto,YES,NONE,NONE,PASS
LOCATION::RC_GERUDO_TRAINING_GROUND_MQ_HIDDEN_CEILING_CHEST,CLEAR,Gerudo Training Ground Mq Hidden Ceiling Chest,Campo de Entrenamiento Gerudo Mq Cofre del Techo Oculto,YES,NONE,NONE,PASS
LOCATION::RC_GERUDO_TRAINING_GROUND_MQ_UNDERWATER_SILVER_RUPEE_CHEST,CLEAR,Gerudo Training Ground Mq Underwater Silver Rupee Chest,Campo de Entrenamiento Gerudo Mq Subterráneo Plateado Rupia Cofre,YES,NONE,NONE,PASS
LOCATION::RC_GERUDO_TRAINING_GROUND_MQ_HEAVY_BLOCK_CHEST,CLEAR,Gerudo Training Ground Mq Heavy Block Chest,Campo de Entrenamiento Gerudo Mq Bloque Pesado Cofre,YES,NONE,NONE,PASS
LOCATION::RC_GANONS_TOWER_BOSS_KEY_CHEST,CLEAR,Ganons Tower Boss Key Chest,Torre de Ganon Cofre de la Llave Jefe,YES,NONE,NONE,PASS
LOCATION::RC_GANONS_CASTLE_FOREST_TRIAL_CHEST,CLEAR,Ganons Castle Forest Trial Chest,Castillo de Ganon Bosque Prueba Cofre,YES,NONE,NONE,PASS
LOCATION::RC_GANONS_CASTLE_WATER_TRIAL_LEFT_CHEST,CLEAR,Ganons Castle Water Trial Left Chest,Castillo de Ganon Agua Prueba Izquierda Cofre,YES,NONE,NONE,PASS
LOCATION::RC_GANONS_CASTLE_WATER_TRIAL_RIGHT_CHEST,CLEAR,Ganons Castle Water Trial Right Chest,Castillo de Ganon Agua Prueba Derecha Cofre,YES,NONE,NONE,PASS
LOCATION::RC_GANONS_CASTLE_SHADOW_TRIAL_FRONT_CHEST,CLEAR,Ganons Castle Shadow Trial Front Chest,Castillo de Ganon Sombra Prueba Frente Cofre,YES,NONE,NONE,PASS
LOCATION::RC_GANONS_CASTLE_SHADOW_TRIAL_GOLDEN_GAUNTLETS_CHEST,CLEAR,Ganons Castle Shadow Trial Golden Gauntlets Chest,Castillo de Ganon Sombra Prueba Dorado Guantes Cofre,YES,NONE,NONE,PASS
LOCATION::RC_GANONS_CASTLE_SPIRIT_TRIAL_CRYSTAL_SWITCH_CHEST,CLEAR,Ganons Castle Spirit Trial Crystal Switch Chest,Castillo de Ganon Espíritu Prueba Crystal Interruptor Cofre,YES,NONE,NONE,PASS
LOCATION::RC_GANONS_CASTLE_SPIRIT_TRIAL_INVISIBLE_CHEST,CLEAR,Ganons Castle Spirit Trial Invisible Chest,Castillo de Ganon Cofre Invisible de la Prueba del Espíritu,YES,NONE,NONE,PASS
LOCATION::RC_GANONS_CASTLE_LIGHT_TRIAL_FIRST_LEFT_CHEST,CLEAR,Ganons Castle Light Trial First Left Chest,Castillo de Ganon Cofre Primer Izquierda de la Prueba de la Luz,YES,NONE,NONE,PASS
LOCATION::RC_GANONS_CASTLE_LIGHT_TRIAL_SECOND_LEFT_CHEST,CLEAR,Ganons Castle Light Trial Second Left Chest,Castillo de Ganon Cofre Segundo Izquierda de la Prueba de la Luz,YES,NONE,NONE,PASS
LOCATION::RC_GANONS_CASTLE_LIGHT_TRIAL_THIRD_LEFT_CHEST,CLEAR,Ganons Castle Light Trial Third Left Chest,Castillo de Ganon Cofre Tercer Izquierda de la Prueba de la Luz,YES,NONE,NONE,PASS
LOCATION::RC_GANONS_CASTLE_LIGHT_TRIAL_FIRST_RIGHT_CHEST,CLEAR,Ganons Castle Light Trial First Right Chest,Castillo de Ganon Cofre Primer Derecha de la Prueba de la Luz,YES,NONE,NONE,PASS
LOCATION::RC_GANONS_CASTLE_LIGHT_TRIAL_SECOND_RIGHT_CHEST,CLEAR,Ganons Castle Light Trial Second Right Chest,Castillo de Ganon Cofre Segundo Derecha de la Prueba de la Luz,YES,NONE,NONE,PASS
LOCATION::RC_GANONS_CASTLE_LIGHT_TRIAL_THIRD_RIGHT_CHEST,CLEAR,Ganons Castle Light Trial Third Right Chest,Castillo de Ganon Cofre Tercer Derecha de la Prueba de la Luz,YES,NONE,NONE,PASS
LOCATION::RC_GANONS_CASTLE_LIGHT_TRIAL_INVISIBLE_ENEMIES_CHEST,CLEAR,Ganons Castle Light Trial Invisible Enemies Chest,Castillo de Ganon Cofre de los Enemigos Invisibles de la Prueba de la Luz,YES,NONE,NONE,PASS
LOCATION::RC_GANONS_CASTLE_LIGHT_TRIAL_LULLABY_CHEST,CLEAR,Ganons Castle Light Trial Lullaby Chest,Castillo de Ganon Cofre de la Nana de la Prueba de la Luz,YES,NONE,NONE,PASS
LOCATION::RC_GANONS_CASTLE_DEKU_SCRUB_CENTER_LEFT,CLEAR,Ganons Castle Deku Scrub Center Left,Castillo de Ganon Joven Deku Centro Izquierda,YES,NONE,NONE,PASS
LOCATION::RC_GANONS_CASTLE_DEKU_SCRUB_CENTER_RIGHT,CLEAR,Ganons Castle Deku Scrub Center Right,Castillo de Ganon Joven Deku Centro Derecha,YES,NONE,NONE,PASS
LOCATION::RC_GANONS_CASTLE_DEKU_SCRUB_RIGHT,CLEAR,Ganons Castle Deku Scrub Right,Castillo de Ganon Joven Deku Derecha,YES,NONE,NONE,PASS
LOCATION::RC_GANONS_CASTLE_DEKU_SCRUB_LEFT,CLEAR,Ganons Castle Deku Scrub Left,Castillo de Ganon Joven Deku Izquierda,YES,NONE,NONE,PASS
LOCATION::RC_GANONS_CASTLE_MQ_WATER_TRIAL_CHEST,CLEAR,Ganons Castle Mq Water Trial Chest,Castillo de Ganon Mq Cofre de la Prueba del Agua,YES,NONE,NONE,PASS
LOCATION::RC_GANONS_CASTLE_MQ_FOREST_TRIAL_EYE_SWITCH_CHEST,CLEAR,Ganons Castle Mq Forest Trial Eye Switch Chest,Castillo de Ganon Mq Cofre del Interruptor de Ojo de la Prueba del Bosque,YES,NONE,NONE,PASS
LOCATION::RC_GANONS_CASTLE_MQ_FOREST_TRIAL_FROZEN_EYE_SWITCH_CHEST,CLEAR,Ganons Castle Mq Forest Trial Frozen Eye Switch Chest,Castillo de Ganon Mq Cofre del Interruptor de Ojo Congelado de la Prueba del Bosque,YES,NONE,NONE,PASS
LOCATION::RC_GANONS_CASTLE_MQ_LIGHT_TRIAL_LULLABY_CHEST,CLEAR,Ganons Castle Mq Light Trial Lullaby Chest,Castillo de Ganon Mq Cofre de la Nana de la Prueba de la Luz,YES,NONE,NONE,PASS
LOCATION::RC_GANONS_CASTLE_MQ_SHADOW_TRIAL_BOMB_FLOWER_CHEST,CLEAR,Ganons Castle Mq Shadow Trial Bomb Flower Chest,Castillo de Ganon Mq Cofre de la Flor de Bomba de la Prueba de la Sombra,YES,NONE,NONE,PASS
LOCATION::RC_GANONS_CASTLE_MQ_SHADOW_TRIAL_EYE_SWITCH_CHEST,CLEAR,Ganons Castle Mq Shadow Trial Eye Switch Chest,Castillo de Ganon Mq Cofre del Interruptor de Ojo de la Prueba de la Sombra,YES,NONE,NONE,PASS
LOCATION::RC_GANONS_CASTLE_MQ_SPIRIT_TRIAL_GOLDEN_GAUNTLETS_CHEST,CLEAR,Ganons Castle Mq Spirit Trial Golden Gauntlets Chest,Castillo de Ganon Mq Cofre de los Guantes de Oro de la Prueba del Espíritu,YES,NONE,NONE,PASS
LOCATION::RC_GANONS_CASTLE_MQ_SPIRIT_TRIAL_SUN_BACK_RIGHT_CHEST,CLEAR,Ganons Castle Mq Spirit Trial Sun Back Right Chest,Castillo de Ganon Mq Cofre Sol Atrás Derecha de la Prueba del Espíritu,YES,NONE,NONE,PASS
LOCATION::RC_GANONS_CASTLE_MQ_SPIRIT_TRIAL_SUN_BACK_LEFT_CHEST,CLEAR,Ganons Castle Mq Spirit Trial Sun Back Left Chest,Castillo de Ganon Mq Cofre Sol Atrás Izquierda de la Prueba del Espíritu,YES,NONE,NONE,PASS
LOCATION::RC_GANONS_CASTLE_MQ_SPIRIT_TRIAL_SUN_FRONT_LEFT_CHEST,CLEAR,Ganons Castle Mq Spirit Trial Sun Front Left Chest,Castillo de Ganon Mq Cofre Sol Frente Izquierda de la Prueba del Espíritu,YES,NONE,NONE,PASS
LOCATION::RC_GANONS_CASTLE_MQ_SPIRIT_TRIAL_FIRST_CHEST,CLEAR,Ganons Castle Mq Spirit Trial First Chest,Castillo de Ganon Mq Cofre Primer de la Prueba del Espíritu,YES,NONE,NONE,PASS
LOCATION::RC_GANONS_CASTLE_MQ_SPIRIT_TRIAL_INVISIBLE_CHEST,CLEAR,Ganons Castle Mq Spirit Trial Invisible Chest,Castillo de Ganon Mq Cofre Invisible de la Prueba del Espíritu,YES,NONE,NONE,PASS
LOCATION::RC_GANONS_CASTLE_MQ_FOREST_TRIAL_FREESTANDING_KEY,CLEAR,Ganons Castle Mq Forest Trial Freestanding Key,Castillo de Ganon Mq Llave Independiente de la Prueba del Bosque,YES,NONE,NONE,PASS
LOCATION::RC_GANONS_CASTLE_MQ_DEKU_SCRUB_RIGHT,CLEAR,Ganons Castle Mq Deku Scrub Right,Castillo de Ganon Mq Joven Deku Derecha,YES,NONE,NONE,PASS
LOCATION::RC_GANONS_CASTLE_MQ_DEKU_SCRUB_CENTER_LEFT,CLEAR,Ganons Castle Mq Deku Scrub Center Left,Castillo de Ganon Mq Joven Deku Centro Izquierda,YES,NONE,NONE,PASS
LOCATION::RC_GANONS_CASTLE_MQ_DEKU_SCRUB_CENTER,CLEAR,Ganons Castle Mq Deku Scrub Center,Castillo de Ganon Mq Joven Deku Centro,YES,NONE,NONE,PASS
LOCATION::RC_GANONS_CASTLE_MQ_DEKU_SCRUB_CENTER_RIGHT,CLEAR,Ganons Castle Mq Deku Scrub Center Right,Castillo de Ganon Mq Joven Deku Centro Derecha,YES,NONE,NONE,PASS
LOCATION::RC_GANONS_CASTLE_MQ_DEKU_SCRUB_LEFT,CLEAR,Ganons Castle Mq Deku Scrub Left,Castillo de Ganon Mq Joven Deku Izquierda,YES,NONE,NONE,PASS
LOCATION::RC_DEKU_TREE_GS_BASEMENT_BACK_ROOM,CLEAR,Deku Tree Gs Basement Back Room,Árbol Deku Gs Sótano Atrás Sala,YES,NONE,NONE,PASS
LOCATION::RC_DEKU_TREE_GS_BASEMENT_GATE,CLEAR,Deku Tree Gs Basement Gate,Árbol Deku Gs Sótano Puerta,YES,NONE,NONE,PASS
LOCATION::RC_DEKU_TREE_GS_BASEMENT_VINES,CLEAR,Deku Tree Gs Basement Vines,Árbol Deku Gs Sótano Enredaderas,YES,NONE,NONE,PASS
LOCATION::RC_DEKU_TREE_GS_COMPASS_ROOM,CLEAR,Deku Tree Gs Compass Room,Árbol Deku Gs Brújula Sala,YES,NONE,NONE,PASS
LOCATION::RC_DEKU_TREE_MQ_GS_LOBBY,CLEAR,Deku Tree Mq Gs Lobby,Árbol Deku Mq Gs Sala Principal,YES,NONE,NONE,PASS
LOCATION::RC_DEKU_TREE_MQ_GS_PAST_BOULDER_VINES,CLEAR,Deku Tree Mq Gs Past Boulder Vines,Árbol Deku Mq Gs Más allá de Roca Enredaderas,YES,NONE,NONE,PASS
LOCATION::RC_DEKU_TREE_MQ_GS_BASEMENT_GRAVES_ROOM,CLEAR,Deku Tree Mq Gs Basement Graves Room,Árbol Deku Mq Gs Sótano Tumbas Sala,YES,NONE,NONE,PASS
LOCATION::RC_DEKU_TREE_MQ_GS_BASEMENT_BACK_ROOM,CLEAR,Deku Tree Mq Gs Basement Back Room,Árbol Deku Mq Gs Sótano Atrás Sala,YES,NONE,NONE,PASS
LOCATION::RC_DODONGOS_CAVERN_GS_VINES_ABOVE_STAIRS,CLEAR,Dodongos Cavern Gs Vines Above Stairs,Caverna de los Dodongo Gs Enredaderas Arriba de Escaleras,YES,NONE,NONE,PASS
LOCATION::RC_DODONGOS_CAVERN_GS_SCARECROW,CLEAR,Dodongos Cavern Gs Scarecrow,Caverna de los Dodongo Gs Espantapájaros,YES,NONE,NONE,PASS
LOCATION::RC_DODONGOS_CAVERN_GS_ALCOVE_ABOVE_STAIRS,CLEAR,Dodongos Cavern Gs Alcove Above Stairs,Caverna de los Dodongo Gs Alcoba Arriba de Escaleras,YES,NONE,NONE,PASS
LOCATION::RC_DODONGOS_CAVERN_GS_BACK_ROOM,CLEAR,Dodongos Cavern Gs Back Room,Caverna de los Dodongo Gs Atrás Sala,YES,NONE,NONE,PASS
LOCATION::RC_DODONGOS_CAVERN_GS_SIDE_ROOM_NEAR_LOWER_LIZALFOS,CLEAR,Dodongos Cavern Gs Side Room Near Lower Lizalfos,Caverna de los Dodongo Gs Lateral Sala Cerca de Inferior Lizalfos,YES,NONE,NONE,PASS
LOCATION::RC_DODONGOS_CAVERN_MQ_GS_SCRUB_ROOM,CLEAR,Dodongos Cavern Mq Gs Scrub Room,Caverna de los Dodongo Mq Gs Joven Sala,YES,NONE,NONE,PASS
LOCATION::RC_DODONGOS_CAVERN_MQ_GS_SONG_OF_TIME_BLOCK_ROOM,CLEAR,Dodongos Cavern Mq Gs Song Of Time Block Room,Caverna de los Dodongo Mq Gs Canción De Tiempo Bloque Sala,YES,NONE,NONE,PASS
LOCATION::RC_DODONGOS_CAVERN_MQ_GS_LIZALFOS_ROOM,CLEAR,Dodongos Cavern Mq Gs Lizalfos Room,Caverna de los Dodongo Mq Gs Lizalfos Sala,YES,NONE,NONE,PASS
LOCATION::RC_DODONGOS_CAVERN_MQ_GS_LARVAE_ROOM,CLEAR,Dodongos Cavern Mq Gs Larvae Room,Caverna de los Dodongo Mq Gs Larvae Sala,YES,NONE,NONE,PASS
LOCATION::RC_DODONGOS_CAVERN_MQ_GS_BACK_AREA,CLEAR,Dodongos Cavern Mq Gs Back Area,Caverna de los Dodongo Mq Gs Atrás Área,YES,NONE,NONE,PASS
LOCATION::RC_JABU_JABUS_BELLY_GS_LOBBY_BASEMENT_LOWER,CLEAR,Jabu Jabus Belly Gs Lobby Basement Lower,Vientre de Jabu-Jabu Gs Sala Principal Sótano Inferior,YES,NONE,NONE,PASS
LOCATION::RC_JABU_JABUS_BELLY_GS_LOBBY_BASEMENT_UPPER,CLEAR,Jabu Jabus Belly Gs Lobby Basement Upper,Vientre de Jabu-Jabu Gs Sala Principal Sótano Superior,YES,NONE,NONE,PASS
LOCATION::RC_JABU_JABUS_BELLY_GS_NEAR_BOSS,CLEAR,Jabu Jabus Belly Gs Near Boss,Vientre de Jabu-Jabu Gs Cerca de Jefe,YES,NONE,NONE,PASS
LOCATION::RC_JABU_JABUS_BELLY_GS_WATER_SWITCH_ROOM,CLEAR,Jabu Jabus Belly Gs Water Switch Room,Vientre de Jabu-Jabu Gs Agua Interruptor Sala,YES,NONE,NONE,PASS
LOCATION::RC_JABU_JABUS_BELLY_MQ_GS_TAILPASARAN_ROOM,CLEAR,Jabu Jabus Belly Mq Gs Tailpasaran Room,Vientre de Jabu-Jabu Mq Gs Tailpasaran Sala,YES,NONE,NONE,PASS
LOCATION::RC_JABU_JABUS_BELLY_MQ_GS_INVISIBLE_ENEMIES_ROOM,CLEAR,Jabu Jabus Belly Mq Gs Invisible Enemies Room,Vientre de Jabu-Jabu Mq Gs Invisible Enemigos Sala,YES,NONE,NONE,PASS
LOCATION::RC_JABU_JABUS_BELLY_MQ_GS_BOOMERANG_CHEST_ROOM,CLEAR,Jabu Jabus Belly Mq Gs Boomerang Chest Room,Vientre de Jabu-Jabu Mq Gs Bumerán Cofre Sala,YES,NONE,NONE,PASS
LOCATION::RC_JABU_JABUS_BELLY_MQ_GS_NEAR_BOSS,CLEAR,Jabu Jabus Belly Mq Gs Near Boss,Vientre de Jabu-Jabu Mq Gs Cerca de Jefe,YES,NONE,NONE,PASS
LOCATION::RC_FOREST_TEMPLE_GS_RAISED_ISLAND_COURTYARD,CLEAR,Forest Temple Gs Raised Island Courtyard,Templo del Bosque Gs Elevado Isla Patio,YES,NONE,NONE,PASS
LOCATION::RC_FOREST_TEMPLE_GS_FIRST_ROOM,CLEAR,Forest Temple Gs First Room,Templo del Bosque Gs Primer Sala,YES,NONE,NONE,PASS
LOCATION::RC_FOREST_TEMPLE_GS_LEVEL_ISLAND_COURTYARD,CLEAR,Forest Temple Gs Level Island Courtyard,Templo del Bosque Gs Nivel Isla Patio,YES,NONE,NONE,PASS
LOCATION::RC_FOREST_TEMPLE_GS_LOBBY,CLEAR,Forest Temple Gs Lobby,Templo del Bosque Gs Sala Principal,YES,NONE,NONE,PASS
LOCATION::RC_FOREST_TEMPLE_GS_BASEMENT,CLEAR,Forest Temple Gs Basement,Templo del Bosque Gs Sótano,YES,NONE,NONE,PASS
LOCATION::RC_FOREST_TEMPLE_MQ_GS_FIRST_HALLWAY,CLEAR,Forest Temple Mq Gs First Hallway,Templo del Bosque Mq Gs Primer Pasillo,YES,NONE,NONE,PASS
LOCATION::RC_FOREST_TEMPLE_MQ_GS_BLOCK_PUSH_ROOM,CLEAR,Forest Temple Mq Gs Block Push Room,Templo del Bosque Mq Gs Bloque Empujar Sala,YES,NONE,NONE,PASS
LOCATION::RC_FOREST_TEMPLE_MQ_GS_RAISED_ISLAND_COURTYARD,CLEAR,Forest Temple Mq Gs Raised Island Courtyard,Templo del Bosque Mq Gs Elevado Isla Patio,YES,NONE,NONE,PASS
LOCATION::RC_FOREST_TEMPLE_MQ_GS_LEVEL_ISLAND_COURTYARD,CLEAR,Forest Temple Mq Gs Level Island Courtyard,Templo del Bosque Mq Gs Nivel Isla Patio,YES,NONE,NONE,PASS
LOCATION::RC_FOREST_TEMPLE_MQ_GS_WELL,CLEAR,Forest Temple Mq Gs Well,Templo del Bosque Mq Gs Pozo,YES,NONE,NONE,PASS
LOCATION::RC_FIRE_TEMPLE_GS_SONG_OF_TIME_ROOM,CLEAR,Fire Temple Gs Song Of Time Room,Templo del Fuego Gs Canción De Tiempo Sala,YES,NONE,NONE,PASS
LOCATION::RC_FIRE_TEMPLE_GS_BOSS_KEY_LOOP,CLEAR,Fire Temple Gs Boss Key Loop,Templo del Fuego Gs Jefe Llave Bucle,YES,NONE,NONE,PASS
LOCATION::RC_FIRE_TEMPLE_GS_BOULDER_MAZE,CLEAR,Fire Temple Gs Boulder Maze,Templo del Fuego Gs Roca Laberinto,YES,NONE,NONE,PASS
LOCATION::RC_FIRE_TEMPLE_GS_SCARECROW_TOP,CLEAR,Fire Temple Gs Scarecrow Top,Templo del Fuego Gs Espantapájaros Superior,YES,NONE,NONE,PASS
LOCATION::RC_FIRE_TEMPLE_GS_SCARECROW_CLIMB,CLEAR,Fire Temple Gs Scarecrow Climb,Templo del Fuego Gs Espantapájaros Escalada,YES,NONE,NONE,PASS
LOCATION::RC_FIRE_TEMPLE_MQ_GS_ABOVE_FIRE_MAZE,CLEAR,Fire Temple Mq Gs Above Fire Maze,Templo del Fuego Mq Gs Arriba de Fuego Laberinto,YES,NONE,NONE,PASS
LOCATION::RC_FIRE_TEMPLE_MQ_GS_FIRE_WALL_MAZE_CENTER,CLEAR,Fire Temple Mq Gs Fire Wall Maze Center,Templo del Fuego Mq Gs Fuego Muro Laberinto Centro,YES,NONE,NONE,PASS
LOCATION::RC_FIRE_TEMPLE_MQ_GS_BIG_LAVA_ROOM_OPEN_DOOR,CLEAR,Fire Temple Mq Gs Big Lava Room Open Door,Templo del Fuego Mq Gs Grande Lava Sala Abierta Puerta,YES,NONE,NONE,PASS
LOCATION::RC_FIRE_TEMPLE_MQ_GS_FIRE_WALL_MAZE_SIDE_ROOM,CLEAR,Fire Temple Mq Gs Fire Wall Maze Side Room,Templo del Fuego Mq Gs Fuego Muro Laberinto Lateral Sala,YES,NONE,NONE,PASS
LOCATION::RC_FIRE_TEMPLE_MQ_GS_SKULL_ON_FIRE,CLEAR,Fire Temple Mq Gs Skull On Fire,Templo del Fuego Mq Gs Cráneo En Fuego,YES,NONE,NONE,PASS
LOCATION::RC_WATER_TEMPLE_GS_BEHIND_GATE,CLEAR,Water Temple Gs Behind Gate,Templo del Agua Gs Detrás de Puerta,YES,NONE,NONE,PASS
LOCATION::RC_WATER_TEMPLE_GS_FALLING_PLATFORM_ROOM,CLEAR,Water Temple Gs Falling Platform Room,Templo del Agua Gs Caída Plataforma Sala,YES,NONE,NONE,PASS
LOCATION::RC_WATER_TEMPLE_GS_CENTRAL_PILLAR,CLEAR,Water Temple Gs Central Pillar,Templo del Agua Gs Central Pilar,YES,NONE,NONE,PASS
LOCATION::RC_WATER_TEMPLE_GS_NEAR_BOSS_KEY_CHEST,CLEAR,Water Temple Gs Near Boss Key Chest,Templo del Agua Gs Cerca de Jefe Llave Cofre,YES,NONE,NONE,PASS
LOCATION::RC_WATER_TEMPLE_GS_RIVER,CLEAR,Water Temple Gs River,Templo del Agua Gs Río,YES,NONE,NONE,PASS
LOCATION::RC_WATER_TEMPLE_MQ_GS_BEFORE_UPPER_WATER_SWITCH,CLEAR,Water Temple Mq Gs Before Upper Water Switch,Templo del Agua Mq Gs Antes de Superior Agua Interruptor,YES,NONE,NONE,PASS
LOCATION::RC_WATER_TEMPLE_MQ_GS_FREESTANDING_KEY_AREA,CLEAR,Water Temple Mq Gs Freestanding Key Area,Templo del Agua Mq Gs Independiente Llave Área,YES,NONE,NONE,PASS
LOCATION::RC_WATER_TEMPLE_MQ_GS_LIZALFOS_HALLWAY,CLEAR,Water Temple Mq Gs Lizalfos Hallway,Templo del Agua Mq Gs Lizalfos Pasillo,YES,NONE,NONE,PASS
LOCATION::RC_WATER_TEMPLE_MQ_GS_RIVER,CLEAR,Water Temple Mq Gs River,Templo del Agua Mq Gs Río,YES,NONE,NONE,PASS
LOCATION::RC_WATER_TEMPLE_MQ_GS_TRIPLE_WALL_TORCH,CLEAR,Water Temple Mq Gs Triple Wall Torch,Templo del Agua Mq Gs Triple Muro Antorcha,YES,NONE,NONE,PASS
LOCATION::RC_SPIRIT_TEMPLE_GS_HALL_AFTER_SUN_BLOCK_ROOM,CLEAR,Spirit Temple Gs Hall After Sun Block Room,Templo del Espíritu Gs Hall Después de Sol Bloque Sala,YES,NONE,NONE,PASS
LOCATION::RC_SPIRIT_TEMPLE_GS_BOULDER_ROOM,CLEAR,Spirit Temple Gs Boulder Room,Templo del Espíritu Gs Roca Sala,YES,NONE,NONE,PASS
LOCATION::RC_SPIRIT_TEMPLE_GS_LOBBY,CLEAR,Spirit Temple Gs Lobby,Templo del Espíritu Gs Sala Principal,YES,NONE,NONE,PASS
LOCATION::RC_SPIRIT_TEMPLE_GS_SUN_ON_FLOOR_ROOM,CLEAR,Spirit Temple Gs Sun On Floor Room,Templo del Espíritu Gs Sol En Suelo Sala,YES,NONE,NONE,PASS
LOCATION::RC_SPIRIT_TEMPLE_GS_METAL_FENCE,CLEAR,Spirit Temple Gs Metal Fence,Templo del Espíritu Gs Metálico Cerca,YES,NONE,NONE,PASS
LOCATION::RC_SPIRIT_TEMPLE_MQ_GS_SYMPHONY_ROOM,CLEAR,Spirit Temple Mq Gs Symphony Room,Templo del Espíritu Mq Gs Sinfonía Sala,YES,NONE,NONE,PASS
LOCATION::RC_SPIRIT_TEMPLE_MQ_GS_LEEVER_ROOM,CLEAR,Spirit Temple Mq Gs Leever Room,Templo del Espíritu Mq Gs Leever Sala,YES,NONE,NONE,PASS
LOCATION::RC_SPIRIT_TEMPLE_MQ_GS_NINE_THRONES_ROOM_WEST,CLEAR,Spirit Temple Mq Gs Nine Thrones Room West,Templo del Espíritu Mq Gs Nueve Tronos Sala Oeste,YES,NONE,NONE,PASS
LOCATION::RC_SPIRIT_TEMPLE_MQ_GS_NINE_THRONES_ROOM_NORTH,CLEAR,Spirit Temple Mq Gs Nine Thrones Room North,Templo del Espíritu Mq Gs Nueve Tronos Sala Norte,YES,NONE,NONE,PASS
LOCATION::RC_SPIRIT_TEMPLE_MQ_GS_SUN_BLOCK_ROOM,CLEAR,Spirit Temple Mq Gs Sun Block Room,Templo del Espíritu Mq Gs Sol Bloque Sala,YES,NONE,NONE,PASS
LOCATION::RC_SHADOW_TEMPLE_GS_SINGLE_GIANT_POT,CLEAR,Shadow Temple Gs Single Giant Pot,Templo de la Sombra Gs Simple Gigante Maceta,YES,NONE,NONE,PASS
LOCATION::RC_SHADOW_TEMPLE_GS_FALLING_SPIKES_ROOM,CLEAR,Shadow Temple Gs Falling Spikes Room,Templo de la Sombra Gs Caída Púas Sala,YES,NONE,NONE,PASS
LOCATION::RC_SHADOW_TEMPLE_GS_TRIPLE_GIANT_POT,CLEAR,Shadow Temple Gs Triple Giant Pot,Templo de la Sombra Gs Triple Gigante Maceta,YES,NONE,NONE,PASS
LOCATION::RC_SHADOW_TEMPLE_GS_LIKE_LIKE_ROOM,CLEAR,Shadow Temple Gs Like Like Room,Templo de la Sombra Gs Like Like Sala,YES,NONE,NONE,PASS
LOCATION::RC_SHADOW_TEMPLE_GS_NEAR_SHIP,CLEAR,Shadow Temple Gs Near Ship,Templo de la Sombra Gs Cerca de Barco,YES,NONE,NONE,PASS
LOCATION::RC_SHADOW_TEMPLE_MQ_GS_FALLING_SPIKES_ROOM,CLEAR,Shadow Temple Mq Gs Falling Spikes Room,Templo de la Sombra Mq Gs Caída Púas Sala,YES,NONE,NONE,PASS
LOCATION::RC_SHADOW_TEMPLE_MQ_GS_WIND_HINT_ROOM,CLEAR,Shadow Temple Mq Gs Wind Hint Room,Templo de la Sombra Mq Gs Wind Pista Sala,YES,NONE,NONE,PASS
LOCATION::RC_SHADOW_TEMPLE_MQ_GS_AFTER_WIND,CLEAR,Shadow Temple Mq Gs After Wind,Templo de la Sombra Mq Gs Después de Wind,YES,NONE,NONE,PASS
LOCATION::RC_SHADOW_TEMPLE_MQ_GS_AFTER_SHIP,CLEAR,Shadow Temple Mq Gs After Ship,Templo de la Sombra Mq Gs Después de Barco,YES,NONE,NONE,PASS
LOCATION::RC_SHADOW_TEMPLE_MQ_GS_NEAR_BOSS,CLEAR,Shadow Temple Mq Gs Near Boss,Templo de la Sombra Mq Gs Cerca de Jefe,YES,NONE,NONE,PASS
LOCATION::RC_BOTTOM_OF_THE_WELL_GS_LIKE_LIKE_CAGE,CLEAR,Bottom Of The Well Gs Like Like Cage,Fondo del Pozo Gs Like Like Jaula,YES,NONE,NONE,PASS
LOCATION::RC_BOTTOM_OF_THE_WELL_GS_EAST_INNER_ROOM,CLEAR,Bottom Of The Well Gs East Inner Room,Fondo del Pozo Gs Este Interior Sala,YES,NONE,NONE,PASS
LOCATION::RC_BOTTOM_OF_THE_WELL_GS_WEST_INNER_ROOM,CLEAR,Bottom Of The Well Gs West Inner Room,Fondo del Pozo Gs Oeste Interior Sala,YES,NONE,NONE,PASS
LOCATION::RC_BOTTOM_OF_THE_WELL_MQ_GS_BASEMENT,CLEAR,Bottom Of The Well Mq Gs Basement,Fondo del Pozo Mq Gs Sótano,YES,NONE,NONE,PASS
LOCATION::RC_BOTTOM_OF_THE_WELL_MQ_GS_COFFIN_ROOM,CLEAR,Bottom Of The Well Mq Gs Coffin Room,Fondo del Pozo Mq Gs Ataúd Sala,YES,NONE,NONE,PASS
LOCATION::RC_BOTTOM_OF_THE_WELL_MQ_GS_WEST_INNER_ROOM,CLEAR,Bottom Of The Well Mq Gs West Inner Room,Fondo del Pozo Mq Gs Oeste Interior Sala,YES,NONE,NONE,PASS
LOCATION::RC_ICE_CAVERN_GS_PUSH_BLOCK_ROOM,CLEAR,Ice Cavern Gs Push Block Room,Caverna de Hielo Gs Empujar Bloque Sala,YES,NONE,NONE,PASS
LOCATION::RC_ICE_CAVERN_GS_SPINNING_SCYTHE_ROOM,CLEAR,Ice Cavern Gs Spinning Scythe Room,Caverna de Hielo Gs Giratorio Guadaña Sala,YES,NONE,NONE,PASS
LOCATION::RC_ICE_CAVERN_GS_HEART_PIECE_ROOM,CLEAR,Ice Cavern Gs Heart Piece Room,Caverna de Hielo Gs Corazón Pieza Sala,YES,NONE,NONE,PASS
LOCATION::RC_ICE_CAVERN_MQ_GS_SCARECROW,CLEAR,Ice Cavern Mq Gs Scarecrow,Caverna de Hielo Mq Gs Espantapájaros,YES,NONE,NONE,PASS
LOCATION::RC_ICE_CAVERN_MQ_GS_ICE_BLOCK,CLEAR,Ice Cavern Mq Gs Ice Block,Caverna de Hielo Mq Gs Hielo Bloque,YES,NONE,NONE,PASS
LOCATION::RC_ICE_CAVERN_MQ_GS_RED_ICE,CLEAR,Ice Cavern Mq Gs Red Ice,Caverna de Hielo Mq Gs Rojo Hielo,YES,NONE,NONE,PASS
LOCATION::RC_KF_GS_BEAN_PATCH,CLEAR,Kf Gs Bean Patch,Bosque Kokiri Gs Bean Patch,YES,NONE,NONE,PASS
LOCATION::RC_KF_GS_KNOW_IT_ALL_HOUSE,CLEAR,Kf Gs Know It All House,Bosque Kokiri Gs Know It All Casa,YES,NONE,NONE,PASS
LOCATION::RC_KF_GS_HOUSE_OF_TWINS,CLEAR,Kf Gs House Of Twins,Bosque Kokiri Gs Casa De Twins,YES,NONE,NONE,PASS
LOCATION::RC_LW_GS_BEAN_PATCH_NEAR_BRIDGE,CLEAR,Lw Gs Bean Patch Near Bridge,Bosque Perdido Gs Bean Patch Cerca de Puente,YES,NONE,NONE,PASS
LOCATION::RC_LW_GS_BEAN_PATCH_NEAR_THEATER,CLEAR,Lw Gs Bean Patch Near Theater,Bosque Perdido Gs Bean Patch Cerca de Theater,YES,NONE,NONE,PASS
LOCATION::RC_LW_GS_ABOVE_THEATER,CLEAR,Lw Gs Above Theater,Bosque Perdido Gs Arriba de Theater,YES,NONE,NONE,PASS
LOCATION::RC_SFM_GS,CLEAR,Sfm Gs,Pradera del Bosque Sagrado Gs,YES,NONE,NONE,PASS
LOCATION::RC_HF_GS_COW_GROTTO,CLEAR,Hf Gs Cow Grotto,Campo de Hyrule Gs Vaca Cueva,YES,NONE,NONE,PASS
LOCATION::RC_HF_GS_NEAR_KAK_GROTTO,CLEAR,Hf Gs Near Kak Grotto,Campo de Hyrule Gs Cerca de Kak Cueva,YES,NONE,NONE,PASS
LOCATION::RC_LH_GS_BEAN_PATCH,CLEAR,Lh Gs Bean Patch,Lago Hylia Gs Bean Patch,YES,NONE,NONE,PASS
LOCATION::RC_LH_GS_SMALL_ISLAND,CLEAR,Lh Gs Small Island,Lago Hylia Gs Pequeño Isla,YES,NONE,NONE,PASS
LOCATION::RC_LH_GS_LAB_WALL,CLEAR,Lh Gs Lab Wall,Lago Hylia Gs Laboratorio Muro,YES,NONE,NONE,PASS
LOCATION::RC_LH_GS_LAB_CRATE,CLEAR,Lh Gs Lab Crate,Lago Hylia Gs Laboratorio Cajón,YES,NONE,NONE,PASS
LOCATION::RC_LH_GS_TREE,CLEAR,Lh Gs Tree,Lago Hylia Gs Árbol,YES,NONE,NONE,PASS
LOCATION::RC_GV_GS_BEAN_PATCH,CLEAR,Gv Gs Bean Patch,Valle Gerudo Gs Bean Patch,YES,NONE,NONE,PASS
LOCATION::RC_GV_GS_SMALL_BRIDGE,CLEAR,Gv Gs Small Bridge,Valle Gerudo Gs Pequeño Puente,YES,NONE,NONE,PASS
LOCATION::RC_GV_GS_PILLAR,CLEAR,Gv Gs Pillar,Valle Gerudo Gs Pilar,YES,NONE,NONE,PASS
LOCATION::RC_GV_GS_BEHIND_TENT,CLEAR,Gv Gs Behind Tent,Valle Gerudo Gs Detrás de Tienda de campaña,YES,NONE,NONE,PASS
LOCATION::RC_GF_HBA_RANGE_GS,CLEAR,Gf Hba Range Gs,Fortaleza Gerudo Tiro con Arco a Caballo Rango Gs,YES,NONE,NONE,PASS
LOCATION::RC_GF_GS_TOP_FLOOR,CLEAR,Gf Gs Top Floor,Fortaleza Gerudo Gs Superior Suelo,YES,NONE,NONE,PASS
LOCATION::RC_WASTELAND_GS,CLEAR,Wasteland Gs,Páramo Encantado Gs,YES,NONE,NONE,PASS
LOCATION::RC_COLOSSUS_GS_BEAN_PATCH,CLEAR,Colossus Gs Bean Patch,Coloso del Desierto Gs Bean Patch,YES,NONE,NONE,PASS
LOCATION::RC_COLOSSUS_GS_HILL,CLEAR,Colossus Gs Hill,Coloso del Desierto Gs Hill,YES,NONE,NONE,PASS
LOCATION::RC_COLOSSUS_GS_TREE,CLEAR,Colossus Gs Tree,Coloso del Desierto Gs Árbol,YES,NONE,NONE,PASS
LOCATION::RC_OGC_GS,CLEAR,Ogc Gs,Fuente del Gran Deku Gs,YES,NONE,NONE,PASS
LOCATION::RC_HC_GS_STORMS_GROTTO,CLEAR,Hc Gs Storms Grotto,Castillo de Hyrule Gs Tormentas Cueva,YES,NONE,NONE,PASS
LOCATION::RC_HC_GS_TREE,CLEAR,Hc Gs Tree,Castillo de Hyrule Gs Árbol,YES,NONE,NONE,PASS
LOCATION::RC_MARKET_GS_GUARD_HOUSE,CLEAR,Market Gs Guard House,Mercado Gs Guardia Casa,YES,NONE,NONE,PASS
LOCATION::RC_KAK_GS_HOUSE_UNDER_CONSTRUCTION,CLEAR,Kak Gs House Under Construction,Kakariko Gs Casa Debajo de Construcción,YES,NONE,NONE,PASS
LOCATION::RC_KAK_GS_SKULLTULA_HOUSE,CLEAR,Kak Gs Skulltula House,Kakariko Gs Skulltula Casa,YES,NONE,NONE,PASS
LOCATION::RC_KAK_GS_GUARDS_HOUSE,CLEAR,Kak Gs Guards House,Kakariko Gs Guardias Casa,YES,NONE,NONE,PASS
LOCATION::RC_KAK_GS_TREE,CLEAR,Kak Gs Tree,Kakariko Gs Árbol,YES,NONE,NONE,PASS
LOCATION::RC_KAK_GS_WATCHTOWER,CLEAR,Kak Gs Watchtower,Kakariko Gs Torre de Vigía,YES,NONE,NONE,PASS
LOCATION::RC_KAK_GS_ABOVE_IMPAS_HOUSE,CLEAR,Kak Gs Above Impas House,Kakariko Gs Arriba de Impas Casa,YES,NONE,NONE,PASS
LOCATION::RC_GRAVEYARD_GS_WALL,CLEAR,Graveyard Gs Wall,Cementerio Gs Muro,YES,NONE,NONE,PASS
LOCATION::RC_GRAVEYARD_GS_BEAN_PATCH,CLEAR,Graveyard Gs Bean Patch,Cementerio Gs Bean Patch,YES,NONE,NONE,PASS
LOCATION::RC_DMC_GS_BEAN_PATCH,CLEAR,Dmc Gs Bean Patch,Cráter de la Montaña de la Muerte Gs Bean Patch,YES,NONE,NONE,PASS
LOCATION::RC_DMC_GS_CRATE,CLEAR,Dmc Gs Crate,Cráter de la Montaña de la Muerte Gs Cajón,YES,NONE,NONE,PASS
LOCATION::RC_DMT_GS_BEAN_PATCH,CLEAR,Dmt Gs Bean Patch,Sendero de la Montaña de la Muerte Gs Bean Patch,YES,NONE,NONE,PASS
LOCATION::RC_DMT_GS_NEAR_KAK,CLEAR,Dmt Gs Near Kak,Sendero de la Montaña de la Muerte Gs Cerca de Kak,YES,NONE,NONE,PASS
LOCATION::RC_DMT_GS_ABOVE_DODONGOS_CAVERN,CLEAR,Dmt Gs Above Dodongos Cavern,Sendero de la Montaña de la Muerte Gs Arriba de Dodongos Cavern,YES,NONE,NONE,PASS
LOCATION::RC_DMT_GS_FALLING_ROCKS_PATH,CLEAR,Dmt Gs Falling Rocks Path,Sendero de la Montaña de la Muerte Gs Caída Rocas Camino,YES,NONE,NONE,PASS
LOCATION::RC_GC_GS_CENTER_PLATFORM,CLEAR,Gc Gs Center Platform,Ciudad Goron Gs Centro Plataforma,YES,NONE,NONE,PASS
LOCATION::RC_GC_GS_BOULDER_MAZE,CLEAR,Gc Gs Boulder Maze,Ciudad Goron Gs Roca Laberinto,YES,NONE,NONE,PASS
LOCATION::RC_ZR_GS_LADDER,CLEAR,Zr Gs Ladder,Río de los Zora Gs Ladder,YES,NONE,NONE,PASS
LOCATION::RC_ZR_GS_TREE,CLEAR,Zr Gs Tree,Río de los Zora Gs Árbol,YES,NONE,NONE,PASS
LOCATION::RC_ZR_GS_ABOVE_BRIDGE,CLEAR,Zr Gs Above Bridge,Río de los Zora Gs Arriba de Puente,YES,NONE,NONE,PASS
LOCATION::RC_ZR_GS_NEAR_RAISED_GROTTOS,CLEAR,Zr Gs Near Raised Grottos,Río de los Zora Gs Cerca de Elevado Grottos,YES,NONE,NONE,PASS
LOCATION::RC_ZD_GS_FROZEN_WATERFALL,CLEAR,Zd Gs Frozen Waterfall,Dominio de los Zora Gs Congelado Cascada,YES,NONE,NONE,PASS
LOCATION::RC_ZF_GS_ABOVE_THE_LOG,CLEAR,Zf Gs Above The Log,Fuente de los Zora Gs Arriba de El Tronco,YES,NONE,NONE,PASS
LOCATION::RC_ZF_GS_HIDDEN_CAVE,CLEAR,Zf Gs Hidden Cave,Fuente de los Zora Gs Oculto Cave,YES,NONE,NONE,PASS
LOCATION::RC_ZF_GS_TREE,CLEAR,Zf Gs Tree,Fuente de los Zora Gs Árbol,YES,NONE,NONE,PASS
LOCATION::RC_LLR_GS_BACK_WALL,CLEAR,Llr Gs Back Wall,Rancho Lon Lon Gs Atrás Muro,YES,NONE,NONE,PASS
LOCATION::RC_LLR_GS_RAIN_SHED,CLEAR,Llr Gs Rain Shed,Rancho Lon Lon Gs Lluvia Shed,YES,NONE,NONE,PASS
LOCATION::RC_LLR_GS_HOUSE_WINDOW,CLEAR,Llr Gs House Window,Rancho Lon Lon Gs Casa Ventana,YES,NONE,NONE,PASS
LOCATION::RC_LLR_GS_TREE,CLEAR,Llr Gs Tree,Rancho Lon Lon Gs Árbol,YES,NONE,NONE,PASS
LOCATION::RC_LINKS_POCKET,CLEAR,Links Pocket,Bolsillo de Link,YES,NONE,NONE,PASS
LOCATION::RC_QUEEN_GOHMA,CLEAR,Queen Gohma,Reina Gohma,YES,NONE,NONE,PASS
LOCATION::RC_KING_DODONGO,CLEAR,King Dodongo,Rey Dodongo,YES,NONE,NONE,PASS
LOCATION::RC_BARINADE,CLEAR,Barinade,Barinade,YES,NONE,NONE,PASS
LOCATION::RC_PHANTOM_GANON,CLEAR,Phantom Ganon,Ganon Fantasma,YES,NONE,NONE,PASS
LOCATION::RC_VOLVAGIA,CLEAR,Volvagia,Volvagia,YES,NONE,NONE,PASS
LOCATION::RC_MORPHA,CLEAR,Morpha,Morpha,YES,NONE,NONE,PASS
LOCATION::RC_TWINROVA,CLEAR,Twinrova,Twinrova,YES,NONE,NONE,PASS
LOCATION::RC_BONGO_BONGO,CLEAR,Bongo Bongo,Bongo Bongo,YES,NONE,NONE,PASS
LOCATION::RC_GANON,CLEAR,Ganon,Ganon,YES,NONE,NONE,PASS
LOCATION::RC_GIFT_FROM_RAURU,CLEAR,Gift From Rauru,Regalo de Rauru,YES,NONE,NONE,PASS
LOCATION::RC_DEKU_TREE_QUEEN_GOHMA_HEART,CLEAR,Deku Tree Queen Gohma Heart,Árbol Deku Reina Gohma Corazón,YES,NONE,NONE,PASS
LOCATION::RC_DODONGOS_CAVERN_KING_DODONGO_HEART,CLEAR,Dodongos Cavern King Dodongo Heart,Caverna de los Dodongo Rey Dodongo Corazón,YES,NONE,NONE,PASS
LOCATION::RC_JABU_JABUS_BELLY_BARINADE_HEART,CLEAR,Jabu Jabus Belly Barinade Heart,Vientre de Jabu-Jabu Barinade Corazón,YES,NONE,NONE,PASS
LOCATION::RC_FOREST_TEMPLE_PHANTOM_GANON_HEART,CLEAR,Forest Temple Phantom Ganon Heart,Templo del Bosque Phantom Ganon Corazón,YES,NONE,NONE,PASS
LOCATION::RC_FIRE_TEMPLE_VOLVAGIA_HEART,CLEAR,Fire Temple Volvagia Heart,Templo del Fuego Volvagia Corazón,YES,NONE,NONE,PASS
LOCATION::RC_WATER_TEMPLE_MORPHA_HEART,CLEAR,Water Temple Morpha Heart,Templo del Agua Morpha Corazón,YES,NONE,NONE,PASS
LOCATION::RC_SPIRIT_TEMPLE_TWINROVA_HEART,CLEAR,Spirit Temple Twinrova Heart,Templo del Espíritu Twinrova Corazón,YES,NONE,NONE,PASS
LOCATION::RC_SHADOW_TEMPLE_BONGO_BONGO_HEART,CLEAR,Shadow Temple Bongo Bongo Heart,Templo de la Sombra Bongo Bongo Corazón,YES,NONE,NONE,PASS
LOCATION::RC_TOT_MASTER_SWORD,CLEAR,Tot Master Sword,Templo del Tiempo Espada Maestra,YES,NONE,NONE,PASS
LOCATION::RC_TOT_LIGHT_ARROWS_CUTSCENE,CLEAR,Tot Light Arrows Cutscene,Templo del Tiempo Escena de las Flechas de Luz,YES,NONE,NONE,PASS
LOCATION::RC_LW_GIFT_FROM_SARIA,CLEAR,Lw Gift From Saria,Bosque Perdido Regalo de Saria,YES,NONE,NONE,PASS
LOCATION::RC_ZF_GREAT_FAIRY_REWARD,CLEAR,Zf Great Fairy Reward,Fuente de los Zora Recompensa de la Gran Hada,YES,NONE,NONE,PASS
LOCATION::RC_HC_GREAT_FAIRY_REWARD,CLEAR,Hc Great Fairy Reward,Castillo de Hyrule Recompensa de la Gran Hada,YES,NONE,NONE,PASS
LOCATION::RC_COLOSSUS_GREAT_FAIRY_REWARD,CLEAR,Colossus Great Fairy Reward,Coloso del Desierto Recompensa de la Gran Hada,YES,NONE,NONE,PASS
LOCATION::RC_DMT_GREAT_FAIRY_REWARD,CLEAR,Dmt Great Fairy Reward,Sendero de la Montaña de la Muerte Recompensa de la Gran Hada,YES,NONE,NONE,PASS
LOCATION::RC_DMC_GREAT_FAIRY_REWARD,CLEAR,Dmc Great Fairy Reward,Cráter de la Montaña de la Muerte Recompensa de la Gran Hada,YES,NONE,NONE,PASS
LOCATION::RC_OGC_GREAT_FAIRY_REWARD,CLEAR,Ogc Great Fairy Reward,Fuente del Gran Deku Recompensa de la Gran Hada,YES,NONE,NONE,PASS
LOCATION::RC_KF_SHOP_ITEM_1,CLEAR,Kf Shop Item 1,Bosque Kokiri Tienda Objeto 1,YES,NONE,NONE,PASS
LOCATION::RC_KF_SHOP_ITEM_2,CLEAR,Kf Shop Item 2,Bosque Kokiri Tienda Objeto 2,YES,NONE,NONE,PASS
LOCATION::RC_KF_SHOP_ITEM_3,CLEAR,Kf Shop Item 3,Bosque Kokiri Tienda Objeto 3,YES,NONE,NONE,PASS
LOCATION::RC_KF_SHOP_ITEM_4,CLEAR,Kf Shop Item 4,Bosque Kokiri Tienda Objeto 4,YES,NONE,NONE,PASS
LOCATION::RC_KF_SHOP_ITEM_5,CLEAR,Kf Shop Item 5,Bosque Kokiri Tienda Objeto 5,YES,NONE,NONE,PASS
LOCATION::RC_KF_SHOP_ITEM_6,CLEAR,Kf Shop Item 6,Bosque Kokiri Tienda Objeto 6,YES,NONE,NONE,PASS
LOCATION::RC_KF_SHOP_ITEM_7,CLEAR,Kf Shop Item 7,Bosque Kokiri Tienda Objeto 7,YES,NONE,NONE,PASS
LOCATION::RC_KF_SHOP_ITEM_8,CLEAR,Kf Shop Item 8,Bosque Kokiri Tienda Objeto 8,YES,NONE,NONE,PASS
LOCATION::RC_KAK_POTION_SHOP_ITEM_1,CLEAR,Kak Potion Shop Item 1,Kakariko Poción Tienda Objeto 1,YES,NONE,NONE,PASS
LOCATION::RC_KAK_POTION_SHOP_ITEM_2,CLEAR,Kak Potion Shop Item 2,Kakariko Poción Tienda Objeto 2,YES,NONE,NONE,PASS
LOCATION::RC_KAK_POTION_SHOP_ITEM_3,CLEAR,Kak Potion Shop Item 3,Kakariko Poción Tienda Objeto 3,YES,NONE,NONE,PASS
LOCATION::RC_KAK_POTION_SHOP_ITEM_4,CLEAR,Kak Potion Shop Item 4,Kakariko Poción Tienda Objeto 4,YES,NONE,NONE,PASS
LOCATION::RC_KAK_POTION_SHOP_ITEM_5,CLEAR,Kak Potion Shop Item 5,Kakariko Poción Tienda Objeto 5,YES,NONE,NONE,PASS
LOCATION::RC_KAK_POTION_SHOP_ITEM_6,CLEAR,Kak Potion Shop Item 6,Kakariko Poción Tienda Objeto 6,YES,NONE,NONE,PASS
LOCATION::RC_KAK_POTION_SHOP_ITEM_7,CLEAR,Kak Potion Shop Item 7,Kakariko Poción Tienda Objeto 7,YES,NONE,NONE,PASS
LOCATION::RC_KAK_POTION_SHOP_ITEM_8,CLEAR,Kak Potion Shop Item 8,Kakariko Poción Tienda Objeto 8,YES,NONE,NONE,PASS
LOCATION::RC_KAK_BAZAAR_ITEM_1,CLEAR,Kak Bazaar Item 1,Kakariko Bazar Objeto 1,YES,NONE,NONE,PASS
LOCATION::RC_KAK_BAZAAR_ITEM_2,CLEAR,Kak Bazaar Item 2,Kakariko Bazar Objeto 2,YES,NONE,NONE,PASS
LOCATION::RC_KAK_BAZAAR_ITEM_3,CLEAR,Kak Bazaar Item 3,Kakariko Bazar Objeto 3,YES,NONE,NONE,PASS
LOCATION::RC_KAK_BAZAAR_ITEM_4,CLEAR,Kak Bazaar Item 4,Kakariko Bazar Objeto 4,YES,NONE,NONE,PASS
LOCATION::RC_KAK_BAZAAR_ITEM_5,CLEAR,Kak Bazaar Item 5,Kakariko Bazar Objeto 5,YES,NONE,NONE,PASS
LOCATION::RC_KAK_BAZAAR_ITEM_6,CLEAR,Kak Bazaar Item 6,Kakariko Bazar Objeto 6,YES,NONE,NONE,PASS
LOCATION::RC_KAK_BAZAAR_ITEM_7,CLEAR,Kak Bazaar Item 7,Kakariko Bazar Objeto 7,YES,NONE,NONE,PASS
LOCATION::RC_KAK_BAZAAR_ITEM_8,CLEAR,Kak Bazaar Item 8,Kakariko Bazar Objeto 8,YES,NONE,NONE,PASS
LOCATION::RC_MARKET_BOMBCHU_SHOP_ITEM_1,CLEAR,Market Bombchu Shop Item 1,Mercado Bombchu Tienda Objeto 1,YES,NONE,NONE,PASS
LOCATION::RC_MARKET_BOMBCHU_SHOP_ITEM_2,CLEAR,Market Bombchu Shop Item 2,Mercado Bombchu Tienda Objeto 2,YES,NONE,NONE,PASS
LOCATION::RC_MARKET_BOMBCHU_SHOP_ITEM_3,CLEAR,Market Bombchu Shop Item 3,Mercado Bombchu Tienda Objeto 3,YES,NONE,NONE,PASS
LOCATION::RC_MARKET_BOMBCHU_SHOP_ITEM_4,CLEAR,Market Bombchu Shop Item 4,Mercado Bombchu Tienda Objeto 4,YES,NONE,NONE,PASS
LOCATION::RC_MARKET_BOMBCHU_SHOP_ITEM_5,CLEAR,Market Bombchu Shop Item 5,Mercado Bombchu Tienda Objeto 5,YES,NONE,NONE,PASS
LOCATION::RC_MARKET_BOMBCHU_SHOP_ITEM_6,CLEAR,Market Bombchu Shop Item 6,Mercado Bombchu Tienda Objeto 6,YES,NONE,NONE,PASS
LOCATION::RC_MARKET_BOMBCHU_SHOP_ITEM_7,CLEAR,Market Bombchu Shop Item 7,Mercado Bombchu Tienda Objeto 7,YES,NONE,NONE,PASS
LOCATION::RC_MARKET_BOMBCHU_SHOP_ITEM_8,CLEAR,Market Bombchu Shop Item 8,Mercado Bombchu Tienda Objeto 8,YES,NONE,NONE,PASS
LOCATION::RC_MARKET_POTION_SHOP_ITEM_1,CLEAR,Market Potion Shop Item 1,Mercado Poción Tienda Objeto 1,YES,NONE,NONE,PASS
LOCATION::RC_MARKET_POTION_SHOP_ITEM_2,CLEAR,Market Potion Shop Item 2,Mercado Poción Tienda Objeto 2,YES,NONE,NONE,PASS
LOCATION::RC_MARKET_POTION_SHOP_ITEM_3,CLEAR,Market Potion Shop Item 3,Mercado Poción Tienda Objeto 3,YES,NONE,NONE,PASS
LOCATION::RC_MARKET_POTION_SHOP_ITEM_4,CLEAR,Market Potion Shop Item 4,Mercado Poción Tienda Objeto 4,YES,NONE,NONE,PASS
LOCATION::RC_MARKET_POTION_SHOP_ITEM_5,CLEAR,Market Potion Shop Item 5,Mercado Poción Tienda Objeto 5,YES,NONE,NONE,PASS
LOCATION::RC_MARKET_POTION_SHOP_ITEM_6,CLEAR,Market Potion Shop Item 6,Mercado Poción Tienda Objeto 6,YES,NONE,NONE,PASS
LOCATION::RC_MARKET_POTION_SHOP_ITEM_7,CLEAR,Market Potion Shop Item 7,Mercado Poción Tienda Objeto 7,YES,NONE,NONE,PASS
LOCATION::RC_MARKET_POTION_SHOP_ITEM_8,CLEAR,Market Potion Shop Item 8,Mercado Poción Tienda Objeto 8,YES,NONE,NONE,PASS
LOCATION::RC_MARKET_BAZAAR_ITEM_1,CLEAR,Market Bazaar Item 1,Mercado Bazar Objeto 1,YES,NONE,NONE,PASS
LOCATION::RC_MARKET_BAZAAR_ITEM_2,CLEAR,Market Bazaar Item 2,Mercado Bazar Objeto 2,YES,NONE,NONE,PASS
LOCATION::RC_MARKET_BAZAAR_ITEM_3,CLEAR,Market Bazaar Item 3,Mercado Bazar Objeto 3,YES,NONE,NONE,PASS
LOCATION::RC_MARKET_BAZAAR_ITEM_4,CLEAR,Market Bazaar Item 4,Mercado Bazar Objeto 4,YES,NONE,NONE,PASS
LOCATION::RC_MARKET_BAZAAR_ITEM_5,CLEAR,Market Bazaar Item 5,Mercado Bazar Objeto 5,YES,NONE,NONE,PASS
LOCATION::RC_MARKET_BAZAAR_ITEM_6,CLEAR,Market Bazaar Item 6,Mercado Bazar Objeto 6,YES,NONE,NONE,PASS
LOCATION::RC_MARKET_BAZAAR_ITEM_7,CLEAR,Market Bazaar Item 7,Mercado Bazar Objeto 7,YES,NONE,NONE,PASS
LOCATION::RC_MARKET_BAZAAR_ITEM_8,CLEAR,Market Bazaar Item 8,Mercado Bazar Objeto 8,YES,NONE,NONE,PASS
LOCATION::RC_ZD_SHOP_ITEM_1,CLEAR,Zd Shop Item 1,Dominio de los Zora Tienda Objeto 1,YES,NONE,NONE,PASS
LOCATION::RC_ZD_SHOP_ITEM_2,CLEAR,Zd Shop Item 2,Dominio de los Zora Tienda Objeto 2,YES,NONE,NONE,PASS
LOCATION::RC_ZD_SHOP_ITEM_3,CLEAR,Zd Shop Item 3,Dominio de los Zora Tienda Objeto 3,YES,NONE,NONE,PASS
LOCATION::RC_ZD_SHOP_ITEM_4,CLEAR,Zd Shop Item 4,Dominio de los Zora Tienda Objeto 4,YES,NONE,NONE,PASS
LOCATION::RC_ZD_SHOP_ITEM_5,CLEAR,Zd Shop Item 5,Dominio de los Zora Tienda Objeto 5,YES,NONE,NONE,PASS
LOCATION::RC_ZD_SHOP_ITEM_6,CLEAR,Zd Shop Item 6,Dominio de los Zora Tienda Objeto 6,YES,NONE,NONE,PASS
LOCATION::RC_ZD_SHOP_ITEM_7,CLEAR,Zd Shop Item 7,Dominio de los Zora Tienda Objeto 7,YES,NONE,NONE,PASS
LOCATION::RC_ZD_SHOP_ITEM_8,CLEAR,Zd Shop Item 8,Dominio de los Zora Tienda Objeto 8,YES,NONE,NONE,PASS
LOCATION::RC_GC_SHOP_ITEM_1,CLEAR,Gc Shop Item 1,Ciudad Goron Tienda Objeto 1,YES,NONE,NONE,PASS
LOCATION::RC_GC_SHOP_ITEM_2,CLEAR,Gc Shop Item 2,Ciudad Goron Tienda Objeto 2,YES,NONE,NONE,PASS
LOCATION::RC_GC_SHOP_ITEM_3,CLEAR,Gc Shop Item 3,Ciudad Goron Tienda Objeto 3,YES,NONE,NONE,PASS
LOCATION::RC_GC_SHOP_ITEM_4,CLEAR,Gc Shop Item 4,Ciudad Goron Tienda Objeto 4,YES,NONE,NONE,PASS
LOCATION::RC_GC_SHOP_ITEM_5,CLEAR,Gc Shop Item 5,Ciudad Goron Tienda Objeto 5,YES,NONE,NONE,PASS
LOCATION::RC_GC_SHOP_ITEM_6,CLEAR,Gc Shop Item 6,Ciudad Goron Tienda Objeto 6,YES,NONE,NONE,PASS
LOCATION::RC_GC_SHOP_ITEM_7,CLEAR,Gc Shop Item 7,Ciudad Goron Tienda Objeto 7,YES,NONE,NONE,PASS
LOCATION::RC_GC_SHOP_ITEM_8,CLEAR,Gc Shop Item 8,Ciudad Goron Tienda Objeto 8,YES,NONE,NONE,PASS
LOCATION::RC_DMC_GOSSIP_STONE,CLEAR,Dmc Gossip Stone,Cráter de la Montaña de la Muerte Piedra de los Rumores,YES,NONE,NONE,PASS
LOCATION::RC_DMT_GOSSIP_STONE,CLEAR,Dmt Gossip Stone,Sendero de la Montaña de la Muerte Piedra de los Rumores,YES,NONE,NONE,PASS
LOCATION::RC_COLOSSUS_GOSSIP_STONE,CLEAR,Colossus Gossip Stone,Coloso del Desierto Piedra de los Rumores,YES,NONE,NONE,PASS
LOCATION::RC_DODONGOS_CAVERN_GOSSIP_STONE,CLEAR,Dodongos Cavern Gossip Stone,Caverna de los Dodongo Piedra de los Rumores,YES,NONE,NONE,PASS
LOCATION::RC_GV_GOSSIP_STONE,CLEAR,Gv Gossip Stone,Valle Gerudo Piedra de los Rumores,YES,NONE,NONE,PASS
LOCATION::RC_GC_MAZE_GOSSIP_STONE,CLEAR,Gc Maze Gossip Stone,Ciudad Goron Laberinto Gossip Stone,YES,NONE,NONE,PASS
LOCATION::RC_GC_MEDIGORON_GOSSIP_STONE,CLEAR,Gc Medigoron Gossip Stone,Ciudad Goron Medigoron Gossip Stone,YES,NONE,NONE,PASS
LOCATION::RC_GRAVEYARD_GOSSIP_STONE,CLEAR,Graveyard Gossip Stone,Cementerio Gossip Stone,YES,NONE,NONE,PASS
LOCATION::RC_HC_MALON_GOSSIP_STONE,CLEAR,Hc Malon Gossip Stone,Castillo de Hyrule Malon Gossip Stone,YES,NONE,NONE,PASS
LOCATION::RC_HC_ROCK_WALL_GOSSIP_STONE,CLEAR,Hc Rock Wall Gossip Stone,Castillo de Hyrule Roca Muro Gossip Stone,YES,NONE,NONE,PASS
LOCATION::RC_HC_STORMS_GROTTO_GOSSIP_STONE,CLEAR,Hc Storms Grotto Gossip Stone,Castillo de Hyrule Cueva de las Tormentas Gossip Stone,YES,NONE,NONE,PASS
LOCATION::RC_KF_DEKU_TREE_LEFT_GOSSIP_STONE,CLEAR,Kf Deku Tree Left Gossip Stone,Bosque Kokiri Deku Árbol Izquierda Gossip Stone,YES,NONE,NONE,PASS
LOCATION::RC_KF_DEKU_TREE_RIGHT_GOSSIP_STONE,CLEAR,Kf Deku Tree Right Gossip Stone,Bosque Kokiri Deku Árbol Derecha Gossip Stone,YES,NONE,NONE,PASS
LOCATION::RC_KF_GOSSIP_STONE,CLEAR,Kf Gossip Stone,Bosque Kokiri Piedra de los Rumores,YES,NONE,NONE,PASS
LOCATION::RC_KF_STORMS_GROTTO_GOSSIP_STONE,CLEAR,Kf Storms Grotto Gossip Stone,Bosque Kokiri Cueva de las Tormentas Gossip Stone,YES,NONE,NONE,PASS
LOCATION::RC_LH_LAB_GOSSIP_STONE,CLEAR,Lh Lab Gossip Stone,Lago Hylia Laboratorio Gossip Stone,YES,NONE,NONE,PASS
LOCATION::RC_LH_SOUTHEAST_GOSSIP_STONE,CLEAR,Lh Southeast Gossip Stone,Lago Hylia Sureste Gossip Stone,YES,NONE,NONE,PASS
LOCATION::RC_LH_SOUTHWEST_GOSSIP_STONE,CLEAR,Lh Southwest Gossip Stone,Lago Hylia Suroeste Gossip Stone,YES,NONE,NONE,PASS
LOCATION::RC_LW_GOSSIP_STONE,CLEAR,Lw Gossip Stone,Bosque Perdido Piedra de los Rumores,YES,NONE,NONE,PASS
LOCATION::RC_SFM_MAZE_LOWER_GOSSIP_STONE,CLEAR,Sfm Maze Lower Gossip Stone,Pradera del Bosque Sagrado Laberinto Inferior Gossip Stone,YES,NONE,NONE,PASS
LOCATION::RC_SFM_MAZE_UPPER_GOSSIP_STONE,CLEAR,Sfm Maze Upper Gossip Stone,Pradera del Bosque Sagrado Laberinto Superior Gossip Stone,YES,NONE,NONE,PASS
LOCATION::RC_SFM_SARIA_GOSSIP_STONE,CLEAR,Sfm Saria Gossip Stone,Pradera del Bosque Sagrado Saria Gossip Stone,YES,NONE,NONE,PASS
LOCATION::RC_TOT_LEFTMOST_GOSSIP_STONE,CLEAR,Tot Leftmost Gossip Stone,Templo del Tiempo Más a la Izquierda Gossip Stone,YES,NONE,NONE,PASS
LOCATION::RC_TOT_RIGHTMOST_GOSSIP_STONE,CLEAR,Tot Rightmost Gossip Stone,Templo del Tiempo Más a la Derecha Gossip Stone,YES,NONE,NONE,PASS
LOCATION::RC_TOT_RIGHT_CENTER_GOSSIP_STONE,CLEAR,Tot Right Center Gossip Stone,Templo del Tiempo Derecha Centro Gossip Stone,YES,NONE,NONE,PASS
LOCATION::RC_TOT_LEFT_CENTER_GOSSIP_STONE,CLEAR,Tot Left Center Gossip Stone,Templo del Tiempo Izquierda Centro Gossip Stone,YES,NONE,NONE,PASS
LOCATION::RC_ZD_GOSSIP_STONE,CLEAR,Zd Gossip Stone,Dominio de los Zora Piedra de los Rumores,YES,NONE,NONE,PASS
LOCATION::RC_ZF_FAIRY_GOSSIP_STONE,CLEAR,Zf Fairy Gossip Stone,Fuente de los Zora Hada Gossip Stone,YES,NONE,NONE,PASS
LOCATION::RC_ZF_JABU_GOSSIP_STONE,CLEAR,Zf Jabu Gossip Stone,Fuente de los Zora Jabu Gossip Stone,YES,NONE,NONE,PASS
LOCATION::RC_ZR_NEAR_GROTTOS_GOSSIP_STONE,CLEAR,Zr Near Grottos Gossip Stone,Río de los Zora Cerca de Grottos Gossip Stone,YES,NONE,NONE,PASS
LOCATION::RC_ZR_NEAR_DOMAIN_GOSSIP_STONE,CLEAR,Zr Near Domain Gossip Stone,Río de los Zora Cerca del Dominio Gossip Stone,YES,NONE,NONE,PASS
LOCATION::RC_HF_COW_GROTTO_GOSSIP_STONE,CLEAR,Hf Cow Grotto Gossip Stone,Campo de Hyrule Vaca Cueva Gossip Stone,YES,NONE,NONE,PASS
LOCATION::RC_HF_NEAR_MARKET_GROTTO_GOSSIP_STONE,CLEAR,Hf Near Market Grotto Gossip Stone,Campo de Hyrule Cerca de Mercado Cueva Gossip Stone,YES,NONE,NONE,PASS
LOCATION::RC_HF_SOUTHEAST_GROTTO_GOSSIP_STONE,CLEAR,Hf Southeast Grotto Gossip Stone,Campo de Hyrule Sureste Cueva Gossip Stone,YES,NONE,NONE,PASS
LOCATION::RC_HF_OPEN_GROTTO_GOSSIP_STONE,CLEAR,Hf Open Grotto Gossip Stone,Campo de Hyrule Cueva Abierta Gossip Stone,YES,NONE,NONE,PASS
LOCATION::RC_KAK_OPEN_GROTTO_GOSSIP_STONE,CLEAR,Kak Open Grotto Gossip Stone,Kakariko Cueva Abierta Gossip Stone,YES,NONE,NONE,PASS
LOCATION::RC_ZR_OPEN_GROTTO_GOSSIP_STONE,CLEAR,Zr Open Grotto Gossip Stone,Río de los Zora Cueva Abierta Gossip Stone,YES,NONE,NONE,PASS
LOCATION::RC_LW_NEAR_SHORTCUTS_GROTTO_GOSSIP_STONE,CLEAR,Lw Near Shortcuts Grotto Gossip Stone,Bosque Perdido Cerca de Atajos Cueva Gossip Stone,YES,NONE,NONE,PASS
LOCATION::RC_DMT_STORMS_GROTTO_GOSSIP_STONE,CLEAR,Dmt Storms Grotto Gossip Stone,Sendero de la Montaña de la Muerte Cueva de las Tormentas Gossip Stone,YES,NONE,NONE,PASS
LOCATION::RC_DMC_UPPER_GROTTO_GOSSIP_STONE,CLEAR,Dmc Upper Grotto Gossip Stone,Cráter de la Montaña de la Muerte Superior Cueva Gossip Stone,YES,NONE,NONE,PASS
LOCATION::RC_GANONDORF_HINT,CLEAR,Ganondorf Hint,Pista de Ganondorf,YES,NONE,NONE,PASS
LOCATION::RC_SHEIK_HINT_GC,CLEAR,Sheik Hint Gc,Pista de Sheik Ciudad Goron,YES,NONE,NONE,PASS
LOCATION::RC_SHEIK_HINT_MQ_GC,CLEAR,Sheik Hint Mq Gc,Pista de Sheik Mq Ciudad Goron,YES,NONE,NONE,PASS
LOCATION::RC_DAMPE_HINT,CLEAR,Dampe Hint,Pista de Dampe,YES,NONE,NONE,PASS
LOCATION::RC_GREG_HINT,CLEAR,Greg Hint,Pista de Greg,YES,NONE,NONE,PASS
LOCATION::RC_SARIA_SONG_HINT,CLEAR,Saria Song Hint,Pista de la Canción de Saria,YES,NONE,NONE,PASS
LOCATION::RC_ALTAR_HINT_CHILD,CLEAR,Altar Hint Child,Pista del Altar (Niño),YES,NONE,NONE,PASS
LOCATION::RC_ALTAR_HINT_ADULT,CLEAR,Altar Hint Adult,Pista del Altar (Adulto),YES,NONE,NONE,PASS
LOCATION::RC_FISHING_POLE_HINT,CLEAR,Fishing Pole Hint,Pista de la Caña de Pescar,YES,NONE,NONE,PASS
LOCATION::RC_TOT_SHEIK_HINT,CLEAR,Tot Sheik Hint,Templo del Tiempo Pista de Sheik,YES,NONE,NONE,PASS
LOCATION::RC_MASK_SHOP_HINT,CLEAR,Mask Shop Hint,Pista de la Tienda de Máscaras,YES,NONE,NONE,PASS
LOCATION::RC_TRIFORCE_COMPLETED,CLEAR,Triforce Completed,Trifuerza Completada,YES,NONE,NONE,PASS
AREA::RCAREA_KOKIRI_FOREST,CLEAR,Kokiri Forest,Bosque Kokiri,YES,NONE,NONE,PASS
AREA::RCAREA_LOST_WOODS,CLEAR,Lost Woods,Bosque Perdido,YES,NONE,NONE,PASS
AREA::RCAREA_SACRED_FOREST_MEADOW,CLEAR,Sacred Forest Meadow,Pradera del Bosque Sagrado,YES,NONE,NONE,PASS
AREA::RCAREA_HYRULE_FIELD,CLEAR,Hyrule Field,Campo de Hyrule,YES,NONE,NONE,PASS
AREA::RCAREA_LAKE_HYLIA,CLEAR,Lake Hylia,Lago Hylia,YES,NONE,NONE,PASS
AREA::RCAREA_GERUDO_VALLEY,CLEAR,Gerudo Valley,Valle Gerudo,YES,NONE,NONE,PASS
AREA::RCAREA_GERUDO_FORTRESS,CLEAR,Gerudo Fortress,Fortaleza Gerudo,YES,NONE,NONE,PASS
AREA::RCAREA_WASTELAND,CLEAR,Haunted Wasteland,Páramo Encantado,YES,NONE,NONE,PASS
AREA::RCAREA_DESERT_COLOSSUS,CLEAR,Desert Colossus,Coloso del Desierto,YES,NONE,NONE,PASS
AREA::RCAREA_MARKET,CLEAR,Hyrule Market,Mercado de Hyrule,YES,NONE,NONE,PASS
AREA::RCAREA_HYRULE_CASTLE,CLEAR,Hyrule Castle,Castillo de Hyrule,YES,NONE,NONE,PASS
AREA::RCAREA_KAKARIKO_VILLAGE,CLEAR,Kakariko Village,Aldea Kakariko,YES,NONE,NONE,PASS
AREA::RCAREA_GRAVEYARD,CLEAR,Graveyard,Cementerio,YES,NONE,NONE,PASS
AREA::RCAREA_DEATH_MOUNTAIN_TRAIL,CLEAR,Death Mountain Trail,Sendero de la Montaña de la Muerte,YES,NONE,NONE,PASS
AREA::RCAREA_GORON_CITY,CLEAR,Goron City,Ciudad Goron,YES,NONE,NONE,PASS
AREA::RCAREA_DEATH_MOUNTAIN_CRATER,CLEAR,Death Mountain Crater,Cráter de la Montaña de la Muerte,YES,NONE,NONE,PASS
AREA::RCAREA_ZORAS_RIVER,CLEAR,Zora's River,Río de los Zora,YES,NONE,NONE,PASS
AREA::RCAREA_ZORAS_DOMAIN,CLEAR,Zora's Domain,Dominio de los Zora,YES,NONE,NONE,PASS
AREA::RCAREA_ZORAS_FOUNTAIN,CLEAR,Zora's Fountain,Fuente de los Zora,YES,NONE,NONE,PASS
AREA::RCAREA_LON_LON_RANCH,CLEAR,Lon Lon Ranch,Rancho Lon Lon,YES,NONE,NONE,PASS
AREA::RCAREA_DEKU_TREE,CLEAR,Deku Tree,Árbol Deku,YES,NONE,NONE,PASS
AREA::RCAREA_DODONGOS_CAVERN,CLEAR,Dodongo's Cavern,Caverna de los Dodongo,YES,NONE,NONE,PASS
AREA::RCAREA_JABU_JABUS_BELLY,CLEAR,Jabu Jabu's Belly,Vientre de Jabu-Jabu,YES,NONE,NONE,PASS
AREA::RCAREA_FOREST_TEMPLE,CLEAR,Forest Temple,Templo del Bosque,YES,NONE,NONE,PASS
AREA::RCAREA_FIRE_TEMPLE,CLEAR,Fire Temple,Templo del Fuego,YES,NONE,NONE,PASS
AREA::RCAREA_WATER_TEMPLE,CLEAR,Water Temple,Templo del Agua,YES,NONE,NONE,PASS
AREA::RCAREA_SPIRIT_TEMPLE,CLEAR,Spirit Temple,Templo del Espíritu,YES,NONE,NONE,PASS
AREA::RCAREA_SHADOW_TEMPLE,CLEAR,Shadow Temple,Templo de la Sombra,YES,NONE,NONE,PASS
AREA::RCAREA_BOTTOM_OF_THE_WELL,CLEAR,Bottom of the Well,Fondo del Pozo,YES,NONE,NONE,PASS
AREA::RCAREA_ICE_CAVERN,CLEAR,Ice Cavern,Caverna de Hielo,YES,NONE,NONE,PASS
AREA::RCAREA_GERUDO_TRAINING_GROUND,CLEAR,Gerudo Training Ground,Campo de Entrenamiento Gerudo,YES,NONE,NONE,PASS
AREA::RCAREA_GANONS_CASTLE,CLEAR,Ganon's Castle,Castillo de Ganon,YES,NONE,NONE,PASS
AREA::RCAREA_INVALID,CLEAR,Invalid,Inválido,YES,NONE,NONE,PASS
Rando::ICE_TRAP::L4997,JOKE,#FOOL#!,#FOOL#!,YES,NONE,NONE,PASS
Rando::ICE_TRAP::L5061,CLEAR,WINNER!,WINNER!,YES,NONE,NONE,PASS
Rando::ICE_TRAP::L5062,CLEAR,LOSER!,LOSER!,YES,NONE,NONE,PASS
Rando::ICE_TRAP::L5135,CLEAR,#Proceed#.,#Proceed#.,YES,NONE,NONE,PASS
Rando::ICE_TRAP::L5174,CLEAR,#NARR#!,#NARR#!,YES,NONE,NONE,PASS
Rando::ICE_TRAP::L5266,CLEAR,GEWINNER!,GEWINNER!,YES,NONE,NONE,PASS
Rando::ICE_TRAP::L5267,CLEAR,VERLIERER!,VERLIERER!,YES,NONE,NONE,PASS
Rando::ICE_TRAP::L5274,CLEAR,#Kacknoob#!,#Kacknoob#!,YES,NONE,NONE,PASS
Rando::ICE_TRAP::L5286,CLEAR,#Glacier#!,#Glacier#!,YES,NONE,NONE,PASS
Rando::ICE_TRAP::L5330,CLEAR,parfait.,parfait.,YES,NONE,NONE,PASS
Rando::ICE_TRAP::L5338,CLEAR,#Continue#,#Continue#,YES,NONE,NONE,PASS
