id,system,english,spanish,is_intentional_proper_noun,is_cvar_identifier,status,notes
Z_MESSAGE_OTR::L142,MAIN_GAME,\x08,\x08,NO,NO,UNTRANSLATED_RESIDUAL,Proper noun or internal CVar identifier; translation would violate engine integrity
0x00C0,MAIN_GAME,zzzzz...zzzzz...,zzzzz...zzzzz...,NO,NO,UNTRANSLATED_RESIDUAL,Proper noun or internal CVar identifier; translation would violate engine integrity
0x01A2,MAIN_GAME,01a2,01a2,NO,NO,UNTRANSLATED_RESIDUAL,Proper noun or internal CVar identifier; translation would violate engine integrity
0x01A4,MAIN_GAME,01a4,01a4,NO,NO,UNTRANSLATED_RESIDUAL,Proper noun or internal CVar identifier; translation would violate engine integrity
0x01A6,MAIN_GAME,01a6,01a6,NO,NO,UNTRANSLATED_RESIDUAL,Proper noun or internal CVar identifier; translation would violate engine integrity
0x01A8,MAIN_GAME,01a8,01a8,NO,NO,UNTRANSLATED_RESIDUAL,Proper noun or internal CVar identifier; translation would violate engine integrity
0x01AA,MAIN_GAME,01aa,01aa,NO,NO,UNTRANSLATED_RESIDUAL,Proper noun or internal CVar identifier; translation would violate engine integrity
0x01AC,MAIN_GAME,01ac,01ac,NO,NO,UNTRANSLATED_RESIDUAL,Proper noun or internal CVar identifier; translation would violate engine integrity
0x01AD,MAIN_GAME,01ad,01ad,NO,NO,UNTRANSLATED_RESIDUAL,Proper noun or internal CVar identifier; translation would violate engine integrity
0x01AE,MAIN_GAME,01ae,01ae,NO,NO,UNTRANSLATED_RESIDUAL,Proper noun or internal CVar identifier; translation would violate engine integrity
0x01AF,MAIN_GAME,01af,01af,NO,NO,UNTRANSLATED_RESIDUAL,Proper noun or internal CVar identifier; translation would violate engine integrity
0x01B0,MAIN_GAME,01b0,01b0,NO,NO,UNTRANSLATED_RESIDUAL,Proper noun or internal CVar identifier; translation would violate engine integrity
0x01B1,MAIN_GAME,01B1,01B1,NO,NO,UNTRANSLATED_RESIDUAL,Proper noun or internal CVar identifier; translation would violate engine integrity
0x023B,MAIN_GAME,....???,....???,NO,NO,UNTRANSLATED_RESIDUAL,Proper noun or internal CVar identifier; translation would violate engine integrity
0x032C,MAIN_GAME,032c,032c,NO,NO,UNTRANSLATED_RESIDUAL,Proper noun or internal CVar identifier; translation would violate engine integrity
0x0421,MAIN_GAME,0421,0421,NO,NO,UNTRANSLATED_RESIDUAL,Proper noun or internal CVar identifier; translation would violate engine integrity
0x060B,MAIN_GAME,060b,060b,NO,NO,UNTRANSLATED_RESIDUAL,Proper noun or internal CVar identifier; translation would violate engine integrity
0x062C,MAIN_GAME,062c,062c,NO,NO,UNTRANSLATED_RESIDUAL,Proper noun or internal CVar identifier; translation would violate engine integrity
0x0638,MAIN_GAME,0638,0638,NO,NO,UNTRANSLATED_RESIDUAL,Proper noun or internal CVar identifier; translation would violate engine integrity
0x063C,MAIN_GAME,063c,063c,NO,NO,UNTRANSLATED_RESIDUAL,Proper noun or internal CVar identifier; translation would violate engine integrity
0x064A,MAIN_GAME,064a,064a,NO,NO,UNTRANSLATED_RESIDUAL,Proper noun or internal CVar identifier; translation would violate engine integrity
0x064B,MAIN_GAME,064b,064b,NO,NO,UNTRANSLATED_RESIDUAL,Proper noun or internal CVar identifier; translation would violate engine integrity
0x1084,MAIN_GAME,Din...,Din...,NO,NO,UNTRANSLATED_RESIDUAL,Proper noun or internal CVar identifier; translation would violate engine integrity
0x1086,MAIN_GAME,Nayru...,Nayru...,NO,NO,UNTRANSLATED_RESIDUAL,Proper noun or internal CVar identifier; translation would violate engine integrity
0x1088,MAIN_GAME,Farore...,Farore...,NO,NO,UNTRANSLATED_RESIDUAL,Proper noun or internal CVar identifier; translation would violate engine integrity
0x204B,MAIN_GAME,Z Z Z Z Z Z Z Z Z Z Z Z Z Z Z...,Z Z Z Z Z Z Z Z Z Z Z Z Z Z Z...,NO,NO,UNTRANSLATED_RESIDUAL,Proper noun or internal CVar identifier; translation would violate engine integrity
0x2093,MAIN_GAME,2093,2093,NO,NO,UNTRANSLATED_RESIDUAL,Proper noun or internal CVar identifier; translation would violate engine integrity
0x2094,MAIN_GAME,2094,2094,NO,NO,UNTRANSLATED_RESIDUAL,Proper noun or internal CVar identifier; translation would violate engine integrity
0x2095,MAIN_GAME,2095,2095,NO,NO,UNTRANSLATED_RESIDUAL,Proper noun or internal CVar identifier; translation would violate engine integrity
0x2096,MAIN_GAME,2096,2096,NO,NO,UNTRANSLATED_RESIDUAL,Proper noun or internal CVar identifier; translation would violate engine integrity
0x2097,MAIN_GAME,2097,2097,NO,NO,UNTRANSLATED_RESIDUAL,Proper noun or internal CVar identifier; translation would violate engine integrity
0x2098,MAIN_GAME,2098,2098,NO,NO,UNTRANSLATED_RESIDUAL,Proper noun or internal CVar identifier; translation would violate engine integrity
0x2099,MAIN_GAME,2099,2099,NO,NO,UNTRANSLATED_RESIDUAL,Proper noun or internal CVar identifier; translation would violate engine integrity
0x209A,MAIN_GAME,209A,209A,NO,NO,UNTRANSLATED_RESIDUAL,Proper noun or internal CVar identifier; translation would violate engine integrity
0x209B,MAIN_GAME,209B,209B,NO,NO,UNTRANSLATED_RESIDUAL,Proper noun or internal CVar identifier; translation would violate engine integrity
0x209C,MAIN_GAME,209C,209C,NO,NO,UNTRANSLATED_RESIDUAL,Proper noun or internal CVar identifier; translation would violate engine integrity
0x209D,MAIN_GAME,209D,209D,NO,NO,UNTRANSLATED_RESIDUAL,Proper noun or internal CVar identifier; translation would violate engine integrity
0x209E,MAIN_GAME,209E,209E,NO,NO,UNTRANSLATED_RESIDUAL,Proper noun or internal CVar identifier; translation would violate engine integrity
0x209F,MAIN_GAME,209F,209F,NO,NO,UNTRANSLATED_RESIDUAL,Proper noun or internal CVar identifier; translation would violate engine integrity
0x3072,MAIN_GAME,3072,3072,NO,NO,UNTRANSLATED_RESIDUAL,Proper noun or internal CVar identifier; translation would violate engine integrity
0x3073,MAIN_GAME,3073,3073,NO,NO,UNTRANSLATED_RESIDUAL,Proper noun or internal CVar identifier; translation would violate engine integrity
0x403C,MAIN_GAME,403C,403C,NO,NO,UNTRANSLATED_RESIDUAL,Proper noun or internal CVar identifier; translation would violate engine integrity
0x403D,MAIN_GAME,403D,403D,NO,NO,UNTRANSLATED_RESIDUAL,Proper noun or internal CVar identifier; translation would violate engine integrity
0x4040,MAIN_GAME,4040,4040,NO,NO,UNTRANSLATED_RESIDUAL,Proper noun or internal CVar identifier; translation would violate engine integrity
0x4044,MAIN_GAME,4044,4044,NO,NO,UNTRANSLATED_RESIDUAL,Proper noun or internal CVar identifier; translation would violate engine integrity
0x506F,MAIN_GAME,506f,506f,NO,NO,UNTRANSLATED_RESIDUAL,Proper noun or internal CVar identifier; translation would violate engine integrity
0x601C,MAIN_GAME,601C,601C,NO,NO,UNTRANSLATED_RESIDUAL,Proper noun or internal CVar identifier; translation would violate engine integrity
0x6073,MAIN_GAME,6073,6073,NO,NO,UNTRANSLATED_RESIDUAL,Proper noun or internal CVar identifier; translation would violate engine integrity
0x6087,MAIN_GAME,6087,6087,NO,NO,UNTRANSLATED_RESIDUAL,Proper noun or internal CVar identifier; translation would violate engine integrity
0x6088,MAIN_GAME,6088,6088,NO,NO,UNTRANSLATED_RESIDUAL,Proper noun or internal CVar identifier; translation would violate engine integrity
0x6089,MAIN_GAME,6089,6089,NO,NO,UNTRANSLATED_RESIDUAL,Proper noun or internal CVar identifier; translation would violate engine integrity
0x608A,MAIN_GAME,608A,608A,NO,NO,UNTRANSLATED_RESIDUAL,Proper noun or internal CVar identifier; translation would violate engine integrity
0x608B,MAIN_GAME,608B,608B,NO,NO,UNTRANSLATED_RESIDUAL,Proper noun or internal CVar identifier; translation would violate engine integrity
0x608C,MAIN_GAME,608C,608C,NO,NO,UNTRANSLATED_RESIDUAL,Proper noun or internal CVar identifier; translation would violate engine integrity
0x608D,MAIN_GAME,608D,608D,NO,NO,UNTRANSLATED_RESIDUAL,Proper noun or internal CVar identifier; translation would violate engine integrity
0x608E,MAIN_GAME,608E,608E,NO,NO,UNTRANSLATED_RESIDUAL,Proper noun or internal CVar identifier; translation would violate engine integrity
0x608F,MAIN_GAME,608F,608F,NO,NO,UNTRANSLATED_RESIDUAL,Proper noun or internal CVar identifier; translation would violate engine integrity
0x7068,MAIN_GAME,7068,7068,NO,NO,UNTRANSLATED_RESIDUAL,Proper noun or internal CVar identifier; translation would violate engine integrity
0x7069,MAIN_GAME,7069,7069,NO,NO,UNTRANSLATED_RESIDUAL,Proper noun or internal CVar identifier; translation would violate engine integrity
0x706A,MAIN_GAME,706a,706a,NO,NO,UNTRANSLATED_RESIDUAL,Proper noun or internal CVar identifier; translation would violate engine integrity
0x706B,MAIN_GAME,706b,706b,NO,NO,UNTRANSLATED_RESIDUAL,Proper noun or internal CVar identifier; translation would violate engine integrity
0x7096,MAIN_GAME,Tsk Tsk.,Tsk Tsk.,NO,NO,UNTRANSLATED_RESIDUAL,Proper noun or internal CVar identifier; translation would violate engine integrity
Hint::RHT_COJIRO::145,RANDOMIZER,Cojiro,Cojiro,NO,YES,CERTIFIED_VALID_UNTRANSLATED,Proper noun or internal CVar identifier; translation would violate engine integrity
Hint::RHT_PROGRESSIVE_BOMBCHUS::229,RANDOMIZER,Bombchus,Bombchus,NO,YES,CERTIFIED_VALID_UNTRANSLATED,Proper noun or internal CVar identifier; translation would violate engine integrity
Hint::RHT_GREG_RUPEE::629,RANDOMIZER,Greg,Greg,NO,YES,CERTIFIED_VALID_UNTRANSLATED,Proper noun or internal CVar identifier; translation would violate engine integrity
Hint::RHT_EPONA::814,RANDOMIZER,Epona,Epona,YES,YES,CERTIFIED_VALID_UNTRANSLATED,Proper noun or internal CVar identifier; translation would violate engine integrity
Hint::RHT_COLOSSUS_GROTTO::273,RANDOMIZER,2 Deku Scrubs,2 Deku Scrubs,NO,YES,CERTIFIED_VALID_UNTRANSLATED,Proper noun or internal CVar identifier; translation would violate engine integrity
Hint::RHT_ZR_STORMS_GROTTO::274,RANDOMIZER,2 Deku Scrubs,2 Deku Scrubs,NO,YES,CERTIFIED_VALID_UNTRANSLATED,Proper noun or internal CVar identifier; translation would violate engine integrity
Hint::RHT_SFM_STORMS_GROTTO::275,RANDOMIZER,2 Deku Scrubs,2 Deku Scrubs,NO,YES,CERTIFIED_VALID_UNTRANSLATED,Proper noun or internal CVar identifier; translation would violate engine integrity
Hint::RHT_GV_STORMS_GROTTO::276,RANDOMIZER,2 Deku Scrubs,2 Deku Scrubs,NO,YES,CERTIFIED_VALID_UNTRANSLATED,Proper noun or internal CVar identifier; translation would violate engine integrity
Hint::RHT_LH_GROTTO::277,RANDOMIZER,3 Deku Scrubs,3 Deku Scrubs,NO,YES,CERTIFIED_VALID_UNTRANSLATED,Proper noun or internal CVar identifier; translation would violate engine integrity
Hint::RHT_DMC_HAMMER_GROTTO::278,RANDOMIZER,3 Deku Scrubs,3 Deku Scrubs,NO,YES,CERTIFIED_VALID_UNTRANSLATED,Proper noun or internal CVar identifier; translation would violate engine integrity
Hint::RHT_GC_GROTTO::279,RANDOMIZER,3 Deku Scrubs,3 Deku Scrubs,NO,YES,CERTIFIED_VALID_UNTRANSLATED,Proper noun or internal CVar identifier; translation would violate engine integrity
Hint::RHT_LLR_GROTTO::280,RANDOMIZER,3 Deku Scrubs,3 Deku Scrubs,NO,YES,CERTIFIED_VALID_UNTRANSLATED,Proper noun or internal CVar identifier; translation would violate engine integrity
Hint::RHT_JUNK39::324,RANDOMIZER,"Mweep.
--- PAGE ---
Mweep.
--- PAGE ---
Mweep.
--- PAGE ---
Mweep.
--- PAGE ---
Mweep.
--- PAGE ---
Mweep.
--- PAGE ---
Mweep.
--- PAGE ---
Mweep.
--- PAGE ---
Mweep.
--- PAGE ---
Mweep.
--- PAGE ---
Mweep.
--- PAGE ---
Mweep.","Mweep.
--- PAGE ---
Mweep.
--- PAGE ---
Mweep.
--- PAGE ---
Mweep.
--- PAGE ---
Mweep.
--- PAGE ---
Mweep.
--- PAGE ---
Mweep.
--- PAGE ---
Mweep.
--- PAGE ---
Mweep.
--- PAGE ---
Mweep.
--- PAGE ---
Mweep.
--- PAGE ---
Mweep.",NO,YES,CERTIFIED_VALID_UNTRANSLATED,Proper noun or internal CVar identifier; translation would violate engine integrity
Rando::ITEM::RG_POCKET_EGG,RANDOMIZER,Cojiro,Cojiro,NO,YES,CERTIFIED_VALID_UNTRANSLATED,Proper noun or internal CVar identifier; translation would violate engine integrity
Rando::ITEM::L269,RANDOMIZER,Bombchus (5),Bombchus (5),NO,YES,CERTIFIED_VALID_UNTRANSLATED,Proper noun or internal CVar identifier; translation would violate engine integrity
Rando::ITEM::L270,RANDOMIZER,Bombchus (10),Bombchus (10),NO,YES,CERTIFIED_VALID_UNTRANSLATED,Proper noun or internal CVar identifier; translation would violate engine integrity
Rando::ITEM::L271,RANDOMIZER,Bombchus (20),Bombchus (20),NO,YES,CERTIFIED_VALID_UNTRANSLATED,Proper noun or internal CVar identifier; translation would violate engine integrity
ENTRANCE::L111,RANDOMIZER,Gohma,Gohma,NO,YES,CERTIFIED_VALID_UNTRANSLATED,Proper noun or internal CVar identifier; translation would violate engine integrity
ENTRANCE::L139,RANDOMIZER,Phantom Ganon,Phantom Ganon,NO,YES,CERTIFIED_VALID_UNTRANSLATED,Proper noun or internal CVar identifier; translation would violate engine integrity
ENTRANCE::L188,RANDOMIZER,Bongo-Bongo,Bongo-Bongo,NO,YES,CERTIFIED_VALID_UNTRANSLATED,Proper noun or internal CVar identifier; translation would violate engine integrity
ENTRANCE::L219,RANDOMIZER,Volvagia,Volvagia,NO,YES,CERTIFIED_VALID_UNTRANSLATED,Proper noun or internal CVar identifier; translation would violate engine integrity
ENTRANCE::L259,RANDOMIZER,Barinade,Barinade,NO,YES,CERTIFIED_VALID_UNTRANSLATED,Proper noun or internal CVar identifier; translation would violate engine integrity
ENTRANCE::L311,RANDOMIZER,Morpha,Morpha,NO,YES,CERTIFIED_VALID_UNTRANSLATED,Proper noun or internal CVar identifier; translation would violate engine integrity
ENTRANCE::L368,RANDOMIZER,Twinrova,Twinrova,NO,YES,CERTIFIED_VALID_UNTRANSLATED,Proper noun or internal CVar identifier; translation would violate engine integrity
LOCATION::RC_BARINADE,RANDOMIZER,Barinade,Barinade,NO,YES,CERTIFIED_VALID_UNTRANSLATED,Proper noun or internal CVar identifier; translation would violate engine integrity
LOCATION::RC_VOLVAGIA,RANDOMIZER,Volvagia,Volvagia,NO,YES,CERTIFIED_VALID_UNTRANSLATED,Proper noun or internal CVar identifier; translation would violate engine integrity
LOCATION::RC_MORPHA,RANDOMIZER,Morpha,Morpha,NO,YES,CERTIFIED_VALID_UNTRANSLATED,Proper noun or internal CVar identifier; translation would violate engine integrity
LOCATION::RC_TWINROVA,RANDOMIZER,Twinrova,Twinrova,NO,YES,CERTIFIED_VALID_UNTRANSLATED,Proper noun or internal CVar identifier; translation would violate engine integrity
LOCATION::RC_BONGO_BONGO,RANDOMIZER,Bongo Bongo,Bongo Bongo,NO,YES,CERTIFIED_VALID_UNTRANSLATED,Proper noun or internal CVar identifier; translation would violate engine integrity
LOCATION::RC_GANON,RANDOMIZER,Ganon,Ganon,YES,YES,CERTIFIED_VALID_UNTRANSLATED,Proper noun or internal CVar identifier; translation would violate engine integrity
Rando::ICE_TRAP::L4997,RANDOMIZER,#FOOL#!,#FOOL#!,NO,YES,CERTIFIED_VALID_UNTRANSLATED,Proper noun or internal CVar identifier; translation would violate engine integrity
Rando::ICE_TRAP::L5061,RANDOMIZER,WINNER!,WINNER!,NO,YES,CERTIFIED_VALID_UNTRANSLATED,Proper noun or internal CVar identifier; translation would violate engine integrity
Rando::ICE_TRAP::L5062,RANDOMIZER,LOSER!,LOSER!,NO,YES,CERTIFIED_VALID_UNTRANSLATED,Proper noun or internal CVar identifier; translation would violate engine integrity
Rando::ICE_TRAP::L5135,RANDOMIZER,#Proceed#.,#Proceed#.,NO,YES,CERTIFIED_VALID_UNTRANSLATED,Proper noun or internal CVar identifier; translation would violate engine integrity
Rando::ICE_TRAP::L5174,RANDOMIZER,#NARR#!,#NARR#!,NO,YES,CERTIFIED_VALID_UNTRANSLATED,Proper noun or internal CVar identifier; translation would violate engine integrity
Rando::ICE_TRAP::L5266,RANDOMIZER,GEWINNER!,GEWINNER!,NO,YES,CERTIFIED_VALID_UNTRANSLATED,Proper noun or internal CVar identifier; translation would violate engine integrity
Rando::ICE_TRAP::L5267,RANDOMIZER,VERLIERER!,VERLIERER!,NO,YES,CERTIFIED_VALID_UNTRANSLATED,Proper noun or internal CVar identifier; translation would violate engine integrity
Rando::ICE_TRAP::L5274,RANDOMIZER,#Kacknoob#!,#Kacknoob#!,NO,YES,CERTIFIED_VALID_UNTRANSLATED,Proper noun or internal CVar identifier; translation would violate engine integrity
Rando::ICE_TRAP::L5286,RANDOMIZER,#Glacier#!,#Glacier#!,NO,YES,CERTIFIED_VALID_UNTRANSLATED,Proper noun or internal CVar identifier; translation would violate engine integrity
Rando::ICE_TRAP::L5330,RANDOMIZER,parfait.,parfait.,NO,YES,CERTIFIED_VALID_UNTRANSLATED,Proper noun or internal CVar identifier; translation would violate engine integrity
Rando::ICE_TRAP::L5338,RANDOMIZER,#Continue#,#Continue#,NO,YES,CERTIFIED_VALID_UNTRANSLATED,Proper noun or internal CVar identifier; translation would violate engine integrity
SOH_UI::soh::soh::SohGui::SohMenuSettings_cpp::L24,SOH_UI,Normal,Normal,NO,YES,CERTIFIED_VALID_UNTRANSLATED,Proper noun or internal CVar identifier; translation would violate engine integrity
SOH_UI::soh::soh::SohGui::SohMenuSettings_cpp::L128,SOH_UI,General,General,NO,YES,CERTIFIED_VALID_UNTRANSLATED,Proper noun or internal CVar identifier; translation would violate engine integrity
SOH_UI::soh::soh::SohGui::SohMenuSettings_cpp::L129,SOH_UI,General,General,NO,YES,CERTIFIED_VALID_UNTRANSLATED,Proper noun or internal CVar identifier; translation would violate engine integrity
SOH_UI::soh::soh::SohGui::SohMenuSettings_cpp::L156,SOH_UI,CursorVisibility,CursorVisibility,NO,YES,CERTIFIED_VALID_UNTRANSLATED,Proper noun or internal CVar identifier; translation would violate engine integrity
SOH_UI::soh::soh::SohGui::SohMenuSettings_cpp::L160,SOH_UI,CursorVisibility,CursorVisibility,NO,YES,CERTIFIED_VALID_UNTRANSLATED,Proper noun or internal CVar identifier; translation would violate engine integrity
SOH_UI::soh::soh::SohGui::SohMenuSettings_cpp::L191,SOH_UI,BootSequence,BootSequence,NO,YES,CERTIFIED_VALID_UNTRANSLATED,Proper noun or internal CVar identifier; translation would violate engine integrity
SOH_UI::soh::soh::SohGui::SohMenuSettings_cpp::L209,SOH_UI,TitleScreenTranslation,TitleScreenTranslation,NO,YES,CERTIFIED_VALID_UNTRANSLATED,Proper noun or internal CVar identifier; translation would violate engine integrity
SOH_UI::soh::soh::SohGui::SohMenuSettings_cpp::L226,SOH_UI,A11yTTS,A11yTTS,NO,YES,CERTIFIED_VALID_UNTRANSLATED,Proper noun or internal CVar identifier; translation would violate engine integrity
SOH_UI::soh::soh::SohGui::SohMenuSettings_cpp::L231,SOH_UI,A11yDisableIdleCam,A11yDisableIdleCam,NO,YES,CERTIFIED_VALID_UNTRANSLATED,Proper noun or internal CVar identifier; translation would violate engine integrity
SOH_UI::soh::soh::SohGui::SohMenuSettings_cpp::L234,SOH_UI,EXPERIMENTAL,EXPERIMENTAL,NO,YES,CERTIFIED_VALID_UNTRANSLATED,Proper noun or internal CVar identifier; translation would violate engine integrity
SOH_UI::soh::soh::SohGui::SohMenuSettings_cpp::L236,SOH_UI,ImGuiScale,ImGuiScale,NO,YES,CERTIFIED_VALID_UNTRANSLATED,Proper noun or internal CVar identifier; translation would violate engine integrity
SOH_UI::soh::soh::SohGui::SohMenuSettings_cpp::L262,SOH_UI,Audio,Audio,NO,YES,CERTIFIED_VALID_UNTRANSLATED,Proper noun or internal CVar identifier; translation would violate engine integrity
SOH_UI::soh::soh::SohGui::SohMenuSettings_cpp::L264,SOH_UI,Audio,Audio,NO,YES,CERTIFIED_VALID_UNTRANSLATED,Proper noun or internal CVar identifier; translation would violate engine integrity
SOH_UI::soh::soh::SohGui::SohMenuSettings_cpp::L355,SOH_UI,InterpolationFPS,InterpolationFPS,NO,YES,CERTIFIED_VALID_UNTRANSLATED,Proper noun or internal CVar identifier; translation would violate engine integrity
SOH_UI::soh::soh::SohGui::SohMenuSettings_cpp::L358,SOH_UI,InterpolationFPS,InterpolationFPS,NO,YES,CERTIFIED_VALID_UNTRANSLATED,Proper noun or internal CVar identifier; translation would violate engine integrity
SOH_UI::soh::soh::SohGui::SohMenuSettings_cpp::L375,SOH_UI,MatchRefreshRate,MatchRefreshRate,NO,YES,CERTIFIED_VALID_UNTRANSLATED,Proper noun or internal CVar identifier; translation would violate engine integrity
SOH_UI::soh::soh::SohGui::SohMenuSettings_cpp::L429,SOH_UI,ControllerConfiguration,ControllerConfiguration,NO,YES,CERTIFIED_VALID_UNTRANSLATED,Proper noun or internal CVar identifier; translation would violate engine integrity
SOH_UI::soh::soh::SohGui::SohMenuSettings_cpp::L448,SOH_UI,InputViewerSettings,InputViewerSettings,NO,YES,CERTIFIED_VALID_UNTRANSLATED,Proper noun or internal CVar identifier; translation would violate engine integrity
SOH_UI::soh::soh::SohGui::SohMenuSettings_cpp::L508,SOH_UI,ModMenu,ModMenu,NO,YES,CERTIFIED_VALID_UNTRANSLATED,Proper noun or internal CVar identifier; translation would violate engine integrity
SOH_UI::soh::soh::SohGui::SohMenuEnhancements_cpp::L37,SOH_UI,Normal,Normal,NO,YES,CERTIFIED_VALID_UNTRANSLATED,Proper noun or internal CVar identifier; translation would violate engine integrity
SOH_UI::soh::soh::SohGui::SohMenuEnhancements_cpp::L44,SOH_UI,Navi,Navi,YES,YES,CERTIFIED_VALID_UNTRANSLATED,Proper noun or internal CVar identifier; translation would violate engine integrity
SOH_UI::soh::soh::SohGui::SohMenuEnhancements_cpp::L45,SOH_UI,NPCs,NPCs,NO,YES,CERTIFIED_VALID_UNTRANSLATED,Proper noun or internal CVar identifier; translation would violate engine integrity
SOH_UI::soh::soh::SohGui::SohMenuEnhancements_cpp::L96,SOH_UI,OHKO,OHKO,NO,YES,CERTIFIED_VALID_UNTRANSLATED,Proper noun or internal CVar identifier; translation would violate engine integrity
SOH_UI::soh::soh::SohGui::SohMenuEnhancements_cpp::L102,SOH_UI,Jalapeño,Jalapeño,NO,YES,CERTIFIED_VALID_UNTRANSLATED,Proper noun or internal CVar identifier; translation would violate engine integrity
SOH_UI::soh::soh::SohGui::SohMenuEnhancements_cpp::L103,SOH_UI,Serrano,Serrano,NO,YES,CERTIFIED_VALID_UNTRANSLATED,Proper noun or internal CVar identifier; translation would violate engine integrity
SOH_UI::soh::soh::SohGui::SohMenuEnhancements_cpp::L104,SOH_UI,Habanero,Habanero,NO,YES,CERTIFIED_VALID_UNTRANSLATED,Proper noun or internal CVar identifier; translation would violate engine integrity
SOH_UI::soh::soh::SohGui::SohMenuEnhancements_cpp::L164,SOH_UI,RememberSaveLocation,RememberSaveLocation,NO,YES,CERTIFIED_VALID_UNTRANSLATED,Proper noun or internal CVar identifier; translation would violate engine integrity
SOH_UI::soh::soh::SohGui::SohMenuEnhancements_cpp::L171,SOH_UI,ChestSizeAndTextureMatchContents,ChestSizeAndTextureMatchContents,NO,YES,CERTIFIED_VALID_UNTRANSLATED,Proper noun or internal CVar identifier; translation would violate engine integrity
SOH_UI::soh::soh::SohGui::SohMenuEnhancements_cpp::L173,SOH_UI,ChestSizeAndTextureMatchContents,ChestSizeAndTextureMatchContents,NO,YES,CERTIFIED_VALID_UNTRANSLATED,Proper noun or internal CVar identifier; translation would violate engine integrity
SOH_UI::soh::soh::SohGui::SohMenuEnhancements_cpp::L174,SOH_UI,ChestSizeDependsStoneOfAgony,ChestSizeDependsStoneOfAgony,NO,YES,CERTIFIED_VALID_UNTRANSLATED,Proper noun or internal CVar identifier; translation would violate engine integrity
SOH_UI::soh::soh::SohGui::SohMenuEnhancements_cpp::L190,SOH_UI,ChestSizeDependsStoneOfAgony,ChestSizeDependsStoneOfAgony,NO,YES,CERTIFIED_VALID_UNTRANSLATED,Proper noun or internal CVar identifier; translation would violate engine integrity
SOH_UI::soh::soh::SohGui::SohMenuEnhancements_cpp::L192,SOH_UI,ChestSizeAndTextureMatchesContents,ChestSizeAndTextureMatchesContents,NO,YES,CERTIFIED_VALID_UNTRANSLATED,Proper noun or internal CVar identifier; translation would violate engine integrity
SOH_UI::soh::soh::SohGui::SohMenuEnhancements_cpp::L198,SOH_UI,NightGSAlwaysSpawn,NightGSAlwaysSpawn,NO,YES,CERTIFIED_VALID_UNTRANSLATED,Proper noun or internal CVar identifier; translation would violate engine integrity
SOH_UI::soh::soh::SohGui::SohMenuEnhancements_cpp::L201,SOH_UI,DayGravePull,DayGravePull,NO,YES,CERTIFIED_VALID_UNTRANSLATED,Proper noun or internal CVar identifier; translation would violate engine integrity
SOH_UI::soh::soh::SohGui::SohMenuEnhancements_cpp::L204,SOH_UI,DampeAllNight,DampeAllNight,NO,YES,CERTIFIED_VALID_UNTRANSLATED,Proper noun or internal CVar identifier; translation would violate engine integrity
SOH_UI::soh::soh::SohGui::SohMenuEnhancements_cpp::L208,SOH_UI,MarketSneak,MarketSneak,NO,YES,CERTIFIED_VALID_UNTRANSLATED,Proper noun or internal CVar identifier; translation would violate engine integrity
SOH_UI::soh::soh::SohGui::SohMenuEnhancements_cpp::L213,SOH_UI,OpenAllHours,OpenAllHours,NO,YES,CERTIFIED_VALID_UNTRANSLATED,Proper noun or internal CVar identifier; translation would violate engine integrity
SOH_UI::soh::soh::SohGui::SohMenuEnhancements_cpp::L225,SOH_UI,PauseAnyCursor,PauseAnyCursor,NO,YES,CERTIFIED_VALID_UNTRANSLATED,Proper noun or internal CVar identifier; translation would violate engine integrity
SOH_UI::soh::soh::SohGui::SohMenuEnhancements_cpp::L233,SOH_UI,PauseWarp,PauseWarp,NO,YES,CERTIFIED_VALID_UNTRANSLATED,Proper noun or internal CVar identifier; translation would violate engine integrity
SOH_UI::soh::soh::SohGui::SohMenuEnhancements_cpp::L240,SOH_UI,NaviOnL,NaviOnL,NO,YES,CERTIFIED_VALID_UNTRANSLATED,Proper noun or internal CVar identifier; translation would violate engine integrity
SOH_UI::soh::soh::SohGui::SohMenuEnhancements_cpp::L244,SOH_UI,NoInputForCredits,NoInputForCredits,NO,YES,CERTIFIED_VALID_UNTRANSLATED,Proper noun or internal CVar identifier; translation would violate engine integrity
SOH_UI::soh::soh::SohGui::SohMenuEnhancements_cpp::L250,SOH_UI,IncludeHeldInputsBufferWindow,IncludeHeldInputsBufferWindow,NO,YES,CERTIFIED_VALID_UNTRANSLATED,Proper noun or internal CVar identifier; translation would violate engine integrity
SOH_UI::soh::soh::SohGui::SohMenuEnhancements_cpp::L256,SOH_UI,PauseBufferWindow,PauseBufferWindow,NO,YES,CERTIFIED_VALID_UNTRANSLATED,Proper noun or internal CVar identifier; translation would violate engine integrity
SOH_UI::soh::soh::SohGui::SohMenuEnhancements_cpp::L289,SOH_UI,DisableCritWiggle,DisableCritWiggle,NO,YES,CERTIFIED_VALID_UNTRANSLATED,Proper noun or internal CVar identifier; translation would violate engine integrity
SOH_UI::soh::soh::SohGui::SohMenuEnhancements_cpp::L293,SOH_UI,BetterOwl,BetterOwl,NO,YES,CERTIFIED_VALID_UNTRANSLATED,Proper noun or internal CVar identifier; translation would violate engine integrity
SOH_UI::soh::soh::SohGui::SohMenuEnhancements_cpp::L299,SOH_UI,QuitFishingAtDoor,QuitFishingAtDoor,NO,YES,CERTIFIED_VALID_UNTRANSLATED,Proper noun or internal CVar identifier; translation would violate engine integrity
SOH_UI::soh::soh::SohGui::SohMenuEnhancements_cpp::L304,SOH_UI,InstantPutaway,InstantPutaway,NO,YES,CERTIFIED_VALID_UNTRANSLATED,Proper noun or internal CVar identifier; translation would violate engine integrity
SOH_UI::soh::soh::SohGui::SohMenuEnhancements_cpp::L307,SOH_UI,ResetNaviTimer,ResetNaviTimer,NO,YES,CERTIFIED_VALID_UNTRANSLATED,Proper noun or internal CVar identifier; translation would violate engine integrity
SOH_UI::soh::soh::SohGui::SohMenuEnhancements_cpp::L312,SOH_UI,CowOfTime,CowOfTime,NO,YES,CERTIFIED_VALID_UNTRANSLATED,Proper noun or internal CVar identifier; translation would violate engine integrity
SOH_UI::soh::soh::SohGui::SohMenuEnhancements_cpp::L422,SOH_UI,FastBottles,FastBottles,NO,YES,CERTIFIED_VALID_UNTRANSLATED,Proper noun or internal CVar identifier; translation would violate engine integrity
SOH_UI::soh::soh::SohGui::SohMenuEnhancements_cpp::L425,SOH_UI,FastDrops,FastDrops,NO,YES,CERTIFIED_VALID_UNTRANSLATED,Proper noun or internal CVar identifier; translation would violate engine integrity
SOH_UI::soh::soh::SohGui::SohMenuEnhancements_cpp::L434,SOH_UI,SkipText,SkipText,NO,YES,CERTIFIED_VALID_UNTRANSLATED,Proper noun or internal CVar identifier; translation would violate engine integrity
SOH_UI::soh::soh::SohGui::SohMenuEnhancements_cpp::L437,SOH_UI,TextSpeed,TextSpeed,NO,YES,CERTIFIED_VALID_UNTRANSLATED,Proper noun or internal CVar identifier; translation would violate engine integrity
SOH_UI::soh::soh::SohGui::SohMenuEnhancements_cpp::L440,SOH_UI,SlowTextSpeed,SlowTextSpeed,NO,YES,CERTIFIED_VALID_UNTRANSLATED,Proper noun or internal CVar identifier; translation would violate engine integrity
SOH_UI::soh::soh::SohGui::SohMenuEnhancements_cpp::L447,SOH_UI,FasterHeavyBlockLift,FasterHeavyBlockLift,NO,YES,CERTIFIED_VALID_UNTRANSLATED,Proper noun or internal CVar identifier; translation would violate engine integrity
SOH_UI::soh::soh::SohGui::SohMenuEnhancements_cpp::L450,SOH_UI,FasterShadowShip,FasterShadowShip,NO,YES,CERTIFIED_VALID_UNTRANSLATED,Proper noun or internal CVar identifier; translation would violate engine integrity
SOH_UI::soh::soh::SohGui::SohMenuEnhancements_cpp::L453,SOH_UI,FastChests,FastChests,NO,YES,CERTIFIED_VALID_UNTRANSLATED,Proper noun or internal CVar identifier; translation would violate engine integrity
SOH_UI::soh::soh::SohGui::SohMenuEnhancements_cpp::L457,SOH_UI,SkipSwimDeepEndAnim,SkipSwimDeepEndAnim,NO,YES,CERTIFIED_VALID_UNTRANSLATED,Proper noun or internal CVar identifier; translation would violate engine integrity
SOH_UI::soh::soh::SohGui::SohMenuEnhancements_cpp::L461,SOH_UI,FasterBottleEmpty,FasterBottleEmpty,NO,YES,CERTIFIED_VALID_UNTRANSLATED,Proper noun or internal CVar identifier; translation would violate engine integrity
SOH_UI::soh::soh::SohGui::SohMenuEnhancements_cpp::L467,SOH_UI,FasterBlockPush,FasterBlockPush,NO,YES,CERTIFIED_VALID_UNTRANSLATED,Proper noun or internal CVar identifier; translation would violate engine integrity
SOH_UI::soh::soh::SohGui::SohMenuEnhancements_cpp::L473,SOH_UI,GlitchAidingCrawlspaces,GlitchAidingCrawlspaces,NO,YES,CERTIFIED_VALID_UNTRANSLATED,Proper noun or internal CVar identifier; translation would violate engine integrity
SOH_UI::soh::soh::SohGui::SohMenuEnhancements_cpp::L478,SOH_UI,MweepSpeed,MweepSpeed,NO,YES,CERTIFIED_VALID_UNTRANSLATED,Proper noun or internal CVar identifier; translation would violate engine integrity
SOH_UI::soh::soh::SohGui::SohMenuEnhancements_cpp::L485,SOH_UI,Misc,Misc,NO,YES,CERTIFIED_VALID_UNTRANSLATED,Proper noun or internal CVar identifier; translation would violate engine integrity
SOH_UI::soh::soh::SohGui::SohMenuEnhancements_cpp::L494,SOH_UI,InstantScarecrow,InstantScarecrow,NO,YES,CERTIFIED_VALID_UNTRANSLATED,Proper noun or internal CVar identifier; translation would violate engine integrity
SOH_UI::soh::soh::SohGui::SohMenuEnhancements_cpp::L504,SOH_UI,FasterRupeeAccumulator,FasterRupeeAccumulator,NO,YES,CERTIFIED_VALID_UNTRANSLATED,Proper noun or internal CVar identifier; translation would violate engine integrity
SOH_UI::soh::soh::SohGui::SohMenuEnhancements_cpp::L507,SOH_UI,SkulltulaFreeze,SkulltulaFreeze,NO,YES,CERTIFIED_VALID_UNTRANSLATED,Proper noun or internal CVar identifier; translation would violate engine integrity
SOH_UI::soh::soh::SohGui::SohMenuEnhancements_cpp::L518,SOH_UI,SkipSaveConfirmation,SkipSaveConfirmation,NO,YES,CERTIFIED_VALID_UNTRANSLATED,Proper noun or internal CVar identifier; translation would violate engine integrity
SOH_UI::soh::soh::SohGui::SohMenuEnhancements_cpp::L521,SOH_UI,LinkDefaultName,LinkDefaultName,NO,YES,CERTIFIED_VALID_UNTRANSLATED,Proper noun or internal CVar identifier; translation would violate engine integrity
SOH_UI::soh::soh::SohGui::SohMenuEnhancements_cpp::L524,SOH_UI,FasterBeanSkull,FasterBeanSkull,NO,YES,CERTIFIED_VALID_UNTRANSLATED,Proper noun or internal CVar identifier; translation would violate engine integrity
SOH_UI::soh::soh::SohGui::SohMenuEnhancements_cpp::L528,SOH_UI,ForgeTime,ForgeTime,NO,YES,CERTIFIED_VALID_UNTRANSLATED,Proper noun or internal CVar identifier; translation would violate engine integrity
SOH_UI::soh::soh::SohGui::SohMenuEnhancements_cpp::L538,SOH_UI,Mods,Mods,NO,YES,CERTIFIED_VALID_UNTRANSLATED,Proper noun or internal CVar identifier; translation would violate engine integrity
SOH_UI::soh::soh::SohGui::SohMenuEnhancements_cpp::L540,SOH_UI,DisableBombBillboarding,DisableBombBillboarding,NO,YES,CERTIFIED_VALID_UNTRANSLATED,Proper noun or internal CVar identifier; translation would violate engine integrity
SOH_UI::soh::soh::SohGui::SohMenuEnhancements_cpp::L546,SOH_UI,DisableGrottoRotation,DisableGrottoRotation,NO,YES,CERTIFIED_VALID_UNTRANSLATED,Proper noun or internal CVar identifier; translation would violate engine integrity
SOH_UI::soh::soh::SohGui::SohMenuEnhancements_cpp::L558,SOH_UI,TextSpacing,TextSpacing,NO,YES,CERTIFIED_VALID_UNTRANSLATED,Proper noun or internal CVar identifier; translation would violate engine integrity
SOH_UI::soh::soh::SohGui::SohMenuEnhancements_cpp::L564,SOH_UI,DisableLOD,DisableLOD,NO,YES,CERTIFIED_VALID_UNTRANSLATED,Proper noun or internal CVar identifier; translation would violate engine integrity
SOH_UI::soh::soh::SohGui::SohMenuEnhancements_cpp::L569,SOH_UI,EnemyHealthBar,EnemyHealthBar,NO,YES,CERTIFIED_VALID_UNTRANSLATED,Proper noun or internal CVar identifier; translation would violate engine integrity
SOH_UI::soh::soh::SohGui::SohMenuEnhancements_cpp::L572,SOH_UI,NewDrops,NewDrops,NO,YES,CERTIFIED_VALID_UNTRANSLATED,Proper noun or internal CVar identifier; translation would violate engine integrity
SOH_UI::soh::soh::SohGui::SohMenuEnhancements_cpp::L577,SOH_UI,PauseMenuAnimatedLink,PauseMenuAnimatedLink,NO,YES,CERTIFIED_VALID_UNTRANSLATED,Proper noun or internal CVar identifier; translation would violate engine integrity
SOH_UI::soh::soh::SohGui::SohMenuEnhancements_cpp::L582,SOH_UI,EquipmentAlwaysVisible,EquipmentAlwaysVisible,NO,YES,CERTIFIED_VALID_UNTRANSLATED,Proper noun or internal CVar identifier; translation would violate engine integrity
SOH_UI::soh::soh::SohGui::SohMenuEnhancements_cpp::L587,SOH_UI,ScaleAdultEquipmentAsChild,ScaleAdultEquipmentAsChild,NO,YES,CERTIFIED_VALID_UNTRANSLATED,Proper noun or internal CVar identifier; translation would violate engine integrity
SOH_UI::soh::soh::SohGui::SohMenuEnhancements_cpp::L590,SOH_UI,EquipmentAlwaysVisible,EquipmentAlwaysVisible,NO,YES,CERTIFIED_VALID_UNTRANSLATED,Proper noun or internal CVar identifier; translation would violate engine integrity
SOH_UI::soh::soh::SohGui::SohMenuEnhancements_cpp::L596,SOH_UI,FirstPersonGauntlets,FirstPersonGauntlets,NO,YES,CERTIFIED_VALID_UNTRANSLATED,Proper noun or internal CVar identifier; translation would violate engine integrity
SOH_UI::soh::soh::SohGui::SohMenuEnhancements_cpp::L600,SOH_UI,ShowDoorLocksOnBothSides,ShowDoorLocksOnBothSides,NO,YES,CERTIFIED_VALID_UNTRANSLATED,Proper noun or internal CVar identifier; translation would violate engine integrity
SOH_UI::soh::soh::SohGui::SohMenuEnhancements_cpp::L603,SOH_UI,ToTMedallionsColors,ToTMedallionsColors,NO,YES,CERTIFIED_VALID_UNTRANSLATED,Proper noun or internal CVar identifier; translation would violate engine integrity
SOH_UI::soh::soh::SohGui::SohMenuEnhancements_cpp::L613,SOH_UI,MinimalUI,MinimalUI,NO,YES,CERTIFIED_VALID_UNTRANSLATED,Proper noun or internal CVar identifier; translation would violate engine integrity
SOH_UI::soh::soh::SohGui::SohMenuEnhancements_cpp::L617,SOH_UI,DisableTunicWarningText,DisableTunicWarningText,NO,YES,CERTIFIED_VALID_UNTRANSLATED,Proper noun or internal CVar identifier; translation would violate engine integrity
SOH_UI::soh::soh::SohGui::SohMenuEnhancements_cpp::L621,SOH_UI,RememberMapToggleState,RememberMapToggleState,NO,YES,CERTIFIED_VALID_UNTRANSLATED,Proper noun or internal CVar identifier; translation would violate engine integrity
SOH_UI::soh::soh::SohGui::SohMenuEnhancements_cpp::L627,SOH_UI,VisualAgony,VisualAgony,NO,YES,CERTIFIED_VALID_UNTRANSLATED,Proper noun or internal CVar identifier; translation would violate engine integrity
SOH_UI::soh::soh::SohGui::SohMenuEnhancements_cpp::L632,SOH_UI,NoHUDHeartAnimation,NoHUDHeartAnimation,NO,YES,CERTIFIED_VALID_UNTRANSLATED,Proper noun or internal CVar identifier; translation would violate engine integrity
SOH_UI::soh::soh::SohGui::SohMenuEnhancements_cpp::L636,SOH_UI,DrawLineupTick,DrawLineupTick,NO,YES,CERTIFIED_VALID_UNTRANSLATED,Proper noun or internal CVar identifier; translation would violate engine integrity
SOH_UI::soh::soh::SohGui::SohMenuEnhancements_cpp::L641,SOH_UI,DisableBlackBars,DisableBlackBars,NO,YES,CERTIFIED_VALID_UNTRANSLATED,Proper noun or internal CVar identifier; translation would violate engine integrity
SOH_UI::soh::soh::SohGui::SohMenuEnhancements_cpp::L647,SOH_UI,DynamicWalletIcon,DynamicWalletIcon,NO,YES,CERTIFIED_VALID_UNTRANSLATED,Proper noun or internal CVar identifier; translation would violate engine integrity
SOH_UI::soh::soh::SohGui::SohMenuEnhancements_cpp::L652,SOH_UI,AlwaysShowDungeonMinimapIcon,AlwaysShowDungeonMinimapIcon,NO,YES,CERTIFIED_VALID_UNTRANSLATED,Proper noun or internal CVar identifier; translation would violate engine integrity
SOH_UI::soh::soh::SohGui::SohMenuEnhancements_cpp::L656,SOH_UI,FileSelectMoreInfo,FileSelectMoreInfo,NO,YES,CERTIFIED_VALID_UNTRANSLATED,Proper noun or internal CVar identifier; translation would violate engine integrity
SOH_UI::soh::soh::SohGui::SohMenuEnhancements_cpp::L661,SOH_UI,BetterAmmoRendering,BetterAmmoRendering,NO,YES,CERTIFIED_VALID_UNTRANSLATED,Proper noun or internal CVar identifier; translation would violate engine integrity
SOH_UI::soh::soh::SohGui::SohMenuEnhancements_cpp::L666,SOH_UI,TimeFlowFileSelect,TimeFlowFileSelect,NO,YES,CERTIFIED_VALID_UNTRANSLATED,Proper noun or internal CVar identifier; translation would violate engine integrity
SOH_UI::soh::soh::SohGui::SohMenuEnhancements_cpp::L679,SOH_UI,RemoveSpinAttackDarkness,RemoveSpinAttackDarkness,NO,YES,CERTIFIED_VALID_UNTRANSLATED,Proper noun or internal CVar identifier; translation would violate engine integrity
SOH_UI::soh::soh::SohGui::SohMenuEnhancements_cpp::L684,SOH_UI,DisableDrawDistance,DisableDrawDistance,NO,YES,CERTIFIED_VALID_UNTRANSLATED,Proper noun or internal CVar identifier; translation would violate engine integrity
SOH_UI::soh::soh::SohGui::SohMenuEnhancements_cpp::L687,SOH_UI,DisableDrawDistance,DisableDrawDistance,NO,YES,CERTIFIED_VALID_UNTRANSLATED,Proper noun or internal CVar identifier; translation would violate engine integrity
SOH_UI::soh::soh::SohGui::SohMenuEnhancements_cpp::L688,SOH_UI,DisableKokiriDrawDistance,DisableKokiriDrawDistance,NO,YES,CERTIFIED_VALID_UNTRANSLATED,Proper noun or internal CVar identifier; translation would violate engine integrity
SOH_UI::soh::soh::SohGui::SohMenuEnhancements_cpp::L694,SOH_UI,DisableKokiriDrawDistance,DisableKokiriDrawDistance,NO,YES,CERTIFIED_VALID_UNTRANSLATED,Proper noun or internal CVar identifier; translation would violate engine integrity
SOH_UI::soh::soh::SohGui::SohMenuEnhancements_cpp::L697,SOH_UI,DisableDrawDistance,DisableDrawDistance,NO,YES,CERTIFIED_VALID_UNTRANSLATED,Proper noun or internal CVar identifier; translation would violate engine integrity
SOH_UI::soh::soh::SohGui::SohMenuEnhancements_cpp::L702,SOH_UI,WidescreenActorCulling,WidescreenActorCulling,NO,YES,CERTIFIED_VALID_UNTRANSLATED,Proper noun or internal CVar identifier; translation would violate engine integrity
SOH_UI::soh::soh::SohGui::SohMenuEnhancements_cpp::L706,SOH_UI,ExtendedCullingExcludeGlitchActors,ExtendedCullingExcludeGlitchActors,NO,YES,CERTIFIED_VALID_UNTRANSLATED,Proper noun or internal CVar identifier; translation would violate engine integrity
SOH_UI::soh::soh::SohGui::SohMenuEnhancements_cpp::L708,SOH_UI,WidescreenActorCulling,WidescreenActorCulling,NO,YES,CERTIFIED_VALID_UNTRANSLATED,Proper noun or internal CVar identifier; translation would violate engine integrity
SOH_UI::soh::soh::SohGui::SohMenuEnhancements_cpp::L709,SOH_UI,DisableDrawDistance,DisableDrawDistance,NO,YES,CERTIFIED_VALID_UNTRANSLATED,Proper noun or internal CVar identifier; translation would violate engine integrity
SOH_UI::soh::soh::SohGui::SohMenuEnhancements_cpp::L725,SOH_UI,Items,Items,NO,YES,CERTIFIED_VALID_UNTRANSLATED,Proper noun or internal CVar identifier; translation would violate engine integrity
SOH_UI::soh::soh::SohGui::SohMenuEnhancements_cpp::L731,SOH_UI,DpadEquips,DpadEquips,NO,YES,CERTIFIED_VALID_UNTRANSLATED,Proper noun or internal CVar identifier; translation would violate engine integrity
SOH_UI::soh::soh::SohGui::SohMenuEnhancements_cpp::L736,SOH_UI,AssignableTunicsAndBoots,AssignableTunicsAndBoots,NO,YES,CERTIFIED_VALID_UNTRANSLATED,Proper noun or internal CVar identifier; translation would violate engine integrity
SOH_UI::soh::soh::SohGui::SohMenuEnhancements_cpp::L741,SOH_UI,EquipmentCanBeRemoved,EquipmentCanBeRemoved,NO,YES,CERTIFIED_VALID_UNTRANSLATED,Proper noun or internal CVar identifier; translation would violate engine integrity
SOH_UI::soh::soh::SohGui::SohMenuEnhancements_cpp::L745,SOH_UI,ToggleStrength,ToggleStrength,NO,YES,CERTIFIED_VALID_UNTRANSLATED,Proper noun or internal CVar identifier; translation would violate engine integrity
SOH_UI::soh::soh::SohGui::SohMenuEnhancements_cpp::L747,SOH_UI,ToggleStrength,ToggleStrength,NO,YES,CERTIFIED_VALID_UNTRANSLATED,Proper noun or internal CVar identifier; translation would violate engine integrity
SOH_UI::soh::soh::SohGui::SohMenuEnhancements_cpp::L748,SOH_UI,StrengthDisabled,StrengthDisabled,NO,YES,CERTIFIED_VALID_UNTRANSLATED,Proper noun or internal CVar identifier; translation would violate engine integrity
SOH_UI::soh::soh::SohGui::SohMenuEnhancements_cpp::L756,SOH_UI,SwordToggle,SwordToggle,NO,YES,CERTIFIED_VALID_UNTRANSLATED,Proper noun or internal CVar identifier; translation would violate engine integrity
SOH_UI::soh::soh::SohGui::SohMenuEnhancements_cpp::L758,SOH_UI,EquipmentCanBeRemoved,EquipmentCanBeRemoved,NO,YES,CERTIFIED_VALID_UNTRANSLATED,Proper noun or internal CVar identifier; translation would violate engine integrity
SOH_UI::soh::soh::SohGui::SohMenuEnhancements_cpp::L769,SOH_UI,AskToEquip,AskToEquip,NO,YES,CERTIFIED_VALID_UNTRANSLATED,Proper noun or internal CVar identifier; translation would violate engine integrity
SOH_UI::soh::soh::SohGui::SohMenuEnhancements_cpp::L772,SOH_UI,Ocarina,Ocarina,NO,YES,CERTIFIED_VALID_UNTRANSLATED,Proper noun or internal CVar identifier; translation would violate engine integrity
SOH_UI::soh::soh::SohGui::SohMenuEnhancements_cpp::L774,SOH_UI,DpadNoDropOcarinaInput,DpadNoDropOcarinaInput,NO,YES,CERTIFIED_VALID_UNTRANSLATED,Proper noun or internal CVar identifier; translation would violate engine integrity
SOH_UI::soh::soh::SohGui::SohMenuEnhancements_cpp::L777,SOH_UI,FastOcarinaPlayback,FastOcarinaPlayback,NO,YES,CERTIFIED_VALID_UNTRANSLATED,Proper noun or internal CVar identifier; translation would violate engine integrity
SOH_UI::soh::soh::SohGui::SohMenuEnhancements_cpp::L780,SOH_UI,TimeTravel,TimeTravel,NO,YES,CERTIFIED_VALID_UNTRANSLATED,Proper noun or internal CVar identifier; translation would violate engine integrity
SOH_UI::soh::soh::SohGui::SohMenuEnhancements_cpp::L786,SOH_UI,Requirements:\n,Requirements:\n,NO,YES,CERTIFIED_VALID_UNTRANSLATED,Proper noun or internal CVar identifier; translation would violate engine integrity
SOH_UI::soh::soh::SohGui::SohMenuEnhancements_cpp::L793,SOH_UI,Masks,Masks,NO,YES,CERTIFIED_VALID_UNTRANSLATED,Proper noun or internal CVar identifier; translation would violate engine integrity
SOH_UI::soh::soh::SohGui::SohMenuEnhancements_cpp::L795,SOH_UI,MMBunnyHood,MMBunnyHood,NO,YES,CERTIFIED_VALID_UNTRANSLATED,Proper noun or internal CVar identifier; translation would violate engine integrity
SOH_UI::soh::soh::SohGui::SohMenuEnhancements_cpp::L803,SOH_UI,AdultMasks,AdultMasks,NO,YES,CERTIFIED_VALID_UNTRANSLATED,Proper noun or internal CVar identifier; translation would violate engine integrity
SOH_UI::soh::soh::SohGui::SohMenuEnhancements_cpp::L806,SOH_UI,PersistentMasks,PersistentMasks,NO,YES,CERTIFIED_VALID_UNTRANSLATED,Proper noun or internal CVar identifier; translation would violate engine integrity
SOH_UI::soh::soh::SohGui::SohMenuEnhancements_cpp::L815,SOH_UI,HideBunnyHood,HideBunnyHood,NO,YES,CERTIFIED_VALID_UNTRANSLATED,Proper noun or internal CVar identifier; translation would violate engine integrity
SOH_UI::soh::soh::SohGui::SohMenuEnhancements_cpp::L818,SOH_UI,MaskSelect,MaskSelect,NO,YES,CERTIFIED_VALID_UNTRANSLATED,Proper noun or internal CVar identifier; translation would violate engine integrity
SOH_UI::soh::soh::SohGui::SohMenuEnhancements_cpp::L824,SOH_UI,Explosives,Explosives,NO,YES,CERTIFIED_VALID_UNTRANSLATED,Proper noun or internal CVar identifier; translation would violate engine integrity
SOH_UI::soh::soh::SohGui::SohMenuEnhancements_cpp::L826,SOH_UI,NutsExplodeBombs,NutsExplodeBombs,NO,YES,CERTIFIED_VALID_UNTRANSLATED,Proper noun or internal CVar identifier; translation would violate engine integrity
SOH_UI::soh::soh::SohGui::SohMenuEnhancements_cpp::L830,SOH_UI,RemoveExplosiveLimit,RemoveExplosiveLimit,NO,YES,CERTIFIED_VALID_UNTRANSLATED,Proper noun or internal CVar identifier; translation would violate engine integrity
SOH_UI::soh::soh::SohGui::SohMenuEnhancements_cpp::L833,SOH_UI,StaticExplosionRadius,StaticExplosionRadius,NO,YES,CERTIFIED_VALID_UNTRANSLATED,Proper noun or internal CVar identifier; translation would violate engine integrity
SOH_UI::soh::soh::SohGui::SohMenuEnhancements_cpp::L838,SOH_UI,DisableFirstPersonChus,DisableFirstPersonChus,NO,YES,CERTIFIED_VALID_UNTRANSLATED,Proper noun or internal CVar identifier; translation would violate engine integrity
SOH_UI::soh::soh::SohGui::SohMenuEnhancements_cpp::L842,SOH_UI,BetterBombchuShopping,BetterBombchuShopping,NO,YES,CERTIFIED_VALID_UNTRANSLATED,Proper noun or internal CVar identifier; translation would violate engine integrity
SOH_UI::soh::soh::SohGui::SohMenuEnhancements_cpp::L853,SOH_UI,SeparateArrows,SeparateArrows,NO,YES,CERTIFIED_VALID_UNTRANSLATED,Proper noun or internal CVar identifier; translation would violate engine integrity
SOH_UI::soh::soh::SohGui::SohMenuEnhancements_cpp::L858,SOH_UI,SkipArrowAnimation,SkipArrowAnimation,NO,YES,CERTIFIED_VALID_UNTRANSLATED,Proper noun or internal CVar identifier; translation would violate engine integrity
SOH_UI::soh::soh::SohGui::SohMenuEnhancements_cpp::L861,SOH_UI,BlueFireArrows,BlueFireArrows,NO,YES,CERTIFIED_VALID_UNTRANSLATED,Proper noun or internal CVar identifier; translation would violate engine integrity
SOH_UI::soh::soh::SohGui::SohMenuEnhancements_cpp::L871,SOH_UI,SunlightArrows,SunlightArrows,NO,YES,CERTIFIED_VALID_UNTRANSLATED,Proper noun or internal CVar identifier; translation would violate engine integrity
SOH_UI::soh::soh::SohGui::SohMenuEnhancements_cpp::L881,SOH_UI,BowSlingshotAmmoFix,BowSlingshotAmmoFix,NO,YES,CERTIFIED_VALID_UNTRANSLATED,Proper noun or internal CVar identifier; translation would violate engine integrity
SOH_UI::soh::soh::SohGui::SohMenuEnhancements_cpp::L886,SOH_UI,BowReticle,BowReticle,NO,YES,CERTIFIED_VALID_UNTRANSLATED,Proper noun or internal CVar identifier; translation would violate engine integrity
SOH_UI::soh::soh::SohGui::SohMenuEnhancements_cpp::L893,SOH_UI,HookshotableReticle,HookshotableReticle,NO,YES,CERTIFIED_VALID_UNTRANSLATED,Proper noun or internal CVar identifier; translation would violate engine integrity
SOH_UI::soh::soh::SohGui::SohMenuEnhancements_cpp::L899,SOH_UI,FastBoomerang,FastBoomerang,NO,YES,CERTIFIED_VALID_UNTRANSLATED,Proper noun or internal CVar identifier; translation would violate engine integrity
SOH_UI::soh::soh::SohGui::SohMenuEnhancements_cpp::L903,SOH_UI,BoomerangFirstPerson,BoomerangFirstPerson,NO,YES,CERTIFIED_VALID_UNTRANSLATED,Proper noun or internal CVar identifier; translation would violate engine integrity
SOH_UI::soh::soh::SohGui::SohMenuEnhancements_cpp::L905,SOH_UI,BoomerangFirstPerson,BoomerangFirstPerson,NO,YES,CERTIFIED_VALID_UNTRANSLATED,Proper noun or internal CVar identifier; translation would violate engine integrity
SOH_UI::soh::soh::SohGui::SohMenuEnhancements_cpp::L906,SOH_UI,BoomerangReticle,BoomerangReticle,NO,YES,CERTIFIED_VALID_UNTRANSLATED,Proper noun or internal CVar identifier; translation would violate engine integrity
SOH_UI::soh::soh::SohGui::SohMenuEnhancements_cpp::L912,SOH_UI,BoomerangReticle,BoomerangReticle,NO,YES,CERTIFIED_VALID_UNTRANSLATED,Proper noun or internal CVar identifier; translation would violate engine integrity
SOH_UI::soh::soh::SohGui::SohMenuEnhancements_cpp::L913,SOH_UI,BoomerangFirstPerson,BoomerangFirstPerson,NO,YES,CERTIFIED_VALID_UNTRANSLATED,Proper noun or internal CVar identifier; translation would violate engine integrity
SOH_UI::soh::soh::SohGui::SohMenuEnhancements_cpp::L918,SOH_UI,BetterFarore,BetterFarore,NO,YES,CERTIFIED_VALID_UNTRANSLATED,Proper noun or internal CVar identifier; translation would violate engine integrity
SOH_UI::soh::soh::SohGui::SohMenuEnhancements_cpp::L923,SOH_UI,FastFarores,FastFarores,NO,YES,CERTIFIED_VALID_UNTRANSLATED,Proper noun or internal CVar identifier; translation would violate engine integrity
SOH_UI::soh::soh::SohGui::SohMenuEnhancements_cpp::L926,SOH_UI,Bottles,Bottles,NO,YES,CERTIFIED_VALID_UNTRANSLATED,Proper noun or internal CVar identifier; translation would violate engine integrity
SOH_UI::soh::soh::SohGui::SohMenuEnhancements_cpp::L928,SOH_UI,RebottleBlueFire,RebottleBlueFire,NO,YES,CERTIFIED_VALID_UNTRANSLATED,Proper noun or internal CVar identifier; translation would violate engine integrity
SOH_UI::soh::soh::SohGui::SohMenuEnhancements_cpp::L932,SOH_UI,Fixes,Fixes,NO,YES,CERTIFIED_VALID_UNTRANSLATED,Proper noun or internal CVar identifier; translation would violate engine integrity
SOH_UI::soh::soh::SohGui::SohMenuEnhancements_cpp::L937,SOH_UI,GravediggingTourFix,GravediggingTourFix,NO,YES,CERTIFIED_VALID_UNTRANSLATED,Proper noun or internal CVar identifier; translation would violate engine integrity
SOH_UI::soh::soh::SohGui::SohMenuEnhancements_cpp::L945,SOH_UI,FixDampeGoingBackwards,FixDampeGoingBackwards,NO,YES,CERTIFIED_VALID_UNTRANSLATED,Proper noun or internal CVar identifier; translation would violate engine integrity
SOH_UI::soh::soh::SohGui::SohMenuEnhancements_cpp::L949,SOH_UI,FixFloorSwitches,FixFloorSwitches,NO,YES,CERTIFIED_VALID_UNTRANSLATED,Proper noun or internal CVar identifier; translation would violate engine integrity
SOH_UI::soh::soh::SohGui::SohMenuEnhancements_cpp::L954,SOH_UI,FixZoraHintDialogue,FixZoraHintDialogue,NO,YES,CERTIFIED_VALID_UNTRANSLATED,Proper noun or internal CVar identifier; translation would violate engine integrity
SOH_UI::soh::soh::SohGui::SohMenuEnhancements_cpp::L959,SOH_UI,FixVineFall,FixVineFall,NO,YES,CERTIFIED_VALID_UNTRANSLATED,Proper noun or internal CVar identifier; translation would violate engine integrity
SOH_UI::soh::soh::SohGui::SohMenuEnhancements_cpp::L963,SOH_UI,BushDropFix,BushDropFix,NO,YES,CERTIFIED_VALID_UNTRANSLATED,Proper noun or internal CVar identifier; translation would violate engine integrity
SOH_UI::soh::soh::SohGui::SohMenuEnhancements_cpp::L967,SOH_UI,EnemySpawnsOverWaterboxes,EnemySpawnsOverWaterboxes,NO,YES,CERTIFIED_VALID_UNTRANSLATED,Proper noun or internal CVar identifier; translation would violate engine integrity
SOH_UI::soh::soh::SohGui::SohMenuEnhancements_cpp::L972,SOH_UI,FixSawSoftlock,FixSawSoftlock,NO,YES,CERTIFIED_VALID_UNTRANSLATED,Proper noun or internal CVar identifier; translation would violate engine integrity
SOH_UI::soh::soh::SohGui::SohMenuEnhancements_cpp::L974,SOH_UI,SkipText,SkipText,NO,YES,CERTIFIED_VALID_UNTRANSLATED,Proper noun or internal CVar identifier; translation would violate engine integrity
SOH_UI::soh::soh::SohGui::SohMenuEnhancements_cpp::L980,SOH_UI,AnubisFix,AnubisFix,NO,YES,CERTIFIED_VALID_UNTRANSLATED,Proper noun or internal CVar identifier; translation would violate engine integrity
SOH_UI::soh::soh::SohGui::SohMenuEnhancements_cpp::L986,SOH_UI,DekuNutUpgradeFix,DekuNutUpgradeFix,NO,YES,CERTIFIED_VALID_UNTRANSLATED,Proper noun or internal CVar identifier; translation would violate engine integrity
SOH_UI::soh::soh::SohGui::SohMenuEnhancements_cpp::L990,SOH_UI,CrouchStabHammerFix,CrouchStabHammerFix,NO,YES,CERTIFIED_VALID_UNTRANSLATED,Proper noun or internal CVar identifier; translation would violate engine integrity
SOH_UI::soh::soh::SohGui::SohMenuEnhancements_cpp::L992,SOH_UI,CrouchStabHammerFix,CrouchStabHammerFix,NO,YES,CERTIFIED_VALID_UNTRANSLATED,Proper noun or internal CVar identifier; translation would violate engine integrity
SOH_UI::soh::soh::SohGui::SohMenuEnhancements_cpp::L993,SOH_UI,CrouchStabFix,CrouchStabFix,NO,YES,CERTIFIED_VALID_UNTRANSLATED,Proper noun or internal CVar identifier; translation would violate engine integrity
SOH_UI::soh::soh::SohGui::SohMenuEnhancements_cpp::L999,SOH_UI,CrouchStabFix,CrouchStabFix,NO,YES,CERTIFIED_VALID_UNTRANSLATED,Proper noun or internal CVar identifier; translation would violate engine integrity
SOH_UI::soh::soh::SohGui::SohMenuEnhancements_cpp::L1001,SOH_UI,CrouchStabHammerFix,CrouchStabHammerFix,NO,YES,CERTIFIED_VALID_UNTRANSLATED,Proper noun or internal CVar identifier; translation would violate engine integrity
SOH_UI::soh::soh::SohGui::SohMenuEnhancements_cpp::L1004,SOH_UI,FixBrokenGiantsKnife,FixBrokenGiantsKnife,NO,YES,CERTIFIED_VALID_UNTRANSLATED,Proper noun or internal CVar identifier; translation would violate engine integrity
SOH_UI::soh::soh::SohGui::SohMenuEnhancements_cpp::L1023,SOH_UI,FixCameraDrift,FixCameraDrift,NO,YES,CERTIFIED_VALID_UNTRANSLATED,Proper noun or internal CVar identifier; translation would violate engine integrity
SOH_UI::soh::soh::SohGui::SohMenuEnhancements_cpp::L1027,SOH_UI,FixCameraSwing,FixCameraSwing,NO,YES,CERTIFIED_VALID_UNTRANSLATED,Proper noun or internal CVar identifier; translation would violate engine integrity
SOH_UI::soh::soh::SohGui::SohMenuEnhancements_cpp::L1032,SOH_UI,FixHangingLedgeSwingRate,FixHangingLedgeSwingRate,NO,YES,CERTIFIED_VALID_UNTRANSLATED,Proper noun or internal CVar identifier; translation would violate engine integrity
SOH_UI::soh::soh::SohGui::SohMenuEnhancements_cpp::L1039,SOH_UI,FixMenuLR,FixMenuLR,NO,YES,CERTIFIED_VALID_UNTRANSLATED,Proper noun or internal CVar identifier; translation would violate engine integrity
SOH_UI::soh::soh::SohGui::SohMenuEnhancements_cpp::L1043,SOH_UI,FixDungeonMinimapIcon,FixDungeonMinimapIcon,NO,YES,CERTIFIED_VALID_UNTRANSLATED,Proper noun or internal CVar identifier; translation would violate engine integrity
SOH_UI::soh::soh::SohGui::SohMenuEnhancements_cpp::L1049,SOH_UI,TwoHandedIdle,TwoHandedIdle,NO,YES,CERTIFIED_VALID_UNTRANSLATED,Proper noun or internal CVar identifier; translation would violate engine integrity
SOH_UI::soh::soh::SohGui::SohMenuEnhancements_cpp::L1055,SOH_UI,NaviTextFix,NaviTextFix,NO,YES,CERTIFIED_VALID_UNTRANSLATED,Proper noun or internal CVar identifier; translation would violate engine integrity
SOH_UI::soh::soh::SohGui::SohMenuEnhancements_cpp::L1059,SOH_UI,GerudoWarriorClothingFix,GerudoWarriorClothingFix,NO,YES,CERTIFIED_VALID_UNTRANSLATED,Proper noun or internal CVar identifier; translation would violate engine integrity
SOH_UI::soh::soh::SohGui::SohMenuEnhancements_cpp::L1065,SOH_UI,FixTexturesOOB,FixTexturesOOB,NO,YES,CERTIFIED_VALID_UNTRANSLATED,Proper noun or internal CVar identifier; translation would violate engine integrity
SOH_UI::soh::soh::SohGui::SohMenuEnhancements_cpp::L1070,SOH_UI,FixEyesOpenWhileSleeping,FixEyesOpenWhileSleeping,NO,YES,CERTIFIED_VALID_UNTRANSLATED,Proper noun or internal CVar identifier; translation would violate engine integrity
SOH_UI::soh::soh::SohGui::SohMenuEnhancements_cpp::L1075,SOH_UI,FixHammerHand,FixHammerHand,NO,YES,CERTIFIED_VALID_UNTRANSLATED,Proper noun or internal CVar identifier; translation would violate engine integrity
SOH_UI::soh::soh::SohGui::SohMenuEnhancements_cpp::L1081,SOH_UI,SceneSpecificDirtPathFix,SceneSpecificDirtPathFix,NO,YES,CERTIFIED_VALID_UNTRANSLATED,Proper noun or internal CVar identifier; translation would violate engine integrity
SOH_UI::soh::soh::SohGui::SohMenuEnhancements_cpp::L1099,SOH_UI,SilverRupeeJingleExtend,SilverRupeeJingleExtend,NO,YES,CERTIFIED_VALID_UNTRANSLATED,Proper noun or internal CVar identifier; translation would violate engine integrity
SOH_UI::soh::soh::SohGui::SohMenuEnhancements_cpp::L1107,SOH_UI,FixDaruniaDanceSpeed,FixDaruniaDanceSpeed,NO,YES,CERTIFIED_VALID_UNTRANSLATED,Proper noun or internal CVar identifier; translation would violate engine integrity
SOH_UI::soh::soh::SohGui::SohMenuEnhancements_cpp::L1112,SOH_UI,CreditsFix,CreditsFix,NO,YES,CERTIFIED_VALID_UNTRANSLATED,Proper noun or internal CVar identifier; translation would violate engine integrity
SOH_UI::soh::soh::SohGui::SohMenuEnhancements_cpp::L1120,SOH_UI,RedGanonBlood,RedGanonBlood,NO,YES,CERTIFIED_VALID_UNTRANSLATED,Proper noun or internal CVar identifier; translation would violate engine integrity
SOH_UI::soh::soh::SohGui::SohMenuEnhancements_cpp::L1125,SOH_UI,GSCutscene,GSCutscene,NO,YES,CERTIFIED_VALID_UNTRANSLATED,Proper noun or internal CVar identifier; translation would violate engine integrity
SOH_UI::soh::soh::SohGui::SohMenuEnhancements_cpp::L1129,SOH_UI,PulsateBossIcon,PulsateBossIcon,NO,YES,CERTIFIED_VALID_UNTRANSLATED,Proper noun or internal CVar identifier; translation would violate engine integrity
SOH_UI::soh::soh::SohGui::SohMenuEnhancements_cpp::L1136,SOH_UI,HoverFishing,HoverFishing,NO,YES,CERTIFIED_VALID_UNTRANSLATED,Proper noun or internal CVar identifier; translation would violate engine integrity
SOH_UI::soh::soh::SohGui::SohMenuEnhancements_cpp::L1140,SOH_UI,N64WeirdFrames,N64WeirdFrames,NO,YES,CERTIFIED_VALID_UNTRANSLATED,Proper noun or internal CVar identifier; translation would violate engine integrity
SOH_UI::soh::soh::SohGui::SohMenuEnhancements_cpp::L1144,SOH_UI,BombchusOOB,BombchusOOB,NO,YES,CERTIFIED_VALID_UNTRANSLATED,Proper noun or internal CVar identifier; translation would violate engine integrity
SOH_UI::soh::soh::SohGui::SohMenuEnhancements_cpp::L1148,SOH_UI,QuickPutaway,QuickPutaway,NO,YES,CERTIFIED_VALID_UNTRANSLATED,Proper noun or internal CVar identifier; translation would violate engine integrity
SOH_UI::soh::soh::SohGui::SohMenuEnhancements_cpp::L1153,SOH_UI,QuickBongoKill,QuickBongoKill,NO,YES,CERTIFIED_VALID_UNTRANSLATED,Proper noun or internal CVar identifier; translation would violate engine integrity
SOH_UI::soh::soh::SohGui::SohMenuEnhancements_cpp::L1157,SOH_UI,EarlyEyeballFrog,EarlyEyeballFrog,NO,YES,CERTIFIED_VALID_UNTRANSLATED,Proper noun or internal CVar identifier; translation would violate engine integrity
SOH_UI::soh::soh::SohGui::SohMenuEnhancements_cpp::L1164,SOH_UI,NGCKaleidoSwitcher,NGCKaleidoSwitcher,NO,YES,CERTIFIED_VALID_UNTRANSLATED,Proper noun or internal CVar identifier; translation would violate engine integrity
SOH_UI::soh::soh::SohGui::SohMenuEnhancements_cpp::L1168,SOH_UI,WideShutterDoorRange,WideShutterDoorRange,NO,YES,CERTIFIED_VALID_UNTRANSLATED,Proper noun or internal CVar identifier; translation would violate engine integrity
SOH_UI::soh::soh::SohGui::SohMenuEnhancements_cpp::L1172,SOH_UI,GraveHoles,GraveHoles,NO,YES,CERTIFIED_VALID_UNTRANSLATED,Proper noun or internal CVar identifier; translation would violate engine integrity
SOH_UI::soh::soh::SohGui::SohMenuEnhancements_cpp::L1177,SOH_UI,Difficulty,Difficulty,NO,YES,CERTIFIED_VALID_UNTRANSLATED,Proper noun or internal CVar identifier; translation would violate engine integrity
SOH_UI::soh::soh::SohGui::SohMenuEnhancements_cpp::L1181,SOH_UI,Health,Health,NO,YES,CERTIFIED_VALID_UNTRANSLATED,Proper noun or internal CVar identifier; translation would violate engine integrity
SOH_UI::soh::soh::SohGui::SohMenuEnhancements_cpp::L1183,SOH_UI,PermanentHeartLoss,PermanentHeartLoss,NO,YES,CERTIFIED_VALID_UNTRANSLATED,Proper noun or internal CVar identifier; translation would violate engine integrity
SOH_UI::soh::soh::SohGui::SohMenuEnhancements_cpp::L1189,SOH_UI,DamageMult,DamageMult,NO,YES,CERTIFIED_VALID_UNTRANSLATED,Proper noun or internal CVar identifier; translation would violate engine integrity
SOH_UI::soh::soh::SohGui::SohMenuEnhancements_cpp::L1201,SOH_UI,FallDamageMult,FallDamageMult,NO,YES,CERTIFIED_VALID_UNTRANSLATED,Proper noun or internal CVar identifier; translation would violate engine integrity
SOH_UI::soh::soh::SohGui::SohMenuEnhancements_cpp::L1212,SOH_UI,VoidDamageMult,VoidDamageMult,NO,YES,CERTIFIED_VALID_UNTRANSLATED,Proper noun or internal CVar identifier; translation would violate engine integrity
SOH_UI::soh::soh::SohGui::SohMenuEnhancements_cpp::L1224,SOH_UI,BonkDamageMult,BonkDamageMult,NO,YES,CERTIFIED_VALID_UNTRANSLATED,Proper noun or internal CVar identifier; translation would violate engine integrity
SOH_UI::soh::soh::SohGui::SohMenuEnhancements_cpp::L1230,SOH_UI,FullHealthSpawn,FullHealthSpawn,NO,YES,CERTIFIED_VALID_UNTRANSLATED,Proper noun or internal CVar identifier; translation would violate engine integrity
SOH_UI::soh::soh::SohGui::SohMenuEnhancements_cpp::L1233,SOH_UI,NoHeartDrops,NoHeartDrops,NO,YES,CERTIFIED_VALID_UNTRANSLATED,Proper noun or internal CVar identifier; translation would violate engine integrity
SOH_UI::soh::soh::SohGui::SohMenuEnhancements_cpp::L1239,SOH_UI,Drops,Drops,NO,YES,CERTIFIED_VALID_UNTRANSLATED,Proper noun or internal CVar identifier; translation would violate engine integrity
SOH_UI::soh::soh::SohGui::SohMenuEnhancements_cpp::L1241,SOH_UI,NoRandomDrops,NoRandomDrops,NO,YES,CERTIFIED_VALID_UNTRANSLATED,Proper noun or internal CVar identifier; translation would violate engine integrity
SOH_UI::soh::soh::SohGui::SohMenuEnhancements_cpp::L1244,SOH_UI,EnableBombchuDrops,EnableBombchuDrops,NO,YES,CERTIFIED_VALID_UNTRANSLATED,Proper noun or internal CVar identifier; translation would violate engine integrity
SOH_UI::soh::soh::SohGui::SohMenuEnhancements_cpp::L1254,SOH_UI,TreesDropSticks,TreesDropSticks,NO,YES,CERTIFIED_VALID_UNTRANSLATED,Proper noun or internal CVar identifier; translation would violate engine integrity
SOH_UI::soh::soh::SohGui::SohMenuEnhancements_cpp::L1258,SOH_UI,DampeDropRate,DampeDropRate,NO,YES,CERTIFIED_VALID_UNTRANSLATED,Proper noun or internal CVar identifier; translation would violate engine integrity
SOH_UI::soh::soh::SohGui::SohMenuEnhancements_cpp::L1264,SOH_UI,Miscellaneous,Miscellaneous,NO,YES,CERTIFIED_VALID_UNTRANSLATED,Proper noun or internal CVar identifier; translation would violate engine integrity
SOH_UI::soh::soh::SohGui::SohMenuEnhancements_cpp::L1266,SOH_UI,DeleteFileOnDeath,DeleteFileOnDeath,NO,YES,CERTIFIED_VALID_UNTRANSLATED,Proper noun or internal CVar identifier; translation would violate engine integrity
SOH_UI::soh::soh::SohGui::SohMenuEnhancements_cpp::L1271,SOH_UI,SwitchTimerMultiplier,SwitchTimerMultiplier,NO,YES,CERTIFIED_VALID_UNTRANSLATED,Proper noun or internal CVar identifier; translation would violate engine integrity
SOH_UI::soh::soh::SohGui::SohMenuEnhancements_cpp::L1276,SOH_UI,GoronPot,GoronPot,NO,YES,CERTIFIED_VALID_UNTRANSLATED,Proper noun or internal CVar identifier; translation would violate engine integrity
SOH_UI::soh::soh::SohGui::SohMenuEnhancements_cpp::L1279,SOH_UI,DampeWin,DampeWin,NO,YES,CERTIFIED_VALID_UNTRANSLATED,Proper noun or internal CVar identifier; translation would violate engine integrity
SOH_UI::soh::soh::SohGui::SohMenuEnhancements_cpp::L1284,SOH_UI,AllDogsRichard,AllDogsRichard,NO,YES,CERTIFIED_VALID_UNTRANSLATED,Proper noun or internal CVar identifier; translation would violate engine integrity
SOH_UI::soh::soh::SohGui::SohMenuEnhancements_cpp::L1287,SOH_UI,CuccoStayDurationMult,CuccoStayDurationMult,NO,YES,CERTIFIED_VALID_UNTRANSLATED,Proper noun or internal CVar identifier; translation would violate engine integrity
SOH_UI::soh::soh::SohGui::SohMenuEnhancements_cpp::L1291,SOH_UI,CuccosToReturn,CuccosToReturn,NO,YES,CERTIFIED_VALID_UNTRANSLATED,Proper noun or internal CVar identifier; translation would violate engine integrity
SOH_UI::soh::soh::SohGui::SohMenuEnhancements_cpp::L1296,SOH_UI,Enemies,Enemies,NO,YES,CERTIFIED_VALID_UNTRANSLATED,Proper noun or internal CVar identifier; translation would violate engine integrity
SOH_UI::soh::soh::SohGui::SohMenuEnhancements_cpp::L1298,SOH_UI,HyperBosses,HyperBosses,NO,YES,CERTIFIED_VALID_UNTRANSLATED,Proper noun or internal CVar identifier; translation would violate engine integrity
SOH_UI::soh::soh::SohGui::SohMenuEnhancements_cpp::L1302,SOH_UI,HyperEnemies,HyperEnemies,NO,YES,CERTIFIED_VALID_UNTRANSLATED,Proper noun or internal CVar identifier; translation would violate engine integrity
SOH_UI::soh::soh::SohGui::SohMenuEnhancements_cpp::L1305,SOH_UI,GuardVision,GuardVision,NO,YES,CERTIFIED_VALID_UNTRANSLATED,Proper noun or internal CVar identifier; translation would violate engine integrity
SOH_UI::soh::soh::SohGui::SohMenuEnhancements_cpp::L1307,SOH_UI,LeeverSpawnRate,LeeverSpawnRate,NO,YES,CERTIFIED_VALID_UNTRANSLATED,Proper noun or internal CVar identifier; translation would violate engine integrity
SOH_UI::soh::soh::SohGui::SohMenuEnhancements_cpp::L1316,SOH_UI,Minigames,Minigames,NO,YES,CERTIFIED_VALID_UNTRANSLATED,Proper noun or internal CVar identifier; translation would violate engine integrity
SOH_UI::soh::soh::SohGui::SohMenuEnhancements_cpp::L1322,SOH_UI,CustomizeShootingGallery,CustomizeShootingGallery,NO,YES,CERTIFIED_VALID_UNTRANSLATED,Proper noun or internal CVar identifier; translation would violate engine integrity
SOH_UI::soh::soh::SohGui::SohMenuEnhancements_cpp::L1326,SOH_UI,CustomizeShootingGallery,CustomizeShootingGallery,NO,YES,CERTIFIED_VALID_UNTRANSLATED,Proper noun or internal CVar identifier; translation would violate engine integrity
SOH_UI::soh::soh::SohGui::SohMenuEnhancements_cpp::L1329,SOH_UI,InstantShootingGalleryWin,InstantShootingGalleryWin,NO,YES,CERTIFIED_VALID_UNTRANSLATED,Proper noun or internal CVar identifier; translation would violate engine integrity
SOH_UI::soh::soh::SohGui::SohMenuEnhancements_cpp::L1333,SOH_UI,ConstantAdultGallery,ConstantAdultGallery,NO,YES,CERTIFIED_VALID_UNTRANSLATED,Proper noun or internal CVar identifier; translation would violate engine integrity
SOH_UI::soh::soh::SohGui::SohMenuEnhancements_cpp::L1338,SOH_UI,ShootingGalleryAmmoChild,ShootingGalleryAmmoChild,NO,YES,CERTIFIED_VALID_UNTRANSLATED,Proper noun or internal CVar identifier; translation would violate engine integrity
SOH_UI::soh::soh::SohGui::SohMenuEnhancements_cpp::L1347,SOH_UI,ShootingGalleryAmmoAdult,ShootingGalleryAmmoAdult,NO,YES,CERTIFIED_VALID_UNTRANSLATED,Proper noun or internal CVar identifier; translation would violate engine integrity
SOH_UI::soh::soh::SohGui::SohMenuEnhancements_cpp::L1358,SOH_UI,CustomizeBombchuBowling,CustomizeBombchuBowling,NO,YES,CERTIFIED_VALID_UNTRANSLATED,Proper noun or internal CVar identifier; translation would violate engine integrity
SOH_UI::soh::soh::SohGui::SohMenuEnhancements_cpp::L1361,SOH_UI,CustomizeBombchuBowling,CustomizeBombchuBowling,NO,YES,CERTIFIED_VALID_UNTRANSLATED,Proper noun or internal CVar identifier; translation would violate engine integrity
SOH_UI::soh::soh::SohGui::SohMenuEnhancements_cpp::L1365,SOH_UI,BombchuBowlingNoSmallCucco,BombchuBowlingNoSmallCucco,NO,YES,CERTIFIED_VALID_UNTRANSLATED,Proper noun or internal CVar identifier; translation would violate engine integrity
SOH_UI::soh::soh::SohGui::SohMenuEnhancements_cpp::L1369,SOH_UI,BombchuBowlingNoBigCucco,BombchuBowlingNoBigCucco,NO,YES,CERTIFIED_VALID_UNTRANSLATED,Proper noun or internal CVar identifier; translation would violate engine integrity
SOH_UI::soh::soh::SohGui::SohMenuEnhancements_cpp::L1373,SOH_UI,BombchuBowlingAmmo,BombchuBowlingAmmo,NO,YES,CERTIFIED_VALID_UNTRANSLATED,Proper noun or internal CVar identifier; translation would violate engine integrity
SOH_UI::soh::soh::SohGui::SohMenuEnhancements_cpp::L1383,SOH_UI,CustomizeFrogsOcarinaGame,CustomizeFrogsOcarinaGame,NO,YES,CERTIFIED_VALID_UNTRANSLATED,Proper noun or internal CVar identifier; translation would violate engine integrity
SOH_UI::soh::soh::SohGui::SohMenuEnhancements_cpp::L1386,SOH_UI,CustomizeFrogsOcarinaGame,CustomizeFrogsOcarinaGame,NO,YES,CERTIFIED_VALID_UNTRANSLATED,Proper noun or internal CVar identifier; translation would violate engine integrity
SOH_UI::soh::soh::SohGui::SohMenuEnhancements_cpp::L1390,SOH_UI,InstantFrogsGameWin,InstantFrogsGameWin,NO,YES,CERTIFIED_VALID_UNTRANSLATED,Proper noun or internal CVar identifier; translation would violate engine integrity
SOH_UI::soh::soh::SohGui::SohMenuEnhancements_cpp::L1394,SOH_UI,FrogsUnlimitedFailTime,FrogsUnlimitedFailTime,NO,YES,CERTIFIED_VALID_UNTRANSLATED,Proper noun or internal CVar identifier; translation would violate engine integrity
SOH_UI::soh::soh::SohGui::SohMenuEnhancements_cpp::L1398,SOH_UI,FrogsModifyFailTime,FrogsModifyFailTime,NO,YES,CERTIFIED_VALID_UNTRANSLATED,Proper noun or internal CVar identifier; translation would violate engine integrity
SOH_UI::soh::soh::SohGui::SohMenuEnhancements_cpp::L1400,SOH_UI,CustomizeFrogsOcarinaGame,CustomizeFrogsOcarinaGame,NO,YES,CERTIFIED_VALID_UNTRANSLATED,Proper noun or internal CVar identifier; translation would violate engine integrity
SOH_UI::soh::soh::SohGui::SohMenuEnhancements_cpp::L1401,SOH_UI,FrogsUnlimitedFailTime,FrogsUnlimitedFailTime,NO,YES,CERTIFIED_VALID_UNTRANSLATED,Proper noun or internal CVar identifier; translation would violate engine integrity
SOH_UI::soh::soh::SohGui::SohMenuEnhancements_cpp::L1411,SOH_UI,CustomizeOcarinaGame,CustomizeOcarinaGame,NO,YES,CERTIFIED_VALID_UNTRANSLATED,Proper noun or internal CVar identifier; translation would violate engine integrity
SOH_UI::soh::soh::SohGui::SohMenuEnhancements_cpp::L1414,SOH_UI,CustomizeOcarinaGame,CustomizeOcarinaGame,NO,YES,CERTIFIED_VALID_UNTRANSLATED,Proper noun or internal CVar identifier; translation would violate engine integrity
SOH_UI::soh::soh::SohGui::SohMenuEnhancements_cpp::L1418,SOH_UI,InstantOcarinaGameWin,InstantOcarinaGameWin,NO,YES,CERTIFIED_VALID_UNTRANSLATED,Proper noun or internal CVar identifier; translation would violate engine integrity
SOH_UI::soh::soh::SohGui::SohMenuEnhancements_cpp::L1427,SOH_UI,OcarinaUnlimitedFailTime,OcarinaUnlimitedFailTime,NO,YES,CERTIFIED_VALID_UNTRANSLATED,Proper noun or internal CVar identifier; translation would violate engine integrity
SOH_UI::soh::soh::SohGui::SohMenuEnhancements_cpp::L1474,SOH_UI,Fishing,Fishing,NO,YES,CERTIFIED_VALID_UNTRANSLATED,Proper noun or internal CVar identifier; translation would violate engine integrity
SOH_UI::soh::soh::SohGui::SohMenuEnhancements_cpp::L1476,SOH_UI,CustomizeFishing,CustomizeFishing,NO,YES,CERTIFIED_VALID_UNTRANSLATED,Proper noun or internal CVar identifier; translation would violate engine integrity
SOH_UI::soh::soh::SohGui::SohMenuEnhancements_cpp::L1479,SOH_UI,CustomizeFishing,CustomizeFishing,NO,YES,CERTIFIED_VALID_UNTRANSLATED,Proper noun or internal CVar identifier; translation would violate engine integrity
SOH_UI::soh::soh::SohGui::SohMenuEnhancements_cpp::L1483,SOH_UI,InstantFishing,InstantFishing,NO,YES,CERTIFIED_VALID_UNTRANSLATED,Proper noun or internal CVar identifier; translation would violate engine integrity
SOH_UI::soh::soh::SohGui::SohMenuEnhancements_cpp::L1487,SOH_UI,GuaranteeFishingBite,GuaranteeFishingBite,NO,YES,CERTIFIED_VALID_UNTRANSLATED,Proper noun or internal CVar identifier; translation would violate engine integrity
SOH_UI::soh::soh::SohGui::SohMenuEnhancements_cpp::L1491,SOH_UI,FishNeverEscape,FishNeverEscape,NO,YES,CERTIFIED_VALID_UNTRANSLATED,Proper noun or internal CVar identifier; translation would violate engine integrity
SOH_UI::soh::soh::SohGui::SohMenuEnhancements_cpp::L1495,SOH_UI,LoachesAlwaysAppear,LoachesAlwaysAppear,NO,YES,CERTIFIED_VALID_UNTRANSLATED,Proper noun or internal CVar identifier; translation would violate engine integrity
SOH_UI::soh::soh::SohGui::SohMenuEnhancements_cpp::L1500,SOH_UI,SkipKeepConfirmation,SkipKeepConfirmation,NO,YES,CERTIFIED_VALID_UNTRANSLATED,Proper noun or internal CVar identifier; translation would violate engine integrity
SOH_UI::soh::soh::SohGui::SohMenuEnhancements_cpp::L1505,SOH_UI,AllHyruleLoaches,AllHyruleLoaches,NO,YES,CERTIFIED_VALID_UNTRANSLATED,Proper noun or internal CVar identifier; translation would violate engine integrity
SOH_UI::soh::soh::SohGui::SohMenuEnhancements_cpp::L1510,SOH_UI,MinimumFishWeightChild,MinimumFishWeightChild,NO,YES,CERTIFIED_VALID_UNTRANSLATED,Proper noun or internal CVar identifier; translation would violate engine integrity
SOH_UI::soh::soh::SohGui::SohMenuEnhancements_cpp::L1515,SOH_UI,MinimumFishWeightAdult,MinimumFishWeightAdult,NO,YES,CERTIFIED_VALID_UNTRANSLATED,Proper noun or internal CVar identifier; translation would violate engine integrity
SOH_UI::soh::soh::SohGui::SohMenuEnhancements_cpp::L1526,SOH_UI,MirroredWorldMode,MirroredWorldMode,NO,YES,CERTIFIED_VALID_UNTRANSLATED,Proper noun or internal CVar identifier; translation would violate engine integrity
SOH_UI::soh::soh::SohGui::SohMenuEnhancements_cpp::L1547,SOH_UI,IvanCoopModeEnabled,IvanCoopModeEnabled,NO,YES,CERTIFIED_VALID_UNTRANSLATED,Proper noun or internal CVar identifier; translation would violate engine integrity
SOH_UI::soh::soh::SohGui::SohMenuEnhancements_cpp::L1552,SOH_UI,DogFollowsEverywhere,DogFollowsEverywhere,NO,YES,CERTIFIED_VALID_UNTRANSLATED,Proper noun or internal CVar identifier; translation would violate engine integrity
SOH_UI::soh::soh::SohGui::SohMenuEnhancements_cpp::L1555,SOH_UI,RupeeDash,RupeeDash,NO,YES,CERTIFIED_VALID_UNTRANSLATED,Proper noun or internal CVar identifier; translation would violate engine integrity
SOH_UI::soh::soh::SohGui::SohMenuEnhancements_cpp::L1558,SOH_UI,RupeeDashInterval,RupeeDashInterval,NO,YES,CERTIFIED_VALID_UNTRANSLATED,Proper noun or internal CVar identifier; translation would violate engine integrity
SOH_UI::soh::soh::SohGui::SohMenuEnhancements_cpp::L1559,SOH_UI,RupeeDash,RupeeDash,NO,YES,CERTIFIED_VALID_UNTRANSLATED,Proper noun or internal CVar identifier; translation would violate engine integrity
SOH_UI::soh::soh::SohGui::SohMenuEnhancements_cpp::L1567,SOH_UI,ShadowTag,ShadowTag,NO,YES,CERTIFIED_VALID_UNTRANSLATED,Proper noun or internal CVar identifier; translation would violate engine integrity
SOH_UI::soh::soh::SohGui::SohMenuEnhancements_cpp::L1570,SOH_UI,HurtContainer,HurtContainer,NO,YES,CERTIFIED_VALID_UNTRANSLATED,Proper noun or internal CVar identifier; translation would violate engine integrity
SOH_UI::soh::soh::SohGui::SohMenuEnhancements_cpp::L1572,SOH_UI,HurtContainer,HurtContainer,NO,YES,CERTIFIED_VALID_UNTRANSLATED,Proper noun or internal CVar identifier; translation would violate engine integrity
SOH_UI::soh::soh::SohGui::SohMenuEnhancements_cpp::L1635,SOH_UI,RandomizedEnemies,RandomizedEnemies,NO,YES,CERTIFIED_VALID_UNTRANSLATED,Proper noun or internal CVar identifier; translation would violate engine integrity
SOH_UI::soh::soh::SohGui::SohMenuEnhancements_cpp::L1648,SOH_UI,RandomizedEnemySizes,RandomizedEnemySizes,NO,YES,CERTIFIED_VALID_UNTRANSLATED,Proper noun or internal CVar identifier; translation would violate engine integrity
SOH_UI::soh::soh::SohGui::SohMenuEnhancements_cpp::L1651,SOH_UI,EnemySizeScalesHealth,EnemySizeScalesHealth,NO,YES,CERTIFIED_VALID_UNTRANSLATED,Proper noun or internal CVar identifier; translation would violate engine integrity
SOH_UI::soh::soh::SohGui::SohMenuEnhancements_cpp::L1653,SOH_UI,RandomizedEnemySizes,RandomizedEnemySizes,NO,YES,CERTIFIED_VALID_UNTRANSLATED,Proper noun or internal CVar identifier; translation would violate engine integrity
SOH_UI::soh::soh::SohGui::SohMenuEnhancements_cpp::L1658,SOH_UI,RandomizedEnemies,RandomizedEnemies,NO,YES,CERTIFIED_VALID_UNTRANSLATED,Proper noun or internal CVar identifier; translation would violate engine integrity
SOH_UI::soh::soh::SohGui::SohMenuEnhancements_cpp::L1662,SOH_UI,RandomizedEnemies,RandomizedEnemies,NO,YES,CERTIFIED_VALID_UNTRANSLATED,Proper noun or internal CVar identifier; translation would violate engine integrity
SOH_UI::soh::soh::SohGui::SohMenuEnhancements_cpp::L1664,SOH_UI,RandomizedEnemies,RandomizedEnemies,NO,YES,CERTIFIED_VALID_UNTRANSLATED,Proper noun or internal CVar identifier; translation would violate engine integrity
SOH_UI::soh::soh::SohGui::SohMenuEnhancements_cpp::L1671,SOH_UI,RandomizedEnemies,RandomizedEnemies,NO,YES,CERTIFIED_VALID_UNTRANSLATED,Proper noun or internal CVar identifier; translation would violate engine integrity
SOH_UI::soh::soh::SohGui::SohMenuEnhancements_cpp::L1684,SOH_UI,Money,Money,NO,YES,CERTIFIED_VALID_UNTRANSLATED,Proper noun or internal CVar identifier; translation would violate engine integrity
SOH_UI::soh::soh::SohGui::SohMenuEnhancements_cpp::L1684,SOH_UI,InfiniteMoney,InfiniteMoney,NO,YES,CERTIFIED_VALID_UNTRANSLATED,Proper noun or internal CVar identifier; translation would violate engine integrity
SOH_UI::soh::soh::SohGui::SohMenuEnhancements_cpp::L1685,SOH_UI,Health,Health,NO,YES,CERTIFIED_VALID_UNTRANSLATED,Proper noun or internal CVar identifier; translation would violate engine integrity
SOH_UI::soh::soh::SohGui::SohMenuEnhancements_cpp::L1685,SOH_UI,InfiniteHealth,InfiniteHealth,NO,YES,CERTIFIED_VALID_UNTRANSLATED,Proper noun or internal CVar identifier; translation would violate engine integrity
SOH_UI::soh::soh::SohGui::SohMenuEnhancements_cpp::L1686,SOH_UI,Ammo,Ammo,NO,YES,CERTIFIED_VALID_UNTRANSLATED,Proper noun or internal CVar identifier; translation would violate engine integrity
SOH_UI::soh::soh::SohGui::SohMenuEnhancements_cpp::L1686,SOH_UI,InfiniteAmmo,InfiniteAmmo,NO,YES,CERTIFIED_VALID_UNTRANSLATED,Proper noun or internal CVar identifier; translation would violate engine integrity
SOH_UI::soh::soh::SohGui::SohMenuEnhancements_cpp::L1687,SOH_UI,Magic,Magic,NO,YES,CERTIFIED_VALID_UNTRANSLATED,Proper noun or internal CVar identifier; translation would violate engine integrity
SOH_UI::soh::soh::SohGui::SohMenuEnhancements_cpp::L1687,SOH_UI,InfiniteMagic,InfiniteMagic,NO,YES,CERTIFIED_VALID_UNTRANSLATED,Proper noun or internal CVar identifier; translation would violate engine integrity
SOH_UI::soh::soh::SohGui::SohMenuEnhancements_cpp::L1688,SOH_UI,InfiniteNayru,InfiniteNayru,NO,YES,CERTIFIED_VALID_UNTRANSLATED,Proper noun or internal CVar identifier; translation would violate engine integrity
SOH_UI::soh::soh::SohGui::SohMenuEnhancements_cpp::L1689,SOH_UI,InfiniteEponaBoost,InfiniteEponaBoost,NO,YES,CERTIFIED_VALID_UNTRANSLATED,Proper noun or internal CVar identifier; translation would violate engine integrity
SOH_UI::soh::soh::SohGui::SohMenuEnhancements_cpp::L1691,SOH_UI,Items,Items,NO,YES,CERTIFIED_VALID_UNTRANSLATED,Proper noun or internal CVar identifier; translation would violate engine integrity
SOH_UI::soh::soh::SohGui::SohMenuEnhancements_cpp::L1693,SOH_UI,TimelessEquipment,TimelessEquipment,NO,YES,CERTIFIED_VALID_UNTRANSLATED,Proper noun or internal CVar identifier; translation would violate engine integrity
SOH_UI::soh::soh::SohGui::SohMenuEnhancements_cpp::L1697,SOH_UI,NoRestrictItems,NoRestrictItems,NO,YES,CERTIFIED_VALID_UNTRANSLATED,Proper noun or internal CVar identifier; translation would violate engine integrity
SOH_UI::soh::soh::SohGui::SohMenuEnhancements_cpp::L1700,SOH_UI,SuperTunic,SuperTunic,NO,YES,CERTIFIED_VALID_UNTRANSLATED,Proper noun or internal CVar identifier; translation would violate engine integrity
SOH_UI::soh::soh::SohGui::SohMenuEnhancements_cpp::L1703,SOH_UI,FireproofDekuShield,FireproofDekuShield,NO,YES,CERTIFIED_VALID_UNTRANSLATED,Proper noun or internal CVar identifier; translation would violate engine integrity
SOH_UI::soh::soh::SohGui::SohMenuEnhancements_cpp::L1706,SOH_UI,ShieldTwoHanded,ShieldTwoHanded,NO,YES,CERTIFIED_VALID_UNTRANSLATED,Proper noun or internal CVar identifier; translation would violate engine integrity
SOH_UI::soh::soh::SohGui::SohMenuEnhancements_cpp::L1710,SOH_UI,DekuStick,DekuStick,NO,YES,CERTIFIED_VALID_UNTRANSLATED,Proper noun or internal CVar identifier; translation would violate engine integrity
SOH_UI::soh::soh::SohGui::SohMenuEnhancements_cpp::L1713,SOH_UI,BombTimerMultiplier,BombTimerMultiplier,NO,YES,CERTIFIED_VALID_UNTRANSLATED,Proper noun or internal CVar identifier; translation would violate engine integrity
SOH_UI::soh::soh::SohGui::SohMenuEnhancements_cpp::L1716,SOH_UI,HookshotEverything,HookshotEverything,NO,YES,CERTIFIED_VALID_UNTRANSLATED,Proper noun or internal CVar identifier; translation would violate engine integrity
SOH_UI::soh::soh::SohGui::SohMenuEnhancements_cpp::L1719,SOH_UI,HookshotReachMultiplier,HookshotReachMultiplier,NO,YES,CERTIFIED_VALID_UNTRANSLATED,Proper noun or internal CVar identifier; translation would violate engine integrity
SOH_UI::soh::soh::SohGui::SohMenuEnhancements_cpp::L1723,SOH_UI,Misc,Misc,NO,YES,CERTIFIED_VALID_UNTRANSLATED,Proper noun or internal CVar identifier; translation would violate engine integrity
SOH_UI::soh::soh::SohGui::SohMenuEnhancements_cpp::L1725,SOH_UI,NoClip,NoClip,NO,YES,CERTIFIED_VALID_UNTRANSLATED,Proper noun or internal CVar identifier; translation would violate engine integrity
SOH_UI::soh::soh::SohGui::SohMenuEnhancements_cpp::L1728,SOH_UI,ClimbEverything,ClimbEverything,NO,YES,CERTIFIED_VALID_UNTRANSLATED,Proper noun or internal CVar identifier; translation would violate engine integrity
SOH_UI::soh::soh::SohGui::SohMenuEnhancements_cpp::L1731,SOH_UI,MoonJumpOnL,MoonJumpOnL,NO,YES,CERTIFIED_VALID_UNTRANSLATED,Proper noun or internal CVar identifier; translation would violate engine integrity
SOH_UI::soh::soh::SohGui::SohMenuEnhancements_cpp::L1734,SOH_UI,NoRedeadFreeze,NoRedeadFreeze,NO,YES,CERTIFIED_VALID_UNTRANSLATED,Proper noun or internal CVar identifier; translation would violate engine integrity
SOH_UI::soh::soh::SohGui::SohMenuEnhancements_cpp::L1738,SOH_UI,NoKeeseGuayTarget,NoKeeseGuayTarget,NO,YES,CERTIFIED_VALID_UNTRANSLATED,Proper noun or internal CVar identifier; translation would violate engine integrity
SOH_UI::soh::soh::SohGui::SohMenuEnhancements_cpp::L1743,SOH_UI,DisableSandstorm,DisableSandstorm,NO,YES,CERTIFIED_VALID_UNTRANSLATED,Proper noun or internal CVar identifier; translation would violate engine integrity
SOH_UI::soh::soh::SohGui::SohMenuEnhancements_cpp::L1748,SOH_UI,EasyFrameAdvance,EasyFrameAdvance,NO,YES,CERTIFIED_VALID_UNTRANSLATED,Proper noun or internal CVar identifier; translation would violate engine integrity
SOH_UI::soh::soh::SohGui::SohMenuEnhancements_cpp::L1752,SOH_UI,EasyISG,EasyISG,NO,YES,CERTIFIED_VALID_UNTRANSLATED,Proper noun or internal CVar identifier; translation would violate engine integrity
SOH_UI::soh::soh::SohGui::SohMenuEnhancements_cpp::L1756,SOH_UI,EasyQPA,EasyQPA,NO,YES,CERTIFIED_VALID_UNTRANSLATED,Proper noun or internal CVar identifier; translation would violate engine integrity
SOH_UI::soh::soh::SohGui::SohMenuEnhancements_cpp::L1766,SOH_UI,DropsDontDie,DropsDontDie,NO,YES,CERTIFIED_VALID_UNTRANSLATED,Proper noun or internal CVar identifier; translation would violate engine integrity
SOH_UI::soh::soh::SohGui::SohMenuEnhancements_cpp::L1770,SOH_UI,NoFishDespawn,NoFishDespawn,NO,YES,CERTIFIED_VALID_UNTRANSLATED,Proper noun or internal CVar identifier; translation would violate engine integrity
SOH_UI::soh::soh::SohGui::SohMenuEnhancements_cpp::L1773,SOH_UI,NoBugsDespawn,NoBugsDespawn,NO,YES,CERTIFIED_VALID_UNTRANSLATED,Proper noun or internal CVar identifier; translation would violate engine integrity
SOH_UI::soh::soh::SohGui::SohMenuEnhancements_cpp::L1778,SOH_UI,FreezeTime,FreezeTime,NO,YES,CERTIFIED_VALID_UNTRANSLATED,Proper noun or internal CVar identifier; translation would violate engine integrity
SOH_UI::soh::soh::SohGui::SohMenuEnhancements_cpp::L1781,SOH_UI,TimeSync,TimeSync,NO,YES,CERTIFIED_VALID_UNTRANSLATED,Proper noun or internal CVar identifier; translation would violate engine integrity
SOH_UI::soh::soh::SohGui::SohMenuEnhancements_cpp::L1799,SOH_UI,SaveStatePromise,SaveStatePromise,NO,YES,CERTIFIED_VALID_UNTRANSLATED,Proper noun or internal CVar identifier; translation would violate engine integrity
SOH_UI::soh::soh::SohGui::SohMenuEnhancements_cpp::L1801,SOH_UI,SaveStatesEnabled,SaveStatesEnabled,NO,YES,CERTIFIED_VALID_UNTRANSLATED,Proper noun or internal CVar identifier; translation would violate engine integrity
SOH_UI::soh::soh::SohGui::SohMenuEnhancements_cpp::L1805,SOH_UI,SaveStatePromise,SaveStatePromise,NO,YES,CERTIFIED_VALID_UNTRANSLATED,Proper noun or internal CVar identifier; translation would violate engine integrity
SOH_UI::soh::soh::SohGui::SohMenuEnhancements_cpp::L1806,SOH_UI,SaveStatesEnabled,SaveStatesEnabled,NO,YES,CERTIFIED_VALID_UNTRANSLATED,Proper noun or internal CVar identifier; translation would violate engine integrity
SOH_UI::soh::soh::SohGui::SohMenuEnhancements_cpp::L1811,SOH_UI,EnableBetaQuest,EnableBetaQuest,NO,YES,CERTIFIED_VALID_UNTRANSLATED,Proper noun or internal CVar identifier; translation would violate engine integrity
SOH_UI::soh::soh::SohGui::SohMenuEnhancements_cpp::L1814,SOH_UI,EnableBetaQuest,EnableBetaQuest,NO,YES,CERTIFIED_VALID_UNTRANSLATED,Proper noun or internal CVar identifier; translation would violate engine integrity
SOH_UI::soh::soh::SohGui::SohMenuEnhancements_cpp::L1815,SOH_UI,BetaQuestWorld,BetaQuestWorld,NO,YES,CERTIFIED_VALID_UNTRANSLATED,Proper noun or internal CVar identifier; translation would violate engine integrity
SOH_UI::soh::soh::SohGui::SohMenuEnhancements_cpp::L1817,SOH_UI,BetaQuestWorld,BetaQuestWorld,NO,YES,CERTIFIED_VALID_UNTRANSLATED,Proper noun or internal CVar identifier; translation would violate engine integrity
SOH_UI::soh::soh::SohGui::SohMenuEnhancements_cpp::L1820,SOH_UI,Console,Console,NO,YES,CERTIFIED_VALID_UNTRANSLATED,Proper noun or internal CVar identifier; translation would violate engine integrity
SOH_UI::soh::soh::SohGui::SohMenuEnhancements_cpp::L1826,SOH_UI,BetaQuestWorld,BetaQuestWorld,NO,YES,CERTIFIED_VALID_UNTRANSLATED,Proper noun or internal CVar identifier; translation would violate engine integrity
SOH_UI::soh::soh::SohGui::SohMenuEnhancements_cpp::L1828,SOH_UI,EnableBetaQuest,EnableBetaQuest,NO,YES,CERTIFIED_VALID_UNTRANSLATED,Proper noun or internal CVar identifier; translation would violate engine integrity
SOH_UI::soh::soh::SohGui::SohMenuEnhancements_cpp::L1832,SOH_UI,Console,Console,NO,YES,CERTIFIED_VALID_UNTRANSLATED,Proper noun or internal CVar identifier; translation would violate engine integrity
SOH_UI::soh::soh::SohGui::SohMenuEnhancements_cpp::L1845,SOH_UI,CosmeticsEditor,CosmeticsEditor,NO,YES,CERTIFIED_VALID_UNTRANSLATED,Proper noun or internal CVar identifier; translation would violate engine integrity
SOH_UI::soh::soh::SohGui::SohMenuEnhancements_cpp::L1855,SOH_UI,AudioEditor,AudioEditor,NO,YES,CERTIFIED_VALID_UNTRANSLATED,Proper noun or internal CVar identifier; translation would violate engine integrity
SOH_UI::soh::soh::SohGui::SohMenuEnhancements_cpp::L1865,SOH_UI,GameplayStats,GameplayStats,NO,YES,CERTIFIED_VALID_UNTRANSLATED,Proper noun or internal CVar identifier; translation would violate engine integrity
SOH_UI::soh::soh::SohGui::SohMenuEnhancements_cpp::L1875,SOH_UI,TimeSplits,TimeSplits,NO,YES,CERTIFIED_VALID_UNTRANSLATED,Proper noun or internal CVar identifier; translation would violate engine integrity
SOH_UI::soh::soh::SohGui::SohMenuEnhancements_cpp::L1882,SOH_UI,Timers,Timers,NO,YES,CERTIFIED_VALID_UNTRANSLATED,Proper noun or internal CVar identifier; translation would violate engine integrity
SOH_UI::soh::soh::SohGui::SohMenuEnhancements_cpp::L1885,SOH_UI,TimeDisplayEnabled,TimeDisplayEnabled,NO,YES,CERTIFIED_VALID_UNTRANSLATED,Proper noun or internal CVar identifier; translation would violate engine integrity
SOH_UI::soh::soh::SohGui::SohMenuEnhancements_cpp::L1890,SOH_UI,FontScale,FontScale,NO,YES,CERTIFIED_VALID_UNTRANSLATED,Proper noun or internal CVar identifier; translation would violate engine integrity
SOH_UI::soh::soh::SohGui::SohMenuEnhancements_cpp::L1895,SOH_UI,ShowWindowBG,ShowWindowBG,NO,YES,CERTIFIED_VALID_UNTRANSLATED,Proper noun or internal CVar identifier; translation would violate engine integrity
SOH_UI::soh::soh::SohGui::SohMenuRandomizer_cpp::L23,SOH_UI,RandomizerSettings,RandomizerSettings,NO,NO,UNTRANSLATED_RESIDUAL,Proper noun or internal CVar identifier; translation would violate engine integrity
SOH_UI::soh::soh::SohGui::SohMenuRandomizer_cpp::L33,SOH_UI,RandoRelevantNavi,RandoRelevantNavi,NO,NO,UNTRANSLATED_RESIDUAL,Proper noun or internal CVar identifier; translation would violate engine integrity
SOH_UI::soh::soh::SohGui::SohMenuRandomizer_cpp::L38,SOH_UI,RandomizeRupeeNames,RandomizeRupeeNames,NO,NO,UNTRANSLATED_RESIDUAL,Proper noun or internal CVar identifier; translation would violate engine integrity
SOH_UI::soh::soh::SohGui::SohMenuRandomizer_cpp::L44,SOH_UI,CustomKeyModels,CustomKeyModels,NO,NO,UNTRANSLATED_RESIDUAL,Proper noun or internal CVar identifier; translation would violate engine integrity
SOH_UI::soh::soh::SohGui::SohMenuRandomizer_cpp::L50,SOH_UI,ColoredMapsAndCompasses,ColoredMapsAndCompasses,NO,NO,UNTRANSLATED_RESIDUAL,Proper noun or internal CVar identifier; translation would violate engine integrity
SOH_UI::soh::soh::SohGui::SohMenuRandomizer_cpp::L60,SOH_UI,Overworld\,Overworld\,NO,NO,UNTRANSLATED_RESIDUAL,Proper noun or internal CVar identifier; translation would violate engine integrity
SOH_UI::soh::soh::SohGui::SohMenuRandomizer_cpp::L60,SOH_UI,Anywhere\,Anywhere\,NO,NO,UNTRANSLATED_RESIDUAL,Proper noun or internal CVar identifier; translation would violate engine integrity
SOH_UI::soh::soh::SohGui::SohMenuRandomizer_cpp::L66,SOH_UI,Overworld\,Overworld\,NO,NO,UNTRANSLATED_RESIDUAL,Proper noun or internal CVar identifier; translation would violate engine integrity
SOH_UI::soh::soh::SohGui::SohMenuRandomizer_cpp::L67,SOH_UI,Anywhere\,Anywhere\,NO,NO,UNTRANSLATED_RESIDUAL,Proper noun or internal CVar identifier; translation would violate engine integrity
SOH_UI::soh::soh::SohGui::SohMenuRandomizer_cpp::L70,SOH_UI,QuestItemFanfares,QuestItemFanfares,NO,NO,UNTRANSLATED_RESIDUAL,Proper noun or internal CVar identifier; translation would violate engine integrity
SOH_UI::soh::soh::SohGui::SohMenuRandomizer_cpp::L76,SOH_UI,MysteriousShuffle,MysteriousShuffle,NO,NO,UNTRANSLATED_RESIDUAL,Proper noun or internal CVar identifier; translation would violate engine integrity
SOH_UI::soh::soh::SohGui::SohMenuRandomizer_cpp::L82,SOH_UI,SimplerBossSoulModels,SimplerBossSoulModels,NO,NO,UNTRANSLATED_RESIDUAL,Proper noun or internal CVar identifier; translation would violate engine integrity
SOH_UI::soh::soh::SohGui::SohMenuRandomizer_cpp::L102,SOH_UI,Plandomizer,Plandomizer,NO,NO,UNTRANSLATED_RESIDUAL,Proper noun or internal CVar identifier; translation would violate engine integrity
SOH_UI::soh::soh::SohGui::SohMenuRandomizer_cpp::L105,SOH_UI,PlandomizerEditor,PlandomizerEditor,NO,NO,UNTRANSLATED_RESIDUAL,Proper noun or internal CVar identifier; translation would violate engine integrity
SOH_UI::soh::soh::SohGui::SohMenuRandomizer_cpp::L117,SOH_UI,ItemTracker,ItemTracker,NO,NO,UNTRANSLATED_RESIDUAL,Proper noun or internal CVar identifier; translation would violate engine integrity
SOH_UI::soh::soh::SohGui::SohMenuRandomizer_cpp::L125,SOH_UI,ItemTrackerSettings,ItemTrackerSettings,NO,NO,UNTRANSLATED_RESIDUAL,Proper noun or internal CVar identifier; translation would violate engine integrity
SOH_UI::soh::soh::SohGui::SohMenuRandomizer_cpp::L137,SOH_UI,EntranceTracker,EntranceTracker,NO,NO,UNTRANSLATED_RESIDUAL,Proper noun or internal CVar identifier; translation would violate engine integrity
SOH_UI::soh::soh::SohGui::SohMenuRandomizer_cpp::L145,SOH_UI,EntranceTrackerSettings,EntranceTrackerSettings,NO,NO,UNTRANSLATED_RESIDUAL,Proper noun or internal CVar identifier; translation would violate engine integrity
SOH_UI::soh::soh::SohGui::SohMenuRandomizer_cpp::L157,SOH_UI,CheckTracker,CheckTracker,NO,NO,UNTRANSLATED_RESIDUAL,Proper noun or internal CVar identifier; translation would violate engine integrity
SOH_UI::soh::soh::SohGui::SohMenuRandomizer_cpp::L165,SOH_UI,CheckTrackerSettings,CheckTrackerSettings,NO,NO,UNTRANSLATED_RESIDUAL,Proper noun or internal CVar identifier; translation would violate engine integrity
SOH_UI::soh::soh::SohGui::SohMenuNetwork_cpp::L17,SOH_UI,Network,Network,NO,NO,UNTRANSLATED_RESIDUAL,Proper noun or internal CVar identifier; translation would violate engine integrity
SOH_UI::soh::soh::SohGui::SohMenuNetwork_cpp::L20,SOH_UI,Network,Network,NO,NO,UNTRANSLATED_RESIDUAL,Proper noun or internal CVar identifier; translation would violate engine integrity
SOH_UI::soh::soh::SohGui::SohMenuNetwork_cpp::L20,SOH_UI,Sail,Sail,NO,NO,UNTRANSLATED_RESIDUAL,Proper noun or internal CVar identifier; translation would violate engine integrity
SOH_UI::soh::soh::SohGui::SohMenuNetwork_cpp::L21,SOH_UI,Network,Network,NO,NO,UNTRANSLATED_RESIDUAL,Proper noun or internal CVar identifier; translation would violate engine integrity
SOH_UI::soh::soh::SohGui::SohMenuNetwork_cpp::L45,SOH_UI,Host,Host,NO,NO,UNTRANSLATED_RESIDUAL,Proper noun or internal CVar identifier; translation would violate engine integrity
SOH_UI::soh::soh::SohGui::SohMenuNetwork_cpp::L55,SOH_UI,Port,Port,NO,NO,UNTRANSLATED_RESIDUAL,Proper noun or internal CVar identifier; translation would violate engine integrity
SOH_UI::soh::soh::SohGui::SohMenuNetwork_cpp::L64,SOH_UI,Enable##Sail,Enable##Sail,NO,NO,UNTRANSLATED_RESIDUAL,Proper noun or internal CVar identifier; translation would violate engine integrity
SOH_UI::soh::soh::SohGui::SohMenuNetwork_cpp::L66,SOH_UI,Host,Host,NO,NO,UNTRANSLATED_RESIDUAL,Proper noun or internal CVar identifier; translation would violate engine integrity
SOH_UI::soh::soh::SohGui::SohMenuNetwork_cpp::L67,SOH_UI,Port,Port,NO,NO,UNTRANSLATED_RESIDUAL,Proper noun or internal CVar identifier; translation would violate engine integrity
SOH_UI::soh::soh::SohGui::SohMenuNetwork_cpp::L70,SOH_UI,Disable##Sail,Disable##Sail,NO,NO,UNTRANSLATED_RESIDUAL,Proper noun or internal CVar identifier; translation would violate engine integrity
SOH_UI::soh::soh::SohGui::SohMenuNetwork_cpp::L72,SOH_UI,Enable##Sail,Enable##Sail,NO,NO,UNTRANSLATED_RESIDUAL,Proper noun or internal CVar identifier; translation would violate engine integrity
SOH_UI::soh::soh::SohGui::SohMenuNetwork_cpp::L89,SOH_UI,Connected##Sail,Connected##Sail,NO,NO,UNTRANSLATED_RESIDUAL,Proper noun or internal CVar identifier; translation would violate engine integrity
SOH_UI::soh::soh::SohGui::SohMenuNetwork_cpp::L96,SOH_UI,Network,Network,NO,NO,UNTRANSLATED_RESIDUAL,Proper noun or internal CVar identifier; translation would violate engine integrity
SOH_UI::soh::soh::SohGui::SohMenuNetwork_cpp::L111,SOH_UI,Host,Host,NO,NO,UNTRANSLATED_RESIDUAL,Proper noun or internal CVar identifier; translation would violate engine integrity
SOH_UI::soh::soh::SohGui::SohMenuNetwork_cpp::L121,SOH_UI,Port,Port,NO,NO,UNTRANSLATED_RESIDUAL,Proper noun or internal CVar identifier; translation would violate engine integrity
SOH_UI::soh::soh::SohGui::SohMenuNetwork_cpp::L130,SOH_UI,Enable##CrowdControl,Enable##CrowdControl,NO,NO,UNTRANSLATED_RESIDUAL,Proper noun or internal CVar identifier; translation would violate engine integrity
SOH_UI::soh::soh::SohGui::SohMenuNetwork_cpp::L132,SOH_UI,Host,Host,NO,NO,UNTRANSLATED_RESIDUAL,Proper noun or internal CVar identifier; translation would violate engine integrity
SOH_UI::soh::soh::SohGui::SohMenuNetwork_cpp::L133,SOH_UI,Port,Port,NO,NO,UNTRANSLATED_RESIDUAL,Proper noun or internal CVar identifier; translation would violate engine integrity
SOH_UI::soh::soh::SohGui::SohMenuNetwork_cpp::L136,SOH_UI,Disable##CrowdControl,Disable##CrowdControl,NO,NO,UNTRANSLATED_RESIDUAL,Proper noun or internal CVar identifier; translation would violate engine integrity
SOH_UI::soh::soh::SohGui::SohMenuNetwork_cpp::L138,SOH_UI,Enable##CrowdControl,Enable##CrowdControl,NO,NO,UNTRANSLATED_RESIDUAL,Proper noun or internal CVar identifier; translation would violate engine integrity
SOH_UI::soh::soh::SohGui::SohMenuNetwork_cpp::L155,SOH_UI,Connected,Connected,NO,NO,UNTRANSLATED_RESIDUAL,Proper noun or internal CVar identifier; translation would violate engine integrity
SOH_UI::soh::soh::SohGui::SohMenuNetwork_cpp::L162,SOH_UI,EnemyNameTags,EnemyNameTags,NO,NO,UNTRANSLATED_RESIDUAL,Proper noun or internal CVar identifier; translation would violate engine integrity
SOH_UI::soh::soh::SohGui::SohMenuNetwork_cpp::L167,SOH_UI,SpawnedEnemiesIgnoredIngame,SpawnedEnemiesIgnoredIngame,NO,NO,UNTRANSLATED_RESIDUAL,Proper noun or internal CVar identifier; translation would violate engine integrity
SOH_UI::soh::soh::SohGui::SohMenu_cpp::L92,SOH_UI,Network,Network,NO,NO,UNTRANSLATED_RESIDUAL,Proper noun or internal CVar identifier; translation would violate engine integrity
SOH_UI::soh::soh::SohGui::SohMenu_cpp::L94,SOH_UI,Network,Network,NO,NO,UNTRANSLATED_RESIDUAL,Proper noun or internal CVar identifier; translation would violate engine integrity
SOH_UI::soh::soh::SohGui::SohMenu_cpp::L94,SOH_UI,Info,Info,NO,NO,UNTRANSLATED_RESIDUAL,Proper noun or internal CVar identifier; translation would violate engine integrity
SOH_UI::soh::soh::SohGui::SohMenu_cpp::L95,SOH_UI,Network,Network,NO,NO,UNTRANSLATED_RESIDUAL,Proper noun or internal CVar identifier; translation would violate engine integrity
SOH_UI::soh::soh::SohGui::SohMenu_cpp::L99,SOH_UI,ENABLE_REMOTE_CONTROL\,ENABLE_REMOTE_CONTROL\,NO,NO,UNTRANSLATED_RESIDUAL,Proper noun or internal CVar identifier; translation would violate engine integrity
SOH_UI::soh::soh::SohGui::SohMenu_cpp::L150,SOH_UI,MatchRefreshRate,MatchRefreshRate,NO,NO,UNTRANSLATED_RESIDUAL,Proper noun or internal CVar identifier; translation would violate engine integrity
SOH_UI::soh::soh::SohGui::SohMenu_cpp::L165,SOH_UI,DebugEnabled,DebugEnabled,NO,NO,UNTRANSLATED_RESIDUAL,Proper noun or internal CVar identifier; translation would violate engine integrity
SOH_UI::soh::soh::SohGui::SohMenu_cpp::L180,SOH_UI,DebugEnabled,DebugEnabled,NO,NO,UNTRANSLATED_RESIDUAL,Proper noun or internal CVar identifier; translation would violate engine integrity
SOH_UI::soh::soh::SohGui::SohMenu_cpp::L181,SOH_UI,BootToDebugWarpScreen,BootToDebugWarpScreen,NO,NO,UNTRANSLATED_RESIDUAL,Proper noun or internal CVar identifier; translation would violate engine integrity
SOH_UI::soh::soh::SohGui::SohMenuBar_cpp::L67,SOH_UI,DirectX,DirectX,NO,NO,UNTRANSLATED_RESIDUAL,Proper noun or internal CVar identifier; translation would violate engine integrity
SOH_UI::soh::soh::SohGui::SohMenuBar_cpp::L68,SOH_UI,OpenGL,OpenGL,NO,NO,UNTRANSLATED_RESIDUAL,Proper noun or internal CVar identifier; translation would violate engine integrity
SOH_UI::soh::soh::SohGui::SohMenuBar_cpp::L69,SOH_UI,Metal,Metal,NO,NO,UNTRANSLATED_RESIDUAL,Proper noun or internal CVar identifier; translation would violate engine integrity
SOH_UI::soh::soh::SohGui::ResolutionEditor_cpp::L428,SOH_UI,AspectSep,AspectSep,NO,NO,UNTRANSLATED_RESIDUAL,Proper noun or internal CVar identifier; translation would violate engine integrity
SOH_UI::soh::soh::SohGui::ResolutionEditor_cpp::L438,SOH_UI,Off\,Off\,NO,NO,UNTRANSLATED_RESIDUAL,Proper noun or internal CVar identifier; translation would violate engine integrity
SOH_UI::soh::soh::SohGui::ResolutionEditor_cpp::L472,SOH_UI,AspectRatioCustom,AspectRatioCustom,NO,NO,UNTRANSLATED_RESIDUAL,Proper noun or internal CVar identifier; translation would violate engine integrity
SOH_UI::soh::soh::SohGui::ResolutionEditor_cpp::L513,SOH_UI,MoreResolutionSettings,MoreResolutionSettings,NO,NO,UNTRANSLATED_RESIDUAL,Proper noun or internal CVar identifier; translation would violate engine integrity
SOH_UI::soh::soh::Enhancements::mod_menu_cpp::L29,SOH_UI,EnabledMods,EnabledMods,NO,YES,CERTIFIED_VALID_UNTRANSLATED,Proper noun or internal CVar identifier; translation would violate engine integrity
SOH_UI::soh::soh::Enhancements::mod_menu_cpp::L82,SOH_UI,DragMove,DragMove,NO,YES,CERTIFIED_VALID_UNTRANSLATED,Proper noun or internal CVar identifier; translation would violate engine integrity
SOH_UI::soh::soh::Enhancements::mod_menu_cpp::L88,SOH_UI,DragMove,DragMove,NO,YES,CERTIFIED_VALID_UNTRANSLATED,Proper noun or internal CVar identifier; translation would violate engine integrity
SOH_UI::soh::soh::Enhancements::mod_menu_cpp::L301,SOH_UI,Edit,Edit,NO,YES,CERTIFIED_VALID_UNTRANSLATED,Proper noun or internal CVar identifier; translation would violate engine integrity
SOH_UI::soh::soh::Enhancements::mod_menu_cpp::L367,SOH_UI,AltAssets,AltAssets,NO,YES,CERTIFIED_VALID_UNTRANSLATED,Proper noun or internal CVar identifier; translation would violate engine integrity
SOH_UI::soh::soh::Enhancements::cosmetics::CosmeticsEditor_cpp::L72,SOH_UI,Link,Link,YES,YES,CERTIFIED_VALID_UNTRANSLATED,Proper noun or internal CVar identifier; translation would violate engine integrity
SOH_UI::soh::soh::Enhancements::cosmetics::CosmeticsEditor_cpp::L90,SOH_UI,Navi,Navi,YES,YES,CERTIFIED_VALID_UNTRANSLATED,Proper noun or internal CVar identifier; translation would violate engine integrity
SOH_UI::soh::soh::Enhancements::cosmetics::CosmeticsEditor_cpp::L91,SOH_UI,Ivan,Ivan,NO,YES,CERTIFIED_VALID_UNTRANSLATED,Proper noun or internal CVar identifier; translation would violate engine integrity
SOH_UI::soh::soh::Enhancements::cosmetics::CosmeticsEditor_cpp::L209,SOH_UI,Mirror,Mirror,NO,YES,CERTIFIED_VALID_UNTRANSLATED,Proper noun or internal CVar identifier; translation would violate engine integrity
SOH_UI::soh::soh::Enhancements::cosmetics::CosmeticsEditor_cpp::L210,SOH_UI,Emblem,Emblem,NO,YES,CERTIFIED_VALID_UNTRANSLATED,Proper noun or internal CVar identifier; translation would violate engine integrity
SOH_UI::soh::soh::Enhancements::cosmetics::CosmeticsEditor_cpp::L248,SOH_UI,Hearts,Hearts,NO,YES,CERTIFIED_VALID_UNTRANSLATED,Proper noun or internal CVar identifier; translation would violate engine integrity
SOH_UI::soh::soh::Enhancements::cosmetics::CosmeticsEditor_cpp::L252,SOH_UI,Magic,Magic,NO,YES,CERTIFIED_VALID_UNTRANSLATED,Proper noun or internal CVar identifier; translation would violate engine integrity
SOH_UI::soh::soh::Enhancements::cosmetics::CosmeticsEditor_cpp::L254,SOH_UI,Consumable_MagicInfinite,Consumable_MagicInfinite,NO,YES,CERTIFIED_VALID_UNTRANSLATED,Proper noun or internal CVar identifier; translation would violate engine integrity
SOH_UI::soh::soh::Enhancements::cosmetics::CosmeticsEditor_cpp::L308,SOH_UI,Dpad,Dpad,NO,YES,CERTIFIED_VALID_UNTRANSLATED,Proper noun or internal CVar identifier; translation would violate engine integrity
SOH_UI::soh::soh::Enhancements::cosmetics::CosmeticsEditor_cpp::L311,SOH_UI,Minimap,Minimap,NO,YES,CERTIFIED_VALID_UNTRANSLATED,Proper noun or internal CVar identifier; translation would violate engine integrity
SOH_UI::soh::soh::Enhancements::cosmetics::CosmeticsEditor_cpp::L408,SOH_UI,Bombchu,Bombchu,YES,YES,CERTIFIED_VALID_UNTRANSLATED,Proper noun or internal CVar identifier; translation would violate engine integrity
SOH_UI::soh::soh::Enhancements::cosmetics::CosmeticsEditor_cpp::L413,SOH_UI,Stick,Stick,NO,YES,CERTIFIED_VALID_UNTRANSLATED,Proper noun or internal CVar identifier; translation would violate engine integrity
SOH_UI::soh::soh::Enhancements::cosmetics::CosmeticsEditor_cpp::L414,SOH_UI,Hammer,Hammer,NO,YES,CERTIFIED_VALID_UNTRANSLATED,Proper noun or internal CVar identifier; translation would violate engine integrity
SOH_UI::soh::soh::Enhancements::cosmetics::CosmeticsEditor_cpp::L417,SOH_UI,Moon,Moon,NO,YES,CERTIFIED_VALID_UNTRANSLATED,Proper noun or internal CVar identifier; translation would violate engine integrity
SOH_UI::soh::soh::Enhancements::cosmetics::CosmeticsEditor_cpp::L442,SOH_UI,Kokiri,Kokiri,YES,YES,CERTIFIED_VALID_UNTRANSLATED,Proper noun or internal CVar identifier; translation would violate engine integrity
SOH_UI::soh::soh::Enhancements::cosmetics::CosmeticsEditor_cpp::L443,SOH_UI,Gerudo,Gerudo,YES,YES,CERTIFIED_VALID_UNTRANSLATED,Proper noun or internal CVar identifier; translation would violate engine integrity
SOH_UI::soh::soh::Enhancements::cosmetics::CosmeticsEditor_cpp::L521,SOH_UI,RainbowSpeed,RainbowSpeed,NO,YES,CERTIFIED_VALID_UNTRANSLATED,Proper noun or internal CVar identifier; translation would violate engine integrity
SOH_UI::soh::soh::Enhancements::cosmetics::CosmeticsEditor_cpp::L545,SOH_UI,RainbowSync,RainbowSync,NO,YES,CERTIFIED_VALID_UNTRANSLATED,Proper noun or internal CVar identifier; translation would violate engine integrity
SOH_UI::soh::soh::Enhancements::cosmetics::CosmeticsEditor_cpp::L572,SOH_UI,Magic_FaroresPrimary1,Magic_FaroresPrimary1,NO,YES,CERTIFIED_VALID_UNTRANSLATED,Proper noun or internal CVar identifier; translation would violate engine integrity
SOH_UI::soh::soh::Enhancements::cosmetics::CosmeticsEditor_cpp::L574,SOH_UI,Magic_FaroresPrimary2,Magic_FaroresPrimary2,NO,YES,CERTIFIED_VALID_UNTRANSLATED,Proper noun or internal CVar identifier; translation would violate engine integrity
SOH_UI::soh::soh::Enhancements::cosmetics::CosmeticsEditor_cpp::L581,SOH_UI,Magic_FaroresSecondary1,Magic_FaroresSecondary1,NO,YES,CERTIFIED_VALID_UNTRANSLATED,Proper noun or internal CVar identifier; translation would violate engine integrity
SOH_UI::soh::soh::Enhancements::cosmetics::CosmeticsEditor_cpp::L583,SOH_UI,Magic_FaroresSecondary2,Magic_FaroresSecondary2,NO,YES,CERTIFIED_VALID_UNTRANSLATED,Proper noun or internal CVar identifier; translation would violate engine integrity
SOH_UI::soh::soh::Enhancements::cosmetics::CosmeticsEditor_cpp::L590,SOH_UI,Link_GoronTunic1,Link_GoronTunic1,NO,YES,CERTIFIED_VALID_UNTRANSLATED,Proper noun or internal CVar identifier; translation would violate engine integrity
SOH_UI::soh::soh::Enhancements::cosmetics::CosmeticsEditor_cpp::L592,SOH_UI,Link_GoronTunic2,Link_GoronTunic2,NO,YES,CERTIFIED_VALID_UNTRANSLATED,Proper noun or internal CVar identifier; translation would violate engine integrity
SOH_UI::soh::soh::Enhancements::cosmetics::CosmeticsEditor_cpp::L594,SOH_UI,Link_GoronTunic3,Link_GoronTunic3,NO,YES,CERTIFIED_VALID_UNTRANSLATED,Proper noun or internal CVar identifier; translation would violate engine integrity
SOH_UI::soh::soh::Enhancements::cosmetics::CosmeticsEditor_cpp::L596,SOH_UI,Link_GoronTunic4,Link_GoronTunic4,NO,YES,CERTIFIED_VALID_UNTRANSLATED,Proper noun or internal CVar identifier; translation would violate engine integrity
SOH_UI::soh::soh::Enhancements::cosmetics::CosmeticsEditor_cpp::L603,SOH_UI,Link_ZoraTunic1,Link_ZoraTunic1,NO,YES,CERTIFIED_VALID_UNTRANSLATED,Proper noun or internal CVar identifier; translation would violate engine integrity
SOH_UI::soh::soh::Enhancements::cosmetics::CosmeticsEditor_cpp::L605,SOH_UI,Link_ZoraTunic2,Link_ZoraTunic2,NO,YES,CERTIFIED_VALID_UNTRANSLATED,Proper noun or internal CVar identifier; translation would violate engine integrity
SOH_UI::soh::soh::Enhancements::cosmetics::CosmeticsEditor_cpp::L607,SOH_UI,Link_ZoraTunic3,Link_ZoraTunic3,NO,YES,CERTIFIED_VALID_UNTRANSLATED,Proper noun or internal CVar identifier; translation would violate engine integrity
SOH_UI::soh::soh::Enhancements::cosmetics::CosmeticsEditor_cpp::L609,SOH_UI,Link_ZoraTunic4,Link_ZoraTunic4,NO,YES,CERTIFIED_VALID_UNTRANSLATED,Proper noun or internal CVar identifier; translation would violate engine integrity
SOH_UI::soh::soh::Enhancements::cosmetics::CosmeticsEditor_cpp::L616,SOH_UI,Link_Hair1,Link_Hair1,NO,YES,CERTIFIED_VALID_UNTRANSLATED,Proper noun or internal CVar identifier; translation would violate engine integrity
SOH_UI::soh::soh::Enhancements::cosmetics::CosmeticsEditor_cpp::L618,SOH_UI,Link_Hair2,Link_Hair2,NO,YES,CERTIFIED_VALID_UNTRANSLATED,Proper noun or internal CVar identifier; translation would violate engine integrity
SOH_UI::soh::soh::Enhancements::cosmetics::CosmeticsEditor_cpp::L620,SOH_UI,Link_Hair3,Link_Hair3,NO,YES,CERTIFIED_VALID_UNTRANSLATED,Proper noun or internal CVar identifier; translation would violate engine integrity
SOH_UI::soh::soh::Enhancements::cosmetics::CosmeticsEditor_cpp::L622,SOH_UI,Link_Hair4,Link_Hair4,NO,YES,CERTIFIED_VALID_UNTRANSLATED,Proper noun or internal CVar identifier; translation would violate engine integrity
SOH_UI::soh::soh::Enhancements::cosmetics::CosmeticsEditor_cpp::L626,SOH_UI,Link_Hair5,Link_Hair5,NO,YES,CERTIFIED_VALID_UNTRANSLATED,Proper noun or internal CVar identifier; translation would violate engine integrity
SOH_UI::soh::soh::Enhancements::cosmetics::CosmeticsEditor_cpp::L627,SOH_UI,Link_Hair6,Link_Hair6,NO,YES,CERTIFIED_VALID_UNTRANSLATED,Proper noun or internal CVar identifier; translation would violate engine integrity
SOH_UI::soh::soh::Enhancements::cosmetics::CosmeticsEditor_cpp::L628,SOH_UI,Link_Hair7,Link_Hair7,NO,YES,CERTIFIED_VALID_UNTRANSLATED,Proper noun or internal CVar identifier; translation would violate engine integrity
SOH_UI::soh::soh::Enhancements::cosmetics::CosmeticsEditor_cpp::L629,SOH_UI,Link_Hair8,Link_Hair8,NO,YES,CERTIFIED_VALID_UNTRANSLATED,Proper noun or internal CVar identifier; translation would violate engine integrity
SOH_UI::soh::soh::Enhancements::cosmetics::CosmeticsEditor_cpp::L630,SOH_UI,Link_Hair9,Link_Hair9,NO,YES,CERTIFIED_VALID_UNTRANSLATED,Proper noun or internal CVar identifier; translation would violate engine integrity
SOH_UI::soh::soh::Enhancements::cosmetics::CosmeticsEditor_cpp::L631,SOH_UI,Link_Hair10,Link_Hair10,NO,YES,CERTIFIED_VALID_UNTRANSLATED,Proper noun or internal CVar identifier; translation would violate engine integrity
SOH_UI::soh::soh::Enhancements::cosmetics::CosmeticsEditor_cpp::L632,SOH_UI,Link_Hair11,Link_Hair11,NO,YES,CERTIFIED_VALID_UNTRANSLATED,Proper noun or internal CVar identifier; translation would violate engine integrity
SOH_UI::soh::soh::Enhancements::cosmetics::CosmeticsEditor_cpp::L633,SOH_UI,Link_Hair12,Link_Hair12,NO,YES,CERTIFIED_VALID_UNTRANSLATED,Proper noun or internal CVar identifier; translation would violate engine integrity
SOH_UI::soh::soh::Enhancements::cosmetics::CosmeticsEditor_cpp::L634,SOH_UI,Link_Hair13,Link_Hair13,NO,YES,CERTIFIED_VALID_UNTRANSLATED,Proper noun or internal CVar identifier; translation would violate engine integrity
SOH_UI::soh::soh::Enhancements::cosmetics::CosmeticsEditor_cpp::L635,SOH_UI,Link_Hair14,Link_Hair14,NO,YES,CERTIFIED_VALID_UNTRANSLATED,Proper noun or internal CVar identifier; translation would violate engine integrity
SOH_UI::soh::soh::Enhancements::cosmetics::CosmeticsEditor_cpp::L642,SOH_UI,Link_Linen1,Link_Linen1,NO,YES,CERTIFIED_VALID_UNTRANSLATED,Proper noun or internal CVar identifier; translation would violate engine integrity
SOH_UI::soh::soh::Enhancements::cosmetics::CosmeticsEditor_cpp::L644,SOH_UI,Link_Linen2,Link_Linen2,NO,YES,CERTIFIED_VALID_UNTRANSLATED,Proper noun or internal CVar identifier; translation would violate engine integrity
SOH_UI::soh::soh::Enhancements::cosmetics::CosmeticsEditor_cpp::L646,SOH_UI,Link_Linen3,Link_Linen3,NO,YES,CERTIFIED_VALID_UNTRANSLATED,Proper noun or internal CVar identifier; translation would violate engine integrity
SOH_UI::soh::soh::Enhancements::cosmetics::CosmeticsEditor_cpp::L648,SOH_UI,Link_Linen4,Link_Linen4,NO,YES,CERTIFIED_VALID_UNTRANSLATED,Proper noun or internal CVar identifier; translation would violate engine integrity
SOH_UI::soh::soh::Enhancements::cosmetics::CosmeticsEditor_cpp::L650,SOH_UI,Link_Linen5,Link_Linen5,NO,YES,CERTIFIED_VALID_UNTRANSLATED,Proper noun or internal CVar identifier; translation would violate engine integrity
SOH_UI::soh::soh::Enhancements::cosmetics::CosmeticsEditor_cpp::L652,SOH_UI,Link_Linen6,Link_Linen6,NO,YES,CERTIFIED_VALID_UNTRANSLATED,Proper noun or internal CVar identifier; translation would violate engine integrity
SOH_UI::soh::soh::Enhancements::cosmetics::CosmeticsEditor_cpp::L654,SOH_UI,Link_Linen7,Link_Linen7,NO,YES,CERTIFIED_VALID_UNTRANSLATED,Proper noun or internal CVar identifier; translation would violate engine integrity
SOH_UI::soh::soh::Enhancements::cosmetics::CosmeticsEditor_cpp::L656,SOH_UI,Link_Linen8,Link_Linen8,NO,YES,CERTIFIED_VALID_UNTRANSLATED,Proper noun or internal CVar identifier; translation would violate engine integrity
SOH_UI::soh::soh::Enhancements::cosmetics::CosmeticsEditor_cpp::L658,SOH_UI,Link_Linen9,Link_Linen9,NO,YES,CERTIFIED_VALID_UNTRANSLATED,Proper noun or internal CVar identifier; translation would violate engine integrity
SOH_UI::soh::soh::Enhancements::cosmetics::CosmeticsEditor_cpp::L660,SOH_UI,Link_Linen10,Link_Linen10,NO,YES,CERTIFIED_VALID_UNTRANSLATED,Proper noun or internal CVar identifier; translation would violate engine integrity
SOH_UI::soh::soh::Enhancements::cosmetics::CosmeticsEditor_cpp::L662,SOH_UI,Link_Linen11,Link_Linen11,NO,YES,CERTIFIED_VALID_UNTRANSLATED,Proper noun or internal CVar identifier; translation would violate engine integrity
SOH_UI::soh::soh::Enhancements::cosmetics::CosmeticsEditor_cpp::L664,SOH_UI,Link_Linen12,Link_Linen12,NO,YES,CERTIFIED_VALID_UNTRANSLATED,Proper noun or internal CVar identifier; translation would violate engine integrity
SOH_UI::soh::soh::Enhancements::cosmetics::CosmeticsEditor_cpp::L666,SOH_UI,Link_Linen13,Link_Linen13,NO,YES,CERTIFIED_VALID_UNTRANSLATED,Proper noun or internal CVar identifier; translation would violate engine integrity
SOH_UI::soh::soh::Enhancements::cosmetics::CosmeticsEditor_cpp::L668,SOH_UI,Link_Linen14,Link_Linen14,NO,YES,CERTIFIED_VALID_UNTRANSLATED,Proper noun or internal CVar identifier; translation would violate engine integrity
SOH_UI::soh::soh::Enhancements::cosmetics::CosmeticsEditor_cpp::L670,SOH_UI,Link_Linen15,Link_Linen15,NO,YES,CERTIFIED_VALID_UNTRANSLATED,Proper noun or internal CVar identifier; translation would violate engine integrity
SOH_UI::soh::soh::Enhancements::cosmetics::CosmeticsEditor_cpp::L672,SOH_UI,Link_Linen16,Link_Linen16,NO,YES,CERTIFIED_VALID_UNTRANSLATED,Proper noun or internal CVar identifier; translation would violate engine integrity
SOH_UI::soh::soh::Enhancements::cosmetics::CosmeticsEditor_cpp::L674,SOH_UI,Link_Linen17,Link_Linen17,NO,YES,CERTIFIED_VALID_UNTRANSLATED,Proper noun or internal CVar identifier; translation would violate engine integrity
SOH_UI::soh::soh::Enhancements::cosmetics::CosmeticsEditor_cpp::L676,SOH_UI,Link_Linen18,Link_Linen18,NO,YES,CERTIFIED_VALID_UNTRANSLATED,Proper noun or internal CVar identifier; translation would violate engine integrity
SOH_UI::soh::soh::Enhancements::cosmetics::CosmeticsEditor_cpp::L678,SOH_UI,Link_Linen19,Link_Linen19,NO,YES,CERTIFIED_VALID_UNTRANSLATED,Proper noun or internal CVar identifier; translation would violate engine integrity
SOH_UI::soh::soh::Enhancements::cosmetics::CosmeticsEditor_cpp::L680,SOH_UI,Link_Linen20,Link_Linen20,NO,YES,CERTIFIED_VALID_UNTRANSLATED,Proper noun or internal CVar identifier; translation would violate engine integrity
SOH_UI::soh::soh::Enhancements::cosmetics::CosmeticsEditor_cpp::L682,SOH_UI,Link_Linen21,Link_Linen21,NO,YES,CERTIFIED_VALID_UNTRANSLATED,Proper noun or internal CVar identifier; translation would violate engine integrity
SOH_UI::soh::soh::Enhancements::cosmetics::CosmeticsEditor_cpp::L684,SOH_UI,Link_Linen22,Link_Linen22,NO,YES,CERTIFIED_VALID_UNTRANSLATED,Proper noun or internal CVar identifier; translation would violate engine integrity
SOH_UI::soh::soh::Enhancements::cosmetics::CosmeticsEditor_cpp::L688,SOH_UI,Link_Linen23,Link_Linen23,NO,YES,CERTIFIED_VALID_UNTRANSLATED,Proper noun or internal CVar identifier; translation would violate engine integrity
SOH_UI::soh::soh::Enhancements::cosmetics::CosmeticsEditor_cpp::L690,SOH_UI,Link_Linen24,Link_Linen24,NO,YES,CERTIFIED_VALID_UNTRANSLATED,Proper noun or internal CVar identifier; translation would violate engine integrity
SOH_UI::soh::soh::Enhancements::cosmetics::CosmeticsEditor_cpp::L692,SOH_UI,Link_Linen25,Link_Linen25,NO,YES,CERTIFIED_VALID_UNTRANSLATED,Proper noun or internal CVar identifier; translation would violate engine integrity
SOH_UI::soh::soh::Enhancements::cosmetics::CosmeticsEditor_cpp::L694,SOH_UI,Link_Linen26,Link_Linen26,NO,YES,CERTIFIED_VALID_UNTRANSLATED,Proper noun or internal CVar identifier; translation would violate engine integrity
SOH_UI::soh::soh::Enhancements::cosmetics::CosmeticsEditor_cpp::L696,SOH_UI,Link_Linen27,Link_Linen27,NO,YES,CERTIFIED_VALID_UNTRANSLATED,Proper noun or internal CVar identifier; translation would violate engine integrity
SOH_UI::soh::soh::Enhancements::cosmetics::CosmeticsEditor_cpp::L698,SOH_UI,Link_Linen28,Link_Linen28,NO,YES,CERTIFIED_VALID_UNTRANSLATED,Proper noun or internal CVar identifier; translation would violate engine integrity
SOH_UI::soh::soh::Enhancements::cosmetics::CosmeticsEditor_cpp::L700,SOH_UI,Link_Linen29,Link_Linen29,NO,YES,CERTIFIED_VALID_UNTRANSLATED,Proper noun or internal CVar identifier; translation would violate engine integrity
SOH_UI::soh::soh::Enhancements::cosmetics::CosmeticsEditor_cpp::L702,SOH_UI,Link_Linen30,Link_Linen30,NO,YES,CERTIFIED_VALID_UNTRANSLATED,Proper noun or internal CVar identifier; translation would violate engine integrity
SOH_UI::soh::soh::Enhancements::cosmetics::CosmeticsEditor_cpp::L704,SOH_UI,Link_Linen31,Link_Linen31,NO,YES,CERTIFIED_VALID_UNTRANSLATED,Proper noun or internal CVar identifier; translation would violate engine integrity
SOH_UI::soh::soh::Enhancements::cosmetics::CosmeticsEditor_cpp::L706,SOH_UI,Link_Linen32,Link_Linen32,NO,YES,CERTIFIED_VALID_UNTRANSLATED,Proper noun or internal CVar identifier; translation would violate engine integrity
SOH_UI::soh::soh::Enhancements::cosmetics::CosmeticsEditor_cpp::L708,SOH_UI,Link_Linen33,Link_Linen33,NO,YES,CERTIFIED_VALID_UNTRANSLATED,Proper noun or internal CVar identifier; translation would violate engine integrity
SOH_UI::soh::soh::Enhancements::cosmetics::CosmeticsEditor_cpp::L716,SOH_UI,Link_Boots1,Link_Boots1,NO,YES,CERTIFIED_VALID_UNTRANSLATED,Proper noun or internal CVar identifier; translation would violate engine integrity
SOH_UI::soh::soh::Enhancements::cosmetics::CosmeticsEditor_cpp::L718,SOH_UI,Link_Boots2,Link_Boots2,NO,YES,CERTIFIED_VALID_UNTRANSLATED,Proper noun or internal CVar identifier; translation would violate engine integrity
SOH_UI::soh::soh::Enhancements::cosmetics::CosmeticsEditor_cpp::L720,SOH_UI,Link_Boots3,Link_Boots3,NO,YES,CERTIFIED_VALID_UNTRANSLATED,Proper noun or internal CVar identifier; translation would violate engine integrity
SOH_UI::soh::soh::Enhancements::cosmetics::CosmeticsEditor_cpp::L722,SOH_UI,Link_Boots4,Link_Boots4,NO,YES,CERTIFIED_VALID_UNTRANSLATED,Proper noun or internal CVar identifier; translation would violate engine integrity
SOH_UI::soh::soh::Enhancements::cosmetics::CosmeticsEditor_cpp::L726,SOH_UI,Link_Boots5,Link_Boots5,NO,YES,CERTIFIED_VALID_UNTRANSLATED,Proper noun or internal CVar identifier; translation would violate engine integrity
SOH_UI::soh::soh::Enhancements::cosmetics::CosmeticsEditor_cpp::L727,SOH_UI,Link_Boots6,Link_Boots6,NO,YES,CERTIFIED_VALID_UNTRANSLATED,Proper noun or internal CVar identifier; translation would violate engine integrity
SOH_UI::soh::soh::Enhancements::cosmetics::CosmeticsEditor_cpp::L728,SOH_UI,Link_Boots7,Link_Boots7,NO,YES,CERTIFIED_VALID_UNTRANSLATED,Proper noun or internal CVar identifier; translation would violate engine integrity
SOH_UI::soh::soh::Enhancements::cosmetics::CosmeticsEditor_cpp::L729,SOH_UI,Link_Boots8,Link_Boots8,NO,YES,CERTIFIED_VALID_UNTRANSLATED,Proper noun or internal CVar identifier; translation would violate engine integrity
SOH_UI::soh::soh::Enhancements::cosmetics::CosmeticsEditor_cpp::L730,SOH_UI,Link_Boots9,Link_Boots9,NO,YES,CERTIFIED_VALID_UNTRANSLATED,Proper noun or internal CVar identifier; translation would violate engine integrity
SOH_UI::soh::soh::Enhancements::cosmetics::CosmeticsEditor_cpp::L731,SOH_UI,Link_Boots10,Link_Boots10,NO,YES,CERTIFIED_VALID_UNTRANSLATED,Proper noun or internal CVar identifier; translation would violate engine integrity
SOH_UI::soh::soh::Enhancements::cosmetics::CosmeticsEditor_cpp::L732,SOH_UI,Link_Boots11,Link_Boots11,NO,YES,CERTIFIED_VALID_UNTRANSLATED,Proper noun or internal CVar identifier; translation would violate engine integrity
SOH_UI::soh::soh::Enhancements::cosmetics::CosmeticsEditor_cpp::L733,SOH_UI,Link_Boots12,Link_Boots12,NO,YES,CERTIFIED_VALID_UNTRANSLATED,Proper noun or internal CVar identifier; translation would violate engine integrity
SOH_UI::soh::soh::Enhancements::cosmetics::CosmeticsEditor_cpp::L734,SOH_UI,Link_Boots13,Link_Boots13,NO,YES,CERTIFIED_VALID_UNTRANSLATED,Proper noun or internal CVar identifier; translation would violate engine integrity
SOH_UI::soh::soh::Enhancements::cosmetics::CosmeticsEditor_cpp::L735,SOH_UI,Link_Boots14,Link_Boots14,NO,YES,CERTIFIED_VALID_UNTRANSLATED,Proper noun or internal CVar identifier; translation would violate engine integrity
SOH_UI::soh::soh::Enhancements::cosmetics::CosmeticsEditor_cpp::L736,SOH_UI,Link_Boots15,Link_Boots15,NO,YES,CERTIFIED_VALID_UNTRANSLATED,Proper noun or internal CVar identifier; translation would violate engine integrity
SOH_UI::soh::soh::Enhancements::cosmetics::CosmeticsEditor_cpp::L737,SOH_UI,Link_Boots16,Link_Boots16,NO,YES,CERTIFIED_VALID_UNTRANSLATED,Proper noun or internal CVar identifier; translation would violate engine integrity
SOH_UI::soh::soh::Enhancements::cosmetics::CosmeticsEditor_cpp::L738,SOH_UI,Link_Boots17,Link_Boots17,NO,YES,CERTIFIED_VALID_UNTRANSLATED,Proper noun or internal CVar identifier; translation would violate engine integrity
SOH_UI::soh::soh::Enhancements::cosmetics::CosmeticsEditor_cpp::L739,SOH_UI,Link_Boots18,Link_Boots18,NO,YES,CERTIFIED_VALID_UNTRANSLATED,Proper noun or internal CVar identifier; translation would violate engine integrity
SOH_UI::soh::soh::Enhancements::cosmetics::CosmeticsEditor_cpp::L740,SOH_UI,Link_Boots19,Link_Boots19,NO,YES,CERTIFIED_VALID_UNTRANSLATED,Proper noun or internal CVar identifier; translation would violate engine integrity
SOH_UI::soh::soh::Enhancements::cosmetics::CosmeticsEditor_cpp::L741,SOH_UI,Link_Boots20,Link_Boots20,NO,YES,CERTIFIED_VALID_UNTRANSLATED,Proper noun or internal CVar identifier; translation would violate engine integrity
SOH_UI::soh::soh::Enhancements::cosmetics::CosmeticsEditor_cpp::L742,SOH_UI,Link_Boots21,Link_Boots21,NO,YES,CERTIFIED_VALID_UNTRANSLATED,Proper noun or internal CVar identifier; translation would violate engine integrity
SOH_UI::soh::soh::Enhancements::cosmetics::CosmeticsEditor_cpp::L743,SOH_UI,Link_Boots22,Link_Boots22,NO,YES,CERTIFIED_VALID_UNTRANSLATED,Proper noun or internal CVar identifier; translation would violate engine integrity
SOH_UI::soh::soh::Enhancements::cosmetics::CosmeticsEditor_cpp::L744,SOH_UI,Link_Boots23,Link_Boots23,NO,YES,CERTIFIED_VALID_UNTRANSLATED,Proper noun or internal CVar identifier; translation would violate engine integrity
SOH_UI::soh::soh::Enhancements::cosmetics::CosmeticsEditor_cpp::L745,SOH_UI,Link_Boots24,Link_Boots24,NO,YES,CERTIFIED_VALID_UNTRANSLATED,Proper noun or internal CVar identifier; translation would violate engine integrity
SOH_UI::soh::soh::Enhancements::cosmetics::CosmeticsEditor_cpp::L746,SOH_UI,Link_Boots25,Link_Boots25,NO,YES,CERTIFIED_VALID_UNTRANSLATED,Proper noun or internal CVar identifier; translation would violate engine integrity
SOH_UI::soh::soh::Enhancements::cosmetics::CosmeticsEditor_cpp::L747,SOH_UI,Link_Boots26,Link_Boots26,NO,YES,CERTIFIED_VALID_UNTRANSLATED,Proper noun or internal CVar identifier; translation would violate engine integrity
SOH_UI::soh::soh::Enhancements::cosmetics::CosmeticsEditor_cpp::L748,SOH_UI,Link_Boots27,Link_Boots27,NO,YES,CERTIFIED_VALID_UNTRANSLATED,Proper noun or internal CVar identifier; translation would violate engine integrity
SOH_UI::soh::soh::Enhancements::cosmetics::CosmeticsEditor_cpp::L749,SOH_UI,Link_Boots28,Link_Boots28,NO,YES,CERTIFIED_VALID_UNTRANSLATED,Proper noun or internal CVar identifier; translation would violate engine integrity
SOH_UI::soh::soh::Enhancements::cosmetics::CosmeticsEditor_cpp::L756,SOH_UI,MirrorShield_Body1,MirrorShield_Body1,NO,YES,CERTIFIED_VALID_UNTRANSLATED,Proper noun or internal CVar identifier; translation would violate engine integrity
SOH_UI::soh::soh::Enhancements::cosmetics::CosmeticsEditor_cpp::L758,SOH_UI,MirrorShield_Body2,MirrorShield_Body2,NO,YES,CERTIFIED_VALID_UNTRANSLATED,Proper noun or internal CVar identifier; translation would violate engine integrity
SOH_UI::soh::soh::Enhancements::cosmetics::CosmeticsEditor_cpp::L760,SOH_UI,MirrorShield_Body3,MirrorShield_Body3,NO,YES,CERTIFIED_VALID_UNTRANSLATED,Proper noun or internal CVar identifier; translation would violate engine integrity
SOH_UI::soh::soh::Enhancements::cosmetics::CosmeticsEditor_cpp::L762,SOH_UI,MirrorShield_Body4,MirrorShield_Body4,NO,YES,CERTIFIED_VALID_UNTRANSLATED,Proper noun or internal CVar identifier; translation would violate engine integrity
SOH_UI::soh::soh::Enhancements::cosmetics::CosmeticsEditor_cpp::L764,SOH_UI,MirrorShield_Body5,MirrorShield_Body5,NO,YES,CERTIFIED_VALID_UNTRANSLATED,Proper noun or internal CVar identifier; translation would violate engine integrity
SOH_UI::soh::soh::Enhancements::cosmetics::CosmeticsEditor_cpp::L766,SOH_UI,MirrorShield_Body6,MirrorShield_Body6,NO,YES,CERTIFIED_VALID_UNTRANSLATED,Proper noun or internal CVar identifier; translation would violate engine integrity
SOH_UI::soh::soh::Enhancements::cosmetics::CosmeticsEditor_cpp::L768,SOH_UI,MirrorShield_Body7,MirrorShield_Body7,NO,YES,CERTIFIED_VALID_UNTRANSLATED,Proper noun or internal CVar identifier; translation would violate engine integrity
SOH_UI::soh::soh::Enhancements::cosmetics::CosmeticsEditor_cpp::L770,SOH_UI,MirrorShield_Body8,MirrorShield_Body8,NO,YES,CERTIFIED_VALID_UNTRANSLATED,Proper noun or internal CVar identifier; translation would violate engine integrity
SOH_UI::soh::soh::Enhancements::cosmetics::CosmeticsEditor_cpp::L776,SOH_UI,MirrorShield_Mirror1,MirrorShield_Mirror1,NO,YES,CERTIFIED_VALID_UNTRANSLATED,Proper noun or internal CVar identifier; translation would violate engine integrity
SOH_UI::soh::soh::Enhancements::cosmetics::CosmeticsEditor_cpp::L778,SOH_UI,MirrorShield_Mirror2,MirrorShield_Mirror2,NO,YES,CERTIFIED_VALID_UNTRANSLATED,Proper noun or internal CVar identifier; translation would violate engine integrity
SOH_UI::soh::soh::Enhancements::cosmetics::CosmeticsEditor_cpp::L780,SOH_UI,MirrorShield_Mirror3,MirrorShield_Mirror3,NO,YES,CERTIFIED_VALID_UNTRANSLATED,Proper noun or internal CVar identifier; translation would violate engine integrity
SOH_UI::soh::soh::Enhancements::cosmetics::CosmeticsEditor_cpp::L782,SOH_UI,MirrorShield_Mirror4,MirrorShield_Mirror4,NO,YES,CERTIFIED_VALID_UNTRANSLATED,Proper noun or internal CVar identifier; translation would violate engine integrity
SOH_UI::soh::soh::Enhancements::cosmetics::CosmeticsEditor_cpp::L784,SOH_UI,MirrorShield_Mirror5,MirrorShield_Mirror5,NO,YES,CERTIFIED_VALID_UNTRANSLATED,Proper noun or internal CVar identifier; translation would violate engine integrity
SOH_UI::soh::soh::Enhancements::cosmetics::CosmeticsEditor_cpp::L786,SOH_UI,MirrorShield_Mirror6,MirrorShield_Mirror6,NO,YES,CERTIFIED_VALID_UNTRANSLATED,Proper noun or internal CVar identifier; translation would violate engine integrity
SOH_UI::soh::soh::Enhancements::cosmetics::CosmeticsEditor_cpp::L788,SOH_UI,MirrorShield_Mirror7,MirrorShield_Mirror7,NO,YES,CERTIFIED_VALID_UNTRANSLATED,Proper noun or internal CVar identifier; translation would violate engine integrity
SOH_UI::soh::soh::Enhancements::cosmetics::CosmeticsEditor_cpp::L790,SOH_UI,MirrorShield_Mirror8,MirrorShield_Mirror8,NO,YES,CERTIFIED_VALID_UNTRANSLATED,Proper noun or internal CVar identifier; translation would violate engine integrity
SOH_UI::soh::soh::Enhancements::cosmetics::CosmeticsEditor_cpp::L796,SOH_UI,MirrorShield_Emblem1,MirrorShield_Emblem1,NO,YES,CERTIFIED_VALID_UNTRANSLATED,Proper noun or internal CVar identifier; translation would violate engine integrity
SOH_UI::soh::soh::Enhancements::cosmetics::CosmeticsEditor_cpp::L798,SOH_UI,MirrorShield_Emblem2,MirrorShield_Emblem2,NO,YES,CERTIFIED_VALID_UNTRANSLATED,Proper noun or internal CVar identifier; translation would violate engine integrity
SOH_UI::soh::soh::Enhancements::cosmetics::CosmeticsEditor_cpp::L800,SOH_UI,MirrorShield_Emblem3,MirrorShield_Emblem3,NO,YES,CERTIFIED_VALID_UNTRANSLATED,Proper noun or internal CVar identifier; translation would violate engine integrity
SOH_UI::soh::soh::Enhancements::cosmetics::CosmeticsEditor_cpp::L802,SOH_UI,MirrorShield_Emblem4,MirrorShield_Emblem4,NO,YES,CERTIFIED_VALID_UNTRANSLATED,Proper noun or internal CVar identifier; translation would violate engine integrity
SOH_UI::soh::soh::Enhancements::cosmetics::CosmeticsEditor_cpp::L804,SOH_UI,MirrorShield_Emblem5,MirrorShield_Emblem5,NO,YES,CERTIFIED_VALID_UNTRANSLATED,Proper noun or internal CVar identifier; translation would violate engine integrity
SOH_UI::soh::soh::Enhancements::cosmetics::CosmeticsEditor_cpp::L806,SOH_UI,MirrorShield_Emblem6,MirrorShield_Emblem6,NO,YES,CERTIFIED_VALID_UNTRANSLATED,Proper noun or internal CVar identifier; translation would violate engine integrity
SOH_UI::soh::soh::Enhancements::cosmetics::CosmeticsEditor_cpp::L808,SOH_UI,MirrorShield_Emblem7,MirrorShield_Emblem7,NO,YES,CERTIFIED_VALID_UNTRANSLATED,Proper noun or internal CVar identifier; translation would violate engine integrity
SOH_UI::soh::soh::Enhancements::cosmetics::CosmeticsEditor_cpp::L810,SOH_UI,MirrorShield_Emblem8,MirrorShield_Emblem8,NO,YES,CERTIFIED_VALID_UNTRANSLATED,Proper noun or internal CVar identifier; translation would violate engine integrity
SOH_UI::soh::soh::Enhancements::cosmetics::CosmeticsEditor_cpp::L817,SOH_UI,Swords_KokiriBlade1,Swords_KokiriBlade1,NO,YES,CERTIFIED_VALID_UNTRANSLATED,Proper noun or internal CVar identifier; translation would violate engine integrity
SOH_UI::soh::soh::Enhancements::cosmetics::CosmeticsEditor_cpp::L819,SOH_UI,Swords_KokiriBlade2,Swords_KokiriBlade2,NO,YES,CERTIFIED_VALID_UNTRANSLATED,Proper noun or internal CVar identifier; translation would violate engine integrity
SOH_UI::soh::soh::Enhancements::cosmetics::CosmeticsEditor_cpp::L821,SOH_UI,Swords_KokiriBlade3,Swords_KokiriBlade3,NO,YES,CERTIFIED_VALID_UNTRANSLATED,Proper noun or internal CVar identifier; translation would violate engine integrity
SOH_UI::soh::soh::Enhancements::cosmetics::CosmeticsEditor_cpp::L823,SOH_UI,Swords_KokiriBlade4,Swords_KokiriBlade4,NO,YES,CERTIFIED_VALID_UNTRANSLATED,Proper noun or internal CVar identifier; translation would violate engine integrity
SOH_UI::soh::soh::Enhancements::cosmetics::CosmeticsEditor_cpp::L830,SOH_UI,Swords_KokiriHilt1,Swords_KokiriHilt1,NO,YES,CERTIFIED_VALID_UNTRANSLATED,Proper noun or internal CVar identifier; translation would violate engine integrity
SOH_UI::soh::soh::Enhancements::cosmetics::CosmeticsEditor_cpp::L832,SOH_UI,Swords_KokiriHilt2,Swords_KokiriHilt2,NO,YES,CERTIFIED_VALID_UNTRANSLATED,Proper noun or internal CVar identifier; translation would violate engine integrity
SOH_UI::soh::soh::Enhancements::cosmetics::CosmeticsEditor_cpp::L833,SOH_UI,Swords_KokiriHilt3,Swords_KokiriHilt3,NO,YES,CERTIFIED_VALID_UNTRANSLATED,Proper noun or internal CVar identifier; translation would violate engine integrity
SOH_UI::soh::soh::Enhancements::cosmetics::CosmeticsEditor_cpp::L835,SOH_UI,Swords_KokiriHilt4,Swords_KokiriHilt4,NO,YES,CERTIFIED_VALID_UNTRANSLATED,Proper noun or internal CVar identifier; translation would violate engine integrity
SOH_UI::soh::soh::Enhancements::cosmetics::CosmeticsEditor_cpp::L837,SOH_UI,Swords_KokiriHilt5,Swords_KokiriHilt5,NO,YES,CERTIFIED_VALID_UNTRANSLATED,Proper noun or internal CVar identifier; translation would violate engine integrity
SOH_UI::soh::soh::Enhancements::cosmetics::CosmeticsEditor_cpp::L838,SOH_UI,Swords_KokiriHilt6,Swords_KokiriHilt6,NO,YES,CERTIFIED_VALID_UNTRANSLATED,Proper noun or internal CVar identifier; translation would violate engine integrity
SOH_UI::soh::soh::Enhancements::cosmetics::CosmeticsEditor_cpp::L840,SOH_UI,Swords_KokiriHilt7,Swords_KokiriHilt7,NO,YES,CERTIFIED_VALID_UNTRANSLATED,Proper noun or internal CVar identifier; translation would violate engine integrity
SOH_UI::soh::soh::Enhancements::cosmetics::CosmeticsEditor_cpp::L842,SOH_UI,Swords_KokiriHilt8,Swords_KokiriHilt8,NO,YES,CERTIFIED_VALID_UNTRANSLATED,Proper noun or internal CVar identifier; translation would violate engine integrity
SOH_UI::soh::soh::Enhancements::cosmetics::CosmeticsEditor_cpp::L843,SOH_UI,Swords_KokiriHilt9,Swords_KokiriHilt9,NO,YES,CERTIFIED_VALID_UNTRANSLATED,Proper noun or internal CVar identifier; translation would violate engine integrity
SOH_UI::soh::soh::Enhancements::cosmetics::CosmeticsEditor_cpp::L845,SOH_UI,Swords_KokiriHilt10,Swords_KokiriHilt10,NO,YES,CERTIFIED_VALID_UNTRANSLATED,Proper noun or internal CVar identifier; translation would violate engine integrity
SOH_UI::soh::soh::Enhancements::cosmetics::CosmeticsEditor_cpp::L847,SOH_UI,Swords_KokiriHilt11,Swords_KokiriHilt11,NO,YES,CERTIFIED_VALID_UNTRANSLATED,Proper noun or internal CVar identifier; translation would violate engine integrity
SOH_UI::soh::soh::Enhancements::cosmetics::CosmeticsEditor_cpp::L849,SOH_UI,Swords_KokiriHilt12,Swords_KokiriHilt12,NO,YES,CERTIFIED_VALID_UNTRANSLATED,Proper noun or internal CVar identifier; translation would violate engine integrity
SOH_UI::soh::soh::Enhancements::cosmetics::CosmeticsEditor_cpp::L853,SOH_UI,Swords_KokiriHilt13,Swords_KokiriHilt13,NO,YES,CERTIFIED_VALID_UNTRANSLATED,Proper noun or internal CVar identifier; translation would violate engine integrity
SOH_UI::soh::soh::Enhancements::cosmetics::CosmeticsEditor_cpp::L854,SOH_UI,Swords_KokiriHilt14,Swords_KokiriHilt14,NO,YES,CERTIFIED_VALID_UNTRANSLATED,Proper noun or internal CVar identifier; translation would violate engine integrity
SOH_UI::soh::soh::Enhancements::cosmetics::CosmeticsEditor_cpp::L856,SOH_UI,Swords_KokiriHilt15,Swords_KokiriHilt15,NO,YES,CERTIFIED_VALID_UNTRANSLATED,Proper noun or internal CVar identifier; translation would violate engine integrity
SOH_UI::soh::soh::Enhancements::cosmetics::CosmeticsEditor_cpp::L857,SOH_UI,Swords_KokiriHilt16,Swords_KokiriHilt16,NO,YES,CERTIFIED_VALID_UNTRANSLATED,Proper noun or internal CVar identifier; translation would violate engine integrity
SOH_UI::soh::soh::Enhancements::cosmetics::CosmeticsEditor_cpp::L858,SOH_UI,Swords_KokiriHilt17,Swords_KokiriHilt17,NO,YES,CERTIFIED_VALID_UNTRANSLATED,Proper noun or internal CVar identifier; translation would violate engine integrity
SOH_UI::soh::soh::Enhancements::cosmetics::CosmeticsEditor_cpp::L860,SOH_UI,Swords_KokiriHilt18,Swords_KokiriHilt18,NO,YES,CERTIFIED_VALID_UNTRANSLATED,Proper noun or internal CVar identifier; translation would violate engine integrity
SOH_UI::soh::soh::Enhancements::cosmetics::CosmeticsEditor_cpp::L861,SOH_UI,Swords_KokiriHilt19,Swords_KokiriHilt19,NO,YES,CERTIFIED_VALID_UNTRANSLATED,Proper noun or internal CVar identifier; translation would violate engine integrity
SOH_UI::soh::soh::Enhancements::cosmetics::CosmeticsEditor_cpp::L862,SOH_UI,Swords_KokiriHilt20,Swords_KokiriHilt20,NO,YES,CERTIFIED_VALID_UNTRANSLATED,Proper noun or internal CVar identifier; translation would violate engine integrity
SOH_UI::soh::soh::Enhancements::cosmetics::CosmeticsEditor_cpp::L864,SOH_UI,Swords_KokiriHilt21,Swords_KokiriHilt21,NO,YES,CERTIFIED_VALID_UNTRANSLATED,Proper noun or internal CVar identifier; translation would violate engine integrity
SOH_UI::soh::soh::Enhancements::cosmetics::CosmeticsEditor_cpp::L865,SOH_UI,Swords_KokiriHilt22,Swords_KokiriHilt22,NO,YES,CERTIFIED_VALID_UNTRANSLATED,Proper noun or internal CVar identifier; translation would violate engine integrity
SOH_UI::soh::soh::Enhancements::cosmetics::CosmeticsEditor_cpp::L866,SOH_UI,Swords_KokiriHilt23,Swords_KokiriHilt23,NO,YES,CERTIFIED_VALID_UNTRANSLATED,Proper noun or internal CVar identifier; translation would violate engine integrity
SOH_UI::soh::soh::Enhancements::cosmetics::CosmeticsEditor_cpp::L868,SOH_UI,Swords_KokiriHilt24,Swords_KokiriHilt24,NO,YES,CERTIFIED_VALID_UNTRANSLATED,Proper noun or internal CVar identifier; translation would violate engine integrity
SOH_UI::soh::soh::Enhancements::cosmetics::CosmeticsEditor_cpp::L869,SOH_UI,Swords_KokiriHilt25,Swords_KokiriHilt25,NO,YES,CERTIFIED_VALID_UNTRANSLATED,Proper noun or internal CVar identifier; translation would violate engine integrity
SOH_UI::soh::soh::Enhancements::cosmetics::CosmeticsEditor_cpp::L870,SOH_UI,Swords_KokiriHilt26,Swords_KokiriHilt26,NO,YES,CERTIFIED_VALID_UNTRANSLATED,Proper noun or internal CVar identifier; translation would violate engine integrity
SOH_UI::soh::soh::Enhancements::cosmetics::CosmeticsEditor_cpp::L872,SOH_UI,Swords_KokiriHilt27,Swords_KokiriHilt27,NO,YES,CERTIFIED_VALID_UNTRANSLATED,Proper noun or internal CVar identifier; translation would violate engine integrity
SOH_UI::soh::soh::Enhancements::cosmetics::CosmeticsEditor_cpp::L873,SOH_UI,Swords_KokiriHilt28,Swords_KokiriHilt28,NO,YES,CERTIFIED_VALID_UNTRANSLATED,Proper noun or internal CVar identifier; translation would violate engine integrity
SOH_UI::soh::soh::Enhancements::cosmetics::CosmeticsEditor_cpp::L874,SOH_UI,Swords_KokiriHilt29,Swords_KokiriHilt29,NO,YES,CERTIFIED_VALID_UNTRANSLATED,Proper noun or internal CVar identifier; translation would violate engine integrity
SOH_UI::soh::soh::Enhancements::cosmetics::CosmeticsEditor_cpp::L876,SOH_UI,Swords_KokiriHilt30,Swords_KokiriHilt30,NO,YES,CERTIFIED_VALID_UNTRANSLATED,Proper noun or internal CVar identifier; translation would violate engine integrity
SOH_UI::soh::soh::Enhancements::cosmetics::CosmeticsEditor_cpp::L877,SOH_UI,Swords_KokiriHilt31,Swords_KokiriHilt31,NO,YES,CERTIFIED_VALID_UNTRANSLATED,Proper noun or internal CVar identifier; translation would violate engine integrity
SOH_UI::soh::soh::Enhancements::cosmetics::CosmeticsEditor_cpp::L878,SOH_UI,Swords_KokiriHilt32,Swords_KokiriHilt32,NO,YES,CERTIFIED_VALID_UNTRANSLATED,Proper noun or internal CVar identifier; translation would violate engine integrity
SOH_UI::soh::soh::Enhancements::cosmetics::CosmeticsEditor_cpp::L880,SOH_UI,Swords_KokiriHilt33,Swords_KokiriHilt33,NO,YES,CERTIFIED_VALID_UNTRANSLATED,Proper noun or internal CVar identifier; translation would violate engine integrity
SOH_UI::soh::soh::Enhancements::cosmetics::CosmeticsEditor_cpp::L887,SOH_UI,Swords_MasterBlade1,Swords_MasterBlade1,NO,YES,CERTIFIED_VALID_UNTRANSLATED,Proper noun or internal CVar identifier; translation would violate engine integrity
SOH_UI::soh::soh::Enhancements::cosmetics::CosmeticsEditor_cpp::L889,SOH_UI,Swords_MasterBlade2,Swords_MasterBlade2,NO,YES,CERTIFIED_VALID_UNTRANSLATED,Proper noun or internal CVar identifier; translation would violate engine integrity
SOH_UI::soh::soh::Enhancements::cosmetics::CosmeticsEditor_cpp::L891,SOH_UI,Swords_MasterBlade3,Swords_MasterBlade3,NO,YES,CERTIFIED_VALID_UNTRANSLATED,Proper noun or internal CVar identifier; translation would violate engine integrity
SOH_UI::soh::soh::Enhancements::cosmetics::CosmeticsEditor_cpp::L893,SOH_UI,Swords_MasterBlade4,Swords_MasterBlade4,NO,YES,CERTIFIED_VALID_UNTRANSLATED,Proper noun or internal CVar identifier; translation would violate engine integrity
SOH_UI::soh::soh::Enhancements::cosmetics::CosmeticsEditor_cpp::L895,SOH_UI,Swords_MasterBlade5,Swords_MasterBlade5,NO,YES,CERTIFIED_VALID_UNTRANSLATED,Proper noun or internal CVar identifier; translation would violate engine integrity
SOH_UI::soh::soh::Enhancements::cosmetics::CosmeticsEditor_cpp::L897,SOH_UI,Swords_MasterBlade6,Swords_MasterBlade6,NO,YES,CERTIFIED_VALID_UNTRANSLATED,Proper noun or internal CVar identifier; translation would violate engine integrity
SOH_UI::soh::soh::Enhancements::cosmetics::CosmeticsEditor_cpp::L904,SOH_UI,Swords_MasterHilt1,Swords_MasterHilt1,NO,YES,CERTIFIED_VALID_UNTRANSLATED,Proper noun or internal CVar identifier; translation would violate engine integrity
SOH_UI::soh::soh::Enhancements::cosmetics::CosmeticsEditor_cpp::L906,SOH_UI,Swords_MasterHilt2,Swords_MasterHilt2,NO,YES,CERTIFIED_VALID_UNTRANSLATED,Proper noun or internal CVar identifier; translation would violate engine integrity
SOH_UI::soh::soh::Enhancements::cosmetics::CosmeticsEditor_cpp::L907,SOH_UI,Swords_MasterHilt3,Swords_MasterHilt3,NO,YES,CERTIFIED_VALID_UNTRANSLATED,Proper noun or internal CVar identifier; translation would violate engine integrity
SOH_UI::soh::soh::Enhancements::cosmetics::CosmeticsEditor_cpp::L909,SOH_UI,Swords_MasterHilt4,Swords_MasterHilt4,NO,YES,CERTIFIED_VALID_UNTRANSLATED,Proper noun or internal CVar identifier; translation would violate engine integrity
SOH_UI::soh::soh::Enhancements::cosmetics::CosmeticsEditor_cpp::L911,SOH_UI,Swords_MasterHilt5,Swords_MasterHilt5,NO,YES,CERTIFIED_VALID_UNTRANSLATED,Proper noun or internal CVar identifier; translation would violate engine integrity
SOH_UI::soh::soh::Enhancements::cosmetics::CosmeticsEditor_cpp::L912,SOH_UI,Swords_MasterHilt6,Swords_MasterHilt6,NO,YES,CERTIFIED_VALID_UNTRANSLATED,Proper noun or internal CVar identifier; translation would violate engine integrity
SOH_UI::soh::soh::Enhancements::cosmetics::CosmeticsEditor_cpp::L914,SOH_UI,Swords_MasterHilt7,Swords_MasterHilt7,NO,YES,CERTIFIED_VALID_UNTRANSLATED,Proper noun or internal CVar identifier; translation would violate engine integrity
SOH_UI::soh::soh::Enhancements::cosmetics::CosmeticsEditor_cpp::L916,SOH_UI,Swords_MasterHilt8,Swords_MasterHilt8,NO,YES,CERTIFIED_VALID_UNTRANSLATED,Proper noun or internal CVar identifier; translation would violate engine integrity
SOH_UI::soh::soh::Enhancements::cosmetics::CosmeticsEditor_cpp::L917,SOH_UI,Swords_MasterHilt9,Swords_MasterHilt9,NO,YES,CERTIFIED_VALID_UNTRANSLATED,Proper noun or internal CVar identifier; translation would violate engine integrity
SOH_UI::soh::soh::Enhancements::cosmetics::CosmeticsEditor_cpp::L919,SOH_UI,Swords_MasterHilt10,Swords_MasterHilt10,NO,YES,CERTIFIED_VALID_UNTRANSLATED,Proper noun or internal CVar identifier; translation would violate engine integrity
SOH_UI::soh::soh::Enhancements::cosmetics::CosmeticsEditor_cpp::L923,SOH_UI,Swords_MasterHilt11,Swords_MasterHilt11,NO,YES,CERTIFIED_VALID_UNTRANSLATED,Proper noun or internal CVar identifier; translation would violate engine integrity
SOH_UI::soh::soh::Enhancements::cosmetics::CosmeticsEditor_cpp::L924,SOH_UI,Swords_MasterHilt12,Swords_MasterHilt12,NO,YES,CERTIFIED_VALID_UNTRANSLATED,Proper noun or internal CVar identifier; translation would violate engine integrity
SOH_UI::soh::soh::Enhancements::cosmetics::CosmeticsEditor_cpp::L926,SOH_UI,Swords_MasterHilt13,Swords_MasterHilt13,NO,YES,CERTIFIED_VALID_UNTRANSLATED,Proper noun or internal CVar identifier; translation would violate engine integrity
SOH_UI::soh::soh::Enhancements::cosmetics::CosmeticsEditor_cpp::L927,SOH_UI,Swords_MasterHilt14,Swords_MasterHilt14,NO,YES,CERTIFIED_VALID_UNTRANSLATED,Proper noun or internal CVar identifier; translation would violate engine integrity
SOH_UI::soh::soh::Enhancements::cosmetics::CosmeticsEditor_cpp::L928,SOH_UI,Swords_MasterHilt15,Swords_MasterHilt15,NO,YES,CERTIFIED_VALID_UNTRANSLATED,Proper noun or internal CVar identifier; translation would violate engine integrity
SOH_UI::soh::soh::Enhancements::cosmetics::CosmeticsEditor_cpp::L930,SOH_UI,Swords_MasterHilt16,Swords_MasterHilt16,NO,YES,CERTIFIED_VALID_UNTRANSLATED,Proper noun or internal CVar identifier; translation would violate engine integrity
SOH_UI::soh::soh::Enhancements::cosmetics::CosmeticsEditor_cpp::L931,SOH_UI,Swords_MasterHilt17,Swords_MasterHilt17,NO,YES,CERTIFIED_VALID_UNTRANSLATED,Proper noun or internal CVar identifier; translation would violate engine integrity
SOH_UI::soh::soh::Enhancements::cosmetics::CosmeticsEditor_cpp::L932,SOH_UI,Swords_MasterHilt18,Swords_MasterHilt18,NO,YES,CERTIFIED_VALID_UNTRANSLATED,Proper noun or internal CVar identifier; translation would violate engine integrity
SOH_UI::soh::soh::Enhancements::cosmetics::CosmeticsEditor_cpp::L934,SOH_UI,Swords_MasterHilt19,Swords_MasterHilt19,NO,YES,CERTIFIED_VALID_UNTRANSLATED,Proper noun or internal CVar identifier; translation would violate engine integrity
SOH_UI::soh::soh::Enhancements::cosmetics::CosmeticsEditor_cpp::L935,SOH_UI,Swords_MasterHilt20,Swords_MasterHilt20,NO,YES,CERTIFIED_VALID_UNTRANSLATED,Proper noun or internal CVar identifier; translation would violate engine integrity
SOH_UI::soh::soh::Enhancements::cosmetics::CosmeticsEditor_cpp::L936,SOH_UI,Swords_MasterHilt21,Swords_MasterHilt21,NO,YES,CERTIFIED_VALID_UNTRANSLATED,Proper noun or internal CVar identifier; translation would violate engine integrity
SOH_UI::soh::soh::Enhancements::cosmetics::CosmeticsEditor_cpp::L938,SOH_UI,Swords_MasterHilt22,Swords_MasterHilt22,NO,YES,CERTIFIED_VALID_UNTRANSLATED,Proper noun or internal CVar identifier; translation would violate engine integrity
SOH_UI::soh::soh::Enhancements::cosmetics::CosmeticsEditor_cpp::L939,SOH_UI,Swords_MasterHilt23,Swords_MasterHilt23,NO,YES,CERTIFIED_VALID_UNTRANSLATED,Proper noun or internal CVar identifier; translation would violate engine integrity
SOH_UI::soh::soh::Enhancements::cosmetics::CosmeticsEditor_cpp::L941,SOH_UI,Swords_MasterHilt24,Swords_MasterHilt24,NO,YES,CERTIFIED_VALID_UNTRANSLATED,Proper noun or internal CVar identifier; translation would violate engine integrity
SOH_UI::soh::soh::Enhancements::cosmetics::CosmeticsEditor_cpp::L942,SOH_UI,Swords_MasterHilt25,Swords_MasterHilt25,NO,YES,CERTIFIED_VALID_UNTRANSLATED,Proper noun or internal CVar identifier; translation would violate engine integrity
SOH_UI::soh::soh::Enhancements::cosmetics::CosmeticsEditor_cpp::L943,SOH_UI,Swords_MasterHilt26,Swords_MasterHilt26,NO,YES,CERTIFIED_VALID_UNTRANSLATED,Proper noun or internal CVar identifier; translation would violate engine integrity
SOH_UI::soh::soh::Enhancements::cosmetics::CosmeticsEditor_cpp::L945,SOH_UI,Swords_MasterHilt27,Swords_MasterHilt27,NO,YES,CERTIFIED_VALID_UNTRANSLATED,Proper noun or internal CVar identifier; translation would violate engine integrity
SOH_UI::soh::soh::Enhancements::cosmetics::CosmeticsEditor_cpp::L946,SOH_UI,Swords_MasterHilt28,Swords_MasterHilt28,NO,YES,CERTIFIED_VALID_UNTRANSLATED,Proper noun or internal CVar identifier; translation would violate engine integrity
SOH_UI::soh::soh::Enhancements::cosmetics::CosmeticsEditor_cpp::L947,SOH_UI,Swords_MasterHilt29,Swords_MasterHilt29,NO,YES,CERTIFIED_VALID_UNTRANSLATED,Proper noun or internal CVar identifier; translation would violate engine integrity
SOH_UI::soh::soh::Enhancements::cosmetics::CosmeticsEditor_cpp::L949,SOH_UI,Swords_MasterHilt30,Swords_MasterHilt30,NO,YES,CERTIFIED_VALID_UNTRANSLATED,Proper noun or internal CVar identifier; translation would violate engine integrity
SOH_UI::soh::soh::Enhancements::cosmetics::CosmeticsEditor_cpp::L950,SOH_UI,Swords_MasterHilt31,Swords_MasterHilt31,NO,YES,CERTIFIED_VALID_UNTRANSLATED,Proper noun or internal CVar identifier; translation would violate engine integrity
SOH_UI::soh::soh::Enhancements::cosmetics::CosmeticsEditor_cpp::L951,SOH_UI,Swords_MasterHilt32,Swords_MasterHilt32,NO,YES,CERTIFIED_VALID_UNTRANSLATED,Proper noun or internal CVar identifier; translation would violate engine integrity
SOH_UI::soh::soh::Enhancements::cosmetics::CosmeticsEditor_cpp::L953,SOH_UI,Swords_MasterHilt33,Swords_MasterHilt33,NO,YES,CERTIFIED_VALID_UNTRANSLATED,Proper noun or internal CVar identifier; translation would violate engine integrity
SOH_UI::soh::soh::Enhancements::cosmetics::CosmeticsEditor_cpp::L954,SOH_UI,Swords_MasterHilt34,Swords_MasterHilt34,NO,YES,CERTIFIED_VALID_UNTRANSLATED,Proper noun or internal CVar identifier; translation would violate engine integrity
SOH_UI::soh::soh::Enhancements::cosmetics::CosmeticsEditor_cpp::L955,SOH_UI,Swords_MasterHilt35,Swords_MasterHilt35,NO,YES,CERTIFIED_VALID_UNTRANSLATED,Proper noun or internal CVar identifier; translation would violate engine integrity
SOH_UI::soh::soh::Enhancements::cosmetics::CosmeticsEditor_cpp::L957,SOH_UI,Swords_MasterHilt36,Swords_MasterHilt36,NO,YES,CERTIFIED_VALID_UNTRANSLATED,Proper noun or internal CVar identifier; translation would violate engine integrity
SOH_UI::soh::soh::Enhancements::cosmetics::CosmeticsEditor_cpp::L958,SOH_UI,Swords_MasterHilt37,Swords_MasterHilt37,NO,YES,CERTIFIED_VALID_UNTRANSLATED,Proper noun or internal CVar identifier; translation would violate engine integrity
SOH_UI::soh::soh::Enhancements::cosmetics::CosmeticsEditor_cpp::L959,SOH_UI,Swords_MasterHilt38,Swords_MasterHilt38,NO,YES,CERTIFIED_VALID_UNTRANSLATED,Proper noun or internal CVar identifier; translation would violate engine integrity
SOH_UI::soh::soh::Enhancements::cosmetics::CosmeticsEditor_cpp::L961,SOH_UI,Swords_MasterHilt39,Swords_MasterHilt39,NO,YES,CERTIFIED_VALID_UNTRANSLATED,Proper noun or internal CVar identifier; translation would violate engine integrity
SOH_UI::soh::soh::Enhancements::cosmetics::CosmeticsEditor_cpp::L968,SOH_UI,Swords_BiggoronBlade1,Swords_BiggoronBlade1,NO,YES,CERTIFIED_VALID_UNTRANSLATED,Proper noun or internal CVar identifier; translation would violate engine integrity
SOH_UI::soh::soh::Enhancements::cosmetics::CosmeticsEditor_cpp::L970,SOH_UI,Swords_BiggoronBlade2,Swords_BiggoronBlade2,NO,YES,CERTIFIED_VALID_UNTRANSLATED,Proper noun or internal CVar identifier; translation would violate engine integrity
SOH_UI::soh::soh::Enhancements::cosmetics::CosmeticsEditor_cpp::L972,SOH_UI,Swords_BiggoronBlade3,Swords_BiggoronBlade3,NO,YES,CERTIFIED_VALID_UNTRANSLATED,Proper noun or internal CVar identifier; translation would violate engine integrity
SOH_UI::soh::soh::Enhancements::cosmetics::CosmeticsEditor_cpp::L974,SOH_UI,Swords_BiggoronBlade4,Swords_BiggoronBlade4,NO,YES,CERTIFIED_VALID_UNTRANSLATED,Proper noun or internal CVar identifier; translation would violate engine integrity
SOH_UI::soh::soh::Enhancements::cosmetics::CosmeticsEditor_cpp::L981,SOH_UI,Swords_BiggoronHilt1,Swords_BiggoronHilt1,NO,YES,CERTIFIED_VALID_UNTRANSLATED,Proper noun or internal CVar identifier; translation would violate engine integrity
SOH_UI::soh::soh::Enhancements::cosmetics::CosmeticsEditor_cpp::L983,SOH_UI,Swords_BiggoronHilt2,Swords_BiggoronHilt2,NO,YES,CERTIFIED_VALID_UNTRANSLATED,Proper noun or internal CVar identifier; translation would violate engine integrity
SOH_UI::soh::soh::Enhancements::cosmetics::CosmeticsEditor_cpp::L985,SOH_UI,Swords_BiggoronHilt3,Swords_BiggoronHilt3,NO,YES,CERTIFIED_VALID_UNTRANSLATED,Proper noun or internal CVar identifier; translation would violate engine integrity
SOH_UI::soh::soh::Enhancements::cosmetics::CosmeticsEditor_cpp::L987,SOH_UI,Swords_BiggoronHilt4,Swords_BiggoronHilt4,NO,YES,CERTIFIED_VALID_UNTRANSLATED,Proper noun or internal CVar identifier; translation would violate engine integrity
SOH_UI::soh::soh::Enhancements::cosmetics::CosmeticsEditor_cpp::L989,SOH_UI,Swords_BiggoronHilt5,Swords_BiggoronHilt5,NO,YES,CERTIFIED_VALID_UNTRANSLATED,Proper noun or internal CVar identifier; translation would violate engine integrity
SOH_UI::soh::soh::Enhancements::cosmetics::CosmeticsEditor_cpp::L991,SOH_UI,Swords_BiggoronHilt6,Swords_BiggoronHilt6,NO,YES,CERTIFIED_VALID_UNTRANSLATED,Proper noun or internal CVar identifier; translation would violate engine integrity
SOH_UI::soh::soh::Enhancements::cosmetics::CosmeticsEditor_cpp::L995,SOH_UI,Swords_BiggoronHilt7,Swords_BiggoronHilt7,NO,YES,CERTIFIED_VALID_UNTRANSLATED,Proper noun or internal CVar identifier; translation would violate engine integrity
SOH_UI::soh::soh::Enhancements::cosmetics::CosmeticsEditor_cpp::L997,SOH_UI,Swords_BiggoronHilt8,Swords_BiggoronHilt8,NO,YES,CERTIFIED_VALID_UNTRANSLATED,Proper noun or internal CVar identifier; translation would violate engine integrity
SOH_UI::soh::soh::Enhancements::cosmetics::CosmeticsEditor_cpp::L998,SOH_UI,Swords_BiggoronHilt9,Swords_BiggoronHilt9,NO,YES,CERTIFIED_VALID_UNTRANSLATED,Proper noun or internal CVar identifier; translation would violate engine integrity
SOH_UI::soh::soh::Enhancements::cosmetics::CosmeticsEditor_cpp::L1000,SOH_UI,Swords_BiggoronHilt10,Swords_BiggoronHilt10,NO,YES,CERTIFIED_VALID_UNTRANSLATED,Proper noun or internal CVar identifier; translation would violate engine integrity
SOH_UI::soh::soh::Enhancements::cosmetics::CosmeticsEditor_cpp::L1001,SOH_UI,Swords_BiggoronHilt11,Swords_BiggoronHilt11,NO,YES,CERTIFIED_VALID_UNTRANSLATED,Proper noun or internal CVar identifier; translation would violate engine integrity
SOH_UI::soh::soh::Enhancements::cosmetics::CosmeticsEditor_cpp::L1009,SOH_UI,Gloves_GoronBracelet1,Gloves_GoronBracelet1,NO,YES,CERTIFIED_VALID_UNTRANSLATED,Proper noun or internal CVar identifier; translation would violate engine integrity
SOH_UI::soh::soh::Enhancements::cosmetics::CosmeticsEditor_cpp::L1011,SOH_UI,Gloves_GoronBracelet2,Gloves_GoronBracelet2,NO,YES,CERTIFIED_VALID_UNTRANSLATED,Proper noun or internal CVar identifier; translation would violate engine integrity
SOH_UI::soh::soh::Enhancements::cosmetics::CosmeticsEditor_cpp::L1013,SOH_UI,Gloves_GoronBracelet3,Gloves_GoronBracelet3,NO,YES,CERTIFIED_VALID_UNTRANSLATED,Proper noun or internal CVar identifier; translation would violate engine integrity
SOH_UI::soh::soh::Enhancements::cosmetics::CosmeticsEditor_cpp::L1017,SOH_UI,Gloves_GoronBracelet4,Gloves_GoronBracelet4,NO,YES,CERTIFIED_VALID_UNTRANSLATED,Proper noun or internal CVar identifier; translation would violate engine integrity
SOH_UI::soh::soh::Enhancements::cosmetics::CosmeticsEditor_cpp::L1019,SOH_UI,Gloves_GoronBracelet5,Gloves_GoronBracelet5,NO,YES,CERTIFIED_VALID_UNTRANSLATED,Proper noun or internal CVar identifier; translation would violate engine integrity
SOH_UI::soh::soh::Enhancements::cosmetics::CosmeticsEditor_cpp::L1026,SOH_UI,Gloves_SilverGauntlets1,Gloves_SilverGauntlets1,NO,YES,CERTIFIED_VALID_UNTRANSLATED,Proper noun or internal CVar identifier; translation would violate engine integrity
SOH_UI::soh::soh::Enhancements::cosmetics::CosmeticsEditor_cpp::L1028,SOH_UI,Gloves_SilverGauntlets2,Gloves_SilverGauntlets2,NO,YES,CERTIFIED_VALID_UNTRANSLATED,Proper noun or internal CVar identifier; translation would violate engine integrity
SOH_UI::soh::soh::Enhancements::cosmetics::CosmeticsEditor_cpp::L1034,SOH_UI,Gloves_GoldenGauntlets1,Gloves_GoldenGauntlets1,NO,YES,CERTIFIED_VALID_UNTRANSLATED,Proper noun or internal CVar identifier; translation would violate engine integrity
SOH_UI::soh::soh::Enhancements::cosmetics::CosmeticsEditor_cpp::L1036,SOH_UI,Gloves_GoldenGauntlets2,Gloves_GoldenGauntlets2,NO,YES,CERTIFIED_VALID_UNTRANSLATED,Proper noun or internal CVar identifier; translation would violate engine integrity
SOH_UI::soh::soh::Enhancements::cosmetics::CosmeticsEditor_cpp::L1042,SOH_UI,Gloves_GauntletsGem1,Gloves_GauntletsGem1,NO,YES,CERTIFIED_VALID_UNTRANSLATED,Proper noun or internal CVar identifier; translation would violate engine integrity
SOH_UI::soh::soh::Enhancements::cosmetics::CosmeticsEditor_cpp::L1044,SOH_UI,Gloves_GauntletsGem2,Gloves_GauntletsGem2,NO,YES,CERTIFIED_VALID_UNTRANSLATED,Proper noun or internal CVar identifier; translation would violate engine integrity
SOH_UI::soh::soh::Enhancements::cosmetics::CosmeticsEditor_cpp::L1046,SOH_UI,Gloves_GauntletsGem3,Gloves_GauntletsGem3,NO,YES,CERTIFIED_VALID_UNTRANSLATED,Proper noun or internal CVar identifier; translation would violate engine integrity
SOH_UI::soh::soh::Enhancements::cosmetics::CosmeticsEditor_cpp::L1048,SOH_UI,Gloves_GauntletsGem4,Gloves_GauntletsGem4,NO,YES,CERTIFIED_VALID_UNTRANSLATED,Proper noun or internal CVar identifier; translation would violate engine integrity
SOH_UI::soh::soh::Enhancements::cosmetics::CosmeticsEditor_cpp::L1050,SOH_UI,Gloves_GauntletsGem5,Gloves_GauntletsGem5,NO,YES,CERTIFIED_VALID_UNTRANSLATED,Proper noun or internal CVar identifier; translation would violate engine integrity
SOH_UI::soh::soh::Enhancements::cosmetics::CosmeticsEditor_cpp::L1052,SOH_UI,Gloves_GauntletsGem6,Gloves_GauntletsGem6,NO,YES,CERTIFIED_VALID_UNTRANSLATED,Proper noun or internal CVar identifier; translation would violate engine integrity
SOH_UI::soh::soh::Enhancements::cosmetics::CosmeticsEditor_cpp::L1059,SOH_UI,Equipment_BoomerangBody1,Equipment_BoomerangBody1,NO,YES,CERTIFIED_VALID_UNTRANSLATED,Proper noun or internal CVar identifier; translation would violate engine integrity
SOH_UI::soh::soh::Enhancements::cosmetics::CosmeticsEditor_cpp::L1061,SOH_UI,Equipment_BoomerangBody2,Equipment_BoomerangBody2,NO,YES,CERTIFIED_VALID_UNTRANSLATED,Proper noun or internal CVar identifier; translation would violate engine integrity
SOH_UI::soh::soh::Enhancements::cosmetics::CosmeticsEditor_cpp::L1063,SOH_UI,Equipment_BoomerangBody3,Equipment_BoomerangBody3,NO,YES,CERTIFIED_VALID_UNTRANSLATED,Proper noun or internal CVar identifier; translation would violate engine integrity
SOH_UI::soh::soh::Enhancements::cosmetics::CosmeticsEditor_cpp::L1065,SOH_UI,Equipment_BoomerangBody4,Equipment_BoomerangBody4,NO,YES,CERTIFIED_VALID_UNTRANSLATED,Proper noun or internal CVar identifier; translation would violate engine integrity
SOH_UI::soh::soh::Enhancements::cosmetics::CosmeticsEditor_cpp::L1067,SOH_UI,Equipment_BoomerangBody5,Equipment_BoomerangBody5,NO,YES,CERTIFIED_VALID_UNTRANSLATED,Proper noun or internal CVar identifier; translation would violate engine integrity
SOH_UI::soh::soh::Enhancements::cosmetics::CosmeticsEditor_cpp::L1073,SOH_UI,Equipment_BoomerangGem1,Equipment_BoomerangGem1,NO,YES,CERTIFIED_VALID_UNTRANSLATED,Proper noun or internal CVar identifier; translation would violate engine integrity
SOH_UI::soh::soh::Enhancements::cosmetics::CosmeticsEditor_cpp::L1075,SOH_UI,Equipment_BoomerangGem2,Equipment_BoomerangGem2,NO,YES,CERTIFIED_VALID_UNTRANSLATED,Proper noun or internal CVar identifier; translation would violate engine integrity
SOH_UI::soh::soh::Enhancements::cosmetics::CosmeticsEditor_cpp::L1077,SOH_UI,Equipment_BoomerangGem3,Equipment_BoomerangGem3,NO,YES,CERTIFIED_VALID_UNTRANSLATED,Proper noun or internal CVar identifier; translation would violate engine integrity
SOH_UI::soh::soh::Enhancements::cosmetics::CosmeticsEditor_cpp::L1079,SOH_UI,Equipment_BoomerangGem4,Equipment_BoomerangGem4,NO,YES,CERTIFIED_VALID_UNTRANSLATED,Proper noun or internal CVar identifier; translation would violate engine integrity
SOH_UI::soh::soh::Enhancements::cosmetics::CosmeticsEditor_cpp::L1089,SOH_UI,Equipment_SlingshotBody1,Equipment_SlingshotBody1,NO,YES,CERTIFIED_VALID_UNTRANSLATED,Proper noun or internal CVar identifier; translation would violate engine integrity
SOH_UI::soh::soh::Enhancements::cosmetics::CosmeticsEditor_cpp::L1091,SOH_UI,Equipment_SlingshotBody2,Equipment_SlingshotBody2,NO,YES,CERTIFIED_VALID_UNTRANSLATED,Proper noun or internal CVar identifier; translation would violate engine integrity
SOH_UI::soh::soh::Enhancements::cosmetics::CosmeticsEditor_cpp::L1093,SOH_UI,Equipment_SlingshotBody3,Equipment_SlingshotBody3,NO,YES,CERTIFIED_VALID_UNTRANSLATED,Proper noun or internal CVar identifier; translation would violate engine integrity
SOH_UI::soh::soh::Enhancements::cosmetics::CosmeticsEditor_cpp::L1095,SOH_UI,Equipment_SlingshotBody4,Equipment_SlingshotBody4,NO,YES,CERTIFIED_VALID_UNTRANSLATED,Proper noun or internal CVar identifier; translation would violate engine integrity
SOH_UI::soh::soh::Enhancements::cosmetics::CosmeticsEditor_cpp::L1097,SOH_UI,Equipment_SlingshotBody5,Equipment_SlingshotBody5,NO,YES,CERTIFIED_VALID_UNTRANSLATED,Proper noun or internal CVar identifier; translation would violate engine integrity
SOH_UI::soh::soh::Enhancements::cosmetics::CosmeticsEditor_cpp::L1099,SOH_UI,Equipment_SlingshotBody6,Equipment_SlingshotBody6,NO,YES,CERTIFIED_VALID_UNTRANSLATED,Proper noun or internal CVar identifier; translation would violate engine integrity
SOH_UI::soh::soh::Enhancements::cosmetics::CosmeticsEditor_cpp::L1101,SOH_UI,Equipment_SlingshotBody7,Equipment_SlingshotBody7,NO,YES,CERTIFIED_VALID_UNTRANSLATED,Proper noun or internal CVar identifier; translation would violate engine integrity
SOH_UI::soh::soh::Enhancements::cosmetics::CosmeticsEditor_cpp::L1103,SOH_UI,Equipment_SlingshotBody8,Equipment_SlingshotBody8,NO,YES,CERTIFIED_VALID_UNTRANSLATED,Proper noun or internal CVar identifier; translation would violate engine integrity
SOH_UI::soh::soh::Enhancements::cosmetics::CosmeticsEditor_cpp::L1105,SOH_UI,Equipment_SlingshotBody9,Equipment_SlingshotBody9,NO,YES,CERTIFIED_VALID_UNTRANSLATED,Proper noun or internal CVar identifier; translation would violate engine integrity
SOH_UI::soh::soh::Enhancements::cosmetics::CosmeticsEditor_cpp::L1110,SOH_UI,Equipment_SlingshotBody10,Equipment_SlingshotBody10,NO,YES,CERTIFIED_VALID_UNTRANSLATED,Proper noun or internal CVar identifier; translation would violate engine integrity
SOH_UI::soh::soh::Enhancements::cosmetics::CosmeticsEditor_cpp::L1112,SOH_UI,Equipment_SlingshotBody11,Equipment_SlingshotBody11,NO,YES,CERTIFIED_VALID_UNTRANSLATED,Proper noun or internal CVar identifier; translation would violate engine integrity
SOH_UI::soh::soh::Enhancements::cosmetics::CosmeticsEditor_cpp::L1114,SOH_UI,Equipment_SlingshotBody12,Equipment_SlingshotBody12,NO,YES,CERTIFIED_VALID_UNTRANSLATED,Proper noun or internal CVar identifier; translation would violate engine integrity
SOH_UI::soh::soh::Enhancements::cosmetics::CosmeticsEditor_cpp::L1116,SOH_UI,Equipment_SlingshotBody13,Equipment_SlingshotBody13,NO,YES,CERTIFIED_VALID_UNTRANSLATED,Proper noun or internal CVar identifier; translation would violate engine integrity
SOH_UI::soh::soh::Enhancements::cosmetics::CosmeticsEditor_cpp::L1118,SOH_UI,Equipment_SlingshotBody14,Equipment_SlingshotBody14,NO,YES,CERTIFIED_VALID_UNTRANSLATED,Proper noun or internal CVar identifier; translation would violate engine integrity
SOH_UI::soh::soh::Enhancements::cosmetics::CosmeticsEditor_cpp::L1120,SOH_UI,Equipment_SlingshotBody15,Equipment_SlingshotBody15,NO,YES,CERTIFIED_VALID_UNTRANSLATED,Proper noun or internal CVar identifier; translation would violate engine integrity
SOH_UI::soh::soh::Enhancements::cosmetics::CosmeticsEditor_cpp::L1122,SOH_UI,Equipment_SlingshotBody16,Equipment_SlingshotBody16,NO,YES,CERTIFIED_VALID_UNTRANSLATED,Proper noun or internal CVar identifier; translation would violate engine integrity
SOH_UI::soh::soh::Enhancements::cosmetics::CosmeticsEditor_cpp::L1129,SOH_UI,Equipment_SlingshotString1,Equipment_SlingshotString1,NO,YES,CERTIFIED_VALID_UNTRANSLATED,Proper noun or internal CVar identifier; translation would violate engine integrity
SOH_UI::soh::soh::Enhancements::cosmetics::CosmeticsEditor_cpp::L1131,SOH_UI,Equipment_SlingshotString2,Equipment_SlingshotString2,NO,YES,CERTIFIED_VALID_UNTRANSLATED,Proper noun or internal CVar identifier; translation would violate engine integrity
SOH_UI::soh::soh::Enhancements::cosmetics::CosmeticsEditor_cpp::L1133,SOH_UI,Equipment_SlingshotString3,Equipment_SlingshotString3,NO,YES,CERTIFIED_VALID_UNTRANSLATED,Proper noun or internal CVar identifier; translation would violate engine integrity
SOH_UI::soh::soh::Enhancements::cosmetics::CosmeticsEditor_cpp::L1140,SOH_UI,Equipment_BowTips1,Equipment_BowTips1,NO,YES,CERTIFIED_VALID_UNTRANSLATED,Proper noun or internal CVar identifier; translation would violate engine integrity
SOH_UI::soh::soh::Enhancements::cosmetics::CosmeticsEditor_cpp::L1142,SOH_UI,Equipment_BowTips2,Equipment_BowTips2,NO,YES,CERTIFIED_VALID_UNTRANSLATED,Proper noun or internal CVar identifier; translation would violate engine integrity
SOH_UI::soh::soh::Enhancements::cosmetics::CosmeticsEditor_cpp::L1144,SOH_UI,Equipment_BowTips3,Equipment_BowTips3,NO,YES,CERTIFIED_VALID_UNTRANSLATED,Proper noun or internal CVar identifier; translation would violate engine integrity
SOH_UI::soh::soh::Enhancements::cosmetics::CosmeticsEditor_cpp::L1146,SOH_UI,Equipment_BowTips4,Equipment_BowTips4,NO,YES,CERTIFIED_VALID_UNTRANSLATED,Proper noun or internal CVar identifier; translation would violate engine integrity
SOH_UI::soh::soh::Enhancements::cosmetics::CosmeticsEditor_cpp::L1148,SOH_UI,Equipment_BowTips5,Equipment_BowTips5,NO,YES,CERTIFIED_VALID_UNTRANSLATED,Proper noun or internal CVar identifier; translation would violate engine integrity
SOH_UI::soh::soh::Enhancements::cosmetics::CosmeticsEditor_cpp::L1154,SOH_UI,Equipment_BowString1,Equipment_BowString1,NO,YES,CERTIFIED_VALID_UNTRANSLATED,Proper noun or internal CVar identifier; translation would violate engine integrity
SOH_UI::soh::soh::Enhancements::cosmetics::CosmeticsEditor_cpp::L1156,SOH_UI,Equipment_BowString2,Equipment_BowString2,NO,YES,CERTIFIED_VALID_UNTRANSLATED,Proper noun or internal CVar identifier; translation would violate engine integrity
SOH_UI::soh::soh::Enhancements::cosmetics::CosmeticsEditor_cpp::L1158,SOH_UI,Equipment_BowString3,Equipment_BowString3,NO,YES,CERTIFIED_VALID_UNTRANSLATED,Proper noun or internal CVar identifier; translation would violate engine integrity
SOH_UI::soh::soh::Enhancements::cosmetics::CosmeticsEditor_cpp::L1164,SOH_UI,Equipment_BowBody1,Equipment_BowBody1,NO,YES,CERTIFIED_VALID_UNTRANSLATED,Proper noun or internal CVar identifier; translation would violate engine integrity
SOH_UI::soh::soh::Enhancements::cosmetics::CosmeticsEditor_cpp::L1166,SOH_UI,Equipment_BowBody2,Equipment_BowBody2,NO,YES,CERTIFIED_VALID_UNTRANSLATED,Proper noun or internal CVar identifier; translation would violate engine integrity
SOH_UI::soh::soh::Enhancements::cosmetics::CosmeticsEditor_cpp::L1168,SOH_UI,Equipment_BowBody3,Equipment_BowBody3,NO,YES,CERTIFIED_VALID_UNTRANSLATED,Proper noun or internal CVar identifier; translation would violate engine integrity
SOH_UI::soh::soh::Enhancements::cosmetics::CosmeticsEditor_cpp::L1170,SOH_UI,Equipment_BowBody4,Equipment_BowBody4,NO,YES,CERTIFIED_VALID_UNTRANSLATED,Proper noun or internal CVar identifier; translation would violate engine integrity
SOH_UI::soh::soh::Enhancements::cosmetics::CosmeticsEditor_cpp::L1172,SOH_UI,Equipment_BowBody5,Equipment_BowBody5,NO,YES,CERTIFIED_VALID_UNTRANSLATED,Proper noun or internal CVar identifier; translation would violate engine integrity
SOH_UI::soh::soh::Enhancements::cosmetics::CosmeticsEditor_cpp::L1178,SOH_UI,Equipment_BowHandle1,Equipment_BowHandle1,NO,YES,CERTIFIED_VALID_UNTRANSLATED,Proper noun or internal CVar identifier; translation would violate engine integrity
SOH_UI::soh::soh::Enhancements::cosmetics::CosmeticsEditor_cpp::L1180,SOH_UI,Equipment_BowHandle2,Equipment_BowHandle2,NO,YES,CERTIFIED_VALID_UNTRANSLATED,Proper noun or internal CVar identifier; translation would violate engine integrity
SOH_UI::soh::soh::Enhancements::cosmetics::CosmeticsEditor_cpp::L1182,SOH_UI,Equipment_BowHandle3,Equipment_BowHandle3,NO,YES,CERTIFIED_VALID_UNTRANSLATED,Proper noun or internal CVar identifier; translation would violate engine integrity
SOH_UI::soh::soh::Enhancements::cosmetics::CosmeticsEditor_cpp::L1184,SOH_UI,Equipment_BowHandle4,Equipment_BowHandle4,NO,YES,CERTIFIED_VALID_UNTRANSLATED,Proper noun or internal CVar identifier; translation would violate engine integrity
SOH_UI::soh::soh::Enhancements::cosmetics::CosmeticsEditor_cpp::L1186,SOH_UI,Equipment_BowHandle5,Equipment_BowHandle5,NO,YES,CERTIFIED_VALID_UNTRANSLATED,Proper noun or internal CVar identifier; translation would violate engine integrity
SOH_UI::soh::soh::Enhancements::cosmetics::CosmeticsEditor_cpp::L1193,SOH_UI,Equipment_HammerHead1,Equipment_HammerHead1,NO,YES,CERTIFIED_VALID_UNTRANSLATED,Proper noun or internal CVar identifier; translation would violate engine integrity
SOH_UI::soh::soh::Enhancements::cosmetics::CosmeticsEditor_cpp::L1195,SOH_UI,Equipment_HammerHead2,Equipment_HammerHead2,NO,YES,CERTIFIED_VALID_UNTRANSLATED,Proper noun or internal CVar identifier; translation would violate engine integrity
SOH_UI::soh::soh::Enhancements::cosmetics::CosmeticsEditor_cpp::L1197,SOH_UI,Equipment_HammerHead3,Equipment_HammerHead3,NO,YES,CERTIFIED_VALID_UNTRANSLATED,Proper noun or internal CVar identifier; translation would violate engine integrity
SOH_UI::soh::soh::Enhancements::cosmetics::CosmeticsEditor_cpp::L1199,SOH_UI,Equipment_HammerHead4,Equipment_HammerHead4,NO,YES,CERTIFIED_VALID_UNTRANSLATED,Proper noun or internal CVar identifier; translation would violate engine integrity
SOH_UI::soh::soh::Enhancements::cosmetics::CosmeticsEditor_cpp::L1201,SOH_UI,Equipment_HammerHead5,Equipment_HammerHead5,NO,YES,CERTIFIED_VALID_UNTRANSLATED,Proper noun or internal CVar identifier; translation would violate engine integrity
SOH_UI::soh::soh::Enhancements::cosmetics::CosmeticsEditor_cpp::L1203,SOH_UI,Equipment_HammerHead6,Equipment_HammerHead6,NO,YES,CERTIFIED_VALID_UNTRANSLATED,Proper noun or internal CVar identifier; translation would violate engine integrity
SOH_UI::soh::soh::Enhancements::cosmetics::CosmeticsEditor_cpp::L1209,SOH_UI,Equipment_HammerHandle1,Equipment_HammerHandle1,NO,YES,CERTIFIED_VALID_UNTRANSLATED,Proper noun or internal CVar identifier; translation would violate engine integrity
SOH_UI::soh::soh::Enhancements::cosmetics::CosmeticsEditor_cpp::L1211,SOH_UI,Equipment_HammerHandle2,Equipment_HammerHandle2,NO,YES,CERTIFIED_VALID_UNTRANSLATED,Proper noun or internal CVar identifier; translation would violate engine integrity
SOH_UI::soh::soh::Enhancements::cosmetics::CosmeticsEditor_cpp::L1213,SOH_UI,Equipment_HammerHandle5,Equipment_HammerHandle5,NO,YES,CERTIFIED_VALID_UNTRANSLATED,Proper noun or internal CVar identifier; translation would violate engine integrity
SOH_UI::soh::soh::Enhancements::cosmetics::CosmeticsEditor_cpp::L1215,SOH_UI,Equipment_HammerHandle6,Equipment_HammerHandle6,NO,YES,CERTIFIED_VALID_UNTRANSLATED,Proper noun or internal CVar identifier; translation would violate engine integrity
SOH_UI::soh::soh::Enhancements::cosmetics::CosmeticsEditor_cpp::L1222,SOH_UI,Equipment_HookshotChain1,Equipment_HookshotChain1,NO,YES,CERTIFIED_VALID_UNTRANSLATED,Proper noun or internal CVar identifier; translation would violate engine integrity
SOH_UI::soh::soh::Enhancements::cosmetics::CosmeticsEditor_cpp::L1229,SOH_UI,Equipment_ChuFace1,Equipment_ChuFace1,NO,YES,CERTIFIED_VALID_UNTRANSLATED,Proper noun or internal CVar identifier; translation would violate engine integrity
SOH_UI::soh::soh::Enhancements::cosmetics::CosmeticsEditor_cpp::L1231,SOH_UI,Equipment_ChuFace2,Equipment_ChuFace2,NO,YES,CERTIFIED_VALID_UNTRANSLATED,Proper noun or internal CVar identifier; translation would violate engine integrity
SOH_UI::soh::soh::Enhancements::cosmetics::CosmeticsEditor_cpp::L1233,SOH_UI,Equipment_ChuFace3,Equipment_ChuFace3,NO,YES,CERTIFIED_VALID_UNTRANSLATED,Proper noun or internal CVar identifier; translation would violate engine integrity
SOH_UI::soh::soh::Enhancements::cosmetics::CosmeticsEditor_cpp::L1237,SOH_UI,Equipment_ChuFace4,Equipment_ChuFace4,NO,YES,CERTIFIED_VALID_UNTRANSLATED,Proper noun or internal CVar identifier; translation would violate engine integrity
SOH_UI::soh::soh::Enhancements::cosmetics::CosmeticsEditor_cpp::L1238,SOH_UI,Equipment_ChuFace5,Equipment_ChuFace5,NO,YES,CERTIFIED_VALID_UNTRANSLATED,Proper noun or internal CVar identifier; translation would violate engine integrity
SOH_UI::soh::soh::Enhancements::cosmetics::CosmeticsEditor_cpp::L1244,SOH_UI,Equipment_ChuBody1,Equipment_ChuBody1,NO,YES,CERTIFIED_VALID_UNTRANSLATED,Proper noun or internal CVar identifier; translation would violate engine integrity
SOH_UI::soh::soh::Enhancements::cosmetics::CosmeticsEditor_cpp::L1246,SOH_UI,Equipment_ChuBody2,Equipment_ChuBody2,NO,YES,CERTIFIED_VALID_UNTRANSLATED,Proper noun or internal CVar identifier; translation would violate engine integrity
SOH_UI::soh::soh::Enhancements::cosmetics::CosmeticsEditor_cpp::L1248,SOH_UI,Equipment_ChuBody3,Equipment_ChuBody3,NO,YES,CERTIFIED_VALID_UNTRANSLATED,Proper noun or internal CVar identifier; translation would violate engine integrity
SOH_UI::soh::soh::Enhancements::cosmetics::CosmeticsEditor_cpp::L1250,SOH_UI,Equipment_ChuBody4,Equipment_ChuBody4,NO,YES,CERTIFIED_VALID_UNTRANSLATED,Proper noun or internal CVar identifier; translation would violate engine integrity
SOH_UI::soh::soh::Enhancements::cosmetics::CosmeticsEditor_cpp::L1252,SOH_UI,Equipment_ChuBody5,Equipment_ChuBody5,NO,YES,CERTIFIED_VALID_UNTRANSLATED,Proper noun or internal CVar identifier; translation would violate engine integrity
SOH_UI::soh::soh::Enhancements::cosmetics::CosmeticsEditor_cpp::L1259,SOH_UI,Equipment_BunnyHood1,Equipment_BunnyHood1,NO,YES,CERTIFIED_VALID_UNTRANSLATED,Proper noun or internal CVar identifier; translation would violate engine integrity
SOH_UI::soh::soh::Enhancements::cosmetics::CosmeticsEditor_cpp::L1261,SOH_UI,Equipment_BunnyHood2,Equipment_BunnyHood2,NO,YES,CERTIFIED_VALID_UNTRANSLATED,Proper noun or internal CVar identifier; translation would violate engine integrity
SOH_UI::soh::soh::Enhancements::cosmetics::CosmeticsEditor_cpp::L1263,SOH_UI,Equipment_BunnyHood3,Equipment_BunnyHood3,NO,YES,CERTIFIED_VALID_UNTRANSLATED,Proper noun or internal CVar identifier; translation would violate engine integrity
SOH_UI::soh::soh::Enhancements::cosmetics::CosmeticsEditor_cpp::L1265,SOH_UI,Equipment_BunnyHood4,Equipment_BunnyHood4,NO,YES,CERTIFIED_VALID_UNTRANSLATED,Proper noun or internal CVar identifier; translation would violate engine integrity
SOH_UI::soh::soh::Enhancements::cosmetics::CosmeticsEditor_cpp::L1267,SOH_UI,Equipment_BunnyHood5,Equipment_BunnyHood5,NO,YES,CERTIFIED_VALID_UNTRANSLATED,Proper noun or internal CVar identifier; translation would violate engine integrity
SOH_UI::soh::soh::Enhancements::cosmetics::CosmeticsEditor_cpp::L1271,SOH_UI,Equipment_BunnyHood6,Equipment_BunnyHood6,NO,YES,CERTIFIED_VALID_UNTRANSLATED,Proper noun or internal CVar identifier; translation would violate engine integrity
SOH_UI::soh::soh::Enhancements::cosmetics::CosmeticsEditor_cpp::L1274,SOH_UI,Equipment_BunnyHood7,Equipment_BunnyHood7,NO,YES,CERTIFIED_VALID_UNTRANSLATED,Proper noun or internal CVar identifier; translation would violate engine integrity
SOH_UI::soh::soh::Enhancements::cosmetics::CosmeticsEditor_cpp::L1277,SOH_UI,Equipment_BunnyHood7,Equipment_BunnyHood7,NO,YES,CERTIFIED_VALID_UNTRANSLATED,Proper noun or internal CVar identifier; translation would violate engine integrity
SOH_UI::soh::soh::Enhancements::cosmetics::CosmeticsEditor_cpp::L1285,SOH_UI,Consumable_GreenRupee1,Consumable_GreenRupee1,NO,YES,CERTIFIED_VALID_UNTRANSLATED,Proper noun or internal CVar identifier; translation would violate engine integrity
SOH_UI::soh::soh::Enhancements::cosmetics::CosmeticsEditor_cpp::L1287,SOH_UI,Consumable_GreenRupee2,Consumable_GreenRupee2,NO,YES,CERTIFIED_VALID_UNTRANSLATED,Proper noun or internal CVar identifier; translation would violate engine integrity
SOH_UI::soh::soh::Enhancements::cosmetics::CosmeticsEditor_cpp::L1290,SOH_UI,Consumable_GreenRupee3,Consumable_GreenRupee3,NO,YES,CERTIFIED_VALID_UNTRANSLATED,Proper noun or internal CVar identifier; translation would violate engine integrity
SOH_UI::soh::soh::Enhancements::cosmetics::CosmeticsEditor_cpp::L1292,SOH_UI,Consumable_GreenRupee4,Consumable_GreenRupee4,NO,YES,CERTIFIED_VALID_UNTRANSLATED,Proper noun or internal CVar identifier; translation would violate engine integrity
SOH_UI::soh::soh::Enhancements::cosmetics::CosmeticsEditor_cpp::L1297,SOH_UI,RainbowBridge_StartGrayscale,RainbowBridge_StartGrayscale,NO,YES,CERTIFIED_VALID_UNTRANSLATED,Proper noun or internal CVar identifier; translation would violate engine integrity
SOH_UI::soh::soh::Enhancements::cosmetics::CosmeticsEditor_cpp::L1298,SOH_UI,RainbowBridge_MakeGreen,RainbowBridge_MakeGreen,NO,YES,CERTIFIED_VALID_UNTRANSLATED,Proper noun or internal CVar identifier; translation would violate engine integrity
SOH_UI::soh::soh::Enhancements::cosmetics::CosmeticsEditor_cpp::L1300,SOH_UI,RainbowBridge_EndGrayscaleAndEndDlist,RainbowBridge_EndGrayscaleAndEndDlist,NO,YES,CERTIFIED_VALID_UNTRANSLATED,Proper noun or internal CVar identifier; translation would violate engine integrity
SOH_UI::soh::soh::Enhancements::cosmetics::CosmeticsEditor_cpp::L1303,SOH_UI,RainbowBridge_StartGrayscale,RainbowBridge_StartGrayscale,NO,YES,CERTIFIED_VALID_UNTRANSLATED,Proper noun or internal CVar identifier; translation would violate engine integrity
SOH_UI::soh::soh::Enhancements::cosmetics::CosmeticsEditor_cpp::L1304,SOH_UI,RainbowBridge_MakeGreen,RainbowBridge_MakeGreen,NO,YES,CERTIFIED_VALID_UNTRANSLATED,Proper noun or internal CVar identifier; translation would violate engine integrity
SOH_UI::soh::soh::Enhancements::cosmetics::CosmeticsEditor_cpp::L1305,SOH_UI,RainbowBridge_EndGrayscaleAndEndDlist,RainbowBridge_EndGrayscaleAndEndDlist,NO,YES,CERTIFIED_VALID_UNTRANSLATED,Proper noun or internal CVar identifier; translation would violate engine integrity
SOH_UI::soh::soh::Enhancements::cosmetics::CosmeticsEditor_cpp::L1311,SOH_UI,Consumable_BlueRupee1,Consumable_BlueRupee1,NO,YES,CERTIFIED_VALID_UNTRANSLATED,Proper noun or internal CVar identifier; translation would violate engine integrity
SOH_UI::soh::soh::Enhancements::cosmetics::CosmeticsEditor_cpp::L1313,SOH_UI,Consumable_BlueRupee2,Consumable_BlueRupee2,NO,YES,CERTIFIED_VALID_UNTRANSLATED,Proper noun or internal CVar identifier; translation would violate engine integrity
SOH_UI::soh::soh::Enhancements::cosmetics::CosmeticsEditor_cpp::L1316,SOH_UI,Consumable_BlueRupee3,Consumable_BlueRupee3,NO,YES,CERTIFIED_VALID_UNTRANSLATED,Proper noun or internal CVar identifier; translation would violate engine integrity
SOH_UI::soh::soh::Enhancements::cosmetics::CosmeticsEditor_cpp::L1318,SOH_UI,Consumable_BlueRupee4,Consumable_BlueRupee4,NO,YES,CERTIFIED_VALID_UNTRANSLATED,Proper noun or internal CVar identifier; translation would violate engine integrity
SOH_UI::soh::soh::Enhancements::cosmetics::CosmeticsEditor_cpp::L1324,SOH_UI,Consumable_RedRupee1,Consumable_RedRupee1,NO,YES,CERTIFIED_VALID_UNTRANSLATED,Proper noun or internal CVar identifier; translation would violate engine integrity
SOH_UI::soh::soh::Enhancements::cosmetics::CosmeticsEditor_cpp::L1326,SOH_UI,Consumable_RedRupee2,Consumable_RedRupee2,NO,YES,CERTIFIED_VALID_UNTRANSLATED,Proper noun or internal CVar identifier; translation would violate engine integrity
SOH_UI::soh::soh::Enhancements::cosmetics::CosmeticsEditor_cpp::L1329,SOH_UI,Consumable_RedRupee3,Consumable_RedRupee3,NO,YES,CERTIFIED_VALID_UNTRANSLATED,Proper noun or internal CVar identifier; translation would violate engine integrity
SOH_UI::soh::soh::Enhancements::cosmetics::CosmeticsEditor_cpp::L1331,SOH_UI,Consumable_RedRupee4,Consumable_RedRupee4,NO,YES,CERTIFIED_VALID_UNTRANSLATED,Proper noun or internal CVar identifier; translation would violate engine integrity
SOH_UI::soh::soh::Enhancements::cosmetics::CosmeticsEditor_cpp::L1337,SOH_UI,Consumable_PurpleRupee1,Consumable_PurpleRupee1,NO,YES,CERTIFIED_VALID_UNTRANSLATED,Proper noun or internal CVar identifier; translation would violate engine integrity
SOH_UI::soh::soh::Enhancements::cosmetics::CosmeticsEditor_cpp::L1339,SOH_UI,Consumable_PurpleRupee2,Consumable_PurpleRupee2,NO,YES,CERTIFIED_VALID_UNTRANSLATED,Proper noun or internal CVar identifier; translation would violate engine integrity
SOH_UI::soh::soh::Enhancements::cosmetics::CosmeticsEditor_cpp::L1342,SOH_UI,Consumable_PurpleRupee3,Consumable_PurpleRupee3,NO,YES,CERTIFIED_VALID_UNTRANSLATED,Proper noun or internal CVar identifier; translation would violate engine integrity
SOH_UI::soh::soh::Enhancements::cosmetics::CosmeticsEditor_cpp::L1344,SOH_UI,Consumable_PurpleRupee4,Consumable_PurpleRupee4,NO,YES,CERTIFIED_VALID_UNTRANSLATED,Proper noun or internal CVar identifier; translation would violate engine integrity
SOH_UI::soh::soh::Enhancements::cosmetics::CosmeticsEditor_cpp::L1350,SOH_UI,Consumable_GoldRupee1,Consumable_GoldRupee1,NO,YES,CERTIFIED_VALID_UNTRANSLATED,Proper noun or internal CVar identifier; translation would violate engine integrity
SOH_UI::soh::soh::Enhancements::cosmetics::CosmeticsEditor_cpp::L1352,SOH_UI,Consumable_GoldRupee2,Consumable_GoldRupee2,NO,YES,CERTIFIED_VALID_UNTRANSLATED,Proper noun or internal CVar identifier; translation would violate engine integrity
SOH_UI::soh::soh::Enhancements::cosmetics::CosmeticsEditor_cpp::L1355,SOH_UI,Consumable_GoldRupee3,Consumable_GoldRupee3,NO,YES,CERTIFIED_VALID_UNTRANSLATED,Proper noun or internal CVar identifier; translation would violate engine integrity
SOH_UI::soh::soh::Enhancements::cosmetics::CosmeticsEditor_cpp::L1357,SOH_UI,Consumable_GoldRupee4,Consumable_GoldRupee4,NO,YES,CERTIFIED_VALID_UNTRANSLATED,Proper noun or internal CVar identifier; translation would violate engine integrity
SOH_UI::soh::soh::Enhancements::cosmetics::CosmeticsEditor_cpp::L1365,SOH_UI,Consumable_Hearts1,Consumable_Hearts1,NO,YES,CERTIFIED_VALID_UNTRANSLATED,Proper noun or internal CVar identifier; translation would violate engine integrity
SOH_UI::soh::soh::Enhancements::cosmetics::CosmeticsEditor_cpp::L1366,SOH_UI,Consumable_Hearts2,Consumable_Hearts2,NO,YES,CERTIFIED_VALID_UNTRANSLATED,Proper noun or internal CVar identifier; translation would violate engine integrity
SOH_UI::soh::soh::Enhancements::cosmetics::CosmeticsEditor_cpp::L1368,SOH_UI,Consumable_Hearts3,Consumable_Hearts3,NO,YES,CERTIFIED_VALID_UNTRANSLATED,Proper noun or internal CVar identifier; translation would violate engine integrity
SOH_UI::soh::soh::Enhancements::cosmetics::CosmeticsEditor_cpp::L1369,SOH_UI,Consumable_Hearts4,Consumable_Hearts4,NO,YES,CERTIFIED_VALID_UNTRANSLATED,Proper noun or internal CVar identifier; translation would violate engine integrity
SOH_UI::soh::soh::Enhancements::cosmetics::CosmeticsEditor_cpp::L1372,SOH_UI,Consumable_Hearts5,Consumable_Hearts5,NO,YES,CERTIFIED_VALID_UNTRANSLATED,Proper noun or internal CVar identifier; translation would violate engine integrity
SOH_UI::soh::soh::Enhancements::cosmetics::CosmeticsEditor_cpp::L1374,SOH_UI,Consumable_Hearts6,Consumable_Hearts6,NO,YES,CERTIFIED_VALID_UNTRANSLATED,Proper noun or internal CVar identifier; translation would violate engine integrity
SOH_UI::soh::soh::Enhancements::cosmetics::CosmeticsEditor_cpp::L1376,SOH_UI,Consumable_Hearts7,Consumable_Hearts7,NO,YES,CERTIFIED_VALID_UNTRANSLATED,Proper noun or internal CVar identifier; translation would violate engine integrity
SOH_UI::soh::soh::Enhancements::cosmetics::CosmeticsEditor_cpp::L1378,SOH_UI,Consumable_Hearts8,Consumable_Hearts8,NO,YES,CERTIFIED_VALID_UNTRANSLATED,Proper noun or internal CVar identifier; translation would violate engine integrity
SOH_UI::soh::soh::Enhancements::cosmetics::CosmeticsEditor_cpp::L1380,SOH_UI,Consumable_Hearts9,Consumable_Hearts9,NO,YES,CERTIFIED_VALID_UNTRANSLATED,Proper noun or internal CVar identifier; translation would violate engine integrity
SOH_UI::soh::soh::Enhancements::cosmetics::CosmeticsEditor_cpp::L1382,SOH_UI,Consumable_Hearts10,Consumable_Hearts10,NO,YES,CERTIFIED_VALID_UNTRANSLATED,Proper noun or internal CVar identifier; translation would violate engine integrity
SOH_UI::soh::soh::Enhancements::cosmetics::CosmeticsEditor_cpp::L1388,SOH_UI,Consumable_Magic1,Consumable_Magic1,NO,YES,CERTIFIED_VALID_UNTRANSLATED,Proper noun or internal CVar identifier; translation would violate engine integrity
SOH_UI::soh::soh::Enhancements::cosmetics::CosmeticsEditor_cpp::L1390,SOH_UI,Consumable_Magic2,Consumable_Magic2,NO,YES,CERTIFIED_VALID_UNTRANSLATED,Proper noun or internal CVar identifier; translation would violate engine integrity
SOH_UI::soh::soh::Enhancements::cosmetics::CosmeticsEditor_cpp::L1392,SOH_UI,Consumable_Magic3,Consumable_Magic3,NO,YES,CERTIFIED_VALID_UNTRANSLATED,Proper noun or internal CVar identifier; translation would violate engine integrity
SOH_UI::soh::soh::Enhancements::cosmetics::CosmeticsEditor_cpp::L1394,SOH_UI,Consumable_Magic4,Consumable_Magic4,NO,YES,CERTIFIED_VALID_UNTRANSLATED,Proper noun or internal CVar identifier; translation would violate engine integrity
SOH_UI::soh::soh::Enhancements::cosmetics::CosmeticsEditor_cpp::L1396,SOH_UI,Consumable_Magic5,Consumable_Magic5,NO,YES,CERTIFIED_VALID_UNTRANSLATED,Proper noun or internal CVar identifier; translation would violate engine integrity
SOH_UI::soh::soh::Enhancements::cosmetics::CosmeticsEditor_cpp::L1398,SOH_UI,Consumable_Magic6,Consumable_Magic6,NO,YES,CERTIFIED_VALID_UNTRANSLATED,Proper noun or internal CVar identifier; translation would violate engine integrity
SOH_UI::soh::soh::Enhancements::cosmetics::CosmeticsEditor_cpp::L1405,SOH_UI,NPC_GoldenSkulltula1,NPC_GoldenSkulltula1,NO,YES,CERTIFIED_VALID_UNTRANSLATED,Proper noun or internal CVar identifier; translation would violate engine integrity
SOH_UI::soh::soh::Enhancements::cosmetics::CosmeticsEditor_cpp::L1407,SOH_UI,NPC_GoldenSkulltula2,NPC_GoldenSkulltula2,NO,YES,CERTIFIED_VALID_UNTRANSLATED,Proper noun or internal CVar identifier; translation would violate engine integrity
SOH_UI::soh::soh::Enhancements::cosmetics::CosmeticsEditor_cpp::L1409,SOH_UI,NPC_GoldenSkulltula3,NPC_GoldenSkulltula3,NO,YES,CERTIFIED_VALID_UNTRANSLATED,Proper noun or internal CVar identifier; translation would violate engine integrity
SOH_UI::soh::soh::Enhancements::cosmetics::CosmeticsEditor_cpp::L1411,SOH_UI,NPC_GoldenSkulltula4,NPC_GoldenSkulltula4,NO,YES,CERTIFIED_VALID_UNTRANSLATED,Proper noun or internal CVar identifier; translation would violate engine integrity
SOH_UI::soh::soh::Enhancements::cosmetics::CosmeticsEditor_cpp::L1413,SOH_UI,NPC_GoldenSkulltula5,NPC_GoldenSkulltula5,NO,YES,CERTIFIED_VALID_UNTRANSLATED,Proper noun or internal CVar identifier; translation would violate engine integrity
SOH_UI::soh::soh::Enhancements::cosmetics::CosmeticsEditor_cpp::L1415,SOH_UI,NPC_GoldenSkulltula6,NPC_GoldenSkulltula6,NO,YES,CERTIFIED_VALID_UNTRANSLATED,Proper noun or internal CVar identifier; translation would violate engine integrity
SOH_UI::soh::soh::Enhancements::cosmetics::CosmeticsEditor_cpp::L1417,SOH_UI,NPC_GoldenSkulltula7,NPC_GoldenSkulltula7,NO,YES,CERTIFIED_VALID_UNTRANSLATED,Proper noun or internal CVar identifier; translation would violate engine integrity
SOH_UI::soh::soh::Enhancements::cosmetics::CosmeticsEditor_cpp::L1419,SOH_UI,NPC_GoldenSkulltula8,NPC_GoldenSkulltula8,NO,YES,CERTIFIED_VALID_UNTRANSLATED,Proper noun or internal CVar identifier; translation would violate engine integrity
SOH_UI::soh::soh::Enhancements::cosmetics::CosmeticsEditor_cpp::L1421,SOH_UI,NPC_GoldenSkulltula9,NPC_GoldenSkulltula9,NO,YES,CERTIFIED_VALID_UNTRANSLATED,Proper noun or internal CVar identifier; translation would violate engine integrity
SOH_UI::soh::soh::Enhancements::cosmetics::CosmeticsEditor_cpp::L1423,SOH_UI,NPC_GoldenSkulltula10,NPC_GoldenSkulltula10,NO,YES,CERTIFIED_VALID_UNTRANSLATED,Proper noun or internal CVar identifier; translation would violate engine integrity
SOH_UI::soh::soh::Enhancements::cosmetics::CosmeticsEditor_cpp::L1430,SOH_UI,NPC_Gerudo1,NPC_Gerudo1,NO,YES,CERTIFIED_VALID_UNTRANSLATED,Proper noun or internal CVar identifier; translation would violate engine integrity
SOH_UI::soh::soh::Enhancements::cosmetics::CosmeticsEditor_cpp::L1432,SOH_UI,NPC_Gerudo2,NPC_Gerudo2,NO,YES,CERTIFIED_VALID_UNTRANSLATED,Proper noun or internal CVar identifier; translation would violate engine integrity
SOH_UI::soh::soh::Enhancements::cosmetics::CosmeticsEditor_cpp::L1434,SOH_UI,NPC_Gerudo3,NPC_Gerudo3,NO,YES,CERTIFIED_VALID_UNTRANSLATED,Proper noun or internal CVar identifier; translation would violate engine integrity
SOH_UI::soh::soh::Enhancements::cosmetics::CosmeticsEditor_cpp::L1436,SOH_UI,NPC_Gerudo4,NPC_Gerudo4,NO,YES,CERTIFIED_VALID_UNTRANSLATED,Proper noun or internal CVar identifier; translation would violate engine integrity
SOH_UI::soh::soh::Enhancements::cosmetics::CosmeticsEditor_cpp::L1438,SOH_UI,NPC_Gerudo5,NPC_Gerudo5,NO,YES,CERTIFIED_VALID_UNTRANSLATED,Proper noun or internal CVar identifier; translation would violate engine integrity
SOH_UI::soh::soh::Enhancements::cosmetics::CosmeticsEditor_cpp::L1440,SOH_UI,NPC_Gerudo6,NPC_Gerudo6,NO,YES,CERTIFIED_VALID_UNTRANSLATED,Proper noun or internal CVar identifier; translation would violate engine integrity
SOH_UI::soh::soh::Enhancements::cosmetics::CosmeticsEditor_cpp::L1442,SOH_UI,NPC_Gerudo7,NPC_Gerudo7,NO,YES,CERTIFIED_VALID_UNTRANSLATED,Proper noun or internal CVar identifier; translation would violate engine integrity
SOH_UI::soh::soh::Enhancements::cosmetics::CosmeticsEditor_cpp::L1444,SOH_UI,NPC_Gerudo8,NPC_Gerudo8,NO,YES,CERTIFIED_VALID_UNTRANSLATED,Proper noun or internal CVar identifier; translation would violate engine integrity
SOH_UI::soh::soh::Enhancements::cosmetics::CosmeticsEditor_cpp::L1451,SOH_UI,NPC_MetalTrap1,NPC_MetalTrap1,NO,YES,CERTIFIED_VALID_UNTRANSLATED,Proper noun or internal CVar identifier; translation would violate engine integrity
SOH_UI::soh::soh::Enhancements::cosmetics::CosmeticsEditor_cpp::L1458,SOH_UI,Title_N64LogoRed1,Title_N64LogoRed1,NO,YES,CERTIFIED_VALID_UNTRANSLATED,Proper noun or internal CVar identifier; translation would violate engine integrity
SOH_UI::soh::soh::Enhancements::cosmetics::CosmeticsEditor_cpp::L1460,SOH_UI,Title_N64LogoRed2,Title_N64LogoRed2,NO,YES,CERTIFIED_VALID_UNTRANSLATED,Proper noun or internal CVar identifier; translation would violate engine integrity
SOH_UI::soh::soh::Enhancements::cosmetics::CosmeticsEditor_cpp::L1466,SOH_UI,Title_N64LogoBlue1,Title_N64LogoBlue1,NO,YES,CERTIFIED_VALID_UNTRANSLATED,Proper noun or internal CVar identifier; translation would violate engine integrity
SOH_UI::soh::soh::Enhancements::cosmetics::CosmeticsEditor_cpp::L1468,SOH_UI,Title_N64LogoBlue2,Title_N64LogoBlue2,NO,YES,CERTIFIED_VALID_UNTRANSLATED,Proper noun or internal CVar identifier; translation would violate engine integrity
SOH_UI::soh::soh::Enhancements::cosmetics::CosmeticsEditor_cpp::L1474,SOH_UI,Title_N64LogoGreen1,Title_N64LogoGreen1,NO,YES,CERTIFIED_VALID_UNTRANSLATED,Proper noun or internal CVar identifier; translation would violate engine integrity
SOH_UI::soh::soh::Enhancements::cosmetics::CosmeticsEditor_cpp::L1476,SOH_UI,Title_N64LogoGreen2,Title_N64LogoGreen2,NO,YES,CERTIFIED_VALID_UNTRANSLATED,Proper noun or internal CVar identifier; translation would violate engine integrity
SOH_UI::soh::soh::Enhancements::cosmetics::CosmeticsEditor_cpp::L1482,SOH_UI,Title_N64LogoYellow1,Title_N64LogoYellow1,NO,YES,CERTIFIED_VALID_UNTRANSLATED,Proper noun or internal CVar identifier; translation would violate engine integrity
SOH_UI::soh::soh::Enhancements::cosmetics::CosmeticsEditor_cpp::L1484,SOH_UI,Title_N64LogoYellow2,Title_N64LogoYellow2,NO,YES,CERTIFIED_VALID_UNTRANSLATED,Proper noun or internal CVar identifier; translation would violate engine integrity
SOH_UI::soh::soh::Enhancements::cosmetics::CosmeticsEditor_cpp::L1722,SOH_UI,VisualAgony,VisualAgony,NO,YES,CERTIFIED_VALID_UNTRANSLATED,Proper noun or internal CVar identifier; translation would violate engine integrity
SOH_UI::soh::soh::Enhancements::cosmetics::CosmeticsEditor_cpp::L1759,SOH_UI,DpadEquips,DpadEquips,NO,YES,CERTIFIED_VALID_UNTRANSLATED,Proper noun or internal CVar identifier; translation would violate engine integrity
SOH_UI::soh::soh::Enhancements::cosmetics::CosmeticsEditor_cpp::L1778,SOH_UI,Minimap,Minimap,NO,YES,CERTIFIED_VALID_UNTRANSLATED,Proper noun or internal CVar identifier; translation would violate engine integrity
SOH_UI::soh::soh::Enhancements::cosmetics::CosmeticsEditor_cpp::L1790,SOH_UI,Carrots,Carrots,NO,YES,CERTIFIED_VALID_UNTRANSLATED,Proper noun or internal CVar identifier; translation would violate engine integrity
SOH_UI::soh::soh::Enhancements::cosmetics::CosmeticsEditor_cpp::L1793,SOH_UI,Timers,Timers,NO,YES,CERTIFIED_VALID_UNTRANSLATED,Proper noun or internal CVar identifier; translation would violate engine integrity
SOH_UI::soh::soh::Enhancements::cosmetics::CosmeticsEditor_cpp::L1844,SOH_UI,Reset##EnemyHealthBarWidth,Reset##EnemyHealthBarWidth,NO,YES,CERTIFIED_VALID_UNTRANSLATED,Proper noun or internal CVar identifier; translation would violate engine integrity
SOH_UI::soh::soh::Enhancements::cosmetics::CosmeticsEditor_cpp::L1877,SOH_UI,LetItSnow,LetItSnow,NO,YES,CERTIFIED_VALID_UNTRANSLATED,Proper noun or internal CVar identifier; translation would violate engine integrity
SOH_UI::soh::soh::Enhancements::cosmetics::CosmeticsEditor_cpp::L1898,SOH_UI,Reset##Link_BodySize,Reset##Link_BodySize,NO,YES,CERTIFIED_VALID_UNTRANSLATED,Proper noun or internal CVar identifier; translation would violate engine integrity
SOH_UI::soh::soh::Enhancements::cosmetics::CosmeticsEditor_cpp::L1922,SOH_UI,Reset##Link_HeadScale,Reset##Link_HeadScale,NO,YES,CERTIFIED_VALID_UNTRANSLATED,Proper noun or internal CVar identifier; translation would violate engine integrity
SOH_UI::soh::soh::Enhancements::cosmetics::CosmeticsEditor_cpp::L1937,SOH_UI,Reset##Link_SwordScale,Reset##Link_SwordScale,NO,YES,CERTIFIED_VALID_UNTRANSLATED,Proper noun or internal CVar identifier; translation would violate engine integrity
SOH_UI::soh::soh::Enhancements::cosmetics::CosmeticsEditor_cpp::L1950,SOH_UI,Reset##BunnyHood_EarLength,Reset##BunnyHood_EarLength,NO,YES,CERTIFIED_VALID_UNTRANSLATED,Proper noun or internal CVar identifier; translation would violate engine integrity
SOH_UI::soh::soh::Enhancements::cosmetics::CosmeticsEditor_cpp::L1963,SOH_UI,Reset##BunnyHood_EarSpread,Reset##BunnyHood_EarSpread,NO,YES,CERTIFIED_VALID_UNTRANSLATED,Proper noun or internal CVar identifier; translation would violate engine integrity
SOH_UI::soh::soh::Enhancements::cosmetics::CosmeticsEditor_cpp::L1976,SOH_UI,Reset##Goron_NeckLength,Reset##Goron_NeckLength,NO,YES,CERTIFIED_VALID_UNTRANSLATED,Proper noun or internal CVar identifier; translation would violate engine integrity
SOH_UI::soh::soh::Enhancements::cosmetics::CosmeticsEditor_cpp::L1980,SOH_UI,UnfixGoronSpin,UnfixGoronSpin,NO,YES,CERTIFIED_VALID_UNTRANSLATED,Proper noun or internal CVar identifier; translation would violate engine integrity
SOH_UI::soh::soh::Enhancements::cosmetics::CosmeticsEditor_cpp::L1994,SOH_UI,Reset##Fairies_Size,Reset##Fairies_Size,NO,YES,CERTIFIED_VALID_UNTRANSLATED,Proper noun or internal CVar identifier; translation would violate engine integrity
SOH_UI::soh::soh::Enhancements::cosmetics::CosmeticsEditor_cpp::L2007,SOH_UI,Reset##N64Logo_SpinSpeed,Reset##N64Logo_SpinSpeed,NO,YES,CERTIFIED_VALID_UNTRANSLATED,Proper noun or internal CVar identifier; translation would violate engine integrity
SOH_UI::soh::soh::Enhancements::cosmetics::CosmeticsEditor_cpp::L2020,SOH_UI,Reset##Moon_Size,Reset##Moon_Size,NO,YES,CERTIFIED_VALID_UNTRANSLATED,Proper noun or internal CVar identifier; translation would violate engine integrity
SOH_UI::soh::soh::Enhancements::cosmetics::CosmeticsEditor_cpp::L2035,SOH_UI,Reset##Kak_Windmill_Speed,Reset##Kak_Windmill_Speed,NO,YES,CERTIFIED_VALID_UNTRANSLATED,Proper noun or internal CVar identifier; translation would violate engine integrity
SOH_UI::soh::soh::Enhancements::cosmetics::CosmeticsEditor_cpp::L2073,SOH_UI,AdvancedMode,AdvancedMode,NO,YES,CERTIFIED_VALID_UNTRANSLATED,Proper noun or internal CVar identifier; translation would violate engine integrity
SOH_UI::soh::soh::Enhancements::cosmetics::CosmeticsEditor_cpp::L2196,SOH_UI,Random##,Random##,NO,YES,CERTIFIED_VALID_UNTRANSLATED,Proper noun or internal CVar identifier; translation would violate engine integrity
SOH_UI::soh::soh::Enhancements::cosmetics::CosmeticsEditor_cpp::L2204,SOH_UI,Rainbow##,Rainbow##,NO,YES,CERTIFIED_VALID_UNTRANSLATED,Proper noun or internal CVar identifier; translation would violate engine integrity
SOH_UI::soh::soh::Enhancements::cosmetics::CosmeticsEditor_cpp::L2214,SOH_UI,Locked##,Locked##,NO,YES,CERTIFIED_VALID_UNTRANSLATED,Proper noun or internal CVar identifier; translation would violate engine integrity
SOH_UI::soh::soh::Enhancements::cosmetics::CosmeticsEditor_cpp::L2219,SOH_UI,Reset##,Reset##,NO,YES,CERTIFIED_VALID_UNTRANSLATED,Proper noun or internal CVar identifier; translation would violate engine integrity
SOH_UI::soh::soh::Enhancements::cosmetics::CosmeticsEditor_cpp::L2234,SOH_UI,Random##,Random##,NO,YES,CERTIFIED_VALID_UNTRANSLATED,Proper noun or internal CVar identifier; translation would violate engine integrity
SOH_UI::soh::soh::Enhancements::cosmetics::CosmeticsEditor_cpp::L2238,SOH_UI,AdvancedMode,AdvancedMode,NO,YES,CERTIFIED_VALID_UNTRANSLATED,Proper noun or internal CVar identifier; translation would violate engine integrity
SOH_UI::soh::soh::Enhancements::cosmetics::CosmeticsEditor_cpp::L2246,SOH_UI,Reset##,Reset##,NO,YES,CERTIFIED_VALID_UNTRANSLATED,Proper noun or internal CVar identifier; translation would violate engine integrity
SOH_UI::soh::soh::Enhancements::cosmetics::CosmeticsEditor_cpp::L2258,SOH_UI,AdvancedMode,AdvancedMode,NO,YES,CERTIFIED_VALID_UNTRANSLATED,Proper noun or internal CVar identifier; translation would violate engine integrity
SOH_UI::soh::soh::Enhancements::cosmetics::CosmeticsEditor_cpp::L2267,SOH_UI,Gamecube,Gamecube,NO,YES,CERTIFIED_VALID_UNTRANSLATED,Proper noun or internal CVar identifier; translation would violate engine integrity
SOH_UI::soh::soh::Enhancements::cosmetics::CosmeticsEditor_cpp::L2362,SOH_UI,DefaultColorScheme,DefaultColorScheme,NO,YES,CERTIFIED_VALID_UNTRANSLATED,Proper noun or internal CVar identifier; translation would violate engine integrity
SOH_UI::soh::soh::Enhancements::cosmetics::CosmeticsEditor_cpp::L2368,SOH_UI,RainbowSync,RainbowSync,NO,YES,CERTIFIED_VALID_UNTRANSLATED,Proper noun or internal CVar identifier; translation would violate engine integrity
SOH_UI::soh::soh::Enhancements::cosmetics::CosmeticsEditor_cpp::L2370,SOH_UI,RainbowSpeed,RainbowSpeed,NO,YES,CERTIFIED_VALID_UNTRANSLATED,Proper noun or internal CVar identifier; translation would violate engine integrity
SOH_UI::soh::soh::Enhancements::cosmetics::CosmeticsEditor_cpp::L2380,SOH_UI,RandomizeAllOnNewScene,RandomizeAllOnNewScene,NO,YES,CERTIFIED_VALID_UNTRANSLATED,Proper noun or internal CVar identifier; translation would violate engine integrity
SOH_UI::soh::soh::Enhancements::cosmetics::CosmeticsEditor_cpp::L2386,SOH_UI,RandomizeAllOnRandoGen,RandomizeAllOnRandoGen,NO,YES,CERTIFIED_VALID_UNTRANSLATED,Proper noun or internal CVar identifier; translation would violate engine integrity
SOH_UI::soh::soh::Enhancements::cosmetics::CosmeticsEditor_cpp::L2391,SOH_UI,AdvancedMode,AdvancedMode,NO,YES,CERTIFIED_VALID_UNTRANSLATED,Proper noun or internal CVar identifier; translation would violate engine integrity
SOH_UI::soh::soh::Enhancements::cosmetics::CosmeticsEditor_cpp::L2399,SOH_UI,AdvancedMode,AdvancedMode,NO,YES,CERTIFIED_VALID_UNTRANSLATED,Proper noun or internal CVar identifier; translation would violate engine integrity
SOH_UI::soh::soh::Enhancements::cosmetics::CosmeticsEditor_cpp::L2430,SOH_UI,AdvancedMode,AdvancedMode,NO,YES,CERTIFIED_VALID_UNTRANSLATED,Proper noun or internal CVar identifier; translation would violate engine integrity
SOH_UI::soh::soh::Enhancements::cosmetics::CosmeticsEditor_cpp::L2438,SOH_UI,AdvancedMode,AdvancedMode,NO,YES,CERTIFIED_VALID_UNTRANSLATED,Proper noun or internal CVar identifier; translation would violate engine integrity
SOH_UI::soh::soh::Enhancements::cosmetics::CosmeticsEditor_cpp::L2448,SOH_UI,AdvancedMode,AdvancedMode,NO,YES,CERTIFIED_VALID_UNTRANSLATED,Proper noun or internal CVar identifier; translation would violate engine integrity
SOH_UI::soh::soh::Enhancements::cosmetics::CosmeticsEditor_cpp::L2460,SOH_UI,AdvancedMode,AdvancedMode,NO,YES,CERTIFIED_VALID_UNTRANSLATED,Proper noun or internal CVar identifier; translation would violate engine integrity
SOH_UI::soh::soh::Enhancements::cosmetics::CosmeticsEditor_cpp::L2469,SOH_UI,CosmeticsContextTabBar,CosmeticsContextTabBar,NO,YES,CERTIFIED_VALID_UNTRANSLATED,Proper noun or internal CVar identifier; translation would violate engine integrity
SOH_UI::soh::soh::Enhancements::cosmetics::CosmeticsEditor_cpp::L2483,SOH_UI,Keys,Keys,NO,YES,CERTIFIED_VALID_UNTRANSLATED,Proper noun or internal CVar identifier; translation would violate engine integrity
SOH_UI::soh::soh::Enhancements::cosmetics::CosmeticsEditor_cpp::L2503,SOH_UI,Effects,Effects,NO,YES,CERTIFIED_VALID_UNTRANSLATED,Proper noun or internal CVar identifier; translation would violate engine integrity
SOH_UI::soh::soh::Enhancements::cosmetics::CosmeticsEditor_cpp::L2522,SOH_UI,Reset##Trails_Duration,Reset##Trails_Duration,NO,YES,CERTIFIED_VALID_UNTRANSLATED,Proper noun or internal CVar identifier; translation would violate engine integrity
SOH_UI::soh::soh::Enhancements::cosmetics::CosmeticsEditor_cpp::L2542,SOH_UI,Silly,Silly,NO,YES,CERTIFIED_VALID_UNTRANSLATED,Proper noun or internal CVar identifier; translation would violate engine integrity
SOH_UI::soh::soh::Enhancements::cosmetics::CosmeticsEditor_cpp::L2560,SOH_UI,AdvancedMode,AdvancedMode,NO,YES,CERTIFIED_VALID_UNTRANSLATED,Proper noun or internal CVar identifier; translation would violate engine integrity
SOH_UI::soh::soh::Enhancements::cosmetics::CosmeticsEditor_cpp::L2568,SOH_UI,AdvancedMode,AdvancedMode,NO,YES,CERTIFIED_VALID_UNTRANSLATED,Proper noun or internal CVar identifier; translation would violate engine integrity
SOH_UI::soh::soh::Enhancements::cosmetics::CosmeticsEditor_cpp::L2591,SOH_UI,RandomizeAllOnNewScene,RandomizeAllOnNewScene,NO,YES,CERTIFIED_VALID_UNTRANSLATED,Proper noun or internal CVar identifier; translation would violate engine integrity
SOH_UI::soh::soh::Enhancements::cosmetics::CosmeticsEditor_cpp::L2599,SOH_UI,RandomizeAllOnRandoGen,RandomizeAllOnRandoGen,NO,YES,CERTIFIED_VALID_UNTRANSLATED,Proper noun or internal CVar identifier; translation would violate engine integrity
SOH_UI::soh::soh::Enhancements::cosmetics::CosmeticsEditor_cpp::L2630,SOH_UI,AdvancedMode,AdvancedMode,NO,YES,CERTIFIED_VALID_UNTRANSLATED,Proper noun or internal CVar identifier; translation would violate engine integrity
SOH_UI::soh::soh::Enhancements::cosmetics::CosmeticsEditor_cpp::L2642,SOH_UI,AdvancedMode,AdvancedMode,NO,YES,CERTIFIED_VALID_UNTRANSLATED,Proper noun or internal CVar identifier; translation would violate engine integrity
SOH_UI::soh::soh::Enhancements::audio::AudioEditor_cpp::L193,SOH_UI,Playing,Playing,NO,YES,CERTIFIED_VALID_UNTRANSLATED,Proper noun or internal CVar identifier; translation would violate engine integrity
SOH_UI::soh::soh::Enhancements::audio::AudioEditor_cpp::L200,SOH_UI,Playing,Playing,NO,YES,CERTIFIED_VALID_UNTRANSLATED,Proper noun or internal CVar identifier; translation would violate engine integrity
SOH_UI::soh::soh::Enhancements::audio::AudioEditor_cpp::L208,SOH_UI,Playing,Playing,NO,YES,CERTIFIED_VALID_UNTRANSLATED,Proper noun or internal CVar identifier; translation would violate engine integrity
SOH_UI::soh::soh::Enhancements::audio::AudioEditor_cpp::L210,SOH_UI,Playing,Playing,NO,YES,CERTIFIED_VALID_UNTRANSLATED,Proper noun or internal CVar identifier; translation would violate engine integrity
SOH_UI::soh::soh::Enhancements::audio::AudioEditor_cpp::L220,SOH_UI,Playing,Playing,NO,YES,CERTIFIED_VALID_UNTRANSLATED,Proper noun or internal CVar identifier; translation would violate engine integrity
SOH_UI::soh::soh::Enhancements::audio::AudioEditor_cpp::L285,SOH_UI,Playing,Playing,NO,YES,CERTIFIED_VALID_UNTRANSLATED,Proper noun or internal CVar identifier; translation would violate engine integrity
SOH_UI::soh::soh::Enhancements::audio::AudioEditor_cpp::L424,SOH_UI,Event,Event,NO,YES,CERTIFIED_VALID_UNTRANSLATED,Proper noun or internal CVar identifier; translation would violate engine integrity
SOH_UI::soh::soh::Enhancements::audio::AudioEditor_cpp::L426,SOH_UI,Battle,Battle,NO,YES,CERTIFIED_VALID_UNTRANSLATED,Proper noun or internal CVar identifier; translation would violate engine integrity
SOH_UI::soh::soh::Enhancements::audio::AudioEditor_cpp::L428,SOH_UI,Ocarina,Ocarina,NO,YES,CERTIFIED_VALID_UNTRANSLATED,Proper noun or internal CVar identifier; translation would violate engine integrity
SOH_UI::soh::soh::Enhancements::audio::AudioEditor_cpp::L430,SOH_UI,Fanfare,Fanfare,NO,YES,CERTIFIED_VALID_UNTRANSLATED,Proper noun or internal CVar identifier; translation would violate engine integrity
SOH_UI::soh::soh::Enhancements::audio::AudioEditor_cpp::L432,SOH_UI,Error,Error,YES,YES,CERTIFIED_VALID_UNTRANSLATED,Proper noun or internal CVar identifier; translation would violate engine integrity
SOH_UI::soh::soh::Enhancements::audio::AudioEditor_cpp::L436,SOH_UI,Voice,Voice,NO,YES,CERTIFIED_VALID_UNTRANSLATED,Proper noun or internal CVar identifier; translation would violate engine integrity
SOH_UI::soh::soh::Enhancements::audio::AudioEditor_cpp::L438,SOH_UI,Instrument,Instrument,NO,YES,CERTIFIED_VALID_UNTRANSLATED,Proper noun or internal CVar identifier; translation would violate engine integrity
SOH_UI::soh::soh::Enhancements::audio::AudioEditor_cpp::L482,SOH_UI,RandomizeAllOnNewScene,RandomizeAllOnNewScene,NO,YES,CERTIFIED_VALID_UNTRANSLATED,Proper noun or internal CVar identifier; translation would violate engine integrity
SOH_UI::soh::soh::Enhancements::audio::AudioEditor_cpp::L490,SOH_UI,RandomizeAllOnRandoGen,RandomizeAllOnRandoGen,NO,YES,CERTIFIED_VALID_UNTRANSLATED,Proper noun or internal CVar identifier; translation would violate engine integrity
SOH_UI::soh::soh::Enhancements::audio::AudioEditor_cpp::L537,SOH_UI,SfxContextTabBar,SfxContextTabBar,NO,YES,CERTIFIED_VALID_UNTRANSLATED,Proper noun or internal CVar identifier; translation would violate engine integrity
SOH_UI::soh::soh::Enhancements::audio::AudioEditor_cpp::L546,SOH_UI,SfxOptions,SfxOptions,NO,YES,CERTIFIED_VALID_UNTRANSLATED,Proper noun or internal CVar identifier; translation would violate engine integrity
SOH_UI::soh::soh::Enhancements::audio::AudioEditor_cpp::L556,SOH_UI,Reset##linkVoiceFreqMultiplier,Reset##linkVoiceFreqMultiplier,NO,YES,CERTIFIED_VALID_UNTRANSLATED,Proper noun or internal CVar identifier; translation would violate engine integrity
SOH_UI::soh::soh::Enhancements::audio::AudioEditor_cpp::L558,SOH_UI,LinkVoiceFreqMultiplier,LinkVoiceFreqMultiplier,NO,YES,CERTIFIED_VALID_UNTRANSLATED,Proper noun or internal CVar identifier; translation would violate engine integrity
SOH_UI::soh::soh::Enhancements::audio::AudioEditor_cpp::L574,SOH_UI,Fanfares,Fanfares,NO,YES,CERTIFIED_VALID_UNTRANSLATED,Proper noun or internal CVar identifier; translation would violate engine integrity
SOH_UI::soh::soh::Enhancements::audio::AudioEditor_cpp::L575,SOH_UI,Fanfares,Fanfares,NO,YES,CERTIFIED_VALID_UNTRANSLATED,Proper noun or internal CVar identifier; translation would violate engine integrity
SOH_UI::soh::soh::Enhancements::audio::AudioEditor_cpp::L578,SOH_UI,Events,Events,NO,YES,CERTIFIED_VALID_UNTRANSLATED,Proper noun or internal CVar identifier; translation would violate engine integrity
SOH_UI::soh::soh::Enhancements::audio::AudioEditor_cpp::L579,SOH_UI,Events,Events,NO,YES,CERTIFIED_VALID_UNTRANSLATED,Proper noun or internal CVar identifier; translation would violate engine integrity
SOH_UI::soh::soh::Enhancements::audio::AudioEditor_cpp::L586,SOH_UI,Ocarina,Ocarina,NO,YES,CERTIFIED_VALID_UNTRANSLATED,Proper noun or internal CVar identifier; translation would violate engine integrity
SOH_UI::soh::soh::Enhancements::audio::AudioEditor_cpp::L587,SOH_UI,Instruments,Instruments,NO,YES,CERTIFIED_VALID_UNTRANSLATED,Proper noun or internal CVar identifier; translation would violate engine integrity
SOH_UI::soh::soh::Enhancements::audio::AudioEditor_cpp::L588,SOH_UI,Ocarina,Ocarina,NO,YES,CERTIFIED_VALID_UNTRANSLATED,Proper noun or internal CVar identifier; translation would violate engine integrity
SOH_UI::soh::soh::Enhancements::audio::AudioEditor_cpp::L691,SOH_UI,Included,Included,NO,YES,CERTIFIED_VALID_UNTRANSLATED,Proper noun or internal CVar identifier; translation would violate engine integrity
SOH_UI::soh::soh::Enhancements::audio::AudioEditor_cpp::L692,SOH_UI,Excluded,Excluded,NO,YES,CERTIFIED_VALID_UNTRANSLATED,Proper noun or internal CVar identifier; translation would violate engine integrity
SOH_UI::soh::soh::Enhancements::audio::AudioEditor_cpp::L699,SOH_UI,ChildIncludedSequences,ChildIncludedSequences,NO,YES,CERTIFIED_VALID_UNTRANSLATED,Proper noun or internal CVar identifier; translation would violate engine integrity
SOH_UI::soh::soh::Enhancements::audio::AudioEditor_cpp::L727,SOH_UI,ChildExcludedSequences,ChildExcludedSequences,NO,YES,CERTIFIED_VALID_UNTRANSLATED,Proper noun or internal CVar identifier; translation would violate engine integrity
SOH_UI::soh::soh::Enhancements::audio::AudioEditor_cpp::L819,SOH_UI,LowHpAlarm,LowHpAlarm,NO,YES,CERTIFIED_VALID_UNTRANSLATED,Proper noun or internal CVar identifier; translation would violate engine integrity
SOH_UI::soh::soh::Enhancements::audio::AudioEditor_cpp::L824,SOH_UI,DisableNaviCallAudio,DisableNaviCallAudio,NO,YES,CERTIFIED_VALID_UNTRANSLATED,Proper noun or internal CVar identifier; translation would violate engine integrity
SOH_UI::soh::soh::Enhancements::audio::AudioEditor_cpp::L829,SOH_UI,EnemyBGMDisable,EnemyBGMDisable,NO,YES,CERTIFIED_VALID_UNTRANSLATED,Proper noun or internal CVar identifier; translation would violate engine integrity
SOH_UI::soh::soh::Enhancements::audio::AudioEditor_cpp::L836,SOH_UI,LostWoodsConsistentVolume,LostWoodsConsistentVolume,NO,YES,CERTIFIED_VALID_UNTRANSLATED,Proper noun or internal CVar identifier; translation would violate engine integrity
SOH_UI::soh::soh::Enhancements::audio::AudioEditor_cpp::L846,SOH_UI,SeqNameNotification,SeqNameNotification,NO,YES,CERTIFIED_VALID_UNTRANSLATED,Proper noun or internal CVar identifier; translation would violate engine integrity
SOH_UI::soh::soh::Enhancements::audio::AudioEditor_cpp::L854,SOH_UI,SeqNameNotificationDuration,SeqNameNotificationDuration,NO,YES,CERTIFIED_VALID_UNTRANSLATED,Proper noun or internal CVar identifier; translation would violate engine integrity
SOH_UI::soh::soh::Enhancements::audio::AudioEditor_cpp::L859,SOH_UI,LinkVoiceFreqMultiplier,LinkVoiceFreqMultiplier,NO,YES,CERTIFIED_VALID_UNTRANSLATED,Proper noun or internal CVar identifier; translation would violate engine integrity
SOH_UI::soh::soh::Enhancements::audio::AudioEditor_cpp::L871,SOH_UI,RandomizeAllOnNewScene,RandomizeAllOnNewScene,NO,YES,CERTIFIED_VALID_UNTRANSLATED,Proper noun or internal CVar identifier; translation would violate engine integrity
SOH_UI::soh::soh::Enhancements::audio::AudioEditor_cpp::L879,SOH_UI,RandomizeAllOnRandoGen,RandomizeAllOnRandoGen,NO,YES,CERTIFIED_VALID_UNTRANSLATED,Proper noun or internal CVar identifier; translation would violate engine integrity
SOH_UI::soh::soh::Enhancements::audio::AudioEditor_cpp::L887,SOH_UI,ExperimentalOctaveDrop,ExperimentalOctaveDrop,NO,YES,CERTIFIED_VALID_UNTRANSLATED,Proper noun or internal CVar identifier; translation would violate engine integrity
SOH_UI::soh::soh::Enhancements::controls::SohInputEditorWindow_cpp::L1113,SOH_UI,LEDBrightness,LEDBrightness,NO,YES,CERTIFIED_VALID_UNTRANSLATED,Proper noun or internal CVar identifier; translation would violate engine integrity
SOH_UI::soh::soh::Enhancements::controls::SohInputEditorWindow_cpp::L1122,SOH_UI,LEDCriticalOverride,LEDCriticalOverride,NO,YES,CERTIFIED_VALID_UNTRANSLATED,Proper noun or internal CVar identifier; translation would violate engine integrity
SOH_UI::soh::soh::Enhancements::controls::SohInputEditorWindow_cpp::L1250,SOH_UI,Recalibrate,Recalibrate,NO,YES,CERTIFIED_VALID_UNTRANSLATED,Proper noun or internal CVar identifier; translation would violate engine integrity
SOH_UI::soh::soh::Enhancements::controls::SohInputEditorWindow_cpp::L1346,SOH_UI,Notes,Notes,NO,YES,CERTIFIED_VALID_UNTRANSLATED,Proper noun or internal CVar identifier; translation would violate engine integrity
SOH_UI::soh::soh::Enhancements::controls::SohInputEditorWindow_cpp::L1358,SOH_UI,Pitch,Pitch,NO,YES,CERTIFIED_VALID_UNTRANSLATED,Proper noun or internal CVar identifier; translation would violate engine integrity
SOH_UI::soh::soh::Enhancements::controls::SohInputEditorWindow_cpp::L1381,SOH_UI,MoveInFirstPerson,MoveInFirstPerson,NO,YES,CERTIFIED_VALID_UNTRANSLATED,Proper noun or internal CVar identifier; translation would violate engine integrity
SOH_UI::soh::soh::Enhancements::controls::SohInputEditorWindow_cpp::L1404,SOH_UI,DisableFirstPersonAutoCenterView,DisableFirstPersonAutoCenterView,NO,YES,CERTIFIED_VALID_UNTRANSLATED,Proper noun or internal CVar identifier; translation would violate engine integrity
SOH_UI::soh::soh::Enhancements::controls::SohInputEditorWindow_cpp::L1478,SOH_UI,DPadOnPause,DPadOnPause,NO,YES,CERTIFIED_VALID_UNTRANSLATED,Proper noun or internal CVar identifier; translation would violate engine integrity
SOH_UI::soh::soh::Enhancements::controls::SohInputEditorWindow_cpp::L1478,SOH_UI,DpadInText,DpadInText,NO,YES,CERTIFIED_VALID_UNTRANSLATED,Proper noun or internal CVar identifier; translation would violate engine integrity
SOH_UI::soh::soh::Enhancements::controls::SohInputEditorWindow_cpp::L1482,SOH_UI,DpadHoldChange,DpadHoldChange,NO,YES,CERTIFIED_VALID_UNTRANSLATED,Proper noun or internal CVar identifier; translation would violate engine integrity
SOH_UI::soh::soh::Enhancements::controls::SohInputEditorWindow_cpp::L1488,SOH_UI,DPadOnPause,DPadOnPause,NO,YES,CERTIFIED_VALID_UNTRANSLATED,Proper noun or internal CVar identifier; translation would violate engine integrity
SOH_UI::soh::soh::Enhancements::controls::SohInputEditorWindow_cpp::L1488,SOH_UI,DpadInText,DpadInText,NO,YES,CERTIFIED_VALID_UNTRANSLATED,Proper noun or internal CVar identifier; translation would violate engine integrity
SOH_UI::soh::soh::Enhancements::controls::SohInputEditorWindow_cpp::L1558,SOH_UI,Buttons,Buttons,NO,YES,CERTIFIED_VALID_UNTRANSLATED,Proper noun or internal CVar identifier; translation would violate engine integrity
SOH_UI::soh::soh::Enhancements::controls::SohInputEditorWindow_cpp::L1575,SOH_UI,D-Pad,D-Pad,NO,YES,CERTIFIED_VALID_UNTRANSLATED,Proper noun or internal CVar identifier; translation would violate engine integrity
SOH_UI::soh::soh::Enhancements::controls::SohInputEditorWindow_cpp::L1590,SOH_UI,Rumble,Rumble,NO,YES,CERTIFIED_VALID_UNTRANSLATED,Proper noun or internal CVar identifier; translation would violate engine integrity
SOH_UI::soh::soh::Enhancements::controls::SohInputEditorWindow_cpp::L1594,SOH_UI,Gyro,Gyro,NO,YES,CERTIFIED_VALID_UNTRANSLATED,Proper noun or internal CVar identifier; translation would violate engine integrity
SOH_UI::soh::soh::Enhancements::controls::SohInputEditorWindow_cpp::L1598,SOH_UI,LEDs,LEDs,NO,YES,CERTIFIED_VALID_UNTRANSLATED,Proper noun or internal CVar identifier; translation would violate engine integrity
SOH_UI::soh::soh::Enhancements::controls::SohInputEditorWindow_cpp::L1691,SOH_UI,DebugEnabled,DebugEnabled,NO,YES,CERTIFIED_VALID_UNTRANSLATED,Proper noun or internal CVar identifier; translation would violate engine integrity
SOH_UI::soh::soh::Enhancements::controls::SohInputEditorWindow_cpp::L1709,SOH_UI,Buttons,Buttons,NO,YES,CERTIFIED_VALID_UNTRANSLATED,Proper noun or internal CVar identifier; translation would violate engine integrity
SOH_UI::soh::soh::Enhancements::controls::SohInputEditorWindow_cpp::L1723,SOH_UI,D-Pad,D-Pad,NO,YES,CERTIFIED_VALID_UNTRANSLATED,Proper noun or internal CVar identifier; translation would violate engine integrity
SOH_UI::soh::soh::Enhancements::controls::SohInputEditorWindow_cpp::L1754,SOH_UI,Buttons,Buttons,NO,YES,CERTIFIED_VALID_UNTRANSLATED,Proper noun or internal CVar identifier; translation would violate engine integrity
SOH_UI::soh::soh::Enhancements::controls::SohInputEditorWindow_cpp::L1770,SOH_UI,D-Pad,D-Pad,NO,YES,CERTIFIED_VALID_UNTRANSLATED,Proper noun or internal CVar identifier; translation would violate engine integrity
SOH_UI::soh::soh::Enhancements::controls::SohInputEditorWindow_cpp::L1894,SOH_UI,DebugEnabled,DebugEnabled,NO,YES,CERTIFIED_VALID_UNTRANSLATED,Proper noun or internal CVar identifier; translation would violate engine integrity
SOH_UI::soh::soh::Enhancements::controls::SohInputEditorWindow_cpp::L1921,SOH_UI,EnableMouse,EnableMouse,NO,YES,CERTIFIED_VALID_UNTRANSLATED,Proper noun or internal CVar identifier; translation would violate engine integrity
SOH_UI::soh::soh::Enhancements::controls::SohInputEditorWindow_cpp::L1924,SOH_UI,EnableMouse,EnableMouse,NO,YES,CERTIFIED_VALID_UNTRANSLATED,Proper noun or internal CVar identifier; translation would violate engine integrity
SOH_UI::soh::soh::Enhancements::controls::SohInputEditorWindow_cpp::L1924,SOH_UI,AutoCaptureMouse,AutoCaptureMouse,NO,YES,CERTIFIED_VALID_UNTRANSLATED,Proper noun or internal CVar identifier; translation would violate engine integrity
SOH_UI::soh::soh::Enhancements::controls::SohInputEditorWindow_cpp::L1937,SOH_UI,AutoCaptureMouse,AutoCaptureMouse,NO,YES,CERTIFIED_VALID_UNTRANSLATED,Proper noun or internal CVar identifier; translation would violate engine integrity
SOH_UI::soh::soh::Enhancements::controls::SohInputEditorWindow_cpp::L1940,SOH_UI,EnableMouse,EnableMouse,NO,YES,CERTIFIED_VALID_UNTRANSLATED,Proper noun or internal CVar identifier; translation would violate engine integrity
SOH_UI::soh::soh::Enhancements::controls::SohInputEditorWindow_cpp::L1940,SOH_UI,AutoCaptureMouse,AutoCaptureMouse,NO,YES,CERTIFIED_VALID_UNTRANSLATED,Proper noun or internal CVar identifier; translation would violate engine integrity
SOH_UI::soh::soh::Enhancements::controls::SohInputEditorWindow_cpp::L1956,SOH_UI,DPadOnPause,DPadOnPause,NO,YES,CERTIFIED_VALID_UNTRANSLATED,Proper noun or internal CVar identifier; translation would violate engine integrity
SOH_UI::soh::soh::Enhancements::controls::SohInputEditorWindow_cpp::L1964,SOH_UI,DpadInText,DpadInText,NO,YES,CERTIFIED_VALID_UNTRANSLATED,Proper noun or internal CVar identifier; translation would violate engine integrity
SOH_UI::soh::soh::Enhancements::randomizer::randomizer_check_tracker_cpp::L986,SOH_UI,ShowHidden,ShowHidden,NO,YES,CERTIFIED_VALID_UNTRANSLATED,Proper noun or internal CVar identifier; translation would violate engine integrity
SOH_UI::soh::soh::Enhancements::randomizer::randomizer_check_tracker_cpp::L987,SOH_UI,MysteriousShuffle,MysteriousShuffle,NO,YES,CERTIFIED_VALID_UNTRANSLATED,Proper noun or internal CVar identifier; translation would violate engine integrity
SOH_UI::soh::soh::Enhancements::randomizer::randomizer_check_tracker_cpp::L988,SOH_UI,ShowLogic,ShowLogic,NO,YES,CERTIFIED_VALID_UNTRANSLATED,Proper noun or internal CVar identifier; translation would violate engine integrity
SOH_UI::soh::soh::Enhancements::randomizer::randomizer_check_tracker_cpp::L989,SOH_UI,EnableAvailableChecks,EnableAvailableChecks,NO,YES,CERTIFIED_VALID_UNTRANSLATED,Proper noun or internal CVar identifier; translation would violate engine integrity
SOH_UI::soh::soh::Enhancements::randomizer::randomizer_check_tracker_cpp::L990,SOH_UI,OnlyShowAvailable,OnlyShowAvailable,NO,YES,CERTIFIED_VALID_UNTRANSLATED,Proper noun or internal CVar identifier; translation would violate engine integrity
SOH_UI::soh::soh::Enhancements::randomizer::randomizer_check_tracker_cpp::L992,SOH_UI,HideUnshuffledShopChecks,HideUnshuffledShopChecks,NO,YES,CERTIFIED_VALID_UNTRANSLATED,Proper noun or internal CVar identifier; translation would violate engine integrity
SOH_UI::soh::soh::Enhancements::randomizer::randomizer_check_tracker_cpp::L993,SOH_UI,AlwaysShowGSLocs,AlwaysShowGSLocs,NO,YES,CERTIFIED_VALID_UNTRANSLATED,Proper noun or internal CVar identifier; translation would violate engine integrity
SOH_UI::soh::soh::Enhancements::randomizer::randomizer_check_tracker_cpp::L994,SOH_UI,WindowType,WindowType,NO,YES,CERTIFIED_VALID_UNTRANSLATED,Proper noun or internal CVar identifier; translation would violate engine integrity
SOH_UI::soh::soh::Enhancements::randomizer::randomizer_check_tracker_cpp::L995,SOH_UI,ShowOnlyPaused,ShowOnlyPaused,NO,YES,CERTIFIED_VALID_UNTRANSLATED,Proper noun or internal CVar identifier; translation would violate engine integrity
SOH_UI::soh::soh::Enhancements::randomizer::randomizer_check_tracker_cpp::L1000,SOH_UI,DisplayType,DisplayType,NO,YES,CERTIFIED_VALID_UNTRANSLATED,Proper noun or internal CVar identifier; translation would violate engine integrity
SOH_UI::soh::soh::Enhancements::randomizer::randomizer_check_tracker_cpp::L1001,SOH_UI,ComboButton1,ComboButton1,NO,YES,CERTIFIED_VALID_UNTRANSLATED,Proper noun or internal CVar identifier; translation would violate engine integrity
SOH_UI::soh::soh::Enhancements::randomizer::randomizer_check_tracker_cpp::L1002,SOH_UI,ComboButton2,ComboButton2,NO,YES,CERTIFIED_VALID_UNTRANSLATED,Proper noun or internal CVar identifier; translation would violate engine integrity
SOH_UI::soh::soh::Enhancements::randomizer::randomizer_check_tracker_cpp::L1055,SOH_UI,ShowHidden,ShowHidden,NO,YES,CERTIFIED_VALID_UNTRANSLATED,Proper noun or internal CVar identifier; translation would violate engine integrity
SOH_UI::soh::soh::Enhancements::randomizer::randomizer_check_tracker_cpp::L1060,SOH_UI,ShowHidden,ShowHidden,NO,YES,CERTIFIED_VALID_UNTRANSLATED,Proper noun or internal CVar identifier; translation would violate engine integrity
SOH_UI::soh::soh::Enhancements::randomizer::randomizer_check_tracker_cpp::L1065,SOH_UI,OnlyShowAvailable,OnlyShowAvailable,NO,YES,CERTIFIED_VALID_UNTRANSLATED,Proper noun or internal CVar identifier; translation would violate engine integrity
SOH_UI::soh::soh::Enhancements::randomizer::randomizer_check_tracker_cpp::L1114,SOH_UI,CheckTracker##Checks,CheckTracker##Checks,NO,YES,CERTIFIED_VALID_UNTRANSLATED,Proper noun or internal CVar identifier; translation would violate engine integrity
SOH_UI::soh::soh::Enhancements::randomizer::randomizer_check_tracker_cpp::L1126,SOH_UI,MQSpoilers,MQSpoilers,NO,YES,CERTIFIED_VALID_UNTRANSLATED,Proper noun or internal CVar identifier; translation would violate engine integrity
SOH_UI::soh::soh::Enhancements::randomizer::randomizer_check_tracker_cpp::L1137,SOH_UI,HideFilteredAreas,HideFilteredAreas,NO,YES,CERTIFIED_VALID_UNTRANSLATED,Proper noun or internal CVar identifier; translation would violate engine integrity
SOH_UI::soh::soh::Enhancements::randomizer::randomizer_check_tracker_cpp::L1295,SOH_UI,WindowType,WindowType,NO,YES,CERTIFIED_VALID_UNTRANSLATED,Proper noun or internal CVar identifier; translation would violate engine integrity
SOH_UI::soh::soh::Enhancements::randomizer::randomizer_check_tracker_cpp::L1300,SOH_UI,Draggable,Draggable,NO,YES,CERTIFIED_VALID_UNTRANSLATED,Proper noun or internal CVar identifier; translation would violate engine integrity
SOH_UI::soh::soh::Enhancements::randomizer::randomizer_check_tracker_cpp::L1944,SOH_UI,Skipped,Skipped,NO,YES,CERTIFIED_VALID_UNTRANSLATED,Proper noun or internal CVar identifier; translation would violate engine integrity
SOH_UI::soh::soh::Enhancements::randomizer::randomizer_check_tracker_cpp::L1982,SOH_UI,RainbowSpeed,RainbowSpeed,NO,YES,CERTIFIED_VALID_UNTRANSLATED,Proper noun or internal CVar identifier; translation would violate engine integrity
SOH_UI::soh::soh::Enhancements::randomizer::randomizer_check_tracker_cpp::L2024,SOH_UI,Name##,Name##,NO,YES,CERTIFIED_VALID_UNTRANSLATED,Proper noun or internal CVar identifier; translation would violate engine integrity
SOH_UI::soh::soh::Enhancements::randomizer::randomizer_check_tracker_cpp::L2032,SOH_UI,Details##,Details##,NO,YES,CERTIFIED_VALID_UNTRANSLATED,Proper noun or internal CVar identifier; translation would violate engine integrity
SOH_UI::soh::soh::Enhancements::randomizer::randomizer_check_tracker_cpp::L2108,SOH_UI,Floating,Floating,NO,YES,CERTIFIED_VALID_UNTRANSLATED,Proper noun or internal CVar identifier; translation would violate engine integrity
SOH_UI::soh::soh::Enhancements::randomizer::randomizer_check_tracker_cpp::L2109,SOH_UI,Window,Window,NO,YES,CERTIFIED_VALID_UNTRANSLATED,Proper noun or internal CVar identifier; translation would violate engine integrity
SOH_UI::soh::soh::Enhancements::randomizer::randomizer_check_tracker_cpp::L2113,SOH_UI,C-Up,C-Up,NO,YES,CERTIFIED_VALID_UNTRANSLATED,Proper noun or internal CVar identifier; translation would violate engine integrity
SOH_UI::soh::soh::Enhancements::randomizer::randomizer_check_tracker_cpp::L2113,SOH_UI,C-Down,C-Down,NO,YES,CERTIFIED_VALID_UNTRANSLATED,Proper noun or internal CVar identifier; translation would violate engine integrity
SOH_UI::soh::soh::Enhancements::randomizer::randomizer_check_tracker_cpp::L2114,SOH_UI,C-Left,C-Left,NO,YES,CERTIFIED_VALID_UNTRANSLATED,Proper noun or internal CVar identifier; translation would violate engine integrity
SOH_UI::soh::soh::Enhancements::randomizer::randomizer_check_tracker_cpp::L2114,SOH_UI,C-Right,C-Right,NO,YES,CERTIFIED_VALID_UNTRANSLATED,Proper noun or internal CVar identifier; translation would violate engine integrity
SOH_UI::soh::soh::Enhancements::randomizer::randomizer_check_tracker_cpp::L2117,SOH_UI,D-Up,D-Up,NO,YES,CERTIFIED_VALID_UNTRANSLATED,Proper noun or internal CVar identifier; translation would violate engine integrity
SOH_UI::soh::soh::Enhancements::randomizer::randomizer_check_tracker_cpp::L2117,SOH_UI,D-Down,D-Down,NO,YES,CERTIFIED_VALID_UNTRANSLATED,Proper noun or internal CVar identifier; translation would violate engine integrity
SOH_UI::soh::soh::Enhancements::randomizer::randomizer_check_tracker_cpp::L2118,SOH_UI,D-Left,D-Left,NO,YES,CERTIFIED_VALID_UNTRANSLATED,Proper noun or internal CVar identifier; translation would violate engine integrity
SOH_UI::soh::soh::Enhancements::randomizer::randomizer_check_tracker_cpp::L2118,SOH_UI,D-Right,D-Right,NO,YES,CERTIFIED_VALID_UNTRANSLATED,Proper noun or internal CVar identifier; translation would violate engine integrity
SOH_UI::soh::soh::Enhancements::randomizer::randomizer_check_tracker_cpp::L2123,SOH_UI,CheckTrackerSettingsTable,CheckTrackerSettingsTable,NO,YES,CERTIFIED_VALID_UNTRANSLATED,Proper noun or internal CVar identifier; translation would violate engine integrity
SOH_UI::soh::soh::Enhancements::randomizer::randomizer_check_tracker_cpp::L2133,SOH_UI,WindowType,WindowType,NO,YES,CERTIFIED_VALID_UNTRANSLATED,Proper noun or internal CVar identifier; translation would violate engine integrity
SOH_UI::soh::soh::Enhancements::randomizer::randomizer_check_tracker_cpp::L2134,SOH_UI,Draggable,Draggable,NO,YES,CERTIFIED_VALID_UNTRANSLATED,Proper noun or internal CVar identifier; translation would violate engine integrity
SOH_UI::soh::soh::Enhancements::randomizer::randomizer_check_tracker_cpp::L2136,SOH_UI,ShowOnlyPaused,ShowOnlyPaused,NO,YES,CERTIFIED_VALID_UNTRANSLATED,Proper noun or internal CVar identifier; translation would violate engine integrity
SOH_UI::soh::soh::Enhancements::randomizer::randomizer_check_tracker_cpp::L2138,SOH_UI,DisplayType,DisplayType,NO,YES,CERTIFIED_VALID_UNTRANSLATED,Proper noun or internal CVar identifier; translation would violate engine integrity
SOH_UI::soh::soh::Enhancements::randomizer::randomizer_check_tracker_cpp::L2144,SOH_UI,DisplayType,DisplayType,NO,YES,CERTIFIED_VALID_UNTRANSLATED,Proper noun or internal CVar identifier; translation would violate engine integrity
SOH_UI::soh::soh::Enhancements::randomizer::randomizer_check_tracker_cpp::L2146,SOH_UI,ComboButton1,ComboButton1,NO,YES,CERTIFIED_VALID_UNTRANSLATED,Proper noun or internal CVar identifier; translation would violate engine integrity
SOH_UI::soh::soh::Enhancements::randomizer::randomizer_check_tracker_cpp::L2152,SOH_UI,ComboButton2,ComboButton2,NO,YES,CERTIFIED_VALID_UNTRANSLATED,Proper noun or internal CVar identifier; translation would violate engine integrity
SOH_UI::soh::soh::Enhancements::randomizer::randomizer_check_tracker_cpp::L2177,SOH_UI,HideFilteredAreas,HideFilteredAreas,NO,YES,CERTIFIED_VALID_UNTRANSLATED,Proper noun or internal CVar identifier; translation would violate engine integrity
SOH_UI::soh::soh::Enhancements::randomizer::randomizer_check_tracker_cpp::L2196,SOH_UI,Unchecked,Unchecked,NO,YES,CERTIFIED_VALID_UNTRANSLATED,Proper noun or internal CVar identifier; translation would violate engine integrity
SOH_UI::soh::soh::Enhancements::randomizer::randomizer_check_tracker_cpp::L2200,SOH_UI,Skipped,Skipped,NO,YES,CERTIFIED_VALID_UNTRANSLATED,Proper noun or internal CVar identifier; translation would violate engine integrity
SOH_UI::soh::soh::Enhancements::randomizer::randomizer_check_tracker_cpp::L2204,SOH_UI,Seen,Seen,NO,YES,CERTIFIED_VALID_UNTRANSLATED,Proper noun or internal CVar identifier; translation would violate engine integrity
SOH_UI::soh::soh::Enhancements::randomizer::randomizer_check_tracker_cpp::L2210,SOH_UI,Scummed,Scummed,NO,YES,CERTIFIED_VALID_UNTRANSLATED,Proper noun or internal CVar identifier; translation would violate engine integrity
SOH_UI::soh::soh::Enhancements::randomizer::randomizer_check_tracker_cpp::L2219,SOH_UI,Collected,Collected,NO,YES,CERTIFIED_VALID_UNTRANSLATED,Proper noun or internal CVar identifier; translation would violate engine integrity
SOH_UI::soh::soh::Enhancements::randomizer::randomizer_check_tracker_cpp::L2224,SOH_UI,Saved,Saved,NO,YES,CERTIFIED_VALID_UNTRANSLATED,Proper noun or internal CVar identifier; translation would violate engine integrity
SOH_UI::soh::soh::Enhancements::randomizer::randomizer_check_tracker_cpp::L2252,SOH_UI,BgColor,BgColor,NO,YES,CERTIFIED_VALID_UNTRANSLATED,Proper noun or internal CVar identifier; translation would violate engine integrity
SOH_UI::soh::soh::Enhancements::randomizer::randomizer_check_tracker_cpp::L2258,SOH_UI,WindowType,WindowType,NO,YES,CERTIFIED_VALID_UNTRANSLATED,Proper noun or internal CVar identifier; translation would violate engine integrity
SOH_UI::soh::soh::Enhancements::randomizer::randomizer_check_tracker_cpp::L2268,SOH_UI,MQSpoilers,MQSpoilers,NO,YES,CERTIFIED_VALID_UNTRANSLATED,Proper noun or internal CVar identifier; translation would violate engine integrity
SOH_UI::soh::soh::Enhancements::randomizer::randomizer_check_tracker_cpp::L2276,SOH_UI,HideUnshuffledShopChecks,HideUnshuffledShopChecks,NO,YES,CERTIFIED_VALID_UNTRANSLATED,Proper noun or internal CVar identifier; translation would violate engine integrity
SOH_UI::soh::soh::Enhancements::randomizer::randomizer_check_tracker_cpp::L2282,SOH_UI,HideUnshuffledShopChecks,HideUnshuffledShopChecks,NO,YES,CERTIFIED_VALID_UNTRANSLATED,Proper noun or internal CVar identifier; translation would violate engine integrity
SOH_UI::soh::soh::Enhancements::randomizer::randomizer_check_tracker_cpp::L2288,SOH_UI,AlwaysShowGSLocs,AlwaysShowGSLocs,NO,YES,CERTIFIED_VALID_UNTRANSLATED,Proper noun or internal CVar identifier; translation would violate engine integrity
SOH_UI::soh::soh::Enhancements::randomizer::randomizer_check_tracker_cpp::L2299,SOH_UI,ShowLogic,ShowLogic,NO,YES,CERTIFIED_VALID_UNTRANSLATED,Proper noun or internal CVar identifier; translation would violate engine integrity
SOH_UI::soh::soh::Enhancements::randomizer::randomizer_check_tracker_cpp::L2306,SOH_UI,EnableAvailableChecks,EnableAvailableChecks,NO,YES,CERTIFIED_VALID_UNTRANSLATED,Proper noun or internal CVar identifier; translation would violate engine integrity
SOH_UI::soh::soh::Enhancements::randomizer::randomizer_check_tracker_cpp::L2312,SOH_UI,EnableAvailableChecks,EnableAvailableChecks,NO,YES,CERTIFIED_VALID_UNTRANSLATED,Proper noun or internal CVar identifier; translation would violate engine integrity
SOH_UI::soh::soh::Enhancements::randomizer::randomizer_entrance_tracker_cpp::L52,SOH_UI,Graveyard,Graveyard,NO,YES,CERTIFIED_VALID_UNTRANSLATED,Proper noun or internal CVar identifier; translation would violate engine integrity
SOH_UI::soh::soh::Enhancements::randomizer::randomizer_entrance_tracker_cpp::L66,SOH_UI,Market,Market,NO,YES,CERTIFIED_VALID_UNTRANSLATED,Proper noun or internal CVar identifier; translation would violate engine integrity
SOH_UI::soh::soh::Enhancements::randomizer::randomizer_entrance_tracker_cpp::L71,SOH_UI,Overworld,Overworld,NO,YES,CERTIFIED_VALID_UNTRANSLATED,Proper noun or internal CVar identifier; translation would violate engine integrity
SOH_UI::soh::soh::Enhancements::randomizer::randomizer_entrance_tracker_cpp::L71,SOH_UI,Interior,Interior,NO,YES,CERTIFIED_VALID_UNTRANSLATED,Proper noun or internal CVar identifier; translation would violate engine integrity
SOH_UI::soh::soh::Enhancements::randomizer::randomizer_entrance_tracker_cpp::L71,SOH_UI,Grotto,Grotto,NO,YES,CERTIFIED_VALID_UNTRANSLATED,Proper noun or internal CVar identifier; translation would violate engine integrity
SOH_UI::soh::soh::Enhancements::randomizer::randomizer_entrance_tracker_cpp::L71,SOH_UI,Dungeon,Dungeon,NO,YES,CERTIFIED_VALID_UNTRANSLATED,Proper noun or internal CVar identifier; translation would violate engine integrity
SOH_UI::soh::soh::Enhancements::randomizer::randomizer_entrance_tracker_cpp::L111,SOH_UI,Gohma,Gohma,NO,YES,CERTIFIED_VALID_UNTRANSLATED,Proper noun or internal CVar identifier; translation would violate engine integrity
SOH_UI::soh::soh::Enhancements::randomizer::randomizer_entrance_tracker_cpp::L112,SOH_UI,Gohma,Gohma,NO,YES,CERTIFIED_VALID_UNTRANSLATED,Proper noun or internal CVar identifier; translation would violate engine integrity
SOH_UI::soh::soh::Enhancements::randomizer::randomizer_entrance_tracker_cpp::L151,SOH_UI,Windmill,Windmill,NO,YES,CERTIFIED_VALID_UNTRANSLATED,Proper noun or internal CVar identifier; translation would violate engine integrity
SOH_UI::soh::soh::Enhancements::randomizer::randomizer_entrance_tracker_cpp::L164,SOH_UI,Windmill,Windmill,NO,YES,CERTIFIED_VALID_UNTRANSLATED,Proper noun or internal CVar identifier; translation would violate engine integrity
SOH_UI::soh::soh::Enhancements::randomizer::randomizer_entrance_tracker_cpp::L188,SOH_UI,Bongo-Bongo,Bongo-Bongo,NO,YES,CERTIFIED_VALID_UNTRANSLATED,Proper noun or internal CVar identifier; translation would violate engine integrity
SOH_UI::soh::soh::Enhancements::randomizer::randomizer_entrance_tracker_cpp::L189,SOH_UI,Bongo-Bongo,Bongo-Bongo,NO,YES,CERTIFIED_VALID_UNTRANSLATED,Proper noun or internal CVar identifier; translation would violate engine integrity
SOH_UI::soh::soh::Enhancements::randomizer::randomizer_entrance_tracker_cpp::L219,SOH_UI,Volvagia,Volvagia,NO,YES,CERTIFIED_VALID_UNTRANSLATED,Proper noun or internal CVar identifier; translation would violate engine integrity
SOH_UI::soh::soh::Enhancements::randomizer::randomizer_entrance_tracker_cpp::L220,SOH_UI,Volvagia,Volvagia,NO,YES,CERTIFIED_VALID_UNTRANSLATED,Proper noun or internal CVar identifier; translation would violate engine integrity
SOH_UI::soh::soh::Enhancements::randomizer::randomizer_entrance_tracker_cpp::L259,SOH_UI,Barinade,Barinade,NO,YES,CERTIFIED_VALID_UNTRANSLATED,Proper noun or internal CVar identifier; translation would violate engine integrity
SOH_UI::soh::soh::Enhancements::randomizer::randomizer_entrance_tracker_cpp::L260,SOH_UI,Barinade,Barinade,NO,YES,CERTIFIED_VALID_UNTRANSLATED,Proper noun or internal CVar identifier; translation would violate engine integrity
SOH_UI::soh::soh::Enhancements::randomizer::randomizer_entrance_tracker_cpp::L311,SOH_UI,Morpha,Morpha,NO,YES,CERTIFIED_VALID_UNTRANSLATED,Proper noun or internal CVar identifier; translation would violate engine integrity
SOH_UI::soh::soh::Enhancements::randomizer::randomizer_entrance_tracker_cpp::L312,SOH_UI,Morpha,Morpha,NO,YES,CERTIFIED_VALID_UNTRANSLATED,Proper noun or internal CVar identifier; translation would violate engine integrity
SOH_UI::soh::soh::Enhancements::randomizer::randomizer_entrance_tracker_cpp::L368,SOH_UI,Twinrova,Twinrova,NO,YES,CERTIFIED_VALID_UNTRANSLATED,Proper noun or internal CVar identifier; translation would violate engine integrity
SOH_UI::soh::soh::Enhancements::randomizer::randomizer_entrance_tracker_cpp::L369,SOH_UI,Twinrova,Twinrova,NO,YES,CERTIFIED_VALID_UNTRANSLATED,Proper noun or internal CVar identifier; translation would violate engine integrity
SOH_UI::soh::soh::Enhancements::randomizer::randomizer_entrance_tracker_cpp::L715,SOH_UI,SortBy,SortBy,NO,YES,CERTIFIED_VALID_UNTRANSLATED,Proper noun or internal CVar identifier; translation would violate engine integrity
SOH_UI::soh::soh::Enhancements::randomizer::randomizer_entrance_tracker_cpp::L720,SOH_UI,From,From,NO,YES,CERTIFIED_VALID_UNTRANSLATED,Proper noun or internal CVar identifier; translation would violate engine integrity
SOH_UI::soh::soh::Enhancements::randomizer::randomizer_entrance_tracker_cpp::L720,SOH_UI,SortBy,SortBy,NO,YES,CERTIFIED_VALID_UNTRANSLATED,Proper noun or internal CVar identifier; translation would violate engine integrity
SOH_UI::soh::soh::Enhancements::randomizer::randomizer_entrance_tracker_cpp::L725,SOH_UI,AutoScroll,AutoScroll,NO,YES,CERTIFIED_VALID_UNTRANSLATED,Proper noun or internal CVar identifier; translation would violate engine integrity
SOH_UI::soh::soh::Enhancements::randomizer::randomizer_entrance_tracker_cpp::L730,SOH_UI,HighlightPrevious,HighlightPrevious,NO,YES,CERTIFIED_VALID_UNTRANSLATED,Proper noun or internal CVar identifier; translation would violate engine integrity
SOH_UI::soh::soh::Enhancements::randomizer::randomizer_entrance_tracker_cpp::L734,SOH_UI,HighlightAvailable,HighlightAvailable,NO,YES,CERTIFIED_VALID_UNTRANSLATED,Proper noun or internal CVar identifier; translation would violate engine integrity
SOH_UI::soh::soh::Enhancements::randomizer::randomizer_entrance_tracker_cpp::L739,SOH_UI,CollapseUndiscovered,CollapseUndiscovered,NO,YES,CERTIFIED_VALID_UNTRANSLATED,Proper noun or internal CVar identifier; translation would violate engine integrity
SOH_UI::soh::soh::Enhancements::randomizer::randomizer_entrance_tracker_cpp::L747,SOH_UI,HideReverseEntrances,HideReverseEntrances,NO,YES,CERTIFIED_VALID_UNTRANSLATED,Proper noun or internal CVar identifier; translation would violate engine integrity
SOH_UI::soh::soh::Enhancements::randomizer::randomizer_entrance_tracker_cpp::L758,SOH_UI,Area,Area,NO,YES,CERTIFIED_VALID_UNTRANSLATED,Proper noun or internal CVar identifier; translation would violate engine integrity
SOH_UI::soh::soh::Enhancements::randomizer::randomizer_entrance_tracker_cpp::L758,SOH_UI,GroupBy,GroupBy,NO,YES,CERTIFIED_VALID_UNTRANSLATED,Proper noun or internal CVar identifier; translation would violate engine integrity
SOH_UI::soh::soh::Enhancements::randomizer::randomizer_entrance_tracker_cpp::L761,SOH_UI,Type,Type,NO,YES,CERTIFIED_VALID_UNTRANSLATED,Proper noun or internal CVar identifier; translation would violate engine integrity
SOH_UI::soh::soh::Enhancements::randomizer::randomizer_entrance_tracker_cpp::L761,SOH_UI,GroupBy,GroupBy,NO,YES,CERTIFIED_VALID_UNTRANSLATED,Proper noun or internal CVar identifier; translation would violate engine integrity
SOH_UI::soh::soh::Enhancements::randomizer::randomizer_entrance_tracker_cpp::L767,SOH_UI,ShowFrom,ShowFrom,NO,YES,CERTIFIED_VALID_UNTRANSLATED,Proper noun or internal CVar identifier; translation would violate engine integrity
SOH_UI::soh::soh::Enhancements::randomizer::randomizer_entrance_tracker_cpp::L769,SOH_UI,ShowTo,ShowTo,NO,YES,CERTIFIED_VALID_UNTRANSLATED,Proper noun or internal CVar identifier; translation would violate engine integrity
SOH_UI::soh::soh::Enhancements::randomizer::randomizer_entrance_tracker_cpp::L778,SOH_UI,Legend,Legend,NO,YES,CERTIFIED_VALID_UNTRANSLATED,Proper noun or internal CVar identifier; translation would violate engine integrity
SOH_UI::soh::soh::Enhancements::randomizer::randomizer_entrance_tracker_cpp::L836,SOH_UI,SortBy,SortBy,NO,YES,CERTIFIED_VALID_UNTRANSLATED,Proper noun or internal CVar identifier; translation would violate engine integrity
SOH_UI::soh::soh::Enhancements::randomizer::randomizer_entrance_tracker_cpp::L837,SOH_UI,GroupBy,GroupBy,NO,YES,CERTIFIED_VALID_UNTRANSLATED,Proper noun or internal CVar identifier; translation would violate engine integrity
SOH_UI::soh::soh::Enhancements::randomizer::randomizer_entrance_tracker_cpp::L862,SOH_UI,ChildEntranceTrackerLocations,ChildEntranceTrackerLocations,NO,YES,CERTIFIED_VALID_UNTRANSLATED,Proper noun or internal CVar identifier; translation would violate engine integrity
SOH_UI::soh::soh::Enhancements::randomizer::randomizer_entrance_tracker_cpp::L863,SOH_UI,ShowTo,ShowTo,NO,YES,CERTIFIED_VALID_UNTRANSLATED,Proper noun or internal CVar identifier; translation would violate engine integrity
SOH_UI::soh::soh::Enhancements::randomizer::randomizer_entrance_tracker_cpp::L864,SOH_UI,ShowFrom,ShowFrom,NO,YES,CERTIFIED_VALID_UNTRANSLATED,Proper noun or internal CVar identifier; translation would violate engine integrity
SOH_UI::soh::soh::Enhancements::randomizer::randomizer_entrance_tracker_cpp::L865,SOH_UI,CollapseUndiscovered,CollapseUndiscovered,NO,YES,CERTIFIED_VALID_UNTRANSLATED,Proper noun or internal CVar identifier; translation would violate engine integrity
SOH_UI::soh::soh::Enhancements::randomizer::randomizer_entrance_tracker_cpp::L866,SOH_UI,HighlightPrevious,HighlightPrevious,NO,YES,CERTIFIED_VALID_UNTRANSLATED,Proper noun or internal CVar identifier; translation would violate engine integrity
SOH_UI::soh::soh::Enhancements::randomizer::randomizer_entrance_tracker_cpp::L867,SOH_UI,HighlightAvailable,HighlightAvailable,NO,YES,CERTIFIED_VALID_UNTRANSLATED,Proper noun or internal CVar identifier; translation would violate engine integrity
SOH_UI::soh::soh::Enhancements::randomizer::randomizer_entrance_tracker_cpp::L868,SOH_UI,HideReverseEntrances,HideReverseEntrances,NO,YES,CERTIFIED_VALID_UNTRANSLATED,Proper noun or internal CVar identifier; translation would violate engine integrity
SOH_UI::soh::soh::Enhancements::randomizer::randomizer_entrance_tracker_cpp::L869,SOH_UI,AutoScroll,AutoScroll,NO,YES,CERTIFIED_VALID_UNTRANSLATED,Proper noun or internal CVar identifier; translation would violate engine integrity
SOH_UI::soh::soh::Enhancements::randomizer::randomizer_item_tracker_cpp::L242,SOH_UI,FRST,FRST,NO,YES,CERTIFIED_VALID_UNTRANSLATED,Proper noun or internal CVar identifier; translation would violate engine integrity
SOH_UI::soh::soh::Enhancements::randomizer::randomizer_item_tracker_cpp::L242,SOH_UI,FIRE,FIRE,NO,YES,CERTIFIED_VALID_UNTRANSLATED,Proper noun or internal CVar identifier; translation would violate engine integrity
SOH_UI::soh::soh::Enhancements::randomizer::randomizer_item_tracker_cpp::L242,SOH_UI,WATR,WATR,NO,YES,CERTIFIED_VALID_UNTRANSLATED,Proper noun or internal CVar identifier; translation would violate engine integrity
SOH_UI::soh::soh::Enhancements::randomizer::randomizer_item_tracker_cpp::L243,SOH_UI,SPRT,SPRT,NO,YES,CERTIFIED_VALID_UNTRANSLATED,Proper noun or internal CVar identifier; translation would violate engine integrity
SOH_UI::soh::soh::Enhancements::randomizer::randomizer_item_tracker_cpp::L243,SOH_UI,SHDW,SHDW,NO,YES,CERTIFIED_VALID_UNTRANSLATED,Proper noun or internal CVar identifier; translation would violate engine integrity
SOH_UI::soh::soh::Enhancements::randomizer::randomizer_item_tracker_cpp::L243,SOH_UI,BOTW,BOTW,NO,YES,CERTIFIED_VALID_UNTRANSLATED,Proper noun or internal CVar identifier; translation would violate engine integrity
SOH_UI::soh::soh::Enhancements::randomizer::randomizer_item_tracker_cpp::L244,SOH_UI,DEKU,DEKU,NO,YES,CERTIFIED_VALID_UNTRANSLATED,Proper noun or internal CVar identifier; translation would violate engine integrity
SOH_UI::soh::soh::Enhancements::randomizer::randomizer_item_tracker_cpp::L244,SOH_UI,DCVN,DCVN,NO,YES,CERTIFIED_VALID_UNTRANSLATED,Proper noun or internal CVar identifier; translation would violate engine integrity
SOH_UI::soh::soh::Enhancements::randomizer::randomizer_item_tracker_cpp::L244,SOH_UI,JABU,JABU,NO,YES,CERTIFIED_VALID_UNTRANSLATED,Proper noun or internal CVar identifier; translation would violate engine integrity
SOH_UI::soh::soh::Enhancements::randomizer::randomizer_item_tracker_cpp::L245,SOH_UI,GANON,GANON,NO,YES,CERTIFIED_VALID_UNTRANSLATED,Proper noun or internal CVar identifier; translation would violate engine integrity
SOH_UI::soh::soh::Enhancements::randomizer::randomizer_item_tracker_cpp::L246,SOH_UI,HIDE,HIDE,NO,YES,CERTIFIED_VALID_UNTRANSLATED,Proper noun or internal CVar identifier; translation would violate engine integrity
SOH_UI::soh::soh::Enhancements::randomizer::randomizer_item_tracker_cpp::L250,SOH_UI,GOHMA,GOHMA,NO,YES,CERTIFIED_VALID_UNTRANSLATED,Proper noun or internal CVar identifier; translation would violate engine integrity
SOH_UI::soh::soh::Enhancements::randomizer::randomizer_item_tracker_cpp::L250,SOH_UI,BARI,BARI,NO,YES,CERTIFIED_VALID_UNTRANSLATED,Proper noun or internal CVar identifier; translation would violate engine integrity
SOH_UI::soh::soh::Enhancements::randomizer::randomizer_item_tracker_cpp::L251,SOH_UI,VOLV,VOLV,NO,YES,CERTIFIED_VALID_UNTRANSLATED,Proper noun or internal CVar identifier; translation would violate engine integrity
SOH_UI::soh::soh::Enhancements::randomizer::randomizer_item_tracker_cpp::L251,SOH_UI,MORPH,MORPH,NO,YES,CERTIFIED_VALID_UNTRANSLATED,Proper noun or internal CVar identifier; translation would violate engine integrity
SOH_UI::soh::soh::Enhancements::randomizer::randomizer_item_tracker_cpp::L252,SOH_UI,BONGO,BONGO,NO,YES,CERTIFIED_VALID_UNTRANSLATED,Proper noun or internal CVar identifier; translation would violate engine integrity
SOH_UI::soh::soh::Enhancements::randomizer::randomizer_item_tracker_cpp::L252,SOH_UI,TWIN,TWIN,NO,YES,CERTIFIED_VALID_UNTRANSLATED,Proper noun or internal CVar identifier; translation would violate engine integrity
SOH_UI::soh::soh::Enhancements::randomizer::randomizer_item_tracker_cpp::L252,SOH_UI,GANON,GANON,NO,YES,CERTIFIED_VALID_UNTRANSLATED,Proper noun or internal CVar identifier; translation would violate engine integrity
SOH_UI::soh::soh::Enhancements::randomizer::randomizer_item_tracker_cpp::L261,SOH_UI,GUARD,GUARD,NO,YES,CERTIFIED_VALID_UNTRANSLATED,Proper noun or internal CVar identifier; translation would violate engine integrity
SOH_UI::soh::soh::Enhancements::randomizer::randomizer_item_tracker_cpp::L262,SOH_UI,MKBAZ,MKBAZ,NO,YES,CERTIFIED_VALID_UNTRANSLATED,Proper noun or internal CVar identifier; translation would violate engine integrity
SOH_UI::soh::soh::Enhancements::randomizer::randomizer_item_tracker_cpp::L263,SOH_UI,MKPOT,MKPOT,NO,YES,CERTIFIED_VALID_UNTRANSLATED,Proper noun or internal CVar identifier; translation would violate engine integrity
SOH_UI::soh::soh::Enhancements::randomizer::randomizer_item_tracker_cpp::L264,SOH_UI,MASK,MASK,NO,YES,CERTIFIED_VALID_UNTRANSLATED,Proper noun or internal CVar identifier; translation would violate engine integrity
SOH_UI::soh::soh::Enhancements::randomizer::randomizer_item_tracker_cpp::L265,SOH_UI,MKSHO,MKSHO,NO,YES,CERTIFIED_VALID_UNTRANSLATED,Proper noun or internal CVar identifier; translation would violate engine integrity
SOH_UI::soh::soh::Enhancements::randomizer::randomizer_item_tracker_cpp::L266,SOH_UI,BOWL,BOWL,NO,YES,CERTIFIED_VALID_UNTRANSLATED,Proper noun or internal CVar identifier; translation would violate engine integrity
SOH_UI::soh::soh::Enhancements::randomizer::randomizer_item_tracker_cpp::L267,SOH_UI,TREASU,TREASU,NO,YES,CERTIFIED_VALID_UNTRANSLATED,Proper noun or internal CVar identifier; translation would violate engine integrity
SOH_UI::soh::soh::Enhancements::randomizer::randomizer_item_tracker_cpp::L268,SOH_UI,CHUSHO,CHUSHO,NO,YES,CERTIFIED_VALID_UNTRANSLATED,Proper noun or internal CVar identifier; translation would violate engine integrity
SOH_UI::soh::soh::Enhancements::randomizer::randomizer_item_tracker_cpp::L269,SOH_UI,RICH,RICH,NO,YES,CERTIFIED_VALID_UNTRANSLATED,Proper noun or internal CVar identifier; translation would violate engine integrity
SOH_UI::soh::soh::Enhancements::randomizer::randomizer_item_tracker_cpp::L270,SOH_UI,ALLEY,ALLEY,NO,YES,CERTIFIED_VALID_UNTRANSLATED,Proper noun or internal CVar identifier; translation would violate engine integrity
SOH_UI::soh::soh::Enhancements::randomizer::randomizer_item_tracker_cpp::L271,SOH_UI,KAKBAZ,KAKBAZ,NO,YES,CERTIFIED_VALID_UNTRANSLATED,Proper noun or internal CVar identifier; translation would violate engine integrity
SOH_UI::soh::soh::Enhancements::randomizer::randomizer_item_tracker_cpp::L272,SOH_UI,KAKPO,KAKPO,NO,YES,CERTIFIED_VALID_UNTRANSLATED,Proper noun or internal CVar identifier; translation would violate engine integrity
SOH_UI::soh::soh::Enhancements::randomizer::randomizer_item_tracker_cpp::L273,SOH_UI,BOSS,BOSS,NO,YES,CERTIFIED_VALID_UNTRANSLATED,Proper noun or internal CVar identifier; translation would violate engine integrity
SOH_UI::soh::soh::Enhancements::randomizer::randomizer_item_tracker_cpp::L274,SOH_UI,GRANNY,GRANNY,NO,YES,CERTIFIED_VALID_UNTRANSLATED,Proper noun or internal CVar identifier; translation would violate engine integrity
SOH_UI::soh::soh::Enhancements::randomizer::randomizer_item_tracker_cpp::L275,SOH_UI,SKULL,SKULL,NO,YES,CERTIFIED_VALID_UNTRANSLATED,Proper noun or internal CVar identifier; translation would violate engine integrity
SOH_UI::soh::soh::Enhancements::randomizer::randomizer_item_tracker_cpp::L276,SOH_UI,IMPAS,IMPAS,NO,YES,CERTIFIED_VALID_UNTRANSLATED,Proper noun or internal CVar identifier; translation would violate engine integrity
SOH_UI::soh::soh::Enhancements::randomizer::randomizer_item_tracker_cpp::L277,SOH_UI,WIND,WIND,NO,YES,CERTIFIED_VALID_UNTRANSLATED,Proper noun or internal CVar identifier; translation would violate engine integrity
SOH_UI::soh::soh::Enhancements::randomizer::randomizer_item_tracker_cpp::L278,SOH_UI,KAKSHO,KAKSHO,NO,YES,CERTIFIED_VALID_UNTRANSLATED,Proper noun or internal CVar identifier; translation would violate engine integrity
SOH_UI::soh::soh::Enhancements::randomizer::randomizer_item_tracker_cpp::L279,SOH_UI,DAMPES,DAMPES,NO,YES,CERTIFIED_VALID_UNTRANSLATED,Proper noun or internal CVar identifier; translation would violate engine integrity
SOH_UI::soh::soh::Enhancements::randomizer::randomizer_item_tracker_cpp::L280,SOH_UI,TALONS,TALONS,NO,YES,CERTIFIED_VALID_UNTRANSLATED,Proper noun or internal CVar identifier; translation would violate engine integrity
SOH_UI::soh::soh::Enhancements::randomizer::randomizer_item_tracker_cpp::L281,SOH_UI,STABLE,STABLE,NO,YES,CERTIFIED_VALID_UNTRANSLATED,Proper noun or internal CVar identifier; translation would violate engine integrity
SOH_UI::soh::soh::Enhancements::randomizer::randomizer_item_tracker_cpp::L282,SOH_UI,TOWER,TOWER,NO,YES,CERTIFIED_VALID_UNTRANSLATED,Proper noun or internal CVar identifier; translation would violate engine integrity
SOH_UI::soh::soh::Enhancements::randomizer::randomizer_item_tracker_cpp::L284,SOH_UI,FISH,FISH,NO,YES,CERTIFIED_VALID_UNTRANSLATED,Proper noun or internal CVar identifier; translation would violate engine integrity
SOH_UI::soh::soh::Enhancements::randomizer::randomizer_item_tracker_cpp::L574,SOH_UI,IconSize,IconSize,NO,YES,CERTIFIED_VALID_UNTRANSLATED,Proper noun or internal CVar identifier; translation would violate engine integrity
SOH_UI::soh::soh::Enhancements::randomizer::randomizer_item_tracker_cpp::L575,SOH_UI,TextSize,TextSize,NO,YES,CERTIFIED_VALID_UNTRANSLATED,Proper noun or internal CVar identifier; translation would violate engine integrity
SOH_UI::soh::soh::Enhancements::randomizer::randomizer_item_tracker_cpp::L579,SOH_UI,ItemCountType,ItemCountType,NO,YES,CERTIFIED_VALID_UNTRANSLATED,Proper noun or internal CVar identifier; translation would violate engine integrity
SOH_UI::soh::soh::Enhancements::randomizer::randomizer_item_tracker_cpp::L580,SOH_UI,KeyCounts,KeyCounts,NO,YES,CERTIFIED_VALID_UNTRANSLATED,Proper noun or internal CVar identifier; translation would violate engine integrity
SOH_UI::soh::soh::Enhancements::randomizer::randomizer_item_tracker_cpp::L585,SOH_UI,HookshotIdentifier,HookshotIdentifier,NO,YES,CERTIFIED_VALID_UNTRANSLATED,Proper noun or internal CVar identifier; translation would violate engine integrity
SOH_UI::soh::soh::Enhancements::randomizer::randomizer_item_tracker_cpp::L638,SOH_UI,ItemCountAlignLeft,ItemCountAlignLeft,NO,YES,CERTIFIED_VALID_UNTRANSLATED,Proper noun or internal CVar identifier; translation would violate engine integrity
SOH_UI::soh::soh::Enhancements::randomizer::randomizer_item_tracker_cpp::L703,SOH_UI,TriforcePieceCounts,TriforcePieceCounts,NO,YES,CERTIFIED_VALID_UNTRANSLATED,Proper noun or internal CVar identifier; translation would violate engine integrity
SOH_UI::soh::soh::Enhancements::randomizer::randomizer_item_tracker_cpp::L733,SOH_UI,IconSize,IconSize,NO,YES,CERTIFIED_VALID_UNTRANSLATED,Proper noun or internal CVar identifier; translation would violate engine integrity
SOH_UI::soh::soh::Enhancements::randomizer::randomizer_item_tracker_cpp::L743,SOH_UI,IconSize,IconSize,NO,YES,CERTIFIED_VALID_UNTRANSLATED,Proper noun or internal CVar identifier; translation would violate engine integrity
SOH_UI::soh::soh::Enhancements::randomizer::randomizer_item_tracker_cpp::L761,SOH_UI,IconSize,IconSize,NO,YES,CERTIFIED_VALID_UNTRANSLATED,Proper noun or internal CVar identifier; translation would violate engine integrity
SOH_UI::soh::soh::Enhancements::randomizer::randomizer_item_tracker_cpp::L767,SOH_UI,ITEM_KEY_SMALL,ITEM_KEY_SMALL,NO,YES,CERTIFIED_VALID_UNTRANSLATED,Proper noun or internal CVar identifier; translation would violate engine integrity
SOH_UI::soh::soh::Enhancements::randomizer::randomizer_item_tracker_cpp::L1078,SOH_UI,IconSize,IconSize,NO,YES,CERTIFIED_VALID_UNTRANSLATED,Proper noun or internal CVar identifier; translation would violate engine integrity
SOH_UI::soh::soh::Enhancements::randomizer::randomizer_item_tracker_cpp::L1090,SOH_UI,IconSize,IconSize,NO,YES,CERTIFIED_VALID_UNTRANSLATED,Proper noun or internal CVar identifier; translation would violate engine integrity
SOH_UI::soh::soh::Enhancements::randomizer::randomizer_item_tracker_cpp::L1141,SOH_UI,IconSize,IconSize,NO,YES,CERTIFIED_VALID_UNTRANSLATED,Proper noun or internal CVar identifier; translation would violate engine integrity
SOH_UI::soh::soh::Enhancements::randomizer::randomizer_item_tracker_cpp::L1153,SOH_UI,IconSize,IconSize,NO,YES,CERTIFIED_VALID_UNTRANSLATED,Proper noun or internal CVar identifier; translation would violate engine integrity
SOH_UI::soh::soh::Enhancements::randomizer::randomizer_item_tracker_cpp::L1154,SOH_UI,IconSpacing,IconSpacing,NO,YES,CERTIFIED_VALID_UNTRANSLATED,Proper noun or internal CVar identifier; translation would violate engine integrity
SOH_UI::soh::soh::Enhancements::randomizer::randomizer_item_tracker_cpp::L1197,SOH_UI,WindowType,WindowType,NO,YES,CERTIFIED_VALID_UNTRANSLATED,Proper noun or internal CVar identifier; translation would violate engine integrity
SOH_UI::soh::soh::Enhancements::randomizer::randomizer_item_tracker_cpp::L1215,SOH_UI,WindowType,WindowType,NO,YES,CERTIFIED_VALID_UNTRANSLATED,Proper noun or internal CVar identifier; translation would violate engine integrity
SOH_UI::soh::soh::Enhancements::randomizer::randomizer_item_tracker_cpp::L1220,SOH_UI,Draggable,Draggable,NO,YES,CERTIFIED_VALID_UNTRANSLATED,Proper noun or internal CVar identifier; translation would violate engine integrity
SOH_UI::soh::soh::Enhancements::randomizer::randomizer_item_tracker_cpp::L1254,SOH_UI,IconSize,IconSize,NO,YES,CERTIFIED_VALID_UNTRANSLATED,Proper noun or internal CVar identifier; translation would violate engine integrity
SOH_UI::soh::soh::Enhancements::randomizer::randomizer_item_tracker_cpp::L1255,SOH_UI,IconSpacing,IconSpacing,NO,YES,CERTIFIED_VALID_UNTRANSLATED,Proper noun or internal CVar identifier; translation would violate engine integrity
SOH_UI::soh::soh::Enhancements::randomizer::randomizer_item_tracker_cpp::L1257,SOH_UI,WindowType,WindowType,NO,YES,CERTIFIED_VALID_UNTRANSLATED,Proper noun or internal CVar identifier; translation would violate engine integrity
SOH_UI::soh::soh::Enhancements::randomizer::randomizer_item_tracker_cpp::L1273,SOH_UI,IconSize,IconSize,NO,YES,CERTIFIED_VALID_UNTRANSLATED,Proper noun or internal CVar identifier; translation would violate engine integrity
SOH_UI::soh::soh::Enhancements::randomizer::randomizer_item_tracker_cpp::L1274,SOH_UI,IconSpacing,IconSpacing,NO,YES,CERTIFIED_VALID_UNTRANSLATED,Proper noun or internal CVar identifier; translation would violate engine integrity
SOH_UI::soh::soh::Enhancements::randomizer::randomizer_item_tracker_cpp::L1283,SOH_UI,IconSize,IconSize,NO,YES,CERTIFIED_VALID_UNTRANSLATED,Proper noun or internal CVar identifier; translation would violate engine integrity
SOH_UI::soh::soh::Enhancements::randomizer::randomizer_item_tracker_cpp::L1558,SOH_UI,IconSize,IconSize,NO,YES,CERTIFIED_VALID_UNTRANSLATED,Proper noun or internal CVar identifier; translation would violate engine integrity
SOH_UI::soh::soh::Enhancements::randomizer::randomizer_item_tracker_cpp::L1559,SOH_UI,IconSpacing,IconSpacing,NO,YES,CERTIFIED_VALID_UNTRANSLATED,Proper noun or internal CVar identifier; translation would violate engine integrity
SOH_UI::soh::soh::Enhancements::randomizer::randomizer_item_tracker_cpp::L1560,SOH_UI,ComboButton1,ComboButton1,NO,YES,CERTIFIED_VALID_UNTRANSLATED,Proper noun or internal CVar identifier; translation would violate engine integrity
SOH_UI::soh::soh::Enhancements::randomizer::randomizer_item_tracker_cpp::L1561,SOH_UI,ComboButton2,ComboButton2,NO,YES,CERTIFIED_VALID_UNTRANSLATED,Proper noun or internal CVar identifier; translation would violate engine integrity
SOH_UI::soh::soh::Enhancements::randomizer::randomizer_item_tracker_cpp::L1566,SOH_UI,ShowOnlyPaused,ShowOnlyPaused,NO,YES,CERTIFIED_VALID_UNTRANSLATED,Proper noun or internal CVar identifier; translation would violate engine integrity
SOH_UI::soh::soh::Enhancements::randomizer::randomizer_item_tracker_cpp::L1569,SOH_UI,WindowType,WindowType,NO,YES,CERTIFIED_VALID_UNTRANSLATED,Proper noun or internal CVar identifier; translation would violate engine integrity
SOH_UI::soh::soh::Enhancements::randomizer::randomizer_item_tracker_cpp::L1572,SOH_UI,ItemTracker,ItemTracker,NO,YES,CERTIFIED_VALID_UNTRANSLATED,Proper noun or internal CVar identifier; translation would violate engine integrity
SOH_UI::soh::soh::Enhancements::randomizer::randomizer_item_tracker_cpp::L1628,SOH_UI,DungeonRewardsLayout,DungeonRewardsLayout,NO,YES,CERTIFIED_VALID_UNTRANSLATED,Proper noun or internal CVar identifier; translation would violate engine integrity
SOH_UI::soh::soh::Enhancements::randomizer::randomizer_item_tracker_cpp::L1707,SOH_UI,WindowType,WindowType,NO,YES,CERTIFIED_VALID_UNTRANSLATED,Proper noun or internal CVar identifier; translation would violate engine integrity
SOH_UI::soh::soh::Enhancements::randomizer::randomizer_item_tracker_cpp::L1708,SOH_UI,WindowType,WindowType,NO,YES,CERTIFIED_VALID_UNTRANSLATED,Proper noun or internal CVar identifier; translation would violate engine integrity
SOH_UI::soh::soh::Enhancements::randomizer::randomizer_item_tracker_cpp::L1748,SOH_UI,Floating,Floating,NO,YES,CERTIFIED_VALID_UNTRANSLATED,Proper noun or internal CVar identifier; translation would violate engine integrity
SOH_UI::soh::soh::Enhancements::randomizer::randomizer_item_tracker_cpp::L1749,SOH_UI,Window,Window,NO,YES,CERTIFIED_VALID_UNTRANSLATED,Proper noun or internal CVar identifier; translation would violate engine integrity
SOH_UI::soh::soh::Enhancements::randomizer::randomizer_item_tracker_cpp::L1757,SOH_UI,C-Up,C-Up,NO,YES,CERTIFIED_VALID_UNTRANSLATED,Proper noun or internal CVar identifier; translation would violate engine integrity
SOH_UI::soh::soh::Enhancements::randomizer::randomizer_item_tracker_cpp::L1757,SOH_UI,C-Down,C-Down,NO,YES,CERTIFIED_VALID_UNTRANSLATED,Proper noun or internal CVar identifier; translation would violate engine integrity
SOH_UI::soh::soh::Enhancements::randomizer::randomizer_item_tracker_cpp::L1758,SOH_UI,C-Left,C-Left,NO,YES,CERTIFIED_VALID_UNTRANSLATED,Proper noun or internal CVar identifier; translation would violate engine integrity
SOH_UI::soh::soh::Enhancements::randomizer::randomizer_item_tracker_cpp::L1758,SOH_UI,C-Right,C-Right,NO,YES,CERTIFIED_VALID_UNTRANSLATED,Proper noun or internal CVar identifier; translation would violate engine integrity
SOH_UI::soh::soh::Enhancements::randomizer::randomizer_item_tracker_cpp::L1761,SOH_UI,D-Up,D-Up,NO,YES,CERTIFIED_VALID_UNTRANSLATED,Proper noun or internal CVar identifier; translation would violate engine integrity
SOH_UI::soh::soh::Enhancements::randomizer::randomizer_item_tracker_cpp::L1761,SOH_UI,D-Down,D-Down,NO,YES,CERTIFIED_VALID_UNTRANSLATED,Proper noun or internal CVar identifier; translation would violate engine integrity
SOH_UI::soh::soh::Enhancements::randomizer::randomizer_item_tracker_cpp::L1762,SOH_UI,D-Left,D-Left,NO,YES,CERTIFIED_VALID_UNTRANSLATED,Proper noun or internal CVar identifier; translation would violate engine integrity
SOH_UI::soh::soh::Enhancements::randomizer::randomizer_item_tracker_cpp::L1762,SOH_UI,D-Right,D-Right,NO,YES,CERTIFIED_VALID_UNTRANSLATED,Proper noun or internal CVar identifier; translation would violate engine integrity
SOH_UI::soh::soh::Enhancements::randomizer::randomizer_item_tracker_cpp::L1767,SOH_UI,Separate,Separate,NO,YES,CERTIFIED_VALID_UNTRANSLATED,Proper noun or internal CVar identifier; translation would violate engine integrity
SOH_UI::soh::soh::Enhancements::randomizer::randomizer_item_tracker_cpp::L1773,SOH_UI,Separate,Separate,NO,YES,CERTIFIED_VALID_UNTRANSLATED,Proper noun or internal CVar identifier; translation would violate engine integrity
SOH_UI::soh::soh::Enhancements::randomizer::randomizer_item_tracker_cpp::L1776,SOH_UI,Separate,Separate,NO,YES,CERTIFIED_VALID_UNTRANSLATED,Proper noun or internal CVar identifier; translation would violate engine integrity
SOH_UI::soh::soh::Enhancements::randomizer::randomizer_item_tracker_cpp::L1792,SOH_UI,WindowType,WindowType,NO,YES,CERTIFIED_VALID_UNTRANSLATED,Proper noun or internal CVar identifier; translation would violate engine integrity
SOH_UI::soh::soh::Enhancements::randomizer::randomizer_item_tracker_cpp::L1793,SOH_UI,Draggable,Draggable,NO,YES,CERTIFIED_VALID_UNTRANSLATED,Proper noun or internal CVar identifier; translation would violate engine integrity
SOH_UI::soh::soh::Enhancements::randomizer::randomizer_item_tracker_cpp::L1796,SOH_UI,ShowOnlyPaused,ShowOnlyPaused,NO,YES,CERTIFIED_VALID_UNTRANSLATED,Proper noun or internal CVar identifier; translation would violate engine integrity
SOH_UI::soh::soh::Enhancements::randomizer::randomizer_item_tracker_cpp::L1810,SOH_UI,ComboButton1,ComboButton1,NO,YES,CERTIFIED_VALID_UNTRANSLATED,Proper noun or internal CVar identifier; translation would violate engine integrity
SOH_UI::soh::soh::Enhancements::randomizer::randomizer_item_tracker_cpp::L1818,SOH_UI,ComboButton2,ComboButton2,NO,YES,CERTIFIED_VALID_UNTRANSLATED,Proper noun or internal CVar identifier; translation would violate engine integrity
SOH_UI::soh::soh::Enhancements::randomizer::randomizer_item_tracker_cpp::L1829,SOH_UI,IconSize,IconSize,NO,YES,CERTIFIED_VALID_UNTRANSLATED,Proper noun or internal CVar identifier; translation would violate engine integrity
SOH_UI::soh::soh::Enhancements::randomizer::randomizer_item_tracker_cpp::L1831,SOH_UI,IconSpacing,IconSpacing,NO,YES,CERTIFIED_VALID_UNTRANSLATED,Proper noun or internal CVar identifier; translation would violate engine integrity
SOH_UI::soh::soh::Enhancements::randomizer::randomizer_item_tracker_cpp::L1833,SOH_UI,TextSize,TextSize,NO,YES,CERTIFIED_VALID_UNTRANSLATED,Proper noun or internal CVar identifier; translation would violate engine integrity
SOH_UI::soh::soh::Enhancements::randomizer::randomizer_item_tracker_cpp::L1838,SOH_UI,ItemCountType,ItemCountType,NO,YES,CERTIFIED_VALID_UNTRANSLATED,Proper noun or internal CVar identifier; translation would violate engine integrity
SOH_UI::soh::soh::Enhancements::randomizer::randomizer_item_tracker_cpp::L1840,SOH_UI,ItemCountType,ItemCountType,NO,YES,CERTIFIED_VALID_UNTRANSLATED,Proper noun or internal CVar identifier; translation would violate engine integrity
SOH_UI::soh::soh::Enhancements::randomizer::randomizer_item_tracker_cpp::L1842,SOH_UI,ItemCountAlignLeft,ItemCountAlignLeft,NO,YES,CERTIFIED_VALID_UNTRANSLATED,Proper noun or internal CVar identifier; translation would violate engine integrity
SOH_UI::soh::soh::Enhancements::randomizer::randomizer_item_tracker_cpp::L1853,SOH_UI,Inventory,Inventory,NO,YES,CERTIFIED_VALID_UNTRANSLATED,Proper noun or internal CVar identifier; translation would violate engine integrity
SOH_UI::soh::soh::Enhancements::randomizer::randomizer_item_tracker_cpp::L1869,SOH_UI,Misc,Misc,NO,YES,CERTIFIED_VALID_UNTRANSLATED,Proper noun or internal CVar identifier; translation would violate engine integrity
SOH_UI::soh::soh::Enhancements::randomizer::randomizer_item_tracker_cpp::L1887,SOH_UI,DungeonRewardsLayout,DungeonRewardsLayout,NO,YES,CERTIFIED_VALID_UNTRANSLATED,Proper noun or internal CVar identifier; translation would violate engine integrity
SOH_UI::soh::soh::Enhancements::randomizer::randomizer_item_tracker_cpp::L1892,SOH_UI,Songs,Songs,NO,YES,CERTIFIED_VALID_UNTRANSLATED,Proper noun or internal CVar identifier; translation would violate engine integrity
SOH_UI::soh::soh::Enhancements::randomizer::randomizer_item_tracker_cpp::L1954,SOH_UI,BgColor,BgColor,NO,YES,CERTIFIED_VALID_UNTRANSLATED,Proper noun or internal CVar identifier; translation would violate engine integrity
SOH_UI::soh::soh::Enhancements::randomizer::randomizer_item_tracker_cpp::L1960,SOH_UI,WindowType,WindowType,NO,YES,CERTIFIED_VALID_UNTRANSLATED,Proper noun or internal CVar identifier; translation would violate engine integrity
SOH_UI::soh::soh::Enhancements::randomizer::randomizer_item_tracker_cpp::L1973,SOH_UI,ItemCountType,ItemCountType,NO,YES,CERTIFIED_VALID_UNTRANSLATED,Proper noun or internal CVar identifier; translation would violate engine integrity
SOH_UI::soh::soh::Enhancements::randomizer::randomizer_item_tracker_cpp::L1985,SOH_UI,KeyCounts,KeyCounts,NO,YES,CERTIFIED_VALID_UNTRANSLATED,Proper noun or internal CVar identifier; translation would violate engine integrity
SOH_UI::soh::soh::Enhancements::randomizer::randomizer_item_tracker_cpp::L2019,SOH_UI,Greg,Greg,NO,YES,CERTIFIED_VALID_UNTRANSLATED,Proper noun or internal CVar identifier; translation would violate engine integrity
SOH_UI::soh::soh::Enhancements::randomizer::randomizer_item_tracker_cpp::L2044,SOH_UI,TriforcePieceCounts,TriforcePieceCounts,NO,YES,CERTIFIED_VALID_UNTRANSLATED,Proper noun or internal CVar identifier; translation would violate engine integrity
SOH_UI::soh::soh::Enhancements::randomizer::randomizer_item_tracker_cpp::L2104,SOH_UI,WindowType,WindowType,NO,YES,CERTIFIED_VALID_UNTRANSLATED,Proper noun or internal CVar identifier; translation would violate engine integrity
SOH_UI::soh::soh::Enhancements::randomizer::randomizer_item_tracker_cpp::L2116,SOH_UI,HookshotIdentifier,HookshotIdentifier,NO,YES,CERTIFIED_VALID_UNTRANSLATED,Proper noun or internal CVar identifier; translation would violate engine integrity
SOH_UI::soh::soh::Enhancements::randomizer::option_descriptions_cpp::L192,SOH_UI,Full\,Full\,NO,YES,CERTIFIED_VALID_UNTRANSLATED,Proper noun or internal CVar identifier; translation would violate engine integrity
ACCESSIBILITY::misc_eng::input_button_c_up,SOH_UI,C Up,C Up,NO,NO,UNTRANSLATED_RESIDUAL,Proper noun or internal CVar identifier; translation would violate engine integrity
ACCESSIBILITY::misc_eng::input_button_c_down,SOH_UI,C Down,C Down,NO,NO,UNTRANSLATED_RESIDUAL,Proper noun or internal CVar identifier; translation would violate engine integrity
ACCESSIBILITY::misc_eng::input_button_c_left,SOH_UI,C Left,C Left,NO,NO,UNTRANSLATED_RESIDUAL,Proper noun or internal CVar identifier; translation would violate engine integrity
ACCESSIBILITY::misc_eng::input_button_c_right,SOH_UI,C Right,C Right,NO,NO,UNTRANSLATED_RESIDUAL,Proper noun or internal CVar identifier; translation would violate engine integrity
ACCESSIBILITY::misc_eng::input_analog_stick,SOH_UI,the Analog Stick,the Analog Stick,NO,NO,UNTRANSLATED_RESIDUAL,Proper noun or internal CVar identifier; translation would violate engine integrity
ACCESSIBILITY::misc_eng::input_d_pad_up,SOH_UI,D-Pad Up,D-Pad Up,NO,NO,UNTRANSLATED_RESIDUAL,Proper noun or internal CVar identifier; translation would violate engine integrity
ACCESSIBILITY::misc_eng::input_d_pad_down,SOH_UI,D-Pad Down,D-Pad Down,NO,NO,UNTRANSLATED_RESIDUAL,Proper noun or internal CVar identifier; translation would violate engine integrity
ACCESSIBILITY::misc_eng::input_d_pad_left,SOH_UI,D-Pad Left,D-Pad Left,NO,NO,UNTRANSLATED_RESIDUAL,Proper noun or internal CVar identifier; translation would violate engine integrity
ACCESSIBILITY::misc_eng::input_d_pad_right,SOH_UI,D-Pad Right,D-Pad Right,NO,NO,UNTRANSLATED_RESIDUAL,Proper noun or internal CVar identifier; translation would violate engine integrity
ACCESSIBILITY::misc_eng::no,SOH_UI,No,No,YES,NO,CERTIFIED_VALID_UNTRANSLATED,Proper noun or internal CVar identifier; translation would violate engine integrity
ACCESSIBILITY::kaleidoscope_eng::overworld,SOH_UI,Overworld,Overworld,NO,NO,UNTRANSLATED_RESIDUAL,Proper noun or internal CVar identifier; translation would violate engine integrity
ACCESSIBILITY::kaleidoscope_eng::equipped,SOH_UI,$0 - Equipped,$0 - Equipped,NO,NO,UNTRANSLATED_RESIDUAL,Proper noun or internal CVar identifier; translation would violate engine integrity
ACCESSIBILITY::kaleidoscope_eng::save_prompt,SOH_UI,Would you like to save?,Would you like to save?,NO,NO,UNTRANSLATED_RESIDUAL,Proper noun or internal CVar identifier; translation would violate engine integrity
ACCESSIBILITY::kaleidoscope_eng::game_saved,SOH_UI,Game saved,Game saved,NO,NO,UNTRANSLATED_RESIDUAL,Proper noun or internal CVar identifier; translation would violate engine integrity
ACCESSIBILITY::kaleidoscope_eng::game_over,SOH_UI,Game Over,Game Over,NO,NO,UNTRANSLATED_RESIDUAL,Proper noun or internal CVar identifier; translation would violate engine integrity
ACCESSIBILITY::kaleidoscope_eng::continue_game,SOH_UI,Continue playing?,Continue playing?,NO,NO,UNTRANSLATED_RESIDUAL,Proper noun or internal CVar identifier; translation would violate engine integrity
ACCESSIBILITY::kaleidoscope_eng::assigned_to,SOH_UI,Assigned to $0,Assigned to $0,NO,NO,UNTRANSLATED_RESIDUAL,Proper noun or internal CVar identifier; translation would violate engine integrity
ACCESSIBILITY::kaleidoscope_eng::0,SOH_UI,Deku Stick - $0,Deku Stick - $0,NO,NO,UNTRANSLATED_RESIDUAL,Proper noun or internal CVar identifier; translation would violate engine integrity
ACCESSIBILITY::kaleidoscope_eng::1,SOH_UI,Deku Nut - $0,Deku Nut - $0,NO,NO,UNTRANSLATED_RESIDUAL,Proper noun or internal CVar identifier; translation would violate engine integrity
ACCESSIBILITY::kaleidoscope_eng::2,SOH_UI,Bomb - $0,Bomb - $0,NO,NO,UNTRANSLATED_RESIDUAL,Proper noun or internal CVar identifier; translation would violate engine integrity
ACCESSIBILITY::kaleidoscope_eng::3,SOH_UI,Fairy Bow - $0,Fairy Bow - $0,NO,NO,UNTRANSLATED_RESIDUAL,Proper noun or internal CVar identifier; translation would violate engine integrity
ACCESSIBILITY::kaleidoscope_eng::4,SOH_UI,Fire Arrow,Fire Arrow,NO,NO,UNTRANSLATED_RESIDUAL,Proper noun or internal CVar identifier; translation would violate engine integrity
ACCESSIBILITY::kaleidoscope_eng::5,SOH_UI,Din's Fire,Din's Fire,NO,NO,UNTRANSLATED_RESIDUAL,Proper noun or internal CVar identifier; translation would violate engine integrity
ACCESSIBILITY::kaleidoscope_eng::6,SOH_UI,Fairy Slingshot - $0,Fairy Slingshot - $0,NO,NO,UNTRANSLATED_RESIDUAL,Proper noun or internal CVar identifier; translation would violate engine integrity
ACCESSIBILITY::kaleidoscope_eng::9,SOH_UI,Bombchu - $0,Bombchu - $0,NO,NO,UNTRANSLATED_RESIDUAL,Proper noun or internal CVar identifier; translation would violate engine integrity
ACCESSIBILITY::kaleidoscope_eng::12,SOH_UI,Ice Arrow,Ice Arrow,NO,NO,UNTRANSLATED_RESIDUAL,Proper noun or internal CVar identifier; translation would violate engine integrity
ACCESSIBILITY::kaleidoscope_eng::13,SOH_UI,Farore's Wind,Farore's Wind,NO,NO,UNTRANSLATED_RESIDUAL,Proper noun or internal CVar identifier; translation would violate engine integrity
ACCESSIBILITY::kaleidoscope_eng::16,SOH_UI,Magic Beans - $0,Magic Beans - $0,NO,NO,UNTRANSLATED_RESIDUAL,Proper noun or internal CVar identifier; translation would violate engine integrity
ACCESSIBILITY::kaleidoscope_eng::18,SOH_UI,Light Arrow,Light Arrow,NO,NO,UNTRANSLATED_RESIDUAL,Proper noun or internal CVar identifier; translation would violate engine integrity
ACCESSIBILITY::kaleidoscope_eng::19,SOH_UI,Nayru's Love,Nayru's Love,NO,NO,UNTRANSLATED_RESIDUAL,Proper noun or internal CVar identifier; translation would violate engine integrity
ACCESSIBILITY::kaleidoscope_eng::20,SOH_UI,Empty Bottle,Empty Bottle,NO,NO,UNTRANSLATED_RESIDUAL,Proper noun or internal CVar identifier; translation would violate engine integrity
ACCESSIBILITY::kaleidoscope_eng::21,SOH_UI,Red Potion,Red Potion,NO,NO,UNTRANSLATED_RESIDUAL,Proper noun or internal CVar identifier; translation would violate engine integrity
ACCESSIBILITY::kaleidoscope_eng::22,SOH_UI,Green Potion,Green Potion,NO,NO,UNTRANSLATED_RESIDUAL,Proper noun or internal CVar identifier; translation would violate engine integrity
ACCESSIBILITY::kaleidoscope_eng::23,SOH_UI,Blue Potion,Blue Potion,NO,NO,UNTRANSLATED_RESIDUAL,Proper noun or internal CVar identifier; translation would violate engine integrity
ACCESSIBILITY::kaleidoscope_eng::24,SOH_UI,Fairy,Fairy,NO,NO,UNTRANSLATED_RESIDUAL,Proper noun or internal CVar identifier; translation would violate engine integrity
ACCESSIBILITY::kaleidoscope_eng::25,SOH_UI,Fish,Fish,NO,NO,UNTRANSLATED_RESIDUAL,Proper noun or internal CVar identifier; translation would violate engine integrity
ACCESSIBILITY::kaleidoscope_eng::26,SOH_UI,Milk Bottle,Milk Bottle,NO,NO,UNTRANSLATED_RESIDUAL,Proper noun or internal CVar identifier; translation would violate engine integrity
ACCESSIBILITY::kaleidoscope_eng::27,SOH_UI,Ruto's Letter,Ruto's Letter,NO,NO,UNTRANSLATED_RESIDUAL,Proper noun or internal CVar identifier; translation would violate engine integrity
ACCESSIBILITY::kaleidoscope_eng::28,SOH_UI,Blue Fire,Blue Fire,NO,NO,UNTRANSLATED_RESIDUAL,Proper noun or internal CVar identifier; translation would violate engine integrity
ACCESSIBILITY::kaleidoscope_eng::29,SOH_UI,Bugs,Bugs,NO,NO,UNTRANSLATED_RESIDUAL,Proper noun or internal CVar identifier; translation would violate engine integrity
ACCESSIBILITY::kaleidoscope_eng::30,SOH_UI,Big Poe,Big Poe,NO,NO,UNTRANSLATED_RESIDUAL,Proper noun or internal CVar identifier; translation would violate engine integrity
ACCESSIBILITY::kaleidoscope_eng::31,SOH_UI,Milk Bottle (Half),Milk Bottle (Half),NO,NO,UNTRANSLATED_RESIDUAL,Proper noun or internal CVar identifier; translation would violate engine integrity
ACCESSIBILITY::kaleidoscope_eng::32,SOH_UI,Poe,Poe,NO,NO,UNTRANSLATED_RESIDUAL,Proper noun or internal CVar identifier; translation would violate engine integrity
ACCESSIBILITY::kaleidoscope_eng::33,SOH_UI,Weird Egg,Weird Egg,NO,NO,UNTRANSLATED_RESIDUAL,Proper noun or internal CVar identifier; translation would violate engine integrity
ACCESSIBILITY::kaleidoscope_eng::34,SOH_UI,Chicken,Chicken,NO,NO,UNTRANSLATED_RESIDUAL,Proper noun or internal CVar identifier; translation would violate engine integrity
ACCESSIBILITY::kaleidoscope_eng::35,SOH_UI,Zelda's Letter,Zelda's Letter,NO,NO,UNTRANSLATED_RESIDUAL,Proper noun or internal CVar identifier; translation would violate engine integrity
ACCESSIBILITY::kaleidoscope_eng::36,SOH_UI,Keaton Mask,Keaton Mask,NO,NO,UNTRANSLATED_RESIDUAL,Proper noun or internal CVar identifier; translation would violate engine integrity
ACCESSIBILITY::kaleidoscope_eng::37,SOH_UI,Skull Mask,Skull Mask,NO,NO,UNTRANSLATED_RESIDUAL,Proper noun or internal CVar identifier; translation would violate engine integrity
ACCESSIBILITY::kaleidoscope_eng::38,SOH_UI,Spooky Mask,Spooky Mask,NO,NO,UNTRANSLATED_RESIDUAL,Proper noun or internal CVar identifier; translation would violate engine integrity
ACCESSIBILITY::kaleidoscope_eng::39,SOH_UI,Bunny Mask,Bunny Mask,NO,NO,UNTRANSLATED_RESIDUAL,Proper noun or internal CVar identifier; translation would violate engine integrity
ACCESSIBILITY::kaleidoscope_eng::40,SOH_UI,Goron Mask,Goron Mask,NO,NO,UNTRANSLATED_RESIDUAL,Proper noun or internal CVar identifier; translation would violate engine integrity
ACCESSIBILITY::kaleidoscope_eng::41,SOH_UI,Zora Mask,Zora Mask,NO,NO,UNTRANSLATED_RESIDUAL,Proper noun or internal CVar identifier; translation would violate engine integrity
ACCESSIBILITY::kaleidoscope_eng::42,SOH_UI,Gerudo Mask,Gerudo Mask,NO,NO,UNTRANSLATED_RESIDUAL,Proper noun or internal CVar identifier; translation would violate engine integrity
ACCESSIBILITY::kaleidoscope_eng::43,SOH_UI,Mask of Truth,Mask of Truth,NO,NO,UNTRANSLATED_RESIDUAL,Proper noun or internal CVar identifier; translation would violate engine integrity
ACCESSIBILITY::kaleidoscope_eng::44,SOH_UI,Sold Out,Sold Out,NO,NO,UNTRANSLATED_RESIDUAL,Proper noun or internal CVar identifier; translation would violate engine integrity
ACCESSIBILITY::kaleidoscope_eng::45,SOH_UI,Pocket Egg,Pocket Egg,NO,NO,UNTRANSLATED_RESIDUAL,Proper noun or internal CVar identifier; translation would violate engine integrity
ACCESSIBILITY::kaleidoscope_eng::46,SOH_UI,Pocket Cucco,Pocket Cucco,NO,NO,UNTRANSLATED_RESIDUAL,Proper noun or internal CVar identifier; translation would violate engine integrity
ACCESSIBILITY::kaleidoscope_eng::47,SOH_UI,Cojiro,Cojiro,NO,NO,UNTRANSLATED_RESIDUAL,Proper noun or internal CVar identifier; translation would violate engine integrity
ACCESSIBILITY::kaleidoscope_eng::48,SOH_UI,Odd Mushroom,Odd Mushroom,NO,NO,UNTRANSLATED_RESIDUAL,Proper noun or internal CVar identifier; translation would violate engine integrity
ACCESSIBILITY::kaleidoscope_eng::49,SOH_UI,Odd Potion,Odd Potion,NO,NO,UNTRANSLATED_RESIDUAL,Proper noun or internal CVar identifier; translation would violate engine integrity
ACCESSIBILITY::kaleidoscope_eng::50,SOH_UI,Saw,Saw,NO,NO,UNTRANSLATED_RESIDUAL,Proper noun or internal CVar identifier; translation would violate engine integrity
ACCESSIBILITY::kaleidoscope_eng::51,SOH_UI,Broken Sword,Broken Sword,NO,NO,UNTRANSLATED_RESIDUAL,Proper noun or internal CVar identifier; translation would violate engine integrity
ACCESSIBILITY::kaleidoscope_eng::52,SOH_UI,Prescription,Prescription,NO,NO,UNTRANSLATED_RESIDUAL,Proper noun or internal CVar identifier; translation would violate engine integrity
ACCESSIBILITY::kaleidoscope_eng::53,SOH_UI,Eyeball Frog,Eyeball Frog,NO,NO,UNTRANSLATED_RESIDUAL,Proper noun or internal CVar identifier; translation would violate engine integrity
ACCESSIBILITY::kaleidoscope_eng::54,SOH_UI,Eyedrops,Eyedrops,NO,NO,UNTRANSLATED_RESIDUAL,Proper noun or internal CVar identifier; translation would violate engine integrity
ACCESSIBILITY::kaleidoscope_eng::55,SOH_UI,Claim Check,Claim Check,NO,NO,UNTRANSLATED_RESIDUAL,Proper noun or internal CVar identifier; translation would violate engine integrity
ACCESSIBILITY::kaleidoscope_eng::56,SOH_UI,Bow Fire Arrow,Bow Fire Arrow,NO,NO,UNTRANSLATED_RESIDUAL,Proper noun or internal CVar identifier; translation would violate engine integrity
ACCESSIBILITY::kaleidoscope_eng::57,SOH_UI,Bow Ice Arrow,Bow Ice Arrow,NO,NO,UNTRANSLATED_RESIDUAL,Proper noun or internal CVar identifier; translation would violate engine integrity
ACCESSIBILITY::kaleidoscope_eng::58,SOH_UI,Bow Light Arrow,Bow Light Arrow,NO,NO,UNTRANSLATED_RESIDUAL,Proper noun or internal CVar identifier; translation would violate engine integrity
ACCESSIBILITY::kaleidoscope_eng::61,SOH_UI,Giant's Knife,Giant's Knife,NO,NO,UNTRANSLATED_RESIDUAL,Proper noun or internal CVar identifier; translation would violate engine integrity
ACCESSIBILITY::kaleidoscope_eng::68,SOH_UI,Kokiri Boots,Kokiri Boots,NO,NO,UNTRANSLATED_RESIDUAL,Proper noun or internal CVar identifier; translation would violate engine integrity
ACCESSIBILITY::kaleidoscope_eng::71,SOH_UI,Bullet Bag (Holds 30),Bullet Bag (Holds 30),NO,NO,UNTRANSLATED_RESIDUAL,Proper noun or internal CVar identifier; translation would violate engine integrity
ACCESSIBILITY::kaleidoscope_eng::72,SOH_UI,Bullet Bag (Holds 40),Bullet Bag (Holds 40),NO,NO,UNTRANSLATED_RESIDUAL,Proper noun or internal CVar identifier; translation would violate engine integrity
ACCESSIBILITY::kaleidoscope_eng::73,SOH_UI,Bullet Bag (Holds 50),Bullet Bag (Holds 50),NO,NO,UNTRANSLATED_RESIDUAL,Proper noun or internal CVar identifier; translation would violate engine integrity
ACCESSIBILITY::kaleidoscope_eng::74,SOH_UI,Quiver (Holds 30),Quiver (Holds 30),NO,NO,UNTRANSLATED_RESIDUAL,Proper noun or internal CVar identifier; translation would violate engine integrity
ACCESSIBILITY::kaleidoscope_eng::75,SOH_UI,Quiver (Holds 40),Quiver (Holds 40),NO,NO,UNTRANSLATED_RESIDUAL,Proper noun or internal CVar identifier; translation would violate engine integrity
ACCESSIBILITY::kaleidoscope_eng::76,SOH_UI,Quiver (Holds 50),Quiver (Holds 50),NO,NO,UNTRANSLATED_RESIDUAL,Proper noun or internal CVar identifier; translation would violate engine integrity
ACCESSIBILITY::kaleidoscope_eng::77,SOH_UI,Bomb Bag (Holds 20),Bomb Bag (Holds 20),NO,NO,UNTRANSLATED_RESIDUAL,Proper noun or internal CVar identifier; translation would violate engine integrity
ACCESSIBILITY::kaleidoscope_eng::78,SOH_UI,Bomb Bag (Holds 30),Bomb Bag (Holds 30),NO,NO,UNTRANSLATED_RESIDUAL,Proper noun or internal CVar identifier; translation would violate engine integrity
ACCESSIBILITY::kaleidoscope_eng::79,SOH_UI,Bomb Bag (Holds 40),Bomb Bag (Holds 40),NO,NO,UNTRANSLATED_RESIDUAL,Proper noun or internal CVar identifier; translation would violate engine integrity
ACCESSIBILITY::kaleidoscope_eng::83,SOH_UI,Silver Scale,Silver Scale,NO,NO,UNTRANSLATED_RESIDUAL,Proper noun or internal CVar identifier; translation would violate engine integrity
ACCESSIBILITY::kaleidoscope_eng::84,SOH_UI,Golden Scale,Golden Scale,NO,NO,UNTRANSLATED_RESIDUAL,Proper noun or internal CVar identifier; translation would violate engine integrity
ACCESSIBILITY::kaleidoscope_eng::85,SOH_UI,Giant's Knife (Broken),Giant's Knife (Broken),NO,NO,UNTRANSLATED_RESIDUAL,Proper noun or internal CVar identifier; translation would violate engine integrity
ACCESSIBILITY::kaleidoscope_eng::86,SOH_UI,WALLET ADULT,WALLET ADULT,NO,NO,UNTRANSLATED_RESIDUAL,Proper noun or internal CVar identifier; translation would violate engine integrity
ACCESSIBILITY::kaleidoscope_eng::87,SOH_UI,Giant's Wallet,Giant's Wallet,NO,NO,UNTRANSLATED_RESIDUAL,Proper noun or internal CVar identifier; translation would violate engine integrity
ACCESSIBILITY::kaleidoscope_eng::88,SOH_UI,Deku Seeds,Deku Seeds,NO,NO,UNTRANSLATED_RESIDUAL,Proper noun or internal CVar identifier; translation would violate engine integrity
ACCESSIBILITY::kaleidoscope_eng::89,SOH_UI,Fishing Pole,Fishing Pole,NO,NO,UNTRANSLATED_RESIDUAL,Proper noun or internal CVar identifier; translation would violate engine integrity
ACCESSIBILITY::kaleidoscope_eng::90,SOH_UI,Minuet of Forest,Minuet of Forest,NO,NO,UNTRANSLATED_RESIDUAL,Proper noun or internal CVar identifier; translation would violate engine integrity
ACCESSIBILITY::kaleidoscope_eng::91,SOH_UI,Bolero of Fire,Bolero of Fire,NO,NO,UNTRANSLATED_RESIDUAL,Proper noun or internal CVar identifier; translation would violate engine integrity
ACCESSIBILITY::kaleidoscope_eng::92,SOH_UI,Serenade of Water,Serenade of Water,NO,NO,UNTRANSLATED_RESIDUAL,Proper noun or internal CVar identifier; translation would violate engine integrity
ACCESSIBILITY::kaleidoscope_eng::93,SOH_UI,Requiem of Spirit,Requiem of Spirit,NO,NO,UNTRANSLATED_RESIDUAL,Proper noun or internal CVar identifier; translation would violate engine integrity
ACCESSIBILITY::kaleidoscope_eng::94,SOH_UI,Nocturne of Shadow,Nocturne of Shadow,NO,NO,UNTRANSLATED_RESIDUAL,Proper noun or internal CVar identifier; translation would violate engine integrity
ACCESSIBILITY::kaleidoscope_eng::95,SOH_UI,Prelude of Light,Prelude of Light,NO,NO,UNTRANSLATED_RESIDUAL,Proper noun or internal CVar identifier; translation would violate engine integrity
ACCESSIBILITY::kaleidoscope_eng::96,SOH_UI,Zelda's Lullaby,Zelda's Lullaby,NO,NO,UNTRANSLATED_RESIDUAL,Proper noun or internal CVar identifier; translation would violate engine integrity
ACCESSIBILITY::kaleidoscope_eng::97,SOH_UI,Epona's Song,Epona's Song,NO,NO,UNTRANSLATED_RESIDUAL,Proper noun or internal CVar identifier; translation would violate engine integrity
ACCESSIBILITY::kaleidoscope_eng::98,SOH_UI,Saria's Song,Saria's Song,NO,NO,UNTRANSLATED_RESIDUAL,Proper noun or internal CVar identifier; translation would violate engine integrity
ACCESSIBILITY::kaleidoscope_eng::99,SOH_UI,Sun's Song,Sun's Song,NO,NO,UNTRANSLATED_RESIDUAL,Proper noun or internal CVar identifier; translation would violate engine integrity
ACCESSIBILITY::kaleidoscope_eng::100,SOH_UI,Song of Time,Song of Time,NO,NO,UNTRANSLATED_RESIDUAL,Proper noun or internal CVar identifier; translation would violate engine integrity
ACCESSIBILITY::kaleidoscope_eng::101,SOH_UI,Song of Storms,Song of Storms,NO,NO,UNTRANSLATED_RESIDUAL,Proper noun or internal CVar identifier; translation would violate engine integrity
ACCESSIBILITY::kaleidoscope_eng::102,SOH_UI,Forest Medallion,Forest Medallion,NO,NO,UNTRANSLATED_RESIDUAL,Proper noun or internal CVar identifier; translation would violate engine integrity
ACCESSIBILITY::kaleidoscope_eng::103,SOH_UI,Fire Medallion,Fire Medallion,NO,NO,UNTRANSLATED_RESIDUAL,Proper noun or internal CVar identifier; translation would violate engine integrity
ACCESSIBILITY::kaleidoscope_eng::104,SOH_UI,Water Medallion,Water Medallion,NO,NO,UNTRANSLATED_RESIDUAL,Proper noun or internal CVar identifier; translation would violate engine integrity
ACCESSIBILITY::kaleidoscope_eng::105,SOH_UI,Spirit Medallion,Spirit Medallion,NO,NO,UNTRANSLATED_RESIDUAL,Proper noun or internal CVar identifier; translation would violate engine integrity
ACCESSIBILITY::kaleidoscope_eng::106,SOH_UI,Shadow Medallion,Shadow Medallion,NO,NO,UNTRANSLATED_RESIDUAL,Proper noun or internal CVar identifier; translation would violate engine integrity
ACCESSIBILITY::kaleidoscope_eng::107,SOH_UI,Light Medallion,Light Medallion,NO,NO,UNTRANSLATED_RESIDUAL,Proper noun or internal CVar identifier; translation would violate engine integrity
ACCESSIBILITY::kaleidoscope_eng::108,SOH_UI,Kokiri's Emerald,Kokiri's Emerald,NO,NO,UNTRANSLATED_RESIDUAL,Proper noun or internal CVar identifier; translation would violate engine integrity
ACCESSIBILITY::kaleidoscope_eng::109,SOH_UI,Goron's Ruby,Goron's Ruby,NO,NO,UNTRANSLATED_RESIDUAL,Proper noun or internal CVar identifier; translation would violate engine integrity
ACCESSIBILITY::kaleidoscope_eng::110,SOH_UI,Zora Sapphire,Zora Sapphire,NO,NO,UNTRANSLATED_RESIDUAL,Proper noun or internal CVar identifier; translation would violate engine integrity
ACCESSIBILITY::kaleidoscope_eng::111,SOH_UI,Stone of Agony,Stone of Agony,NO,NO,UNTRANSLATED_RESIDUAL,Proper noun or internal CVar identifier; translation would violate engine integrity
ACCESSIBILITY::kaleidoscope_eng::112,SOH_UI,Gerudo's Card,Gerudo's Card,NO,NO,UNTRANSLATED_RESIDUAL,Proper noun or internal CVar identifier; translation would violate engine integrity
ACCESSIBILITY::kaleidoscope_eng::113,SOH_UI,Skulltula Token - $0,Skulltula Token - $0,NO,NO,UNTRANSLATED_RESIDUAL,Proper noun or internal CVar identifier; translation would violate engine integrity
ACCESSIBILITY::kaleidoscope_eng::114,SOH_UI,Piece of Heart - $0,Piece of Heart - $0,NO,NO,UNTRANSLATED_RESIDUAL,Proper noun or internal CVar identifier; translation would violate engine integrity
ACCESSIBILITY::kaleidoscope_eng::116,SOH_UI,Boss Key,Boss Key,NO,NO,UNTRANSLATED_RESIDUAL,Proper noun or internal CVar identifier; translation would violate engine integrity
ACCESSIBILITY::kaleidoscope_eng::117,SOH_UI,Compass,Compass,NO,NO,UNTRANSLATED_RESIDUAL,Proper noun or internal CVar identifier; translation would violate engine integrity
ACCESSIBILITY::kaleidoscope_eng::118,SOH_UI,Dungeon Map,Dungeon Map,NO,NO,UNTRANSLATED_RESIDUAL,Proper noun or internal CVar identifier; translation would violate engine integrity
ACCESSIBILITY::kaleidoscope_eng::119,SOH_UI,Small Key,Small Key,NO,NO,UNTRANSLATED_RESIDUAL,Proper noun or internal CVar identifier; translation would violate engine integrity
ACCESSIBILITY::kaleidoscope_eng::120,SOH_UI,MAGIC SMALL,MAGIC SMALL,NO,NO,UNTRANSLATED_RESIDUAL,Proper noun or internal CVar identifier; translation would violate engine integrity
ACCESSIBILITY::kaleidoscope_eng::121,SOH_UI,MAGIC LARGE,MAGIC LARGE,NO,NO,UNTRANSLATED_RESIDUAL,Proper noun or internal CVar identifier; translation would violate engine integrity
ACCESSIBILITY::kaleidoscope_eng::123,SOH_UI,INVALID 1,INVALID 1,NO,NO,UNTRANSLATED_RESIDUAL,Proper noun or internal CVar identifier; translation would violate engine integrity
ACCESSIBILITY::kaleidoscope_eng::124,SOH_UI,INVALID 2,INVALID 2,NO,NO,UNTRANSLATED_RESIDUAL,Proper noun or internal CVar identifier; translation would violate engine integrity
ACCESSIBILITY::kaleidoscope_eng::125,SOH_UI,INVALID 3,INVALID 3,NO,NO,UNTRANSLATED_RESIDUAL,Proper noun or internal CVar identifier; translation would violate engine integrity
ACCESSIBILITY::kaleidoscope_eng::126,SOH_UI,INVALID 4,INVALID 4,NO,NO,UNTRANSLATED_RESIDUAL,Proper noun or internal CVar identifier; translation would violate engine integrity
ACCESSIBILITY::kaleidoscope_eng::127,SOH_UI,INVALID 5,INVALID 5,NO,NO,UNTRANSLATED_RESIDUAL,Proper noun or internal CVar identifier; translation would violate engine integrity
ACCESSIBILITY::kaleidoscope_eng::128,SOH_UI,INVALID 6,INVALID 6,NO,NO,UNTRANSLATED_RESIDUAL,Proper noun or internal CVar identifier; translation would violate engine integrity
ACCESSIBILITY::kaleidoscope_eng::129,SOH_UI,INVALID 7,INVALID 7,NO,NO,UNTRANSLATED_RESIDUAL,Proper noun or internal CVar identifier; translation would violate engine integrity
ACCESSIBILITY::kaleidoscope_eng::130,SOH_UI,Milk,Milk,NO,NO,UNTRANSLATED_RESIDUAL,Proper noun or internal CVar identifier; translation would violate engine integrity
ACCESSIBILITY::kaleidoscope_eng::131,SOH_UI,Recovery Heart,Recovery Heart,NO,NO,UNTRANSLATED_RESIDUAL,Proper noun or internal CVar identifier; translation would violate engine integrity
ACCESSIBILITY::kaleidoscope_eng::132,SOH_UI,Green Rupee,Green Rupee,NO,NO,UNTRANSLATED_RESIDUAL,Proper noun or internal CVar identifier; translation would violate engine integrity
ACCESSIBILITY::kaleidoscope_eng::133,SOH_UI,Blue Rupee,Blue Rupee,NO,NO,UNTRANSLATED_RESIDUAL,Proper noun or internal CVar identifier; translation would violate engine integrity
ACCESSIBILITY::kaleidoscope_eng::134,SOH_UI,Red Rupee,Red Rupee,NO,NO,UNTRANSLATED_RESIDUAL,Proper noun or internal CVar identifier; translation would violate engine integrity
ACCESSIBILITY::kaleidoscope_eng::135,SOH_UI,Purple Rupee,Purple Rupee,NO,NO,UNTRANSLATED_RESIDUAL,Proper noun or internal CVar identifier; translation would violate engine integrity
ACCESSIBILITY::kaleidoscope_eng::136,SOH_UI,Gold Rupee,Gold Rupee,NO,NO,UNTRANSLATED_RESIDUAL,Proper noun or internal CVar identifier; translation would violate engine integrity
ACCESSIBILITY::kaleidoscope_eng::137,SOH_UI,INVALID 8,INVALID 8,NO,NO,UNTRANSLATED_RESIDUAL,Proper noun or internal CVar identifier; translation would violate engine integrity
ACCESSIBILITY::kaleidoscope_eng::138,SOH_UI,STICKS 5,STICKS 5,NO,NO,UNTRANSLATED_RESIDUAL,Proper noun or internal CVar identifier; translation would violate engine integrity
ACCESSIBILITY::kaleidoscope_eng::139,SOH_UI,STICKS 10,STICKS 10,NO,NO,UNTRANSLATED_RESIDUAL,Proper noun or internal CVar identifier; translation would violate engine integrity
ACCESSIBILITY::kaleidoscope_eng::140,SOH_UI,NUTS 5,NUTS 5,NO,NO,UNTRANSLATED_RESIDUAL,Proper noun or internal CVar identifier; translation would violate engine integrity
ACCESSIBILITY::kaleidoscope_eng::141,SOH_UI,NUTS 10,NUTS 10,NO,NO,UNTRANSLATED_RESIDUAL,Proper noun or internal CVar identifier; translation would violate engine integrity
ACCESSIBILITY::kaleidoscope_eng::142,SOH_UI,BOMBS 5,BOMBS 5,NO,NO,UNTRANSLATED_RESIDUAL,Proper noun or internal CVar identifier; translation would violate engine integrity
ACCESSIBILITY::kaleidoscope_eng::143,SOH_UI,BOMBS 10,BOMBS 10,NO,NO,UNTRANSLATED_RESIDUAL,Proper noun or internal CVar identifier; translation would violate engine integrity
ACCESSIBILITY::kaleidoscope_eng::144,SOH_UI,BOMBS 20,BOMBS 20,NO,NO,UNTRANSLATED_RESIDUAL,Proper noun or internal CVar identifier; translation would violate engine integrity
ACCESSIBILITY::kaleidoscope_eng::145,SOH_UI,BOMBS 30,BOMBS 30,NO,NO,UNTRANSLATED_RESIDUAL,Proper noun or internal CVar identifier; translation would violate engine integrity
ACCESSIBILITY::kaleidoscope_eng::146,SOH_UI,ARROWS SMALL,ARROWS SMALL,NO,NO,UNTRANSLATED_RESIDUAL,Proper noun or internal CVar identifier; translation would violate engine integrity
ACCESSIBILITY::kaleidoscope_eng::147,SOH_UI,ARROWS MEDIUM,ARROWS MEDIUM,NO,NO,UNTRANSLATED_RESIDUAL,Proper noun or internal CVar identifier; translation would violate engine integrity
ACCESSIBILITY::kaleidoscope_eng::148,SOH_UI,ARROWS LARGE,ARROWS LARGE,NO,NO,UNTRANSLATED_RESIDUAL,Proper noun or internal CVar identifier; translation would violate engine integrity
ACCESSIBILITY::kaleidoscope_eng::149,SOH_UI,SEEDS 30,SEEDS 30,NO,NO,UNTRANSLATED_RESIDUAL,Proper noun or internal CVar identifier; translation would violate engine integrity
ACCESSIBILITY::kaleidoscope_eng::150,SOH_UI,BOMBCHUS 5,BOMBCHUS 5,NO,NO,UNTRANSLATED_RESIDUAL,Proper noun or internal CVar identifier; translation would violate engine integrity
ACCESSIBILITY::kaleidoscope_eng::151,SOH_UI,BOMBCHUS 20,BOMBCHUS 20,NO,NO,UNTRANSLATED_RESIDUAL,Proper noun or internal CVar identifier; translation would violate engine integrity
ACCESSIBILITY::kaleidoscope_eng::152,SOH_UI,STICK UPGRADE 20,STICK UPGRADE 20,NO,NO,UNTRANSLATED_RESIDUAL,Proper noun or internal CVar identifier; translation would violate engine integrity
ACCESSIBILITY::kaleidoscope_eng::153,SOH_UI,STICK UPGRADE 30,STICK UPGRADE 30,NO,NO,UNTRANSLATED_RESIDUAL,Proper noun or internal CVar identifier; translation would violate engine integrity
ACCESSIBILITY::kaleidoscope_eng::154,SOH_UI,NUT UPGRADE 30,NUT UPGRADE 30,NO,NO,UNTRANSLATED_RESIDUAL,Proper noun or internal CVar identifier; translation would violate engine integrity
ACCESSIBILITY::kaleidoscope_eng::155,SOH_UI,NUT UPGRADE 40,NUT UPGRADE 40,NO,NO,UNTRANSLATED_RESIDUAL,Proper noun or internal CVar identifier; translation would violate engine integrity
ACCESSIBILITY::kaleidoscope_eng::257,SOH_UI,Gerudos Fortress,Gerudos Fortress,NO,NO,UNTRANSLATED_RESIDUAL,Proper noun or internal CVar identifier; translation would violate engine integrity
ACCESSIBILITY::kaleidoscope_eng::259,SOH_UI,Hylia Lakeside,Hylia Lakeside,NO,NO,UNTRANSLATED_RESIDUAL,Proper noun or internal CVar identifier; translation would violate engine integrity
ACCESSIBILITY::kaleidoscope_eng::263,SOH_UI,Death Mountain,Death Mountain,NO,NO,UNTRANSLATED_RESIDUAL,Proper noun or internal CVar identifier; translation would violate engine integrity
ACCESSIBILITY::scenes_eng::36,SOH_UI,SCENE_SHRINE_N,SCENE_SHRINE_N,NO,NO,UNTRANSLATED_RESIDUAL,Proper noun or internal CVar identifier; translation would violate engine integrity
ACCESSIBILITY::scenes_eng::37,SOH_UI,SCENE_SHRINE_R,SCENE_SHRINE_R,NO,NO,UNTRANSLATED_RESIDUAL,Proper noun or internal CVar identifier; translation would violate engine integrity
ACCESSIBILITY::scenes_eng::79,SOH_UI,Ganon,Ganon,YES,NO,CERTIFIED_VALID_UNTRANSLATED,Proper noun or internal CVar identifier; translation would violate engine integrity
