id,system,max_line_length,line_count,page_count,risk_class,verdict,notes
Z_MESSAGE_OTR::L118,MAIN_GAME,102,1,1,LINE_WIDTH_WARNING,ACCEPTABLE,Text auto-wraps cleanly within ImGui / SoH proportional font renderer
Z_MESSAGE_OTR::L148,MAIN_GAME,54,3,1,LINE_WIDTH_WARNING,ACCEPTABLE,Text auto-wraps cleanly within ImGui / SoH proportional font renderer
Z_MESSAGE_OTR::L165,MAIN_GAME,33,8,2,PAGE_OVERFLOW_WARNING,ACCEPTABLE,Text auto-wraps cleanly within ImGui / SoH proportional font renderer
Z_MESSAGE_OTR::L172,MAIN_GAME,88,2,2,LINE_WIDTH_WARNING,ACCEPTABLE,Text auto-wraps cleanly within ImGui / SoH proportional font renderer
Rando::CUSTOM_MSG::L589,MAIN_GAME,71,1,1,LINE_WIDTH_WARNING,ACCEPTABLE,Text auto-wraps cleanly within ImGui / SoH proportional font renderer
Rando::CUSTOM_MSG::L4609,MAIN_GAME,87,1,1,LINE_WIDTH_WARNING,ACCEPTABLE,Text auto-wraps cleanly within ImGui / SoH proportional font renderer
0x0018,MAIN_GAME,33,14,4,PAGE_OVERFLOW_WARNING,ACCEPTABLE,Text auto-wraps cleanly within ImGui / SoH proportional font renderer
0x0019,MAIN_GAME,34,7,3,PAGE_OVERFLOW_WARNING,ACCEPTABLE,Text auto-wraps cleanly within ImGui / SoH proportional font renderer
0x0020,MAIN_GAME,37,5,2,PAGE_OVERFLOW_WARNING,ACCEPTABLE,Text auto-wraps cleanly within ImGui / SoH proportional font renderer
0x0024,MAIN_GAME,38,20,5,PAGE_OVERFLOW_WARNING,ACCEPTABLE,Text auto-wraps cleanly within ImGui / SoH proportional font renderer
0x0026,MAIN_GAME,41,20,5,PAGE_OVERFLOW_WARNING,ACCEPTABLE,Text auto-wraps cleanly within ImGui / SoH proportional font renderer
0x0028,MAIN_GAME,38,6,2,PAGE_OVERFLOW_WARNING,ACCEPTABLE,Text auto-wraps cleanly within ImGui / SoH proportional font renderer
0x0029,MAIN_GAME,46,7,3,PAGE_OVERFLOW_WARNING,ACCEPTABLE,Text auto-wraps cleanly within ImGui / SoH proportional font renderer
0x002E,MAIN_GAME,37,13,3,PAGE_OVERFLOW_WARNING,ACCEPTABLE,Text auto-wraps cleanly within ImGui / SoH proportional font renderer
0x0030,MAIN_GAME,49,13,3,PAGE_OVERFLOW_WARNING,ACCEPTABLE,Text auto-wraps cleanly within ImGui / SoH proportional font renderer
0x0031,MAIN_GAME,43,8,2,PAGE_OVERFLOW_WARNING,ACCEPTABLE,Text auto-wraps cleanly within ImGui / SoH proportional font renderer
0x0032,MAIN_GAME,45,8,2,PAGE_OVERFLOW_WARNING,ACCEPTABLE,Text auto-wraps cleanly within ImGui / SoH proportional font renderer
0x0033,MAIN_GAME,36,8,2,PAGE_OVERFLOW_WARNING,ACCEPTABLE,Text auto-wraps cleanly within ImGui / SoH proportional font renderer
0x0034,MAIN_GAME,36,7,2,PAGE_OVERFLOW_WARNING,ACCEPTABLE,Text auto-wraps cleanly within ImGui / SoH proportional font renderer
0x0035,MAIN_GAME,36,6,2,PAGE_OVERFLOW_WARNING,ACCEPTABLE,Text auto-wraps cleanly within ImGui / SoH proportional font renderer
0x0036,MAIN_GAME,35,12,3,PAGE_OVERFLOW_WARNING,ACCEPTABLE,Text auto-wraps cleanly within ImGui / SoH proportional font renderer
0x0037,MAIN_GAME,36,11,3,PAGE_OVERFLOW_WARNING,ACCEPTABLE,Text auto-wraps cleanly within ImGui / SoH proportional font renderer
0x0039,MAIN_GAME,42,9,2,PAGE_OVERFLOW_WARNING,ACCEPTABLE,Text auto-wraps cleanly within ImGui / SoH proportional font renderer
0x0043,MAIN_GAME,36,8,2,PAGE_OVERFLOW_WARNING,ACCEPTABLE,Text auto-wraps cleanly within ImGui / SoH proportional font renderer
0x0044,MAIN_GAME,36,8,2,PAGE_OVERFLOW_WARNING,ACCEPTABLE,Text auto-wraps cleanly within ImGui / SoH proportional font renderer
0x0046,MAIN_GAME,36,12,3,PAGE_OVERFLOW_WARNING,ACCEPTABLE,Text auto-wraps cleanly within ImGui / SoH proportional font renderer
0x0047,MAIN_GAME,36,9,2,PAGE_OVERFLOW_WARNING,ACCEPTABLE,Text auto-wraps cleanly within ImGui / SoH proportional font renderer
0x0048,MAIN_GAME,38,9,2,PAGE_OVERFLOW_WARNING,ACCEPTABLE,Text auto-wraps cleanly within ImGui / SoH proportional font renderer
0x004A,MAIN_GAME,36,14,3,PAGE_OVERFLOW_WARNING,ACCEPTABLE,Text auto-wraps cleanly within ImGui / SoH proportional font renderer
0x004C,MAIN_GAME,45,9,2,PAGE_OVERFLOW_WARNING,ACCEPTABLE,Text auto-wraps cleanly within ImGui / SoH proportional font renderer
0x0054,MAIN_GAME,33,9,2,PAGE_OVERFLOW_WARNING,ACCEPTABLE,Text auto-wraps cleanly within ImGui / SoH proportional font renderer
0x0058,MAIN_GAME,34,8,2,PAGE_OVERFLOW_WARNING,ACCEPTABLE,Text auto-wraps cleanly within ImGui / SoH proportional font renderer
0x005B,MAIN_GAME,42,9,2,PAGE_OVERFLOW_WARNING,ACCEPTABLE,Text auto-wraps cleanly within ImGui / SoH proportional font renderer
0x0066,MAIN_GAME,34,12,3,PAGE_OVERFLOW_WARNING,ACCEPTABLE,Text auto-wraps cleanly within ImGui / SoH proportional font renderer
0x0069,MAIN_GAME,36,9,2,PAGE_OVERFLOW_WARNING,ACCEPTABLE,Text auto-wraps cleanly within ImGui / SoH proportional font renderer
0x006D,MAIN_GAME,31,9,2,PAGE_OVERFLOW_WARNING,ACCEPTABLE,Text auto-wraps cleanly within ImGui / SoH proportional font renderer
0x0071,MAIN_GAME,36,9,2,PAGE_OVERFLOW_WARNING,ACCEPTABLE,Text auto-wraps cleanly within ImGui / SoH proportional font renderer
0x0098,MAIN_GAME,36,13,3,PAGE_OVERFLOW_WARNING,ACCEPTABLE,Text auto-wraps cleanly within ImGui / SoH proportional font renderer
0x009A,MAIN_GAME,41,8,2,PAGE_OVERFLOW_WARNING,ACCEPTABLE,Text auto-wraps cleanly within ImGui / SoH proportional font renderer
0x00A4,MAIN_GAME,48,9,2,PAGE_OVERFLOW_WARNING,ACCEPTABLE,Text auto-wraps cleanly within ImGui / SoH proportional font renderer
0x00AE,MAIN_GAME,46,14,3,PAGE_OVERFLOW_WARNING,ACCEPTABLE,Text auto-wraps cleanly within ImGui / SoH proportional font renderer
0x00BF,MAIN_GAME,12,5,3,PAGE_OVERFLOW_WARNING,ACCEPTABLE,Text auto-wraps cleanly within ImGui / SoH proportional font renderer
0x00D7,MAIN_GAME,27,7,3,PAGE_OVERFLOW_WARNING,ACCEPTABLE,Text auto-wraps cleanly within ImGui / SoH proportional font renderer
0x00D8,MAIN_GAME,29,7,3,PAGE_OVERFLOW_WARNING,ACCEPTABLE,Text auto-wraps cleanly within ImGui / SoH proportional font renderer
0x00D9,MAIN_GAME,23,7,3,PAGE_OVERFLOW_WARNING,ACCEPTABLE,Text auto-wraps cleanly within ImGui / SoH proportional font renderer
0x00DD,MAIN_GAME,43,11,3,PAGE_OVERFLOW_WARNING,ACCEPTABLE,Text auto-wraps cleanly within ImGui / SoH proportional font renderer
0x00E7,MAIN_GAME,35,15,4,PAGE_OVERFLOW_WARNING,ACCEPTABLE,Text auto-wraps cleanly within ImGui / SoH proportional font renderer
0x00EA,MAIN_GAME,26,5,2,PAGE_OVERFLOW_WARNING,ACCEPTABLE,Text auto-wraps cleanly within ImGui / SoH proportional font renderer
0x00F6,MAIN_GAME,33,5,2,PAGE_OVERFLOW_WARNING,ACCEPTABLE,Text auto-wraps cleanly within ImGui / SoH proportional font renderer
0x00FA,MAIN_GAME,49,6,2,PAGE_OVERFLOW_WARNING,ACCEPTABLE,Text auto-wraps cleanly within ImGui / SoH proportional font renderer
0x00FB,MAIN_GAME,32,6,2,PAGE_OVERFLOW_WARNING,ACCEPTABLE,Text auto-wraps cleanly within ImGui / SoH proportional font renderer
0x00FC,MAIN_GAME,32,6,2,PAGE_OVERFLOW_WARNING,ACCEPTABLE,Text auto-wraps cleanly within ImGui / SoH proportional font renderer
0x00FD,MAIN_GAME,32,6,2,PAGE_OVERFLOW_WARNING,ACCEPTABLE,Text auto-wraps cleanly within ImGui / SoH proportional font renderer
0x00FE,MAIN_GAME,43,6,2,PAGE_OVERFLOW_WARNING,ACCEPTABLE,Text auto-wraps cleanly within ImGui / SoH proportional font renderer
0x0101,MAIN_GAME,66,2,1,LINE_WIDTH_WARNING,ACCEPTABLE,Text auto-wraps cleanly within ImGui / SoH proportional font renderer
0x0103,MAIN_GAME,38,7,2,PAGE_OVERFLOW_WARNING,ACCEPTABLE,Text auto-wraps cleanly within ImGui / SoH proportional font renderer
0x0107,MAIN_GAME,50,14,3,PAGE_OVERFLOW_WARNING,ACCEPTABLE,Text auto-wraps cleanly within ImGui / SoH proportional font renderer
0x0108,MAIN_GAME,42,11,3,PAGE_OVERFLOW_WARNING,ACCEPTABLE,Text auto-wraps cleanly within ImGui / SoH proportional font renderer
0x0114,MAIN_GAME,32,5,2,PAGE_OVERFLOW_WARNING,ACCEPTABLE,Text auto-wraps cleanly within ImGui / SoH proportional font renderer
0x0119,MAIN_GAME,47,7,2,PAGE_OVERFLOW_WARNING,ACCEPTABLE,Text auto-wraps cleanly within ImGui / SoH proportional font renderer
0x0126,MAIN_GAME,41,5,2,PAGE_OVERFLOW_WARNING,ACCEPTABLE,Text auto-wraps cleanly within ImGui / SoH proportional font renderer
0x0128,MAIN_GAME,37,9,3,PAGE_OVERFLOW_WARNING,ACCEPTABLE,Text auto-wraps cleanly within ImGui / SoH proportional font renderer
0x013D,MAIN_GAME,26,5,2,PAGE_OVERFLOW_WARNING,ACCEPTABLE,Text auto-wraps cleanly within ImGui / SoH proportional font renderer
0x0162,MAIN_GAME,37,7,2,PAGE_OVERFLOW_WARNING,ACCEPTABLE,Text auto-wraps cleanly within ImGui / SoH proportional font renderer
0x0163,MAIN_GAME,39,8,2,PAGE_OVERFLOW_WARNING,ACCEPTABLE,Text auto-wraps cleanly within ImGui / SoH proportional font renderer
0x0164,MAIN_GAME,35,8,2,PAGE_OVERFLOW_WARNING,ACCEPTABLE,Text auto-wraps cleanly within ImGui / SoH proportional font renderer
0x0165,MAIN_GAME,33,7,2,PAGE_OVERFLOW_WARNING,ACCEPTABLE,Text auto-wraps cleanly within ImGui / SoH proportional font renderer
0x0167,MAIN_GAME,44,7,2,PAGE_OVERFLOW_WARNING,ACCEPTABLE,Text auto-wraps cleanly within ImGui / SoH proportional font renderer
0x0168,MAIN_GAME,36,9,2,PAGE_OVERFLOW_WARNING,ACCEPTABLE,Text auto-wraps cleanly within ImGui / SoH proportional font renderer
0x016A,MAIN_GAME,42,10,3,PAGE_OVERFLOW_WARNING,ACCEPTABLE,Text auto-wraps cleanly within ImGui / SoH proportional font renderer
0x016B,MAIN_GAME,35,9,3,PAGE_OVERFLOW_WARNING,ACCEPTABLE,Text auto-wraps cleanly within ImGui / SoH proportional font renderer
0x016C,MAIN_GAME,35,17,5,PAGE_OVERFLOW_WARNING,ACCEPTABLE,Text auto-wraps cleanly within ImGui / SoH proportional font renderer
0x016D,MAIN_GAME,35,5,2,PAGE_OVERFLOW_WARNING,ACCEPTABLE,Text auto-wraps cleanly within ImGui / SoH proportional font renderer
0x0180,MAIN_GAME,33,5,2,PAGE_OVERFLOW_WARNING,ACCEPTABLE,Text auto-wraps cleanly within ImGui / SoH proportional font renderer
0x0181,MAIN_GAME,34,5,2,PAGE_OVERFLOW_WARNING,ACCEPTABLE,Text auto-wraps cleanly within ImGui / SoH proportional font renderer
0x0205,MAIN_GAME,32,8,3,PAGE_OVERFLOW_WARNING,ACCEPTABLE,Text auto-wraps cleanly within ImGui / SoH proportional font renderer
0x0206,MAIN_GAME,36,8,3,PAGE_OVERFLOW_WARNING,ACCEPTABLE,Text auto-wraps cleanly within ImGui / SoH proportional font renderer
0x0207,MAIN_GAME,40,22,6,PAGE_OVERFLOW_WARNING,ACCEPTABLE,Text auto-wraps cleanly within ImGui / SoH proportional font renderer
0x0218,MAIN_GAME,39,5,2,PAGE_OVERFLOW_WARNING,ACCEPTABLE,Text auto-wraps cleanly within ImGui / SoH proportional font renderer
0x0224,MAIN_GAME,29,5,2,PAGE_OVERFLOW_WARNING,ACCEPTABLE,Text auto-wraps cleanly within ImGui / SoH proportional font renderer
0x0226,MAIN_GAME,33,6,2,PAGE_OVERFLOW_WARNING,ACCEPTABLE,Text auto-wraps cleanly within ImGui / SoH proportional font renderer
0x0227,MAIN_GAME,35,14,4,PAGE_OVERFLOW_WARNING,ACCEPTABLE,Text auto-wraps cleanly within ImGui / SoH proportional font renderer
0x022A,MAIN_GAME,46,6,2,PAGE_OVERFLOW_WARNING,ACCEPTABLE,Text auto-wraps cleanly within ImGui / SoH proportional font renderer
0x022C,MAIN_GAME,36,9,2,PAGE_OVERFLOW_WARNING,ACCEPTABLE,Text auto-wraps cleanly within ImGui / SoH proportional font renderer
0x0311,MAIN_GAME,46,5,2,PAGE_OVERFLOW_WARNING,ACCEPTABLE,Text auto-wraps cleanly within ImGui / SoH proportional font renderer
0x0318,MAIN_GAME,31,5,1,PAGE_OVERFLOW_WARNING,ACCEPTABLE,Text auto-wraps cleanly within ImGui / SoH proportional font renderer
0x0329,MAIN_GAME,41,12,3,PAGE_OVERFLOW_WARNING,ACCEPTABLE,Text auto-wraps cleanly within ImGui / SoH proportional font renderer
0x0335,MAIN_GAME,34,5,1,PAGE_OVERFLOW_WARNING,ACCEPTABLE,Text auto-wraps cleanly within ImGui / SoH proportional font renderer
0x0337,MAIN_GAME,42,11,3,PAGE_OVERFLOW_WARNING,ACCEPTABLE,Text auto-wraps cleanly within ImGui / SoH proportional font renderer
0x0340,MAIN_GAME,40,22,5,PAGE_OVERFLOW_WARNING,ACCEPTABLE,Text auto-wraps cleanly within ImGui / SoH proportional font renderer
0x0341,MAIN_GAME,34,7,2,PAGE_OVERFLOW_WARNING,ACCEPTABLE,Text auto-wraps cleanly within ImGui / SoH proportional font renderer
0x0343,MAIN_GAME,44,21,5,PAGE_OVERFLOW_WARNING,ACCEPTABLE,Text auto-wraps cleanly within ImGui / SoH proportional font renderer
0x0344,MAIN_GAME,25,5,2,PAGE_OVERFLOW_WARNING,ACCEPTABLE,Text auto-wraps cleanly within ImGui / SoH proportional font renderer
0x041A,MAIN_GAME,30,5,1,PAGE_OVERFLOW_WARNING,ACCEPTABLE,Text auto-wraps cleanly within ImGui / SoH proportional font renderer
0x061A,MAIN_GAME,30,7,2,PAGE_OVERFLOW_WARNING,ACCEPTABLE,Text auto-wraps cleanly within ImGui / SoH proportional font renderer
0x0620,MAIN_GAME,33,5,1,PAGE_OVERFLOW_WARNING,ACCEPTABLE,Text auto-wraps cleanly within ImGui / SoH proportional font renderer
0x0623,MAIN_GAME,31,5,1,PAGE_OVERFLOW_WARNING,ACCEPTABLE,Text auto-wraps cleanly within ImGui / SoH proportional font renderer
0x0632,MAIN_GAME,29,5,1,PAGE_OVERFLOW_WARNING,ACCEPTABLE,Text auto-wraps cleanly within ImGui / SoH proportional font renderer
0x0633,MAIN_GAME,29,5,1,PAGE_OVERFLOW_WARNING,ACCEPTABLE,Text auto-wraps cleanly within ImGui / SoH proportional font renderer
0x0636,MAIN_GAME,35,5,1,PAGE_OVERFLOW_WARNING,ACCEPTABLE,Text auto-wraps cleanly within ImGui / SoH proportional font renderer
0x063F,MAIN_GAME,34,5,1,PAGE_OVERFLOW_WARNING,ACCEPTABLE,Text auto-wraps cleanly within ImGui / SoH proportional font renderer
0x0640,MAIN_GAME,30,5,1,PAGE_OVERFLOW_WARNING,ACCEPTABLE,Text auto-wraps cleanly within ImGui / SoH proportional font renderer
0x0641,MAIN_GAME,30,5,1,PAGE_OVERFLOW_WARNING,ACCEPTABLE,Text auto-wraps cleanly within ImGui / SoH proportional font renderer
0x088D,MAIN_GAME,32,5,1,PAGE_OVERFLOW_WARNING,ACCEPTABLE,Text auto-wraps cleanly within ImGui / SoH proportional font renderer
0x0890,MAIN_GAME,32,5,1,PAGE_OVERFLOW_WARNING,ACCEPTABLE,Text auto-wraps cleanly within ImGui / SoH proportional font renderer
0x0892,MAIN_GAME,32,5,1,PAGE_OVERFLOW_WARNING,ACCEPTABLE,Text auto-wraps cleanly within ImGui / SoH proportional font renderer
0x1000,MAIN_GAME,32,6,2,PAGE_OVERFLOW_WARNING,ACCEPTABLE,Text auto-wraps cleanly within ImGui / SoH proportional font renderer
0x1004,MAIN_GAME,35,5,2,PAGE_OVERFLOW_WARNING,ACCEPTABLE,Text auto-wraps cleanly within ImGui / SoH proportional font renderer
0x1005,MAIN_GAME,32,15,5,PAGE_OVERFLOW_WARNING,ACCEPTABLE,Text auto-wraps cleanly within ImGui / SoH proportional font renderer
0x1007,MAIN_GAME,39,24,6,PAGE_OVERFLOW_WARNING,ACCEPTABLE,Text auto-wraps cleanly within ImGui / SoH proportional font renderer
0x100A,MAIN_GAME,37,6,2,PAGE_OVERFLOW_WARNING,ACCEPTABLE,Text auto-wraps cleanly within ImGui / SoH proportional font renderer
0x100B,MAIN_GAME,30,6,2,PAGE_OVERFLOW_WARNING,ACCEPTABLE,Text auto-wraps cleanly within ImGui / SoH proportional font renderer
0x100C,MAIN_GAME,29,7,3,PAGE_OVERFLOW_WARNING,ACCEPTABLE,Text auto-wraps cleanly within ImGui / SoH proportional font renderer
0x100D,MAIN_GAME,38,12,3,PAGE_OVERFLOW_WARNING,ACCEPTABLE,Text auto-wraps cleanly within ImGui / SoH proportional font renderer
0x100F,MAIN_GAME,32,5,2,PAGE_OVERFLOW_WARNING,ACCEPTABLE,Text auto-wraps cleanly within ImGui / SoH proportional font renderer
0x1010,MAIN_GAME,31,6,2,PAGE_OVERFLOW_WARNING,ACCEPTABLE,Text auto-wraps cleanly within ImGui / SoH proportional font renderer
0x1015,MAIN_GAME,35,24,7,PAGE_OVERFLOW_WARNING,ACCEPTABLE,Text auto-wraps cleanly within ImGui / SoH proportional font renderer
0x1016,MAIN_GAME,32,8,2,PAGE_OVERFLOW_WARNING,ACCEPTABLE,Text auto-wraps cleanly within ImGui / SoH proportional font renderer
0x1017,MAIN_GAME,34,10,3,PAGE_OVERFLOW_WARNING,ACCEPTABLE,Text auto-wraps cleanly within ImGui / SoH proportional font renderer
0x1018,MAIN_GAME,38,7,2,PAGE_OVERFLOW_WARNING,ACCEPTABLE,Text auto-wraps cleanly within ImGui / SoH proportional font renderer
0x101A,MAIN_GAME,69,14,4,LINE_WIDTH_WARNING,ACCEPTABLE,Text auto-wraps cleanly within ImGui / SoH proportional font renderer
0x101C,MAIN_GAME,32,8,2,PAGE_OVERFLOW_WARNING,ACCEPTABLE,Text auto-wraps cleanly within ImGui / SoH proportional font renderer
0x101F,MAIN_GAME,31,8,2,PAGE_OVERFLOW_WARNING,ACCEPTABLE,Text auto-wraps cleanly within ImGui / SoH proportional font renderer
0x1022,MAIN_GAME,33,9,2,PAGE_OVERFLOW_WARNING,ACCEPTABLE,Text auto-wraps cleanly within ImGui / SoH proportional font renderer
0x1025,MAIN_GAME,33,11,3,PAGE_OVERFLOW_WARNING,ACCEPTABLE,Text auto-wraps cleanly within ImGui / SoH proportional font renderer
0x1028,MAIN_GAME,35,13,4,PAGE_OVERFLOW_WARNING,ACCEPTABLE,Text auto-wraps cleanly within ImGui / SoH proportional font renderer
0x1029,MAIN_GAME,32,30,8,PAGE_OVERFLOW_WARNING,ACCEPTABLE,Text auto-wraps cleanly within ImGui / SoH proportional font renderer
0x102A,MAIN_GAME,26,10,3,PAGE_OVERFLOW_WARNING,ACCEPTABLE,Text auto-wraps cleanly within ImGui / SoH proportional font renderer
0x102F,MAIN_GAME,27,7,2,PAGE_OVERFLOW_WARNING,ACCEPTABLE,Text auto-wraps cleanly within ImGui / SoH proportional font renderer
0x1030,MAIN_GAME,26,5,2,PAGE_OVERFLOW_WARNING,ACCEPTABLE,Text auto-wraps cleanly within ImGui / SoH proportional font renderer
0x1034,MAIN_GAME,33,7,2,PAGE_OVERFLOW_WARNING,ACCEPTABLE,Text auto-wraps cleanly within ImGui / SoH proportional font renderer
0x1036,MAIN_GAME,32,13,3,PAGE_OVERFLOW_WARNING,ACCEPTABLE,Text auto-wraps cleanly within ImGui / SoH proportional font renderer
0x1037,MAIN_GAME,34,11,3,PAGE_OVERFLOW_WARNING,ACCEPTABLE,Text auto-wraps cleanly within ImGui / SoH proportional font renderer
0x1038,MAIN_GAME,36,9,2,PAGE_OVERFLOW_WARNING,ACCEPTABLE,Text auto-wraps cleanly within ImGui / SoH proportional font renderer
0x1039,MAIN_GAME,37,20,6,PAGE_OVERFLOW_WARNING,ACCEPTABLE,Text auto-wraps cleanly within ImGui / SoH proportional font renderer
0x103A,MAIN_GAME,37,35,8,PAGE_OVERFLOW_WARNING,ACCEPTABLE,Text auto-wraps cleanly within ImGui / SoH proportional font renderer
0x103C,MAIN_GAME,29,9,2,PAGE_OVERFLOW_WARNING,ACCEPTABLE,Text auto-wraps cleanly within ImGui / SoH proportional font renderer
0x103D,MAIN_GAME,35,21,5,PAGE_OVERFLOW_WARNING,ACCEPTABLE,Text auto-wraps cleanly within ImGui / SoH proportional font renderer
0x103F,MAIN_GAME,37,13,3,PAGE_OVERFLOW_WARNING,ACCEPTABLE,Text auto-wraps cleanly within ImGui / SoH proportional font renderer
0x1044,MAIN_GAME,31,5,2,PAGE_OVERFLOW_WARNING,ACCEPTABLE,Text auto-wraps cleanly within ImGui / SoH proportional font renderer
0x1045,MAIN_GAME,29,7,3,PAGE_OVERFLOW_WARNING,ACCEPTABLE,Text auto-wraps cleanly within ImGui / SoH proportional font renderer
0x104D,MAIN_GAME,34,13,4,PAGE_OVERFLOW_WARNING,ACCEPTABLE,Text auto-wraps cleanly within ImGui / SoH proportional font renderer
0x104F,MAIN_GAME,35,6,2,PAGE_OVERFLOW_WARNING,ACCEPTABLE,Text auto-wraps cleanly within ImGui / SoH proportional font renderer
0x1055,MAIN_GAME,33,8,2,PAGE_OVERFLOW_WARNING,ACCEPTABLE,Text auto-wraps cleanly within ImGui / SoH proportional font renderer
0x1058,MAIN_GAME,33,11,3,PAGE_OVERFLOW_WARNING,ACCEPTABLE,Text auto-wraps cleanly within ImGui / SoH proportional font renderer
0x105B,MAIN_GAME,26,5,2,PAGE_OVERFLOW_WARNING,ACCEPTABLE,Text auto-wraps cleanly within ImGui / SoH proportional font renderer
0x105D,MAIN_GAME,34,6,2,PAGE_OVERFLOW_WARNING,ACCEPTABLE,Text auto-wraps cleanly within ImGui / SoH proportional font renderer
0x1062,MAIN_GAME,26,9,3,PAGE_OVERFLOW_WARNING,ACCEPTABLE,Text auto-wraps cleanly within ImGui / SoH proportional font renderer
0x1063,MAIN_GAME,32,7,2,PAGE_OVERFLOW_WARNING,ACCEPTABLE,Text auto-wraps cleanly within ImGui / SoH proportional font renderer
0x1064,MAIN_GAME,30,9,3,PAGE_OVERFLOW_WARNING,ACCEPTABLE,Text auto-wraps cleanly within ImGui / SoH proportional font renderer
0x1065,MAIN_GAME,44,20,1,PAGE_OVERFLOW_WARNING,ACCEPTABLE,Text auto-wraps cleanly within ImGui / SoH proportional font renderer
0x1066,MAIN_GAME,27,18,4,PAGE_OVERFLOW_WARNING,ACCEPTABLE,Text auto-wraps cleanly within ImGui / SoH proportional font renderer
0x1067,MAIN_GAME,28,10,4,PAGE_OVERFLOW_WARNING,ACCEPTABLE,Text auto-wraps cleanly within ImGui / SoH proportional font renderer
0x1069,MAIN_GAME,30,5,1,PAGE_OVERFLOW_WARNING,ACCEPTABLE,Text auto-wraps cleanly within ImGui / SoH proportional font renderer
0x106A,MAIN_GAME,28,7,2,PAGE_OVERFLOW_WARNING,ACCEPTABLE,Text auto-wraps cleanly within ImGui / SoH proportional font renderer
0x106C,MAIN_GAME,31,11,3,PAGE_OVERFLOW_WARNING,ACCEPTABLE,Text auto-wraps cleanly within ImGui / SoH proportional font renderer
0x1070,MAIN_GAME,28,14,5,PAGE_OVERFLOW_WARNING,ACCEPTABLE,Text auto-wraps cleanly within ImGui / SoH proportional font renderer
0x1077,MAIN_GAME,28,5,1,PAGE_OVERFLOW_WARNING,ACCEPTABLE,Text auto-wraps cleanly within ImGui / SoH proportional font renderer
0x107E,MAIN_GAME,30,11,2,PAGE_OVERFLOW_WARNING,ACCEPTABLE,Text auto-wraps cleanly within ImGui / SoH proportional font renderer
0x108E,MAIN_GAME,33,10,1,PAGE_OVERFLOW_WARNING,ACCEPTABLE,Text auto-wraps cleanly within ImGui / SoH proportional font renderer
0x108F,MAIN_GAME,28,9,3,PAGE_OVERFLOW_WARNING,ACCEPTABLE,Text auto-wraps cleanly within ImGui / SoH proportional font renderer
0x1090,MAIN_GAME,26,6,2,PAGE_OVERFLOW_WARNING,ACCEPTABLE,Text auto-wraps cleanly within ImGui / SoH proportional font renderer
0x1091,MAIN_GAME,29,5,2,PAGE_OVERFLOW_WARNING,ACCEPTABLE,Text auto-wraps cleanly within ImGui / SoH proportional font renderer
0x1093,MAIN_GAME,28,11,3,PAGE_OVERFLOW_WARNING,ACCEPTABLE,Text auto-wraps cleanly within ImGui / SoH proportional font renderer
0x1094,MAIN_GAME,29,6,2,PAGE_OVERFLOW_WARNING,ACCEPTABLE,Text auto-wraps cleanly within ImGui / SoH proportional font renderer
0x1095,MAIN_GAME,26,6,2,PAGE_OVERFLOW_WARNING,ACCEPTABLE,Text auto-wraps cleanly within ImGui / SoH proportional font renderer
0x1096,MAIN_GAME,27,5,2,PAGE_OVERFLOW_WARNING,ACCEPTABLE,Text auto-wraps cleanly within ImGui / SoH proportional font renderer
0x109A,MAIN_GAME,32,41,10,PAGE_OVERFLOW_WARNING,ACCEPTABLE,Text auto-wraps cleanly within ImGui / SoH proportional font renderer
0x109B,MAIN_GAME,29,14,4,PAGE_OVERFLOW_WARNING,ACCEPTABLE,Text auto-wraps cleanly within ImGui / SoH proportional font renderer
0x109C,MAIN_GAME,27,14,4,PAGE_OVERFLOW_WARNING,ACCEPTABLE,Text auto-wraps cleanly within ImGui / SoH proportional font renderer
0x109D,MAIN_GAME,31,5,1,PAGE_OVERFLOW_WARNING,ACCEPTABLE,Text auto-wraps cleanly within ImGui / SoH proportional font renderer
0x10A1,MAIN_GAME,25,5,1,PAGE_OVERFLOW_WARNING,ACCEPTABLE,Text auto-wraps cleanly within ImGui / SoH proportional font renderer
0x10A2,MAIN_GAME,24,6,1,PAGE_OVERFLOW_WARNING,ACCEPTABLE,Text auto-wraps cleanly within ImGui / SoH proportional font renderer
0x10A8,MAIN_GAME,27,16,4,PAGE_OVERFLOW_WARNING,ACCEPTABLE,Text auto-wraps cleanly within ImGui / SoH proportional font renderer
0x10AF,MAIN_GAME,26,8,2,PAGE_OVERFLOW_WARNING,ACCEPTABLE,Text auto-wraps cleanly within ImGui / SoH proportional font renderer
0x10B0,MAIN_GAME,28,6,2,PAGE_OVERFLOW_WARNING,ACCEPTABLE,Text auto-wraps cleanly within ImGui / SoH proportional font renderer
0x10B2,MAIN_GAME,28,16,4,PAGE_OVERFLOW_WARNING,ACCEPTABLE,Text auto-wraps cleanly within ImGui / SoH proportional font renderer
0x10B3,MAIN_GAME,27,5,1,PAGE_OVERFLOW_WARNING,ACCEPTABLE,Text auto-wraps cleanly within ImGui / SoH proportional font renderer
0x10B7,MAIN_GAME,27,9,3,PAGE_OVERFLOW_WARNING,ACCEPTABLE,Text auto-wraps cleanly within ImGui / SoH proportional font renderer
0x10B8,MAIN_GAME,26,5,1,PAGE_OVERFLOW_WARNING,ACCEPTABLE,Text auto-wraps cleanly within ImGui / SoH proportional font renderer
0x10C1,MAIN_GAME,38,13,4,PAGE_OVERFLOW_WARNING,ACCEPTABLE,Text auto-wraps cleanly within ImGui / SoH proportional font renderer
0x10C3,MAIN_GAME,30,8,2,PAGE_OVERFLOW_WARNING,ACCEPTABLE,Text auto-wraps cleanly within ImGui / SoH proportional font renderer
0x10C4,MAIN_GAME,43,9,3,PAGE_OVERFLOW_WARNING,ACCEPTABLE,Text auto-wraps cleanly within ImGui / SoH proportional font renderer
0x10C5,MAIN_GAME,40,11,3,PAGE_OVERFLOW_WARNING,ACCEPTABLE,Text auto-wraps cleanly within ImGui / SoH proportional font renderer
0x10C9,MAIN_GAME,46,5,2,PAGE_OVERFLOW_WARNING,ACCEPTABLE,Text auto-wraps cleanly within ImGui / SoH proportional font renderer
0x10D0,MAIN_GAME,62,2,1,LINE_WIDTH_WARNING,ACCEPTABLE,Text auto-wraps cleanly within ImGui / SoH proportional font renderer
0x10D1,MAIN_GAME,57,15,5,LINE_WIDTH_WARNING,ACCEPTABLE,Text auto-wraps cleanly within ImGui / SoH proportional font renderer
0x10D2,MAIN_GAME,44,7,4,PAGE_OVERFLOW_WARNING,ACCEPTABLE,Text auto-wraps cleanly within ImGui / SoH proportional font renderer
0x10D6,MAIN_GAME,37,5,3,PAGE_OVERFLOW_WARNING,ACCEPTABLE,Text auto-wraps cleanly within ImGui / SoH proportional font renderer
0x10DB,MAIN_GAME,41,13,5,PAGE_OVERFLOW_WARNING,ACCEPTABLE,Text auto-wraps cleanly within ImGui / SoH proportional font renderer
0x10DC,MAIN_GAME,28,6,2,PAGE_OVERFLOW_WARNING,ACCEPTABLE,Text auto-wraps cleanly within ImGui / SoH proportional font renderer
0x10DD,MAIN_GAME,31,6,2,PAGE_OVERFLOW_WARNING,ACCEPTABLE,Text auto-wraps cleanly within ImGui / SoH proportional font renderer
0x10DF,MAIN_GAME,32,8,3,PAGE_OVERFLOW_WARNING,ACCEPTABLE,Text auto-wraps cleanly within ImGui / SoH proportional font renderer
0x2000,MAIN_GAME,37,35,10,PAGE_OVERFLOW_WARNING,ACCEPTABLE,Text auto-wraps cleanly within ImGui / SoH proportional font renderer
0x2001,MAIN_GAME,32,9,3,PAGE_OVERFLOW_WARNING,ACCEPTABLE,Text auto-wraps cleanly within ImGui / SoH proportional font renderer
0x2003,MAIN_GAME,43,12,3,PAGE_OVERFLOW_WARNING,ACCEPTABLE,Text auto-wraps cleanly within ImGui / SoH proportional font renderer
0x2004,MAIN_GAME,34,7,2,PAGE_OVERFLOW_WARNING,ACCEPTABLE,Text auto-wraps cleanly within ImGui / SoH proportional font renderer
0x2006,MAIN_GAME,36,7,3,PAGE_OVERFLOW_WARNING,ACCEPTABLE,Text auto-wraps cleanly within ImGui / SoH proportional font renderer
0x2008,MAIN_GAME,72,4,1,LINE_WIDTH_WARNING,ACCEPTABLE,Text auto-wraps cleanly within ImGui / SoH proportional font renderer
0x200A,MAIN_GAME,35,12,4,PAGE_OVERFLOW_WARNING,ACCEPTABLE,Text auto-wraps cleanly within ImGui / SoH proportional font renderer
0x200D,MAIN_GAME,40,14,5,PAGE_OVERFLOW_WARNING,ACCEPTABLE,Text auto-wraps cleanly within ImGui / SoH proportional font renderer
0x200E,MAIN_GAME,35,8,2,PAGE_OVERFLOW_WARNING,ACCEPTABLE,Text auto-wraps cleanly within ImGui / SoH proportional font renderer
0x2010,MAIN_GAME,40,17,4,PAGE_OVERFLOW_WARNING,ACCEPTABLE,Text auto-wraps cleanly within ImGui / SoH proportional font renderer
0x2015,MAIN_GAME,45,42,11,PAGE_OVERFLOW_WARNING,ACCEPTABLE,Text auto-wraps cleanly within ImGui / SoH proportional font renderer
0x2016,MAIN_GAME,47,5,2,PAGE_OVERFLOW_WARNING,ACCEPTABLE,Text auto-wraps cleanly within ImGui / SoH proportional font renderer
0x2021,MAIN_GAME,36,7,2,PAGE_OVERFLOW_WARNING,ACCEPTABLE,Text auto-wraps cleanly within ImGui / SoH proportional font renderer
0x2022,MAIN_GAME,37,10,3,PAGE_OVERFLOW_WARNING,ACCEPTABLE,Text auto-wraps cleanly within ImGui / SoH proportional font renderer
0x2023,MAIN_GAME,34,13,4,PAGE_OVERFLOW_WARNING,ACCEPTABLE,Text auto-wraps cleanly within ImGui / SoH proportional font renderer
0x2027,MAIN_GAME,39,8,2,PAGE_OVERFLOW_WARNING,ACCEPTABLE,Text auto-wraps cleanly within ImGui / SoH proportional font renderer
0x2029,MAIN_GAME,36,11,3,PAGE_OVERFLOW_WARNING,ACCEPTABLE,Text auto-wraps cleanly within ImGui / SoH proportional font renderer
0x202E,MAIN_GAME,41,8,2,PAGE_OVERFLOW_WARNING,ACCEPTABLE,Text auto-wraps cleanly within ImGui / SoH proportional font renderer
0x2030,MAIN_GAME,44,23,7,PAGE_OVERFLOW_WARNING,ACCEPTABLE,Text auto-wraps cleanly within ImGui / SoH proportional font renderer
0x2035,MAIN_GAME,38,19,5,PAGE_OVERFLOW_WARNING,ACCEPTABLE,Text auto-wraps cleanly within ImGui / SoH proportional font renderer
0x2036,MAIN_GAME,41,7,2,PAGE_OVERFLOW_WARNING,ACCEPTABLE,Text auto-wraps cleanly within ImGui / SoH proportional font renderer
0x2037,MAIN_GAME,31,7,2,PAGE_OVERFLOW_WARNING,ACCEPTABLE,Text auto-wraps cleanly within ImGui / SoH proportional font renderer
0x2038,MAIN_GAME,37,9,2,PAGE_OVERFLOW_WARNING,ACCEPTABLE,Text auto-wraps cleanly within ImGui / SoH proportional font renderer
0x203A,MAIN_GAME,33,8,3,PAGE_OVERFLOW_WARNING,ACCEPTABLE,Text auto-wraps cleanly within ImGui / SoH proportional font renderer
0x203B,MAIN_GAME,44,8,3,PAGE_OVERFLOW_WARNING,ACCEPTABLE,Text auto-wraps cleanly within ImGui / SoH proportional font renderer
0x203C,MAIN_GAME,40,8,4,PAGE_OVERFLOW_WARNING,ACCEPTABLE,Text auto-wraps cleanly within ImGui / SoH proportional font renderer
0x203F,MAIN_GAME,38,16,5,PAGE_OVERFLOW_WARNING,ACCEPTABLE,Text auto-wraps cleanly within ImGui / SoH proportional font renderer
0x2041,MAIN_GAME,39,10,3,PAGE_OVERFLOW_WARNING,ACCEPTABLE,Text auto-wraps cleanly within ImGui / SoH proportional font renderer
0x2043,MAIN_GAME,31,15,4,PAGE_OVERFLOW_WARNING,ACCEPTABLE,Text auto-wraps cleanly within ImGui / SoH proportional font renderer
0x2044,MAIN_GAME,35,6,2,PAGE_OVERFLOW_WARNING,ACCEPTABLE,Text auto-wraps cleanly within ImGui / SoH proportional font renderer
0x2045,MAIN_GAME,31,7,2,PAGE_OVERFLOW_WARNING,ACCEPTABLE,Text auto-wraps cleanly within ImGui / SoH proportional font renderer
0x2047,MAIN_GAME,38,14,5,PAGE_OVERFLOW_WARNING,ACCEPTABLE,Text auto-wraps cleanly within ImGui / SoH proportional font renderer
0x204C,MAIN_GAME,40,26,7,PAGE_OVERFLOW_WARNING,ACCEPTABLE,Text auto-wraps cleanly within ImGui / SoH proportional font renderer
0x2051,MAIN_GAME,45,11,4,PAGE_OVERFLOW_WARNING,ACCEPTABLE,Text auto-wraps cleanly within ImGui / SoH proportional font renderer
0x2052,MAIN_GAME,36,5,2,PAGE_OVERFLOW_WARNING,ACCEPTABLE,Text auto-wraps cleanly within ImGui / SoH proportional font renderer
0x2054,MAIN_GAME,30,5,2,PAGE_OVERFLOW_WARNING,ACCEPTABLE,Text auto-wraps cleanly within ImGui / SoH proportional font renderer
0x205B,MAIN_GAME,37,8,2,PAGE_OVERFLOW_WARNING,ACCEPTABLE,Text auto-wraps cleanly within ImGui / SoH proportional font renderer
0x2062,MAIN_GAME,32,8,2,PAGE_OVERFLOW_WARNING,ACCEPTABLE,Text auto-wraps cleanly within ImGui / SoH proportional font renderer
0x2063,MAIN_GAME,34,13,3,PAGE_OVERFLOW_WARNING,ACCEPTABLE,Text auto-wraps cleanly within ImGui / SoH proportional font renderer
0x2064,MAIN_GAME,34,10,2,PAGE_OVERFLOW_WARNING,ACCEPTABLE,Text auto-wraps cleanly within ImGui / SoH proportional font renderer
0x2065,MAIN_GAME,58,18,5,LINE_WIDTH_WARNING,ACCEPTABLE,Text auto-wraps cleanly within ImGui / SoH proportional font renderer
0x2068,MAIN_GAME,38,5,1,PAGE_OVERFLOW_WARNING,ACCEPTABLE,Text auto-wraps cleanly within ImGui / SoH proportional font renderer
0x2069,MAIN_GAME,42,12,4,PAGE_OVERFLOW_WARNING,ACCEPTABLE,Text auto-wraps cleanly within ImGui / SoH proportional font renderer
0x206C,MAIN_GAME,34,7,2,PAGE_OVERFLOW_WARNING,ACCEPTABLE,Text auto-wraps cleanly within ImGui / SoH proportional font renderer
0x206F,MAIN_GAME,51,12,3,LINE_WIDTH_WARNING,ACCEPTABLE,Text auto-wraps cleanly within ImGui / SoH proportional font renderer
0x2071,MAIN_GAME,63,14,3,LINE_WIDTH_WARNING,ACCEPTABLE,Text auto-wraps cleanly within ImGui / SoH proportional font renderer
0x2074,MAIN_GAME,35,6,3,PAGE_OVERFLOW_WARNING,ACCEPTABLE,Text auto-wraps cleanly within ImGui / SoH proportional font renderer
0x2075,MAIN_GAME,32,6,2,PAGE_OVERFLOW_WARNING,ACCEPTABLE,Text auto-wraps cleanly within ImGui / SoH proportional font renderer
0x2078,MAIN_GAME,32,12,3,PAGE_OVERFLOW_WARNING,ACCEPTABLE,Text auto-wraps cleanly within ImGui / SoH proportional font renderer
0x2079,MAIN_GAME,37,9,4,PAGE_OVERFLOW_WARNING,ACCEPTABLE,Text auto-wraps cleanly within ImGui / SoH proportional font renderer
0x207A,MAIN_GAME,31,9,3,PAGE_OVERFLOW_WARNING,ACCEPTABLE,Text auto-wraps cleanly within ImGui / SoH proportional font renderer
0x207C,MAIN_GAME,39,13,4,PAGE_OVERFLOW_WARNING,ACCEPTABLE,Text auto-wraps cleanly within ImGui / SoH proportional font renderer
0x207E,MAIN_GAME,35,34,9,PAGE_OVERFLOW_WARNING,ACCEPTABLE,Text auto-wraps cleanly within ImGui / SoH proportional font renderer
0x207F,MAIN_GAME,34,22,6,PAGE_OVERFLOW_WARNING,ACCEPTABLE,Text auto-wraps cleanly within ImGui / SoH proportional font renderer
0x2080,MAIN_GAME,26,5,2,PAGE_OVERFLOW_WARNING,ACCEPTABLE,Text auto-wraps cleanly within ImGui / SoH proportional font renderer
0x2081,MAIN_GAME,32,9,3,PAGE_OVERFLOW_WARNING,ACCEPTABLE,Text auto-wraps cleanly within ImGui / SoH proportional font renderer
0x2084,MAIN_GAME,29,6,2,PAGE_OVERFLOW_WARNING,ACCEPTABLE,Text auto-wraps cleanly within ImGui / SoH proportional font renderer
0x2085,MAIN_GAME,34,11,3,PAGE_OVERFLOW_WARNING,ACCEPTABLE,Text auto-wraps cleanly within ImGui / SoH proportional font renderer
0x2086,MAIN_GAME,36,8,2,PAGE_OVERFLOW_WARNING,ACCEPTABLE,Text auto-wraps cleanly within ImGui / SoH proportional font renderer
0x2087,MAIN_GAME,39,13,3,PAGE_OVERFLOW_WARNING,ACCEPTABLE,Text auto-wraps cleanly within ImGui / SoH proportional font renderer
0x2088,MAIN_GAME,38,6,2,PAGE_OVERFLOW_WARNING,ACCEPTABLE,Text auto-wraps cleanly within ImGui / SoH proportional font renderer
0x208A,MAIN_GAME,35,6,2,PAGE_OVERFLOW_WARNING,ACCEPTABLE,Text auto-wraps cleanly within ImGui / SoH proportional font renderer
0x208B,MAIN_GAME,40,19,5,PAGE_OVERFLOW_WARNING,ACCEPTABLE,Text auto-wraps cleanly within ImGui / SoH proportional font renderer
0x208E,MAIN_GAME,31,7,2,PAGE_OVERFLOW_WARNING,ACCEPTABLE,Text auto-wraps cleanly within ImGui / SoH proportional font renderer
0x208F,MAIN_GAME,37,10,3,PAGE_OVERFLOW_WARNING,ACCEPTABLE,Text auto-wraps cleanly within ImGui / SoH proportional font renderer
0x2090,MAIN_GAME,38,8,3,PAGE_OVERFLOW_WARNING,ACCEPTABLE,Text auto-wraps cleanly within ImGui / SoH proportional font renderer
0x2092,MAIN_GAME,38,8,3,PAGE_OVERFLOW_WARNING,ACCEPTABLE,Text auto-wraps cleanly within ImGui / SoH proportional font renderer
0x3004,MAIN_GAME,33,8,3,PAGE_OVERFLOW_WARNING,ACCEPTABLE,Text auto-wraps cleanly within ImGui / SoH proportional font renderer
0x3007,MAIN_GAME,105,1,1,LINE_WIDTH_WARNING,ACCEPTABLE,Text auto-wraps cleanly within ImGui / SoH proportional font renderer
0x3008,MAIN_GAME,33,20,5,PAGE_OVERFLOW_WARNING,ACCEPTABLE,Text auto-wraps cleanly within ImGui / SoH proportional font renderer
0x3009,MAIN_GAME,30,9,3,PAGE_OVERFLOW_WARNING,ACCEPTABLE,Text auto-wraps cleanly within ImGui / SoH proportional font renderer
0x300A,MAIN_GAME,42,7,2,PAGE_OVERFLOW_WARNING,ACCEPTABLE,Text auto-wraps cleanly within ImGui / SoH proportional font renderer
0x300B,MAIN_GAME,35,17,4,PAGE_OVERFLOW_WARNING,ACCEPTABLE,Text auto-wraps cleanly within ImGui / SoH proportional font renderer
0x300C,MAIN_GAME,36,14,3,PAGE_OVERFLOW_WARNING,ACCEPTABLE,Text auto-wraps cleanly within ImGui / SoH proportional font renderer
0x300D,MAIN_GAME,33,8,2,PAGE_OVERFLOW_WARNING,ACCEPTABLE,Text auto-wraps cleanly within ImGui / SoH proportional font renderer
0x300E,MAIN_GAME,32,23,9,PAGE_OVERFLOW_WARNING,ACCEPTABLE,Text auto-wraps cleanly within ImGui / SoH proportional font renderer
0x3011,MAIN_GAME,31,11,4,PAGE_OVERFLOW_WARNING,ACCEPTABLE,Text auto-wraps cleanly within ImGui / SoH proportional font renderer
0x3014,MAIN_GAME,33,23,6,PAGE_OVERFLOW_WARNING,ACCEPTABLE,Text auto-wraps cleanly within ImGui / SoH proportional font renderer
0x3016,MAIN_GAME,34,29,8,PAGE_OVERFLOW_WARNING,ACCEPTABLE,Text auto-wraps cleanly within ImGui / SoH proportional font renderer
0x3018,MAIN_GAME,33,17,5,PAGE_OVERFLOW_WARNING,ACCEPTABLE,Text auto-wraps cleanly within ImGui / SoH proportional font renderer
0x3019,MAIN_GAME,35,7,2,PAGE_OVERFLOW_WARNING,ACCEPTABLE,Text auto-wraps cleanly within ImGui / SoH proportional font renderer
0x301A,MAIN_GAME,34,29,9,PAGE_OVERFLOW_WARNING,ACCEPTABLE,Text auto-wraps cleanly within ImGui / SoH proportional font renderer
0x301C,MAIN_GAME,34,45,12,PAGE_OVERFLOW_WARNING,ACCEPTABLE,Text auto-wraps cleanly within ImGui / SoH proportional font renderer
0x301D,MAIN_GAME,32,5,1,PAGE_OVERFLOW_WARNING,ACCEPTABLE,Text auto-wraps cleanly within ImGui / SoH proportional font renderer
0x3020,MAIN_GAME,33,10,3,PAGE_OVERFLOW_WARNING,ACCEPTABLE,Text auto-wraps cleanly within ImGui / SoH proportional font renderer
0x3022,MAIN_GAME,33,10,2,PAGE_OVERFLOW_WARNING,ACCEPTABLE,Text auto-wraps cleanly within ImGui / SoH proportional font renderer
0x3023,MAIN_GAME,32,7,2,PAGE_OVERFLOW_WARNING,ACCEPTABLE,Text auto-wraps cleanly within ImGui / SoH proportional font renderer
0x3024,MAIN_GAME,31,17,4,PAGE_OVERFLOW_WARNING,ACCEPTABLE,Text auto-wraps cleanly within ImGui / SoH proportional font renderer
0x302A,MAIN_GAME,32,8,2,PAGE_OVERFLOW_WARNING,ACCEPTABLE,Text auto-wraps cleanly within ImGui / SoH proportional font renderer
0x302D,MAIN_GAME,35,16,4,PAGE_OVERFLOW_WARNING,ACCEPTABLE,Text auto-wraps cleanly within ImGui / SoH proportional font renderer
0x302F,MAIN_GAME,31,7,2,PAGE_OVERFLOW_WARNING,ACCEPTABLE,Text auto-wraps cleanly within ImGui / SoH proportional font renderer
0x3031,MAIN_GAME,32,7,3,PAGE_OVERFLOW_WARNING,ACCEPTABLE,Text auto-wraps cleanly within ImGui / SoH proportional font renderer
0x3032,MAIN_GAME,32,41,12,PAGE_OVERFLOW_WARNING,ACCEPTABLE,Text auto-wraps cleanly within ImGui / SoH proportional font renderer
0x3034,MAIN_GAME,30,8,2,PAGE_OVERFLOW_WARNING,ACCEPTABLE,Text auto-wraps cleanly within ImGui / SoH proportional font renderer
0x3035,MAIN_GAME,32,16,5,PAGE_OVERFLOW_WARNING,ACCEPTABLE,Text auto-wraps cleanly within ImGui / SoH proportional font renderer
0x3036,MAIN_GAME,35,25,7,PAGE_OVERFLOW_WARNING,ACCEPTABLE,Text auto-wraps cleanly within ImGui / SoH proportional font renderer
0x3037,MAIN_GAME,32,15,4,PAGE_OVERFLOW_WARNING,ACCEPTABLE,Text auto-wraps cleanly within ImGui / SoH proportional font renderer
0x3039,MAIN_GAME,34,46,12,PAGE_OVERFLOW_WARNING,ACCEPTABLE,Text auto-wraps cleanly within ImGui / SoH proportional font renderer
0x303B,MAIN_GAME,27,5,2,PAGE_OVERFLOW_WARNING,ACCEPTABLE,Text auto-wraps cleanly within ImGui / SoH proportional font renderer
0x303C,MAIN_GAME,33,7,2,PAGE_OVERFLOW_WARNING,ACCEPTABLE,Text auto-wraps cleanly within ImGui / SoH proportional font renderer
0x303E,MAIN_GAME,32,14,3,PAGE_OVERFLOW_WARNING,ACCEPTABLE,Text auto-wraps cleanly within ImGui / SoH proportional font renderer
0x3041,MAIN_GAME,27,5,2,PAGE_OVERFLOW_WARNING,ACCEPTABLE,Text auto-wraps cleanly within ImGui / SoH proportional font renderer
0x3045,MAIN_GAME,28,11,3,PAGE_OVERFLOW_WARNING,ACCEPTABLE,Text auto-wraps cleanly within ImGui / SoH proportional font renderer
0x3048,MAIN_GAME,30,21,6,PAGE_OVERFLOW_WARNING,ACCEPTABLE,Text auto-wraps cleanly within ImGui / SoH proportional font renderer
0x3051,MAIN_GAME,28,5,2,PAGE_OVERFLOW_WARNING,ACCEPTABLE,Text auto-wraps cleanly within ImGui / SoH proportional font renderer
0x3052,MAIN_GAME,27,7,2,PAGE_OVERFLOW_WARNING,ACCEPTABLE,Text auto-wraps cleanly within ImGui / SoH proportional font renderer
0x3053,MAIN_GAME,29,13,3,PAGE_OVERFLOW_WARNING,ACCEPTABLE,Text auto-wraps cleanly within ImGui / SoH proportional font renderer
0x3054,MAIN_GAME,39,12,3,PAGE_OVERFLOW_WARNING,ACCEPTABLE,Text auto-wraps cleanly within ImGui / SoH proportional font renderer
0x3055,MAIN_GAME,28,5,1,PAGE_OVERFLOW_WARNING,ACCEPTABLE,Text auto-wraps cleanly within ImGui / SoH proportional font renderer
0x305A,MAIN_GAME,31,10,3,PAGE_OVERFLOW_WARNING,ACCEPTABLE,Text auto-wraps cleanly within ImGui / SoH proportional font renderer
0x3062,MAIN_GAME,34,26,5,PAGE_OVERFLOW_WARNING,ACCEPTABLE,Text auto-wraps cleanly within ImGui / SoH proportional font renderer
0x3063,MAIN_GAME,31,13,3,PAGE_OVERFLOW_WARNING,ACCEPTABLE,Text auto-wraps cleanly within ImGui / SoH proportional font renderer
0x3065,MAIN_GAME,32,6,2,PAGE_OVERFLOW_WARNING,ACCEPTABLE,Text auto-wraps cleanly within ImGui / SoH proportional font renderer
0x3067,MAIN_GAME,28,5,2,PAGE_OVERFLOW_WARNING,ACCEPTABLE,Text auto-wraps cleanly within ImGui / SoH proportional font renderer
0x3068,MAIN_GAME,33,10,3,PAGE_OVERFLOW_WARNING,ACCEPTABLE,Text auto-wraps cleanly within ImGui / SoH proportional font renderer
0x3069,MAIN_GAME,33,11,3,PAGE_OVERFLOW_WARNING,ACCEPTABLE,Text auto-wraps cleanly within ImGui / SoH proportional font renderer
0x306A,MAIN_GAME,46,6,2,PAGE_OVERFLOW_WARNING,ACCEPTABLE,Text auto-wraps cleanly within ImGui / SoH proportional font renderer
0x306B,MAIN_GAME,59,11,3,LINE_WIDTH_WARNING,ACCEPTABLE,Text auto-wraps cleanly within ImGui / SoH proportional font renderer
0x306C,MAIN_GAME,35,8,2,PAGE_OVERFLOW_WARNING,ACCEPTABLE,Text auto-wraps cleanly within ImGui / SoH proportional font renderer
0x306D,MAIN_GAME,33,6,2,PAGE_OVERFLOW_WARNING,ACCEPTABLE,Text auto-wraps cleanly within ImGui / SoH proportional font renderer
0x306E,MAIN_GAME,31,11,3,PAGE_OVERFLOW_WARNING,ACCEPTABLE,Text auto-wraps cleanly within ImGui / SoH proportional font renderer
0x306F,MAIN_GAME,31,10,3,PAGE_OVERFLOW_WARNING,ACCEPTABLE,Text auto-wraps cleanly within ImGui / SoH proportional font renderer
0x3070,MAIN_GAME,30,8,2,PAGE_OVERFLOW_WARNING,ACCEPTABLE,Text auto-wraps cleanly within ImGui / SoH proportional font renderer
0x4000,MAIN_GAME,32,8,2,PAGE_OVERFLOW_WARNING,ACCEPTABLE,Text auto-wraps cleanly within ImGui / SoH proportional font renderer
0x4001,MAIN_GAME,30,5,1,PAGE_OVERFLOW_WARNING,ACCEPTABLE,Text auto-wraps cleanly within ImGui / SoH proportional font renderer
0x4002,MAIN_GAME,33,5,1,PAGE_OVERFLOW_WARNING,ACCEPTABLE,Text auto-wraps cleanly within ImGui / SoH proportional font renderer
0x4003,MAIN_GAME,33,28,6,PAGE_OVERFLOW_WARNING,ACCEPTABLE,Text auto-wraps cleanly within ImGui / SoH proportional font renderer
0x4005,MAIN_GAME,32,12,4,PAGE_OVERFLOW_WARNING,ACCEPTABLE,Text auto-wraps cleanly within ImGui / SoH proportional font renderer
0x4006,MAIN_GAME,33,9,3,PAGE_OVERFLOW_WARNING,ACCEPTABLE,Text auto-wraps cleanly within ImGui / SoH proportional font renderer
0x4007,MAIN_GAME,29,8,2,PAGE_OVERFLOW_WARNING,ACCEPTABLE,Text auto-wraps cleanly within ImGui / SoH proportional font renderer
0x4009,MAIN_GAME,27,5,1,PAGE_OVERFLOW_WARNING,ACCEPTABLE,Text auto-wraps cleanly within ImGui / SoH proportional font renderer
0x400E,MAIN_GAME,29,14,4,PAGE_OVERFLOW_WARNING,ACCEPTABLE,Text auto-wraps cleanly within ImGui / SoH proportional font renderer
0x4011,MAIN_GAME,29,6,2,PAGE_OVERFLOW_WARNING,ACCEPTABLE,Text auto-wraps cleanly within ImGui / SoH proportional font renderer
0x4012,MAIN_GAME,30,11,4,PAGE_OVERFLOW_WARNING,ACCEPTABLE,Text auto-wraps cleanly within ImGui / SoH proportional font renderer
0x4014,MAIN_GAME,32,14,4,PAGE_OVERFLOW_WARNING,ACCEPTABLE,Text auto-wraps cleanly within ImGui / SoH proportional font renderer
0x4016,MAIN_GAME,29,5,1,PAGE_OVERFLOW_WARNING,ACCEPTABLE,Text auto-wraps cleanly within ImGui / SoH proportional font renderer
0x4017,MAIN_GAME,31,10,3,PAGE_OVERFLOW_WARNING,ACCEPTABLE,Text auto-wraps cleanly within ImGui / SoH proportional font renderer
0x4018,MAIN_GAME,34,9,2,PAGE_OVERFLOW_WARNING,ACCEPTABLE,Text auto-wraps cleanly within ImGui / SoH proportional font renderer
0x4019,MAIN_GAME,27,5,2,PAGE_OVERFLOW_WARNING,ACCEPTABLE,Text auto-wraps cleanly within ImGui / SoH proportional font renderer
0x401B,MAIN_GAME,31,26,6,PAGE_OVERFLOW_WARNING,ACCEPTABLE,Text auto-wraps cleanly within ImGui / SoH proportional font renderer
0x401F,MAIN_GAME,31,18,5,PAGE_OVERFLOW_WARNING,ACCEPTABLE,Text auto-wraps cleanly within ImGui / SoH proportional font renderer
0x4022,MAIN_GAME,30,6,2,PAGE_OVERFLOW_WARNING,ACCEPTABLE,Text auto-wraps cleanly within ImGui / SoH proportional font renderer
0x4025,MAIN_GAME,38,14,3,PAGE_OVERFLOW_WARNING,ACCEPTABLE,Text auto-wraps cleanly within ImGui / SoH proportional font renderer
0x4027,MAIN_GAME,30,10,3,PAGE_OVERFLOW_WARNING,ACCEPTABLE,Text auto-wraps cleanly within ImGui / SoH proportional font renderer
0x402A,MAIN_GAME,31,6,2,PAGE_OVERFLOW_WARNING,ACCEPTABLE,Text auto-wraps cleanly within ImGui / SoH proportional font renderer
0x402F,MAIN_GAME,33,11,3,PAGE_OVERFLOW_WARNING,ACCEPTABLE,Text auto-wraps cleanly within ImGui / SoH proportional font renderer
0x4030,MAIN_GAME,32,9,3,PAGE_OVERFLOW_WARNING,ACCEPTABLE,Text auto-wraps cleanly within ImGui / SoH proportional font renderer
0x4031,MAIN_GAME,33,18,4,PAGE_OVERFLOW_WARNING,ACCEPTABLE,Text auto-wraps cleanly within ImGui / SoH proportional font renderer
0x4033,MAIN_GAME,31,6,2,PAGE_OVERFLOW_WARNING,ACCEPTABLE,Text auto-wraps cleanly within ImGui / SoH proportional font renderer
0x4034,MAIN_GAME,32,5,1,PAGE_OVERFLOW_WARNING,ACCEPTABLE,Text auto-wraps cleanly within ImGui / SoH proportional font renderer
0x4035,MAIN_GAME,32,7,2,PAGE_OVERFLOW_WARNING,ACCEPTABLE,Text auto-wraps cleanly within ImGui / SoH proportional font renderer
0x4037,MAIN_GAME,34,12,3,PAGE_OVERFLOW_WARNING,ACCEPTABLE,Text auto-wraps cleanly within ImGui / SoH proportional font renderer
0x4038,MAIN_GAME,34,14,3,PAGE_OVERFLOW_WARNING,ACCEPTABLE,Text auto-wraps cleanly within ImGui / SoH proportional font renderer
0x4039,MAIN_GAME,32,12,3,PAGE_OVERFLOW_WARNING,ACCEPTABLE,Text auto-wraps cleanly within ImGui / SoH proportional font renderer
0x403B,MAIN_GAME,31,10,2,PAGE_OVERFLOW_WARNING,ACCEPTABLE,Text auto-wraps cleanly within ImGui / SoH proportional font renderer
0x403E,MAIN_GAME,31,47,14,PAGE_OVERFLOW_WARNING,ACCEPTABLE,Text auto-wraps cleanly within ImGui / SoH proportional font renderer
0x4041,MAIN_GAME,31,8,3,PAGE_OVERFLOW_WARNING,ACCEPTABLE,Text auto-wraps cleanly within ImGui / SoH proportional font renderer
0x4043,MAIN_GAME,29,7,3,PAGE_OVERFLOW_WARNING,ACCEPTABLE,Text auto-wraps cleanly within ImGui / SoH proportional font renderer
0x4046,MAIN_GAME,29,6,2,PAGE_OVERFLOW_WARNING,ACCEPTABLE,Text auto-wraps cleanly within ImGui / SoH proportional font renderer
0x4049,MAIN_GAME,32,8,3,PAGE_OVERFLOW_WARNING,ACCEPTABLE,Text auto-wraps cleanly within ImGui / SoH proportional font renderer
0x404A,MAIN_GAME,26,5,1,PAGE_OVERFLOW_WARNING,ACCEPTABLE,Text auto-wraps cleanly within ImGui / SoH proportional font renderer
0x404B,MAIN_GAME,32,22,7,PAGE_OVERFLOW_WARNING,ACCEPTABLE,Text auto-wraps cleanly within ImGui / SoH proportional font renderer
0x404C,MAIN_GAME,30,20,6,PAGE_OVERFLOW_WARNING,ACCEPTABLE,Text auto-wraps cleanly within ImGui / SoH proportional font renderer
0x404D,MAIN_GAME,29,8,3,PAGE_OVERFLOW_WARNING,ACCEPTABLE,Text auto-wraps cleanly within ImGui / SoH proportional font renderer
0x4051,MAIN_GAME,30,15,4,PAGE_OVERFLOW_WARNING,ACCEPTABLE,Text auto-wraps cleanly within ImGui / SoH proportional font renderer
0x4054,MAIN_GAME,28,9,3,PAGE_OVERFLOW_WARNING,ACCEPTABLE,Text auto-wraps cleanly within ImGui / SoH proportional font renderer
0x4056,MAIN_GAME,27,8,2,PAGE_OVERFLOW_WARNING,ACCEPTABLE,Text auto-wraps cleanly within ImGui / SoH proportional font renderer
0x4059,MAIN_GAME,38,7,3,PAGE_OVERFLOW_WARNING,ACCEPTABLE,Text auto-wraps cleanly within ImGui / SoH proportional font renderer
0x405E,MAIN_GAME,33,8,2,PAGE_OVERFLOW_WARNING,ACCEPTABLE,Text auto-wraps cleanly within ImGui / SoH proportional font renderer
0x405F,MAIN_GAME,32,8,2,PAGE_OVERFLOW_WARNING,ACCEPTABLE,Text auto-wraps cleanly within ImGui / SoH proportional font renderer
0x4060,MAIN_GAME,31,9,2,PAGE_OVERFLOW_WARNING,ACCEPTABLE,Text auto-wraps cleanly within ImGui / SoH proportional font renderer
0x4061,MAIN_GAME,31,8,2,PAGE_OVERFLOW_WARNING,ACCEPTABLE,Text auto-wraps cleanly within ImGui / SoH proportional font renderer
0x4062,MAIN_GAME,42,9,2,PAGE_OVERFLOW_WARNING,ACCEPTABLE,Text auto-wraps cleanly within ImGui / SoH proportional font renderer
0x4063,MAIN_GAME,31,9,2,PAGE_OVERFLOW_WARNING,ACCEPTABLE,Text auto-wraps cleanly within ImGui / SoH proportional font renderer
0x4064,MAIN_GAME,35,9,2,PAGE_OVERFLOW_WARNING,ACCEPTABLE,Text auto-wraps cleanly within ImGui / SoH proportional font renderer
0x4065,MAIN_GAME,31,9,2,PAGE_OVERFLOW_WARNING,ACCEPTABLE,Text auto-wraps cleanly within ImGui / SoH proportional font renderer
0x4066,MAIN_GAME,32,9,2,PAGE_OVERFLOW_WARNING,ACCEPTABLE,Text auto-wraps cleanly within ImGui / SoH proportional font renderer
0x4067,MAIN_GAME,32,8,2,PAGE_OVERFLOW_WARNING,ACCEPTABLE,Text auto-wraps cleanly within ImGui / SoH proportional font renderer
0x4076,MAIN_GAME,39,5,1,PAGE_OVERFLOW_WARNING,ACCEPTABLE,Text auto-wraps cleanly within ImGui / SoH proportional font renderer
0x407C,MAIN_GAME,39,6,2,PAGE_OVERFLOW_WARNING,ACCEPTABLE,Text auto-wraps cleanly within ImGui / SoH proportional font renderer
0x407F,MAIN_GAME,38,26,7,PAGE_OVERFLOW_WARNING,ACCEPTABLE,Text auto-wraps cleanly within ImGui / SoH proportional font renderer
0x4080,MAIN_GAME,41,11,4,PAGE_OVERFLOW_WARNING,ACCEPTABLE,Text auto-wraps cleanly within ImGui / SoH proportional font renderer
0x4086,MAIN_GAME,32,6,2,PAGE_OVERFLOW_WARNING,ACCEPTABLE,Text auto-wraps cleanly within ImGui / SoH proportional font renderer
0x4088,MAIN_GAME,36,10,3,PAGE_OVERFLOW_WARNING,ACCEPTABLE,Text auto-wraps cleanly within ImGui / SoH proportional font renderer
0x408D,MAIN_GAME,30,7,2,PAGE_OVERFLOW_WARNING,ACCEPTABLE,Text auto-wraps cleanly within ImGui / SoH proportional font renderer
0x408F,MAIN_GAME,47,6,2,PAGE_OVERFLOW_WARNING,ACCEPTABLE,Text auto-wraps cleanly within ImGui / SoH proportional font renderer
0x4090,MAIN_GAME,30,6,2,PAGE_OVERFLOW_WARNING,ACCEPTABLE,Text auto-wraps cleanly within ImGui / SoH proportional font renderer
0x4091,MAIN_GAME,38,8,2,PAGE_OVERFLOW_WARNING,ACCEPTABLE,Text auto-wraps cleanly within ImGui / SoH proportional font renderer
0x4093,MAIN_GAME,31,17,5,PAGE_OVERFLOW_WARNING,ACCEPTABLE,Text auto-wraps cleanly within ImGui / SoH proportional font renderer
0x4094,MAIN_GAME,26,9,3,PAGE_OVERFLOW_WARNING,ACCEPTABLE,Text auto-wraps cleanly within ImGui / SoH proportional font renderer
0x4095,MAIN_GAME,27,8,3,PAGE_OVERFLOW_WARNING,ACCEPTABLE,Text auto-wraps cleanly within ImGui / SoH proportional font renderer
0x4096,MAIN_GAME,33,15,5,PAGE_OVERFLOW_WARNING,ACCEPTABLE,Text auto-wraps cleanly within ImGui / SoH proportional font renderer
0x4097,MAIN_GAME,29,9,2,PAGE_OVERFLOW_WARNING,ACCEPTABLE,Text auto-wraps cleanly within ImGui / SoH proportional font renderer
0x4098,MAIN_GAME,36,8,2,PAGE_OVERFLOW_WARNING,ACCEPTABLE,Text auto-wraps cleanly within ImGui / SoH proportional font renderer
0x4099,MAIN_GAME,35,8,2,PAGE_OVERFLOW_WARNING,ACCEPTABLE,Text auto-wraps cleanly within ImGui / SoH proportional font renderer
0x409A,MAIN_GAME,34,10,3,PAGE_OVERFLOW_WARNING,ACCEPTABLE,Text auto-wraps cleanly within ImGui / SoH proportional font renderer
0x409B,MAIN_GAME,28,8,3,PAGE_OVERFLOW_WARNING,ACCEPTABLE,Text auto-wraps cleanly within ImGui / SoH proportional font renderer
0x409E,MAIN_GAME,33,7,2,PAGE_OVERFLOW_WARNING,ACCEPTABLE,Text auto-wraps cleanly within ImGui / SoH proportional font renderer
0x409F,MAIN_GAME,34,12,3,PAGE_OVERFLOW_WARNING,ACCEPTABLE,Text auto-wraps cleanly within ImGui / SoH proportional font renderer
0x40A0,MAIN_GAME,34,12,4,PAGE_OVERFLOW_WARNING,ACCEPTABLE,Text auto-wraps cleanly within ImGui / SoH proportional font renderer
0x40A3,MAIN_GAME,35,12,4,PAGE_OVERFLOW_WARNING,ACCEPTABLE,Text auto-wraps cleanly within ImGui / SoH proportional font renderer
0x40A5,MAIN_GAME,33,6,2,PAGE_OVERFLOW_WARNING,ACCEPTABLE,Text auto-wraps cleanly within ImGui / SoH proportional font renderer
0x40A7,MAIN_GAME,36,19,5,PAGE_OVERFLOW_WARNING,ACCEPTABLE,Text auto-wraps cleanly within ImGui / SoH proportional font renderer
0x40A9,MAIN_GAME,40,9,2,PAGE_OVERFLOW_WARNING,ACCEPTABLE,Text auto-wraps cleanly within ImGui / SoH proportional font renderer
0x40AA,MAIN_GAME,34,10,3,PAGE_OVERFLOW_WARNING,ACCEPTABLE,Text auto-wraps cleanly within ImGui / SoH proportional font renderer
0x40AB,MAIN_GAME,36,11,3,PAGE_OVERFLOW_WARNING,ACCEPTABLE,Text auto-wraps cleanly within ImGui / SoH proportional font renderer
0x40AC,MAIN_GAME,42,5,2,PAGE_OVERFLOW_WARNING,ACCEPTABLE,Text auto-wraps cleanly within ImGui / SoH proportional font renderer
0x40AF,MAIN_GAME,51,9,2,LINE_WIDTH_WARNING,ACCEPTABLE,Text auto-wraps cleanly within ImGui / SoH proportional font renderer
0x40B0,MAIN_GAME,38,9,2,PAGE_OVERFLOW_WARNING,ACCEPTABLE,Text auto-wraps cleanly within ImGui / SoH proportional font renderer
0x40B3,MAIN_GAME,35,9,3,PAGE_OVERFLOW_WARNING,ACCEPTABLE,Text auto-wraps cleanly within ImGui / SoH proportional font renderer
0x5000,MAIN_GAME,43,15,4,PAGE_OVERFLOW_WARNING,ACCEPTABLE,Text auto-wraps cleanly within ImGui / SoH proportional font renderer
0x5003,MAIN_GAME,32,6,2,PAGE_OVERFLOW_WARNING,ACCEPTABLE,Text auto-wraps cleanly within ImGui / SoH proportional font renderer
0x5005,MAIN_GAME,28,6,2,PAGE_OVERFLOW_WARNING,ACCEPTABLE,Text auto-wraps cleanly within ImGui / SoH proportional font renderer
0x5009,MAIN_GAME,43,10,4,PAGE_OVERFLOW_WARNING,ACCEPTABLE,Text auto-wraps cleanly within ImGui / SoH proportional font renderer
0x500B,MAIN_GAME,29,5,2,PAGE_OVERFLOW_WARNING,ACCEPTABLE,Text auto-wraps cleanly within ImGui / SoH proportional font renderer
0x500F,MAIN_GAME,33,12,4,PAGE_OVERFLOW_WARNING,ACCEPTABLE,Text auto-wraps cleanly within ImGui / SoH proportional font renderer
0x5010,MAIN_GAME,36,34,10,PAGE_OVERFLOW_WARNING,ACCEPTABLE,Text auto-wraps cleanly within ImGui / SoH proportional font renderer
0x5012,MAIN_GAME,36,32,8,PAGE_OVERFLOW_WARNING,ACCEPTABLE,Text auto-wraps cleanly within ImGui / SoH proportional font renderer
0x5013,MAIN_GAME,32,11,3,PAGE_OVERFLOW_WARNING,ACCEPTABLE,Text auto-wraps cleanly within ImGui / SoH proportional font renderer
0x5014,MAIN_GAME,34,17,4,PAGE_OVERFLOW_WARNING,ACCEPTABLE,Text auto-wraps cleanly within ImGui / SoH proportional font renderer
0x5015,MAIN_GAME,31,5,2,PAGE_OVERFLOW_WARNING,ACCEPTABLE,Text auto-wraps cleanly within ImGui / SoH proportional font renderer
0x5016,MAIN_GAME,29,9,3,PAGE_OVERFLOW_WARNING,ACCEPTABLE,Text auto-wraps cleanly within ImGui / SoH proportional font renderer
0x5018,MAIN_GAME,34,17,5,PAGE_OVERFLOW_WARNING,ACCEPTABLE,Text auto-wraps cleanly within ImGui / SoH proportional font renderer
0x501C,MAIN_GAME,39,13,3,PAGE_OVERFLOW_WARNING,ACCEPTABLE,Text auto-wraps cleanly within ImGui / SoH proportional font renderer
0x5022,MAIN_GAME,38,8,2,PAGE_OVERFLOW_WARNING,ACCEPTABLE,Text auto-wraps cleanly within ImGui / SoH proportional font renderer
0x5024,MAIN_GAME,36,13,4,PAGE_OVERFLOW_WARNING,ACCEPTABLE,Text auto-wraps cleanly within ImGui / SoH proportional font renderer
0x5025,MAIN_GAME,35,25,6,PAGE_OVERFLOW_WARNING,ACCEPTABLE,Text auto-wraps cleanly within ImGui / SoH proportional font renderer
0x5026,MAIN_GAME,34,7,2,PAGE_OVERFLOW_WARNING,ACCEPTABLE,Text auto-wraps cleanly within ImGui / SoH proportional font renderer
0x5028,MAIN_GAME,36,16,4,PAGE_OVERFLOW_WARNING,ACCEPTABLE,Text auto-wraps cleanly within ImGui / SoH proportional font renderer
0x502A,MAIN_GAME,32,9,2,PAGE_OVERFLOW_WARNING,ACCEPTABLE,Text auto-wraps cleanly within ImGui / SoH proportional font renderer
0x502C,MAIN_GAME,35,7,2,PAGE_OVERFLOW_WARNING,ACCEPTABLE,Text auto-wraps cleanly within ImGui / SoH proportional font renderer
0x502D,MAIN_GAME,32,19,5,PAGE_OVERFLOW_WARNING,ACCEPTABLE,Text auto-wraps cleanly within ImGui / SoH proportional font renderer
0x5031,MAIN_GAME,37,23,5,PAGE_OVERFLOW_WARNING,ACCEPTABLE,Text auto-wraps cleanly within ImGui / SoH proportional font renderer
0x5032,MAIN_GAME,35,12,3,PAGE_OVERFLOW_WARNING,ACCEPTABLE,Text auto-wraps cleanly within ImGui / SoH proportional font renderer
0x5034,MAIN_GAME,35,10,3,PAGE_OVERFLOW_WARNING,ACCEPTABLE,Text auto-wraps cleanly within ImGui / SoH proportional font renderer
0x5035,MAIN_GAME,34,11,4,PAGE_OVERFLOW_WARNING,ACCEPTABLE,Text auto-wraps cleanly within ImGui / SoH proportional font renderer
0x5036,MAIN_GAME,32,6,2,PAGE_OVERFLOW_WARNING,ACCEPTABLE,Text auto-wraps cleanly within ImGui / SoH proportional font renderer
0x503B,MAIN_GAME,35,7,2,PAGE_OVERFLOW_WARNING,ACCEPTABLE,Text auto-wraps cleanly within ImGui / SoH proportional font renderer
0x503E,MAIN_GAME,34,28,6,PAGE_OVERFLOW_WARNING,ACCEPTABLE,Text auto-wraps cleanly within ImGui / SoH proportional font renderer
0x5041,MAIN_GAME,32,7,2,PAGE_OVERFLOW_WARNING,ACCEPTABLE,Text auto-wraps cleanly within ImGui / SoH proportional font renderer
0x5043,MAIN_GAME,35,16,4,PAGE_OVERFLOW_WARNING,ACCEPTABLE,Text auto-wraps cleanly within ImGui / SoH proportional font renderer
0x5048,MAIN_GAME,32,13,3,PAGE_OVERFLOW_WARNING,ACCEPTABLE,Text auto-wraps cleanly within ImGui / SoH proportional font renderer
0x5049,MAIN_GAME,26,5,3,PAGE_OVERFLOW_WARNING,ACCEPTABLE,Text auto-wraps cleanly within ImGui / SoH proportional font renderer
0x504D,MAIN_GAME,30,6,2,PAGE_OVERFLOW_WARNING,ACCEPTABLE,Text auto-wraps cleanly within ImGui / SoH proportional font renderer
0x5057,MAIN_GAME,29,12,4,PAGE_OVERFLOW_WARNING,ACCEPTABLE,Text auto-wraps cleanly within ImGui / SoH proportional font renderer
0x5059,MAIN_GAME,32,6,2,PAGE_OVERFLOW_WARNING,ACCEPTABLE,Text auto-wraps cleanly within ImGui / SoH proportional font renderer
0x505A,MAIN_GAME,28,5,2,PAGE_OVERFLOW_WARNING,ACCEPTABLE,Text auto-wraps cleanly within ImGui / SoH proportional font renderer
0x505B,MAIN_GAME,33,28,8,PAGE_OVERFLOW_WARNING,ACCEPTABLE,Text auto-wraps cleanly within ImGui / SoH proportional font renderer
0x505C,MAIN_GAME,35,5,2,PAGE_OVERFLOW_WARNING,ACCEPTABLE,Text auto-wraps cleanly within ImGui / SoH proportional font renderer
0x505D,MAIN_GAME,32,6,2,PAGE_OVERFLOW_WARNING,ACCEPTABLE,Text auto-wraps cleanly within ImGui / SoH proportional font renderer
0x5063,MAIN_GAME,36,21,5,PAGE_OVERFLOW_WARNING,ACCEPTABLE,Text auto-wraps cleanly within ImGui / SoH proportional font renderer
0x5066,MAIN_GAME,31,13,3,PAGE_OVERFLOW_WARNING,ACCEPTABLE,Text auto-wraps cleanly within ImGui / SoH proportional font renderer
0x5067,MAIN_GAME,34,8,2,PAGE_OVERFLOW_WARNING,ACCEPTABLE,Text auto-wraps cleanly within ImGui / SoH proportional font renderer
0x506A,MAIN_GAME,35,7,2,PAGE_OVERFLOW_WARNING,ACCEPTABLE,Text auto-wraps cleanly within ImGui / SoH proportional font renderer
0x506C,MAIN_GAME,35,5,1,PAGE_OVERFLOW_WARNING,ACCEPTABLE,Text auto-wraps cleanly within ImGui / SoH proportional font renderer
0x5077,MAIN_GAME,32,8,3,PAGE_OVERFLOW_WARNING,ACCEPTABLE,Text auto-wraps cleanly within ImGui / SoH proportional font renderer
0x5079,MAIN_GAME,27,6,2,PAGE_OVERFLOW_WARNING,ACCEPTABLE,Text auto-wraps cleanly within ImGui / SoH proportional font renderer
0x507B,MAIN_GAME,31,6,2,PAGE_OVERFLOW_WARNING,ACCEPTABLE,Text auto-wraps cleanly within ImGui / SoH proportional font renderer
0x507C,MAIN_GAME,24,6,2,PAGE_OVERFLOW_WARNING,ACCEPTABLE,Text auto-wraps cleanly within ImGui / SoH proportional font renderer
0x507F,MAIN_GAME,33,6,2,PAGE_OVERFLOW_WARNING,ACCEPTABLE,Text auto-wraps cleanly within ImGui / SoH proportional font renderer
0x5085,MAIN_GAME,29,5,2,PAGE_OVERFLOW_WARNING,ACCEPTABLE,Text auto-wraps cleanly within ImGui / SoH proportional font renderer
0x5087,MAIN_GAME,35,15,4,PAGE_OVERFLOW_WARNING,ACCEPTABLE,Text auto-wraps cleanly within ImGui / SoH proportional font renderer
0x5088,MAIN_GAME,30,12,3,PAGE_OVERFLOW_WARNING,ACCEPTABLE,Text auto-wraps cleanly within ImGui / SoH proportional font renderer
0x5089,MAIN_GAME,30,5,2,PAGE_OVERFLOW_WARNING,ACCEPTABLE,Text auto-wraps cleanly within ImGui / SoH proportional font renderer
0x508A,MAIN_GAME,35,6,2,PAGE_OVERFLOW_WARNING,ACCEPTABLE,Text auto-wraps cleanly within ImGui / SoH proportional font renderer
0x508D,MAIN_GAME,33,7,2,PAGE_OVERFLOW_WARNING,ACCEPTABLE,Text auto-wraps cleanly within ImGui / SoH proportional font renderer
0x6004,MAIN_GAME,40,28,7,PAGE_OVERFLOW_WARNING,ACCEPTABLE,Text auto-wraps cleanly within ImGui / SoH proportional font renderer
0x6005,MAIN_GAME,35,7,2,PAGE_OVERFLOW_WARNING,ACCEPTABLE,Text auto-wraps cleanly within ImGui / SoH proportional font renderer
0x6007,MAIN_GAME,37,17,5,PAGE_OVERFLOW_WARNING,ACCEPTABLE,Text auto-wraps cleanly within ImGui / SoH proportional font renderer
0x600C,MAIN_GAME,42,17,5,PAGE_OVERFLOW_WARNING,ACCEPTABLE,Text auto-wraps cleanly within ImGui / SoH proportional font renderer
0x600D,MAIN_GAME,35,9,2,PAGE_OVERFLOW_WARNING,ACCEPTABLE,Text auto-wraps cleanly within ImGui / SoH proportional font renderer
0x6012,MAIN_GAME,26,5,2,PAGE_OVERFLOW_WARNING,ACCEPTABLE,Text auto-wraps cleanly within ImGui / SoH proportional font renderer
0x6013,MAIN_GAME,33,5,2,PAGE_OVERFLOW_WARNING,ACCEPTABLE,Text auto-wraps cleanly within ImGui / SoH proportional font renderer
0x6014,MAIN_GAME,33,9,3,PAGE_OVERFLOW_WARNING,ACCEPTABLE,Text auto-wraps cleanly within ImGui / SoH proportional font renderer
0x6017,MAIN_GAME,34,7,3,PAGE_OVERFLOW_WARNING,ACCEPTABLE,Text auto-wraps cleanly within ImGui / SoH proportional font renderer
0x6018,MAIN_GAME,36,15,4,PAGE_OVERFLOW_WARNING,ACCEPTABLE,Text auto-wraps cleanly within ImGui / SoH proportional font renderer
0x601D,MAIN_GAME,33,6,2,PAGE_OVERFLOW_WARNING,ACCEPTABLE,Text auto-wraps cleanly within ImGui / SoH proportional font renderer
0x6020,MAIN_GAME,37,12,3,PAGE_OVERFLOW_WARNING,ACCEPTABLE,Text auto-wraps cleanly within ImGui / SoH proportional font renderer
0x6021,MAIN_GAME,35,8,3,PAGE_OVERFLOW_WARNING,ACCEPTABLE,Text auto-wraps cleanly within ImGui / SoH proportional font renderer
0x6023,MAIN_GAME,37,31,9,PAGE_OVERFLOW_WARNING,ACCEPTABLE,Text auto-wraps cleanly within ImGui / SoH proportional font renderer
0x6024,MAIN_GAME,35,36,9,PAGE_OVERFLOW_WARNING,ACCEPTABLE,Text auto-wraps cleanly within ImGui / SoH proportional font renderer
0x6025,MAIN_GAME,32,5,2,PAGE_OVERFLOW_WARNING,ACCEPTABLE,Text auto-wraps cleanly within ImGui / SoH proportional font renderer
0x6035,MAIN_GAME,33,6,2,PAGE_OVERFLOW_WARNING,ACCEPTABLE,Text auto-wraps cleanly within ImGui / SoH proportional font renderer
0x6036,MAIN_GAME,61,3,1,LINE_WIDTH_WARNING,ACCEPTABLE,Text auto-wraps cleanly within ImGui / SoH proportional font renderer
0x6039,MAIN_GAME,34,18,6,PAGE_OVERFLOW_WARNING,ACCEPTABLE,Text auto-wraps cleanly within ImGui / SoH proportional font renderer
0x603A,MAIN_GAME,35,10,4,PAGE_OVERFLOW_WARNING,ACCEPTABLE,Text auto-wraps cleanly within ImGui / SoH proportional font renderer
0x603F,MAIN_GAME,34,13,3,PAGE_OVERFLOW_WARNING,ACCEPTABLE,Text auto-wraps cleanly within ImGui / SoH proportional font renderer
0x6040,MAIN_GAME,32,18,6,PAGE_OVERFLOW_WARNING,ACCEPTABLE,Text auto-wraps cleanly within ImGui / SoH proportional font renderer
0x6042,MAIN_GAME,38,6,2,PAGE_OVERFLOW_WARNING,ACCEPTABLE,Text auto-wraps cleanly within ImGui / SoH proportional font renderer
0x6044,MAIN_GAME,31,9,3,PAGE_OVERFLOW_WARNING,ACCEPTABLE,Text auto-wraps cleanly within ImGui / SoH proportional font renderer
0x6046,MAIN_GAME,27,5,2,PAGE_OVERFLOW_WARNING,ACCEPTABLE,Text auto-wraps cleanly within ImGui / SoH proportional font renderer
0x605B,MAIN_GAME,32,16,4,PAGE_OVERFLOW_WARNING,ACCEPTABLE,Text auto-wraps cleanly within ImGui / SoH proportional font renderer
0x605C,MAIN_GAME,33,13,3,PAGE_OVERFLOW_WARNING,ACCEPTABLE,Text auto-wraps cleanly within ImGui / SoH proportional font renderer
0x605D,MAIN_GAME,41,12,3,PAGE_OVERFLOW_WARNING,ACCEPTABLE,Text auto-wraps cleanly within ImGui / SoH proportional font renderer
0x605E,MAIN_GAME,33,20,4,PAGE_OVERFLOW_WARNING,ACCEPTABLE,Text auto-wraps cleanly within ImGui / SoH proportional font renderer
0x605F,MAIN_GAME,32,5,1,PAGE_OVERFLOW_WARNING,ACCEPTABLE,Text auto-wraps cleanly within ImGui / SoH proportional font renderer
0x6062,MAIN_GAME,30,5,1,PAGE_OVERFLOW_WARNING,ACCEPTABLE,Text auto-wraps cleanly within ImGui / SoH proportional font renderer
0x6065,MAIN_GAME,32,7,2,PAGE_OVERFLOW_WARNING,ACCEPTABLE,Text auto-wraps cleanly within ImGui / SoH proportional font renderer
0x606A,MAIN_GAME,29,11,3,PAGE_OVERFLOW_WARNING,ACCEPTABLE,Text auto-wraps cleanly within ImGui / SoH proportional font renderer
0x606C,MAIN_GAME,31,10,3,PAGE_OVERFLOW_WARNING,ACCEPTABLE,Text auto-wraps cleanly within ImGui / SoH proportional font renderer
0x606E,MAIN_GAME,34,8,2,PAGE_OVERFLOW_WARNING,ACCEPTABLE,Text auto-wraps cleanly within ImGui / SoH proportional font renderer
0x6071,MAIN_GAME,30,5,1,PAGE_OVERFLOW_WARNING,ACCEPTABLE,Text auto-wraps cleanly within ImGui / SoH proportional font renderer
0x6072,MAIN_GAME,28,5,1,PAGE_OVERFLOW_WARNING,ACCEPTABLE,Text auto-wraps cleanly within ImGui / SoH proportional font renderer
0x6074,MAIN_GAME,28,9,3,PAGE_OVERFLOW_WARNING,ACCEPTABLE,Text auto-wraps cleanly within ImGui / SoH proportional font renderer
0x6076,MAIN_GAME,32,7,2,PAGE_OVERFLOW_WARNING,ACCEPTABLE,Text auto-wraps cleanly within ImGui / SoH proportional font renderer
0x6077,MAIN_GAME,28,16,4,PAGE_OVERFLOW_WARNING,ACCEPTABLE,Text auto-wraps cleanly within ImGui / SoH proportional font renderer
0x6078,MAIN_GAME,28,9,3,PAGE_OVERFLOW_WARNING,ACCEPTABLE,Text auto-wraps cleanly within ImGui / SoH proportional font renderer
0x6079,MAIN_GAME,30,16,4,PAGE_OVERFLOW_WARNING,ACCEPTABLE,Text auto-wraps cleanly within ImGui / SoH proportional font renderer
0x607A,MAIN_GAME,31,11,3,PAGE_OVERFLOW_WARNING,ACCEPTABLE,Text auto-wraps cleanly within ImGui / SoH proportional font renderer
0x607D,MAIN_GAME,32,16,4,PAGE_OVERFLOW_WARNING,ACCEPTABLE,Text auto-wraps cleanly within ImGui / SoH proportional font renderer
0x607E,MAIN_GAME,31,8,2,PAGE_OVERFLOW_WARNING,ACCEPTABLE,Text auto-wraps cleanly within ImGui / SoH proportional font renderer
0x607F,MAIN_GAME,20,7,3,PAGE_OVERFLOW_WARNING,ACCEPTABLE,Text auto-wraps cleanly within ImGui / SoH proportional font renderer
0x6081,MAIN_GAME,36,8,2,PAGE_OVERFLOW_WARNING,ACCEPTABLE,Text auto-wraps cleanly within ImGui / SoH proportional font renderer
0x6084,MAIN_GAME,28,6,2,PAGE_OVERFLOW_WARNING,ACCEPTABLE,Text auto-wraps cleanly within ImGui / SoH proportional font renderer
0x6085,MAIN_GAME,26,15,5,PAGE_OVERFLOW_WARNING,ACCEPTABLE,Text auto-wraps cleanly within ImGui / SoH proportional font renderer
0x6086,MAIN_GAME,31,20,4,PAGE_OVERFLOW_WARNING,ACCEPTABLE,Text auto-wraps cleanly within ImGui / SoH proportional font renderer
0x7004,MAIN_GAME,32,15,4,PAGE_OVERFLOW_WARNING,ACCEPTABLE,Text auto-wraps cleanly within ImGui / SoH proportional font renderer
0x7007,MAIN_GAME,32,27,7,PAGE_OVERFLOW_WARNING,ACCEPTABLE,Text auto-wraps cleanly within ImGui / SoH proportional font renderer
0x7009,MAIN_GAME,31,15,4,PAGE_OVERFLOW_WARNING,ACCEPTABLE,Text auto-wraps cleanly within ImGui / SoH proportional font renderer
0x700A,MAIN_GAME,32,6,1,PAGE_OVERFLOW_WARNING,ACCEPTABLE,Text auto-wraps cleanly within ImGui / SoH proportional font renderer
0x700D,MAIN_GAME,27,5,1,PAGE_OVERFLOW_WARNING,ACCEPTABLE,Text auto-wraps cleanly within ImGui / SoH proportional font renderer
0x700E,MAIN_GAME,32,6,2,PAGE_OVERFLOW_WARNING,ACCEPTABLE,Text auto-wraps cleanly within ImGui / SoH proportional font renderer
0x7012,MAIN_GAME,29,5,1,PAGE_OVERFLOW_WARNING,ACCEPTABLE,Text auto-wraps cleanly within ImGui / SoH proportional font renderer
0x7013,MAIN_GAME,33,7,2,PAGE_OVERFLOW_WARNING,ACCEPTABLE,Text auto-wraps cleanly within ImGui / SoH proportional font renderer
0x7015,MAIN_GAME,54,3,1,LINE_WIDTH_WARNING,ACCEPTABLE,Text auto-wraps cleanly within ImGui / SoH proportional font renderer
0x7016,MAIN_GAME,28,7,2,PAGE_OVERFLOW_WARNING,ACCEPTABLE,Text auto-wraps cleanly within ImGui / SoH proportional font renderer
0x7018,MAIN_GAME,32,8,4,PAGE_OVERFLOW_WARNING,ACCEPTABLE,Text auto-wraps cleanly within ImGui / SoH proportional font renderer
0x701B,MAIN_GAME,36,11,5,PAGE_OVERFLOW_WARNING,ACCEPTABLE,Text auto-wraps cleanly within ImGui / SoH proportional font renderer
0x701E,MAIN_GAME,32,5,2,PAGE_OVERFLOW_WARNING,ACCEPTABLE,Text auto-wraps cleanly within ImGui / SoH proportional font renderer
0x701F,MAIN_GAME,41,5,2,PAGE_OVERFLOW_WARNING,ACCEPTABLE,Text auto-wraps cleanly within ImGui / SoH proportional font renderer
0x7024,MAIN_GAME,36,7,2,PAGE_OVERFLOW_WARNING,ACCEPTABLE,Text auto-wraps cleanly within ImGui / SoH proportional font renderer
0x7025,MAIN_GAME,29,7,4,PAGE_OVERFLOW_WARNING,ACCEPTABLE,Text auto-wraps cleanly within ImGui / SoH proportional font renderer
0x7026,MAIN_GAME,24,9,5,PAGE_OVERFLOW_WARNING,ACCEPTABLE,Text auto-wraps cleanly within ImGui / SoH proportional font renderer
0x7027,MAIN_GAME,32,15,5,PAGE_OVERFLOW_WARNING,ACCEPTABLE,Text auto-wraps cleanly within ImGui / SoH proportional font renderer
0x7029,MAIN_GAME,36,10,3,PAGE_OVERFLOW_WARNING,ACCEPTABLE,Text auto-wraps cleanly within ImGui / SoH proportional font renderer
0x702A,MAIN_GAME,48,7,4,PAGE_OVERFLOW_WARNING,ACCEPTABLE,Text auto-wraps cleanly within ImGui / SoH proportional font renderer
0x702C,MAIN_GAME,40,17,6,PAGE_OVERFLOW_WARNING,ACCEPTABLE,Text auto-wraps cleanly within ImGui / SoH proportional font renderer
0x7031,MAIN_GAME,27,6,2,PAGE_OVERFLOW_WARNING,ACCEPTABLE,Text auto-wraps cleanly within ImGui / SoH proportional font renderer
0x7036,MAIN_GAME,73,12,1,LINE_WIDTH_WARNING,ACCEPTABLE,Text auto-wraps cleanly within ImGui / SoH proportional font renderer
0x7037,MAIN_GAME,32,16,4,PAGE_OVERFLOW_WARNING,ACCEPTABLE,Text auto-wraps cleanly within ImGui / SoH proportional font renderer
0x7039,MAIN_GAME,26,6,3,PAGE_OVERFLOW_WARNING,ACCEPTABLE,Text auto-wraps cleanly within ImGui / SoH proportional font renderer
0x703D,MAIN_GAME,34,9,3,PAGE_OVERFLOW_WARNING,ACCEPTABLE,Text auto-wraps cleanly within ImGui / SoH proportional font renderer
0x7040,MAIN_GAME,38,8,3,PAGE_OVERFLOW_WARNING,ACCEPTABLE,Text auto-wraps cleanly within ImGui / SoH proportional font renderer
0x704F,MAIN_GAME,41,24,6,PAGE_OVERFLOW_WARNING,ACCEPTABLE,Text auto-wraps cleanly within ImGui / SoH proportional font renderer
0x7051,MAIN_GAME,43,22,6,PAGE_OVERFLOW_WARNING,ACCEPTABLE,Text auto-wraps cleanly within ImGui / SoH proportional font renderer
0x7053,MAIN_GAME,40,49,15,PAGE_OVERFLOW_WARNING,ACCEPTABLE,Text auto-wraps cleanly within ImGui / SoH proportional font renderer
0x7054,MAIN_GAME,34,10,3,PAGE_OVERFLOW_WARNING,ACCEPTABLE,Text auto-wraps cleanly within ImGui / SoH proportional font renderer
0x7055,MAIN_GAME,24,5,2,PAGE_OVERFLOW_WARNING,ACCEPTABLE,Text auto-wraps cleanly within ImGui / SoH proportional font renderer
0x7057,MAIN_GAME,39,23,8,PAGE_OVERFLOW_WARNING,ACCEPTABLE,Text auto-wraps cleanly within ImGui / SoH proportional font renderer
0x705B,MAIN_GAME,40,8,3,PAGE_OVERFLOW_WARNING,ACCEPTABLE,Text auto-wraps cleanly within ImGui / SoH proportional font renderer
0x705C,MAIN_GAME,88,25,1,LINE_WIDTH_WARNING,ACCEPTABLE,Text auto-wraps cleanly within ImGui / SoH proportional font renderer
0x705D,MAIN_GAME,39,7,2,PAGE_OVERFLOW_WARNING,ACCEPTABLE,Text auto-wraps cleanly within ImGui / SoH proportional font renderer
0x705F,MAIN_GAME,31,6,2,PAGE_OVERFLOW_WARNING,ACCEPTABLE,Text auto-wraps cleanly within ImGui / SoH proportional font renderer
0x7063,MAIN_GAME,32,7,2,PAGE_OVERFLOW_WARNING,ACCEPTABLE,Text auto-wraps cleanly within ImGui / SoH proportional font renderer
0x7065,MAIN_GAME,35,5,2,PAGE_OVERFLOW_WARNING,ACCEPTABLE,Text auto-wraps cleanly within ImGui / SoH proportional font renderer
0x7067,MAIN_GAME,43,13,4,PAGE_OVERFLOW_WARNING,ACCEPTABLE,Text auto-wraps cleanly within ImGui / SoH proportional font renderer
0x706C,MAIN_GAME,62,4,1,LINE_WIDTH_WARNING,ACCEPTABLE,Text auto-wraps cleanly within ImGui / SoH proportional font renderer
0x706F,MAIN_GAME,38,7,3,PAGE_OVERFLOW_WARNING,ACCEPTABLE,Text auto-wraps cleanly within ImGui / SoH proportional font renderer
0x7074,MAIN_GAME,35,17,6,PAGE_OVERFLOW_WARNING,ACCEPTABLE,Text auto-wraps cleanly within ImGui / SoH proportional font renderer
0x7075,MAIN_GAME,31,8,3,PAGE_OVERFLOW_WARNING,ACCEPTABLE,Text auto-wraps cleanly within ImGui / SoH proportional font renderer
0x707A,MAIN_GAME,38,20,5,PAGE_OVERFLOW_WARNING,ACCEPTABLE,Text auto-wraps cleanly within ImGui / SoH proportional font renderer
0x707C,MAIN_GAME,38,6,2,PAGE_OVERFLOW_WARNING,ACCEPTABLE,Text auto-wraps cleanly within ImGui / SoH proportional font renderer
0x7082,MAIN_GAME,41,13,3,PAGE_OVERFLOW_WARNING,ACCEPTABLE,Text auto-wraps cleanly within ImGui / SoH proportional font renderer
0x7084,MAIN_GAME,40,20,6,PAGE_OVERFLOW_WARNING,ACCEPTABLE,Text auto-wraps cleanly within ImGui / SoH proportional font renderer
0x7087,MAIN_GAME,39,11,3,PAGE_OVERFLOW_WARNING,ACCEPTABLE,Text auto-wraps cleanly within ImGui / SoH proportional font renderer
0x708A,MAIN_GAME,31,6,2,PAGE_OVERFLOW_WARNING,ACCEPTABLE,Text auto-wraps cleanly within ImGui / SoH proportional font renderer
0x708B,MAIN_GAME,35,6,2,PAGE_OVERFLOW_WARNING,ACCEPTABLE,Text auto-wraps cleanly within ImGui / SoH proportional font renderer
0x708C,MAIN_GAME,38,8,2,PAGE_OVERFLOW_WARNING,ACCEPTABLE,Text auto-wraps cleanly within ImGui / SoH proportional font renderer
0x7090,MAIN_GAME,39,19,6,PAGE_OVERFLOW_WARNING,ACCEPTABLE,Text auto-wraps cleanly within ImGui / SoH proportional font renderer
0x7091,MAIN_GAME,40,14,5,PAGE_OVERFLOW_WARNING,ACCEPTABLE,Text auto-wraps cleanly within ImGui / SoH proportional font renderer
0x7093,MAIN_GAME,30,5,2,PAGE_OVERFLOW_WARNING,ACCEPTABLE,Text auto-wraps cleanly within ImGui / SoH proportional font renderer
0x7095,MAIN_GAME,47,6,2,PAGE_OVERFLOW_WARNING,ACCEPTABLE,Text auto-wraps cleanly within ImGui / SoH proportional font renderer
0x709A,MAIN_GAME,37,13,4,PAGE_OVERFLOW_WARNING,ACCEPTABLE,Text auto-wraps cleanly within ImGui / SoH proportional font renderer
0x709F,MAIN_GAME,28,6,2,PAGE_OVERFLOW_WARNING,ACCEPTABLE,Text auto-wraps cleanly within ImGui / SoH proportional font renderer
0x70A1,MAIN_GAME,44,18,5,PAGE_OVERFLOW_WARNING,ACCEPTABLE,Text auto-wraps cleanly within ImGui / SoH proportional font renderer
0x70A3,MAIN_GAME,43,15,5,PAGE_OVERFLOW_WARNING,ACCEPTABLE,Text auto-wraps cleanly within ImGui / SoH proportional font renderer
0x70A8,MAIN_GAME,25,7,3,PAGE_OVERFLOW_WARNING,ACCEPTABLE,Text auto-wraps cleanly within ImGui / SoH proportional font renderer
0x70A9,MAIN_GAME,34,6,3,PAGE_OVERFLOW_WARNING,ACCEPTABLE,Text auto-wraps cleanly within ImGui / SoH proportional font renderer
0x70AA,MAIN_GAME,39,18,6,PAGE_OVERFLOW_WARNING,ACCEPTABLE,Text auto-wraps cleanly within ImGui / SoH proportional font renderer
0x70AE,MAIN_GAME,39,13,5,PAGE_OVERFLOW_WARNING,ACCEPTABLE,Text auto-wraps cleanly within ImGui / SoH proportional font renderer
0x70B2,MAIN_GAME,60,2,1,LINE_WIDTH_WARNING,ACCEPTABLE,Text auto-wraps cleanly within ImGui / SoH proportional font renderer
0x70B6,MAIN_GAME,60,2,1,LINE_WIDTH_WARNING,ACCEPTABLE,Text auto-wraps cleanly within ImGui / SoH proportional font renderer
0x70C7,MAIN_GAME,27,8,2,PAGE_OVERFLOW_WARNING,ACCEPTABLE,Text auto-wraps cleanly within ImGui / SoH proportional font renderer
0x70C9,MAIN_GAME,33,6,2,PAGE_OVERFLOW_WARNING,ACCEPTABLE,Text auto-wraps cleanly within ImGui / SoH proportional font renderer
0x70CD,MAIN_GAME,30,6,2,PAGE_OVERFLOW_WARNING,ACCEPTABLE,Text auto-wraps cleanly within ImGui / SoH proportional font renderer
0x70D0,MAIN_GAME,32,5,2,PAGE_OVERFLOW_WARNING,ACCEPTABLE,Text auto-wraps cleanly within ImGui / SoH proportional font renderer
0x70D1,MAIN_GAME,41,7,2,PAGE_OVERFLOW_WARNING,ACCEPTABLE,Text auto-wraps cleanly within ImGui / SoH proportional font renderer
0x70F4,MAIN_GAME,41,32,9,PAGE_OVERFLOW_WARNING,ACCEPTABLE,Text auto-wraps cleanly within ImGui / SoH proportional font renderer
0x70F5,MAIN_GAME,31,7,2,PAGE_OVERFLOW_WARNING,ACCEPTABLE,Text auto-wraps cleanly within ImGui / SoH proportional font renderer
0x70F6,MAIN_GAME,26,11,5,PAGE_OVERFLOW_WARNING,ACCEPTABLE,Text auto-wraps cleanly within ImGui / SoH proportional font renderer
0x70F7,MAIN_GAME,32,14,6,PAGE_OVERFLOW_WARNING,ACCEPTABLE,Text auto-wraps cleanly within ImGui / SoH proportional font renderer
0x70F8,MAIN_GAME,36,21,7,PAGE_OVERFLOW_WARNING,ACCEPTABLE,Text auto-wraps cleanly within ImGui / SoH proportional font renderer
0x70FC,MAIN_GAME,42,11,3,PAGE_OVERFLOW_WARNING,ACCEPTABLE,Text auto-wraps cleanly within ImGui / SoH proportional font renderer
0x70FD,MAIN_GAME,34,6,2,PAGE_OVERFLOW_WARNING,ACCEPTABLE,Text auto-wraps cleanly within ImGui / SoH proportional font renderer
0x70FE,MAIN_GAME,31,5,2,PAGE_OVERFLOW_WARNING,ACCEPTABLE,Text auto-wraps cleanly within ImGui / SoH proportional font renderer
0x7116,MAIN_GAME,27,6,2,PAGE_OVERFLOW_WARNING,ACCEPTABLE,Text auto-wraps cleanly within ImGui / SoH proportional font renderer
0x7123,MAIN_GAME,30,8,3,PAGE_OVERFLOW_WARNING,ACCEPTABLE,Text auto-wraps cleanly within ImGui / SoH proportional font renderer
0x7129,MAIN_GAME,22,5,2,PAGE_OVERFLOW_WARNING,ACCEPTABLE,Text auto-wraps cleanly within ImGui / SoH proportional font renderer
0x7150,MAIN_GAME,34,6,2,PAGE_OVERFLOW_WARNING,ACCEPTABLE,Text auto-wraps cleanly within ImGui / SoH proportional font renderer
0x7169,MAIN_GAME,33,5,2,PAGE_OVERFLOW_WARNING,ACCEPTABLE,Text auto-wraps cleanly within ImGui / SoH proportional font renderer
0x71AE,MAIN_GAME,33,6,2,PAGE_OVERFLOW_WARNING,ACCEPTABLE,Text auto-wraps cleanly within ImGui / SoH proportional font renderer
0x71AF,MAIN_GAME,34,5,2,PAGE_OVERFLOW_WARNING,ACCEPTABLE,Text auto-wraps cleanly within ImGui / SoH proportional font renderer
Hint::RHT_DEKU_TREE_MAP_CHEST::0,RANDOMIZER,59,1,1,LINE_WIDTH_WARNING,ACCEPTABLE,Text auto-wraps cleanly within ImGui / SoH proportional font renderer
Hint::RHT_DEKU_TREE_SLINGSHOT_CHEST::1,RANDOMIZER,72,1,1,LINE_WIDTH_WARNING,ACCEPTABLE,Text auto-wraps cleanly within ImGui / SoH proportional font renderer
Hint::RHT_DEKU_TREE_SLINGSHOT_ROOM_SIDE_CHEST::2,RANDOMIZER,72,1,1,LINE_WIDTH_WARNING,ACCEPTABLE,Text auto-wraps cleanly within ImGui / SoH proportional font renderer
Hint::RHT_DEKU_TREE_COMPASS_CHEST::3,RANDOMIZER,68,1,1,LINE_WIDTH_WARNING,ACCEPTABLE,Text auto-wraps cleanly within ImGui / SoH proportional font renderer
Hint::RHT_DEKU_TREE_COMPASS_ROOM_SIDE_CHEST::4,RANDOMIZER,68,1,1,LINE_WIDTH_WARNING,ACCEPTABLE,Text auto-wraps cleanly within ImGui / SoH proportional font renderer
Hint::RHT_DEKU_TREE_BASEMENT_CHEST::5,RANDOMIZER,58,1,1,LINE_WIDTH_WARNING,ACCEPTABLE,Text auto-wraps cleanly within ImGui / SoH proportional font renderer
Hint::RHT_DEKU_TREE_MQ_MAP_CHEST::6,RANDOMIZER,59,1,1,LINE_WIDTH_WARNING,ACCEPTABLE,Text auto-wraps cleanly within ImGui / SoH proportional font renderer
Hint::RHT_DEKU_TREE_MQ_COMPASS_CHEST::7,RANDOMIZER,81,1,1,LINE_WIDTH_WARNING,ACCEPTABLE,Text auto-wraps cleanly within ImGui / SoH proportional font renderer
Hint::RHT_DEKU_TREE_MQ_SLINGSHOT_CHEST::8,RANDOMIZER,68,1,1,LINE_WIDTH_WARNING,ACCEPTABLE,Text auto-wraps cleanly within ImGui / SoH proportional font renderer
Hint::RHT_DEKU_TREE_MQ_SLINGSHOT_ROOM_BACK_CHEST::9,RANDOMIZER,68,1,1,LINE_WIDTH_WARNING,ACCEPTABLE,Text auto-wraps cleanly within ImGui / SoH proportional font renderer
Hint::RHT_DEKU_TREE_MQ_BASEMENT_CHEST::10,RANDOMIZER,58,1,1,LINE_WIDTH_WARNING,ACCEPTABLE,Text auto-wraps cleanly within ImGui / SoH proportional font renderer
Hint::RHT_DEKU_TREE_MQ_BEFORE_SPINNING_LOG_CHEST::11,RANDOMIZER,61,1,1,LINE_WIDTH_WARNING,ACCEPTABLE,Text auto-wraps cleanly within ImGui / SoH proportional font renderer
Hint::RHT_DEKU_TREE_QUEEN_GOHMA_HEART::13,RANDOMIZER,54,1,1,LINE_WIDTH_WARNING,ACCEPTABLE,Text auto-wraps cleanly within ImGui / SoH proportional font renderer
Hint::RHT_DEKU_TREE_GS_BASEMENT_BACK_ROOM::14,RANDOMIZER,72,1,1,LINE_WIDTH_WARNING,ACCEPTABLE,Text auto-wraps cleanly within ImGui / SoH proportional font renderer
Hint::RHT_DEKU_TREE_GS_BASEMENT_GATE::15,RANDOMIZER,83,1,1,LINE_WIDTH_WARNING,ACCEPTABLE,Text auto-wraps cleanly within ImGui / SoH proportional font renderer
Hint::RHT_DEKU_TREE_GS_BASEMENT_VINES::16,RANDOMIZER,83,1,1,LINE_WIDTH_WARNING,ACCEPTABLE,Text auto-wraps cleanly within ImGui / SoH proportional font renderer
Hint::RHT_DEKU_TREE_GS_COMPASS_ROOM::17,RANDOMIZER,54,1,1,LINE_WIDTH_WARNING,ACCEPTABLE,Text auto-wraps cleanly within ImGui / SoH proportional font renderer
Hint::RHT_DEKU_TREE_MQ_GS_LOBBY::18,RANDOMIZER,70,1,1,LINE_WIDTH_WARNING,ACCEPTABLE,Text auto-wraps cleanly within ImGui / SoH proportional font renderer
Hint::RHT_DEKU_TREE_MQ_GS_PAST_BOULDER_VINES::19,RANDOMIZER,88,1,1,LINE_WIDTH_WARNING,ACCEPTABLE,Text auto-wraps cleanly within ImGui / SoH proportional font renderer
Hint::RHT_DEKU_TREE_MQ_GS_BASEMENT_BACK_ROOM::20,RANDOMIZER,72,1,1,LINE_WIDTH_WARNING,ACCEPTABLE,Text auto-wraps cleanly within ImGui / SoH proportional font renderer
Hint::RHT_DEKU_TREE_HEART::22,RANDOMIZER,54,1,1,LINE_WIDTH_WARNING,ACCEPTABLE,Text auto-wraps cleanly within ImGui / SoH proportional font renderer
Hint::RHT_DEKU_TREE_GRASS::23,RANDOMIZER,58,1,1,LINE_WIDTH_WARNING,ACCEPTABLE,Text auto-wraps cleanly within ImGui / SoH proportional font renderer
Hint::RHT_CRATE_DEKU_TREE::24,RANDOMIZER,53,1,1,LINE_WIDTH_WARNING,ACCEPTABLE,Text auto-wraps cleanly within ImGui / SoH proportional font renderer
Hint::RHT_DODONGOS_CAVERN_BOSS_ROOM_CHEST::25,RANDOMIZER,54,1,1,LINE_WIDTH_WARNING,ACCEPTABLE,Text auto-wraps cleanly within ImGui / SoH proportional font renderer
Hint::RHT_DODONGOS_CAVERN_MAP_CHEST::26,RANDOMIZER,69,1,1,LINE_WIDTH_WARNING,ACCEPTABLE,Text auto-wraps cleanly within ImGui / SoH proportional font renderer
Hint::RHT_DODONGOS_CAVERN_COMPASS_CHEST::27,RANDOMIZER,62,1,1,LINE_WIDTH_WARNING,ACCEPTABLE,Text auto-wraps cleanly within ImGui / SoH proportional font renderer
Hint::RHT_DODONGOS_CAVERN_BOMB_FLOWER_PLATFORM_CHEST::28,RANDOMIZER,87,1,1,LINE_WIDTH_WARNING,ACCEPTABLE,Text auto-wraps cleanly within ImGui / SoH proportional font renderer
Hint::RHT_DODONGOS_CAVERN_BOMB_BAG_CHEST::29,RANDOMIZER,60,1,1,LINE_WIDTH_WARNING,ACCEPTABLE,Text auto-wraps cleanly within ImGui / SoH proportional font renderer
Hint::RHT_DODONGOS_CAVERN_END_OF_BRIDGE_CHEST::30,RANDOMIZER,56,1,1,LINE_WIDTH_WARNING,ACCEPTABLE,Text auto-wraps cleanly within ImGui / SoH proportional font renderer
Hint::RHT_DODONGOS_CAVERN_MQ_MAP_CHEST::31,RANDOMIZER,69,1,1,LINE_WIDTH_WARNING,ACCEPTABLE,Text auto-wraps cleanly within ImGui / SoH proportional font renderer
Hint::RHT_DODONGOS_CAVERN_MQ_BOMB_BAG_CHEST::32,RANDOMIZER,70,1,1,LINE_WIDTH_WARNING,ACCEPTABLE,Text auto-wraps cleanly within ImGui / SoH proportional font renderer
Hint::RHT_DODONGOS_CAVERN_MQ_COMPASS_CHEST::33,RANDOMIZER,82,1,1,LINE_WIDTH_WARNING,ACCEPTABLE,Text auto-wraps cleanly within ImGui / SoH proportional font renderer
Hint::RHT_DODONGOS_CAVERN_MQ_LARVAE_ROOM_CHEST::34,RANDOMIZER,67,1,1,LINE_WIDTH_WARNING,ACCEPTABLE,Text auto-wraps cleanly within ImGui / SoH proportional font renderer
Hint::RHT_DODONGOS_CAVERN_MQ_TORCH_PUZZLE_ROOM_CHEST::35,RANDOMIZER,87,1,1,LINE_WIDTH_WARNING,ACCEPTABLE,Text auto-wraps cleanly within ImGui / SoH proportional font renderer
Hint::RHT_DODONGOS_CAVERN_MQ_UNDER_GRAVE_CHEST::36,RANDOMIZER,75,1,1,LINE_WIDTH_WARNING,ACCEPTABLE,Text auto-wraps cleanly within ImGui / SoH proportional font renderer
Hint::RHT_DODONGOS_CAVERN_GS_VINES_ABOVE_STAIRS::39,RANDOMIZER,84,1,1,LINE_WIDTH_WARNING,ACCEPTABLE,Text auto-wraps cleanly within ImGui / SoH proportional font renderer
Hint::RHT_DODONGOS_CAVERN_GS_SCARECROW::40,RANDOMIZER,63,1,1,LINE_WIDTH_WARNING,ACCEPTABLE,Text auto-wraps cleanly within ImGui / SoH proportional font renderer
Hint::RHT_DODONGOS_CAVERN_GS_ALCOVE_ABOVE_STAIRS::41,RANDOMIZER,80,1,1,LINE_WIDTH_WARNING,ACCEPTABLE,Text auto-wraps cleanly within ImGui / SoH proportional font renderer
Hint::RHT_DODONGOS_CAVERN_GS_BACK_ROOM::42,RANDOMIZER,79,1,1,LINE_WIDTH_WARNING,ACCEPTABLE,Text auto-wraps cleanly within ImGui / SoH proportional font renderer
Hint::RHT_DODONGOS_CAVERN_GS_SIDE_ROOM_NEAR_LOWER_LIZALFOS::43,RANDOMIZER,75,1,1,LINE_WIDTH_WARNING,ACCEPTABLE,Text auto-wraps cleanly within ImGui / SoH proportional font renderer
Hint::RHT_DODONGOS_CAVERN_MQ_GS_SCRUB_ROOM::44,RANDOMIZER,74,1,1,LINE_WIDTH_WARNING,ACCEPTABLE,Text auto-wraps cleanly within ImGui / SoH proportional font renderer
Hint::RHT_DODONGOS_CAVERN_MQ_GS_LIZALFOS_ROOM::45,RANDOMIZER,84,1,1,LINE_WIDTH_WARNING,ACCEPTABLE,Text auto-wraps cleanly within ImGui / SoH proportional font renderer
Hint::RHT_DODONGOS_CAVERN_MQ_GS_LARVAE_ROOM::46,RANDOMIZER,69,1,1,LINE_WIDTH_WARNING,ACCEPTABLE,Text auto-wraps cleanly within ImGui / SoH proportional font renderer
Hint::RHT_DODONGOS_CAVERN_MQ_GS_BACK_AREA::47,RANDOMIZER,70,1,1,LINE_WIDTH_WARNING,ACCEPTABLE,Text auto-wraps cleanly within ImGui / SoH proportional font renderer
Hint::RHT_DODONGOS_CAVERN_DEKU_SCRUB_NEAR_BOMB_BAG_LEFT::48,RANDOMIZER,64,1,1,LINE_WIDTH_WARNING,ACCEPTABLE,Text auto-wraps cleanly within ImGui / SoH proportional font renderer
Hint::RHT_DODONGOS_CAVERN_DEKU_SCRUB_SIDE_ROOM_NEAR_DODONGOS::49,RANDOMIZER,57,1,1,LINE_WIDTH_WARNING,ACCEPTABLE,Text auto-wraps cleanly within ImGui / SoH proportional font renderer
Hint::RHT_DODONGOS_CAVERN_DEKU_SCRUB_NEAR_BOMB_BAG_RIGHT::50,RANDOMIZER,64,1,1,LINE_WIDTH_WARNING,ACCEPTABLE,Text auto-wraps cleanly within ImGui / SoH proportional font renderer
Hint::RHT_DODONGOS_CAVERN_DEKU_SCRUB_LOBBY::51,RANDOMIZER,56,1,1,LINE_WIDTH_WARNING,ACCEPTABLE,Text auto-wraps cleanly within ImGui / SoH proportional font renderer
Hint::RHT_DODONGOS_CAVERN_MQ_DEKU_SCRUB_LOBBY_REAR::52,RANDOMIZER,64,1,1,LINE_WIDTH_WARNING,ACCEPTABLE,Text auto-wraps cleanly within ImGui / SoH proportional font renderer
Hint::RHT_DODONGOS_CAVERN_MQ_DEKU_SCRUB_LOBBY_FRONT::53,RANDOMIZER,64,1,1,LINE_WIDTH_WARNING,ACCEPTABLE,Text auto-wraps cleanly within ImGui / SoH proportional font renderer
Hint::RHT_DODONGOS_CAVERN_MQ_DEKU_SCRUB_STAIRCASE::54,RANDOMIZER,56,1,1,LINE_WIDTH_WARNING,ACCEPTABLE,Text auto-wraps cleanly within ImGui / SoH proportional font renderer
Hint::RHT_DODONGOS_CAVERN_MQ_DEKU_SCRUB_SIDE_ROOM_NEAR_LOWER_LIZALFOS::55,RANDOMIZER,57,1,1,LINE_WIDTH_WARNING,ACCEPTABLE,Text auto-wraps cleanly within ImGui / SoH proportional font renderer
Hint::RHT_POT_DODONGOS_CAVERN::56,RANDOMIZER,59,1,1,LINE_WIDTH_WARNING,ACCEPTABLE,Text auto-wraps cleanly within ImGui / SoH proportional font renderer
Hint::RHT_DODONGOS_CAVERN_HEART::57,RANDOMIZER,60,1,1,LINE_WIDTH_WARNING,ACCEPTABLE,Text auto-wraps cleanly within ImGui / SoH proportional font renderer
Hint::RHT_DODONGOS_CAVERN_GOSSIP_STONE_FAIRY::58,RANDOMIZER,90,1,1,LINE_WIDTH_WARNING,ACCEPTABLE,Text auto-wraps cleanly within ImGui / SoH proportional font renderer
Hint::RHT_DODONGOS_CAVERN_GOSSIP_STONE_FAIRY_BIG::59,RANDOMIZER,101,1,1,LINE_WIDTH_WARNING,ACCEPTABLE,Text auto-wraps cleanly within ImGui / SoH proportional font renderer
Hint::RHT_DODONGOS_CAVERN_GRASS::60,RANDOMIZER,64,1,1,LINE_WIDTH_WARNING,ACCEPTABLE,Text auto-wraps cleanly within ImGui / SoH proportional font renderer
Hint::RHT_CRATE_DODONGOS_CAVERN::61,RANDOMIZER,59,1,1,LINE_WIDTH_WARNING,ACCEPTABLE,Text auto-wraps cleanly within ImGui / SoH proportional font renderer
Hint::RHT_JABU_JABUS_BELLY_MAP_CHEST::63,RANDOMIZER,85,1,1,LINE_WIDTH_WARNING,ACCEPTABLE,Text auto-wraps cleanly within ImGui / SoH proportional font renderer
Hint::RHT_JABU_JABUS_BELLY_COMPASS_CHEST::65,RANDOMIZER,83,1,1,LINE_WIDTH_WARNING,ACCEPTABLE,Text auto-wraps cleanly within ImGui / SoH proportional font renderer
Hint::RHT_JABU_JABUS_BELLY_MQ_FIRST_ROOM_SIDE_CHEST::66,RANDOMIZER,52,1,1,LINE_WIDTH_WARNING,ACCEPTABLE,Text auto-wraps cleanly within ImGui / SoH proportional font renderer
Hint::RHT_JABU_JABUS_BELLY_MQ_MAP_CHEST::67,RANDOMIZER,53,1,1,LINE_WIDTH_WARNING,ACCEPTABLE,Text auto-wraps cleanly within ImGui / SoH proportional font renderer
Hint::RHT_JABU_JABUS_BELLY_MQ_SECOND_ROOM_LOWER_CHEST::70,RANDOMIZER,64,1,1,LINE_WIDTH_WARNING,ACCEPTABLE,Text auto-wraps cleanly within ImGui / SoH proportional font renderer
Hint::RHT_JABU_JABUS_BELLY_MQ_SECOND_ROOM_UPPER_CHEST::72,RANDOMIZER,61,1,1,LINE_WIDTH_WARNING,ACCEPTABLE,Text auto-wraps cleanly within ImGui / SoH proportional font renderer
Hint::RHT_JABU_JABUS_BELLY_MQ_BASEMENT_NEAR_SWITCHES_CHEST::73,RANDOMIZER,51,1,1,LINE_WIDTH_WARNING,ACCEPTABLE,Text auto-wraps cleanly within ImGui / SoH proportional font renderer
Hint::RHT_JABU_JABUS_BELLY_MQ_BASEMENT_NEAR_VINES_CHEST::74,RANDOMIZER,51,1,1,LINE_WIDTH_WARNING,ACCEPTABLE,Text auto-wraps cleanly within ImGui / SoH proportional font renderer
Hint::RHT_JABU_JABUS_BELLY_MQ_NEAR_BOSS_CHEST::75,RANDOMIZER,84,1,1,LINE_WIDTH_WARNING,ACCEPTABLE,Text auto-wraps cleanly within ImGui / SoH proportional font renderer
Hint::RHT_JABU_JABUS_BELLY_MQ_FALLING_LIKE_LIKE_ROOM_CHEST::76,RANDOMIZER,99,1,1,LINE_WIDTH_WARNING,ACCEPTABLE,Text auto-wraps cleanly within ImGui / SoH proportional font renderer
Hint::RHT_JABU_JABUS_BELLY_MQ_BOOMERANG_ROOM_SMALL_CHEST::77,RANDOMIZER,75,1,1,LINE_WIDTH_WARNING,ACCEPTABLE,Text auto-wraps cleanly within ImGui / SoH proportional font renderer
Hint::RHT_JABU_JABUS_BELLY_MQ_BOOMERANG_ROOM_SMALL_CHEST::78,RANDOMIZER,76,1,1,LINE_WIDTH_WARNING,ACCEPTABLE,Text auto-wraps cleanly within ImGui / SoH proportional font renderer
Hint::RHT_JABU_JABUS_BELLY_MQ_BOOMERANG_CHEST::79,RANDOMIZER,75,1,1,LINE_WIDTH_WARNING,ACCEPTABLE,Text auto-wraps cleanly within ImGui / SoH proportional font renderer
Hint::RHT_JABU_JABUS_BELLY_MQ_BOOMERANG_CHEST::80,RANDOMIZER,76,1,1,LINE_WIDTH_WARNING,ACCEPTABLE,Text auto-wraps cleanly within ImGui / SoH proportional font renderer
Hint::RHT_JABU_JABUS_BELLY_GS_LOBBY_BASEMENT_LOWER::83,RANDOMIZER,95,1,1,LINE_WIDTH_WARNING,ACCEPTABLE,Text auto-wraps cleanly within ImGui / SoH proportional font renderer
Hint::RHT_JABU_JABUS_BELLY_GS_LOBBY_BASEMENT_UPPER::84,RANDOMIZER,95,1,1,LINE_WIDTH_WARNING,ACCEPTABLE,Text auto-wraps cleanly within ImGui / SoH proportional font renderer
Hint::RHT_JABU_JABUS_BELLY_GS_NEAR_BOSS::85,RANDOMIZER,80,1,1,LINE_WIDTH_WARNING,ACCEPTABLE,Text auto-wraps cleanly within ImGui / SoH proportional font renderer
Hint::RHT_JABU_JABUS_BELLY_GS_WATER_SWITCH_ROOM::86,RANDOMIZER,100,1,1,LINE_WIDTH_WARNING,ACCEPTABLE,Text auto-wraps cleanly within ImGui / SoH proportional font renderer
Hint::RHT_JABU_JABUS_BELLY_MQ_GS_TAILPASARAN_ROOM::87,RANDOMIZER,85,1,1,LINE_WIDTH_WARNING,ACCEPTABLE,Text auto-wraps cleanly within ImGui / SoH proportional font renderer
Hint::RHT_JABU_JABUS_BELLY_MQ_GS_BOOMERANG_CHEST_ROOM::88,RANDOMIZER,100,1,1,LINE_WIDTH_WARNING,ACCEPTABLE,Text auto-wraps cleanly within ImGui / SoH proportional font renderer
Hint::RHT_JABU_JABUS_BELLY_MQ_GS_NEAR_BOSS::89,RANDOMIZER,82,1,1,LINE_WIDTH_WARNING,ACCEPTABLE,Text auto-wraps cleanly within ImGui / SoH proportional font renderer
Hint::RHT_POT_JABU_JABUS_BELLY::91,RANDOMIZER,63,1,1,LINE_WIDTH_WARNING,ACCEPTABLE,Text auto-wraps cleanly within ImGui / SoH proportional font renderer
Hint::RHT_JABU_JABU_RUPEE::92,RANDOMIZER,71,1,1,LINE_WIDTH_WARNING,ACCEPTABLE,Text auto-wraps cleanly within ImGui / SoH proportional font renderer
Hint::RHT_JABU_JABU_HEART::93,RANDOMIZER,87,1,1,LINE_WIDTH_WARNING,ACCEPTABLE,Text auto-wraps cleanly within ImGui / SoH proportional font renderer
Hint::RHT_JABU_JABUS_BELLY_GRASS::94,RANDOMIZER,68,1,1,LINE_WIDTH_WARNING,ACCEPTABLE,Text auto-wraps cleanly within ImGui / SoH proportional font renderer
Hint::RHT_CRATE_JABU_JABU::95,RANDOMIZER,63,1,1,LINE_WIDTH_WARNING,ACCEPTABLE,Text auto-wraps cleanly within ImGui / SoH proportional font renderer
Hint::RHT_FOREST_TEMPLE_FIRST_ROOM_CHEST::96,RANDOMIZER,60,1,1,LINE_WIDTH_WARNING,ACCEPTABLE,Text auto-wraps cleanly within ImGui / SoH proportional font renderer
Hint::RHT_FOREST_TEMPLE_FIRST_STALFOS_CHEST::97,RANDOMIZER,89,1,1,LINE_WIDTH_WARNING,ACCEPTABLE,Text auto-wraps cleanly within ImGui / SoH proportional font renderer
Hint::RHT_FOREST_TEMPLE_WELL_CHEST::98,RANDOMIZER,72,1,1,LINE_WIDTH_WARNING,ACCEPTABLE,Text auto-wraps cleanly within ImGui / SoH proportional font renderer
Hint::RHT_FOREST_TEMPLE_MAP_CHEST::99,RANDOMIZER,73,1,1,LINE_WIDTH_WARNING,ACCEPTABLE,Text auto-wraps cleanly within ImGui / SoH proportional font renderer
Hint::RHT_FOREST_TEMPLE_RAISED_ISLAND_COURTYARD_CHEST::100,RANDOMIZER,77,1,1,LINE_WIDTH_WARNING,ACCEPTABLE,Text auto-wraps cleanly within ImGui / SoH proportional font renderer
Hint::RHT_FOREST_TEMPLE_FALLING_CEILING_ROOM_CHEST::101,RANDOMIZER,69,1,1,LINE_WIDTH_WARNING,ACCEPTABLE,Text auto-wraps cleanly within ImGui / SoH proportional font renderer
Hint::RHT_FOREST_TEMPLE_EYE_SWITCH_CHEST::102,RANDOMIZER,71,1,1,LINE_WIDTH_WARNING,ACCEPTABLE,Text auto-wraps cleanly within ImGui / SoH proportional font renderer
Hint::RHT_FOREST_TEMPLE_FLOORMASTER_CHEST::105,RANDOMIZER,94,1,1,LINE_WIDTH_WARNING,ACCEPTABLE,Text auto-wraps cleanly within ImGui / SoH proportional font renderer
Hint::RHT_FOREST_TEMPLE_BOW_CHEST::106,RANDOMIZER,79,1,1,LINE_WIDTH_WARNING,ACCEPTABLE,Text auto-wraps cleanly within ImGui / SoH proportional font renderer
Hint::RHT_FOREST_TEMPLE_BASEMENT_CHEST::112,RANDOMIZER,73,1,1,LINE_WIDTH_WARNING,ACCEPTABLE,Text auto-wraps cleanly within ImGui / SoH proportional font renderer
Hint::RHT_FOREST_TEMPLE_MQ_FIRST_ROOM_CHEST::113,RANDOMIZER,60,1,1,LINE_WIDTH_WARNING,ACCEPTABLE,Text auto-wraps cleanly within ImGui / SoH proportional font renderer
Hint::RHT_FOREST_TEMPLE_MQ_WOLFOS_CHEST::114,RANDOMIZER,89,1,1,LINE_WIDTH_WARNING,ACCEPTABLE,Text auto-wraps cleanly within ImGui / SoH proportional font renderer
Hint::RHT_FOREST_TEMPLE_MQ_BOW_CHEST::115,RANDOMIZER,79,1,1,LINE_WIDTH_WARNING,ACCEPTABLE,Text auto-wraps cleanly within ImGui / SoH proportional font renderer
Hint::RHT_FOREST_TEMPLE_MQ_RAISED_ISLAND_COURTYARD_LOWER_CHEST::117,RANDOMIZER,77,1,1,LINE_WIDTH_WARNING,ACCEPTABLE,Text auto-wraps cleanly within ImGui / SoH proportional font renderer
Hint::RHT_FOREST_TEMPLE_MQ_RAISED_ISLAND_COURTYARD_UPPER_CHEST::118,RANDOMIZER,79,1,1,LINE_WIDTH_WARNING,ACCEPTABLE,Text auto-wraps cleanly within ImGui / SoH proportional font renderer
Hint::RHT_FOREST_TEMPLE_MQ_WELL_CHEST::119,RANDOMIZER,72,1,1,LINE_WIDTH_WARNING,ACCEPTABLE,Text auto-wraps cleanly within ImGui / SoH proportional font renderer
Hint::RHT_FOREST_TEMPLE_MQ_FALLING_CEILING_ROOM_CHEST::124,RANDOMIZER,69,1,1,LINE_WIDTH_WARNING,ACCEPTABLE,Text auto-wraps cleanly within ImGui / SoH proportional font renderer
Hint::RHT_FOREST_TEMPLE_MQ_BASEMENT_CHEST::125,RANDOMIZER,73,1,1,LINE_WIDTH_WARNING,ACCEPTABLE,Text auto-wraps cleanly within ImGui / SoH proportional font renderer
Hint::RHT_FOREST_TEMPLE_MQ_REDEAD_CHEST::126,RANDOMIZER,97,1,1,LINE_WIDTH_WARNING,ACCEPTABLE,Text auto-wraps cleanly within ImGui / SoH proportional font renderer
Hint::RHT_FOREST_TEMPLE_PHANTOM_GANON_HEART::129,RANDOMIZER,57,1,1,LINE_WIDTH_WARNING,ACCEPTABLE,Text auto-wraps cleanly within ImGui / SoH proportional font renderer
Hint::RHT_FOREST_TEMPLE_GS_RAISED_ISLAND_COURTYARD::130,RANDOMIZER,78,1,1,LINE_WIDTH_WARNING,ACCEPTABLE,Text auto-wraps cleanly within ImGui / SoH proportional font renderer
Hint::RHT_FOREST_TEMPLE_GS_FIRST_ROOM::131,RANDOMIZER,91,1,1,LINE_WIDTH_WARNING,ACCEPTABLE,Text auto-wraps cleanly within ImGui / SoH proportional font renderer
Hint::RHT_FOREST_TEMPLE_GS_LEVEL_ISLAND_COURTYARD::132,RANDOMIZER,98,1,1,LINE_WIDTH_WARNING,ACCEPTABLE,Text auto-wraps cleanly within ImGui / SoH proportional font renderer
Hint::RHT_FOREST_TEMPLE_GS_LOBBY::133,RANDOMIZER,77,1,1,LINE_WIDTH_WARNING,ACCEPTABLE,Text auto-wraps cleanly within ImGui / SoH proportional font renderer
Hint::RHT_FOREST_TEMPLE_GS_BASEMENT::134,RANDOMIZER,87,1,1,LINE_WIDTH_WARNING,ACCEPTABLE,Text auto-wraps cleanly within ImGui / SoH proportional font renderer
Hint::RHT_FOREST_TEMPLE_MQ_GS_FIRST_HALLWAY::135,RANDOMIZER,77,1,1,LINE_WIDTH_WARNING,ACCEPTABLE,Text auto-wraps cleanly within ImGui / SoH proportional font renderer
Hint::RHT_FOREST_TEMPLE_MQ_GS_BLOCK_PUSH_ROOM::136,RANDOMIZER,83,1,1,LINE_WIDTH_WARNING,ACCEPTABLE,Text auto-wraps cleanly within ImGui / SoH proportional font renderer
Hint::RHT_FOREST_TEMPLE_MQ_GS_RAISED_ISLAND_COURTYARD::137,RANDOMIZER,69,1,1,LINE_WIDTH_WARNING,ACCEPTABLE,Text auto-wraps cleanly within ImGui / SoH proportional font renderer
Hint::RHT_FOREST_TEMPLE_MQ_GS_LEVEL_ISLAND_COURTYARD::138,RANDOMIZER,72,1,1,LINE_WIDTH_WARNING,ACCEPTABLE,Text auto-wraps cleanly within ImGui / SoH proportional font renderer
Hint::RHT_FOREST_TEMPLE_MQ_GS_WELL::139,RANDOMIZER,80,1,1,LINE_WIDTH_WARNING,ACCEPTABLE,Text auto-wraps cleanly within ImGui / SoH proportional font renderer
Hint::RHT_POT_FOREST_TEMPLE::140,RANDOMIZER,60,1,1,LINE_WIDTH_WARNING,ACCEPTABLE,Text auto-wraps cleanly within ImGui / SoH proportional font renderer
Hint::RHT_FOREST_TEMPLE_HEART::141,RANDOMIZER,61,1,1,LINE_WIDTH_WARNING,ACCEPTABLE,Text auto-wraps cleanly within ImGui / SoH proportional font renderer
Hint::RHT_CRATE_FOREST_TEMPLE::142,RANDOMIZER,60,1,1,LINE_WIDTH_WARNING,ACCEPTABLE,Text auto-wraps cleanly within ImGui / SoH proportional font renderer
Hint::RHT_FIRE_TEMPLE_FLARE_DANCER_CHEST::144,RANDOMIZER,62,1,1,LINE_WIDTH_WARNING,ACCEPTABLE,Text auto-wraps cleanly within ImGui / SoH proportional font renderer
Hint::RHT_FIRE_TEMPLE_BOSS_KEY_CHEST::145,RANDOMIZER,57,1,1,LINE_WIDTH_WARNING,ACCEPTABLE,Text auto-wraps cleanly within ImGui / SoH proportional font renderer
Hint::RHT_FIRE_TEMPLE_BIG_LAVA_ROOM_BLOCKED_DOOR_CHEST::146,RANDOMIZER,59,1,1,LINE_WIDTH_WARNING,ACCEPTABLE,Text auto-wraps cleanly within ImGui / SoH proportional font renderer
Hint::RHT_FIRE_TEMPLE_BIG_LAVA_ROOM_LOWER_OPEN_DOOR_CHEST::147,RANDOMIZER,59,1,1,LINE_WIDTH_WARNING,ACCEPTABLE,Text auto-wraps cleanly within ImGui / SoH proportional font renderer
Hint::RHT_FIRE_TEMPLE_BOULDER_MAZE_LOWER_CHEST::148,RANDOMIZER,58,1,1,LINE_WIDTH_WARNING,ACCEPTABLE,Text auto-wraps cleanly within ImGui / SoH proportional font renderer
Hint::RHT_FIRE_TEMPLE_BOULDER_MAZE_UPPER_CHEST::149,RANDOMIZER,56,1,1,LINE_WIDTH_WARNING,ACCEPTABLE,Text auto-wraps cleanly within ImGui / SoH proportional font renderer
Hint::RHT_FIRE_TEMPLE_BOULDER_MAZE_SIDE_ROOM_CHEST::150,RANDOMIZER,62,1,1,LINE_WIDTH_WARNING,ACCEPTABLE,Text auto-wraps cleanly within ImGui / SoH proportional font renderer
Hint::RHT_FIRE_TEMPLE_BOULDER_MAZE_SHORTCUT_CHEST::151,RANDOMIZER,67,1,1,LINE_WIDTH_WARNING,ACCEPTABLE,Text auto-wraps cleanly within ImGui / SoH proportional font renderer
Hint::RHT_FIRE_TEMPLE_MAP_CHEST::152,RANDOMIZER,68,1,1,LINE_WIDTH_WARNING,ACCEPTABLE,Text auto-wraps cleanly within ImGui / SoH proportional font renderer
Hint::RHT_FIRE_TEMPLE_COMPASS_CHEST::153,RANDOMIZER,61,1,1,LINE_WIDTH_WARNING,ACCEPTABLE,Text auto-wraps cleanly within ImGui / SoH proportional font renderer
Hint::RHT_FIRE_TEMPLE_HIGHEST_GORON_CHEST::154,RANDOMIZER,68,1,1,LINE_WIDTH_WARNING,ACCEPTABLE,Text auto-wraps cleanly within ImGui / SoH proportional font renderer
Hint::RHT_FIRE_TEMPLE_MQ_MEGATON_HAMMER_CHEST::156,RANDOMIZER,85,1,1,LINE_WIDTH_WARNING,ACCEPTABLE,Text auto-wraps cleanly within ImGui / SoH proportional font renderer
Hint::RHT_FIRE_TEMPLE_MQ_MEGATON_HAMMER_CHEST::157,RANDOMIZER,77,1,1,LINE_WIDTH_WARNING,ACCEPTABLE,Text auto-wraps cleanly within ImGui / SoH proportional font renderer
Hint::RHT_FIRE_TEMPLE_MQ_COMPASS_CHEST::158,RANDOMIZER,67,1,1,LINE_WIDTH_WARNING,ACCEPTABLE,Text auto-wraps cleanly within ImGui / SoH proportional font renderer
Hint::RHT_FIRE_TEMPLE_MQ_LIZALFOS_MAZE_LOWER_CHEST::159,RANDOMIZER,54,1,1,LINE_WIDTH_WARNING,ACCEPTABLE,Text auto-wraps cleanly within ImGui / SoH proportional font renderer
Hint::RHT_FIRE_TEMPLE_MQ_LIZALFOS_MAZE_UPPER_CHEST::160,RANDOMIZER,54,1,1,LINE_WIDTH_WARNING,ACCEPTABLE,Text auto-wraps cleanly within ImGui / SoH proportional font renderer
Hint::RHT_FIRE_TEMPLE_MQ_MAP_ROOM_SIDE_CHEST::161,RANDOMIZER,69,1,1,LINE_WIDTH_WARNING,ACCEPTABLE,Text auto-wraps cleanly within ImGui / SoH proportional font renderer
Hint::RHT_FIRE_TEMPLE_MQ_MAP_CHEST::162,RANDOMIZER,84,1,1,LINE_WIDTH_WARNING,ACCEPTABLE,Text auto-wraps cleanly within ImGui / SoH proportional font renderer
Hint::RHT_FIRE_TEMPLE_MQ_BOSS_KEY_CHEST::163,RANDOMIZER,62,1,1,LINE_WIDTH_WARNING,ACCEPTABLE,Text auto-wraps cleanly within ImGui / SoH proportional font renderer
Hint::RHT_FIRE_TEMPLE_MQ_BIG_LAVA_ROOM_BLOCKED_DOOR_CHEST::164,RANDOMIZER,59,1,1,LINE_WIDTH_WARNING,ACCEPTABLE,Text auto-wraps cleanly within ImGui / SoH proportional font renderer
Hint::RHT_FIRE_TEMPLE_MQ_LIZALFOS_MAZE_SIDE_ROOM_CHEST::165,RANDOMIZER,62,1,1,LINE_WIDTH_WARNING,ACCEPTABLE,Text auto-wraps cleanly within ImGui / SoH proportional font renderer
Hint::RHT_FIRE_TEMPLE_MQ_FREESTANDING_KEY::166,RANDOMIZER,68,1,1,LINE_WIDTH_WARNING,ACCEPTABLE,Text auto-wraps cleanly within ImGui / SoH proportional font renderer
Hint::RHT_FIRE_TEMPLE_VOLVAGIA_HEART::168,RANDOMIZER,54,1,1,LINE_WIDTH_WARNING,ACCEPTABLE,Text auto-wraps cleanly within ImGui / SoH proportional font renderer
Hint::RHT_FIRE_TEMPLE_GS_SONG_OF_TIME_ROOM::169,RANDOMIZER,72,1,1,LINE_WIDTH_WARNING,ACCEPTABLE,Text auto-wraps cleanly within ImGui / SoH proportional font renderer
Hint::RHT_FIRE_TEMPLE_GS_BOSS_KEY_LOOP::170,RANDOMIZER,73,1,1,LINE_WIDTH_WARNING,ACCEPTABLE,Text auto-wraps cleanly within ImGui / SoH proportional font renderer
Hint::RHT_FIRE_TEMPLE_GS_BOULDER_MAZE::171,RANDOMIZER,75,1,1,LINE_WIDTH_WARNING,ACCEPTABLE,Text auto-wraps cleanly within ImGui / SoH proportional font renderer
Hint::RHT_FIRE_TEMPLE_GS_SCARECROW_TOP::172,RANDOMIZER,99,1,1,LINE_WIDTH_WARNING,ACCEPTABLE,Text auto-wraps cleanly within ImGui / SoH proportional font renderer
Hint::RHT_FIRE_TEMPLE_GS_SCARECROW_TOP::173,RANDOMIZER,91,1,1,LINE_WIDTH_WARNING,ACCEPTABLE,Text auto-wraps cleanly within ImGui / SoH proportional font renderer
Hint::RHT_FIRE_TEMPLE_GS_SCARECROW_CLIMB::174,RANDOMIZER,99,1,1,LINE_WIDTH_WARNING,ACCEPTABLE,Text auto-wraps cleanly within ImGui / SoH proportional font renderer
Hint::RHT_FIRE_TEMPLE_GS_SCARECROW_CLIMB::175,RANDOMIZER,91,1,1,LINE_WIDTH_WARNING,ACCEPTABLE,Text auto-wraps cleanly within ImGui / SoH proportional font renderer
Hint::RHT_FIRE_TEMPLE_MQ_GS_ABOVE_FIRE_WALL_MAZE::176,RANDOMIZER,66,1,1,LINE_WIDTH_WARNING,ACCEPTABLE,Text auto-wraps cleanly within ImGui / SoH proportional font renderer
Hint::RHT_FIRE_TEMPLE_MQ_GS_FIRE_WALL_MAZE_CENTER::177,RANDOMIZER,66,1,1,LINE_WIDTH_WARNING,ACCEPTABLE,Text auto-wraps cleanly within ImGui / SoH proportional font renderer
Hint::RHT_FIRE_TEMPLE_MQ_GS_BIG_LAVA_ROOM_OPEN_DOOR::178,RANDOMIZER,90,1,1,LINE_WIDTH_WARNING,ACCEPTABLE,Text auto-wraps cleanly within ImGui / SoH proportional font renderer
Hint::RHT_FIRE_TEMPLE_MQ_GS_FIRE_WALL_MAZE_SIDE_ROOM::179,RANDOMIZER,64,1,1,LINE_WIDTH_WARNING,ACCEPTABLE,Text auto-wraps cleanly within ImGui / SoH proportional font renderer
Hint::RHT_POT_FIRE_TEMPLE::180,RANDOMIZER,59,1,1,LINE_WIDTH_WARNING,ACCEPTABLE,Text auto-wraps cleanly within ImGui / SoH proportional font renderer
Hint::RHT_FIRE_TEMPLE_HEART::181,RANDOMIZER,60,1,1,LINE_WIDTH_WARNING,ACCEPTABLE,Text auto-wraps cleanly within ImGui / SoH proportional font renderer
Hint::RHT_FIRE_TEMPLE_MQ_LOOP_STALFOS_SUN_FAIRY::182,RANDOMIZER,62,1,1,LINE_WIDTH_WARNING,ACCEPTABLE,Text auto-wraps cleanly within ImGui / SoH proportional font renderer
Hint::RHT_FIRE_TEMPLE_MQ_LOOP_KNUCKLE_SUN_FAIRY::183,RANDOMIZER,86,1,1,LINE_WIDTH_WARNING,ACCEPTABLE,Text auto-wraps cleanly within ImGui / SoH proportional font renderer
Hint::RHT_CRATE_FIRE_TEMPLE::184,RANDOMIZER,59,1,1,LINE_WIDTH_WARNING,ACCEPTABLE,Text auto-wraps cleanly within ImGui / SoH proportional font renderer
Hint::RHT_WATER_TEMPLE_MAP_CHEST::185,RANDOMIZER,68,1,1,LINE_WIDTH_WARNING,ACCEPTABLE,Text auto-wraps cleanly within ImGui / SoH proportional font renderer
Hint::RHT_WATER_TEMPLE_COMPASS_CHEST::186,RANDOMIZER,72,1,1,LINE_WIDTH_WARNING,ACCEPTABLE,Text auto-wraps cleanly within ImGui / SoH proportional font renderer
Hint::RHT_WATER_TEMPLE_TORCHES_CHEST::187,RANDOMIZER,56,1,1,LINE_WIDTH_WARNING,ACCEPTABLE,Text auto-wraps cleanly within ImGui / SoH proportional font renderer
Hint::RHT_WATER_TEMPLE_DRAGON_CHEST::188,RANDOMIZER,70,1,1,LINE_WIDTH_WARNING,ACCEPTABLE,Text auto-wraps cleanly within ImGui / SoH proportional font renderer
Hint::RHT_WATER_TEMPLE_CENTRAL_BOW_TARGET_CHEST::189,RANDOMIZER,65,1,1,LINE_WIDTH_WARNING,ACCEPTABLE,Text auto-wraps cleanly within ImGui / SoH proportional font renderer
Hint::RHT_WATER_TEMPLE_CENTRAL_PILLAR_CHEST::190,RANDOMIZER,72,1,1,LINE_WIDTH_WARNING,ACCEPTABLE,Text auto-wraps cleanly within ImGui / SoH proportional font renderer
Hint::RHT_WATER_TEMPLE_CRACKED_WALL_CHEST::191,RANDOMIZER,68,1,1,LINE_WIDTH_WARNING,ACCEPTABLE,Text auto-wraps cleanly within ImGui / SoH proportional font renderer
Hint::RHT_WATER_TEMPLE_LONGSHOT_CHEST::194,RANDOMIZER,57,1,1,LINE_WIDTH_WARNING,ACCEPTABLE,Text auto-wraps cleanly within ImGui / SoH proportional font renderer
Hint::RHT_WATER_TEMPLE_MQ_CENTRAL_PILLAR_CHEST::195,RANDOMIZER,72,1,1,LINE_WIDTH_WARNING,ACCEPTABLE,Text auto-wraps cleanly within ImGui / SoH proportional font renderer
Hint::RHT_WATER_TEMPLE_MQ_BOSS_KEY_CHEST::196,RANDOMIZER,101,1,1,LINE_WIDTH_WARNING,ACCEPTABLE,Text auto-wraps cleanly within ImGui / SoH proportional font renderer
Hint::RHT_WATER_TEMPLE_MQ_LONGSHOT_CHEST::197,RANDOMIZER,68,1,1,LINE_WIDTH_WARNING,ACCEPTABLE,Text auto-wraps cleanly within ImGui / SoH proportional font renderer
Hint::RHT_WATER_TEMPLE_MQ_COMPASS_CHEST::198,RANDOMIZER,56,1,1,LINE_WIDTH_WARNING,ACCEPTABLE,Text auto-wraps cleanly within ImGui / SoH proportional font renderer
Hint::RHT_WATER_TEMPLE_MQ_MAP_CHEST::199,RANDOMIZER,72,1,1,LINE_WIDTH_WARNING,ACCEPTABLE,Text auto-wraps cleanly within ImGui / SoH proportional font renderer
Hint::RHT_WATER_TEMPLE_GS_FALLING_PLATFORM_ROOM::202,RANDOMIZER,74,1,1,LINE_WIDTH_WARNING,ACCEPTABLE,Text auto-wraps cleanly within ImGui / SoH proportional font renderer
Hint::RHT_WATER_TEMPLE_GS_CENTRAL_PILLAR::203,RANDOMIZER,67,1,1,LINE_WIDTH_WARNING,ACCEPTABLE,Text auto-wraps cleanly within ImGui / SoH proportional font renderer
Hint::RHT_WATER_TEMPLE_GS_NEAR_BOSS_KEY_CHEST::204,RANDOMIZER,87,1,1,LINE_WIDTH_WARNING,ACCEPTABLE,Text auto-wraps cleanly within ImGui / SoH proportional font renderer
Hint::RHT_WATER_TEMPLE_GS_NEAR_BOSS_KEY_CHEST::205,RANDOMIZER,78,1,1,LINE_WIDTH_WARNING,ACCEPTABLE,Text auto-wraps cleanly within ImGui / SoH proportional font renderer
Hint::RHT_WATER_TEMPLE_GS_RIVER::206,RANDOMIZER,69,1,1,LINE_WIDTH_WARNING,ACCEPTABLE,Text auto-wraps cleanly within ImGui / SoH proportional font renderer
Hint::RHT_WATER_TEMPLE_MQ_GS_BEFORE_UPPER_WATER_SWITCH::207,RANDOMIZER,74,1,1,LINE_WIDTH_WARNING,ACCEPTABLE,Text auto-wraps cleanly within ImGui / SoH proportional font renderer
Hint::RHT_WATER_TEMPLE_MQ_GS_LIZALFOS_HALLWAY::208,RANDOMIZER,79,1,1,LINE_WIDTH_WARNING,ACCEPTABLE,Text auto-wraps cleanly within ImGui / SoH proportional font renderer
Hint::RHT_WATER_TEMPLE_MQ_GS_RIVER::209,RANDOMIZER,69,1,1,LINE_WIDTH_WARNING,ACCEPTABLE,Text auto-wraps cleanly within ImGui / SoH proportional font renderer
Hint::RHT_POT_WATER_TEMPLE::210,RANDOMIZER,58,1,1,LINE_WIDTH_WARNING,ACCEPTABLE,Text auto-wraps cleanly within ImGui / SoH proportional font renderer
Hint::RHT_WATER_TEMPLE_HEART::211,RANDOMIZER,63,1,1,LINE_WIDTH_WARNING,ACCEPTABLE,Text auto-wraps cleanly within ImGui / SoH proportional font renderer
Hint::RHT_WATER_TEMPLE_MQ_DARK_LINK_PILAR_SUN_FAIRY::212,RANDOMIZER,106,1,1,LINE_WIDTH_WARNING,ACCEPTABLE,Text auto-wraps cleanly within ImGui / SoH proportional font renderer
Hint::RHT_WATER_TEMPLE_MQ_DARK_LINK_LEFT_STORM_FAIRY::213,RANDOMIZER,84,1,1,LINE_WIDTH_WARNING,ACCEPTABLE,Text auto-wraps cleanly within ImGui / SoH proportional font renderer
Hint::RHT_WATER_TEMPLE_MQ_DARK_LINK_RIGHT_SUN_FAIRY::214,RANDOMIZER,79,1,1,LINE_WIDTH_WARNING,ACCEPTABLE,Text auto-wraps cleanly within ImGui / SoH proportional font renderer
Hint::RHT_CRATE_WATER_TEMPLE::215,RANDOMIZER,58,1,1,LINE_WIDTH_WARNING,ACCEPTABLE,Text auto-wraps cleanly within ImGui / SoH proportional font renderer
Hint::RHT_SPIRIT_TEMPLE_CHILD_BRIDGE_CHEST::216,RANDOMIZER,104,1,1,LINE_WIDTH_WARNING,ACCEPTABLE,Text auto-wraps cleanly within ImGui / SoH proportional font renderer
Hint::RHT_SPIRIT_TEMPLE_CHILD_EARLY_TORCHES_CHEST::217,RANDOMIZER,91,1,1,LINE_WIDTH_WARNING,ACCEPTABLE,Text auto-wraps cleanly within ImGui / SoH proportional font renderer
Hint::RHT_SPIRIT_TEMPLE_COMPASS_CHEST::218,RANDOMIZER,90,1,1,LINE_WIDTH_WARNING,ACCEPTABLE,Text auto-wraps cleanly within ImGui / SoH proportional font renderer
Hint::RHT_SPIRIT_TEMPLE_EARLY_ADULT_RIGHT_CHEST::219,RANDOMIZER,101,1,1,LINE_WIDTH_WARNING,ACCEPTABLE,Text auto-wraps cleanly within ImGui / SoH proportional font renderer
Hint::RHT_SPIRIT_TEMPLE_FIRST_MIRROR_LEFT_CHEST::220,RANDOMIZER,99,1,1,LINE_WIDTH_WARNING,ACCEPTABLE,Text auto-wraps cleanly within ImGui / SoH proportional font renderer
Hint::RHT_SPIRIT_TEMPLE_FIRST_MIRROR_RIGHT_CHEST::221,RANDOMIZER,99,1,1,LINE_WIDTH_WARNING,ACCEPTABLE,Text auto-wraps cleanly within ImGui / SoH proportional font renderer
Hint::RHT_SPIRIT_TEMPLE_MAP_CHEST::222,RANDOMIZER,86,1,1,LINE_WIDTH_WARNING,ACCEPTABLE,Text auto-wraps cleanly within ImGui / SoH proportional font renderer
Hint::RHT_SPIRIT_TEMPLE_CHILD_CLIMB_NORTH_CHEST::223,RANDOMIZER,67,1,1,LINE_WIDTH_WARNING,ACCEPTABLE,Text auto-wraps cleanly within ImGui / SoH proportional font renderer
Hint::RHT_SPIRIT_TEMPLE_CHILD_CLIMB_EAST_CHEST::224,RANDOMIZER,67,1,1,LINE_WIDTH_WARNING,ACCEPTABLE,Text auto-wraps cleanly within ImGui / SoH proportional font renderer
Hint::RHT_SPIRIT_TEMPLE_SUN_BLOCK_ROOM_CHEST::225,RANDOMIZER,83,1,1,LINE_WIDTH_WARNING,ACCEPTABLE,Text auto-wraps cleanly within ImGui / SoH proportional font renderer
Hint::RHT_SPIRIT_TEMPLE_STATUE_ROOM_HAND_CHEST::226,RANDOMIZER,62,1,1,LINE_WIDTH_WARNING,ACCEPTABLE,Text auto-wraps cleanly within ImGui / SoH proportional font renderer
Hint::RHT_SPIRIT_TEMPLE_STATUE_ROOM_NORTHEAST_CHEST::227,RANDOMIZER,87,1,1,LINE_WIDTH_WARNING,ACCEPTABLE,Text auto-wraps cleanly within ImGui / SoH proportional font renderer
Hint::RHT_SPIRIT_TEMPLE_NEAR_FOUR_ARMOS_CHEST::228,RANDOMIZER,99,1,1,LINE_WIDTH_WARNING,ACCEPTABLE,Text auto-wraps cleanly within ImGui / SoH proportional font renderer
Hint::RHT_SPIRIT_TEMPLE_HALLWAY_RIGHT_INVISIBLE_CHEST::229,RANDOMIZER,71,1,1,LINE_WIDTH_WARNING,ACCEPTABLE,Text auto-wraps cleanly within ImGui / SoH proportional font renderer
Hint::RHT_SPIRIT_TEMPLE_HALLWAY_LEFT_INVISIBLE_CHEST::230,RANDOMIZER,71,1,1,LINE_WIDTH_WARNING,ACCEPTABLE,Text auto-wraps cleanly within ImGui / SoH proportional font renderer
Hint::RHT_SPIRIT_TEMPLE_BOSS_KEY_CHEST::231,RANDOMIZER,78,1,1,LINE_WIDTH_WARNING,ACCEPTABLE,Text auto-wraps cleanly within ImGui / SoH proportional font renderer
Hint::RHT_SPIRIT_TEMPLE_TOPMOST_CHEST::232,RANDOMIZER,74,1,1,LINE_WIDTH_WARNING,ACCEPTABLE,Text auto-wraps cleanly within ImGui / SoH proportional font renderer
Hint::RHT_SPIRIT_TEMPLE_MQ_ENTRANCE_FRONT_LEFT_CHEST::233,RANDOMIZER,70,1,1,LINE_WIDTH_WARNING,ACCEPTABLE,Text auto-wraps cleanly within ImGui / SoH proportional font renderer
Hint::RHT_SPIRIT_TEMPLE_MQ_ENTRANCE_BACK_RIGHT_CHEST::234,RANDOMIZER,83,1,1,LINE_WIDTH_WARNING,ACCEPTABLE,Text auto-wraps cleanly within ImGui / SoH proportional font renderer
Hint::RHT_SPIRIT_TEMPLE_MQ_ENTRANCE_FRONT_RIGHT_CHEST::235,RANDOMIZER,73,1,1,LINE_WIDTH_WARNING,ACCEPTABLE,Text auto-wraps cleanly within ImGui / SoH proportional font renderer
Hint::RHT_SPIRIT_TEMPLE_MQ_ENTRANCE_BACK_LEFT_CHEST::236,RANDOMIZER,81,1,1,LINE_WIDTH_WARNING,ACCEPTABLE,Text auto-wraps cleanly within ImGui / SoH proportional font renderer
Hint::RHT_SPIRIT_TEMPLE_MQ_MAP_CHEST::237,RANDOMIZER,62,1,1,LINE_WIDTH_WARNING,ACCEPTABLE,Text auto-wraps cleanly within ImGui / SoH proportional font renderer
Hint::RHT_SPIRIT_TEMPLE_MQ_MAP_ROOM_ENEMY_CHEST::238,RANDOMIZER,104,1,1,LINE_WIDTH_WARNING,ACCEPTABLE,Text auto-wraps cleanly within ImGui / SoH proportional font renderer
Hint::RHT_SPIRIT_TEMPLE_MQ_CHILD_CLIMB_NORTH_CHEST::239,RANDOMIZER,81,1,1,LINE_WIDTH_WARNING,ACCEPTABLE,Text auto-wraps cleanly within ImGui / SoH proportional font renderer
Hint::RHT_SPIRIT_TEMPLE_MQ_CHILD_CLIMB_SOUTH_CHEST::240,RANDOMIZER,85,1,1,LINE_WIDTH_WARNING,ACCEPTABLE,Text auto-wraps cleanly within ImGui / SoH proportional font renderer
Hint::RHT_SPIRIT_TEMPLE_MQ_STATUE_ROOM_LULLABY_CHEST::242,RANDOMIZER,68,1,1,LINE_WIDTH_WARNING,ACCEPTABLE,Text auto-wraps cleanly within ImGui / SoH proportional font renderer
Hint::RHT_SPIRIT_TEMPLE_MQ_STATUE_ROOM_INVISIBLE_CHEST::243,RANDOMIZER,70,1,1,LINE_WIDTH_WARNING,ACCEPTABLE,Text auto-wraps cleanly within ImGui / SoH proportional font renderer
Hint::RHT_SPIRIT_TEMPLE_MQ_SILVER_BLOCK_HALLWAY_CHEST::244,RANDOMIZER,81,1,1,LINE_WIDTH_WARNING,ACCEPTABLE,Text auto-wraps cleanly within ImGui / SoH proportional font renderer
Hint::RHT_SPIRIT_TEMPLE_MQ_SUN_BLOCK_ROOM_CHEST::245,RANDOMIZER,64,1,1,LINE_WIDTH_WARNING,ACCEPTABLE,Text auto-wraps cleanly within ImGui / SoH proportional font renderer
Hint::RHT_SPIRIT_TEMPLE_MQ_LEEVER_ROOM_CHEST::246,RANDOMIZER,90,1,1,LINE_WIDTH_WARNING,ACCEPTABLE,Text auto-wraps cleanly within ImGui / SoH proportional font renderer
Hint::RHT_SPIRIT_TEMPLE_MQ_BEAMOS_ROOM_CHEST::247,RANDOMIZER,106,1,1,LINE_WIDTH_WARNING,ACCEPTABLE,Text auto-wraps cleanly within ImGui / SoH proportional font renderer
Hint::RHT_SPIRIT_TEMPLE_MQ_CHEST_SWITCH_CHEST::248,RANDOMIZER,52,1,1,LINE_WIDTH_WARNING,ACCEPTABLE,Text auto-wraps cleanly within ImGui / SoH proportional font renderer
Hint::RHT_SPIRIT_TEMPLE_MQ_BOSS_KEY_CHEST::249,RANDOMIZER,67,1,1,LINE_WIDTH_WARNING,ACCEPTABLE,Text auto-wraps cleanly within ImGui / SoH proportional font renderer
Hint::RHT_SPIRIT_TEMPLE_MQ_MIRROR_PUZZLE_INVISIBLE_CHEST::250,RANDOMIZER,74,1,1,LINE_WIDTH_WARNING,ACCEPTABLE,Text auto-wraps cleanly within ImGui / SoH proportional font renderer
Hint::RHT_SPIRIT_TEMPLE_GS_HALL_AFTER_SUN_BLOCK_ROOM::253,RANDOMIZER,64,1,1,LINE_WIDTH_WARNING,ACCEPTABLE,Text auto-wraps cleanly within ImGui / SoH proportional font renderer
Hint::RHT_SPIRIT_TEMPLE_GS_BOULDER_ROOM::254,RANDOMIZER,91,1,1,LINE_WIDTH_WARNING,ACCEPTABLE,Text auto-wraps cleanly within ImGui / SoH proportional font renderer
Hint::RHT_SPIRIT_TEMPLE_GS_LOBBY::255,RANDOMIZER,54,1,1,LINE_WIDTH_WARNING,ACCEPTABLE,Text auto-wraps cleanly within ImGui / SoH proportional font renderer
Hint::RHT_SPIRIT_TEMPLE_GS_SUN_ON_FLOOR_ROOM::256,RANDOMIZER,91,1,1,LINE_WIDTH_WARNING,ACCEPTABLE,Text auto-wraps cleanly within ImGui / SoH proportional font renderer
Hint::RHT_SPIRIT_TEMPLE_GS_METAL_FENCE::257,RANDOMIZER,101,1,1,LINE_WIDTH_WARNING,ACCEPTABLE,Text auto-wraps cleanly within ImGui / SoH proportional font renderer
Hint::RHT_SPIRIT_TEMPLE_MQ_GS_LEEVER_ROOM::258,RANDOMIZER,79,1,1,LINE_WIDTH_WARNING,ACCEPTABLE,Text auto-wraps cleanly within ImGui / SoH proportional font renderer
Hint::RHT_SPIRIT_TEMPLE_MQ_GS_NINE_THRONES_ROOM_WEST::259,RANDOMIZER,64,1,1,LINE_WIDTH_WARNING,ACCEPTABLE,Text auto-wraps cleanly within ImGui / SoH proportional font renderer
Hint::RHT_SPIRIT_TEMPLE_MQ_GS_NINE_THRONES_ROOM_NORTH::260,RANDOMIZER,64,1,1,LINE_WIDTH_WARNING,ACCEPTABLE,Text auto-wraps cleanly within ImGui / SoH proportional font renderer
Hint::RHT_SPIRIT_TEMPLE_MQ_GS_SUN_BLOCK_ROOM::261,RANDOMIZER,97,1,1,LINE_WIDTH_WARNING,ACCEPTABLE,Text auto-wraps cleanly within ImGui / SoH proportional font renderer
Hint::RHT_POT_SPIRIT_TEMPLE::262,RANDOMIZER,62,1,1,LINE_WIDTH_WARNING,ACCEPTABLE,Text auto-wraps cleanly within ImGui / SoH proportional font renderer
Hint::RHT_SPIRIT_TEMPLE_HEART::263,RANDOMIZER,83,1,1,LINE_WIDTH_WARNING,ACCEPTABLE,Text auto-wraps cleanly within ImGui / SoH proportional font renderer
Hint::RHT_SPIRIT_TEMPLE_MQ_HEART::264,RANDOMIZER,83,1,1,LINE_WIDTH_WARNING,ACCEPTABLE,Text auto-wraps cleanly within ImGui / SoH proportional font renderer
Hint::RHT_CRATE_SPIRIT_TEMPLE::265,RANDOMIZER,62,1,1,LINE_WIDTH_WARNING,ACCEPTABLE,Text auto-wraps cleanly within ImGui / SoH proportional font renderer
Hint::RHT_SHADOW_TEMPLE_MAP_CHEST::266,RANDOMIZER,79,1,1,LINE_WIDTH_WARNING,ACCEPTABLE,Text auto-wraps cleanly within ImGui / SoH proportional font renderer
Hint::RHT_SHADOW_TEMPLE_HOVER_BOOTS_CHEST::267,RANDOMIZER,60,1,1,LINE_WIDTH_WARNING,ACCEPTABLE,Text auto-wraps cleanly within ImGui / SoH proportional font renderer
Hint::RHT_SHADOW_TEMPLE_HOVER_BOOTS_CHEST::268,RANDOMIZER,78,1,1,LINE_WIDTH_WARNING,ACCEPTABLE,Text auto-wraps cleanly within ImGui / SoH proportional font renderer
Hint::RHT_SHADOW_TEMPLE_COMPASS_CHEST::269,RANDOMIZER,73,1,1,LINE_WIDTH_WARNING,ACCEPTABLE,Text auto-wraps cleanly within ImGui / SoH proportional font renderer
Hint::RHT_SHADOW_TEMPLE_EARLY_SILVER_RUPEE_CHEST::270,RANDOMIZER,51,1,1,LINE_WIDTH_WARNING,ACCEPTABLE,Text auto-wraps cleanly within ImGui / SoH proportional font renderer
Hint::RHT_SHADOW_TEMPLE_FALLING_SPIKES_LOWER_CHEST::273,RANDOMIZER,60,1,1,LINE_WIDTH_WARNING,ACCEPTABLE,Text auto-wraps cleanly within ImGui / SoH proportional font renderer
Hint::RHT_SHADOW_TEMPLE_FALLING_SPIKES_UPPER_CHEST::274,RANDOMIZER,60,1,1,LINE_WIDTH_WARNING,ACCEPTABLE,Text auto-wraps cleanly within ImGui / SoH proportional font renderer
Hint::RHT_SHADOW_TEMPLE_FALLING_SPIKES_SWITCH_CHEST::275,RANDOMIZER,60,1,1,LINE_WIDTH_WARNING,ACCEPTABLE,Text auto-wraps cleanly within ImGui / SoH proportional font renderer
Hint::RHT_SHADOW_TEMPLE_INVISIBLE_SPIKES_CHEST::276,RANDOMIZER,77,1,1,LINE_WIDTH_WARNING,ACCEPTABLE,Text auto-wraps cleanly within ImGui / SoH proportional font renderer
Hint::RHT_SHADOW_TEMPLE_WIND_HINT_CHEST::277,RANDOMIZER,70,1,1,LINE_WIDTH_WARNING,ACCEPTABLE,Text auto-wraps cleanly within ImGui / SoH proportional font renderer
Hint::RHT_SHADOW_TEMPLE_AFTER_WIND_ENEMY_CHEST::278,RANDOMIZER,59,1,1,LINE_WIDTH_WARNING,ACCEPTABLE,Text auto-wraps cleanly within ImGui / SoH proportional font renderer
Hint::RHT_SHADOW_TEMPLE_AFTER_WIND_HIDDEN_CHEST::279,RANDOMIZER,59,1,1,LINE_WIDTH_WARNING,ACCEPTABLE,Text auto-wraps cleanly within ImGui / SoH proportional font renderer
Hint::RHT_SHADOW_TEMPLE_SPIKE_WALLS_LEFT_CHEST::280,RANDOMIZER,71,1,1,LINE_WIDTH_WARNING,ACCEPTABLE,Text auto-wraps cleanly within ImGui / SoH proportional font renderer
Hint::RHT_SHADOW_TEMPLE_BOSS_KEY_CHEST::281,RANDOMIZER,71,1,1,LINE_WIDTH_WARNING,ACCEPTABLE,Text auto-wraps cleanly within ImGui / SoH proportional font renderer
Hint::RHT_SHADOW_TEMPLE_FREESTANDING_KEY::282,RANDOMIZER,63,1,1,LINE_WIDTH_WARNING,ACCEPTABLE,Text auto-wraps cleanly within ImGui / SoH proportional font renderer
Hint::RHT_SHADOW_TEMPLE_MQ_COMPASS_CHEST::283,RANDOMIZER,79,1,1,LINE_WIDTH_WARNING,ACCEPTABLE,Text auto-wraps cleanly within ImGui / SoH proportional font renderer
Hint::RHT_SHADOW_TEMPLE_MQ_HOVER_BOOTS_CHEST::284,RANDOMIZER,60,1,1,LINE_WIDTH_WARNING,ACCEPTABLE,Text auto-wraps cleanly within ImGui / SoH proportional font renderer
Hint::RHT_SHADOW_TEMPLE_MQ_EARLY_GIBDOS_CHEST::285,RANDOMIZER,73,1,1,LINE_WIDTH_WARNING,ACCEPTABLE,Text auto-wraps cleanly within ImGui / SoH proportional font renderer
Hint::RHT_SHADOW_TEMPLE_MQ_MAP_CHEST::286,RANDOMIZER,51,1,1,LINE_WIDTH_WARNING,ACCEPTABLE,Text auto-wraps cleanly within ImGui / SoH proportional font renderer
Hint::RHT_SHADOW_TEMPLE_MQ_BEAMOS_SILVER_RUPEES_CHEST::287,RANDOMIZER,89,1,1,LINE_WIDTH_WARNING,ACCEPTABLE,Text auto-wraps cleanly within ImGui / SoH proportional font renderer
Hint::RHT_SHADOW_TEMPLE_MQ_FALLING_SPIKES_SWITCH_CHEST::288,RANDOMIZER,60,1,1,LINE_WIDTH_WARNING,ACCEPTABLE,Text auto-wraps cleanly within ImGui / SoH proportional font renderer
Hint::RHT_SHADOW_TEMPLE_MQ_FALLING_SPIKES_LOWER_CHEST::289,RANDOMIZER,60,1,1,LINE_WIDTH_WARNING,ACCEPTABLE,Text auto-wraps cleanly within ImGui / SoH proportional font renderer
Hint::RHT_SHADOW_TEMPLE_MQ_FALLING_SPIKES_UPPER_CHEST::290,RANDOMIZER,60,1,1,LINE_WIDTH_WARNING,ACCEPTABLE,Text auto-wraps cleanly within ImGui / SoH proportional font renderer
Hint::RHT_SHADOW_TEMPLE_MQ_INVISIBLE_SPIKES_CHEST::291,RANDOMIZER,77,1,1,LINE_WIDTH_WARNING,ACCEPTABLE,Text auto-wraps cleanly within ImGui / SoH proportional font renderer
Hint::RHT_SHADOW_TEMPLE_MQ_BOSS_KEY_CHEST::292,RANDOMIZER,71,1,1,LINE_WIDTH_WARNING,ACCEPTABLE,Text auto-wraps cleanly within ImGui / SoH proportional font renderer
Hint::RHT_SHADOW_TEMPLE_MQ_SPIKE_WALLS_LEFT_CHEST::293,RANDOMIZER,71,1,1,LINE_WIDTH_WARNING,ACCEPTABLE,Text auto-wraps cleanly within ImGui / SoH proportional font renderer
Hint::RHT_SHADOW_TEMPLE_MQ_STALFOS_ROOM_CHEST::294,RANDOMIZER,89,1,1,LINE_WIDTH_WARNING,ACCEPTABLE,Text auto-wraps cleanly within ImGui / SoH proportional font renderer
Hint::RHT_SHADOW_TEMPLE_MQ_WIND_HINT_CHEST::297,RANDOMIZER,70,1,1,LINE_WIDTH_WARNING,ACCEPTABLE,Text auto-wraps cleanly within ImGui / SoH proportional font renderer
Hint::RHT_SHADOW_TEMPLE_MQ_AFTER_WIND_HIDDEN_CHEST::298,RANDOMIZER,59,1,1,LINE_WIDTH_WARNING,ACCEPTABLE,Text auto-wraps cleanly within ImGui / SoH proportional font renderer
Hint::RHT_SHADOW_TEMPLE_MQ_AFTER_WIND_ENEMY_CHEST::299,RANDOMIZER,59,1,1,LINE_WIDTH_WARNING,ACCEPTABLE,Text auto-wraps cleanly within ImGui / SoH proportional font renderer
Hint::RHT_SHADOW_TEMPLE_MQ_NEAR_SHIP_INVISIBLE_CHEST::300,RANDOMIZER,59,1,1,LINE_WIDTH_WARNING,ACCEPTABLE,Text auto-wraps cleanly within ImGui / SoH proportional font renderer
Hint::RHT_SHADOW_TEMPLE_MQ_FREESTANDING_KEY::301,RANDOMIZER,65,1,1,LINE_WIDTH_WARNING,ACCEPTABLE,Text auto-wraps cleanly within ImGui / SoH proportional font renderer
Hint::RHT_SHADOW_TEMPLE_GS_SINGLE_GIANT_POT::304,RANDOMIZER,70,1,1,LINE_WIDTH_WARNING,ACCEPTABLE,Text auto-wraps cleanly within ImGui / SoH proportional font renderer
Hint::RHT_SHADOW_TEMPLE_GS_FALLING_SPIKES_ROOM::305,RANDOMIZER,63,1,1,LINE_WIDTH_WARNING,ACCEPTABLE,Text auto-wraps cleanly within ImGui / SoH proportional font renderer
Hint::RHT_SHADOW_TEMPLE_GS_TRIPLE_GIANT_POT::306,RANDOMIZER,72,1,1,LINE_WIDTH_WARNING,ACCEPTABLE,Text auto-wraps cleanly within ImGui / SoH proportional font renderer
Hint::RHT_SHADOW_TEMPLE_GS_LIKE_LIKE_ROOM::307,RANDOMIZER,66,1,1,LINE_WIDTH_WARNING,ACCEPTABLE,Text auto-wraps cleanly within ImGui / SoH proportional font renderer
Hint::RHT_SHADOW_TEMPLE_GS_NEAR_SHIP::308,RANDOMIZER,62,1,1,LINE_WIDTH_WARNING,ACCEPTABLE,Text auto-wraps cleanly within ImGui / SoH proportional font renderer
Hint::RHT_SHADOW_TEMPLE_MQ_GS_FALLING_SPIKES_ROOM::309,RANDOMIZER,63,1,1,LINE_WIDTH_WARNING,ACCEPTABLE,Text auto-wraps cleanly within ImGui / SoH proportional font renderer
Hint::RHT_SHADOW_TEMPLE_MQ_GS_WIND_HINT_ROOM::310,RANDOMIZER,84,1,1,LINE_WIDTH_WARNING,ACCEPTABLE,Text auto-wraps cleanly within ImGui / SoH proportional font renderer
Hint::RHT_SHADOW_TEMPLE_MQ_GS_AFTER_WIND::311,RANDOMIZER,87,1,1,LINE_WIDTH_WARNING,ACCEPTABLE,Text auto-wraps cleanly within ImGui / SoH proportional font renderer
Hint::RHT_SHADOW_TEMPLE_MQ_GS_AFTER_SHIP::312,RANDOMIZER,57,1,1,LINE_WIDTH_WARNING,ACCEPTABLE,Text auto-wraps cleanly within ImGui / SoH proportional font renderer
Hint::RHT_POT_SHADOW_TEMPLE::314,RANDOMIZER,62,1,1,LINE_WIDTH_WARNING,ACCEPTABLE,Text auto-wraps cleanly within ImGui / SoH proportional font renderer
Hint::RHT_SHADOW_TEMPLE_HEART::315,RANDOMIZER,63,1,1,LINE_WIDTH_WARNING,ACCEPTABLE,Text auto-wraps cleanly within ImGui / SoH proportional font renderer
Hint::RHT_SHADOW_TEMPLE_BEAMOS_STORM_FAIRY::316,RANDOMIZER,93,1,1,LINE_WIDTH_WARNING,ACCEPTABLE,Text auto-wraps cleanly within ImGui / SoH proportional font renderer
Hint::RHT_SHADOW_TEMPLE_PIT_STORM_FAIRY::317,RANDOMIZER,96,1,1,LINE_WIDTH_WARNING,ACCEPTABLE,Text auto-wraps cleanly within ImGui / SoH proportional font renderer
Hint::RHT_SHADOW_TEMPLE_WIND_HINT_SUN_FAIRY::318,RANDOMIZER,95,1,1,LINE_WIDTH_WARNING,ACCEPTABLE,Text auto-wraps cleanly within ImGui / SoH proportional font renderer
Hint::RHT_CRATE_SHADOW_TEMPLE::319,RANDOMIZER,62,1,1,LINE_WIDTH_WARNING,ACCEPTABLE,Text auto-wraps cleanly within ImGui / SoH proportional font renderer
Hint::RHT_BOTTOM_OF_THE_WELL_FRONT_LEFT_FAKE_WALL_CHEST::320,RANDOMIZER,56,1,1,LINE_WIDTH_WARNING,ACCEPTABLE,Text auto-wraps cleanly within ImGui / SoH proportional font renderer
Hint::RHT_BOTTOM_OF_THE_WELL_FRONT_CENTER_BOMBABLE_CHEST::321,RANDOMIZER,62,1,1,LINE_WIDTH_WARNING,ACCEPTABLE,Text auto-wraps cleanly within ImGui / SoH proportional font renderer
Hint::RHT_BOTTOM_OF_THE_WELL_RIGHT_BOTTOM_FAKE_WALL_CHEST::322,RANDOMIZER,56,1,1,LINE_WIDTH_WARNING,ACCEPTABLE,Text auto-wraps cleanly within ImGui / SoH proportional font renderer
Hint::RHT_BOTTOM_OF_THE_WELL_COMPASS_CHEST::323,RANDOMIZER,70,1,1,LINE_WIDTH_WARNING,ACCEPTABLE,Text auto-wraps cleanly within ImGui / SoH proportional font renderer
Hint::RHT_BOTTOM_OF_THE_WELL_CENTER_SKULLTULA_CHEST::324,RANDOMIZER,69,1,1,LINE_WIDTH_WARNING,ACCEPTABLE,Text auto-wraps cleanly within ImGui / SoH proportional font renderer
Hint::RHT_BOTTOM_OF_THE_WELL_BACK_LEFT_BOMBABLE_CHEST::325,RANDOMIZER,62,1,1,LINE_WIDTH_WARNING,ACCEPTABLE,Text auto-wraps cleanly within ImGui / SoH proportional font renderer
Hint::RHT_BOTTOM_OF_THE_WELL_INVISIBLE_CHEST::326,RANDOMIZER,55,1,1,LINE_WIDTH_WARNING,ACCEPTABLE,Text auto-wraps cleanly within ImGui / SoH proportional font renderer
Hint::RHT_BOTTOM_OF_THE_WELL_UNDERWATER_FRONT_CHEST::327,RANDOMIZER,55,1,1,LINE_WIDTH_WARNING,ACCEPTABLE,Text auto-wraps cleanly within ImGui / SoH proportional font renderer
Hint::RHT_BOTTOM_OF_THE_WELL_UNDERWATER_LEFT_CHEST::328,RANDOMIZER,55,1,1,LINE_WIDTH_WARNING,ACCEPTABLE,Text auto-wraps cleanly within ImGui / SoH proportional font renderer
Hint::RHT_BOTTOM_OF_THE_WELL_MAP_CHEST::329,RANDOMIZER,61,1,1,LINE_WIDTH_WARNING,ACCEPTABLE,Text auto-wraps cleanly within ImGui / SoH proportional font renderer
Hint::RHT_BOTTOM_OF_THE_WELL_FIRE_KEESE_CHEST::330,RANDOMIZER,72,1,1,LINE_WIDTH_WARNING,ACCEPTABLE,Text auto-wraps cleanly within ImGui / SoH proportional font renderer
Hint::RHT_BOTTOM_OF_THE_WELL_LIKE_LIKE_CHEST::331,RANDOMIZER,65,1,1,LINE_WIDTH_WARNING,ACCEPTABLE,Text auto-wraps cleanly within ImGui / SoH proportional font renderer
Hint::RHT_BOTTOM_OF_THE_WELL_MQ_MAP_CHEST::333,RANDOMIZER,55,1,1,LINE_WIDTH_WARNING,ACCEPTABLE,Text auto-wraps cleanly within ImGui / SoH proportional font renderer
Hint::RHT_BOTTOM_OF_THE_WELL_MQ_LENS_OF_TRUTH_CHEST::334,RANDOMIZER,61,1,1,LINE_WIDTH_WARNING,ACCEPTABLE,Text auto-wraps cleanly within ImGui / SoH proportional font renderer
Hint::RHT_BOTTOM_OF_THE_WELL_MQ_DEAD_HAND_FREESTANDING_KEY::335,RANDOMIZER,55,1,1,LINE_WIDTH_WARNING,ACCEPTABLE,Text auto-wraps cleanly within ImGui / SoH proportional font renderer
Hint::RHT_BOTTOM_OF_THE_WELL_MQ_EAST_INNER_ROOM_FREESTANDING_KEY::336,RANDOMIZER,59,1,1,LINE_WIDTH_WARNING,ACCEPTABLE,Text auto-wraps cleanly within ImGui / SoH proportional font renderer
Hint::RHT_BOTTOM_OF_THE_WELL_GS_LIKE_LIKE_CAGE::337,RANDOMIZER,68,1,1,LINE_WIDTH_WARNING,ACCEPTABLE,Text auto-wraps cleanly within ImGui / SoH proportional font renderer
Hint::RHT_BOTTOM_OF_THE_WELL_GS_EAST_INNER_ROOM::338,RANDOMIZER,59,1,1,LINE_WIDTH_WARNING,ACCEPTABLE,Text auto-wraps cleanly within ImGui / SoH proportional font renderer
Hint::RHT_BOTTOM_OF_THE_WELL_GS_WEST_INNER_ROOM::339,RANDOMIZER,77,1,1,LINE_WIDTH_WARNING,ACCEPTABLE,Text auto-wraps cleanly within ImGui / SoH proportional font renderer
Hint::RHT_BOTTOM_OF_THE_WELL_MQ_GS_BASEMENT::340,RANDOMIZER,58,1,1,LINE_WIDTH_WARNING,ACCEPTABLE,Text auto-wraps cleanly within ImGui / SoH proportional font renderer
Hint::RHT_BOTTOM_OF_THE_WELL_MQ_GS_COFFIN_ROOM::341,RANDOMIZER,80,1,1,LINE_WIDTH_WARNING,ACCEPTABLE,Text auto-wraps cleanly within ImGui / SoH proportional font renderer
Hint::RHT_BOTTOM_OF_THE_WELL_MQ_GS_WEST_INNER_ROOM::342,RANDOMIZER,77,1,1,LINE_WIDTH_WARNING,ACCEPTABLE,Text auto-wraps cleanly within ImGui / SoH proportional font renderer
Hint::RHT_POT_BOTTOM_OF_THE_WELL::343,RANDOMIZER,57,1,1,LINE_WIDTH_WARNING,ACCEPTABLE,Text auto-wraps cleanly within ImGui / SoH proportional font renderer
Hint::RHT_BOTTOM_OF_THE_WELL_HEART::344,RANDOMIZER,53,1,1,LINE_WIDTH_WARNING,ACCEPTABLE,Text auto-wraps cleanly within ImGui / SoH proportional font renderer
Hint::RHT_BOTTOM_OF_THE_WELL_RUPEE::345,RANDOMIZER,75,1,1,LINE_WIDTH_WARNING,ACCEPTABLE,Text auto-wraps cleanly within ImGui / SoH proportional font renderer
Hint::RHT_BOTTOM_OF_THE_WELL_BASEMENT_SUN_FAIRY::346,RANDOMIZER,82,1,1,LINE_WIDTH_WARNING,ACCEPTABLE,Text auto-wraps cleanly within ImGui / SoH proportional font renderer
Hint::RHT_BOTTOM_OF_THE_WELL_MQ_CELL_SUN_FAIRY::347,RANDOMIZER,75,1,1,LINE_WIDTH_WARNING,ACCEPTABLE,Text auto-wraps cleanly within ImGui / SoH proportional font renderer
Hint::RHT_BOTTOM_OF_THE_WELL_MQ_BASEMENT_SUN_FAIRY::348,RANDOMIZER,82,1,1,LINE_WIDTH_WARNING,ACCEPTABLE,Text auto-wraps cleanly within ImGui / SoH proportional font renderer
Hint::RHT_BOTTOM_OF_THE_WELL_GRASS::349,RANDOMIZER,62,1,1,LINE_WIDTH_WARNING,ACCEPTABLE,Text auto-wraps cleanly within ImGui / SoH proportional font renderer
Hint::RHT_ICE_CAVERN_IRON_BOOTS_CHEST::352,RANDOMIZER,59,1,1,LINE_WIDTH_WARNING,ACCEPTABLE,Text auto-wraps cleanly within ImGui / SoH proportional font renderer
Hint::RHT_ICE_CAVERN_MQ_IRON_BOOTS_CHEST::354,RANDOMIZER,59,1,1,LINE_WIDTH_WARNING,ACCEPTABLE,Text auto-wraps cleanly within ImGui / SoH proportional font renderer
Hint::RHT_ICE_CAVERN_GS_PUSH_BLOCK_ROOM::358,RANDOMIZER,58,1,1,LINE_WIDTH_WARNING,ACCEPTABLE,Text auto-wraps cleanly within ImGui / SoH proportional font renderer
Hint::RHT_ICE_CAVERN_GS_SPINNING_SCYTHE_ROOM::359,RANDOMIZER,66,1,1,LINE_WIDTH_WARNING,ACCEPTABLE,Text auto-wraps cleanly within ImGui / SoH proportional font renderer
Hint::RHT_ICE_CAVERN_GS_HEART_PIECE_ROOM::360,RANDOMIZER,65,1,1,LINE_WIDTH_WARNING,ACCEPTABLE,Text auto-wraps cleanly within ImGui / SoH proportional font renderer
Hint::RHT_ICE_CAVERN_MQ_GS_SCARECROW::361,RANDOMIZER,58,1,1,LINE_WIDTH_WARNING,ACCEPTABLE,Text auto-wraps cleanly within ImGui / SoH proportional font renderer
Hint::RHT_ICE_CAVERN_MQ_GS_ICE_BLOCK::362,RANDOMIZER,60,1,1,LINE_WIDTH_WARNING,ACCEPTABLE,Text auto-wraps cleanly within ImGui / SoH proportional font renderer
Hint::RHT_ICE_CAVERN_MQ_GS_RED_ICE::363,RANDOMIZER,54,1,1,LINE_WIDTH_WARNING,ACCEPTABLE,Text auto-wraps cleanly within ImGui / SoH proportional font renderer
Hint::RHT_POT_ICE_CAVERN::364,RANDOMIZER,57,1,1,LINE_WIDTH_WARNING,ACCEPTABLE,Text auto-wraps cleanly within ImGui / SoH proportional font renderer
Hint::RHT_ICE_CAVERN_HEART::365,RANDOMIZER,60,1,1,LINE_WIDTH_WARNING,ACCEPTABLE,Text auto-wraps cleanly within ImGui / SoH proportional font renderer
Hint::RHT_ICE_CAVERN_RUPEE::366,RANDOMIZER,55,1,1,LINE_WIDTH_WARNING,ACCEPTABLE,Text auto-wraps cleanly within ImGui / SoH proportional font renderer
Hint::RHT_ICE_CAVERN_ENTRANCE_STORMS_FAIRY::367,RANDOMIZER,83,1,1,LINE_WIDTH_WARNING,ACCEPTABLE,Text auto-wraps cleanly within ImGui / SoH proportional font renderer
Hint::RHT_GERUDO_TRAINING_GROUND_LOBBY_LEFT_CHEST::368,RANDOMIZER,75,1,1,LINE_WIDTH_WARNING,ACCEPTABLE,Text auto-wraps cleanly within ImGui / SoH proportional font renderer
Hint::RHT_GERUDO_TRAINING_GROUND_LOBBY_RIGHT_CHEST::369,RANDOMIZER,75,1,1,LINE_WIDTH_WARNING,ACCEPTABLE,Text auto-wraps cleanly within ImGui / SoH proportional font renderer
Hint::RHT_GERUDO_TRAINING_GROUND_STALFOS_CHEST::370,RANDOMIZER,108,1,1,LINE_WIDTH_WARNING,ACCEPTABLE,Text auto-wraps cleanly within ImGui / SoH proportional font renderer
Hint::RHT_GERUDO_TRAINING_GROUND_BEAMOS_CHEST::371,RANDOMIZER,89,1,1,LINE_WIDTH_WARNING,ACCEPTABLE,Text auto-wraps cleanly within ImGui / SoH proportional font renderer
Hint::RHT_GERUDO_TRAINING_GROUND_HIDDEN_CEILING_CHEST::372,RANDOMIZER,81,1,1,LINE_WIDTH_WARNING,ACCEPTABLE,Text auto-wraps cleanly within ImGui / SoH proportional font renderer
Hint::RHT_GERUDO_TRAINING_GROUND_MAZE_PATH_FIRST_CHEST::373,RANDOMIZER,74,1,1,LINE_WIDTH_WARNING,ACCEPTABLE,Text auto-wraps cleanly within ImGui / SoH proportional font renderer
Hint::RHT_GERUDO_TRAINING_GROUND_MAZE_PATH_SECOND_CHEST::374,RANDOMIZER,75,1,1,LINE_WIDTH_WARNING,ACCEPTABLE,Text auto-wraps cleanly within ImGui / SoH proportional font renderer
Hint::RHT_GERUDO_TRAINING_GROUND_MAZE_PATH_THIRD_CHEST::375,RANDOMIZER,74,1,1,LINE_WIDTH_WARNING,ACCEPTABLE,Text auto-wraps cleanly within ImGui / SoH proportional font renderer
Hint::RHT_GERUDO_TRAINING_GROUND_MAZE_RIGHT_CENTRAL_CHEST::376,RANDOMIZER,86,1,1,LINE_WIDTH_WARNING,ACCEPTABLE,Text auto-wraps cleanly within ImGui / SoH proportional font renderer
Hint::RHT_GERUDO_TRAINING_GROUND_MAZE_RIGHT_SIDE_CHEST::377,RANDOMIZER,86,1,1,LINE_WIDTH_WARNING,ACCEPTABLE,Text auto-wraps cleanly within ImGui / SoH proportional font renderer
Hint::RHT_GERUDO_TRAINING_GROUND_HAMMER_ROOM_CLEAR_CHEST::378,RANDOMIZER,87,1,1,LINE_WIDTH_WARNING,ACCEPTABLE,Text auto-wraps cleanly within ImGui / SoH proportional font renderer
Hint::RHT_GERUDO_TRAINING_GROUND_HAMMER_ROOM_SWITCH_CHEST::379,RANDOMIZER,78,1,1,LINE_WIDTH_WARNING,ACCEPTABLE,Text auto-wraps cleanly within ImGui / SoH proportional font renderer
Hint::RHT_GERUDO_TRAINING_GROUND_EYE_STATUE_CHEST::380,RANDOMIZER,68,1,1,LINE_WIDTH_WARNING,ACCEPTABLE,Text auto-wraps cleanly within ImGui / SoH proportional font renderer
Hint::RHT_GERUDO_TRAINING_GROUND_NEAR_SCARECROW_CHEST::381,RANDOMIZER,68,1,1,LINE_WIDTH_WARNING,ACCEPTABLE,Text auto-wraps cleanly within ImGui / SoH proportional font renderer
Hint::RHT_GERUDO_TRAINING_GROUND_BEFORE_HEAVY_BLOCK_CHEST::382,RANDOMIZER,76,1,1,LINE_WIDTH_WARNING,ACCEPTABLE,Text auto-wraps cleanly within ImGui / SoH proportional font renderer
Hint::RHT_GERUDO_TRAINING_GROUND_HEAVY_BLOCK_FIRST_CHEST::383,RANDOMIZER,69,1,1,LINE_WIDTH_WARNING,ACCEPTABLE,Text auto-wraps cleanly within ImGui / SoH proportional font renderer
Hint::RHT_GERUDO_TRAINING_GROUND_HEAVY_BLOCK_SECOND_CHEST::384,RANDOMIZER,69,1,1,LINE_WIDTH_WARNING,ACCEPTABLE,Text auto-wraps cleanly within ImGui / SoH proportional font renderer
Hint::RHT_GERUDO_TRAINING_GROUND_HEAVY_BLOCK_THIRD_CHEST::385,RANDOMIZER,69,1,1,LINE_WIDTH_WARNING,ACCEPTABLE,Text auto-wraps cleanly within ImGui / SoH proportional font renderer
Hint::RHT_GERUDO_TRAINING_GROUND_HEAVY_BLOCK_FOURTH_CHEST::386,RANDOMIZER,69,1,1,LINE_WIDTH_WARNING,ACCEPTABLE,Text auto-wraps cleanly within ImGui / SoH proportional font renderer
Hint::RHT_GERUDO_TRAINING_GROUND_ENTRANCE_STORMS_FAIRY::387,RANDOMIZER,97,1,1,LINE_WIDTH_WARNING,ACCEPTABLE,Text auto-wraps cleanly within ImGui / SoH proportional font renderer
Hint::RHT_GERUDO_TRAINING_GROUND_FREESTANDING_KEY::388,RANDOMIZER,86,1,1,LINE_WIDTH_WARNING,ACCEPTABLE,Text auto-wraps cleanly within ImGui / SoH proportional font renderer
Hint::RHT_GERUDO_TRAINING_GROUND_MQ_LOBBY_RIGHT_CHEST::389,RANDOMIZER,69,1,1,LINE_WIDTH_WARNING,ACCEPTABLE,Text auto-wraps cleanly within ImGui / SoH proportional font renderer
Hint::RHT_GERUDO_TRAINING_GROUND_MQ_LOBBY_LEFT_CHEST::390,RANDOMIZER,69,1,1,LINE_WIDTH_WARNING,ACCEPTABLE,Text auto-wraps cleanly within ImGui / SoH proportional font renderer
Hint::RHT_GERUDO_TRAINING_GROUND_MQ_FIRST_IRON_KNUCKLE_CHEST::391,RANDOMIZER,108,1,1,LINE_WIDTH_WARNING,ACCEPTABLE,Text auto-wraps cleanly within ImGui / SoH proportional font renderer
Hint::RHT_GERUDO_TRAINING_GROUND_MQ_BEFORE_HEAVY_BLOCK_CHEST::392,RANDOMIZER,76,1,1,LINE_WIDTH_WARNING,ACCEPTABLE,Text auto-wraps cleanly within ImGui / SoH proportional font renderer
Hint::RHT_GERUDO_TRAINING_GROUND_MQ_EYE_STATUE_CHEST::393,RANDOMIZER,68,1,1,LINE_WIDTH_WARNING,ACCEPTABLE,Text auto-wraps cleanly within ImGui / SoH proportional font renderer
Hint::RHT_GERUDO_TRAINING_GROUND_MQ_FLAME_CIRCLE_CHEST::394,RANDOMIZER,78,1,1,LINE_WIDTH_WARNING,ACCEPTABLE,Text auto-wraps cleanly within ImGui / SoH proportional font renderer
Hint::RHT_GERUDO_TRAINING_GROUND_MQ_SECOND_IRON_KNUCKLE_CHEST::395,RANDOMIZER,87,1,1,LINE_WIDTH_WARNING,ACCEPTABLE,Text auto-wraps cleanly within ImGui / SoH proportional font renderer
Hint::RHT_GERUDO_TRAINING_GROUND_MQ_DINOLFOS_CHEST::396,RANDOMIZER,89,1,1,LINE_WIDTH_WARNING,ACCEPTABLE,Text auto-wraps cleanly within ImGui / SoH proportional font renderer
Hint::RHT_GERUDO_TRAINING_GROUND_MQ_MAZE_RIGHT_CENTRAL_CHEST::397,RANDOMIZER,62,1,1,LINE_WIDTH_WARNING,ACCEPTABLE,Text auto-wraps cleanly within ImGui / SoH proportional font renderer
Hint::RHT_GERUDO_TRAINING_GROUND_MQ_MAZE_PATH_FIRST_CHEST::398,RANDOMIZER,74,1,1,LINE_WIDTH_WARNING,ACCEPTABLE,Text auto-wraps cleanly within ImGui / SoH proportional font renderer
Hint::RHT_GERUDO_TRAINING_GROUND_MQ_MAZE_RIGHT_SIDE_CHEST::399,RANDOMIZER,62,1,1,LINE_WIDTH_WARNING,ACCEPTABLE,Text auto-wraps cleanly within ImGui / SoH proportional font renderer
Hint::RHT_GERUDO_TRAINING_GROUND_MQ_MAZE_PATH_THIRD_CHEST::400,RANDOMIZER,74,1,1,LINE_WIDTH_WARNING,ACCEPTABLE,Text auto-wraps cleanly within ImGui / SoH proportional font renderer
Hint::RHT_GERUDO_TRAINING_GROUND_MQ_MAZE_PATH_SECOND_CHEST::401,RANDOMIZER,75,1,1,LINE_WIDTH_WARNING,ACCEPTABLE,Text auto-wraps cleanly within ImGui / SoH proportional font renderer
Hint::RHT_GERUDO_TRAINING_GROUND_MQ_HIDDEN_CEILING_CHEST::402,RANDOMIZER,81,1,1,LINE_WIDTH_WARNING,ACCEPTABLE,Text auto-wraps cleanly within ImGui / SoH proportional font renderer
Hint::RHT_GERUDO_TRAINING_GROUND_MQ_HEAVY_BLOCK_CHEST::403,RANDOMIZER,69,1,1,LINE_WIDTH_WARNING,ACCEPTABLE,Text auto-wraps cleanly within ImGui / SoH proportional font renderer
Hint::RHT_GERUDO_TRAINING_GROUNDS_HEART::404,RANDOMIZER,54,1,1,LINE_WIDTH_WARNING,ACCEPTABLE,Text auto-wraps cleanly within ImGui / SoH proportional font renderer
Hint::RHT_CRATE_GERUDO_TRAINING_GROUND::405,RANDOMIZER,72,1,1,LINE_WIDTH_WARNING,ACCEPTABLE,Text auto-wraps cleanly within ImGui / SoH proportional font renderer
Hint::RHT_GANONS_CASTLE_SHADOW_TRIAL_FRONT_CHEST::410,RANDOMIZER,64,1,1,LINE_WIDTH_WARNING,ACCEPTABLE,Text auto-wraps cleanly within ImGui / SoH proportional font renderer
Hint::RHT_GANONS_CASTLE_SHADOW_TRIAL_GOLDEN_GAUNTLETS_CHEST::411,RANDOMIZER,61,1,1,LINE_WIDTH_WARNING,ACCEPTABLE,Text auto-wraps cleanly within ImGui / SoH proportional font renderer
Hint::RHT_GANONS_CASTLE_LIGHT_TRIAL_LULLABY_CHEST::421,RANDOMIZER,63,1,1,LINE_WIDTH_WARNING,ACCEPTABLE,Text auto-wraps cleanly within ImGui / SoH proportional font renderer
Hint::RHT_GANONS_CASTLE_SPIRIT_TRIAL_SUN_FAIRY::422,RANDOMIZER,85,1,1,LINE_WIDTH_WARNING,ACCEPTABLE,Text auto-wraps cleanly within ImGui / SoH proportional font renderer
Hint::RHT_GANONS_CASTLE_SCRUBS_FAIRY::423,RANDOMIZER,75,1,1,LINE_WIDTH_WARNING,ACCEPTABLE,Text auto-wraps cleanly within ImGui / SoH proportional font renderer
Hint::RHT_GANONS_CASTLE_MQ_LIGHT_TRIAL_LULLABY_CHEST::427,RANDOMIZER,63,1,1,LINE_WIDTH_WARNING,ACCEPTABLE,Text auto-wraps cleanly within ImGui / SoH proportional font renderer
Hint::RHT_GANONS_CASTLE_MQ_SPIRIT_TRIAL_GOLDEN_GAUNTLETS_CHEST::430,RANDOMIZER,69,1,1,LINE_WIDTH_WARNING,ACCEPTABLE,Text auto-wraps cleanly within ImGui / SoH proportional font renderer
Hint::RHT_GANONS_CASTLE_MQ_SPIRIT_TRIAL_SUN_BACK_RIGHT_CHEST::431,RANDOMIZER,69,1,1,LINE_WIDTH_WARNING,ACCEPTABLE,Text auto-wraps cleanly within ImGui / SoH proportional font renderer
Hint::RHT_GANONS_CASTLE_MQ_SPIRIT_TRIAL_SUN_BACK_LEFT_CHEST::432,RANDOMIZER,69,1,1,LINE_WIDTH_WARNING,ACCEPTABLE,Text auto-wraps cleanly within ImGui / SoH proportional font renderer
Hint::RHT_GANONS_CASTLE_MQ_SPIRIT_TRIAL_SUN_FRONT_LEFT_CHEST::433,RANDOMIZER,69,1,1,LINE_WIDTH_WARNING,ACCEPTABLE,Text auto-wraps cleanly within ImGui / SoH proportional font renderer
Hint::RHT_GANONS_CASTLE_MQ_SPIRIT_TRIAL_FIRST_CHEST::434,RANDOMIZER,69,1,1,LINE_WIDTH_WARNING,ACCEPTABLE,Text auto-wraps cleanly within ImGui / SoH proportional font renderer
Hint::RHT_GANONS_CASTLE_MQ_SPIRIT_TRIAL_INVISIBLE_CHEST::435,RANDOMIZER,69,1,1,LINE_WIDTH_WARNING,ACCEPTABLE,Text auto-wraps cleanly within ImGui / SoH proportional font renderer
Hint::RHT_GANONS_CASTLE_DEKU_SCRUB_CENTER_LEFT::437,RANDOMIZER,60,1,1,LINE_WIDTH_WARNING,ACCEPTABLE,Text auto-wraps cleanly within ImGui / SoH proportional font renderer
Hint::RHT_GANONS_CASTLE_DEKU_SCRUB_CENTER_RIGHT::438,RANDOMIZER,60,1,1,LINE_WIDTH_WARNING,ACCEPTABLE,Text auto-wraps cleanly within ImGui / SoH proportional font renderer
Hint::RHT_GANONS_CASTLE_DEKU_SCRUB_RIGHT::439,RANDOMIZER,60,1,1,LINE_WIDTH_WARNING,ACCEPTABLE,Text auto-wraps cleanly within ImGui / SoH proportional font renderer
Hint::RHT_GANONS_CASTLE_DEKU_SCRUB_LEFT::440,RANDOMIZER,60,1,1,LINE_WIDTH_WARNING,ACCEPTABLE,Text auto-wraps cleanly within ImGui / SoH proportional font renderer
Hint::RHT_GANONS_CASTLE_MQ_DEKU_SCRUB_RIGHT::441,RANDOMIZER,60,1,1,LINE_WIDTH_WARNING,ACCEPTABLE,Text auto-wraps cleanly within ImGui / SoH proportional font renderer
Hint::RHT_GANONS_CASTLE_MQ_DEKU_SCRUB_CENTER_LEFT::442,RANDOMIZER,60,1,1,LINE_WIDTH_WARNING,ACCEPTABLE,Text auto-wraps cleanly within ImGui / SoH proportional font renderer
Hint::RHT_GANONS_CASTLE_MQ_DEKU_SCRUB_CENTER::443,RANDOMIZER,60,1,1,LINE_WIDTH_WARNING,ACCEPTABLE,Text auto-wraps cleanly within ImGui / SoH proportional font renderer
Hint::RHT_GANONS_CASTLE_MQ_DEKU_SCRUB_CENTER_RIGHT::444,RANDOMIZER,60,1,1,LINE_WIDTH_WARNING,ACCEPTABLE,Text auto-wraps cleanly within ImGui / SoH proportional font renderer
Hint::RHT_GANONS_CASTLE_MQ_DEKU_SCRUB_LEFT::445,RANDOMIZER,60,1,1,LINE_WIDTH_WARNING,ACCEPTABLE,Text auto-wraps cleanly within ImGui / SoH proportional font renderer
Hint::RHT_POT_GANONS_CASTLE::446,RANDOMIZER,60,1,1,LINE_WIDTH_WARNING,ACCEPTABLE,Text auto-wraps cleanly within ImGui / SoH proportional font renderer
Hint::RHT_GANONS_CASTLE_HEART::447,RANDOMIZER,61,1,1,LINE_WIDTH_WARNING,ACCEPTABLE,Text auto-wraps cleanly within ImGui / SoH proportional font renderer
Hint::RHT_KF_KOKIRI_SWORD_CHEST::0,RANDOMIZER,52,1,1,LINE_WIDTH_WARNING,ACCEPTABLE,Text auto-wraps cleanly within ImGui / SoH proportional font renderer
Hint::RHT_GRAVEYARD_SHIELD_GRAVE_CHEST::9,RANDOMIZER,51,1,1,LINE_WIDTH_WARNING,ACCEPTABLE,Text auto-wraps cleanly within ImGui / SoH proportional font renderer
Hint::RHT_DMT_CHEST::10,RANDOMIZER,74,1,1,LINE_WIDTH_WARNING,ACCEPTABLE,Text auto-wraps cleanly within ImGui / SoH proportional font renderer
Hint::RHT_GC_MAZE_RIGHT_CHEST::11,RANDOMIZER,64,1,1,LINE_WIDTH_WARNING,ACCEPTABLE,Text auto-wraps cleanly within ImGui / SoH proportional font renderer
Hint::RHT_GC_MAZE_CENTER_CHEST::12,RANDOMIZER,64,1,1,LINE_WIDTH_WARNING,ACCEPTABLE,Text auto-wraps cleanly within ImGui / SoH proportional font renderer
Hint::RHT_ZD_CHEST::13,RANDOMIZER,58,1,1,LINE_WIDTH_WARNING,ACCEPTABLE,Text auto-wraps cleanly within ImGui / SoH proportional font renderer
Hint::RHT_GRAVEYARD_HOOKSHOT_CHEST::14,RANDOMIZER,56,1,1,LINE_WIDTH_WARNING,ACCEPTABLE,Text auto-wraps cleanly within ImGui / SoH proportional font renderer
Hint::RHT_GRAVEYARD_HOOKSHOT_CHEST::15,RANDOMIZER,62,1,1,LINE_WIDTH_WARNING,ACCEPTABLE,Text auto-wraps cleanly within ImGui / SoH proportional font renderer
Hint::RHT_GF_CHEST::16,RANDOMIZER,60,1,1,LINE_WIDTH_WARNING,ACCEPTABLE,Text auto-wraps cleanly within ImGui / SoH proportional font renderer
Hint::RHT_KAK_REDEAD_GROTTO_CHEST::17,RANDOMIZER,54,1,1,LINE_WIDTH_WARNING,ACCEPTABLE,Text auto-wraps cleanly within ImGui / SoH proportional font renderer
Hint::RHT_SFM_WOLFOS_GROTTO_CHEST::18,RANDOMIZER,53,1,1,LINE_WIDTH_WARNING,ACCEPTABLE,Text auto-wraps cleanly within ImGui / SoH proportional font renderer
Hint::RHT_HF_NEAR_MARKET_GROTTO_CHEST::19,RANDOMIZER,73,1,1,LINE_WIDTH_WARNING,ACCEPTABLE,Text auto-wraps cleanly within ImGui / SoH proportional font renderer
Hint::RHT_HF_NEAR_MARKET_GROTTO_FISH::20,RANDOMIZER,83,1,1,LINE_WIDTH_WARNING,ACCEPTABLE,Text auto-wraps cleanly within ImGui / SoH proportional font renderer
Hint::RHT_HF_SOUTHEAST_GROTTO_CHEST::21,RANDOMIZER,59,1,1,LINE_WIDTH_WARNING,ACCEPTABLE,Text auto-wraps cleanly within ImGui / SoH proportional font renderer
Hint::RHT_HF_SOUTHEAST_GROTTO_FISH::22,RANDOMIZER,69,1,1,LINE_WIDTH_WARNING,ACCEPTABLE,Text auto-wraps cleanly within ImGui / SoH proportional font renderer
Hint::RHT_HF_OPEN_GROTTO_CHEST::23,RANDOMIZER,53,1,1,LINE_WIDTH_WARNING,ACCEPTABLE,Text auto-wraps cleanly within ImGui / SoH proportional font renderer
Hint::RHT_HF_OPEN_GROTTO_FISH::24,RANDOMIZER,63,1,1,LINE_WIDTH_WARNING,ACCEPTABLE,Text auto-wraps cleanly within ImGui / SoH proportional font renderer
Hint::RHT_KAK_OPEN_GROTTO_CHEST::25,RANDOMIZER,54,1,1,LINE_WIDTH_WARNING,ACCEPTABLE,Text auto-wraps cleanly within ImGui / SoH proportional font renderer
Hint::RHT_KAK_OPEN_GROTTO_FISH::26,RANDOMIZER,64,1,1,LINE_WIDTH_WARNING,ACCEPTABLE,Text auto-wraps cleanly within ImGui / SoH proportional font renderer
Hint::RHT_ZR_OPEN_GROTTO_CHEST::27,RANDOMIZER,54,1,1,LINE_WIDTH_WARNING,ACCEPTABLE,Text auto-wraps cleanly within ImGui / SoH proportional font renderer
Hint::RHT_ZR_OPEN_GROTTO_FISH::28,RANDOMIZER,64,1,1,LINE_WIDTH_WARNING,ACCEPTABLE,Text auto-wraps cleanly within ImGui / SoH proportional font renderer
Hint::RHT_KF_STORMS_GROTTO_CHEST::29,RANDOMIZER,54,1,1,LINE_WIDTH_WARNING,ACCEPTABLE,Text auto-wraps cleanly within ImGui / SoH proportional font renderer
Hint::RHT_KF_STORMS_GROTTO_FISH::30,RANDOMIZER,64,1,1,LINE_WIDTH_WARNING,ACCEPTABLE,Text auto-wraps cleanly within ImGui / SoH proportional font renderer
Hint::RHT_LW_NEAR_SHORTCUTS_GROTTO_CHEST::31,RANDOMIZER,57,1,1,LINE_WIDTH_WARNING,ACCEPTABLE,Text auto-wraps cleanly within ImGui / SoH proportional font renderer
Hint::RHT_LW_NEAR_SHORTCUTS_GROTTO_FISH::32,RANDOMIZER,67,1,1,LINE_WIDTH_WARNING,ACCEPTABLE,Text auto-wraps cleanly within ImGui / SoH proportional font renderer
Hint::RHT_DMT_STORMS_GROTTO_CHEST::33,RANDOMIZER,71,1,1,LINE_WIDTH_WARNING,ACCEPTABLE,Text auto-wraps cleanly within ImGui / SoH proportional font renderer
Hint::RHT_DMT_STORMS_GROTTO_FISH::34,RANDOMIZER,81,1,1,LINE_WIDTH_WARNING,ACCEPTABLE,Text auto-wraps cleanly within ImGui / SoH proportional font renderer
Hint::RHT_DMC_UPPER_GROTTO_FISH::36,RANDOMIZER,56,1,1,LINE_WIDTH_WARNING,ACCEPTABLE,Text auto-wraps cleanly within ImGui / SoH proportional font renderer
Hint::RHT_TOT_LIGHT_ARROWS_CUTSCENE::38,RANDOMIZER,54,1,1,LINE_WIDTH_WARNING,ACCEPTABLE,Text auto-wraps cleanly within ImGui / SoH proportional font renderer
Hint::RHT_LW_GIFT_FROM_SARIA::41,RANDOMIZER,65,1,1,LINE_WIDTH_WARNING,ACCEPTABLE,Text auto-wraps cleanly within ImGui / SoH proportional font renderer
Hint::RHT_SONG_FROM_IMPA::48,RANDOMIZER,61,1,1,LINE_WIDTH_WARNING,ACCEPTABLE,Text auto-wraps cleanly within ImGui / SoH proportional font renderer
Hint::RHT_SONG_FROM_SARIA::50,RANDOMIZER,58,1,1,LINE_WIDTH_WARNING,ACCEPTABLE,Text auto-wraps cleanly within ImGui / SoH proportional font renderer
Hint::RHT_SONG_FROM_WINDMILL::51,RANDOMIZER,72,1,1,LINE_WIDTH_WARNING,ACCEPTABLE,Text auto-wraps cleanly within ImGui / SoH proportional font renderer
Hint::RHT_HC_MALON_EGG::52,RANDOMIZER,51,1,1,LINE_WIDTH_WARNING,ACCEPTABLE,Text auto-wraps cleanly within ImGui / SoH proportional font renderer
Hint::RHT_HC_ZELDAS_LETTER::53,RANDOMIZER,55,1,1,LINE_WIDTH_WARNING,ACCEPTABLE,Text auto-wraps cleanly within ImGui / SoH proportional font renderer
Hint::RHT_ZD_DIVING_MINIGAME::54,RANDOMIZER,69,1,1,LINE_WIDTH_WARNING,ACCEPTABLE,Text auto-wraps cleanly within ImGui / SoH proportional font renderer
Hint::RHT_ZD_DIVING_MINIGAME::55,RANDOMIZER,61,1,1,LINE_WIDTH_WARNING,ACCEPTABLE,Text auto-wraps cleanly within ImGui / SoH proportional font renderer
Hint::RHT_LH_HYRULE_LOACH::58,RANDOMIZER,52,1,1,LINE_WIDTH_WARNING,ACCEPTABLE,Text auto-wraps cleanly within ImGui / SoH proportional font renderer
Hint::RHT_LH_LAB_DIVE::61,RANDOMIZER,62,1,1,LINE_WIDTH_WARNING,ACCEPTABLE,Text auto-wraps cleanly within ImGui / SoH proportional font renderer
Hint::RHT_ZD_FISH::62,RANDOMIZER,53,1,1,LINE_WIDTH_WARNING,ACCEPTABLE,Text auto-wraps cleanly within ImGui / SoH proportional font renderer
Hint::RHT_GC_ROLLING_GORON_AS_ADULT::63,RANDOMIZER,68,1,1,LINE_WIDTH_WARNING,ACCEPTABLE,Text auto-wraps cleanly within ImGui / SoH proportional font renderer
Hint::RHT_GC_ROLLING_GORON_AS_ADULT::64,RANDOMIZER,52,1,1,LINE_WIDTH_WARNING,ACCEPTABLE,Text auto-wraps cleanly within ImGui / SoH proportional font renderer
Hint::RHT_MARKET_LOST_DOG::67,RANDOMIZER,64,1,1,LINE_WIDTH_WARNING,ACCEPTABLE,Text auto-wraps cleanly within ImGui / SoH proportional font renderer
Hint::RHT_MARKET_LOST_DOG::68,RANDOMIZER,59,1,1,LINE_WIDTH_WARNING,ACCEPTABLE,Text auto-wraps cleanly within ImGui / SoH proportional font renderer
Hint::RHT_LW_OCARINA_MEMORY_GAME::69,RANDOMIZER,77,1,1,LINE_WIDTH_WARNING,ACCEPTABLE,Text auto-wraps cleanly within ImGui / SoH proportional font renderer
Hint::RHT_LW_OCARINA_MEMORY_GAME::70,RANDOMIZER,58,1,1,LINE_WIDTH_WARNING,ACCEPTABLE,Text auto-wraps cleanly within ImGui / SoH proportional font renderer
Hint::RHT_KAK_10_GOLD_SKULLTULA_REWARD::72,RANDOMIZER,58,1,1,LINE_WIDTH_WARNING,ACCEPTABLE,Text auto-wraps cleanly within ImGui / SoH proportional font renderer
Hint::RHT_KAK_10_GOLD_SKULLTULA_REWARD::73,RANDOMIZER,57,1,1,LINE_WIDTH_WARNING,ACCEPTABLE,Text auto-wraps cleanly within ImGui / SoH proportional font renderer
Hint::RHT_KAK_10_GOLD_SKULLTULA_REWARD::75,RANDOMIZER,56,1,1,LINE_WIDTH_WARNING,ACCEPTABLE,Text auto-wraps cleanly within ImGui / SoH proportional font renderer
Hint::RHT_ZR_MAGIC_BEAN_SALESMAN::78,RANDOMIZER,58,1,1,LINE_WIDTH_WARNING,ACCEPTABLE,Text auto-wraps cleanly within ImGui / SoH proportional font renderer
Hint::RHT_ZR_FROGS_IN_THE_RAIN::79,RANDOMIZER,54,1,1,LINE_WIDTH_WARNING,ACCEPTABLE,Text auto-wraps cleanly within ImGui / SoH proportional font renderer
Hint::RHT_ZR_FROGS_ZELDAS_LULLABY::80,RANDOMIZER,76,1,1,LINE_WIDTH_WARNING,ACCEPTABLE,Text auto-wraps cleanly within ImGui / SoH proportional font renderer
Hint::RHT_ZR_FROGS_ZELDAS_LULLABY::82,RANDOMIZER,71,1,1,LINE_WIDTH_WARNING,ACCEPTABLE,Text auto-wraps cleanly within ImGui / SoH proportional font renderer
Hint::RHT_ZR_FROGS_EPONAS_SONG::83,RANDOMIZER,79,1,1,LINE_WIDTH_WARNING,ACCEPTABLE,Text auto-wraps cleanly within ImGui / SoH proportional font renderer
Hint::RHT_ZR_FROGS_EPONAS_SONG::85,RANDOMIZER,69,1,1,LINE_WIDTH_WARNING,ACCEPTABLE,Text auto-wraps cleanly within ImGui / SoH proportional font renderer
Hint::RHT_ZR_FROGS_SARIAS_SONG::86,RANDOMIZER,79,1,1,LINE_WIDTH_WARNING,ACCEPTABLE,Text auto-wraps cleanly within ImGui / SoH proportional font renderer
Hint::RHT_ZR_FROGS_SARIAS_SONG::88,RANDOMIZER,54,1,1,LINE_WIDTH_WARNING,ACCEPTABLE,Text auto-wraps cleanly within ImGui / SoH proportional font renderer
Hint::RHT_ZR_FROGS_SUNS_SONG::89,RANDOMIZER,78,1,1,LINE_WIDTH_WARNING,ACCEPTABLE,Text auto-wraps cleanly within ImGui / SoH proportional font renderer
Hint::RHT_ZR_FROGS_SUNS_SONG::91,RANDOMIZER,73,1,1,LINE_WIDTH_WARNING,ACCEPTABLE,Text auto-wraps cleanly within ImGui / SoH proportional font renderer
Hint::RHT_ZR_FROGS_SONG_OF_TIME::92,RANDOMIZER,81,1,1,LINE_WIDTH_WARNING,ACCEPTABLE,Text auto-wraps cleanly within ImGui / SoH proportional font renderer
Hint::RHT_ZR_FROGS_SONG_OF_TIME::93,RANDOMIZER,60,1,1,LINE_WIDTH_WARNING,ACCEPTABLE,Text auto-wraps cleanly within ImGui / SoH proportional font renderer
Hint::RHT_ZR_FROGS_SONG_OF_TIME::94,RANDOMIZER,71,1,1,LINE_WIDTH_WARNING,ACCEPTABLE,Text auto-wraps cleanly within ImGui / SoH proportional font renderer
Hint::RHT_GF_HBA_1000_POINTS::95,RANDOMIZER,66,1,1,LINE_WIDTH_WARNING,ACCEPTABLE,Text auto-wraps cleanly within ImGui / SoH proportional font renderer
Hint::RHT_LW_TARGET_IN_WOODS::98,RANDOMIZER,59,1,1,LINE_WIDTH_WARNING,ACCEPTABLE,Text auto-wraps cleanly within ImGui / SoH proportional font renderer
Hint::RHT_KAK_ANJU_AS_ADULT::99,RANDOMIZER,63,1,1,LINE_WIDTH_WARNING,ACCEPTABLE,Text auto-wraps cleanly within ImGui / SoH proportional font renderer
Hint::RHT_LLR_TALONS_CHICKENS::100,RANDOMIZER,61,1,1,LINE_WIDTH_WARNING,ACCEPTABLE,Text auto-wraps cleanly within ImGui / SoH proportional font renderer
Hint::RHT_GC_ROLLING_GORON_AS_CHILD::101,RANDOMIZER,68,1,1,LINE_WIDTH_WARNING,ACCEPTABLE,Text auto-wraps cleanly within ImGui / SoH proportional font renderer
Hint::RHT_LH_UNDERWATER_ITEM::102,RANDOMIZER,52,1,1,LINE_WIDTH_WARNING,ACCEPTABLE,Text auto-wraps cleanly within ImGui / SoH proportional font renderer
Hint::RHT_TH_FREED_CARPENTERS::103,RANDOMIZER,70,1,1,LINE_WIDTH_WARNING,ACCEPTABLE,Text auto-wraps cleanly within ImGui / SoH proportional font renderer
Hint::RHT_KAK_GRANNYS_SHOP::106,RANDOMIZER,59,1,1,LINE_WIDTH_WARNING,ACCEPTABLE,Text auto-wraps cleanly within ImGui / SoH proportional font renderer
Hint::RHT_KAK_IMPAS_HOUSE_FREESTANDING_POH::107,RANDOMIZER,53,1,1,LINE_WIDTH_WARNING,ACCEPTABLE,Text auto-wraps cleanly within ImGui / SoH proportional font renderer
Hint::RHT_HF_TEKTITE_GROTTO_FREESTANDING_POH::108,RANDOMIZER,63,1,1,LINE_WIDTH_WARNING,ACCEPTABLE,Text auto-wraps cleanly within ImGui / SoH proportional font renderer
Hint::RHT_KAK_WINDMILL_FREESTANDING_POH::109,RANDOMIZER,66,1,1,LINE_WIDTH_WARNING,ACCEPTABLE,Text auto-wraps cleanly within ImGui / SoH proportional font renderer
Hint::RHT_GRAVEYARD_DAMPE_RACE_FREESTANDING_POH::110,RANDOMIZER,57,1,1,LINE_WIDTH_WARNING,ACCEPTABLE,Text auto-wraps cleanly within ImGui / SoH proportional font renderer
Hint::RHT_GRAVEYARD_DAMPE_RACE_FREESTANDING_POH::111,RANDOMIZER,54,1,1,LINE_WIDTH_WARNING,ACCEPTABLE,Text auto-wraps cleanly within ImGui / SoH proportional font renderer
Hint::RHT_LLR_FREESTANDING_POH::112,RANDOMIZER,53,1,1,LINE_WIDTH_WARNING,ACCEPTABLE,Text auto-wraps cleanly within ImGui / SoH proportional font renderer
Hint::RHT_GRAVEYARD_FREESTANDING_POH::113,RANDOMIZER,52,1,1,LINE_WIDTH_WARNING,ACCEPTABLE,Text auto-wraps cleanly within ImGui / SoH proportional font renderer
Hint::RHT_ZR_NEAR_OPEN_GROTTO_FREESTANDING_POH::115,RANDOMIZER,60,1,1,LINE_WIDTH_WARNING,ACCEPTABLE,Text auto-wraps cleanly within ImGui / SoH proportional font renderer
Hint::RHT_ZR_NEAR_DOMAIN_FREESTANDING_POH::116,RANDOMIZER,72,1,1,LINE_WIDTH_WARNING,ACCEPTABLE,Text auto-wraps cleanly within ImGui / SoH proportional font renderer
Hint::RHT_LH_FREESTANDING_POH::117,RANDOMIZER,83,1,1,LINE_WIDTH_WARNING,ACCEPTABLE,Text auto-wraps cleanly within ImGui / SoH proportional font renderer
Hint::RHT_GV_WATERFALL_FREESTANDING_POH::119,RANDOMIZER,55,1,1,LINE_WIDTH_WARNING,ACCEPTABLE,Text auto-wraps cleanly within ImGui / SoH proportional font renderer
Hint::RHT_COLOSSUS_FREESTANDING_POH::121,RANDOMIZER,59,1,1,LINE_WIDTH_WARNING,ACCEPTABLE,Text auto-wraps cleanly within ImGui / SoH proportional font renderer
Hint::RHT_DMT_FREESTANDING_POH::122,RANDOMIZER,65,1,1,LINE_WIDTH_WARNING,ACCEPTABLE,Text auto-wraps cleanly within ImGui / SoH proportional font renderer
Hint::RHT_DMC_WALL_FREESTANDING_POH::123,RANDOMIZER,54,1,1,LINE_WIDTH_WARNING,ACCEPTABLE,Text auto-wraps cleanly within ImGui / SoH proportional font renderer
Hint::RHT_DMC_VOLCANO_FREESTANDING_POH::124,RANDOMIZER,51,1,1,LINE_WIDTH_WARNING,ACCEPTABLE,Text auto-wraps cleanly within ImGui / SoH proportional font renderer
Hint::RHT_TH_1_TORCH_CARPENTER::125,RANDOMIZER,73,1,1,LINE_WIDTH_WARNING,ACCEPTABLE,Text auto-wraps cleanly within ImGui / SoH proportional font renderer
Hint::RHT_TH_DEAD_END_CARPENTER::126,RANDOMIZER,72,1,1,LINE_WIDTH_WARNING,ACCEPTABLE,Text auto-wraps cleanly within ImGui / SoH proportional font renderer
Hint::RHT_TH_DOUBLE_CELL_CARPENTER::127,RANDOMIZER,67,1,1,LINE_WIDTH_WARNING,ACCEPTABLE,Text auto-wraps cleanly within ImGui / SoH proportional font renderer
Hint::RHT_TH_STEEP_SLOPE_CARPENTER::128,RANDOMIZER,76,1,1,LINE_WIDTH_WARNING,ACCEPTABLE,Text auto-wraps cleanly within ImGui / SoH proportional font renderer
Hint::RHT_HF_GS_NEAR_KAK_GROTTO::129,RANDOMIZER,73,1,1,LINE_WIDTH_WARNING,ACCEPTABLE,Text auto-wraps cleanly within ImGui / SoH proportional font renderer
Hint::RHT_LLR_GS_BACK_WALL::130,RANDOMIZER,68,1,1,LINE_WIDTH_WARNING,ACCEPTABLE,Text auto-wraps cleanly within ImGui / SoH proportional font renderer
Hint::RHT_LLR_GS_RAIN_SHED::131,RANDOMIZER,68,1,1,LINE_WIDTH_WARNING,ACCEPTABLE,Text auto-wraps cleanly within ImGui / SoH proportional font renderer
Hint::RHT_LLR_GS_HOUSE_WINDOW::132,RANDOMIZER,68,1,1,LINE_WIDTH_WARNING,ACCEPTABLE,Text auto-wraps cleanly within ImGui / SoH proportional font renderer
Hint::RHT_LLR_GS_TREE::133,RANDOMIZER,69,1,1,LINE_WIDTH_WARNING,ACCEPTABLE,Text auto-wraps cleanly within ImGui / SoH proportional font renderer
Hint::RHT_KF_GS_BEAN_PATCH::134,RANDOMIZER,57,1,1,LINE_WIDTH_WARNING,ACCEPTABLE,Text auto-wraps cleanly within ImGui / SoH proportional font renderer
Hint::RHT_KF_GS_KNOW_IT_ALL_HOUSE::135,RANDOMIZER,80,1,1,LINE_WIDTH_WARNING,ACCEPTABLE,Text auto-wraps cleanly within ImGui / SoH proportional font renderer
Hint::RHT_KF_GS_HOUSE_OF_TWINS::136,RANDOMIZER,80,1,1,LINE_WIDTH_WARNING,ACCEPTABLE,Text auto-wraps cleanly within ImGui / SoH proportional font renderer
Hint::RHT_LW_GS_BEAN_PATCH_NEAR_BRIDGE::137,RANDOMIZER,83,1,1,LINE_WIDTH_WARNING,ACCEPTABLE,Text auto-wraps cleanly within ImGui / SoH proportional font renderer
Hint::RHT_LW_GS_BEAN_PATCH_NEAR_THEATER::138,RANDOMIZER,83,1,1,LINE_WIDTH_WARNING,ACCEPTABLE,Text auto-wraps cleanly within ImGui / SoH proportional font renderer
Hint::RHT_LW_GS_ABOVE_THEATER::139,RANDOMIZER,93,1,1,LINE_WIDTH_WARNING,ACCEPTABLE,Text auto-wraps cleanly within ImGui / SoH proportional font renderer
Hint::RHT_SFM_GS::140,RANDOMIZER,74,1,1,LINE_WIDTH_WARNING,ACCEPTABLE,Text auto-wraps cleanly within ImGui / SoH proportional font renderer
Hint::RHT_OGC_GS::141,RANDOMIZER,65,1,1,LINE_WIDTH_WARNING,ACCEPTABLE,Text auto-wraps cleanly within ImGui / SoH proportional font renderer
Hint::RHT_HC_GS_TREE::142,RANDOMIZER,77,1,1,LINE_WIDTH_WARNING,ACCEPTABLE,Text auto-wraps cleanly within ImGui / SoH proportional font renderer
Hint::RHT_MARKET_GS_GUARD_HOUSE::143,RANDOMIZER,57,1,1,LINE_WIDTH_WARNING,ACCEPTABLE,Text auto-wraps cleanly within ImGui / SoH proportional font renderer
Hint::RHT_DMC_GS_BEAN_PATCH::144,RANDOMIZER,57,1,1,LINE_WIDTH_WARNING,ACCEPTABLE,Text auto-wraps cleanly within ImGui / SoH proportional font renderer
Hint::RHT_DMT_GS_BEAN_PATCH::145,RANDOMIZER,63,1,1,LINE_WIDTH_WARNING,ACCEPTABLE,Text auto-wraps cleanly within ImGui / SoH proportional font renderer
Hint::RHT_DMT_GS_NEAR_KAK::146,RANDOMIZER,65,1,1,LINE_WIDTH_WARNING,ACCEPTABLE,Text auto-wraps cleanly within ImGui / SoH proportional font renderer
Hint::RHT_DMT_GS_ABOVE_DODONGOS_CAVERN::147,RANDOMIZER,72,1,1,LINE_WIDTH_WARNING,ACCEPTABLE,Text auto-wraps cleanly within ImGui / SoH proportional font renderer
Hint::RHT_DMT_GS_FALLING_ROCKS_PATH::148,RANDOMIZER,72,1,1,LINE_WIDTH_WARNING,ACCEPTABLE,Text auto-wraps cleanly within ImGui / SoH proportional font renderer
Hint::RHT_GC_GS_CENTER_PLATFORM::149,RANDOMIZER,62,1,1,LINE_WIDTH_WARNING,ACCEPTABLE,Text auto-wraps cleanly within ImGui / SoH proportional font renderer
Hint::RHT_GC_GS_BOULDER_MAZE::150,RANDOMIZER,65,1,1,LINE_WIDTH_WARNING,ACCEPTABLE,Text auto-wraps cleanly within ImGui / SoH proportional font renderer
Hint::RHT_KAK_GS_HOUSE_UNDER_CONSTRUCTION::151,RANDOMIZER,80,1,1,LINE_WIDTH_WARNING,ACCEPTABLE,Text auto-wraps cleanly within ImGui / SoH proportional font renderer
Hint::RHT_KAK_GS_SKULLTULA_HOUSE::152,RANDOMIZER,75,1,1,LINE_WIDTH_WARNING,ACCEPTABLE,Text auto-wraps cleanly within ImGui / SoH proportional font renderer
Hint::RHT_KAK_GS_GUARDS_HOUSE::153,RANDOMIZER,75,1,1,LINE_WIDTH_WARNING,ACCEPTABLE,Text auto-wraps cleanly within ImGui / SoH proportional font renderer
Hint::RHT_KAK_GS_TREE::154,RANDOMIZER,75,1,1,LINE_WIDTH_WARNING,ACCEPTABLE,Text auto-wraps cleanly within ImGui / SoH proportional font renderer
Hint::RHT_KAK_GS_WATCHTOWER::155,RANDOMIZER,75,1,1,LINE_WIDTH_WARNING,ACCEPTABLE,Text auto-wraps cleanly within ImGui / SoH proportional font renderer
Hint::RHT_KAK_GS_ABOVE_IMPAS_HOUSE::156,RANDOMIZER,75,1,1,LINE_WIDTH_WARNING,ACCEPTABLE,Text auto-wraps cleanly within ImGui / SoH proportional font renderer
Hint::RHT_GRAVEYARD_GS_WALL::157,RANDOMIZER,65,1,1,LINE_WIDTH_WARNING,ACCEPTABLE,Text auto-wraps cleanly within ImGui / SoH proportional font renderer
Hint::RHT_GRAVEYARD_GS_BEAN_PATCH::158,RANDOMIZER,61,1,1,LINE_WIDTH_WARNING,ACCEPTABLE,Text auto-wraps cleanly within ImGui / SoH proportional font renderer
Hint::RHT_ZR_GS_LADDER::159,RANDOMIZER,71,1,1,LINE_WIDTH_WARNING,ACCEPTABLE,Text auto-wraps cleanly within ImGui / SoH proportional font renderer
Hint::RHT_ZR_GS_TREE::160,RANDOMIZER,71,1,1,LINE_WIDTH_WARNING,ACCEPTABLE,Text auto-wraps cleanly within ImGui / SoH proportional font renderer
Hint::RHT_ZR_GS_ABOVE_BRIDGE::161,RANDOMIZER,71,1,1,LINE_WIDTH_WARNING,ACCEPTABLE,Text auto-wraps cleanly within ImGui / SoH proportional font renderer
Hint::RHT_ZR_GS_NEAR_RAISED_GROTTOS::162,RANDOMIZER,71,1,1,LINE_WIDTH_WARNING,ACCEPTABLE,Text auto-wraps cleanly within ImGui / SoH proportional font renderer
Hint::RHT_ZD_GS_FROZEN_WATERFALL::163,RANDOMIZER,78,1,1,LINE_WIDTH_WARNING,ACCEPTABLE,Text auto-wraps cleanly within ImGui / SoH proportional font renderer
Hint::RHT_ZF_GS_ABOVE_THE_LOG::164,RANDOMIZER,68,1,1,LINE_WIDTH_WARNING,ACCEPTABLE,Text auto-wraps cleanly within ImGui / SoH proportional font renderer
Hint::RHT_ZF_GS_TREE::165,RANDOMIZER,76,1,1,LINE_WIDTH_WARNING,ACCEPTABLE,Text auto-wraps cleanly within ImGui / SoH proportional font renderer
Hint::RHT_LH_GS_BEAN_PATCH::166,RANDOMIZER,60,1,1,LINE_WIDTH_WARNING,ACCEPTABLE,Text auto-wraps cleanly within ImGui / SoH proportional font renderer
Hint::RHT_LH_GS_SMALL_ISLAND::167,RANDOMIZER,64,1,1,LINE_WIDTH_WARNING,ACCEPTABLE,Text auto-wraps cleanly within ImGui / SoH proportional font renderer
Hint::RHT_LH_GS_LAB_WALL::168,RANDOMIZER,64,1,1,LINE_WIDTH_WARNING,ACCEPTABLE,Text auto-wraps cleanly within ImGui / SoH proportional font renderer
Hint::RHT_LH_GS_LAB_CRATE::169,RANDOMIZER,87,1,1,LINE_WIDTH_WARNING,ACCEPTABLE,Text auto-wraps cleanly within ImGui / SoH proportional font renderer
Hint::RHT_LH_GS_TREE::170,RANDOMIZER,81,1,1,LINE_WIDTH_WARNING,ACCEPTABLE,Text auto-wraps cleanly within ImGui / SoH proportional font renderer
Hint::RHT_GV_GS_BEAN_PATCH::171,RANDOMIZER,56,1,1,LINE_WIDTH_WARNING,ACCEPTABLE,Text auto-wraps cleanly within ImGui / SoH proportional font renderer
Hint::RHT_GV_GS_SMALL_BRIDGE::172,RANDOMIZER,73,1,1,LINE_WIDTH_WARNING,ACCEPTABLE,Text auto-wraps cleanly within ImGui / SoH proportional font renderer
Hint::RHT_GV_GS_PILLAR::173,RANDOMIZER,73,1,1,LINE_WIDTH_WARNING,ACCEPTABLE,Text auto-wraps cleanly within ImGui / SoH proportional font renderer
Hint::RHT_GV_GS_BEHIND_TENT::174,RANDOMIZER,73,1,1,LINE_WIDTH_WARNING,ACCEPTABLE,Text auto-wraps cleanly within ImGui / SoH proportional font renderer
Hint::RHT_GF_GS_ARCHERY_RANGE::175,RANDOMIZER,65,1,1,LINE_WIDTH_WARNING,ACCEPTABLE,Text auto-wraps cleanly within ImGui / SoH proportional font renderer
Hint::RHT_GF_GS_TOP_FLOOR::176,RANDOMIZER,65,1,1,LINE_WIDTH_WARNING,ACCEPTABLE,Text auto-wraps cleanly within ImGui / SoH proportional font renderer
Hint::RHT_COLOSSUS_GS_BEAN_PATCH::177,RANDOMIZER,59,1,1,LINE_WIDTH_WARNING,ACCEPTABLE,Text auto-wraps cleanly within ImGui / SoH proportional font renderer
Hint::RHT_COLOSSUS_GS_HILL::178,RANDOMIZER,76,1,1,LINE_WIDTH_WARNING,ACCEPTABLE,Text auto-wraps cleanly within ImGui / SoH proportional font renderer
Hint::RHT_COLOSSUS_GS_TREE::179,RANDOMIZER,76,1,1,LINE_WIDTH_WARNING,ACCEPTABLE,Text auto-wraps cleanly within ImGui / SoH proportional font renderer
Hint::RHT_KAK_POTION_SHOP_ITEM_1::188,RANDOMIZER,59,1,1,LINE_WIDTH_WARNING,ACCEPTABLE,Text auto-wraps cleanly within ImGui / SoH proportional font renderer
Hint::RHT_KAK_POTION_SHOP_ITEM_2::190,RANDOMIZER,59,1,1,LINE_WIDTH_WARNING,ACCEPTABLE,Text auto-wraps cleanly within ImGui / SoH proportional font renderer
Hint::RHT_KAK_POTION_SHOP_ITEM_3::192,RANDOMIZER,59,1,1,LINE_WIDTH_WARNING,ACCEPTABLE,Text auto-wraps cleanly within ImGui / SoH proportional font renderer
Hint::RHT_KAK_POTION_SHOP_ITEM_4::194,RANDOMIZER,59,1,1,LINE_WIDTH_WARNING,ACCEPTABLE,Text auto-wraps cleanly within ImGui / SoH proportional font renderer
Hint::RHT_KAK_POTION_SHOP_ITEM_5::196,RANDOMIZER,59,1,1,LINE_WIDTH_WARNING,ACCEPTABLE,Text auto-wraps cleanly within ImGui / SoH proportional font renderer
Hint::RHT_KAK_POTION_SHOP_ITEM_6::198,RANDOMIZER,59,1,1,LINE_WIDTH_WARNING,ACCEPTABLE,Text auto-wraps cleanly within ImGui / SoH proportional font renderer
Hint::RHT_KAK_POTION_SHOP_ITEM_7::200,RANDOMIZER,59,1,1,LINE_WIDTH_WARNING,ACCEPTABLE,Text auto-wraps cleanly within ImGui / SoH proportional font renderer
Hint::RHT_KAK_POTION_SHOP_ITEM_8::202,RANDOMIZER,59,1,1,LINE_WIDTH_WARNING,ACCEPTABLE,Text auto-wraps cleanly within ImGui / SoH proportional font renderer
Hint::RHT_MARKET_POTION_SHOP_ITEM_1::212,RANDOMIZER,59,1,1,LINE_WIDTH_WARNING,ACCEPTABLE,Text auto-wraps cleanly within ImGui / SoH proportional font renderer
Hint::RHT_MARKET_POTION_SHOP_ITEM_2::214,RANDOMIZER,59,1,1,LINE_WIDTH_WARNING,ACCEPTABLE,Text auto-wraps cleanly within ImGui / SoH proportional font renderer
Hint::RHT_MARKET_POTION_SHOP_ITEM_3::216,RANDOMIZER,59,1,1,LINE_WIDTH_WARNING,ACCEPTABLE,Text auto-wraps cleanly within ImGui / SoH proportional font renderer
Hint::RHT_MARKET_POTION_SHOP_ITEM_4::218,RANDOMIZER,59,1,1,LINE_WIDTH_WARNING,ACCEPTABLE,Text auto-wraps cleanly within ImGui / SoH proportional font renderer
Hint::RHT_MARKET_POTION_SHOP_ITEM_5::220,RANDOMIZER,59,1,1,LINE_WIDTH_WARNING,ACCEPTABLE,Text auto-wraps cleanly within ImGui / SoH proportional font renderer
Hint::RHT_MARKET_POTION_SHOP_ITEM_6::222,RANDOMIZER,59,1,1,LINE_WIDTH_WARNING,ACCEPTABLE,Text auto-wraps cleanly within ImGui / SoH proportional font renderer
Hint::RHT_MARKET_POTION_SHOP_ITEM_7::224,RANDOMIZER,59,1,1,LINE_WIDTH_WARNING,ACCEPTABLE,Text auto-wraps cleanly within ImGui / SoH proportional font renderer
Hint::RHT_MARKET_POTION_SHOP_ITEM_8::226,RANDOMIZER,59,1,1,LINE_WIDTH_WARNING,ACCEPTABLE,Text auto-wraps cleanly within ImGui / SoH proportional font renderer
Hint::RHT_HF_DEKU_SCRUB_GROTTO::260,RANDOMIZER,56,1,1,LINE_WIDTH_WARNING,ACCEPTABLE,Text auto-wraps cleanly within ImGui / SoH proportional font renderer
Hint::RHT_LW_DEKU_SCRUB_NEAR_DEKU_THEATER_RIGHT::264,RANDOMIZER,53,1,1,LINE_WIDTH_WARNING,ACCEPTABLE,Text auto-wraps cleanly within ImGui / SoH proportional font renderer
Hint::RHT_LW_DEKU_SCRUB_NEAR_DEKU_THEATER_LEFT::265,RANDOMIZER,53,1,1,LINE_WIDTH_WARNING,ACCEPTABLE,Text auto-wraps cleanly within ImGui / SoH proportional font renderer
Hint::RHT_LW_DEKU_SCRUB_GROTTO_REAR::267,RANDOMIZER,53,1,1,LINE_WIDTH_WARNING,ACCEPTABLE,Text auto-wraps cleanly within ImGui / SoH proportional font renderer
Hint::RHT_LW_DEKU_SCRUB_GROTTO_FRONT::268,RANDOMIZER,53,1,1,LINE_WIDTH_WARNING,ACCEPTABLE,Text auto-wraps cleanly within ImGui / SoH proportional font renderer
Hint::RHT_SFM_DEKU_SCRUB_GROTTO_REAR::269,RANDOMIZER,53,1,1,LINE_WIDTH_WARNING,ACCEPTABLE,Text auto-wraps cleanly within ImGui / SoH proportional font renderer
Hint::RHT_SFM_DEKU_SCRUB_GROTTO_FRONT::270,RANDOMIZER,53,1,1,LINE_WIDTH_WARNING,ACCEPTABLE,Text auto-wraps cleanly within ImGui / SoH proportional font renderer
Hint::RHT_ZR_DEKU_SCRUB_GROTTO_REAR::277,RANDOMIZER,53,1,1,LINE_WIDTH_WARNING,ACCEPTABLE,Text auto-wraps cleanly within ImGui / SoH proportional font renderer
Hint::RHT_ZR_DEKU_SCRUB_GROTTO_FRONT::278,RANDOMIZER,53,1,1,LINE_WIDTH_WARNING,ACCEPTABLE,Text auto-wraps cleanly within ImGui / SoH proportional font renderer
Hint::RHT_GV_DEKU_SCRUB_GROTTO_REAR::282,RANDOMIZER,53,1,1,LINE_WIDTH_WARNING,ACCEPTABLE,Text auto-wraps cleanly within ImGui / SoH proportional font renderer
Hint::RHT_GV_DEKU_SCRUB_GROTTO_FRONT::283,RANDOMIZER,53,1,1,LINE_WIDTH_WARNING,ACCEPTABLE,Text auto-wraps cleanly within ImGui / SoH proportional font renderer
Hint::RHT_COLOSSUS_DEKU_SCRUB_GROTTO_FRONT::284,RANDOMIZER,53,1,1,LINE_WIDTH_WARNING,ACCEPTABLE,Text auto-wraps cleanly within ImGui / SoH proportional font renderer
Hint::RHT_COLOSSUS_DEKU_SCRUB_GROTTO_REAR::285,RANDOMIZER,53,1,1,LINE_WIDTH_WARNING,ACCEPTABLE,Text auto-wraps cleanly within ImGui / SoH proportional font renderer
Hint::RHT_LLR_TOWER_RIGHT_COW::288,RANDOMIZER,56,1,1,LINE_WIDTH_WARNING,ACCEPTABLE,Text auto-wraps cleanly within ImGui / SoH proportional font renderer
Hint::RHT_LLR_TOWER_LEFT_COW::289,RANDOMIZER,56,1,1,LINE_WIDTH_WARNING,ACCEPTABLE,Text auto-wraps cleanly within ImGui / SoH proportional font renderer
Hint::RHT_KAK_IMPAS_HOUSE_COW::290,RANDOMIZER,57,1,1,LINE_WIDTH_WARNING,ACCEPTABLE,Text auto-wraps cleanly within ImGui / SoH proportional font renderer
Hint::RHT_DMT_COW_GROTTO_COW::291,RANDOMIZER,55,1,1,LINE_WIDTH_WARNING,ACCEPTABLE,Text auto-wraps cleanly within ImGui / SoH proportional font renderer
Hint::RHT_BEEHIVE_CHEST_GROTTO::292,RANDOMIZER,53,1,1,LINE_WIDTH_WARNING,ACCEPTABLE,Text auto-wraps cleanly within ImGui / SoH proportional font renderer
Hint::RHT_BEEHIVE_LONELY_SCRUB_GROTTO::293,RANDOMIZER,62,1,1,LINE_WIDTH_WARNING,ACCEPTABLE,Text auto-wraps cleanly within ImGui / SoH proportional font renderer
Hint::RHT_BEEHIVE_SCRUB_PAIR_GROTTO::294,RANDOMIZER,60,1,1,LINE_WIDTH_WARNING,ACCEPTABLE,Text auto-wraps cleanly within ImGui / SoH proportional font renderer
Hint::RHT_BEEHIVE_SCRUB_TRIO_GROTTO::295,RANDOMIZER,61,1,1,LINE_WIDTH_WARNING,ACCEPTABLE,Text auto-wraps cleanly within ImGui / SoH proportional font renderer
Hint::RHT_BEEHIVE_COW_GROTTO::296,RANDOMIZER,53,1,1,LINE_WIDTH_WARNING,ACCEPTABLE,Text auto-wraps cleanly within ImGui / SoH proportional font renderer
Hint::RHT_BEEHIVE_IN_FRONT_OF_KING_ZORA::297,RANDOMIZER,65,1,1,LINE_WIDTH_WARNING,ACCEPTABLE,Text auto-wraps cleanly within ImGui / SoH proportional font renderer
Hint::RHT_BEEHIVE_BEHIND_KING_ZORA::298,RANDOMIZER,66,1,1,LINE_WIDTH_WARNING,ACCEPTABLE,Text auto-wraps cleanly within ImGui / SoH proportional font renderer
Hint::RHT_POT_LINKS_HOUSE::299,RANDOMIZER,58,1,1,LINE_WIDTH_WARNING,ACCEPTABLE,Text auto-wraps cleanly within ImGui / SoH proportional font renderer
Hint::RHT_POT_TWINS_HOUSE::300,RANDOMIZER,61,1,1,LINE_WIDTH_WARNING,ACCEPTABLE,Text auto-wraps cleanly within ImGui / SoH proportional font renderer
Hint::RHT_POT_KNOW_IT_ALL::301,RANDOMIZER,54,1,1,LINE_WIDTH_WARNING,ACCEPTABLE,Text auto-wraps cleanly within ImGui / SoH proportional font renderer
Hint::RHT_POT_WASTELAND::302,RANDOMIZER,61,1,1,LINE_WIDTH_WARNING,ACCEPTABLE,Text auto-wraps cleanly within ImGui / SoH proportional font renderer
Hint::RHT_POT_GUARD_HOUSE::303,RANDOMIZER,65,1,1,LINE_WIDTH_WARNING,ACCEPTABLE,Text auto-wraps cleanly within ImGui / SoH proportional font renderer
Hint::RHT_POT_POE_SHOP::304,RANDOMIZER,59,1,1,LINE_WIDTH_WARNING,ACCEPTABLE,Text auto-wraps cleanly within ImGui / SoH proportional font renderer
Hint::RHT_POT_ALLEY_HOUSE::305,RANDOMIZER,56,1,1,LINE_WIDTH_WARNING,ACCEPTABLE,Text auto-wraps cleanly within ImGui / SoH proportional font renderer
Hint::RHT_POT_KAKARIKO::306,RANDOMIZER,59,1,1,LINE_WIDTH_WARNING,ACCEPTABLE,Text auto-wraps cleanly within ImGui / SoH proportional font renderer
Hint::RHT_POT_DAMPE::307,RANDOMIZER,66,1,1,LINE_WIDTH_WARNING,ACCEPTABLE,Text auto-wraps cleanly within ImGui / SoH proportional font renderer
Hint::RHT_POT_GORON_CITY::308,RANDOMIZER,57,1,1,LINE_WIDTH_WARNING,ACCEPTABLE,Text auto-wraps cleanly within ImGui / SoH proportional font renderer
Hint::RHT_POT_DEATH_MOUNTAIN_CRATER::309,RANDOMIZER,74,1,1,LINE_WIDTH_WARNING,ACCEPTABLE,Text auto-wraps cleanly within ImGui / SoH proportional font renderer
Hint::RHT_POT_ZORAS_DOMAIN::310,RANDOMIZER,57,1,1,LINE_WIDTH_WARNING,ACCEPTABLE,Text auto-wraps cleanly within ImGui / SoH proportional font renderer
Hint::RHT_POT_ZORAS_FOUNTAIN::311,RANDOMIZER,56,1,1,LINE_WIDTH_WARNING,ACCEPTABLE,Text auto-wraps cleanly within ImGui / SoH proportional font renderer
Hint::RHT_POT_LON_LON_RANCH::312,RANDOMIZER,59,1,1,LINE_WIDTH_WARNING,ACCEPTABLE,Text auto-wraps cleanly within ImGui / SoH proportional font renderer
Hint::RHT_POT_TALONS_HOUSE::313,RANDOMIZER,64,1,1,LINE_WIDTH_WARNING,ACCEPTABLE,Text auto-wraps cleanly within ImGui / SoH proportional font renderer
Hint::RHT_POT_WEB_GROTTO::314,RANDOMIZER,73,1,1,LINE_WIDTH_WARNING,ACCEPTABLE,Text auto-wraps cleanly within ImGui / SoH proportional font renderer
Hint::RHT_POT_MUD_WALL_GROTTO::315,RANDOMIZER,59,1,1,LINE_WIDTH_WARNING,ACCEPTABLE,Text auto-wraps cleanly within ImGui / SoH proportional font renderer
Hint::RHT_KOKIRI_FOREST_RUPEE::316,RANDOMIZER,59,1,1,LINE_WIDTH_WARNING,ACCEPTABLE,Text auto-wraps cleanly within ImGui / SoH proportional font renderer
Hint::RHT_KOKIRI_FOREST_HEART::317,RANDOMIZER,60,1,1,LINE_WIDTH_WARNING,ACCEPTABLE,Text auto-wraps cleanly within ImGui / SoH proportional font renderer
Hint::RHT_SARIAS_HOUSE_HEART::318,RANDOMIZER,70,1,1,LINE_WIDTH_WARNING,ACCEPTABLE,Text auto-wraps cleanly within ImGui / SoH proportional font renderer
Hint::RHT_LOST_WOODS_RUPEE::319,RANDOMIZER,63,1,1,LINE_WIDTH_WARNING,ACCEPTABLE,Text auto-wraps cleanly within ImGui / SoH proportional font renderer
Hint::RHT_LOST_WOODS_SHORTCUT_RUPEE::320,RANDOMIZER,64,1,1,LINE_WIDTH_WARNING,ACCEPTABLE,Text auto-wraps cleanly within ImGui / SoH proportional font renderer
Hint::RHT_LAKE_HYLIA_RUPEE::321,RANDOMIZER,66,1,1,LINE_WIDTH_WARNING,ACCEPTABLE,Text auto-wraps cleanly within ImGui / SoH proportional font renderer
Hint::RHT_LABORATORY_RUPEE::322,RANDOMIZER,56,1,1,LINE_WIDTH_WARNING,ACCEPTABLE,Text auto-wraps cleanly within ImGui / SoH proportional font renderer
Hint::RHT_DAMPES_GRAVE_RUPEE::323,RANDOMIZER,71,1,1,LINE_WIDTH_WARNING,ACCEPTABLE,Text auto-wraps cleanly within ImGui / SoH proportional font renderer
Hint::RHT_GERUDO_VALLEY_GROTTO_RUPEE::324,RANDOMIZER,66,1,1,LINE_WIDTH_WARNING,ACCEPTABLE,Text auto-wraps cleanly within ImGui / SoH proportional font renderer
Hint::RHT_DEATH_MOUNTAIN_TRAIL_RUPEE::325,RANDOMIZER,78,1,1,LINE_WIDTH_WARNING,ACCEPTABLE,Text auto-wraps cleanly within ImGui / SoH proportional font renderer
Hint::RHT_DEATH_MOUNTAIN_TRAIL_GROTTO_HEART::326,RANDOMIZER,67,1,1,LINE_WIDTH_WARNING,ACCEPTABLE,Text auto-wraps cleanly within ImGui / SoH proportional font renderer
Hint::RHT_DEATH_MOUNTAIN_TRAIL_GROTTO_RUPEE::327,RANDOMIZER,67,1,1,LINE_WIDTH_WARNING,ACCEPTABLE,Text auto-wraps cleanly within ImGui / SoH proportional font renderer
Hint::RHT_DEATH_MOUNTAIN_CRATER_RUPEE::328,RANDOMIZER,79,1,1,LINE_WIDTH_WARNING,ACCEPTABLE,Text auto-wraps cleanly within ImGui / SoH proportional font renderer
Hint::RHT_ZORAS_RIVER_WATERFALL_RUPEE::329,RANDOMIZER,82,1,1,LINE_WIDTH_WARNING,ACCEPTABLE,Text auto-wraps cleanly within ImGui / SoH proportional font renderer
Hint::RHT_ZORAS_FOUNTAIN_RUPEE::330,RANDOMIZER,82,1,1,LINE_WIDTH_WARNING,ACCEPTABLE,Text auto-wraps cleanly within ImGui / SoH proportional font renderer
Hint::RHT_SFM_FAIRY_GROTTO_FAIRY::331,RANDOMIZER,73,1,1,LINE_WIDTH_WARNING,ACCEPTABLE,Text auto-wraps cleanly within ImGui / SoH proportional font renderer
Hint::RHT_ZR_FAIRY_GROTTO_FAIRY::332,RANDOMIZER,60,1,1,LINE_WIDTH_WARNING,ACCEPTABLE,Text auto-wraps cleanly within ImGui / SoH proportional font renderer
Hint::RHT_HF_FAIRY_GROTTO_FAIRY::333,RANDOMIZER,94,1,1,LINE_WIDTH_WARNING,ACCEPTABLE,Text auto-wraps cleanly within ImGui / SoH proportional font renderer
Hint::RHT_ZD_FAIRY_GROTTO_FAIRY::334,RANDOMIZER,75,1,1,LINE_WIDTH_WARNING,ACCEPTABLE,Text auto-wraps cleanly within ImGui / SoH proportional font renderer
Hint::RHT_GF_FAIRY_GROTTO_FAIRY::335,RANDOMIZER,78,1,1,LINE_WIDTH_WARNING,ACCEPTABLE,Text auto-wraps cleanly within ImGui / SoH proportional font renderer
Hint::RHT_GRAVEYARD_SHIELD_GRAVE_FAIRY::336,RANDOMIZER,88,1,1,LINE_WIDTH_WARNING,ACCEPTABLE,Text auto-wraps cleanly within ImGui / SoH proportional font renderer
Hint::RHT_COLOSSUS_OASIS_FAIRY::337,RANDOMIZER,56,1,1,LINE_WIDTH_WARNING,ACCEPTABLE,Text auto-wraps cleanly within ImGui / SoH proportional font renderer
Hint::RHT_ZR_BEAN_SPROUT_FAIRY::338,RANDOMIZER,66,1,1,LINE_WIDTH_WARNING,ACCEPTABLE,Text auto-wraps cleanly within ImGui / SoH proportional font renderer
Hint::RHT_KF_BEAN_SPROUT_FAIRY::339,RANDOMIZER,77,1,1,LINE_WIDTH_WARNING,ACCEPTABLE,Text auto-wraps cleanly within ImGui / SoH proportional font renderer
Hint::RHT_LW_BEAN_SPROUT_NEAR_BRIDGE_FAIRY::340,RANDOMIZER,76,1,1,LINE_WIDTH_WARNING,ACCEPTABLE,Text auto-wraps cleanly within ImGui / SoH proportional font renderer
Hint::RHT_LW_BEAN_SPROUT_NEAR_THEATER_FAIRY::341,RANDOMIZER,73,1,1,LINE_WIDTH_WARNING,ACCEPTABLE,Text auto-wraps cleanly within ImGui / SoH proportional font renderer
Hint::RHT_LH_BEAN_SPROUT_FAIRY::342,RANDOMIZER,68,1,1,LINE_WIDTH_WARNING,ACCEPTABLE,Text auto-wraps cleanly within ImGui / SoH proportional font renderer
Hint::RHT_GV_BEAN_SPROUT_FAIRY::343,RANDOMIZER,66,1,1,LINE_WIDTH_WARNING,ACCEPTABLE,Text auto-wraps cleanly within ImGui / SoH proportional font renderer
Hint::RHT_COLOSSUS_BEAN_SPROUT_FAIRY::344,RANDOMIZER,77,1,1,LINE_WIDTH_WARNING,ACCEPTABLE,Text auto-wraps cleanly within ImGui / SoH proportional font renderer
Hint::RHT_GRAVEYARD_BEAN_SPROUT_FAIRY::345,RANDOMIZER,70,1,1,LINE_WIDTH_WARNING,ACCEPTABLE,Text auto-wraps cleanly within ImGui / SoH proportional font renderer
Hint::RHT_DMC_BEAN_SPROUT_FAIRY::346,RANDOMIZER,66,1,1,LINE_WIDTH_WARNING,ACCEPTABLE,Text auto-wraps cleanly within ImGui / SoH proportional font renderer
Hint::RHT_DMT_BEAN_SPROUT_FAIRY::347,RANDOMIZER,73,1,1,LINE_WIDTH_WARNING,ACCEPTABLE,Text auto-wraps cleanly within ImGui / SoH proportional font renderer
Hint::RHT_TOT_GOSSIP_STONE_FAIRY::348,RANDOMIZER,94,1,1,LINE_WIDTH_WARNING,ACCEPTABLE,Text auto-wraps cleanly within ImGui / SoH proportional font renderer
Hint::RHT_TOT_GOSSIP_STONE_FAIRY_BIG::349,RANDOMIZER,105,1,1,LINE_WIDTH_WARNING,ACCEPTABLE,Text auto-wraps cleanly within ImGui / SoH proportional font renderer
Hint::RHT_DMC_GOSSIP_STONE_FAIRY::350,RANDOMIZER,87,1,1,LINE_WIDTH_WARNING,ACCEPTABLE,Text auto-wraps cleanly within ImGui / SoH proportional font renderer
Hint::RHT_DMC_GOSSIP_STONE_FAIRY_BIG::351,RANDOMIZER,98,1,1,LINE_WIDTH_WARNING,ACCEPTABLE,Text auto-wraps cleanly within ImGui / SoH proportional font renderer
Hint::RHT_DMT_GOSSIP_STONE_FAIRY::352,RANDOMIZER,100,1,1,LINE_WIDTH_WARNING,ACCEPTABLE,Text auto-wraps cleanly within ImGui / SoH proportional font renderer
Hint::RHT_DMT_GOSSIP_STONE_FAIRY_BIG::353,RANDOMIZER,111,1,1,LINE_WIDTH_WARNING,ACCEPTABLE,Text auto-wraps cleanly within ImGui / SoH proportional font renderer
Hint::RHT_COLOSSUS_GOSSIP_STONE_FAIRY::354,RANDOMIZER,96,1,1,LINE_WIDTH_WARNING,ACCEPTABLE,Text auto-wraps cleanly within ImGui / SoH proportional font renderer
Hint::RHT_COLOSSUS_GOSSIP_STONE_FAIRY_BIG::355,RANDOMIZER,107,1,1,LINE_WIDTH_WARNING,ACCEPTABLE,Text auto-wraps cleanly within ImGui / SoH proportional font renderer
Hint::RHT_GV_GOSSIP_STONE_FAIRY::356,RANDOMIZER,98,1,1,LINE_WIDTH_WARNING,ACCEPTABLE,Text auto-wraps cleanly within ImGui / SoH proportional font renderer
Hint::RHT_GV_GOSSIP_STONE_FAIRY_BIG::357,RANDOMIZER,109,1,1,LINE_WIDTH_WARNING,ACCEPTABLE,Text auto-wraps cleanly within ImGui / SoH proportional font renderer
Hint::RHT_GC_MAZE_GOSSIP_STONE_FAIRY::358,RANDOMIZER,99,1,1,LINE_WIDTH_WARNING,ACCEPTABLE,Text auto-wraps cleanly within ImGui / SoH proportional font renderer
Hint::RHT_GC_MAZE_GOSSIP_STONE_FAIRY_BIG::359,RANDOMIZER,110,1,1,LINE_WIDTH_WARNING,ACCEPTABLE,Text auto-wraps cleanly within ImGui / SoH proportional font renderer
Hint::RHT_GC_MEDIGORON_GOSSIP_STONE_FAIRY::360,RANDOMIZER,87,1,1,LINE_WIDTH_WARNING,ACCEPTABLE,Text auto-wraps cleanly within ImGui / SoH proportional font renderer
Hint::RHT_GC_MEDIGORON_GOSSIP_STONE_FAIRY_BIG::361,RANDOMIZER,98,1,1,LINE_WIDTH_WARNING,ACCEPTABLE,Text auto-wraps cleanly within ImGui / SoH proportional font renderer
Hint::RHT_GRAVEYARD_GOSSIP_STONE_FAIRY::362,RANDOMIZER,92,1,1,LINE_WIDTH_WARNING,ACCEPTABLE,Text auto-wraps cleanly within ImGui / SoH proportional font renderer
Hint::RHT_GRAVEYARD_GOSSIP_STONE_FAIRY_BIG::363,RANDOMIZER,103,1,1,LINE_WIDTH_WARNING,ACCEPTABLE,Text auto-wraps cleanly within ImGui / SoH proportional font renderer
Hint::RHT_HC_MALON_GOSSIP_STONE_FAIRY::364,RANDOMIZER,106,1,1,LINE_WIDTH_WARNING,ACCEPTABLE,Text auto-wraps cleanly within ImGui / SoH proportional font renderer
Hint::RHT_HC_MALON_GOSSIP_STONE_FAIRY_BIG::365,RANDOMIZER,117,1,1,LINE_WIDTH_WARNING,ACCEPTABLE,Text auto-wraps cleanly within ImGui / SoH proportional font renderer
Hint::RHT_HC_ROCK_WALL_GOSSIP_STONE_FAIRY::366,RANDOMIZER,106,1,1,LINE_WIDTH_WARNING,ACCEPTABLE,Text auto-wraps cleanly within ImGui / SoH proportional font renderer
Hint::RHT_HC_ROCK_WALL_GOSSIP_STONE_FAIRY_BIG::367,RANDOMIZER,117,1,1,LINE_WIDTH_WARNING,ACCEPTABLE,Text auto-wraps cleanly within ImGui / SoH proportional font renderer
Hint::RHT_HC_STORMS_GROTTO_GOSSIP_STONE_FAIRY::368,RANDOMIZER,87,1,1,LINE_WIDTH_WARNING,ACCEPTABLE,Text auto-wraps cleanly within ImGui / SoH proportional font renderer
Hint::RHT_HC_STORMS_GROTTO_GOSSIP_STONE_FAIRY_BIG::369,RANDOMIZER,98,1,1,LINE_WIDTH_WARNING,ACCEPTABLE,Text auto-wraps cleanly within ImGui / SoH proportional font renderer
Hint::RHT_KF_DEKU_TREE_GOSSIP_STONE_FAIRY::370,RANDOMIZER,95,1,1,LINE_WIDTH_WARNING,ACCEPTABLE,Text auto-wraps cleanly within ImGui / SoH proportional font renderer
Hint::RHT_KF_DEKU_TREE_GOSSIP_STONE_FAIRY_BIG::371,RANDOMIZER,106,1,1,LINE_WIDTH_WARNING,ACCEPTABLE,Text auto-wraps cleanly within ImGui / SoH proportional font renderer
Hint::RHT_KF_GOSSIP_STONE_FAIRY::372,RANDOMIZER,99,1,1,LINE_WIDTH_WARNING,ACCEPTABLE,Text auto-wraps cleanly within ImGui / SoH proportional font renderer
Hint::RHT_KF_GOSSIP_STONE_FAIRY_BIG::373,RANDOMIZER,110,1,1,LINE_WIDTH_WARNING,ACCEPTABLE,Text auto-wraps cleanly within ImGui / SoH proportional font renderer
Hint::RHT_KF_STORMS_GROTTO_GOSSIP_STONE_FAIRY::374,RANDOMIZER,98,1,1,LINE_WIDTH_WARNING,ACCEPTABLE,Text auto-wraps cleanly within ImGui / SoH proportional font renderer
Hint::RHT_KF_STORMS_GROTTO_GOSSIP_STONE_FAIRY_BIG::375,RANDOMIZER,109,1,1,LINE_WIDTH_WARNING,ACCEPTABLE,Text auto-wraps cleanly within ImGui / SoH proportional font renderer
Hint::RHT_LH_LAB_GOSSIP_STONE_FAIRY::376,RANDOMIZER,106,1,1,LINE_WIDTH_WARNING,ACCEPTABLE,Text auto-wraps cleanly within ImGui / SoH proportional font renderer
Hint::RHT_LH_LAB_GOSSIP_STONE_FAIRY_BIG::377,RANDOMIZER,117,1,1,LINE_WIDTH_WARNING,ACCEPTABLE,Text auto-wraps cleanly within ImGui / SoH proportional font renderer
Hint::RHT_LH_SOUTHEAST_GOSSIP_STONE_FAIRY::378,RANDOMIZER,98,1,1,LINE_WIDTH_WARNING,ACCEPTABLE,Text auto-wraps cleanly within ImGui / SoH proportional font renderer
Hint::RHT_LH_SOUTHEAST_GOSSIP_STONE_FAIRY_BIG::379,RANDOMIZER,109,1,1,LINE_WIDTH_WARNING,ACCEPTABLE,Text auto-wraps cleanly within ImGui / SoH proportional font renderer
Hint::RHT_LH_SOUTHWEST_GOSSIP_STONE_FAIRY::380,RANDOMIZER,98,1,1,LINE_WIDTH_WARNING,ACCEPTABLE,Text auto-wraps cleanly within ImGui / SoH proportional font renderer
Hint::RHT_LH_SOUTHWEST_GOSSIP_STONE_FAIRY_BIG::381,RANDOMIZER,109,1,1,LINE_WIDTH_WARNING,ACCEPTABLE,Text auto-wraps cleanly within ImGui / SoH proportional font renderer
Hint::RHT_LW_GOSSIP_STONE_FAIRY::382,RANDOMIZER,95,1,1,LINE_WIDTH_WARNING,ACCEPTABLE,Text auto-wraps cleanly within ImGui / SoH proportional font renderer
Hint::RHT_LW_GOSSIP_STONE_FAIRY_BIG::383,RANDOMIZER,106,1,1,LINE_WIDTH_WARNING,ACCEPTABLE,Text auto-wraps cleanly within ImGui / SoH proportional font renderer
Hint::RHT_SFM_MAZE_GOSSIP_STONE_FAIRY::384,RANDOMIZER,102,1,1,LINE_WIDTH_WARNING,ACCEPTABLE,Text auto-wraps cleanly within ImGui / SoH proportional font renderer
Hint::RHT_SFM_MAZE_GOSSIP_STONE_FAIRY_BIG::385,RANDOMIZER,113,1,1,LINE_WIDTH_WARNING,ACCEPTABLE,Text auto-wraps cleanly within ImGui / SoH proportional font renderer
Hint::RHT_SFM_SARIA_GOSSIP_STONE_FAIRY::386,RANDOMIZER,104,1,1,LINE_WIDTH_WARNING,ACCEPTABLE,Text auto-wraps cleanly within ImGui / SoH proportional font renderer
Hint::RHT_SFM_SARIA_GOSSIP_STONE_FAIRY_BIG::387,RANDOMIZER,115,1,1,LINE_WIDTH_WARNING,ACCEPTABLE,Text auto-wraps cleanly within ImGui / SoH proportional font renderer
Hint::RHT_ZD_GOSSIP_STONE_FAIRY::388,RANDOMIZER,97,1,1,LINE_WIDTH_WARNING,ACCEPTABLE,Text auto-wraps cleanly within ImGui / SoH proportional font renderer
Hint::RHT_ZD_GOSSIP_STONE_FAIRY_BIG::389,RANDOMIZER,108,1,1,LINE_WIDTH_WARNING,ACCEPTABLE,Text auto-wraps cleanly within ImGui / SoH proportional font renderer
Hint::RHT_ZF_FAIRY_GOSSIP_STONE_FAIRY::390,RANDOMIZER,105,1,1,LINE_WIDTH_WARNING,ACCEPTABLE,Text auto-wraps cleanly within ImGui / SoH proportional font renderer
Hint::RHT_ZF_FAIRY_GOSSIP_STONE_FAIRY_BIG::391,RANDOMIZER,116,1,1,LINE_WIDTH_WARNING,ACCEPTABLE,Text auto-wraps cleanly within ImGui / SoH proportional font renderer
Hint::RHT_ZF_JABU_GOSSIP_STONE_FAIRY::392,RANDOMIZER,100,1,1,LINE_WIDTH_WARNING,ACCEPTABLE,Text auto-wraps cleanly within ImGui / SoH proportional font renderer
Hint::RHT_ZF_JABU_GOSSIP_STONE_FAIRY_BIG::393,RANDOMIZER,111,1,1,LINE_WIDTH_WARNING,ACCEPTABLE,Text auto-wraps cleanly within ImGui / SoH proportional font renderer
Hint::RHT_ZR_NEAR_GROTTOS_GOSSIP_STONE_FAIRY::394,RANDOMIZER,85,1,1,LINE_WIDTH_WARNING,ACCEPTABLE,Text auto-wraps cleanly within ImGui / SoH proportional font renderer
Hint::RHT_ZR_NEAR_GROTTOS_GOSSIP_STONE_FAIRY_BIG::395,RANDOMIZER,96,1,1,LINE_WIDTH_WARNING,ACCEPTABLE,Text auto-wraps cleanly within ImGui / SoH proportional font renderer
Hint::RHT_ZR_NEAR_DOMAIN_GOSSIP_STONE_FAIRY::396,RANDOMIZER,89,1,1,LINE_WIDTH_WARNING,ACCEPTABLE,Text auto-wraps cleanly within ImGui / SoH proportional font renderer
Hint::RHT_ZR_NEAR_DOMAIN_GOSSIP_STONE_FAIRY_BIG::397,RANDOMIZER,100,1,1,LINE_WIDTH_WARNING,ACCEPTABLE,Text auto-wraps cleanly within ImGui / SoH proportional font renderer
Hint::RHT_HF_COW_GROTTO_GOSSIP_STONE_FAIRY::398,RANDOMIZER,95,1,1,LINE_WIDTH_WARNING,ACCEPTABLE,Text auto-wraps cleanly within ImGui / SoH proportional font renderer
Hint::RHT_HF_COW_GROTTO_GOSSIP_STONE_FAIRY_BIG::399,RANDOMIZER,106,1,1,LINE_WIDTH_WARNING,ACCEPTABLE,Text auto-wraps cleanly within ImGui / SoH proportional font renderer
Hint::RHT_HF_NEAR_MARKET_GROTTO_GOSSIP_STONE_FAIRY::400,RANDOMIZER,99,1,1,LINE_WIDTH_WARNING,ACCEPTABLE,Text auto-wraps cleanly within ImGui / SoH proportional font renderer
Hint::RHT_HF_NEAR_MARKET_GROTTO_GOSSIP_STONE_FAIRY_BIG::401,RANDOMIZER,110,1,1,LINE_WIDTH_WARNING,ACCEPTABLE,Text auto-wraps cleanly within ImGui / SoH proportional font renderer
Hint::RHT_HF_SOUTHEAST_GROTTO_GOSSIP_STONE_FAIRY::402,RANDOMIZER,111,1,1,LINE_WIDTH_WARNING,ACCEPTABLE,Text auto-wraps cleanly within ImGui / SoH proportional font renderer
Hint::RHT_HF_SOUTHEAST_GROTTO_GOSSIP_STONE_FAIRY_BIG::403,RANDOMIZER,122,1,1,LINE_WIDTH_WARNING,ACCEPTABLE,Text auto-wraps cleanly within ImGui / SoH proportional font renderer
Hint::RHT_KAK_OPEN_GROTTO_GOSSIP_STONE_FAIRY::404,RANDOMIZER,109,1,1,LINE_WIDTH_WARNING,ACCEPTABLE,Text auto-wraps cleanly within ImGui / SoH proportional font renderer
Hint::RHT_KAK_OPEN_GROTTO_GOSSIP_STONE_FAIRY_BIG::405,RANDOMIZER,120,1,1,LINE_WIDTH_WARNING,ACCEPTABLE,Text auto-wraps cleanly within ImGui / SoH proportional font renderer
Hint::RHT_ZR_OPEN_GROTTO_GOSSIP_STONE_FAIRY::406,RANDOMIZER,103,1,1,LINE_WIDTH_WARNING,ACCEPTABLE,Text auto-wraps cleanly within ImGui / SoH proportional font renderer
Hint::RHT_ZR_OPEN_GROTTO_GOSSIP_STONE_FAIRY_BIG::407,RANDOMIZER,114,1,1,LINE_WIDTH_WARNING,ACCEPTABLE,Text auto-wraps cleanly within ImGui / SoH proportional font renderer
Hint::RHT_LW_NEAR_SHORTCUTS_GROTTO_GOSSIP_STONE_FAIRY::408,RANDOMIZER,99,1,1,LINE_WIDTH_WARNING,ACCEPTABLE,Text auto-wraps cleanly within ImGui / SoH proportional font renderer
Hint::RHT_LW_NEAR_SHORTCUTS_GROTTO_GOSSIP_STONE_FAIRY_BIG::409,RANDOMIZER,110,1,1,LINE_WIDTH_WARNING,ACCEPTABLE,Text auto-wraps cleanly within ImGui / SoH proportional font renderer
Hint::RHT_DMT_STORMS_GROTTO_GOSSIP_STONE_FAIRY::410,RANDOMIZER,122,1,1,LINE_WIDTH_WARNING,ACCEPTABLE,Text auto-wraps cleanly within ImGui / SoH proportional font renderer
Hint::RHT_DMT_STORMS_GROTTO_GOSSIP_STONE_FAIRY_BIG::411,RANDOMIZER,133,1,1,LINE_WIDTH_WARNING,ACCEPTABLE,Text auto-wraps cleanly within ImGui / SoH proportional font renderer
Hint::RHT_DMC_UPPER_GROTTO_GOSSIP_STONE_FAIRY::412,RANDOMIZER,99,1,1,LINE_WIDTH_WARNING,ACCEPTABLE,Text auto-wraps cleanly within ImGui / SoH proportional font renderer
Hint::RHT_DMC_UPPER_GROTTO_GOSSIP_STONE_FAIRY_BIG::413,RANDOMIZER,110,1,1,LINE_WIDTH_WARNING,ACCEPTABLE,Text auto-wraps cleanly within ImGui / SoH proportional font renderer
Hint::RHT_LH_ISLAND_SUN_FAIRY::414,RANDOMIZER,61,1,1,LINE_WIDTH_WARNING,ACCEPTABLE,Text auto-wraps cleanly within ImGui / SoH proportional font renderer
Hint::RHT_HF_POND_STORMS_FAIRY::415,RANDOMIZER,63,1,1,LINE_WIDTH_WARNING,ACCEPTABLE,Text auto-wraps cleanly within ImGui / SoH proportional font renderer
Hint::RHT_HF_FENCE_GROTTO_STORMS_FAIRY::416,RANDOMIZER,66,1,1,LINE_WIDTH_WARNING,ACCEPTABLE,Text auto-wraps cleanly within ImGui / SoH proportional font renderer
Hint::RHT_DMT_FLAG_SUN_FAIRY::417,RANDOMIZER,74,1,1,LINE_WIDTH_WARNING,ACCEPTABLE,Text auto-wraps cleanly within ImGui / SoH proportional font renderer
Hint::RHT_DMT_COW_GROTTO_STORMS_FAIRY::418,RANDOMIZER,70,1,1,LINE_WIDTH_WARNING,ACCEPTABLE,Text auto-wraps cleanly within ImGui / SoH proportional font renderer
Hint::RHT_LW_SHORTCUT_STORMS_FAIRY::419,RANDOMIZER,62,1,1,LINE_WIDTH_WARNING,ACCEPTABLE,Text auto-wraps cleanly within ImGui / SoH proportional font renderer
Hint::RHT_TH_KITCHEN_SUN_FAIRY::420,RANDOMIZER,65,1,1,LINE_WIDTH_WARNING,ACCEPTABLE,Text auto-wraps cleanly within ImGui / SoH proportional font renderer
Hint::RHT_LW_DEKU_SCRUB_GROTTO_SUN_FAIRY::421,RANDOMIZER,79,1,1,LINE_WIDTH_WARNING,ACCEPTABLE,Text auto-wraps cleanly within ImGui / SoH proportional font renderer
Hint::RHT_GRAVEYARD_ROYAL_FAMILYS_TOMB_SUN_FAIRY::422,RANDOMIZER,58,1,1,LINE_WIDTH_WARNING,ACCEPTABLE,Text auto-wraps cleanly within ImGui / SoH proportional font renderer
Hint::RHT_KF_GRASS::423,RANDOMIZER,63,1,1,LINE_WIDTH_WARNING,ACCEPTABLE,Text auto-wraps cleanly within ImGui / SoH proportional font renderer
Hint::RHT_LW_GRASS::424,RANDOMIZER,65,1,1,LINE_WIDTH_WARNING,ACCEPTABLE,Text auto-wraps cleanly within ImGui / SoH proportional font renderer
Hint::RHT_MARKET_GRASS::425,RANDOMIZER,64,1,1,LINE_WIDTH_WARNING,ACCEPTABLE,Text auto-wraps cleanly within ImGui / SoH proportional font renderer
Hint::RHT_HC_GRASS::426,RANDOMIZER,69,1,1,LINE_WIDTH_WARNING,ACCEPTABLE,Text auto-wraps cleanly within ImGui / SoH proportional font renderer
Hint::RHT_KAK_GRASS::427,RANDOMIZER,63,1,1,LINE_WIDTH_WARNING,ACCEPTABLE,Text auto-wraps cleanly within ImGui / SoH proportional font renderer
Hint::RHT_GY_GRASS::428,RANDOMIZER,67,1,1,LINE_WIDTH_WARNING,ACCEPTABLE,Text auto-wraps cleanly within ImGui / SoH proportional font renderer
Hint::RHT_LH_GRASS::429,RANDOMIZER,67,1,1,LINE_WIDTH_WARNING,ACCEPTABLE,Text auto-wraps cleanly within ImGui / SoH proportional font renderer
Hint::RHT_HF_GRASS::430,RANDOMIZER,62,1,1,LINE_WIDTH_WARNING,ACCEPTABLE,Text auto-wraps cleanly within ImGui / SoH proportional font renderer
Hint::RHT_ZR_GRASS::431,RANDOMIZER,66,1,1,LINE_WIDTH_WARNING,ACCEPTABLE,Text auto-wraps cleanly within ImGui / SoH proportional font renderer
Hint::RHT_GROTTO_GRASS::432,RANDOMIZER,63,1,1,LINE_WIDTH_WARNING,ACCEPTABLE,Text auto-wraps cleanly within ImGui / SoH proportional font renderer
Hint::RHT_CRATE_GERUDO_VALLEY::433,RANDOMIZER,55,1,1,LINE_WIDTH_WARNING,ACCEPTABLE,Text auto-wraps cleanly within ImGui / SoH proportional font renderer
Hint::RHT_CRATE_GERUDOS_FORTRESS::434,RANDOMIZER,59,1,1,LINE_WIDTH_WARNING,ACCEPTABLE,Text auto-wraps cleanly within ImGui / SoH proportional font renderer
Hint::RHT_CRATE_WASTELAND::435,RANDOMIZER,59,1,1,LINE_WIDTH_WARNING,ACCEPTABLE,Text auto-wraps cleanly within ImGui / SoH proportional font renderer
Hint::RHT_CRATE_KAKARIKO_VILLAGE::437,RANDOMIZER,57,1,1,LINE_WIDTH_WARNING,ACCEPTABLE,Text auto-wraps cleanly within ImGui / SoH proportional font renderer
Hint::RHT_CRATE_GRAVEYARD::438,RANDOMIZER,53,1,1,LINE_WIDTH_WARNING,ACCEPTABLE,Text auto-wraps cleanly within ImGui / SoH proportional font renderer
Hint::RHT_CRATE_GORON_CITY::439,RANDOMIZER,55,1,1,LINE_WIDTH_WARNING,ACCEPTABLE,Text auto-wraps cleanly within ImGui / SoH proportional font renderer
Hint::RHT_CRATE_DEATH_MOUNTAIN_CRATER::440,RANDOMIZER,72,1,1,LINE_WIDTH_WARNING,ACCEPTABLE,Text auto-wraps cleanly within ImGui / SoH proportional font renderer
Hint::RHT_CRATE_LON_LON_RANCH::441,RANDOMIZER,57,1,1,LINE_WIDTH_WARNING,ACCEPTABLE,Text auto-wraps cleanly within ImGui / SoH proportional font renderer
Hint::RHT_CRATE_LAKESIDE_LABORATORY::442,RANDOMIZER,54,1,1,LINE_WIDTH_WARNING,ACCEPTABLE,Text auto-wraps cleanly within ImGui / SoH proportional font renderer
Hint::RHT_TREE_HYRULE_FIELD::443,RANDOMIZER,55,1,1,LINE_WIDTH_WARNING,ACCEPTABLE,Text auto-wraps cleanly within ImGui / SoH proportional font renderer
Hint::RHT_TREE_MARKET::444,RANDOMIZER,57,1,1,LINE_WIDTH_WARNING,ACCEPTABLE,Text auto-wraps cleanly within ImGui / SoH proportional font renderer
Hint::RHT_TREE_HYRULE_CASTLE::445,RANDOMIZER,58,1,1,LINE_WIDTH_WARNING,ACCEPTABLE,Text auto-wraps cleanly within ImGui / SoH proportional font renderer
Hint::RHT_TREE_ZORAS_RIVER::446,RANDOMIZER,51,1,1,LINE_WIDTH_WARNING,ACCEPTABLE,Text auto-wraps cleanly within ImGui / SoH proportional font renderer
Hint::RHT_TREE_ZORAS_FOUNTAIN::447,RANDOMIZER,54,1,1,LINE_WIDTH_WARNING,ACCEPTABLE,Text auto-wraps cleanly within ImGui / SoH proportional font renderer
Hint::RHT_TREE_LON_LON_RANCH::448,RANDOMIZER,57,1,1,LINE_WIDTH_WARNING,ACCEPTABLE,Text auto-wraps cleanly within ImGui / SoH proportional font renderer
Hint::RHT_GERUDO_TRAINING_GROUND_SMALL_KEY::488,RANDOMIZER,51,1,1,LINE_WIDTH_WARNING,ACCEPTABLE,Text auto-wraps cleanly within ImGui / SoH proportional font renderer
Hint::RHT_FOREST_TEMPLE_KEY_RING::519,RANDOMIZER,51,1,1,LINE_WIDTH_WARNING,ACCEPTABLE,Text auto-wraps cleanly within ImGui / SoH proportional font renderer
Hint::RHT_SHADOW_TEMPLE_KEY_RING::543,RANDOMIZER,55,1,1,LINE_WIDTH_WARNING,ACCEPTABLE,Text auto-wraps cleanly within ImGui / SoH proportional font renderer
Hint::RHT_GERUDO_TRAINING_GROUND_KEY_RING::549,RANDOMIZER,53,1,1,LINE_WIDTH_WARNING,ACCEPTABLE,Text auto-wraps cleanly within ImGui / SoH proportional font renderer
Hint::RHT_GERUDO_FORTRESS_KEY_RING::555,RANDOMIZER,53,1,1,LINE_WIDTH_WARNING,ACCEPTABLE,Text auto-wraps cleanly within ImGui / SoH proportional font renderer
Hint::RHT_TREASURE_GAME_SMALL_KEY::571,RANDOMIZER,51,1,1,LINE_WIDTH_WARNING,ACCEPTABLE,Text auto-wraps cleanly within ImGui / SoH proportional font renderer
Hint::RHT_TREASURE_GAME_KEY_RING::579,RANDOMIZER,52,1,1,LINE_WIDTH_WARNING,ACCEPTABLE,Text auto-wraps cleanly within ImGui / SoH proportional font renderer
Hint::RHT_KF_LINKS_HOUSE_COW::5,RANDOMIZER,63,1,1,LINE_WIDTH_WARNING,ACCEPTABLE,Text auto-wraps cleanly within ImGui / SoH proportional font renderer
Hint::RHT_KF_LINKS_HOUSE_COW::6,RANDOMIZER,70,1,1,LINE_WIDTH_WARNING,ACCEPTABLE,Text auto-wraps cleanly within ImGui / SoH proportional font renderer
Hint::RHT_KAK_100_GOLD_SKULLTULA_REWARD::7,RANDOMIZER,54,1,1,LINE_WIDTH_WARNING,ACCEPTABLE,Text auto-wraps cleanly within ImGui / SoH proportional font renderer
Hint::RHT_KAK_100_GOLD_SKULLTULA_REWARD::8,RANDOMIZER,54,1,1,LINE_WIDTH_WARNING,ACCEPTABLE,Text auto-wraps cleanly within ImGui / SoH proportional font renderer
Hint::RHT_KAK_100_GOLD_SKULLTULA_REWARD::10,RANDOMIZER,53,1,1,LINE_WIDTH_WARNING,ACCEPTABLE,Text auto-wraps cleanly within ImGui / SoH proportional font renderer
Hint::RHT_SONG_FROM_ROYAL_FAMILYS_TOMB::12,RANDOMIZER,71,1,1,LINE_WIDTH_WARNING,ACCEPTABLE,Text auto-wraps cleanly within ImGui / SoH proportional font renderer
Hint::RHT_SHEIK_AT_TEMPLE::14,RANDOMIZER,70,1,1,LINE_WIDTH_WARNING,ACCEPTABLE,Text auto-wraps cleanly within ImGui / SoH proportional font renderer
Hint::RHT_SHEIK_AT_COLOSSUS::18,RANDOMIZER,85,1,1,LINE_WIDTH_WARNING,ACCEPTABLE,Text auto-wraps cleanly within ImGui / SoH proportional font renderer
Hint::RHT_MARKET_10_BIG_POES::20,RANDOMIZER,69,1,1,LINE_WIDTH_WARNING,ACCEPTABLE,Text auto-wraps cleanly within ImGui / SoH proportional font renderer
Hint::RHT_DEKU_THEATER_MASK_OF_TRUTH::23,RANDOMIZER,64,1,1,LINE_WIDTH_WARNING,ACCEPTABLE,Text auto-wraps cleanly within ImGui / SoH proportional font renderer
Hint::RHT_HF_OCARINA_OF_TIME_ITEM::24,RANDOMIZER,61,1,1,LINE_WIDTH_WARNING,ACCEPTABLE,Text auto-wraps cleanly within ImGui / SoH proportional font renderer
Hint::RHT_KAK_50_GOLD_SKULLTULA_REWARD::28,RANDOMIZER,53,1,1,LINE_WIDTH_WARNING,ACCEPTABLE,Text auto-wraps cleanly within ImGui / SoH proportional font renderer
Hint::RHT_KAK_50_GOLD_SKULLTULA_REWARD::29,RANDOMIZER,53,1,1,LINE_WIDTH_WARNING,ACCEPTABLE,Text auto-wraps cleanly within ImGui / SoH proportional font renderer
Hint::RHT_KAK_50_GOLD_SKULLTULA_REWARD::31,RANDOMIZER,52,1,1,LINE_WIDTH_WARNING,ACCEPTABLE,Text auto-wraps cleanly within ImGui / SoH proportional font renderer
Hint::RHT_KAK_40_GOLD_SKULLTULA_REWARD::32,RANDOMIZER,53,1,1,LINE_WIDTH_WARNING,ACCEPTABLE,Text auto-wraps cleanly within ImGui / SoH proportional font renderer
Hint::RHT_KAK_40_GOLD_SKULLTULA_REWARD::33,RANDOMIZER,53,1,1,LINE_WIDTH_WARNING,ACCEPTABLE,Text auto-wraps cleanly within ImGui / SoH proportional font renderer
Hint::RHT_KAK_40_GOLD_SKULLTULA_REWARD::35,RANDOMIZER,52,1,1,LINE_WIDTH_WARNING,ACCEPTABLE,Text auto-wraps cleanly within ImGui / SoH proportional font renderer
Hint::RHT_KAK_30_GOLD_SKULLTULA_REWARD::36,RANDOMIZER,53,1,1,LINE_WIDTH_WARNING,ACCEPTABLE,Text auto-wraps cleanly within ImGui / SoH proportional font renderer
Hint::RHT_KAK_30_GOLD_SKULLTULA_REWARD::37,RANDOMIZER,53,1,1,LINE_WIDTH_WARNING,ACCEPTABLE,Text auto-wraps cleanly within ImGui / SoH proportional font renderer
Hint::RHT_KAK_30_GOLD_SKULLTULA_REWARD::39,RANDOMIZER,52,1,1,LINE_WIDTH_WARNING,ACCEPTABLE,Text auto-wraps cleanly within ImGui / SoH proportional font renderer
Hint::RHT_KAK_20_GOLD_SKULLTULA_REWARD::40,RANDOMIZER,53,1,1,LINE_WIDTH_WARNING,ACCEPTABLE,Text auto-wraps cleanly within ImGui / SoH proportional font renderer
Hint::RHT_KAK_20_GOLD_SKULLTULA_REWARD::41,RANDOMIZER,53,1,1,LINE_WIDTH_WARNING,ACCEPTABLE,Text auto-wraps cleanly within ImGui / SoH proportional font renderer
Hint::RHT_KAK_20_GOLD_SKULLTULA_REWARD::43,RANDOMIZER,52,1,1,LINE_WIDTH_WARNING,ACCEPTABLE,Text auto-wraps cleanly within ImGui / SoH proportional font renderer
Hint::RHT_KAK_TRADE_POCKET_CUCCO::47,RANDOMIZER,53,1,1,LINE_WIDTH_WARNING,ACCEPTABLE,Text auto-wraps cleanly within ImGui / SoH proportional font renderer
Hint::RHT_KAK_TRADE_ODD_MUSHROOM::48,RANDOMIZER,60,1,1,LINE_WIDTH_WARNING,ACCEPTABLE,Text auto-wraps cleanly within ImGui / SoH proportional font renderer
Hint::RHT_LW_TRADE_COJIRO::52,RANDOMIZER,52,1,1,LINE_WIDTH_WARNING,ACCEPTABLE,Text auto-wraps cleanly within ImGui / SoH proportional font renderer
Hint::RHT_LW_TRADE_ODD_POTION::53,RANDOMIZER,53,1,1,LINE_WIDTH_WARNING,ACCEPTABLE,Text auto-wraps cleanly within ImGui / SoH proportional font renderer
Hint::RHT_LH_TRADE_FROG::56,RANDOMIZER,70,1,1,LINE_WIDTH_WARNING,ACCEPTABLE,Text auto-wraps cleanly within ImGui / SoH proportional font renderer
Hint::RHT_MARKET_TREASURE_CHEST_GAME_REWARD::57,RANDOMIZER,55,1,1,LINE_WIDTH_WARNING,ACCEPTABLE,Text auto-wraps cleanly within ImGui / SoH proportional font renderer
Hint::RHT_MARKET_TREASURE_CHEST_GAME_REWARD::59,RANDOMIZER,55,1,1,LINE_WIDTH_WARNING,ACCEPTABLE,Text auto-wraps cleanly within ImGui / SoH proportional font renderer
Hint::RHT_MARKET_TREASURE_CHEST_GAME_ITEM_1::60,RANDOMIZER,77,1,1,LINE_WIDTH_WARNING,ACCEPTABLE,Text auto-wraps cleanly within ImGui / SoH proportional font renderer
Hint::RHT_MARKET_TREASURE_CHEST_GAME_ITEM_1::62,RANDOMIZER,63,1,1,LINE_WIDTH_WARNING,ACCEPTABLE,Text auto-wraps cleanly within ImGui / SoH proportional font renderer
Hint::RHT_MARKET_TREASURE_CHEST_GAME_ITEM_2::63,RANDOMIZER,77,1,1,LINE_WIDTH_WARNING,ACCEPTABLE,Text auto-wraps cleanly within ImGui / SoH proportional font renderer
Hint::RHT_MARKET_TREASURE_CHEST_GAME_ITEM_2::65,RANDOMIZER,62,1,1,LINE_WIDTH_WARNING,ACCEPTABLE,Text auto-wraps cleanly within ImGui / SoH proportional font renderer
Hint::RHT_MARKET_TREASURE_CHEST_GAME_ITEM_3::66,RANDOMIZER,77,1,1,LINE_WIDTH_WARNING,ACCEPTABLE,Text auto-wraps cleanly within ImGui / SoH proportional font renderer
Hint::RHT_MARKET_TREASURE_CHEST_GAME_ITEM_3::68,RANDOMIZER,61,1,1,LINE_WIDTH_WARNING,ACCEPTABLE,Text auto-wraps cleanly within ImGui / SoH proportional font renderer
Hint::RHT_MARKET_TREASURE_CHEST_GAME_ITEM_4::69,RANDOMIZER,76,1,1,LINE_WIDTH_WARNING,ACCEPTABLE,Text auto-wraps cleanly within ImGui / SoH proportional font renderer
Hint::RHT_MARKET_TREASURE_CHEST_GAME_ITEM_4::71,RANDOMIZER,63,1,1,LINE_WIDTH_WARNING,ACCEPTABLE,Text auto-wraps cleanly within ImGui / SoH proportional font renderer
Hint::RHT_MARKET_TREASURE_CHEST_GAME_ITEM_5::72,RANDOMIZER,76,1,1,LINE_WIDTH_WARNING,ACCEPTABLE,Text auto-wraps cleanly within ImGui / SoH proportional font renderer
Hint::RHT_MARKET_TREASURE_CHEST_GAME_ITEM_5::74,RANDOMIZER,62,1,1,LINE_WIDTH_WARNING,ACCEPTABLE,Text auto-wraps cleanly within ImGui / SoH proportional font renderer
Hint::RHT_MARKET_TREASURE_CHEST_GAME_KEY_1::75,RANDOMIZER,77,1,1,LINE_WIDTH_WARNING,ACCEPTABLE,Text auto-wraps cleanly within ImGui / SoH proportional font renderer
Hint::RHT_MARKET_TREASURE_CHEST_GAME_KEY_1::77,RANDOMIZER,63,1,1,LINE_WIDTH_WARNING,ACCEPTABLE,Text auto-wraps cleanly within ImGui / SoH proportional font renderer
Hint::RHT_MARKET_TREASURE_CHEST_GAME_KEY_2::78,RANDOMIZER,77,1,1,LINE_WIDTH_WARNING,ACCEPTABLE,Text auto-wraps cleanly within ImGui / SoH proportional font renderer
Hint::RHT_MARKET_TREASURE_CHEST_GAME_KEY_2::80,RANDOMIZER,62,1,1,LINE_WIDTH_WARNING,ACCEPTABLE,Text auto-wraps cleanly within ImGui / SoH proportional font renderer
Hint::RHT_MARKET_TREASURE_CHEST_GAME_KEY_3::81,RANDOMIZER,73,1,1,LINE_WIDTH_WARNING,ACCEPTABLE,Text auto-wraps cleanly within ImGui / SoH proportional font renderer
Hint::RHT_MARKET_TREASURE_CHEST_GAME_KEY_3::83,RANDOMIZER,61,1,1,LINE_WIDTH_WARNING,ACCEPTABLE,Text auto-wraps cleanly within ImGui / SoH proportional font renderer
Hint::RHT_MARKET_TREASURE_CHEST_GAME_KEY_4::84,RANDOMIZER,72,1,1,LINE_WIDTH_WARNING,ACCEPTABLE,Text auto-wraps cleanly within ImGui / SoH proportional font renderer
Hint::RHT_MARKET_TREASURE_CHEST_GAME_KEY_4::86,RANDOMIZER,63,1,1,LINE_WIDTH_WARNING,ACCEPTABLE,Text auto-wraps cleanly within ImGui / SoH proportional font renderer
Hint::RHT_MARKET_TREASURE_CHEST_GAME_KEY_5::87,RANDOMIZER,72,1,1,LINE_WIDTH_WARNING,ACCEPTABLE,Text auto-wraps cleanly within ImGui / SoH proportional font renderer
Hint::RHT_MARKET_TREASURE_CHEST_GAME_KEY_5::89,RANDOMIZER,62,1,1,LINE_WIDTH_WARNING,ACCEPTABLE,Text auto-wraps cleanly within ImGui / SoH proportional font renderer
Hint::RHT_GF_HBA_1500_POINTS::90,RANDOMIZER,72,1,1,LINE_WIDTH_WARNING,ACCEPTABLE,Text auto-wraps cleanly within ImGui / SoH proportional font renderer
Hint::RHT_GF_HBA_1500_POINTS::91,RANDOMIZER,57,1,1,LINE_WIDTH_WARNING,ACCEPTABLE,Text auto-wraps cleanly within ImGui / SoH proportional font renderer
Hint::RHT_GRAVEYARD_HEART_PIECE_GRAVE_CHEST::92,RANDOMIZER,61,1,1,LINE_WIDTH_WARNING,ACCEPTABLE,Text auto-wraps cleanly within ImGui / SoH proportional font renderer
Hint::RHT_GC_MAZE_LEFT_CHEST::93,RANDOMIZER,57,1,1,LINE_WIDTH_WARNING,ACCEPTABLE,Text auto-wraps cleanly within ImGui / SoH proportional font renderer
Hint::RHT_GV_CHEST::94,RANDOMIZER,57,1,1,LINE_WIDTH_WARNING,ACCEPTABLE,Text auto-wraps cleanly within ImGui / SoH proportional font renderer
Hint::RHT_GV_COW::96,RANDOMIZER,53,1,1,LINE_WIDTH_WARNING,ACCEPTABLE,Text auto-wraps cleanly within ImGui / SoH proportional font renderer
Hint::RHT_HC_GS_STORMS_GROTTO::97,RANDOMIZER,76,1,1,LINE_WIDTH_WARNING,ACCEPTABLE,Text auto-wraps cleanly within ImGui / SoH proportional font renderer
Hint::RHT_HF_GS_COW_GROTTO::98,RANDOMIZER,68,1,1,LINE_WIDTH_WARNING,ACCEPTABLE,Text auto-wraps cleanly within ImGui / SoH proportional font renderer
Hint::RHT_HF_COW_GROTTO_COW::99,RANDOMIZER,67,1,1,LINE_WIDTH_WARNING,ACCEPTABLE,Text auto-wraps cleanly within ImGui / SoH proportional font renderer
Hint::RHT_HF_COW_GROTTO_COW::100,RANDOMIZER,55,1,1,LINE_WIDTH_WARNING,ACCEPTABLE,Text auto-wraps cleanly within ImGui / SoH proportional font renderer
Hint::RHT_ZR_FROGS_OCARINA_GAME::101,RANDOMIZER,67,1,1,LINE_WIDTH_WARNING,ACCEPTABLE,Text auto-wraps cleanly within ImGui / SoH proportional font renderer
Hint::RHT_ZR_FROGS_OCARINA_GAME::103,RANDOMIZER,61,1,1,LINE_WIDTH_WARNING,ACCEPTABLE,Text auto-wraps cleanly within ImGui / SoH proportional font renderer
Hint::RHT_ZF_GS_HIDDEN_CAVE::105,RANDOMIZER,70,1,1,LINE_WIDTH_WARNING,ACCEPTABLE,Text auto-wraps cleanly within ImGui / SoH proportional font renderer
Hint::RHT_GRAVEYARD_ROYAL_FAMILYS_TOMB_CHEST::108,RANDOMIZER,65,1,1,LINE_WIDTH_WARNING,ACCEPTABLE,Text auto-wraps cleanly within ImGui / SoH proportional font renderer
Hint::RHT_GC_POT_FREESTANDING_POH::110,RANDOMIZER,51,1,1,LINE_WIDTH_WARNING,ACCEPTABLE,Text auto-wraps cleanly within ImGui / SoH proportional font renderer
Hint::RHT_ZD_KING_ZORA_THAWED::112,RANDOMIZER,52,1,1,LINE_WIDTH_WARNING,ACCEPTABLE,Text auto-wraps cleanly within ImGui / SoH proportional font renderer
Hint::RHT_ZD_TRADE_PRESCRIPTION::113,RANDOMIZER,53,1,1,LINE_WIDTH_WARNING,ACCEPTABLE,Text auto-wraps cleanly within ImGui / SoH proportional font renderer
Hint::RHT_DMC_DEKU_SCRUB::114,RANDOMIZER,51,1,1,LINE_WIDTH_WARNING,ACCEPTABLE,Text auto-wraps cleanly within ImGui / SoH proportional font renderer
Hint::RHT_DMC_GS_CRATE::115,RANDOMIZER,62,1,1,LINE_WIDTH_WARNING,ACCEPTABLE,Text auto-wraps cleanly within ImGui / SoH proportional font renderer
Hint::RHT_DEKU_TREE_MQ_AFTER_SPINNING_LOG_CHEST::116,RANDOMIZER,69,1,1,LINE_WIDTH_WARNING,ACCEPTABLE,Text auto-wraps cleanly within ImGui / SoH proportional font renderer
Hint::RHT_DEKU_TREE_MQ_AFTER_SPINNING_LOG_CHEST::117,RANDOMIZER,66,1,1,LINE_WIDTH_WARNING,ACCEPTABLE,Text auto-wraps cleanly within ImGui / SoH proportional font renderer
Hint::RHT_DEKU_TREE_MQ_GS_BASEMENT_GRAVES_ROOM::118,RANDOMIZER,62,1,1,LINE_WIDTH_WARNING,ACCEPTABLE,Text auto-wraps cleanly within ImGui / SoH proportional font renderer
Hint::RHT_DEKU_TREE_MQ_GS_BASEMENT_GRAVES_ROOM::119,RANDOMIZER,59,1,1,LINE_WIDTH_WARNING,ACCEPTABLE,Text auto-wraps cleanly within ImGui / SoH proportional font renderer
Hint::RHT_DODONGOS_CAVERN_MQ_GS_SONG_OF_TIME_BLOCK_ROOM::120,RANDOMIZER,82,1,1,LINE_WIDTH_WARNING,ACCEPTABLE,Text auto-wraps cleanly within ImGui / SoH proportional font renderer
Hint::RHT_DODONGOS_CAVERN_MQ_GS_SONG_OF_TIME_BLOCK_ROOM::121,RANDOMIZER,72,1,1,LINE_WIDTH_WARNING,ACCEPTABLE,Text auto-wraps cleanly within ImGui / SoH proportional font renderer
Hint::RHT_JABU_JABUS_BELLY_BOOMERANG_CHEST::122,RANDOMIZER,71,1,1,LINE_WIDTH_WARNING,ACCEPTABLE,Text auto-wraps cleanly within ImGui / SoH proportional font renderer
Hint::RHT_JABU_JABUS_BELLY_BOOMERANG_CHEST::123,RANDOMIZER,69,1,1,LINE_WIDTH_WARNING,ACCEPTABLE,Text auto-wraps cleanly within ImGui / SoH proportional font renderer
Hint::RHT_JABU_JABUS_BELLY_MQ_GS_INVISIBLE_ENEMIES_ROOM::124,RANDOMIZER,81,1,1,LINE_WIDTH_WARNING,ACCEPTABLE,Text auto-wraps cleanly within ImGui / SoH proportional font renderer
Hint::RHT_JABU_JABUS_BELLY_MQ_GS_INVISIBLE_ENEMIES_ROOM::125,RANDOMIZER,79,1,1,LINE_WIDTH_WARNING,ACCEPTABLE,Text auto-wraps cleanly within ImGui / SoH proportional font renderer
Hint::RHT_JABU_JABUS_BELLY_MQ_COW::126,RANDOMIZER,56,1,1,LINE_WIDTH_WARNING,ACCEPTABLE,Text auto-wraps cleanly within ImGui / SoH proportional font renderer
Hint::RHT_JABU_JABUS_BELLY_MQ_COW::127,RANDOMIZER,54,1,1,LINE_WIDTH_WARNING,ACCEPTABLE,Text auto-wraps cleanly within ImGui / SoH proportional font renderer
Hint::RHT_FIRE_TEMPLE_SCARECROW_CHEST::128,RANDOMIZER,68,1,1,LINE_WIDTH_WARNING,ACCEPTABLE,Text auto-wraps cleanly within ImGui / SoH proportional font renderer
Hint::RHT_FIRE_TEMPLE_SCARECROW_CHEST::129,RANDOMIZER,69,1,1,LINE_WIDTH_WARNING,ACCEPTABLE,Text auto-wraps cleanly within ImGui / SoH proportional font renderer
Hint::RHT_FIRE_TEMPLE_MEGATON_HAMMER_CHEST::130,RANDOMIZER,98,1,1,LINE_WIDTH_WARNING,ACCEPTABLE,Text auto-wraps cleanly within ImGui / SoH proportional font renderer
Hint::RHT_FIRE_TEMPLE_MEGATON_HAMMER_CHEST::131,RANDOMIZER,88,1,1,LINE_WIDTH_WARNING,ACCEPTABLE,Text auto-wraps cleanly within ImGui / SoH proportional font renderer
Hint::RHT_FIRE_TEMPLE_MQ_CHEST_ON_FIRE::132,RANDOMIZER,98,1,1,LINE_WIDTH_WARNING,ACCEPTABLE,Text auto-wraps cleanly within ImGui / SoH proportional font renderer
Hint::RHT_FIRE_TEMPLE_MQ_CHEST_ON_FIRE::133,RANDOMIZER,88,1,1,LINE_WIDTH_WARNING,ACCEPTABLE,Text auto-wraps cleanly within ImGui / SoH proportional font renderer
Hint::RHT_FIRE_TEMPLE_MQ_GS_SKULL_ON_FIRE::134,RANDOMIZER,73,1,1,LINE_WIDTH_WARNING,ACCEPTABLE,Text auto-wraps cleanly within ImGui / SoH proportional font renderer
Hint::RHT_FIRE_TEMPLE_MQ_GS_SKULL_ON_FIRE::135,RANDOMIZER,63,1,1,LINE_WIDTH_WARNING,ACCEPTABLE,Text auto-wraps cleanly within ImGui / SoH proportional font renderer
Hint::RHT_WATER_TEMPLE_RIVER_CHEST::136,RANDOMIZER,64,1,1,LINE_WIDTH_WARNING,ACCEPTABLE,Text auto-wraps cleanly within ImGui / SoH proportional font renderer
Hint::RHT_WATER_TEMPLE_RIVER_CHEST::137,RANDOMIZER,55,1,1,LINE_WIDTH_WARNING,ACCEPTABLE,Text auto-wraps cleanly within ImGui / SoH proportional font renderer
Hint::RHT_WATER_TEMPLE_BOSS_KEY_CHEST::138,RANDOMIZER,74,1,1,LINE_WIDTH_WARNING,ACCEPTABLE,Text auto-wraps cleanly within ImGui / SoH proportional font renderer
Hint::RHT_WATER_TEMPLE_BOSS_KEY_CHEST::139,RANDOMIZER,65,1,1,LINE_WIDTH_WARNING,ACCEPTABLE,Text auto-wraps cleanly within ImGui / SoH proportional font renderer
Hint::RHT_WATER_TEMPLE_GS_BEHIND_GATE::140,RANDOMIZER,76,1,1,LINE_WIDTH_WARNING,ACCEPTABLE,Text auto-wraps cleanly within ImGui / SoH proportional font renderer
Hint::RHT_WATER_TEMPLE_GS_BEHIND_GATE::141,RANDOMIZER,67,1,1,LINE_WIDTH_WARNING,ACCEPTABLE,Text auto-wraps cleanly within ImGui / SoH proportional font renderer
Hint::RHT_WATER_TEMPLE_MQ_FREESTANDING_KEY::142,RANDOMIZER,67,1,1,LINE_WIDTH_WARNING,ACCEPTABLE,Text auto-wraps cleanly within ImGui / SoH proportional font renderer
Hint::RHT_WATER_TEMPLE_MQ_FREESTANDING_KEY::143,RANDOMIZER,58,1,1,LINE_WIDTH_WARNING,ACCEPTABLE,Text auto-wraps cleanly within ImGui / SoH proportional font renderer
Hint::RHT_WATER_TEMPLE_MQ_GS_FREESTANDING_KEY_AREA::144,RANDOMIZER,66,1,1,LINE_WIDTH_WARNING,ACCEPTABLE,Text auto-wraps cleanly within ImGui / SoH proportional font renderer
Hint::RHT_WATER_TEMPLE_MQ_GS_FREESTANDING_KEY_AREA::145,RANDOMIZER,57,1,1,LINE_WIDTH_WARNING,ACCEPTABLE,Text auto-wraps cleanly within ImGui / SoH proportional font renderer
Hint::RHT_WATER_TEMPLE_MQ_GS_TRIPLE_WALL_TORCH::146,RANDOMIZER,76,1,1,LINE_WIDTH_WARNING,ACCEPTABLE,Text auto-wraps cleanly within ImGui / SoH proportional font renderer
Hint::RHT_WATER_TEMPLE_MQ_GS_TRIPLE_WALL_TORCH::147,RANDOMIZER,67,1,1,LINE_WIDTH_WARNING,ACCEPTABLE,Text auto-wraps cleanly within ImGui / SoH proportional font renderer
Hint::RHT_GERUDO_TRAINING_GROUND_UNDERWATER_SILVER_RUPEE_CHEST::148,RANDOMIZER,71,1,1,LINE_WIDTH_WARNING,ACCEPTABLE,Text auto-wraps cleanly within ImGui / SoH proportional font renderer
Hint::RHT_GERUDO_TRAINING_GROUND_MQ_UNDERWATER_SILVER_RUPEE_CHEST::149,RANDOMIZER,71,1,1,LINE_WIDTH_WARNING,ACCEPTABLE,Text auto-wraps cleanly within ImGui / SoH proportional font renderer
Hint::RHT_GERUDO_TRAINING_GROUND_MAZE_PATH_FINAL_CHEST::150,RANDOMIZER,71,1,1,LINE_WIDTH_WARNING,ACCEPTABLE,Text auto-wraps cleanly within ImGui / SoH proportional font renderer
Hint::RHT_GERUDO_TRAINING_GROUND_MQ_ICE_ARROWS_CHEST::151,RANDOMIZER,71,1,1,LINE_WIDTH_WARNING,ACCEPTABLE,Text auto-wraps cleanly within ImGui / SoH proportional font renderer
Hint::RHT_BOTTOM_OF_THE_WELL_LENS_OF_TRUTH_CHEST::153,RANDOMIZER,57,1,1,LINE_WIDTH_WARNING,ACCEPTABLE,Text auto-wraps cleanly within ImGui / SoH proportional font renderer
Hint::RHT_BOTTOM_OF_THE_WELL_LENS_OF_TRUTH_CHEST::154,RANDOMIZER,62,1,1,LINE_WIDTH_WARNING,ACCEPTABLE,Text auto-wraps cleanly within ImGui / SoH proportional font renderer
Hint::RHT_BOTTOM_OF_THE_WELL_MQ_COMPASS_CHEST::156,RANDOMIZER,57,1,1,LINE_WIDTH_WARNING,ACCEPTABLE,Text auto-wraps cleanly within ImGui / SoH proportional font renderer
Hint::RHT_BOTTOM_OF_THE_WELL_MQ_COMPASS_CHEST::157,RANDOMIZER,62,1,1,LINE_WIDTH_WARNING,ACCEPTABLE,Text auto-wraps cleanly within ImGui / SoH proportional font renderer
Hint::RHT_SPIRIT_TEMPLE_SILVER_GAUNTLETS_CHEST::158,RANDOMIZER,56,1,1,LINE_WIDTH_WARNING,ACCEPTABLE,Text auto-wraps cleanly within ImGui / SoH proportional font renderer
Hint::RHT_SPIRIT_TEMPLE_SILVER_GAUNTLETS_CHEST::159,RANDOMIZER,51,1,1,LINE_WIDTH_WARNING,ACCEPTABLE,Text auto-wraps cleanly within ImGui / SoH proportional font renderer
Hint::RHT_SPIRIT_TEMPLE_MIRROR_SHIELD_CHEST::160,RANDOMIZER,58,1,1,LINE_WIDTH_WARNING,ACCEPTABLE,Text auto-wraps cleanly within ImGui / SoH proportional font renderer
Hint::RHT_SPIRIT_TEMPLE_MQ_CHILD_HAMMER_SWITCH_CHEST::161,RANDOMIZER,74,1,1,LINE_WIDTH_WARNING,ACCEPTABLE,Text auto-wraps cleanly within ImGui / SoH proportional font renderer
Hint::RHT_SPIRIT_TEMPLE_MQ_CHILD_HAMMER_SWITCH_CHEST::162,RANDOMIZER,61,1,1,LINE_WIDTH_WARNING,ACCEPTABLE,Text auto-wraps cleanly within ImGui / SoH proportional font renderer
Hint::RHT_SPIRIT_TEMPLE_MQ_SYMPHONY_ROOM_CHEST::163,RANDOMIZER,65,1,1,LINE_WIDTH_WARNING,ACCEPTABLE,Text auto-wraps cleanly within ImGui / SoH proportional font renderer
Hint::RHT_SPIRIT_TEMPLE_MQ_SYMPHONY_ROOM_CHEST::164,RANDOMIZER,52,1,1,LINE_WIDTH_WARNING,ACCEPTABLE,Text auto-wraps cleanly within ImGui / SoH proportional font renderer
Hint::RHT_SPIRIT_TEMPLE_MQ_GS_SYMPHONY_ROOM::165,RANDOMIZER,75,1,1,LINE_WIDTH_WARNING,ACCEPTABLE,Text auto-wraps cleanly within ImGui / SoH proportional font renderer
Hint::RHT_SPIRIT_TEMPLE_MQ_GS_SYMPHONY_ROOM::166,RANDOMIZER,62,1,1,LINE_WIDTH_WARNING,ACCEPTABLE,Text auto-wraps cleanly within ImGui / SoH proportional font renderer
Hint::RHT_SHADOW_TEMPLE_INVISIBLE_FLOORMASTER_CHEST::167,RANDOMIZER,60,1,1,LINE_WIDTH_WARNING,ACCEPTABLE,Text auto-wraps cleanly within ImGui / SoH proportional font renderer
Hint::RHT_SHADOW_TEMPLE_MQ_BOMB_FLOWER_CHEST::168,RANDOMIZER,60,1,1,LINE_WIDTH_WARNING,ACCEPTABLE,Text auto-wraps cleanly within ImGui / SoH proportional font renderer
Hint::RHT_DESERT_COLOSSUS_TO_COLOSSUS_GROTTO::169,RANDOMIZER,58,1,1,LINE_WIDTH_WARNING,ACCEPTABLE,Text auto-wraps cleanly within ImGui / SoH proportional font renderer
Hint::RHT_GV_GROTTO_LEDGE_TO_GV_OCTOROK_GROTTO::170,RANDOMIZER,58,1,1,LINE_WIDTH_WARNING,ACCEPTABLE,Text auto-wraps cleanly within ImGui / SoH proportional font renderer
Hint::RHT_GC_GROTTO_PLATFORM_TO_GC_GROTTO::171,RANDOMIZER,78,1,1,LINE_WIDTH_WARNING,ACCEPTABLE,Text auto-wraps cleanly within ImGui / SoH proportional font renderer
Hint::RHT_GERUDO_FORTRESS_TO_GF_STORMS_GROTTO::172,RANDOMIZER,68,1,1,LINE_WIDTH_WARNING,ACCEPTABLE,Text auto-wraps cleanly within ImGui / SoH proportional font renderer
Hint::RHT_ZORAS_DOMAIN_TO_ZD_STORMS_GROTTO::173,RANDOMIZER,62,1,1,LINE_WIDTH_WARNING,ACCEPTABLE,Text auto-wraps cleanly within ImGui / SoH proportional font renderer
Hint::RHT_HYRULE_CASTLE_GROUNDS_TO_HC_STORMS_GROTTO::174,RANDOMIZER,57,1,1,LINE_WIDTH_WARNING,ACCEPTABLE,Text auto-wraps cleanly within ImGui / SoH proportional font renderer
Hint::RHT_DESERT_COLOSSUS_TO_COLOSSUS_GREAT_FAIRY_FOUNTAIN::176,RANDOMIZER,59,1,1,LINE_WIDTH_WARNING,ACCEPTABLE,Text auto-wraps cleanly within ImGui / SoH proportional font renderer
Hint::RHT_GANONS_CASTLE_GROUNDS_TO_OGC_GREAT_FAIRY_FOUNTAIN::177,RANDOMIZER,62,1,1,LINE_WIDTH_WARNING,ACCEPTABLE,Text auto-wraps cleanly within ImGui / SoH proportional font renderer
Hint::RHT_LAKE_HYLIA_TO_WATER_TEMPLE_LOBBY::181,RANDOMIZER,72,1,1,LINE_WIDTH_WARNING,ACCEPTABLE,Text auto-wraps cleanly within ImGui / SoH proportional font renderer
Hint::RHT_GERUDO_FORTRESS_TO_GERUDO_TRAINING_GROUND_LOBBY::182,RANDOMIZER,64,1,1,LINE_WIDTH_WARNING,ACCEPTABLE,Text auto-wraps cleanly within ImGui / SoH proportional font renderer
Hint::RHT_ZORAS_FOUNTAIN_TO_JABU_JABUS_BELLY_BEGINNING::183,RANDOMIZER,58,1,1,LINE_WIDTH_WARNING,ACCEPTABLE,Text auto-wraps cleanly within ImGui / SoH proportional font renderer
Hint::RHT_JUNK01::286,RANDOMIZER,98,1,1,LINE_WIDTH_WARNING,ACCEPTABLE,Text auto-wraps cleanly within ImGui / SoH proportional font renderer
Hint::RHT_JUNK03::288,RANDOMIZER,62,1,1,LINE_WIDTH_WARNING,ACCEPTABLE,Text auto-wraps cleanly within ImGui / SoH proportional font renderer
Hint::RHT_JUNK04::289,RANDOMIZER,73,1,1,LINE_WIDTH_WARNING,ACCEPTABLE,Text auto-wraps cleanly within ImGui / SoH proportional font renderer
Hint::RHT_JUNK05::290,RANDOMIZER,55,1,1,LINE_WIDTH_WARNING,ACCEPTABLE,Text auto-wraps cleanly within ImGui / SoH proportional font renderer
Hint::RHT_JUNK06::291,RANDOMIZER,65,1,1,LINE_WIDTH_WARNING,ACCEPTABLE,Text auto-wraps cleanly within ImGui / SoH proportional font renderer
Hint::RHT_JUNK09::294,RANDOMIZER,61,1,1,LINE_WIDTH_WARNING,ACCEPTABLE,Text auto-wraps cleanly within ImGui / SoH proportional font renderer
Hint::RHT_JUNK10::295,RANDOMIZER,92,1,1,LINE_WIDTH_WARNING,ACCEPTABLE,Text auto-wraps cleanly within ImGui / SoH proportional font renderer
Hint::RHT_JUNK15::300,RANDOMIZER,105,3,2,LINE_WIDTH_WARNING,ACCEPTABLE,Text auto-wraps cleanly within ImGui / SoH proportional font renderer
Hint::RHT_JUNK17::302,RANDOMIZER,131,1,1,LINE_WIDTH_WARNING,ACCEPTABLE,Text auto-wraps cleanly within ImGui / SoH proportional font renderer
Hint::RHT_JUNK29::314,RANDOMIZER,57,1,1,LINE_WIDTH_WARNING,ACCEPTABLE,Text auto-wraps cleanly within ImGui / SoH proportional font renderer
Hint::RHT_JUNK30::315,RANDOMIZER,69,1,1,LINE_WIDTH_WARNING,ACCEPTABLE,Text auto-wraps cleanly within ImGui / SoH proportional font renderer
Hint::RHT_JUNK32::317,RANDOMIZER,62,1,1,LINE_WIDTH_WARNING,ACCEPTABLE,Text auto-wraps cleanly within ImGui / SoH proportional font renderer
Hint::RHT_JUNK34::319,RANDOMIZER,69,2,1,LINE_WIDTH_WARNING,ACCEPTABLE,Text auto-wraps cleanly within ImGui / SoH proportional font renderer
Hint::RHT_JUNK36::321,RANDOMIZER,65,1,1,LINE_WIDTH_WARNING,ACCEPTABLE,Text auto-wraps cleanly within ImGui / SoH proportional font renderer
Hint::RHT_JUNK37::322,RANDOMIZER,78,1,1,LINE_WIDTH_WARNING,ACCEPTABLE,Text auto-wraps cleanly within ImGui / SoH proportional font renderer
Hint::RHT_JUNK38::323,RANDOMIZER,81,1,1,LINE_WIDTH_WARNING,ACCEPTABLE,Text auto-wraps cleanly within ImGui / SoH proportional font renderer
Hint::RHT_JUNK39::324,RANDOMIZER,12,23,12,PAGE_OVERFLOW_WARNING,ACCEPTABLE,Text auto-wraps cleanly within ImGui / SoH proportional font renderer
Hint::RHT_JUNK41::326,RANDOMIZER,74,1,1,LINE_WIDTH_WARNING,ACCEPTABLE,Text auto-wraps cleanly within ImGui / SoH proportional font renderer
Hint::RHT_JUNK42::327,RANDOMIZER,55,1,1,LINE_WIDTH_WARNING,ACCEPTABLE,Text auto-wraps cleanly within ImGui / SoH proportional font renderer
Hint::RHT_JUNK44::329,RANDOMIZER,54,1,1,LINE_WIDTH_WARNING,ACCEPTABLE,Text auto-wraps cleanly within ImGui / SoH proportional font renderer
Hint::RHT_JUNK45::330,RANDOMIZER,95,1,1,LINE_WIDTH_WARNING,ACCEPTABLE,Text auto-wraps cleanly within ImGui / SoH proportional font renderer
Hint::RHT_JUNK46::331,RANDOMIZER,69,1,1,LINE_WIDTH_WARNING,ACCEPTABLE,Text auto-wraps cleanly within ImGui / SoH proportional font renderer
Hint::RHT_JUNK47::332,RANDOMIZER,60,1,1,LINE_WIDTH_WARNING,ACCEPTABLE,Text auto-wraps cleanly within ImGui / SoH proportional font renderer
Hint::RHT_JUNK49::334,RANDOMIZER,58,1,1,LINE_WIDTH_WARNING,ACCEPTABLE,Text auto-wraps cleanly within ImGui / SoH proportional font renderer
Hint::RHT_JUNK50::335,RANDOMIZER,77,1,1,LINE_WIDTH_WARNING,ACCEPTABLE,Text auto-wraps cleanly within ImGui / SoH proportional font renderer
Hint::RHT_JUNK51::336,RANDOMIZER,14,5,3,PAGE_OVERFLOW_WARNING,ACCEPTABLE,Text auto-wraps cleanly within ImGui / SoH proportional font renderer
Hint::RHT_JUNK52::337,RANDOMIZER,69,1,1,LINE_WIDTH_WARNING,ACCEPTABLE,Text auto-wraps cleanly within ImGui / SoH proportional font renderer
Hint::RHT_JUNK53::338,RANDOMIZER,74,1,1,LINE_WIDTH_WARNING,ACCEPTABLE,Text auto-wraps cleanly within ImGui / SoH proportional font renderer
Hint::RHT_JUNK54::339,RANDOMIZER,60,1,1,LINE_WIDTH_WARNING,ACCEPTABLE,Text auto-wraps cleanly within ImGui / SoH proportional font renderer
Hint::RHT_JUNK55::340,RANDOMIZER,52,4,2,LINE_WIDTH_WARNING,ACCEPTABLE,Text auto-wraps cleanly within ImGui / SoH proportional font renderer
Hint::RHT_JUNK56::341,RANDOMIZER,71,1,1,LINE_WIDTH_WARNING,ACCEPTABLE,Text auto-wraps cleanly within ImGui / SoH proportional font renderer
Hint::RHT_JUNK58::342,RANDOMIZER,103,1,1,LINE_WIDTH_WARNING,ACCEPTABLE,Text auto-wraps cleanly within ImGui / SoH proportional font renderer
Hint::RHT_JUNK59::343,RANDOMIZER,72,1,1,LINE_WIDTH_WARNING,ACCEPTABLE,Text auto-wraps cleanly within ImGui / SoH proportional font renderer
Hint::RHT_JUNK61::345,RANDOMIZER,75,1,1,LINE_WIDTH_WARNING,ACCEPTABLE,Text auto-wraps cleanly within ImGui / SoH proportional font renderer
Hint::RHT_JUNK62::346,RANDOMIZER,59,1,1,LINE_WIDTH_WARNING,ACCEPTABLE,Text auto-wraps cleanly within ImGui / SoH proportional font renderer
Hint::RHT_JUNK63::347,RANDOMIZER,56,1,1,LINE_WIDTH_WARNING,ACCEPTABLE,Text auto-wraps cleanly within ImGui / SoH proportional font renderer
Hint::RHT_JUNK65::349,RANDOMIZER,65,1,1,LINE_WIDTH_WARNING,ACCEPTABLE,Text auto-wraps cleanly within ImGui / SoH proportional font renderer
Hint::RHT_JUNK66::350,RANDOMIZER,78,1,1,LINE_WIDTH_WARNING,ACCEPTABLE,Text auto-wraps cleanly within ImGui / SoH proportional font renderer
Hint::RHT_JUNK67::351,RANDOMIZER,58,1,1,LINE_WIDTH_WARNING,ACCEPTABLE,Text auto-wraps cleanly within ImGui / SoH proportional font renderer
Hint::RHT_JUNK69::353,RANDOMIZER,71,1,1,LINE_WIDTH_WARNING,ACCEPTABLE,Text auto-wraps cleanly within ImGui / SoH proportional font renderer
Hint::RHT_JUNK70::354,RANDOMIZER,61,1,1,LINE_WIDTH_WARNING,ACCEPTABLE,Text auto-wraps cleanly within ImGui / SoH proportional font renderer
Hint::RHT_QUEEN_GOHMA::381,RANDOMIZER,55,1,1,LINE_WIDTH_WARNING,ACCEPTABLE,Text auto-wraps cleanly within ImGui / SoH proportional font renderer
Hint::RHT_PHANTOM_GANON::387,RANDOMIZER,58,1,1,LINE_WIDTH_WARNING,ACCEPTABLE,Text auto-wraps cleanly within ImGui / SoH proportional font renderer
Hint::RHT_VOLVAGIA::389,RANDOMIZER,55,1,1,LINE_WIDTH_WARNING,ACCEPTABLE,Text auto-wraps cleanly within ImGui / SoH proportional font renderer
Hint::RHT_MORPHA::391,RANDOMIZER,51,1,1,LINE_WIDTH_WARNING,ACCEPTABLE,Text auto-wraps cleanly within ImGui / SoH proportional font renderer
Hint::RHT_BONGO_BONGO::393,RANDOMIZER,51,1,1,LINE_WIDTH_WARNING,ACCEPTABLE,Text auto-wraps cleanly within ImGui / SoH proportional font renderer
Hint::RHT_BRIDGE_OPEN_HINT::398,RANDOMIZER,87,2,2,LINE_WIDTH_WARNING,ACCEPTABLE,Text auto-wraps cleanly within ImGui / SoH proportional font renderer
Hint::RHT_BRIDGE_VANILLA_HINT::399,RANDOMIZER,101,2,2,LINE_WIDTH_WARNING,ACCEPTABLE,Text auto-wraps cleanly within ImGui / SoH proportional font renderer
Hint::RHT_BRIDGE_STONES_HINT::400,RANDOMIZER,83,2,2,LINE_WIDTH_WARNING,ACCEPTABLE,Text auto-wraps cleanly within ImGui / SoH proportional font renderer
Hint::RHT_BRIDGE_MEDALLIONS_HINT::401,RANDOMIZER,74,2,2,LINE_WIDTH_WARNING,ACCEPTABLE,Text auto-wraps cleanly within ImGui / SoH proportional font renderer
Hint::RHT_BRIDGE_DUNGEONS_HINT::402,RANDOMIZER,77,2,2,LINE_WIDTH_WARNING,ACCEPTABLE,Text auto-wraps cleanly within ImGui / SoH proportional font renderer
Hint::RHT_BRIDGE_TOKENS_HINT::403,RANDOMIZER,91,2,2,LINE_WIDTH_WARNING,ACCEPTABLE,Text auto-wraps cleanly within ImGui / SoH proportional font renderer
Hint::RHT_BRIDGE_GREG_HINT::404,RANDOMIZER,67,2,2,LINE_WIDTH_WARNING,ACCEPTABLE,Text auto-wraps cleanly within ImGui / SoH proportional font renderer
Hint::RHT_GANON_BK_START_WITH_HINT::405,RANDOMIZER,66,2,2,LINE_WIDTH_WARNING,ACCEPTABLE,Text auto-wraps cleanly within ImGui / SoH proportional font renderer
Hint::RHT_GANON_BK_VANILLA_HINT::406,RANDOMIZER,84,2,2,LINE_WIDTH_WARNING,ACCEPTABLE,Text auto-wraps cleanly within ImGui / SoH proportional font renderer
Hint::RHT_GANON_BK_OWN_DUNGEON_HINT::407,RANDOMIZER,89,2,2,LINE_WIDTH_WARNING,ACCEPTABLE,Text auto-wraps cleanly within ImGui / SoH proportional font renderer
Hint::RHT_GANON_BK_OVERWORLD_HINT::408,RANDOMIZER,85,2,2,LINE_WIDTH_WARNING,ACCEPTABLE,Text auto-wraps cleanly within ImGui / SoH proportional font renderer
Hint::RHT_GANON_BK_ANY_DUNGEON_HINT::409,RANDOMIZER,84,2,2,LINE_WIDTH_WARNING,ACCEPTABLE,Text auto-wraps cleanly within ImGui / SoH proportional font renderer
Hint::RHT_GANON_BK_ANYWHERE_HINT::410,RANDOMIZER,64,3,2,LINE_WIDTH_WARNING,ACCEPTABLE,Text auto-wraps cleanly within ImGui / SoH proportional font renderer
Hint::RHT_GANON_BK_TRIFORCE_HINT::411,RANDOMIZER,97,2,2,LINE_WIDTH_WARNING,ACCEPTABLE,Text auto-wraps cleanly within ImGui / SoH proportional font renderer
Hint::RHT_GANON_BK_SKULLTULA_HINT::412,RANDOMIZER,138,2,2,LINE_WIDTH_WARNING,ACCEPTABLE,Text auto-wraps cleanly within ImGui / SoH proportional font renderer
Hint::RHT_LACS_VANILLA_HINT::413,RANDOMIZER,127,2,2,LINE_WIDTH_WARNING,ACCEPTABLE,Text auto-wraps cleanly within ImGui / SoH proportional font renderer
Hint::RHT_LACS_MEDALLIONS_HINT::414,RANDOMIZER,105,2,2,LINE_WIDTH_WARNING,ACCEPTABLE,Text auto-wraps cleanly within ImGui / SoH proportional font renderer
Hint::RHT_LACS_STONES_HINT::415,RANDOMIZER,114,2,2,LINE_WIDTH_WARNING,ACCEPTABLE,Text auto-wraps cleanly within ImGui / SoH proportional font renderer
Hint::RHT_LACS_REWARDS_HINT::416,RANDOMIZER,145,2,2,LINE_WIDTH_WARNING,ACCEPTABLE,Text auto-wraps cleanly within ImGui / SoH proportional font renderer
Hint::RHT_LACS_DUNGEONS_HINT::417,RANDOMIZER,108,2,2,LINE_WIDTH_WARNING,ACCEPTABLE,Text auto-wraps cleanly within ImGui / SoH proportional font renderer
Hint::RHT_SIX_TRIALS::418,RANDOMIZER,70,1,1,LINE_WIDTH_WARNING,ACCEPTABLE,Text auto-wraps cleanly within ImGui / SoH proportional font renderer
Hint::RHT_ZERO_TRIALS::419,RANDOMIZER,67,1,1,LINE_WIDTH_WARNING,ACCEPTABLE,Text auto-wraps cleanly within ImGui / SoH proportional font renderer
Hint::RHT_CHILD_ALTAR_STONES::428,RANDOMIZER,47,8,5,PAGE_OVERFLOW_WARNING,ACCEPTABLE,Text auto-wraps cleanly within ImGui / SoH proportional font renderer
Hint::RHT_CHILD_ALTAR_TEXT_END_DOTOPEN::429,RANDOMIZER,52,2,1,LINE_WIDTH_WARNING,ACCEPTABLE,Text auto-wraps cleanly within ImGui / SoH proportional font renderer
Hint::RHT_CHILD_ALTAR_TEXT_END_DOTSONGONLY::430,RANDOMIZER,52,3,1,LINE_WIDTH_WARNING,ACCEPTABLE,Text auto-wraps cleanly within ImGui / SoH proportional font renderer
Hint::RHT_CHILD_ALTAR_TEXT_END_DOTCLOSED::431,RANDOMIZER,52,3,1,LINE_WIDTH_WARNING,ACCEPTABLE,Text auto-wraps cleanly within ImGui / SoH proportional font renderer
Hint::RHT_ADULT_ALTAR_TEXT_END::432,RANDOMIZER,93,1,1,LINE_WIDTH_WARNING,ACCEPTABLE,Text auto-wraps cleanly within ImGui / SoH proportional font renderer
Hint::RHT_GANONDORF_HINT_LA_ONLY::433,RANDOMIZER,83,1,1,LINE_WIDTH_WARNING,ACCEPTABLE,Text auto-wraps cleanly within ImGui / SoH proportional font renderer
Hint::RHT_GANONDORF_HINT_MS_ONLY::434,RANDOMIZER,109,1,1,LINE_WIDTH_WARNING,ACCEPTABLE,Text auto-wraps cleanly within ImGui / SoH proportional font renderer
Hint::RHT_SHEIK_HINT_LA_ONLY::435,RANDOMIZER,69,1,1,LINE_WIDTH_WARNING,ACCEPTABLE,Text auto-wraps cleanly within ImGui / SoH proportional font renderer
Hint::RHT_DAMPE_DIARY::436,RANDOMIZER,90,4,2,LINE_WIDTH_WARNING,ACCEPTABLE,Text auto-wraps cleanly within ImGui / SoH proportional font renderer
Hint::RHT_GREG_HINT::437,RANDOMIZER,86,6,3,LINE_WIDTH_WARNING,ACCEPTABLE,Text auto-wraps cleanly within ImGui / SoH proportional font renderer
Hint::RHT_SARIA_TALK_HINT::438,RANDOMIZER,95,3,2,LINE_WIDTH_WARNING,ACCEPTABLE,Text auto-wraps cleanly within ImGui / SoH proportional font renderer
Hint::RHT_SARIA_SONG_HINT::439,RANDOMIZER,95,3,2,LINE_WIDTH_WARNING,ACCEPTABLE,Text auto-wraps cleanly within ImGui / SoH proportional font renderer
Hint::RHT_MIDO_HINT::440,RANDOMIZER,59,1,1,LINE_WIDTH_WARNING,ACCEPTABLE,Text auto-wraps cleanly within ImGui / SoH proportional font renderer
Hint::RHT_LOACH_HINT::441,RANDOMIZER,85,6,3,LINE_WIDTH_WARNING,ACCEPTABLE,Text auto-wraps cleanly within ImGui / SoH proportional font renderer
Hint::RHT_FISHING_POLE_HINT::442,RANDOMIZER,53,3,2,LINE_WIDTH_WARNING,ACCEPTABLE,Text auto-wraps cleanly within ImGui / SoH proportional font renderer
Hint::RHT_BIGGORON_HINT::444,RANDOMIZER,83,1,1,LINE_WIDTH_WARNING,ACCEPTABLE,Text auto-wraps cleanly within ImGui / SoH proportional font renderer
Hint::RHT_FROGS_HINT::445,RANDOMIZER,67,1,1,LINE_WIDTH_WARNING,ACCEPTABLE,Text auto-wraps cleanly within ImGui / SoH proportional font renderer
Hint::RHT_SKULLS_HINT::446,RANDOMIZER,79,3,2,LINE_WIDTH_WARNING,ACCEPTABLE,Text auto-wraps cleanly within ImGui / SoH proportional font renderer
Hint::RHT_GANON_JOKE02::448,RANDOMIZER,62,1,1,LINE_WIDTH_WARNING,ACCEPTABLE,Text auto-wraps cleanly within ImGui / SoH proportional font renderer
Hint::RHT_GANON_JOKE04::450,RANDOMIZER,123,1,1,LINE_WIDTH_WARNING,ACCEPTABLE,Text auto-wraps cleanly within ImGui / SoH proportional font renderer
Hint::RHT_GANON_JOKE05::451,RANDOMIZER,51,1,1,LINE_WIDTH_WARNING,ACCEPTABLE,Text auto-wraps cleanly within ImGui / SoH proportional font renderer
Hint::RHT_GANON_JOKE10::454,RANDOMIZER,79,1,1,LINE_WIDTH_WARNING,ACCEPTABLE,Text auto-wraps cleanly within ImGui / SoH proportional font renderer
ENTRANCE::L82,RANDOMIZER,53,1,1,LINE_WIDTH_WARNING,ACCEPTABLE,Text auto-wraps cleanly within ImGui / SoH proportional font renderer
ENTRANCE::L83,RANDOMIZER,51,1,1,LINE_WIDTH_WARNING,ACCEPTABLE,Text auto-wraps cleanly within ImGui / SoH proportional font renderer
ENTRANCE::L134,RANDOMIZER,54,1,1,LINE_WIDTH_WARNING,ACCEPTABLE,Text auto-wraps cleanly within ImGui / SoH proportional font renderer
ENTRANCE::L138,RANDOMIZER,54,1,1,LINE_WIDTH_WARNING,ACCEPTABLE,Text auto-wraps cleanly within ImGui / SoH proportional font renderer
ENTRANCE::L153,RANDOMIZER,57,1,1,LINE_WIDTH_WARNING,ACCEPTABLE,Text auto-wraps cleanly within ImGui / SoH proportional font renderer
ENTRANCE::L155,RANDOMIZER,54,1,1,LINE_WIDTH_WARNING,ACCEPTABLE,Text auto-wraps cleanly within ImGui / SoH proportional font renderer
ENTRANCE::L156,RANDOMIZER,52,1,1,LINE_WIDTH_WARNING,ACCEPTABLE,Text auto-wraps cleanly within ImGui / SoH proportional font renderer
ENTRANCE::L166,RANDOMIZER,57,1,1,LINE_WIDTH_WARNING,ACCEPTABLE,Text auto-wraps cleanly within ImGui / SoH proportional font renderer
ENTRANCE::L168,RANDOMIZER,54,1,1,LINE_WIDTH_WARNING,ACCEPTABLE,Text auto-wraps cleanly within ImGui / SoH proportional font renderer
ENTRANCE::L169,RANDOMIZER,52,1,1,LINE_WIDTH_WARNING,ACCEPTABLE,Text auto-wraps cleanly within ImGui / SoH proportional font renderer
ENTRANCE::L177,RANDOMIZER,55,1,1,LINE_WIDTH_WARNING,ACCEPTABLE,Text auto-wraps cleanly within ImGui / SoH proportional font renderer
ENTRANCE::L178,RANDOMIZER,54,1,1,LINE_WIDTH_WARNING,ACCEPTABLE,Text auto-wraps cleanly within ImGui / SoH proportional font renderer
ENTRANCE::L179,RANDOMIZER,55,1,1,LINE_WIDTH_WARNING,ACCEPTABLE,Text auto-wraps cleanly within ImGui / SoH proportional font renderer
ENTRANCE::L180,RANDOMIZER,52,1,1,LINE_WIDTH_WARNING,ACCEPTABLE,Text auto-wraps cleanly within ImGui / SoH proportional font renderer
ENTRANCE::L183,RANDOMIZER,55,1,1,LINE_WIDTH_WARNING,ACCEPTABLE,Text auto-wraps cleanly within ImGui / SoH proportional font renderer
ENTRANCE::L184,RANDOMIZER,54,1,1,LINE_WIDTH_WARNING,ACCEPTABLE,Text auto-wraps cleanly within ImGui / SoH proportional font renderer
ENTRANCE::L185,RANDOMIZER,55,1,1,LINE_WIDTH_WARNING,ACCEPTABLE,Text auto-wraps cleanly within ImGui / SoH proportional font renderer
ENTRANCE::L186,RANDOMIZER,52,1,1,LINE_WIDTH_WARNING,ACCEPTABLE,Text auto-wraps cleanly within ImGui / SoH proportional font renderer
ENTRANCE::L196,RANDOMIZER,52,1,1,LINE_WIDTH_WARNING,ACCEPTABLE,Text auto-wraps cleanly within ImGui / SoH proportional font renderer
ENTRANCE::L196,RANDOMIZER,51,1,1,LINE_WIDTH_WARNING,ACCEPTABLE,Text auto-wraps cleanly within ImGui / SoH proportional font renderer
ENTRANCE::L199,RANDOMIZER,53,1,1,LINE_WIDTH_WARNING,ACCEPTABLE,Text auto-wraps cleanly within ImGui / SoH proportional font renderer
ENTRANCE::L200,RANDOMIZER,51,1,1,LINE_WIDTH_WARNING,ACCEPTABLE,Text auto-wraps cleanly within ImGui / SoH proportional font renderer
ENTRANCE::L200,RANDOMIZER,52,1,1,LINE_WIDTH_WARNING,ACCEPTABLE,Text auto-wraps cleanly within ImGui / SoH proportional font renderer
ENTRANCE::L203,RANDOMIZER,53,1,1,LINE_WIDTH_WARNING,ACCEPTABLE,Text auto-wraps cleanly within ImGui / SoH proportional font renderer
ENTRANCE::L209,RANDOMIZER,58,1,1,LINE_WIDTH_WARNING,ACCEPTABLE,Text auto-wraps cleanly within ImGui / SoH proportional font renderer
ENTRANCE::L211,RANDOMIZER,51,1,1,LINE_WIDTH_WARNING,ACCEPTABLE,Text auto-wraps cleanly within ImGui / SoH proportional font renderer
ENTRANCE::L215,RANDOMIZER,51,1,1,LINE_WIDTH_WARNING,ACCEPTABLE,Text auto-wraps cleanly within ImGui / SoH proportional font renderer
ENTRANCE::L225,RANDOMIZER,58,1,1,LINE_WIDTH_WARNING,ACCEPTABLE,Text auto-wraps cleanly within ImGui / SoH proportional font renderer
ENTRANCE::L319,RANDOMIZER,58,1,1,LINE_WIDTH_WARNING,ACCEPTABLE,Text auto-wraps cleanly within ImGui / SoH proportional font renderer
ENTRANCE::L322,RANDOMIZER,58,1,1,LINE_WIDTH_WARNING,ACCEPTABLE,Text auto-wraps cleanly within ImGui / SoH proportional font renderer
ENTRANCE::L328,RANDOMIZER,51,1,1,LINE_WIDTH_WARNING,ACCEPTABLE,Text auto-wraps cleanly within ImGui / SoH proportional font renderer
ENTRANCE::L330,RANDOMIZER,51,1,1,LINE_WIDTH_WARNING,ACCEPTABLE,Text auto-wraps cleanly within ImGui / SoH proportional font renderer
ENTRANCE::L334,RANDOMIZER,52,1,1,LINE_WIDTH_WARNING,ACCEPTABLE,Text auto-wraps cleanly within ImGui / SoH proportional font renderer
ENTRANCE::L335,RANDOMIZER,53,1,1,LINE_WIDTH_WARNING,ACCEPTABLE,Text auto-wraps cleanly within ImGui / SoH proportional font renderer
ENTRANCE::L336,RANDOMIZER,54,1,1,LINE_WIDTH_WARNING,ACCEPTABLE,Text auto-wraps cleanly within ImGui / SoH proportional font renderer
ENTRANCE::L336,RANDOMIZER,53,1,1,LINE_WIDTH_WARNING,ACCEPTABLE,Text auto-wraps cleanly within ImGui / SoH proportional font renderer
ENTRANCE::L337,RANDOMIZER,52,1,1,LINE_WIDTH_WARNING,ACCEPTABLE,Text auto-wraps cleanly within ImGui / SoH proportional font renderer
ENTRANCE::L338,RANDOMIZER,54,1,1,LINE_WIDTH_WARNING,ACCEPTABLE,Text auto-wraps cleanly within ImGui / SoH proportional font renderer
ENTRANCE::L339,RANDOMIZER,54,1,1,LINE_WIDTH_WARNING,ACCEPTABLE,Text auto-wraps cleanly within ImGui / SoH proportional font renderer
ENTRANCE::L342,RANDOMIZER,54,1,1,LINE_WIDTH_WARNING,ACCEPTABLE,Text auto-wraps cleanly within ImGui / SoH proportional font renderer
ENTRANCE::L347,RANDOMIZER,52,1,1,LINE_WIDTH_WARNING,ACCEPTABLE,Text auto-wraps cleanly within ImGui / SoH proportional font renderer
ENTRANCE::L348,RANDOMIZER,53,1,1,LINE_WIDTH_WARNING,ACCEPTABLE,Text auto-wraps cleanly within ImGui / SoH proportional font renderer
ENTRANCE::L349,RANDOMIZER,53,1,1,LINE_WIDTH_WARNING,ACCEPTABLE,Text auto-wraps cleanly within ImGui / SoH proportional font renderer
ENTRANCE::L349,RANDOMIZER,54,1,1,LINE_WIDTH_WARNING,ACCEPTABLE,Text auto-wraps cleanly within ImGui / SoH proportional font renderer
ENTRANCE::L350,RANDOMIZER,52,1,1,LINE_WIDTH_WARNING,ACCEPTABLE,Text auto-wraps cleanly within ImGui / SoH proportional font renderer
ENTRANCE::L351,RANDOMIZER,54,1,1,LINE_WIDTH_WARNING,ACCEPTABLE,Text auto-wraps cleanly within ImGui / SoH proportional font renderer
ENTRANCE::L352,RANDOMIZER,54,1,1,LINE_WIDTH_WARNING,ACCEPTABLE,Text auto-wraps cleanly within ImGui / SoH proportional font renderer
ENTRANCE::L355,RANDOMIZER,54,1,1,LINE_WIDTH_WARNING,ACCEPTABLE,Text auto-wraps cleanly within ImGui / SoH proportional font renderer
ENTRANCE::L375,RANDOMIZER,58,1,1,LINE_WIDTH_WARNING,ACCEPTABLE,Text auto-wraps cleanly within ImGui / SoH proportional font renderer
ENTRANCE::L378,RANDOMIZER,68,1,1,LINE_WIDTH_WARNING,ACCEPTABLE,Text auto-wraps cleanly within ImGui / SoH proportional font renderer
ENTRANCE::L387,RANDOMIZER,58,1,1,LINE_WIDTH_WARNING,ACCEPTABLE,Text auto-wraps cleanly within ImGui / SoH proportional font renderer
ENTRANCE::L396,RANDOMIZER,68,1,1,LINE_WIDTH_WARNING,ACCEPTABLE,Text auto-wraps cleanly within ImGui / SoH proportional font renderer
ENTRANCE::L402,RANDOMIZER,53,1,1,LINE_WIDTH_WARNING,ACCEPTABLE,Text auto-wraps cleanly within ImGui / SoH proportional font renderer
ENTRANCE::L404,RANDOMIZER,53,1,1,LINE_WIDTH_WARNING,ACCEPTABLE,Text auto-wraps cleanly within ImGui / SoH proportional font renderer
ENTRANCE::L406,RANDOMIZER,54,1,1,LINE_WIDTH_WARNING,ACCEPTABLE,Text auto-wraps cleanly within ImGui / SoH proportional font renderer
ENTRANCE::L407,RANDOMIZER,58,1,1,LINE_WIDTH_WARNING,ACCEPTABLE,Text auto-wraps cleanly within ImGui / SoH proportional font renderer
ENTRANCE::L408,RANDOMIZER,54,1,1,LINE_WIDTH_WARNING,ACCEPTABLE,Text auto-wraps cleanly within ImGui / SoH proportional font renderer
ENTRANCE::L409,RANDOMIZER,58,1,1,LINE_WIDTH_WARNING,ACCEPTABLE,Text auto-wraps cleanly within ImGui / SoH proportional font renderer
ENTRANCE::L702,RANDOMIZER,59,1,1,LINE_WIDTH_WARNING,ACCEPTABLE,Text auto-wraps cleanly within ImGui / SoH proportional font renderer
LOCATION::RC_SFM_WOLFOS_GROTTO_CHEST,RANDOMIZER,59,1,1,LINE_WIDTH_WARNING,ACCEPTABLE,Text auto-wraps cleanly within ImGui / SoH proportional font renderer
LOCATION::RC_SFM_DEKU_SCRUB_GROTTO_REAR,RANDOMIZER,61,1,1,LINE_WIDTH_WARNING,ACCEPTABLE,Text auto-wraps cleanly within ImGui / SoH proportional font renderer
LOCATION::RC_SFM_DEKU_SCRUB_GROTTO_FRONT,RANDOMIZER,63,1,1,LINE_WIDTH_WARNING,ACCEPTABLE,Text auto-wraps cleanly within ImGui / SoH proportional font renderer
LOCATION::RC_HF_NEAR_MARKET_GROTTO_CHEST,RANDOMIZER,56,1,1,LINE_WIDTH_WARNING,ACCEPTABLE,Text auto-wraps cleanly within ImGui / SoH proportional font renderer
LOCATION::RC_HF_OCARINA_OF_TIME_ITEM,RANDOMIZER,53,1,1,LINE_WIDTH_WARNING,ACCEPTABLE,Text auto-wraps cleanly within ImGui / SoH proportional font renderer
LOCATION::RC_HF_TEKTITE_GROTTO_FREESTANDING_POH,RANDOMIZER,64,1,1,LINE_WIDTH_WARNING,ACCEPTABLE,Text auto-wraps cleanly within ImGui / SoH proportional font renderer
LOCATION::RC_GF_HBA_1000_POINTS,RANDOMIZER,52,1,1,LINE_WIDTH_WARNING,ACCEPTABLE,Text auto-wraps cleanly within ImGui / SoH proportional font renderer
LOCATION::RC_GF_HBA_1500_POINTS,RANDOMIZER,52,1,1,LINE_WIDTH_WARNING,ACCEPTABLE,Text auto-wraps cleanly within ImGui / SoH proportional font renderer
LOCATION::RC_DMT_STORMS_GROTTO_CHEST,RANDOMIZER,69,1,1,LINE_WIDTH_WARNING,ACCEPTABLE,Text auto-wraps cleanly within ImGui / SoH proportional font renderer
LOCATION::RC_DMT_TRADE_BROKEN_SWORD,RANDOMIZER,58,1,1,LINE_WIDTH_WARNING,ACCEPTABLE,Text auto-wraps cleanly within ImGui / SoH proportional font renderer
LOCATION::RC_DMT_TRADE_EYEDROPS,RANDOMIZER,55,1,1,LINE_WIDTH_WARNING,ACCEPTABLE,Text auto-wraps cleanly within ImGui / SoH proportional font renderer
LOCATION::RC_DMT_TRADE_CLAIM_CHECK,RANDOMIZER,58,1,1,LINE_WIDTH_WARNING,ACCEPTABLE,Text auto-wraps cleanly within ImGui / SoH proportional font renderer
LOCATION::RC_DMT_FREESTANDING_POH,RANDOMIZER,52,1,1,LINE_WIDTH_WARNING,ACCEPTABLE,Text auto-wraps cleanly within ImGui / SoH proportional font renderer
LOCATION::RC_DMC_UPPER_GROTTO_CHEST,RANDOMIZER,54,1,1,LINE_WIDTH_WARNING,ACCEPTABLE,Text auto-wraps cleanly within ImGui / SoH proportional font renderer
LOCATION::RC_DMC_WALL_FREESTANDING_POH,RANDOMIZER,56,1,1,LINE_WIDTH_WARNING,ACCEPTABLE,Text auto-wraps cleanly within ImGui / SoH proportional font renderer
LOCATION::RC_DMC_VOLCANO_FREESTANDING_POH,RANDOMIZER,58,1,1,LINE_WIDTH_WARNING,ACCEPTABLE,Text auto-wraps cleanly within ImGui / SoH proportional font renderer
LOCATION::RC_DMC_DEKU_SCRUB_GROTTO_LEFT,RANDOMIZER,64,1,1,LINE_WIDTH_WARNING,ACCEPTABLE,Text auto-wraps cleanly within ImGui / SoH proportional font renderer
LOCATION::RC_DMC_DEKU_SCRUB_GROTTO_RIGHT,RANDOMIZER,62,1,1,LINE_WIDTH_WARNING,ACCEPTABLE,Text auto-wraps cleanly within ImGui / SoH proportional font renderer
LOCATION::RC_DMC_DEKU_SCRUB_GROTTO_CENTER,RANDOMIZER,61,1,1,LINE_WIDTH_WARNING,ACCEPTABLE,Text auto-wraps cleanly within ImGui / SoH proportional font renderer
LOCATION::RC_ZR_NEAR_OPEN_GROTTO_FREESTANDING_POH,RANDOMIZER,59,1,1,LINE_WIDTH_WARNING,ACCEPTABLE,Text auto-wraps cleanly within ImGui / SoH proportional font renderer
LOCATION::RC_ZR_NEAR_DOMAIN_FREESTANDING_POH,RANDOMIZER,51,1,1,LINE_WIDTH_WARNING,ACCEPTABLE,Text auto-wraps cleanly within ImGui / SoH proportional font renderer
LOCATION::RC_DODONGOS_CAVERN_BOMB_FLOWER_PLATFORM_CHEST,RANDOMIZER,62,1,1,LINE_WIDTH_WARNING,ACCEPTABLE,Text auto-wraps cleanly within ImGui / SoH proportional font renderer
LOCATION::RC_DODONGOS_CAVERN_DEKU_SCRUB_NEAR_BOMB_BAG_LEFT,RANDOMIZER,71,1,1,LINE_WIDTH_WARNING,ACCEPTABLE,Text auto-wraps cleanly within ImGui / SoH proportional font renderer
LOCATION::RC_DODONGOS_CAVERN_DEKU_SCRUB_SIDE_ROOM_NEAR_DODONGOS,RANDOMIZER,64,1,1,LINE_WIDTH_WARNING,ACCEPTABLE,Text auto-wraps cleanly within ImGui / SoH proportional font renderer
LOCATION::RC_DODONGOS_CAVERN_DEKU_SCRUB_NEAR_BOMB_BAG_RIGHT,RANDOMIZER,69,1,1,LINE_WIDTH_WARNING,ACCEPTABLE,Text auto-wraps cleanly within ImGui / SoH proportional font renderer
LOCATION::RC_DODONGOS_CAVERN_DEKU_SCRUB_LOBBY,RANDOMIZER,52,1,1,LINE_WIDTH_WARNING,ACCEPTABLE,Text auto-wraps cleanly within ImGui / SoH proportional font renderer
LOCATION::RC_DODONGOS_CAVERN_MQ_BOMB_BAG_CHEST,RANDOMIZER,53,1,1,LINE_WIDTH_WARNING,ACCEPTABLE,Text auto-wraps cleanly within ImGui / SoH proportional font renderer
LOCATION::RC_DODONGOS_CAVERN_MQ_LARVAE_ROOM_CHEST,RANDOMIZER,52,1,1,LINE_WIDTH_WARNING,ACCEPTABLE,Text auto-wraps cleanly within ImGui / SoH proportional font renderer
LOCATION::RC_DODONGOS_CAVERN_MQ_TORCH_PUZZLE_ROOM_CHEST,RANDOMIZER,72,1,1,LINE_WIDTH_WARNING,ACCEPTABLE,Text auto-wraps cleanly within ImGui / SoH proportional font renderer
LOCATION::RC_DODONGOS_CAVERN_MQ_DEKU_SCRUB_LOBBY_REAR,RANDOMIZER,63,1,1,LINE_WIDTH_WARNING,ACCEPTABLE,Text auto-wraps cleanly within ImGui / SoH proportional font renderer
LOCATION::RC_DODONGOS_CAVERN_MQ_DEKU_SCRUB_LOBBY_FRONT,RANDOMIZER,63,1,1,LINE_WIDTH_WARNING,ACCEPTABLE,Text auto-wraps cleanly within ImGui / SoH proportional font renderer
LOCATION::RC_DODONGOS_CAVERN_MQ_DEKU_SCRUB_SIDE_ROOM_NEAR_LOWER_LIZALFOS,RANDOMIZER,77,1,1,LINE_WIDTH_WARNING,ACCEPTABLE,Text auto-wraps cleanly within ImGui / SoH proportional font renderer
LOCATION::RC_JABU_JABUS_BELLY_MQ_FIRST_ROOM_SIDE_CHEST,RANDOMIZER,56,1,1,LINE_WIDTH_WARNING,ACCEPTABLE,Text auto-wraps cleanly within ImGui / SoH proportional font renderer
LOCATION::RC_JABU_JABUS_BELLY_MQ_SECOND_ROOM_LOWER_CHEST,RANDOMIZER,57,1,1,LINE_WIDTH_WARNING,ACCEPTABLE,Text auto-wraps cleanly within ImGui / SoH proportional font renderer
LOCATION::RC_JABU_JABUS_BELLY_MQ_SECOND_ROOM_UPPER_CHEST,RANDOMIZER,57,1,1,LINE_WIDTH_WARNING,ACCEPTABLE,Text auto-wraps cleanly within ImGui / SoH proportional font renderer
LOCATION::RC_JABU_JABUS_BELLY_MQ_BASEMENT_NEAR_SWITCHES_CHEST,RANDOMIZER,54,1,1,LINE_WIDTH_WARNING,ACCEPTABLE,Text auto-wraps cleanly within ImGui / SoH proportional font renderer
LOCATION::RC_JABU_JABUS_BELLY_MQ_BASEMENT_NEAR_VINES_CHEST,RANDOMIZER,57,1,1,LINE_WIDTH_WARNING,ACCEPTABLE,Text auto-wraps cleanly within ImGui / SoH proportional font renderer
LOCATION::RC_JABU_JABUS_BELLY_MQ_BOOMERANG_ROOM_SMALL_CHEST,RANDOMIZER,60,1,1,LINE_WIDTH_WARNING,ACCEPTABLE,Text auto-wraps cleanly within ImGui / SoH proportional font renderer
LOCATION::RC_FOREST_TEMPLE_RAISED_ISLAND_COURTYARD_CHEST,RANDOMIZER,52,1,1,LINE_WIDTH_WARNING,ACCEPTABLE,Text auto-wraps cleanly within ImGui / SoH proportional font renderer
LOCATION::RC_FOREST_TEMPLE_MQ_RAISED_ISLAND_COURTYARD_LOWER_CHEST,RANDOMIZER,64,1,1,LINE_WIDTH_WARNING,ACCEPTABLE,Text auto-wraps cleanly within ImGui / SoH proportional font renderer
LOCATION::RC_FOREST_TEMPLE_MQ_RAISED_ISLAND_COURTYARD_UPPER_CHEST,RANDOMIZER,64,1,1,LINE_WIDTH_WARNING,ACCEPTABLE,Text auto-wraps cleanly within ImGui / SoH proportional font renderer
LOCATION::RC_FOREST_TEMPLE_MQ_FALLING_CEILING_ROOM_CHEST,RANDOMIZER,53,1,1,LINE_WIDTH_WARNING,ACCEPTABLE,Text auto-wraps cleanly within ImGui / SoH proportional font renderer
LOCATION::RC_FIRE_TEMPLE_BIG_LAVA_ROOM_BLOCKED_DOOR_CHEST,RANDOMIZER,56,1,1,LINE_WIDTH_WARNING,ACCEPTABLE,Text auto-wraps cleanly within ImGui / SoH proportional font renderer
LOCATION::RC_FIRE_TEMPLE_BIG_LAVA_ROOM_LOWER_OPEN_DOOR_CHEST,RANDOMIZER,63,1,1,LINE_WIDTH_WARNING,ACCEPTABLE,Text auto-wraps cleanly within ImGui / SoH proportional font renderer
LOCATION::RC_FIRE_TEMPLE_BOULDER_MAZE_LOWER_CHEST,RANDOMIZER,54,1,1,LINE_WIDTH_WARNING,ACCEPTABLE,Text auto-wraps cleanly within ImGui / SoH proportional font renderer
LOCATION::RC_FIRE_TEMPLE_BOULDER_MAZE_UPPER_CHEST,RANDOMIZER,54,1,1,LINE_WIDTH_WARNING,ACCEPTABLE,Text auto-wraps cleanly within ImGui / SoH proportional font renderer
LOCATION::RC_FIRE_TEMPLE_BOULDER_MAZE_SIDE_ROOM_CHEST,RANDOMIZER,64,1,1,LINE_WIDTH_WARNING,ACCEPTABLE,Text auto-wraps cleanly within ImGui / SoH proportional font renderer
LOCATION::RC_FIRE_TEMPLE_BOULDER_MAZE_SHORTCUT_CHEST,RANDOMIZER,55,1,1,LINE_WIDTH_WARNING,ACCEPTABLE,Text auto-wraps cleanly within ImGui / SoH proportional font renderer
LOCATION::RC_FIRE_TEMPLE_MQ_LIZALFOS_MAZE_LOWER_CHEST,RANDOMIZER,60,1,1,LINE_WIDTH_WARNING,ACCEPTABLE,Text auto-wraps cleanly within ImGui / SoH proportional font renderer
LOCATION::RC_FIRE_TEMPLE_MQ_LIZALFOS_MAZE_UPPER_CHEST,RANDOMIZER,60,1,1,LINE_WIDTH_WARNING,ACCEPTABLE,Text auto-wraps cleanly within ImGui / SoH proportional font renderer
LOCATION::RC_FIRE_TEMPLE_MQ_MAP_ROOM_SIDE_CHEST,RANDOMIZER,53,1,1,LINE_WIDTH_WARNING,ACCEPTABLE,Text auto-wraps cleanly within ImGui / SoH proportional font renderer
LOCATION::RC_FIRE_TEMPLE_MQ_BIG_LAVA_ROOM_BLOCKED_DOOR_CHEST,RANDOMIZER,59,1,1,LINE_WIDTH_WARNING,ACCEPTABLE,Text auto-wraps cleanly within ImGui / SoH proportional font renderer
LOCATION::RC_FIRE_TEMPLE_MQ_LIZALFOS_MAZE_SIDE_ROOM_CHEST,RANDOMIZER,70,1,1,LINE_WIDTH_WARNING,ACCEPTABLE,Text auto-wraps cleanly within ImGui / SoH proportional font renderer
LOCATION::RC_SPIRIT_TEMPLE_CHILD_EARLY_TORCHES_CHEST,RANDOMIZER,61,1,1,LINE_WIDTH_WARNING,ACCEPTABLE,Text auto-wraps cleanly within ImGui / SoH proportional font renderer
LOCATION::RC_SPIRIT_TEMPLE_EARLY_ADULT_RIGHT_CHEST,RANDOMIZER,52,1,1,LINE_WIDTH_WARNING,ACCEPTABLE,Text auto-wraps cleanly within ImGui / SoH proportional font renderer
LOCATION::RC_SPIRIT_TEMPLE_FIRST_MIRROR_LEFT_CHEST,RANDOMIZER,53,1,1,LINE_WIDTH_WARNING,ACCEPTABLE,Text auto-wraps cleanly within ImGui / SoH proportional font renderer
LOCATION::RC_SPIRIT_TEMPLE_FIRST_MIRROR_RIGHT_CHEST,RANDOMIZER,51,1,1,LINE_WIDTH_WARNING,ACCEPTABLE,Text auto-wraps cleanly within ImGui / SoH proportional font renderer
LOCATION::RC_SPIRIT_TEMPLE_CHILD_CLIMB_NORTH_CHEST,RANDOMIZER,52,1,1,LINE_WIDTH_WARNING,ACCEPTABLE,Text auto-wraps cleanly within ImGui / SoH proportional font renderer
LOCATION::RC_SPIRIT_TEMPLE_CHILD_CLIMB_EAST_CHEST,RANDOMIZER,51,1,1,LINE_WIDTH_WARNING,ACCEPTABLE,Text auto-wraps cleanly within ImGui / SoH proportional font renderer
LOCATION::RC_SPIRIT_TEMPLE_SUN_BLOCK_ROOM_CHEST,RANDOMIZER,54,1,1,LINE_WIDTH_WARNING,ACCEPTABLE,Text auto-wraps cleanly within ImGui / SoH proportional font renderer
LOCATION::RC_SPIRIT_TEMPLE_STATUE_ROOM_HAND_CHEST,RANDOMIZER,61,1,1,LINE_WIDTH_WARNING,ACCEPTABLE,Text auto-wraps cleanly within ImGui / SoH proportional font renderer
LOCATION::RC_SPIRIT_TEMPLE_STATUE_ROOM_NORTHEAST_CHEST,RANDOMIZER,58,1,1,LINE_WIDTH_WARNING,ACCEPTABLE,Text auto-wraps cleanly within ImGui / SoH proportional font renderer
LOCATION::RC_SPIRIT_TEMPLE_NEAR_FOUR_ARMOS_CHEST,RANDOMIZER,51,1,1,LINE_WIDTH_WARNING,ACCEPTABLE,Text auto-wraps cleanly within ImGui / SoH proportional font renderer
LOCATION::RC_SPIRIT_TEMPLE_HALLWAY_RIGHT_INVISIBLE_CHEST,RANDOMIZER,55,1,1,LINE_WIDTH_WARNING,ACCEPTABLE,Text auto-wraps cleanly within ImGui / SoH proportional font renderer
LOCATION::RC_SPIRIT_TEMPLE_HALLWAY_LEFT_INVISIBLE_CHEST,RANDOMIZER,57,1,1,LINE_WIDTH_WARNING,ACCEPTABLE,Text auto-wraps cleanly within ImGui / SoH proportional font renderer
LOCATION::RC_SPIRIT_TEMPLE_MQ_ENTRANCE_FRONT_LEFT_CHEST,RANDOMIZER,54,1,1,LINE_WIDTH_WARNING,ACCEPTABLE,Text auto-wraps cleanly within ImGui / SoH proportional font renderer
LOCATION::RC_SPIRIT_TEMPLE_MQ_ENTRANCE_BACK_RIGHT_CHEST,RANDOMIZER,51,1,1,LINE_WIDTH_WARNING,ACCEPTABLE,Text auto-wraps cleanly within ImGui / SoH proportional font renderer
LOCATION::RC_SPIRIT_TEMPLE_MQ_ENTRANCE_FRONT_RIGHT_CHEST,RANDOMIZER,52,1,1,LINE_WIDTH_WARNING,ACCEPTABLE,Text auto-wraps cleanly within ImGui / SoH proportional font renderer
LOCATION::RC_SPIRIT_TEMPLE_MQ_ENTRANCE_BACK_LEFT_CHEST,RANDOMIZER,53,1,1,LINE_WIDTH_WARNING,ACCEPTABLE,Text auto-wraps cleanly within ImGui / SoH proportional font renderer
LOCATION::RC_SPIRIT_TEMPLE_MQ_CHILD_HAMMER_SWITCH_CHEST,RANDOMIZER,66,1,1,LINE_WIDTH_WARNING,ACCEPTABLE,Text auto-wraps cleanly within ImGui / SoH proportional font renderer
LOCATION::RC_SPIRIT_TEMPLE_MQ_MAP_ROOM_ENEMY_CHEST,RANDOMIZER,60,1,1,LINE_WIDTH_WARNING,ACCEPTABLE,Text auto-wraps cleanly within ImGui / SoH proportional font renderer
LOCATION::RC_SPIRIT_TEMPLE_MQ_CHILD_CLIMB_NORTH_CHEST,RANDOMIZER,55,1,1,LINE_WIDTH_WARNING,ACCEPTABLE,Text auto-wraps cleanly within ImGui / SoH proportional font renderer
LOCATION::RC_SPIRIT_TEMPLE_MQ_CHILD_CLIMB_SOUTH_CHEST,RANDOMIZER,53,1,1,LINE_WIDTH_WARNING,ACCEPTABLE,Text auto-wraps cleanly within ImGui / SoH proportional font renderer
LOCATION::RC_SPIRIT_TEMPLE_MQ_STATUE_ROOM_LULLABY_CHEST,RANDOMIZER,64,1,1,LINE_WIDTH_WARNING,ACCEPTABLE,Text auto-wraps cleanly within ImGui / SoH proportional font renderer
LOCATION::RC_SPIRIT_TEMPLE_MQ_STATUE_ROOM_INVISIBLE_CHEST,RANDOMIZER,63,1,1,LINE_WIDTH_WARNING,ACCEPTABLE,Text auto-wraps cleanly within ImGui / SoH proportional font renderer
LOCATION::RC_SPIRIT_TEMPLE_MQ_SILVER_BLOCK_HALLWAY_CHEST,RANDOMIZER,60,1,1,LINE_WIDTH_WARNING,ACCEPTABLE,Text auto-wraps cleanly within ImGui / SoH proportional font renderer
LOCATION::RC_SPIRIT_TEMPLE_MQ_SUN_BLOCK_ROOM_CHEST,RANDOMIZER,57,1,1,LINE_WIDTH_WARNING,ACCEPTABLE,Text auto-wraps cleanly within ImGui / SoH proportional font renderer
LOCATION::RC_SPIRIT_TEMPLE_MQ_SYMPHONY_ROOM_CHEST,RANDOMIZER,54,1,1,LINE_WIDTH_WARNING,ACCEPTABLE,Text auto-wraps cleanly within ImGui / SoH proportional font renderer
LOCATION::RC_SPIRIT_TEMPLE_MQ_CHEST_SWITCH_CHEST,RANDOMIZER,54,1,1,LINE_WIDTH_WARNING,ACCEPTABLE,Text auto-wraps cleanly within ImGui / SoH proportional font renderer
LOCATION::RC_SPIRIT_TEMPLE_MQ_MIRROR_PUZZLE_INVISIBLE_CHEST,RANDOMIZER,66,1,1,LINE_WIDTH_WARNING,ACCEPTABLE,Text auto-wraps cleanly within ImGui / SoH proportional font renderer
LOCATION::RC_SHADOW_TEMPLE_EARLY_SILVER_RUPEE_CHEST,RANDOMIZER,55,1,1,LINE_WIDTH_WARNING,ACCEPTABLE,Text auto-wraps cleanly within ImGui / SoH proportional font renderer
LOCATION::RC_SHADOW_TEMPLE_INVISIBLE_BLADES_VISIBLE_CHEST,RANDOMIZER,57,1,1,LINE_WIDTH_WARNING,ACCEPTABLE,Text auto-wraps cleanly within ImGui / SoH proportional font renderer
LOCATION::RC_SHADOW_TEMPLE_INVISIBLE_BLADES_INVISIBLE_CHEST,RANDOMIZER,59,1,1,LINE_WIDTH_WARNING,ACCEPTABLE,Text auto-wraps cleanly within ImGui / SoH proportional font renderer
LOCATION::RC_SHADOW_TEMPLE_FALLING_SPIKES_SWITCH_CHEST,RANDOMIZER,60,1,1,LINE_WIDTH_WARNING,ACCEPTABLE,Text auto-wraps cleanly within ImGui / SoH proportional font renderer
LOCATION::RC_SHADOW_TEMPLE_AFTER_WIND_ENEMY_CHEST,RANDOMIZER,56,1,1,LINE_WIDTH_WARNING,ACCEPTABLE,Text auto-wraps cleanly within ImGui / SoH proportional font renderer
LOCATION::RC_SHADOW_TEMPLE_AFTER_WIND_HIDDEN_CHEST,RANDOMIZER,51,1,1,LINE_WIDTH_WARNING,ACCEPTABLE,Text auto-wraps cleanly within ImGui / SoH proportional font renderer
LOCATION::RC_SHADOW_TEMPLE_SPIKE_WALLS_LEFT_CHEST,RANDOMIZER,56,1,1,LINE_WIDTH_WARNING,ACCEPTABLE,Text auto-wraps cleanly within ImGui / SoH proportional font renderer
LOCATION::RC_SHADOW_TEMPLE_INVISIBLE_FLOORMASTER_CHEST,RANDOMIZER,57,1,1,LINE_WIDTH_WARNING,ACCEPTABLE,Text auto-wraps cleanly within ImGui / SoH proportional font renderer
LOCATION::RC_SHADOW_TEMPLE_MQ_HOVER_BOOTS_CHEST,RANDOMIZER,51,1,1,LINE_WIDTH_WARNING,ACCEPTABLE,Text auto-wraps cleanly within ImGui / SoH proportional font renderer
LOCATION::RC_SHADOW_TEMPLE_MQ_EARLY_GIBDOS_CHEST,RANDOMIZER,52,1,1,LINE_WIDTH_WARNING,ACCEPTABLE,Text auto-wraps cleanly within ImGui / SoH proportional font renderer
LOCATION::RC_SHADOW_TEMPLE_MQ_BEAMOS_SILVER_RUPEES_CHEST,RANDOMIZER,51,1,1,LINE_WIDTH_WARNING,ACCEPTABLE,Text auto-wraps cleanly within ImGui / SoH proportional font renderer
LOCATION::RC_SHADOW_TEMPLE_MQ_FALLING_SPIKES_SWITCH_CHEST,RANDOMIZER,63,1,1,LINE_WIDTH_WARNING,ACCEPTABLE,Text auto-wraps cleanly within ImGui / SoH proportional font renderer
LOCATION::RC_SHADOW_TEMPLE_MQ_INVISIBLE_SPIKES_CHEST,RANDOMIZER,51,1,1,LINE_WIDTH_WARNING,ACCEPTABLE,Text auto-wraps cleanly within ImGui / SoH proportional font renderer
LOCATION::RC_SHADOW_TEMPLE_MQ_SPIKE_WALLS_LEFT_CHEST,RANDOMIZER,59,1,1,LINE_WIDTH_WARNING,ACCEPTABLE,Text auto-wraps cleanly within ImGui / SoH proportional font renderer
LOCATION::RC_SHADOW_TEMPLE_MQ_INVISIBLE_BLADES_INVISIBLE_CHEST,RANDOMIZER,62,1,1,LINE_WIDTH_WARNING,ACCEPTABLE,Text auto-wraps cleanly within ImGui / SoH proportional font renderer
LOCATION::RC_SHADOW_TEMPLE_MQ_INVISIBLE_BLADES_VISIBLE_CHEST,RANDOMIZER,60,1,1,LINE_WIDTH_WARNING,ACCEPTABLE,Text auto-wraps cleanly within ImGui / SoH proportional font renderer
LOCATION::RC_SHADOW_TEMPLE_MQ_AFTER_WIND_HIDDEN_CHEST,RANDOMIZER,54,1,1,LINE_WIDTH_WARNING,ACCEPTABLE,Text auto-wraps cleanly within ImGui / SoH proportional font renderer
LOCATION::RC_SHADOW_TEMPLE_MQ_AFTER_WIND_ENEMY_CHEST,RANDOMIZER,59,1,1,LINE_WIDTH_WARNING,ACCEPTABLE,Text auto-wraps cleanly within ImGui / SoH proportional font renderer
LOCATION::RC_SHADOW_TEMPLE_MQ_NEAR_SHIP_INVISIBLE_CHEST,RANDOMIZER,54,1,1,LINE_WIDTH_WARNING,ACCEPTABLE,Text auto-wraps cleanly within ImGui / SoH proportional font renderer
LOCATION::RC_BOTTOM_OF_THE_WELL_FRONT_LEFT_FAKE_WALL_CHEST,RANDOMIZER,52,1,1,LINE_WIDTH_WARNING,ACCEPTABLE,Text auto-wraps cleanly within ImGui / SoH proportional font renderer
LOCATION::RC_BOTTOM_OF_THE_WELL_FRONT_CENTER_BOMBABLE_CHEST,RANDOMIZER,58,1,1,LINE_WIDTH_WARNING,ACCEPTABLE,Text auto-wraps cleanly within ImGui / SoH proportional font renderer
LOCATION::RC_BOTTOM_OF_THE_WELL_RIGHT_BOTTOM_FAKE_WALL_CHEST,RANDOMIZER,52,1,1,LINE_WIDTH_WARNING,ACCEPTABLE,Text auto-wraps cleanly within ImGui / SoH proportional font renderer
LOCATION::RC_BOTTOM_OF_THE_WELL_BACK_LEFT_BOMBABLE_CHEST,RANDOMIZER,60,1,1,LINE_WIDTH_WARNING,ACCEPTABLE,Text auto-wraps cleanly within ImGui / SoH proportional font renderer
LOCATION::RC_BOTTOM_OF_THE_WELL_MQ_EAST_INNER_ROOM_FREESTANDING_KEY,RANDOMIZER,56,1,1,LINE_WIDTH_WARNING,ACCEPTABLE,Text auto-wraps cleanly within ImGui / SoH proportional font renderer
LOCATION::RC_GERUDO_TRAINING_GROUND_LOBBY_LEFT_CHEST,RANDOMIZER,66,1,1,LINE_WIDTH_WARNING,ACCEPTABLE,Text auto-wraps cleanly within ImGui / SoH proportional font renderer
LOCATION::RC_GERUDO_TRAINING_GROUND_LOBBY_RIGHT_CHEST,RANDOMIZER,64,1,1,LINE_WIDTH_WARNING,ACCEPTABLE,Text auto-wraps cleanly within ImGui / SoH proportional font renderer
LOCATION::RC_GERUDO_TRAINING_GROUND_HIDDEN_CEILING_CHEST,RANDOMIZER,52,1,1,LINE_WIDTH_WARNING,ACCEPTABLE,Text auto-wraps cleanly within ImGui / SoH proportional font renderer
LOCATION::RC_GERUDO_TRAINING_GROUND_MAZE_PATH_FIRST_CHEST,RANDOMIZER,67,1,1,LINE_WIDTH_WARNING,ACCEPTABLE,Text auto-wraps cleanly within ImGui / SoH proportional font renderer
LOCATION::RC_GERUDO_TRAINING_GROUND_MAZE_PATH_SECOND_CHEST,RANDOMIZER,68,1,1,LINE_WIDTH_WARNING,ACCEPTABLE,Text auto-wraps cleanly within ImGui / SoH proportional font renderer
LOCATION::RC_GERUDO_TRAINING_GROUND_MAZE_PATH_THIRD_CHEST,RANDOMIZER,67,1,1,LINE_WIDTH_WARNING,ACCEPTABLE,Text auto-wraps cleanly within ImGui / SoH proportional font renderer
LOCATION::RC_GERUDO_TRAINING_GROUND_MAZE_PATH_FINAL_CHEST,RANDOMIZER,66,1,1,LINE_WIDTH_WARNING,ACCEPTABLE,Text auto-wraps cleanly within ImGui / SoH proportional font renderer
LOCATION::RC_GERUDO_TRAINING_GROUND_MAZE_RIGHT_CENTRAL_CHEST,RANDOMIZER,65,1,1,LINE_WIDTH_WARNING,ACCEPTABLE,Text auto-wraps cleanly within ImGui / SoH proportional font renderer
LOCATION::RC_GERUDO_TRAINING_GROUND_MAZE_RIGHT_SIDE_CHEST,RANDOMIZER,62,1,1,LINE_WIDTH_WARNING,ACCEPTABLE,Text auto-wraps cleanly within ImGui / SoH proportional font renderer
LOCATION::RC_GERUDO_TRAINING_GROUND_UNDERWATER_SILVER_RUPEE_CHEST,RANDOMIZER,62,1,1,LINE_WIDTH_WARNING,ACCEPTABLE,Text auto-wraps cleanly within ImGui / SoH proportional font renderer
LOCATION::RC_GERUDO_TRAINING_GROUND_HAMMER_ROOM_CLEAR_CHEST,RANDOMIZER,66,1,1,LINE_WIDTH_WARNING,ACCEPTABLE,Text auto-wraps cleanly within ImGui / SoH proportional font renderer
LOCATION::RC_GERUDO_TRAINING_GROUND_HAMMER_ROOM_SWITCH_CHEST,RANDOMIZER,75,1,1,LINE_WIDTH_WARNING,ACCEPTABLE,Text auto-wraps cleanly within ImGui / SoH proportional font renderer
LOCATION::RC_GERUDO_TRAINING_GROUND_EYE_STATUE_CHEST,RANDOMIZER,56,1,1,LINE_WIDTH_WARNING,ACCEPTABLE,Text auto-wraps cleanly within ImGui / SoH proportional font renderer
LOCATION::RC_GERUDO_TRAINING_GROUND_NEAR_SCARECROW_CHEST,RANDOMIZER,60,1,1,LINE_WIDTH_WARNING,ACCEPTABLE,Text auto-wraps cleanly within ImGui / SoH proportional font renderer
LOCATION::RC_GERUDO_TRAINING_GROUND_BEFORE_HEAVY_BLOCK_CHEST,RANDOMIZER,59,1,1,LINE_WIDTH_WARNING,ACCEPTABLE,Text auto-wraps cleanly within ImGui / SoH proportional font renderer
LOCATION::RC_GERUDO_TRAINING_GROUND_HEAVY_BLOCK_FIRST_CHEST,RANDOMIZER,60,1,1,LINE_WIDTH_WARNING,ACCEPTABLE,Text auto-wraps cleanly within ImGui / SoH proportional font renderer
LOCATION::RC_GERUDO_TRAINING_GROUND_HEAVY_BLOCK_SECOND_CHEST,RANDOMIZER,61,1,1,LINE_WIDTH_WARNING,ACCEPTABLE,Text auto-wraps cleanly within ImGui / SoH proportional font renderer
LOCATION::RC_GERUDO_TRAINING_GROUND_HEAVY_BLOCK_THIRD_CHEST,RANDOMIZER,60,1,1,LINE_WIDTH_WARNING,ACCEPTABLE,Text auto-wraps cleanly within ImGui / SoH proportional font renderer
LOCATION::RC_GERUDO_TRAINING_GROUND_HEAVY_BLOCK_FOURTH_CHEST,RANDOMIZER,60,1,1,LINE_WIDTH_WARNING,ACCEPTABLE,Text auto-wraps cleanly within ImGui / SoH proportional font renderer
LOCATION::RC_GERUDO_TRAINING_GROUND_MQ_LOBBY_RIGHT_CHEST,RANDOMIZER,67,1,1,LINE_WIDTH_WARNING,ACCEPTABLE,Text auto-wraps cleanly within ImGui / SoH proportional font renderer
LOCATION::RC_GERUDO_TRAINING_GROUND_MQ_LOBBY_LEFT_CHEST,RANDOMIZER,69,1,1,LINE_WIDTH_WARNING,ACCEPTABLE,Text auto-wraps cleanly within ImGui / SoH proportional font renderer
LOCATION::RC_GERUDO_TRAINING_GROUND_MQ_FIRST_IRON_KNUCKLE_CHEST,RANDOMIZER,58,1,1,LINE_WIDTH_WARNING,ACCEPTABLE,Text auto-wraps cleanly within ImGui / SoH proportional font renderer
LOCATION::RC_GERUDO_TRAINING_GROUND_MQ_BEFORE_HEAVY_BLOCK_CHEST,RANDOMIZER,62,1,1,LINE_WIDTH_WARNING,ACCEPTABLE,Text auto-wraps cleanly within ImGui / SoH proportional font renderer
LOCATION::RC_GERUDO_TRAINING_GROUND_MQ_EYE_STATUE_CHEST,RANDOMIZER,59,1,1,LINE_WIDTH_WARNING,ACCEPTABLE,Text auto-wraps cleanly within ImGui / SoH proportional font renderer
LOCATION::RC_GERUDO_TRAINING_GROUND_MQ_FLAME_CIRCLE_CHEST,RANDOMIZER,51,1,1,LINE_WIDTH_WARNING,ACCEPTABLE,Text auto-wraps cleanly within ImGui / SoH proportional font renderer
LOCATION::RC_GERUDO_TRAINING_GROUND_MQ_SECOND_IRON_KNUCKLE_CHEST,RANDOMIZER,59,1,1,LINE_WIDTH_WARNING,ACCEPTABLE,Text auto-wraps cleanly within ImGui / SoH proportional font renderer
LOCATION::RC_GERUDO_TRAINING_GROUND_MQ_ICE_ARROWS_CHEST,RANDOMIZER,62,1,1,LINE_WIDTH_WARNING,ACCEPTABLE,Text auto-wraps cleanly within ImGui / SoH proportional font renderer
LOCATION::RC_GERUDO_TRAINING_GROUND_MQ_MAZE_RIGHT_CENTRAL_CHEST,RANDOMIZER,68,1,1,LINE_WIDTH_WARNING,ACCEPTABLE,Text auto-wraps cleanly within ImGui / SoH proportional font renderer
LOCATION::RC_GERUDO_TRAINING_GROUND_MQ_MAZE_PATH_FIRST_CHEST,RANDOMIZER,70,1,1,LINE_WIDTH_WARNING,ACCEPTABLE,Text auto-wraps cleanly within ImGui / SoH proportional font renderer
LOCATION::RC_GERUDO_TRAINING_GROUND_MQ_MAZE_RIGHT_SIDE_CHEST,RANDOMIZER,65,1,1,LINE_WIDTH_WARNING,ACCEPTABLE,Text auto-wraps cleanly within ImGui / SoH proportional font renderer
LOCATION::RC_GERUDO_TRAINING_GROUND_MQ_MAZE_PATH_THIRD_CHEST,RANDOMIZER,70,1,1,LINE_WIDTH_WARNING,ACCEPTABLE,Text auto-wraps cleanly within ImGui / SoH proportional font renderer
LOCATION::RC_GERUDO_TRAINING_GROUND_MQ_MAZE_PATH_SECOND_CHEST,RANDOMIZER,71,1,1,LINE_WIDTH_WARNING,ACCEPTABLE,Text auto-wraps cleanly within ImGui / SoH proportional font renderer
LOCATION::RC_GERUDO_TRAINING_GROUND_MQ_HIDDEN_CEILING_CHEST,RANDOMIZER,55,1,1,LINE_WIDTH_WARNING,ACCEPTABLE,Text auto-wraps cleanly within ImGui / SoH proportional font renderer
LOCATION::RC_GERUDO_TRAINING_GROUND_MQ_UNDERWATER_SILVER_RUPEE_CHEST,RANDOMIZER,65,1,1,LINE_WIDTH_WARNING,ACCEPTABLE,Text auto-wraps cleanly within ImGui / SoH proportional font renderer
LOCATION::RC_GERUDO_TRAINING_GROUND_MQ_HEAVY_BLOCK_CHEST,RANDOMIZER,52,1,1,LINE_WIDTH_WARNING,ACCEPTABLE,Text auto-wraps cleanly within ImGui / SoH proportional font renderer
LOCATION::RC_GANONS_CASTLE_SHADOW_TRIAL_GOLDEN_GAUNTLETS_CHEST,RANDOMIZER,52,1,1,LINE_WIDTH_WARNING,ACCEPTABLE,Text auto-wraps cleanly within ImGui / SoH proportional font renderer
LOCATION::RC_GANONS_CASTLE_SPIRIT_TRIAL_CRYSTAL_SWITCH_CHEST,RANDOMIZER,59,1,1,LINE_WIDTH_WARNING,ACCEPTABLE,Text auto-wraps cleanly within ImGui / SoH proportional font renderer
LOCATION::RC_GANONS_CASTLE_SPIRIT_TRIAL_INVISIBLE_CHEST,RANDOMIZER,59,1,1,LINE_WIDTH_WARNING,ACCEPTABLE,Text auto-wraps cleanly within ImGui / SoH proportional font renderer
LOCATION::RC_GANONS_CASTLE_LIGHT_TRIAL_FIRST_LEFT_CHEST,RANDOMIZER,63,1,1,LINE_WIDTH_WARNING,ACCEPTABLE,Text auto-wraps cleanly within ImGui / SoH proportional font renderer
LOCATION::RC_GANONS_CASTLE_LIGHT_TRIAL_SECOND_LEFT_CHEST,RANDOMIZER,64,1,1,LINE_WIDTH_WARNING,ACCEPTABLE,Text auto-wraps cleanly within ImGui / SoH proportional font renderer
LOCATION::RC_GANONS_CASTLE_LIGHT_TRIAL_THIRD_LEFT_CHEST,RANDOMIZER,63,1,1,LINE_WIDTH_WARNING,ACCEPTABLE,Text auto-wraps cleanly within ImGui / SoH proportional font renderer
LOCATION::RC_GANONS_CASTLE_LIGHT_TRIAL_FIRST_RIGHT_CHEST,RANDOMIZER,61,1,1,LINE_WIDTH_WARNING,ACCEPTABLE,Text auto-wraps cleanly within ImGui / SoH proportional font renderer
LOCATION::RC_GANONS_CASTLE_LIGHT_TRIAL_SECOND_RIGHT_CHEST,RANDOMIZER,62,1,1,LINE_WIDTH_WARNING,ACCEPTABLE,Text auto-wraps cleanly within ImGui / SoH proportional font renderer
LOCATION::RC_GANONS_CASTLE_LIGHT_TRIAL_THIRD_RIGHT_CHEST,RANDOMIZER,61,1,1,LINE_WIDTH_WARNING,ACCEPTABLE,Text auto-wraps cleanly within ImGui / SoH proportional font renderer
LOCATION::RC_GANONS_CASTLE_LIGHT_TRIAL_INVISIBLE_ENEMIES_CHEST,RANDOMIZER,73,1,1,LINE_WIDTH_WARNING,ACCEPTABLE,Text auto-wraps cleanly within ImGui / SoH proportional font renderer
LOCATION::RC_GANONS_CASTLE_LIGHT_TRIAL_LULLABY_CHEST,RANDOMIZER,57,1,1,LINE_WIDTH_WARNING,ACCEPTABLE,Text auto-wraps cleanly within ImGui / SoH proportional font renderer
LOCATION::RC_GANONS_CASTLE_MQ_FOREST_TRIAL_EYE_SWITCH_CHEST,RANDOMIZER,73,1,1,LINE_WIDTH_WARNING,ACCEPTABLE,Text auto-wraps cleanly within ImGui / SoH proportional font renderer
LOCATION::RC_GANONS_CASTLE_MQ_FOREST_TRIAL_FROZEN_EYE_SWITCH_CHEST,RANDOMIZER,83,1,1,LINE_WIDTH_WARNING,ACCEPTABLE,Text auto-wraps cleanly within ImGui / SoH proportional font renderer
LOCATION::RC_GANONS_CASTLE_MQ_LIGHT_TRIAL_LULLABY_CHEST,RANDOMIZER,60,1,1,LINE_WIDTH_WARNING,ACCEPTABLE,Text auto-wraps cleanly within ImGui / SoH proportional font renderer
LOCATION::RC_GANONS_CASTLE_MQ_SHADOW_TRIAL_BOMB_FLOWER_CHEST,RANDOMIZER,72,1,1,LINE_WIDTH_WARNING,ACCEPTABLE,Text auto-wraps cleanly within ImGui / SoH proportional font renderer
LOCATION::RC_GANONS_CASTLE_MQ_SHADOW_TRIAL_EYE_SWITCH_CHEST,RANDOMIZER,75,1,1,LINE_WIDTH_WARNING,ACCEPTABLE,Text auto-wraps cleanly within ImGui / SoH proportional font renderer
LOCATION::RC_GANONS_CASTLE_MQ_SPIRIT_TRIAL_GOLDEN_GAUNTLETS_CHEST,RANDOMIZER,74,1,1,LINE_WIDTH_WARNING,ACCEPTABLE,Text auto-wraps cleanly within ImGui / SoH proportional font renderer
LOCATION::RC_GANONS_CASTLE_MQ_SPIRIT_TRIAL_SUN_BACK_RIGHT_CHEST,RANDOMIZER,70,1,1,LINE_WIDTH_WARNING,ACCEPTABLE,Text auto-wraps cleanly within ImGui / SoH proportional font renderer
LOCATION::RC_GANONS_CASTLE_MQ_SPIRIT_TRIAL_SUN_BACK_LEFT_CHEST,RANDOMIZER,72,1,1,LINE_WIDTH_WARNING,ACCEPTABLE,Text auto-wraps cleanly within ImGui / SoH proportional font renderer
LOCATION::RC_GANONS_CASTLE_MQ_SPIRIT_TRIAL_SUN_FRONT_LEFT_CHEST,RANDOMIZER,73,1,1,LINE_WIDTH_WARNING,ACCEPTABLE,Text auto-wraps cleanly within ImGui / SoH proportional font renderer
LOCATION::RC_GANONS_CASTLE_MQ_SPIRIT_TRIAL_FIRST_CHEST,RANDOMIZER,59,1,1,LINE_WIDTH_WARNING,ACCEPTABLE,Text auto-wraps cleanly within ImGui / SoH proportional font renderer
LOCATION::RC_GANONS_CASTLE_MQ_SPIRIT_TRIAL_INVISIBLE_CHEST,RANDOMIZER,62,1,1,LINE_WIDTH_WARNING,ACCEPTABLE,Text auto-wraps cleanly within ImGui / SoH proportional font renderer
LOCATION::RC_GANONS_CASTLE_MQ_FOREST_TRIAL_FREESTANDING_KEY,RANDOMIZER,64,1,1,LINE_WIDTH_WARNING,ACCEPTABLE,Text auto-wraps cleanly within ImGui / SoH proportional font renderer
LOCATION::RC_DODONGOS_CAVERN_GS_VINES_ABOVE_STAIRS,RANDOMIZER,57,1,1,LINE_WIDTH_WARNING,ACCEPTABLE,Text auto-wraps cleanly within ImGui / SoH proportional font renderer
LOCATION::RC_DODONGOS_CAVERN_GS_ALCOVE_ABOVE_STAIRS,RANDOMIZER,52,1,1,LINE_WIDTH_WARNING,ACCEPTABLE,Text auto-wraps cleanly within ImGui / SoH proportional font renderer
LOCATION::RC_DODONGOS_CAVERN_GS_SIDE_ROOM_NEAR_LOWER_LIZALFOS,RANDOMIZER,65,1,1,LINE_WIDTH_WARNING,ACCEPTABLE,Text auto-wraps cleanly within ImGui / SoH proportional font renderer
LOCATION::RC_DODONGOS_CAVERN_MQ_GS_SONG_OF_TIME_BLOCK_ROOM,RANDOMIZER,58,1,1,LINE_WIDTH_WARNING,ACCEPTABLE,Text auto-wraps cleanly within ImGui / SoH proportional font renderer
LOCATION::RC_JABU_JABUS_BELLY_GS_LOBBY_BASEMENT_LOWER,RANDOMIZER,54,1,1,LINE_WIDTH_WARNING,ACCEPTABLE,Text auto-wraps cleanly within ImGui / SoH proportional font renderer
LOCATION::RC_JABU_JABUS_BELLY_GS_LOBBY_BASEMENT_UPPER,RANDOMIZER,54,1,1,LINE_WIDTH_WARNING,ACCEPTABLE,Text auto-wraps cleanly within ImGui / SoH proportional font renderer
LOCATION::RC_FIRE_TEMPLE_MQ_GS_BIG_LAVA_ROOM_OPEN_DOOR,RANDOMIZER,54,1,1,LINE_WIDTH_WARNING,ACCEPTABLE,Text auto-wraps cleanly within ImGui / SoH proportional font renderer
LOCATION::RC_FIRE_TEMPLE_MQ_GS_FIRE_WALL_MAZE_SIDE_ROOM,RANDOMIZER,56,1,1,LINE_WIDTH_WARNING,ACCEPTABLE,Text auto-wraps cleanly within ImGui / SoH proportional font renderer
LOCATION::RC_WATER_TEMPLE_MQ_GS_BEFORE_UPPER_WATER_SWITCH,RANDOMIZER,56,1,1,LINE_WIDTH_WARNING,ACCEPTABLE,Text auto-wraps cleanly within ImGui / SoH proportional font renderer
LOCATION::RC_SPIRIT_TEMPLE_GS_HALL_AFTER_SUN_BLOCK_ROOM,RANDOMIZER,54,1,1,LINE_WIDTH_WARNING,ACCEPTABLE,Text auto-wraps cleanly within ImGui / SoH proportional font renderer
LOCATION::RC_DMT_GS_ABOVE_DODONGOS_CAVERN,RANDOMIZER,63,1,1,LINE_WIDTH_WARNING,ACCEPTABLE,Text auto-wraps cleanly within ImGui / SoH proportional font renderer
LOCATION::RC_DMT_GS_FALLING_ROCKS_PATH,RANDOMIZER,56,1,1,LINE_WIDTH_WARNING,ACCEPTABLE,Text auto-wraps cleanly within ImGui / SoH proportional font renderer
LOCATION::RC_DMT_GREAT_FAIRY_REWARD,RANDOMIZER,61,1,1,LINE_WIDTH_WARNING,ACCEPTABLE,Text auto-wraps cleanly within ImGui / SoH proportional font renderer
LOCATION::RC_DMC_GREAT_FAIRY_REWARD,RANDOMIZER,60,1,1,LINE_WIDTH_WARNING,ACCEPTABLE,Text auto-wraps cleanly within ImGui / SoH proportional font renderer
LOCATION::RC_DMC_GOSSIP_STONE,RANDOMIZER,55,1,1,LINE_WIDTH_WARNING,ACCEPTABLE,Text auto-wraps cleanly within ImGui / SoH proportional font renderer
LOCATION::RC_DMT_GOSSIP_STONE,RANDOMIZER,56,1,1,LINE_WIDTH_WARNING,ACCEPTABLE,Text auto-wraps cleanly within ImGui / SoH proportional font renderer
LOCATION::RC_HC_STORMS_GROTTO_GOSSIP_STONE,RANDOMIZER,54,1,1,LINE_WIDTH_WARNING,ACCEPTABLE,Text auto-wraps cleanly within ImGui / SoH proportional font renderer
LOCATION::RC_SFM_MAZE_LOWER_GOSSIP_STONE,RANDOMIZER,58,1,1,LINE_WIDTH_WARNING,ACCEPTABLE,Text auto-wraps cleanly within ImGui / SoH proportional font renderer
LOCATION::RC_SFM_MAZE_UPPER_GOSSIP_STONE,RANDOMIZER,58,1,1,LINE_WIDTH_WARNING,ACCEPTABLE,Text auto-wraps cleanly within ImGui / SoH proportional font renderer
LOCATION::RC_HF_NEAR_MARKET_GROTTO_GOSSIP_STONE,RANDOMIZER,51,1,1,LINE_WIDTH_WARNING,ACCEPTABLE,Text auto-wraps cleanly within ImGui / SoH proportional font renderer
LOCATION::RC_DMT_STORMS_GROTTO_GOSSIP_STONE,RANDOMIZER,70,1,1,LINE_WIDTH_WARNING,ACCEPTABLE,Text auto-wraps cleanly within ImGui / SoH proportional font renderer
LOCATION::RC_DMC_UPPER_GROTTO_GOSSIP_STONE,RANDOMIZER,61,1,1,LINE_WIDTH_WARNING,ACCEPTABLE,Text auto-wraps cleanly within ImGui / SoH proportional font renderer
