domain,id,original_length,encoded_bytes,decoded_match,unsupported_char_count,verdict
MAIN_GAME,Z_MESSAGE_OTR::L118,102,96,YES,0,PASS
MAIN_GAME,Z_MESSAGE_OTR::L126,87,87,YES,0,PASS
MAIN_GAME,Z_MESSAGE_OTR::L134,91,88,YES,0,PASS
MAIN_GAME,Z_MESSAGE_OTR::L142,4,1,YES,0,PASS
MAIN_GAME,Z_MESSAGE_OTR::L148,101,101,YES,0,PASS
MAIN_GAME,Z_MESSAGE_OTR::L154,87,87,YES,0,PASS
MAIN_GAME,Z_MESSAGE_OTR::L160,56,53,YES,0,PASS
MAIN_GAME,Z_MESSAGE_OTR::L165,103,89,YES,0,PASS
MAIN_GAME,Z_MESSAGE_OTR::L172,101,90,YES,0,PASS
MAIN_GAME,Z_MESSAGE_OTR::L177,8,8,YES,0,PASS
MAIN_GAME,Rando::GIMESSAGE::RG_GREG_RUPEE,20,20,YES,0,PASS
MAIN_GAME,Rando::GIMESSAGE::RG_MASTER_SWORD,31,31,YES,0,PASS
MAIN_GAME,Rando::GIMESSAGE::RG_BOTTLE_WITH_BLUE_FIRE,74,74,YES,0,PASS
MAIN_GAME,Rando::GIMESSAGE::RG_BOTTLE_WITH_BUGS,88,88,YES,0,PASS
MAIN_GAME,Rando::GIMESSAGE::RG_BOTTLE_WITH_FAIRY,56,56,YES,0,PASS
MAIN_GAME,Rando::GIMESSAGE::RG_BOTTLE_WITH_RED_POTION,68,68,YES,0,PASS
MAIN_GAME,Rando::GIMESSAGE::RG_BOTTLE_WITH_GREEN_POTION,70,70,YES,0,PASS
MAIN_GAME,Rando::GIMESSAGE::RG_GERUDO_FORTRESS_SMALL_KEY,59,59,YES,0,PASS
MAIN_GAME,Rando::GIMESSAGE::RG_FOREST_TEMPLE_SMALL_KEY,53,53,YES,0,PASS
MAIN_GAME,Rando::GIMESSAGE::RG_FIRE_TEMPLE_SMALL_KEY,52,52,YES,0,PASS
MAIN_GAME,Rando::GIMESSAGE::RG_WATER_TEMPLE_SMALL_KEY,51,51,YES,0,PASS
MAIN_GAME,Rando::GIMESSAGE::RG_SPIRIT_TEMPLE_SMALL_KEY,55,55,YES,0,PASS
MAIN_GAME,Rando::GIMESSAGE::RG_SHADOW_TEMPLE_SMALL_KEY,55,55,YES,0,PASS
MAIN_GAME,Rando::GIMESSAGE::RG_BOTTOM_OF_THE_WELL_SMALL_KEY,50,50,YES,0,PASS
MAIN_GAME,Rando::GIMESSAGE::RG_GERUDO_TRAINING_GROUND_SMALL_KEY,67,67,YES,0,PASS
MAIN_GAME,Rando::GIMESSAGE::RG_GANONS_CASTLE_SMALL_KEY,53,53,YES,0,PASS
MAIN_GAME,Rando::GIMESSAGE::RG_GUARD_HOUSE_KEY,47,47,YES,0,PASS
MAIN_GAME,Rando::GIMESSAGE::RG_MARKET_BAZAAR_KEY,44,44,YES,0,PASS
MAIN_GAME,Rando::GIMESSAGE::RG_MARKET_POTION_SHOP_KEY,59,59,YES,0,PASS
MAIN_GAME,Rando::GIMESSAGE::RG_MASK_SHOP_KEY,47,47,YES,0,PASS
MAIN_GAME,Rando::GIMESSAGE::RG_MARKET_SHOOTING_GALLERY_KEY,56,56,YES,0,PASS
MAIN_GAME,Rando::GIMESSAGE::RG_BOMBCHU_BOWLING_KEY,46,46,YES,0,PASS
MAIN_GAME,Rando::GIMESSAGE::RG_TREASURE_CHEST_GAME_BUILDING_KEY,66,66,YES,0,PASS
MAIN_GAME,Rando::GIMESSAGE::RG_BOMBCHU_SHOP_KEY,46,46,YES,0,PASS
MAIN_GAME,Rando::GIMESSAGE::RG_RICHARDS_HOUSE_KEY,44,44,YES,0,PASS
MAIN_GAME,Rando::GIMESSAGE::RG_ALLEY_HOUSE_KEY,46,46,YES,0,PASS
MAIN_GAME,Rando::GIMESSAGE::RG_KAK_BAZAAR_KEY,44,44,YES,0,PASS
MAIN_GAME,Rando::GIMESSAGE::RG_KAK_POTION_SHOP_KEY,59,59,YES,0,PASS
MAIN_GAME,Rando::GIMESSAGE::RG_BOSS_HOUSE_KEY,42,42,YES,0,PASS
MAIN_GAME,Rando::GIMESSAGE::RG_GRANNYS_POTION_SHOP_KEY,60,60,YES,0,PASS
MAIN_GAME,Rando::GIMESSAGE::RG_SKULLTULA_HOUSE_KEY,46,46,YES,0,PASS
MAIN_GAME,Rando::GIMESSAGE::RG_IMPAS_HOUSE_KEY,41,41,YES,0,PASS
MAIN_GAME,Rando::GIMESSAGE::RG_WINDMILL_KEY,33,33,YES,0,PASS
MAIN_GAME,Rando::GIMESSAGE::RG_KAK_SHOOTING_GALLERY_KEY,56,56,YES,0,PASS
MAIN_GAME,Rando::GIMESSAGE::RG_DAMPES_HUT_KEY,44,44,YES,0,PASS
MAIN_GAME,Rando::GIMESSAGE::RG_TALONS_HOUSE_KEY,42,42,YES,0,PASS
MAIN_GAME,Rando::GIMESSAGE::RG_STABLES_KEY,37,37,YES,0,PASS
MAIN_GAME,Rando::GIMESSAGE::RG_BACK_TOWER_KEY,42,42,YES,0,PASS
MAIN_GAME,Rando::GIMESSAGE::RG_HYLIA_LAB_KEY,47,47,YES,0,PASS
MAIN_GAME,Rando::GIMESSAGE::RG_FISHING_HOLE_KEY,35,35,YES,0,PASS
MAIN_GAME,Rando::GIMESSAGE::RG_GERUDO_FORTRESS_KEY_RING,52,52,YES,0,PASS
MAIN_GAME,Rando::GIMESSAGE::RG_FOREST_TEMPLE_KEY_RING,46,46,YES,0,PASS
MAIN_GAME,Rando::GIMESSAGE::RG_FIRE_TEMPLE_KEY_RING,45,45,YES,0,PASS
MAIN_GAME,Rando::GIMESSAGE::RG_WATER_TEMPLE_KEY_RING,44,44,YES,0,PASS
MAIN_GAME,Rando::GIMESSAGE::RG_SPIRIT_TEMPLE_KEY_RING,48,48,YES,0,PASS
MAIN_GAME,Rando::GIMESSAGE::RG_SHADOW_TEMPLE_KEY_RING,48,48,YES,0,PASS
MAIN_GAME,Rando::GIMESSAGE::RG_BOTTOM_OF_THE_WELL_KEY_RING,43,43,YES,0,PASS
MAIN_GAME,Rando::GIMESSAGE::RG_GERUDO_TRAINING_GROUND_KEY_RING,60,60,YES,0,PASS
MAIN_GAME,Rando::GIMESSAGE::RG_GANONS_CASTLE_KEY_RING,46,46,YES,0,PASS
MAIN_GAME,Rando::GIMESSAGE::RG_TREASURE_GAME_KEY_RING,55,55,YES,0,PASS
MAIN_GAME,Rando::GIMESSAGE::RG_FOREST_TEMPLE_BOSS_KEY,49,49,YES,0,PASS
MAIN_GAME,Rando::GIMESSAGE::RG_FIRE_TEMPLE_BOSS_KEY,48,48,YES,0,PASS
MAIN_GAME,Rando::GIMESSAGE::RG_WATER_TEMPLE_BOSS_KEY,47,47,YES,0,PASS
MAIN_GAME,Rando::GIMESSAGE::RG_SPIRIT_TEMPLE_BOSS_KEY,51,51,YES,0,PASS
MAIN_GAME,Rando::GIMESSAGE::RG_SHADOW_TEMPLE_BOSS_KEY,51,51,YES,0,PASS
MAIN_GAME,Rando::GIMESSAGE::RG_GANONS_CASTLE_BOSS_KEY,49,49,YES,0,PASS
MAIN_GAME,Rando::GIMESSAGE::RG_DEKU_TREE_MAP,46,46,YES,0,PASS
MAIN_GAME,Rando::GIMESSAGE::RG_DODONGOS_CAVERN_MAP,54,54,YES,0,PASS
MAIN_GAME,Rando::GIMESSAGE::RG_JABU_JABUS_BELLY_MAP,58,58,YES,0,PASS
MAIN_GAME,Rando::GIMESSAGE::RG_FOREST_TEMPLE_MAP,53,53,YES,0,PASS
MAIN_GAME,Rando::GIMESSAGE::RG_FIRE_TEMPLE_MAP,52,52,YES,0,PASS
MAIN_GAME,Rando::GIMESSAGE::RG_WATER_TEMPLE_MAP,51,51,YES,0,PASS
MAIN_GAME,Rando::GIMESSAGE::RG_SPIRIT_TEMPLE_MAP,55,55,YES,0,PASS
MAIN_GAME,Rando::GIMESSAGE::RG_SHADOW_TEMPLE_MAP,55,55,YES,0,PASS
MAIN_GAME,Rando::GIMESSAGE::RG_BOTTOM_OF_THE_WELL_MAP,50,50,YES,0,PASS
MAIN_GAME,Rando::GIMESSAGE::RG_ICE_CAVERN_MAP,52,52,YES,0,PASS
MAIN_GAME,Rando::GIMESSAGE::RG_DEKU_TREE_COMPASS,39,39,YES,0,PASS
MAIN_GAME,Rando::GIMESSAGE::RG_DODONGOS_CAVERN_COMPASS,47,47,YES,0,PASS
MAIN_GAME,Rando::GIMESSAGE::RG_JABU_JABUS_BELLY_COMPASS,51,51,YES,0,PASS
MAIN_GAME,Rando::GIMESSAGE::RG_FOREST_TEMPLE_COMPASS,46,46,YES,0,PASS
MAIN_GAME,Rando::GIMESSAGE::RG_FIRE_TEMPLE_COMPASS,45,45,YES,0,PASS
MAIN_GAME,Rando::GIMESSAGE::RG_WATER_TEMPLE_COMPASS,44,44,YES,0,PASS
MAIN_GAME,Rando::GIMESSAGE::RG_SPIRIT_TEMPLE_COMPASS,48,48,YES,0,PASS
MAIN_GAME,Rando::GIMESSAGE::RG_SHADOW_TEMPLE_COMPASS,48,48,YES,0,PASS
MAIN_GAME,Rando::GIMESSAGE::RG_BOTTOM_OF_THE_WELL_COMPASS,35,35,YES,0,PASS
MAIN_GAME,Rando::GIMESSAGE::RG_ICE_CAVERN_COMPASS,49,49,YES,0,PASS
MAIN_GAME,Rando::GIMESSAGE::RG_CHILD_WALLET,75,75,YES,0,PASS
MAIN_GAME,Rando::GIMESSAGE::RG_GOHMA_SOUL,32,32,YES,0,PASS
MAIN_GAME,Rando::GIMESSAGE::RG_KING_DODONGO_SOUL,39,39,YES,0,PASS
MAIN_GAME,Rando::GIMESSAGE::RG_BARINADE_SOUL,35,35,YES,0,PASS
MAIN_GAME,Rando::GIMESSAGE::RG_PHANTOM_GANON_SOUL,40,40,YES,0,PASS
MAIN_GAME,Rando::GIMESSAGE::RG_VOLVAGIA_SOUL,35,35,YES,0,PASS
MAIN_GAME,Rando::GIMESSAGE::RG_MORPHA_SOUL,33,33,YES,0,PASS
MAIN_GAME,Rando::GIMESSAGE::RG_BONGO_BONGO_SOUL,38,38,YES,0,PASS
MAIN_GAME,Rando::GIMESSAGE::RG_TWINROVA_SOUL,35,35,YES,0,PASS
MAIN_GAME,Rando::GIMESSAGE::RG_GANON_SOUL,32,32,YES,0,PASS
MAIN_GAME,Rando::GIMESSAGE::RG_BRONZE_SCALE,71,71,YES,0,PASS
MAIN_GAME,Rando::GIMESSAGE::RG_FISHING_POLE,70,70,YES,0,PASS
MAIN_GAME,Rando::GIMESSAGE::RG_BOMBCHU_BAG,35,35,YES,0,PASS
MAIN_GAME,Rando::GIMESSAGE::RG_BOMB_BAG_INF,76,76,YES,0,PASS
MAIN_GAME,Rando::GIMESSAGE::RG_QUIVER_INF,67,67,YES,0,PASS
MAIN_GAME,Rando::GIMESSAGE::RG_STICK_UPGRADE_INF,38,38,YES,0,PASS
MAIN_GAME,Rando::GIMESSAGE::RG_NUT_UPGRADE_INF,39,39,YES,0,PASS
MAIN_GAME,Rando::GIMESSAGE::RG_MAGIC_INF,33,33,YES,0,PASS
MAIN_GAME,Rando::GIMESSAGE::RG_BOMBCHU_INF,36,36,YES,0,PASS
MAIN_GAME,Rando::GIMESSAGE::RG_WALLET_INF,34,34,YES,0,PASS
MAIN_GAME,Rando::GIMESSAGE::RG_SKELETON_KEY,34,34,YES,0,PASS
MAIN_GAME,Rando::GIMESSAGE::RG_DEKU_STICK_BAG,71,71,YES,0,PASS
MAIN_GAME,Rando::GIMESSAGE::RG_DEKU_NUT_BAG,73,73,YES,0,PASS
MAIN_GAME,Rando::CUSTOM_MSG::L589,71,71,YES,0,PASS
MAIN_GAME,Rando::CUSTOM_MSG::L604,56,56,YES,0,PASS
MAIN_GAME,Rando::CUSTOM_MSG::L689,98,89,YES,0,PASS
MAIN_GAME,Rando::CUSTOM_MSG::L696,59,44,YES,0,PASS
MAIN_GAME,Rando::CUSTOM_MSG::L4609,87,87,YES,0,PASS
MAIN_GAME,Rando::CUSTOM_MSG::L4615,33,33,YES,0,PASS
MAIN_GAME,Rando::CUSTOM_MSG::L4646,60,49,YES,0,PASS
MAIN_GAME,Rando::CUSTOM_MSG::L4670,65,54,YES,0,PASS
MAIN_GAME,0x0001,140,140,YES,0,PASS
MAIN_GAME,0x0002,119,119,YES,0,PASS
MAIN_GAME,0x0003,130,130,YES,0,PASS
MAIN_GAME,0x0004,116,116,YES,0,PASS
MAIN_GAME,0x0005,108,108,YES,0,PASS
MAIN_GAME,0x0006,60,60,YES,0,PASS
MAIN_GAME,0x0007,92,92,YES,0,PASS
MAIN_GAME,0x0008,98,98,YES,0,PASS
MAIN_GAME,0x0009,79,79,YES,0,PASS
MAIN_GAME,0x000A,113,113,YES,0,PASS
MAIN_GAME,0x000B,126,126,YES,0,PASS
MAIN_GAME,0x000C,130,130,YES,0,PASS
MAIN_GAME,0x000D,111,111,YES,0,PASS
MAIN_GAME,0x000E,140,140,YES,0,PASS
MAIN_GAME,0x000F,11,11,YES,0,PASS
MAIN_GAME,0x0010,134,132,YES,0,PASS
MAIN_GAME,0x0011,118,116,YES,0,PASS
MAIN_GAME,0x0012,111,109,YES,0,PASS
MAIN_GAME,0x0013,115,113,YES,0,PASS
MAIN_GAME,0x0014,110,108,YES,0,PASS
MAIN_GAME,0x0015,120,118,YES,0,PASS
MAIN_GAME,0x0016,107,105,YES,0,PASS
MAIN_GAME,0x0017,97,95,YES,0,PASS
MAIN_GAME,0x0018,290,257,YES,0,PASS
MAIN_GAME,0x0019,139,117,YES,0,PASS
MAIN_GAME,0x001A,41,41,YES,0,PASS
MAIN_GAME,0x001B,52,52,YES,0,PASS
MAIN_GAME,0x001C,124,120,YES,0,PASS
MAIN_GAME,0x001D,125,121,YES,0,PASS
MAIN_GAME,0x001E,61,61,YES,0,PASS
MAIN_GAME,0x001F,54,54,YES,0,PASS
MAIN_GAME,0x0020,120,109,YES,0,PASS
MAIN_GAME,0x0021,72,72,YES,0,PASS
MAIN_GAME,0x0022,30,30,YES,0,PASS
MAIN_GAME,0x0023,47,47,YES,0,PASS
MAIN_GAME,0x0024,527,483,YES,0,PASS
MAIN_GAME,0x0025,47,47,YES,0,PASS
MAIN_GAME,0x0026,529,485,YES,0,PASS
MAIN_GAME,0x0027,63,63,YES,0,PASS
MAIN_GAME,0x0028,171,160,YES,0,PASS
MAIN_GAME,0x0029,194,172,YES,0,PASS
MAIN_GAME,0x002A,62,62,YES,0,PASS
MAIN_GAME,0x002B,68,68,YES,0,PASS
MAIN_GAME,0x002C,31,31,YES,0,PASS
MAIN_GAME,0x002D,45,45,YES,0,PASS
MAIN_GAME,0x002E,289,265,YES,0,PASS
MAIN_GAME,0x002F,46,46,YES,0,PASS
MAIN_GAME,0x0030,397,353,YES,0,PASS
MAIN_GAME,0x0031,253,224,YES,0,PASS
MAIN_GAME,0x0032,228,207,YES,0,PASS
MAIN_GAME,0x0033,223,204,YES,0,PASS
MAIN_GAME,0x0034,176,157,YES,0,PASS
MAIN_GAME,0x0035,160,141,YES,0,PASS
MAIN_GAME,0x0036,291,259,YES,0,PASS
MAIN_GAME,0x0037,265,231,YES,0,PASS
MAIN_GAME,0x0038,143,141,YES,0,PASS
MAIN_GAME,0x0039,282,265,YES,0,PASS
MAIN_GAME,0x003A,131,131,YES,0,PASS
MAIN_GAME,0x003B,97,97,YES,0,PASS
MAIN_GAME,0x003C,88,88,YES,0,PASS
MAIN_GAME,0x003D,84,84,YES,0,PASS
MAIN_GAME,0x003E,88,88,YES,0,PASS
MAIN_GAME,0x003F,92,92,YES,0,PASS
MAIN_GAME,0x0040,73,73,YES,0,PASS
MAIN_GAME,0x0041,89,89,YES,0,PASS
MAIN_GAME,0x0042,125,123,YES,0,PASS
MAIN_GAME,0x0043,193,174,YES,0,PASS
MAIN_GAME,0x0044,193,174,YES,0,PASS
MAIN_GAME,0x0045,90,88,YES,0,PASS
MAIN_GAME,0x0046,317,287,YES,0,PASS
MAIN_GAME,0x0047,208,187,YES,0,PASS
MAIN_GAME,0x0048,250,229,YES,0,PASS
MAIN_GAME,0x0049,62,51,YES,0,PASS
MAIN_GAME,0x004A,386,346,YES,0,PASS
MAIN_GAME,0x004B,130,128,YES,0,PASS
MAIN_GAME,0x004C,257,223,YES,0,PASS
MAIN_GAME,0x004D,107,105,YES,0,PASS
MAIN_GAME,0x004E,123,116,YES,0,PASS
MAIN_GAME,0x004F,84,84,YES,0,PASS
MAIN_GAME,0x0050,159,159,YES,0,PASS
MAIN_GAME,0x0051,136,136,YES,0,PASS
MAIN_GAME,0x0052,62,62,YES,0,PASS
MAIN_GAME,0x0053,99,99,YES,0,PASS
MAIN_GAME,0x0054,244,233,YES,0,PASS
MAIN_GAME,0x0055,69,69,YES,0,PASS
MAIN_GAME,0x0056,87,87,YES,0,PASS
MAIN_GAME,0x0057,104,104,YES,0,PASS
MAIN_GAME,0x0058,216,203,YES,0,PASS
MAIN_GAME,0x0059,95,95,YES,0,PASS
MAIN_GAME,0x005A,79,79,YES,0,PASS
MAIN_GAME,0x005B,253,240,YES,0,PASS
MAIN_GAME,0x005C,120,118,YES,0,PASS
MAIN_GAME,0x005D,97,91,YES,0,PASS
MAIN_GAME,0x005E,123,123,YES,0,PASS
MAIN_GAME,0x005F,97,97,YES,0,PASS
MAIN_GAME,0x0060,106,106,YES,0,PASS
MAIN_GAME,0x0061,112,112,YES,0,PASS
MAIN_GAME,0x0062,53,53,YES,0,PASS
MAIN_GAME,0x0063,53,53,YES,0,PASS
MAIN_GAME,0x0064,98,98,YES,0,PASS
MAIN_GAME,0x0065,90,90,YES,0,PASS
MAIN_GAME,0x0066,310,282,YES,0,PASS
MAIN_GAME,0x0067,99,99,YES,0,PASS
MAIN_GAME,0x0068,94,94,YES,0,PASS
MAIN_GAME,0x0069,257,234,YES,0,PASS
MAIN_GAME,0x006A,68,68,YES,0,PASS
MAIN_GAME,0x006B,46,46,YES,0,PASS
MAIN_GAME,0x006C,128,128,YES,0,PASS
MAIN_GAME,0x006D,188,177,YES,0,PASS
MAIN_GAME,0x006E,36,36,YES,0,PASS
MAIN_GAME,0x006F,46,46,YES,0,PASS
MAIN_GAME,0x0070,114,112,YES,0,PASS
MAIN_GAME,0x0071,249,236,YES,0,PASS
MAIN_GAME,0x0072,114,112,YES,0,PASS
MAIN_GAME,0x0073,37,37,YES,0,PASS
MAIN_GAME,0x0074,35,35,YES,0,PASS
MAIN_GAME,0x0075,36,36,YES,0,PASS
MAIN_GAME,0x0076,39,39,YES,0,PASS
MAIN_GAME,0x0077,40,40,YES,0,PASS
MAIN_GAME,0x0078,37,37,YES,0,PASS
MAIN_GAME,0x0079,112,110,YES,0,PASS
MAIN_GAME,0x007A,132,130,YES,0,PASS
MAIN_GAME,0x007B,120,120,YES,0,PASS
MAIN_GAME,0x007C,58,58,YES,0,PASS
MAIN_GAME,0x007D,59,59,YES,0,PASS
MAIN_GAME,0x007E,50,50,YES,0,PASS
MAIN_GAME,0x007F,64,64,YES,0,PASS
MAIN_GAME,0x0080,116,116,YES,0,PASS
MAIN_GAME,0x0081,89,89,YES,0,PASS
MAIN_GAME,0x0082,88,88,YES,0,PASS
MAIN_GAME,0x0083,90,84,YES,0,PASS
MAIN_GAME,0x0084,16,16,YES,0,PASS
MAIN_GAME,0x0085,30,30,YES,0,PASS
MAIN_GAME,0x0086,29,29,YES,0,PASS
MAIN_GAME,0x0087,64,64,YES,0,PASS
MAIN_GAME,0x0088,60,60,YES,0,PASS
MAIN_GAME,0x0089,53,53,YES,0,PASS
MAIN_GAME,0x008A,60,60,YES,0,PASS
MAIN_GAME,0x008B,58,58,YES,0,PASS
MAIN_GAME,0x008C,61,61,YES,0,PASS
MAIN_GAME,0x008D,92,92,YES,0,PASS
MAIN_GAME,0x008E,53,53,YES,0,PASS
MAIN_GAME,0x008F,54,54,YES,0,PASS
MAIN_GAME,0x0090,73,73,YES,0,PASS
MAIN_GAME,0x0091,74,74,YES,0,PASS
MAIN_GAME,0x0092,55,55,YES,0,PASS
MAIN_GAME,0x0093,55,55,YES,0,PASS
MAIN_GAME,0x0094,54,54,YES,0,PASS
MAIN_GAME,0x0095,65,65,YES,0,PASS
MAIN_GAME,0x0096,82,82,YES,0,PASS
MAIN_GAME,0x0097,61,61,YES,0,PASS
MAIN_GAME,0x0098,312,280,YES,0,PASS
MAIN_GAME,0x0099,105,103,YES,0,PASS
MAIN_GAME,0x009A,223,202,YES,0,PASS
MAIN_GAME,0x009B,61,61,YES,0,PASS
MAIN_GAME,0x009C,93,93,YES,0,PASS
MAIN_GAME,0x009D,133,133,YES,0,PASS
MAIN_GAME,0x009E,12,12,YES,0,PASS
MAIN_GAME,0x009F,103,103,YES,0,PASS
MAIN_GAME,0x00A0,117,117,YES,0,PASS
MAIN_GAME,0x00A1,121,121,YES,0,PASS
MAIN_GAME,0x00A2,133,133,YES,0,PASS
MAIN_GAME,0x00A3,132,128,YES,0,PASS
MAIN_GAME,0x00A4,267,254,YES,0,PASS
MAIN_GAME,0x00A5,90,90,YES,0,PASS
MAIN_GAME,0x00A6,90,90,YES,0,PASS
MAIN_GAME,0x00A7,73,73,YES,0,PASS
MAIN_GAME,0x00A8,72,72,YES,0,PASS
MAIN_GAME,0x00A9,131,131,YES,0,PASS
MAIN_GAME,0x00AA,102,102,YES,0,PASS
MAIN_GAME,0x00AB,102,102,YES,0,PASS
MAIN_GAME,0x00AC,91,91,YES,0,PASS
MAIN_GAME,0x00AD,107,105,YES,0,PASS
MAIN_GAME,0x00AE,407,383,YES,0,PASS
MAIN_GAME,0x00AF,127,125,YES,0,PASS
MAIN_GAME,0x00B0,107,107,YES,0,PASS
MAIN_GAME,0x00B1,132,128,YES,0,PASS
MAIN_GAME,0x00B2,123,123,YES,0,PASS
MAIN_GAME,0x00B3,83,83,YES,0,PASS
MAIN_GAME,0x00B4,82,82,YES,0,PASS
MAIN_GAME,0x00B5,82,82,YES,0,PASS
MAIN_GAME,0x00B6,59,59,YES,0,PASS
MAIN_GAME,0x00B7,100,100,YES,0,PASS
MAIN_GAME,0x00B8,54,54,YES,0,PASS
MAIN_GAME,0x00B9,109,109,YES,0,PASS
MAIN_GAME,0x00BA,58,58,YES,0,PASS
MAIN_GAME,0x00BB,101,101,YES,0,PASS
MAIN_GAME,0x00BC,131,131,YES,0,PASS
MAIN_GAME,0x00BD,48,48,YES,0,PASS
MAIN_GAME,0x00BE,54,54,YES,0,PASS
MAIN_GAME,0x00BF,58,36,YES,0,PASS
MAIN_GAME,0x00C0,16,16,YES,0,PASS
MAIN_GAME,0x00C1,94,94,YES,0,PASS
MAIN_GAME,0x00C2,152,152,YES,0,PASS
MAIN_GAME,0x00C3,121,121,YES,0,PASS
MAIN_GAME,0x00C4,121,121,YES,0,PASS
MAIN_GAME,0x00C5,115,115,YES,0,PASS
MAIN_GAME,0x00C6,130,130,YES,0,PASS
MAIN_GAME,0x00C7,83,83,YES,0,PASS
MAIN_GAME,0x00C8,34,34,YES,0,PASS
MAIN_GAME,0x00C9,87,87,YES,0,PASS
MAIN_GAME,0x00CA,59,59,YES,0,PASS
MAIN_GAME,0x00CB,130,126,YES,0,PASS
MAIN_GAME,0x00CC,45,45,YES,0,PASS
MAIN_GAME,0x00CD,112,110,YES,0,PASS
MAIN_GAME,0x00CE,123,121,YES,0,PASS
MAIN_GAME,0x00CF,43,43,YES,0,PASS
MAIN_GAME,0x00D0,12,12,YES,0,PASS
MAIN_GAME,0x00D1,32,32,YES,0,PASS
MAIN_GAME,0x00D2,32,32,YES,0,PASS
MAIN_GAME,0x00D3,31,31,YES,0,PASS
MAIN_GAME,0x00D4,29,29,YES,0,PASS
MAIN_GAME,0x00D5,34,34,YES,0,PASS
MAIN_GAME,0x00D6,40,40,YES,0,PASS
MAIN_GAME,0x00D7,127,98,YES,0,PASS
MAIN_GAME,0x00D8,128,99,YES,0,PASS
MAIN_GAME,0x00D9,125,96,YES,0,PASS
MAIN_GAME,0x00DA,64,64,YES,0,PASS
MAIN_GAME,0x00DB,46,39,YES,0,PASS
MAIN_GAME,0x00DC,103,103,YES,0,PASS
MAIN_GAME,0x00DD,311,277,YES,0,PASS
MAIN_GAME,0x00DE,63,63,YES,0,PASS
MAIN_GAME,0x00DF,126,126,YES,0,PASS
MAIN_GAME,0x00E0,65,65,YES,0,PASS
MAIN_GAME,0x00E1,61,61,YES,0,PASS
MAIN_GAME,0x00E2,42,35,YES,0,PASS
MAIN_GAME,0x00E3,51,51,YES,0,PASS
MAIN_GAME,0x00E4,40,40,YES,0,PASS
MAIN_GAME,0x00E5,39,39,YES,0,PASS
MAIN_GAME,0x00E6,32,32,YES,0,PASS
MAIN_GAME,0x00E7,364,331,YES,0,PASS
MAIN_GAME,0x00E8,77,77,YES,0,PASS
MAIN_GAME,0x00E9,96,96,YES,0,PASS
MAIN_GAME,0x00EA,106,88,YES,0,PASS
MAIN_GAME,0x00EB,58,58,YES,0,PASS
MAIN_GAME,0x00EC,80,80,YES,0,PASS
MAIN_GAME,0x00ED,110,110,YES,0,PASS
MAIN_GAME,0x00EE,84,84,YES,0,PASS
MAIN_GAME,0x00EF,60,60,YES,0,PASS
MAIN_GAME,0x00F0,46,46,YES,0,PASS
MAIN_GAME,0x00F1,52,52,YES,0,PASS
MAIN_GAME,0x00F2,80,80,YES,0,PASS
MAIN_GAME,0x00F3,154,154,YES,0,PASS
MAIN_GAME,0x00F4,75,64,YES,0,PASS
MAIN_GAME,0x00F5,82,71,YES,0,PASS
MAIN_GAME,0x00F6,113,102,YES,0,PASS
MAIN_GAME,0x00F7,88,77,YES,0,PASS
MAIN_GAME,0x00F8,0,0,YES,0,PASS
MAIN_GAME,0x00F9,105,105,YES,0,PASS
MAIN_GAME,0x00FA,177,166,YES,0,PASS
MAIN_GAME,0x00FB,148,137,YES,0,PASS
MAIN_GAME,0x00FC,143,132,YES,0,PASS
MAIN_GAME,0x00FD,142,131,YES,0,PASS
MAIN_GAME,0x00FE,167,156,YES,0,PASS
MAIN_GAME,0x0100,12,12,YES,0,PASS
MAIN_GAME,0x0101,89,74,YES,0,PASS
MAIN_GAME,0x0102,120,113,YES,0,PASS
MAIN_GAME,0x0103,184,171,YES,0,PASS
MAIN_GAME,0x0104,65,65,YES,0,PASS
MAIN_GAME,0x0105,67,67,YES,0,PASS
MAIN_GAME,0x0106,64,64,YES,0,PASS
MAIN_GAME,0x0107,464,428,YES,0,PASS
MAIN_GAME,0x0108,292,258,YES,0,PASS
MAIN_GAME,0x0109,0,0,YES,0,PASS
MAIN_GAME,0x010A,0,0,YES,0,PASS
MAIN_GAME,0x010B,0,0,YES,0,PASS
MAIN_GAME,0x010C,130,128,YES,0,PASS
MAIN_GAME,0x010D,0,0,YES,0,PASS
MAIN_GAME,0x010E,0,0,YES,0,PASS
MAIN_GAME,0x010F,0,0,YES,0,PASS
MAIN_GAME,0x0110,0,0,YES,0,PASS
MAIN_GAME,0x0111,0,0,YES,0,PASS
MAIN_GAME,0x0112,0,0,YES,0,PASS
MAIN_GAME,0x0113,0,0,YES,0,PASS
MAIN_GAME,0x0114,101,90,YES,0,PASS
MAIN_GAME,0x0115,79,79,YES,0,PASS
MAIN_GAME,0x0116,110,110,YES,0,PASS
MAIN_GAME,0x0117,0,0,YES,0,PASS
MAIN_GAME,0x0118,0,0,YES,0,PASS
MAIN_GAME,0x0119,195,177,YES,0,PASS
MAIN_GAME,0x011A,0,0,YES,0,PASS
MAIN_GAME,0x011B,0,0,YES,0,PASS
MAIN_GAME,0x011C,0,0,YES,0,PASS
MAIN_GAME,0x011D,0,0,YES,0,PASS
MAIN_GAME,0x011E,0,0,YES,0,PASS
MAIN_GAME,0x011F,29,22,YES,0,PASS
MAIN_GAME,0x0120,0,0,YES,0,PASS
MAIN_GAME,0x0121,0,0,YES,0,PASS
MAIN_GAME,0x0122,0,0,YES,0,PASS
MAIN_GAME,0x0123,0,0,YES,0,PASS
MAIN_GAME,0x0124,56,56,YES,0,PASS
MAIN_GAME,0x0125,0,0,YES,0,PASS
MAIN_GAME,0x0126,129,118,YES,0,PASS
MAIN_GAME,0x0127,0,0,YES,0,PASS
MAIN_GAME,0x0128,232,210,YES,0,PASS
MAIN_GAME,0x0129,70,70,YES,0,PASS
MAIN_GAME,0x012A,69,69,YES,0,PASS
MAIN_GAME,0x012B,62,62,YES,0,PASS
MAIN_GAME,0x012C,0,0,YES,0,PASS
MAIN_GAME,0x012D,0,0,YES,0,PASS
MAIN_GAME,0x012E,0,0,YES,0,PASS
MAIN_GAME,0x012F,75,68,YES,0,PASS
MAIN_GAME,0x0130,0,0,YES,0,PASS
MAIN_GAME,0x0131,74,67,YES,0,PASS
MAIN_GAME,0x0132,74,67,YES,0,PASS
MAIN_GAME,0x0133,82,75,YES,0,PASS
MAIN_GAME,0x0134,0,0,YES,0,PASS
MAIN_GAME,0x0135,0,0,YES,0,PASS
MAIN_GAME,0x0136,0,0,YES,0,PASS
MAIN_GAME,0x0137,111,111,YES,0,PASS
MAIN_GAME,0x0138,0,0,YES,0,PASS
MAIN_GAME,0x0139,43,43,YES,0,PASS
MAIN_GAME,0x013A,49,49,YES,0,PASS
MAIN_GAME,0x013B,0,0,YES,0,PASS
MAIN_GAME,0x013C,0,0,YES,0,PASS
MAIN_GAME,0x013D,74,63,YES,0,PASS
MAIN_GAME,0x013E,0,0,YES,0,PASS
MAIN_GAME,0x013F,0,0,YES,0,PASS
MAIN_GAME,0x0140,59,59,YES,0,PASS
MAIN_GAME,0x0141,51,51,YES,0,PASS
MAIN_GAME,0x0142,108,108,YES,0,PASS
MAIN_GAME,0x0143,89,89,YES,0,PASS
MAIN_GAME,0x0144,57,57,YES,0,PASS
MAIN_GAME,0x0145,59,59,YES,0,PASS
MAIN_GAME,0x0146,82,82,YES,0,PASS
MAIN_GAME,0x0147,58,58,YES,0,PASS
MAIN_GAME,0x0148,63,63,YES,0,PASS
MAIN_GAME,0x0149,63,63,YES,0,PASS
MAIN_GAME,0x014A,78,78,YES,0,PASS
MAIN_GAME,0x014B,70,70,YES,0,PASS
MAIN_GAME,0x014C,91,91,YES,0,PASS
MAIN_GAME,0x014D,50,50,YES,0,PASS
MAIN_GAME,0x014E,61,61,YES,0,PASS
MAIN_GAME,0x014F,0,0,YES,0,PASS
MAIN_GAME,0x0150,84,84,YES,0,PASS
MAIN_GAME,0x0151,61,61,YES,0,PASS
MAIN_GAME,0x0152,56,56,YES,0,PASS
MAIN_GAME,0x0153,115,115,YES,0,PASS
MAIN_GAME,0x0154,64,64,YES,0,PASS
MAIN_GAME,0x0155,69,69,YES,0,PASS
MAIN_GAME,0x0156,62,62,YES,0,PASS
MAIN_GAME,0x0157,68,68,YES,0,PASS
MAIN_GAME,0x0158,103,103,YES,0,PASS
MAIN_GAME,0x0159,0,0,YES,0,PASS
MAIN_GAME,0x015A,80,80,YES,0,PASS
MAIN_GAME,0x015B,58,58,YES,0,PASS
MAIN_GAME,0x015C,79,79,YES,0,PASS
MAIN_GAME,0x015D,0,0,YES,0,PASS
MAIN_GAME,0x015E,0,0,YES,0,PASS
MAIN_GAME,0x015F,41,34,YES,0,PASS
MAIN_GAME,0x0160,100,100,YES,0,PASS
MAIN_GAME,0x0161,132,132,YES,0,PASS
MAIN_GAME,0x0162,151,133,YES,0,PASS
MAIN_GAME,0x0163,227,216,YES,0,PASS
MAIN_GAME,0x0164,212,201,YES,0,PASS
MAIN_GAME,0x0165,132,114,YES,0,PASS
MAIN_GAME,0x0166,93,86,YES,0,PASS
MAIN_GAME,0x0167,207,196,YES,0,PASS
MAIN_GAME,0x0168,219,201,YES,0,PASS
MAIN_GAME,0x0169,34,34,YES,0,PASS
MAIN_GAME,0x016A,259,230,YES,0,PASS
MAIN_GAME,0x016B,186,150,YES,0,PASS
MAIN_GAME,0x016C,407,349,YES,0,PASS
MAIN_GAME,0x016D,120,109,YES,0,PASS
MAIN_GAME,0x016E,0,0,YES,0,PASS
MAIN_GAME,0x016F,0,0,YES,0,PASS
MAIN_GAME,0x0180,91,80,YES,0,PASS
MAIN_GAME,0x0181,110,99,YES,0,PASS
MAIN_GAME,0x0182,0,0,YES,0,PASS
MAIN_GAME,0x0183,99,99,YES,0,PASS
MAIN_GAME,0x0184,56,56,YES,0,PASS
MAIN_GAME,0x0185,0,0,YES,0,PASS
MAIN_GAME,0x0186,34,34,YES,0,PASS
MAIN_GAME,0x0187,0,0,YES,0,PASS
MAIN_GAME,0x0188,0,0,YES,0,PASS
MAIN_GAME,0x0189,69,69,YES,0,PASS
MAIN_GAME,0x018A,0,0,YES,0,PASS
MAIN_GAME,0x018B,0,0,YES,0,PASS
MAIN_GAME,0x018C,80,80,YES,0,PASS
MAIN_GAME,0x018D,92,85,YES,0,PASS
MAIN_GAME,0x018E,0,0,YES,0,PASS
MAIN_GAME,0x018F,34,34,YES,0,PASS
MAIN_GAME,0x0190,33,33,YES,0,PASS
MAIN_GAME,0x0191,63,63,YES,0,PASS
MAIN_GAME,0x0192,29,29,YES,0,PASS
MAIN_GAME,0x0193,0,0,YES,0,PASS
MAIN_GAME,0x0194,73,73,YES,0,PASS
MAIN_GAME,0x0195,48,48,YES,0,PASS
MAIN_GAME,0x0196,0,0,YES,0,PASS
MAIN_GAME,0x0197,33,33,YES,0,PASS
MAIN_GAME,0x0198,46,39,YES,0,PASS
MAIN_GAME,0x0199,0,0,YES,0,PASS
MAIN_GAME,0x019A,0,0,YES,0,PASS
MAIN_GAME,0x019B,0,0,YES,0,PASS
MAIN_GAME,0x019C,0,0,YES,0,PASS
MAIN_GAME,0x019D,0,0,YES,0,PASS
MAIN_GAME,0x019E,0,0,YES,0,PASS
MAIN_GAME,0x019F,0,0,YES,0,PASS
MAIN_GAME,0x01A0,0,0,YES,0,PASS
MAIN_GAME,0x01A1,0,0,YES,0,PASS
MAIN_GAME,0x01A2,4,4,YES,0,PASS
MAIN_GAME,0x01A3,40,33,YES,0,PASS
MAIN_GAME,0x01A4,4,4,YES,0,PASS
MAIN_GAME,0x01A5,86,86,YES,0,PASS
MAIN_GAME,0x01A6,4,4,YES,0,PASS
MAIN_GAME,0x01A7,55,55,YES,0,PASS
MAIN_GAME,0x01A8,4,4,YES,0,PASS
MAIN_GAME,0x01A9,32,32,YES,0,PASS
MAIN_GAME,0x01AA,4,4,YES,0,PASS
MAIN_GAME,0x01AB,63,56,YES,0,PASS
MAIN_GAME,0x01AC,4,4,YES,0,PASS
MAIN_GAME,0x01AD,4,4,YES,0,PASS
MAIN_GAME,0x01AE,4,4,YES,0,PASS
MAIN_GAME,0x01AF,4,4,YES,0,PASS
MAIN_GAME,0x01B0,4,4,YES,0,PASS
MAIN_GAME,0x01B1,4,4,YES,0,PASS
MAIN_GAME,0x0200,32,32,YES,0,PASS
MAIN_GAME,0x0201,35,35,YES,0,PASS
MAIN_GAME,0x0202,79,79,YES,0,PASS
MAIN_GAME,0x0203,79,79,YES,0,PASS
MAIN_GAME,0x0204,52,52,YES,0,PASS
MAIN_GAME,0x0205,156,134,YES,0,PASS
MAIN_GAME,0x0206,174,152,YES,0,PASS
MAIN_GAME,0x0207,546,491,YES,0,PASS
MAIN_GAME,0x0208,90,90,YES,0,PASS
MAIN_GAME,0x0209,122,122,YES,0,PASS
MAIN_GAME,0x020A,83,83,YES,0,PASS
MAIN_GAME,0x020B,118,118,YES,0,PASS
MAIN_GAME,0x020C,69,69,YES,0,PASS
MAIN_GAME,0x020D,59,59,YES,0,PASS
MAIN_GAME,0x020E,42,42,YES,0,PASS
MAIN_GAME,0x020F,43,43,YES,0,PASS
MAIN_GAME,0x0210,83,83,YES,0,PASS
MAIN_GAME,0x0211,33,33,YES,0,PASS
MAIN_GAME,0x0212,17,17,YES,0,PASS
MAIN_GAME,0x0213,91,91,YES,0,PASS
MAIN_GAME,0x0214,120,120,YES,0,PASS
MAIN_GAME,0x0215,110,110,YES,0,PASS
MAIN_GAME,0x0216,121,121,YES,0,PASS
MAIN_GAME,0x0217,52,52,YES,0,PASS
MAIN_GAME,0x0218,95,68,YES,0,PASS
MAIN_GAME,0x0219,20,20,YES,0,PASS
MAIN_GAME,0x021A,42,42,YES,0,PASS
MAIN_GAME,0x021B,92,92,YES,0,PASS
MAIN_GAME,0x021C,61,61,YES,0,PASS
MAIN_GAME,0x021D,73,73,YES,0,PASS
MAIN_GAME,0x021E,85,85,YES,0,PASS
MAIN_GAME,0x021F,64,64,YES,0,PASS
MAIN_GAME,0x0220,84,84,YES,0,PASS
MAIN_GAME,0x0221,86,86,YES,0,PASS
MAIN_GAME,0x0222,47,47,YES,0,PASS
MAIN_GAME,0x0223,55,55,YES,0,PASS
MAIN_GAME,0x0224,118,107,YES,0,PASS
MAIN_GAME,0x0225,56,56,YES,0,PASS
MAIN_GAME,0x0226,107,96,YES,0,PASS
MAIN_GAME,0x0227,306,273,YES,0,PASS
MAIN_GAME,0x0228,11,11,YES,0,PASS
MAIN_GAME,0x0229,80,80,YES,0,PASS
MAIN_GAME,0x022A,168,150,YES,0,PASS
MAIN_GAME,0x022B,67,67,YES,0,PASS
MAIN_GAME,0x022C,222,211,YES,0,PASS
MAIN_GAME,0x022D,110,110,YES,0,PASS
MAIN_GAME,0x022E,49,49,YES,0,PASS
MAIN_GAME,0x022F,93,93,YES,0,PASS
MAIN_GAME,0x0230,140,140,YES,0,PASS
MAIN_GAME,0x0231,105,105,YES,0,PASS
MAIN_GAME,0x0232,52,52,YES,0,PASS
MAIN_GAME,0x0233,32,32,YES,0,PASS
MAIN_GAME,0x0234,23,23,YES,0,PASS
MAIN_GAME,0x0235,48,48,YES,0,PASS
MAIN_GAME,0x0236,30,30,YES,0,PASS
MAIN_GAME,0x0237,51,51,YES,0,PASS
MAIN_GAME,0x0238,71,71,YES,0,PASS
MAIN_GAME,0x0239,68,68,YES,0,PASS
MAIN_GAME,0x023A,51,51,YES,0,PASS
MAIN_GAME,0x023B,7,7,YES,0,PASS
MAIN_GAME,0x023C,96,96,YES,0,PASS
MAIN_GAME,0x0300,0,0,YES,0,PASS
MAIN_GAME,0x0301,15,15,YES,0,PASS
MAIN_GAME,0x0302,29,29,YES,0,PASS
MAIN_GAME,0x0303,20,20,YES,0,PASS
MAIN_GAME,0x0304,10,10,YES,0,PASS
MAIN_GAME,0x0305,69,69,YES,0,PASS
MAIN_GAME,0x0306,34,34,YES,0,PASS
MAIN_GAME,0x0307,63,63,YES,0,PASS
MAIN_GAME,0x0308,46,46,YES,0,PASS
MAIN_GAME,0x0309,34,34,YES,0,PASS
MAIN_GAME,0x030A,41,41,YES,0,PASS
MAIN_GAME,0x030B,33,33,YES,0,PASS
MAIN_GAME,0x030C,77,77,YES,0,PASS
MAIN_GAME,0x030D,96,96,YES,0,PASS
MAIN_GAME,0x030E,12,12,YES,0,PASS
MAIN_GAME,0x030F,59,59,YES,0,PASS
MAIN_GAME,0x0310,91,91,YES,0,PASS
MAIN_GAME,0x0311,143,132,YES,0,PASS
MAIN_GAME,0x0312,41,41,YES,0,PASS
MAIN_GAME,0x0313,17,17,YES,0,PASS
MAIN_GAME,0x0314,20,20,YES,0,PASS
MAIN_GAME,0x0315,31,31,YES,0,PASS
MAIN_GAME,0x0316,25,25,YES,0,PASS
MAIN_GAME,0x0317,10,10,YES,0,PASS
MAIN_GAME,0x0318,118,118,YES,0,PASS
MAIN_GAME,0x0319,12,12,YES,0,PASS
MAIN_GAME,0x031A,77,77,YES,0,PASS
MAIN_GAME,0x031B,81,81,YES,0,PASS
MAIN_GAME,0x031C,99,99,YES,0,PASS
MAIN_GAME,0x031D,19,19,YES,0,PASS
MAIN_GAME,0x031E,55,55,YES,0,PASS
MAIN_GAME,0x031F,16,9,YES,0,PASS
MAIN_GAME,0x0320,48,48,YES,0,PASS
MAIN_GAME,0x0321,91,91,YES,0,PASS
MAIN_GAME,0x0322,53,53,YES,0,PASS
MAIN_GAME,0x0323,81,81,YES,0,PASS
MAIN_GAME,0x0324,114,114,YES,0,PASS
MAIN_GAME,0x0325,78,78,YES,0,PASS
MAIN_GAME,0x0326,106,106,YES,0,PASS
MAIN_GAME,0x0327,68,68,YES,0,PASS
MAIN_GAME,0x0328,83,83,YES,0,PASS
MAIN_GAME,0x0329,338,316,YES,0,PASS
MAIN_GAME,0x032A,53,53,YES,0,PASS
MAIN_GAME,0x032B,80,80,YES,0,PASS
MAIN_GAME,0x032C,4,4,YES,0,PASS
MAIN_GAME,0x032D,49,49,YES,0,PASS
MAIN_GAME,0x032E,75,75,YES,0,PASS
MAIN_GAME,0x032F,71,71,YES,0,PASS
MAIN_GAME,0x0330,31,31,YES,0,PASS
MAIN_GAME,0x0331,58,58,YES,0,PASS
MAIN_GAME,0x0332,40,40,YES,0,PASS
MAIN_GAME,0x0333,36,36,YES,0,PASS
MAIN_GAME,0x0334,89,89,YES,0,PASS
MAIN_GAME,0x0335,153,153,YES,0,PASS
MAIN_GAME,0x0336,144,129,YES,0,PASS
MAIN_GAME,0x0337,261,231,YES,0,PASS
MAIN_GAME,0x0338,137,128,YES,0,PASS
MAIN_GAME,0x0339,33,33,YES,0,PASS
MAIN_GAME,0x033A,55,55,YES,0,PASS
MAIN_GAME,0x033B,64,64,YES,0,PASS
MAIN_GAME,0x033C,37,37,YES,0,PASS
MAIN_GAME,0x033D,38,38,YES,0,PASS
MAIN_GAME,0x033E,19,19,YES,0,PASS
MAIN_GAME,0x033F,13,13,YES,0,PASS
MAIN_GAME,0x0340,614,542,YES,0,PASS
MAIN_GAME,0x0341,174,163,YES,0,PASS
MAIN_GAME,0x0342,47,47,YES,0,PASS
MAIN_GAME,0x0343,597,519,YES,0,PASS
MAIN_GAME,0x0344,100,89,YES,0,PASS
MAIN_GAME,0x0345,109,109,YES,0,PASS
MAIN_GAME,0x0400,35,35,YES,0,PASS
MAIN_GAME,0x0401,64,62,YES,0,PASS
MAIN_GAME,0x0402,118,118,YES,0,PASS
MAIN_GAME,0x0403,62,62,YES,0,PASS
MAIN_GAME,0x0404,68,68,YES,0,PASS
MAIN_GAME,0x0405,86,86,YES,0,PASS
MAIN_GAME,0x0406,90,90,YES,0,PASS
MAIN_GAME,0x0407,101,101,YES,0,PASS
MAIN_GAME,0x0408,96,96,YES,0,PASS
MAIN_GAME,0x0409,115,115,YES,0,PASS
MAIN_GAME,0x040A,64,64,YES,0,PASS
MAIN_GAME,0x040B,113,113,YES,0,PASS
MAIN_GAME,0x040C,120,120,YES,0,PASS
MAIN_GAME,0x040D,88,88,YES,0,PASS
MAIN_GAME,0x040E,122,122,YES,0,PASS
MAIN_GAME,0x040F,121,121,YES,0,PASS
MAIN_GAME,0x0410,88,88,YES,0,PASS
MAIN_GAME,0x0411,77,77,YES,0,PASS
MAIN_GAME,0x0412,105,105,YES,0,PASS
MAIN_GAME,0x0413,70,70,YES,0,PASS
MAIN_GAME,0x0414,61,61,YES,0,PASS
MAIN_GAME,0x0415,65,65,YES,0,PASS
MAIN_GAME,0x0416,82,82,YES,0,PASS
MAIN_GAME,0x0417,112,112,YES,0,PASS
MAIN_GAME,0x0418,82,82,YES,0,PASS
MAIN_GAME,0x0419,104,104,YES,0,PASS
MAIN_GAME,0x041A,125,125,YES,0,PASS
MAIN_GAME,0x041B,97,97,YES,0,PASS
MAIN_GAME,0x041C,81,81,YES,0,PASS
MAIN_GAME,0x041D,92,92,YES,0,PASS
MAIN_GAME,0x041E,128,128,YES,0,PASS
MAIN_GAME,0x041F,61,61,YES,0,PASS
MAIN_GAME,0x0420,59,59,YES,0,PASS
MAIN_GAME,0x0421,4,4,YES,0,PASS
MAIN_GAME,0x0600,12,12,YES,0,PASS
MAIN_GAME,0x0601,103,103,YES,0,PASS
MAIN_GAME,0x0602,67,67,YES,0,PASS
MAIN_GAME,0x0603,57,57,YES,0,PASS
MAIN_GAME,0x0604,46,46,YES,0,PASS
MAIN_GAME,0x0605,53,53,YES,0,PASS
MAIN_GAME,0x0606,39,39,YES,0,PASS
MAIN_GAME,0x0607,108,108,YES,0,PASS
MAIN_GAME,0x0608,115,115,YES,0,PASS
MAIN_GAME,0x0609,57,57,YES,0,PASS
MAIN_GAME,0x060A,96,96,YES,0,PASS
MAIN_GAME,0x060B,4,4,YES,0,PASS
MAIN_GAME,0x060C,113,113,YES,0,PASS
MAIN_GAME,0x060D,76,69,YES,0,PASS
MAIN_GAME,0x060E,77,77,YES,0,PASS
MAIN_GAME,0x060F,75,68,YES,0,PASS
MAIN_GAME,0x0610,75,68,YES,0,PASS
MAIN_GAME,0x0611,104,104,YES,0,PASS
MAIN_GAME,0x0612,99,92,YES,0,PASS
MAIN_GAME,0x0613,46,46,YES,0,PASS
MAIN_GAME,0x0614,105,105,YES,0,PASS
MAIN_GAME,0x0615,117,117,YES,0,PASS
MAIN_GAME,0x0616,52,52,YES,0,PASS
MAIN_GAME,0x0617,39,39,YES,0,PASS
MAIN_GAME,0x0618,39,39,YES,0,PASS
MAIN_GAME,0x0619,48,48,YES,0,PASS
MAIN_GAME,0x061A,152,141,YES,0,PASS
MAIN_GAME,0x061B,98,98,YES,0,PASS
MAIN_GAME,0x061C,52,52,YES,0,PASS
MAIN_GAME,0x061D,39,39,YES,0,PASS
MAIN_GAME,0x061E,62,62,YES,0,PASS
MAIN_GAME,0x061F,41,41,YES,0,PASS
MAIN_GAME,0x0620,114,114,YES,0,PASS
MAIN_GAME,0x0621,102,102,YES,0,PASS
MAIN_GAME,0x0622,47,47,YES,0,PASS
MAIN_GAME,0x0623,109,109,YES,0,PASS
MAIN_GAME,0x0624,47,47,YES,0,PASS
MAIN_GAME,0x0625,95,95,YES,0,PASS
MAIN_GAME,0x0626,32,25,YES,0,PASS
MAIN_GAME,0x0627,50,50,YES,0,PASS
MAIN_GAME,0x0628,39,39,YES,0,PASS
MAIN_GAME,0x0629,93,93,YES,0,PASS
MAIN_GAME,0x062A,85,85,YES,0,PASS
MAIN_GAME,0x062B,81,81,YES,0,PASS
MAIN_GAME,0x062C,4,4,YES,0,PASS
MAIN_GAME,0x062D,84,84,YES,0,PASS
MAIN_GAME,0x062E,72,72,YES,0,PASS
MAIN_GAME,0x062F,64,64,YES,0,PASS
MAIN_GAME,0x0630,88,88,YES,0,PASS
MAIN_GAME,0x0631,80,80,YES,0,PASS
MAIN_GAME,0x0632,111,111,YES,0,PASS
MAIN_GAME,0x0633,110,110,YES,0,PASS
MAIN_GAME,0x0634,61,61,YES,0,PASS
MAIN_GAME,0x0635,90,90,YES,0,PASS
MAIN_GAME,0x0636,113,113,YES,0,PASS
MAIN_GAME,0x0637,95,95,YES,0,PASS
MAIN_GAME,0x0638,4,4,YES,0,PASS
MAIN_GAME,0x0639,96,96,YES,0,PASS
MAIN_GAME,0x063A,31,31,YES,0,PASS
MAIN_GAME,0x063B,91,91,YES,0,PASS
MAIN_GAME,0x063C,4,4,YES,0,PASS
MAIN_GAME,0x063D,66,66,YES,0,PASS
MAIN_GAME,0x063E,57,57,YES,0,PASS
MAIN_GAME,0x063F,119,119,YES,0,PASS
MAIN_GAME,0x0640,112,112,YES,0,PASS
MAIN_GAME,0x0641,120,120,YES,0,PASS
MAIN_GAME,0x0642,49,49,YES,0,PASS
MAIN_GAME,0x0643,80,73,YES,0,PASS
MAIN_GAME,0x0644,63,56,YES,0,PASS
MAIN_GAME,0x0645,54,47,YES,0,PASS
MAIN_GAME,0x0646,71,71,YES,0,PASS
MAIN_GAME,0x0647,57,57,YES,0,PASS
MAIN_GAME,0x0648,38,38,YES,0,PASS
MAIN_GAME,0x0649,37,37,YES,0,PASS
MAIN_GAME,0x064A,4,4,YES,0,PASS
MAIN_GAME,0x064B,4,4,YES,0,PASS
MAIN_GAME,0x064C,96,96,YES,0,PASS
MAIN_GAME,0x064D,53,53,YES,0,PASS
MAIN_GAME,0x064E,58,58,YES,0,PASS
MAIN_GAME,0x064F,107,107,YES,0,PASS
MAIN_GAME,0x0650,111,111,YES,0,PASS
MAIN_GAME,0x0651,56,56,YES,0,PASS
MAIN_GAME,0x0652,54,54,YES,0,PASS
MAIN_GAME,0x0653,53,53,YES,0,PASS
MAIN_GAME,0x0654,81,81,YES,0,PASS
MAIN_GAME,0x0655,70,70,YES,0,PASS
MAIN_GAME,0x0656,50,50,YES,0,PASS
MAIN_GAME,0x0657,102,102,YES,0,PASS
MAIN_GAME,0x0658,45,45,YES,0,PASS
MAIN_GAME,0x0659,32,32,YES,0,PASS
MAIN_GAME,0x065A,96,96,YES,0,PASS
MAIN_GAME,0x065B,95,95,YES,0,PASS
MAIN_GAME,0x065C,87,87,YES,0,PASS
MAIN_GAME,0x086D,22,18,YES,0,PASS
MAIN_GAME,0x086E,40,34,YES,0,PASS
MAIN_GAME,0x086F,0,0,YES,0,PASS
MAIN_GAME,0x0870,28,28,YES,0,PASS
MAIN_GAME,0x0871,26,26,YES,0,PASS
MAIN_GAME,0x0872,27,27,YES,0,PASS
MAIN_GAME,0x0873,30,30,YES,0,PASS
MAIN_GAME,0x0874,31,31,YES,0,PASS
MAIN_GAME,0x0875,28,28,YES,0,PASS
MAIN_GAME,0x0876,27,27,YES,0,PASS
MAIN_GAME,0x0877,29,29,YES,0,PASS
MAIN_GAME,0x0878,24,24,YES,0,PASS
MAIN_GAME,0x0879,40,40,YES,0,PASS
MAIN_GAME,0x087A,41,41,YES,0,PASS
MAIN_GAME,0x087B,29,29,YES,0,PASS
MAIN_GAME,0x087C,40,34,YES,0,PASS
MAIN_GAME,0x088B,0,0,YES,0,PASS
MAIN_GAME,0x088C,34,34,YES,0,PASS
MAIN_GAME,0x088D,59,59,YES,0,PASS
MAIN_GAME,0x088E,62,62,YES,0,PASS
MAIN_GAME,0x088F,50,50,YES,0,PASS
MAIN_GAME,0x0890,59,59,YES,0,PASS
MAIN_GAME,0x0891,50,50,YES,0,PASS
MAIN_GAME,0x0892,57,57,YES,0,PASS
MAIN_GAME,0x0893,30,30,YES,0,PASS
MAIN_GAME,0x0894,28,28,YES,0,PASS
MAIN_GAME,0x0895,29,29,YES,0,PASS
MAIN_GAME,0x0896,32,32,YES,0,PASS
MAIN_GAME,0x0897,33,33,YES,0,PASS
MAIN_GAME,0x0898,30,30,YES,0,PASS
MAIN_GAME,0x0899,28,28,YES,0,PASS
MAIN_GAME,0x089A,28,28,YES,0,PASS
MAIN_GAME,0x089B,25,25,YES,0,PASS
MAIN_GAME,0x089C,27,27,YES,0,PASS
MAIN_GAME,0x089D,30,30,YES,0,PASS
MAIN_GAME,0x089E,36,36,YES,0,PASS
MAIN_GAME,0x089F,38,38,YES,0,PASS
MAIN_GAME,0x1000,142,131,YES,0,PASS
MAIN_GAME,0x1001,23,16,YES,0,PASS
MAIN_GAME,0x1002,67,49,YES,0,PASS
MAIN_GAME,0x1003,52,52,YES,0,PASS
MAIN_GAME,0x1004,148,133,YES,0,PASS
MAIN_GAME,0x1005,302,251,YES,0,PASS
MAIN_GAME,0x1006,108,108,YES,0,PASS
MAIN_GAME,0x1007,632,534,YES,0,PASS
MAIN_GAME,0x1008,28,28,YES,0,PASS
MAIN_GAME,0x1009,66,66,YES,0,PASS
MAIN_GAME,0x100A,180,169,YES,0,PASS
MAIN_GAME,0x100B,144,133,YES,0,PASS
MAIN_GAME,0x100C,159,137,YES,0,PASS
MAIN_GAME,0x100D,323,280,YES,0,PASS
MAIN_GAME,0x100E,78,67,YES,0,PASS
MAIN_GAME,0x100F,108,90,YES,0,PASS
MAIN_GAME,0x1010,102,91,YES,0,PASS
MAIN_GAME,0x1011,13,13,YES,0,PASS
MAIN_GAME,0x1012,62,62,YES,0,PASS
MAIN_GAME,0x1013,57,57,YES,0,PASS
MAIN_GAME,0x1014,83,83,YES,0,PASS
MAIN_GAME,0x1015,505,425,YES,0,PASS
MAIN_GAME,0x1016,160,149,YES,0,PASS
MAIN_GAME,0x1017,214,163,YES,0,PASS
MAIN_GAME,0x1018,195,177,YES,0,PASS
MAIN_GAME,0x1019,129,129,YES,0,PASS
MAIN_GAME,0x101A,378,339,YES,0,PASS
MAIN_GAME,0x101B,53,53,YES,0,PASS
MAIN_GAME,0x101C,163,152,YES,0,PASS
MAIN_GAME,0x101D,28,28,YES,0,PASS
MAIN_GAME,0x101E,39,39,YES,0,PASS
MAIN_GAME,0x101F,207,196,YES,0,PASS
MAIN_GAME,0x1020,50,50,YES,0,PASS
MAIN_GAME,0x1021,57,57,YES,0,PASS
MAIN_GAME,0x1022,232,221,YES,0,PASS
MAIN_GAME,0x1023,48,48,YES,0,PASS
MAIN_GAME,0x1024,21,14,YES,0,PASS
MAIN_GAME,0x1025,273,242,YES,0,PASS
MAIN_GAME,0x1026,53,46,YES,0,PASS
MAIN_GAME,0x1027,105,105,YES,0,PASS
MAIN_GAME,0x1028,287,254,YES,0,PASS
MAIN_GAME,0x1029,679,602,YES,0,PASS
MAIN_GAME,0x102A,169,133,YES,0,PASS
MAIN_GAME,0x102B,39,32,YES,0,PASS
MAIN_GAME,0x102C,27,27,YES,0,PASS
MAIN_GAME,0x102D,22,22,YES,0,PASS
MAIN_GAME,0x102E,44,44,YES,0,PASS
MAIN_GAME,0x102F,139,128,YES,0,PASS
MAIN_GAME,0x1030,95,84,YES,0,PASS
MAIN_GAME,0x1031,65,54,YES,0,PASS
MAIN_GAME,0x1032,100,100,YES,0,PASS
MAIN_GAME,0x1033,85,85,YES,0,PASS
MAIN_GAME,0x1034,156,145,YES,0,PASS
MAIN_GAME,0x1035,126,126,YES,0,PASS
MAIN_GAME,0x1036,302,268,YES,0,PASS
MAIN_GAME,0x1037,251,227,YES,0,PASS
MAIN_GAME,0x1038,209,198,YES,0,PASS
MAIN_GAME,0x1039,510,450,YES,0,PASS
MAIN_GAME,0x103A,896,785,YES,0,PASS
MAIN_GAME,0x103B,122,120,YES,0,PASS
MAIN_GAME,0x103C,184,173,YES,0,PASS
MAIN_GAME,0x103D,484,411,YES,0,PASS
MAIN_GAME,0x103E,60,52,YES,0,PASS
MAIN_GAME,0x103F,350,312,YES,0,PASS
MAIN_GAME,0x1040,50,50,YES,0,PASS
MAIN_GAME,0x1041,44,44,YES,0,PASS
MAIN_GAME,0x1042,38,38,YES,0,PASS
MAIN_GAME,0x1043,72,61,YES,0,PASS
MAIN_GAME,0x1044,107,96,YES,0,PASS
MAIN_GAME,0x1045,135,106,YES,0,PASS
MAIN_GAME,0x1046,31,31,YES,0,PASS
MAIN_GAME,0x1047,25,18,YES,0,PASS
MAIN_GAME,0x1048,43,36,YES,0,PASS
MAIN_GAME,0x1049,33,33,YES,0,PASS
MAIN_GAME,0x104A,60,60,YES,0,PASS
MAIN_GAME,0x104B,23,16,YES,0,PASS
MAIN_GAME,0x104C,32,32,YES,0,PASS
MAIN_GAME,0x104D,283,250,YES,0,PASS
MAIN_GAME,0x104E,104,104,YES,0,PASS
MAIN_GAME,0x104F,137,126,YES,0,PASS
MAIN_GAME,0x1050,98,98,YES,0,PASS
MAIN_GAME,0x1051,40,40,YES,0,PASS
MAIN_GAME,0x1052,65,65,YES,0,PASS
MAIN_GAME,0x1053,55,55,YES,0,PASS
MAIN_GAME,0x1054,51,51,YES,0,PASS
MAIN_GAME,0x1055,193,182,YES,0,PASS
MAIN_GAME,0x1056,95,95,YES,0,PASS
MAIN_GAME,0x1057,80,80,YES,0,PASS
MAIN_GAME,0x1058,236,200,YES,0,PASS
MAIN_GAME,0x1059,26,26,YES,0,PASS
MAIN_GAME,0x105A,44,44,YES,0,PASS
MAIN_GAME,0x105B,93,75,YES,0,PASS
MAIN_GAME,0x105C,45,38,YES,0,PASS
MAIN_GAME,0x105D,154,143,YES,0,PASS
MAIN_GAME,0x105E,81,81,YES,0,PASS
MAIN_GAME,0x105F,71,71,YES,0,PASS
MAIN_GAME,0x1060,57,57,YES,0,PASS
MAIN_GAME,0x1061,60,60,YES,0,PASS
MAIN_GAME,0x1062,175,153,YES,0,PASS
MAIN_GAME,0x1063,195,184,YES,0,PASS
MAIN_GAME,0x1064,213,191,YES,0,PASS
MAIN_GAME,0x1065,582,582,YES,0,PASS
MAIN_GAME,0x1066,318,278,YES,0,PASS
MAIN_GAME,0x1067,182,149,YES,0,PASS
MAIN_GAME,0x1068,56,56,YES,0,PASS
MAIN_GAME,0x1069,107,107,YES,0,PASS
MAIN_GAME,0x106A,111,100,YES,0,PASS
MAIN_GAME,0x106B,33,33,YES,0,PASS
MAIN_GAME,0x106C,274,252,YES,0,PASS
MAIN_GAME,0x106D,35,28,YES,0,PASS
MAIN_GAME,0x106E,58,58,YES,0,PASS
MAIN_GAME,0x106F,26,26,YES,0,PASS
MAIN_GAME,0x1070,263,212,YES,0,PASS
MAIN_GAME,0x1071,72,61,YES,0,PASS
MAIN_GAME,0x1072,77,75,YES,0,PASS
MAIN_GAME,0x1073,71,71,YES,0,PASS
MAIN_GAME,0x1074,103,103,YES,0,PASS
MAIN_GAME,0x1075,37,30,YES,0,PASS
MAIN_GAME,0x1076,54,54,YES,0,PASS
MAIN_GAME,0x1077,119,119,YES,0,PASS
MAIN_GAME,0x1078,51,51,YES,0,PASS
MAIN_GAME,0x1079,72,72,YES,0,PASS
MAIN_GAME,0x107A,86,79,YES,0,PASS
MAIN_GAME,0x107B,31,31,YES,0,PASS
MAIN_GAME,0x107C,48,41,YES,0,PASS
MAIN_GAME,0x107D,39,39,YES,0,PASS
MAIN_GAME,0x107E,271,260,YES,0,PASS
MAIN_GAME,0x107F,84,84,YES,0,PASS
MAIN_GAME,0x1080,64,64,YES,0,PASS
MAIN_GAME,0x1081,26,26,YES,0,PASS
MAIN_GAME,0x1082,34,34,YES,0,PASS
MAIN_GAME,0x1083,30,30,YES,0,PASS
MAIN_GAME,0x1084,6,6,YES,0,PASS
MAIN_GAME,0x1085,75,75,YES,0,PASS
MAIN_GAME,0x1086,8,8,YES,0,PASS
MAIN_GAME,0x1087,77,77,YES,0,PASS
MAIN_GAME,0x1088,9,9,YES,0,PASS
MAIN_GAME,0x1089,74,74,YES,0,PASS
MAIN_GAME,0x108A,74,74,YES,0,PASS
MAIN_GAME,0x108B,98,98,YES,0,PASS
MAIN_GAME,0x108C,104,104,YES,0,PASS
MAIN_GAME,0x108D,79,79,YES,0,PASS
MAIN_GAME,0x108E,268,268,YES,0,PASS
MAIN_GAME,0x108F,179,157,YES,0,PASS
MAIN_GAME,0x1090,109,98,YES,0,PASS
MAIN_GAME,0x1091,103,92,YES,0,PASS
MAIN_GAME,0x1092,58,58,YES,0,PASS
MAIN_GAME,0x1093,219,190,YES,0,PASS
MAIN_GAME,0x1094,119,101,YES,0,PASS
MAIN_GAME,0x1095,106,81,YES,0,PASS
MAIN_GAME,0x1096,99,88,YES,0,PASS
MAIN_GAME,0x1097,91,91,YES,0,PASS
MAIN_GAME,0x1098,68,68,YES,0,PASS
MAIN_GAME,0x1099,39,39,YES,0,PASS
MAIN_GAME,0x109A,905,806,YES,0,PASS
MAIN_GAME,0x109B,303,270,YES,0,PASS
MAIN_GAME,0x109C,276,243,YES,0,PASS
MAIN_GAME,0x109D,124,124,YES,0,PASS
MAIN_GAME,0x109E,97,97,YES,0,PASS
MAIN_GAME,0x109F,49,49,YES,0,PASS
MAIN_GAME,0x10A0,78,78,YES,0,PASS
MAIN_GAME,0x10A1,86,86,YES,0,PASS
MAIN_GAME,0x10A2,109,109,YES,0,PASS
MAIN_GAME,0x10A3,52,52,YES,0,PASS
MAIN_GAME,0x10A4,33,33,YES,0,PASS
MAIN_GAME,0x10A5,47,47,YES,0,PASS
MAIN_GAME,0x10A6,46,46,YES,0,PASS
MAIN_GAME,0x10A7,16,16,YES,0,PASS
MAIN_GAME,0x10A8,284,244,YES,0,PASS
MAIN_GAME,0x10A9,63,63,YES,0,PASS
MAIN_GAME,0x10AA,67,67,YES,0,PASS
MAIN_GAME,0x10AB,43,43,YES,0,PASS
MAIN_GAME,0x10AC,70,59,YES,0,PASS
MAIN_GAME,0x10AD,100,100,YES,0,PASS
MAIN_GAME,0x10AE,35,35,YES,0,PASS
MAIN_GAME,0x10AF,156,145,YES,0,PASS
MAIN_GAME,0x10B0,128,117,YES,0,PASS
MAIN_GAME,0x10B1,33,33,YES,0,PASS
MAIN_GAME,0x10B2,307,274,YES,0,PASS
MAIN_GAME,0x10B3,95,95,YES,0,PASS
MAIN_GAME,0x10B4,73,73,YES,0,PASS
MAIN_GAME,0x10B5,38,38,YES,0,PASS
MAIN_GAME,0x10B6,80,80,YES,0,PASS
MAIN_GAME,0x10B7,196,174,YES,0,PASS
MAIN_GAME,0x10B8,79,79,YES,0,PASS
MAIN_GAME,0x10B9,40,40,YES,0,PASS
MAIN_GAME,0x10BA,35,35,YES,0,PASS
MAIN_GAME,0x10BB,65,65,YES,0,PASS
MAIN_GAME,0x10BC,65,65,YES,0,PASS
MAIN_GAME,0x10BD,29,29,YES,0,PASS
MAIN_GAME,0x10BE,79,79,YES,0,PASS
MAIN_GAME,0x10BF,87,87,YES,0,PASS
MAIN_GAME,0x10C0,92,85,YES,0,PASS
MAIN_GAME,0x10C1,282,249,YES,0,PASS
MAIN_GAME,0x10C2,55,55,YES,0,PASS
MAIN_GAME,0x10C3,153,142,YES,0,PASS
MAIN_GAME,0x10C4,206,184,YES,0,PASS
MAIN_GAME,0x10C5,270,246,YES,0,PASS
MAIN_GAME,0x10C6,55,55,YES,0,PASS
MAIN_GAME,0x10C7,112,112,YES,0,PASS
MAIN_GAME,0x10C8,95,84,YES,0,PASS
MAIN_GAME,0x10C9,144,133,YES,0,PASS
MAIN_GAME,0x10CA,81,81,YES,0,PASS
MAIN_GAME,0x10CB,67,67,YES,0,PASS
MAIN_GAME,0x10CC,76,76,YES,0,PASS
MAIN_GAME,0x10CD,74,74,YES,0,PASS
MAIN_GAME,0x10CE,77,77,YES,0,PASS
MAIN_GAME,0x10CF,78,78,YES,0,PASS
MAIN_GAME,0x10D0,84,84,YES,0,PASS
MAIN_GAME,0x10D1,345,301,YES,0,PASS
MAIN_GAME,0x10D2,143,110,YES,0,PASS
MAIN_GAME,0x10D3,69,69,YES,0,PASS
MAIN_GAME,0x10D4,52,52,YES,0,PASS
MAIN_GAME,0x10D5,80,80,YES,0,PASS
MAIN_GAME,0x10D6,94,72,YES,0,PASS
MAIN_GAME,0x10D7,68,68,YES,0,PASS
MAIN_GAME,0x10D8,128,114,YES,0,PASS
MAIN_GAME,0x10D9,35,35,YES,0,PASS
MAIN_GAME,0x10DA,76,76,YES,0,PASS
MAIN_GAME,0x10DB,279,235,YES,0,PASS
MAIN_GAME,0x10DC,118,107,YES,0,PASS
MAIN_GAME,0x10DD,118,107,YES,0,PASS
MAIN_GAME,0x10DE,53,53,YES,0,PASS
MAIN_GAME,0x10DF,169,147,YES,0,PASS
MAIN_GAME,0x2000,739,626,YES,0,PASS
MAIN_GAME,0x2001,175,153,YES,0,PASS
MAIN_GAME,0x2002,56,56,YES,0,PASS
MAIN_GAME,0x2003,283,261,YES,0,PASS
MAIN_GAME,0x2004,170,159,YES,0,PASS
MAIN_GAME,0x2005,47,40,YES,0,PASS
MAIN_GAME,0x2006,157,135,YES,0,PASS
MAIN_GAME,0x2007,50,50,YES,0,PASS
MAIN_GAME,0x2008,172,165,YES,0,PASS
MAIN_GAME,0x2009,104,97,YES,0,PASS
MAIN_GAME,0x200A,256,223,YES,0,PASS
MAIN_GAME,0x200B,48,48,YES,0,PASS
MAIN_GAME,0x200C,86,86,YES,0,PASS
MAIN_GAME,0x200D,293,249,YES,0,PASS
MAIN_GAME,0x200E,154,143,YES,0,PASS
MAIN_GAME,0x200F,15,15,YES,0,PASS
MAIN_GAME,0x2010,377,337,YES,0,PASS
MAIN_GAME,0x2011,66,66,YES,0,PASS
MAIN_GAME,0x2012,63,63,YES,0,PASS
MAIN_GAME,0x2013,73,73,YES,0,PASS
MAIN_GAME,0x2014,99,99,YES,0,PASS
MAIN_GAME,0x2015,981,871,YES,0,PASS
MAIN_GAME,0x2016,115,104,YES,0,PASS
MAIN_GAME,0x2017,30,30,YES,0,PASS
MAIN_GAME,0x2018,12,5,YES,0,PASS
MAIN_GAME,0x2019,21,21,YES,0,PASS
MAIN_GAME,0x201A,18,18,YES,0,PASS
MAIN_GAME,0x201B,78,78,YES,0,PASS
MAIN_GAME,0x201C,67,67,YES,0,PASS
MAIN_GAME,0x201D,46,46,YES,0,PASS
MAIN_GAME,0x201E,106,106,YES,0,PASS
MAIN_GAME,0x201F,55,55,YES,0,PASS
MAIN_GAME,0x2020,83,83,YES,0,PASS
MAIN_GAME,0x2021,165,154,YES,0,PASS
MAIN_GAME,0x2022,267,245,YES,0,PASS
MAIN_GAME,0x2023,224,191,YES,0,PASS
MAIN_GAME,0x2024,33,33,YES,0,PASS
MAIN_GAME,0x2025,86,86,YES,0,PASS
MAIN_GAME,0x2026,63,63,YES,0,PASS
MAIN_GAME,0x2027,237,226,YES,0,PASS
MAIN_GAME,0x2028,42,42,YES,0,PASS
MAIN_GAME,0x2029,287,265,YES,0,PASS
MAIN_GAME,0x202A,132,132,YES,0,PASS
MAIN_GAME,0x202B,82,82,YES,0,PASS
MAIN_GAME,0x202C,44,44,YES,0,PASS
MAIN_GAME,0x202D,110,110,YES,0,PASS
MAIN_GAME,0x202E,198,187,YES,0,PASS
MAIN_GAME,0x202F,72,72,YES,0,PASS
MAIN_GAME,0x2030,554,488,YES,0,PASS
MAIN_GAME,0x2031,60,60,YES,0,PASS
MAIN_GAME,0x2032,41,41,YES,0,PASS
MAIN_GAME,0x2033,59,59,YES,0,PASS
MAIN_GAME,0x2034,62,62,YES,0,PASS
MAIN_GAME,0x2035,480,424,YES,0,PASS
MAIN_GAME,0x2036,189,171,YES,0,PASS
MAIN_GAME,0x2037,141,128,YES,0,PASS
MAIN_GAME,0x2038,198,187,YES,0,PASS
MAIN_GAME,0x2039,94,94,YES,0,PASS
MAIN_GAME,0x203A,178,156,YES,0,PASS
MAIN_GAME,0x203B,227,205,YES,0,PASS
MAIN_GAME,0x203C,136,103,YES,0,PASS
MAIN_GAME,0x203D,60,60,YES,0,PASS
MAIN_GAME,0x203E,107,107,YES,0,PASS
MAIN_GAME,0x203F,333,289,YES,0,PASS
MAIN_GAME,0x2040,48,48,YES,0,PASS
MAIN_GAME,0x2041,208,186,YES,0,PASS
MAIN_GAME,0x2042,61,61,YES,0,PASS
MAIN_GAME,0x2043,288,255,YES,0,PASS
MAIN_GAME,0x2044,114,101,YES,0,PASS
MAIN_GAME,0x2045,175,164,YES,0,PASS
MAIN_GAME,0x2046,73,73,YES,0,PASS
MAIN_GAME,0x2047,343,299,YES,0,PASS
MAIN_GAME,0x2048,50,50,YES,0,PASS
MAIN_GAME,0x2049,64,64,YES,0,PASS
MAIN_GAME,0x204A,49,49,YES,0,PASS
MAIN_GAME,0x204B,32,32,YES,0,PASS
MAIN_GAME,0x204C,605,539,YES,0,PASS
MAIN_GAME,0x204D,95,95,YES,0,PASS
MAIN_GAME,0x204E,84,84,YES,0,PASS
MAIN_GAME,0x204F,105,105,YES,0,PASS
MAIN_GAME,0x2050,65,65,YES,0,PASS
MAIN_GAME,0x2051,308,275,YES,0,PASS
MAIN_GAME,0x2052,128,117,YES,0,PASS
MAIN_GAME,0x2053,58,58,YES,0,PASS
MAIN_GAME,0x2054,100,89,YES,0,PASS
MAIN_GAME,0x2055,64,64,YES,0,PASS
MAIN_GAME,0x2056,109,109,YES,0,PASS
MAIN_GAME,0x2057,68,68,YES,0,PASS
MAIN_GAME,0x2058,57,57,YES,0,PASS
MAIN_GAME,0x2059,46,46,YES,0,PASS
MAIN_GAME,0x205A,44,44,YES,0,PASS
MAIN_GAME,0x205B,164,153,YES,0,PASS
MAIN_GAME,0x205C,24,24,YES,0,PASS
MAIN_GAME,0x205D,89,89,YES,0,PASS
MAIN_GAME,0x205E,67,67,YES,0,PASS
MAIN_GAME,0x205F,71,71,YES,0,PASS
MAIN_GAME,0x2060,69,69,YES,0,PASS
MAIN_GAME,0x2061,71,71,YES,0,PASS
MAIN_GAME,0x2062,175,164,YES,0,PASS
MAIN_GAME,0x2063,320,298,YES,0,PASS
MAIN_GAME,0x2064,255,237,YES,0,PASS
MAIN_GAME,0x2065,448,390,YES,0,PASS
MAIN_GAME,0x2066,34,34,YES,0,PASS
MAIN_GAME,0x2067,53,53,YES,0,PASS
MAIN_GAME,0x2068,145,138,YES,0,PASS
MAIN_GAME,0x2069,291,258,YES,0,PASS
MAIN_GAME,0x206A,55,55,YES,0,PASS
MAIN_GAME,0x206B,66,66,YES,0,PASS
MAIN_GAME,0x206C,184,166,YES,0,PASS
MAIN_GAME,0x206D,107,100,YES,0,PASS
MAIN_GAME,0x206E,120,113,YES,0,PASS
MAIN_GAME,0x206F,325,296,YES,0,PASS
MAIN_GAME,0x2070,64,64,YES,0,PASS
MAIN_GAME,0x2071,450,414,YES,0,PASS
MAIN_GAME,0x2072,29,29,YES,0,PASS
MAIN_GAME,0x2073,16,16,YES,0,PASS
MAIN_GAME,0x2074,89,60,YES,0,PASS
MAIN_GAME,0x2075,144,126,YES,0,PASS
MAIN_GAME,0x2076,23,23,YES,0,PASS
MAIN_GAME,0x2077,68,68,YES,0,PASS
MAIN_GAME,0x2078,227,205,YES,0,PASS
MAIN_GAME,0x2079,191,158,YES,0,PASS
MAIN_GAME,0x207A,202,180,YES,0,PASS
MAIN_GAME,0x207B,63,56,YES,0,PASS
MAIN_GAME,0x207C,274,241,YES,0,PASS
MAIN_GAME,0x207D,69,69,YES,0,PASS
MAIN_GAME,0x207E,748,660,YES,0,PASS
MAIN_GAME,0x207F,464,409,YES,0,PASS
MAIN_GAME,0x2080,95,84,YES,0,PASS
MAIN_GAME,0x2081,160,138,YES,0,PASS
MAIN_GAME,0x2082,72,72,YES,0,PASS
MAIN_GAME,0x2083,82,82,YES,0,PASS
MAIN_GAME,0x2084,115,104,YES,0,PASS
MAIN_GAME,0x2085,205,183,YES,0,PASS
MAIN_GAME,0x2086,147,136,YES,0,PASS
MAIN_GAME,0x2087,352,330,YES,0,PASS
MAIN_GAME,0x2088,171,160,YES,0,PASS
MAIN_GAME,0x2089,50,50,YES,0,PASS
MAIN_GAME,0x208A,121,110,YES,0,PASS
MAIN_GAME,0x208B,372,321,YES,0,PASS
MAIN_GAME,0x208C,61,61,YES,0,PASS
MAIN_GAME,0x208D,16,16,YES,0,PASS
MAIN_GAME,0x208E,174,163,YES,0,PASS
MAIN_GAME,0x208F,268,246,YES,0,PASS
MAIN_GAME,0x2090,189,167,YES,0,PASS
MAIN_GAME,0x2091,63,63,YES,0,PASS
MAIN_GAME,0x2092,206,184,YES,0,PASS
MAIN_GAME,0x2093,4,4,YES,0,PASS
MAIN_GAME,0x2094,4,4,YES,0,PASS
MAIN_GAME,0x2095,4,4,YES,0,PASS
MAIN_GAME,0x2096,4,4,YES,0,PASS
MAIN_GAME,0x2097,4,4,YES,0,PASS
MAIN_GAME,0x2098,4,4,YES,0,PASS
MAIN_GAME,0x2099,4,4,YES,0,PASS
MAIN_GAME,0x209A,4,4,YES,0,PASS
MAIN_GAME,0x209B,4,4,YES,0,PASS
MAIN_GAME,0x209C,4,4,YES,0,PASS
MAIN_GAME,0x209D,4,4,YES,0,PASS
MAIN_GAME,0x209E,4,4,YES,0,PASS
MAIN_GAME,0x209F,4,4,YES,0,PASS
MAIN_GAME,0x3000,122,122,YES,0,PASS
MAIN_GAME,0x3001,131,131,YES,0,PASS
MAIN_GAME,0x3002,43,43,YES,0,PASS
MAIN_GAME,0x3003,44,44,YES,0,PASS
MAIN_GAME,0x3004,194,172,YES,0,PASS
MAIN_GAME,0x3005,21,21,YES,0,PASS
MAIN_GAME,0x3006,40,40,YES,0,PASS
MAIN_GAME,0x3007,105,105,YES,0,PASS
MAIN_GAME,0x3008,474,430,YES,0,PASS
MAIN_GAME,0x3009,196,174,YES,0,PASS
MAIN_GAME,0x300A,180,169,YES,0,PASS
MAIN_GAME,0x300B,411,378,YES,0,PASS
MAIN_GAME,0x300C,366,342,YES,0,PASS
MAIN_GAME,0x300D,205,194,YES,0,PASS
MAIN_GAME,0x300E,439,351,YES,0,PASS
MAIN_GAME,0x300F,104,104,YES,0,PASS
MAIN_GAME,0x3010,74,74,YES,0,PASS
MAIN_GAME,0x3011,231,198,YES,0,PASS
MAIN_GAME,0x3012,54,54,YES,0,PASS
MAIN_GAME,0x3013,59,59,YES,0,PASS
MAIN_GAME,0x3014,558,503,YES,0,PASS
MAIN_GAME,0x3015,81,81,YES,0,PASS
MAIN_GAME,0x3016,639,562,YES,0,PASS
MAIN_GAME,0x3017,114,114,YES,0,PASS
MAIN_GAME,0x3018,397,353,YES,0,PASS
MAIN_GAME,0x3019,178,167,YES,0,PASS
MAIN_GAME,0x301A,670,582,YES,0,PASS
MAIN_GAME,0x301B,73,62,YES,0,PASS
MAIN_GAME,0x301C,998,875,YES,0,PASS
MAIN_GAME,0x301D,135,135,YES,0,PASS
MAIN_GAME,0x301E,58,58,YES,0,PASS
MAIN_GAME,0x301F,67,67,YES,0,PASS
MAIN_GAME,0x3020,224,202,YES,0,PASS
MAIN_GAME,0x3021,55,55,YES,0,PASS
MAIN_GAME,0x3022,238,225,YES,0,PASS
MAIN_GAME,0x3023,156,145,YES,0,PASS
MAIN_GAME,0x3024,372,339,YES,0,PASS
MAIN_GAME,0x3025,70,70,YES,0,PASS
MAIN_GAME,0x3026,67,67,YES,0,PASS
MAIN_GAME,0x3027,82,82,YES,0,PASS
MAIN_GAME,0x3028,76,76,YES,0,PASS
MAIN_GAME,0x3029,80,80,YES,0,PASS
MAIN_GAME,0x302A,171,160,YES,0,PASS
MAIN_GAME,0x302B,71,67,YES,0,PASS
MAIN_GAME,0x302C,90,90,YES,0,PASS
MAIN_GAME,0x302D,383,350,YES,0,PASS
MAIN_GAME,0x302E,66,66,YES,0,PASS
MAIN_GAME,0x302F,157,146,YES,0,PASS
MAIN_GAME,0x3030,68,68,YES,0,PASS
MAIN_GAME,0x3031,153,124,YES,0,PASS
MAIN_GAME,0x3032,753,597,YES,0,PASS
MAIN_GAME,0x3033,20,20,YES,0,PASS
MAIN_GAME,0x3034,153,142,YES,0,PASS
MAIN_GAME,0x3035,378,334,YES,0,PASS
MAIN_GAME,0x3036,546,473,YES,0,PASS
MAIN_GAME,0x3037,317,277,YES,0,PASS
MAIN_GAME,0x3038,58,58,YES,0,PASS
MAIN_GAME,0x3039,1035,886,YES,0,PASS
MAIN_GAME,0x303A,35,35,YES,0,PASS
MAIN_GAME,0x303B,102,84,YES,0,PASS
MAIN_GAME,0x303C,166,155,YES,0,PASS
MAIN_GAME,0x303D,55,55,YES,0,PASS
MAIN_GAME,0x303E,341,319,YES,0,PASS
MAIN_GAME,0x303F,33,26,YES,0,PASS
MAIN_GAME,0x3040,74,67,YES,0,PASS
MAIN_GAME,0x3041,103,85,YES,0,PASS
MAIN_GAME,0x3042,66,59,YES,0,PASS
MAIN_GAME,0x3043,21,14,YES,0,PASS
MAIN_GAME,0x3044,30,30,YES,0,PASS
MAIN_GAME,0x3045,233,211,YES,0,PASS
MAIN_GAME,0x3046,111,111,YES,0,PASS
MAIN_GAME,0x3047,71,71,YES,0,PASS
MAIN_GAME,0x3048,452,397,YES,0,PASS
MAIN_GAME,0x3049,11,11,YES,0,PASS
MAIN_GAME,0x304A,89,89,YES,0,PASS
MAIN_GAME,0x304B,69,69,YES,0,PASS
MAIN_GAME,0x304C,53,53,YES,0,PASS
MAIN_GAME,0x304D,30,30,YES,0,PASS
MAIN_GAME,0x304E,64,64,YES,0,PASS
MAIN_GAME,0x304F,75,75,YES,0,PASS
MAIN_GAME,0x3050,26,26,YES,0,PASS
MAIN_GAME,0x3051,113,102,YES,0,PASS
MAIN_GAME,0x3052,126,115,YES,0,PASS
MAIN_GAME,0x3053,262,240,YES,0,PASS
MAIN_GAME,0x3054,306,284,YES,0,PASS
MAIN_GAME,0x3055,71,71,YES,0,PASS
MAIN_GAME,0x3056,81,81,YES,0,PASS
MAIN_GAME,0x3057,48,48,YES,0,PASS
MAIN_GAME,0x3058,94,94,YES,0,PASS
MAIN_GAME,0x3059,102,102,YES,0,PASS
MAIN_GAME,0x305A,234,212,YES,0,PASS
MAIN_GAME,0x305B,49,49,YES,0,PASS
MAIN_GAME,0x305C,87,87,YES,0,PASS
MAIN_GAME,0x305D,51,51,YES,0,PASS
MAIN_GAME,0x305E,37,37,YES,0,PASS
MAIN_GAME,0x305F,27,27,YES,0,PASS
MAIN_GAME,0x3060,47,47,YES,0,PASS
MAIN_GAME,0x3061,82,82,YES,0,PASS
MAIN_GAME,0x3062,617,566,YES,0,PASS
MAIN_GAME,0x3063,302,280,YES,0,PASS
MAIN_GAME,0x3064,92,81,YES,0,PASS
MAIN_GAME,0x3065,139,128,YES,0,PASS
MAIN_GAME,0x3066,86,86,YES,0,PASS
MAIN_GAME,0x3067,90,79,YES,0,PASS
MAIN_GAME,0x3068,230,208,YES,0,PASS
MAIN_GAME,0x3069,274,252,YES,0,PASS
MAIN_GAME,0x306A,179,168,YES,0,PASS
MAIN_GAME,0x306B,285,263,YES,0,PASS
MAIN_GAME,0x306C,203,192,YES,0,PASS
MAIN_GAME,0x306D,159,148,YES,0,PASS
MAIN_GAME,0x306E,241,219,YES,0,PASS
MAIN_GAME,0x306F,238,216,YES,0,PASS
MAIN_GAME,0x3070,189,178,YES,0,PASS
MAIN_GAME,0x3071,37,37,YES,0,PASS
MAIN_GAME,0x3072,4,4,YES,0,PASS
MAIN_GAME,0x3073,4,4,YES,0,PASS
MAIN_GAME,0x4000,180,169,YES,0,PASS
MAIN_GAME,0x4001,111,111,YES,0,PASS
MAIN_GAME,0x4002,106,99,YES,0,PASS
MAIN_GAME,0x4003,680,618,YES,0,PASS
MAIN_GAME,0x4004,77,77,YES,0,PASS
MAIN_GAME,0x4005,199,166,YES,0,PASS
MAIN_GAME,0x4006,192,170,YES,0,PASS
MAIN_GAME,0x4007,153,142,YES,0,PASS
MAIN_GAME,0x4008,78,78,YES,0,PASS
MAIN_GAME,0x4009,118,118,YES,0,PASS
MAIN_GAME,0x400A,42,42,YES,0,PASS
MAIN_GAME,0x400B,49,49,YES,0,PASS
MAIN_GAME,0x400C,45,45,YES,0,PASS
MAIN_GAME,0x400D,89,89,YES,0,PASS
MAIN_GAME,0x400E,323,290,YES,0,PASS
MAIN_GAME,0x400F,101,101,YES,0,PASS
MAIN_GAME,0x4010,91,91,YES,0,PASS
MAIN_GAME,0x4011,146,135,YES,0,PASS
MAIN_GAME,0x4012,243,210,YES,0,PASS
MAIN_GAME,0x4013,86,86,YES,0,PASS
MAIN_GAME,0x4014,287,254,YES,0,PASS
MAIN_GAME,0x4015,63,63,YES,0,PASS
MAIN_GAME,0x4016,116,116,YES,0,PASS
MAIN_GAME,0x4017,222,193,YES,0,PASS
MAIN_GAME,0x4018,243,232,YES,0,PASS
MAIN_GAME,0x4019,103,92,YES,0,PASS
MAIN_GAME,0x401A,76,76,YES,0,PASS
MAIN_GAME,0x401B,542,487,YES,0,PASS
MAIN_GAME,0x401C,67,67,YES,0,PASS
MAIN_GAME,0x401D,77,77,YES,0,PASS
MAIN_GAME,0x401E,12,12,YES,0,PASS
MAIN_GAME,0x401F,393,349,YES,0,PASS
MAIN_GAME,0x4020,57,57,YES,0,PASS
MAIN_GAME,0x4021,86,86,YES,0,PASS
MAIN_GAME,0x4022,109,98,YES,0,PASS
MAIN_GAME,0x4023,35,35,YES,0,PASS
MAIN_GAME,0x4024,18,4,YES,0,PASS
MAIN_GAME,0x4025,265,243,YES,0,PASS
MAIN_GAME,0x4026,80,80,YES,0,PASS
MAIN_GAME,0x4027,222,200,YES,0,PASS
MAIN_GAME,0x4028,26,26,YES,0,PASS
MAIN_GAME,0x4029,71,60,YES,0,PASS
MAIN_GAME,0x402A,136,125,YES,0,PASS
MAIN_GAME,0x402B,70,63,YES,0,PASS
MAIN_GAME,0x402C,51,51,YES,0,PASS
MAIN_GAME,0x402D,74,67,YES,0,PASS
MAIN_GAME,0x402E,75,68,YES,0,PASS
MAIN_GAME,0x402F,268,246,YES,0,PASS
MAIN_GAME,0x4030,191,169,YES,0,PASS
MAIN_GAME,0x4031,387,347,YES,0,PASS
MAIN_GAME,0x4032,62,62,YES,0,PASS
MAIN_GAME,0x4033,122,111,YES,0,PASS
MAIN_GAME,0x4034,106,106,YES,0,PASS
MAIN_GAME,0x4035,153,142,YES,0,PASS
MAIN_GAME,0x4036,29,22,YES,0,PASS
MAIN_GAME,0x4037,322,300,YES,0,PASS
MAIN_GAME,0x4038,321,299,YES,0,PASS
MAIN_GAME,0x4039,281,259,YES,0,PASS
MAIN_GAME,0x403A,65,65,YES,0,PASS
MAIN_GAME,0x403B,230,219,YES,0,PASS
MAIN_GAME,0x403C,4,4,YES,0,PASS
MAIN_GAME,0x403D,4,4,YES,0,PASS
MAIN_GAME,0x403E,988,824,YES,0,PASS
MAIN_GAME,0x403F,45,38,YES,0,PASS
MAIN_GAME,0x4040,4,4,YES,0,PASS
MAIN_GAME,0x4041,177,148,YES,0,PASS
MAIN_GAME,0x4042,50,50,YES,0,PASS
MAIN_GAME,0x4043,129,107,YES,0,PASS
MAIN_GAME,0x4044,4,4,YES,0,PASS
MAIN_GAME,0x4045,55,55,YES,0,PASS
MAIN_GAME,0x4046,134,123,YES,0,PASS
MAIN_GAME,0x4047,62,62,YES,0,PASS
MAIN_GAME,0x4048,36,36,YES,0,PASS
MAIN_GAME,0x4049,162,140,YES,0,PASS
MAIN_GAME,0x404A,113,113,YES,0,PASS
MAIN_GAME,0x404B,417,351,YES,0,PASS
MAIN_GAME,0x404C,385,330,YES,0,PASS
MAIN_GAME,0x404D,158,136,YES,0,PASS
MAIN_GAME,0x404E,97,97,YES,0,PASS
MAIN_GAME,0x404F,79,79,YES,0,PASS
MAIN_GAME,0x4050,81,81,YES,0,PASS
MAIN_GAME,0x4051,299,266,YES,0,PASS
MAIN_GAME,0x4052,37,37,YES,0,PASS
MAIN_GAME,0x4053,59,59,YES,0,PASS
MAIN_GAME,0x4054,171,149,YES,0,PASS
MAIN_GAME,0x4055,67,67,YES,0,PASS
MAIN_GAME,0x4056,162,151,YES,0,PASS
MAIN_GAME,0x4057,78,71,YES,0,PASS
MAIN_GAME,0x4058,37,37,YES,0,PASS
MAIN_GAME,0x4059,188,159,YES,0,PASS
MAIN_GAME,0x405A,10,10,YES,0,PASS
MAIN_GAME,0x405B,34,34,YES,0,PASS
MAIN_GAME,0x405C,67,67,YES,0,PASS
MAIN_GAME,0x405D,23,23,YES,0,PASS
MAIN_GAME,0x405E,152,141,YES,0,PASS
MAIN_GAME,0x405F,151,140,YES,0,PASS
MAIN_GAME,0x4060,163,152,YES,0,PASS
MAIN_GAME,0x4061,131,120,YES,0,PASS
MAIN_GAME,0x4062,178,167,YES,0,PASS
MAIN_GAME,0x4063,181,170,YES,0,PASS
MAIN_GAME,0x4064,180,169,YES,0,PASS
MAIN_GAME,0x4065,162,151,YES,0,PASS
MAIN_GAME,0x4066,177,166,YES,0,PASS
MAIN_GAME,0x4067,146,135,YES,0,PASS
MAIN_GAME,0x4068,27,27,YES,0,PASS
MAIN_GAME,0x4069,65,65,YES,0,PASS
MAIN_GAME,0x406A,57,55,YES,0,PASS
MAIN_GAME,0x406B,94,94,YES,0,PASS
MAIN_GAME,0x406C,83,83,YES,0,PASS
MAIN_GAME,0x406D,134,134,YES,0,PASS
MAIN_GAME,0x406E,135,135,YES,0,PASS
MAIN_GAME,0x406F,135,135,YES,0,PASS
MAIN_GAME,0x4070,135,135,YES,0,PASS
MAIN_GAME,0x4071,135,135,YES,0,PASS
MAIN_GAME,0x4072,134,134,YES,0,PASS
MAIN_GAME,0x4073,134,134,YES,0,PASS
MAIN_GAME,0x4074,122,122,YES,0,PASS
MAIN_GAME,0x4075,83,83,YES,0,PASS
MAIN_GAME,0x4076,164,164,YES,0,PASS
MAIN_GAME,0x4077,42,42,YES,0,PASS
MAIN_GAME,0x4078,64,64,YES,0,PASS
MAIN_GAME,0x4079,86,86,YES,0,PASS
MAIN_GAME,0x407A,53,53,YES,0,PASS
MAIN_GAME,0x407B,59,59,YES,0,PASS
MAIN_GAME,0x407C,162,151,YES,0,PASS
MAIN_GAME,0x407D,70,70,YES,0,PASS
MAIN_GAME,0x407E,43,43,YES,0,PASS
MAIN_GAME,0x407F,559,453,YES,0,PASS
MAIN_GAME,0x4080,275,235,YES,0,PASS
MAIN_GAME,0x4081,64,56,YES,0,PASS
MAIN_GAME,0x4082,29,29,YES,0,PASS
MAIN_GAME,0x4083,72,72,YES,0,PASS
MAIN_GAME,0x4084,68,68,YES,0,PASS
MAIN_GAME,0x4085,55,55,YES,0,PASS
MAIN_GAME,0x4086,129,118,YES,0,PASS
MAIN_GAME,0x4087,29,29,YES,0,PASS
MAIN_GAME,0x4088,219,197,YES,0,PASS
MAIN_GAME,0x4089,83,76,YES,0,PASS
MAIN_GAME,0x408A,42,42,YES,0,PASS
MAIN_GAME,0x408B,75,75,YES,0,PASS
MAIN_GAME,0x408C,41,41,YES,0,PASS
MAIN_GAME,0x408D,157,146,YES,0,PASS
MAIN_GAME,0x408E,115,115,YES,0,PASS
MAIN_GAME,0x408F,167,156,YES,0,PASS
MAIN_GAME,0x4090,125,114,YES,0,PASS
MAIN_GAME,0x4091,114,103,YES,0,PASS
MAIN_GAME,0x4092,81,81,YES,0,PASS
MAIN_GAME,0x4093,360,316,YES,0,PASS
MAIN_GAME,0x4094,147,125,YES,0,PASS
MAIN_GAME,0x4095,135,113,YES,0,PASS
MAIN_GAME,0x4096,318,274,YES,0,PASS
MAIN_GAME,0x4097,149,138,YES,0,PASS
MAIN_GAME,0x4098,181,170,YES,0,PASS
MAIN_GAME,0x4099,155,144,YES,0,PASS
MAIN_GAME,0x409A,171,149,YES,0,PASS
MAIN_GAME,0x409B,153,131,YES,0,PASS
MAIN_GAME,0x409C,98,98,YES,0,PASS
MAIN_GAME,0x409D,85,85,YES,0,PASS
MAIN_GAME,0x409E,126,115,YES,0,PASS
MAIN_GAME,0x409F,249,227,YES,0,PASS
MAIN_GAME,0x40A0,256,223,YES,0,PASS
MAIN_GAME,0x40A1,103,103,YES,0,PASS
MAIN_GAME,0x40A2,93,93,YES,0,PASS
MAIN_GAME,0x40A3,269,236,YES,0,PASS
MAIN_GAME,0x40A4,84,84,YES,0,PASS
MAIN_GAME,0x40A5,158,147,YES,0,PASS
MAIN_GAME,0x40A6,76,76,YES,0,PASS
MAIN_GAME,0x40A7,430,386,YES,0,PASS
MAIN_GAME,0x40A8,55,55,YES,0,PASS
MAIN_GAME,0x40A9,242,231,YES,0,PASS
MAIN_GAME,0x40AA,221,199,YES,0,PASS
MAIN_GAME,0x40AB,267,245,YES,0,PASS
MAIN_GAME,0x40AC,128,117,YES,0,PASS
MAIN_GAME,0x40AD,88,88,YES,0,PASS
MAIN_GAME,0x40AE,96,96,YES,0,PASS
MAIN_GAME,0x40AF,222,211,YES,0,PASS
MAIN_GAME,0x40B0,228,217,YES,0,PASS
MAIN_GAME,0x40B1,120,113,YES,0,PASS
MAIN_GAME,0x40B2,77,77,YES,0,PASS
MAIN_GAME,0x40B3,177,155,YES,0,PASS
MAIN_GAME,0x5000,327,294,YES,0,PASS
MAIN_GAME,0x5001,133,133,YES,0,PASS
MAIN_GAME,0x5002,69,69,YES,0,PASS
MAIN_GAME,0x5003,123,112,YES,0,PASS
MAIN_GAME,0x5004,20,20,YES,0,PASS
MAIN_GAME,0x5005,93,82,YES,0,PASS
MAIN_GAME,0x5006,52,52,YES,0,PASS
MAIN_GAME,0x5007,24,24,YES,0,PASS
MAIN_GAME,0x5008,18,18,YES,0,PASS
MAIN_GAME,0x5009,251,218,YES,0,PASS
MAIN_GAME,0x500A,89,89,YES,0,PASS
MAIN_GAME,0x500B,100,89,YES,0,PASS
MAIN_GAME,0x500C,66,66,YES,0,PASS
MAIN_GAME,0x500D,54,54,YES,0,PASS
MAIN_GAME,0x500E,41,41,YES,0,PASS
MAIN_GAME,0x500F,235,202,YES,0,PASS
MAIN_GAME,0x5010,841,742,YES,0,PASS
MAIN_GAME,0x5011,55,55,YES,0,PASS
MAIN_GAME,0x5012,750,673,YES,0,PASS
MAIN_GAME,0x5013,235,213,YES,0,PASS
MAIN_GAME,0x5014,417,384,YES,0,PASS
MAIN_GAME,0x5015,101,90,YES,0,PASS
MAIN_GAME,0x5016,203,181,YES,0,PASS
MAIN_GAME,0x5017,66,66,YES,0,PASS
MAIN_GAME,0x5018,359,315,YES,0,PASS
MAIN_GAME,0x5019,70,70,YES,0,PASS
MAIN_GAME,0x501A,15,15,YES,0,PASS
MAIN_GAME,0x501B,21,14,YES,0,PASS
MAIN_GAME,0x501C,321,292,YES,0,PASS
MAIN_GAME,0x501D,57,50,YES,0,PASS
MAIN_GAME,0x501E,53,53,YES,0,PASS
MAIN_GAME,0x501F,52,52,YES,0,PASS
MAIN_GAME,0x5020,24,24,YES,0,PASS
MAIN_GAME,0x5021,93,93,YES,0,PASS
MAIN_GAME,0x5022,207,196,YES,0,PASS
MAIN_GAME,0x5023,31,31,YES,0,PASS
MAIN_GAME,0x5024,315,275,YES,0,PASS
MAIN_GAME,0x5025,630,575,YES,0,PASS
MAIN_GAME,0x5026,171,160,YES,0,PASS
MAIN_GAME,0x5027,64,64,YES,0,PASS
MAIN_GAME,0x5028,417,384,YES,0,PASS
MAIN_GAME,0x5029,32,32,YES,0,PASS
MAIN_GAME,0x502A,232,221,YES,0,PASS
MAIN_GAME,0x502B,60,60,YES,0,PASS
MAIN_GAME,0x502C,192,181,YES,0,PASS
MAIN_GAME,0x502D,434,390,YES,0,PASS
MAIN_GAME,0x502E,63,63,YES,0,PASS
MAIN_GAME,0x502F,33,33,YES,0,PASS
MAIN_GAME,0x5030,34,34,YES,0,PASS
MAIN_GAME,0x5031,572,521,YES,0,PASS
MAIN_GAME,0x5032,316,294,YES,0,PASS
MAIN_GAME,0x5033,76,76,YES,0,PASS
MAIN_GAME,0x5034,215,193,YES,0,PASS
MAIN_GAME,0x5035,235,202,YES,0,PASS
MAIN_GAME,0x5036,135,124,YES,0,PASS
MAIN_GAME,0x5037,111,111,YES,0,PASS
MAIN_GAME,0x5038,109,109,YES,0,PASS
MAIN_GAME,0x5039,108,108,YES,0,PASS
MAIN_GAME,0x503A,102,102,YES,0,PASS
MAIN_GAME,0x503B,199,188,YES,0,PASS
MAIN_GAME,0x503C,68,68,YES,0,PASS
MAIN_GAME,0x503D,36,36,YES,0,PASS
MAIN_GAME,0x503E,637,582,YES,0,PASS
MAIN_GAME,0x503F,45,45,YES,0,PASS
MAIN_GAME,0x5040,53,53,YES,0,PASS
MAIN_GAME,0x5041,163,152,YES,0,PASS
MAIN_GAME,0x5042,45,45,YES,0,PASS
MAIN_GAME,0x5043,387,354,YES,0,PASS
MAIN_GAME,0x5044,46,46,YES,0,PASS
MAIN_GAME,0x5045,89,89,YES,0,PASS
MAIN_GAME,0x5046,131,131,YES,0,PASS
MAIN_GAME,0x5047,40,40,YES,0,PASS
MAIN_GAME,0x5048,329,307,YES,0,PASS
MAIN_GAME,0x5049,92,70,YES,0,PASS
MAIN_GAME,0x504A,47,47,YES,0,PASS
MAIN_GAME,0x504B,36,36,YES,0,PASS
MAIN_GAME,0x504C,38,38,YES,0,PASS
MAIN_GAME,0x504D,142,131,YES,0,PASS
MAIN_GAME,0x504E,80,80,YES,0,PASS
MAIN_GAME,0x504F,71,71,YES,0,PASS
MAIN_GAME,0x5050,74,74,YES,0,PASS
MAIN_GAME,0x5051,72,72,YES,0,PASS
MAIN_GAME,0x5052,57,57,YES,0,PASS
MAIN_GAME,0x5053,64,64,YES,0,PASS
MAIN_GAME,0x5054,102,102,YES,0,PASS
MAIN_GAME,0x5055,60,60,YES,0,PASS
MAIN_GAME,0x5056,78,64,YES,0,PASS
MAIN_GAME,0x5057,221,188,YES,0,PASS
MAIN_GAME,0x5058,60,60,YES,0,PASS
MAIN_GAME,0x5059,128,117,YES,0,PASS
MAIN_GAME,0x505A,81,70,YES,0,PASS
MAIN_GAME,0x505B,595,518,YES,0,PASS
MAIN_GAME,0x505C,134,123,YES,0,PASS
MAIN_GAME,0x505D,136,125,YES,0,PASS
MAIN_GAME,0x505E,65,65,YES,0,PASS
MAIN_GAME,0x505F,36,36,YES,0,PASS
MAIN_GAME,0x5060,90,90,YES,0,PASS
MAIN_GAME,0x5061,124,124,YES,0,PASS
MAIN_GAME,0x5062,54,54,YES,0,PASS
MAIN_GAME,0x5063,532,488,YES,0,PASS
MAIN_GAME,0x5064,42,42,YES,0,PASS
MAIN_GAME,0x5065,87,87,YES,0,PASS
MAIN_GAME,0x5066,301,279,YES,0,PASS
MAIN_GAME,0x5067,199,188,YES,0,PASS
MAIN_GAME,0x5068,86,86,YES,0,PASS
MAIN_GAME,0x5069,95,95,YES,0,PASS
MAIN_GAME,0x506A,187,176,YES,0,PASS
MAIN_GAME,0x506B,47,47,YES,0,PASS
MAIN_GAME,0x506C,140,140,YES,0,PASS
MAIN_GAME,0x506D,115,115,YES,0,PASS
MAIN_GAME,0x506E,44,44,YES,0,PASS
MAIN_GAME,0x506F,4,4,YES,0,PASS
MAIN_GAME,0x5070,53,53,YES,0,PASS
MAIN_GAME,0x5071,92,85,YES,0,PASS
MAIN_GAME,0x5072,59,59,YES,0,PASS
MAIN_GAME,0x5073,39,39,YES,0,PASS
MAIN_GAME,0x5074,93,93,YES,0,PASS
MAIN_GAME,0x5075,116,116,YES,0,PASS
MAIN_GAME,0x5076,112,112,YES,0,PASS
MAIN_GAME,0x5077,189,167,YES,0,PASS
MAIN_GAME,0x5078,61,61,YES,0,PASS
MAIN_GAME,0x5079,135,124,YES,0,PASS
MAIN_GAME,0x507A,76,76,YES,0,PASS
MAIN_GAME,0x507B,145,134,YES,0,PASS
MAIN_GAME,0x507C,99,88,YES,0,PASS
MAIN_GAME,0x507D,63,63,YES,0,PASS
MAIN_GAME,0x507E,99,99,YES,0,PASS
MAIN_GAME,0x507F,128,117,YES,0,PASS
MAIN_GAME,0x5080,79,68,YES,0,PASS
MAIN_GAME,0x5081,57,57,YES,0,PASS
MAIN_GAME,0x5082,109,109,YES,0,PASS
MAIN_GAME,0x5083,124,124,YES,0,PASS
MAIN_GAME,0x5084,45,45,YES,0,PASS
MAIN_GAME,0x5085,107,96,YES,0,PASS
MAIN_GAME,0x5086,97,97,YES,0,PASS
MAIN_GAME,0x5087,372,339,YES,0,PASS
MAIN_GAME,0x5088,266,244,YES,0,PASS
MAIN_GAME,0x5089,100,89,YES,0,PASS
MAIN_GAME,0x508A,128,117,YES,0,PASS
MAIN_GAME,0x508B,89,89,YES,0,PASS
MAIN_GAME,0x508C,120,120,YES,0,PASS
MAIN_GAME,0x508D,201,190,YES,0,PASS
MAIN_GAME,0x508E,87,87,YES,0,PASS
MAIN_GAME,0x508F,76,76,YES,0,PASS
MAIN_GAME,0x6000,28,28,YES,0,PASS
MAIN_GAME,0x6001,12,12,YES,0,PASS
MAIN_GAME,0x6002,57,57,YES,0,PASS
MAIN_GAME,0x6003,30,30,YES,0,PASS
MAIN_GAME,0x6004,731,665,YES,0,PASS
MAIN_GAME,0x6005,184,173,YES,0,PASS
MAIN_GAME,0x6006,45,45,YES,0,PASS
MAIN_GAME,0x6007,384,340,YES,0,PASS
MAIN_GAME,0x6008,20,20,YES,0,PASS
MAIN_GAME,0x6009,22,22,YES,0,PASS
MAIN_GAME,0x600A,20,20,YES,0,PASS
MAIN_GAME,0x600B,109,109,YES,0,PASS
MAIN_GAME,0x600C,465,421,YES,0,PASS
MAIN_GAME,0x600D,194,183,YES,0,PASS
MAIN_GAME,0x600E,33,33,YES,0,PASS
MAIN_GAME,0x600F,38,38,YES,0,PASS
MAIN_GAME,0x6010,47,47,YES,0,PASS
MAIN_GAME,0x6011,56,56,YES,0,PASS
MAIN_GAME,0x6012,93,82,YES,0,PASS
MAIN_GAME,0x6013,103,92,YES,0,PASS
MAIN_GAME,0x6014,159,137,YES,0,PASS
MAIN_GAME,0x6015,44,44,YES,0,PASS
MAIN_GAME,0x6016,47,47,YES,0,PASS
MAIN_GAME,0x6017,164,142,YES,0,PASS
MAIN_GAME,0x6018,361,328,YES,0,PASS
MAIN_GAME,0x6019,79,79,YES,0,PASS
MAIN_GAME,0x601A,72,72,YES,0,PASS
MAIN_GAME,0x601B,108,108,YES,0,PASS
MAIN_GAME,0x601C,4,4,YES,0,PASS
MAIN_GAME,0x601D,124,113,YES,0,PASS
MAIN_GAME,0x601E,54,54,YES,0,PASS
MAIN_GAME,0x601F,34,34,YES,0,PASS
MAIN_GAME,0x6020,259,237,YES,0,PASS
MAIN_GAME,0x6021,194,172,YES,0,PASS
MAIN_GAME,0x6022,52,41,YES,0,PASS
MAIN_GAME,0x6023,720,625,YES,0,PASS
MAIN_GAME,0x6024,785,697,YES,0,PASS
MAIN_GAME,0x6025,105,94,YES,0,PASS
MAIN_GAME,0x6026,88,77,YES,0,PASS
MAIN_GAME,0x6027,58,58,YES,0,PASS
MAIN_GAME,0x6028,26,26,YES,0,PASS
MAIN_GAME,0x6029,45,45,YES,0,PASS
MAIN_GAME,0x602A,35,35,YES,0,PASS
MAIN_GAME,0x602B,87,87,YES,0,PASS
MAIN_GAME,0x602C,68,68,YES,0,PASS
MAIN_GAME,0x602D,18,18,YES,0,PASS
MAIN_GAME,0x602E,44,44,YES,0,PASS
MAIN_GAME,0x602F,42,42,YES,0,PASS
MAIN_GAME,0x6030,25,25,YES,0,PASS
MAIN_GAME,0x6031,59,59,YES,0,PASS
MAIN_GAME,0x6032,75,75,YES,0,PASS
MAIN_GAME,0x6033,80,80,YES,0,PASS
MAIN_GAME,0x6034,61,61,YES,0,PASS
MAIN_GAME,0x6035,147,136,YES,0,PASS
MAIN_GAME,0x6036,129,129,YES,0,PASS
MAIN_GAME,0x6037,88,88,YES,0,PASS
MAIN_GAME,0x6038,30,23,YES,0,PASS
MAIN_GAME,0x6039,401,346,YES,0,PASS
MAIN_GAME,0x603A,176,136,YES,0,PASS
MAIN_GAME,0x603B,24,24,YES,0,PASS
MAIN_GAME,0x603C,46,46,YES,0,PASS
MAIN_GAME,0x603D,32,25,YES,0,PASS
MAIN_GAME,0x603E,50,50,YES,0,PASS
MAIN_GAME,0x603F,345,323,YES,0,PASS
MAIN_GAME,0x6040,389,334,YES,0,PASS
MAIN_GAME,0x6041,51,51,YES,0,PASS
MAIN_GAME,0x6042,145,134,YES,0,PASS
MAIN_GAME,0x6043,72,72,YES,0,PASS
MAIN_GAME,0x6044,192,170,YES,0,PASS
MAIN_GAME,0x6045,62,62,YES,0,PASS
MAIN_GAME,0x6046,85,74,YES,0,PASS
MAIN_GAME,0x6047,34,34,YES,0,PASS
MAIN_GAME,0x6048,101,101,YES,0,PASS
MAIN_GAME,0x6049,43,43,YES,0,PASS
MAIN_GAME,0x604A,45,45,YES,0,PASS
MAIN_GAME,0x604B,76,76,YES,0,PASS
MAIN_GAME,0x604C,49,49,YES,0,PASS
MAIN_GAME,0x604D,62,62,YES,0,PASS
MAIN_GAME,0x604E,26,26,YES,0,PASS
MAIN_GAME,0x604F,26,26,YES,0,PASS
MAIN_GAME,0x6050,49,49,YES,0,PASS
MAIN_GAME,0x6051,33,33,YES,0,PASS
MAIN_GAME,0x6052,65,65,YES,0,PASS
MAIN_GAME,0x6053,39,39,YES,0,PASS
MAIN_GAME,0x6054,34,34,YES,0,PASS
MAIN_GAME,0x6055,29,29,YES,0,PASS
MAIN_GAME,0x6056,19,19,YES,0,PASS
MAIN_GAME,0x6057,14,14,YES,0,PASS
MAIN_GAME,0x6058,27,27,YES,0,PASS
MAIN_GAME,0x6059,39,39,YES,0,PASS
MAIN_GAME,0x605A,61,61,YES,0,PASS
MAIN_GAME,0x605B,367,334,YES,0,PASS
MAIN_GAME,0x605C,311,289,YES,0,PASS
MAIN_GAME,0x605D,265,243,YES,0,PASS
MAIN_GAME,0x605E,472,439,YES,0,PASS
MAIN_GAME,0x605F,136,136,YES,0,PASS
MAIN_GAME,0x6060,81,81,YES,0,PASS
MAIN_GAME,0x6061,77,77,YES,0,PASS
MAIN_GAME,0x6062,146,146,YES,0,PASS
MAIN_GAME,0x6063,81,81,YES,0,PASS
MAIN_GAME,0x6064,116,116,YES,0,PASS
MAIN_GAME,0x6065,150,139,YES,0,PASS
MAIN_GAME,0x6066,28,28,YES,0,PASS
MAIN_GAME,0x6067,81,81,YES,0,PASS
MAIN_GAME,0x6068,63,63,YES,0,PASS
MAIN_GAME,0x6069,95,95,YES,0,PASS
MAIN_GAME,0x606A,252,230,YES,0,PASS
MAIN_GAME,0x606B,97,97,YES,0,PASS
MAIN_GAME,0x606C,228,206,YES,0,PASS
MAIN_GAME,0x606D,97,86,YES,0,PASS
MAIN_GAME,0x606E,167,156,YES,0,PASS
MAIN_GAME,0x606F,45,45,YES,0,PASS
MAIN_GAME,0x6070,90,90,YES,0,PASS
MAIN_GAME,0x6071,112,112,YES,0,PASS
MAIN_GAME,0x6072,108,108,YES,0,PASS
MAIN_GAME,0x6073,4,4,YES,0,PASS
MAIN_GAME,0x6074,189,167,YES,0,PASS
MAIN_GAME,0x6075,69,69,YES,0,PASS
MAIN_GAME,0x6076,141,130,YES,0,PASS
MAIN_GAME,0x6077,279,246,YES,0,PASS
MAIN_GAME,0x6078,179,157,YES,0,PASS
MAIN_GAME,0x6079,359,312,YES,0,PASS
MAIN_GAME,0x607A,267,245,YES,0,PASS
MAIN_GAME,0x607B,55,55,YES,0,PASS
MAIN_GAME,0x607C,42,42,YES,0,PASS
MAIN_GAME,0x607D,383,350,YES,0,PASS
MAIN_GAME,0x607E,137,126,YES,0,PASS
MAIN_GAME,0x607F,105,83,YES,0,PASS
MAIN_GAME,0x6080,70,70,YES,0,PASS
MAIN_GAME,0x6081,193,182,YES,0,PASS
MAIN_GAME,0x6082,28,28,YES,0,PASS
MAIN_GAME,0x6083,110,110,YES,0,PASS
MAIN_GAME,0x6084,106,95,YES,0,PASS
MAIN_GAME,0x6085,273,229,YES,0,PASS
MAIN_GAME,0x6086,450,417,YES,0,PASS
MAIN_GAME,0x6087,4,4,YES,0,PASS
MAIN_GAME,0x6088,4,4,YES,0,PASS
MAIN_GAME,0x6089,4,4,YES,0,PASS
MAIN_GAME,0x608A,4,4,YES,0,PASS
MAIN_GAME,0x608B,4,4,YES,0,PASS
MAIN_GAME,0x608C,4,4,YES,0,PASS
MAIN_GAME,0x608D,4,4,YES,0,PASS
MAIN_GAME,0x608E,4,4,YES,0,PASS
MAIN_GAME,0x608F,4,4,YES,0,PASS
MAIN_GAME,0x7000,29,29,YES,0,PASS
MAIN_GAME,0x7001,69,69,YES,0,PASS
MAIN_GAME,0x7002,81,81,YES,0,PASS
MAIN_GAME,0x7003,86,86,YES,0,PASS
MAIN_GAME,0x7004,342,305,YES,0,PASS
MAIN_GAME,0x7005,45,34,YES,0,PASS
MAIN_GAME,0x7006,99,99,YES,0,PASS
MAIN_GAME,0x7007,592,526,YES,0,PASS
MAIN_GAME,0x7008,22,22,YES,0,PASS
MAIN_GAME,0x7009,322,289,YES,0,PASS
MAIN_GAME,0x700A,169,169,YES,0,PASS
MAIN_GAME,0x700B,46,46,YES,0,PASS
MAIN_GAME,0x700C,95,91,YES,0,PASS
MAIN_GAME,0x700D,120,120,YES,0,PASS
MAIN_GAME,0x700E,140,129,YES,0,PASS
MAIN_GAME,0x700F,89,89,YES,0,PASS
MAIN_GAME,0x7010,98,98,YES,0,PASS
MAIN_GAME,0x7011,68,68,YES,0,PASS
MAIN_GAME,0x7012,128,128,YES,0,PASS
MAIN_GAME,0x7013,175,164,YES,0,PASS
MAIN_GAME,0x7014,67,67,YES,0,PASS
MAIN_GAME,0x7015,123,123,YES,0,PASS
MAIN_GAME,0x7016,146,135,YES,0,PASS
MAIN_GAME,0x7017,147,147,YES,0,PASS
MAIN_GAME,0x7018,154,121,YES,0,PASS
MAIN_GAME,0x7019,109,109,YES,0,PASS
MAIN_GAME,0x701A,93,82,YES,0,PASS
MAIN_GAME,0x701B,191,147,YES,0,PASS
MAIN_GAME,0x701C,70,70,YES,0,PASS
MAIN_GAME,0x701D,75,75,YES,0,PASS
MAIN_GAME,0x701E,102,91,YES,0,PASS
MAIN_GAME,0x701F,156,145,YES,0,PASS
MAIN_GAME,0x7020,86,86,YES,0,PASS
MAIN_GAME,0x7021,83,72,YES,0,PASS
MAIN_GAME,0x7022,93,93,YES,0,PASS
MAIN_GAME,0x7023,93,93,YES,0,PASS
MAIN_GAME,0x7024,171,160,YES,0,PASS
MAIN_GAME,0x7025,105,72,YES,0,PASS
MAIN_GAME,0x7026,113,69,YES,0,PASS
MAIN_GAME,0x7027,323,279,YES,0,PASS
MAIN_GAME,0x7028,60,60,YES,0,PASS
MAIN_GAME,0x7029,263,241,YES,0,PASS
MAIN_GAME,0x702A,141,108,YES,0,PASS
MAIN_GAME,0x702B,70,59,YES,0,PASS
MAIN_GAME,0x702C,354,299,YES,0,PASS
MAIN_GAME,0x702D,32,32,YES,0,PASS
MAIN_GAME,0x702E,9,9,YES,0,PASS
MAIN_GAME,0x702F,57,46,YES,0,PASS
MAIN_GAME,0x7030,28,28,YES,0,PASS
MAIN_GAME,0x7031,117,106,YES,0,PASS
MAIN_GAME,0x7032,18,18,YES,0,PASS
MAIN_GAME,0x7033,68,68,YES,0,PASS
MAIN_GAME,0x7034,27,27,YES,0,PASS
MAIN_GAME,0x7035,20,20,YES,0,PASS
MAIN_GAME,0x7036,499,499,YES,0,PASS
MAIN_GAME,0x7037,404,371,YES,0,PASS
MAIN_GAME,0x7038,53,53,YES,0,PASS
MAIN_GAME,0x7039,112,90,YES,0,PASS
MAIN_GAME,0x703A,45,45,YES,0,PASS
MAIN_GAME,0x703B,9,9,YES,0,PASS
MAIN_GAME,0x703C,78,78,YES,0,PASS
MAIN_GAME,0x703D,221,199,YES,0,PASS
MAIN_GAME,0x703E,79,79,YES,0,PASS
MAIN_GAME,0x703F,34,34,YES,0,PASS
MAIN_GAME,0x7040,198,176,YES,0,PASS
MAIN_GAME,0x7041,37,37,YES,0,PASS
MAIN_GAME,0x7042,47,47,YES,0,PASS
MAIN_GAME,0x7043,22,22,YES,0,PASS
MAIN_GAME,0x7044,74,74,YES,0,PASS
MAIN_GAME,0x7045,55,55,YES,0,PASS
MAIN_GAME,0x7046,33,33,YES,0,PASS
MAIN_GAME,0x7047,110,110,YES,0,PASS
MAIN_GAME,0x7048,11,11,YES,0,PASS
MAIN_GAME,0x7049,63,63,YES,0,PASS
MAIN_GAME,0x704A,95,95,YES,0,PASS
MAIN_GAME,0x704B,58,58,YES,0,PASS
MAIN_GAME,0x704C,59,59,YES,0,PASS
MAIN_GAME,0x704D,93,93,YES,0,PASS
MAIN_GAME,0x704E,61,36,YES,0,PASS
MAIN_GAME,0x704F,581,519,YES,0,PASS
MAIN_GAME,0x7050,47,40,YES,0,PASS
MAIN_GAME,0x7051,524,469,YES,0,PASS
MAIN_GAME,0x7052,73,73,YES,0,PASS
MAIN_GAME,0x7053,1142,988,YES,0,PASS
MAIN_GAME,0x7054,221,192,YES,0,PASS
MAIN_GAME,0x7055,83,72,YES,0,PASS
MAIN_GAME,0x7056,43,43,YES,0,PASS
MAIN_GAME,0x7057,569,492,YES,0,PASS
MAIN_GAME,0x7058,56,56,YES,0,PASS
MAIN_GAME,0x7059,64,64,YES,0,PASS
MAIN_GAME,0x705A,33,26,YES,0,PASS
MAIN_GAME,0x705B,203,174,YES,0,PASS
MAIN_GAME,0x705C,1008,1008,YES,0,PASS
MAIN_GAME,0x705D,213,202,YES,0,PASS
MAIN_GAME,0x705E,57,50,YES,0,PASS
MAIN_GAME,0x705F,133,122,YES,0,PASS
MAIN_GAME,0x7060,37,37,YES,0,PASS
MAIN_GAME,0x7061,107,107,YES,0,PASS
MAIN_GAME,0x7062,60,60,YES,0,PASS
MAIN_GAME,0x7063,156,145,YES,0,PASS
MAIN_GAME,0x7064,33,33,YES,0,PASS
MAIN_GAME,0x7065,117,106,YES,0,PASS
MAIN_GAME,0x7066,48,48,YES,0,PASS
MAIN_GAME,0x7067,351,311,YES,0,PASS
MAIN_GAME,0x7068,4,4,YES,0,PASS
MAIN_GAME,0x7069,4,4,YES,0,PASS
MAIN_GAME,0x706A,4,4,YES,0,PASS
MAIN_GAME,0x706B,4,4,YES,0,PASS
MAIN_GAME,0x706C,137,137,YES,0,PASS
MAIN_GAME,0x706D,69,62,YES,0,PASS
MAIN_GAME,0x706E,112,112,YES,0,PASS
MAIN_GAME,0x706F,173,144,YES,0,PASS
MAIN_GAME,0x7070,31,24,YES,0,PASS
MAIN_GAME,0x7071,101,101,YES,0,PASS
MAIN_GAME,0x7072,34,34,YES,0,PASS
MAIN_GAME,0x7073,54,54,YES,0,PASS
MAIN_GAME,0x7074,347,292,YES,0,PASS
MAIN_GAME,0x7075,162,133,YES,0,PASS
MAIN_GAME,0x7076,107,107,YES,0,PASS
MAIN_GAME,0x7077,42,42,YES,0,PASS
MAIN_GAME,0x7078,109,109,YES,0,PASS
MAIN_GAME,0x7079,109,109,YES,0,PASS
MAIN_GAME,0x707A,466,415,YES,0,PASS
MAIN_GAME,0x707B,93,93,YES,0,PASS
MAIN_GAME,0x707C,185,174,YES,0,PASS
MAIN_GAME,0x707D,100,100,YES,0,PASS
MAIN_GAME,0x707E,139,139,YES,0,PASS
MAIN_GAME,0x707F,146,146,YES,0,PASS
MAIN_GAME,0x7080,64,64,YES,0,PASS
MAIN_GAME,0x7081,95,95,YES,0,PASS
MAIN_GAME,0x7082,392,370,YES,0,PASS
MAIN_GAME,0x7083,92,92,YES,0,PASS
MAIN_GAME,0x7084,514,452,YES,0,PASS
MAIN_GAME,0x7085,92,92,YES,0,PASS
MAIN_GAME,0x7086,67,67,YES,0,PASS
MAIN_GAME,0x7087,273,251,YES,0,PASS
MAIN_GAME,0x7088,98,98,YES,0,PASS
MAIN_GAME,0x7089,86,86,YES,0,PASS
MAIN_GAME,0x708A,123,112,YES,0,PASS
MAIN_GAME,0x708B,167,156,YES,0,PASS
MAIN_GAME,0x708C,202,191,YES,0,PASS
MAIN_GAME,0x708D,123,123,YES,0,PASS
MAIN_GAME,0x708E,89,89,YES,0,PASS
MAIN_GAME,0x708F,30,30,YES,0,PASS
MAIN_GAME,0x7090,453,398,YES,0,PASS
MAIN_GAME,0x7091,352,308,YES,0,PASS
MAIN_GAME,0x7092,74,74,YES,0,PASS
MAIN_GAME,0x7093,101,83,YES,0,PASS
MAIN_GAME,0x7094,84,73,YES,0,PASS
MAIN_GAME,0x7095,162,144,YES,0,PASS
MAIN_GAME,0x7096,8,8,YES,0,PASS
MAIN_GAME,0x7097,42,42,YES,0,PASS
MAIN_GAME,0x7098,36,36,YES,0,PASS
MAIN_GAME,0x7099,29,29,YES,0,PASS
MAIN_GAME,0x709A,314,281,YES,0,PASS
MAIN_GAME,0x709B,100,100,YES,0,PASS
MAIN_GAME,0x709C,88,88,YES,0,PASS
MAIN_GAME,0x709D,86,86,YES,0,PASS
MAIN_GAME,0x709E,95,95,YES,0,PASS
MAIN_GAME,0x709F,102,91,YES,0,PASS
MAIN_GAME,0x70A0,133,133,YES,0,PASS
MAIN_GAME,0x70A1,431,387,YES,0,PASS
MAIN_GAME,0x70A2,119,113,YES,0,PASS
MAIN_GAME,0x70A3,392,342,YES,0,PASS
MAIN_GAME,0x70A4,89,89,YES,0,PASS
MAIN_GAME,0x70A5,89,89,YES,0,PASS
MAIN_GAME,0x70A6,93,93,YES,0,PASS
MAIN_GAME,0x70A7,15,15,YES,0,PASS
MAIN_GAME,0x70A8,119,97,YES,0,PASS
MAIN_GAME,0x70A9,117,95,YES,0,PASS
MAIN_GAME,0x70AA,410,355,YES,0,PASS
MAIN_GAME,0x70AB,81,81,YES,0,PASS
MAIN_GAME,0x70AC,42,42,YES,0,PASS
MAIN_GAME,0x70AD,132,126,YES,0,PASS
MAIN_GAME,0x70AE,292,248,YES,0,PASS
MAIN_GAME,0x70AF,81,81,YES,0,PASS
MAIN_GAME,0x70B0,72,72,YES,0,PASS
MAIN_GAME,0x70B1,67,67,YES,0,PASS
MAIN_GAME,0x70B2,98,98,YES,0,PASS
MAIN_GAME,0x70B3,73,73,YES,0,PASS
MAIN_GAME,0x70B4,75,75,YES,0,PASS
MAIN_GAME,0x70B5,70,70,YES,0,PASS
MAIN_GAME,0x70B6,101,101,YES,0,PASS
MAIN_GAME,0x70B7,76,76,YES,0,PASS
MAIN_GAME,0x70B8,85,85,YES,0,PASS
MAIN_GAME,0x70B9,92,92,YES,0,PASS
MAIN_GAME,0x70BA,97,97,YES,0,PASS
MAIN_GAME,0x70BB,109,109,YES,0,PASS
MAIN_GAME,0x70BC,61,61,YES,0,PASS
MAIN_GAME,0x70BD,61,61,YES,0,PASS
MAIN_GAME,0x70BE,61,61,YES,0,PASS
MAIN_GAME,0x70BF,61,61,YES,0,PASS
MAIN_GAME,0x70C0,60,60,YES,0,PASS
MAIN_GAME,0x70C1,59,59,YES,0,PASS
MAIN_GAME,0x70C2,61,61,YES,0,PASS
MAIN_GAME,0x70C3,64,64,YES,0,PASS
MAIN_GAME,0x70C4,89,89,YES,0,PASS
MAIN_GAME,0x70C5,89,89,YES,0,PASS
MAIN_GAME,0x70C6,89,89,YES,0,PASS
MAIN_GAME,0x70C7,137,126,YES,0,PASS
MAIN_GAME,0x70C8,83,83,YES,0,PASS
MAIN_GAME,0x70C9,152,141,YES,0,PASS
MAIN_GAME,0x70CA,74,74,YES,0,PASS
MAIN_GAME,0x70CB,38,38,YES,0,PASS
MAIN_GAME,0x70CC,32,32,YES,0,PASS
MAIN_GAME,0x70CD,119,94,YES,0,PASS
MAIN_GAME,0x70CE,61,61,YES,0,PASS
MAIN_GAME,0x70CF,14,7,YES,0,PASS
MAIN_GAME,0x70D0,124,113,YES,0,PASS
MAIN_GAME,0x70D1,189,171,YES,0,PASS
MAIN_GAME,0x70D2,20,20,YES,0,PASS
MAIN_GAME,0x70D3,32,32,YES,0,PASS
MAIN_GAME,0x70D4,67,60,YES,0,PASS
MAIN_GAME,0x70D5,19,19,YES,0,PASS
MAIN_GAME,0x70D6,77,77,YES,0,PASS
MAIN_GAME,0x70D7,51,44,YES,0,PASS
MAIN_GAME,0x70D8,91,91,YES,0,PASS
MAIN_GAME,0x70D9,24,24,YES,0,PASS
MAIN_GAME,0x70DA,5,5,YES,0,PASS
MAIN_GAME,0x70DB,42,42,YES,0,PASS
MAIN_GAME,0x70DC,22,15,YES,0,PASS
MAIN_GAME,0x70DD,85,85,YES,0,PASS
MAIN_GAME,0x70DE,51,51,YES,0,PASS
MAIN_GAME,0x70DF,17,17,YES,0,PASS
MAIN_GAME,0x70E0,62,55,YES,0,PASS
MAIN_GAME,0x70E1,60,60,YES,0,PASS
MAIN_GAME,0x70E2,50,50,YES,0,PASS
MAIN_GAME,0x70E3,76,76,YES,0,PASS
MAIN_GAME,0x70E4,61,61,YES,0,PASS
MAIN_GAME,0x70E5,54,54,YES,0,PASS
MAIN_GAME,0x70E6,25,18,YES,0,PASS
MAIN_GAME,0x70E7,25,25,YES,0,PASS
MAIN_GAME,0x70E8,21,21,YES,0,PASS
MAIN_GAME,0x70E9,45,45,YES,0,PASS
MAIN_GAME,0x70EA,61,61,YES,0,PASS
MAIN_GAME,0x70EB,25,25,YES,0,PASS
MAIN_GAME,0x70EC,55,55,YES,0,PASS
MAIN_GAME,0x70ED,69,65,YES,0,PASS
MAIN_GAME,0x70EE,91,91,YES,0,PASS
MAIN_GAME,0x70EF,64,64,YES,0,PASS
MAIN_GAME,0x70F0,85,85,YES,0,PASS
MAIN_GAME,0x70F1,74,74,YES,0,PASS
MAIN_GAME,0x70F2,86,86,YES,0,PASS
MAIN_GAME,0x70F3,84,84,YES,0,PASS
MAIN_GAME,0x70F4,755,660,YES,0,PASS
MAIN_GAME,0x70F5,132,121,YES,0,PASS
MAIN_GAME,0x70F6,159,115,YES,0,PASS
MAIN_GAME,0x70F7,261,206,YES,0,PASS
MAIN_GAME,0x70F8,470,404,YES,0,PASS
MAIN_GAME,0x70F9,41,30,YES,0,PASS
MAIN_GAME,0x70FA,63,52,YES,0,PASS
MAIN_GAME,0x70FB,108,108,YES,0,PASS
MAIN_GAME,0x70FC,300,278,YES,0,PASS
MAIN_GAME,0x70FD,116,105,YES,0,PASS
MAIN_GAME,0x70FE,103,92,YES,0,PASS
MAIN_GAME,0x70FF,30,30,YES,0,PASS
MAIN_GAME,0x7100,29,29,YES,0,PASS
MAIN_GAME,0x7101,57,57,YES,0,PASS
MAIN_GAME,0x7102,18,18,YES,0,PASS
MAIN_GAME,0x7103,17,17,YES,0,PASS
MAIN_GAME,0x7104,19,19,YES,0,PASS
MAIN_GAME,0x7105,15,15,YES,0,PASS
MAIN_GAME,0x7106,18,18,YES,0,PASS
MAIN_GAME,0x7107,25,25,YES,0,PASS
MAIN_GAME,0x7108,71,71,YES,0,PASS
MAIN_GAME,0x7109,45,45,YES,0,PASS
MAIN_GAME,0x710A,65,65,YES,0,PASS
MAIN_GAME,0x710B,41,41,YES,0,PASS
MAIN_GAME,0x710C,65,65,YES,0,PASS
MAIN_GAME,0x710D,30,30,YES,0,PASS
MAIN_GAME,0x710E,32,32,YES,0,PASS
MAIN_GAME,0x710F,64,64,YES,0,PASS
MAIN_GAME,0x7110,92,92,YES,0,PASS
MAIN_GAME,0x7111,62,62,YES,0,PASS
MAIN_GAME,0x7112,65,65,YES,0,PASS
MAIN_GAME,0x7113,109,109,YES,0,PASS
MAIN_GAME,0x7114,35,35,YES,0,PASS
MAIN_GAME,0x7115,42,42,YES,0,PASS
MAIN_GAME,0x7116,97,86,YES,0,PASS
MAIN_GAME,0x7117,31,31,YES,0,PASS
MAIN_GAME,0x7118,35,35,YES,0,PASS
MAIN_GAME,0x7119,96,96,YES,0,PASS
MAIN_GAME,0x711A,40,40,YES,0,PASS
MAIN_GAME,0x711B,37,37,YES,0,PASS
MAIN_GAME,0x711C,61,61,YES,0,PASS
MAIN_GAME,0x711D,49,49,YES,0,PASS
MAIN_GAME,0x711E,108,108,YES,0,PASS
MAIN_GAME,0x711F,45,45,YES,0,PASS
MAIN_GAME,0x7120,88,88,YES,0,PASS
MAIN_GAME,0x7121,116,116,YES,0,PASS
MAIN_GAME,0x7122,58,58,YES,0,PASS
MAIN_GAME,0x7123,160,138,YES,0,PASS
MAIN_GAME,0x7124,47,47,YES,0,PASS
MAIN_GAME,0x7125,44,44,YES,0,PASS
MAIN_GAME,0x7126,48,48,YES,0,PASS
MAIN_GAME,0x7127,53,53,YES,0,PASS
MAIN_GAME,0x7128,72,72,YES,0,PASS
MAIN_GAME,0x7129,96,85,YES,0,PASS
MAIN_GAME,0x712A,61,61,YES,0,PASS
MAIN_GAME,0x712B,69,69,YES,0,PASS
MAIN_GAME,0x712C,69,69,YES,0,PASS
MAIN_GAME,0x712D,59,59,YES,0,PASS
MAIN_GAME,0x712E,44,44,YES,0,PASS
MAIN_GAME,0x712F,50,50,YES,0,PASS
MAIN_GAME,0x7130,59,59,YES,0,PASS
MAIN_GAME,0x7131,62,62,YES,0,PASS
MAIN_GAME,0x7132,30,30,YES,0,PASS
MAIN_GAME,0x7133,63,63,YES,0,PASS
MAIN_GAME,0x7134,43,43,YES,0,PASS
MAIN_GAME,0x7135,67,67,YES,0,PASS
MAIN_GAME,0x7136,90,90,YES,0,PASS
MAIN_GAME,0x7137,76,76,YES,0,PASS
MAIN_GAME,0x7138,45,45,YES,0,PASS
MAIN_GAME,0x7139,32,32,YES,0,PASS
MAIN_GAME,0x713A,20,20,YES,0,PASS
MAIN_GAME,0x713B,30,30,YES,0,PASS
MAIN_GAME,0x713C,27,27,YES,0,PASS
MAIN_GAME,0x713D,40,40,YES,0,PASS
MAIN_GAME,0x713E,26,26,YES,0,PASS
MAIN_GAME,0x713F,51,51,YES,0,PASS
MAIN_GAME,0x7140,63,63,YES,0,PASS
MAIN_GAME,0x7141,54,54,YES,0,PASS
MAIN_GAME,0x7142,66,66,YES,0,PASS
MAIN_GAME,0x7143,51,51,YES,0,PASS
MAIN_GAME,0x7144,46,46,YES,0,PASS
MAIN_GAME,0x7145,62,62,YES,0,PASS
MAIN_GAME,0x7146,111,111,YES,0,PASS
MAIN_GAME,0x7147,55,55,YES,0,PASS
MAIN_GAME,0x7148,30,30,YES,0,PASS
MAIN_GAME,0x7149,79,79,YES,0,PASS
MAIN_GAME,0x714A,51,51,YES,0,PASS
MAIN_GAME,0x714B,39,39,YES,0,PASS
MAIN_GAME,0x714C,53,53,YES,0,PASS
MAIN_GAME,0x714D,70,70,YES,0,PASS
MAIN_GAME,0x714E,92,92,YES,0,PASS
MAIN_GAME,0x714F,78,78,YES,0,PASS
MAIN_GAME,0x7150,128,117,YES,0,PASS
MAIN_GAME,0x7151,85,85,YES,0,PASS
MAIN_GAME,0x7152,73,73,YES,0,PASS
MAIN_GAME,0x7153,65,65,YES,0,PASS
MAIN_GAME,0x7154,82,82,YES,0,PASS
MAIN_GAME,0x7155,77,77,YES,0,PASS
MAIN_GAME,0x7156,43,43,YES,0,PASS
MAIN_GAME,0x7157,40,40,YES,0,PASS
MAIN_GAME,0x7158,58,58,YES,0,PASS
MAIN_GAME,0x7159,67,67,YES,0,PASS
MAIN_GAME,0x715A,30,30,YES,0,PASS
MAIN_GAME,0x715B,62,62,YES,0,PASS
MAIN_GAME,0x715C,91,91,YES,0,PASS
MAIN_GAME,0x715D,80,80,YES,0,PASS
MAIN_GAME,0x715E,92,92,YES,0,PASS
MAIN_GAME,0x715F,36,36,YES,0,PASS
MAIN_GAME,0x7160,49,49,YES,0,PASS
MAIN_GAME,0x7161,52,52,YES,0,PASS
MAIN_GAME,0x7162,51,51,YES,0,PASS
MAIN_GAME,0x7163,52,52,YES,0,PASS
MAIN_GAME,0x7164,77,77,YES,0,PASS
MAIN_GAME,0x7165,73,73,YES,0,PASS
MAIN_GAME,0x7166,53,53,YES,0,PASS
MAIN_GAME,0x7167,94,94,YES,0,PASS
MAIN_GAME,0x7168,74,74,YES,0,PASS
MAIN_GAME,0x7169,118,107,YES,0,PASS
MAIN_GAME,0x716A,30,30,YES,0,PASS
MAIN_GAME,0x716B,78,78,YES,0,PASS
MAIN_GAME,0x716C,60,60,YES,0,PASS
MAIN_GAME,0x716D,73,73,YES,0,PASS
MAIN_GAME,0x716E,57,57,YES,0,PASS
MAIN_GAME,0x716F,65,65,YES,0,PASS
MAIN_GAME,0x7170,53,53,YES,0,PASS
MAIN_GAME,0x7171,52,52,YES,0,PASS
MAIN_GAME,0x7172,106,106,YES,0,PASS
MAIN_GAME,0x7173,68,68,YES,0,PASS
MAIN_GAME,0x7174,89,89,YES,0,PASS
MAIN_GAME,0x7175,70,70,YES,0,PASS
MAIN_GAME,0x7176,102,102,YES,0,PASS
MAIN_GAME,0x7177,39,39,YES,0,PASS
MAIN_GAME,0x7178,71,71,YES,0,PASS
MAIN_GAME,0x7179,58,58,YES,0,PASS
MAIN_GAME,0x717A,89,89,YES,0,PASS
MAIN_GAME,0x717B,64,64,YES,0,PASS
MAIN_GAME,0x717C,39,39,YES,0,PASS
MAIN_GAME,0x717D,103,103,YES,0,PASS
MAIN_GAME,0x717E,59,59,YES,0,PASS
MAIN_GAME,0x717F,57,57,YES,0,PASS
MAIN_GAME,0x7180,104,104,YES,0,PASS
MAIN_GAME,0x7181,111,111,YES,0,PASS
MAIN_GAME,0x7182,116,116,YES,0,PASS
MAIN_GAME,0x7183,122,122,YES,0,PASS
MAIN_GAME,0x7184,62,62,YES,0,PASS
MAIN_GAME,0x7185,39,39,YES,0,PASS
MAIN_GAME,0x7186,35,35,YES,0,PASS
MAIN_GAME,0x7187,50,50,YES,0,PASS
MAIN_GAME,0x7188,13,13,YES,0,PASS
MAIN_GAME,0x7189,34,34,YES,0,PASS
MAIN_GAME,0x718A,58,58,YES,0,PASS
MAIN_GAME,0x718B,50,50,YES,0,PASS
MAIN_GAME,0x718C,68,68,YES,0,PASS
MAIN_GAME,0x718D,32,32,YES,0,PASS
MAIN_GAME,0x718E,77,77,YES,0,PASS
MAIN_GAME,0x718F,56,56,YES,0,PASS
MAIN_GAME,0x7190,24,24,YES,0,PASS
MAIN_GAME,0x7191,26,26,YES,0,PASS
MAIN_GAME,0x7192,39,39,YES,0,PASS
MAIN_GAME,0x7193,86,86,YES,0,PASS
MAIN_GAME,0x7194,49,49,YES,0,PASS
MAIN_GAME,0x7195,41,41,YES,0,PASS
MAIN_GAME,0x7196,25,25,YES,0,PASS
MAIN_GAME,0x7197,124,124,YES,0,PASS
MAIN_GAME,0x7198,15,15,YES,0,PASS
MAIN_GAME,0x7199,64,64,YES,0,PASS
MAIN_GAME,0x719A,19,19,YES,0,PASS
MAIN_GAME,0x719B,22,22,YES,0,PASS
MAIN_GAME,0x719C,27,27,YES,0,PASS
MAIN_GAME,0x719D,58,58,YES,0,PASS
MAIN_GAME,0x719E,65,65,YES,0,PASS
MAIN_GAME,0x719F,103,103,YES,0,PASS
MAIN_GAME,0x71A0,45,45,YES,0,PASS
MAIN_GAME,0x71A1,54,54,YES,0,PASS
MAIN_GAME,0x71A2,34,34,YES,0,PASS
MAIN_GAME,0x71A3,92,92,YES,0,PASS
MAIN_GAME,0x71A4,94,94,YES,0,PASS
MAIN_GAME,0x71A5,81,81,YES,0,PASS
MAIN_GAME,0x71A6,47,47,YES,0,PASS
MAIN_GAME,0x71A7,88,88,YES,0,PASS
MAIN_GAME,0x71A8,68,61,YES,0,PASS
MAIN_GAME,0x71A9,36,36,YES,0,PASS
MAIN_GAME,0x71AA,20,13,YES,0,PASS
MAIN_GAME,0x71AB,38,31,YES,0,PASS
MAIN_GAME,0x71AC,35,28,YES,0,PASS
MAIN_GAME,0x71AD,46,35,YES,0,PASS
MAIN_GAME,0x71AE,125,114,YES,0,PASS
MAIN_GAME,0x71AF,92,81,YES,0,PASS
MAIN_GAME,0x71B0,94,94,YES,0,PASS
MAIN_GAME,0x71B1,37,37,YES,0,PASS
MAIN_GAME,0x71B2,112,112,YES,0,PASS
MAIN_GAME,0xFFFD,0,0,YES,0,PASS
MAIN_GAME,0xFFFF,128,128,YES,0,PASS
RANDOMIZER,Hint::RHT_DEKU_TREE_MAP_CHEST::0,59,59,YES,0,PASS
RANDOMIZER,Hint::RHT_DEKU_TREE_SLINGSHOT_CHEST::1,72,72,YES,0,PASS
RANDOMIZER,Hint::RHT_DEKU_TREE_SLINGSHOT_ROOM_SIDE_CHEST::2,72,72,YES,0,PASS
RANDOMIZER,Hint::RHT_DEKU_TREE_COMPASS_CHEST::3,68,68,YES,0,PASS
RANDOMIZER,Hint::RHT_DEKU_TREE_COMPASS_ROOM_SIDE_CHEST::4,68,68,YES,0,PASS
RANDOMIZER,Hint::RHT_DEKU_TREE_BASEMENT_CHEST::5,58,58,YES,0,PASS
RANDOMIZER,Hint::RHT_DEKU_TREE_MQ_MAP_CHEST::6,59,59,YES,0,PASS
RANDOMIZER,Hint::RHT_DEKU_TREE_MQ_COMPASS_CHEST::7,81,81,YES,0,PASS
RANDOMIZER,Hint::RHT_DEKU_TREE_MQ_SLINGSHOT_CHEST::8,68,68,YES,0,PASS
RANDOMIZER,Hint::RHT_DEKU_TREE_MQ_SLINGSHOT_ROOM_BACK_CHEST::9,68,68,YES,0,PASS
RANDOMIZER,Hint::RHT_DEKU_TREE_MQ_BASEMENT_CHEST::10,58,58,YES,0,PASS
RANDOMIZER,Hint::RHT_DEKU_TREE_MQ_BEFORE_SPINNING_LOG_CHEST::11,61,61,YES,0,PASS
RANDOMIZER,Hint::RHT_DEKU_TREE_QUEEN_GOHMA_HEART::12,39,39,YES,0,PASS
RANDOMIZER,Hint::RHT_DEKU_TREE_QUEEN_GOHMA_HEART::13,54,54,YES,0,PASS
RANDOMIZER,Hint::RHT_DEKU_TREE_GS_BASEMENT_BACK_ROOM::14,72,72,YES,0,PASS
RANDOMIZER,Hint::RHT_DEKU_TREE_GS_BASEMENT_GATE::15,83,83,YES,0,PASS
RANDOMIZER,Hint::RHT_DEKU_TREE_GS_BASEMENT_VINES::16,83,83,YES,0,PASS
RANDOMIZER,Hint::RHT_DEKU_TREE_GS_COMPASS_ROOM::17,54,54,YES,0,PASS
RANDOMIZER,Hint::RHT_DEKU_TREE_MQ_GS_LOBBY::18,70,70,YES,0,PASS
RANDOMIZER,Hint::RHT_DEKU_TREE_MQ_GS_PAST_BOULDER_VINES::19,88,88,YES,0,PASS
RANDOMIZER,Hint::RHT_DEKU_TREE_MQ_GS_BASEMENT_BACK_ROOM::20,72,72,YES,0,PASS
RANDOMIZER,Hint::RHT_DEKU_TREE_MQ_DEKU_SCRUB::21,50,50,YES,0,PASS
RANDOMIZER,Hint::RHT_DEKU_TREE_HEART::22,54,54,YES,0,PASS
RANDOMIZER,Hint::RHT_DEKU_TREE_GRASS::23,58,58,YES,0,PASS
RANDOMIZER,Hint::RHT_CRATE_DEKU_TREE::24,53,53,YES,0,PASS
RANDOMIZER,Hint::RHT_DODONGOS_CAVERN_BOSS_ROOM_CHEST::25,54,54,YES,0,PASS
RANDOMIZER,Hint::RHT_DODONGOS_CAVERN_MAP_CHEST::26,69,69,YES,0,PASS
RANDOMIZER,Hint::RHT_DODONGOS_CAVERN_COMPASS_CHEST::27,62,62,YES,0,PASS
RANDOMIZER,Hint::RHT_DODONGOS_CAVERN_BOMB_FLOWER_PLATFORM_CHEST::28,87,87,YES,0,PASS
RANDOMIZER,Hint::RHT_DODONGOS_CAVERN_BOMB_BAG_CHEST::29,60,60,YES,0,PASS
RANDOMIZER,Hint::RHT_DODONGOS_CAVERN_END_OF_BRIDGE_CHEST::30,56,56,YES,0,PASS
RANDOMIZER,Hint::RHT_DODONGOS_CAVERN_MQ_MAP_CHEST::31,69,69,YES,0,PASS
RANDOMIZER,Hint::RHT_DODONGOS_CAVERN_MQ_BOMB_BAG_CHEST::32,70,70,YES,0,PASS
RANDOMIZER,Hint::RHT_DODONGOS_CAVERN_MQ_COMPASS_CHEST::33,82,82,YES,0,PASS
RANDOMIZER,Hint::RHT_DODONGOS_CAVERN_MQ_LARVAE_ROOM_CHEST::34,67,67,YES,0,PASS
RANDOMIZER,Hint::RHT_DODONGOS_CAVERN_MQ_TORCH_PUZZLE_ROOM_CHEST::35,87,87,YES,0,PASS
RANDOMIZER,Hint::RHT_DODONGOS_CAVERN_MQ_UNDER_GRAVE_CHEST::36,75,75,YES,0,PASS
RANDOMIZER,Hint::RHT_DODONGOS_CAVERN_KING_DODONGO_HEART::37,39,39,YES,0,PASS
RANDOMIZER,Hint::RHT_DODONGOS_CAVERN_KING_DODONGO_HEART::38,47,47,YES,0,PASS
RANDOMIZER,Hint::RHT_DODONGOS_CAVERN_GS_VINES_ABOVE_STAIRS::39,84,84,YES,0,PASS
RANDOMIZER,Hint::RHT_DODONGOS_CAVERN_GS_SCARECROW::40,63,63,YES,0,PASS
RANDOMIZER,Hint::RHT_DODONGOS_CAVERN_GS_ALCOVE_ABOVE_STAIRS::41,80,80,YES,0,PASS
RANDOMIZER,Hint::RHT_DODONGOS_CAVERN_GS_BACK_ROOM::42,79,79,YES,0,PASS
RANDOMIZER,Hint::RHT_DODONGOS_CAVERN_GS_SIDE_ROOM_NEAR_LOWER_LIZALFOS::43,75,75,YES,0,PASS
RANDOMIZER,Hint::RHT_DODONGOS_CAVERN_MQ_GS_SCRUB_ROOM::44,74,74,YES,0,PASS
RANDOMIZER,Hint::RHT_DODONGOS_CAVERN_MQ_GS_LIZALFOS_ROOM::45,84,84,YES,0,PASS
RANDOMIZER,Hint::RHT_DODONGOS_CAVERN_MQ_GS_LARVAE_ROOM::46,69,69,YES,0,PASS
RANDOMIZER,Hint::RHT_DODONGOS_CAVERN_MQ_GS_BACK_AREA::47,70,70,YES,0,PASS
RANDOMIZER,Hint::RHT_DODONGOS_CAVERN_DEKU_SCRUB_NEAR_BOMB_BAG_LEFT::48,64,64,YES,0,PASS
RANDOMIZER,Hint::RHT_DODONGOS_CAVERN_DEKU_SCRUB_SIDE_ROOM_NEAR_DODONGOS::49,57,57,YES,0,PASS
RANDOMIZER,Hint::RHT_DODONGOS_CAVERN_DEKU_SCRUB_NEAR_BOMB_BAG_RIGHT::50,64,64,YES,0,PASS
RANDOMIZER,Hint::RHT_DODONGOS_CAVERN_DEKU_SCRUB_LOBBY::51,56,56,YES,0,PASS
RANDOMIZER,Hint::RHT_DODONGOS_CAVERN_MQ_DEKU_SCRUB_LOBBY_REAR::52,64,64,YES,0,PASS
RANDOMIZER,Hint::RHT_DODONGOS_CAVERN_MQ_DEKU_SCRUB_LOBBY_FRONT::53,64,64,YES,0,PASS
RANDOMIZER,Hint::RHT_DODONGOS_CAVERN_MQ_DEKU_SCRUB_STAIRCASE::54,56,56,YES,0,PASS
RANDOMIZER,Hint::RHT_DODONGOS_CAVERN_MQ_DEKU_SCRUB_SIDE_ROOM_NEAR_LOWER_LIZALFOS::55,57,57,YES,0,PASS
RANDOMIZER,Hint::RHT_POT_DODONGOS_CAVERN::56,59,59,YES,0,PASS
RANDOMIZER,Hint::RHT_DODONGOS_CAVERN_HEART::57,60,60,YES,0,PASS
RANDOMIZER,Hint::RHT_DODONGOS_CAVERN_GOSSIP_STONE_FAIRY::58,90,90,YES,0,PASS
RANDOMIZER,Hint::RHT_DODONGOS_CAVERN_GOSSIP_STONE_FAIRY_BIG::59,101,101,YES,0,PASS
RANDOMIZER,Hint::RHT_DODONGOS_CAVERN_GRASS::60,64,64,YES,0,PASS
RANDOMIZER,Hint::RHT_CRATE_DODONGOS_CAVERN::61,59,59,YES,0,PASS
RANDOMIZER,Hint::RHT_JABU_JABUS_BELLY_MAP_CHEST::62,46,46,YES,0,PASS
RANDOMIZER,Hint::RHT_JABU_JABUS_BELLY_MAP_CHEST::63,85,85,YES,0,PASS
RANDOMIZER,Hint::RHT_JABU_JABUS_BELLY_COMPASS_CHEST::64,41,41,YES,0,PASS
RANDOMIZER,Hint::RHT_JABU_JABUS_BELLY_COMPASS_CHEST::65,83,83,YES,0,PASS
RANDOMIZER,Hint::RHT_JABU_JABUS_BELLY_MQ_FIRST_ROOM_SIDE_CHEST::66,52,52,YES,0,PASS
RANDOMIZER,Hint::RHT_JABU_JABUS_BELLY_MQ_MAP_CHEST::67,53,53,YES,0,PASS
RANDOMIZER,Hint::RHT_JABU_JABUS_BELLY_MQ_MAP_CHEST::68,48,48,YES,0,PASS
RANDOMIZER,Hint::RHT_JABU_JABUS_BELLY_MQ_MAP_CHEST::69,45,45,YES,0,PASS
RANDOMIZER,Hint::RHT_JABU_JABUS_BELLY_MQ_SECOND_ROOM_LOWER_CHEST::70,64,64,YES,0,PASS
RANDOMIZER,Hint::RHT_JABU_JABUS_BELLY_MQ_COMPASS_CHEST::71,47,47,YES,0,PASS
RANDOMIZER,Hint::RHT_JABU_JABUS_BELLY_MQ_SECOND_ROOM_UPPER_CHEST::72,61,61,YES,0,PASS
RANDOMIZER,Hint::RHT_JABU_JABUS_BELLY_MQ_BASEMENT_NEAR_SWITCHES_CHEST::73,51,51,YES,0,PASS
RANDOMIZER,Hint::RHT_JABU_JABUS_BELLY_MQ_BASEMENT_NEAR_VINES_CHEST::74,51,51,YES,0,PASS
RANDOMIZER,Hint::RHT_JABU_JABUS_BELLY_MQ_NEAR_BOSS_CHEST::75,84,84,YES,0,PASS
RANDOMIZER,Hint::RHT_JABU_JABUS_BELLY_MQ_FALLING_LIKE_LIKE_ROOM_CHEST::76,99,99,YES,0,PASS
RANDOMIZER,Hint::RHT_JABU_JABUS_BELLY_MQ_BOOMERANG_ROOM_SMALL_CHEST::77,75,75,YES,0,PASS
RANDOMIZER,Hint::RHT_JABU_JABUS_BELLY_MQ_BOOMERANG_ROOM_SMALL_CHEST::78,76,76,YES,0,PASS
RANDOMIZER,Hint::RHT_JABU_JABUS_BELLY_MQ_BOOMERANG_CHEST::79,75,75,YES,0,PASS
RANDOMIZER,Hint::RHT_JABU_JABUS_BELLY_MQ_BOOMERANG_CHEST::80,76,76,YES,0,PASS
RANDOMIZER,Hint::RHT_JABU_JABUS_BELLY_BARINADE_HEART::81,33,33,YES,0,PASS
RANDOMIZER,Hint::RHT_JABU_JABUS_BELLY_BARINADE_HEART::82,48,48,YES,0,PASS
RANDOMIZER,Hint::RHT_JABU_JABUS_BELLY_GS_LOBBY_BASEMENT_LOWER::83,95,95,YES,0,PASS
RANDOMIZER,Hint::RHT_JABU_JABUS_BELLY_GS_LOBBY_BASEMENT_UPPER::84,95,95,YES,0,PASS
RANDOMIZER,Hint::RHT_JABU_JABUS_BELLY_GS_NEAR_BOSS::85,80,80,YES,0,PASS
RANDOMIZER,Hint::RHT_JABU_JABUS_BELLY_GS_WATER_SWITCH_ROOM::86,100,100,YES,0,PASS
RANDOMIZER,Hint::RHT_JABU_JABUS_BELLY_MQ_GS_TAILPASARAN_ROOM::87,85,85,YES,0,PASS
RANDOMIZER,Hint::RHT_JABU_JABUS_BELLY_MQ_GS_BOOMERANG_CHEST_ROOM::88,100,100,YES,0,PASS
RANDOMIZER,Hint::RHT_JABU_JABUS_BELLY_MQ_GS_NEAR_BOSS::89,82,82,YES,0,PASS
RANDOMIZER,Hint::RHT_JABU_JABUS_BELLY_DEKU_SCRUB::90,47,47,YES,0,PASS
RANDOMIZER,Hint::RHT_POT_JABU_JABUS_BELLY::91,63,63,YES,0,PASS
RANDOMIZER,Hint::RHT_JABU_JABU_RUPEE::92,71,71,YES,0,PASS
RANDOMIZER,Hint::RHT_JABU_JABU_HEART::93,87,87,YES,0,PASS
RANDOMIZER,Hint::RHT_JABU_JABUS_BELLY_GRASS::94,68,68,YES,0,PASS
RANDOMIZER,Hint::RHT_CRATE_JABU_JABU::95,63,63,YES,0,PASS
RANDOMIZER,Hint::RHT_FOREST_TEMPLE_FIRST_ROOM_CHEST::96,60,60,YES,0,PASS
RANDOMIZER,Hint::RHT_FOREST_TEMPLE_FIRST_STALFOS_CHEST::97,89,89,YES,0,PASS
RANDOMIZER,Hint::RHT_FOREST_TEMPLE_WELL_CHEST::98,72,72,YES,0,PASS
RANDOMIZER,Hint::RHT_FOREST_TEMPLE_MAP_CHEST::99,73,73,YES,0,PASS
RANDOMIZER,Hint::RHT_FOREST_TEMPLE_RAISED_ISLAND_COURTYARD_CHEST::100,77,77,YES,0,PASS
RANDOMIZER,Hint::RHT_FOREST_TEMPLE_FALLING_CEILING_ROOM_CHEST::101,69,69,YES,0,PASS
RANDOMIZER,Hint::RHT_FOREST_TEMPLE_EYE_SWITCH_CHEST::102,71,71,YES,0,PASS
RANDOMIZER,Hint::RHT_FOREST_TEMPLE_EYE_SWITCH_CHEST::103,41,41,YES,0,PASS
RANDOMIZER,Hint::RHT_FOREST_TEMPLE_BOSS_KEY_CHEST::104,44,44,YES,0,PASS
RANDOMIZER,Hint::RHT_FOREST_TEMPLE_FLOORMASTER_CHEST::105,94,94,YES,0,PASS
RANDOMIZER,Hint::RHT_FOREST_TEMPLE_BOW_CHEST::106,79,79,YES,0,PASS
RANDOMIZER,Hint::RHT_FOREST_TEMPLE_BOW_CHEST::107,50,50,YES,0,PASS
RANDOMIZER,Hint::RHT_FOREST_TEMPLE_RED_POE_CHEST::108,44,44,YES,0,PASS
RANDOMIZER,Hint::RHT_FOREST_TEMPLE_RED_POE_CHEST::109,34,34,YES,0,PASS
RANDOMIZER,Hint::RHT_FOREST_TEMPLE_BLUE_POE_CHEST::110,44,44,YES,0,PASS
RANDOMIZER,Hint::RHT_FOREST_TEMPLE_BLUE_POE_CHEST::111,32,32,YES,0,PASS
RANDOMIZER,Hint::RHT_FOREST_TEMPLE_BASEMENT_CHEST::112,73,73,YES,0,PASS
RANDOMIZER,Hint::RHT_FOREST_TEMPLE_MQ_FIRST_ROOM_CHEST::113,60,60,YES,0,PASS
RANDOMIZER,Hint::RHT_FOREST_TEMPLE_MQ_WOLFOS_CHEST::114,89,89,YES,0,PASS
RANDOMIZER,Hint::RHT_FOREST_TEMPLE_MQ_BOW_CHEST::115,79,79,YES,0,PASS
RANDOMIZER,Hint::RHT_FOREST_TEMPLE_MQ_BOW_CHEST::116,50,50,YES,0,PASS
RANDOMIZER,Hint::RHT_FOREST_TEMPLE_MQ_RAISED_ISLAND_COURTYARD_LOWER_CHEST::117,77,77,YES,0,PASS
RANDOMIZER,Hint::RHT_FOREST_TEMPLE_MQ_RAISED_ISLAND_COURTYARD_UPPER_CHEST::118,79,79,YES,0,PASS
RANDOMIZER,Hint::RHT_FOREST_TEMPLE_MQ_WELL_CHEST::119,72,72,YES,0,PASS
RANDOMIZER,Hint::RHT_FOREST_TEMPLE_MQ_MAP_CHEST::120,44,44,YES,0,PASS
RANDOMIZER,Hint::RHT_FOREST_TEMPLE_MQ_MAP_CHEST::121,34,34,YES,0,PASS
RANDOMIZER,Hint::RHT_FOREST_TEMPLE_MQ_COMPASS_CHEST::122,44,44,YES,0,PASS
RANDOMIZER,Hint::RHT_FOREST_TEMPLE_MQ_COMPASS_CHEST::123,32,32,YES,0,PASS
RANDOMIZER,Hint::RHT_FOREST_TEMPLE_MQ_FALLING_CEILING_ROOM_CHEST::124,69,69,YES,0,PASS
RANDOMIZER,Hint::RHT_FOREST_TEMPLE_MQ_BASEMENT_CHEST::125,73,73,YES,0,PASS
RANDOMIZER,Hint::RHT_FOREST_TEMPLE_MQ_REDEAD_CHEST::126,97,97,YES,0,PASS
RANDOMIZER,Hint::RHT_FOREST_TEMPLE_MQ_BOSS_KEY_CHEST::127,44,44,YES,0,PASS
RANDOMIZER,Hint::RHT_FOREST_TEMPLE_PHANTOM_GANON_HEART::128,38,38,YES,0,PASS
RANDOMIZER,Hint::RHT_FOREST_TEMPLE_PHANTOM_GANON_HEART::129,57,57,YES,0,PASS
RANDOMIZER,Hint::RHT_FOREST_TEMPLE_GS_RAISED_ISLAND_COURTYARD::130,78,78,YES,0,PASS
RANDOMIZER,Hint::RHT_FOREST_TEMPLE_GS_FIRST_ROOM::131,91,91,YES,0,PASS
RANDOMIZER,Hint::RHT_FOREST_TEMPLE_GS_LEVEL_ISLAND_COURTYARD::132,98,98,YES,0,PASS
RANDOMIZER,Hint::RHT_FOREST_TEMPLE_GS_LOBBY::133,77,77,YES,0,PASS
RANDOMIZER,Hint::RHT_FOREST_TEMPLE_GS_BASEMENT::134,87,87,YES,0,PASS
RANDOMIZER,Hint::RHT_FOREST_TEMPLE_MQ_GS_FIRST_HALLWAY::135,77,77,YES,0,PASS
RANDOMIZER,Hint::RHT_FOREST_TEMPLE_MQ_GS_BLOCK_PUSH_ROOM::136,83,83,YES,0,PASS
RANDOMIZER,Hint::RHT_FOREST_TEMPLE_MQ_GS_RAISED_ISLAND_COURTYARD::137,69,69,YES,0,PASS
RANDOMIZER,Hint::RHT_FOREST_TEMPLE_MQ_GS_LEVEL_ISLAND_COURTYARD::138,72,72,YES,0,PASS
RANDOMIZER,Hint::RHT_FOREST_TEMPLE_MQ_GS_WELL::139,80,80,YES,0,PASS
RANDOMIZER,Hint::RHT_POT_FOREST_TEMPLE::140,60,60,YES,0,PASS
RANDOMIZER,Hint::RHT_FOREST_TEMPLE_HEART::141,61,61,YES,0,PASS
RANDOMIZER,Hint::RHT_CRATE_FOREST_TEMPLE::142,60,60,YES,0,PASS
RANDOMIZER,Hint::RHT_FIRE_TEMPLE_NEAR_BOSS_CHEST::143,42,42,YES,0,PASS
RANDOMIZER,Hint::RHT_FIRE_TEMPLE_FLARE_DANCER_CHEST::144,62,62,YES,0,PASS
RANDOMIZER,Hint::RHT_FIRE_TEMPLE_BOSS_KEY_CHEST::145,57,57,YES,0,PASS
RANDOMIZER,Hint::RHT_FIRE_TEMPLE_BIG_LAVA_ROOM_BLOCKED_DOOR_CHEST::146,59,59,YES,0,PASS
RANDOMIZER,Hint::RHT_FIRE_TEMPLE_BIG_LAVA_ROOM_LOWER_OPEN_DOOR_CHEST::147,59,59,YES,0,PASS
RANDOMIZER,Hint::RHT_FIRE_TEMPLE_BOULDER_MAZE_LOWER_CHEST::148,58,58,YES,0,PASS
RANDOMIZER,Hint::RHT_FIRE_TEMPLE_BOULDER_MAZE_UPPER_CHEST::149,56,56,YES,0,PASS
RANDOMIZER,Hint::RHT_FIRE_TEMPLE_BOULDER_MAZE_SIDE_ROOM_CHEST::150,62,62,YES,0,PASS
RANDOMIZER,Hint::RHT_FIRE_TEMPLE_BOULDER_MAZE_SHORTCUT_CHEST::151,67,67,YES,0,PASS
RANDOMIZER,Hint::RHT_FIRE_TEMPLE_MAP_CHEST::152,68,68,YES,0,PASS
RANDOMIZER,Hint::RHT_FIRE_TEMPLE_COMPASS_CHEST::153,61,61,YES,0,PASS
RANDOMIZER,Hint::RHT_FIRE_TEMPLE_HIGHEST_GORON_CHEST::154,68,68,YES,0,PASS
RANDOMIZER,Hint::RHT_FIRE_TEMPLE_MQ_NEAR_BOSS_CHEST::155,42,42,YES,0,PASS
RANDOMIZER,Hint::RHT_FIRE_TEMPLE_MQ_MEGATON_HAMMER_CHEST::156,85,85,YES,0,PASS
RANDOMIZER,Hint::RHT_FIRE_TEMPLE_MQ_MEGATON_HAMMER_CHEST::157,77,77,YES,0,PASS
RANDOMIZER,Hint::RHT_FIRE_TEMPLE_MQ_COMPASS_CHEST::158,67,67,YES,0,PASS
RANDOMIZER,Hint::RHT_FIRE_TEMPLE_MQ_LIZALFOS_MAZE_LOWER_CHEST::159,54,54,YES,0,PASS
RANDOMIZER,Hint::RHT_FIRE_TEMPLE_MQ_LIZALFOS_MAZE_UPPER_CHEST::160,54,54,YES,0,PASS
RANDOMIZER,Hint::RHT_FIRE_TEMPLE_MQ_MAP_ROOM_SIDE_CHEST::161,69,69,YES,0,PASS
RANDOMIZER,Hint::RHT_FIRE_TEMPLE_MQ_MAP_CHEST::162,84,84,YES,0,PASS
RANDOMIZER,Hint::RHT_FIRE_TEMPLE_MQ_BOSS_KEY_CHEST::163,62,62,YES,0,PASS
RANDOMIZER,Hint::RHT_FIRE_TEMPLE_MQ_BIG_LAVA_ROOM_BLOCKED_DOOR_CHEST::164,59,59,YES,0,PASS
RANDOMIZER,Hint::RHT_FIRE_TEMPLE_MQ_LIZALFOS_MAZE_SIDE_ROOM_CHEST::165,62,62,YES,0,PASS
RANDOMIZER,Hint::RHT_FIRE_TEMPLE_MQ_FREESTANDING_KEY::166,68,68,YES,0,PASS
RANDOMIZER,Hint::RHT_FIRE_TEMPLE_VOLVAGIA_HEART::167,33,33,YES,0,PASS
RANDOMIZER,Hint::RHT_FIRE_TEMPLE_VOLVAGIA_HEART::168,54,54,YES,0,PASS
RANDOMIZER,Hint::RHT_FIRE_TEMPLE_GS_SONG_OF_TIME_ROOM::169,72,72,YES,0,PASS
RANDOMIZER,Hint::RHT_FIRE_TEMPLE_GS_BOSS_KEY_LOOP::170,73,73,YES,0,PASS
RANDOMIZER,Hint::RHT_FIRE_TEMPLE_GS_BOULDER_MAZE::171,75,75,YES,0,PASS
RANDOMIZER,Hint::RHT_FIRE_TEMPLE_GS_SCARECROW_TOP::172,99,99,YES,0,PASS
RANDOMIZER,Hint::RHT_FIRE_TEMPLE_GS_SCARECROW_TOP::173,91,91,YES,0,PASS
RANDOMIZER,Hint::RHT_FIRE_TEMPLE_GS_SCARECROW_CLIMB::174,99,99,YES,0,PASS
RANDOMIZER,Hint::RHT_FIRE_TEMPLE_GS_SCARECROW_CLIMB::175,91,91,YES,0,PASS
RANDOMIZER,Hint::RHT_FIRE_TEMPLE_MQ_GS_ABOVE_FIRE_WALL_MAZE::176,66,66,YES,0,PASS
RANDOMIZER,Hint::RHT_FIRE_TEMPLE_MQ_GS_FIRE_WALL_MAZE_CENTER::177,66,66,YES,0,PASS
RANDOMIZER,Hint::RHT_FIRE_TEMPLE_MQ_GS_BIG_LAVA_ROOM_OPEN_DOOR::178,90,90,YES,0,PASS
RANDOMIZER,Hint::RHT_FIRE_TEMPLE_MQ_GS_FIRE_WALL_MAZE_SIDE_ROOM::179,64,64,YES,0,PASS
RANDOMIZER,Hint::RHT_POT_FIRE_TEMPLE::180,59,59,YES,0,PASS
RANDOMIZER,Hint::RHT_FIRE_TEMPLE_HEART::181,60,60,YES,0,PASS
RANDOMIZER,Hint::RHT_FIRE_TEMPLE_MQ_LOOP_STALFOS_SUN_FAIRY::182,62,62,YES,0,PASS
RANDOMIZER,Hint::RHT_FIRE_TEMPLE_MQ_LOOP_KNUCKLE_SUN_FAIRY::183,86,86,YES,0,PASS
RANDOMIZER,Hint::RHT_CRATE_FIRE_TEMPLE::184,59,59,YES,0,PASS
RANDOMIZER,Hint::RHT_WATER_TEMPLE_MAP_CHEST::185,68,68,YES,0,PASS
RANDOMIZER,Hint::RHT_WATER_TEMPLE_COMPASS_CHEST::186,72,72,YES,0,PASS
RANDOMIZER,Hint::RHT_WATER_TEMPLE_TORCHES_CHEST::187,56,56,YES,0,PASS
RANDOMIZER,Hint::RHT_WATER_TEMPLE_DRAGON_CHEST::188,70,70,YES,0,PASS
RANDOMIZER,Hint::RHT_WATER_TEMPLE_CENTRAL_BOW_TARGET_CHEST::189,65,65,YES,0,PASS
RANDOMIZER,Hint::RHT_WATER_TEMPLE_CENTRAL_PILLAR_CHEST::190,72,72,YES,0,PASS
RANDOMIZER,Hint::RHT_WATER_TEMPLE_CRACKED_WALL_CHEST::191,68,68,YES,0,PASS
RANDOMIZER,Hint::RHT_WATER_TEMPLE_LONGSHOT_CHEST::192,37,37,YES,0,PASS
RANDOMIZER,Hint::RHT_WATER_TEMPLE_LONGSHOT_CHEST::193,48,48,YES,0,PASS
RANDOMIZER,Hint::RHT_WATER_TEMPLE_LONGSHOT_CHEST::194,57,57,YES,0,PASS
RANDOMIZER,Hint::RHT_WATER_TEMPLE_MQ_CENTRAL_PILLAR_CHEST::195,72,72,YES,0,PASS
RANDOMIZER,Hint::RHT_WATER_TEMPLE_MQ_BOSS_KEY_CHEST::196,101,101,YES,0,PASS
RANDOMIZER,Hint::RHT_WATER_TEMPLE_MQ_LONGSHOT_CHEST::197,68,68,YES,0,PASS
RANDOMIZER,Hint::RHT_WATER_TEMPLE_MQ_COMPASS_CHEST::198,56,56,YES,0,PASS
RANDOMIZER,Hint::RHT_WATER_TEMPLE_MQ_MAP_CHEST::199,72,72,YES,0,PASS
RANDOMIZER,Hint::RHT_WATER_TEMPLE_MORPHA_HEART::200,31,31,YES,0,PASS
RANDOMIZER,Hint::RHT_WATER_TEMPLE_MORPHA_HEART::201,50,50,YES,0,PASS
RANDOMIZER,Hint::RHT_WATER_TEMPLE_GS_FALLING_PLATFORM_ROOM::202,74,74,YES,0,PASS
RANDOMIZER,Hint::RHT_WATER_TEMPLE_GS_CENTRAL_PILLAR::203,67,67,YES,0,PASS
RANDOMIZER,Hint::RHT_WATER_TEMPLE_GS_NEAR_BOSS_KEY_CHEST::204,87,87,YES,0,PASS
RANDOMIZER,Hint::RHT_WATER_TEMPLE_GS_NEAR_BOSS_KEY_CHEST::205,78,78,YES,0,PASS
RANDOMIZER,Hint::RHT_WATER_TEMPLE_GS_RIVER::206,69,69,YES,0,PASS
RANDOMIZER,Hint::RHT_WATER_TEMPLE_MQ_GS_BEFORE_UPPER_WATER_SWITCH::207,74,74,YES,0,PASS
RANDOMIZER,Hint::RHT_WATER_TEMPLE_MQ_GS_LIZALFOS_HALLWAY::208,79,79,YES,0,PASS
RANDOMIZER,Hint::RHT_WATER_TEMPLE_MQ_GS_RIVER::209,69,69,YES,0,PASS
RANDOMIZER,Hint::RHT_POT_WATER_TEMPLE::210,58,58,YES,0,PASS
RANDOMIZER,Hint::RHT_WATER_TEMPLE_HEART::211,63,63,YES,0,PASS
RANDOMIZER,Hint::RHT_WATER_TEMPLE_MQ_DARK_LINK_PILAR_SUN_FAIRY::212,106,106,YES,0,PASS
RANDOMIZER,Hint::RHT_WATER_TEMPLE_MQ_DARK_LINK_LEFT_STORM_FAIRY::213,84,84,YES,0,PASS
RANDOMIZER,Hint::RHT_WATER_TEMPLE_MQ_DARK_LINK_RIGHT_SUN_FAIRY::214,79,79,YES,0,PASS
RANDOMIZER,Hint::RHT_CRATE_WATER_TEMPLE::215,58,58,YES,0,PASS
RANDOMIZER,Hint::RHT_SPIRIT_TEMPLE_CHILD_BRIDGE_CHEST::216,104,104,YES,0,PASS
RANDOMIZER,Hint::RHT_SPIRIT_TEMPLE_CHILD_EARLY_TORCHES_CHEST::217,91,91,YES,0,PASS
RANDOMIZER,Hint::RHT_SPIRIT_TEMPLE_COMPASS_CHEST::218,90,90,YES,0,PASS
RANDOMIZER,Hint::RHT_SPIRIT_TEMPLE_EARLY_ADULT_RIGHT_CHEST::219,101,101,YES,0,PASS
RANDOMIZER,Hint::RHT_SPIRIT_TEMPLE_FIRST_MIRROR_LEFT_CHEST::220,99,99,YES,0,PASS
RANDOMIZER,Hint::RHT_SPIRIT_TEMPLE_FIRST_MIRROR_RIGHT_CHEST::221,99,99,YES,0,PASS
RANDOMIZER,Hint::RHT_SPIRIT_TEMPLE_MAP_CHEST::222,86,86,YES,0,PASS
RANDOMIZER,Hint::RHT_SPIRIT_TEMPLE_CHILD_CLIMB_NORTH_CHEST::223,67,67,YES,0,PASS
RANDOMIZER,Hint::RHT_SPIRIT_TEMPLE_CHILD_CLIMB_EAST_CHEST::224,67,67,YES,0,PASS
RANDOMIZER,Hint::RHT_SPIRIT_TEMPLE_SUN_BLOCK_ROOM_CHEST::225,83,83,YES,0,PASS
RANDOMIZER,Hint::RHT_SPIRIT_TEMPLE_STATUE_ROOM_HAND_CHEST::226,62,62,YES,0,PASS
RANDOMIZER,Hint::RHT_SPIRIT_TEMPLE_STATUE_ROOM_NORTHEAST_CHEST::227,87,87,YES,0,PASS
RANDOMIZER,Hint::RHT_SPIRIT_TEMPLE_NEAR_FOUR_ARMOS_CHEST::228,99,99,YES,0,PASS
RANDOMIZER,Hint::RHT_SPIRIT_TEMPLE_HALLWAY_RIGHT_INVISIBLE_CHEST::229,71,71,YES,0,PASS
RANDOMIZER,Hint::RHT_SPIRIT_TEMPLE_HALLWAY_LEFT_INVISIBLE_CHEST::230,71,71,YES,0,PASS
RANDOMIZER,Hint::RHT_SPIRIT_TEMPLE_BOSS_KEY_CHEST::231,78,78,YES,0,PASS
RANDOMIZER,Hint::RHT_SPIRIT_TEMPLE_TOPMOST_CHEST::232,74,74,YES,0,PASS
RANDOMIZER,Hint::RHT_SPIRIT_TEMPLE_MQ_ENTRANCE_FRONT_LEFT_CHEST::233,70,70,YES,0,PASS
RANDOMIZER,Hint::RHT_SPIRIT_TEMPLE_MQ_ENTRANCE_BACK_RIGHT_CHEST::234,83,83,YES,0,PASS
RANDOMIZER,Hint::RHT_SPIRIT_TEMPLE_MQ_ENTRANCE_FRONT_RIGHT_CHEST::235,73,73,YES,0,PASS
RANDOMIZER,Hint::RHT_SPIRIT_TEMPLE_MQ_ENTRANCE_BACK_LEFT_CHEST::236,81,81,YES,0,PASS
RANDOMIZER,Hint::RHT_SPIRIT_TEMPLE_MQ_MAP_CHEST::237,62,62,YES,0,PASS
RANDOMIZER,Hint::RHT_SPIRIT_TEMPLE_MQ_MAP_ROOM_ENEMY_CHEST::238,104,104,YES,0,PASS
RANDOMIZER,Hint::RHT_SPIRIT_TEMPLE_MQ_CHILD_CLIMB_NORTH_CHEST::239,81,81,YES,0,PASS
RANDOMIZER,Hint::RHT_SPIRIT_TEMPLE_MQ_CHILD_CLIMB_SOUTH_CHEST::240,85,85,YES,0,PASS
RANDOMIZER,Hint::RHT_SPIRIT_TEMPLE_MQ_COMPASS_CHEST::241,41,41,YES,0,PASS
RANDOMIZER,Hint::RHT_SPIRIT_TEMPLE_MQ_STATUE_ROOM_LULLABY_CHEST::242,68,68,YES,0,PASS
RANDOMIZER,Hint::RHT_SPIRIT_TEMPLE_MQ_STATUE_ROOM_INVISIBLE_CHEST::243,70,70,YES,0,PASS
RANDOMIZER,Hint::RHT_SPIRIT_TEMPLE_MQ_SILVER_BLOCK_HALLWAY_CHEST::244,81,81,YES,0,PASS
RANDOMIZER,Hint::RHT_SPIRIT_TEMPLE_MQ_SUN_BLOCK_ROOM_CHEST::245,64,64,YES,0,PASS
RANDOMIZER,Hint::RHT_SPIRIT_TEMPLE_MQ_LEEVER_ROOM_CHEST::246,90,90,YES,0,PASS
RANDOMIZER,Hint::RHT_SPIRIT_TEMPLE_MQ_BEAMOS_ROOM_CHEST::247,106,106,YES,0,PASS
RANDOMIZER,Hint::RHT_SPIRIT_TEMPLE_MQ_CHEST_SWITCH_CHEST::248,52,52,YES,0,PASS
RANDOMIZER,Hint::RHT_SPIRIT_TEMPLE_MQ_BOSS_KEY_CHEST::249,67,67,YES,0,PASS
RANDOMIZER,Hint::RHT_SPIRIT_TEMPLE_MQ_MIRROR_PUZZLE_INVISIBLE_CHEST::250,74,74,YES,0,PASS
RANDOMIZER,Hint::RHT_SPIRIT_TEMPLE_TWINROVA_HEART::251,33,33,YES,0,PASS
RANDOMIZER,Hint::RHT_SPIRIT_TEMPLE_TWINROVA_HEART::252,49,49,YES,0,PASS
RANDOMIZER,Hint::RHT_SPIRIT_TEMPLE_GS_HALL_AFTER_SUN_BLOCK_ROOM::253,64,64,YES,0,PASS
RANDOMIZER,Hint::RHT_SPIRIT_TEMPLE_GS_BOULDER_ROOM::254,91,91,YES,0,PASS
RANDOMIZER,Hint::RHT_SPIRIT_TEMPLE_GS_LOBBY::255,54,54,YES,0,PASS
RANDOMIZER,Hint::RHT_SPIRIT_TEMPLE_GS_SUN_ON_FLOOR_ROOM::256,91,91,YES,0,PASS
RANDOMIZER,Hint::RHT_SPIRIT_TEMPLE_GS_METAL_FENCE::257,101,101,YES,0,PASS
RANDOMIZER,Hint::RHT_SPIRIT_TEMPLE_MQ_GS_LEEVER_ROOM::258,79,79,YES,0,PASS
RANDOMIZER,Hint::RHT_SPIRIT_TEMPLE_MQ_GS_NINE_THRONES_ROOM_WEST::259,64,64,YES,0,PASS
RANDOMIZER,Hint::RHT_SPIRIT_TEMPLE_MQ_GS_NINE_THRONES_ROOM_NORTH::260,64,64,YES,0,PASS
RANDOMIZER,Hint::RHT_SPIRIT_TEMPLE_MQ_GS_SUN_BLOCK_ROOM::261,97,97,YES,0,PASS
RANDOMIZER,Hint::RHT_POT_SPIRIT_TEMPLE::262,62,62,YES,0,PASS
RANDOMIZER,Hint::RHT_SPIRIT_TEMPLE_HEART::263,83,83,YES,0,PASS
RANDOMIZER,Hint::RHT_SPIRIT_TEMPLE_MQ_HEART::264,83,83,YES,0,PASS
RANDOMIZER,Hint::RHT_CRATE_SPIRIT_TEMPLE::265,62,62,YES,0,PASS
RANDOMIZER,Hint::RHT_SHADOW_TEMPLE_MAP_CHEST::266,79,79,YES,0,PASS
RANDOMIZER,Hint::RHT_SHADOW_TEMPLE_HOVER_BOOTS_CHEST::267,60,60,YES,0,PASS
RANDOMIZER,Hint::RHT_SHADOW_TEMPLE_HOVER_BOOTS_CHEST::268,78,78,YES,0,PASS
RANDOMIZER,Hint::RHT_SHADOW_TEMPLE_COMPASS_CHEST::269,73,73,YES,0,PASS
RANDOMIZER,Hint::RHT_SHADOW_TEMPLE_EARLY_SILVER_RUPEE_CHEST::270,51,51,YES,0,PASS
RANDOMIZER,Hint::RHT_SHADOW_TEMPLE_INVISIBLE_BLADES_VISIBLE_CHEST::271,49,49,YES,0,PASS
RANDOMIZER,Hint::RHT_SHADOW_TEMPLE_INVISIBLE_BLADES_INVISIBLE_CHEST::272,49,49,YES,0,PASS
RANDOMIZER,Hint::RHT_SHADOW_TEMPLE_FALLING_SPIKES_LOWER_CHEST::273,60,60,YES,0,PASS
RANDOMIZER,Hint::RHT_SHADOW_TEMPLE_FALLING_SPIKES_UPPER_CHEST::274,60,60,YES,0,PASS
RANDOMIZER,Hint::RHT_SHADOW_TEMPLE_FALLING_SPIKES_SWITCH_CHEST::275,60,60,YES,0,PASS
RANDOMIZER,Hint::RHT_SHADOW_TEMPLE_INVISIBLE_SPIKES_CHEST::276,77,77,YES,0,PASS
RANDOMIZER,Hint::RHT_SHADOW_TEMPLE_WIND_HINT_CHEST::277,70,70,YES,0,PASS
RANDOMIZER,Hint::RHT_SHADOW_TEMPLE_AFTER_WIND_ENEMY_CHEST::278,59,59,YES,0,PASS
RANDOMIZER,Hint::RHT_SHADOW_TEMPLE_AFTER_WIND_HIDDEN_CHEST::279,59,59,YES,0,PASS
RANDOMIZER,Hint::RHT_SHADOW_TEMPLE_SPIKE_WALLS_LEFT_CHEST::280,71,71,YES,0,PASS
RANDOMIZER,Hint::RHT_SHADOW_TEMPLE_BOSS_KEY_CHEST::281,71,71,YES,0,PASS
RANDOMIZER,Hint::RHT_SHADOW_TEMPLE_FREESTANDING_KEY::282,63,63,YES,0,PASS
RANDOMIZER,Hint::RHT_SHADOW_TEMPLE_MQ_COMPASS_CHEST::283,79,79,YES,0,PASS
RANDOMIZER,Hint::RHT_SHADOW_TEMPLE_MQ_HOVER_BOOTS_CHEST::284,60,60,YES,0,PASS
RANDOMIZER,Hint::RHT_SHADOW_TEMPLE_MQ_EARLY_GIBDOS_CHEST::285,73,73,YES,0,PASS
RANDOMIZER,Hint::RHT_SHADOW_TEMPLE_MQ_MAP_CHEST::286,51,51,YES,0,PASS
RANDOMIZER,Hint::RHT_SHADOW_TEMPLE_MQ_BEAMOS_SILVER_RUPEES_CHEST::287,89,89,YES,0,PASS
RANDOMIZER,Hint::RHT_SHADOW_TEMPLE_MQ_FALLING_SPIKES_SWITCH_CHEST::288,60,60,YES,0,PASS
RANDOMIZER,Hint::RHT_SHADOW_TEMPLE_MQ_FALLING_SPIKES_LOWER_CHEST::289,60,60,YES,0,PASS
RANDOMIZER,Hint::RHT_SHADOW_TEMPLE_MQ_FALLING_SPIKES_UPPER_CHEST::290,60,60,YES,0,PASS
RANDOMIZER,Hint::RHT_SHADOW_TEMPLE_MQ_INVISIBLE_SPIKES_CHEST::291,77,77,YES,0,PASS
RANDOMIZER,Hint::RHT_SHADOW_TEMPLE_MQ_BOSS_KEY_CHEST::292,71,71,YES,0,PASS
RANDOMIZER,Hint::RHT_SHADOW_TEMPLE_MQ_SPIKE_WALLS_LEFT_CHEST::293,71,71,YES,0,PASS
RANDOMIZER,Hint::RHT_SHADOW_TEMPLE_MQ_STALFOS_ROOM_CHEST::294,89,89,YES,0,PASS
RANDOMIZER,Hint::RHT_SHADOW_TEMPLE_MQ_INVISIBLE_BLADES_INVISIBLE_CHEST::295,49,49,YES,0,PASS
RANDOMIZER,Hint::RHT_SHADOW_TEMPLE_MQ_INVISIBLE_BLADES_VISIBLE_CHEST::296,49,49,YES,0,PASS
RANDOMIZER,Hint::RHT_SHADOW_TEMPLE_MQ_WIND_HINT_CHEST::297,70,70,YES,0,PASS
RANDOMIZER,Hint::RHT_SHADOW_TEMPLE_MQ_AFTER_WIND_HIDDEN_CHEST::298,59,59,YES,0,PASS
RANDOMIZER,Hint::RHT_SHADOW_TEMPLE_MQ_AFTER_WIND_ENEMY_CHEST::299,59,59,YES,0,PASS
RANDOMIZER,Hint::RHT_SHADOW_TEMPLE_MQ_NEAR_SHIP_INVISIBLE_CHEST::300,59,59,YES,0,PASS
RANDOMIZER,Hint::RHT_SHADOW_TEMPLE_MQ_FREESTANDING_KEY::301,65,65,YES,0,PASS
RANDOMIZER,Hint::RHT_SHADOW_TEMPLE_BONGO_BONGO_HEART::302,36,36,YES,0,PASS
RANDOMIZER,Hint::RHT_SHADOW_TEMPLE_BONGO_BONGO_HEART::303,50,50,YES,0,PASS
RANDOMIZER,Hint::RHT_SHADOW_TEMPLE_GS_SINGLE_GIANT_POT::304,70,70,YES,0,PASS
RANDOMIZER,Hint::RHT_SHADOW_TEMPLE_GS_FALLING_SPIKES_ROOM::305,63,63,YES,0,PASS
RANDOMIZER,Hint::RHT_SHADOW_TEMPLE_GS_TRIPLE_GIANT_POT::306,72,72,YES,0,PASS
RANDOMIZER,Hint::RHT_SHADOW_TEMPLE_GS_LIKE_LIKE_ROOM::307,66,66,YES,0,PASS
RANDOMIZER,Hint::RHT_SHADOW_TEMPLE_GS_NEAR_SHIP::308,62,62,YES,0,PASS
RANDOMIZER,Hint::RHT_SHADOW_TEMPLE_MQ_GS_FALLING_SPIKES_ROOM::309,63,63,YES,0,PASS
RANDOMIZER,Hint::RHT_SHADOW_TEMPLE_MQ_GS_WIND_HINT_ROOM::310,84,84,YES,0,PASS
RANDOMIZER,Hint::RHT_SHADOW_TEMPLE_MQ_GS_AFTER_WIND::311,87,87,YES,0,PASS
RANDOMIZER,Hint::RHT_SHADOW_TEMPLE_MQ_GS_AFTER_SHIP::312,57,57,YES,0,PASS
RANDOMIZER,Hint::RHT_SHADOW_TEMPLE_MQ_GS_NEAR_BOSS::313,46,46,YES,0,PASS
RANDOMIZER,Hint::RHT_POT_SHADOW_TEMPLE::314,62,62,YES,0,PASS
RANDOMIZER,Hint::RHT_SHADOW_TEMPLE_HEART::315,63,63,YES,0,PASS
RANDOMIZER,Hint::RHT_SHADOW_TEMPLE_BEAMOS_STORM_FAIRY::316,93,93,YES,0,PASS
RANDOMIZER,Hint::RHT_SHADOW_TEMPLE_PIT_STORM_FAIRY::317,96,96,YES,0,PASS
RANDOMIZER,Hint::RHT_SHADOW_TEMPLE_WIND_HINT_SUN_FAIRY::318,95,95,YES,0,PASS
RANDOMIZER,Hint::RHT_CRATE_SHADOW_TEMPLE::319,62,62,YES,0,PASS
RANDOMIZER,Hint::RHT_BOTTOM_OF_THE_WELL_FRONT_LEFT_FAKE_WALL_CHEST::320,56,56,YES,0,PASS
RANDOMIZER,Hint::RHT_BOTTOM_OF_THE_WELL_FRONT_CENTER_BOMBABLE_CHEST::321,62,62,YES,0,PASS
RANDOMIZER,Hint::RHT_BOTTOM_OF_THE_WELL_RIGHT_BOTTOM_FAKE_WALL_CHEST::322,56,56,YES,0,PASS
RANDOMIZER,Hint::RHT_BOTTOM_OF_THE_WELL_COMPASS_CHEST::323,70,70,YES,0,PASS
RANDOMIZER,Hint::RHT_BOTTOM_OF_THE_WELL_CENTER_SKULLTULA_CHEST::324,69,69,YES,0,PASS
RANDOMIZER,Hint::RHT_BOTTOM_OF_THE_WELL_BACK_LEFT_BOMBABLE_CHEST::325,62,62,YES,0,PASS
RANDOMIZER,Hint::RHT_BOTTOM_OF_THE_WELL_INVISIBLE_CHEST::326,55,55,YES,0,PASS
RANDOMIZER,Hint::RHT_BOTTOM_OF_THE_WELL_UNDERWATER_FRONT_CHEST::327,55,55,YES,0,PASS
RANDOMIZER,Hint::RHT_BOTTOM_OF_THE_WELL_UNDERWATER_LEFT_CHEST::328,55,55,YES,0,PASS
RANDOMIZER,Hint::RHT_BOTTOM_OF_THE_WELL_MAP_CHEST::329,61,61,YES,0,PASS
RANDOMIZER,Hint::RHT_BOTTOM_OF_THE_WELL_FIRE_KEESE_CHEST::330,72,72,YES,0,PASS
RANDOMIZER,Hint::RHT_BOTTOM_OF_THE_WELL_LIKE_LIKE_CHEST::331,65,65,YES,0,PASS
RANDOMIZER,Hint::RHT_BOTTOM_OF_THE_WELL_FREESTANDING_KEY::332,48,48,YES,0,PASS
RANDOMIZER,Hint::RHT_BOTTOM_OF_THE_WELL_MQ_MAP_CHEST::333,55,55,YES,0,PASS
RANDOMIZER,Hint::RHT_BOTTOM_OF_THE_WELL_MQ_LENS_OF_TRUTH_CHEST::334,61,61,YES,0,PASS
RANDOMIZER,Hint::RHT_BOTTOM_OF_THE_WELL_MQ_DEAD_HAND_FREESTANDING_KEY::335,55,55,YES,0,PASS
RANDOMIZER,Hint::RHT_BOTTOM_OF_THE_WELL_MQ_EAST_INNER_ROOM_FREESTANDING_KEY::336,59,59,YES,0,PASS
RANDOMIZER,Hint::RHT_BOTTOM_OF_THE_WELL_GS_LIKE_LIKE_CAGE::337,68,68,YES,0,PASS
RANDOMIZER,Hint::RHT_BOTTOM_OF_THE_WELL_GS_EAST_INNER_ROOM::338,59,59,YES,0,PASS
RANDOMIZER,Hint::RHT_BOTTOM_OF_THE_WELL_GS_WEST_INNER_ROOM::339,77,77,YES,0,PASS
RANDOMIZER,Hint::RHT_BOTTOM_OF_THE_WELL_MQ_GS_BASEMENT::340,58,58,YES,0,PASS
RANDOMIZER,Hint::RHT_BOTTOM_OF_THE_WELL_MQ_GS_COFFIN_ROOM::341,80,80,YES,0,PASS
RANDOMIZER,Hint::RHT_BOTTOM_OF_THE_WELL_MQ_GS_WEST_INNER_ROOM::342,77,77,YES,0,PASS
RANDOMIZER,Hint::RHT_POT_BOTTOM_OF_THE_WELL::343,57,57,YES,0,PASS
RANDOMIZER,Hint::RHT_BOTTOM_OF_THE_WELL_HEART::344,53,53,YES,0,PASS
RANDOMIZER,Hint::RHT_BOTTOM_OF_THE_WELL_RUPEE::345,75,75,YES,0,PASS
RANDOMIZER,Hint::RHT_BOTTOM_OF_THE_WELL_BASEMENT_SUN_FAIRY::346,82,82,YES,0,PASS
RANDOMIZER,Hint::RHT_BOTTOM_OF_THE_WELL_MQ_CELL_SUN_FAIRY::347,75,75,YES,0,PASS
RANDOMIZER,Hint::RHT_BOTTOM_OF_THE_WELL_MQ_BASEMENT_SUN_FAIRY::348,82,82,YES,0,PASS
RANDOMIZER,Hint::RHT_BOTTOM_OF_THE_WELL_GRASS::349,62,62,YES,0,PASS
RANDOMIZER,Hint::RHT_ICE_CAVERN_MAP_CHEST::350,46,46,YES,0,PASS
RANDOMIZER,Hint::RHT_ICE_CAVERN_COMPASS_CHEST::351,45,45,YES,0,PASS
RANDOMIZER,Hint::RHT_ICE_CAVERN_IRON_BOOTS_CHEST::352,59,59,YES,0,PASS
RANDOMIZER,Hint::RHT_ICE_CAVERN_FREESTANDING_POH::353,45,45,YES,0,PASS
RANDOMIZER,Hint::RHT_ICE_CAVERN_MQ_IRON_BOOTS_CHEST::354,59,59,YES,0,PASS
RANDOMIZER,Hint::RHT_ICE_CAVERN_MQ_COMPASS_CHEST::355,46,46,YES,0,PASS
RANDOMIZER,Hint::RHT_ICE_CAVERN_MQ_MAP_CHEST::356,45,45,YES,0,PASS
RANDOMIZER,Hint::RHT_ICE_CAVERN_MQ_FREESTANDING_POH::357,46,46,YES,0,PASS
RANDOMIZER,Hint::RHT_ICE_CAVERN_GS_PUSH_BLOCK_ROOM::358,58,58,YES,0,PASS
RANDOMIZER,Hint::RHT_ICE_CAVERN_GS_SPINNING_SCYTHE_ROOM::359,66,66,YES,0,PASS
RANDOMIZER,Hint::RHT_ICE_CAVERN_GS_HEART_PIECE_ROOM::360,65,65,YES,0,PASS
RANDOMIZER,Hint::RHT_ICE_CAVERN_MQ_GS_SCARECROW::361,58,58,YES,0,PASS
RANDOMIZER,Hint::RHT_ICE_CAVERN_MQ_GS_ICE_BLOCK::362,60,60,YES,0,PASS
RANDOMIZER,Hint::RHT_ICE_CAVERN_MQ_GS_RED_ICE::363,54,54,YES,0,PASS
RANDOMIZER,Hint::RHT_POT_ICE_CAVERN::364,57,57,YES,0,PASS
RANDOMIZER,Hint::RHT_ICE_CAVERN_HEART::365,60,60,YES,0,PASS
RANDOMIZER,Hint::RHT_ICE_CAVERN_RUPEE::366,55,55,YES,0,PASS
RANDOMIZER,Hint::RHT_ICE_CAVERN_ENTRANCE_STORMS_FAIRY::367,83,83,YES,0,PASS
RANDOMIZER,Hint::RHT_GERUDO_TRAINING_GROUND_LOBBY_LEFT_CHEST::368,75,75,YES,0,PASS
RANDOMIZER,Hint::RHT_GERUDO_TRAINING_GROUND_LOBBY_RIGHT_CHEST::369,75,75,YES,0,PASS
RANDOMIZER,Hint::RHT_GERUDO_TRAINING_GROUND_STALFOS_CHEST::370,108,108,YES,0,PASS
RANDOMIZER,Hint::RHT_GERUDO_TRAINING_GROUND_BEAMOS_CHEST::371,89,89,YES,0,PASS
RANDOMIZER,Hint::RHT_GERUDO_TRAINING_GROUND_HIDDEN_CEILING_CHEST::372,81,81,YES,0,PASS
RANDOMIZER,Hint::RHT_GERUDO_TRAINING_GROUND_MAZE_PATH_FIRST_CHEST::373,74,74,YES,0,PASS
RANDOMIZER,Hint::RHT_GERUDO_TRAINING_GROUND_MAZE_PATH_SECOND_CHEST::374,75,75,YES,0,PASS
RANDOMIZER,Hint::RHT_GERUDO_TRAINING_GROUND_MAZE_PATH_THIRD_CHEST::375,74,74,YES,0,PASS
RANDOMIZER,Hint::RHT_GERUDO_TRAINING_GROUND_MAZE_RIGHT_CENTRAL_CHEST::376,86,86,YES,0,PASS
RANDOMIZER,Hint::RHT_GERUDO_TRAINING_GROUND_MAZE_RIGHT_SIDE_CHEST::377,86,86,YES,0,PASS
RANDOMIZER,Hint::RHT_GERUDO_TRAINING_GROUND_HAMMER_ROOM_CLEAR_CHEST::378,87,87,YES,0,PASS
RANDOMIZER,Hint::RHT_GERUDO_TRAINING_GROUND_HAMMER_ROOM_SWITCH_CHEST::379,78,78,YES,0,PASS
RANDOMIZER,Hint::RHT_GERUDO_TRAINING_GROUND_EYE_STATUE_CHEST::380,68,68,YES,0,PASS
RANDOMIZER,Hint::RHT_GERUDO_TRAINING_GROUND_NEAR_SCARECROW_CHEST::381,68,68,YES,0,PASS
RANDOMIZER,Hint::RHT_GERUDO_TRAINING_GROUND_BEFORE_HEAVY_BLOCK_CHEST::382,76,76,YES,0,PASS
RANDOMIZER,Hint::RHT_GERUDO_TRAINING_GROUND_HEAVY_BLOCK_FIRST_CHEST::383,69,69,YES,0,PASS
RANDOMIZER,Hint::RHT_GERUDO_TRAINING_GROUND_HEAVY_BLOCK_SECOND_CHEST::384,69,69,YES,0,PASS
RANDOMIZER,Hint::RHT_GERUDO_TRAINING_GROUND_HEAVY_BLOCK_THIRD_CHEST::385,69,69,YES,0,PASS
RANDOMIZER,Hint::RHT_GERUDO_TRAINING_GROUND_HEAVY_BLOCK_FOURTH_CHEST::386,69,69,YES,0,PASS
RANDOMIZER,Hint::RHT_GERUDO_TRAINING_GROUND_ENTRANCE_STORMS_FAIRY::387,97,97,YES,0,PASS
RANDOMIZER,Hint::RHT_GERUDO_TRAINING_GROUND_FREESTANDING_KEY::388,86,86,YES,0,PASS
RANDOMIZER,Hint::RHT_GERUDO_TRAINING_GROUND_MQ_LOBBY_RIGHT_CHEST::389,69,69,YES,0,PASS
RANDOMIZER,Hint::RHT_GERUDO_TRAINING_GROUND_MQ_LOBBY_LEFT_CHEST::390,69,69,YES,0,PASS
RANDOMIZER,Hint::RHT_GERUDO_TRAINING_GROUND_MQ_FIRST_IRON_KNUCKLE_CHEST::391,108,108,YES,0,PASS
RANDOMIZER,Hint::RHT_GERUDO_TRAINING_GROUND_MQ_BEFORE_HEAVY_BLOCK_CHEST::392,76,76,YES,0,PASS
RANDOMIZER,Hint::RHT_GERUDO_TRAINING_GROUND_MQ_EYE_STATUE_CHEST::393,68,68,YES,0,PASS
RANDOMIZER,Hint::RHT_GERUDO_TRAINING_GROUND_MQ_FLAME_CIRCLE_CHEST::394,78,78,YES,0,PASS
RANDOMIZER,Hint::RHT_GERUDO_TRAINING_GROUND_MQ_SECOND_IRON_KNUCKLE_CHEST::395,87,87,YES,0,PASS
RANDOMIZER,Hint::RHT_GERUDO_TRAINING_GROUND_MQ_DINOLFOS_CHEST::396,89,89,YES,0,PASS
RANDOMIZER,Hint::RHT_GERUDO_TRAINING_GROUND_MQ_MAZE_RIGHT_CENTRAL_CHEST::397,62,62,YES,0,PASS
RANDOMIZER,Hint::RHT_GERUDO_TRAINING_GROUND_MQ_MAZE_PATH_FIRST_CHEST::398,74,74,YES,0,PASS
RANDOMIZER,Hint::RHT_GERUDO_TRAINING_GROUND_MQ_MAZE_RIGHT_SIDE_CHEST::399,62,62,YES,0,PASS
RANDOMIZER,Hint::RHT_GERUDO_TRAINING_GROUND_MQ_MAZE_PATH_THIRD_CHEST::400,74,74,YES,0,PASS
RANDOMIZER,Hint::RHT_GERUDO_TRAINING_GROUND_MQ_MAZE_PATH_SECOND_CHEST::401,75,75,YES,0,PASS
RANDOMIZER,Hint::RHT_GERUDO_TRAINING_GROUND_MQ_HIDDEN_CEILING_CHEST::402,81,81,YES,0,PASS
RANDOMIZER,Hint::RHT_GERUDO_TRAINING_GROUND_MQ_HEAVY_BLOCK_CHEST::403,69,69,YES,0,PASS
RANDOMIZER,Hint::RHT_GERUDO_TRAINING_GROUNDS_HEART::404,54,54,YES,0,PASS
RANDOMIZER,Hint::RHT_CRATE_GERUDO_TRAINING_GROUND::405,72,72,YES,0,PASS
RANDOMIZER,Hint::RHT_GANONS_TOWER_BOSS_KEY_CHEST::406,41,41,YES,0,PASS
RANDOMIZER,Hint::RHT_GANONS_CASTLE_FOREST_TRIAL_CHEST::407,48,48,YES,0,PASS
RANDOMIZER,Hint::RHT_GANONS_CASTLE_WATER_TRIAL_LEFT_CHEST::408,47,47,YES,0,PASS
RANDOMIZER,Hint::RHT_GANONS_CASTLE_WATER_TRIAL_RIGHT_CHEST::409,47,47,YES,0,PASS
RANDOMIZER,Hint::RHT_GANONS_CASTLE_SHADOW_TRIAL_FRONT_CHEST::410,64,64,YES,0,PASS
RANDOMIZER,Hint::RHT_GANONS_CASTLE_SHADOW_TRIAL_GOLDEN_GAUNTLETS_CHEST::411,61,61,YES,0,PASS
RANDOMIZER,Hint::RHT_GANONS_CASTLE_SPIRIT_TRIAL_CRYSTAL_SWITCH_CHEST::412,48,48,YES,0,PASS
RANDOMIZER,Hint::RHT_GANONS_CASTLE_SPIRIT_TRIAL_INVISIBLE_CHEST::413,48,48,YES,0,PASS
RANDOMIZER,Hint::RHT_GANONS_CASTLE_LIGHT_TRIAL_FIRST_LEFT_CHEST::414,49,49,YES,0,PASS
RANDOMIZER,Hint::RHT_GANONS_CASTLE_LIGHT_TRIAL_SECOND_LEFT_CHEST::415,49,49,YES,0,PASS
RANDOMIZER,Hint::RHT_GANONS_CASTLE_LIGHT_TRIAL_THIRD_LEFT_CHEST::416,49,49,YES,0,PASS
RANDOMIZER,Hint::RHT_GANONS_CASTLE_LIGHT_TRIAL_FIRST_RIGHT_CHEST::417,49,49,YES,0,PASS
RANDOMIZER,Hint::RHT_GANONS_CASTLE_LIGHT_TRIAL_SECOND_RIGHT_CHEST::418,49,49,YES,0,PASS
RANDOMIZER,Hint::RHT_GANONS_CASTLE_LIGHT_TRIAL_THIRD_RIGHT_CHEST::419,49,49,YES,0,PASS
RANDOMIZER,Hint::RHT_GANONS_CASTLE_LIGHT_TRIAL_INVISIBLE_ENEMIES_CHEST::420,49,49,YES,0,PASS
RANDOMIZER,Hint::RHT_GANONS_CASTLE_LIGHT_TRIAL_LULLABY_CHEST::421,63,63,YES,0,PASS
RANDOMIZER,Hint::RHT_GANONS_CASTLE_SPIRIT_TRIAL_SUN_FAIRY::422,85,85,YES,0,PASS
RANDOMIZER,Hint::RHT_GANONS_CASTLE_SCRUBS_FAIRY::423,75,75,YES,0,PASS
RANDOMIZER,Hint::RHT_GANONS_CASTLE_MQ_WATER_TRIAL_CHEST::424,47,47,YES,0,PASS
RANDOMIZER,Hint::RHT_GANONS_CASTLE_MQ_FOREST_TRIAL_EYE_SWITCH_CHEST::425,48,48,YES,0,PASS
RANDOMIZER,Hint::RHT_GANONS_CASTLE_MQ_FOREST_TRIAL_FROZEN_EYE_SWITCH_CHEST::426,48,48,YES,0,PASS
RANDOMIZER,Hint::RHT_GANONS_CASTLE_MQ_LIGHT_TRIAL_LULLABY_CHEST::427,63,63,YES,0,PASS
RANDOMIZER,Hint::RHT_GANONS_CASTLE_MQ_SHADOW_TRIAL_BOMB_FLOWER_CHEST::428,50,50,YES,0,PASS
RANDOMIZER,Hint::RHT_GANONS_CASTLE_MQ_SHADOW_TRIAL_EYE_SWITCH_CHEST::429,50,50,YES,0,PASS
RANDOMIZER,Hint::RHT_GANONS_CASTLE_MQ_SPIRIT_TRIAL_GOLDEN_GAUNTLETS_CHEST::430,69,69,YES,0,PASS
RANDOMIZER,Hint::RHT_GANONS_CASTLE_MQ_SPIRIT_TRIAL_SUN_BACK_RIGHT_CHEST::431,69,69,YES,0,PASS
RANDOMIZER,Hint::RHT_GANONS_CASTLE_MQ_SPIRIT_TRIAL_SUN_BACK_LEFT_CHEST::432,69,69,YES,0,PASS
RANDOMIZER,Hint::RHT_GANONS_CASTLE_MQ_SPIRIT_TRIAL_SUN_FRONT_LEFT_CHEST::433,69,69,YES,0,PASS
RANDOMIZER,Hint::RHT_GANONS_CASTLE_MQ_SPIRIT_TRIAL_FIRST_CHEST::434,69,69,YES,0,PASS
RANDOMIZER,Hint::RHT_GANONS_CASTLE_MQ_SPIRIT_TRIAL_INVISIBLE_CHEST::435,69,69,YES,0,PASS
RANDOMIZER,Hint::RHT_GANONS_CASTLE_MQ_FOREST_TRIAL_FREESTANDING_KEY::436,48,48,YES,0,PASS
RANDOMIZER,Hint::RHT_GANONS_CASTLE_DEKU_SCRUB_CENTER_LEFT::437,60,60,YES,0,PASS
RANDOMIZER,Hint::RHT_GANONS_CASTLE_DEKU_SCRUB_CENTER_RIGHT::438,60,60,YES,0,PASS
RANDOMIZER,Hint::RHT_GANONS_CASTLE_DEKU_SCRUB_RIGHT::439,60,60,YES,0,PASS
RANDOMIZER,Hint::RHT_GANONS_CASTLE_DEKU_SCRUB_LEFT::440,60,60,YES,0,PASS
RANDOMIZER,Hint::RHT_GANONS_CASTLE_MQ_DEKU_SCRUB_RIGHT::441,60,60,YES,0,PASS
RANDOMIZER,Hint::RHT_GANONS_CASTLE_MQ_DEKU_SCRUB_CENTER_LEFT::442,60,60,YES,0,PASS
RANDOMIZER,Hint::RHT_GANONS_CASTLE_MQ_DEKU_SCRUB_CENTER::443,60,60,YES,0,PASS
RANDOMIZER,Hint::RHT_GANONS_CASTLE_MQ_DEKU_SCRUB_CENTER_RIGHT::444,60,60,YES,0,PASS
RANDOMIZER,Hint::RHT_GANONS_CASTLE_MQ_DEKU_SCRUB_LEFT::445,60,60,YES,0,PASS
RANDOMIZER,Hint::RHT_POT_GANONS_CASTLE::446,60,60,YES,0,PASS
RANDOMIZER,Hint::RHT_GANONS_CASTLE_HEART::447,61,61,YES,0,PASS
RANDOMIZER,Hint::RHT_KF_KOKIRI_SWORD_CHEST::0,52,52,YES,0,PASS
RANDOMIZER,Hint::RHT_KF_MIDOS_TOP_LEFT_CHEST::1,49,49,YES,0,PASS
RANDOMIZER,Hint::RHT_KF_MIDOS_TOP_LEFT_CHEST::2,49,49,YES,0,PASS
RANDOMIZER,Hint::RHT_KF_MIDOS_TOP_RIGHT_CHEST::3,49,49,YES,0,PASS
RANDOMIZER,Hint::RHT_KF_MIDOS_TOP_RIGHT_CHEST::4,49,49,YES,0,PASS
RANDOMIZER,Hint::RHT_KF_MIDOS_BOTTOM_LEFT_CHEST::5,49,49,YES,0,PASS
RANDOMIZER,Hint::RHT_KF_MIDOS_BOTTOM_LEFT_CHEST::6,49,49,YES,0,PASS
RANDOMIZER,Hint::RHT_KF_MIDOS_BOTTOM_RIGHT_CHEST::7,49,49,YES,0,PASS
RANDOMIZER,Hint::RHT_KF_MIDOS_BOTTOM_RIGHT_CHEST::8,49,49,YES,0,PASS
RANDOMIZER,Hint::RHT_GRAVEYARD_SHIELD_GRAVE_CHEST::9,51,51,YES,0,PASS
RANDOMIZER,Hint::RHT_DMT_CHEST::10,74,74,YES,0,PASS
RANDOMIZER,Hint::RHT_GC_MAZE_RIGHT_CHEST::11,64,64,YES,0,PASS
RANDOMIZER,Hint::RHT_GC_MAZE_CENTER_CHEST::12,64,64,YES,0,PASS
RANDOMIZER,Hint::RHT_ZD_CHEST::13,58,58,YES,0,PASS
RANDOMIZER,Hint::RHT_GRAVEYARD_HOOKSHOT_CHEST::14,56,56,YES,0,PASS
RANDOMIZER,Hint::RHT_GRAVEYARD_HOOKSHOT_CHEST::15,62,62,YES,0,PASS
RANDOMIZER,Hint::RHT_GF_CHEST::16,60,60,YES,0,PASS
RANDOMIZER,Hint::RHT_KAK_REDEAD_GROTTO_CHEST::17,54,54,YES,0,PASS
RANDOMIZER,Hint::RHT_SFM_WOLFOS_GROTTO_CHEST::18,53,53,YES,0,PASS
RANDOMIZER,Hint::RHT_HF_NEAR_MARKET_GROTTO_CHEST::19,73,73,YES,0,PASS
RANDOMIZER,Hint::RHT_HF_NEAR_MARKET_GROTTO_FISH::20,83,83,YES,0,PASS
RANDOMIZER,Hint::RHT_HF_SOUTHEAST_GROTTO_CHEST::21,59,59,YES,0,PASS
RANDOMIZER,Hint::RHT_HF_SOUTHEAST_GROTTO_FISH::22,69,69,YES,0,PASS
RANDOMIZER,Hint::RHT_HF_OPEN_GROTTO_CHEST::23,53,53,YES,0,PASS
RANDOMIZER,Hint::RHT_HF_OPEN_GROTTO_FISH::24,63,63,YES,0,PASS
RANDOMIZER,Hint::RHT_KAK_OPEN_GROTTO_CHEST::25,54,54,YES,0,PASS
RANDOMIZER,Hint::RHT_KAK_OPEN_GROTTO_FISH::26,64,64,YES,0,PASS
RANDOMIZER,Hint::RHT_ZR_OPEN_GROTTO_CHEST::27,54,54,YES,0,PASS
RANDOMIZER,Hint::RHT_ZR_OPEN_GROTTO_FISH::28,64,64,YES,0,PASS
RANDOMIZER,Hint::RHT_KF_STORMS_GROTTO_CHEST::29,54,54,YES,0,PASS
RANDOMIZER,Hint::RHT_KF_STORMS_GROTTO_FISH::30,64,64,YES,0,PASS
RANDOMIZER,Hint::RHT_LW_NEAR_SHORTCUTS_GROTTO_CHEST::31,57,57,YES,0,PASS
RANDOMIZER,Hint::RHT_LW_NEAR_SHORTCUTS_GROTTO_FISH::32,67,67,YES,0,PASS
RANDOMIZER,Hint::RHT_DMT_STORMS_GROTTO_CHEST::33,71,71,YES,0,PASS
RANDOMIZER,Hint::RHT_DMT_STORMS_GROTTO_FISH::34,81,81,YES,0,PASS
RANDOMIZER,Hint::RHT_DMC_UPPER_GROTTO_CHEST::35,46,46,YES,0,PASS
RANDOMIZER,Hint::RHT_DMC_UPPER_GROTTO_FISH::36,56,56,YES,0,PASS
RANDOMIZER,Hint::RHT_TOT_MASTER_SWORD::37,49,49,YES,0,PASS
RANDOMIZER,Hint::RHT_TOT_LIGHT_ARROWS_CUTSCENE::38,54,54,YES,0,PASS
RANDOMIZER,Hint::RHT_LW_GIFT_FROM_SARIA::39,40,40,YES,0,PASS
RANDOMIZER,Hint::RHT_LW_GIFT_FROM_SARIA::40,47,47,YES,0,PASS
RANDOMIZER,Hint::RHT_LW_GIFT_FROM_SARIA::41,65,65,YES,0,PASS
RANDOMIZER,Hint::RHT_ZF_GREAT_FAIRY_REWARD::42,47,47,YES,0,PASS
RANDOMIZER,Hint::RHT_HC_GREAT_FAIRY_REWARD::43,42,42,YES,0,PASS
RANDOMIZER,Hint::RHT_COLOSSUS_GREAT_FAIRY_REWARD::44,41,41,YES,0,PASS
RANDOMIZER,Hint::RHT_DMT_GREAT_FAIRY_REWARD::45,43,43,YES,0,PASS
RANDOMIZER,Hint::RHT_DMC_GREAT_FAIRY_REWARD::46,43,43,YES,0,PASS
RANDOMIZER,Hint::RHT_OGC_GREAT_FAIRY_REWARD::47,45,45,YES,0,PASS
RANDOMIZER,Hint::RHT_SONG_FROM_IMPA::48,61,61,YES,0,PASS
RANDOMIZER,Hint::RHT_SONG_FROM_MALON::49,47,47,YES,0,PASS
RANDOMIZER,Hint::RHT_SONG_FROM_SARIA::50,58,58,YES,0,PASS
RANDOMIZER,Hint::RHT_SONG_FROM_WINDMILL::51,72,72,YES,0,PASS
RANDOMIZER,Hint::RHT_HC_MALON_EGG::52,51,51,YES,0,PASS
RANDOMIZER,Hint::RHT_HC_ZELDAS_LETTER::53,55,55,YES,0,PASS
RANDOMIZER,Hint::RHT_ZD_DIVING_MINIGAME::54,69,69,YES,0,PASS
RANDOMIZER,Hint::RHT_ZD_DIVING_MINIGAME::55,61,61,YES,0,PASS
RANDOMIZER,Hint::RHT_LH_CHILD_FISHING::56,41,41,YES,0,PASS
RANDOMIZER,Hint::RHT_LH_POND_FISH::57,45,45,YES,0,PASS
RANDOMIZER,Hint::RHT_LH_HYRULE_LOACH::58,52,52,YES,0,PASS
RANDOMIZER,Hint::RHT_LH_HYRULE_LOACH::59,43,43,YES,0,PASS
RANDOMIZER,Hint::RHT_LH_ADULT_FISHING::60,42,42,YES,0,PASS
RANDOMIZER,Hint::RHT_LH_LAB_DIVE::61,62,62,YES,0,PASS
RANDOMIZER,Hint::RHT_ZD_FISH::62,53,53,YES,0,PASS
RANDOMIZER,Hint::RHT_GC_ROLLING_GORON_AS_ADULT::63,68,68,YES,0,PASS
RANDOMIZER,Hint::RHT_GC_ROLLING_GORON_AS_ADULT::64,52,52,YES,0,PASS
RANDOMIZER,Hint::RHT_MARKET_BOMBCHU_BOWLING_FIRST_PRIZE::65,48,48,YES,0,PASS
RANDOMIZER,Hint::RHT_MARKET_BOMBCHU_BOWLING_SECOND_PRIZE::66,49,49,YES,0,PASS
RANDOMIZER,Hint::RHT_MARKET_LOST_DOG::67,64,64,YES,0,PASS
RANDOMIZER,Hint::RHT_MARKET_LOST_DOG::68,59,59,YES,0,PASS
RANDOMIZER,Hint::RHT_LW_OCARINA_MEMORY_GAME::69,77,77,YES,0,PASS
RANDOMIZER,Hint::RHT_LW_OCARINA_MEMORY_GAME::70,58,58,YES,0,PASS
RANDOMIZER,Hint::RHT_LW_OCARINA_MEMORY_GAME::71,45,45,YES,0,PASS
RANDOMIZER,Hint::RHT_KAK_10_GOLD_SKULLTULA_REWARD::72,58,58,YES,0,PASS
RANDOMIZER,Hint::RHT_KAK_10_GOLD_SKULLTULA_REWARD::73,57,57,YES,0,PASS
RANDOMIZER,Hint::RHT_KAK_10_GOLD_SKULLTULA_REWARD::74,49,49,YES,0,PASS
RANDOMIZER,Hint::RHT_KAK_10_GOLD_SKULLTULA_REWARD::75,56,56,YES,0,PASS
RANDOMIZER,Hint::RHT_KAK_MAN_ON_ROOF::76,50,50,YES,0,PASS
RANDOMIZER,Hint::RHT_ZR_MAGIC_BEAN_SALESMAN::77,49,49,YES,0,PASS
RANDOMIZER,Hint::RHT_ZR_MAGIC_BEAN_SALESMAN::78,58,58,YES,0,PASS
RANDOMIZER,Hint::RHT_ZR_FROGS_IN_THE_RAIN::79,54,54,YES,0,PASS
RANDOMIZER,Hint::RHT_ZR_FROGS_ZELDAS_LULLABY::80,76,76,YES,0,PASS
RANDOMIZER,Hint::RHT_ZR_FROGS_ZELDAS_LULLABY::81,50,50,YES,0,PASS
RANDOMIZER,Hint::RHT_ZR_FROGS_ZELDAS_LULLABY::82,71,71,YES,0,PASS
RANDOMIZER,Hint::RHT_ZR_FROGS_EPONAS_SONG::83,79,79,YES,0,PASS
RANDOMIZER,Hint::RHT_ZR_FROGS_EPONAS_SONG::84,46,46,YES,0,PASS
RANDOMIZER,Hint::RHT_ZR_FROGS_EPONAS_SONG::85,69,69,YES,0,PASS
RANDOMIZER,Hint::RHT_ZR_FROGS_SARIAS_SONG::86,79,79,YES,0,PASS
RANDOMIZER,Hint::RHT_ZR_FROGS_SARIAS_SONG::87,47,47,YES,0,PASS
RANDOMIZER,Hint::RHT_ZR_FROGS_SARIAS_SONG::88,54,54,YES,0,PASS
RANDOMIZER,Hint::RHT_ZR_FROGS_SUNS_SONG::89,78,78,YES,0,PASS
RANDOMIZER,Hint::RHT_ZR_FROGS_SUNS_SONG::90,49,49,YES,0,PASS
RANDOMIZER,Hint::RHT_ZR_FROGS_SUNS_SONG::91,73,73,YES,0,PASS
RANDOMIZER,Hint::RHT_ZR_FROGS_SONG_OF_TIME::92,81,81,YES,0,PASS
RANDOMIZER,Hint::RHT_ZR_FROGS_SONG_OF_TIME::93,60,60,YES,0,PASS
RANDOMIZER,Hint::RHT_ZR_FROGS_SONG_OF_TIME::94,71,71,YES,0,PASS
RANDOMIZER,Hint::RHT_GF_HBA_1000_POINTS::95,66,66,YES,0,PASS
RANDOMIZER,Hint::RHT_MARKET_SHOOTING_GALLERY_REWARD::96,43,43,YES,0,PASS
RANDOMIZER,Hint::RHT_KAK_SHOOTING_GALLERY_REWARD::97,44,44,YES,0,PASS
RANDOMIZER,Hint::RHT_LW_TARGET_IN_WOODS::98,59,59,YES,0,PASS
RANDOMIZER,Hint::RHT_KAK_ANJU_AS_ADULT::99,63,63,YES,0,PASS
RANDOMIZER,Hint::RHT_LLR_TALONS_CHICKENS::100,61,61,YES,0,PASS
RANDOMIZER,Hint::RHT_GC_ROLLING_GORON_AS_CHILD::101,68,68,YES,0,PASS
RANDOMIZER,Hint::RHT_LH_UNDERWATER_ITEM::102,52,52,YES,0,PASS
RANDOMIZER,Hint::RHT_TH_FREED_CARPENTERS::103,70,70,YES,0,PASS
RANDOMIZER,Hint::RHT_WASTELAND_BOMBCHU_SALESMAN::104,47,47,YES,0,PASS
RANDOMIZER,Hint::RHT_GC_MEDIGORON::105,34,34,YES,0,PASS
RANDOMIZER,Hint::RHT_KAK_GRANNYS_SHOP::106,59,59,YES,0,PASS
RANDOMIZER,Hint::RHT_KAK_IMPAS_HOUSE_FREESTANDING_POH::107,53,53,YES,0,PASS
RANDOMIZER,Hint::RHT_HF_TEKTITE_GROTTO_FREESTANDING_POH::108,63,63,YES,0,PASS
RANDOMIZER,Hint::RHT_KAK_WINDMILL_FREESTANDING_POH::109,66,66,YES,0,PASS
RANDOMIZER,Hint::RHT_GRAVEYARD_DAMPE_RACE_FREESTANDING_POH::110,57,57,YES,0,PASS
RANDOMIZER,Hint::RHT_GRAVEYARD_DAMPE_RACE_FREESTANDING_POH::111,54,54,YES,0,PASS
RANDOMIZER,Hint::RHT_LLR_FREESTANDING_POH::112,53,53,YES,0,PASS
RANDOMIZER,Hint::RHT_GRAVEYARD_FREESTANDING_POH::113,52,52,YES,0,PASS
RANDOMIZER,Hint::RHT_GRAVEYARD_DAMPE_GRAVEDIGGING_TOUR::114,45,45,YES,0,PASS
RANDOMIZER,Hint::RHT_ZR_NEAR_OPEN_GROTTO_FREESTANDING_POH::115,60,60,YES,0,PASS
RANDOMIZER,Hint::RHT_ZR_NEAR_DOMAIN_FREESTANDING_POH::116,72,72,YES,0,PASS
RANDOMIZER,Hint::RHT_LH_FREESTANDING_POH::117,83,83,YES,0,PASS
RANDOMIZER,Hint::RHT_ZF_ICEBERG_FREESTANDING_POH::118,44,44,YES,0,PASS
RANDOMIZER,Hint::RHT_GV_WATERFALL_FREESTANDING_POH::119,55,55,YES,0,PASS
RANDOMIZER,Hint::RHT_GV_CRATE_FREESTANDING_POH::120,47,47,YES,0,PASS
RANDOMIZER,Hint::RHT_COLOSSUS_FREESTANDING_POH::121,59,59,YES,0,PASS
RANDOMIZER,Hint::RHT_DMT_FREESTANDING_POH::122,65,65,YES,0,PASS
RANDOMIZER,Hint::RHT_DMC_WALL_FREESTANDING_POH::123,54,54,YES,0,PASS
RANDOMIZER,Hint::RHT_DMC_VOLCANO_FREESTANDING_POH::124,51,51,YES,0,PASS
RANDOMIZER,Hint::RHT_TH_1_TORCH_CARPENTER::125,73,73,YES,0,PASS
RANDOMIZER,Hint::RHT_TH_DEAD_END_CARPENTER::126,72,72,YES,0,PASS
RANDOMIZER,Hint::RHT_TH_DOUBLE_CELL_CARPENTER::127,67,67,YES,0,PASS
RANDOMIZER,Hint::RHT_TH_STEEP_SLOPE_CARPENTER::128,76,76,YES,0,PASS
RANDOMIZER,Hint::RHT_HF_GS_NEAR_KAK_GROTTO::129,73,73,YES,0,PASS
RANDOMIZER,Hint::RHT_LLR_GS_BACK_WALL::130,68,68,YES,0,PASS
RANDOMIZER,Hint::RHT_LLR_GS_RAIN_SHED::131,68,68,YES,0,PASS
RANDOMIZER,Hint::RHT_LLR_GS_HOUSE_WINDOW::132,68,68,YES,0,PASS
RANDOMIZER,Hint::RHT_LLR_GS_TREE::133,69,69,YES,0,PASS
RANDOMIZER,Hint::RHT_KF_GS_BEAN_PATCH::134,57,57,YES,0,PASS
RANDOMIZER,Hint::RHT_KF_GS_KNOW_IT_ALL_HOUSE::135,80,80,YES,0,PASS
RANDOMIZER,Hint::RHT_KF_GS_HOUSE_OF_TWINS::136,80,80,YES,0,PASS
RANDOMIZER,Hint::RHT_LW_GS_BEAN_PATCH_NEAR_BRIDGE::137,83,83,YES,0,PASS
RANDOMIZER,Hint::RHT_LW_GS_BEAN_PATCH_NEAR_THEATER::138,83,83,YES,0,PASS
RANDOMIZER,Hint::RHT_LW_GS_ABOVE_THEATER::139,93,93,YES,0,PASS
RANDOMIZER,Hint::RHT_SFM_GS::140,74,74,YES,0,PASS
RANDOMIZER,Hint::RHT_OGC_GS::141,65,65,YES,0,PASS
RANDOMIZER,Hint::RHT_HC_GS_TREE::142,77,77,YES,0,PASS
RANDOMIZER,Hint::RHT_MARKET_GS_GUARD_HOUSE::143,57,57,YES,0,PASS
RANDOMIZER,Hint::RHT_DMC_GS_BEAN_PATCH::144,57,57,YES,0,PASS
RANDOMIZER,Hint::RHT_DMT_GS_BEAN_PATCH::145,63,63,YES,0,PASS
RANDOMIZER,Hint::RHT_DMT_GS_NEAR_KAK::146,65,65,YES,0,PASS
RANDOMIZER,Hint::RHT_DMT_GS_ABOVE_DODONGOS_CAVERN::147,72,72,YES,0,PASS
RANDOMIZER,Hint::RHT_DMT_GS_FALLING_ROCKS_PATH::148,72,72,YES,0,PASS
RANDOMIZER,Hint::RHT_GC_GS_CENTER_PLATFORM::149,62,62,YES,0,PASS
RANDOMIZER,Hint::RHT_GC_GS_BOULDER_MAZE::150,65,65,YES,0,PASS
RANDOMIZER,Hint::RHT_KAK_GS_HOUSE_UNDER_CONSTRUCTION::151,80,80,YES,0,PASS
RANDOMIZER,Hint::RHT_KAK_GS_SKULLTULA_HOUSE::152,75,75,YES,0,PASS
RANDOMIZER,Hint::RHT_KAK_GS_GUARDS_HOUSE::153,75,75,YES,0,PASS
RANDOMIZER,Hint::RHT_KAK_GS_TREE::154,75,75,YES,0,PASS
RANDOMIZER,Hint::RHT_KAK_GS_WATCHTOWER::155,75,75,YES,0,PASS
RANDOMIZER,Hint::RHT_KAK_GS_ABOVE_IMPAS_HOUSE::156,75,75,YES,0,PASS
RANDOMIZER,Hint::RHT_GRAVEYARD_GS_WALL::157,65,65,YES,0,PASS
RANDOMIZER,Hint::RHT_GRAVEYARD_GS_BEAN_PATCH::158,61,61,YES,0,PASS
RANDOMIZER,Hint::RHT_ZR_GS_LADDER::159,71,71,YES,0,PASS
RANDOMIZER,Hint::RHT_ZR_GS_TREE::160,71,71,YES,0,PASS
RANDOMIZER,Hint::RHT_ZR_GS_ABOVE_BRIDGE::161,71,71,YES,0,PASS
RANDOMIZER,Hint::RHT_ZR_GS_NEAR_RAISED_GROTTOS::162,71,71,YES,0,PASS
RANDOMIZER,Hint::RHT_ZD_GS_FROZEN_WATERFALL::163,78,78,YES,0,PASS
RANDOMIZER,Hint::RHT_ZF_GS_ABOVE_THE_LOG::164,68,68,YES,0,PASS
RANDOMIZER,Hint::RHT_ZF_GS_TREE::165,76,76,YES,0,PASS
RANDOMIZER,Hint::RHT_LH_GS_BEAN_PATCH::166,60,60,YES,0,PASS
RANDOMIZER,Hint::RHT_LH_GS_SMALL_ISLAND::167,64,64,YES,0,PASS
RANDOMIZER,Hint::RHT_LH_GS_LAB_WALL::168,64,64,YES,0,PASS
RANDOMIZER,Hint::RHT_LH_GS_LAB_CRATE::169,87,87,YES,0,PASS
RANDOMIZER,Hint::RHT_LH_GS_TREE::170,81,81,YES,0,PASS
RANDOMIZER,Hint::RHT_GV_GS_BEAN_PATCH::171,56,56,YES,0,PASS
RANDOMIZER,Hint::RHT_GV_GS_SMALL_BRIDGE::172,73,73,YES,0,PASS
RANDOMIZER,Hint::RHT_GV_GS_PILLAR::173,73,73,YES,0,PASS
RANDOMIZER,Hint::RHT_GV_GS_BEHIND_TENT::174,73,73,YES,0,PASS
RANDOMIZER,Hint::RHT_GF_GS_ARCHERY_RANGE::175,65,65,YES,0,PASS
RANDOMIZER,Hint::RHT_GF_GS_TOP_FLOOR::176,65,65,YES,0,PASS
RANDOMIZER,Hint::RHT_COLOSSUS_GS_BEAN_PATCH::177,59,59,YES,0,PASS
RANDOMIZER,Hint::RHT_COLOSSUS_GS_HILL::178,76,76,YES,0,PASS
RANDOMIZER,Hint::RHT_COLOSSUS_GS_TREE::179,76,76,YES,0,PASS
RANDOMIZER,Hint::RHT_KF_SHOP_ITEM_1::180,40,40,YES,0,PASS
RANDOMIZER,Hint::RHT_KF_SHOP_ITEM_2::181,40,40,YES,0,PASS
RANDOMIZER,Hint::RHT_KF_SHOP_ITEM_3::182,40,40,YES,0,PASS
RANDOMIZER,Hint::RHT_KF_SHOP_ITEM_4::183,40,40,YES,0,PASS
RANDOMIZER,Hint::RHT_KF_SHOP_ITEM_5::184,40,40,YES,0,PASS
RANDOMIZER,Hint::RHT_KF_SHOP_ITEM_6::185,40,40,YES,0,PASS
RANDOMIZER,Hint::RHT_KF_SHOP_ITEM_7::186,40,40,YES,0,PASS
RANDOMIZER,Hint::RHT_KF_SHOP_ITEM_8::187,40,40,YES,0,PASS
RANDOMIZER,Hint::RHT_KAK_POTION_SHOP_ITEM_1::188,59,59,YES,0,PASS
RANDOMIZER,Hint::RHT_KAK_POTION_SHOP_ITEM_1::189,49,49,YES,0,PASS
RANDOMIZER,Hint::RHT_KAK_POTION_SHOP_ITEM_2::190,59,59,YES,0,PASS
RANDOMIZER,Hint::RHT_KAK_POTION_SHOP_ITEM_2::191,49,49,YES,0,PASS
RANDOMIZER,Hint::RHT_KAK_POTION_SHOP_ITEM_3::192,59,59,YES,0,PASS
RANDOMIZER,Hint::RHT_KAK_POTION_SHOP_ITEM_3::193,49,49,YES,0,PASS
RANDOMIZER,Hint::RHT_KAK_POTION_SHOP_ITEM_4::194,59,59,YES,0,PASS
RANDOMIZER,Hint::RHT_KAK_POTION_SHOP_ITEM_4::195,49,49,YES,0,PASS
RANDOMIZER,Hint::RHT_KAK_POTION_SHOP_ITEM_5::196,59,59,YES,0,PASS
RANDOMIZER,Hint::RHT_KAK_POTION_SHOP_ITEM_5::197,49,49,YES,0,PASS
RANDOMIZER,Hint::RHT_KAK_POTION_SHOP_ITEM_6::198,59,59,YES,0,PASS
RANDOMIZER,Hint::RHT_KAK_POTION_SHOP_ITEM_6::199,49,49,YES,0,PASS
RANDOMIZER,Hint::RHT_KAK_POTION_SHOP_ITEM_7::200,59,59,YES,0,PASS
RANDOMIZER,Hint::RHT_KAK_POTION_SHOP_ITEM_7::201,49,49,YES,0,PASS
RANDOMIZER,Hint::RHT_KAK_POTION_SHOP_ITEM_8::202,59,59,YES,0,PASS
RANDOMIZER,Hint::RHT_KAK_POTION_SHOP_ITEM_8::203,49,49,YES,0,PASS
RANDOMIZER,Hint::RHT_MARKET_BOMBCHU_SHOP_ITEM_1::204,50,50,YES,0,PASS
RANDOMIZER,Hint::RHT_MARKET_BOMBCHU_SHOP_ITEM_2::205,50,50,YES,0,PASS
RANDOMIZER,Hint::RHT_MARKET_BOMBCHU_SHOP_ITEM_3::206,50,50,YES,0,PASS
RANDOMIZER,Hint::RHT_MARKET_BOMBCHU_SHOP_ITEM_4::207,50,50,YES,0,PASS
RANDOMIZER,Hint::RHT_MARKET_BOMBCHU_SHOP_ITEM_5::208,50,50,YES,0,PASS
RANDOMIZER,Hint::RHT_MARKET_BOMBCHU_SHOP_ITEM_6::209,50,50,YES,0,PASS
RANDOMIZER,Hint::RHT_MARKET_BOMBCHU_SHOP_ITEM_7::210,50,50,YES,0,PASS
RANDOMIZER,Hint::RHT_MARKET_BOMBCHU_SHOP_ITEM_8::211,50,50,YES,0,PASS
RANDOMIZER,Hint::RHT_MARKET_POTION_SHOP_ITEM_1::212,59,59,YES,0,PASS
RANDOMIZER,Hint::RHT_MARKET_POTION_SHOP_ITEM_1::213,49,49,YES,0,PASS
RANDOMIZER,Hint::RHT_MARKET_POTION_SHOP_ITEM_2::214,59,59,YES,0,PASS
RANDOMIZER,Hint::RHT_MARKET_POTION_SHOP_ITEM_2::215,49,49,YES,0,PASS
RANDOMIZER,Hint::RHT_MARKET_POTION_SHOP_ITEM_3::216,59,59,YES,0,PASS
RANDOMIZER,Hint::RHT_MARKET_POTION_SHOP_ITEM_3::217,49,49,YES,0,PASS
RANDOMIZER,Hint::RHT_MARKET_POTION_SHOP_ITEM_4::218,59,59,YES,0,PASS
RANDOMIZER,Hint::RHT_MARKET_POTION_SHOP_ITEM_4::219,49,49,YES,0,PASS
RANDOMIZER,Hint::RHT_MARKET_POTION_SHOP_ITEM_5::220,59,59,YES,0,PASS
RANDOMIZER,Hint::RHT_MARKET_POTION_SHOP_ITEM_5::221,49,49,YES,0,PASS
RANDOMIZER,Hint::RHT_MARKET_POTION_SHOP_ITEM_6::222,59,59,YES,0,PASS
RANDOMIZER,Hint::RHT_MARKET_POTION_SHOP_ITEM_6::223,49,49,YES,0,PASS
RANDOMIZER,Hint::RHT_MARKET_POTION_SHOP_ITEM_7::224,59,59,YES,0,PASS
RANDOMIZER,Hint::RHT_MARKET_POTION_SHOP_ITEM_7::225,49,49,YES,0,PASS
RANDOMIZER,Hint::RHT_MARKET_POTION_SHOP_ITEM_8::226,59,59,YES,0,PASS
RANDOMIZER,Hint::RHT_MARKET_POTION_SHOP_ITEM_8::227,49,49,YES,0,PASS
RANDOMIZER,Hint::RHT_MARKET_BAZAAR_ITEM_1::228,46,46,YES,0,PASS
RANDOMIZER,Hint::RHT_MARKET_BAZAAR_ITEM_2::229,46,46,YES,0,PASS
RANDOMIZER,Hint::RHT_MARKET_BAZAAR_ITEM_3::230,46,46,YES,0,PASS
RANDOMIZER,Hint::RHT_MARKET_BAZAAR_ITEM_4::231,46,46,YES,0,PASS
RANDOMIZER,Hint::RHT_MARKET_BAZAAR_ITEM_5::232,46,46,YES,0,PASS
RANDOMIZER,Hint::RHT_MARKET_BAZAAR_ITEM_6::233,46,46,YES,0,PASS
RANDOMIZER,Hint::RHT_MARKET_BAZAAR_ITEM_7::234,46,46,YES,0,PASS
RANDOMIZER,Hint::RHT_MARKET_BAZAAR_ITEM_8::235,46,46,YES,0,PASS
RANDOMIZER,Hint::RHT_KAK_BAZAAR_ITEM_1::236,46,46,YES,0,PASS
RANDOMIZER,Hint::RHT_KAK_BAZAAR_ITEM_2::237,46,46,YES,0,PASS
RANDOMIZER,Hint::RHT_KAK_BAZAAR_ITEM_3::238,46,46,YES,0,PASS
RANDOMIZER,Hint::RHT_KAK_BAZAAR_ITEM_4::239,46,46,YES,0,PASS
RANDOMIZER,Hint::RHT_KAK_BAZAAR_ITEM_5::240,46,46,YES,0,PASS
RANDOMIZER,Hint::RHT_KAK_BAZAAR_ITEM_6::241,46,46,YES,0,PASS
RANDOMIZER,Hint::RHT_KAK_BAZAAR_ITEM_7::242,46,46,YES,0,PASS
RANDOMIZER,Hint::RHT_KAK_BAZAAR_ITEM_8::243,46,46,YES,0,PASS
RANDOMIZER,Hint::RHT_ZD_SHOP_ITEM_1::244,40,40,YES,0,PASS
RANDOMIZER,Hint::RHT_ZD_SHOP_ITEM_2::245,40,40,YES,0,PASS
RANDOMIZER,Hint::RHT_ZD_SHOP_ITEM_3::246,40,40,YES,0,PASS
RANDOMIZER,Hint::RHT_ZD_SHOP_ITEM_4::247,40,40,YES,0,PASS
RANDOMIZER,Hint::RHT_ZD_SHOP_ITEM_5::248,40,40,YES,0,PASS
RANDOMIZER,Hint::RHT_ZD_SHOP_ITEM_6::249,40,40,YES,0,PASS
RANDOMIZER,Hint::RHT_ZD_SHOP_ITEM_7::250,40,40,YES,0,PASS
RANDOMIZER,Hint::RHT_ZD_SHOP_ITEM_8::251,40,40,YES,0,PASS
RANDOMIZER,Hint::RHT_GC_SHOP_ITEM_1::252,41,41,YES,0,PASS
RANDOMIZER,Hint::RHT_GC_SHOP_ITEM_2::253,41,41,YES,0,PASS
RANDOMIZER,Hint::RHT_GC_SHOP_ITEM_3::254,41,41,YES,0,PASS
RANDOMIZER,Hint::RHT_GC_SHOP_ITEM_4::255,41,41,YES,0,PASS
RANDOMIZER,Hint::RHT_GC_SHOP_ITEM_5::256,41,41,YES,0,PASS
RANDOMIZER,Hint::RHT_GC_SHOP_ITEM_6::257,41,41,YES,0,PASS
RANDOMIZER,Hint::RHT_GC_SHOP_ITEM_7::258,41,41,YES,0,PASS
RANDOMIZER,Hint::RHT_GC_SHOP_ITEM_8::259,41,41,YES,0,PASS
RANDOMIZER,Hint::RHT_HF_DEKU_SCRUB_GROTTO::260,56,56,YES,0,PASS
RANDOMIZER,Hint::RHT_LLR_DEKU_SCRUB_GROTTO_LEFT::261,41,41,YES,0,PASS
RANDOMIZER,Hint::RHT_LLR_DEKU_SCRUB_GROTTO_RIGHT::262,41,41,YES,0,PASS
RANDOMIZER,Hint::RHT_LLR_DEKU_SCRUB_GROTTO_CENTER::263,41,41,YES,0,PASS
RANDOMIZER,Hint::RHT_LW_DEKU_SCRUB_NEAR_DEKU_THEATER_RIGHT::264,53,53,YES,0,PASS
RANDOMIZER,Hint::RHT_LW_DEKU_SCRUB_NEAR_DEKU_THEATER_LEFT::265,53,53,YES,0,PASS
RANDOMIZER,Hint::RHT_LW_DEKU_SCRUB_NEAR_BRIDGE::266,50,50,YES,0,PASS
RANDOMIZER,Hint::RHT_LW_DEKU_SCRUB_GROTTO_REAR::267,53,53,YES,0,PASS
RANDOMIZER,Hint::RHT_LW_DEKU_SCRUB_GROTTO_FRONT::268,53,53,YES,0,PASS
RANDOMIZER,Hint::RHT_SFM_DEKU_SCRUB_GROTTO_REAR::269,53,53,YES,0,PASS
RANDOMIZER,Hint::RHT_SFM_DEKU_SCRUB_GROTTO_FRONT::270,53,53,YES,0,PASS
RANDOMIZER,Hint::RHT_GC_DEKU_SCRUB_GROTTO_LEFT::271,41,41,YES,0,PASS
RANDOMIZER,Hint::RHT_GC_DEKU_SCRUB_GROTTO_RIGHT::272,41,41,YES,0,PASS
RANDOMIZER,Hint::RHT_GC_DEKU_SCRUB_GROTTO_CENTER::273,41,41,YES,0,PASS
RANDOMIZER,Hint::RHT_DMC_DEKU_SCRUB_GROTTO_LEFT::274,41,41,YES,0,PASS
RANDOMIZER,Hint::RHT_DMC_DEKU_SCRUB_GROTTO_RIGHT::275,41,41,YES,0,PASS
RANDOMIZER,Hint::RHT_DMC_DEKU_SCRUB_GROTTO_CENTER::276,41,41,YES,0,PASS
RANDOMIZER,Hint::RHT_ZR_DEKU_SCRUB_GROTTO_REAR::277,53,53,YES,0,PASS
RANDOMIZER,Hint::RHT_ZR_DEKU_SCRUB_GROTTO_FRONT::278,53,53,YES,0,PASS
RANDOMIZER,Hint::RHT_LH_DEKU_SCRUB_GROTTO_LEFT::279,41,41,YES,0,PASS
RANDOMIZER,Hint::RHT_LH_DEKU_SCRUB_GROTTO_RIGHT::280,41,41,YES,0,PASS
RANDOMIZER,Hint::RHT_LH_DEKU_SCRUB_GROTTO_CENTER::281,41,41,YES,0,PASS
RANDOMIZER,Hint::RHT_GV_DEKU_SCRUB_GROTTO_REAR::282,53,53,YES,0,PASS
RANDOMIZER,Hint::RHT_GV_DEKU_SCRUB_GROTTO_FRONT::283,53,53,YES,0,PASS
RANDOMIZER,Hint::RHT_COLOSSUS_DEKU_SCRUB_GROTTO_FRONT::284,53,53,YES,0,PASS
RANDOMIZER,Hint::RHT_COLOSSUS_DEKU_SCRUB_GROTTO_REAR::285,53,53,YES,0,PASS
RANDOMIZER,Hint::RHT_LLR_STABLES_LEFT_COW::286,49,49,YES,0,PASS
RANDOMIZER,Hint::RHT_LLR_STABLES_RIGHT_COW::287,49,49,YES,0,PASS
RANDOMIZER,Hint::RHT_LLR_TOWER_RIGHT_COW::288,56,56,YES,0,PASS
RANDOMIZER,Hint::RHT_LLR_TOWER_LEFT_COW::289,56,56,YES,0,PASS
RANDOMIZER,Hint::RHT_KAK_IMPAS_HOUSE_COW::290,57,57,YES,0,PASS
RANDOMIZER,Hint::RHT_DMT_COW_GROTTO_COW::291,55,55,YES,0,PASS
RANDOMIZER,Hint::RHT_BEEHIVE_CHEST_GROTTO::292,53,53,YES,0,PASS
RANDOMIZER,Hint::RHT_BEEHIVE_LONELY_SCRUB_GROTTO::293,62,62,YES,0,PASS
RANDOMIZER,Hint::RHT_BEEHIVE_SCRUB_PAIR_GROTTO::294,60,60,YES,0,PASS
RANDOMIZER,Hint::RHT_BEEHIVE_SCRUB_TRIO_GROTTO::295,61,61,YES,0,PASS
RANDOMIZER,Hint::RHT_BEEHIVE_COW_GROTTO::296,53,53,YES,0,PASS
RANDOMIZER,Hint::RHT_BEEHIVE_IN_FRONT_OF_KING_ZORA::297,65,65,YES,0,PASS
RANDOMIZER,Hint::RHT_BEEHIVE_BEHIND_KING_ZORA::298,66,66,YES,0,PASS
RANDOMIZER,Hint::RHT_POT_LINKS_HOUSE::299,58,58,YES,0,PASS
RANDOMIZER,Hint::RHT_POT_TWINS_HOUSE::300,61,61,YES,0,PASS
RANDOMIZER,Hint::RHT_POT_KNOW_IT_ALL::301,54,54,YES,0,PASS
RANDOMIZER,Hint::RHT_POT_WASTELAND::302,61,61,YES,0,PASS
RANDOMIZER,Hint::RHT_POT_GUARD_HOUSE::303,65,65,YES,0,PASS
RANDOMIZER,Hint::RHT_POT_POE_SHOP::304,59,59,YES,0,PASS
RANDOMIZER,Hint::RHT_POT_ALLEY_HOUSE::305,56,56,YES,0,PASS
RANDOMIZER,Hint::RHT_POT_KAKARIKO::306,59,59,YES,0,PASS
RANDOMIZER,Hint::RHT_POT_DAMPE::307,66,66,YES,0,PASS
RANDOMIZER,Hint::RHT_POT_GORON_CITY::308,57,57,YES,0,PASS
RANDOMIZER,Hint::RHT_POT_DEATH_MOUNTAIN_CRATER::309,74,74,YES,0,PASS
RANDOMIZER,Hint::RHT_POT_ZORAS_DOMAIN::310,57,57,YES,0,PASS
RANDOMIZER,Hint::RHT_POT_ZORAS_FOUNTAIN::311,56,56,YES,0,PASS
RANDOMIZER,Hint::RHT_POT_LON_LON_RANCH::312,59,59,YES,0,PASS
RANDOMIZER,Hint::RHT_POT_TALONS_HOUSE::313,64,64,YES,0,PASS
RANDOMIZER,Hint::RHT_POT_WEB_GROTTO::314,73,73,YES,0,PASS
RANDOMIZER,Hint::RHT_POT_MUD_WALL_GROTTO::315,59,59,YES,0,PASS
RANDOMIZER,Hint::RHT_KOKIRI_FOREST_RUPEE::316,59,59,YES,0,PASS
RANDOMIZER,Hint::RHT_KOKIRI_FOREST_HEART::317,60,60,YES,0,PASS
RANDOMIZER,Hint::RHT_SARIAS_HOUSE_HEART::318,70,70,YES,0,PASS
RANDOMIZER,Hint::RHT_LOST_WOODS_RUPEE::319,63,63,YES,0,PASS
RANDOMIZER,Hint::RHT_LOST_WOODS_SHORTCUT_RUPEE::320,64,64,YES,0,PASS
RANDOMIZER,Hint::RHT_LAKE_HYLIA_RUPEE::321,66,66,YES,0,PASS
RANDOMIZER,Hint::RHT_LABORATORY_RUPEE::322,56,56,YES,0,PASS
RANDOMIZER,Hint::RHT_DAMPES_GRAVE_RUPEE::323,71,71,YES,0,PASS
RANDOMIZER,Hint::RHT_GERUDO_VALLEY_GROTTO_RUPEE::324,66,66,YES,0,PASS
RANDOMIZER,Hint::RHT_DEATH_MOUNTAIN_TRAIL_RUPEE::325,78,78,YES,0,PASS
RANDOMIZER,Hint::RHT_DEATH_MOUNTAIN_TRAIL_GROTTO_HEART::326,67,67,YES,0,PASS
RANDOMIZER,Hint::RHT_DEATH_MOUNTAIN_TRAIL_GROTTO_RUPEE::327,67,67,YES,0,PASS
RANDOMIZER,Hint::RHT_DEATH_MOUNTAIN_CRATER_RUPEE::328,79,79,YES,0,PASS
RANDOMIZER,Hint::RHT_ZORAS_RIVER_WATERFALL_RUPEE::329,82,82,YES,0,PASS
RANDOMIZER,Hint::RHT_ZORAS_FOUNTAIN_RUPEE::330,82,82,YES,0,PASS
RANDOMIZER,Hint::RHT_SFM_FAIRY_GROTTO_FAIRY::331,73,73,YES,0,PASS
RANDOMIZER,Hint::RHT_ZR_FAIRY_GROTTO_FAIRY::332,60,60,YES,0,PASS
RANDOMIZER,Hint::RHT_HF_FAIRY_GROTTO_FAIRY::333,94,94,YES,0,PASS
RANDOMIZER,Hint::RHT_ZD_FAIRY_GROTTO_FAIRY::334,75,75,YES,0,PASS
RANDOMIZER,Hint::RHT_GF_FAIRY_GROTTO_FAIRY::335,78,78,YES,0,PASS
RANDOMIZER,Hint::RHT_GRAVEYARD_SHIELD_GRAVE_FAIRY::336,88,88,YES,0,PASS
RANDOMIZER,Hint::RHT_COLOSSUS_OASIS_FAIRY::337,56,56,YES,0,PASS
RANDOMIZER,Hint::RHT_ZR_BEAN_SPROUT_FAIRY::338,66,66,YES,0,PASS
RANDOMIZER,Hint::RHT_KF_BEAN_SPROUT_FAIRY::339,77,77,YES,0,PASS
RANDOMIZER,Hint::RHT_LW_BEAN_SPROUT_NEAR_BRIDGE_FAIRY::340,76,76,YES,0,PASS
RANDOMIZER,Hint::RHT_LW_BEAN_SPROUT_NEAR_THEATER_FAIRY::341,73,73,YES,0,PASS
RANDOMIZER,Hint::RHT_LH_BEAN_SPROUT_FAIRY::342,68,68,YES,0,PASS
RANDOMIZER,Hint::RHT_GV_BEAN_SPROUT_FAIRY::343,66,66,YES,0,PASS
RANDOMIZER,Hint::RHT_COLOSSUS_BEAN_SPROUT_FAIRY::344,77,77,YES,0,PASS
RANDOMIZER,Hint::RHT_GRAVEYARD_BEAN_SPROUT_FAIRY::345,70,70,YES,0,PASS
RANDOMIZER,Hint::RHT_DMC_BEAN_SPROUT_FAIRY::346,66,66,YES,0,PASS
RANDOMIZER,Hint::RHT_DMT_BEAN_SPROUT_FAIRY::347,73,73,YES,0,PASS
RANDOMIZER,Hint::RHT_TOT_GOSSIP_STONE_FAIRY::348,94,94,YES,0,PASS
RANDOMIZER,Hint::RHT_TOT_GOSSIP_STONE_FAIRY_BIG::349,105,105,YES,0,PASS
RANDOMIZER,Hint::RHT_DMC_GOSSIP_STONE_FAIRY::350,87,87,YES,0,PASS
RANDOMIZER,Hint::RHT_DMC_GOSSIP_STONE_FAIRY_BIG::351,98,98,YES,0,PASS
RANDOMIZER,Hint::RHT_DMT_GOSSIP_STONE_FAIRY::352,100,100,YES,0,PASS
RANDOMIZER,Hint::RHT_DMT_GOSSIP_STONE_FAIRY_BIG::353,111,111,YES,0,PASS
RANDOMIZER,Hint::RHT_COLOSSUS_GOSSIP_STONE_FAIRY::354,96,96,YES,0,PASS
RANDOMIZER,Hint::RHT_COLOSSUS_GOSSIP_STONE_FAIRY_BIG::355,107,107,YES,0,PASS
RANDOMIZER,Hint::RHT_GV_GOSSIP_STONE_FAIRY::356,98,98,YES,0,PASS
RANDOMIZER,Hint::RHT_GV_GOSSIP_STONE_FAIRY_BIG::357,109,109,YES,0,PASS
RANDOMIZER,Hint::RHT_GC_MAZE_GOSSIP_STONE_FAIRY::358,99,99,YES,0,PASS
RANDOMIZER,Hint::RHT_GC_MAZE_GOSSIP_STONE_FAIRY_BIG::359,110,110,YES,0,PASS
RANDOMIZER,Hint::RHT_GC_MEDIGORON_GOSSIP_STONE_FAIRY::360,87,87,YES,0,PASS
RANDOMIZER,Hint::RHT_GC_MEDIGORON_GOSSIP_STONE_FAIRY_BIG::361,98,98,YES,0,PASS
RANDOMIZER,Hint::RHT_GRAVEYARD_GOSSIP_STONE_FAIRY::362,92,92,YES,0,PASS
RANDOMIZER,Hint::RHT_GRAVEYARD_GOSSIP_STONE_FAIRY_BIG::363,103,103,YES,0,PASS
RANDOMIZER,Hint::RHT_HC_MALON_GOSSIP_STONE_FAIRY::364,106,106,YES,0,PASS
RANDOMIZER,Hint::RHT_HC_MALON_GOSSIP_STONE_FAIRY_BIG::365,117,117,YES,0,PASS
RANDOMIZER,Hint::RHT_HC_ROCK_WALL_GOSSIP_STONE_FAIRY::366,106,106,YES,0,PASS
RANDOMIZER,Hint::RHT_HC_ROCK_WALL_GOSSIP_STONE_FAIRY_BIG::367,117,117,YES,0,PASS
RANDOMIZER,Hint::RHT_HC_STORMS_GROTTO_GOSSIP_STONE_FAIRY::368,87,87,YES,0,PASS
RANDOMIZER,Hint::RHT_HC_STORMS_GROTTO_GOSSIP_STONE_FAIRY_BIG::369,98,98,YES,0,PASS
RANDOMIZER,Hint::RHT_KF_DEKU_TREE_GOSSIP_STONE_FAIRY::370,95,95,YES,0,PASS
RANDOMIZER,Hint::RHT_KF_DEKU_TREE_GOSSIP_STONE_FAIRY_BIG::371,106,106,YES,0,PASS
RANDOMIZER,Hint::RHT_KF_GOSSIP_STONE_FAIRY::372,99,99,YES,0,PASS
RANDOMIZER,Hint::RHT_KF_GOSSIP_STONE_FAIRY_BIG::373,110,110,YES,0,PASS
RANDOMIZER,Hint::RHT_KF_STORMS_GROTTO_GOSSIP_STONE_FAIRY::374,98,98,YES,0,PASS
RANDOMIZER,Hint::RHT_KF_STORMS_GROTTO_GOSSIP_STONE_FAIRY_BIG::375,109,109,YES,0,PASS
RANDOMIZER,Hint::RHT_LH_LAB_GOSSIP_STONE_FAIRY::376,106,106,YES,0,PASS
RANDOMIZER,Hint::RHT_LH_LAB_GOSSIP_STONE_FAIRY_BIG::377,117,117,YES,0,PASS
RANDOMIZER,Hint::RHT_LH_SOUTHEAST_GOSSIP_STONE_FAIRY::378,98,98,YES,0,PASS
RANDOMIZER,Hint::RHT_LH_SOUTHEAST_GOSSIP_STONE_FAIRY_BIG::379,109,109,YES,0,PASS
RANDOMIZER,Hint::RHT_LH_SOUTHWEST_GOSSIP_STONE_FAIRY::380,98,98,YES,0,PASS
RANDOMIZER,Hint::RHT_LH_SOUTHWEST_GOSSIP_STONE_FAIRY_BIG::381,109,109,YES,0,PASS
RANDOMIZER,Hint::RHT_LW_GOSSIP_STONE_FAIRY::382,95,95,YES,0,PASS
RANDOMIZER,Hint::RHT_LW_GOSSIP_STONE_FAIRY_BIG::383,106,106,YES,0,PASS
RANDOMIZER,Hint::RHT_SFM_MAZE_GOSSIP_STONE_FAIRY::384,102,102,YES,0,PASS
RANDOMIZER,Hint::RHT_SFM_MAZE_GOSSIP_STONE_FAIRY_BIG::385,113,113,YES,0,PASS
RANDOMIZER,Hint::RHT_SFM_SARIA_GOSSIP_STONE_FAIRY::386,104,104,YES,0,PASS
RANDOMIZER,Hint::RHT_SFM_SARIA_GOSSIP_STONE_FAIRY_BIG::387,115,115,YES,0,PASS
RANDOMIZER,Hint::RHT_ZD_GOSSIP_STONE_FAIRY::388,97,97,YES,0,PASS
RANDOMIZER,Hint::RHT_ZD_GOSSIP_STONE_FAIRY_BIG::389,108,108,YES,0,PASS
RANDOMIZER,Hint::RHT_ZF_FAIRY_GOSSIP_STONE_FAIRY::390,105,105,YES,0,PASS
RANDOMIZER,Hint::RHT_ZF_FAIRY_GOSSIP_STONE_FAIRY_BIG::391,116,116,YES,0,PASS
RANDOMIZER,Hint::RHT_ZF_JABU_GOSSIP_STONE_FAIRY::392,100,100,YES,0,PASS
RANDOMIZER,Hint::RHT_ZF_JABU_GOSSIP_STONE_FAIRY_BIG::393,111,111,YES,0,PASS
RANDOMIZER,Hint::RHT_ZR_NEAR_GROTTOS_GOSSIP_STONE_FAIRY::394,85,85,YES,0,PASS
RANDOMIZER,Hint::RHT_ZR_NEAR_GROTTOS_GOSSIP_STONE_FAIRY_BIG::395,96,96,YES,0,PASS
RANDOMIZER,Hint::RHT_ZR_NEAR_DOMAIN_GOSSIP_STONE_FAIRY::396,89,89,YES,0,PASS
RANDOMIZER,Hint::RHT_ZR_NEAR_DOMAIN_GOSSIP_STONE_FAIRY_BIG::397,100,100,YES,0,PASS
RANDOMIZER,Hint::RHT_HF_COW_GROTTO_GOSSIP_STONE_FAIRY::398,95,95,YES,0,PASS
RANDOMIZER,Hint::RHT_HF_COW_GROTTO_GOSSIP_STONE_FAIRY_BIG::399,106,106,YES,0,PASS
RANDOMIZER,Hint::RHT_HF_NEAR_MARKET_GROTTO_GOSSIP_STONE_FAIRY::400,99,99,YES,0,PASS
RANDOMIZER,Hint::RHT_HF_NEAR_MARKET_GROTTO_GOSSIP_STONE_FAIRY_BIG::401,110,110,YES,0,PASS
RANDOMIZER,Hint::RHT_HF_SOUTHEAST_GROTTO_GOSSIP_STONE_FAIRY::402,111,111,YES,0,PASS
RANDOMIZER,Hint::RHT_HF_SOUTHEAST_GROTTO_GOSSIP_STONE_FAIRY_BIG::403,122,122,YES,0,PASS
RANDOMIZER,Hint::RHT_KAK_OPEN_GROTTO_GOSSIP_STONE_FAIRY::404,109,109,YES,0,PASS
RANDOMIZER,Hint::RHT_KAK_OPEN_GROTTO_GOSSIP_STONE_FAIRY_BIG::405,120,120,YES,0,PASS
RANDOMIZER,Hint::RHT_ZR_OPEN_GROTTO_GOSSIP_STONE_FAIRY::406,103,103,YES,0,PASS
RANDOMIZER,Hint::RHT_ZR_OPEN_GROTTO_GOSSIP_STONE_FAIRY_BIG::407,114,114,YES,0,PASS
RANDOMIZER,Hint::RHT_LW_NEAR_SHORTCUTS_GROTTO_GOSSIP_STONE_FAIRY::408,99,99,YES,0,PASS
RANDOMIZER,Hint::RHT_LW_NEAR_SHORTCUTS_GROTTO_GOSSIP_STONE_FAIRY_BIG::409,110,110,YES,0,PASS
RANDOMIZER,Hint::RHT_DMT_STORMS_GROTTO_GOSSIP_STONE_FAIRY::410,122,122,YES,0,PASS
RANDOMIZER,Hint::RHT_DMT_STORMS_GROTTO_GOSSIP_STONE_FAIRY_BIG::411,133,133,YES,0,PASS
RANDOMIZER,Hint::RHT_DMC_UPPER_GROTTO_GOSSIP_STONE_FAIRY::412,99,99,YES,0,PASS
RANDOMIZER,Hint::RHT_DMC_UPPER_GROTTO_GOSSIP_STONE_FAIRY_BIG::413,110,110,YES,0,PASS
RANDOMIZER,Hint::RHT_LH_ISLAND_SUN_FAIRY::414,61,61,YES,0,PASS
RANDOMIZER,Hint::RHT_HF_POND_STORMS_FAIRY::415,63,63,YES,0,PASS
RANDOMIZER,Hint::RHT_HF_FENCE_GROTTO_STORMS_FAIRY::416,66,66,YES,0,PASS
RANDOMIZER,Hint::RHT_DMT_FLAG_SUN_FAIRY::417,74,74,YES,0,PASS
RANDOMIZER,Hint::RHT_DMT_COW_GROTTO_STORMS_FAIRY::418,70,70,YES,0,PASS
RANDOMIZER,Hint::RHT_LW_SHORTCUT_STORMS_FAIRY::419,62,62,YES,0,PASS
RANDOMIZER,Hint::RHT_TH_KITCHEN_SUN_FAIRY::420,65,65,YES,0,PASS
RANDOMIZER,Hint::RHT_LW_DEKU_SCRUB_GROTTO_SUN_FAIRY::421,79,79,YES,0,PASS
RANDOMIZER,Hint::RHT_GRAVEYARD_ROYAL_FAMILYS_TOMB_SUN_FAIRY::422,58,58,YES,0,PASS
RANDOMIZER,Hint::RHT_KF_GRASS::423,63,63,YES,0,PASS
RANDOMIZER,Hint::RHT_LW_GRASS::424,65,65,YES,0,PASS
RANDOMIZER,Hint::RHT_MARKET_GRASS::425,64,64,YES,0,PASS
RANDOMIZER,Hint::RHT_HC_GRASS::426,69,69,YES,0,PASS
RANDOMIZER,Hint::RHT_KAK_GRASS::427,63,63,YES,0,PASS
RANDOMIZER,Hint::RHT_GY_GRASS::428,67,67,YES,0,PASS
RANDOMIZER,Hint::RHT_LH_GRASS::429,67,67,YES,0,PASS
RANDOMIZER,Hint::RHT_HF_GRASS::430,62,62,YES,0,PASS
RANDOMIZER,Hint::RHT_ZR_GRASS::431,66,66,YES,0,PASS
RANDOMIZER,Hint::RHT_GROTTO_GRASS::432,63,63,YES,0,PASS
RANDOMIZER,Hint::RHT_CRATE_GERUDO_VALLEY::433,55,55,YES,0,PASS
RANDOMIZER,Hint::RHT_CRATE_GERUDOS_FORTRESS::434,59,59,YES,0,PASS
RANDOMIZER,Hint::RHT_CRATE_WASTELAND::435,59,59,YES,0,PASS
RANDOMIZER,Hint::RHT_CRATE_MARKET::436,50,50,YES,0,PASS
RANDOMIZER,Hint::RHT_CRATE_KAKARIKO_VILLAGE::437,57,57,YES,0,PASS
RANDOMIZER,Hint::RHT_CRATE_GRAVEYARD::438,53,53,YES,0,PASS
RANDOMIZER,Hint::RHT_CRATE_GORON_CITY::439,55,55,YES,0,PASS
RANDOMIZER,Hint::RHT_CRATE_DEATH_MOUNTAIN_CRATER::440,72,72,YES,0,PASS
RANDOMIZER,Hint::RHT_CRATE_LON_LON_RANCH::441,57,57,YES,0,PASS
RANDOMIZER,Hint::RHT_CRATE_LAKESIDE_LABORATORY::442,54,54,YES,0,PASS
RANDOMIZER,Hint::RHT_TREE_HYRULE_FIELD::443,55,55,YES,0,PASS
RANDOMIZER,Hint::RHT_TREE_MARKET::444,57,57,YES,0,PASS
RANDOMIZER,Hint::RHT_TREE_HYRULE_CASTLE::445,58,58,YES,0,PASS
RANDOMIZER,Hint::RHT_TREE_ZORAS_RIVER::446,51,51,YES,0,PASS
RANDOMIZER,Hint::RHT_TREE_ZORAS_FOUNTAIN::447,54,54,YES,0,PASS
RANDOMIZER,Hint::RHT_TREE_LON_LON_RANCH::448,57,57,YES,0,PASS
RANDOMIZER,Hint::RHT_KOKIRI_SWORD::0,16,16,YES,0,PASS
RANDOMIZER,Hint::RHT_KOKIRI_SWORD::1,10,10,YES,0,PASS
RANDOMIZER,Hint::RHT_KOKIRI_SWORD::2,26,26,YES,0,PASS
RANDOMIZER,Hint::RHT_KOKIRI_SWORD::3,19,19,YES,0,PASS
RANDOMIZER,Hint::RHT_KOKIRI_SWORD::4,10,10,YES,0,PASS
RANDOMIZER,Hint::RHT_MASTER_SWORD::5,17,17,YES,0,PASS
RANDOMIZER,Hint::RHT_MASTER_SWORD::6,10,10,YES,0,PASS
RANDOMIZER,Hint::RHT_MASTER_SWORD::7,16,16,YES,0,PASS
RANDOMIZER,Hint::RHT_MASTER_SWORD::8,22,22,YES,0,PASS
RANDOMIZER,Hint::RHT_GIANTS_KNIFE::9,23,23,YES,0,PASS
RANDOMIZER,Hint::RHT_GIANTS_KNIFE::10,10,10,YES,0,PASS
RANDOMIZER,Hint::RHT_GIANTS_KNIFE::11,15,15,YES,0,PASS
RANDOMIZER,Hint::RHT_GIANTS_KNIFE::12,19,19,YES,0,PASS
RANDOMIZER,Hint::RHT_BIGGORON_SWORD::13,18,18,YES,0,PASS
RANDOMIZER,Hint::RHT_BIGGORON_SWORD::14,10,10,YES,0,PASS
RANDOMIZER,Hint::RHT_BIGGORON_SWORD::15,18,18,YES,0,PASS
RANDOMIZER,Hint::RHT_BIGGORON_SWORD::16,18,18,YES,0,PASS
RANDOMIZER,Hint::RHT_DEKU_SHIELD::17,14,14,YES,0,PASS
RANDOMIZER,Hint::RHT_DEKU_SHIELD::18,9,9,YES,0,PASS
RANDOMIZER,Hint::RHT_DEKU_SHIELD::19,17,17,YES,0,PASS
RANDOMIZER,Hint::RHT_DEKU_SHIELD::20,20,20,YES,0,PASS
RANDOMIZER,Hint::RHT_HYLIAN_SHIELD::21,17,17,YES,0,PASS
RANDOMIZER,Hint::RHT_HYLIAN_SHIELD::22,9,9,YES,0,PASS
RANDOMIZER,Hint::RHT_HYLIAN_SHIELD::23,21,21,YES,0,PASS
RANDOMIZER,Hint::RHT_HYLIAN_SHIELD::24,32,32,YES,0,PASS
RANDOMIZER,Hint::RHT_MIRROR_SHIELD::25,16,16,YES,0,PASS
RANDOMIZER,Hint::RHT_MIRROR_SHIELD::26,9,9,YES,0,PASS
RANDOMIZER,Hint::RHT_MIRROR_SHIELD::27,21,21,YES,0,PASS
RANDOMIZER,Hint::RHT_MIRROR_SHIELD::28,22,22,YES,0,PASS
RANDOMIZER,Hint::RHT_MIRROR_SHIELD::29,23,23,YES,0,PASS
RANDOMIZER,Hint::RHT_GORON_TUNIC::30,16,16,YES,0,PASS
RANDOMIZER,Hint::RHT_GORON_TUNIC::31,10,10,YES,0,PASS
RANDOMIZER,Hint::RHT_GORON_TUNIC::32,16,16,YES,0,PASS
RANDOMIZER,Hint::RHT_GORON_TUNIC::33,22,22,YES,0,PASS
RANDOMIZER,Hint::RHT_GORON_TUNIC::34,14,14,YES,0,PASS
RANDOMIZER,Hint::RHT_ZORA_TUNIC::35,15,15,YES,0,PASS
RANDOMIZER,Hint::RHT_ZORA_TUNIC::36,10,10,YES,0,PASS
RANDOMIZER,Hint::RHT_ZORA_TUNIC::37,9,9,YES,0,PASS
RANDOMIZER,Hint::RHT_ZORA_TUNIC::38,18,18,YES,0,PASS
RANDOMIZER,Hint::RHT_ZORA_TUNIC::39,15,15,YES,0,PASS
RANDOMIZER,Hint::RHT_ZORA_TUNIC::40,16,16,YES,0,PASS
RANDOMIZER,Hint::RHT_IRON_BOOTS::41,19,19,YES,0,PASS
RANDOMIZER,Hint::RHT_IRON_BOOTS::42,10,10,YES,0,PASS
RANDOMIZER,Hint::RHT_IRON_BOOTS::43,38,38,YES,0,PASS
RANDOMIZER,Hint::RHT_IRON_BOOTS::44,11,11,YES,0,PASS
RANDOMIZER,Hint::RHT_IRON_BOOTS::45,22,22,YES,0,PASS
RANDOMIZER,Hint::RHT_IRON_BOOTS::46,18,18,YES,0,PASS
RANDOMIZER,Hint::RHT_HOVER_BOOTS::47,19,19,YES,0,PASS
RANDOMIZER,Hint::RHT_HOVER_BOOTS::48,10,10,YES,0,PASS
RANDOMIZER,Hint::RHT_HOVER_BOOTS::49,20,20,YES,0,PASS
RANDOMIZER,Hint::RHT_HOVER_BOOTS::50,19,19,YES,0,PASS
RANDOMIZER,Hint::RHT_HOVER_BOOTS::51,22,22,YES,0,PASS
RANDOMIZER,Hint::RHT_ZELDAS_LETTER::52,17,17,YES,0,PASS
RANDOMIZER,Hint::RHT_ZELDAS_LETTER::53,12,12,YES,0,PASS
RANDOMIZER,Hint::RHT_ZELDAS_LETTER::54,10,10,YES,0,PASS
RANDOMIZER,Hint::RHT_ZELDAS_LETTER::55,11,11,YES,0,PASS
RANDOMIZER,Hint::RHT_WEIRD_EGG::56,13,13,YES,0,PASS
RANDOMIZER,Hint::RHT_WEIRD_EGG::57,8,8,YES,0,PASS
RANDOMIZER,Hint::RHT_WEIRD_EGG::58,18,18,YES,0,PASS
RANDOMIZER,Hint::RHT_BOOMERANG::59,10,10,YES,0,PASS
RANDOMIZER,Hint::RHT_BOOMERANG::60,28,28,YES,0,PASS
RANDOMIZER,Hint::RHT_BOOMERANG::61,22,22,YES,0,PASS
RANDOMIZER,Hint::RHT_BOOMERANG::62,10,10,YES,0,PASS
RANDOMIZER,Hint::RHT_BOOMERANG::63,18,18,YES,0,PASS
RANDOMIZER,Hint::RHT_BOOMERANG::64,18,18,YES,0,PASS
RANDOMIZER,Hint::RHT_LENS_OF_TRUTH::65,21,21,YES,0,PASS
RANDOMIZER,Hint::RHT_LENS_OF_TRUTH::66,39,39,YES,0,PASS
RANDOMIZER,Hint::RHT_LENS_OF_TRUTH::67,23,23,YES,0,PASS
RANDOMIZER,Hint::RHT_LENS_OF_TRUTH::68,26,26,YES,0,PASS
RANDOMIZER,Hint::RHT_LENS_OF_TRUTH::69,16,16,YES,0,PASS
RANDOMIZER,Hint::RHT_LENS_OF_TRUTH::70,28,28,YES,0,PASS
RANDOMIZER,Hint::RHT_MEGATON_HAMMER::71,19,19,YES,0,PASS
RANDOMIZER,Hint::RHT_MEGATON_HAMMER::72,27,27,YES,0,PASS
RANDOMIZER,Hint::RHT_MEGATON_HAMMER::73,25,25,YES,0,PASS
RANDOMIZER,Hint::RHT_MEGATON_HAMMER::74,16,16,YES,0,PASS
RANDOMIZER,Hint::RHT_MEGATON_HAMMER::75,19,19,YES,0,PASS
RANDOMIZER,Hint::RHT_STONE_OF_AGONY::76,19,19,YES,0,PASS
RANDOMIZER,Hint::RHT_STONE_OF_AGONY::77,34,34,YES,0,PASS
RANDOMIZER,Hint::RHT_STONE_OF_AGONY::78,39,39,YES,0,PASS
RANDOMIZER,Hint::RHT_STONE_OF_AGONY::79,20,20,YES,0,PASS
RANDOMIZER,Hint::RHT_STONE_OF_AGONY::80,15,15,YES,0,PASS
RANDOMIZER,Hint::RHT_DINS_FIRE::81,15,15,YES,0,PASS
RANDOMIZER,Hint::RHT_DINS_FIRE::82,25,25,YES,0,PASS
RANDOMIZER,Hint::RHT_DINS_FIRE::83,11,11,YES,0,PASS
RANDOMIZER,Hint::RHT_DINS_FIRE::84,16,16,YES,0,PASS
RANDOMIZER,Hint::RHT_DINS_FIRE::85,13,13,YES,0,PASS
RANDOMIZER,Hint::RHT_FARORES_WIND::86,19,19,YES,0,PASS
RANDOMIZER,Hint::RHT_FARORES_WIND::87,25,25,YES,0,PASS
RANDOMIZER,Hint::RHT_FARORES_WIND::88,18,18,YES,0,PASS
RANDOMIZER,Hint::RHT_FARORES_WIND::89,23,23,YES,0,PASS
RANDOMIZER,Hint::RHT_FARORES_WIND::90,14,14,YES,0,PASS
RANDOMIZER,Hint::RHT_NAYRUS_LOVE::91,16,16,YES,0,PASS
RANDOMIZER,Hint::RHT_NAYRUS_LOVE::92,25,25,YES,0,PASS
RANDOMIZER,Hint::RHT_NAYRUS_LOVE::93,17,17,YES,0,PASS
RANDOMIZER,Hint::RHT_NAYRUS_LOVE::94,20,20,YES,0,PASS
RANDOMIZER,Hint::RHT_NAYRUS_LOVE::95,16,16,YES,0,PASS
RANDOMIZER,Hint::RHT_FIRE_ARROWS::96,20,20,YES,0,PASS
RANDOMIZER,Hint::RHT_FIRE_ARROWS::97,17,17,YES,0,PASS
RANDOMIZER,Hint::RHT_FIRE_ARROWS::98,16,16,YES,0,PASS
RANDOMIZER,Hint::RHT_FIRE_ARROWS::99,20,20,YES,0,PASS
RANDOMIZER,Hint::RHT_FIRE_ARROWS::100,17,17,YES,0,PASS
RANDOMIZER,Hint::RHT_ICE_ARROWS::101,20,20,YES,0,PASS
RANDOMIZER,Hint::RHT_ICE_ARROWS::102,17,17,YES,0,PASS
RANDOMIZER,Hint::RHT_ICE_ARROWS::103,22,22,YES,0,PASS
RANDOMIZER,Hint::RHT_ICE_ARROWS::104,22,22,YES,0,PASS
RANDOMIZER,Hint::RHT_ICE_ARROWS::105,25,25,YES,0,PASS
RANDOMIZER,Hint::RHT_ICE_ARROWS::106,25,25,YES,0,PASS
RANDOMIZER,Hint::RHT_LIGHT_ARROWS::107,18,18,YES,0,PASS
RANDOMIZER,Hint::RHT_LIGHT_ARROWS::108,17,17,YES,0,PASS
RANDOMIZER,Hint::RHT_LIGHT_ARROWS::109,17,17,YES,0,PASS
RANDOMIZER,Hint::RHT_LIGHT_ARROWS::110,20,20,YES,0,PASS
RANDOMIZER,Hint::RHT_LIGHT_ARROWS::111,21,21,YES,0,PASS
RANDOMIZER,Hint::RHT_LIGHT_ARROWS::112,16,16,YES,0,PASS
RANDOMIZER,Hint::RHT_GERUDO_MEMBERSHIP_CARD::113,30,30,YES,0,PASS
RANDOMIZER,Hint::RHT_GERUDO_MEMBERSHIP_CARD::114,28,28,YES,0,PASS
RANDOMIZER,Hint::RHT_GERUDO_MEMBERSHIP_CARD::115,31,31,YES,0,PASS
RANDOMIZER,Hint::RHT_GERUDO_MEMBERSHIP_CARD::116,32,32,YES,0,PASS
RANDOMIZER,Hint::RHT_MAGIC_BEAN::117,16,16,YES,0,PASS
RANDOMIZER,Hint::RHT_MAGIC_BEAN::118,22,22,YES,0,PASS
RANDOMIZER,Hint::RHT_MAGIC_BEAN::119,19,19,YES,0,PASS
RANDOMIZER,Hint::RHT_MAGIC_BEAN_PACK::120,16,16,YES,0,PASS
RANDOMIZER,Hint::RHT_MAGIC_BEAN_PACK::121,22,22,YES,0,PASS
RANDOMIZER,Hint::RHT_MAGIC_BEAN_PACK::122,17,17,YES,0,PASS
RANDOMIZER,Hint::RHT_DOUBLE_DEFENSE::123,13,13,YES,0,PASS
RANDOMIZER,Hint::RHT_DOUBLE_DEFENSE::124,25,25,YES,0,PASS
RANDOMIZER,Hint::RHT_DOUBLE_DEFENSE::125,25,25,YES,0,PASS
RANDOMIZER,Hint::RHT_DOUBLE_DEFENSE::126,18,18,YES,0,PASS
RANDOMIZER,Hint::RHT_DOUBLE_DEFENSE::127,17,17,YES,0,PASS
RANDOMIZER,Hint::RHT_DOUBLE_DEFENSE::128,16,16,YES,0,PASS
RANDOMIZER,Hint::RHT_GOLD_SKULLTULA_TOKEN::129,28,28,YES,0,PASS
RANDOMIZER,Hint::RHT_GOLD_SKULLTULA_TOKEN::130,28,28,YES,0,PASS
RANDOMIZER,Hint::RHT_GOLD_SKULLTULA_TOKEN::131,22,22,YES,0,PASS
RANDOMIZER,Hint::RHT_GOLD_SKULLTULA_TOKEN::132,21,21,YES,0,PASS
RANDOMIZER,Hint::RHT_GOLD_SKULLTULA_TOKEN::133,18,18,YES,0,PASS
RANDOMIZER,Hint::RHT_GOLD_SKULLTULA_TOKEN::134,15,15,YES,0,PASS
RANDOMIZER,Hint::RHT_GOLD_SKULLTULA_TOKEN::135,30,30,YES,0,PASS
RANDOMIZER,Hint::RHT_POCKET_EGG::136,20,20,YES,0,PASS
RANDOMIZER,Hint::RHT_POCKET_EGG::137,34,34,YES,0,PASS
RANDOMIZER,Hint::RHT_POCKET_EGG::138,8,8,YES,0,PASS
RANDOMIZER,Hint::RHT_POCKET_EGG::139,22,22,YES,0,PASS
RANDOMIZER,Hint::RHT_POCKET_EGG::140,23,23,YES,0,PASS
RANDOMIZER,Hint::RHT_POCKET_EGG::141,12,12,YES,0,PASS
RANDOMIZER,Hint::RHT_POCKET_CUCCO::142,20,20,YES,0,PASS
RANDOMIZER,Hint::RHT_POCKET_CUCCO::143,34,34,YES,0,PASS
RANDOMIZER,Hint::RHT_POCKET_CUCCO::144,10,10,YES,0,PASS
RANDOMIZER,Hint::RHT_COJIRO::145,6,6,YES,0,PASS
RANDOMIZER,Hint::RHT_COJIRO::146,34,34,YES,0,PASS
RANDOMIZER,Hint::RHT_COJIRO::147,16,16,YES,0,PASS
RANDOMIZER,Hint::RHT_ODD_MUSHROOM::148,16,16,YES,0,PASS
RANDOMIZER,Hint::RHT_ODD_MUSHROOM::149,34,34,YES,0,PASS
RANDOMIZER,Hint::RHT_ODD_MUSHROOM::150,23,23,YES,0,PASS
RANDOMIZER,Hint::RHT_ODD_POTION::151,18,18,YES,0,PASS
RANDOMIZER,Hint::RHT_ODD_POTION::152,26,26,YES,0,PASS
RANDOMIZER,Hint::RHT_ODD_POTION::153,24,24,YES,0,PASS
RANDOMIZER,Hint::RHT_ODD_POTION::154,34,34,YES,0,PASS
RANDOMIZER,Hint::RHT_ODD_POTION::155,26,26,YES,0,PASS
RANDOMIZER,Hint::RHT_POACHERS_SAW::156,21,21,YES,0,PASS
RANDOMIZER,Hint::RHT_POACHERS_SAW::157,34,34,YES,0,PASS
RANDOMIZER,Hint::RHT_POACHERS_SAW::158,21,21,YES,0,PASS
RANDOMIZER,Hint::RHT_BROKEN_SWORD::159,20,20,YES,0,PASS
RANDOMIZER,Hint::RHT_BROKEN_SWORD::160,34,34,YES,0,PASS
RANDOMIZER,Hint::RHT_BROKEN_SWORD::161,10,10,YES,0,PASS
RANDOMIZER,Hint::RHT_BROKEN_SWORD::162,24,24,YES,0,PASS
RANDOMIZER,Hint::RHT_PRESCRIPTION::163,9,9,YES,0,PASS
RANDOMIZER,Hint::RHT_PRESCRIPTION::164,34,34,YES,0,PASS
RANDOMIZER,Hint::RHT_PRESCRIPTION::165,23,23,YES,0,PASS
RANDOMIZER,Hint::RHT_PRESCRIPTION::166,19,19,YES,0,PASS
RANDOMIZER,Hint::RHT_EYEBALL_FROG::167,15,15,YES,0,PASS
RANDOMIZER,Hint::RHT_EYEBALL_FROG::168,34,34,YES,0,PASS
RANDOMIZER,Hint::RHT_EYEBALL_FROG::169,23,23,YES,0,PASS
RANDOMIZER,Hint::RHT_EYEDROPS::170,23,23,YES,0,PASS
RANDOMIZER,Hint::RHT_EYEDROPS::171,34,34,YES,0,PASS
RANDOMIZER,Hint::RHT_EYEDROPS::172,19,19,YES,0,PASS
RANDOMIZER,Hint::RHT_CLAIM_CHECK::173,7,7,YES,0,PASS
RANDOMIZER,Hint::RHT_CLAIM_CHECK::174,34,34,YES,0,PASS
RANDOMIZER,Hint::RHT_CLAIM_CHECK::175,23,23,YES,0,PASS
RANDOMIZER,Hint::RHT_PROGRESSIVE_HOOKSHOT::176,10,10,YES,0,PASS
RANDOMIZER,Hint::RHT_PROGRESSIVE_HOOKSHOT::177,28,28,YES,0,PASS
RANDOMIZER,Hint::RHT_PROGRESSIVE_HOOKSHOT::178,22,22,YES,0,PASS
RANDOMIZER,Hint::RHT_PROGRESSIVE_HOOKSHOT::179,20,20,YES,0,PASS
RANDOMIZER,Hint::RHT_PROGRESSIVE_HOOKSHOT::180,17,17,YES,0,PASS
RANDOMIZER,Hint::RHT_PROGRESSIVE_HOOKSHOT::181,16,16,YES,0,PASS
RANDOMIZER,Hint::RHT_PROGRESSIVE_STRENGTH::182,20,20,YES,0,PASS
RANDOMIZER,Hint::RHT_PROGRESSIVE_STRENGTH::183,27,27,YES,0,PASS
RANDOMIZER,Hint::RHT_PROGRESSIVE_STRENGTH::184,16,16,YES,0,PASS
RANDOMIZER,Hint::RHT_PROGRESSIVE_STRENGTH::185,17,17,YES,0,PASS
RANDOMIZER,Hint::RHT_PROGRESSIVE_STRENGTH::186,20,20,YES,0,PASS
RANDOMIZER,Hint::RHT_PROGRESSIVE_BOMB_BAG::187,19,19,YES,0,PASS
RANDOMIZER,Hint::RHT_PROGRESSIVE_BOMB_BAG::188,10,10,YES,0,PASS
RANDOMIZER,Hint::RHT_PROGRESSIVE_BOMB_BAG::189,27,27,YES,0,PASS
RANDOMIZER,Hint::RHT_PROGRESSIVE_BOMB_BAG::190,23,23,YES,0,PASS
RANDOMIZER,Hint::RHT_PROGRESSIVE_BOMB_BAG::191,24,24,YES,0,PASS
RANDOMIZER,Hint::RHT_PROGRESSIVE_BOW::192,15,15,YES,0,PASS
RANDOMIZER,Hint::RHT_PROGRESSIVE_BOW::193,26,26,YES,0,PASS
RANDOMIZER,Hint::RHT_PROGRESSIVE_BOW::194,31,31,YES,0,PASS
RANDOMIZER,Hint::RHT_PROGRESSIVE_BOW::195,32,32,YES,0,PASS
RANDOMIZER,Hint::RHT_PROGRESSIVE_SLINGSHOT::196,10,10,YES,0,PASS
RANDOMIZER,Hint::RHT_PROGRESSIVE_SLINGSHOT::197,26,26,YES,0,PASS
RANDOMIZER,Hint::RHT_PROGRESSIVE_SLINGSHOT::198,23,23,YES,0,PASS
RANDOMIZER,Hint::RHT_PROGRESSIVE_SLINGSHOT::199,8,8,YES,0,PASS
RANDOMIZER,Hint::RHT_PROGRESSIVE_SLINGSHOT::200,21,21,YES,0,PASS
RANDOMIZER,Hint::RHT_PROGRESSIVE_WALLET::201,11,11,YES,0,PASS
RANDOMIZER,Hint::RHT_PROGRESSIVE_WALLET::202,34,34,YES,0,PASS
RANDOMIZER,Hint::RHT_PROGRESSIVE_WALLET::203,23,23,YES,0,PASS
RANDOMIZER,Hint::RHT_PROGRESSIVE_WALLET::204,20,20,YES,0,PASS
RANDOMIZER,Hint::RHT_PROGRESSIVE_WALLET::205,17,17,YES,0,PASS
RANDOMIZER,Hint::RHT_PROGRESSIVE_SCALE::206,15,15,YES,0,PASS
RANDOMIZER,Hint::RHT_PROGRESSIVE_SCALE::207,24,24,YES,0,PASS
RANDOMIZER,Hint::RHT_PROGRESSIVE_SCALE::208,21,21,YES,0,PASS
RANDOMIZER,Hint::RHT_PROGRESSIVE_SCALE::209,16,16,YES,0,PASS
RANDOMIZER,Hint::RHT_PROGRESSIVE_NUT_UPGRADE::210,24,24,YES,0,PASS
RANDOMIZER,Hint::RHT_PROGRESSIVE_NUT_UPGRADE::211,15,15,YES,0,PASS
RANDOMIZER,Hint::RHT_PROGRESSIVE_NUT_UPGRADE::212,22,22,YES,0,PASS
RANDOMIZER,Hint::RHT_PROGRESSIVE_NUT_UPGRADE::213,10,10,YES,0,PASS
RANDOMIZER,Hint::RHT_PROGRESSIVE_NUT_UPGRADE::214,27,27,YES,0,PASS
RANDOMIZER,Hint::RHT_PROGRESSIVE_STICK_UPGRADE::215,23,23,YES,0,PASS
RANDOMIZER,Hint::RHT_PROGRESSIVE_STICK_UPGRADE::216,15,15,YES,0,PASS
RANDOMIZER,Hint::RHT_PROGRESSIVE_STICK_UPGRADE::217,16,16,YES,0,PASS
RANDOMIZER,Hint::RHT_PROGRESSIVE_STICK_UPGRADE::218,21,21,YES,0,PASS
RANDOMIZER,Hint::RHT_PROGRESSIVE_MAGIC_METER::219,19,19,YES,0,PASS
RANDOMIZER,Hint::RHT_PROGRESSIVE_MAGIC_METER::220,25,25,YES,0,PASS
RANDOMIZER,Hint::RHT_PROGRESSIVE_MAGIC_METER::221,21,21,YES,0,PASS
RANDOMIZER,Hint::RHT_PROGRESSIVE_MAGIC_METER::222,14,14,YES,0,PASS
RANDOMIZER,Hint::RHT_PROGRESSIVE_MAGIC_METER::223,19,19,YES,0,PASS
RANDOMIZER,Hint::RHT_PROGRESSIVE_OCARINA::224,11,11,YES,0,PASS
RANDOMIZER,Hint::RHT_PROGRESSIVE_OCARINA::225,19,19,YES,0,PASS
RANDOMIZER,Hint::RHT_PROGRESSIVE_OCARINA::226,33,33,YES,0,PASS
RANDOMIZER,Hint::RHT_PROGRESSIVE_OCARINA::227,10,10,YES,0,PASS
RANDOMIZER,Hint::RHT_PROGRESSIVE_OCARINA::228,20,20,YES,0,PASS
RANDOMIZER,Hint::RHT_PROGRESSIVE_BOMBCHUS::229,8,8,YES,0,PASS
RANDOMIZER,Hint::RHT_PROGRESSIVE_BOMBCHUS::230,34,34,YES,0,PASS
RANDOMIZER,Hint::RHT_PROGRESSIVE_BOMBCHUS::231,10,10,YES,0,PASS
RANDOMIZER,Hint::RHT_PROGRESSIVE_BOMBCHUS::232,12,12,YES,0,PASS
RANDOMIZER,Hint::RHT_PROGRESSIVE_BOMBCHUS::233,21,21,YES,0,PASS
RANDOMIZER,Hint::RHT_PROGRESSIVE_BOMBCHUS::234,11,11,YES,0,PASS
RANDOMIZER,Hint::RHT_PROGRESSIVE_BOMBCHUS::235,11,11,YES,0,PASS
RANDOMIZER,Hint::RHT_PROGRESSIVE_GORONSWORD::236,16,16,YES,0,PASS
RANDOMIZER,Hint::RHT_PROGRESSIVE_GORONSWORD::237,10,10,YES,0,PASS
RANDOMIZER,Hint::RHT_PROGRESSIVE_GORONSWORD::238,14,14,YES,0,PASS
RANDOMIZER,Hint::RHT_PROGRESSIVE_GORONSWORD::239,13,13,YES,0,PASS
RANDOMIZER,Hint::RHT_EMPTY_BOTTLE::240,11,11,YES,0,PASS
RANDOMIZER,Hint::RHT_EMPTY_BOTTLE::241,11,11,YES,0,PASS
RANDOMIZER,Hint::RHT_EMPTY_BOTTLE::242,23,23,YES,0,PASS
RANDOMIZER,Hint::RHT_EMPTY_BOTTLE::243,15,15,YES,0,PASS
RANDOMIZER,Hint::RHT_EMPTY_BOTTLE::244,16,16,YES,0,PASS
RANDOMIZER,Hint::RHT_BOTTLE_WITH_MILK::245,20,20,YES,0,PASS
RANDOMIZER,Hint::RHT_BOTTLE_WITH_MILK::246,11,11,YES,0,PASS
RANDOMIZER,Hint::RHT_BOTTLE_WITH_MILK::247,12,12,YES,0,PASS
RANDOMIZER,Hint::RHT_BOTTLE_WITH_MILK::248,17,17,YES,0,PASS
RANDOMIZER,Hint::RHT_BOTTLE_WITH_MILK::249,22,22,YES,0,PASS
RANDOMIZER,Hint::RHT_BOTTLE_WITH_RED_POTION::250,26,26,YES,0,PASS
RANDOMIZER,Hint::RHT_BOTTLE_WITH_RED_POTION::251,11,11,YES,0,PASS
RANDOMIZER,Hint::RHT_BOTTLE_WITH_RED_POTION::252,22,22,YES,0,PASS
RANDOMIZER,Hint::RHT_BOTTLE_WITH_RED_POTION::253,15,15,YES,0,PASS
RANDOMIZER,Hint::RHT_BOTTLE_WITH_GREEN_POTION::254,27,27,YES,0,PASS
RANDOMIZER,Hint::RHT_BOTTLE_WITH_GREEN_POTION::255,11,11,YES,0,PASS
RANDOMIZER,Hint::RHT_BOTTLE_WITH_GREEN_POTION::256,17,17,YES,0,PASS
RANDOMIZER,Hint::RHT_BOTTLE_WITH_GREEN_POTION::257,16,16,YES,0,PASS
RANDOMIZER,Hint::RHT_BOTTLE_WITH_BLUE_POTION::258,26,26,YES,0,PASS
RANDOMIZER,Hint::RHT_BOTTLE_WITH_BLUE_POTION::259,11,11,YES,0,PASS
RANDOMIZER,Hint::RHT_BOTTLE_WITH_BLUE_POTION::260,22,22,YES,0,PASS
RANDOMIZER,Hint::RHT_BOTTLE_WITH_BLUE_POTION::261,15,15,YES,0,PASS
RANDOMIZER,Hint::RHT_BOTTLE_WITH_FAIRY::262,19,19,YES,0,PASS
RANDOMIZER,Hint::RHT_BOTTLE_WITH_FAIRY::263,11,11,YES,0,PASS
RANDOMIZER,Hint::RHT_BOTTLE_WITH_FAIRY::264,20,20,YES,0,PASS
RANDOMIZER,Hint::RHT_BOTTLE_WITH_FAIRY::265,14,14,YES,0,PASS
RANDOMIZER,Hint::RHT_BOTTLE_WITH_FAIRY::266,16,16,YES,0,PASS
RANDOMIZER,Hint::RHT_BOTTLE_WITH_FISH::267,18,18,YES,0,PASS
RANDOMIZER,Hint::RHT_BOTTLE_WITH_FISH::268,11,11,YES,0,PASS
RANDOMIZER,Hint::RHT_BOTTLE_WITH_FISH::269,10,10,YES,0,PASS
RANDOMIZER,Hint::RHT_BOTTLE_WITH_FISH::270,22,22,YES,0,PASS
RANDOMIZER,Hint::RHT_BOTTLE_WITH_BLUE_FIRE::271,25,25,YES,0,PASS
RANDOMIZER,Hint::RHT_BOTTLE_WITH_BLUE_FIRE::272,11,11,YES,0,PASS
RANDOMIZER,Hint::RHT_BOTTLE_WITH_BLUE_FIRE::273,31,31,YES,0,PASS
RANDOMIZER,Hint::RHT_BOTTLE_WITH_BLUE_FIRE::274,29,29,YES,0,PASS
RANDOMIZER,Hint::RHT_BOTTLE_WITH_BUGS::275,21,21,YES,0,PASS
RANDOMIZER,Hint::RHT_BOTTLE_WITH_BUGS::276,11,11,YES,0,PASS
RANDOMIZER,Hint::RHT_BOTTLE_WITH_BUGS::277,13,13,YES,0,PASS
RANDOMIZER,Hint::RHT_BOTTLE_WITH_BUGS::278,24,24,YES,0,PASS
RANDOMIZER,Hint::RHT_BOTTLE_WITH_POE::279,18,18,YES,0,PASS
RANDOMIZER,Hint::RHT_BOTTLE_WITH_POE::280,11,11,YES,0,PASS
RANDOMIZER,Hint::RHT_BOTTLE_WITH_POE::281,24,24,YES,0,PASS
RANDOMIZER,Hint::RHT_BOTTLE_WITH_POE::282,22,22,YES,0,PASS
RANDOMIZER,Hint::RHT_BOTTLE_WITH_BIG_POE::283,25,25,YES,0,PASS
RANDOMIZER,Hint::RHT_BOTTLE_WITH_BIG_POE::284,11,11,YES,0,PASS
RANDOMIZER,Hint::RHT_BOTTLE_WITH_BIG_POE::285,28,28,YES,0,PASS
RANDOMIZER,Hint::RHT_BOTTLE_WITH_BIG_POE::286,32,32,YES,0,PASS
RANDOMIZER,Hint::RHT_RUTOS_LETTER::287,16,16,YES,0,PASS
RANDOMIZER,Hint::RHT_RUTOS_LETTER::288,11,11,YES,0,PASS
RANDOMIZER,Hint::RHT_RUTOS_LETTER::289,21,21,YES,0,PASS
RANDOMIZER,Hint::RHT_RUTOS_LETTER::290,17,17,YES,0,PASS
RANDOMIZER,Hint::RHT_RUTOS_LETTER::291,14,14,YES,0,PASS
RANDOMIZER,Hint::RHT_RUTOS_LETTER::292,19,19,YES,0,PASS
RANDOMIZER,Hint::RHT_ZELDAS_LULLABY::293,16,16,YES,0,PASS
RANDOMIZER,Hint::RHT_ZELDAS_LULLABY::294,19,19,YES,0,PASS
RANDOMIZER,Hint::RHT_ZELDAS_LULLABY::295,33,33,YES,0,PASS
RANDOMIZER,Hint::RHT_ZELDAS_LULLABY::296,25,25,YES,0,PASS
RANDOMIZER,Hint::RHT_ZELDAS_LULLABY::297,27,27,YES,0,PASS
RANDOMIZER,Hint::RHT_EPONAS_SONG::298,19,19,YES,0,PASS
RANDOMIZER,Hint::RHT_EPONAS_SONG::299,19,19,YES,0,PASS
RANDOMIZER,Hint::RHT_EPONAS_SONG::300,17,17,YES,0,PASS
RANDOMIZER,Hint::RHT_EPONAS_SONG::301,19,19,YES,0,PASS
RANDOMIZER,Hint::RHT_EPONAS_SONG::302,21,21,YES,0,PASS
RANDOMIZER,Hint::RHT_SARIAS_SONG::303,16,16,YES,0,PASS
RANDOMIZER,Hint::RHT_SARIAS_SONG::304,18,18,YES,0,PASS
RANDOMIZER,Hint::RHT_SARIAS_SONG::305,19,19,YES,0,PASS
RANDOMIZER,Hint::RHT_SARIAS_SONG::306,31,31,YES,0,PASS
RANDOMIZER,Hint::RHT_SARIAS_SONG::307,30,30,YES,0,PASS
RANDOMIZER,Hint::RHT_SUNS_SONG::308,18,18,YES,0,PASS
RANDOMIZER,Hint::RHT_SUNS_SONG::309,18,18,YES,0,PASS
RANDOMIZER,Hint::RHT_SUNS_SONG::310,22,22,YES,0,PASS
RANDOMIZER,Hint::RHT_SUNS_SONG::311,11,11,YES,0,PASS
RANDOMIZER,Hint::RHT_SUNS_SONG::312,26,26,YES,0,PASS
RANDOMIZER,Hint::RHT_SUNS_SONG::313,25,25,YES,0,PASS
RANDOMIZER,Hint::RHT_SONG_OF_TIME::314,21,21,YES,0,PASS
RANDOMIZER,Hint::RHT_SONG_OF_TIME::315,18,18,YES,0,PASS
RANDOMIZER,Hint::RHT_SONG_OF_TIME::316,21,21,YES,0,PASS
RANDOMIZER,Hint::RHT_SONG_OF_TIME::317,24,24,YES,0,PASS
RANDOMIZER,Hint::RHT_SONG_OF_STORMS::318,27,27,YES,0,PASS
RANDOMIZER,Hint::RHT_SONG_OF_STORMS::319,18,18,YES,0,PASS
RANDOMIZER,Hint::RHT_SONG_OF_STORMS::320,18,18,YES,0,PASS
RANDOMIZER,Hint::RHT_SONG_OF_STORMS::321,23,23,YES,0,PASS
RANDOMIZER,Hint::RHT_SONG_OF_STORMS::322,21,21,YES,0,PASS
RANDOMIZER,Hint::RHT_MINUET_OF_FOREST::323,21,21,YES,0,PASS
RANDOMIZER,Hint::RHT_MINUET_OF_FOREST::324,29,29,YES,0,PASS
RANDOMIZER,Hint::RHT_MINUET_OF_FOREST::325,31,31,YES,0,PASS
RANDOMIZER,Hint::RHT_MINUET_OF_FOREST::326,16,16,YES,0,PASS
RANDOMIZER,Hint::RHT_MINUET_OF_FOREST::327,27,27,YES,0,PASS
RANDOMIZER,Hint::RHT_BOLERO_OF_FIRE::328,19,19,YES,0,PASS
RANDOMIZER,Hint::RHT_BOLERO_OF_FIRE::329,29,29,YES,0,PASS
RANDOMIZER,Hint::RHT_BOLERO_OF_FIRE::330,25,25,YES,0,PASS
RANDOMIZER,Hint::RHT_BOLERO_OF_FIRE::331,26,26,YES,0,PASS
RANDOMIZER,Hint::RHT_BOLERO_OF_FIRE::332,18,18,YES,0,PASS
RANDOMIZER,Hint::RHT_SERENADE_OF_WATER::333,20,20,YES,0,PASS
RANDOMIZER,Hint::RHT_SERENADE_OF_WATER::334,29,29,YES,0,PASS
RANDOMIZER,Hint::RHT_SERENADE_OF_WATER::335,27,27,YES,0,PASS
RANDOMIZER,Hint::RHT_SERENADE_OF_WATER::336,27,27,YES,0,PASS
RANDOMIZER,Hint::RHT_SERENADE_OF_WATER::337,18,18,YES,0,PASS
RANDOMIZER,Hint::RHT_REQUIEM_OF_SPIRIT::338,23,23,YES,0,PASS
RANDOMIZER,Hint::RHT_REQUIEM_OF_SPIRIT::339,29,29,YES,0,PASS
RANDOMIZER,Hint::RHT_REQUIEM_OF_SPIRIT::340,32,32,YES,0,PASS
RANDOMIZER,Hint::RHT_REQUIEM_OF_SPIRIT::341,29,29,YES,0,PASS
RANDOMIZER,Hint::RHT_REQUIEM_OF_SPIRIT::342,22,22,YES,0,PASS
RANDOMIZER,Hint::RHT_NOCTURNE_OF_SHADOW::343,24,24,YES,0,PASS
RANDOMIZER,Hint::RHT_NOCTURNE_OF_SHADOW::344,29,29,YES,0,PASS
RANDOMIZER,Hint::RHT_NOCTURNE_OF_SHADOW::345,39,39,YES,0,PASS
RANDOMIZER,Hint::RHT_NOCTURNE_OF_SHADOW::346,24,24,YES,0,PASS
RANDOMIZER,Hint::RHT_NOCTURNE_OF_SHADOW::347,18,18,YES,0,PASS
RANDOMIZER,Hint::RHT_NOCTURNE_OF_SHADOW::348,29,29,YES,0,PASS
RANDOMIZER,Hint::RHT_PRELUDE_OF_LIGHT::349,21,21,YES,0,PASS
RANDOMIZER,Hint::RHT_PRELUDE_OF_LIGHT::350,29,29,YES,0,PASS
RANDOMIZER,Hint::RHT_PRELUDE_OF_LIGHT::351,31,31,YES,0,PASS
RANDOMIZER,Hint::RHT_PRELUDE_OF_LIGHT::352,30,30,YES,0,PASS
RANDOMIZER,Hint::RHT_PRELUDE_OF_LIGHT::353,21,21,YES,0,PASS
RANDOMIZER,Hint::RHT_DEKU_TREE_MAP::354,22,22,YES,0,PASS
RANDOMIZER,Hint::RHT_DEKU_TREE_MAP::355,19,19,YES,0,PASS
RANDOMIZER,Hint::RHT_DEKU_TREE_MAP::356,16,16,YES,0,PASS
RANDOMIZER,Hint::RHT_DEKU_TREE_MAP::357,20,20,YES,0,PASS
RANDOMIZER,Hint::RHT_DODONGOS_CAVERN_MAP::358,30,30,YES,0,PASS
RANDOMIZER,Hint::RHT_DODONGOS_CAVERN_MAP::359,19,19,YES,0,PASS
RANDOMIZER,Hint::RHT_DODONGOS_CAVERN_MAP::360,15,15,YES,0,PASS
RANDOMIZER,Hint::RHT_DODONGOS_CAVERN_MAP::361,19,19,YES,0,PASS
RANDOMIZER,Hint::RHT_JABU_JABUS_BELLY_MAP::362,32,32,YES,0,PASS
RANDOMIZER,Hint::RHT_JABU_JABUS_BELLY_MAP::363,19,19,YES,0,PASS
RANDOMIZER,Hint::RHT_JABU_JABUS_BELLY_MAP::364,16,16,YES,0,PASS
RANDOMIZER,Hint::RHT_JABU_JABUS_BELLY_MAP::365,20,20,YES,0,PASS
RANDOMIZER,Hint::RHT_FOREST_TEMPLE_MAP::366,29,29,YES,0,PASS
RANDOMIZER,Hint::RHT_FOREST_TEMPLE_MAP::367,19,19,YES,0,PASS
RANDOMIZER,Hint::RHT_FOREST_TEMPLE_MAP::368,18,18,YES,0,PASS
RANDOMIZER,Hint::RHT_FOREST_TEMPLE_MAP::369,22,22,YES,0,PASS
RANDOMIZER,Hint::RHT_FIRE_TEMPLE_MAP::370,28,28,YES,0,PASS
RANDOMIZER,Hint::RHT_FIRE_TEMPLE_MAP::371,19,19,YES,0,PASS
RANDOMIZER,Hint::RHT_FIRE_TEMPLE_MAP::372,16,16,YES,0,PASS
RANDOMIZER,Hint::RHT_FIRE_TEMPLE_MAP::373,20,20,YES,0,PASS
RANDOMIZER,Hint::RHT_WATER_TEMPLE_MAP::374,27,27,YES,0,PASS
RANDOMIZER,Hint::RHT_WATER_TEMPLE_MAP::375,19,19,YES,0,PASS
RANDOMIZER,Hint::RHT_WATER_TEMPLE_MAP::376,15,15,YES,0,PASS
RANDOMIZER,Hint::RHT_WATER_TEMPLE_MAP::377,19,19,YES,0,PASS
RANDOMIZER,Hint::RHT_SPIRIT_TEMPLE_MAP::378,31,31,YES,0,PASS
RANDOMIZER,Hint::RHT_SPIRIT_TEMPLE_MAP::379,19,19,YES,0,PASS
RANDOMIZER,Hint::RHT_SPIRIT_TEMPLE_MAP::380,16,16,YES,0,PASS
RANDOMIZER,Hint::RHT_SPIRIT_TEMPLE_MAP::381,20,20,YES,0,PASS
RANDOMIZER,Hint::RHT_SHADOW_TEMPLE_MAP::382,31,31,YES,0,PASS
RANDOMIZER,Hint::RHT_SHADOW_TEMPLE_MAP::383,19,19,YES,0,PASS
RANDOMIZER,Hint::RHT_SHADOW_TEMPLE_MAP::384,22,22,YES,0,PASS
RANDOMIZER,Hint::RHT_SHADOW_TEMPLE_MAP::385,26,26,YES,0,PASS
RANDOMIZER,Hint::RHT_BOTTOM_OF_THE_WELL_MAP::386,26,26,YES,0,PASS
RANDOMIZER,Hint::RHT_BOTTOM_OF_THE_WELL_MAP::387,19,19,YES,0,PASS
RANDOMIZER,Hint::RHT_BOTTOM_OF_THE_WELL_MAP::388,15,15,YES,0,PASS
RANDOMIZER,Hint::RHT_BOTTOM_OF_THE_WELL_MAP::389,19,19,YES,0,PASS
RANDOMIZER,Hint::RHT_ICE_CAVERN_MAP::390,28,28,YES,0,PASS
RANDOMIZER,Hint::RHT_ICE_CAVERN_MAP::391,19,19,YES,0,PASS
RANDOMIZER,Hint::RHT_ICE_CAVERN_MAP::392,14,14,YES,0,PASS
RANDOMIZER,Hint::RHT_ICE_CAVERN_MAP::393,19,19,YES,0,PASS
RANDOMIZER,Hint::RHT_DEKU_TREE_COMPASS::394,25,25,YES,0,PASS
RANDOMIZER,Hint::RHT_DEKU_TREE_COMPASS::395,11,11,YES,0,PASS
RANDOMIZER,Hint::RHT_DEKU_TREE_COMPASS::396,32,32,YES,0,PASS
RANDOMIZER,Hint::RHT_DEKU_TREE_COMPASS::397,27,27,YES,0,PASS
RANDOMIZER,Hint::RHT_DODONGOS_CAVERN_COMPASS::398,33,33,YES,0,PASS
RANDOMIZER,Hint::RHT_DODONGOS_CAVERN_COMPASS::399,11,11,YES,0,PASS
RANDOMIZER,Hint::RHT_DODONGOS_CAVERN_COMPASS::400,31,31,YES,0,PASS
RANDOMIZER,Hint::RHT_DODONGOS_CAVERN_COMPASS::401,26,26,YES,0,PASS
RANDOMIZER,Hint::RHT_JABU_JABUS_BELLY_COMPASS::402,35,35,YES,0,PASS
RANDOMIZER,Hint::RHT_JABU_JABUS_BELLY_COMPASS::403,11,11,YES,0,PASS
RANDOMIZER,Hint::RHT_JABU_JABUS_BELLY_COMPASS::404,32,32,YES,0,PASS
RANDOMIZER,Hint::RHT_JABU_JABUS_BELLY_COMPASS::405,27,27,YES,0,PASS
RANDOMIZER,Hint::RHT_FOREST_TEMPLE_COMPASS::406,32,32,YES,0,PASS
RANDOMIZER,Hint::RHT_FOREST_TEMPLE_COMPASS::407,11,11,YES,0,PASS
RANDOMIZER,Hint::RHT_FOREST_TEMPLE_COMPASS::408,34,34,YES,0,PASS
RANDOMIZER,Hint::RHT_FOREST_TEMPLE_COMPASS::409,29,29,YES,0,PASS
RANDOMIZER,Hint::RHT_FIRE_TEMPLE_COMPASS::410,31,31,YES,0,PASS
RANDOMIZER,Hint::RHT_FIRE_TEMPLE_COMPASS::411,11,11,YES,0,PASS
RANDOMIZER,Hint::RHT_FIRE_TEMPLE_COMPASS::412,32,32,YES,0,PASS
RANDOMIZER,Hint::RHT_FIRE_TEMPLE_COMPASS::413,27,27,YES,0,PASS
RANDOMIZER,Hint::RHT_WATER_TEMPLE_COMPASS::414,30,30,YES,0,PASS
RANDOMIZER,Hint::RHT_WATER_TEMPLE_COMPASS::415,11,11,YES,0,PASS
RANDOMIZER,Hint::RHT_WATER_TEMPLE_COMPASS::416,31,31,YES,0,PASS
RANDOMIZER,Hint::RHT_WATER_TEMPLE_COMPASS::417,26,26,YES,0,PASS
RANDOMIZER,Hint::RHT_SPIRIT_TEMPLE_COMPASS::418,34,34,YES,0,PASS
RANDOMIZER,Hint::RHT_SPIRIT_TEMPLE_COMPASS::419,11,11,YES,0,PASS
RANDOMIZER,Hint::RHT_SPIRIT_TEMPLE_COMPASS::420,32,32,YES,0,PASS
RANDOMIZER,Hint::RHT_SPIRIT_TEMPLE_COMPASS::421,27,27,YES,0,PASS
RANDOMIZER,Hint::RHT_SHADOW_TEMPLE_COMPASS::422,34,34,YES,0,PASS
RANDOMIZER,Hint::RHT_SHADOW_TEMPLE_COMPASS::423,11,11,YES,0,PASS
RANDOMIZER,Hint::RHT_SHADOW_TEMPLE_COMPASS::424,38,38,YES,0,PASS
RANDOMIZER,Hint::RHT_SHADOW_TEMPLE_COMPASS::425,33,33,YES,0,PASS
RANDOMIZER,Hint::RHT_BOTTOM_OF_THE_WELL_COMPASS::426,29,29,YES,0,PASS
RANDOMIZER,Hint::RHT_BOTTOM_OF_THE_WELL_COMPASS::427,11,11,YES,0,PASS
RANDOMIZER,Hint::RHT_BOTTOM_OF_THE_WELL_COMPASS::428,31,31,YES,0,PASS
RANDOMIZER,Hint::RHT_BOTTOM_OF_THE_WELL_COMPASS::429,26,26,YES,0,PASS
RANDOMIZER,Hint::RHT_ICE_CAVERN_COMPASS::430,31,31,YES,0,PASS
RANDOMIZER,Hint::RHT_ICE_CAVERN_COMPASS::431,11,11,YES,0,PASS
RANDOMIZER,Hint::RHT_ICE_CAVERN_COMPASS::432,30,30,YES,0,PASS
RANDOMIZER,Hint::RHT_ICE_CAVERN_COMPASS::433,25,25,YES,0,PASS
RANDOMIZER,Hint::RHT_FOREST_TEMPLE_BOSS_KEY::434,35,35,YES,0,PASS
RANDOMIZER,Hint::RHT_FOREST_TEMPLE_BOSS_KEY::435,14,14,YES,0,PASS
RANDOMIZER,Hint::RHT_FOREST_TEMPLE_BOSS_KEY::436,35,35,YES,0,PASS
RANDOMIZER,Hint::RHT_FOREST_TEMPLE_BOSS_KEY::437,37,37,YES,0,PASS
RANDOMIZER,Hint::RHT_FIRE_TEMPLE_BOSS_KEY::438,34,34,YES,0,PASS
RANDOMIZER,Hint::RHT_FIRE_TEMPLE_BOSS_KEY::439,14,14,YES,0,PASS
RANDOMIZER,Hint::RHT_FIRE_TEMPLE_BOSS_KEY::440,33,33,YES,0,PASS
RANDOMIZER,Hint::RHT_FIRE_TEMPLE_BOSS_KEY::441,35,35,YES,0,PASS
RANDOMIZER,Hint::RHT_WATER_TEMPLE_BOSS_KEY::442,33,33,YES,0,PASS
RANDOMIZER,Hint::RHT_WATER_TEMPLE_BOSS_KEY::443,14,14,YES,0,PASS
RANDOMIZER,Hint::RHT_WATER_TEMPLE_BOSS_KEY::444,32,32,YES,0,PASS
RANDOMIZER,Hint::RHT_WATER_TEMPLE_BOSS_KEY::445,34,34,YES,0,PASS
RANDOMIZER,Hint::RHT_SPIRIT_TEMPLE_BOSS_KEY::446,37,37,YES,0,PASS
RANDOMIZER,Hint::RHT_SPIRIT_TEMPLE_BOSS_KEY::447,14,14,YES,0,PASS
RANDOMIZER,Hint::RHT_SPIRIT_TEMPLE_BOSS_KEY::448,33,33,YES,0,PASS
RANDOMIZER,Hint::RHT_SPIRIT_TEMPLE_BOSS_KEY::449,35,35,YES,0,PASS
RANDOMIZER,Hint::RHT_SHADOW_TEMPLE_BOSS_KEY::450,37,37,YES,0,PASS
RANDOMIZER,Hint::RHT_SHADOW_TEMPLE_BOSS_KEY::451,14,14,YES,0,PASS
RANDOMIZER,Hint::RHT_SHADOW_TEMPLE_BOSS_KEY::452,39,39,YES,0,PASS
RANDOMIZER,Hint::RHT_SHADOW_TEMPLE_BOSS_KEY::453,41,41,YES,0,PASS
RANDOMIZER,Hint::RHT_GANONS_CASTLE_BOSS_KEY::454,35,35,YES,0,PASS
RANDOMIZER,Hint::RHT_GANONS_CASTLE_BOSS_KEY::455,14,14,YES,0,PASS
RANDOMIZER,Hint::RHT_GANONS_CASTLE_BOSS_KEY::456,31,31,YES,0,PASS
RANDOMIZER,Hint::RHT_GANONS_CASTLE_BOSS_KEY::457,33,33,YES,0,PASS
RANDOMIZER,Hint::RHT_FOREST_TEMPLE_SMALL_KEY::458,39,39,YES,0,PASS
RANDOMIZER,Hint::RHT_FOREST_TEMPLE_SMALL_KEY::459,17,17,YES,0,PASS
RANDOMIZER,Hint::RHT_FOREST_TEMPLE_SMALL_KEY::460,42,42,YES,0,PASS
RANDOMIZER,Hint::RHT_FOREST_TEMPLE_SMALL_KEY::461,29,29,YES,0,PASS
RANDOMIZER,Hint::RHT_FOREST_TEMPLE_SMALL_KEY::462,28,28,YES,0,PASS
RANDOMIZER,Hint::RHT_FOREST_TEMPLE_SMALL_KEY::463,19,19,YES,0,PASS
RANDOMIZER,Hint::RHT_FIRE_TEMPLE_SMALL_KEY::464,38,38,YES,0,PASS
RANDOMIZER,Hint::RHT_FIRE_TEMPLE_SMALL_KEY::465,17,17,YES,0,PASS
RANDOMIZER,Hint::RHT_FIRE_TEMPLE_SMALL_KEY::466,40,40,YES,0,PASS
RANDOMIZER,Hint::RHT_FIRE_TEMPLE_SMALL_KEY::467,27,27,YES,0,PASS
RANDOMIZER,Hint::RHT_FIRE_TEMPLE_SMALL_KEY::468,26,26,YES,0,PASS
RANDOMIZER,Hint::RHT_FIRE_TEMPLE_SMALL_KEY::469,17,17,YES,0,PASS
RANDOMIZER,Hint::RHT_WATER_TEMPLE_SMALL_KEY::470,37,37,YES,0,PASS
RANDOMIZER,Hint::RHT_WATER_TEMPLE_SMALL_KEY::471,17,17,YES,0,PASS
RANDOMIZER,Hint::RHT_WATER_TEMPLE_SMALL_KEY::472,39,39,YES,0,PASS
RANDOMIZER,Hint::RHT_WATER_TEMPLE_SMALL_KEY::473,26,26,YES,0,PASS
RANDOMIZER,Hint::RHT_WATER_TEMPLE_SMALL_KEY::474,25,25,YES,0,PASS
RANDOMIZER,Hint::RHT_WATER_TEMPLE_SMALL_KEY::475,16,16,YES,0,PASS
RANDOMIZER,Hint::RHT_SPIRIT_TEMPLE_SMALL_KEY::476,41,41,YES,0,PASS
RANDOMIZER,Hint::RHT_SPIRIT_TEMPLE_SMALL_KEY::477,17,17,YES,0,PASS
RANDOMIZER,Hint::RHT_SPIRIT_TEMPLE_SMALL_KEY::478,40,40,YES,0,PASS
RANDOMIZER,Hint::RHT_SPIRIT_TEMPLE_SMALL_KEY::479,27,27,YES,0,PASS
RANDOMIZER,Hint::RHT_SPIRIT_TEMPLE_SMALL_KEY::480,26,26,YES,0,PASS
RANDOMIZER,Hint::RHT_SPIRIT_TEMPLE_SMALL_KEY::481,17,17,YES,0,PASS
RANDOMIZER,Hint::RHT_SHADOW_TEMPLE_SMALL_KEY::482,41,41,YES,0,PASS
RANDOMIZER,Hint::RHT_SHADOW_TEMPLE_SMALL_KEY::483,17,17,YES,0,PASS
RANDOMIZER,Hint::RHT_SHADOW_TEMPLE_SMALL_KEY::484,46,46,YES,0,PASS
RANDOMIZER,Hint::RHT_SHADOW_TEMPLE_SMALL_KEY::485,33,33,YES,0,PASS
RANDOMIZER,Hint::RHT_SHADOW_TEMPLE_SMALL_KEY::486,32,32,YES,0,PASS
RANDOMIZER,Hint::RHT_SHADOW_TEMPLE_SMALL_KEY::487,23,23,YES,0,PASS
RANDOMIZER,Hint::RHT_GERUDO_TRAINING_GROUND_SMALL_KEY::488,51,51,YES,0,PASS
RANDOMIZER,Hint::RHT_GERUDO_TRAINING_GROUND_SMALL_KEY::489,17,17,YES,0,PASS
RANDOMIZER,Hint::RHT_GERUDO_TRAINING_GROUND_SMALL_KEY::490,44,44,YES,0,PASS
RANDOMIZER,Hint::RHT_GERUDO_TRAINING_GROUND_SMALL_KEY::491,31,31,YES,0,PASS
RANDOMIZER,Hint::RHT_GERUDO_TRAINING_GROUND_SMALL_KEY::492,30,30,YES,0,PASS
RANDOMIZER,Hint::RHT_GERUDO_TRAINING_GROUND_SMALL_KEY::493,21,21,YES,0,PASS
RANDOMIZER,Hint::RHT_GERUDO_FORTRESS_SMALL_KEY::494,40,40,YES,0,PASS
RANDOMIZER,Hint::RHT_GERUDO_FORTRESS_SMALL_KEY::495,17,17,YES,0,PASS
RANDOMIZER,Hint::RHT_GERUDO_FORTRESS_SMALL_KEY::496,44,44,YES,0,PASS
RANDOMIZER,Hint::RHT_GERUDO_FORTRESS_SMALL_KEY::497,31,31,YES,0,PASS
RANDOMIZER,Hint::RHT_GERUDO_FORTRESS_SMALL_KEY::498,30,30,YES,0,PASS
RANDOMIZER,Hint::RHT_GERUDO_FORTRESS_SMALL_KEY::499,21,21,YES,0,PASS
RANDOMIZER,Hint::RHT_BOTTOM_OF_THE_WELL_SMALL_KEY::500,36,36,YES,0,PASS
RANDOMIZER,Hint::RHT_BOTTOM_OF_THE_WELL_SMALL_KEY::501,17,17,YES,0,PASS
RANDOMIZER,Hint::RHT_BOTTOM_OF_THE_WELL_SMALL_KEY::502,39,39,YES,0,PASS
RANDOMIZER,Hint::RHT_BOTTOM_OF_THE_WELL_SMALL_KEY::503,26,26,YES,0,PASS
RANDOMIZER,Hint::RHT_BOTTOM_OF_THE_WELL_SMALL_KEY::504,25,25,YES,0,PASS
RANDOMIZER,Hint::RHT_BOTTOM_OF_THE_WELL_SMALL_KEY::505,16,16,YES,0,PASS
RANDOMIZER,Hint::RHT_GANONS_CASTLE_SMALL_KEY::506,39,39,YES,0,PASS
RANDOMIZER,Hint::RHT_GANONS_CASTLE_SMALL_KEY::507,17,17,YES,0,PASS
RANDOMIZER,Hint::RHT_GANONS_CASTLE_SMALL_KEY::508,38,38,YES,0,PASS
RANDOMIZER,Hint::RHT_GANONS_CASTLE_SMALL_KEY::509,25,25,YES,0,PASS
RANDOMIZER,Hint::RHT_GANONS_CASTLE_SMALL_KEY::510,24,24,YES,0,PASS
RANDOMIZER,Hint::RHT_GANONS_CASTLE_SMALL_KEY::511,15,15,YES,0,PASS
RANDOMIZER,Hint::RHT_OVERWORLD_KEY::512,24,24,YES,0,PASS
RANDOMIZER,Hint::RHT_OVERWORLD_KEY::513,17,17,YES,0,PASS
RANDOMIZER,Hint::RHT_OVERWORLD_KEY::514,18,18,YES,0,PASS
RANDOMIZER,Hint::RHT_OVERWORLD_KEY::515,18,18,YES,0,PASS
RANDOMIZER,Hint::RHT_OVERWORLD_KEY::516,21,21,YES,0,PASS
RANDOMIZER,Hint::RHT_FOREST_TEMPLE_KEY_RING::517,38,38,YES,0,PASS
RANDOMIZER,Hint::RHT_FOREST_TEMPLE_KEY_RING::518,16,16,YES,0,PASS
RANDOMIZER,Hint::RHT_FOREST_TEMPLE_KEY_RING::519,51,51,YES,0,PASS
RANDOMIZER,Hint::RHT_FOREST_TEMPLE_KEY_RING::520,42,42,YES,0,PASS
RANDOMIZER,Hint::RHT_FOREST_TEMPLE_KEY_RING::521,31,31,YES,0,PASS
RANDOMIZER,Hint::RHT_FOREST_TEMPLE_KEY_RING::522,27,27,YES,0,PASS
RANDOMIZER,Hint::RHT_FIRE_TEMPLE_KEY_RING::523,37,37,YES,0,PASS
RANDOMIZER,Hint::RHT_FIRE_TEMPLE_KEY_RING::524,16,16,YES,0,PASS
RANDOMIZER,Hint::RHT_FIRE_TEMPLE_KEY_RING::525,49,49,YES,0,PASS
RANDOMIZER,Hint::RHT_FIRE_TEMPLE_KEY_RING::526,40,40,YES,0,PASS
RANDOMIZER,Hint::RHT_FIRE_TEMPLE_KEY_RING::527,29,29,YES,0,PASS
RANDOMIZER,Hint::RHT_FIRE_TEMPLE_KEY_RING::528,25,25,YES,0,PASS
RANDOMIZER,Hint::RHT_WATER_TEMPLE_KEY_RING::529,36,36,YES,0,PASS
RANDOMIZER,Hint::RHT_WATER_TEMPLE_KEY_RING::530,16,16,YES,0,PASS
RANDOMIZER,Hint::RHT_WATER_TEMPLE_KEY_RING::531,48,48,YES,0,PASS
RANDOMIZER,Hint::RHT_WATER_TEMPLE_KEY_RING::532,39,39,YES,0,PASS
RANDOMIZER,Hint::RHT_WATER_TEMPLE_KEY_RING::533,28,28,YES,0,PASS
RANDOMIZER,Hint::RHT_WATER_TEMPLE_KEY_RING::534,24,24,YES,0,PASS
RANDOMIZER,Hint::RHT_SPIRIT_TEMPLE_KEY_RING::535,40,40,YES,0,PASS
RANDOMIZER,Hint::RHT_SPIRIT_TEMPLE_KEY_RING::536,16,16,YES,0,PASS
RANDOMIZER,Hint::RHT_SPIRIT_TEMPLE_KEY_RING::537,49,49,YES,0,PASS
RANDOMIZER,Hint::RHT_SPIRIT_TEMPLE_KEY_RING::538,40,40,YES,0,PASS
RANDOMIZER,Hint::RHT_SPIRIT_TEMPLE_KEY_RING::539,29,29,YES,0,PASS
RANDOMIZER,Hint::RHT_SPIRIT_TEMPLE_KEY_RING::540,25,25,YES,0,PASS
RANDOMIZER,Hint::RHT_SHADOW_TEMPLE_KEY_RING::541,40,40,YES,0,PASS
RANDOMIZER,Hint::RHT_SHADOW_TEMPLE_KEY_RING::542,16,16,YES,0,PASS
RANDOMIZER,Hint::RHT_SHADOW_TEMPLE_KEY_RING::543,55,55,YES,0,PASS
RANDOMIZER,Hint::RHT_SHADOW_TEMPLE_KEY_RING::544,46,46,YES,0,PASS
RANDOMIZER,Hint::RHT_SHADOW_TEMPLE_KEY_RING::545,35,35,YES,0,PASS
RANDOMIZER,Hint::RHT_SHADOW_TEMPLE_KEY_RING::546,31,31,YES,0,PASS
RANDOMIZER,Hint::RHT_GERUDO_TRAINING_GROUND_KEY_RING::547,50,50,YES,0,PASS
RANDOMIZER,Hint::RHT_GERUDO_TRAINING_GROUND_KEY_RING::548,16,16,YES,0,PASS
RANDOMIZER,Hint::RHT_GERUDO_TRAINING_GROUND_KEY_RING::549,53,53,YES,0,PASS
RANDOMIZER,Hint::RHT_GERUDO_TRAINING_GROUND_KEY_RING::550,44,44,YES,0,PASS
RANDOMIZER,Hint::RHT_GERUDO_TRAINING_GROUND_KEY_RING::551,33,33,YES,0,PASS
RANDOMIZER,Hint::RHT_GERUDO_TRAINING_GROUND_KEY_RING::552,29,29,YES,0,PASS
RANDOMIZER,Hint::RHT_GERUDO_FORTRESS_KEY_RING::553,39,39,YES,0,PASS
RANDOMIZER,Hint::RHT_GERUDO_FORTRESS_KEY_RING::554,16,16,YES,0,PASS
RANDOMIZER,Hint::RHT_GERUDO_FORTRESS_KEY_RING::555,53,53,YES,0,PASS
RANDOMIZER,Hint::RHT_GERUDO_FORTRESS_KEY_RING::556,44,44,YES,0,PASS
RANDOMIZER,Hint::RHT_GERUDO_FORTRESS_KEY_RING::557,33,33,YES,0,PASS
RANDOMIZER,Hint::RHT_GERUDO_FORTRESS_KEY_RING::558,29,29,YES,0,PASS
RANDOMIZER,Hint::RHT_BOTTOM_OF_THE_WELL_KEY_RING::559,35,35,YES,0,PASS
RANDOMIZER,Hint::RHT_BOTTOM_OF_THE_WELL_KEY_RING::560,16,16,YES,0,PASS
RANDOMIZER,Hint::RHT_BOTTOM_OF_THE_WELL_KEY_RING::561,48,48,YES,0,PASS
RANDOMIZER,Hint::RHT_BOTTOM_OF_THE_WELL_KEY_RING::562,39,39,YES,0,PASS
RANDOMIZER,Hint::RHT_BOTTOM_OF_THE_WELL_KEY_RING::563,28,28,YES,0,PASS
RANDOMIZER,Hint::RHT_BOTTOM_OF_THE_WELL_KEY_RING::564,24,24,YES,0,PASS
RANDOMIZER,Hint::RHT_GANONS_CASTLE_KEY_RING::565,38,38,YES,0,PASS
RANDOMIZER,Hint::RHT_GANONS_CASTLE_KEY_RING::566,16,16,YES,0,PASS
RANDOMIZER,Hint::RHT_GANONS_CASTLE_KEY_RING::567,47,47,YES,0,PASS
RANDOMIZER,Hint::RHT_GANONS_CASTLE_KEY_RING::568,38,38,YES,0,PASS
RANDOMIZER,Hint::RHT_GANONS_CASTLE_KEY_RING::569,27,27,YES,0,PASS
RANDOMIZER,Hint::RHT_GANONS_CASTLE_KEY_RING::570,23,23,YES,0,PASS
RANDOMIZER,Hint::RHT_TREASURE_GAME_SMALL_KEY::571,51,51,YES,0,PASS
RANDOMIZER,Hint::RHT_TREASURE_GAME_SMALL_KEY::572,17,17,YES,0,PASS
RANDOMIZER,Hint::RHT_TREASURE_GAME_SMALL_KEY::573,43,43,YES,0,PASS
RANDOMIZER,Hint::RHT_TREASURE_GAME_SMALL_KEY::574,30,30,YES,0,PASS
RANDOMIZER,Hint::RHT_TREASURE_GAME_SMALL_KEY::575,29,29,YES,0,PASS
RANDOMIZER,Hint::RHT_TREASURE_GAME_SMALL_KEY::576,20,20,YES,0,PASS
RANDOMIZER,Hint::RHT_TREASURE_GAME_KEY_RING::577,36,36,YES,0,PASS
RANDOMIZER,Hint::RHT_TREASURE_GAME_KEY_RING::578,16,16,YES,0,PASS
RANDOMIZER,Hint::RHT_TREASURE_GAME_KEY_RING::579,52,52,YES,0,PASS
RANDOMIZER,Hint::RHT_TREASURE_GAME_KEY_RING::580,31,31,YES,0,PASS
RANDOMIZER,Hint::RHT_TREASURE_GAME_KEY_RING::581,32,32,YES,0,PASS
RANDOMIZER,Hint::RHT_TREASURE_GAME_KEY_RING::582,28,28,YES,0,PASS
RANDOMIZER,Hint::RHT_KOKIRI_EMERALD::583,19,19,YES,0,PASS
RANDOMIZER,Hint::RHT_KOKIRI_EMERALD::584,21,21,YES,0,PASS
RANDOMIZER,Hint::RHT_KOKIRI_EMERALD::585,16,16,YES,0,PASS
RANDOMIZER,Hint::RHT_KOKIRI_EMERALD::586,28,28,YES,0,PASS
RANDOMIZER,Hint::RHT_GORON_RUBY::587,13,13,YES,0,PASS
RANDOMIZER,Hint::RHT_GORON_RUBY::588,21,21,YES,0,PASS
RANDOMIZER,Hint::RHT_GORON_RUBY::589,15,15,YES,0,PASS
RANDOMIZER,Hint::RHT_GORON_RUBY::590,16,16,YES,0,PASS
RANDOMIZER,Hint::RHT_ZORA_SAPPHIRE::591,14,14,YES,0,PASS
RANDOMIZER,Hint::RHT_ZORA_SAPPHIRE::592,21,21,YES,0,PASS
RANDOMIZER,Hint::RHT_ZORA_SAPPHIRE::593,15,15,YES,0,PASS
RANDOMIZER,Hint::RHT_ZORA_SAPPHIRE::594,23,23,YES,0,PASS
RANDOMIZER,Hint::RHT_FOREST_MEDALLION::595,22,22,YES,0,PASS
RANDOMIZER,Hint::RHT_FOREST_MEDALLION::596,11,11,YES,0,PASS
RANDOMIZER,Hint::RHT_FOREST_MEDALLION::597,16,16,YES,0,PASS
RANDOMIZER,Hint::RHT_FOREST_MEDALLION::598,19,19,YES,0,PASS
RANDOMIZER,Hint::RHT_FIRE_MEDALLION::599,21,21,YES,0,PASS
RANDOMIZER,Hint::RHT_FIRE_MEDALLION::600,11,11,YES,0,PASS
RANDOMIZER,Hint::RHT_FIRE_MEDALLION::601,15,15,YES,0,PASS
RANDOMIZER,Hint::RHT_FIRE_MEDALLION::602,19,19,YES,0,PASS
RANDOMIZER,Hint::RHT_WATER_MEDALLION::603,20,20,YES,0,PASS
RANDOMIZER,Hint::RHT_WATER_MEDALLION::604,11,11,YES,0,PASS
RANDOMIZER,Hint::RHT_WATER_MEDALLION::605,15,15,YES,0,PASS
RANDOMIZER,Hint::RHT_WATER_MEDALLION::606,16,16,YES,0,PASS
RANDOMIZER,Hint::RHT_SPIRIT_MEDALLION::607,24,24,YES,0,PASS
RANDOMIZER,Hint::RHT_SPIRIT_MEDALLION::608,11,11,YES,0,PASS
RANDOMIZER,Hint::RHT_SPIRIT_MEDALLION::609,18,18,YES,0,PASS
RANDOMIZER,Hint::RHT_SPIRIT_MEDALLION::610,19,19,YES,0,PASS
RANDOMIZER,Hint::RHT_SHADOW_MEDALLION::611,24,24,YES,0,PASS
RANDOMIZER,Hint::RHT_SHADOW_MEDALLION::612,11,11,YES,0,PASS
RANDOMIZER,Hint::RHT_SHADOW_MEDALLION::613,18,18,YES,0,PASS
RANDOMIZER,Hint::RHT_SHADOW_MEDALLION::614,16,16,YES,0,PASS
RANDOMIZER,Hint::RHT_LIGHT_MEDALLION::615,21,21,YES,0,PASS
RANDOMIZER,Hint::RHT_LIGHT_MEDALLION::616,11,11,YES,0,PASS
RANDOMIZER,Hint::RHT_LIGHT_MEDALLION::617,19,19,YES,0,PASS
RANDOMIZER,Hint::RHT_LIGHT_MEDALLION::618,17,17,YES,0,PASS
RANDOMIZER,Hint::RHT_RECOVERY_HEART::619,26,26,YES,0,PASS
RANDOMIZER,Hint::RHT_RECOVERY_HEART::620,25,25,YES,0,PASS
RANDOMIZER,Hint::RHT_RECOVERY_HEART::621,19,19,YES,0,PASS
RANDOMIZER,Hint::RHT_RECOVERY_HEART::622,22,22,YES,0,PASS
RANDOMIZER,Hint::RHT_RECOVERY_HEART::623,9,9,YES,0,PASS
RANDOMIZER,Hint::RHT_GREEN_RUPEE::624,15,15,YES,0,PASS
RANDOMIZER,Hint::RHT_GREEN_RUPEE::625,14,14,YES,0,PASS
RANDOMIZER,Hint::RHT_GREEN_RUPEE::626,16,16,YES,0,PASS
RANDOMIZER,Hint::RHT_GREEN_RUPEE::627,10,10,YES,0,PASS
RANDOMIZER,Hint::RHT_GREEN_RUPEE::628,14,14,YES,0,PASS
RANDOMIZER,Hint::RHT_GREG_RUPEE::629,4,4,YES,0,PASS
RANDOMIZER,Hint::RHT_GREG_RUPEE::630,15,15,YES,0,PASS
RANDOMIZER,Hint::RHT_GREG_RUPEE::631,14,14,YES,0,PASS
RANDOMIZER,Hint::RHT_GREG_RUPEE::632,17,17,YES,0,PASS
RANDOMIZER,Hint::RHT_BLUE_RUPEE::633,14,14,YES,0,PASS
RANDOMIZER,Hint::RHT_BLUE_RUPEE::634,14,14,YES,0,PASS
RANDOMIZER,Hint::RHT_BLUE_RUPEE::635,16,16,YES,0,PASS
RANDOMIZER,Hint::RHT_BLUE_RUPEE::636,13,13,YES,0,PASS
RANDOMIZER,Hint::RHT_RED_RUPEE::637,14,14,YES,0,PASS
RANDOMIZER,Hint::RHT_RED_RUPEE::638,14,14,YES,0,PASS
RANDOMIZER,Hint::RHT_RED_RUPEE::639,14,14,YES,0,PASS
RANDOMIZER,Hint::RHT_RED_RUPEE::640,13,13,YES,0,PASS
RANDOMIZER,Hint::RHT_PURPLE_RUPEE::641,17,17,YES,0,PASS
RANDOMIZER,Hint::RHT_PURPLE_RUPEE::642,14,14,YES,0,PASS
RANDOMIZER,Hint::RHT_PURPLE_RUPEE::643,12,12,YES,0,PASS
RANDOMIZER,Hint::RHT_PURPLE_RUPEE::644,16,16,YES,0,PASS
RANDOMIZER,Hint::RHT_PURPLE_RUPEE::645,7,7,YES,0,PASS
RANDOMIZER,Hint::RHT_HUGE_RUPEE::646,17,17,YES,0,PASS
RANDOMIZER,Hint::RHT_HUGE_RUPEE::647,14,14,YES,0,PASS
RANDOMIZER,Hint::RHT_HUGE_RUPEE::648,14,14,YES,0,PASS
RANDOMIZER,Hint::RHT_HUGE_RUPEE::649,17,17,YES,0,PASS
RANDOMIZER,Hint::RHT_HUGE_RUPEE::650,16,16,YES,0,PASS
RANDOMIZER,Hint::RHT_HUGE_RUPEE::651,12,12,YES,0,PASS
RANDOMIZER,Hint::RHT_PIECE_OF_HEART::652,20,20,YES,0,PASS
RANDOMIZER,Hint::RHT_PIECE_OF_HEART::653,25,25,YES,0,PASS
RANDOMIZER,Hint::RHT_PIECE_OF_HEART::654,15,15,YES,0,PASS
RANDOMIZER,Hint::RHT_PIECE_OF_HEART::655,15,15,YES,0,PASS
RANDOMIZER,Hint::RHT_HEART_CONTAINER::656,24,24,YES,0,PASS
RANDOMIZER,Hint::RHT_HEART_CONTAINER::657,25,25,YES,0,PASS
RANDOMIZER,Hint::RHT_HEART_CONTAINER::658,10,10,YES,0,PASS
RANDOMIZER,Hint::RHT_HEART_CONTAINER::659,25,25,YES,0,PASS
RANDOMIZER,Hint::RHT_HEART_CONTAINER::660,17,17,YES,0,PASS
RANDOMIZER,Hint::RHT_ICE_TRAP::661,19,19,YES,0,PASS
RANDOMIZER,Hint::RHT_ICE_TRAP::662,25,25,YES,0,PASS
RANDOMIZER,Hint::RHT_ICE_TRAP::663,17,17,YES,0,PASS
RANDOMIZER,Hint::RHT_ICE_TRAP::664,11,11,YES,0,PASS
RANDOMIZER,Hint::RHT_ICE_TRAP::665,21,21,YES,0,PASS
RANDOMIZER,Hint::RHT_ICE_TRAP::666,22,22,YES,0,PASS
RANDOMIZER,Hint::RHT_ICE_TRAP::667,18,18,YES,0,PASS
RANDOMIZER,Hint::RHT_ICE_TRAP::668,31,31,YES,0,PASS
RANDOMIZER,Hint::RHT_ICE_TRAP::669,16,16,YES,0,PASS
RANDOMIZER,Hint::RHT_BOMBS_5::670,17,17,YES,0,PASS
RANDOMIZER,Hint::RHT_BOMBS_5::671,10,10,YES,0,PASS
RANDOMIZER,Hint::RHT_BOMBS_5::672,18,18,YES,0,PASS
RANDOMIZER,Hint::RHT_BOMBS_5::673,24,24,YES,0,PASS
RANDOMIZER,Hint::RHT_BOMBS_10::674,18,18,YES,0,PASS
RANDOMIZER,Hint::RHT_BOMBS_10::675,10,10,YES,0,PASS
RANDOMIZER,Hint::RHT_BOMBS_10::676,18,18,YES,0,PASS
RANDOMIZER,Hint::RHT_BOMBS_10::677,24,24,YES,0,PASS
RANDOMIZER,Hint::RHT_BOMBS_20::678,18,18,YES,0,PASS
RANDOMIZER,Hint::RHT_BOMBS_20::679,10,10,YES,0,PASS
RANDOMIZER,Hint::RHT_BOMBS_20::680,20,20,YES,0,PASS
RANDOMIZER,Hint::RHT_BOMBS_20::681,23,23,YES,0,PASS
RANDOMIZER,Hint::RHT_BOMBCHUS_5::682,19,19,YES,0,PASS
RANDOMIZER,Hint::RHT_BOMBCHUS_5::683,34,34,YES,0,PASS
RANDOMIZER,Hint::RHT_BOMBCHUS_5::684,10,10,YES,0,PASS
RANDOMIZER,Hint::RHT_BOMBCHUS_5::685,20,20,YES,0,PASS
RANDOMIZER,Hint::RHT_BOMBCHUS_5::686,29,29,YES,0,PASS
RANDOMIZER,Hint::RHT_BOMBCHUS_5::687,18,18,YES,0,PASS
RANDOMIZER,Hint::RHT_BOMBCHUS_5::688,17,17,YES,0,PASS
RANDOMIZER,Hint::RHT_BOMBCHUS_10::689,20,20,YES,0,PASS
RANDOMIZER,Hint::RHT_BOMBCHUS_10::690,34,34,YES,0,PASS
RANDOMIZER,Hint::RHT_BOMBCHUS_10::691,10,10,YES,0,PASS
RANDOMIZER,Hint::RHT_BOMBCHUS_10::692,20,20,YES,0,PASS
RANDOMIZER,Hint::RHT_BOMBCHUS_10::693,29,29,YES,0,PASS
RANDOMIZER,Hint::RHT_BOMBCHUS_10::694,18,18,YES,0,PASS
RANDOMIZER,Hint::RHT_BOMBCHUS_10::695,17,17,YES,0,PASS
RANDOMIZER,Hint::RHT_BOMBCHUS_20::696,20,20,YES,0,PASS
RANDOMIZER,Hint::RHT_BOMBCHUS_20::697,34,34,YES,0,PASS
RANDOMIZER,Hint::RHT_BOMBCHUS_20::698,10,10,YES,0,PASS
RANDOMIZER,Hint::RHT_BOMBCHUS_20::699,19,19,YES,0,PASS
RANDOMIZER,Hint::RHT_BOMBCHUS_20::700,28,28,YES,0,PASS
RANDOMIZER,Hint::RHT_BOMBCHUS_20::701,17,17,YES,0,PASS
RANDOMIZER,Hint::RHT_BOMBCHUS_20::702,16,16,YES,0,PASS
RANDOMIZER,Hint::RHT_ARROWS_5::703,18,18,YES,0,PASS
RANDOMIZER,Hint::RHT_ARROWS_5::704,12,12,YES,0,PASS
RANDOMIZER,Hint::RHT_ARROWS_5::705,25,25,YES,0,PASS
RANDOMIZER,Hint::RHT_ARROWS_5::706,23,23,YES,0,PASS
RANDOMIZER,Hint::RHT_ARROWS_10::707,19,19,YES,0,PASS
RANDOMIZER,Hint::RHT_ARROWS_10::708,12,12,YES,0,PASS
RANDOMIZER,Hint::RHT_ARROWS_10::709,25,25,YES,0,PASS
RANDOMIZER,Hint::RHT_ARROWS_10::710,23,23,YES,0,PASS
RANDOMIZER,Hint::RHT_ARROWS_30::711,19,19,YES,0,PASS
RANDOMIZER,Hint::RHT_ARROWS_30::712,12,12,YES,0,PASS
RANDOMIZER,Hint::RHT_ARROWS_30::713,24,24,YES,0,PASS
RANDOMIZER,Hint::RHT_ARROWS_30::714,22,22,YES,0,PASS
RANDOMIZER,Hint::RHT_DEKU_NUTS_5::715,22,22,YES,0,PASS
RANDOMIZER,Hint::RHT_DEKU_NUTS_5::716,23,23,YES,0,PASS
RANDOMIZER,Hint::RHT_DEKU_NUTS_5::717,22,22,YES,0,PASS
RANDOMIZER,Hint::RHT_DEKU_NUTS_5::718,14,14,YES,0,PASS
RANDOMIZER,Hint::RHT_DEKU_NUTS_5::719,26,26,YES,0,PASS
RANDOMIZER,Hint::RHT_DEKU_NUTS_5::720,21,21,YES,0,PASS
RANDOMIZER,Hint::RHT_DEKU_NUTS_10::721,23,23,YES,0,PASS
RANDOMIZER,Hint::RHT_DEKU_NUTS_10::722,23,23,YES,0,PASS
RANDOMIZER,Hint::RHT_DEKU_NUTS_10::723,22,22,YES,0,PASS
RANDOMIZER,Hint::RHT_DEKU_NUTS_10::724,16,16,YES,0,PASS
RANDOMIZER,Hint::RHT_DEKU_NUTS_10::725,25,25,YES,0,PASS
RANDOMIZER,Hint::RHT_DEKU_NUTS_10::726,20,20,YES,0,PASS
RANDOMIZER,Hint::RHT_DEKU_SEEDS_30::727,25,25,YES,0,PASS
RANDOMIZER,Hint::RHT_DEKU_SEEDS_30::728,12,12,YES,0,PASS
RANDOMIZER,Hint::RHT_DEKU_SEEDS_30::729,23,23,YES,0,PASS
RANDOMIZER,Hint::RHT_DEKU_SEEDS_30::730,21,21,YES,0,PASS
RANDOMIZER,Hint::RHT_DEKU_SEEDS_30::731,18,18,YES,0,PASS
RANDOMIZER,Hint::RHT_DEKU_STICK_1::732,12,12,YES,0,PASS
RANDOMIZER,Hint::RHT_DEKU_STICK_1::733,23,23,YES,0,PASS
RANDOMIZER,Hint::RHT_DEKU_STICK_1::734,17,17,YES,0,PASS
RANDOMIZER,Hint::RHT_TREASURE_GAME_HEART::735,20,20,YES,0,PASS
RANDOMIZER,Hint::RHT_TREASURE_GAME_HEART::736,25,25,YES,0,PASS
RANDOMIZER,Hint::RHT_TREASURE_GAME_HEART::737,27,27,YES,0,PASS
RANDOMIZER,Hint::RHT_TREASURE_GAME_GREEN_RUPEE::738,15,15,YES,0,PASS
RANDOMIZER,Hint::RHT_TREASURE_GAME_GREEN_RUPEE::739,14,14,YES,0,PASS
RANDOMIZER,Hint::RHT_TREASURE_GAME_GREEN_RUPEE::740,22,22,YES,0,PASS
RANDOMIZER,Hint::RHT_TRIFORCE_PIECE::741,28,28,YES,0,PASS
RANDOMIZER,Hint::RHT_TRIFORCE_PIECE::742,22,22,YES,0,PASS
RANDOMIZER,Hint::RHT_TRIFORCE_PIECE::743,5,5,YES,0,PASS
RANDOMIZER,Hint::RHT_TRIFORCE_PIECE::744,19,19,YES,0,PASS
RANDOMIZER,Hint::RHT_GOHMA_SOUL::745,16,16,YES,0,PASS
RANDOMIZER,Hint::RHT_GOHMA_SOUL::746,18,18,YES,0,PASS
RANDOMIZER,Hint::RHT_GOHMA_SOUL::747,16,16,YES,0,PASS
RANDOMIZER,Hint::RHT_GOHMA_SOUL::748,16,16,YES,0,PASS
RANDOMIZER,Hint::RHT_KING_DODONGO_SOUL::749,23,23,YES,0,PASS
RANDOMIZER,Hint::RHT_KING_DODONGO_SOUL::750,14,14,YES,0,PASS
RANDOMIZER,Hint::RHT_KING_DODONGO_SOUL::751,12,12,YES,0,PASS
RANDOMIZER,Hint::RHT_KING_DODONGO_SOUL::752,17,17,YES,0,PASS
RANDOMIZER,Hint::RHT_BARINADE_SOUL::753,19,19,YES,0,PASS
RANDOMIZER,Hint::RHT_BARINADE_SOUL::754,15,15,YES,0,PASS
RANDOMIZER,Hint::RHT_BARINADE_SOUL::755,18,18,YES,0,PASS
RANDOMIZER,Hint::RHT_BARINADE_SOUL::756,16,16,YES,0,PASS
RANDOMIZER,Hint::RHT_PHANTOM_GANON_SOUL::757,29,29,YES,0,PASS
RANDOMIZER,Hint::RHT_PHANTOM_GANON_SOUL::758,14,14,YES,0,PASS
RANDOMIZER,Hint::RHT_PHANTOM_GANON_SOUL::759,17,17,YES,0,PASS
RANDOMIZER,Hint::RHT_PHANTOM_GANON_SOUL::760,16,16,YES,0,PASS
RANDOMIZER,Hint::RHT_VOLVAGIA_SOUL::761,19,19,YES,0,PASS
RANDOMIZER,Hint::RHT_VOLVAGIA_SOUL::762,13,13,YES,0,PASS
RANDOMIZER,Hint::RHT_VOLVAGIA_SOUL::763,17,17,YES,0,PASS
RANDOMIZER,Hint::RHT_VOLVAGIA_SOUL::764,17,17,YES,0,PASS
RANDOMIZER,Hint::RHT_MORPHA_SOUL::765,17,17,YES,0,PASS
RANDOMIZER,Hint::RHT_MORPHA_SOUL::766,11,11,YES,0,PASS
RANDOMIZER,Hint::RHT_MORPHA_SOUL::767,16,16,YES,0,PASS
RANDOMIZER,Hint::RHT_MORPHA_SOUL::768,15,15,YES,0,PASS
RANDOMIZER,Hint::RHT_BONGO_BONGO_SOUL::769,22,22,YES,0,PASS
RANDOMIZER,Hint::RHT_BONGO_BONGO_SOUL::770,11,11,YES,0,PASS
RANDOMIZER,Hint::RHT_BONGO_BONGO_SOUL::771,15,15,YES,0,PASS
RANDOMIZER,Hint::RHT_BONGO_BONGO_SOUL::772,14,14,YES,0,PASS
RANDOMIZER,Hint::RHT_TWINROVA_SOUL::773,19,19,YES,0,PASS
RANDOMIZER,Hint::RHT_TWINROVA_SOUL::774,15,15,YES,0,PASS
RANDOMIZER,Hint::RHT_TWINROVA_SOUL::775,14,14,YES,0,PASS
RANDOMIZER,Hint::RHT_TWINROVA_SOUL::776,16,16,YES,0,PASS
RANDOMIZER,Hint::RHT_GANON_SOUL::777,16,16,YES,0,PASS
RANDOMIZER,Hint::RHT_GANON_SOUL::778,11,11,YES,0,PASS
RANDOMIZER,Hint::RHT_GANON_SOUL::779,15,15,YES,0,PASS
RANDOMIZER,Hint::RHT_GANON_SOUL::780,16,16,YES,0,PASS
RANDOMIZER,Hint::RHT_OCARINA_A_BUTTON::781,21,21,YES,0,PASS
RANDOMIZER,Hint::RHT_OCARINA_A_BUTTON::782,13,13,YES,0,PASS
RANDOMIZER,Hint::RHT_OCARINA_A_BUTTON::783,17,17,YES,0,PASS
RANDOMIZER,Hint::RHT_OCARINA_C_UP_BUTTON::784,28,28,YES,0,PASS
RANDOMIZER,Hint::RHT_OCARINA_C_UP_BUTTON::785,13,13,YES,0,PASS
RANDOMIZER,Hint::RHT_OCARINA_C_UP_BUTTON::786,13,13,YES,0,PASS
RANDOMIZER,Hint::RHT_OCARINA_C_DOWN_BUTTON::787,27,27,YES,0,PASS
RANDOMIZER,Hint::RHT_OCARINA_C_DOWN_BUTTON::788,13,13,YES,0,PASS
RANDOMIZER,Hint::RHT_OCARINA_C_DOWN_BUTTON::789,13,13,YES,0,PASS
RANDOMIZER,Hint::RHT_OCARINA_C_LEFT_BUTTON::790,31,31,YES,0,PASS
RANDOMIZER,Hint::RHT_OCARINA_C_LEFT_BUTTON::791,13,13,YES,0,PASS
RANDOMIZER,Hint::RHT_OCARINA_C_LEFT_BUTTON::792,26,26,YES,0,PASS
RANDOMIZER,Hint::RHT_OCARINA_C_RIGHT_BUTTON::793,29,29,YES,0,PASS
RANDOMIZER,Hint::RHT_OCARINA_C_RIGHT_BUTTON::794,13,13,YES,0,PASS
RANDOMIZER,Hint::RHT_OCARINA_C_RIGHT_BUTTON::795,24,24,YES,0,PASS
RANDOMIZER,Hint::RHT_FISHING_POLE::796,18,18,YES,0,PASS
RANDOMIZER,Hint::RHT_FISHING_POLE::797,35,35,YES,0,PASS
RANDOMIZER,Hint::RHT_FISHING_POLE::798,13,13,YES,0,PASS
RANDOMIZER,Hint::RHT_BOMBCHU_BAG::799,21,21,YES,0,PASS
RANDOMIZER,Hint::RHT_BOMBCHU_BAG::800,10,10,YES,0,PASS
RANDOMIZER,Hint::RHT_BOMBCHU_BAG::801,29,29,YES,0,PASS
RANDOMIZER,Hint::RHT_BOMBCHU_BAG::802,15,15,YES,0,PASS
RANDOMIZER,Hint::RHT_SKELETON_KEY::803,17,17,YES,0,PASS
RANDOMIZER,Hint::RHT_SKELETON_KEY::804,9,9,YES,0,PASS
RANDOMIZER,Hint::RHT_SKELETON_KEY::805,24,24,YES,0,PASS
RANDOMIZER,Hint::RHT_QUIVER_INF::806,18,18,YES,0,PASS
RANDOMIZER,Hint::RHT_BOMB_BAG_INF::807,28,28,YES,0,PASS
RANDOMIZER,Hint::RHT_BULLET_BAG_INF::808,27,27,YES,0,PASS
RANDOMIZER,Hint::RHT_STICK_UPGRADE_INF::809,20,20,YES,0,PASS
RANDOMIZER,Hint::RHT_NUT_UPGRADE_INF::810,21,21,YES,0,PASS
RANDOMIZER,Hint::RHT_MAGIC_INF::811,15,15,YES,0,PASS
RANDOMIZER,Hint::RHT_BOMBCHU_INF::812,18,18,YES,0,PASS
RANDOMIZER,Hint::RHT_WALLET_INF::813,22,22,YES,0,PASS
RANDOMIZER,Hint::RHT_EPONA::814,5,5,YES,0,PASS
RANDOMIZER,Hint::RHT_EPONA::815,13,13,YES,0,PASS
RANDOMIZER,Hint::RHT_EPONA::816,29,29,YES,0,PASS
RANDOMIZER,Hint::RHT_EPONA::817,31,31,YES,0,PASS
RANDOMIZER,Hint::RHT_EPONA::818,10,10,YES,0,PASS
RANDOMIZER,Hint::RHT_EPONA::819,24,24,YES,0,PASS
RANDOMIZER,Hint::RHT_HINT_MYSTERIOUS::820,15,15,YES,0,PASS
RANDOMIZER,Hint::RHT_MYSTERIOUS_ITEM::821,17,17,YES,0,PASS
RANDOMIZER,Hint::RHT_MYSTERIOUS_ITEM_CAPITAL::822,17,17,YES,0,PASS
RANDOMIZER,Hint::RHT_NONE::0,9,9,YES,0,PASS
RANDOMIZER,Hint::RHT_WAY_OF_THE_HERO::1,46,46,YES,0,PASS
RANDOMIZER,Hint::RHT_FOOLISH::2,48,48,YES,0,PASS
RANDOMIZER,Hint::RHT_CAN_BE_FOUND_AT::3,44,44,YES,0,PASS
RANDOMIZER,Hint::RHT_HOARDS::4,30,30,YES,0,PASS
RANDOMIZER,Hint::RHT_KF_LINKS_HOUSE_COW::5,63,63,YES,0,PASS
RANDOMIZER,Hint::RHT_KF_LINKS_HOUSE_COW::6,70,70,YES,0,PASS
RANDOMIZER,Hint::RHT_KAK_100_GOLD_SKULLTULA_REWARD::7,54,54,YES,0,PASS
RANDOMIZER,Hint::RHT_KAK_100_GOLD_SKULLTULA_REWARD::8,54,54,YES,0,PASS
RANDOMIZER,Hint::RHT_KAK_100_GOLD_SKULLTULA_REWARD::9,46,46,YES,0,PASS
RANDOMIZER,Hint::RHT_KAK_100_GOLD_SKULLTULA_REWARD::10,53,53,YES,0,PASS
RANDOMIZER,Hint::RHT_SONG_FROM_OCARINA_OF_TIME::11,47,47,YES,0,PASS
RANDOMIZER,Hint::RHT_SONG_FROM_ROYAL_FAMILYS_TOMB::12,71,71,YES,0,PASS
RANDOMIZER,Hint::RHT_SHEIK_IN_FOREST::13,43,43,YES,0,PASS
RANDOMIZER,Hint::RHT_SHEIK_AT_TEMPLE::14,70,70,YES,0,PASS
RANDOMIZER,Hint::RHT_SHEIK_IN_CRATER::15,43,43,YES,0,PASS
RANDOMIZER,Hint::RHT_SHEIK_IN_ICE_CAVERN::16,46,46,YES,0,PASS
RANDOMIZER,Hint::RHT_SHEIK_IN_KAKARIKO::17,48,48,YES,0,PASS
RANDOMIZER,Hint::RHT_SHEIK_AT_COLOSSUS::18,85,85,YES,0,PASS
RANDOMIZER,Hint::RHT_MARKET_10_BIG_POES::19,49,49,YES,0,PASS
RANDOMIZER,Hint::RHT_MARKET_10_BIG_POES::20,69,69,YES,0,PASS
RANDOMIZER,Hint::RHT_DEKU_THEATER_SKULL_MASK::21,47,47,YES,0,PASS
RANDOMIZER,Hint::RHT_DEKU_THEATER_MASK_OF_TRUTH::22,50,50,YES,0,PASS
RANDOMIZER,Hint::RHT_DEKU_THEATER_MASK_OF_TRUTH::23,64,64,YES,0,PASS
RANDOMIZER,Hint::RHT_HF_OCARINA_OF_TIME_ITEM::24,61,61,YES,0,PASS
RANDOMIZER,Hint::RHT_DMT_TRADE_BROKEN_SWORD::25,43,43,YES,0,PASS
RANDOMIZER,Hint::RHT_DMT_TRADE_EYEDROPS::26,48,48,YES,0,PASS
RANDOMIZER,Hint::RHT_DMT_TRADE_CLAIM_CHECK::27,35,35,YES,0,PASS
RANDOMIZER,Hint::RHT_KAK_50_GOLD_SKULLTULA_REWARD::28,53,53,YES,0,PASS
RANDOMIZER,Hint::RHT_KAK_50_GOLD_SKULLTULA_REWARD::29,53,53,YES,0,PASS
RANDOMIZER,Hint::RHT_KAK_50_GOLD_SKULLTULA_REWARD::30,45,45,YES,0,PASS
RANDOMIZER,Hint::RHT_KAK_50_GOLD_SKULLTULA_REWARD::31,52,52,YES,0,PASS
RANDOMIZER,Hint::RHT_KAK_40_GOLD_SKULLTULA_REWARD::32,53,53,YES,0,PASS
RANDOMIZER,Hint::RHT_KAK_40_GOLD_SKULLTULA_REWARD::33,53,53,YES,0,PASS
RANDOMIZER,Hint::RHT_KAK_40_GOLD_SKULLTULA_REWARD::34,45,45,YES,0,PASS
RANDOMIZER,Hint::RHT_KAK_40_GOLD_SKULLTULA_REWARD::35,52,52,YES,0,PASS
RANDOMIZER,Hint::RHT_KAK_30_GOLD_SKULLTULA_REWARD::36,53,53,YES,0,PASS
RANDOMIZER,Hint::RHT_KAK_30_GOLD_SKULLTULA_REWARD::37,53,53,YES,0,PASS
RANDOMIZER,Hint::RHT_KAK_30_GOLD_SKULLTULA_REWARD::38,45,45,YES,0,PASS
RANDOMIZER,Hint::RHT_KAK_30_GOLD_SKULLTULA_REWARD::39,52,52,YES,0,PASS
RANDOMIZER,Hint::RHT_KAK_20_GOLD_SKULLTULA_REWARD::40,53,53,YES,0,PASS
RANDOMIZER,Hint::RHT_KAK_20_GOLD_SKULLTULA_REWARD::41,53,53,YES,0,PASS
RANDOMIZER,Hint::RHT_KAK_20_GOLD_SKULLTULA_REWARD::42,45,45,YES,0,PASS
RANDOMIZER,Hint::RHT_KAK_20_GOLD_SKULLTULA_REWARD::43,52,52,YES,0,PASS
RANDOMIZER,Hint::RHT_KAK_ANJU_AS_CHILD::44,47,47,YES,0,PASS
RANDOMIZER,Hint::RHT_KAK_ANJU_AS_CHILD::45,44,44,YES,0,PASS
RANDOMIZER,Hint::RHT_KAK_ANJU_AS_CHILD::46,39,39,YES,0,PASS
RANDOMIZER,Hint::RHT_KAK_TRADE_POCKET_CUCCO::47,53,53,YES,0,PASS
RANDOMIZER,Hint::RHT_KAK_TRADE_ODD_MUSHROOM::48,60,60,YES,0,PASS
RANDOMIZER,Hint::RHT_GC_DARUNIAS_JOY::49,48,48,YES,0,PASS
RANDOMIZER,Hint::RHT_GC_DARUNIAS_JOY::50,43,43,YES,0,PASS
RANDOMIZER,Hint::RHT_LW_SKULL_KID::51,43,43,YES,0,PASS
RANDOMIZER,Hint::RHT_LW_TRADE_COJIRO::52,52,52,YES,0,PASS
RANDOMIZER,Hint::RHT_LW_TRADE_ODD_POTION::53,53,53,YES,0,PASS
RANDOMIZER,Hint::RHT_LH_SUN::54,41,41,YES,0,PASS
RANDOMIZER,Hint::RHT_LH_SUN::55,48,48,YES,0,PASS
RANDOMIZER,Hint::RHT_LH_TRADE_FROG::56,70,70,YES,0,PASS
RANDOMIZER,Hint::RHT_MARKET_TREASURE_CHEST_GAME_REWARD::57,55,55,YES,0,PASS
RANDOMIZER,Hint::RHT_MARKET_TREASURE_CHEST_GAME_REWARD::58,33,33,YES,0,PASS
RANDOMIZER,Hint::RHT_MARKET_TREASURE_CHEST_GAME_REWARD::59,55,55,YES,0,PASS
RANDOMIZER,Hint::RHT_MARKET_TREASURE_CHEST_GAME_ITEM_1::60,77,77,YES,0,PASS
RANDOMIZER,Hint::RHT_MARKET_TREASURE_CHEST_GAME_ITEM_1::61,41,41,YES,0,PASS
RANDOMIZER,Hint::RHT_MARKET_TREASURE_CHEST_GAME_ITEM_1::62,63,63,YES,0,PASS
RANDOMIZER,Hint::RHT_MARKET_TREASURE_CHEST_GAME_ITEM_2::63,77,77,YES,0,PASS
RANDOMIZER,Hint::RHT_MARKET_TREASURE_CHEST_GAME_ITEM_2::64,43,43,YES,0,PASS
RANDOMIZER,Hint::RHT_MARKET_TREASURE_CHEST_GAME_ITEM_2::65,62,62,YES,0,PASS
RANDOMIZER,Hint::RHT_MARKET_TREASURE_CHEST_GAME_ITEM_3::66,77,77,YES,0,PASS
RANDOMIZER,Hint::RHT_MARKET_TREASURE_CHEST_GAME_ITEM_3::67,41,41,YES,0,PASS
RANDOMIZER,Hint::RHT_MARKET_TREASURE_CHEST_GAME_ITEM_3::68,61,61,YES,0,PASS
RANDOMIZER,Hint::RHT_MARKET_TREASURE_CHEST_GAME_ITEM_4::69,76,76,YES,0,PASS
RANDOMIZER,Hint::RHT_MARKET_TREASURE_CHEST_GAME_ITEM_4::70,41,41,YES,0,PASS
RANDOMIZER,Hint::RHT_MARKET_TREASURE_CHEST_GAME_ITEM_4::71,63,63,YES,0,PASS
RANDOMIZER,Hint::RHT_MARKET_TREASURE_CHEST_GAME_ITEM_5::72,76,76,YES,0,PASS
RANDOMIZER,Hint::RHT_MARKET_TREASURE_CHEST_GAME_ITEM_5::73,41,41,YES,0,PASS
RANDOMIZER,Hint::RHT_MARKET_TREASURE_CHEST_GAME_ITEM_5::74,62,62,YES,0,PASS
RANDOMIZER,Hint::RHT_MARKET_TREASURE_CHEST_GAME_KEY_1::75,77,77,YES,0,PASS
RANDOMIZER,Hint::RHT_MARKET_TREASURE_CHEST_GAME_KEY_1::76,41,41,YES,0,PASS
RANDOMIZER,Hint::RHT_MARKET_TREASURE_CHEST_GAME_KEY_1::77,63,63,YES,0,PASS
RANDOMIZER,Hint::RHT_MARKET_TREASURE_CHEST_GAME_KEY_2::78,77,77,YES,0,PASS
RANDOMIZER,Hint::RHT_MARKET_TREASURE_CHEST_GAME_KEY_2::79,43,43,YES,0,PASS
RANDOMIZER,Hint::RHT_MARKET_TREASURE_CHEST_GAME_KEY_2::80,62,62,YES,0,PASS
RANDOMIZER,Hint::RHT_MARKET_TREASURE_CHEST_GAME_KEY_3::81,73,73,YES,0,PASS
RANDOMIZER,Hint::RHT_MARKET_TREASURE_CHEST_GAME_KEY_3::82,41,41,YES,0,PASS
RANDOMIZER,Hint::RHT_MARKET_TREASURE_CHEST_GAME_KEY_3::83,61,61,YES,0,PASS
RANDOMIZER,Hint::RHT_MARKET_TREASURE_CHEST_GAME_KEY_4::84,72,72,YES,0,PASS
RANDOMIZER,Hint::RHT_MARKET_TREASURE_CHEST_GAME_KEY_4::85,41,41,YES,0,PASS
RANDOMIZER,Hint::RHT_MARKET_TREASURE_CHEST_GAME_KEY_4::86,63,63,YES,0,PASS
RANDOMIZER,Hint::RHT_MARKET_TREASURE_CHEST_GAME_KEY_5::87,72,72,YES,0,PASS
RANDOMIZER,Hint::RHT_MARKET_TREASURE_CHEST_GAME_KEY_5::88,41,41,YES,0,PASS
RANDOMIZER,Hint::RHT_MARKET_TREASURE_CHEST_GAME_KEY_5::89,62,62,YES,0,PASS
RANDOMIZER,Hint::RHT_GF_HBA_1500_POINTS::90,72,72,YES,0,PASS
RANDOMIZER,Hint::RHT_GF_HBA_1500_POINTS::91,57,57,YES,0,PASS
RANDOMIZER,Hint::RHT_GRAVEYARD_HEART_PIECE_GRAVE_CHEST::92,61,61,YES,0,PASS
RANDOMIZER,Hint::RHT_GC_MAZE_LEFT_CHEST::93,57,57,YES,0,PASS
RANDOMIZER,Hint::RHT_GV_CHEST::94,57,57,YES,0,PASS
RANDOMIZER,Hint::RHT_GV_TRADE_SAW::95,50,50,YES,0,PASS
RANDOMIZER,Hint::RHT_GV_COW::96,53,53,YES,0,PASS
RANDOMIZER,Hint::RHT_HC_GS_STORMS_GROTTO::97,76,76,YES,0,PASS
RANDOMIZER,Hint::RHT_HF_GS_COW_GROTTO::98,68,68,YES,0,PASS
RANDOMIZER,Hint::RHT_HF_COW_GROTTO_COW::99,67,67,YES,0,PASS
RANDOMIZER,Hint::RHT_HF_COW_GROTTO_COW::100,55,55,YES,0,PASS
RANDOMIZER,Hint::RHT_ZR_FROGS_OCARINA_GAME::101,67,67,YES,0,PASS
RANDOMIZER,Hint::RHT_ZR_FROGS_OCARINA_GAME::102,50,50,YES,0,PASS
RANDOMIZER,Hint::RHT_ZR_FROGS_OCARINA_GAME::103,61,61,YES,0,PASS
RANDOMIZER,Hint::RHT_ZR_FROGS_OCARINA_GAME::104,43,43,YES,0,PASS
RANDOMIZER,Hint::RHT_ZF_GS_HIDDEN_CAVE::105,70,70,YES,0,PASS
RANDOMIZER,Hint::RHT_WASTELAND_CHEST::106,49,49,YES,0,PASS
RANDOMIZER,Hint::RHT_WASTELAND_GS::107,48,48,YES,0,PASS
RANDOMIZER,Hint::RHT_GRAVEYARD_ROYAL_FAMILYS_TOMB_CHEST::108,65,65,YES,0,PASS
RANDOMIZER,Hint::RHT_ZF_BOTTOM_FREESTANDING_POH::109,46,46,YES,0,PASS
RANDOMIZER,Hint::RHT_GC_POT_FREESTANDING_POH::110,51,51,YES,0,PASS
RANDOMIZER,Hint::RHT_ZD_KING_ZORA_THAWED::111,49,49,YES,0,PASS
RANDOMIZER,Hint::RHT_ZD_KING_ZORA_THAWED::112,52,52,YES,0,PASS
RANDOMIZER,Hint::RHT_ZD_TRADE_PRESCRIPTION::113,53,53,YES,0,PASS
RANDOMIZER,Hint::RHT_DMC_DEKU_SCRUB::114,51,51,YES,0,PASS
RANDOMIZER,Hint::RHT_DMC_GS_CRATE::115,62,62,YES,0,PASS
RANDOMIZER,Hint::RHT_DEKU_TREE_MQ_AFTER_SPINNING_LOG_CHEST::116,69,69,YES,0,PASS
RANDOMIZER,Hint::RHT_DEKU_TREE_MQ_AFTER_SPINNING_LOG_CHEST::117,66,66,YES,0,PASS
RANDOMIZER,Hint::RHT_DEKU_TREE_MQ_GS_BASEMENT_GRAVES_ROOM::118,62,62,YES,0,PASS
RANDOMIZER,Hint::RHT_DEKU_TREE_MQ_GS_BASEMENT_GRAVES_ROOM::119,59,59,YES,0,PASS
RANDOMIZER,Hint::RHT_DODONGOS_CAVERN_MQ_GS_SONG_OF_TIME_BLOCK_ROOM::120,82,82,YES,0,PASS
RANDOMIZER,Hint::RHT_DODONGOS_CAVERN_MQ_GS_SONG_OF_TIME_BLOCK_ROOM::121,72,72,YES,0,PASS
RANDOMIZER,Hint::RHT_JABU_JABUS_BELLY_BOOMERANG_CHEST::122,71,71,YES,0,PASS
RANDOMIZER,Hint::RHT_JABU_JABUS_BELLY_BOOMERANG_CHEST::123,69,69,YES,0,PASS
RANDOMIZER,Hint::RHT_JABU_JABUS_BELLY_MQ_GS_INVISIBLE_ENEMIES_ROOM::124,81,81,YES,0,PASS
RANDOMIZER,Hint::RHT_JABU_JABUS_BELLY_MQ_GS_INVISIBLE_ENEMIES_ROOM::125,79,79,YES,0,PASS
RANDOMIZER,Hint::RHT_JABU_JABUS_BELLY_MQ_COW::126,56,56,YES,0,PASS
RANDOMIZER,Hint::RHT_JABU_JABUS_BELLY_MQ_COW::127,54,54,YES,0,PASS
RANDOMIZER,Hint::RHT_FIRE_TEMPLE_SCARECROW_CHEST::128,68,68,YES,0,PASS
RANDOMIZER,Hint::RHT_FIRE_TEMPLE_SCARECROW_CHEST::129,69,69,YES,0,PASS
RANDOMIZER,Hint::RHT_FIRE_TEMPLE_MEGATON_HAMMER_CHEST::130,98,98,YES,0,PASS
RANDOMIZER,Hint::RHT_FIRE_TEMPLE_MEGATON_HAMMER_CHEST::131,88,88,YES,0,PASS
RANDOMIZER,Hint::RHT_FIRE_TEMPLE_MQ_CHEST_ON_FIRE::132,98,98,YES,0,PASS
RANDOMIZER,Hint::RHT_FIRE_TEMPLE_MQ_CHEST_ON_FIRE::133,88,88,YES,0,PASS
RANDOMIZER,Hint::RHT_FIRE_TEMPLE_MQ_GS_SKULL_ON_FIRE::134,73,73,YES,0,PASS
RANDOMIZER,Hint::RHT_FIRE_TEMPLE_MQ_GS_SKULL_ON_FIRE::135,63,63,YES,0,PASS
RANDOMIZER,Hint::RHT_WATER_TEMPLE_RIVER_CHEST::136,64,64,YES,0,PASS
RANDOMIZER,Hint::RHT_WATER_TEMPLE_RIVER_CHEST::137,55,55,YES,0,PASS
RANDOMIZER,Hint::RHT_WATER_TEMPLE_BOSS_KEY_CHEST::138,74,74,YES,0,PASS
RANDOMIZER,Hint::RHT_WATER_TEMPLE_BOSS_KEY_CHEST::139,65,65,YES,0,PASS
RANDOMIZER,Hint::RHT_WATER_TEMPLE_GS_BEHIND_GATE::140,76,76,YES,0,PASS
RANDOMIZER,Hint::RHT_WATER_TEMPLE_GS_BEHIND_GATE::141,67,67,YES,0,PASS
RANDOMIZER,Hint::RHT_WATER_TEMPLE_MQ_FREESTANDING_KEY::142,67,67,YES,0,PASS
RANDOMIZER,Hint::RHT_WATER_TEMPLE_MQ_FREESTANDING_KEY::143,58,58,YES,0,PASS
RANDOMIZER,Hint::RHT_WATER_TEMPLE_MQ_GS_FREESTANDING_KEY_AREA::144,66,66,YES,0,PASS
RANDOMIZER,Hint::RHT_WATER_TEMPLE_MQ_GS_FREESTANDING_KEY_AREA::145,57,57,YES,0,PASS
RANDOMIZER,Hint::RHT_WATER_TEMPLE_MQ_GS_TRIPLE_WALL_TORCH::146,76,76,YES,0,PASS
RANDOMIZER,Hint::RHT_WATER_TEMPLE_MQ_GS_TRIPLE_WALL_TORCH::147,67,67,YES,0,PASS
RANDOMIZER,Hint::RHT_GERUDO_TRAINING_GROUND_UNDERWATER_SILVER_RUPEE_CHEST::148,71,71,YES,0,PASS
RANDOMIZER,Hint::RHT_GERUDO_TRAINING_GROUND_MQ_UNDERWATER_SILVER_RUPEE_CHEST::149,71,71,YES,0,PASS
RANDOMIZER,Hint::RHT_GERUDO_TRAINING_GROUND_MAZE_PATH_FINAL_CHEST::150,71,71,YES,0,PASS
RANDOMIZER,Hint::RHT_GERUDO_TRAINING_GROUND_MQ_ICE_ARROWS_CHEST::151,71,71,YES,0,PASS
RANDOMIZER,Hint::RHT_BOTTOM_OF_THE_WELL_LENS_OF_TRUTH_CHEST::152,46,46,YES,0,PASS
RANDOMIZER,Hint::RHT_BOTTOM_OF_THE_WELL_LENS_OF_TRUTH_CHEST::153,57,57,YES,0,PASS
RANDOMIZER,Hint::RHT_BOTTOM_OF_THE_WELL_LENS_OF_TRUTH_CHEST::154,62,62,YES,0,PASS
RANDOMIZER,Hint::RHT_BOTTOM_OF_THE_WELL_MQ_COMPASS_CHEST::155,46,46,YES,0,PASS
RANDOMIZER,Hint::RHT_BOTTOM_OF_THE_WELL_MQ_COMPASS_CHEST::156,57,57,YES,0,PASS
RANDOMIZER,Hint::RHT_BOTTOM_OF_THE_WELL_MQ_COMPASS_CHEST::157,62,62,YES,0,PASS
RANDOMIZER,Hint::RHT_SPIRIT_TEMPLE_SILVER_GAUNTLETS_CHEST::158,56,56,YES,0,PASS
RANDOMIZER,Hint::RHT_SPIRIT_TEMPLE_SILVER_GAUNTLETS_CHEST::159,51,51,YES,0,PASS
RANDOMIZER,Hint::RHT_SPIRIT_TEMPLE_MIRROR_SHIELD_CHEST::160,58,58,YES,0,PASS
RANDOMIZER,Hint::RHT_SPIRIT_TEMPLE_MQ_CHILD_HAMMER_SWITCH_CHEST::161,74,74,YES,0,PASS
RANDOMIZER,Hint::RHT_SPIRIT_TEMPLE_MQ_CHILD_HAMMER_SWITCH_CHEST::162,61,61,YES,0,PASS
RANDOMIZER,Hint::RHT_SPIRIT_TEMPLE_MQ_SYMPHONY_ROOM_CHEST::163,65,65,YES,0,PASS
RANDOMIZER,Hint::RHT_SPIRIT_TEMPLE_MQ_SYMPHONY_ROOM_CHEST::164,52,52,YES,0,PASS
RANDOMIZER,Hint::RHT_SPIRIT_TEMPLE_MQ_GS_SYMPHONY_ROOM::165,75,75,YES,0,PASS
RANDOMIZER,Hint::RHT_SPIRIT_TEMPLE_MQ_GS_SYMPHONY_ROOM::166,62,62,YES,0,PASS
RANDOMIZER,Hint::RHT_SHADOW_TEMPLE_INVISIBLE_FLOORMASTER_CHEST::167,60,60,YES,0,PASS
RANDOMIZER,Hint::RHT_SHADOW_TEMPLE_MQ_BOMB_FLOWER_CHEST::168,60,60,YES,0,PASS
RANDOMIZER,Hint::RHT_DESERT_COLOSSUS_TO_COLOSSUS_GROTTO::169,58,58,YES,0,PASS
RANDOMIZER,Hint::RHT_GV_GROTTO_LEDGE_TO_GV_OCTOROK_GROTTO::170,58,58,YES,0,PASS
RANDOMIZER,Hint::RHT_GC_GROTTO_PLATFORM_TO_GC_GROTTO::171,78,78,YES,0,PASS
RANDOMIZER,Hint::RHT_GERUDO_FORTRESS_TO_GF_STORMS_GROTTO::172,68,68,YES,0,PASS
RANDOMIZER,Hint::RHT_ZORAS_DOMAIN_TO_ZD_STORMS_GROTTO::173,62,62,YES,0,PASS
RANDOMIZER,Hint::RHT_HYRULE_CASTLE_GROUNDS_TO_HC_STORMS_GROTTO::174,57,57,YES,0,PASS
RANDOMIZER,Hint::RHT_GV_FORTRESS_SIDE_TO_GV_STORMS_GROTTO::175,50,50,YES,0,PASS
RANDOMIZER,Hint::RHT_DESERT_COLOSSUS_TO_COLOSSUS_GREAT_FAIRY_FOUNTAIN::176,59,59,YES,0,PASS
RANDOMIZER,Hint::RHT_GANONS_CASTLE_GROUNDS_TO_OGC_GREAT_FAIRY_FOUNTAIN::177,62,62,YES,0,PASS
RANDOMIZER,Hint::RHT_ZORAS_FOUNTAIN_TO_ZF_GREAT_FAIRY_FOUNTAIN::178,49,49,YES,0,PASS
RANDOMIZER,Hint::RHT_GV_FORTRESS_SIDE_TO_GV_CARPENTER_TENT::179,46,46,YES,0,PASS
RANDOMIZER,Hint::RHT_GRAVEYARD_WARP_PAD_REGION_TO_SHADOW_TEMPLE_ENTRYWAY::180,47,47,YES,0,PASS
RANDOMIZER,Hint::RHT_LAKE_HYLIA_TO_WATER_TEMPLE_LOBBY::181,72,72,YES,0,PASS
RANDOMIZER,Hint::RHT_GERUDO_FORTRESS_TO_GERUDO_TRAINING_GROUND_LOBBY::182,64,64,YES,0,PASS
RANDOMIZER,Hint::RHT_ZORAS_FOUNTAIN_TO_JABU_JABUS_BELLY_BEGINNING::183,58,58,YES,0,PASS
RANDOMIZER,Hint::RHT_KAKARIKO_VILLAGE_TO_BOTTOM_OF_THE_WELL::184,47,47,YES,0,PASS
RANDOMIZER,Hint::RHT_LINKS_POCKET::185,19,19,YES,0,PASS
RANDOMIZER,Hint::RHT_KOKIRI_FOREST::186,13,13,YES,0,PASS
RANDOMIZER,Hint::RHT_THE_LOST_WOODS::187,17,17,YES,0,PASS
RANDOMIZER,Hint::RHT_SACRED_FOREST_MEADOW::188,26,26,YES,0,PASS
RANDOMIZER,Hint::RHT_HYRULE_FIELD::189,15,15,YES,0,PASS
RANDOMIZER,Hint::RHT_LAKE_HYLIA::190,10,10,YES,0,PASS
RANDOMIZER,Hint::RHT_GERUDO_VALLEY::191,12,12,YES,0,PASS
RANDOMIZER,Hint::RHT_GERUDO_FORTRESS::192,16,16,YES,0,PASS
RANDOMIZER,Hint::RHT_HAUNTED_WASTELAND::193,16,16,YES,0,PASS
RANDOMIZER,Hint::RHT_DESERT_COLOSSUS::194,19,19,YES,0,PASS
RANDOMIZER,Hint::RHT_THE_MARKET::195,10,10,YES,0,PASS
RANDOMIZER,Hint::RHT_TEMPLE_OF_TIME::196,17,17,YES,0,PASS
RANDOMIZER,Hint::RHT_CASTLE_GROUNDS::197,25,25,YES,0,PASS
RANDOMIZER,Hint::RHT_HYRULE_CASTLE::198,18,18,YES,0,PASS
RANDOMIZER,Hint::RHT_OUTSIDE_GANONS_CASTLE::199,27,27,YES,0,PASS
RANDOMIZER,Hint::RHT_KAKARIKO_VILLAGE::200,15,15,YES,0,PASS
RANDOMIZER,Hint::RHT_THE_GRAVEYARD::201,13,13,YES,0,PASS
RANDOMIZER,Hint::RHT_DEATH_MOUNTAIN_TRAIL::202,27,27,YES,0,PASS
RANDOMIZER,Hint::RHT_GORON_CITY::203,12,12,YES,0,PASS
RANDOMIZER,Hint::RHT_DEATH_MOUNTAIN_CRATER::204,27,27,YES,0,PASS
RANDOMIZER,Hint::RHT_ZORAS_RIVER::205,8,8,YES,0,PASS
RANDOMIZER,Hint::RHT_ZORAS_DOMAIN::206,12,12,YES,0,PASS
RANDOMIZER,Hint::RHT_ZORAS_FOUNTAIN::207,11,11,YES,0,PASS
RANDOMIZER,Hint::RHT_LON_LON_RANCH::208,14,14,YES,0,PASS
RANDOMIZER,Hint::RHT_KF_LINKS_HOUSE::209,12,12,YES,0,PASS
RANDOMIZER,Hint::RHT_KF_MIDOS_HOUSE::210,12,12,YES,0,PASS
RANDOMIZER,Hint::RHT_KF_SARIAS_HOUSE::211,13,13,YES,0,PASS
RANDOMIZER,Hint::RHT_KF_HOUSE_OF_TWINS::212,24,24,YES,0,PASS
RANDOMIZER,Hint::RHT_KF_KNOW_IT_ALL_HOUSE::213,29,29,YES,0,PASS
RANDOMIZER,Hint::RHT_KF_KOKIRI_SHOP::214,18,18,YES,0,PASS
RANDOMIZER,Hint::RHT_LH_LAB::215,25,25,YES,0,PASS
RANDOMIZER,Hint::RHT_LH_FISHING_POND::216,22,22,YES,0,PASS
RANDOMIZER,Hint::RHT_GV_CARPENTER_TENT::217,29,29,YES,0,PASS
RANDOMIZER,Hint::RHT_MARKET_GUARD_HOUSE::218,23,23,YES,0,PASS
RANDOMIZER,Hint::RHT_MARKET_MASK_SHOP::219,31,31,YES,0,PASS
RANDOMIZER,Hint::RHT_MARKET_BOMBCHU_BOWLING::220,19,19,YES,0,PASS
RANDOMIZER,Hint::RHT_MARKET_POTION_SHOP::221,35,35,YES,0,PASS
RANDOMIZER,Hint::RHT_MARKET_TREASURE_CHEST_GAME::222,32,32,YES,0,PASS
RANDOMIZER,Hint::RHT_MARKET_BOMBCHU_SHOP::223,19,19,YES,0,PASS
RANDOMIZER,Hint::RHT_MARKET_MAN_IN_GREEN_HOUSE::224,24,24,YES,0,PASS
RANDOMIZER,Hint::RHT_KAK_WINDMILL::225,11,11,YES,0,PASS
RANDOMIZER,Hint::RHT_KAK_CARPENTER_BOSS_HOUSE::226,29,29,YES,0,PASS
RANDOMIZER,Hint::RHT_KAK_HOUSE_OF_SKULLTULA::227,22,22,YES,0,PASS
RANDOMIZER,Hint::RHT_KAK_IMPAS_HOUSE::228,12,12,YES,0,PASS
RANDOMIZER,Hint::RHT_KAK_IMPAS_HOUSE_BACK::229,24,24,YES,0,PASS
RANDOMIZER,Hint::RHT_KAK_ODD_POTION_BUILDING::230,33,33,YES,0,PASS
RANDOMIZER,Hint::RHT_GRAVEYARD_DAMPES_HOUSE::231,15,15,YES,0,PASS
RANDOMIZER,Hint::RHT_GC_SHOP::232,17,17,YES,0,PASS
RANDOMIZER,Hint::RHT_ZD_SHOP::233,16,16,YES,0,PASS
RANDOMIZER,Hint::RHT_LLR_TALONS_HOUSE::234,13,13,YES,0,PASS
RANDOMIZER,Hint::RHT_LLR_STABLES::235,12,12,YES,0,PASS
RANDOMIZER,Hint::RHT_LLR_TOWER::236,18,18,YES,0,PASS
RANDOMIZER,Hint::RHT_MARKET_BAZAAR::237,22,22,YES,0,PASS
RANDOMIZER,Hint::RHT_MARKET_SHOOTING_GALLERY::238,35,35,YES,0,PASS
RANDOMIZER,Hint::RHT_KAK_BAZAAR::239,22,22,YES,0,PASS
RANDOMIZER,Hint::RHT_KAK_POTION_SHOP_FRONT::240,35,35,YES,0,PASS
RANDOMIZER,Hint::RHT_KAK_POTION_SHOP_BACK::241,35,35,YES,0,PASS
RANDOMIZER,Hint::RHT_KAK_SHOOTING_GALLERY::242,30,30,YES,0,PASS
RANDOMIZER,Hint::RHT_COLOSSUS_GREAT_FAIRY_FOUNTAIN::243,21,21,YES,0,PASS
RANDOMIZER,Hint::RHT_HC_GREAT_FAIRY_FOUNTAIN::244,21,21,YES,0,PASS
RANDOMIZER,Hint::RHT_OGC_GREAT_FAIRY_FOUNTAIN::245,21,21,YES,0,PASS
RANDOMIZER,Hint::RHT_DMC_GREAT_FAIRY_FOUNTAIN::246,21,21,YES,0,PASS
RANDOMIZER,Hint::RHT_DMT_GREAT_FAIRY_FOUNTAIN::247,21,21,YES,0,PASS
RANDOMIZER,Hint::RHT_ZF_GREAT_FAIRY_FOUNTAIN::248,21,21,YES,0,PASS
RANDOMIZER,Hint::RHT_GRAVEYARD_SHIELD_GRAVE::249,30,30,YES,0,PASS
RANDOMIZER,Hint::RHT_GRAVEYARD_HEART_PIECE_GRAVE::250,40,40,YES,0,PASS
RANDOMIZER,Hint::RHT_GRAVEYARD_COMPOSERS_GRAVE::251,30,30,YES,0,PASS
RANDOMIZER,Hint::RHT_GRAVEYARD_DAMPES_GRAVE::252,14,14,YES,0,PASS
RANDOMIZER,Hint::RHT_DMT_COW_GROTTO::253,20,20,YES,0,PASS
RANDOMIZER,Hint::RHT_HC_STORMS_GROTTO::254,40,40,YES,0,PASS
RANDOMIZER,Hint::RHT_HF_TEKTITE_GROTTO::255,34,34,YES,0,PASS
RANDOMIZER,Hint::RHT_HF_NEAR_KAK_GROTTO::256,41,41,YES,0,PASS
RANDOMIZER,Hint::RHT_HF_COW_GROTTO::257,30,30,YES,0,PASS
RANDOMIZER,Hint::RHT_KAK_REDEAD_GROTTO::258,30,30,YES,0,PASS
RANDOMIZER,Hint::RHT_SFM_WOLFOS_GROTTO::259,29,29,YES,0,PASS
RANDOMIZER,Hint::RHT_GV_OCTOROK_GROTTO::260,38,38,YES,0,PASS
RANDOMIZER,Hint::RHT_DEKU_THEATER::261,33,33,YES,0,PASS
RANDOMIZER,Hint::RHT_ZR_OPEN_GROTTO::262,20,20,YES,0,PASS
RANDOMIZER,Hint::RHT_DMC_UPPER_GROTTO::263,20,20,YES,0,PASS
RANDOMIZER,Hint::RHT_DMT_STORMS_GROTTO::264,20,20,YES,0,PASS
RANDOMIZER,Hint::RHT_KAK_OPEN_GROTTO::265,20,20,YES,0,PASS
RANDOMIZER,Hint::RHT_HF_NEAR_MARKET_GROTTO::266,20,20,YES,0,PASS
RANDOMIZER,Hint::RHT_HF_OPEN_GROTTO::267,20,20,YES,0,PASS
RANDOMIZER,Hint::RHT_HF_SOUTHEAST_GROTTO::268,20,20,YES,0,PASS
RANDOMIZER,Hint::RHT_KF_STORMS_GROTTO::269,20,20,YES,0,PASS
RANDOMIZER,Hint::RHT_LW_NEAR_SHORTCUTS_GROTTO::270,20,20,YES,0,PASS
RANDOMIZER,Hint::RHT_HF_INSIDE_FENCE_GROTTO::271,30,30,YES,0,PASS
RANDOMIZER,Hint::RHT_LW_SCRUBS_GROTTO::272,40,40,YES,0,PASS
RANDOMIZER,Hint::RHT_COLOSSUS_GROTTO::273,13,13,YES,0,PASS
RANDOMIZER,Hint::RHT_ZR_STORMS_GROTTO::274,13,13,YES,0,PASS
RANDOMIZER,Hint::RHT_SFM_STORMS_GROTTO::275,13,13,YES,0,PASS
RANDOMIZER,Hint::RHT_GV_STORMS_GROTTO::276,13,13,YES,0,PASS
RANDOMIZER,Hint::RHT_LH_GROTTO::277,13,13,YES,0,PASS
RANDOMIZER,Hint::RHT_DMC_HAMMER_GROTTO::278,13,13,YES,0,PASS
RANDOMIZER,Hint::RHT_GC_GROTTO::279,13,13,YES,0,PASS
RANDOMIZER,Hint::RHT_LLR_GROTTO::280,13,13,YES,0,PASS
RANDOMIZER,Hint::RHT_ZR_FAIRY_GROTTO::281,29,29,YES,0,PASS
RANDOMIZER,Hint::RHT_HF_FAIRY_GROTTO::282,29,29,YES,0,PASS
RANDOMIZER,Hint::RHT_SFM_FAIRY_GROTTO::283,29,29,YES,0,PASS
RANDOMIZER,Hint::RHT_ZD_STORMS_GROTTO::284,29,29,YES,0,PASS
RANDOMIZER,Hint::RHT_GF_STORMS_GROTTO::285,29,29,YES,0,PASS
RANDOMIZER,Hint::RHT_JUNK01::286,98,98,YES,0,PASS
RANDOMIZER,Hint::RHT_JUNK02::287,38,38,YES,0,PASS
RANDOMIZER,Hint::RHT_JUNK03::288,62,62,YES,0,PASS
RANDOMIZER,Hint::RHT_JUNK04::289,73,73,YES,0,PASS
RANDOMIZER,Hint::RHT_JUNK05::290,55,55,YES,0,PASS
RANDOMIZER,Hint::RHT_JUNK06::291,65,65,YES,0,PASS
RANDOMIZER,Hint::RHT_JUNK07::292,68,57,YES,0,PASS
RANDOMIZER,Hint::RHT_JUNK08::293,44,44,YES,0,PASS
RANDOMIZER,Hint::RHT_JUNK09::294,61,61,YES,0,PASS
RANDOMIZER,Hint::RHT_JUNK10::295,92,92,YES,0,PASS
RANDOMIZER,Hint::RHT_JUNK11::296,27,27,YES,0,PASS
RANDOMIZER,Hint::RHT_JUNK12::297,45,45,YES,0,PASS
RANDOMIZER,Hint::RHT_JUNK13::298,37,37,YES,0,PASS
RANDOMIZER,Hint::RHT_JUNK14::299,47,47,YES,0,PASS
RANDOMIZER,Hint::RHT_JUNK15::300,133,122,YES,0,PASS
RANDOMIZER,Hint::RHT_JUNK16::301,26,26,YES,0,PASS
RANDOMIZER,Hint::RHT_JUNK17::302,131,131,YES,0,PASS
RANDOMIZER,Hint::RHT_JUNK18::303,5,5,YES,0,PASS
RANDOMIZER,Hint::RHT_JUNK19::304,43,43,YES,0,PASS
RANDOMIZER,Hint::RHT_JUNK20::305,29,29,YES,0,PASS
RANDOMIZER,Hint::RHT_JUNK21::306,39,39,YES,0,PASS
RANDOMIZER,Hint::RHT_JUNK22::307,35,35,YES,0,PASS
RANDOMIZER,Hint::RHT_JUNK23::308,48,48,YES,0,PASS
RANDOMIZER,Hint::RHT_JUNK24::309,44,44,YES,0,PASS
RANDOMIZER,Hint::RHT_JUNK25::310,49,49,YES,0,PASS
RANDOMIZER,Hint::RHT_JUNK26::311,42,42,YES,0,PASS
RANDOMIZER,Hint::RHT_JUNK27::312,29,29,YES,0,PASS
RANDOMIZER,Hint::RHT_JUNK28::313,14,14,YES,0,PASS
RANDOMIZER,Hint::RHT_JUNK29::314,57,57,YES,0,PASS
RANDOMIZER,Hint::RHT_JUNK30::315,69,69,YES,0,PASS
RANDOMIZER,Hint::RHT_JUNK31::316,50,50,YES,0,PASS
RANDOMIZER,Hint::RHT_JUNK32::317,62,62,YES,0,PASS
RANDOMIZER,Hint::RHT_JUNK33::318,75,64,YES,0,PASS
RANDOMIZER,Hint::RHT_JUNK34::319,104,104,YES,0,PASS
RANDOMIZER,Hint::RHT_JUNK35::320,43,43,YES,0,PASS
RANDOMIZER,Hint::RHT_JUNK36::321,65,65,YES,0,PASS
RANDOMIZER,Hint::RHT_JUNK37::322,78,78,YES,0,PASS
RANDOMIZER,Hint::RHT_JUNK38::323,81,81,YES,0,PASS
RANDOMIZER,Hint::RHT_JUNK39::324,226,105,YES,0,PASS
RANDOMIZER,Hint::RHT_JUNK40::325,42,42,YES,0,PASS
RANDOMIZER,Hint::RHT_JUNK41::326,74,74,YES,0,PASS
RANDOMIZER,Hint::RHT_JUNK42::327,55,55,YES,0,PASS
RANDOMIZER,Hint::RHT_JUNK43::328,45,45,YES,0,PASS
RANDOMIZER,Hint::RHT_JUNK44::329,54,54,YES,0,PASS
RANDOMIZER,Hint::RHT_JUNK45::330,95,95,YES,0,PASS
RANDOMIZER,Hint::RHT_JUNK46::331,69,69,YES,0,PASS
RANDOMIZER,Hint::RHT_JUNK47::332,60,60,YES,0,PASS
RANDOMIZER,Hint::RHT_JUNK48::333,44,44,YES,0,PASS
RANDOMIZER,Hint::RHT_JUNK49::334,58,58,YES,0,PASS
RANDOMIZER,Hint::RHT_JUNK50::335,77,77,YES,0,PASS
RANDOMIZER,Hint::RHT_JUNK51::336,69,47,YES,0,PASS
RANDOMIZER,Hint::RHT_JUNK52::337,69,69,YES,0,PASS
RANDOMIZER,Hint::RHT_JUNK53::338,74,74,YES,0,PASS
RANDOMIZER,Hint::RHT_JUNK54::339,60,60,YES,0,PASS
RANDOMIZER,Hint::RHT_JUNK55::340,128,117,YES,0,PASS
RANDOMIZER,Hint::RHT_JUNK56::341,71,71,YES,0,PASS
RANDOMIZER,Hint::RHT_JUNK58::342,103,103,YES,0,PASS
RANDOMIZER,Hint::RHT_JUNK59::343,72,72,YES,0,PASS
RANDOMIZER,Hint::RHT_JUNK60::344,41,41,YES,0,PASS
RANDOMIZER,Hint::RHT_JUNK61::345,75,75,YES,0,PASS
RANDOMIZER,Hint::RHT_JUNK62::346,59,59,YES,0,PASS
RANDOMIZER,Hint::RHT_JUNK63::347,56,56,YES,0,PASS
RANDOMIZER,Hint::RHT_JUNK64::348,27,27,YES,0,PASS
RANDOMIZER,Hint::RHT_JUNK65::349,65,65,YES,0,PASS
RANDOMIZER,Hint::RHT_JUNK66::350,78,78,YES,0,PASS
RANDOMIZER,Hint::RHT_JUNK67::351,58,58,YES,0,PASS
RANDOMIZER,Hint::RHT_JUNK68::352,44,44,YES,0,PASS
RANDOMIZER,Hint::RHT_JUNK69::353,71,71,YES,0,PASS
RANDOMIZER,Hint::RHT_JUNK70::354,61,61,YES,0,PASS
RANDOMIZER,Hint::RHT_JUNK71::355,36,36,YES,0,PASS
RANDOMIZER,Hint::RHT_DEKU_TREE::356,10,10,YES,0,PASS
RANDOMIZER,Hint::RHT_DEKU_TREE::357,18,18,YES,0,PASS
RANDOMIZER,Hint::RHT_DODONGOS_CAVERN::358,16,16,YES,0,PASS
RANDOMIZER,Hint::RHT_DODONGOS_CAVERN::359,17,17,YES,0,PASS
RANDOMIZER,Hint::RHT_JABU_JABUS_BELLY::360,20,20,YES,0,PASS
RANDOMIZER,Hint::RHT_JABU_JABUS_BELLY::361,21,21,YES,0,PASS
RANDOMIZER,Hint::RHT_FOREST_TEMPLE::362,17,17,YES,0,PASS
RANDOMIZER,Hint::RHT_FOREST_TEMPLE::363,15,15,YES,0,PASS
RANDOMIZER,Hint::RHT_FIRE_TEMPLE::364,16,16,YES,0,PASS
RANDOMIZER,Hint::RHT_FIRE_TEMPLE::365,16,16,YES,0,PASS
RANDOMIZER,Hint::RHT_WATER_TEMPLE::366,15,15,YES,0,PASS
RANDOMIZER,Hint::RHT_WATER_TEMPLE::367,13,13,YES,0,PASS
RANDOMIZER,Hint::RHT_SPIRIT_TEMPLE::368,19,19,YES,0,PASS
RANDOMIZER,Hint::RHT_SPIRIT_TEMPLE::369,20,20,YES,0,PASS
RANDOMIZER,Hint::RHT_SHADOW_TEMPLE::370,19,19,YES,0,PASS
RANDOMIZER,Hint::RHT_SHADOW_TEMPLE::371,22,22,YES,0,PASS
RANDOMIZER,Hint::RHT_ICE_CAVERN::372,16,16,YES,0,PASS
RANDOMIZER,Hint::RHT_ICE_CAVERN::373,22,22,YES,0,PASS
RANDOMIZER,Hint::RHT_BOTTOM_OF_THE_WELL::374,14,14,YES,0,PASS
RANDOMIZER,Hint::RHT_BOTTOM_OF_THE_WELL::375,22,22,YES,0,PASS
RANDOMIZER,Hint::RHT_GERUDO_TRAINING_GROUND::376,20,20,YES,0,PASS
RANDOMIZER,Hint::RHT_GERUDO_TRAINING_GROUND::377,25,25,YES,0,PASS
RANDOMIZER,Hint::RHT_GANONS_CASTLE::378,30,30,YES,0,PASS
RANDOMIZER,Hint::RHT_GANONS_CASTLE::379,25,25,YES,0,PASS
RANDOMIZER,Hint::RHT_QUEEN_GOHMA::380,40,40,YES,0,PASS
RANDOMIZER,Hint::RHT_QUEEN_GOHMA::381,55,55,YES,0,PASS
RANDOMIZER,Hint::RHT_KING_DODONGO::382,40,40,YES,0,PASS
RANDOMIZER,Hint::RHT_KING_DODONGO::383,48,48,YES,0,PASS
RANDOMIZER,Hint::RHT_BARINADE::384,34,34,YES,0,PASS
RANDOMIZER,Hint::RHT_BARINADE::385,50,50,YES,0,PASS
RANDOMIZER,Hint::RHT_PHANTOM_GANON::386,39,39,YES,0,PASS
RANDOMIZER,Hint::RHT_PHANTOM_GANON::387,58,58,YES,0,PASS
RANDOMIZER,Hint::RHT_VOLVAGIA::388,34,34,YES,0,PASS
RANDOMIZER,Hint::RHT_VOLVAGIA::389,55,55,YES,0,PASS
RANDOMIZER,Hint::RHT_MORPHA::390,32,32,YES,0,PASS
RANDOMIZER,Hint::RHT_MORPHA::391,51,51,YES,0,PASS
RANDOMIZER,Hint::RHT_BONGO_BONGO::392,37,37,YES,0,PASS
RANDOMIZER,Hint::RHT_BONGO_BONGO::393,51,51,YES,0,PASS
RANDOMIZER,Hint::RHT_TWINROVA::394,34,34,YES,0,PASS
RANDOMIZER,Hint::RHT_TWINROVA::395,46,46,YES,0,PASS
RANDOMIZER,Hint::RHT_GIFT_FROM_RAURU::396,48,48,YES,0,PASS
RANDOMIZER,Hint::RHT_GIFT_FROM_RAURU::397,46,46,YES,0,PASS
RANDOMIZER,Hint::RHT_BRIDGE_OPEN_HINT::398,100,89,YES,0,PASS
RANDOMIZER,Hint::RHT_BRIDGE_VANILLA_HINT::399,114,103,YES,0,PASS
RANDOMIZER,Hint::RHT_BRIDGE_STONES_HINT::400,96,85,YES,0,PASS
RANDOMIZER,Hint::RHT_BRIDGE_MEDALLIONS_HINT::401,87,76,YES,0,PASS
RANDOMIZER,Hint::RHT_BRIDGE_DUNGEONS_HINT::402,90,79,YES,0,PASS
RANDOMIZER,Hint::RHT_BRIDGE_TOKENS_HINT::403,104,93,YES,0,PASS
RANDOMIZER,Hint::RHT_BRIDGE_GREG_HINT::404,80,69,YES,0,PASS
RANDOMIZER,Hint::RHT_GANON_BK_START_WITH_HINT::405,79,68,YES,0,PASS
RANDOMIZER,Hint::RHT_GANON_BK_VANILLA_HINT::406,97,86,YES,0,PASS
RANDOMIZER,Hint::RHT_GANON_BK_OWN_DUNGEON_HINT::407,102,91,YES,0,PASS
RANDOMIZER,Hint::RHT_GANON_BK_OVERWORLD_HINT::408,98,87,YES,0,PASS
RANDOMIZER,Hint::RHT_GANON_BK_ANY_DUNGEON_HINT::409,97,86,YES,0,PASS
RANDOMIZER,Hint::RHT_GANON_BK_ANYWHERE_HINT::410,90,79,YES,0,PASS
RANDOMIZER,Hint::RHT_GANON_BK_TRIFORCE_HINT::411,110,99,YES,0,PASS
RANDOMIZER,Hint::RHT_GANON_BK_SKULLTULA_HINT::412,151,140,YES,0,PASS
RANDOMIZER,Hint::RHT_LACS_VANILLA_HINT::413,140,129,YES,0,PASS
RANDOMIZER,Hint::RHT_LACS_MEDALLIONS_HINT::414,118,107,YES,0,PASS
RANDOMIZER,Hint::RHT_LACS_STONES_HINT::415,127,116,YES,0,PASS
RANDOMIZER,Hint::RHT_LACS_REWARDS_HINT::416,158,147,YES,0,PASS
RANDOMIZER,Hint::RHT_LACS_DUNGEONS_HINT::417,121,110,YES,0,PASS
RANDOMIZER,Hint::RHT_SIX_TRIALS::418,70,70,YES,0,PASS
RANDOMIZER,Hint::RHT_ZERO_TRIALS::419,67,67,YES,0,PASS
RANDOMIZER,Hint::RHT_TRIAL_OFF::420,39,39,YES,0,PASS
RANDOMIZER,Hint::RHT_TRIAL_ON::421,42,42,YES,0,PASS
RANDOMIZER,Hint::RHT_LIGHT_TRIAL::422,19,19,YES,0,PASS
RANDOMIZER,Hint::RHT_FOREST_TRIAL::423,20,20,YES,0,PASS
RANDOMIZER,Hint::RHT_FIRE_TRIAL::424,19,19,YES,0,PASS
RANDOMIZER,Hint::RHT_WATER_TRIAL::425,18,18,YES,0,PASS
RANDOMIZER,Hint::RHT_SPIRIT_TRIAL::426,22,22,YES,0,PASS
RANDOMIZER,Hint::RHT_SHADOW_TRIAL::427,22,22,YES,0,PASS
RANDOMIZER,Hint::RHT_CHILD_ALTAR_STONES::428,150,106,YES,0,PASS
RANDOMIZER,Hint::RHT_CHILD_ALTAR_TEXT_END_DOTOPEN::429,88,88,YES,0,PASS
RANDOMIZER,Hint::RHT_CHILD_ALTAR_TEXT_END_DOTSONGONLY::430,106,106,YES,0,PASS
RANDOMIZER,Hint::RHT_CHILD_ALTAR_TEXT_END_DOTCLOSED::431,114,114,YES,0,PASS
RANDOMIZER,Hint::RHT_ADULT_ALTAR_TEXT_END::432,93,93,YES,0,PASS
RANDOMIZER,Hint::RHT_GANONDORF_HINT_LA_ONLY::433,83,83,YES,0,PASS
RANDOMIZER,Hint::RHT_GANONDORF_HINT_MS_ONLY::434,109,109,YES,0,PASS
RANDOMIZER,Hint::RHT_SHEIK_HINT_LA_ONLY::435,69,69,YES,0,PASS
RANDOMIZER,Hint::RHT_DAMPE_DIARY::436,131,120,YES,0,PASS
RANDOMIZER,Hint::RHT_GREG_HINT::437,207,185,YES,0,PASS
RANDOMIZER,Hint::RHT_SARIA_TALK_HINT::438,140,129,YES,0,PASS
RANDOMIZER,Hint::RHT_SARIA_SONG_HINT::439,144,130,YES,0,PASS
RANDOMIZER,Hint::RHT_MIDO_HINT::440,59,59,YES,0,PASS
RANDOMIZER,Hint::RHT_LOACH_HINT::441,158,136,YES,0,PASS
RANDOMIZER,Hint::RHT_FISHING_POLE_HINT::442,93,82,YES,0,PASS
RANDOMIZER,Hint::RHT_CHICKENS_HINT::443,75,75,YES,0,PASS
RANDOMIZER,Hint::RHT_BIGGORON_HINT::444,83,83,YES,0,PASS
RANDOMIZER,Hint::RHT_FROGS_HINT::445,67,67,YES,0,PASS
RANDOMIZER,Hint::RHT_SKULLS_HINT::446,121,110,YES,0,PASS
RANDOMIZER,Hint::RHT_GANON_JOKE01::447,65,65,YES,0,PASS
RANDOMIZER,Hint::RHT_GANON_JOKE02::448,62,62,YES,0,PASS
RANDOMIZER,Hint::RHT_GANON_JOKE03::449,41,41,YES,0,PASS
RANDOMIZER,Hint::RHT_GANON_JOKE04::450,123,123,YES,0,PASS
RANDOMIZER,Hint::RHT_GANON_JOKE05::451,51,51,YES,0,PASS
RANDOMIZER,Hint::RHT_GANON_JOKE08::452,96,96,YES,0,PASS
RANDOMIZER,Hint::RHT_GANON_JOKE09::453,69,69,YES,0,PASS
RANDOMIZER,Hint::RHT_GANON_JOKE10::454,79,79,YES,0,PASS
RANDOMIZER,Hint::RHT_YOUR_POCKET::455,11,11,YES,0,PASS
RANDOMIZER,Hint::RHT_ISOLATED_PLACE::456,16,16,YES,0,PASS
RANDOMIZER,Hint::RHT_DUNGEON_ORDINARY::457,15,15,YES,0,PASS
RANDOMIZER,Hint::RHT_DUNGEON_MASTERFUL::458,16,16,YES,0,PASS
RANDOMIZER,Rando::ITEM::RG_NONE,10,10,YES,0,PASS
RANDOMIZER,Rando::ITEM::L18,13,13,YES,0,PASS
RANDOMIZER,Rando::ITEM::RG_KOKIRI_SWORD,14,14,YES,0,PASS
RANDOMIZER,Rando::ITEM::RG_MASTER_SWORD,19,19,YES,0,PASS
RANDOMIZER,Rando::ITEM::RG_MASTER_SWORD,15,15,YES,0,PASS
RANDOMIZER,Rando::ITEM::RG_BIGGORON_SWORD,11,11,YES,0,PASS
RANDOMIZER,Rando::ITEM::RG_DEKU_SHIELD,14,14,YES,0,PASS
RANDOMIZER,Rando::ITEM::RG_HYLIAN_SHIELD,13,13,YES,0,PASS
RANDOMIZER,Rando::ITEM::RG_MIRROR_SHIELD,12,12,YES,0,PASS
RANDOMIZER,Rando::ITEM::RG_GORON_TUNIC,11,11,YES,0,PASS
RANDOMIZER,Rando::ITEM::RG_ZORA_TUNIC,15,15,YES,0,PASS
RANDOMIZER,Rando::ITEM::RG_IRON_BOOTS,15,15,YES,0,PASS
RANDOMIZER,Rando::ITEM::RG_HOVER_BOOTS,7,7,YES,0,PASS
RANDOMIZER,Rando::ITEM::RG_BOOMERANG,18,18,YES,0,PASS
RANDOMIZER,Rando::ITEM::RG_LENS_OF_TRUTH,16,16,YES,0,PASS
RANDOMIZER,Rando::ITEM::RG_MEGATON_HAMMER,16,16,YES,0,PASS
RANDOMIZER,Rando::ITEM::RG_STONE_OF_AGONY,12,12,YES,0,PASS
RANDOMIZER,Rando::ITEM::RG_DINS_FIRE,16,16,YES,0,PASS
RANDOMIZER,Rando::ITEM::RG_FARORES_WIND,13,13,YES,0,PASS
RANDOMIZER,Rando::ITEM::RG_NAYRUS_LOVE,15,15,YES,0,PASS
RANDOMIZER,Rando::ITEM::RG_FIRE_ARROWS,15,15,YES,0,PASS
RANDOMIZER,Rando::ITEM::RG_ICE_ARROWS,13,13,YES,0,PASS
RANDOMIZER,Rando::ITEM::RG_LIGHT_ARROWS,27,27,YES,0,PASS
RANDOMIZER,Rando::ITEM::RG_GERUDO_MEMBERSHIP_CARD,13,13,YES,0,PASS
RANDOMIZER,Rando::ITEM::RG_MAGIC_BEAN,27,27,YES,0,PASS
RANDOMIZER,Rando::ITEM::RG_MAGIC_BEAN_PACK,13,13,YES,0,PASS
RANDOMIZER,Rando::ITEM::RG_DOUBLE_DEFENSE,10,10,YES,0,PASS
RANDOMIZER,Rando::ITEM::RG_DOUBLE_DEFENSE,14,14,YES,0,PASS
RANDOMIZER,Rando::ITEM::RG_ZELDAS_LETTER,17,17,YES,0,PASS
RANDOMIZER,Rando::ITEM::RG_POCKET_EGG,6,6,YES,0,PASS
RANDOMIZER,Rando::ITEM::RG_COJIRO,10,10,YES,0,PASS
RANDOMIZER,Rando::ITEM::RG_ODD_MUSHROOM,11,11,YES,0,PASS
RANDOMIZER,Rando::ITEM::RG_ODD_POTION,18,18,YES,0,PASS
RANDOMIZER,Rando::ITEM::RG_POACHERS_SAW,17,17,YES,0,PASS
RANDOMIZER,Rando::ITEM::RG_BROKEN_SWORD,13,13,YES,0,PASS
RANDOMIZER,Rando::ITEM::RG_PRESCRIPTION,15,15,YES,0,PASS
RANDOMIZER,Rando::ITEM::RG_EYEBALL_FROG,36,36,YES,0,PASS
RANDOMIZER,Rando::ITEM::RG_EYEDROPS,14,14,YES,0,PASS
RANDOMIZER,Rando::ITEM::RG_CLAIM_CHECK,25,25,YES,0,PASS
RANDOMIZER,Rando::ITEM::RG_GOLD_SKULLTULA_TOKEN,18,18,YES,0,PASS
RANDOMIZER,Rando::ITEM::L60,16,16,YES,0,PASS
RANDOMIZER,Rando::ITEM::L62,26,26,YES,0,PASS
RANDOMIZER,Rando::ITEM::L63,15,15,YES,0,PASS
RANDOMIZER,Rando::ITEM::L64,20,20,YES,0,PASS
RANDOMIZER,Rando::ITEM::L65,20,20,YES,0,PASS
RANDOMIZER,Rando::ITEM::L66,17,17,YES,0,PASS
RANDOMIZER,Rando::ITEM::L67,30,30,YES,0,PASS
RANDOMIZER,Rando::ITEM::L68,29,29,YES,0,PASS
RANDOMIZER,Rando::ITEM::L69,18,18,YES,0,PASS
RANDOMIZER,Rando::ITEM::L70,27,27,YES,0,PASS
RANDOMIZER,Rando::ITEM::L71,18,18,YES,0,PASS
RANDOMIZER,Rando::ITEM::L72,23,23,YES,0,PASS
RANDOMIZER,Rando::ITEM::L73,13,13,YES,0,PASS
RANDOMIZER,Rando::ITEM::L76,17,17,YES,0,PASS
RANDOMIZER,Rando::ITEM::L77,23,23,YES,0,PASS
RANDOMIZER,Rando::ITEM::L78,24,24,YES,0,PASS
RANDOMIZER,Rando::ITEM::L79,23,23,YES,0,PASS
RANDOMIZER,Rando::ITEM::L80,16,16,YES,0,PASS
RANDOMIZER,Rando::ITEM::L81,15,15,YES,0,PASS
RANDOMIZER,Rando::ITEM::L82,22,22,YES,0,PASS
RANDOMIZER,Rando::ITEM::L83,18,18,YES,0,PASS
RANDOMIZER,Rando::ITEM::L84,15,15,YES,0,PASS
RANDOMIZER,Rando::ITEM::L85,25,25,YES,0,PASS
RANDOMIZER,Rando::ITEM::L86,22,22,YES,0,PASS
RANDOMIZER,Rando::ITEM::L87,24,24,YES,0,PASS
RANDOMIZER,Rando::ITEM::L89,16,16,YES,0,PASS
RANDOMIZER,Rando::ITEM::L90,16,16,YES,0,PASS
RANDOMIZER,Rando::ITEM::L91,15,15,YES,0,PASS
RANDOMIZER,Rando::ITEM::L92,18,18,YES,0,PASS
RANDOMIZER,Rando::ITEM::L93,20,20,YES,0,PASS
RANDOMIZER,Rando::ITEM::L94,18,18,YES,0,PASS
RANDOMIZER,Rando::ITEM::L95,16,16,YES,0,PASS
RANDOMIZER,Rando::ITEM::L96,17,17,YES,0,PASS
RANDOMIZER,Rando::ITEM::L97,21,21,YES,0,PASS
RANDOMIZER,Rando::ITEM::L98,20,20,YES,0,PASS
RANDOMIZER,Rando::ITEM::L99,18,18,YES,0,PASS
RANDOMIZER,Rando::ITEM::L100,24,24,YES,0,PASS
RANDOMIZER,Rando::ITEM::RG_DEKU_TREE_MAP,27,27,YES,0,PASS
RANDOMIZER,Rando::ITEM::RG_DEKU_TREE_MAP,29,29,YES,0,PASS
RANDOMIZER,Rando::ITEM::RG_DODONGOS_CAVERN_MAP,26,26,YES,0,PASS
RANDOMIZER,Rando::ITEM::RG_JABU_JABUS_BELLY_MAP,25,25,YES,0,PASS
RANDOMIZER,Rando::ITEM::RG_FOREST_TEMPLE_MAP,24,24,YES,0,PASS
RANDOMIZER,Rando::ITEM::RG_FIRE_TEMPLE_MAP,28,28,YES,0,PASS
RANDOMIZER,Rando::ITEM::RG_WATER_TEMPLE_MAP,28,28,YES,0,PASS
RANDOMIZER,Rando::ITEM::RG_SPIRIT_TEMPLE_MAP,23,23,YES,0,PASS
RANDOMIZER,Rando::ITEM::RG_SHADOW_TEMPLE_MAP,27,27,YES,0,PASS
RANDOMIZER,Rando::ITEM::RG_BOTTOM_OF_THE_WELL_MAP,27,27,YES,0,PASS
RANDOMIZER,Rando::ITEM::RG_ICE_CAVERN_MAP,30,30,YES,0,PASS
RANDOMIZER,Rando::ITEM::RG_DEKU_TREE_COMPASS,32,32,YES,0,PASS
RANDOMIZER,Rando::ITEM::RG_DODONGOS_CAVERN_COMPASS,29,29,YES,0,PASS
RANDOMIZER,Rando::ITEM::RG_JABU_JABUS_BELLY_COMPASS,28,28,YES,0,PASS
RANDOMIZER,Rando::ITEM::RG_FOREST_TEMPLE_COMPASS,27,27,YES,0,PASS
RANDOMIZER,Rando::ITEM::RG_FIRE_TEMPLE_COMPASS,31,31,YES,0,PASS
RANDOMIZER,Rando::ITEM::RG_WATER_TEMPLE_COMPASS,31,31,YES,0,PASS
RANDOMIZER,Rando::ITEM::RG_SPIRIT_TEMPLE_COMPASS,26,26,YES,0,PASS
RANDOMIZER,Rando::ITEM::RG_SHADOW_TEMPLE_COMPASS,30,30,YES,0,PASS
RANDOMIZER,Rando::ITEM::RG_BOTTOM_OF_THE_WELL_COMPASS,32,32,YES,0,PASS
RANDOMIZER,Rando::ITEM::RG_ICE_CAVERN_COMPASS,31,31,YES,0,PASS
RANDOMIZER,Rando::ITEM::RG_FOREST_TEMPLE_BOSS_KEY,30,30,YES,0,PASS
RANDOMIZER,Rando::ITEM::RG_FIRE_TEMPLE_BOSS_KEY,34,34,YES,0,PASS
RANDOMIZER,Rando::ITEM::RG_WATER_TEMPLE_BOSS_KEY,34,34,YES,0,PASS
RANDOMIZER,Rando::ITEM::RG_SPIRIT_TEMPLE_BOSS_KEY,32,32,YES,0,PASS
RANDOMIZER,Rando::ITEM::RG_SHADOW_TEMPLE_BOSS_KEY,35,35,YES,0,PASS
RANDOMIZER,Rando::ITEM::RG_GANONS_CASTLE_BOSS_KEY,34,34,YES,0,PASS
RANDOMIZER,Rando::ITEM::RG_FOREST_TEMPLE_SMALL_KEY,33,33,YES,0,PASS
RANDOMIZER,Rando::ITEM::RG_FIRE_TEMPLE_SMALL_KEY,37,37,YES,0,PASS
RANDOMIZER,Rando::ITEM::RG_WATER_TEMPLE_SMALL_KEY,37,37,YES,0,PASS
RANDOMIZER,Rando::ITEM::RG_SPIRIT_TEMPLE_SMALL_KEY,32,32,YES,0,PASS
RANDOMIZER,Rando::ITEM::RG_SHADOW_TEMPLE_SMALL_KEY,31,31,YES,0,PASS
RANDOMIZER,Rando::ITEM::RG_BOTTOM_OF_THE_WELL_SMALL_KEY,36,36,YES,0,PASS
RANDOMIZER,Rando::ITEM::RG_GERUDO_TRAINING_GROUND_SMALL_KEY,35,35,YES,0,PASS
RANDOMIZER,Rando::ITEM::RG_GERUDO_FORTRESS_SMALL_KEY,33,33,YES,0,PASS
RANDOMIZER,Rando::ITEM::RG_GANONS_CASTLE_SMALL_KEY,30,30,YES,0,PASS
RANDOMIZER,Rando::ITEM::RG_TREASURE_GAME_SMALL_KEY,27,27,YES,0,PASS
RANDOMIZER,Rando::ITEM::RG_GUARD_HOUSE_KEY,42,42,YES,0,PASS
RANDOMIZER,Rando::ITEM::RG_MARKET_BAZAAR_KEY,30,30,YES,0,PASS
RANDOMIZER,Rando::ITEM::RG_MARKET_POTION_SHOP_KEY,39,39,YES,0,PASS
RANDOMIZER,Rando::ITEM::RG_MASK_SHOP_KEY,26,26,YES,0,PASS
RANDOMIZER,Rando::ITEM::RG_MARKET_SHOOTING_GALLERY_KEY,49,49,YES,0,PASS
RANDOMIZER,Rando::ITEM::RG_BOMBCHU_BOWLING_KEY,26,26,YES,0,PASS
RANDOMIZER,Rando::ITEM::RG_TREASURE_CHEST_GAME_BUILDING_KEY,27,27,YES,0,PASS
RANDOMIZER,Rando::ITEM::RG_BOMBCHU_SHOP_KEY,29,29,YES,0,PASS
RANDOMIZER,Rando::ITEM::RG_RICHARDS_HOUSE_KEY,27,27,YES,0,PASS
RANDOMIZER,Rando::ITEM::RG_ALLEY_HOUSE_KEY,42,42,YES,0,PASS
RANDOMIZER,Rando::ITEM::RG_KAK_BAZAAR_KEY,25,25,YES,0,PASS
RANDOMIZER,Rando::ITEM::RG_KAK_POTION_SHOP_KEY,45,45,YES,0,PASS
RANDOMIZER,Rando::ITEM::RG_BOSS_HOUSE_KEY,29,29,YES,0,PASS
RANDOMIZER,Rando::ITEM::RG_GRANNYS_POTION_SHOP_KEY,24,24,YES,0,PASS
RANDOMIZER,Rando::ITEM::RG_SKULLTULA_HOUSE_KEY,16,16,YES,0,PASS
RANDOMIZER,Rando::ITEM::RG_IMPAS_HOUSE_KEY,39,39,YES,0,PASS
RANDOMIZER,Rando::ITEM::RG_WINDMILL_KEY,27,27,YES,0,PASS
RANDOMIZER,Rando::ITEM::RG_KAK_SHOOTING_GALLERY_KEY,25,25,YES,0,PASS
RANDOMIZER,Rando::ITEM::RG_DAMPES_HUT_KEY,18,18,YES,0,PASS
RANDOMIZER,Rando::ITEM::RG_TALONS_HOUSE_KEY,25,25,YES,0,PASS
RANDOMIZER,Rando::ITEM::RG_STABLES_KEY,30,30,YES,0,PASS
RANDOMIZER,Rando::ITEM::RG_BACK_TOWER_KEY,24,24,YES,0,PASS
RANDOMIZER,Rando::ITEM::RG_HYLIA_LAB_KEY,29,29,YES,0,PASS
RANDOMIZER,Rando::ITEM::RG_FISHING_HOLE_KEY,28,28,YES,0,PASS
RANDOMIZER,Rando::ITEM::RG_FOREST_TEMPLE_KEY_RING,27,27,YES,0,PASS
RANDOMIZER,Rando::ITEM::RG_FIRE_TEMPLE_KEY_RING,31,31,YES,0,PASS
RANDOMIZER,Rando::ITEM::RG_WATER_TEMPLE_KEY_RING,31,31,YES,0,PASS
RANDOMIZER,Rando::ITEM::RG_SPIRIT_TEMPLE_KEY_RING,26,26,YES,0,PASS
RANDOMIZER,Rando::ITEM::RG_SHADOW_TEMPLE_KEY_RING,25,25,YES,0,PASS
RANDOMIZER,Rando::ITEM::RG_BOTTOM_OF_THE_WELL_KEY_RING,30,30,YES,0,PASS
RANDOMIZER,Rando::ITEM::RG_GERUDO_TRAINING_GROUND_KEY_RING,29,29,YES,0,PASS
RANDOMIZER,Rando::ITEM::RG_GERUDO_FORTRESS_KEY_RING,27,27,YES,0,PASS
RANDOMIZER,Rando::ITEM::RG_GANONS_CASTLE_KEY_RING,23,23,YES,0,PASS
RANDOMIZER,Rando::ITEM::RG_TREASURE_GAME_KEY_RING,17,17,YES,0,PASS
RANDOMIZER,Rando::ITEM::L245,18,18,YES,0,PASS
RANDOMIZER,Rando::ITEM::L246,19,19,YES,0,PASS
RANDOMIZER,Rando::ITEM::L247,18,18,YES,0,PASS
RANDOMIZER,Rando::ITEM::L248,17,17,YES,0,PASS
RANDOMIZER,Rando::ITEM::L249,21,21,YES,0,PASS
RANDOMIZER,Rando::ITEM::L250,21,21,YES,0,PASS
RANDOMIZER,Rando::ITEM::L251,18,18,YES,0,PASS
RANDOMIZER,Rando::ITEM::L252,23,23,YES,0,PASS
RANDOMIZER,Rando::ITEM::L253,11,11,YES,0,PASS
RANDOMIZER,Rando::ITEM::L255,19,19,YES,0,PASS
RANDOMIZER,Rando::ITEM::L256,10,10,YES,0,PASS
RANDOMIZER,Rando::ITEM::L257,10,10,YES,0,PASS
RANDOMIZER,Rando::ITEM::L258,13,13,YES,0,PASS
RANDOMIZER,Rando::ITEM::L259,13,13,YES,0,PASS
RANDOMIZER,Rando::ITEM::L260,16,16,YES,0,PASS
RANDOMIZER,Rando::ITEM::L261,21,21,YES,0,PASS
RANDOMIZER,Rando::ITEM::L262,15,15,YES,0,PASS
RANDOMIZER,Rando::ITEM::L263,5,5,YES,0,PASS
RANDOMIZER,Rando::ITEM::L264,3,3,YES,0,PASS
RANDOMIZER,Rando::ITEM::L265,10,10,YES,0,PASS
RANDOMIZER,Rando::ITEM::L266,11,11,YES,0,PASS
RANDOMIZER,Rando::ITEM::L268,11,11,YES,0,PASS
RANDOMIZER,Rando::ITEM::L269,12,12,YES,0,PASS
RANDOMIZER,Rando::ITEM::L270,13,13,YES,0,PASS
RANDOMIZER,Rando::ITEM::L271,13,13,YES,0,PASS
RANDOMIZER,Rando::ITEM::L273,11,11,YES,0,PASS
RANDOMIZER,Rando::ITEM::L274,12,12,YES,0,PASS
RANDOMIZER,Rando::ITEM::L275,12,12,YES,0,PASS
RANDOMIZER,Rando::ITEM::L276,15,15,YES,0,PASS
RANDOMIZER,Rando::ITEM::L277,16,16,YES,0,PASS
RANDOMIZER,Rando::ITEM::L278,18,18,YES,0,PASS
RANDOMIZER,Rando::ITEM::L279,13,13,YES,0,PASS
RANDOMIZER,Rando::ITEM::L280,22,22,YES,0,PASS
RANDOMIZER,Rando::ITEM::L281,23,23,YES,0,PASS
RANDOMIZER,Rando::ITEM::L282,22,22,YES,0,PASS
RANDOMIZER,Rando::ITEM::L283,26,26,YES,0,PASS
RANDOMIZER,Rando::ITEM::L284,22,22,YES,0,PASS
RANDOMIZER,Rando::ITEM::L286,21,21,YES,0,PASS
RANDOMIZER,Rando::ITEM::L287,20,20,YES,0,PASS
RANDOMIZER,Rando::ITEM::L289,20,20,YES,0,PASS
RANDOMIZER,Rando::ITEM::L290,23,23,YES,0,PASS
RANDOMIZER,Rando::ITEM::L291,22,22,YES,0,PASS
RANDOMIZER,Rando::ITEM::L292,21,21,YES,0,PASS
RANDOMIZER,Rando::ITEM::L293,19,19,YES,0,PASS
RANDOMIZER,Rando::ITEM::L294,11,11,YES,0,PASS
RANDOMIZER,Rando::ITEM::L295,24,24,YES,0,PASS
RANDOMIZER,Rando::ITEM::L296,20,20,YES,0,PASS
RANDOMIZER,Rando::ITEM::L297,19,19,YES,0,PASS
RANDOMIZER,Rando::ITEM::L298,22,22,YES,0,PASS
RANDOMIZER,Rando::ITEM::L299,19,19,YES,0,PASS
RANDOMIZER,Rando::ITEM::L300,20,20,YES,0,PASS
RANDOMIZER,Rando::ITEM::L301,19,19,YES,0,PASS
RANDOMIZER,Rando::ITEM::L302,15,15,YES,0,PASS
RANDOMIZER,Rando::ITEM::L303,20,20,YES,0,PASS
RANDOMIZER,Rando::ITEM::L304,20,20,YES,0,PASS
RANDOMIZER,Rando::ITEM::L305,26,26,YES,0,PASS
RANDOMIZER,Rando::ITEM::L306,7,7,YES,0,PASS
RANDOMIZER,Rando::ITEM::L307,18,18,YES,0,PASS
RANDOMIZER,Rando::ITEM::L308,24,24,YES,0,PASS
RANDOMIZER,Rando::ITEM::L309,11,11,YES,0,PASS
RANDOMIZER,Rando::ITEM::L310,24,24,YES,0,PASS
RANDOMIZER,Rando::ITEM::L311,20,20,YES,0,PASS
RANDOMIZER,Rando::ITEM::L312,19,19,YES,0,PASS
RANDOMIZER,Rando::ITEM::L313,19,19,YES,0,PASS
RANDOMIZER,Rando::ITEM::L314,23,23,YES,0,PASS
RANDOMIZER,Rando::ITEM::L315,24,24,YES,0,PASS
RANDOMIZER,Rando::ITEM::L316,24,24,YES,0,PASS
RANDOMIZER,Rando::ITEM::L317,13,13,YES,0,PASS
RANDOMIZER,Rando::ITEM::L318,20,20,YES,0,PASS
RANDOMIZER,Rando::ITEM::RG_GOHMA_SOUL,16,16,YES,0,PASS
RANDOMIZER,Rando::ITEM::RG_KING_DODONGO_SOUL,21,21,YES,0,PASS
RANDOMIZER,Rando::ITEM::RG_BARINADE_SOUL,16,16,YES,0,PASS
RANDOMIZER,Rando::ITEM::RG_PHANTOM_GANON_SOUL,14,14,YES,0,PASS
RANDOMIZER,Rando::ITEM::RG_VOLVAGIA_SOUL,19,19,YES,0,PASS
RANDOMIZER,Rando::ITEM::RG_MORPHA_SOUL,16,16,YES,0,PASS
RANDOMIZER,Rando::ITEM::RG_BONGO_BONGO_SOUL,13,13,YES,0,PASS
RANDOMIZER,Rando::ITEM::RG_TWINROVA_SOUL,14,14,YES,0,PASS
RANDOMIZER,Rando::ITEM::RG_GANON_SOUL,18,18,YES,0,PASS
RANDOMIZER,Rando::ITEM::RG_FISHING_POLE,25,25,YES,0,PASS
RANDOMIZER,Rando::ITEM::RG_OCARINA_A_BUTTON,24,24,YES,0,PASS
RANDOMIZER,Rando::ITEM::RG_OCARINA_C_UP_BUTTON,28,28,YES,0,PASS
RANDOMIZER,Rando::ITEM::RG_OCARINA_C_DOWN_BUTTON,26,26,YES,0,PASS
RANDOMIZER,Rando::ITEM::RG_OCARINA_C_LEFT_BUTTON,16,16,YES,0,PASS
RANDOMIZER,Rando::ITEM::RG_OCARINA_C_RIGHT_BUTTON,16,16,YES,0,PASS
RANDOMIZER,Rando::ITEM::RG_BRONZE_SCALE,15,15,YES,0,PASS
RANDOMIZER,Rando::ITEM::L355,24,24,YES,0,PASS
RANDOMIZER,Rando::ITEM::L358,23,23,YES,0,PASS
RANDOMIZER,Rando::ITEM::L359,27,27,YES,0,PASS
RANDOMIZER,Rando::ITEM::L360,28,28,YES,0,PASS
RANDOMIZER,Rando::ITEM::L361,25,25,YES,0,PASS
RANDOMIZER,Rando::ITEM::L362,18,18,YES,0,PASS
RANDOMIZER,Rando::ITEM::L363,18,18,YES,0,PASS
RANDOMIZER,Rando::ITEM::L364,13,13,YES,0,PASS
RANDOMIZER,Rando::ITEM::L366,19,19,YES,0,PASS
RANDOMIZER,Rando::ITEM::L368,20,20,YES,0,PASS
RANDOMIZER,Rando::ITEM::L371,9,9,YES,0,PASS
RANDOMIZER,Rando::ITEM::L373,5,5,YES,0,PASS
RANDOMIZER,Rando::ITEM::RG_TRIFORCE,7,7,YES,0,PASS
RANDOMIZER,Rando::ITEM::L376,13,13,YES,0,PASS
RANDOMIZER,Rando::ITEM::L378,15,15,YES,0,PASS
RANDOMIZER,Rando::ITEM::L379,18,18,YES,0,PASS
RANDOMIZER,Rando::ITEM::L380,15,15,YES,0,PASS
RANDOMIZER,Rando::ITEM::L381,22,22,YES,0,PASS
RANDOMIZER,Rando::ITEM::L382,26,26,YES,0,PASS
RANDOMIZER,Rando::ITEM::L383,12,12,YES,0,PASS
RANDOMIZER,Rando::ITEM::L384,13,13,YES,0,PASS
RANDOMIZER,Rando::ITEM::L385,17,17,YES,0,PASS
RANDOMIZER,Rando::ITEM::L386,13,13,YES,0,PASS
RANDOMIZER,Rando::ITEM::L387,29,29,YES,0,PASS
RANDOMIZER,Rando::ITEM::L388,33,33,YES,0,PASS
RANDOMIZER,Rando::ITEM::L389,13,13,YES,0,PASS
RANDOMIZER,Rando::ITEM::L390,20,20,YES,0,PASS
RANDOMIZER,Rando::ITEM::L391,19,19,YES,0,PASS
RANDOMIZER,Rando::ITEM::L392,15,15,YES,0,PASS
RANDOMIZER,Rando::ITEM::L393,13,13,YES,0,PASS
RANDOMIZER,Rando::ITEM::L394,19,19,YES,0,PASS
RANDOMIZER,Rando::ITEM::L395,17,17,YES,0,PASS
RANDOMIZER,Rando::ITEM::L396,20,20,YES,0,PASS
RANDOMIZER,Rando::ITEM::L397,17,17,YES,0,PASS
RANDOMIZER,Rando::ITEM::L398,29,29,YES,0,PASS
RANDOMIZER,Rando::ITEM::L399,29,29,YES,0,PASS
RANDOMIZER,Rando::ITEM::L400,28,28,YES,0,PASS
RANDOMIZER,Rando::ITEM::L401,28,28,YES,0,PASS
RANDOMIZER,Rando::ITEM::L402,16,16,YES,0,PASS
RANDOMIZER,Rando::ITEM::L403,25,25,YES,0,PASS
RANDOMIZER,Rando::ITEM::L404,18,18,YES,0,PASS
RANDOMIZER,ENTRANCE::L47,45,45,YES,0,PASS
RANDOMIZER,ENTRANCE::L48,13,13,YES,0,PASS
RANDOMIZER,ENTRANCE::L49,14,14,YES,0,PASS
RANDOMIZER,ENTRANCE::L50,26,26,YES,0,PASS
RANDOMIZER,ENTRANCE::L51,14,14,YES,0,PASS
RANDOMIZER,ENTRANCE::L52,10,10,YES,0,PASS
RANDOMIZER,ENTRANCE::L53,24,24,YES,0,PASS
RANDOMIZER,ENTRANCE::L54,23,23,YES,0,PASS
RANDOMIZER,ENTRANCE::L55,12,12,YES,0,PASS
RANDOMIZER,ENTRANCE::L56,8,8,YES,0,PASS
RANDOMIZER,ENTRANCE::L57,11,11,YES,0,PASS
RANDOMIZER,ENTRANCE::L58,11,11,YES,0,PASS
RANDOMIZER,ENTRANCE::L59,15,15,YES,0,PASS
RANDOMIZER,ENTRANCE::L60,14,14,YES,0,PASS
RANDOMIZER,ENTRANCE::L61,10,10,YES,0,PASS
RANDOMIZER,ENTRANCE::L62,12,12,YES,0,PASS
RANDOMIZER,ENTRANCE::L63,16,16,YES,0,PASS
RANDOMIZER,ENTRANCE::L64,18,18,YES,0,PASS
RANDOMIZER,ENTRANCE::L65,19,19,YES,0,PASS
RANDOMIZER,ENTRANCE::L66,7,7,YES,0,PASS
RANDOMIZER,ENTRANCE::L67,18,18,YES,0,PASS
RANDOMIZER,ENTRANCE::L79,17,17,YES,0,PASS
RANDOMIZER,ENTRANCE::L79,12,12,YES,0,PASS
RANDOMIZER,ENTRANCE::L80,19,19,YES,0,PASS
RANDOMIZER,ENTRANCE::L80,17,17,YES,0,PASS
RANDOMIZER,ENTRANCE::L82,18,18,YES,0,PASS
RANDOMIZER,ENTRANCE::L82,53,53,YES,0,PASS
RANDOMIZER,ENTRANCE::L83,16,16,YES,0,PASS
RANDOMIZER,ENTRANCE::L83,51,51,YES,0,PASS
RANDOMIZER,ENTRANCE::L84,17,17,YES,0,PASS
RANDOMIZER,ENTRANCE::L84,38,38,YES,0,PASS
RANDOMIZER,ENTRANCE::L85,20,20,YES,0,PASS
RANDOMIZER,ENTRANCE::L85,47,47,YES,0,PASS
RANDOMIZER,ENTRANCE::L86,21,21,YES,0,PASS
RANDOMIZER,ENTRANCE::L86,38,38,YES,0,PASS
RANDOMIZER,ENTRANCE::L87,18,18,YES,0,PASS
RANDOMIZER,ENTRANCE::L87,45,45,YES,0,PASS
RANDOMIZER,ENTRANCE::L89,43,43,YES,0,PASS
RANDOMIZER,ENTRANCE::L89,32,32,YES,0,PASS
RANDOMIZER,ENTRANCE::L90,29,29,YES,0,PASS
RANDOMIZER,ENTRANCE::L90,34,34,YES,0,PASS
RANDOMIZER,ENTRANCE::L93,33,33,YES,0,PASS
RANDOMIZER,ENTRANCE::L93,41,41,YES,0,PASS
RANDOMIZER,ENTRANCE::L94,33,33,YES,0,PASS
RANDOMIZER,ENTRANCE::L94,29,29,YES,0,PASS
RANDOMIZER,ENTRANCE::L95,32,32,YES,0,PASS
RANDOMIZER,ENTRANCE::L95,12,12,YES,0,PASS
RANDOMIZER,ENTRANCE::L96,32,32,YES,0,PASS
RANDOMIZER,ENTRANCE::L96,12,12,YES,0,PASS
RANDOMIZER,ENTRANCE::L97,33,33,YES,0,PASS
RANDOMIZER,ENTRANCE::L97,13,13,YES,0,PASS
RANDOMIZER,ENTRANCE::L98,39,39,YES,0,PASS
RANDOMIZER,ENTRANCE::L98,19,19,YES,0,PASS
RANDOMIZER,ENTRANCE::L99,37,37,YES,0,PASS
RANDOMIZER,ENTRANCE::L99,17,17,YES,0,PASS
RANDOMIZER,ENTRANCE::L100,26,26,YES,0,PASS
RANDOMIZER,ENTRANCE::L100,13,13,YES,0,PASS
RANDOMIZER,ENTRANCE::L102,26,26,YES,0,PASS
RANDOMIZER,ENTRANCE::L102,22,22,YES,0,PASS
RANDOMIZER,ENTRANCE::L103,12,12,YES,0,PASS
RANDOMIZER,ENTRANCE::L103,32,32,YES,0,PASS
RANDOMIZER,ENTRANCE::L104,12,12,YES,0,PASS
RANDOMIZER,ENTRANCE::L104,32,32,YES,0,PASS
RANDOMIZER,ENTRANCE::L105,13,13,YES,0,PASS
RANDOMIZER,ENTRANCE::L105,33,33,YES,0,PASS
RANDOMIZER,ENTRANCE::L106,19,19,YES,0,PASS
RANDOMIZER,ENTRANCE::L106,39,39,YES,0,PASS
RANDOMIZER,ENTRANCE::L107,17,17,YES,0,PASS
RANDOMIZER,ENTRANCE::L107,37,37,YES,0,PASS
RANDOMIZER,ENTRANCE::L108,13,13,YES,0,PASS
RANDOMIZER,ENTRANCE::L108,26,26,YES,0,PASS
RANDOMIZER,ENTRANCE::L110,22,22,YES,0,PASS
RANDOMIZER,ENTRANCE::L110,26,26,YES,0,PASS
RANDOMIZER,ENTRANCE::L111,30,30,YES,0,PASS
RANDOMIZER,ENTRANCE::L111,5,5,YES,0,PASS
RANDOMIZER,ENTRANCE::L112,5,5,YES,0,PASS
RANDOMIZER,ENTRANCE::L112,30,30,YES,0,PASS
RANDOMIZER,ENTRANCE::L113,28,28,YES,0,PASS
RANDOMIZER,ENTRANCE::L113,34,34,YES,0,PASS
RANDOMIZER,ENTRANCE::L116,41,41,YES,0,PASS
RANDOMIZER,ENTRANCE::L116,33,33,YES,0,PASS
RANDOMIZER,ENTRANCE::L117,42,42,YES,0,PASS
RANDOMIZER,ENTRANCE::L117,34,34,YES,0,PASS
RANDOMIZER,ENTRANCE::L118,29,29,YES,0,PASS
RANDOMIZER,ENTRANCE::L118,33,33,YES,0,PASS
RANDOMIZER,ENTRANCE::L119,34,34,YES,0,PASS
RANDOMIZER,ENTRANCE::L119,31,31,YES,0,PASS
RANDOMIZER,ENTRANCE::L120,34,34,YES,0,PASS
RANDOMIZER,ENTRANCE::L120,28,28,YES,0,PASS
RANDOMIZER,ENTRANCE::L121,31,31,YES,0,PASS
RANDOMIZER,ENTRANCE::L121,43,43,YES,0,PASS
RANDOMIZER,ENTRANCE::L124,11,11,YES,0,PASS
RANDOMIZER,ENTRANCE::L127,11,11,YES,0,PASS
RANDOMIZER,ENTRANCE::L130,43,43,YES,0,PASS
RANDOMIZER,ENTRANCE::L130,31,31,YES,0,PASS
RANDOMIZER,ENTRANCE::L134,54,54,YES,0,PASS
RANDOMIZER,ENTRANCE::L134,29,29,YES,0,PASS
RANDOMIZER,ENTRANCE::L138,29,29,YES,0,PASS
RANDOMIZER,ENTRANCE::L138,54,54,YES,0,PASS
RANDOMIZER,ENTRANCE::L139,37,37,YES,0,PASS
RANDOMIZER,ENTRANCE::L139,13,13,YES,0,PASS
RANDOMIZER,ENTRANCE::L140,13,13,YES,0,PASS
RANDOMIZER,ENTRANCE::L140,37,37,YES,0,PASS
RANDOMIZER,ENTRANCE::L141,36,36,YES,0,PASS
RANDOMIZER,ENTRANCE::L141,41,41,YES,0,PASS
RANDOMIZER,ENTRANCE::L144,28,28,YES,0,PASS
RANDOMIZER,ENTRANCE::L144,39,39,YES,0,PASS
RANDOMIZER,ENTRANCE::L145,26,26,YES,0,PASS
RANDOMIZER,ENTRANCE::L145,22,22,YES,0,PASS
RANDOMIZER,ENTRANCE::L146,45,45,YES,0,PASS
RANDOMIZER,ENTRANCE::L146,44,44,YES,0,PASS
RANDOMIZER,ENTRANCE::L147,39,39,YES,0,PASS
RANDOMIZER,ENTRANCE::L147,24,24,YES,0,PASS
RANDOMIZER,ENTRANCE::L148,40,40,YES,0,PASS
RANDOMIZER,ENTRANCE::L148,14,14,YES,0,PASS
RANDOMIZER,ENTRANCE::L149,48,48,YES,0,PASS
RANDOMIZER,ENTRANCE::L149,25,25,YES,0,PASS
RANDOMIZER,ENTRANCE::L150,46,46,YES,0,PASS
RANDOMIZER,ENTRANCE::L150,26,26,YES,0,PASS
RANDOMIZER,ENTRANCE::L151,30,30,YES,0,PASS
RANDOMIZER,ENTRANCE::L151,6,6,YES,0,PASS
RANDOMIZER,ENTRANCE::L152,41,41,YES,0,PASS
RANDOMIZER,ENTRANCE::L152,27,27,YES,0,PASS
RANDOMIZER,ENTRANCE::L153,57,57,YES,0,PASS
RANDOMIZER,ENTRANCE::L153,31,31,YES,0,PASS
RANDOMIZER,ENTRANCE::L154,29,29,YES,0,PASS
RANDOMIZER,ENTRANCE::L154,17,17,YES,0,PASS
RANDOMIZER,ENTRANCE::L155,54,54,YES,0,PASS
RANDOMIZER,ENTRANCE::L155,43,43,YES,0,PASS
RANDOMIZER,ENTRANCE::L156,52,52,YES,0,PASS
RANDOMIZER,ENTRANCE::L156,44,44,YES,0,PASS
RANDOMIZER,ENTRANCE::L159,26,26,YES,0,PASS
RANDOMIZER,ENTRANCE::L159,26,26,YES,0,PASS
RANDOMIZER,ENTRANCE::L160,24,24,YES,0,PASS
RANDOMIZER,ENTRANCE::L160,39,39,YES,0,PASS
RANDOMIZER,ENTRANCE::L161,14,14,YES,0,PASS
RANDOMIZER,ENTRANCE::L161,40,40,YES,0,PASS
RANDOMIZER,ENTRANCE::L162,25,25,YES,0,PASS
RANDOMIZER,ENTRANCE::L162,48,48,YES,0,PASS
RANDOMIZER,ENTRANCE::L163,26,26,YES,0,PASS
RANDOMIZER,ENTRANCE::L163,46,46,YES,0,PASS
RANDOMIZER,ENTRANCE::L164,6,6,YES,0,PASS
RANDOMIZER,ENTRANCE::L164,30,30,YES,0,PASS
RANDOMIZER,ENTRANCE::L165,27,27,YES,0,PASS
RANDOMIZER,ENTRANCE::L165,41,41,YES,0,PASS
RANDOMIZER,ENTRANCE::L166,31,31,YES,0,PASS
RANDOMIZER,ENTRANCE::L166,57,57,YES,0,PASS
RANDOMIZER,ENTRANCE::L167,17,17,YES,0,PASS
RANDOMIZER,ENTRANCE::L167,29,29,YES,0,PASS
RANDOMIZER,ENTRANCE::L168,43,43,YES,0,PASS
RANDOMIZER,ENTRANCE::L168,54,54,YES,0,PASS
RANDOMIZER,ENTRANCE::L169,44,44,YES,0,PASS
RANDOMIZER,ENTRANCE::L169,52,52,YES,0,PASS
RANDOMIZER,ENTRANCE::L172,26,26,YES,0,PASS
RANDOMIZER,ENTRANCE::L172,26,26,YES,0,PASS
RANDOMIZER,ENTRANCE::L175,22,22,YES,0,PASS
RANDOMIZER,ENTRANCE::L175,26,26,YES,0,PASS
RANDOMIZER,ENTRANCE::L176,46,46,YES,0,PASS
RANDOMIZER,ENTRANCE::L176,15,15,YES,0,PASS
RANDOMIZER,ENTRANCE::L177,55,55,YES,0,PASS
RANDOMIZER,ENTRANCE::L177,16,16,YES,0,PASS
RANDOMIZER,ENTRANCE::L178,54,54,YES,0,PASS
RANDOMIZER,ENTRANCE::L178,28,28,YES,0,PASS
RANDOMIZER,ENTRANCE::L179,55,55,YES,0,PASS
RANDOMIZER,ENTRANCE::L179,24,24,YES,0,PASS
RANDOMIZER,ENTRANCE::L180,52,52,YES,0,PASS
RANDOMIZER,ENTRANCE::L180,14,14,YES,0,PASS
RANDOMIZER,ENTRANCE::L181,27,27,YES,0,PASS
RANDOMIZER,ENTRANCE::L181,31,31,YES,0,PASS
RANDOMIZER,ENTRANCE::L182,15,15,YES,0,PASS
RANDOMIZER,ENTRANCE::L182,46,46,YES,0,PASS
RANDOMIZER,ENTRANCE::L183,16,16,YES,0,PASS
RANDOMIZER,ENTRANCE::L183,55,55,YES,0,PASS
RANDOMIZER,ENTRANCE::L184,28,28,YES,0,PASS
RANDOMIZER,ENTRANCE::L184,54,54,YES,0,PASS
RANDOMIZER,ENTRANCE::L185,24,24,YES,0,PASS
RANDOMIZER,ENTRANCE::L185,55,55,YES,0,PASS
RANDOMIZER,ENTRANCE::L186,14,14,YES,0,PASS
RANDOMIZER,ENTRANCE::L186,52,52,YES,0,PASS
RANDOMIZER,ENTRANCE::L187,31,31,YES,0,PASS
RANDOMIZER,ENTRANCE::L187,27,27,YES,0,PASS
RANDOMIZER,ENTRANCE::L188,39,39,YES,0,PASS
RANDOMIZER,ENTRANCE::L188,11,11,YES,0,PASS
RANDOMIZER,ENTRANCE::L189,11,11,YES,0,PASS
RANDOMIZER,ENTRANCE::L189,39,39,YES,0,PASS
RANDOMIZER,ENTRANCE::L190,34,34,YES,0,PASS
RANDOMIZER,ENTRANCE::L190,43,43,YES,0,PASS
RANDOMIZER,ENTRANCE::L193,41,41,YES,0,PASS
RANDOMIZER,ENTRANCE::L193,31,31,YES,0,PASS
RANDOMIZER,ENTRANCE::L194,44,44,YES,0,PASS
RANDOMIZER,ENTRANCE::L194,45,45,YES,0,PASS
RANDOMIZER,ENTRANCE::L195,44,44,YES,0,PASS
RANDOMIZER,ENTRANCE::L195,43,43,YES,0,PASS
RANDOMIZER,ENTRANCE::L196,52,52,YES,0,PASS
RANDOMIZER,ENTRANCE::L196,51,51,YES,0,PASS
RANDOMIZER,ENTRANCE::L199,53,53,YES,0,PASS
RANDOMIZER,ENTRANCE::L199,30,30,YES,0,PASS
RANDOMIZER,ENTRANCE::L200,51,51,YES,0,PASS
RANDOMIZER,ENTRANCE::L200,52,52,YES,0,PASS
RANDOMIZER,ENTRANCE::L203,30,30,YES,0,PASS
RANDOMIZER,ENTRANCE::L203,53,53,YES,0,PASS
RANDOMIZER,ENTRANCE::L204,38,38,YES,0,PASS
RANDOMIZER,ENTRANCE::L204,11,11,YES,0,PASS
RANDOMIZER,ENTRANCE::L205,11,11,YES,0,PASS
RANDOMIZER,ENTRANCE::L205,38,38,YES,0,PASS
RANDOMIZER,ENTRANCE::L206,35,35,YES,0,PASS
RANDOMIZER,ENTRANCE::L206,42,42,YES,0,PASS
RANDOMIZER,ENTRANCE::L209,45,45,YES,0,PASS
RANDOMIZER,ENTRANCE::L209,58,58,YES,0,PASS
RANDOMIZER,ENTRANCE::L210,43,43,YES,0,PASS
RANDOMIZER,ENTRANCE::L210,44,44,YES,0,PASS
RANDOMIZER,ENTRANCE::L211,51,51,YES,0,PASS
RANDOMIZER,ENTRANCE::L211,50,50,YES,0,PASS
RANDOMIZER,ENTRANCE::L214,40,40,YES,0,PASS
RANDOMIZER,ENTRANCE::L214,28,28,YES,0,PASS
RANDOMIZER,ENTRANCE::L215,50,50,YES,0,PASS
RANDOMIZER,ENTRANCE::L215,51,51,YES,0,PASS
RANDOMIZER,ENTRANCE::L218,28,28,YES,0,PASS
RANDOMIZER,ENTRANCE::L218,40,40,YES,0,PASS
RANDOMIZER,ENTRANCE::L219,36,36,YES,0,PASS
RANDOMIZER,ENTRANCE::L219,8,8,YES,0,PASS
RANDOMIZER,ENTRANCE::L220,8,8,YES,0,PASS
RANDOMIZER,ENTRANCE::L220,36,36,YES,0,PASS
RANDOMIZER,ENTRANCE::L221,31,31,YES,0,PASS
RANDOMIZER,ENTRANCE::L221,40,40,YES,0,PASS
RANDOMIZER,ENTRANCE::L224,31,31,YES,0,PASS
RANDOMIZER,ENTRANCE::L224,41,41,YES,0,PASS
RANDOMIZER,ENTRANCE::L225,58,58,YES,0,PASS
RANDOMIZER,ENTRANCE::L225,45,45,YES,0,PASS
RANDOMIZER,ENTRANCE::L226,31,31,YES,0,PASS
RANDOMIZER,ENTRANCE::L226,34,34,YES,0,PASS
RANDOMIZER,ENTRANCE::L227,36,36,YES,0,PASS
RANDOMIZER,ENTRANCE::L227,12,12,YES,0,PASS
RANDOMIZER,ENTRANCE::L229,12,12,YES,0,PASS
RANDOMIZER,ENTRANCE::L229,36,36,YES,0,PASS
RANDOMIZER,ENTRANCE::L233,28,28,YES,0,PASS
RANDOMIZER,ENTRANCE::L233,34,34,YES,0,PASS
RANDOMIZER,ENTRANCE::L234,28,28,YES,0,PASS
RANDOMIZER,ENTRANCE::L234,34,34,YES,0,PASS
RANDOMIZER,ENTRANCE::L235,33,33,YES,0,PASS
RANDOMIZER,ENTRANCE::L235,22,22,YES,0,PASS
RANDOMIZER,ENTRANCE::L244,22,22,YES,0,PASS
RANDOMIZER,ENTRANCE::L244,33,33,YES,0,PASS
RANDOMIZER,ENTRANCE::L245,30,30,YES,0,PASS
RANDOMIZER,ENTRANCE::L245,30,30,YES,0,PASS
RANDOMIZER,ENTRANCE::L246,34,34,YES,0,PASS
RANDOMIZER,ENTRANCE::L246,31,31,YES,0,PASS
RANDOMIZER,ENTRANCE::L247,35,35,YES,0,PASS
RANDOMIZER,ENTRANCE::L247,11,11,YES,0,PASS
RANDOMIZER,ENTRANCE::L249,11,11,YES,0,PASS
RANDOMIZER,ENTRANCE::L249,35,35,YES,0,PASS
RANDOMIZER,ENTRANCE::L253,31,31,YES,0,PASS
RANDOMIZER,ENTRANCE::L253,34,34,YES,0,PASS
RANDOMIZER,ENTRANCE::L254,38,38,YES,0,PASS
RANDOMIZER,ENTRANCE::L254,37,37,YES,0,PASS
RANDOMIZER,ENTRANCE::L255,30,30,YES,0,PASS
RANDOMIZER,ENTRANCE::L255,32,32,YES,0,PASS
RANDOMIZER,ENTRANCE::L256,38,38,YES,0,PASS
RANDOMIZER,ENTRANCE::L256,28,28,YES,0,PASS
RANDOMIZER,ENTRANCE::L257,37,37,YES,0,PASS
RANDOMIZER,ENTRANCE::L257,38,38,YES,0,PASS
RANDOMIZER,ENTRANCE::L258,32,32,YES,0,PASS
RANDOMIZER,ENTRANCE::L258,30,30,YES,0,PASS
RANDOMIZER,ENTRANCE::L259,40,40,YES,0,PASS
RANDOMIZER,ENTRANCE::L259,8,8,YES,0,PASS
RANDOMIZER,ENTRANCE::L260,8,8,YES,0,PASS
RANDOMIZER,ENTRANCE::L260,40,40,YES,0,PASS
RANDOMIZER,ENTRANCE::L261,31,31,YES,0,PASS
RANDOMIZER,ENTRANCE::L261,44,44,YES,0,PASS
RANDOMIZER,ENTRANCE::L262,28,28,YES,0,PASS
RANDOMIZER,ENTRANCE::L262,38,38,YES,0,PASS
RANDOMIZER,ENTRANCE::L265,34,34,YES,0,PASS
RANDOMIZER,ENTRANCE::L265,42,42,YES,0,PASS
RANDOMIZER,ENTRANCE::L266,46,46,YES,0,PASS
RANDOMIZER,ENTRANCE::L266,36,36,YES,0,PASS
RANDOMIZER,ENTRANCE::L267,34,34,YES,0,PASS
RANDOMIZER,ENTRANCE::L267,26,26,YES,0,PASS
RANDOMIZER,ENTRANCE::L268,39,39,YES,0,PASS
RANDOMIZER,ENTRANCE::L268,28,28,YES,0,PASS
RANDOMIZER,ENTRANCE::L269,34,34,YES,0,PASS
RANDOMIZER,ENTRANCE::L269,28,28,YES,0,PASS
RANDOMIZER,ENTRANCE::L270,38,38,YES,0,PASS
RANDOMIZER,ENTRANCE::L270,27,27,YES,0,PASS
RANDOMIZER,ENTRANCE::L271,33,33,YES,0,PASS
RANDOMIZER,ENTRANCE::L271,28,28,YES,0,PASS
RANDOMIZER,ENTRANCE::L290,26,26,YES,0,PASS
RANDOMIZER,ENTRANCE::L290,34,34,YES,0,PASS
RANDOMIZER,ENTRANCE::L291,45,45,YES,0,PASS
RANDOMIZER,ENTRANCE::L291,13,13,YES,0,PASS
RANDOMIZER,ENTRANCE::L292,42,42,YES,0,PASS
RANDOMIZER,ENTRANCE::L292,27,27,YES,0,PASS
RANDOMIZER,ENTRANCE::L293,38,38,YES,0,PASS
RANDOMIZER,ENTRANCE::L293,24,24,YES,0,PASS
RANDOMIZER,ENTRANCE::L295,13,13,YES,0,PASS
RANDOMIZER,ENTRANCE::L295,45,45,YES,0,PASS
RANDOMIZER,ENTRANCE::L296,27,27,YES,0,PASS
RANDOMIZER,ENTRANCE::L296,42,42,YES,0,PASS
RANDOMIZER,ENTRANCE::L297,24,24,YES,0,PASS
RANDOMIZER,ENTRANCE::L297,38,38,YES,0,PASS
RANDOMIZER,ENTRANCE::L301,27,27,YES,0,PASS
RANDOMIZER,ENTRANCE::L301,38,38,YES,0,PASS
RANDOMIZER,ENTRANCE::L302,30,30,YES,0,PASS
RANDOMIZER,ENTRANCE::L302,30,30,YES,0,PASS
RANDOMIZER,ENTRANCE::L303,38,38,YES,0,PASS
RANDOMIZER,ENTRANCE::L303,26,26,YES,0,PASS
RANDOMIZER,ENTRANCE::L304,44,44,YES,0,PASS
RANDOMIZER,ENTRANCE::L304,17,17,YES,0,PASS
RANDOMIZER,ENTRANCE::L306,27,27,YES,0,PASS
RANDOMIZER,ENTRANCE::L306,27,27,YES,0,PASS
RANDOMIZER,ENTRANCE::L307,26,26,YES,0,PASS
RANDOMIZER,ENTRANCE::L307,38,38,YES,0,PASS
RANDOMIZER,ENTRANCE::L308,17,17,YES,0,PASS
RANDOMIZER,ENTRANCE::L308,44,44,YES,0,PASS
RANDOMIZER,ENTRANCE::L310,27,27,YES,0,PASS
RANDOMIZER,ENTRANCE::L310,27,27,YES,0,PASS
RANDOMIZER,ENTRANCE::L311,35,35,YES,0,PASS
RANDOMIZER,ENTRANCE::L311,6,6,YES,0,PASS
RANDOMIZER,ENTRANCE::L312,6,6,YES,0,PASS
RANDOMIZER,ENTRANCE::L312,35,35,YES,0,PASS
RANDOMIZER,ENTRANCE::L313,29,29,YES,0,PASS
RANDOMIZER,ENTRANCE::L313,39,39,YES,0,PASS
RANDOMIZER,ENTRANCE::L316,28,28,YES,0,PASS
RANDOMIZER,ENTRANCE::L316,33,33,YES,0,PASS
RANDOMIZER,ENTRANCE::L317,29,29,YES,0,PASS
RANDOMIZER,ENTRANCE::L317,34,34,YES,0,PASS
RANDOMIZER,ENTRANCE::L318,31,31,YES,0,PASS
RANDOMIZER,ENTRANCE::L318,29,29,YES,0,PASS
RANDOMIZER,ENTRANCE::L319,58,58,YES,0,PASS
RANDOMIZER,ENTRANCE::L319,25,25,YES,0,PASS
RANDOMIZER,ENTRANCE::L322,25,25,YES,0,PASS
RANDOMIZER,ENTRANCE::L322,58,58,YES,0,PASS
RANDOMIZER,ENTRANCE::L325,34,34,YES,0,PASS
RANDOMIZER,ENTRANCE::L325,29,29,YES,0,PASS
RANDOMIZER,ENTRANCE::L326,42,42,YES,0,PASS
RANDOMIZER,ENTRANCE::L326,34,34,YES,0,PASS
RANDOMIZER,ENTRANCE::L328,51,51,YES,0,PASS
RANDOMIZER,ENTRANCE::L328,43,43,YES,0,PASS
RANDOMIZER,ENTRANCE::L330,43,43,YES,0,PASS
RANDOMIZER,ENTRANCE::L330,51,51,YES,0,PASS
RANDOMIZER,ENTRANCE::L331,30,30,YES,0,PASS
RANDOMIZER,ENTRANCE::L331,42,42,YES,0,PASS
RANDOMIZER,ENTRANCE::L332,42,42,YES,0,PASS
RANDOMIZER,ENTRANCE::L333,44,44,YES,0,PASS
RANDOMIZER,ENTRANCE::L334,52,52,YES,0,PASS
RANDOMIZER,ENTRANCE::L334,44,44,YES,0,PASS
RANDOMIZER,ENTRANCE::L335,53,53,YES,0,PASS
RANDOMIZER,ENTRANCE::L336,54,54,YES,0,PASS
RANDOMIZER,ENTRANCE::L336,53,53,YES,0,PASS
RANDOMIZER,ENTRANCE::L337,52,52,YES,0,PASS
RANDOMIZER,ENTRANCE::L337,34,34,YES,0,PASS
RANDOMIZER,ENTRANCE::L338,54,54,YES,0,PASS
RANDOMIZER,ENTRANCE::L338,34,34,YES,0,PASS
RANDOMIZER,ENTRANCE::L339,54,54,YES,0,PASS
RANDOMIZER,ENTRANCE::L339,47,47,YES,0,PASS
RANDOMIZER,ENTRANCE::L340,31,31,YES,0,PASS
RANDOMIZER,ENTRANCE::L340,49,49,YES,0,PASS
RANDOMIZER,ENTRANCE::L341,33,33,YES,0,PASS
RANDOMIZER,ENTRANCE::L341,39,39,YES,0,PASS
RANDOMIZER,ENTRANCE::L342,36,36,YES,0,PASS
RANDOMIZER,ENTRANCE::L342,54,54,YES,0,PASS
RANDOMIZER,ENTRANCE::L343,31,31,YES,0,PASS
RANDOMIZER,ENTRANCE::L343,49,49,YES,0,PASS
RANDOMIZER,ENTRANCE::L344,42,42,YES,0,PASS
RANDOMIZER,ENTRANCE::L344,30,30,YES,0,PASS
RANDOMIZER,ENTRANCE::L345,42,42,YES,0,PASS
RANDOMIZER,ENTRANCE::L346,44,44,YES,0,PASS
RANDOMIZER,ENTRANCE::L347,44,44,YES,0,PASS
RANDOMIZER,ENTRANCE::L347,52,52,YES,0,PASS
RANDOMIZER,ENTRANCE::L348,53,53,YES,0,PASS
RANDOMIZER,ENTRANCE::L349,53,53,YES,0,PASS
RANDOMIZER,ENTRANCE::L349,54,54,YES,0,PASS
RANDOMIZER,ENTRANCE::L350,34,34,YES,0,PASS
RANDOMIZER,ENTRANCE::L350,52,52,YES,0,PASS
RANDOMIZER,ENTRANCE::L351,34,34,YES,0,PASS
RANDOMIZER,ENTRANCE::L351,54,54,YES,0,PASS
RANDOMIZER,ENTRANCE::L352,47,47,YES,0,PASS
RANDOMIZER,ENTRANCE::L352,54,54,YES,0,PASS
RANDOMIZER,ENTRANCE::L353,49,49,YES,0,PASS
RANDOMIZER,ENTRANCE::L353,31,31,YES,0,PASS
RANDOMIZER,ENTRANCE::L354,39,39,YES,0,PASS
RANDOMIZER,ENTRANCE::L354,33,33,YES,0,PASS
RANDOMIZER,ENTRANCE::L355,54,54,YES,0,PASS
RANDOMIZER,ENTRANCE::L355,36,36,YES,0,PASS
RANDOMIZER,ENTRANCE::L356,49,49,YES,0,PASS
RANDOMIZER,ENTRANCE::L356,31,31,YES,0,PASS
RANDOMIZER,ENTRANCE::L359,34,34,YES,0,PASS
RANDOMIZER,ENTRANCE::L359,42,42,YES,0,PASS
RANDOMIZER,ENTRANCE::L360,35,35,YES,0,PASS
RANDOMIZER,ENTRANCE::L360,35,35,YES,0,PASS
RANDOMIZER,ENTRANCE::L361,35,35,YES,0,PASS
RANDOMIZER,ENTRANCE::L361,35,35,YES,0,PASS
RANDOMIZER,ENTRANCE::L362,34,34,YES,0,PASS
RANDOMIZER,ENTRANCE::L362,33,33,YES,0,PASS
RANDOMIZER,ENTRANCE::L364,36,36,YES,0,PASS
RANDOMIZER,ENTRANCE::L364,31,31,YES,0,PASS
RANDOMIZER,ENTRANCE::L365,33,33,YES,0,PASS
RANDOMIZER,ENTRANCE::L365,34,34,YES,0,PASS
RANDOMIZER,ENTRANCE::L367,31,31,YES,0,PASS
RANDOMIZER,ENTRANCE::L367,36,36,YES,0,PASS
RANDOMIZER,ENTRANCE::L368,39,39,YES,0,PASS
RANDOMIZER,ENTRANCE::L368,8,8,YES,0,PASS
RANDOMIZER,ENTRANCE::L369,8,8,YES,0,PASS
RANDOMIZER,ENTRANCE::L369,39,39,YES,0,PASS
RANDOMIZER,ENTRANCE::L370,31,31,YES,0,PASS
RANDOMIZER,ENTRANCE::L370,43,43,YES,0,PASS
RANDOMIZER,ENTRANCE::L373,36,36,YES,0,PASS
RANDOMIZER,ENTRANCE::L373,46,46,YES,0,PASS
RANDOMIZER,ENTRANCE::L374,38,38,YES,0,PASS
RANDOMIZER,ENTRANCE::L374,22,22,YES,0,PASS
RANDOMIZER,ENTRANCE::L375,58,58,YES,0,PASS
RANDOMIZER,ENTRANCE::L375,18,18,YES,0,PASS
RANDOMIZER,ENTRANCE::L376,22,22,YES,0,PASS
RANDOMIZER,ENTRANCE::L376,38,38,YES,0,PASS
RANDOMIZER,ENTRANCE::L377,31,31,YES,0,PASS
RANDOMIZER,ENTRANCE::L377,39,39,YES,0,PASS
RANDOMIZER,ENTRANCE::L378,29,29,YES,0,PASS
RANDOMIZER,ENTRANCE::L378,68,68,YES,0,PASS
RANDOMIZER,ENTRANCE::L379,41,41,YES,0,PASS
RANDOMIZER,ENTRANCE::L379,27,27,YES,0,PASS
RANDOMIZER,ENTRANCE::L380,42,42,YES,0,PASS
RANDOMIZER,ENTRANCE::L380,18,18,YES,0,PASS
RANDOMIZER,ENTRANCE::L381,40,40,YES,0,PASS
RANDOMIZER,ENTRANCE::L381,16,16,YES,0,PASS
RANDOMIZER,ENTRANCE::L382,50,50,YES,0,PASS
RANDOMIZER,ENTRANCE::L382,24,24,YES,0,PASS
RANDOMIZER,ENTRANCE::L383,44,44,YES,0,PASS
RANDOMIZER,ENTRANCE::L383,18,18,YES,0,PASS
RANDOMIZER,ENTRANCE::L384,29,29,YES,0,PASS
RANDOMIZER,ENTRANCE::L384,17,17,YES,0,PASS
RANDOMIZER,ENTRANCE::L385,44,44,YES,0,PASS
RANDOMIZER,ENTRANCE::L385,30,30,YES,0,PASS
RANDOMIZER,ENTRANCE::L386,43,43,YES,0,PASS
RANDOMIZER,ENTRANCE::L386,17,17,YES,0,PASS
RANDOMIZER,ENTRANCE::L387,18,18,YES,0,PASS
RANDOMIZER,ENTRANCE::L387,58,58,YES,0,PASS
RANDOMIZER,ENTRANCE::L388,27,27,YES,0,PASS
RANDOMIZER,ENTRANCE::L388,41,41,YES,0,PASS
RANDOMIZER,ENTRANCE::L389,18,18,YES,0,PASS
RANDOMIZER,ENTRANCE::L389,42,42,YES,0,PASS
RANDOMIZER,ENTRANCE::L390,16,16,YES,0,PASS
RANDOMIZER,ENTRANCE::L390,40,40,YES,0,PASS
RANDOMIZER,ENTRANCE::L391,24,24,YES,0,PASS
RANDOMIZER,ENTRANCE::L391,50,50,YES,0,PASS
RANDOMIZER,ENTRANCE::L392,18,18,YES,0,PASS
RANDOMIZER,ENTRANCE::L392,44,44,YES,0,PASS
RANDOMIZER,ENTRANCE::L393,17,17,YES,0,PASS
RANDOMIZER,ENTRANCE::L393,29,29,YES,0,PASS
RANDOMIZER,ENTRANCE::L394,30,30,YES,0,PASS
RANDOMIZER,ENTRANCE::L394,44,44,YES,0,PASS
RANDOMIZER,ENTRANCE::L395,17,17,YES,0,PASS
RANDOMIZER,ENTRANCE::L395,43,43,YES,0,PASS
RANDOMIZER,ENTRANCE::L396,68,68,YES,0,PASS
RANDOMIZER,ENTRANCE::L396,29,29,YES,0,PASS
RANDOMIZER,ENTRANCE::L397,50,50,YES,0,PASS
RANDOMIZER,ENTRANCE::L397,29,29,YES,0,PASS
RANDOMIZER,ENTRANCE::L398,29,29,YES,0,PASS
RANDOMIZER,ENTRANCE::L398,50,50,YES,0,PASS
RANDOMIZER,ENTRANCE::L401,39,39,YES,0,PASS
RANDOMIZER,ENTRANCE::L401,31,31,YES,0,PASS
RANDOMIZER,ENTRANCE::L402,53,53,YES,0,PASS
RANDOMIZER,ENTRANCE::L402,45,45,YES,0,PASS
RANDOMIZER,ENTRANCE::L404,45,45,YES,0,PASS
RANDOMIZER,ENTRANCE::L404,53,53,YES,0,PASS
RANDOMIZER,ENTRANCE::L406,39,39,YES,0,PASS
RANDOMIZER,ENTRANCE::L406,54,54,YES,0,PASS
RANDOMIZER,ENTRANCE::L407,58,58,YES,0,PASS
RANDOMIZER,ENTRANCE::L407,42,42,YES,0,PASS
RANDOMIZER,ENTRANCE::L408,54,54,YES,0,PASS
RANDOMIZER,ENTRANCE::L408,39,39,YES,0,PASS
RANDOMIZER,ENTRANCE::L409,42,42,YES,0,PASS
RANDOMIZER,ENTRANCE::L409,58,58,YES,0,PASS
RANDOMIZER,ENTRANCE::L488,32,32,YES,0,PASS
RANDOMIZER,ENTRANCE::L586,8,8,YES,0,PASS
RANDOMIZER,ENTRANCE::L702,59,59,YES,0,PASS
RANDOMIZER,ENTRANCE::L715,10,10,YES,0,PASS
RANDOMIZER,ENTRANCE::L718,50,50,YES,0,PASS
RANDOMIZER,ENTRANCE::L720,5,5,YES,0,PASS
RANDOMIZER,ENTRANCE::L720,10,10,YES,0,PASS
RANDOMIZER,ENTRANCE::L721,43,43,YES,0,PASS
RANDOMIZER,ENTRANCE::L725,25,25,YES,0,PASS
RANDOMIZER,ENTRANCE::L725,24,24,YES,0,PASS
RANDOMIZER,ENTRANCE::L730,17,17,YES,0,PASS
RANDOMIZER,ENTRANCE::L730,16,16,YES,0,PASS
RANDOMIZER,ENTRANCE::L732,48,48,YES,0,PASS
RANDOMIZER,ENTRANCE::L734,20,20,YES,0,PASS
RANDOMIZER,ENTRANCE::L734,19,19,YES,0,PASS
RANDOMIZER,ENTRANCE::L736,49,49,YES,0,PASS
RANDOMIZER,ENTRANCE::L739,23,23,YES,0,PASS
RANDOMIZER,ENTRANCE::L739,22,22,YES,0,PASS
RANDOMIZER,ENTRANCE::L747,16,16,YES,0,PASS
RANDOMIZER,ENTRANCE::L747,23,23,YES,0,PASS
RANDOMIZER,ENTRANCE::L758,4,4,YES,0,PASS
RANDOMIZER,ENTRANCE::L758,10,10,YES,0,PASS
RANDOMIZER,ENTRANCE::L759,28,28,YES,0,PASS
RANDOMIZER,ENTRANCE::L761,10,10,YES,0,PASS
RANDOMIZER,ENTRANCE::L768,49,49,YES,0,PASS
RANDOMIZER,ENTRANCE::L771,50,50,YES,0,PASS
RANDOMIZER,ENTRANCE::L778,7,7,YES,0,PASS
RANDOMIZER,ENTRANCE::L779,14,14,YES,0,PASS
RANDOMIZER,ENTRANCE::L780,20,20,YES,0,PASS
RANDOMIZER,ENTRANCE::L781,24,24,YES,0,PASS
RANDOMIZER,ENTRANCE::L804,22,22,YES,0,PASS
RANDOMIZER,ENTRANCE::L812,13,13,YES,0,PASS
RANDOMIZER,ENTRANCE::L812,37,37,YES,0,PASS
RANDOMIZER,ENTRANCE::L818,13,13,YES,0,PASS
RANDOMIZER,ENTRANCE::L818,37,37,YES,0,PASS
RANDOMIZER,ENTRANCE::L824,7,7,YES,0,PASS
RANDOMIZER,ENTRANCE::L824,28,28,YES,0,PASS
RANDOMIZER,ENTRANCE::L836,10,10,YES,0,PASS
RANDOMIZER,ENTRANCE::L837,10,10,YES,0,PASS
RANDOMIZER,ENTRANCE::L862,46,46,YES,0,PASS
RANDOMIZER,ENTRANCE::L865,22,22,YES,0,PASS
RANDOMIZER,ENTRANCE::L866,16,16,YES,0,PASS
RANDOMIZER,ENTRANCE::L867,19,19,YES,0,PASS
RANDOMIZER,ENTRANCE::L868,23,23,YES,0,PASS
RANDOMIZER,ENTRANCE::L869,24,24,YES,0,PASS
RANDOMIZER,LOCATION::RC_UNKNOWN_CHECK,24,24,YES,0,PASS
RANDOMIZER,LOCATION::RC_KF_KOKIRI_SWORD_CHEST,31,31,YES,0,PASS
RANDOMIZER,LOCATION::RC_KF_MIDOS_TOP_LEFT_CHEST,38,38,YES,0,PASS
RANDOMIZER,LOCATION::RC_KF_MIDOS_TOP_RIGHT_CHEST,36,36,YES,0,PASS
RANDOMIZER,LOCATION::RC_KF_MIDOS_BOTTOM_LEFT_CHEST,38,38,YES,0,PASS
RANDOMIZER,LOCATION::RC_KF_MIDOS_BOTTOM_RIGHT_CHEST,36,36,YES,0,PASS
RANDOMIZER,LOCATION::RC_KF_STORMS_GROTTO_CHEST,41,41,YES,0,PASS
RANDOMIZER,LOCATION::RC_LW_NEAR_SHORTCUTS_GROTTO_CHEST,44,44,YES,0,PASS
RANDOMIZER,LOCATION::RC_LW_SKULL_KID,19,19,YES,0,PASS
RANDOMIZER,LOCATION::RC_LW_TRADE_COJIRO,27,27,YES,0,PASS
RANDOMIZER,LOCATION::RC_LW_TRADE_ODD_POTION,35,35,YES,0,PASS
RANDOMIZER,LOCATION::RC_LW_OCARINA_MEMORY_GAME,36,36,YES,0,PASS
RANDOMIZER,LOCATION::RC_LW_TARGET_IN_WOODS,27,27,YES,0,PASS
RANDOMIZER,LOCATION::RC_LW_DEKU_SCRUB_NEAR_DEKU_THEATER_RIGHT,46,46,YES,0,PASS
RANDOMIZER,LOCATION::RC_LW_DEKU_SCRUB_NEAR_DEKU_THEATER_LEFT,48,48,YES,0,PASS
RANDOMIZER,LOCATION::RC_LW_DEKU_SCRUB_NEAR_BRIDGE,33,33,YES,0,PASS
RANDOMIZER,LOCATION::RC_LW_DEKU_SCRUB_GROTTO_REAR,37,37,YES,0,PASS
RANDOMIZER,LOCATION::RC_LW_DEKU_SCRUB_GROTTO_FRONT,39,39,YES,0,PASS
RANDOMIZER,LOCATION::RC_DEKU_THEATER_SKULL_MASK,35,35,YES,0,PASS
RANDOMIZER,LOCATION::RC_DEKU_THEATER_MASK_OF_TRUTH,36,36,YES,0,PASS
RANDOMIZER,LOCATION::RC_SFM_WOLFOS_GROTTO_CHEST,59,59,YES,0,PASS
RANDOMIZER,LOCATION::RC_SFM_DEKU_SCRUB_GROTTO_REAR,61,61,YES,0,PASS
RANDOMIZER,LOCATION::RC_SFM_DEKU_SCRUB_GROTTO_FRONT,63,63,YES,0,PASS
RANDOMIZER,LOCATION::RC_HF_SOUTHEAST_GROTTO_CHEST,46,46,YES,0,PASS
RANDOMIZER,LOCATION::RC_HF_OPEN_GROTTO_CHEST,46,46,YES,0,PASS
RANDOMIZER,LOCATION::RC_HF_NEAR_MARKET_GROTTO_CHEST,56,56,YES,0,PASS
RANDOMIZER,LOCATION::RC_HF_OCARINA_OF_TIME_ITEM,53,53,YES,0,PASS
RANDOMIZER,LOCATION::RC_HF_TEKTITE_GROTTO_FREESTANDING_POH,64,64,YES,0,PASS
RANDOMIZER,LOCATION::RC_HF_DEKU_SCRUB_GROTTO,41,41,YES,0,PASS
RANDOMIZER,LOCATION::RC_LH_CHILD_FISHING,30,30,YES,0,PASS
RANDOMIZER,LOCATION::RC_LH_ADULT_FISHING,32,32,YES,0,PASS
RANDOMIZER,LOCATION::RC_LH_HYRULE_LOACH,23,23,YES,0,PASS
RANDOMIZER,LOCATION::RC_LH_LAB_DIVE,28,28,YES,0,PASS
RANDOMIZER,LOCATION::RC_LH_TRADE_FROG,27,27,YES,0,PASS
RANDOMIZER,LOCATION::RC_LH_UNDERWATER_ITEM,29,29,YES,0,PASS
RANDOMIZER,LOCATION::RC_LH_SUN,14,14,YES,0,PASS
RANDOMIZER,LOCATION::RC_LH_FREESTANDING_POH,28,28,YES,0,PASS
RANDOMIZER,LOCATION::RC_LH_DEKU_SCRUB_GROTTO_LEFT,41,41,YES,0,PASS
RANDOMIZER,LOCATION::RC_LH_DEKU_SCRUB_GROTTO_RIGHT,39,39,YES,0,PASS
RANDOMIZER,LOCATION::RC_LH_DEKU_SCRUB_GROTTO_CENTER,38,38,YES,0,PASS
RANDOMIZER,LOCATION::RC_GV_CHEST,18,18,YES,0,PASS
RANDOMIZER,LOCATION::RC_GV_TRADE_SAW,31,31,YES,0,PASS
RANDOMIZER,LOCATION::RC_GV_WATERFALL_FREESTANDING_POH,38,38,YES,0,PASS
RANDOMIZER,LOCATION::RC_GV_CRATE_FREESTANDING_POH,36,36,YES,0,PASS
RANDOMIZER,LOCATION::RC_GV_DEKU_SCRUB_GROTTO_REAR,41,41,YES,0,PASS
RANDOMIZER,LOCATION::RC_GV_DEKU_SCRUB_GROTTO_FRONT,41,41,YES,0,PASS
RANDOMIZER,LOCATION::RC_GF_CHEST,22,22,YES,0,PASS
RANDOMIZER,LOCATION::RC_GF_HBA_1000_POINTS,52,52,YES,0,PASS
RANDOMIZER,LOCATION::RC_GF_HBA_1500_POINTS,52,52,YES,0,PASS
RANDOMIZER,LOCATION::RC_TH_FREED_CARPENTERS,41,41,YES,0,PASS
RANDOMIZER,LOCATION::RC_TH_1_TORCH_CARPENTER,41,41,YES,0,PASS
RANDOMIZER,LOCATION::RC_TH_DEAD_END_CARPENTER,50,50,YES,0,PASS
RANDOMIZER,LOCATION::RC_TH_DOUBLE_CELL_CARPENTER,42,42,YES,0,PASS
RANDOMIZER,LOCATION::RC_TH_STEEP_SLOPE_CARPENTER,49,49,YES,0,PASS
RANDOMIZER,LOCATION::RC_WASTELAND_CHEST,22,22,YES,0,PASS
RANDOMIZER,LOCATION::RC_WASTELAND_BOMBCHU_SALESMAN,33,33,YES,0,PASS
RANDOMIZER,LOCATION::RC_COLOSSUS_FREESTANDING_POH,37,37,YES,0,PASS
RANDOMIZER,LOCATION::RC_COLOSSUS_DEKU_SCRUB_GROTTO_REAR,48,48,YES,0,PASS
RANDOMIZER,LOCATION::RC_COLOSSUS_DEKU_SCRUB_GROTTO_FRONT,48,48,YES,0,PASS
RANDOMIZER,LOCATION::RC_MARKET_TREASURE_CHEST_GAME_REWARD,37,37,YES,0,PASS
RANDOMIZER,LOCATION::RC_MARKET_BOMBCHU_BOWLING_FIRST_PRIZE,37,37,YES,0,PASS
RANDOMIZER,LOCATION::RC_MARKET_BOMBCHU_BOWLING_SECOND_PRIZE,38,38,YES,0,PASS
RANDOMIZER,LOCATION::RC_MARKET_LOST_DOG,21,21,YES,0,PASS
RANDOMIZER,LOCATION::RC_MARKET_SHOOTING_GALLERY_REWARD,31,31,YES,0,PASS
RANDOMIZER,LOCATION::RC_MARKET_10_BIG_POES,22,22,YES,0,PASS
RANDOMIZER,LOCATION::RC_MARKET_TREASURE_CHEST_GAME_ITEM_1,35,35,YES,0,PASS
RANDOMIZER,LOCATION::RC_MARKET_TREASURE_CHEST_GAME_ITEM_2,35,35,YES,0,PASS
RANDOMIZER,LOCATION::RC_MARKET_TREASURE_CHEST_GAME_ITEM_3,35,35,YES,0,PASS
RANDOMIZER,LOCATION::RC_MARKET_TREASURE_CHEST_GAME_ITEM_4,35,35,YES,0,PASS
RANDOMIZER,LOCATION::RC_MARKET_TREASURE_CHEST_GAME_ITEM_5,35,35,YES,0,PASS
RANDOMIZER,LOCATION::RC_MARKET_TREASURE_CHEST_GAME_KEY_1,34,34,YES,0,PASS
RANDOMIZER,LOCATION::RC_MARKET_TREASURE_CHEST_GAME_KEY_2,34,34,YES,0,PASS
RANDOMIZER,LOCATION::RC_MARKET_TREASURE_CHEST_GAME_KEY_3,34,34,YES,0,PASS
RANDOMIZER,LOCATION::RC_MARKET_TREASURE_CHEST_GAME_KEY_4,34,34,YES,0,PASS
RANDOMIZER,LOCATION::RC_MARKET_TREASURE_CHEST_GAME_KEY_5,34,34,YES,0,PASS
RANDOMIZER,LOCATION::RC_HC_MALON_EGG,33,33,YES,0,PASS
RANDOMIZER,LOCATION::RC_HC_ZELDAS_LETTER,33,33,YES,0,PASS
RANDOMIZER,LOCATION::RC_KAK_REDEAD_GROTTO_CHEST,27,27,YES,0,PASS
RANDOMIZER,LOCATION::RC_KAK_OPEN_GROTTO_CHEST,34,34,YES,0,PASS
RANDOMIZER,LOCATION::RC_KAK_10_GOLD_SKULLTULA_REWARD,37,37,YES,0,PASS
RANDOMIZER,LOCATION::RC_KAK_20_GOLD_SKULLTULA_REWARD,37,37,YES,0,PASS
RANDOMIZER,LOCATION::RC_KAK_30_GOLD_SKULLTULA_REWARD,37,37,YES,0,PASS
RANDOMIZER,LOCATION::RC_KAK_40_GOLD_SKULLTULA_REWARD,37,37,YES,0,PASS
RANDOMIZER,LOCATION::RC_KAK_50_GOLD_SKULLTULA_REWARD,37,37,YES,0,PASS
RANDOMIZER,LOCATION::RC_KAK_100_GOLD_SKULLTULA_REWARD,38,38,YES,0,PASS
RANDOMIZER,LOCATION::RC_KAK_MAN_ON_ROOF,28,28,YES,0,PASS
RANDOMIZER,LOCATION::RC_KAK_SHOOTING_GALLERY_REWARD,41,41,YES,0,PASS
RANDOMIZER,LOCATION::RC_KAK_TRADE_ODD_MUSHROOM,30,30,YES,0,PASS
RANDOMIZER,LOCATION::RC_KAK_GRANNYS_SHOP,28,28,YES,0,PASS
RANDOMIZER,LOCATION::RC_KAK_ANJU_AS_ADULT,25,25,YES,0,PASS
RANDOMIZER,LOCATION::RC_KAK_ANJU_AS_CHILD,23,23,YES,0,PASS
RANDOMIZER,LOCATION::RC_KAK_TRADE_POCKET_CUCCO,33,33,YES,0,PASS
RANDOMIZER,LOCATION::RC_KAK_IMPAS_HOUSE_FREESTANDING_POH,37,37,YES,0,PASS
RANDOMIZER,LOCATION::RC_KAK_WINDMILL_FREESTANDING_POH,33,33,YES,0,PASS
RANDOMIZER,LOCATION::RC_GRAVEYARD_SHIELD_GRAVE_CHEST,29,29,YES,0,PASS
RANDOMIZER,LOCATION::RC_GRAVEYARD_HEART_PIECE_GRAVE_CHEST,36,36,YES,0,PASS
RANDOMIZER,LOCATION::RC_GRAVEYARD_ROYAL_FAMILYS_TOMB_CHEST,41,41,YES,0,PASS
RANDOMIZER,LOCATION::RC_GRAVEYARD_HOOKSHOT_CHEST,24,24,YES,0,PASS
RANDOMIZER,LOCATION::RC_GRAVEYARD_FREESTANDING_POH,28,28,YES,0,PASS
RANDOMIZER,LOCATION::RC_GRAVEYARD_DAMPE_RACE_FREESTANDING_POH,42,42,YES,0,PASS
RANDOMIZER,LOCATION::RC_GRAVEYARD_DAMPE_GRAVEDIGGING_TOUR,34,34,YES,0,PASS
RANDOMIZER,LOCATION::RC_DMT_CHEST,40,40,YES,0,PASS
RANDOMIZER,LOCATION::RC_DMT_STORMS_GROTTO_CHEST,69,69,YES,0,PASS
RANDOMIZER,LOCATION::RC_DMT_TRADE_BROKEN_SWORD,58,58,YES,0,PASS
RANDOMIZER,LOCATION::RC_DMT_TRADE_EYEDROPS,55,55,YES,0,PASS
RANDOMIZER,LOCATION::RC_DMT_TRADE_CLAIM_CHECK,58,58,YES,0,PASS
RANDOMIZER,LOCATION::RC_DMT_FREESTANDING_POH,52,52,YES,0,PASS
RANDOMIZER,LOCATION::RC_GC_MAZE_LEFT_CHEST,38,38,YES,0,PASS
RANDOMIZER,LOCATION::RC_GC_MAZE_RIGHT_CHEST,36,36,YES,0,PASS
RANDOMIZER,LOCATION::RC_GC_MAZE_CENTER_CHEST,35,35,YES,0,PASS
RANDOMIZER,LOCATION::RC_GC_ROLLING_GORON_AS_CHILD,34,34,YES,0,PASS
RANDOMIZER,LOCATION::RC_GC_ROLLING_GORON_AS_ADULT,36,36,YES,0,PASS
RANDOMIZER,LOCATION::RC_GC_DARUNIAS_JOY,31,31,YES,0,PASS
RANDOMIZER,LOCATION::RC_GC_POT_FREESTANDING_POH,37,37,YES,0,PASS
RANDOMIZER,LOCATION::RC_GC_DEKU_SCRUB_GROTTO_LEFT,43,43,YES,0,PASS
RANDOMIZER,LOCATION::RC_GC_DEKU_SCRUB_GROTTO_RIGHT,41,41,YES,0,PASS
RANDOMIZER,LOCATION::RC_GC_DEKU_SCRUB_GROTTO_CENTER,40,40,YES,0,PASS
RANDOMIZER,LOCATION::RC_GC_MEDIGORON,22,22,YES,0,PASS
RANDOMIZER,LOCATION::RC_DMC_UPPER_GROTTO_CHEST,54,54,YES,0,PASS
RANDOMIZER,LOCATION::RC_DMC_WALL_FREESTANDING_POH,56,56,YES,0,PASS
RANDOMIZER,LOCATION::RC_DMC_VOLCANO_FREESTANDING_POH,58,58,YES,0,PASS
RANDOMIZER,LOCATION::RC_DMC_DEKU_SCRUB,44,44,YES,0,PASS
RANDOMIZER,LOCATION::RC_DMC_DEKU_SCRUB_GROTTO_LEFT,64,64,YES,0,PASS
RANDOMIZER,LOCATION::RC_DMC_DEKU_SCRUB_GROTTO_RIGHT,62,62,YES,0,PASS
RANDOMIZER,LOCATION::RC_DMC_DEKU_SCRUB_GROTTO_CENTER,61,61,YES,0,PASS
RANDOMIZER,LOCATION::RC_ZR_OPEN_GROTTO_CHEST,41,41,YES,0,PASS
RANDOMIZER,LOCATION::RC_ZR_MAGIC_BEAN_SALESMAN,44,44,YES,0,PASS
RANDOMIZER,LOCATION::RC_ZR_FROGS_ZELDAS_LULLABY,35,35,YES,0,PASS
RANDOMIZER,LOCATION::RC_ZR_FROGS_EPONAS_SONG,38,38,YES,0,PASS
RANDOMIZER,LOCATION::RC_ZR_FROGS_SARIAS_SONG,38,38,YES,0,PASS
RANDOMIZER,LOCATION::RC_ZR_FROGS_SUNS_SONG,37,37,YES,0,PASS
RANDOMIZER,LOCATION::RC_ZR_FROGS_SONG_OF_TIME,40,40,YES,0,PASS
RANDOMIZER,LOCATION::RC_ZR_FROGS_IN_THE_RAIN,36,36,YES,0,PASS
RANDOMIZER,LOCATION::RC_ZR_FROGS_OCARINA_GAME,38,38,YES,0,PASS
RANDOMIZER,LOCATION::RC_ZR_NEAR_OPEN_GROTTO_FREESTANDING_POH,59,59,YES,0,PASS
RANDOMIZER,LOCATION::RC_ZR_NEAR_DOMAIN_FREESTANDING_POH,51,51,YES,0,PASS
RANDOMIZER,LOCATION::RC_ZR_DEKU_SCRUB_GROTTO_REAR,44,44,YES,0,PASS
RANDOMIZER,LOCATION::RC_ZR_DEKU_SCRUB_GROTTO_FRONT,44,44,YES,0,PASS
RANDOMIZER,LOCATION::RC_ZD_CHEST,25,25,YES,0,PASS
RANDOMIZER,LOCATION::RC_ZD_DIVING_MINIGAME,38,38,YES,0,PASS
RANDOMIZER,LOCATION::RC_ZD_KING_ZORA_THAWED,41,41,YES,0,PASS
RANDOMIZER,LOCATION::RC_ZD_TRADE_PRESCRIPTION,38,38,YES,0,PASS
RANDOMIZER,LOCATION::RC_ZF_ICEBERG_FREESTANDING_POH,44,44,YES,0,PASS
RANDOMIZER,LOCATION::RC_ZF_BOTTOM_FREESTANDING_POH,45,45,YES,0,PASS
RANDOMIZER,LOCATION::RC_LLR_TALONS_CHICKENS,30,30,YES,0,PASS
RANDOMIZER,LOCATION::RC_LLR_FREESTANDING_POH,32,32,YES,0,PASS
RANDOMIZER,LOCATION::RC_LLR_DEKU_SCRUB_GROTTO_LEFT,45,45,YES,0,PASS
RANDOMIZER,LOCATION::RC_LLR_DEKU_SCRUB_GROTTO_RIGHT,43,43,YES,0,PASS
RANDOMIZER,LOCATION::RC_LLR_DEKU_SCRUB_GROTTO_CENTER,42,42,YES,0,PASS
RANDOMIZER,LOCATION::RC_DEKU_TREE_MAP_CHEST,21,21,YES,0,PASS
RANDOMIZER,LOCATION::RC_DEKU_TREE_COMPASS_CHEST,24,24,YES,0,PASS
RANDOMIZER,LOCATION::RC_DEKU_TREE_COMPASS_ROOM_SIDE_CHEST,49,49,YES,0,PASS
RANDOMIZER,LOCATION::RC_DEKU_TREE_BASEMENT_CHEST,27,27,YES,0,PASS
RANDOMIZER,LOCATION::RC_DEKU_TREE_SLINGSHOT_CHEST,22,22,YES,0,PASS
RANDOMIZER,LOCATION::RC_DEKU_TREE_SLINGSHOT_ROOM_SIDE_CHEST,35,35,YES,0,PASS
RANDOMIZER,LOCATION::RC_DEKU_TREE_MQ_MAP_CHEST,24,24,YES,0,PASS
RANDOMIZER,LOCATION::RC_DEKU_TREE_MQ_COMPASS_CHEST,27,27,YES,0,PASS
RANDOMIZER,LOCATION::RC_DEKU_TREE_MQ_SLINGSHOT_CHEST,25,25,YES,0,PASS
RANDOMIZER,LOCATION::RC_DEKU_TREE_MQ_SLINGSHOT_ROOM_BACK_CHEST,36,36,YES,0,PASS
RANDOMIZER,LOCATION::RC_DEKU_TREE_MQ_BASEMENT_CHEST,30,30,YES,0,PASS
RANDOMIZER,LOCATION::RC_DEKU_TREE_MQ_BEFORE_SPINNING_LOG_CHEST,45,45,YES,0,PASS
RANDOMIZER,LOCATION::RC_DEKU_TREE_MQ_AFTER_SPINNING_LOG_CHEST,47,47,YES,0,PASS
RANDOMIZER,LOCATION::RC_DEKU_TREE_MQ_DEKU_SCRUB,24,24,YES,0,PASS
RANDOMIZER,LOCATION::RC_DODONGOS_CAVERN_BOSS_ROOM_CHEST,48,48,YES,0,PASS
RANDOMIZER,LOCATION::RC_DODONGOS_CAVERN_MAP_CHEST,33,33,YES,0,PASS
RANDOMIZER,LOCATION::RC_DODONGOS_CAVERN_COMPASS_CHEST,36,36,YES,0,PASS
RANDOMIZER,LOCATION::RC_DODONGOS_CAVERN_BOMB_FLOWER_PLATFORM_CHEST,62,62,YES,0,PASS
RANDOMIZER,LOCATION::RC_DODONGOS_CAVERN_BOMB_BAG_CHEST,50,50,YES,0,PASS
RANDOMIZER,LOCATION::RC_DODONGOS_CAVERN_END_OF_BRIDGE_CHEST,42,42,YES,0,PASS
RANDOMIZER,LOCATION::RC_DODONGOS_CAVERN_DEKU_SCRUB_NEAR_BOMB_BAG_LEFT,71,71,YES,0,PASS
RANDOMIZER,LOCATION::RC_DODONGOS_CAVERN_DEKU_SCRUB_SIDE_ROOM_NEAR_DODONGOS,64,64,YES,0,PASS
RANDOMIZER,LOCATION::RC_DODONGOS_CAVERN_DEKU_SCRUB_NEAR_BOMB_BAG_RIGHT,69,69,YES,0,PASS
RANDOMIZER,LOCATION::RC_DODONGOS_CAVERN_DEKU_SCRUB_LOBBY,52,52,YES,0,PASS
RANDOMIZER,LOCATION::RC_DODONGOS_CAVERN_MQ_MAP_CHEST,36,36,YES,0,PASS
RANDOMIZER,LOCATION::RC_DODONGOS_CAVERN_MQ_BOMB_BAG_CHEST,53,53,YES,0,PASS
RANDOMIZER,LOCATION::RC_DODONGOS_CAVERN_MQ_COMPASS_CHEST,39,39,YES,0,PASS
RANDOMIZER,LOCATION::RC_DODONGOS_CAVERN_MQ_LARVAE_ROOM_CHEST,52,52,YES,0,PASS
RANDOMIZER,LOCATION::RC_DODONGOS_CAVERN_MQ_TORCH_PUZZLE_ROOM_CHEST,72,72,YES,0,PASS
RANDOMIZER,LOCATION::RC_DODONGOS_CAVERN_MQ_UNDER_GRAVE_CHEST,45,45,YES,0,PASS
RANDOMIZER,LOCATION::RC_DODONGOS_CAVERN_MQ_DEKU_SCRUB_LOBBY_REAR,63,63,YES,0,PASS
RANDOMIZER,LOCATION::RC_DODONGOS_CAVERN_MQ_DEKU_SCRUB_LOBBY_FRONT,63,63,YES,0,PASS
RANDOMIZER,LOCATION::RC_DODONGOS_CAVERN_MQ_DEKU_SCRUB_STAIRCASE,49,49,YES,0,PASS
RANDOMIZER,LOCATION::RC_DODONGOS_CAVERN_MQ_DEKU_SCRUB_SIDE_ROOM_NEAR_LOWER_LIZALFOS,77,77,YES,0,PASS
RANDOMIZER,LOCATION::RC_JABU_JABUS_BELLY_MAP_CHEST,31,31,YES,0,PASS
RANDOMIZER,LOCATION::RC_JABU_JABUS_BELLY_COMPASS_CHEST,34,34,YES,0,PASS
RANDOMIZER,LOCATION::RC_JABU_JABUS_BELLY_BOOMERANG_CHEST,38,38,YES,0,PASS
RANDOMIZER,LOCATION::RC_JABU_JABUS_BELLY_DEKU_SCRUB,31,31,YES,0,PASS
RANDOMIZER,LOCATION::RC_JABU_JABUS_BELLY_MQ_FIRST_ROOM_SIDE_CHEST,56,56,YES,0,PASS
RANDOMIZER,LOCATION::RC_JABU_JABUS_BELLY_MQ_MAP_CHEST,34,34,YES,0,PASS
RANDOMIZER,LOCATION::RC_JABU_JABUS_BELLY_MQ_SECOND_ROOM_LOWER_CHEST,57,57,YES,0,PASS
RANDOMIZER,LOCATION::RC_JABU_JABUS_BELLY_MQ_COMPASS_CHEST,37,37,YES,0,PASS
RANDOMIZER,LOCATION::RC_JABU_JABUS_BELLY_MQ_SECOND_ROOM_UPPER_CHEST,57,57,YES,0,PASS
RANDOMIZER,LOCATION::RC_JABU_JABUS_BELLY_MQ_BASEMENT_NEAR_SWITCHES_CHEST,54,54,YES,0,PASS
RANDOMIZER,LOCATION::RC_JABU_JABUS_BELLY_MQ_BASEMENT_NEAR_VINES_CHEST,57,57,YES,0,PASS
RANDOMIZER,LOCATION::RC_JABU_JABUS_BELLY_MQ_NEAR_BOSS_CHEST,44,44,YES,0,PASS
RANDOMIZER,LOCATION::RC_JABU_JABUS_BELLY_MQ_FALLING_LIKE_LIKE_ROOM_CHEST,50,50,YES,0,PASS
RANDOMIZER,LOCATION::RC_JABU_JABUS_BELLY_MQ_BOOMERANG_ROOM_SMALL_CHEST,60,60,YES,0,PASS
RANDOMIZER,LOCATION::RC_JABU_JABUS_BELLY_MQ_BOOMERANG_CHEST,41,41,YES,0,PASS
RANDOMIZER,LOCATION::RC_FOREST_TEMPLE_FIRST_ROOM_CHEST,42,42,YES,0,PASS
RANDOMIZER,LOCATION::RC_FOREST_TEMPLE_FIRST_STALFOS_CHEST,42,42,YES,0,PASS
RANDOMIZER,LOCATION::RC_FOREST_TEMPLE_RAISED_ISLAND_COURTYARD_CHEST,52,52,YES,0,PASS
RANDOMIZER,LOCATION::RC_FOREST_TEMPLE_MAP_CHEST,28,28,YES,0,PASS
RANDOMIZER,LOCATION::RC_FOREST_TEMPLE_WELL_CHEST,28,28,YES,0,PASS
RANDOMIZER,LOCATION::RC_FOREST_TEMPLE_FALLING_CEILING_ROOM_CHEST,50,50,YES,0,PASS
RANDOMIZER,LOCATION::RC_FOREST_TEMPLE_EYE_SWITCH_CHEST,46,46,YES,0,PASS
RANDOMIZER,LOCATION::RC_FOREST_TEMPLE_BOSS_KEY_CHEST,40,40,YES,0,PASS
RANDOMIZER,LOCATION::RC_FOREST_TEMPLE_FLOORMASTER_CHEST,45,45,YES,0,PASS
RANDOMIZER,LOCATION::RC_FOREST_TEMPLE_BOW_CHEST,28,28,YES,0,PASS
RANDOMIZER,LOCATION::RC_FOREST_TEMPLE_RED_POE_CHEST,36,36,YES,0,PASS
RANDOMIZER,LOCATION::RC_FOREST_TEMPLE_BLUE_POE_CHEST,36,36,YES,0,PASS
RANDOMIZER,LOCATION::RC_FOREST_TEMPLE_BASEMENT_CHEST,34,34,YES,0,PASS
RANDOMIZER,LOCATION::RC_FOREST_TEMPLE_MQ_FIRST_ROOM_CHEST,45,45,YES,0,PASS
RANDOMIZER,LOCATION::RC_FOREST_TEMPLE_MQ_WOLFOS_CHEST,33,33,YES,0,PASS
RANDOMIZER,LOCATION::RC_FOREST_TEMPLE_MQ_BOW_CHEST,31,31,YES,0,PASS
RANDOMIZER,LOCATION::RC_FOREST_TEMPLE_MQ_RAISED_ISLAND_COURTYARD_LOWER_CHEST,64,64,YES,0,PASS
RANDOMIZER,LOCATION::RC_FOREST_TEMPLE_MQ_RAISED_ISLAND_COURTYARD_UPPER_CHEST,64,64,YES,0,PASS
RANDOMIZER,LOCATION::RC_FOREST_TEMPLE_MQ_WELL_CHEST,31,31,YES,0,PASS
RANDOMIZER,LOCATION::RC_FOREST_TEMPLE_MQ_MAP_CHEST,31,31,YES,0,PASS
RANDOMIZER,LOCATION::RC_FOREST_TEMPLE_MQ_COMPASS_CHEST,34,34,YES,0,PASS
RANDOMIZER,LOCATION::RC_FOREST_TEMPLE_MQ_FALLING_CEILING_ROOM_CHEST,53,53,YES,0,PASS
RANDOMIZER,LOCATION::RC_FOREST_TEMPLE_MQ_BASEMENT_CHEST,37,37,YES,0,PASS
RANDOMIZER,LOCATION::RC_FOREST_TEMPLE_MQ_REDEAD_CHEST,33,33,YES,0,PASS
RANDOMIZER,LOCATION::RC_FOREST_TEMPLE_MQ_BOSS_KEY_CHEST,43,43,YES,0,PASS
RANDOMIZER,LOCATION::RC_FIRE_TEMPLE_NEAR_BOSS_CHEST,37,37,YES,0,PASS
RANDOMIZER,LOCATION::RC_FIRE_TEMPLE_FLARE_DANCER_CHEST,41,41,YES,0,PASS
RANDOMIZER,LOCATION::RC_FIRE_TEMPLE_BOSS_KEY_CHEST,39,39,YES,0,PASS
RANDOMIZER,LOCATION::RC_FIRE_TEMPLE_BIG_LAVA_ROOM_BLOCKED_DOOR_CHEST,56,56,YES,0,PASS
RANDOMIZER,LOCATION::RC_FIRE_TEMPLE_BIG_LAVA_ROOM_LOWER_OPEN_DOOR_CHEST,63,63,YES,0,PASS
RANDOMIZER,LOCATION::RC_FIRE_TEMPLE_BOULDER_MAZE_LOWER_CHEST,54,54,YES,0,PASS
RANDOMIZER,LOCATION::RC_FIRE_TEMPLE_BOULDER_MAZE_UPPER_CHEST,54,54,YES,0,PASS
RANDOMIZER,LOCATION::RC_FIRE_TEMPLE_BOULDER_MAZE_SIDE_ROOM_CHEST,64,64,YES,0,PASS
RANDOMIZER,LOCATION::RC_FIRE_TEMPLE_BOULDER_MAZE_SHORTCUT_CHEST,55,55,YES,0,PASS
RANDOMIZER,LOCATION::RC_FIRE_TEMPLE_SCARECROW_CHEST,41,41,YES,0,PASS
RANDOMIZER,LOCATION::RC_FIRE_TEMPLE_MAP_CHEST,27,27,YES,0,PASS
RANDOMIZER,LOCATION::RC_FIRE_TEMPLE_COMPASS_CHEST,30,30,YES,0,PASS
RANDOMIZER,LOCATION::RC_FIRE_TEMPLE_HIGHEST_GORON_CHEST,41,41,YES,0,PASS
RANDOMIZER,LOCATION::RC_FIRE_TEMPLE_MEGATON_HAMMER_CHEST,43,43,YES,0,PASS
RANDOMIZER,LOCATION::RC_FIRE_TEMPLE_MQ_NEAR_BOSS_CHEST,40,40,YES,0,PASS
RANDOMIZER,LOCATION::RC_FIRE_TEMPLE_MQ_MEGATON_HAMMER_CHEST,46,46,YES,0,PASS
RANDOMIZER,LOCATION::RC_FIRE_TEMPLE_MQ_COMPASS_CHEST,33,33,YES,0,PASS
RANDOMIZER,LOCATION::RC_FIRE_TEMPLE_MQ_LIZALFOS_MAZE_LOWER_CHEST,60,60,YES,0,PASS
RANDOMIZER,LOCATION::RC_FIRE_TEMPLE_MQ_LIZALFOS_MAZE_UPPER_CHEST,60,60,YES,0,PASS
RANDOMIZER,LOCATION::RC_FIRE_TEMPLE_MQ_CHEST_ON_FIRE,35,35,YES,0,PASS
RANDOMIZER,LOCATION::RC_FIRE_TEMPLE_MQ_MAP_ROOM_SIDE_CHEST,53,53,YES,0,PASS
RANDOMIZER,LOCATION::RC_FIRE_TEMPLE_MQ_MAP_CHEST,30,30,YES,0,PASS
RANDOMIZER,LOCATION::RC_FIRE_TEMPLE_MQ_BOSS_KEY_CHEST,42,42,YES,0,PASS
RANDOMIZER,LOCATION::RC_FIRE_TEMPLE_MQ_BIG_LAVA_ROOM_BLOCKED_DOOR_CHEST,59,59,YES,0,PASS
RANDOMIZER,LOCATION::RC_FIRE_TEMPLE_MQ_LIZALFOS_MAZE_SIDE_ROOM_CHEST,70,70,YES,0,PASS
RANDOMIZER,LOCATION::RC_FIRE_TEMPLE_MQ_FREESTANDING_KEY,39,39,YES,0,PASS
RANDOMIZER,LOCATION::RC_WATER_TEMPLE_MAP_CHEST,26,26,YES,0,PASS
RANDOMIZER,LOCATION::RC_WATER_TEMPLE_COMPASS_CHEST,29,29,YES,0,PASS
RANDOMIZER,LOCATION::RC_WATER_TEMPLE_TORCHES_CHEST,38,38,YES,0,PASS
RANDOMIZER,LOCATION::RC_WATER_TEMPLE_DRAGON_CHEST,32,32,YES,0,PASS
RANDOMIZER,LOCATION::RC_WATER_TEMPLE_CENTRAL_BOW_TARGET_CHEST,48,48,YES,0,PASS
RANDOMIZER,LOCATION::RC_WATER_TEMPLE_CENTRAL_PILLAR_CHEST,39,39,YES,0,PASS
RANDOMIZER,LOCATION::RC_WATER_TEMPLE_CRACKED_WALL_CHEST,40,40,YES,0,PASS
RANDOMIZER,LOCATION::RC_WATER_TEMPLE_BOSS_KEY_CHEST,38,38,YES,0,PASS
RANDOMIZER,LOCATION::RC_WATER_TEMPLE_LONGSHOT_CHEST,39,39,YES,0,PASS
RANDOMIZER,LOCATION::RC_WATER_TEMPLE_RIVER_CHEST,29,29,YES,0,PASS
RANDOMIZER,LOCATION::RC_WATER_TEMPLE_MQ_CENTRAL_PILLAR_CHEST,42,42,YES,0,PASS
RANDOMIZER,LOCATION::RC_WATER_TEMPLE_MQ_BOSS_KEY_CHEST,41,41,YES,0,PASS
RANDOMIZER,LOCATION::RC_WATER_TEMPLE_MQ_LONGSHOT_CHEST,42,42,YES,0,PASS
RANDOMIZER,LOCATION::RC_WATER_TEMPLE_MQ_COMPASS_CHEST,32,32,YES,0,PASS
RANDOMIZER,LOCATION::RC_WATER_TEMPLE_MQ_MAP_CHEST,29,29,YES,0,PASS
RANDOMIZER,LOCATION::RC_WATER_TEMPLE_MQ_FREESTANDING_KEY,38,38,YES,0,PASS
RANDOMIZER,LOCATION::RC_SPIRIT_TEMPLE_SILVER_GAUNTLETS_CHEST,49,49,YES,0,PASS
RANDOMIZER,LOCATION::RC_SPIRIT_TEMPLE_MIRROR_SHIELD_CHEST,43,43,YES,0,PASS
RANDOMIZER,LOCATION::RC_SPIRIT_TEMPLE_CHILD_BRIDGE_CHEST,45,45,YES,0,PASS
RANDOMIZER,LOCATION::RC_SPIRIT_TEMPLE_CHILD_EARLY_TORCHES_CHEST,61,61,YES,0,PASS
RANDOMIZER,LOCATION::RC_SPIRIT_TEMPLE_COMPASS_CHEST,33,33,YES,0,PASS
RANDOMIZER,LOCATION::RC_SPIRIT_TEMPLE_EARLY_ADULT_RIGHT_CHEST,52,52,YES,0,PASS
RANDOMIZER,LOCATION::RC_SPIRIT_TEMPLE_FIRST_MIRROR_LEFT_CHEST,53,53,YES,0,PASS
RANDOMIZER,LOCATION::RC_SPIRIT_TEMPLE_FIRST_MIRROR_RIGHT_CHEST,51,51,YES,0,PASS
RANDOMIZER,LOCATION::RC_SPIRIT_TEMPLE_MAP_CHEST,30,30,YES,0,PASS
RANDOMIZER,LOCATION::RC_SPIRIT_TEMPLE_CHILD_CLIMB_NORTH_CHEST,52,52,YES,0,PASS
RANDOMIZER,LOCATION::RC_SPIRIT_TEMPLE_CHILD_CLIMB_EAST_CHEST,51,51,YES,0,PASS
RANDOMIZER,LOCATION::RC_SPIRIT_TEMPLE_SUN_BLOCK_ROOM_CHEST,54,54,YES,0,PASS
RANDOMIZER,LOCATION::RC_SPIRIT_TEMPLE_STATUE_ROOM_HAND_CHEST,61,61,YES,0,PASS
RANDOMIZER,LOCATION::RC_SPIRIT_TEMPLE_STATUE_ROOM_NORTHEAST_CHEST,58,58,YES,0,PASS
RANDOMIZER,LOCATION::RC_SPIRIT_TEMPLE_NEAR_FOUR_ARMOS_CHEST,51,51,YES,0,PASS
RANDOMIZER,LOCATION::RC_SPIRIT_TEMPLE_HALLWAY_RIGHT_INVISIBLE_CHEST,55,55,YES,0,PASS
RANDOMIZER,LOCATION::RC_SPIRIT_TEMPLE_HALLWAY_LEFT_INVISIBLE_CHEST,57,57,YES,0,PASS
RANDOMIZER,LOCATION::RC_SPIRIT_TEMPLE_BOSS_KEY_CHEST,42,42,YES,0,PASS
RANDOMIZER,LOCATION::RC_SPIRIT_TEMPLE_TOPMOST_CHEST,34,34,YES,0,PASS
RANDOMIZER,LOCATION::RC_SPIRIT_TEMPLE_MQ_ENTRANCE_FRONT_LEFT_CHEST,54,54,YES,0,PASS
RANDOMIZER,LOCATION::RC_SPIRIT_TEMPLE_MQ_ENTRANCE_BACK_RIGHT_CHEST,51,51,YES,0,PASS
RANDOMIZER,LOCATION::RC_SPIRIT_TEMPLE_MQ_ENTRANCE_FRONT_RIGHT_CHEST,52,52,YES,0,PASS
RANDOMIZER,LOCATION::RC_SPIRIT_TEMPLE_MQ_ENTRANCE_BACK_LEFT_CHEST,53,53,YES,0,PASS
RANDOMIZER,LOCATION::RC_SPIRIT_TEMPLE_MQ_CHILD_HAMMER_SWITCH_CHEST,66,66,YES,0,PASS
RANDOMIZER,LOCATION::RC_SPIRIT_TEMPLE_MQ_MAP_CHEST,33,33,YES,0,PASS
RANDOMIZER,LOCATION::RC_SPIRIT_TEMPLE_MQ_MAP_ROOM_ENEMY_CHEST,60,60,YES,0,PASS
RANDOMIZER,LOCATION::RC_SPIRIT_TEMPLE_MQ_CHILD_CLIMB_NORTH_CHEST,55,55,YES,0,PASS
RANDOMIZER,LOCATION::RC_SPIRIT_TEMPLE_MQ_CHILD_CLIMB_SOUTH_CHEST,53,53,YES,0,PASS
RANDOMIZER,LOCATION::RC_SPIRIT_TEMPLE_MQ_COMPASS_CHEST,36,36,YES,0,PASS
RANDOMIZER,LOCATION::RC_SPIRIT_TEMPLE_MQ_STATUE_ROOM_LULLABY_CHEST,64,64,YES,0,PASS
RANDOMIZER,LOCATION::RC_SPIRIT_TEMPLE_MQ_STATUE_ROOM_INVISIBLE_CHEST,63,63,YES,0,PASS
RANDOMIZER,LOCATION::RC_SPIRIT_TEMPLE_MQ_SILVER_BLOCK_HALLWAY_CHEST,60,60,YES,0,PASS
RANDOMIZER,LOCATION::RC_SPIRIT_TEMPLE_MQ_SUN_BLOCK_ROOM_CHEST,57,57,YES,0,PASS
RANDOMIZER,LOCATION::RC_SPIRIT_TEMPLE_MQ_SYMPHONY_ROOM_CHEST,54,54,YES,0,PASS
RANDOMIZER,LOCATION::RC_SPIRIT_TEMPLE_MQ_LEEVER_ROOM_CHEST,50,50,YES,0,PASS
RANDOMIZER,LOCATION::RC_SPIRIT_TEMPLE_MQ_BEAMOS_ROOM_CHEST,50,50,YES,0,PASS
RANDOMIZER,LOCATION::RC_SPIRIT_TEMPLE_MQ_CHEST_SWITCH_CHEST,54,54,YES,0,PASS
RANDOMIZER,LOCATION::RC_SPIRIT_TEMPLE_MQ_BOSS_KEY_CHEST,45,45,YES,0,PASS
RANDOMIZER,LOCATION::RC_SPIRIT_TEMPLE_MQ_MIRROR_PUZZLE_INVISIBLE_CHEST,66,66,YES,0,PASS
RANDOMIZER,LOCATION::RC_SHADOW_TEMPLE_MAP_CHEST,30,30,YES,0,PASS
RANDOMIZER,LOCATION::RC_SHADOW_TEMPLE_HOVER_BOOTS_CHEST,48,48,YES,0,PASS
RANDOMIZER,LOCATION::RC_SHADOW_TEMPLE_COMPASS_CHEST,33,33,YES,0,PASS
RANDOMIZER,LOCATION::RC_SHADOW_TEMPLE_EARLY_SILVER_RUPEE_CHEST,55,55,YES,0,PASS
RANDOMIZER,LOCATION::RC_SHADOW_TEMPLE_INVISIBLE_BLADES_VISIBLE_CHEST,57,57,YES,0,PASS
RANDOMIZER,LOCATION::RC_SHADOW_TEMPLE_INVISIBLE_BLADES_INVISIBLE_CHEST,59,59,YES,0,PASS
RANDOMIZER,LOCATION::RC_SHADOW_TEMPLE_FALLING_SPIKES_LOWER_CHEST,46,46,YES,0,PASS
RANDOMIZER,LOCATION::RC_SHADOW_TEMPLE_FALLING_SPIKES_UPPER_CHEST,46,46,YES,0,PASS
RANDOMIZER,LOCATION::RC_SHADOW_TEMPLE_FALLING_SPIKES_SWITCH_CHEST,60,60,YES,0,PASS
RANDOMIZER,LOCATION::RC_SHADOW_TEMPLE_INVISIBLE_SPIKES_CHEST,48,48,YES,0,PASS
RANDOMIZER,LOCATION::RC_SHADOW_TEMPLE_WIND_HINT_CHEST,47,47,YES,0,PASS
RANDOMIZER,LOCATION::RC_SHADOW_TEMPLE_AFTER_WIND_ENEMY_CHEST,56,56,YES,0,PASS
RANDOMIZER,LOCATION::RC_SHADOW_TEMPLE_AFTER_WIND_HIDDEN_CHEST,51,51,YES,0,PASS
RANDOMIZER,LOCATION::RC_SHADOW_TEMPLE_SPIKE_WALLS_LEFT_CHEST,56,56,YES,0,PASS
RANDOMIZER,LOCATION::RC_SHADOW_TEMPLE_BOSS_KEY_CHEST,42,42,YES,0,PASS
RANDOMIZER,LOCATION::RC_SHADOW_TEMPLE_INVISIBLE_FLOORMASTER_CHEST,57,57,YES,0,PASS
RANDOMIZER,LOCATION::RC_SHADOW_TEMPLE_FREESTANDING_KEY,39,39,YES,0,PASS
RANDOMIZER,LOCATION::RC_SHADOW_TEMPLE_MQ_COMPASS_CHEST,36,36,YES,0,PASS
RANDOMIZER,LOCATION::RC_SHADOW_TEMPLE_MQ_HOVER_BOOTS_CHEST,51,51,YES,0,PASS
RANDOMIZER,LOCATION::RC_SHADOW_TEMPLE_MQ_EARLY_GIBDOS_CHEST,52,52,YES,0,PASS
RANDOMIZER,LOCATION::RC_SHADOW_TEMPLE_MQ_MAP_CHEST,33,33,YES,0,PASS
RANDOMIZER,LOCATION::RC_SHADOW_TEMPLE_MQ_BEAMOS_SILVER_RUPEES_CHEST,51,51,YES,0,PASS
RANDOMIZER,LOCATION::RC_SHADOW_TEMPLE_MQ_FALLING_SPIKES_SWITCH_CHEST,63,63,YES,0,PASS
RANDOMIZER,LOCATION::RC_SHADOW_TEMPLE_MQ_FALLING_SPIKES_LOWER_CHEST,49,49,YES,0,PASS
RANDOMIZER,LOCATION::RC_SHADOW_TEMPLE_MQ_FALLING_SPIKES_UPPER_CHEST,49,49,YES,0,PASS
RANDOMIZER,LOCATION::RC_SHADOW_TEMPLE_MQ_INVISIBLE_SPIKES_CHEST,51,51,YES,0,PASS
RANDOMIZER,LOCATION::RC_SHADOW_TEMPLE_MQ_BOSS_KEY_CHEST,45,45,YES,0,PASS
RANDOMIZER,LOCATION::RC_SHADOW_TEMPLE_MQ_SPIKE_WALLS_LEFT_CHEST,59,59,YES,0,PASS
RANDOMIZER,LOCATION::RC_SHADOW_TEMPLE_MQ_STALFOS_ROOM_CHEST,41,41,YES,0,PASS
RANDOMIZER,LOCATION::RC_SHADOW_TEMPLE_MQ_INVISIBLE_BLADES_INVISIBLE_CHEST,62,62,YES,0,PASS
RANDOMIZER,LOCATION::RC_SHADOW_TEMPLE_MQ_INVISIBLE_BLADES_VISIBLE_CHEST,60,60,YES,0,PASS
RANDOMIZER,LOCATION::RC_SHADOW_TEMPLE_MQ_BOMB_FLOWER_CHEST,48,48,YES,0,PASS
RANDOMIZER,LOCATION::RC_SHADOW_TEMPLE_MQ_WIND_HINT_CHEST,50,50,YES,0,PASS
RANDOMIZER,LOCATION::RC_SHADOW_TEMPLE_MQ_AFTER_WIND_HIDDEN_CHEST,54,54,YES,0,PASS
RANDOMIZER,LOCATION::RC_SHADOW_TEMPLE_MQ_AFTER_WIND_ENEMY_CHEST,59,59,YES,0,PASS
RANDOMIZER,LOCATION::RC_SHADOW_TEMPLE_MQ_NEAR_SHIP_INVISIBLE_CHEST,54,54,YES,0,PASS
RANDOMIZER,LOCATION::RC_SHADOW_TEMPLE_MQ_FREESTANDING_KEY,42,42,YES,0,PASS
RANDOMIZER,LOCATION::RC_BOTTOM_OF_THE_WELL_FRONT_LEFT_FAKE_WALL_CHEST,52,52,YES,0,PASS
RANDOMIZER,LOCATION::RC_BOTTOM_OF_THE_WELL_FRONT_CENTER_BOMBABLE_CHEST,58,58,YES,0,PASS
RANDOMIZER,LOCATION::RC_BOTTOM_OF_THE_WELL_RIGHT_BOTTOM_FAKE_WALL_CHEST,52,52,YES,0,PASS
RANDOMIZER,LOCATION::RC_BOTTOM_OF_THE_WELL_COMPASS_CHEST,28,28,YES,0,PASS
RANDOMIZER,LOCATION::RC_BOTTOM_OF_THE_WELL_CENTER_SKULLTULA_CHEST,37,37,YES,0,PASS
RANDOMIZER,LOCATION::RC_BOTTOM_OF_THE_WELL_BACK_LEFT_BOMBABLE_CHEST,60,60,YES,0,PASS
RANDOMIZER,LOCATION::RC_BOTTOM_OF_THE_WELL_LENS_OF_TRUTH_CHEST,45,45,YES,0,PASS
RANDOMIZER,LOCATION::RC_BOTTOM_OF_THE_WELL_INVISIBLE_CHEST,30,30,YES,0,PASS
RANDOMIZER,LOCATION::RC_BOTTOM_OF_THE_WELL_UNDERWATER_FRONT_CHEST,39,39,YES,0,PASS
RANDOMIZER,LOCATION::RC_BOTTOM_OF_THE_WELL_UNDERWATER_LEFT_CHEST,42,42,YES,0,PASS
RANDOMIZER,LOCATION::RC_BOTTOM_OF_THE_WELL_MAP_CHEST,25,25,YES,0,PASS
RANDOMIZER,LOCATION::RC_BOTTOM_OF_THE_WELL_FIRE_KEESE_CHEST,39,39,YES,0,PASS
RANDOMIZER,LOCATION::RC_BOTTOM_OF_THE_WELL_LIKE_LIKE_CHEST,34,34,YES,0,PASS
RANDOMIZER,LOCATION::RC_BOTTOM_OF_THE_WELL_FREESTANDING_KEY,34,34,YES,0,PASS
RANDOMIZER,LOCATION::RC_BOTTOM_OF_THE_WELL_MQ_MAP_CHEST,28,28,YES,0,PASS
RANDOMIZER,LOCATION::RC_BOTTOM_OF_THE_WELL_MQ_LENS_OF_TRUTH_CHEST,48,48,YES,0,PASS
RANDOMIZER,LOCATION::RC_BOTTOM_OF_THE_WELL_MQ_COMPASS_CHEST,31,31,YES,0,PASS
RANDOMIZER,LOCATION::RC_BOTTOM_OF_THE_WELL_MQ_DEAD_HAND_FREESTANDING_KEY,49,49,YES,0,PASS
RANDOMIZER,LOCATION::RC_BOTTOM_OF_THE_WELL_MQ_EAST_INNER_ROOM_FREESTANDING_KEY,56,56,YES,0,PASS
RANDOMIZER,LOCATION::RC_ICE_CAVERN_MAP_CHEST,27,27,YES,0,PASS
RANDOMIZER,LOCATION::RC_ICE_CAVERN_COMPASS_CHEST,30,30,YES,0,PASS
RANDOMIZER,LOCATION::RC_ICE_CAVERN_IRON_BOOTS_CHEST,45,45,YES,0,PASS
RANDOMIZER,LOCATION::RC_ICE_CAVERN_FREESTANDING_POH,34,34,YES,0,PASS
RANDOMIZER,LOCATION::RC_ICE_CAVERN_MQ_IRON_BOOTS_CHEST,48,48,YES,0,PASS
RANDOMIZER,LOCATION::RC_ICE_CAVERN_MQ_COMPASS_CHEST,33,33,YES,0,PASS
RANDOMIZER,LOCATION::RC_ICE_CAVERN_MQ_MAP_CHEST,30,30,YES,0,PASS
RANDOMIZER,LOCATION::RC_ICE_CAVERN_MQ_FREESTANDING_POH,37,37,YES,0,PASS
RANDOMIZER,LOCATION::RC_GERUDO_TRAINING_GROUND_LOBBY_LEFT_CHEST,66,66,YES,0,PASS
RANDOMIZER,LOCATION::RC_GERUDO_TRAINING_GROUND_LOBBY_RIGHT_CHEST,64,64,YES,0,PASS
RANDOMIZER,LOCATION::RC_GERUDO_TRAINING_GROUND_STALFOS_CHEST,43,43,YES,0,PASS
RANDOMIZER,LOCATION::RC_GERUDO_TRAINING_GROUND_BEAMOS_CHEST,42,42,YES,0,PASS
RANDOMIZER,LOCATION::RC_GERUDO_TRAINING_GROUND_HIDDEN_CEILING_CHEST,52,52,YES,0,PASS
RANDOMIZER,LOCATION::RC_GERUDO_TRAINING_GROUND_MAZE_PATH_FIRST_CHEST,67,67,YES,0,PASS
RANDOMIZER,LOCATION::RC_GERUDO_TRAINING_GROUND_MAZE_PATH_SECOND_CHEST,68,68,YES,0,PASS
RANDOMIZER,LOCATION::RC_GERUDO_TRAINING_GROUND_MAZE_PATH_THIRD_CHEST,67,67,YES,0,PASS
RANDOMIZER,LOCATION::RC_GERUDO_TRAINING_GROUND_MAZE_PATH_FINAL_CHEST,66,66,YES,0,PASS
RANDOMIZER,LOCATION::RC_GERUDO_TRAINING_GROUND_MAZE_RIGHT_CENTRAL_CHEST,65,65,YES,0,PASS
RANDOMIZER,LOCATION::RC_GERUDO_TRAINING_GROUND_MAZE_RIGHT_SIDE_CHEST,62,62,YES,0,PASS
RANDOMIZER,LOCATION::RC_GERUDO_TRAINING_GROUND_UNDERWATER_SILVER_RUPEE_CHEST,62,62,YES,0,PASS
RANDOMIZER,LOCATION::RC_GERUDO_TRAINING_GROUND_HAMMER_ROOM_CLEAR_CHEST,66,66,YES,0,PASS
RANDOMIZER,LOCATION::RC_GERUDO_TRAINING_GROUND_HAMMER_ROOM_SWITCH_CHEST,75,75,YES,0,PASS
RANDOMIZER,LOCATION::RC_GERUDO_TRAINING_GROUND_EYE_STATUE_CHEST,56,56,YES,0,PASS
RANDOMIZER,LOCATION::RC_GERUDO_TRAINING_GROUND_NEAR_SCARECROW_CHEST,60,60,YES,0,PASS
RANDOMIZER,LOCATION::RC_GERUDO_TRAINING_GROUND_BEFORE_HEAVY_BLOCK_CHEST,59,59,YES,0,PASS
RANDOMIZER,LOCATION::RC_GERUDO_TRAINING_GROUND_HEAVY_BLOCK_FIRST_CHEST,60,60,YES,0,PASS
RANDOMIZER,LOCATION::RC_GERUDO_TRAINING_GROUND_HEAVY_BLOCK_SECOND_CHEST,61,61,YES,0,PASS
RANDOMIZER,LOCATION::RC_GERUDO_TRAINING_GROUND_HEAVY_BLOCK_THIRD_CHEST,60,60,YES,0,PASS
RANDOMIZER,LOCATION::RC_GERUDO_TRAINING_GROUND_HEAVY_BLOCK_FOURTH_CHEST,60,60,YES,0,PASS
RANDOMIZER,LOCATION::RC_GERUDO_TRAINING_GROUND_FREESTANDING_KEY,49,49,YES,0,PASS
RANDOMIZER,LOCATION::RC_GERUDO_TRAINING_GROUND_MQ_LOBBY_RIGHT_CHEST,67,67,YES,0,PASS
RANDOMIZER,LOCATION::RC_GERUDO_TRAINING_GROUND_MQ_LOBBY_LEFT_CHEST,69,69,YES,0,PASS
RANDOMIZER,LOCATION::RC_GERUDO_TRAINING_GROUND_MQ_FIRST_IRON_KNUCKLE_CHEST,58,58,YES,0,PASS
RANDOMIZER,LOCATION::RC_GERUDO_TRAINING_GROUND_MQ_BEFORE_HEAVY_BLOCK_CHEST,62,62,YES,0,PASS
RANDOMIZER,LOCATION::RC_GERUDO_TRAINING_GROUND_MQ_EYE_STATUE_CHEST,59,59,YES,0,PASS
RANDOMIZER,LOCATION::RC_GERUDO_TRAINING_GROUND_MQ_FLAME_CIRCLE_CHEST,51,51,YES,0,PASS
RANDOMIZER,LOCATION::RC_GERUDO_TRAINING_GROUND_MQ_SECOND_IRON_KNUCKLE_CHEST,59,59,YES,0,PASS
RANDOMIZER,LOCATION::RC_GERUDO_TRAINING_GROUND_MQ_DINOLFOS_CHEST,47,47,YES,0,PASS
RANDOMIZER,LOCATION::RC_GERUDO_TRAINING_GROUND_MQ_ICE_ARROWS_CHEST,62,62,YES,0,PASS
RANDOMIZER,LOCATION::RC_GERUDO_TRAINING_GROUND_MQ_MAZE_RIGHT_CENTRAL_CHEST,68,68,YES,0,PASS
RANDOMIZER,LOCATION::RC_GERUDO_TRAINING_GROUND_MQ_MAZE_PATH_FIRST_CHEST,70,70,YES,0,PASS
RANDOMIZER,LOCATION::RC_GERUDO_TRAINING_GROUND_MQ_MAZE_RIGHT_SIDE_CHEST,65,65,YES,0,PASS
RANDOMIZER,LOCATION::RC_GERUDO_TRAINING_GROUND_MQ_MAZE_PATH_THIRD_CHEST,70,70,YES,0,PASS
RANDOMIZER,LOCATION::RC_GERUDO_TRAINING_GROUND_MQ_MAZE_PATH_SECOND_CHEST,71,71,YES,0,PASS
RANDOMIZER,LOCATION::RC_GERUDO_TRAINING_GROUND_MQ_HIDDEN_CEILING_CHEST,55,55,YES,0,PASS
RANDOMIZER,LOCATION::RC_GERUDO_TRAINING_GROUND_MQ_UNDERWATER_SILVER_RUPEE_CHEST,65,65,YES,0,PASS
RANDOMIZER,LOCATION::RC_GERUDO_TRAINING_GROUND_MQ_HEAVY_BLOCK_CHEST,52,52,YES,0,PASS
RANDOMIZER,LOCATION::RC_GANONS_TOWER_BOSS_KEY_CHEST,37,37,YES,0,PASS
RANDOMIZER,LOCATION::RC_GANONS_CASTLE_FOREST_TRIAL_CHEST,37,37,YES,0,PASS
RANDOMIZER,LOCATION::RC_GANONS_CASTLE_WATER_TRIAL_LEFT_CHEST,45,45,YES,0,PASS
RANDOMIZER,LOCATION::RC_GANONS_CASTLE_WATER_TRIAL_RIGHT_CHEST,43,43,YES,0,PASS
RANDOMIZER,LOCATION::RC_GANONS_CASTLE_SHADOW_TRIAL_FRONT_CHEST,44,44,YES,0,PASS
RANDOMIZER,LOCATION::RC_GANONS_CASTLE_SHADOW_TRIAL_GOLDEN_GAUNTLETS_CHEST,52,52,YES,0,PASS
RANDOMIZER,LOCATION::RC_GANONS_CASTLE_SPIRIT_TRIAL_CRYSTAL_SWITCH_CHEST,59,59,YES,0,PASS
RANDOMIZER,LOCATION::RC_GANONS_CASTLE_SPIRIT_TRIAL_INVISIBLE_CHEST,59,59,YES,0,PASS
RANDOMIZER,LOCATION::RC_GANONS_CASTLE_LIGHT_TRIAL_FIRST_LEFT_CHEST,63,63,YES,0,PASS
RANDOMIZER,LOCATION::RC_GANONS_CASTLE_LIGHT_TRIAL_SECOND_LEFT_CHEST,64,64,YES,0,PASS
RANDOMIZER,LOCATION::RC_GANONS_CASTLE_LIGHT_TRIAL_THIRD_LEFT_CHEST,63,63,YES,0,PASS
RANDOMIZER,LOCATION::RC_GANONS_CASTLE_LIGHT_TRIAL_FIRST_RIGHT_CHEST,61,61,YES,0,PASS
RANDOMIZER,LOCATION::RC_GANONS_CASTLE_LIGHT_TRIAL_SECOND_RIGHT_CHEST,62,62,YES,0,PASS
RANDOMIZER,LOCATION::RC_GANONS_CASTLE_LIGHT_TRIAL_THIRD_RIGHT_CHEST,61,61,YES,0,PASS
RANDOMIZER,LOCATION::RC_GANONS_CASTLE_LIGHT_TRIAL_INVISIBLE_ENEMIES_CHEST,73,73,YES,0,PASS
RANDOMIZER,LOCATION::RC_GANONS_CASTLE_LIGHT_TRIAL_LULLABY_CHEST,57,57,YES,0,PASS
RANDOMIZER,LOCATION::RC_GANONS_CASTLE_DEKU_SCRUB_CENTER_LEFT,45,45,YES,0,PASS
RANDOMIZER,LOCATION::RC_GANONS_CASTLE_DEKU_SCRUB_CENTER_RIGHT,43,43,YES,0,PASS
RANDOMIZER,LOCATION::RC_GANONS_CASTLE_DEKU_SCRUB_RIGHT,36,36,YES,0,PASS
RANDOMIZER,LOCATION::RC_GANONS_CASTLE_DEKU_SCRUB_LEFT,38,38,YES,0,PASS
RANDOMIZER,LOCATION::RC_GANONS_CASTLE_MQ_WATER_TRIAL_CHEST,48,48,YES,0,PASS
RANDOMIZER,LOCATION::RC_GANONS_CASTLE_MQ_FOREST_TRIAL_EYE_SWITCH_CHEST,73,73,YES,0,PASS
RANDOMIZER,LOCATION::RC_GANONS_CASTLE_MQ_FOREST_TRIAL_FROZEN_EYE_SWITCH_CHEST,83,83,YES,0,PASS
RANDOMIZER,LOCATION::RC_GANONS_CASTLE_MQ_LIGHT_TRIAL_LULLABY_CHEST,60,60,YES,0,PASS
RANDOMIZER,LOCATION::RC_GANONS_CASTLE_MQ_SHADOW_TRIAL_BOMB_FLOWER_CHEST,72,72,YES,0,PASS
RANDOMIZER,LOCATION::RC_GANONS_CASTLE_MQ_SHADOW_TRIAL_EYE_SWITCH_CHEST,75,75,YES,0,PASS
RANDOMIZER,LOCATION::RC_GANONS_CASTLE_MQ_SPIRIT_TRIAL_GOLDEN_GAUNTLETS_CHEST,74,74,YES,0,PASS
RANDOMIZER,LOCATION::RC_GANONS_CASTLE_MQ_SPIRIT_TRIAL_SUN_BACK_RIGHT_CHEST,70,70,YES,0,PASS
RANDOMIZER,LOCATION::RC_GANONS_CASTLE_MQ_SPIRIT_TRIAL_SUN_BACK_LEFT_CHEST,72,72,YES,0,PASS
RANDOMIZER,LOCATION::RC_GANONS_CASTLE_MQ_SPIRIT_TRIAL_SUN_FRONT_LEFT_CHEST,73,73,YES,0,PASS
RANDOMIZER,LOCATION::RC_GANONS_CASTLE_MQ_SPIRIT_TRIAL_FIRST_CHEST,59,59,YES,0,PASS
RANDOMIZER,LOCATION::RC_GANONS_CASTLE_MQ_SPIRIT_TRIAL_INVISIBLE_CHEST,62,62,YES,0,PASS
RANDOMIZER,LOCATION::RC_GANONS_CASTLE_MQ_FOREST_TRIAL_FREESTANDING_KEY,64,64,YES,0,PASS
RANDOMIZER,LOCATION::RC_GANONS_CASTLE_MQ_DEKU_SCRUB_RIGHT,39,39,YES,0,PASS
RANDOMIZER,LOCATION::RC_GANONS_CASTLE_MQ_DEKU_SCRUB_CENTER_LEFT,48,48,YES,0,PASS
RANDOMIZER,LOCATION::RC_GANONS_CASTLE_MQ_DEKU_SCRUB_CENTER,38,38,YES,0,PASS
RANDOMIZER,LOCATION::RC_GANONS_CASTLE_MQ_DEKU_SCRUB_CENTER_RIGHT,46,46,YES,0,PASS
RANDOMIZER,LOCATION::RC_GANONS_CASTLE_MQ_DEKU_SCRUB_LEFT,41,41,YES,0,PASS
RANDOMIZER,LOCATION::RC_DEKU_TREE_GS_BASEMENT_BACK_ROOM,31,31,YES,0,PASS
RANDOMIZER,LOCATION::RC_DEKU_TREE_GS_BASEMENT_GATE,27,27,YES,0,PASS
RANDOMIZER,LOCATION::RC_DEKU_TREE_GS_BASEMENT_VINES,32,32,YES,0,PASS
RANDOMIZER,LOCATION::RC_DEKU_TREE_GS_COMPASS_ROOM,26,26,YES,0,PASS
RANDOMIZER,LOCATION::RC_DEKU_TREE_MQ_GS_LOBBY,31,31,YES,0,PASS
RANDOMIZER,LOCATION::RC_DEKU_TREE_MQ_GS_PAST_BOULDER_VINES,45,45,YES,0,PASS
RANDOMIZER,LOCATION::RC_DEKU_TREE_MQ_GS_BASEMENT_GRAVES_ROOM,35,35,YES,0,PASS
RANDOMIZER,LOCATION::RC_DEKU_TREE_MQ_GS_BASEMENT_BACK_ROOM,34,34,YES,0,PASS
RANDOMIZER,LOCATION::RC_DODONGOS_CAVERN_GS_VINES_ABOVE_STAIRS,57,57,YES,0,PASS
RANDOMIZER,LOCATION::RC_DODONGOS_CAVERN_GS_SCARECROW,40,40,YES,0,PASS
RANDOMIZER,LOCATION::RC_DODONGOS_CAVERN_GS_ALCOVE_ABOVE_STAIRS,52,52,YES,0,PASS
RANDOMIZER,LOCATION::RC_DODONGOS_CAVERN_GS_BACK_ROOM,36,36,YES,0,PASS
RANDOMIZER,LOCATION::RC_DODONGOS_CAVERN_GS_SIDE_ROOM_NEAR_LOWER_LIZALFOS,65,65,YES,0,PASS
RANDOMIZER,LOCATION::RC_DODONGOS_CAVERN_MQ_GS_SCRUB_ROOM,39,39,YES,0,PASS
RANDOMIZER,LOCATION::RC_DODONGOS_CAVERN_MQ_GS_SONG_OF_TIME_BLOCK_ROOM,58,58,YES,0,PASS
RANDOMIZER,LOCATION::RC_DODONGOS_CAVERN_MQ_GS_LIZALFOS_ROOM,42,42,YES,0,PASS
RANDOMIZER,LOCATION::RC_DODONGOS_CAVERN_MQ_GS_LARVAE_ROOM,40,40,YES,0,PASS
RANDOMIZER,LOCATION::RC_DODONGOS_CAVERN_MQ_GS_BACK_AREA,39,39,YES,0,PASS
RANDOMIZER,LOCATION::RC_JABU_JABUS_BELLY_GS_LOBBY_BASEMENT_LOWER,54,54,YES,0,PASS
RANDOMIZER,LOCATION::RC_JABU_JABUS_BELLY_GS_LOBBY_BASEMENT_UPPER,54,54,YES,0,PASS
RANDOMIZER,LOCATION::RC_JABU_JABUS_BELLY_GS_NEAR_BOSS,37,37,YES,0,PASS
RANDOMIZER,LOCATION::RC_JABU_JABUS_BELLY_GS_WATER_SWITCH_ROOM,45,45,YES,0,PASS
RANDOMIZER,LOCATION::RC_JABU_JABUS_BELLY_MQ_GS_TAILPASARAN_ROOM,43,43,YES,0,PASS
RANDOMIZER,LOCATION::RC_JABU_JABUS_BELLY_MQ_GS_INVISIBLE_ENEMIES_ROOM,50,50,YES,0,PASS
RANDOMIZER,LOCATION::RC_JABU_JABUS_BELLY_MQ_GS_BOOMERANG_CHEST_ROOM,45,45,YES,0,PASS
RANDOMIZER,LOCATION::RC_JABU_JABUS_BELLY_MQ_GS_NEAR_BOSS,40,40,YES,0,PASS
RANDOMIZER,LOCATION::RC_FOREST_TEMPLE_GS_RAISED_ISLAND_COURTYARD,39,39,YES,0,PASS
RANDOMIZER,LOCATION::RC_FOREST_TEMPLE_GS_FIRST_ROOM,32,32,YES,0,PASS
RANDOMIZER,LOCATION::RC_FOREST_TEMPLE_GS_LEVEL_ISLAND_COURTYARD,37,37,YES,0,PASS
RANDOMIZER,LOCATION::RC_FOREST_TEMPLE_GS_LOBBY,35,35,YES,0,PASS
RANDOMIZER,LOCATION::RC_FOREST_TEMPLE_GS_BASEMENT,27,27,YES,0,PASS
RANDOMIZER,LOCATION::RC_FOREST_TEMPLE_MQ_GS_FIRST_HALLWAY,38,38,YES,0,PASS
RANDOMIZER,LOCATION::RC_FOREST_TEMPLE_MQ_GS_BLOCK_PUSH_ROOM,43,43,YES,0,PASS
RANDOMIZER,LOCATION::RC_FOREST_TEMPLE_MQ_GS_RAISED_ISLAND_COURTYARD,42,42,YES,0,PASS
RANDOMIZER,LOCATION::RC_FOREST_TEMPLE_MQ_GS_LEVEL_ISLAND_COURTYARD,40,40,YES,0,PASS
RANDOMIZER,LOCATION::RC_FOREST_TEMPLE_MQ_GS_WELL,28,28,YES,0,PASS
RANDOMIZER,LOCATION::RC_FIRE_TEMPLE_GS_SONG_OF_TIME_ROOM,42,42,YES,0,PASS
RANDOMIZER,LOCATION::RC_FIRE_TEMPLE_GS_BOSS_KEY_LOOP,36,36,YES,0,PASS
RANDOMIZER,LOCATION::RC_FIRE_TEMPLE_GS_BOULDER_MAZE,34,34,YES,0,PASS
RANDOMIZER,LOCATION::RC_FIRE_TEMPLE_GS_SCARECROW_TOP,43,43,YES,0,PASS
RANDOMIZER,LOCATION::RC_FIRE_TEMPLE_GS_SCARECROW_CLIMB,43,43,YES,0,PASS
RANDOMIZER,LOCATION::RC_FIRE_TEMPLE_MQ_GS_ABOVE_FIRE_MAZE,48,48,YES,0,PASS
RANDOMIZER,LOCATION::RC_FIRE_TEMPLE_MQ_GS_FIRE_WALL_MAZE_CENTER,50,50,YES,0,PASS
RANDOMIZER,LOCATION::RC_FIRE_TEMPLE_MQ_GS_BIG_LAVA_ROOM_OPEN_DOOR,54,54,YES,0,PASS
RANDOMIZER,LOCATION::RC_FIRE_TEMPLE_MQ_GS_FIRE_WALL_MAZE_SIDE_ROOM,56,56,YES,0,PASS
RANDOMIZER,LOCATION::RC_FIRE_TEMPLE_MQ_GS_SKULL_ON_FIRE,38,38,YES,0,PASS
RANDOMIZER,LOCATION::RC_WATER_TEMPLE_GS_BEHIND_GATE,35,35,YES,0,PASS
RANDOMIZER,LOCATION::RC_WATER_TEMPLE_GS_FALLING_PLATFORM_ROOM,40,40,YES,0,PASS
RANDOMIZER,LOCATION::RC_WATER_TEMPLE_GS_CENTRAL_PILLAR,32,32,YES,0,PASS
RANDOMIZER,LOCATION::RC_WATER_TEMPLE_GS_NEAR_BOSS_KEY_CHEST,44,44,YES,0,PASS
RANDOMIZER,LOCATION::RC_WATER_TEMPLE_GS_RIVER,22,22,YES,0,PASS
RANDOMIZER,LOCATION::RC_WATER_TEMPLE_MQ_GS_BEFORE_UPPER_WATER_SWITCH,56,56,YES,0,PASS
RANDOMIZER,LOCATION::RC_WATER_TEMPLE_MQ_GS_FREESTANDING_KEY_AREA,46,46,YES,0,PASS
RANDOMIZER,LOCATION::RC_WATER_TEMPLE_MQ_GS_LIZALFOS_HALLWAY,38,38,YES,0,PASS
RANDOMIZER,LOCATION::RC_WATER_TEMPLE_MQ_GS_RIVER,25,25,YES,0,PASS
RANDOMIZER,LOCATION::RC_WATER_TEMPLE_MQ_GS_TRIPLE_WALL_TORCH,42,42,YES,0,PASS
RANDOMIZER,LOCATION::RC_SPIRIT_TEMPLE_GS_HALL_AFTER_SUN_BLOCK_ROOM,54,54,YES,0,PASS
RANDOMIZER,LOCATION::RC_SPIRIT_TEMPLE_GS_BOULDER_ROOM,32,32,YES,0,PASS
RANDOMIZER,LOCATION::RC_SPIRIT_TEMPLE_GS_LOBBY,37,37,YES,0,PASS
RANDOMIZER,LOCATION::RC_SPIRIT_TEMPLE_GS_SUN_ON_FLOOR_ROOM,40,40,YES,0,PASS
RANDOMIZER,LOCATION::RC_SPIRIT_TEMPLE_GS_METAL_FENCE,37,37,YES,0,PASS
RANDOMIZER,LOCATION::RC_SPIRIT_TEMPLE_MQ_GS_SYMPHONY_ROOM,39,39,YES,0,PASS
RANDOMIZER,LOCATION::RC_SPIRIT_TEMPLE_MQ_GS_LEEVER_ROOM,37,37,YES,0,PASS
RANDOMIZER,LOCATION::RC_SPIRIT_TEMPLE_MQ_GS_NINE_THRONES_ROOM_WEST,49,49,YES,0,PASS
RANDOMIZER,LOCATION::RC_SPIRIT_TEMPLE_MQ_GS_NINE_THRONES_ROOM_NORTH,49,49,YES,0,PASS
RANDOMIZER,LOCATION::RC_SPIRIT_TEMPLE_MQ_GS_SUN_BLOCK_ROOM,41,41,YES,0,PASS
RANDOMIZER,LOCATION::RC_SHADOW_TEMPLE_GS_SINGLE_GIANT_POT,44,44,YES,0,PASS
RANDOMIZER,LOCATION::RC_SHADOW_TEMPLE_GS_FALLING_SPIKES_ROOM,38,38,YES,0,PASS
RANDOMIZER,LOCATION::RC_SHADOW_TEMPLE_GS_TRIPLE_GIANT_POT,44,44,YES,0,PASS
RANDOMIZER,LOCATION::RC_SHADOW_TEMPLE_GS_LIKE_LIKE_ROOM,37,37,YES,0,PASS
RANDOMIZER,LOCATION::RC_SHADOW_TEMPLE_GS_NEAR_SHIP,37,37,YES,0,PASS
RANDOMIZER,LOCATION::RC_SHADOW_TEMPLE_MQ_GS_FALLING_SPIKES_ROOM,41,41,YES,0,PASS
RANDOMIZER,LOCATION::RC_SHADOW_TEMPLE_MQ_GS_WIND_HINT_ROOM,41,41,YES,0,PASS
RANDOMIZER,LOCATION::RC_SHADOW_TEMPLE_MQ_GS_AFTER_WIND,41,41,YES,0,PASS
RANDOMIZER,LOCATION::RC_SHADOW_TEMPLE_MQ_GS_AFTER_SHIP,42,42,YES,0,PASS
RANDOMIZER,LOCATION::RC_SHADOW_TEMPLE_MQ_GS_NEAR_BOSS,39,39,YES,0,PASS
RANDOMIZER,LOCATION::RC_BOTTOM_OF_THE_WELL_GS_LIKE_LIKE_CAGE,33,33,YES,0,PASS
RANDOMIZER,LOCATION::RC_BOTTOM_OF_THE_WELL_GS_EAST_INNER_ROOM,36,36,YES,0,PASS
RANDOMIZER,LOCATION::RC_BOTTOM_OF_THE_WELL_GS_WEST_INNER_ROOM,37,37,YES,0,PASS
RANDOMIZER,LOCATION::RC_BOTTOM_OF_THE_WELL_MQ_GS_BASEMENT,27,27,YES,0,PASS
RANDOMIZER,LOCATION::RC_BOTTOM_OF_THE_WELL_MQ_GS_COFFIN_ROOM,31,31,YES,0,PASS
RANDOMIZER,LOCATION::RC_BOTTOM_OF_THE_WELL_MQ_GS_WEST_INNER_ROOM,40,40,YES,0,PASS
RANDOMIZER,LOCATION::RC_ICE_CAVERN_GS_PUSH_BLOCK_ROOM,39,39,YES,0,PASS
RANDOMIZER,LOCATION::RC_ICE_CAVERN_GS_SPINNING_SCYTHE_ROOM,42,42,YES,0,PASS
RANDOMIZER,LOCATION::RC_ICE_CAVERN_GS_HEART_PIECE_ROOM,38,38,YES,0,PASS
RANDOMIZER,LOCATION::RC_ICE_CAVERN_MQ_GS_SCARECROW,37,37,YES,0,PASS
RANDOMIZER,LOCATION::RC_ICE_CAVERN_MQ_GS_ICE_BLOCK,35,35,YES,0,PASS
RANDOMIZER,LOCATION::RC_ICE_CAVERN_MQ_GS_RED_ICE,33,33,YES,0,PASS
RANDOMIZER,LOCATION::RC_KF_GS_BEAN_PATCH,27,27,YES,0,PASS
RANDOMIZER,LOCATION::RC_KF_GS_KNOW_IT_ALL_HOUSE,33,33,YES,0,PASS
RANDOMIZER,LOCATION::RC_KF_GS_HOUSE_OF_TWINS,30,30,YES,0,PASS
RANDOMIZER,LOCATION::RC_LW_GS_BEAN_PATCH_NEAR_BRIDGE,44,44,YES,0,PASS
RANDOMIZER,LOCATION::RC_LW_GS_BEAN_PATCH_NEAR_THEATER,45,45,YES,0,PASS
RANDOMIZER,LOCATION::RC_LW_GS_ABOVE_THEATER,35,35,YES,0,PASS
RANDOMIZER,LOCATION::RC_SFM_GS,29,29,YES,0,PASS
RANDOMIZER,LOCATION::RC_HF_GS_COW_GROTTO,29,29,YES,0,PASS
RANDOMIZER,LOCATION::RC_HF_GS_NEAR_KAK_GROTTO,37,37,YES,0,PASS
RANDOMIZER,LOCATION::RC_LH_GS_BEAN_PATCH,24,24,YES,0,PASS
RANDOMIZER,LOCATION::RC_LH_GS_SMALL_ISLAND,26,26,YES,0,PASS
RANDOMIZER,LOCATION::RC_LH_GS_LAB_WALL,30,30,YES,0,PASS
RANDOMIZER,LOCATION::RC_LH_GS_LAB_CRATE,31,31,YES,0,PASS
RANDOMIZER,LOCATION::RC_LH_GS_TREE,19,19,YES,0,PASS
RANDOMIZER,LOCATION::RC_GV_GS_BEAN_PATCH,26,26,YES,0,PASS
RANDOMIZER,LOCATION::RC_GV_GS_SMALL_BRIDGE,30,30,YES,0,PASS
RANDOMIZER,LOCATION::RC_GV_GS_PILLAR,21,21,YES,0,PASS
RANDOMIZER,LOCATION::RC_GV_GS_BEHIND_TENT,43,43,YES,0,PASS
RANDOMIZER,LOCATION::RC_GF_HBA_RANGE_GS,49,49,YES,0,PASS
RANDOMIZER,LOCATION::RC_GF_GS_TOP_FLOOR,34,34,YES,0,PASS
RANDOMIZER,LOCATION::RC_WASTELAND_GS,19,19,YES,0,PASS
RANDOMIZER,LOCATION::RC_COLOSSUS_GS_BEAN_PATCH,33,33,YES,0,PASS
RANDOMIZER,LOCATION::RC_COLOSSUS_GS_HILL,27,27,YES,0,PASS
RANDOMIZER,LOCATION::RC_COLOSSUS_GS_TREE,28,28,YES,0,PASS
RANDOMIZER,LOCATION::RC_OGC_GS,23,23,YES,0,PASS
RANDOMIZER,LOCATION::RC_HC_GS_STORMS_GROTTO,37,37,YES,0,PASS
RANDOMIZER,LOCATION::RC_HC_GS_TREE,27,27,YES,0,PASS
RANDOMIZER,LOCATION::RC_MARKET_GS_GUARD_HOUSE,23,23,YES,0,PASS
RANDOMIZER,LOCATION::RC_KAK_GS_HOUSE_UNDER_CONSTRUCTION,39,39,YES,0,PASS
RANDOMIZER,LOCATION::RC_KAK_GS_SKULLTULA_HOUSE,26,26,YES,0,PASS
RANDOMIZER,LOCATION::RC_KAK_GS_GUARDS_HOUSE,25,25,YES,0,PASS
RANDOMIZER,LOCATION::RC_KAK_GS_TREE,17,17,YES,0,PASS
RANDOMIZER,LOCATION::RC_KAK_GS_WATCHTOWER,26,26,YES,0,PASS
RANDOMIZER,LOCATION::RC_KAK_GS_ABOVE_IMPAS_HOUSE,32,32,YES,0,PASS
RANDOMIZER,LOCATION::RC_GRAVEYARD_GS_WALL,18,18,YES,0,PASS
RANDOMIZER,LOCATION::RC_GRAVEYARD_GS_BEAN_PATCH,24,24,YES,0,PASS
RANDOMIZER,LOCATION::RC_DMC_GS_BEAN_PATCH,47,47,YES,0,PASS
RANDOMIZER,LOCATION::RC_DMC_GS_CRATE,42,42,YES,0,PASS
RANDOMIZER,LOCATION::RC_DMT_GS_BEAN_PATCH,48,48,YES,0,PASS
RANDOMIZER,LOCATION::RC_DMT_GS_NEAR_KAK,50,50,YES,0,PASS
RANDOMIZER,LOCATION::RC_DMT_GS_ABOVE_DODONGOS_CAVERN,63,63,YES,0,PASS
RANDOMIZER,LOCATION::RC_DMT_GS_FALLING_ROCKS_PATH,56,56,YES,0,PASS
RANDOMIZER,LOCATION::RC_GC_GS_CENTER_PLATFORM,33,33,YES,0,PASS
RANDOMIZER,LOCATION::RC_GC_GS_BOULDER_MAZE,30,30,YES,0,PASS
RANDOMIZER,LOCATION::RC_ZR_GS_LADDER,25,25,YES,0,PASS
RANDOMIZER,LOCATION::RC_ZR_GS_TREE,24,24,YES,0,PASS
RANDOMIZER,LOCATION::RC_ZR_GS_ABOVE_BRIDGE,35,35,YES,0,PASS
RANDOMIZER,LOCATION::RC_ZR_GS_NEAR_RAISED_GROTTOS,43,43,YES,0,PASS
RANDOMIZER,LOCATION::RC_ZD_GS_FROZEN_WATERFALL,40,40,YES,0,PASS
RANDOMIZER,LOCATION::RC_ZF_GS_ABOVE_THE_LOG,41,41,YES,0,PASS
RANDOMIZER,LOCATION::RC_ZF_GS_HIDDEN_CAVE,33,33,YES,0,PASS
RANDOMIZER,LOCATION::RC_ZF_GS_TREE,27,27,YES,0,PASS
RANDOMIZER,LOCATION::RC_LLR_GS_BACK_WALL,28,28,YES,0,PASS
RANDOMIZER,LOCATION::RC_LLR_GS_RAIN_SHED,29,29,YES,0,PASS
RANDOMIZER,LOCATION::RC_LLR_GS_HOUSE_WINDOW,30,30,YES,0,PASS
RANDOMIZER,LOCATION::RC_LLR_GS_TREE,23,23,YES,0,PASS
RANDOMIZER,LOCATION::RC_LINKS_POCKET,16,16,YES,0,PASS
RANDOMIZER,LOCATION::RC_QUEEN_GOHMA,11,11,YES,0,PASS
RANDOMIZER,LOCATION::RC_KING_DODONGO,11,11,YES,0,PASS
RANDOMIZER,LOCATION::RC_BARINADE,8,8,YES,0,PASS
RANDOMIZER,LOCATION::RC_PHANTOM_GANON,14,14,YES,0,PASS
RANDOMIZER,LOCATION::RC_VOLVAGIA,8,8,YES,0,PASS
RANDOMIZER,LOCATION::RC_MORPHA,6,6,YES,0,PASS
RANDOMIZER,LOCATION::RC_TWINROVA,8,8,YES,0,PASS
RANDOMIZER,LOCATION::RC_BONGO_BONGO,11,11,YES,0,PASS
RANDOMIZER,LOCATION::RC_GANON,5,5,YES,0,PASS
RANDOMIZER,LOCATION::RC_GIFT_FROM_RAURU,15,15,YES,0,PASS
RANDOMIZER,LOCATION::RC_DEKU_TREE_QUEEN_GOHMA_HEART,30,30,YES,0,PASS
RANDOMIZER,LOCATION::RC_DODONGOS_CAVERN_KING_DODONGO_HEART,42,42,YES,0,PASS
RANDOMIZER,LOCATION::RC_JABU_JABUS_BELLY_BARINADE_HEART,37,37,YES,0,PASS
RANDOMIZER,LOCATION::RC_FOREST_TEMPLE_PHANTOM_GANON_HEART,39,39,YES,0,PASS
RANDOMIZER,LOCATION::RC_FIRE_TEMPLE_VOLVAGIA_HEART,33,33,YES,0,PASS
RANDOMIZER,LOCATION::RC_WATER_TEMPLE_MORPHA_HEART,30,30,YES,0,PASS
RANDOMIZER,LOCATION::RC_SPIRIT_TEMPLE_TWINROVA_HEART,36,36,YES,0,PASS
RANDOMIZER,LOCATION::RC_SHADOW_TEMPLE_BONGO_BONGO_HEART,39,39,YES,0,PASS
RANDOMIZER,LOCATION::RC_TOT_MASTER_SWORD,32,32,YES,0,PASS
RANDOMIZER,LOCATION::RC_TOT_LIGHT_ARROWS_CUTSCENE,46,46,YES,0,PASS
RANDOMIZER,LOCATION::RC_LW_GIFT_FROM_SARIA,30,30,YES,0,PASS
RANDOMIZER,LOCATION::RC_ZF_GREAT_FAIRY_REWARD,45,45,YES,0,PASS
RANDOMIZER,LOCATION::RC_HC_GREAT_FAIRY_REWARD,45,45,YES,0,PASS
RANDOMIZER,LOCATION::RC_COLOSSUS_GREAT_FAIRY_REWARD,46,46,YES,0,PASS
RANDOMIZER,LOCATION::RC_DMT_GREAT_FAIRY_REWARD,61,61,YES,0,PASS
RANDOMIZER,LOCATION::RC_DMC_GREAT_FAIRY_REWARD,60,60,YES,0,PASS
RANDOMIZER,LOCATION::RC_OGC_GREAT_FAIRY_REWARD,47,47,YES,0,PASS
RANDOMIZER,LOCATION::RC_KF_SHOP_ITEM_1,29,29,YES,0,PASS
RANDOMIZER,LOCATION::RC_KF_SHOP_ITEM_2,29,29,YES,0,PASS
RANDOMIZER,LOCATION::RC_KF_SHOP_ITEM_3,29,29,YES,0,PASS
RANDOMIZER,LOCATION::RC_KF_SHOP_ITEM_4,29,29,YES,0,PASS
RANDOMIZER,LOCATION::RC_KF_SHOP_ITEM_5,29,29,YES,0,PASS
RANDOMIZER,LOCATION::RC_KF_SHOP_ITEM_6,29,29,YES,0,PASS
RANDOMIZER,LOCATION::RC_KF_SHOP_ITEM_7,29,29,YES,0,PASS
RANDOMIZER,LOCATION::RC_KF_SHOP_ITEM_8,29,29,YES,0,PASS
RANDOMIZER,LOCATION::RC_KAK_POTION_SHOP_ITEM_1,31,31,YES,0,PASS
RANDOMIZER,LOCATION::RC_KAK_POTION_SHOP_ITEM_2,31,31,YES,0,PASS
RANDOMIZER,LOCATION::RC_KAK_POTION_SHOP_ITEM_3,31,31,YES,0,PASS
RANDOMIZER,LOCATION::RC_KAK_POTION_SHOP_ITEM_4,31,31,YES,0,PASS
RANDOMIZER,LOCATION::RC_KAK_POTION_SHOP_ITEM_5,31,31,YES,0,PASS
RANDOMIZER,LOCATION::RC_KAK_POTION_SHOP_ITEM_6,31,31,YES,0,PASS
RANDOMIZER,LOCATION::RC_KAK_POTION_SHOP_ITEM_7,31,31,YES,0,PASS
RANDOMIZER,LOCATION::RC_KAK_POTION_SHOP_ITEM_8,31,31,YES,0,PASS
RANDOMIZER,LOCATION::RC_KAK_BAZAAR_ITEM_1,23,23,YES,0,PASS
RANDOMIZER,LOCATION::RC_KAK_BAZAAR_ITEM_2,23,23,YES,0,PASS
RANDOMIZER,LOCATION::RC_KAK_BAZAAR_ITEM_3,23,23,YES,0,PASS
RANDOMIZER,LOCATION::RC_KAK_BAZAAR_ITEM_4,23,23,YES,0,PASS
RANDOMIZER,LOCATION::RC_KAK_BAZAAR_ITEM_5,23,23,YES,0,PASS
RANDOMIZER,LOCATION::RC_KAK_BAZAAR_ITEM_6,23,23,YES,0,PASS
RANDOMIZER,LOCATION::RC_KAK_BAZAAR_ITEM_7,23,23,YES,0,PASS
RANDOMIZER,LOCATION::RC_KAK_BAZAAR_ITEM_8,23,23,YES,0,PASS
RANDOMIZER,LOCATION::RC_MARKET_BOMBCHU_SHOP_ITEM_1,31,31,YES,0,PASS
RANDOMIZER,LOCATION::RC_MARKET_BOMBCHU_SHOP_ITEM_2,31,31,YES,0,PASS
RANDOMIZER,LOCATION::RC_MARKET_BOMBCHU_SHOP_ITEM_3,31,31,YES,0,PASS
RANDOMIZER,LOCATION::RC_MARKET_BOMBCHU_SHOP_ITEM_4,31,31,YES,0,PASS
RANDOMIZER,LOCATION::RC_MARKET_BOMBCHU_SHOP_ITEM_5,31,31,YES,0,PASS
RANDOMIZER,LOCATION::RC_MARKET_BOMBCHU_SHOP_ITEM_6,31,31,YES,0,PASS
RANDOMIZER,LOCATION::RC_MARKET_BOMBCHU_SHOP_ITEM_7,31,31,YES,0,PASS
RANDOMIZER,LOCATION::RC_MARKET_BOMBCHU_SHOP_ITEM_8,31,31,YES,0,PASS
RANDOMIZER,LOCATION::RC_MARKET_POTION_SHOP_ITEM_1,30,30,YES,0,PASS
RANDOMIZER,LOCATION::RC_MARKET_POTION_SHOP_ITEM_2,30,30,YES,0,PASS
RANDOMIZER,LOCATION::RC_MARKET_POTION_SHOP_ITEM_3,30,30,YES,0,PASS
RANDOMIZER,LOCATION::RC_MARKET_POTION_SHOP_ITEM_4,30,30,YES,0,PASS
RANDOMIZER,LOCATION::RC_MARKET_POTION_SHOP_ITEM_5,30,30,YES,0,PASS
RANDOMIZER,LOCATION::RC_MARKET_POTION_SHOP_ITEM_6,30,30,YES,0,PASS
RANDOMIZER,LOCATION::RC_MARKET_POTION_SHOP_ITEM_7,30,30,YES,0,PASS
RANDOMIZER,LOCATION::RC_MARKET_POTION_SHOP_ITEM_8,30,30,YES,0,PASS
RANDOMIZER,LOCATION::RC_MARKET_BAZAAR_ITEM_1,22,22,YES,0,PASS
RANDOMIZER,LOCATION::RC_MARKET_BAZAAR_ITEM_2,22,22,YES,0,PASS
RANDOMIZER,LOCATION::RC_MARKET_BAZAAR_ITEM_3,22,22,YES,0,PASS
RANDOMIZER,LOCATION::RC_MARKET_BAZAAR_ITEM_4,22,22,YES,0,PASS
RANDOMIZER,LOCATION::RC_MARKET_BAZAAR_ITEM_5,22,22,YES,0,PASS
RANDOMIZER,LOCATION::RC_MARKET_BAZAAR_ITEM_6,22,22,YES,0,PASS
RANDOMIZER,LOCATION::RC_MARKET_BAZAAR_ITEM_7,22,22,YES,0,PASS
RANDOMIZER,LOCATION::RC_MARKET_BAZAAR_ITEM_8,22,22,YES,0,PASS
RANDOMIZER,LOCATION::RC_ZD_SHOP_ITEM_1,35,35,YES,0,PASS
RANDOMIZER,LOCATION::RC_ZD_SHOP_ITEM_2,35,35,YES,0,PASS
RANDOMIZER,LOCATION::RC_ZD_SHOP_ITEM_3,35,35,YES,0,PASS
RANDOMIZER,LOCATION::RC_ZD_SHOP_ITEM_4,35,35,YES,0,PASS
RANDOMIZER,LOCATION::RC_ZD_SHOP_ITEM_5,35,35,YES,0,PASS
RANDOMIZER,LOCATION::RC_ZD_SHOP_ITEM_6,35,35,YES,0,PASS
RANDOMIZER,LOCATION::RC_ZD_SHOP_ITEM_7,35,35,YES,0,PASS
RANDOMIZER,LOCATION::RC_ZD_SHOP_ITEM_8,35,35,YES,0,PASS
RANDOMIZER,LOCATION::RC_GC_SHOP_ITEM_1,28,28,YES,0,PASS
RANDOMIZER,LOCATION::RC_GC_SHOP_ITEM_2,28,28,YES,0,PASS
RANDOMIZER,LOCATION::RC_GC_SHOP_ITEM_3,28,28,YES,0,PASS
RANDOMIZER,LOCATION::RC_GC_SHOP_ITEM_4,28,28,YES,0,PASS
RANDOMIZER,LOCATION::RC_GC_SHOP_ITEM_5,28,28,YES,0,PASS
RANDOMIZER,LOCATION::RC_GC_SHOP_ITEM_6,28,28,YES,0,PASS
RANDOMIZER,LOCATION::RC_GC_SHOP_ITEM_7,28,28,YES,0,PASS
RANDOMIZER,LOCATION::RC_GC_SHOP_ITEM_8,28,28,YES,0,PASS
RANDOMIZER,LOCATION::RC_DMC_GOSSIP_STONE,55,55,YES,0,PASS
RANDOMIZER,LOCATION::RC_DMT_GOSSIP_STONE,56,56,YES,0,PASS
RANDOMIZER,LOCATION::RC_COLOSSUS_GOSSIP_STONE,41,41,YES,0,PASS
RANDOMIZER,LOCATION::RC_DODONGOS_CAVERN_GOSSIP_STONE,44,44,YES,0,PASS
RANDOMIZER,LOCATION::RC_GV_GOSSIP_STONE,34,34,YES,0,PASS
RANDOMIZER,LOCATION::RC_GC_MAZE_GOSSIP_STONE,35,35,YES,0,PASS
RANDOMIZER,LOCATION::RC_GC_MEDIGORON_GOSSIP_STONE,35,35,YES,0,PASS
RANDOMIZER,LOCATION::RC_GRAVEYARD_GOSSIP_STONE,23,23,YES,0,PASS
RANDOMIZER,LOCATION::RC_HC_MALON_GOSSIP_STONE,37,37,YES,0,PASS
RANDOMIZER,LOCATION::RC_HC_ROCK_WALL_GOSSIP_STONE,41,41,YES,0,PASS
RANDOMIZER,LOCATION::RC_HC_STORMS_GROTTO_GOSSIP_STONE,54,54,YES,0,PASS
RANDOMIZER,LOCATION::RC_KF_DEKU_TREE_LEFT_GOSSIP_STONE,47,47,YES,0,PASS
RANDOMIZER,LOCATION::RC_KF_DEKU_TREE_RIGHT_GOSSIP_STONE,45,45,YES,0,PASS
RANDOMIZER,LOCATION::RC_KF_GOSSIP_STONE,35,35,YES,0,PASS
RANDOMIZER,LOCATION::RC_KF_STORMS_GROTTO_GOSSIP_STONE,49,49,YES,0,PASS
RANDOMIZER,LOCATION::RC_LH_LAB_GOSSIP_STONE,35,35,YES,0,PASS
RANDOMIZER,LOCATION::RC_LH_SOUTHEAST_GOSSIP_STONE,31,31,YES,0,PASS
RANDOMIZER,LOCATION::RC_LH_SOUTHWEST_GOSSIP_STONE,32,32,YES,0,PASS
RANDOMIZER,LOCATION::RC_LW_GOSSIP_STONE,36,36,YES,0,PASS
RANDOMIZER,LOCATION::RC_SFM_MAZE_LOWER_GOSSIP_STONE,58,58,YES,0,PASS
RANDOMIZER,LOCATION::RC_SFM_MAZE_UPPER_GOSSIP_STONE,58,58,YES,0,PASS
RANDOMIZER,LOCATION::RC_SFM_SARIA_GOSSIP_STONE,45,45,YES,0,PASS
RANDOMIZER,LOCATION::RC_TOT_LEFTMOST_GOSSIP_STONE,49,49,YES,0,PASS
RANDOMIZER,LOCATION::RC_TOT_RIGHTMOST_GOSSIP_STONE,47,47,YES,0,PASS
RANDOMIZER,LOCATION::RC_TOT_RIGHT_CENTER_GOSSIP_STONE,45,45,YES,0,PASS
RANDOMIZER,LOCATION::RC_TOT_LEFT_CENTER_GOSSIP_STONE,47,47,YES,0,PASS
RANDOMIZER,LOCATION::RC_ZD_GOSSIP_STONE,41,41,YES,0,PASS
RANDOMIZER,LOCATION::RC_ZF_FAIRY_GOSSIP_STONE,36,36,YES,0,PASS
RANDOMIZER,LOCATION::RC_ZF_JABU_GOSSIP_STONE,36,36,YES,0,PASS
RANDOMIZER,LOCATION::RC_ZR_NEAR_GROTTOS_GOSSIP_STONE,45,45,YES,0,PASS
RANDOMIZER,LOCATION::RC_ZR_NEAR_DOMAIN_GOSSIP_STONE,46,46,YES,0,PASS
RANDOMIZER,LOCATION::RC_HF_COW_GROTTO_GOSSIP_STONE,39,39,YES,0,PASS
RANDOMIZER,LOCATION::RC_HF_NEAR_MARKET_GROTTO_GOSSIP_STONE,51,51,YES,0,PASS
RANDOMIZER,LOCATION::RC_HF_SOUTHEAST_GROTTO_GOSSIP_STONE,42,42,YES,0,PASS
RANDOMIZER,LOCATION::RC_HF_OPEN_GROTTO_GOSSIP_STONE,42,42,YES,0,PASS
RANDOMIZER,LOCATION::RC_KAK_OPEN_GROTTO_GOSSIP_STONE,35,35,YES,0,PASS
RANDOMIZER,LOCATION::RC_ZR_OPEN_GROTTO_GOSSIP_STONE,42,42,YES,0,PASS
RANDOMIZER,LOCATION::RC_LW_NEAR_SHORTCUTS_GROTTO_GOSSIP_STONE,49,49,YES,0,PASS
RANDOMIZER,LOCATION::RC_DMT_STORMS_GROTTO_GOSSIP_STONE,70,70,YES,0,PASS
RANDOMIZER,LOCATION::RC_DMC_UPPER_GROTTO_GOSSIP_STONE,61,61,YES,0,PASS
RANDOMIZER,LOCATION::RC_GANONDORF_HINT,18,18,YES,0,PASS
RANDOMIZER,LOCATION::RC_SHEIK_HINT_GC,27,27,YES,0,PASS
RANDOMIZER,LOCATION::RC_SHEIK_HINT_MQ_GC,30,30,YES,0,PASS
RANDOMIZER,LOCATION::RC_DAMPE_HINT,14,14,YES,0,PASS
RANDOMIZER,LOCATION::RC_GREG_HINT,13,13,YES,0,PASS
RANDOMIZER,LOCATION::RC_SARIA_SONG_HINT,28,28,YES,0,PASS
RANDOMIZER,LOCATION::RC_ALTAR_HINT_CHILD,22,22,YES,0,PASS
RANDOMIZER,LOCATION::RC_ALTAR_HINT_ADULT,24,24,YES,0,PASS
RANDOMIZER,LOCATION::RC_FISHING_POLE_HINT,26,26,YES,0,PASS
RANDOMIZER,LOCATION::RC_TOT_SHEIK_HINT,32,32,YES,0,PASS
RANDOMIZER,LOCATION::RC_MASK_SHOP_HINT,30,30,YES,0,PASS
RANDOMIZER,LOCATION::RC_TRIFORCE_COMPLETED,20,20,YES,0,PASS
RANDOMIZER,AREA::RCAREA_KOKIRI_FOREST,13,13,YES,0,PASS
RANDOMIZER,AREA::RCAREA_LOST_WOODS,14,14,YES,0,PASS
RANDOMIZER,AREA::RCAREA_SACRED_FOREST_MEADOW,26,26,YES,0,PASS
RANDOMIZER,AREA::RCAREA_HYRULE_FIELD,15,15,YES,0,PASS
RANDOMIZER,AREA::RCAREA_LAKE_HYLIA,10,10,YES,0,PASS
RANDOMIZER,AREA::RCAREA_GERUDO_VALLEY,12,12,YES,0,PASS
RANDOMIZER,AREA::RCAREA_GERUDO_FORTRESS,16,16,YES,0,PASS
RANDOMIZER,AREA::RCAREA_WASTELAND,16,16,YES,0,PASS
RANDOMIZER,AREA::RCAREA_DESERT_COLOSSUS,19,19,YES,0,PASS
RANDOMIZER,AREA::RCAREA_MARKET,17,17,YES,0,PASS
RANDOMIZER,AREA::RCAREA_HYRULE_CASTLE,18,18,YES,0,PASS
RANDOMIZER,AREA::RCAREA_KAKARIKO_VILLAGE,14,14,YES,0,PASS
RANDOMIZER,AREA::RCAREA_GRAVEYARD,10,10,YES,0,PASS
RANDOMIZER,AREA::RCAREA_DEATH_MOUNTAIN_TRAIL,34,34,YES,0,PASS
RANDOMIZER,AREA::RCAREA_GORON_CITY,12,12,YES,0,PASS
RANDOMIZER,AREA::RCAREA_DEATH_MOUNTAIN_CRATER,33,33,YES,0,PASS
RANDOMIZER,AREA::RCAREA_ZORAS_RIVER,15,15,YES,0,PASS
RANDOMIZER,AREA::RCAREA_ZORAS_DOMAIN,19,19,YES,0,PASS
RANDOMIZER,AREA::RCAREA_ZORAS_FOUNTAIN,18,18,YES,0,PASS
RANDOMIZER,AREA::RCAREA_LON_LON_RANCH,14,14,YES,0,PASS
RANDOMIZER,AREA::RCAREA_DEKU_TREE,10,10,YES,0,PASS
RANDOMIZER,AREA::RCAREA_DODONGOS_CAVERN,22,22,YES,0,PASS
RANDOMIZER,AREA::RCAREA_JABU_JABUS_BELLY,20,20,YES,0,PASS
RANDOMIZER,AREA::RCAREA_FOREST_TEMPLE,17,17,YES,0,PASS
RANDOMIZER,AREA::RCAREA_FIRE_TEMPLE,16,16,YES,0,PASS
RANDOMIZER,AREA::RCAREA_WATER_TEMPLE,15,15,YES,0,PASS
RANDOMIZER,AREA::RCAREA_SPIRIT_TEMPLE,19,19,YES,0,PASS
RANDOMIZER,AREA::RCAREA_SHADOW_TEMPLE,19,19,YES,0,PASS
RANDOMIZER,AREA::RCAREA_BOTTOM_OF_THE_WELL,14,14,YES,0,PASS
RANDOMIZER,AREA::RCAREA_ICE_CAVERN,16,16,YES,0,PASS
RANDOMIZER,AREA::RCAREA_GERUDO_TRAINING_GROUND,29,29,YES,0,PASS
RANDOMIZER,AREA::RCAREA_GANONS_CASTLE,17,17,YES,0,PASS
RANDOMIZER,AREA::RCAREA_INVALID,8,8,YES,0,PASS
RANDOMIZER,Rando::ICE_TRAP::L4997,7,7,YES,0,PASS
RANDOMIZER,Rando::ICE_TRAP::L5061,7,7,YES,0,PASS
RANDOMIZER,Rando::ICE_TRAP::L5062,6,6,YES,0,PASS
RANDOMIZER,Rando::ICE_TRAP::L5135,10,10,YES,0,PASS
RANDOMIZER,Rando::ICE_TRAP::L5174,7,7,YES,0,PASS
RANDOMIZER,Rando::ICE_TRAP::L5266,9,9,YES,0,PASS
RANDOMIZER,Rando::ICE_TRAP::L5267,10,10,YES,0,PASS
RANDOMIZER,Rando::ICE_TRAP::L5274,11,11,YES,0,PASS
RANDOMIZER,Rando::ICE_TRAP::L5286,10,10,YES,0,PASS
RANDOMIZER,Rando::ICE_TRAP::L5330,8,8,YES,0,PASS
RANDOMIZER,Rando::ICE_TRAP::L5338,10,10,YES,0,PASS
SOH_UI,SOH_UI::soh::soh::SohGui::SohMenuSettings_cpp::L23,7,7,YES,0,PASS
SOH_UI,SOH_UI::soh::soh::SohGui::SohMenuSettings_cpp::L24,6,6,YES,0,PASS
SOH_UI,SOH_UI::soh::soh::SohGui::SohMenuSettings_cpp::L25,6,6,YES,0,PASS
SOH_UI,SOH_UI::soh::soh::SohGui::SohMenuSettings_cpp::L26,12,12,YES,0,PASS
SOH_UI,SOH_UI::soh::soh::SohGui::SohMenuSettings_cpp::L32,7,7,YES,0,PASS
SOH_UI,SOH_UI::soh::soh::SohGui::SohMenuSettings_cpp::L33,5,5,YES,0,PASS
SOH_UI,SOH_UI::soh::soh::SohGui::SohMenuSettings_cpp::L36,4,4,YES,0,PASS
SOH_UI,SOH_UI::soh::soh::SohGui::SohMenuSettings_cpp::L38,6,6,YES,0,PASS
SOH_UI,SOH_UI::soh::soh::SohGui::SohMenuSettings_cpp::L39,7,7,YES,0,PASS
SOH_UI,SOH_UI::soh::soh::SohGui::SohMenuSettings_cpp::L40,7,7,YES,0,PASS
SOH_UI,SOH_UI::soh::soh::SohGui::SohMenuSettings_cpp::L41,6,6,YES,0,PASS
SOH_UI,SOH_UI::soh::soh::SohGui::SohMenuSettings_cpp::L42,4,4,YES,0,PASS
SOH_UI,SOH_UI::soh::soh::SohGui::SohMenuSettings_cpp::L47,9,9,YES,0,PASS
SOH_UI,SOH_UI::soh::soh::SohGui::SohMenuSettings_cpp::L48,6,6,YES,0,PASS
SOH_UI,SOH_UI::soh::soh::SohGui::SohMenuSettings_cpp::L49,7,7,YES,0,PASS
SOH_UI,SOH_UI::soh::soh::SohGui::SohMenuSettings_cpp::L53,6,6,YES,0,PASS
SOH_UI,SOH_UI::soh::soh::SohGui::SohMenuSettings_cpp::L57,14,14,YES,0,PASS
SOH_UI,SOH_UI::soh::soh::SohGui::SohMenuSettings_cpp::L58,9,9,YES,0,PASS
SOH_UI,SOH_UI::soh::soh::SohGui::SohMenuSettings_cpp::L99,11,11,YES,0,PASS
SOH_UI,SOH_UI::soh::soh::SohGui::SohMenuSettings_cpp::L127,13,13,YES,0,PASS
SOH_UI,SOH_UI::soh::soh::SohGui::SohMenuSettings_cpp::L128,7,7,YES,0,PASS
SOH_UI,SOH_UI::soh::soh::SohGui::SohMenuSettings_cpp::L128,7,7,YES,0,PASS
SOH_UI,SOH_UI::soh::soh::SohGui::SohMenuSettings_cpp::L129,7,7,YES,0,PASS
SOH_UI,SOH_UI::soh::soh::SohGui::SohMenuSettings_cpp::L129,7,7,YES,0,PASS
SOH_UI,SOH_UI::soh::soh::SohGui::SohMenuSettings_cpp::L156,16,16,YES,0,PASS
SOH_UI,SOH_UI::soh::soh::SohGui::SohMenuSettings_cpp::L160,16,16,YES,0,PASS
SOH_UI,SOH_UI::soh::soh::SohGui::SohMenuSettings_cpp::L189,6,6,YES,0,PASS
SOH_UI,SOH_UI::soh::soh::SohGui::SohMenuSettings_cpp::L191,12,12,YES,0,PASS
SOH_UI,SOH_UI::soh::soh::SohGui::SohMenuSettings_cpp::L207,7,7,YES,0,PASS
SOH_UI,SOH_UI::soh::soh::SohGui::SohMenuSettings_cpp::L209,22,22,YES,0,PASS
SOH_UI,SOH_UI::soh::soh::SohGui::SohMenuSettings_cpp::L211,6,6,YES,0,PASS
SOH_UI,SOH_UI::soh::soh::SohGui::SohMenuSettings_cpp::L212,7,7,YES,0,PASS
SOH_UI,SOH_UI::soh::soh::SohGui::SohMenuSettings_cpp::L223,13,13,YES,0,PASS
SOH_UI,SOH_UI::soh::soh::SohGui::SohMenuSettings_cpp::L226,7,7,YES,0,PASS
SOH_UI,SOH_UI::soh::soh::SohGui::SohMenuSettings_cpp::L231,18,18,YES,0,PASS
SOH_UI,SOH_UI::soh::soh::SohGui::SohMenuSettings_cpp::L234,12,12,YES,0,PASS
SOH_UI,SOH_UI::soh::soh::SohGui::SohMenuSettings_cpp::L236,10,10,YES,0,PASS
SOH_UI,SOH_UI::soh::soh::SohGui::SohMenuSettings_cpp::L249,9,9,YES,0,PASS
SOH_UI,SOH_UI::soh::soh::SohGui::SohMenuSettings_cpp::L262,5,5,YES,0,PASS
SOH_UI,SOH_UI::soh::soh::SohGui::SohMenuSettings_cpp::L264,5,5,YES,0,PASS
SOH_UI,SOH_UI::soh::soh::SohGui::SohMenuSettings_cpp::L264,5,5,YES,0,PASS
SOH_UI,SOH_UI::soh::soh::SohGui::SohMenuSettings_cpp::L308,8,8,YES,0,PASS
SOH_UI,SOH_UI::soh::soh::SohGui::SohMenuSettings_cpp::L309,8,8,YES,0,PASS
SOH_UI,SOH_UI::soh::soh::SohGui::SohMenuSettings_cpp::L309,8,8,YES,0,PASS
SOH_UI,SOH_UI::soh::soh::SohGui::SohMenuSettings_cpp::L355,16,16,YES,0,PASS
SOH_UI,SOH_UI::soh::soh::SohGui::SohMenuSettings_cpp::L358,16,16,YES,0,PASS
SOH_UI,SOH_UI::soh::soh::SohGui::SohMenuSettings_cpp::L375,16,16,YES,0,PASS
SOH_UI,SOH_UI::soh::soh::SohGui::SohMenuSettings_cpp::L410,9,9,YES,0,PASS
SOH_UI,SOH_UI::soh::soh::SohGui::SohMenuSettings_cpp::L412,9,9,YES,0,PASS
SOH_UI,SOH_UI::soh::soh::SohGui::SohMenuSettings_cpp::L412,9,9,YES,0,PASS
SOH_UI,SOH_UI::soh::soh::SohGui::SohMenuSettings_cpp::L417,7,7,YES,0,PASS
SOH_UI,SOH_UI::soh::soh::SohGui::SohMenuSettings_cpp::L418,8,8,YES,0,PASS
SOH_UI,SOH_UI::soh::soh::SohGui::SohMenuSettings_cpp::L429,23,23,YES,0,PASS
SOH_UI,SOH_UI::soh::soh::SohGui::SohMenuSettings_cpp::L437,13,13,YES,0,PASS
SOH_UI,SOH_UI::soh::soh::SohGui::SohMenuSettings_cpp::L440,16,16,YES,0,PASS
SOH_UI,SOH_UI::soh::soh::SohGui::SohMenuSettings_cpp::L448,19,19,YES,0,PASS
SOH_UI,SOH_UI::soh::soh::SohGui::SohMenuSettings_cpp::L455,14,14,YES,0,PASS
SOH_UI,SOH_UI::soh::soh::SohGui::SohMenuSettings_cpp::L457,13,13,YES,0,PASS
SOH_UI,SOH_UI::soh::soh::SohGui::SohMenuSettings_cpp::L458,8,8,YES,0,PASS
SOH_UI,SOH_UI::soh::soh::SohGui::SohMenuSettings_cpp::L482,7,7,YES,0,PASS
SOH_UI,SOH_UI::soh::soh::SohGui::SohMenuSettings_cpp::L497,4,4,YES,0,PASS
SOH_UI,SOH_UI::soh::soh::SohGui::SohMenuSettings_cpp::L506,13,13,YES,0,PASS
SOH_UI,SOH_UI::soh::soh::SohGui::SohMenuSettings_cpp::L508,7,7,YES,0,PASS
SOH_UI,SOH_UI::soh::soh::SohGui::SohMenuEnhancements_cpp::L31,8,8,YES,0,PASS
SOH_UI,SOH_UI::soh::soh::SohGui::SohMenuEnhancements_cpp::L37,6,6,YES,0,PASS
SOH_UI,SOH_UI::soh::soh::SohGui::SohMenuEnhancements_cpp::L38,10,10,YES,0,PASS
SOH_UI,SOH_UI::soh::soh::SohGui::SohMenuEnhancements_cpp::L43,7,7,YES,0,PASS
SOH_UI,SOH_UI::soh::soh::SohGui::SohMenuEnhancements_cpp::L44,4,4,YES,0,PASS
SOH_UI,SOH_UI::soh::soh::SohGui::SohMenuEnhancements_cpp::L45,4,4,YES,0,PASS
SOH_UI,SOH_UI::soh::soh::SohGui::SohMenuEnhancements_cpp::L50,11,11,YES,0,PASS
SOH_UI,SOH_UI::soh::soh::SohGui::SohMenuEnhancements_cpp::L51,5,5,YES,0,PASS
SOH_UI,SOH_UI::soh::soh::SohGui::SohMenuEnhancements_cpp::L57,11,11,YES,0,PASS
SOH_UI,SOH_UI::soh::soh::SohGui::SohMenuEnhancements_cpp::L65,7,7,YES,0,PASS
SOH_UI,SOH_UI::soh::soh::SohGui::SohMenuEnhancements_cpp::L66,7,7,YES,0,PASS
SOH_UI,SOH_UI::soh::soh::SohGui::SohMenuEnhancements_cpp::L67,5,5,YES,0,PASS
SOH_UI,SOH_UI::soh::soh::SohGui::SohMenuEnhancements_cpp::L96,4,4,YES,0,PASS
SOH_UI,SOH_UI::soh::soh::SohGui::SohMenuEnhancements_cpp::L100,7,7,YES,0,PASS
SOH_UI,SOH_UI::soh::soh::SohGui::SohMenuEnhancements_cpp::L101,8,8,YES,0,PASS
SOH_UI,SOH_UI::soh::soh::SohGui::SohMenuEnhancements_cpp::L102,8,8,YES,0,PASS
SOH_UI,SOH_UI::soh::soh::SohGui::SohMenuEnhancements_cpp::L103,7,7,YES,0,PASS
SOH_UI,SOH_UI::soh::soh::SohGui::SohMenuEnhancements_cpp::L104,8,8,YES,0,PASS
SOH_UI,SOH_UI::soh::soh::SohGui::SohMenuEnhancements_cpp::L111,7,7,YES,0,PASS
SOH_UI,SOH_UI::soh::soh::SohGui::SohMenuEnhancements_cpp::L112,5,5,YES,0,PASS
SOH_UI,SOH_UI::soh::soh::SohGui::SohMenuEnhancements_cpp::L116,11,11,YES,0,PASS
SOH_UI,SOH_UI::soh::soh::SohGui::SohMenuEnhancements_cpp::L122,7,7,YES,0,PASS
SOH_UI,SOH_UI::soh::soh::SohGui::SohMenuEnhancements_cpp::L128,11,11,YES,0,PASS
SOH_UI,SOH_UI::soh::soh::SohGui::SohMenuEnhancements_cpp::L129,7,7,YES,0,PASS
SOH_UI,SOH_UI::soh::soh::SohGui::SohMenuEnhancements_cpp::L130,9,9,YES,0,PASS
SOH_UI,SOH_UI::soh::soh::SohGui::SohMenuEnhancements_cpp::L132,9,9,YES,0,PASS
SOH_UI,SOH_UI::soh::soh::SohGui::SohMenuEnhancements_cpp::L140,11,11,YES,0,PASS
SOH_UI,SOH_UI::soh::soh::SohGui::SohMenuEnhancements_cpp::L141,9,9,YES,0,PASS
SOH_UI,SOH_UI::soh::soh::SohGui::SohMenuEnhancements_cpp::L147,7,7,YES,0,PASS
SOH_UI,SOH_UI::soh::soh::SohGui::SohMenuEnhancements_cpp::L150,7,7,YES,0,PASS
SOH_UI,SOH_UI::soh::soh::SohGui::SohMenuEnhancements_cpp::L151,7,7,YES,0,PASS
SOH_UI,SOH_UI::soh::soh::SohGui::SohMenuEnhancements_cpp::L154,8,8,YES,0,PASS
SOH_UI,SOH_UI::soh::soh::SohGui::SohMenuEnhancements_cpp::L155,12,12,YES,0,PASS
SOH_UI,SOH_UI::soh::soh::SohGui::SohMenuEnhancements_cpp::L156,12,12,YES,0,PASS
SOH_UI,SOH_UI::soh::soh::SohGui::SohMenuEnhancements_cpp::L164,20,20,YES,0,PASS
SOH_UI,SOH_UI::soh::soh::SohGui::SohMenuEnhancements_cpp::L171,32,32,YES,0,PASS
SOH_UI,SOH_UI::soh::soh::SohGui::SohMenuEnhancements_cpp::L173,32,32,YES,0,PASS
SOH_UI,SOH_UI::soh::soh::SohGui::SohMenuEnhancements_cpp::L174,28,28,YES,0,PASS
SOH_UI,SOH_UI::soh::soh::SohGui::SohMenuEnhancements_cpp::L190,28,28,YES,0,PASS
SOH_UI,SOH_UI::soh::soh::SohGui::SohMenuEnhancements_cpp::L192,34,34,YES,0,PASS
SOH_UI,SOH_UI::soh::soh::SohGui::SohMenuEnhancements_cpp::L198,18,18,YES,0,PASS
SOH_UI,SOH_UI::soh::soh::SohGui::SohMenuEnhancements_cpp::L201,12,12,YES,0,PASS
SOH_UI,SOH_UI::soh::soh::SohGui::SohMenuEnhancements_cpp::L204,13,13,YES,0,PASS
SOH_UI,SOH_UI::soh::soh::SohGui::SohMenuEnhancements_cpp::L208,11,11,YES,0,PASS
SOH_UI,SOH_UI::soh::soh::SohGui::SohMenuEnhancements_cpp::L213,12,12,YES,0,PASS
SOH_UI,SOH_UI::soh::soh::SohGui::SohMenuEnhancements_cpp::L225,14,14,YES,0,PASS
SOH_UI,SOH_UI::soh::soh::SohGui::SohMenuEnhancements_cpp::L233,9,9,YES,0,PASS
SOH_UI,SOH_UI::soh::soh::SohGui::SohMenuEnhancements_cpp::L238,9,9,YES,0,PASS
SOH_UI,SOH_UI::soh::soh::SohGui::SohMenuEnhancements_cpp::L240,7,7,YES,0,PASS
SOH_UI,SOH_UI::soh::soh::SohGui::SohMenuEnhancements_cpp::L244,17,17,YES,0,PASS
SOH_UI,SOH_UI::soh::soh::SohGui::SohMenuEnhancements_cpp::L250,29,29,YES,0,PASS
SOH_UI,SOH_UI::soh::soh::SohGui::SohMenuEnhancements_cpp::L256,17,17,YES,0,PASS
SOH_UI,SOH_UI::soh::soh::SohGui::SohMenuEnhancements_cpp::L287,6,6,YES,0,PASS
SOH_UI,SOH_UI::soh::soh::SohGui::SohMenuEnhancements_cpp::L289,17,17,YES,0,PASS
SOH_UI,SOH_UI::soh::soh::SohGui::SohMenuEnhancements_cpp::L293,9,9,YES,0,PASS
SOH_UI,SOH_UI::soh::soh::SohGui::SohMenuEnhancements_cpp::L297,9,9,YES,0,PASS
SOH_UI,SOH_UI::soh::soh::SohGui::SohMenuEnhancements_cpp::L299,17,17,YES,0,PASS
SOH_UI,SOH_UI::soh::soh::SohGui::SohMenuEnhancements_cpp::L304,14,14,YES,0,PASS
SOH_UI,SOH_UI::soh::soh::SohGui::SohMenuEnhancements_cpp::L307,14,14,YES,0,PASS
SOH_UI,SOH_UI::soh::soh::SohGui::SohMenuEnhancements_cpp::L312,9,9,YES,0,PASS
SOH_UI,SOH_UI::soh::soh::SohGui::SohMenuEnhancements_cpp::L345,7,7,YES,0,PASS
SOH_UI,SOH_UI::soh::soh::SohGui::SohMenuEnhancements_cpp::L348,7,7,YES,0,PASS
SOH_UI,SOH_UI::soh::soh::SohGui::SohMenuEnhancements_cpp::L349,12,12,YES,0,PASS
SOH_UI,SOH_UI::soh::soh::SohGui::SohMenuEnhancements_cpp::L365,14,14,YES,0,PASS
SOH_UI,SOH_UI::soh::soh::SohGui::SohMenuEnhancements_cpp::L420,5,5,YES,0,PASS
SOH_UI,SOH_UI::soh::soh::SohGui::SohMenuEnhancements_cpp::L422,11,11,YES,0,PASS
SOH_UI,SOH_UI::soh::soh::SohGui::SohMenuEnhancements_cpp::L425,9,9,YES,0,PASS
SOH_UI,SOH_UI::soh::soh::SohGui::SohMenuEnhancements_cpp::L434,8,8,YES,0,PASS
SOH_UI,SOH_UI::soh::soh::SohGui::SohMenuEnhancements_cpp::L437,9,9,YES,0,PASS
SOH_UI,SOH_UI::soh::soh::SohGui::SohMenuEnhancements_cpp::L440,13,13,YES,0,PASS
SOH_UI,SOH_UI::soh::soh::SohGui::SohMenuEnhancements_cpp::L445,11,11,YES,0,PASS
SOH_UI,SOH_UI::soh::soh::SohGui::SohMenuEnhancements_cpp::L447,20,20,YES,0,PASS
SOH_UI,SOH_UI::soh::soh::SohGui::SohMenuEnhancements_cpp::L450,16,16,YES,0,PASS
SOH_UI,SOH_UI::soh::soh::SohGui::SohMenuEnhancements_cpp::L453,10,10,YES,0,PASS
SOH_UI,SOH_UI::soh::soh::SohGui::SohMenuEnhancements_cpp::L457,19,19,YES,0,PASS
SOH_UI,SOH_UI::soh::soh::SohGui::SohMenuEnhancements_cpp::L461,17,17,YES,0,PASS
SOH_UI,SOH_UI::soh::soh::SohGui::SohMenuEnhancements_cpp::L464,21,21,YES,0,PASS
SOH_UI,SOH_UI::soh::soh::SohGui::SohMenuEnhancements_cpp::L467,15,15,YES,0,PASS
SOH_UI,SOH_UI::soh::soh::SohGui::SohMenuEnhancements_cpp::L470,21,21,YES,0,PASS
SOH_UI,SOH_UI::soh::soh::SohGui::SohMenuEnhancements_cpp::L473,23,23,YES,0,PASS
SOH_UI,SOH_UI::soh::soh::SohGui::SohMenuEnhancements_cpp::L474,21,21,YES,0,PASS
SOH_UI,SOH_UI::soh::soh::SohGui::SohMenuEnhancements_cpp::L478,10,10,YES,0,PASS
SOH_UI,SOH_UI::soh::soh::SohGui::SohMenuEnhancements_cpp::L485,4,4,YES,0,PASS
SOH_UI,SOH_UI::soh::soh::SohGui::SohMenuEnhancements_cpp::L494,16,16,YES,0,PASS
SOH_UI,SOH_UI::soh::soh::SohGui::SohMenuEnhancements_cpp::L504,22,22,YES,0,PASS
SOH_UI,SOH_UI::soh::soh::SohGui::SohMenuEnhancements_cpp::L507,15,15,YES,0,PASS
SOH_UI,SOH_UI::soh::soh::SohGui::SohMenuEnhancements_cpp::L518,20,20,YES,0,PASS
SOH_UI,SOH_UI::soh::soh::SohGui::SohMenuEnhancements_cpp::L521,15,15,YES,0,PASS
SOH_UI,SOH_UI::soh::soh::SohGui::SohMenuEnhancements_cpp::L524,15,15,YES,0,PASS
SOH_UI,SOH_UI::soh::soh::SohGui::SohMenuEnhancements_cpp::L528,9,9,YES,0,PASS
SOH_UI,SOH_UI::soh::soh::SohGui::SohMenuEnhancements_cpp::L534,8,8,YES,0,PASS
SOH_UI,SOH_UI::soh::soh::SohGui::SohMenuEnhancements_cpp::L535,7,7,YES,0,PASS
SOH_UI,SOH_UI::soh::soh::SohGui::SohMenuEnhancements_cpp::L538,4,4,YES,0,PASS
SOH_UI,SOH_UI::soh::soh::SohGui::SohMenuEnhancements_cpp::L540,23,23,YES,0,PASS
SOH_UI,SOH_UI::soh::soh::SohGui::SohMenuEnhancements_cpp::L546,21,21,YES,0,PASS
SOH_UI,SOH_UI::soh::soh::SohGui::SohMenuEnhancements_cpp::L558,11,11,YES,0,PASS
SOH_UI,SOH_UI::soh::soh::SohGui::SohMenuEnhancements_cpp::L564,10,10,YES,0,PASS
SOH_UI,SOH_UI::soh::soh::SohGui::SohMenuEnhancements_cpp::L569,14,14,YES,0,PASS
SOH_UI,SOH_UI::soh::soh::SohGui::SohMenuEnhancements_cpp::L572,8,8,YES,0,PASS
SOH_UI,SOH_UI::soh::soh::SohGui::SohMenuEnhancements_cpp::L577,21,21,YES,0,PASS
SOH_UI,SOH_UI::soh::soh::SohGui::SohMenuEnhancements_cpp::L582,22,22,YES,0,PASS
SOH_UI,SOH_UI::soh::soh::SohGui::SohMenuEnhancements_cpp::L587,26,26,YES,0,PASS
SOH_UI,SOH_UI::soh::soh::SohGui::SohMenuEnhancements_cpp::L590,22,22,YES,0,PASS
SOH_UI,SOH_UI::soh::soh::SohGui::SohMenuEnhancements_cpp::L596,20,20,YES,0,PASS
SOH_UI,SOH_UI::soh::soh::SohGui::SohMenuEnhancements_cpp::L600,24,24,YES,0,PASS
SOH_UI,SOH_UI::soh::soh::SohGui::SohMenuEnhancements_cpp::L603,19,19,YES,0,PASS
SOH_UI,SOH_UI::soh::soh::SohGui::SohMenuEnhancements_cpp::L613,9,9,YES,0,PASS
SOH_UI,SOH_UI::soh::soh::SohGui::SohMenuEnhancements_cpp::L617,23,23,YES,0,PASS
SOH_UI,SOH_UI::soh::soh::SohGui::SohMenuEnhancements_cpp::L621,22,22,YES,0,PASS
SOH_UI,SOH_UI::soh::soh::SohGui::SohMenuEnhancements_cpp::L627,11,11,YES,0,PASS
SOH_UI,SOH_UI::soh::soh::SohGui::SohMenuEnhancements_cpp::L632,19,19,YES,0,PASS
SOH_UI,SOH_UI::soh::soh::SohGui::SohMenuEnhancements_cpp::L636,14,14,YES,0,PASS
SOH_UI,SOH_UI::soh::soh::SohGui::SohMenuEnhancements_cpp::L641,16,16,YES,0,PASS
SOH_UI,SOH_UI::soh::soh::SohGui::SohMenuEnhancements_cpp::L647,17,17,YES,0,PASS
SOH_UI,SOH_UI::soh::soh::SohGui::SohMenuEnhancements_cpp::L652,28,28,YES,0,PASS
SOH_UI,SOH_UI::soh::soh::SohGui::SohMenuEnhancements_cpp::L656,18,18,YES,0,PASS
SOH_UI,SOH_UI::soh::soh::SohGui::SohMenuEnhancements_cpp::L661,19,19,YES,0,PASS
SOH_UI,SOH_UI::soh::soh::SohGui::SohMenuEnhancements_cpp::L666,18,18,YES,0,PASS
SOH_UI,SOH_UI::soh::soh::SohGui::SohMenuEnhancements_cpp::L679,24,24,YES,0,PASS
SOH_UI,SOH_UI::soh::soh::SohGui::SohMenuEnhancements_cpp::L684,19,19,YES,0,PASS
SOH_UI,SOH_UI::soh::soh::SohGui::SohMenuEnhancements_cpp::L687,19,19,YES,0,PASS
SOH_UI,SOH_UI::soh::soh::SohGui::SohMenuEnhancements_cpp::L688,25,25,YES,0,PASS
SOH_UI,SOH_UI::soh::soh::SohGui::SohMenuEnhancements_cpp::L694,25,25,YES,0,PASS
SOH_UI,SOH_UI::soh::soh::SohGui::SohMenuEnhancements_cpp::L697,19,19,YES,0,PASS
SOH_UI,SOH_UI::soh::soh::SohGui::SohMenuEnhancements_cpp::L702,22,22,YES,0,PASS
SOH_UI,SOH_UI::soh::soh::SohGui::SohMenuEnhancements_cpp::L706,34,34,YES,0,PASS
SOH_UI,SOH_UI::soh::soh::SohGui::SohMenuEnhancements_cpp::L708,22,22,YES,0,PASS
SOH_UI,SOH_UI::soh::soh::SohGui::SohMenuEnhancements_cpp::L709,19,19,YES,0,PASS
SOH_UI,SOH_UI::soh::soh::SohGui::SohMenuEnhancements_cpp::L725,5,5,YES,0,PASS
SOH_UI,SOH_UI::soh::soh::SohGui::SohMenuEnhancements_cpp::L726,7,7,YES,0,PASS
SOH_UI,SOH_UI::soh::soh::SohGui::SohMenuEnhancements_cpp::L729,12,12,YES,0,PASS
SOH_UI,SOH_UI::soh::soh::SohGui::SohMenuEnhancements_cpp::L731,10,10,YES,0,PASS
SOH_UI,SOH_UI::soh::soh::SohGui::SohMenuEnhancements_cpp::L736,24,24,YES,0,PASS
SOH_UI,SOH_UI::soh::soh::SohGui::SohMenuEnhancements_cpp::L741,21,21,YES,0,PASS
SOH_UI,SOH_UI::soh::soh::SohGui::SohMenuEnhancements_cpp::L745,14,14,YES,0,PASS
SOH_UI,SOH_UI::soh::soh::SohGui::SohMenuEnhancements_cpp::L747,14,14,YES,0,PASS
SOH_UI,SOH_UI::soh::soh::SohGui::SohMenuEnhancements_cpp::L748,16,16,YES,0,PASS
SOH_UI,SOH_UI::soh::soh::SohGui::SohMenuEnhancements_cpp::L756,11,11,YES,0,PASS
SOH_UI,SOH_UI::soh::soh::SohGui::SohMenuEnhancements_cpp::L758,21,21,YES,0,PASS
SOH_UI,SOH_UI::soh::soh::SohGui::SohMenuEnhancements_cpp::L769,10,10,YES,0,PASS
SOH_UI,SOH_UI::soh::soh::SohGui::SohMenuEnhancements_cpp::L772,7,7,YES,0,PASS
SOH_UI,SOH_UI::soh::soh::SohGui::SohMenuEnhancements_cpp::L774,22,22,YES,0,PASS
SOH_UI,SOH_UI::soh::soh::SohGui::SohMenuEnhancements_cpp::L777,19,19,YES,0,PASS
SOH_UI,SOH_UI::soh::soh::SohGui::SohMenuEnhancements_cpp::L780,10,10,YES,0,PASS
SOH_UI,SOH_UI::soh::soh::SohGui::SohMenuEnhancements_cpp::L786,15,15,YES,0,PASS
SOH_UI,SOH_UI::soh::soh::SohGui::SohMenuEnhancements_cpp::L793,5,5,YES,0,PASS
SOH_UI,SOH_UI::soh::soh::SohGui::SohMenuEnhancements_cpp::L795,11,11,YES,0,PASS
SOH_UI,SOH_UI::soh::soh::SohGui::SohMenuEnhancements_cpp::L803,10,10,YES,0,PASS
SOH_UI,SOH_UI::soh::soh::SohGui::SohMenuEnhancements_cpp::L806,15,15,YES,0,PASS
SOH_UI,SOH_UI::soh::soh::SohGui::SohMenuEnhancements_cpp::L815,13,13,YES,0,PASS
SOH_UI,SOH_UI::soh::soh::SohGui::SohMenuEnhancements_cpp::L818,10,10,YES,0,PASS
SOH_UI,SOH_UI::soh::soh::SohGui::SohMenuEnhancements_cpp::L824,10,10,YES,0,PASS
SOH_UI,SOH_UI::soh::soh::SohGui::SohMenuEnhancements_cpp::L826,16,16,YES,0,PASS
SOH_UI,SOH_UI::soh::soh::SohGui::SohMenuEnhancements_cpp::L830,20,20,YES,0,PASS
SOH_UI,SOH_UI::soh::soh::SohGui::SohMenuEnhancements_cpp::L833,21,21,YES,0,PASS
SOH_UI,SOH_UI::soh::soh::SohGui::SohMenuEnhancements_cpp::L838,22,22,YES,0,PASS
SOH_UI,SOH_UI::soh::soh::SohGui::SohMenuEnhancements_cpp::L842,21,21,YES,0,PASS
SOH_UI,SOH_UI::soh::soh::SohGui::SohMenuEnhancements_cpp::L853,14,14,YES,0,PASS
SOH_UI,SOH_UI::soh::soh::SohGui::SohMenuEnhancements_cpp::L858,18,18,YES,0,PASS
SOH_UI,SOH_UI::soh::soh::SohGui::SohMenuEnhancements_cpp::L861,14,14,YES,0,PASS
SOH_UI,SOH_UI::soh::soh::SohGui::SohMenuEnhancements_cpp::L871,14,14,YES,0,PASS
SOH_UI,SOH_UI::soh::soh::SohGui::SohMenuEnhancements_cpp::L881,19,19,YES,0,PASS
SOH_UI,SOH_UI::soh::soh::SohGui::SohMenuEnhancements_cpp::L886,10,10,YES,0,PASS
SOH_UI,SOH_UI::soh::soh::SohGui::SohMenuEnhancements_cpp::L891,6,6,YES,0,PASS
SOH_UI,SOH_UI::soh::soh::SohGui::SohMenuEnhancements_cpp::L893,19,19,YES,0,PASS
SOH_UI,SOH_UI::soh::soh::SohGui::SohMenuEnhancements_cpp::L897,7,7,YES,0,PASS
SOH_UI,SOH_UI::soh::soh::SohGui::SohMenuEnhancements_cpp::L899,13,13,YES,0,PASS
SOH_UI,SOH_UI::soh::soh::SohGui::SohMenuEnhancements_cpp::L903,20,20,YES,0,PASS
SOH_UI,SOH_UI::soh::soh::SohGui::SohMenuEnhancements_cpp::L905,20,20,YES,0,PASS
SOH_UI,SOH_UI::soh::soh::SohGui::SohMenuEnhancements_cpp::L906,16,16,YES,0,PASS
SOH_UI,SOH_UI::soh::soh::SohGui::SohMenuEnhancements_cpp::L912,16,16,YES,0,PASS
SOH_UI,SOH_UI::soh::soh::SohGui::SohMenuEnhancements_cpp::L913,20,20,YES,0,PASS
SOH_UI,SOH_UI::soh::soh::SohGui::SohMenuEnhancements_cpp::L918,12,12,YES,0,PASS
SOH_UI,SOH_UI::soh::soh::SohGui::SohMenuEnhancements_cpp::L923,11,11,YES,0,PASS
SOH_UI,SOH_UI::soh::soh::SohGui::SohMenuEnhancements_cpp::L926,7,7,YES,0,PASS
SOH_UI,SOH_UI::soh::soh::SohGui::SohMenuEnhancements_cpp::L928,16,16,YES,0,PASS
SOH_UI,SOH_UI::soh::soh::SohGui::SohMenuEnhancements_cpp::L932,5,5,YES,0,PASS
SOH_UI,SOH_UI::soh::soh::SohGui::SohMenuEnhancements_cpp::L933,7,7,YES,0,PASS
SOH_UI,SOH_UI::soh::soh::SohGui::SohMenuEnhancements_cpp::L937,19,19,YES,0,PASS
SOH_UI,SOH_UI::soh::soh::SohGui::SohMenuEnhancements_cpp::L945,22,22,YES,0,PASS
SOH_UI,SOH_UI::soh::soh::SohGui::SohMenuEnhancements_cpp::L949,16,16,YES,0,PASS
SOH_UI,SOH_UI::soh::soh::SohGui::SohMenuEnhancements_cpp::L954,19,19,YES,0,PASS
SOH_UI,SOH_UI::soh::soh::SohGui::SohMenuEnhancements_cpp::L959,11,11,YES,0,PASS
SOH_UI,SOH_UI::soh::soh::SohGui::SohMenuEnhancements_cpp::L963,11,11,YES,0,PASS
SOH_UI,SOH_UI::soh::soh::SohGui::SohMenuEnhancements_cpp::L967,25,25,YES,0,PASS
SOH_UI,SOH_UI::soh::soh::SohGui::SohMenuEnhancements_cpp::L972,14,14,YES,0,PASS
SOH_UI,SOH_UI::soh::soh::SohGui::SohMenuEnhancements_cpp::L974,8,8,YES,0,PASS
SOH_UI,SOH_UI::soh::soh::SohGui::SohMenuEnhancements_cpp::L980,9,9,YES,0,PASS
SOH_UI,SOH_UI::soh::soh::SohGui::SohMenuEnhancements_cpp::L986,17,17,YES,0,PASS
SOH_UI,SOH_UI::soh::soh::SohGui::SohMenuEnhancements_cpp::L990,19,19,YES,0,PASS
SOH_UI,SOH_UI::soh::soh::SohGui::SohMenuEnhancements_cpp::L992,19,19,YES,0,PASS
SOH_UI,SOH_UI::soh::soh::SohGui::SohMenuEnhancements_cpp::L993,13,13,YES,0,PASS
SOH_UI,SOH_UI::soh::soh::SohGui::SohMenuEnhancements_cpp::L999,13,13,YES,0,PASS
SOH_UI,SOH_UI::soh::soh::SohGui::SohMenuEnhancements_cpp::L1001,19,19,YES,0,PASS
SOH_UI,SOH_UI::soh::soh::SohGui::SohMenuEnhancements_cpp::L1004,20,20,YES,0,PASS
SOH_UI,SOH_UI::soh::soh::SohGui::SohMenuEnhancements_cpp::L1023,14,14,YES,0,PASS
SOH_UI,SOH_UI::soh::soh::SohGui::SohMenuEnhancements_cpp::L1027,14,14,YES,0,PASS
SOH_UI,SOH_UI::soh::soh::SohGui::SohMenuEnhancements_cpp::L1032,24,24,YES,0,PASS
SOH_UI,SOH_UI::soh::soh::SohGui::SohMenuEnhancements_cpp::L1039,9,9,YES,0,PASS
SOH_UI,SOH_UI::soh::soh::SohGui::SohMenuEnhancements_cpp::L1043,21,21,YES,0,PASS
SOH_UI,SOH_UI::soh::soh::SohGui::SohMenuEnhancements_cpp::L1049,13,13,YES,0,PASS
SOH_UI,SOH_UI::soh::soh::SohGui::SohMenuEnhancements_cpp::L1055,11,11,YES,0,PASS
SOH_UI,SOH_UI::soh::soh::SohGui::SohMenuEnhancements_cpp::L1059,24,24,YES,0,PASS
SOH_UI,SOH_UI::soh::soh::SohGui::SohMenuEnhancements_cpp::L1065,14,14,YES,0,PASS
SOH_UI,SOH_UI::soh::soh::SohGui::SohMenuEnhancements_cpp::L1070,24,24,YES,0,PASS
SOH_UI,SOH_UI::soh::soh::SohGui::SohMenuEnhancements_cpp::L1075,13,13,YES,0,PASS
SOH_UI,SOH_UI::soh::soh::SohGui::SohMenuEnhancements_cpp::L1081,24,24,YES,0,PASS
SOH_UI,SOH_UI::soh::soh::SohGui::SohMenuEnhancements_cpp::L1099,23,23,YES,0,PASS
SOH_UI,SOH_UI::soh::soh::SohGui::SohMenuEnhancements_cpp::L1107,20,20,YES,0,PASS
SOH_UI,SOH_UI::soh::soh::SohGui::SohMenuEnhancements_cpp::L1112,10,10,YES,0,PASS
SOH_UI,SOH_UI::soh::soh::SohGui::SohMenuEnhancements_cpp::L1120,13,13,YES,0,PASS
SOH_UI,SOH_UI::soh::soh::SohGui::SohMenuEnhancements_cpp::L1125,10,10,YES,0,PASS
SOH_UI,SOH_UI::soh::soh::SohGui::SohMenuEnhancements_cpp::L1129,15,15,YES,0,PASS
SOH_UI,SOH_UI::soh::soh::SohGui::SohMenuEnhancements_cpp::L1136,12,12,YES,0,PASS
SOH_UI,SOH_UI::soh::soh::SohGui::SohMenuEnhancements_cpp::L1140,14,14,YES,0,PASS
SOH_UI,SOH_UI::soh::soh::SohGui::SohMenuEnhancements_cpp::L1144,11,11,YES,0,PASS
SOH_UI,SOH_UI::soh::soh::SohGui::SohMenuEnhancements_cpp::L1148,12,12,YES,0,PASS
SOH_UI,SOH_UI::soh::soh::SohGui::SohMenuEnhancements_cpp::L1153,14,14,YES,0,PASS
SOH_UI,SOH_UI::soh::soh::SohGui::SohMenuEnhancements_cpp::L1157,16,16,YES,0,PASS
SOH_UI,SOH_UI::soh::soh::SohGui::SohMenuEnhancements_cpp::L1164,18,18,YES,0,PASS
SOH_UI,SOH_UI::soh::soh::SohGui::SohMenuEnhancements_cpp::L1168,20,20,YES,0,PASS
SOH_UI,SOH_UI::soh::soh::SohGui::SohMenuEnhancements_cpp::L1172,10,10,YES,0,PASS
SOH_UI,SOH_UI::soh::soh::SohGui::SohMenuEnhancements_cpp::L1177,10,10,YES,0,PASS
SOH_UI,SOH_UI::soh::soh::SohGui::SohMenuEnhancements_cpp::L1178,7,7,YES,0,PASS
SOH_UI,SOH_UI::soh::soh::SohGui::SohMenuEnhancements_cpp::L1181,6,6,YES,0,PASS
SOH_UI,SOH_UI::soh::soh::SohGui::SohMenuEnhancements_cpp::L1183,18,18,YES,0,PASS
SOH_UI,SOH_UI::soh::soh::SohGui::SohMenuEnhancements_cpp::L1189,10,10,YES,0,PASS
SOH_UI,SOH_UI::soh::soh::SohGui::SohMenuEnhancements_cpp::L1201,14,14,YES,0,PASS
SOH_UI,SOH_UI::soh::soh::SohGui::SohMenuEnhancements_cpp::L1212,14,14,YES,0,PASS
SOH_UI,SOH_UI::soh::soh::SohGui::SohMenuEnhancements_cpp::L1224,14,14,YES,0,PASS
SOH_UI,SOH_UI::soh::soh::SohGui::SohMenuEnhancements_cpp::L1230,15,15,YES,0,PASS
SOH_UI,SOH_UI::soh::soh::SohGui::SohMenuEnhancements_cpp::L1233,12,12,YES,0,PASS
SOH_UI,SOH_UI::soh::soh::SohGui::SohMenuEnhancements_cpp::L1239,5,5,YES,0,PASS
SOH_UI,SOH_UI::soh::soh::SohGui::SohMenuEnhancements_cpp::L1241,13,13,YES,0,PASS
SOH_UI,SOH_UI::soh::soh::SohGui::SohMenuEnhancements_cpp::L1244,18,18,YES,0,PASS
SOH_UI,SOH_UI::soh::soh::SohGui::SohMenuEnhancements_cpp::L1254,15,15,YES,0,PASS
SOH_UI,SOH_UI::soh::soh::SohGui::SohMenuEnhancements_cpp::L1258,13,13,YES,0,PASS
SOH_UI,SOH_UI::soh::soh::SohGui::SohMenuEnhancements_cpp::L1264,13,13,YES,0,PASS
SOH_UI,SOH_UI::soh::soh::SohGui::SohMenuEnhancements_cpp::L1266,17,17,YES,0,PASS
SOH_UI,SOH_UI::soh::soh::SohGui::SohMenuEnhancements_cpp::L1271,21,21,YES,0,PASS
SOH_UI,SOH_UI::soh::soh::SohGui::SohMenuEnhancements_cpp::L1276,8,8,YES,0,PASS
SOH_UI,SOH_UI::soh::soh::SohGui::SohMenuEnhancements_cpp::L1279,8,8,YES,0,PASS
SOH_UI,SOH_UI::soh::soh::SohGui::SohMenuEnhancements_cpp::L1284,14,14,YES,0,PASS
SOH_UI,SOH_UI::soh::soh::SohGui::SohMenuEnhancements_cpp::L1287,21,21,YES,0,PASS
SOH_UI,SOH_UI::soh::soh::SohGui::SohMenuEnhancements_cpp::L1291,14,14,YES,0,PASS
SOH_UI,SOH_UI::soh::soh::SohGui::SohMenuEnhancements_cpp::L1296,7,7,YES,0,PASS
SOH_UI,SOH_UI::soh::soh::SohGui::SohMenuEnhancements_cpp::L1298,11,11,YES,0,PASS
SOH_UI,SOH_UI::soh::soh::SohGui::SohMenuEnhancements_cpp::L1302,12,12,YES,0,PASS
SOH_UI,SOH_UI::soh::soh::SohGui::SohMenuEnhancements_cpp::L1305,11,11,YES,0,PASS
SOH_UI,SOH_UI::soh::soh::SohGui::SohMenuEnhancements_cpp::L1307,15,15,YES,0,PASS
SOH_UI,SOH_UI::soh::soh::SohGui::SohMenuEnhancements_cpp::L1316,9,9,YES,0,PASS
SOH_UI,SOH_UI::soh::soh::SohGui::SohMenuEnhancements_cpp::L1317,7,7,YES,0,PASS
SOH_UI,SOH_UI::soh::soh::SohGui::SohMenuEnhancements_cpp::L1322,24,24,YES,0,PASS
SOH_UI,SOH_UI::soh::soh::SohGui::SohMenuEnhancements_cpp::L1326,24,24,YES,0,PASS
SOH_UI,SOH_UI::soh::soh::SohGui::SohMenuEnhancements_cpp::L1329,25,25,YES,0,PASS
SOH_UI,SOH_UI::soh::soh::SohGui::SohMenuEnhancements_cpp::L1333,20,20,YES,0,PASS
SOH_UI,SOH_UI::soh::soh::SohGui::SohMenuEnhancements_cpp::L1338,24,24,YES,0,PASS
SOH_UI,SOH_UI::soh::soh::SohGui::SohMenuEnhancements_cpp::L1347,24,24,YES,0,PASS
SOH_UI,SOH_UI::soh::soh::SohGui::SohMenuEnhancements_cpp::L1358,23,23,YES,0,PASS
SOH_UI,SOH_UI::soh::soh::SohGui::SohMenuEnhancements_cpp::L1361,23,23,YES,0,PASS
SOH_UI,SOH_UI::soh::soh::SohGui::SohMenuEnhancements_cpp::L1365,26,26,YES,0,PASS
SOH_UI,SOH_UI::soh::soh::SohGui::SohMenuEnhancements_cpp::L1369,24,24,YES,0,PASS
SOH_UI,SOH_UI::soh::soh::SohGui::SohMenuEnhancements_cpp::L1373,18,18,YES,0,PASS
SOH_UI,SOH_UI::soh::soh::SohGui::SohMenuEnhancements_cpp::L1383,25,25,YES,0,PASS
SOH_UI,SOH_UI::soh::soh::SohGui::SohMenuEnhancements_cpp::L1386,25,25,YES,0,PASS
SOH_UI,SOH_UI::soh::soh::SohGui::SohMenuEnhancements_cpp::L1390,19,19,YES,0,PASS
SOH_UI,SOH_UI::soh::soh::SohGui::SohMenuEnhancements_cpp::L1394,22,22,YES,0,PASS
SOH_UI,SOH_UI::soh::soh::SohGui::SohMenuEnhancements_cpp::L1398,19,19,YES,0,PASS
SOH_UI,SOH_UI::soh::soh::SohGui::SohMenuEnhancements_cpp::L1400,25,25,YES,0,PASS
SOH_UI,SOH_UI::soh::soh::SohGui::SohMenuEnhancements_cpp::L1401,22,22,YES,0,PASS
SOH_UI,SOH_UI::soh::soh::SohGui::SohMenuEnhancements_cpp::L1411,20,20,YES,0,PASS
SOH_UI,SOH_UI::soh::soh::SohGui::SohMenuEnhancements_cpp::L1414,20,20,YES,0,PASS
SOH_UI,SOH_UI::soh::soh::SohGui::SohMenuEnhancements_cpp::L1418,21,21,YES,0,PASS
SOH_UI,SOH_UI::soh::soh::SohGui::SohMenuEnhancements_cpp::L1427,24,24,YES,0,PASS
SOH_UI,SOH_UI::soh::soh::SohGui::SohMenuEnhancements_cpp::L1474,7,7,YES,0,PASS
SOH_UI,SOH_UI::soh::soh::SohGui::SohMenuEnhancements_cpp::L1476,16,16,YES,0,PASS
SOH_UI,SOH_UI::soh::soh::SohGui::SohMenuEnhancements_cpp::L1479,16,16,YES,0,PASS
SOH_UI,SOH_UI::soh::soh::SohGui::SohMenuEnhancements_cpp::L1483,14,14,YES,0,PASS
SOH_UI,SOH_UI::soh::soh::SohGui::SohMenuEnhancements_cpp::L1487,20,20,YES,0,PASS
SOH_UI,SOH_UI::soh::soh::SohGui::SohMenuEnhancements_cpp::L1491,15,15,YES,0,PASS
SOH_UI,SOH_UI::soh::soh::SohGui::SohMenuEnhancements_cpp::L1495,19,19,YES,0,PASS
SOH_UI,SOH_UI::soh::soh::SohGui::SohMenuEnhancements_cpp::L1500,20,20,YES,0,PASS
SOH_UI,SOH_UI::soh::soh::SohGui::SohMenuEnhancements_cpp::L1505,16,16,YES,0,PASS
SOH_UI,SOH_UI::soh::soh::SohGui::SohMenuEnhancements_cpp::L1510,22,22,YES,0,PASS
SOH_UI,SOH_UI::soh::soh::SohGui::SohMenuEnhancements_cpp::L1515,22,22,YES,0,PASS
SOH_UI,SOH_UI::soh::soh::SohGui::SohMenuEnhancements_cpp::L1522,7,7,YES,0,PASS
SOH_UI,SOH_UI::soh::soh::SohGui::SohMenuEnhancements_cpp::L1526,17,17,YES,0,PASS
SOH_UI,SOH_UI::soh::soh::SohGui::SohMenuEnhancements_cpp::L1547,19,19,YES,0,PASS
SOH_UI,SOH_UI::soh::soh::SohGui::SohMenuEnhancements_cpp::L1552,20,20,YES,0,PASS
SOH_UI,SOH_UI::soh::soh::SohGui::SohMenuEnhancements_cpp::L1555,9,9,YES,0,PASS
SOH_UI,SOH_UI::soh::soh::SohGui::SohMenuEnhancements_cpp::L1558,17,17,YES,0,PASS
SOH_UI,SOH_UI::soh::soh::SohGui::SohMenuEnhancements_cpp::L1559,9,9,YES,0,PASS
SOH_UI,SOH_UI::soh::soh::SohGui::SohMenuEnhancements_cpp::L1567,9,9,YES,0,PASS
SOH_UI,SOH_UI::soh::soh::SohGui::SohMenuEnhancements_cpp::L1570,13,13,YES,0,PASS
SOH_UI,SOH_UI::soh::soh::SohGui::SohMenuEnhancements_cpp::L1572,13,13,YES,0,PASS
SOH_UI,SOH_UI::soh::soh::SohGui::SohMenuEnhancements_cpp::L1635,17,17,YES,0,PASS
SOH_UI,SOH_UI::soh::soh::SohGui::SohMenuEnhancements_cpp::L1648,20,20,YES,0,PASS
SOH_UI,SOH_UI::soh::soh::SohGui::SohMenuEnhancements_cpp::L1651,21,21,YES,0,PASS
SOH_UI,SOH_UI::soh::soh::SohGui::SohMenuEnhancements_cpp::L1653,20,20,YES,0,PASS
SOH_UI,SOH_UI::soh::soh::SohGui::SohMenuEnhancements_cpp::L1658,17,17,YES,0,PASS
SOH_UI,SOH_UI::soh::soh::SohGui::SohMenuEnhancements_cpp::L1662,17,17,YES,0,PASS
SOH_UI,SOH_UI::soh::soh::SohGui::SohMenuEnhancements_cpp::L1664,17,17,YES,0,PASS
SOH_UI,SOH_UI::soh::soh::SohGui::SohMenuEnhancements_cpp::L1671,17,17,YES,0,PASS
SOH_UI,SOH_UI::soh::soh::SohGui::SohMenuEnhancements_cpp::L1679,6,6,YES,0,PASS
SOH_UI,SOH_UI::soh::soh::SohGui::SohMenuEnhancements_cpp::L1680,7,7,YES,0,PASS
SOH_UI,SOH_UI::soh::soh::SohGui::SohMenuEnhancements_cpp::L1684,5,5,YES,0,PASS
SOH_UI,SOH_UI::soh::soh::SohGui::SohMenuEnhancements_cpp::L1684,13,13,YES,0,PASS
SOH_UI,SOH_UI::soh::soh::SohGui::SohMenuEnhancements_cpp::L1685,6,6,YES,0,PASS
SOH_UI,SOH_UI::soh::soh::SohGui::SohMenuEnhancements_cpp::L1685,14,14,YES,0,PASS
SOH_UI,SOH_UI::soh::soh::SohGui::SohMenuEnhancements_cpp::L1686,4,4,YES,0,PASS
SOH_UI,SOH_UI::soh::soh::SohGui::SohMenuEnhancements_cpp::L1686,12,12,YES,0,PASS
SOH_UI,SOH_UI::soh::soh::SohGui::SohMenuEnhancements_cpp::L1687,5,5,YES,0,PASS
SOH_UI,SOH_UI::soh::soh::SohGui::SohMenuEnhancements_cpp::L1687,13,13,YES,0,PASS
SOH_UI,SOH_UI::soh::soh::SohGui::SohMenuEnhancements_cpp::L1688,13,13,YES,0,PASS
SOH_UI,SOH_UI::soh::soh::SohGui::SohMenuEnhancements_cpp::L1689,18,18,YES,0,PASS
SOH_UI,SOH_UI::soh::soh::SohGui::SohMenuEnhancements_cpp::L1691,5,5,YES,0,PASS
SOH_UI,SOH_UI::soh::soh::SohGui::SohMenuEnhancements_cpp::L1693,17,17,YES,0,PASS
SOH_UI,SOH_UI::soh::soh::SohGui::SohMenuEnhancements_cpp::L1697,15,15,YES,0,PASS
SOH_UI,SOH_UI::soh::soh::SohGui::SohMenuEnhancements_cpp::L1700,10,10,YES,0,PASS
SOH_UI,SOH_UI::soh::soh::SohGui::SohMenuEnhancements_cpp::L1703,19,19,YES,0,PASS
SOH_UI,SOH_UI::soh::soh::SohGui::SohMenuEnhancements_cpp::L1706,15,15,YES,0,PASS
SOH_UI,SOH_UI::soh::soh::SohGui::SohMenuEnhancements_cpp::L1710,9,9,YES,0,PASS
SOH_UI,SOH_UI::soh::soh::SohGui::SohMenuEnhancements_cpp::L1713,19,19,YES,0,PASS
SOH_UI,SOH_UI::soh::soh::SohGui::SohMenuEnhancements_cpp::L1716,18,18,YES,0,PASS
SOH_UI,SOH_UI::soh::soh::SohGui::SohMenuEnhancements_cpp::L1719,23,23,YES,0,PASS
SOH_UI,SOH_UI::soh::soh::SohGui::SohMenuEnhancements_cpp::L1723,4,4,YES,0,PASS
SOH_UI,SOH_UI::soh::soh::SohGui::SohMenuEnhancements_cpp::L1725,6,6,YES,0,PASS
SOH_UI,SOH_UI::soh::soh::SohGui::SohMenuEnhancements_cpp::L1728,15,15,YES,0,PASS
SOH_UI,SOH_UI::soh::soh::SohGui::SohMenuEnhancements_cpp::L1731,11,11,YES,0,PASS
SOH_UI,SOH_UI::soh::soh::SohGui::SohMenuEnhancements_cpp::L1734,14,14,YES,0,PASS
SOH_UI,SOH_UI::soh::soh::SohGui::SohMenuEnhancements_cpp::L1738,17,17,YES,0,PASS
SOH_UI,SOH_UI::soh::soh::SohGui::SohMenuEnhancements_cpp::L1743,16,16,YES,0,PASS
SOH_UI,SOH_UI::soh::soh::SohGui::SohMenuEnhancements_cpp::L1748,16,16,YES,0,PASS
SOH_UI,SOH_UI::soh::soh::SohGui::SohMenuEnhancements_cpp::L1752,7,7,YES,0,PASS
SOH_UI,SOH_UI::soh::soh::SohGui::SohMenuEnhancements_cpp::L1756,7,7,YES,0,PASS
SOH_UI,SOH_UI::soh::soh::SohGui::SohMenuEnhancements_cpp::L1766,12,12,YES,0,PASS
SOH_UI,SOH_UI::soh::soh::SohGui::SohMenuEnhancements_cpp::L1770,13,13,YES,0,PASS
SOH_UI,SOH_UI::soh::soh::SohGui::SohMenuEnhancements_cpp::L1773,13,13,YES,0,PASS
SOH_UI,SOH_UI::soh::soh::SohGui::SohMenuEnhancements_cpp::L1778,10,10,YES,0,PASS
SOH_UI,SOH_UI::soh::soh::SohGui::SohMenuEnhancements_cpp::L1781,8,8,YES,0,PASS
SOH_UI,SOH_UI::soh::soh::SohGui::SohMenuEnhancements_cpp::L1799,16,16,YES,0,PASS
SOH_UI,SOH_UI::soh::soh::SohGui::SohMenuEnhancements_cpp::L1801,17,17,YES,0,PASS
SOH_UI,SOH_UI::soh::soh::SohGui::SohMenuEnhancements_cpp::L1805,16,16,YES,0,PASS
SOH_UI,SOH_UI::soh::soh::SohGui::SohMenuEnhancements_cpp::L1806,17,17,YES,0,PASS
SOH_UI,SOH_UI::soh::soh::SohGui::SohMenuEnhancements_cpp::L1811,15,15,YES,0,PASS
SOH_UI,SOH_UI::soh::soh::SohGui::SohMenuEnhancements_cpp::L1814,15,15,YES,0,PASS
SOH_UI,SOH_UI::soh::soh::SohGui::SohMenuEnhancements_cpp::L1815,14,14,YES,0,PASS
SOH_UI,SOH_UI::soh::soh::SohGui::SohMenuEnhancements_cpp::L1817,14,14,YES,0,PASS
SOH_UI,SOH_UI::soh::soh::SohGui::SohMenuEnhancements_cpp::L1820,7,7,YES,0,PASS
SOH_UI,SOH_UI::soh::soh::SohGui::SohMenuEnhancements_cpp::L1826,14,14,YES,0,PASS
SOH_UI,SOH_UI::soh::soh::SohGui::SohMenuEnhancements_cpp::L1828,15,15,YES,0,PASS
SOH_UI,SOH_UI::soh::soh::SohGui::SohMenuEnhancements_cpp::L1832,7,7,YES,0,PASS
SOH_UI,SOH_UI::soh::soh::SohGui::SohMenuEnhancements_cpp::L1842,7,7,YES,0,PASS
SOH_UI,SOH_UI::soh::soh::SohGui::SohMenuEnhancements_cpp::L1845,15,15,YES,0,PASS
SOH_UI,SOH_UI::soh::soh::SohGui::SohMenuEnhancements_cpp::L1853,7,7,YES,0,PASS
SOH_UI,SOH_UI::soh::soh::SohGui::SohMenuEnhancements_cpp::L1855,11,11,YES,0,PASS
SOH_UI,SOH_UI::soh::soh::SohGui::SohMenuEnhancements_cpp::L1863,7,7,YES,0,PASS
SOH_UI,SOH_UI::soh::soh::SohGui::SohMenuEnhancements_cpp::L1865,13,13,YES,0,PASS
SOH_UI,SOH_UI::soh::soh::SohGui::SohMenuEnhancements_cpp::L1873,7,7,YES,0,PASS
SOH_UI,SOH_UI::soh::soh::SohGui::SohMenuEnhancements_cpp::L1875,10,10,YES,0,PASS
SOH_UI,SOH_UI::soh::soh::SohGui::SohMenuEnhancements_cpp::L1882,6,6,YES,0,PASS
SOH_UI,SOH_UI::soh::soh::SohGui::SohMenuEnhancements_cpp::L1883,7,7,YES,0,PASS
SOH_UI,SOH_UI::soh::soh::SohGui::SohMenuEnhancements_cpp::L1885,18,18,YES,0,PASS
SOH_UI,SOH_UI::soh::soh::SohGui::SohMenuEnhancements_cpp::L1890,9,9,YES,0,PASS
SOH_UI,SOH_UI::soh::soh::SohGui::SohMenuEnhancements_cpp::L1895,12,12,YES,0,PASS
SOH_UI,SOH_UI::soh::soh::SohGui::SohMenuRandomizer_cpp::L10,13,13,YES,0,PASS
SOH_UI,SOH_UI::soh::soh::SohGui::SohMenuRandomizer_cpp::L17,13,13,YES,0,PASS
SOH_UI,SOH_UI::soh::soh::SohGui::SohMenuRandomizer_cpp::L20,13,13,YES,0,PASS
SOH_UI,SOH_UI::soh::soh::SohGui::SohMenuRandomizer_cpp::L21,13,13,YES,0,PASS
SOH_UI,SOH_UI::soh::soh::SohGui::SohMenuRandomizer_cpp::L23,18,18,YES,0,PASS
SOH_UI,SOH_UI::soh::soh::SohGui::SohMenuRandomizer_cpp::L29,7,7,YES,0,PASS
SOH_UI,SOH_UI::soh::soh::SohGui::SohMenuRandomizer_cpp::L30,13,13,YES,0,PASS
SOH_UI,SOH_UI::soh::soh::SohGui::SohMenuRandomizer_cpp::L33,17,17,YES,0,PASS
SOH_UI,SOH_UI::soh::soh::SohGui::SohMenuRandomizer_cpp::L38,19,19,YES,0,PASS
SOH_UI,SOH_UI::soh::soh::SohGui::SohMenuRandomizer_cpp::L44,15,15,YES,0,PASS
SOH_UI,SOH_UI::soh::soh::SohGui::SohMenuRandomizer_cpp::L50,23,23,YES,0,PASS
SOH_UI,SOH_UI::soh::soh::SohGui::SohMenuRandomizer_cpp::L60,10,10,YES,0,PASS
SOH_UI,SOH_UI::soh::soh::SohGui::SohMenuRandomizer_cpp::L60,9,9,YES,0,PASS
SOH_UI,SOH_UI::soh::soh::SohGui::SohMenuRandomizer_cpp::L66,10,10,YES,0,PASS
SOH_UI,SOH_UI::soh::soh::SohGui::SohMenuRandomizer_cpp::L67,9,9,YES,0,PASS
SOH_UI,SOH_UI::soh::soh::SohGui::SohMenuRandomizer_cpp::L70,17,17,YES,0,PASS
SOH_UI,SOH_UI::soh::soh::SohGui::SohMenuRandomizer_cpp::L76,17,17,YES,0,PASS
SOH_UI,SOH_UI::soh::soh::SohGui::SohMenuRandomizer_cpp::L82,21,21,YES,0,PASS
SOH_UI,SOH_UI::soh::soh::SohGui::SohMenuRandomizer_cpp::L102,11,11,YES,0,PASS
SOH_UI,SOH_UI::soh::soh::SohGui::SohMenuRandomizer_cpp::L103,13,13,YES,0,PASS
SOH_UI,SOH_UI::soh::soh::SohGui::SohMenuRandomizer_cpp::L105,17,17,YES,0,PASS
SOH_UI,SOH_UI::soh::soh::SohGui::SohMenuRandomizer_cpp::L113,13,13,YES,0,PASS
SOH_UI,SOH_UI::soh::soh::SohGui::SohMenuRandomizer_cpp::L117,11,11,YES,0,PASS
SOH_UI,SOH_UI::soh::soh::SohGui::SohMenuRandomizer_cpp::L125,19,19,YES,0,PASS
SOH_UI,SOH_UI::soh::soh::SohGui::SohMenuRandomizer_cpp::L133,13,13,YES,0,PASS
SOH_UI,SOH_UI::soh::soh::SohGui::SohMenuRandomizer_cpp::L137,15,15,YES,0,PASS
SOH_UI,SOH_UI::soh::soh::SohGui::SohMenuRandomizer_cpp::L145,23,23,YES,0,PASS
SOH_UI,SOH_UI::soh::soh::SohGui::SohMenuRandomizer_cpp::L153,13,13,YES,0,PASS
SOH_UI,SOH_UI::soh::soh::SohGui::SohMenuRandomizer_cpp::L157,12,12,YES,0,PASS
SOH_UI,SOH_UI::soh::soh::SohGui::SohMenuRandomizer_cpp::L165,20,20,YES,0,PASS
SOH_UI,SOH_UI::soh::soh::SohGui::SohMenuNetwork_cpp::L17,7,7,YES,0,PASS
SOH_UI,SOH_UI::soh::soh::SohGui::SohMenuNetwork_cpp::L20,7,7,YES,0,PASS
SOH_UI,SOH_UI::soh::soh::SohGui::SohMenuNetwork_cpp::L20,4,4,YES,0,PASS
SOH_UI,SOH_UI::soh::soh::SohGui::SohMenuNetwork_cpp::L21,7,7,YES,0,PASS
SOH_UI,SOH_UI::soh::soh::SohGui::SohMenuNetwork_cpp::L45,4,4,YES,0,PASS
SOH_UI,SOH_UI::soh::soh::SohGui::SohMenuNetwork_cpp::L55,4,4,YES,0,PASS
SOH_UI,SOH_UI::soh::soh::SohGui::SohMenuNetwork_cpp::L64,12,12,YES,0,PASS
SOH_UI,SOH_UI::soh::soh::SohGui::SohMenuNetwork_cpp::L66,4,4,YES,0,PASS
SOH_UI,SOH_UI::soh::soh::SohGui::SohMenuNetwork_cpp::L67,4,4,YES,0,PASS
SOH_UI,SOH_UI::soh::soh::SohGui::SohMenuNetwork_cpp::L70,13,13,YES,0,PASS
SOH_UI,SOH_UI::soh::soh::SohGui::SohMenuNetwork_cpp::L72,12,12,YES,0,PASS
SOH_UI,SOH_UI::soh::soh::SohGui::SohMenuNetwork_cpp::L77,10,10,YES,0,PASS
SOH_UI,SOH_UI::soh::soh::SohGui::SohMenuNetwork_cpp::L81,10,10,YES,0,PASS
SOH_UI,SOH_UI::soh::soh::SohGui::SohMenuNetwork_cpp::L89,15,15,YES,0,PASS
SOH_UI,SOH_UI::soh::soh::SohGui::SohMenuNetwork_cpp::L96,7,7,YES,0,PASS
SOH_UI,SOH_UI::soh::soh::SohGui::SohMenuNetwork_cpp::L111,4,4,YES,0,PASS
SOH_UI,SOH_UI::soh::soh::SohGui::SohMenuNetwork_cpp::L121,4,4,YES,0,PASS
SOH_UI,SOH_UI::soh::soh::SohGui::SohMenuNetwork_cpp::L130,20,20,YES,0,PASS
SOH_UI,SOH_UI::soh::soh::SohGui::SohMenuNetwork_cpp::L132,4,4,YES,0,PASS
SOH_UI,SOH_UI::soh::soh::SohGui::SohMenuNetwork_cpp::L133,4,4,YES,0,PASS
SOH_UI,SOH_UI::soh::soh::SohGui::SohMenuNetwork_cpp::L136,21,21,YES,0,PASS
SOH_UI,SOH_UI::soh::soh::SohGui::SohMenuNetwork_cpp::L138,20,20,YES,0,PASS
SOH_UI,SOH_UI::soh::soh::SohGui::SohMenuNetwork_cpp::L143,10,10,YES,0,PASS
SOH_UI,SOH_UI::soh::soh::SohGui::SohMenuNetwork_cpp::L147,10,10,YES,0,PASS
SOH_UI,SOH_UI::soh::soh::SohGui::SohMenuNetwork_cpp::L155,9,9,YES,0,PASS
SOH_UI,SOH_UI::soh::soh::SohGui::SohMenuNetwork_cpp::L162,13,13,YES,0,PASS
SOH_UI,SOH_UI::soh::soh::SohGui::SohMenuNetwork_cpp::L167,27,27,YES,0,PASS
SOH_UI,SOH_UI::soh::soh::SohGui::SohMenu_cpp::L92,7,7,YES,0,PASS
SOH_UI,SOH_UI::soh::soh::SohGui::SohMenu_cpp::L94,7,7,YES,0,PASS
SOH_UI,SOH_UI::soh::soh::SohGui::SohMenu_cpp::L94,4,4,YES,0,PASS
SOH_UI,SOH_UI::soh::soh::SohGui::SohMenu_cpp::L95,7,7,YES,0,PASS
SOH_UI,SOH_UI::soh::soh::SohGui::SohMenu_cpp::L99,22,22,YES,0,PASS
SOH_UI,SOH_UI::soh::soh::SohGui::SohMenu_cpp::L150,16,16,YES,0,PASS
SOH_UI,SOH_UI::soh::soh::SohGui::SohMenu_cpp::L165,12,12,YES,0,PASS
SOH_UI,SOH_UI::soh::soh::SohGui::SohMenu_cpp::L180,12,12,YES,0,PASS
SOH_UI,SOH_UI::soh::soh::SohGui::SohMenu_cpp::L181,21,21,YES,0,PASS
SOH_UI,SOH_UI::soh::soh::SohGui::SohMenuBar_cpp::L67,7,7,YES,0,PASS
SOH_UI,SOH_UI::soh::soh::SohGui::SohMenuBar_cpp::L68,6,6,YES,0,PASS
SOH_UI,SOH_UI::soh::soh::SohGui::SohMenuBar_cpp::L69,5,5,YES,0,PASS
SOH_UI,SOH_UI::soh::soh::SohGui::SohMenuBar_cpp::L76,11,11,YES,0,PASS
SOH_UI,SOH_UI::soh::soh::SohGui::SohMenuBar_cpp::L78,6,6,YES,0,PASS
SOH_UI,SOH_UI::soh::soh::SohGui::SohMenuBar_cpp::L78,7,7,YES,0,PASS
SOH_UI,SOH_UI::soh::soh::SohGui::ResolutionEditor_cpp::L35,13,13,YES,0,PASS
SOH_UI,SOH_UI::soh::soh::SohGui::ResolutionEditor_cpp::L45,13,13,YES,0,PASS
SOH_UI,SOH_UI::soh::soh::SohGui::ResolutionEditor_cpp::L115,13,13,YES,0,PASS
SOH_UI,SOH_UI::soh::soh::SohGui::ResolutionEditor_cpp::L385,13,13,YES,0,PASS
SOH_UI,SOH_UI::soh::soh::SohGui::ResolutionEditor_cpp::L385,8,8,YES,0,PASS
SOH_UI,SOH_UI::soh::soh::SohGui::ResolutionEditor_cpp::L428,9,9,YES,0,PASS
SOH_UI,SOH_UI::soh::soh::SohGui::ResolutionEditor_cpp::L438,4,4,YES,0,PASS
SOH_UI,SOH_UI::soh::soh::SohGui::ResolutionEditor_cpp::L457,13,13,YES,0,PASS
SOH_UI,SOH_UI::soh::soh::SohGui::ResolutionEditor_cpp::L472,17,17,YES,0,PASS
SOH_UI,SOH_UI::soh::soh::SohGui::ResolutionEditor_cpp::L513,22,22,YES,0,PASS
SOH_UI,SOH_UI::soh::soh::SohGui::ResolutionEditor_cpp::L599,13,13,YES,0,PASS
SOH_UI,SOH_UI::soh::soh::SohGui::ResolutionEditor_cpp::L599,8,8,YES,0,PASS
SOH_UI,SOH_UI::soh::soh::Enhancements::mod_menu_cpp::L29,11,11,YES,0,PASS
SOH_UI,SOH_UI::soh::soh::Enhancements::mod_menu_cpp::L82,8,8,YES,0,PASS
SOH_UI,SOH_UI::soh::soh::Enhancements::mod_menu_cpp::L88,8,8,YES,0,PASS
SOH_UI,SOH_UI::soh::soh::Enhancements::mod_menu_cpp::L301,4,4,YES,0,PASS
SOH_UI,SOH_UI::soh::soh::Enhancements::mod_menu_cpp::L309,8,8,YES,0,PASS
SOH_UI,SOH_UI::soh::soh::Enhancements::mod_menu_cpp::L317,6,6,YES,0,PASS
SOH_UI,SOH_UI::soh::soh::Enhancements::mod_menu_cpp::L318,8,8,YES,0,PASS
SOH_UI,SOH_UI::soh::soh::Enhancements::mod_menu_cpp::L367,9,9,YES,0,PASS
SOH_UI,SOH_UI::soh::soh::Enhancements::mod_menu_cpp::L377,13,13,YES,0,PASS
SOH_UI,SOH_UI::soh::soh::Enhancements::mod_menu_cpp::L387,13,13,YES,0,PASS
SOH_UI,SOH_UI::soh::soh::Enhancements::cosmetics::CosmeticsEditor_cpp::L72,4,4,YES,0,PASS
SOH_UI,SOH_UI::soh::soh::Enhancements::cosmetics::CosmeticsEditor_cpp::L74,7,7,YES,0,PASS
SOH_UI,SOH_UI::soh::soh::Enhancements::cosmetics::CosmeticsEditor_cpp::L75,7,7,YES,0,PASS
SOH_UI,SOH_UI::soh::soh::Enhancements::cosmetics::CosmeticsEditor_cpp::L76,12,12,YES,0,PASS
SOH_UI,SOH_UI::soh::soh::Enhancements::cosmetics::CosmeticsEditor_cpp::L77,7,7,YES,0,PASS
SOH_UI,SOH_UI::soh::soh::Enhancements::cosmetics::CosmeticsEditor_cpp::L80,11,11,YES,0,PASS
SOH_UI,SOH_UI::soh::soh::Enhancements::cosmetics::CosmeticsEditor_cpp::L84,4,4,YES,0,PASS
SOH_UI,SOH_UI::soh::soh::Enhancements::cosmetics::CosmeticsEditor_cpp::L85,5,5,YES,0,PASS
SOH_UI,SOH_UI::soh::soh::Enhancements::cosmetics::CosmeticsEditor_cpp::L89,7,7,YES,0,PASS
SOH_UI,SOH_UI::soh::soh::Enhancements::cosmetics::CosmeticsEditor_cpp::L90,4,4,YES,0,PASS
SOH_UI,SOH_UI::soh::soh::Enhancements::cosmetics::CosmeticsEditor_cpp::L91,4,4,YES,0,PASS
SOH_UI,SOH_UI::soh::soh::Enhancements::cosmetics::CosmeticsEditor_cpp::L92,7,7,YES,0,PASS
SOH_UI,SOH_UI::soh::soh::Enhancements::cosmetics::CosmeticsEditor_cpp::L204,7,7,YES,0,PASS
SOH_UI,SOH_UI::soh::soh::Enhancements::cosmetics::CosmeticsEditor_cpp::L205,11,11,YES,0,PASS
SOH_UI,SOH_UI::soh::soh::Enhancements::cosmetics::CosmeticsEditor_cpp::L206,5,5,YES,0,PASS
SOH_UI,SOH_UI::soh::soh::Enhancements::cosmetics::CosmeticsEditor_cpp::L208,6,6,YES,0,PASS
SOH_UI,SOH_UI::soh::soh::Enhancements::cosmetics::CosmeticsEditor_cpp::L209,6,6,YES,0,PASS
SOH_UI,SOH_UI::soh::soh::Enhancements::cosmetics::CosmeticsEditor_cpp::L210,6,6,YES,0,PASS
SOH_UI,SOH_UI::soh::soh::Enhancements::cosmetics::CosmeticsEditor_cpp::L248,6,6,YES,0,PASS
SOH_UI,SOH_UI::soh::soh::Enhancements::cosmetics::CosmeticsEditor_cpp::L252,5,5,YES,0,PASS
SOH_UI,SOH_UI::soh::soh::Enhancements::cosmetics::CosmeticsEditor_cpp::L254,24,24,YES,0,PASS
SOH_UI,SOH_UI::soh::soh::Enhancements::cosmetics::CosmeticsEditor_cpp::L308,4,4,YES,0,PASS
SOH_UI,SOH_UI::soh::soh::Enhancements::cosmetics::CosmeticsEditor_cpp::L311,7,7,YES,0,PASS
SOH_UI,SOH_UI::soh::soh::Enhancements::cosmetics::CosmeticsEditor_cpp::L338,5,5,YES,0,PASS
SOH_UI,SOH_UI::soh::soh::Enhancements::cosmetics::CosmeticsEditor_cpp::L408,7,7,YES,0,PASS
SOH_UI,SOH_UI::soh::soh::Enhancements::cosmetics::CosmeticsEditor_cpp::L409,7,7,YES,0,PASS
SOH_UI,SOH_UI::soh::soh::Enhancements::cosmetics::CosmeticsEditor_cpp::L413,5,5,YES,0,PASS
SOH_UI,SOH_UI::soh::soh::Enhancements::cosmetics::CosmeticsEditor_cpp::L414,6,6,YES,0,PASS
SOH_UI,SOH_UI::soh::soh::Enhancements::cosmetics::CosmeticsEditor_cpp::L417,4,4,YES,0,PASS
SOH_UI,SOH_UI::soh::soh::Enhancements::cosmetics::CosmeticsEditor_cpp::L442,6,6,YES,0,PASS
SOH_UI,SOH_UI::soh::soh::Enhancements::cosmetics::CosmeticsEditor_cpp::L443,6,6,YES,0,PASS
SOH_UI,SOH_UI::soh::soh::Enhancements::cosmetics::CosmeticsEditor_cpp::L521,12,12,YES,0,PASS
SOH_UI,SOH_UI::soh::soh::Enhancements::cosmetics::CosmeticsEditor_cpp::L545,11,11,YES,0,PASS
SOH_UI,SOH_UI::soh::soh::Enhancements::cosmetics::CosmeticsEditor_cpp::L572,21,21,YES,0,PASS
SOH_UI,SOH_UI::soh::soh::Enhancements::cosmetics::CosmeticsEditor_cpp::L574,21,21,YES,0,PASS
SOH_UI,SOH_UI::soh::soh::Enhancements::cosmetics::CosmeticsEditor_cpp::L581,23,23,YES,0,PASS
SOH_UI,SOH_UI::soh::soh::Enhancements::cosmetics::CosmeticsEditor_cpp::L583,23,23,YES,0,PASS
SOH_UI,SOH_UI::soh::soh::Enhancements::cosmetics::CosmeticsEditor_cpp::L590,16,16,YES,0,PASS
SOH_UI,SOH_UI::soh::soh::Enhancements::cosmetics::CosmeticsEditor_cpp::L592,16,16,YES,0,PASS
SOH_UI,SOH_UI::soh::soh::Enhancements::cosmetics::CosmeticsEditor_cpp::L594,16,16,YES,0,PASS
SOH_UI,SOH_UI::soh::soh::Enhancements::cosmetics::CosmeticsEditor_cpp::L596,16,16,YES,0,PASS
SOH_UI,SOH_UI::soh::soh::Enhancements::cosmetics::CosmeticsEditor_cpp::L603,15,15,YES,0,PASS
SOH_UI,SOH_UI::soh::soh::Enhancements::cosmetics::CosmeticsEditor_cpp::L605,15,15,YES,0,PASS
SOH_UI,SOH_UI::soh::soh::Enhancements::cosmetics::CosmeticsEditor_cpp::L607,15,15,YES,0,PASS
SOH_UI,SOH_UI::soh::soh::Enhancements::cosmetics::CosmeticsEditor_cpp::L609,15,15,YES,0,PASS
SOH_UI,SOH_UI::soh::soh::Enhancements::cosmetics::CosmeticsEditor_cpp::L616,10,10,YES,0,PASS
SOH_UI,SOH_UI::soh::soh::Enhancements::cosmetics::CosmeticsEditor_cpp::L618,10,10,YES,0,PASS
SOH_UI,SOH_UI::soh::soh::Enhancements::cosmetics::CosmeticsEditor_cpp::L620,10,10,YES,0,PASS
SOH_UI,SOH_UI::soh::soh::Enhancements::cosmetics::CosmeticsEditor_cpp::L622,10,10,YES,0,PASS
SOH_UI,SOH_UI::soh::soh::Enhancements::cosmetics::CosmeticsEditor_cpp::L626,10,10,YES,0,PASS
SOH_UI,SOH_UI::soh::soh::Enhancements::cosmetics::CosmeticsEditor_cpp::L627,10,10,YES,0,PASS
SOH_UI,SOH_UI::soh::soh::Enhancements::cosmetics::CosmeticsEditor_cpp::L628,10,10,YES,0,PASS
SOH_UI,SOH_UI::soh::soh::Enhancements::cosmetics::CosmeticsEditor_cpp::L629,10,10,YES,0,PASS
SOH_UI,SOH_UI::soh::soh::Enhancements::cosmetics::CosmeticsEditor_cpp::L630,10,10,YES,0,PASS
SOH_UI,SOH_UI::soh::soh::Enhancements::cosmetics::CosmeticsEditor_cpp::L631,11,11,YES,0,PASS
SOH_UI,SOH_UI::soh::soh::Enhancements::cosmetics::CosmeticsEditor_cpp::L632,11,11,YES,0,PASS
SOH_UI,SOH_UI::soh::soh::Enhancements::cosmetics::CosmeticsEditor_cpp::L633,11,11,YES,0,PASS
SOH_UI,SOH_UI::soh::soh::Enhancements::cosmetics::CosmeticsEditor_cpp::L634,11,11,YES,0,PASS
SOH_UI,SOH_UI::soh::soh::Enhancements::cosmetics::CosmeticsEditor_cpp::L635,11,11,YES,0,PASS
SOH_UI,SOH_UI::soh::soh::Enhancements::cosmetics::CosmeticsEditor_cpp::L642,11,11,YES,0,PASS
SOH_UI,SOH_UI::soh::soh::Enhancements::cosmetics::CosmeticsEditor_cpp::L644,11,11,YES,0,PASS
SOH_UI,SOH_UI::soh::soh::Enhancements::cosmetics::CosmeticsEditor_cpp::L646,11,11,YES,0,PASS
SOH_UI,SOH_UI::soh::soh::Enhancements::cosmetics::CosmeticsEditor_cpp::L648,11,11,YES,0,PASS
SOH_UI,SOH_UI::soh::soh::Enhancements::cosmetics::CosmeticsEditor_cpp::L650,11,11,YES,0,PASS
SOH_UI,SOH_UI::soh::soh::Enhancements::cosmetics::CosmeticsEditor_cpp::L652,11,11,YES,0,PASS
SOH_UI,SOH_UI::soh::soh::Enhancements::cosmetics::CosmeticsEditor_cpp::L654,11,11,YES,0,PASS
SOH_UI,SOH_UI::soh::soh::Enhancements::cosmetics::CosmeticsEditor_cpp::L656,11,11,YES,0,PASS
SOH_UI,SOH_UI::soh::soh::Enhancements::cosmetics::CosmeticsEditor_cpp::L658,11,11,YES,0,PASS
SOH_UI,SOH_UI::soh::soh::Enhancements::cosmetics::CosmeticsEditor_cpp::L660,12,12,YES,0,PASS
SOH_UI,SOH_UI::soh::soh::Enhancements::cosmetics::CosmeticsEditor_cpp::L662,12,12,YES,0,PASS
SOH_UI,SOH_UI::soh::soh::Enhancements::cosmetics::CosmeticsEditor_cpp::L664,12,12,YES,0,PASS
SOH_UI,SOH_UI::soh::soh::Enhancements::cosmetics::CosmeticsEditor_cpp::L666,12,12,YES,0,PASS
SOH_UI,SOH_UI::soh::soh::Enhancements::cosmetics::CosmeticsEditor_cpp::L668,12,12,YES,0,PASS
SOH_UI,SOH_UI::soh::soh::Enhancements::cosmetics::CosmeticsEditor_cpp::L670,12,12,YES,0,PASS
SOH_UI,SOH_UI::soh::soh::Enhancements::cosmetics::CosmeticsEditor_cpp::L672,12,12,YES,0,PASS
SOH_UI,SOH_UI::soh::soh::Enhancements::cosmetics::CosmeticsEditor_cpp::L674,12,12,YES,0,PASS
SOH_UI,SOH_UI::soh::soh::Enhancements::cosmetics::CosmeticsEditor_cpp::L676,12,12,YES,0,PASS
SOH_UI,SOH_UI::soh::soh::Enhancements::cosmetics::CosmeticsEditor_cpp::L678,12,12,YES,0,PASS
SOH_UI,SOH_UI::soh::soh::Enhancements::cosmetics::CosmeticsEditor_cpp::L680,12,12,YES,0,PASS
SOH_UI,SOH_UI::soh::soh::Enhancements::cosmetics::CosmeticsEditor_cpp::L682,12,12,YES,0,PASS
SOH_UI,SOH_UI::soh::soh::Enhancements::cosmetics::CosmeticsEditor_cpp::L684,12,12,YES,0,PASS
SOH_UI,SOH_UI::soh::soh::Enhancements::cosmetics::CosmeticsEditor_cpp::L688,12,12,YES,0,PASS
SOH_UI,SOH_UI::soh::soh::Enhancements::cosmetics::CosmeticsEditor_cpp::L690,12,12,YES,0,PASS
SOH_UI,SOH_UI::soh::soh::Enhancements::cosmetics::CosmeticsEditor_cpp::L692,12,12,YES,0,PASS
SOH_UI,SOH_UI::soh::soh::Enhancements::cosmetics::CosmeticsEditor_cpp::L694,12,12,YES,0,PASS
SOH_UI,SOH_UI::soh::soh::Enhancements::cosmetics::CosmeticsEditor_cpp::L696,12,12,YES,0,PASS
SOH_UI,SOH_UI::soh::soh::Enhancements::cosmetics::CosmeticsEditor_cpp::L698,12,12,YES,0,PASS
SOH_UI,SOH_UI::soh::soh::Enhancements::cosmetics::CosmeticsEditor_cpp::L700,12,12,YES,0,PASS
SOH_UI,SOH_UI::soh::soh::Enhancements::cosmetics::CosmeticsEditor_cpp::L702,12,12,YES,0,PASS
SOH_UI,SOH_UI::soh::soh::Enhancements::cosmetics::CosmeticsEditor_cpp::L704,12,12,YES,0,PASS
SOH_UI,SOH_UI::soh::soh::Enhancements::cosmetics::CosmeticsEditor_cpp::L706,12,12,YES,0,PASS
SOH_UI,SOH_UI::soh::soh::Enhancements::cosmetics::CosmeticsEditor_cpp::L708,12,12,YES,0,PASS
SOH_UI,SOH_UI::soh::soh::Enhancements::cosmetics::CosmeticsEditor_cpp::L716,11,11,YES,0,PASS
SOH_UI,SOH_UI::soh::soh::Enhancements::cosmetics::CosmeticsEditor_cpp::L718,11,11,YES,0,PASS
SOH_UI,SOH_UI::soh::soh::Enhancements::cosmetics::CosmeticsEditor_cpp::L720,11,11,YES,0,PASS
SOH_UI,SOH_UI::soh::soh::Enhancements::cosmetics::CosmeticsEditor_cpp::L722,11,11,YES,0,PASS
SOH_UI,SOH_UI::soh::soh::Enhancements::cosmetics::CosmeticsEditor_cpp::L726,11,11,YES,0,PASS
SOH_UI,SOH_UI::soh::soh::Enhancements::cosmetics::CosmeticsEditor_cpp::L727,11,11,YES,0,PASS
SOH_UI,SOH_UI::soh::soh::Enhancements::cosmetics::CosmeticsEditor_cpp::L728,11,11,YES,0,PASS
SOH_UI,SOH_UI::soh::soh::Enhancements::cosmetics::CosmeticsEditor_cpp::L729,11,11,YES,0,PASS
SOH_UI,SOH_UI::soh::soh::Enhancements::cosmetics::CosmeticsEditor_cpp::L730,11,11,YES,0,PASS
SOH_UI,SOH_UI::soh::soh::Enhancements::cosmetics::CosmeticsEditor_cpp::L731,12,12,YES,0,PASS
SOH_UI,SOH_UI::soh::soh::Enhancements::cosmetics::CosmeticsEditor_cpp::L732,12,12,YES,0,PASS
SOH_UI,SOH_UI::soh::soh::Enhancements::cosmetics::CosmeticsEditor_cpp::L733,12,12,YES,0,PASS
SOH_UI,SOH_UI::soh::soh::Enhancements::cosmetics::CosmeticsEditor_cpp::L734,12,12,YES,0,PASS
SOH_UI,SOH_UI::soh::soh::Enhancements::cosmetics::CosmeticsEditor_cpp::L735,12,12,YES,0,PASS
SOH_UI,SOH_UI::soh::soh::Enhancements::cosmetics::CosmeticsEditor_cpp::L736,12,12,YES,0,PASS
SOH_UI,SOH_UI::soh::soh::Enhancements::cosmetics::CosmeticsEditor_cpp::L737,12,12,YES,0,PASS
SOH_UI,SOH_UI::soh::soh::Enhancements::cosmetics::CosmeticsEditor_cpp::L738,12,12,YES,0,PASS
SOH_UI,SOH_UI::soh::soh::Enhancements::cosmetics::CosmeticsEditor_cpp::L739,12,12,YES,0,PASS
SOH_UI,SOH_UI::soh::soh::Enhancements::cosmetics::CosmeticsEditor_cpp::L740,12,12,YES,0,PASS
SOH_UI,SOH_UI::soh::soh::Enhancements::cosmetics::CosmeticsEditor_cpp::L741,12,12,YES,0,PASS
SOH_UI,SOH_UI::soh::soh::Enhancements::cosmetics::CosmeticsEditor_cpp::L742,12,12,YES,0,PASS
SOH_UI,SOH_UI::soh::soh::Enhancements::cosmetics::CosmeticsEditor_cpp::L743,12,12,YES,0,PASS
SOH_UI,SOH_UI::soh::soh::Enhancements::cosmetics::CosmeticsEditor_cpp::L744,12,12,YES,0,PASS
SOH_UI,SOH_UI::soh::soh::Enhancements::cosmetics::CosmeticsEditor_cpp::L745,12,12,YES,0,PASS
SOH_UI,SOH_UI::soh::soh::Enhancements::cosmetics::CosmeticsEditor_cpp::L746,12,12,YES,0,PASS
SOH_UI,SOH_UI::soh::soh::Enhancements::cosmetics::CosmeticsEditor_cpp::L747,12,12,YES,0,PASS
SOH_UI,SOH_UI::soh::soh::Enhancements::cosmetics::CosmeticsEditor_cpp::L748,12,12,YES,0,PASS
SOH_UI,SOH_UI::soh::soh::Enhancements::cosmetics::CosmeticsEditor_cpp::L749,12,12,YES,0,PASS
SOH_UI,SOH_UI::soh::soh::Enhancements::cosmetics::CosmeticsEditor_cpp::L756,18,18,YES,0,PASS
SOH_UI,SOH_UI::soh::soh::Enhancements::cosmetics::CosmeticsEditor_cpp::L758,18,18,YES,0,PASS
SOH_UI,SOH_UI::soh::soh::Enhancements::cosmetics::CosmeticsEditor_cpp::L760,18,18,YES,0,PASS
SOH_UI,SOH_UI::soh::soh::Enhancements::cosmetics::CosmeticsEditor_cpp::L762,18,18,YES,0,PASS
SOH_UI,SOH_UI::soh::soh::Enhancements::cosmetics::CosmeticsEditor_cpp::L764,18,18,YES,0,PASS
SOH_UI,SOH_UI::soh::soh::Enhancements::cosmetics::CosmeticsEditor_cpp::L766,18,18,YES,0,PASS
SOH_UI,SOH_UI::soh::soh::Enhancements::cosmetics::CosmeticsEditor_cpp::L768,18,18,YES,0,PASS
SOH_UI,SOH_UI::soh::soh::Enhancements::cosmetics::CosmeticsEditor_cpp::L770,18,18,YES,0,PASS
SOH_UI,SOH_UI::soh::soh::Enhancements::cosmetics::CosmeticsEditor_cpp::L776,20,20,YES,0,PASS
SOH_UI,SOH_UI::soh::soh::Enhancements::cosmetics::CosmeticsEditor_cpp::L778,20,20,YES,0,PASS
SOH_UI,SOH_UI::soh::soh::Enhancements::cosmetics::CosmeticsEditor_cpp::L780,20,20,YES,0,PASS
SOH_UI,SOH_UI::soh::soh::Enhancements::cosmetics::CosmeticsEditor_cpp::L782,20,20,YES,0,PASS
SOH_UI,SOH_UI::soh::soh::Enhancements::cosmetics::CosmeticsEditor_cpp::L784,20,20,YES,0,PASS
SOH_UI,SOH_UI::soh::soh::Enhancements::cosmetics::CosmeticsEditor_cpp::L786,20,20,YES,0,PASS
SOH_UI,SOH_UI::soh::soh::Enhancements::cosmetics::CosmeticsEditor_cpp::L788,20,20,YES,0,PASS
SOH_UI,SOH_UI::soh::soh::Enhancements::cosmetics::CosmeticsEditor_cpp::L790,20,20,YES,0,PASS
SOH_UI,SOH_UI::soh::soh::Enhancements::cosmetics::CosmeticsEditor_cpp::L796,20,20,YES,0,PASS
SOH_UI,SOH_UI::soh::soh::Enhancements::cosmetics::CosmeticsEditor_cpp::L798,20,20,YES,0,PASS
SOH_UI,SOH_UI::soh::soh::Enhancements::cosmetics::CosmeticsEditor_cpp::L800,20,20,YES,0,PASS
SOH_UI,SOH_UI::soh::soh::Enhancements::cosmetics::CosmeticsEditor_cpp::L802,20,20,YES,0,PASS
SOH_UI,SOH_UI::soh::soh::Enhancements::cosmetics::CosmeticsEditor_cpp::L804,20,20,YES,0,PASS
SOH_UI,SOH_UI::soh::soh::Enhancements::cosmetics::CosmeticsEditor_cpp::L806,20,20,YES,0,PASS
SOH_UI,SOH_UI::soh::soh::Enhancements::cosmetics::CosmeticsEditor_cpp::L808,20,20,YES,0,PASS
SOH_UI,SOH_UI::soh::soh::Enhancements::cosmetics::CosmeticsEditor_cpp::L810,20,20,YES,0,PASS
SOH_UI,SOH_UI::soh::soh::Enhancements::cosmetics::CosmeticsEditor_cpp::L817,19,19,YES,0,PASS
SOH_UI,SOH_UI::soh::soh::Enhancements::cosmetics::CosmeticsEditor_cpp::L819,19,19,YES,0,PASS
SOH_UI,SOH_UI::soh::soh::Enhancements::cosmetics::CosmeticsEditor_cpp::L821,19,19,YES,0,PASS
SOH_UI,SOH_UI::soh::soh::Enhancements::cosmetics::CosmeticsEditor_cpp::L823,19,19,YES,0,PASS
SOH_UI,SOH_UI::soh::soh::Enhancements::cosmetics::CosmeticsEditor_cpp::L830,18,18,YES,0,PASS
SOH_UI,SOH_UI::soh::soh::Enhancements::cosmetics::CosmeticsEditor_cpp::L832,18,18,YES,0,PASS
SOH_UI,SOH_UI::soh::soh::Enhancements::cosmetics::CosmeticsEditor_cpp::L833,18,18,YES,0,PASS
SOH_UI,SOH_UI::soh::soh::Enhancements::cosmetics::CosmeticsEditor_cpp::L835,18,18,YES,0,PASS
SOH_UI,SOH_UI::soh::soh::Enhancements::cosmetics::CosmeticsEditor_cpp::L837,18,18,YES,0,PASS
SOH_UI,SOH_UI::soh::soh::Enhancements::cosmetics::CosmeticsEditor_cpp::L838,18,18,YES,0,PASS
SOH_UI,SOH_UI::soh::soh::Enhancements::cosmetics::CosmeticsEditor_cpp::L840,18,18,YES,0,PASS
SOH_UI,SOH_UI::soh::soh::Enhancements::cosmetics::CosmeticsEditor_cpp::L842,18,18,YES,0,PASS
SOH_UI,SOH_UI::soh::soh::Enhancements::cosmetics::CosmeticsEditor_cpp::L843,18,18,YES,0,PASS
SOH_UI,SOH_UI::soh::soh::Enhancements::cosmetics::CosmeticsEditor_cpp::L845,19,19,YES,0,PASS
SOH_UI,SOH_UI::soh::soh::Enhancements::cosmetics::CosmeticsEditor_cpp::L847,19,19,YES,0,PASS
SOH_UI,SOH_UI::soh::soh::Enhancements::cosmetics::CosmeticsEditor_cpp::L849,19,19,YES,0,PASS
SOH_UI,SOH_UI::soh::soh::Enhancements::cosmetics::CosmeticsEditor_cpp::L853,19,19,YES,0,PASS
SOH_UI,SOH_UI::soh::soh::Enhancements::cosmetics::CosmeticsEditor_cpp::L854,19,19,YES,0,PASS
SOH_UI,SOH_UI::soh::soh::Enhancements::cosmetics::CosmeticsEditor_cpp::L856,19,19,YES,0,PASS
SOH_UI,SOH_UI::soh::soh::Enhancements::cosmetics::CosmeticsEditor_cpp::L857,19,19,YES,0,PASS
SOH_UI,SOH_UI::soh::soh::Enhancements::cosmetics::CosmeticsEditor_cpp::L858,19,19,YES,0,PASS
SOH_UI,SOH_UI::soh::soh::Enhancements::cosmetics::CosmeticsEditor_cpp::L860,19,19,YES,0,PASS
SOH_UI,SOH_UI::soh::soh::Enhancements::cosmetics::CosmeticsEditor_cpp::L861,19,19,YES,0,PASS
SOH_UI,SOH_UI::soh::soh::Enhancements::cosmetics::CosmeticsEditor_cpp::L862,19,19,YES,0,PASS
SOH_UI,SOH_UI::soh::soh::Enhancements::cosmetics::CosmeticsEditor_cpp::L864,19,19,YES,0,PASS
SOH_UI,SOH_UI::soh::soh::Enhancements::cosmetics::CosmeticsEditor_cpp::L865,19,19,YES,0,PASS
SOH_UI,SOH_UI::soh::soh::Enhancements::cosmetics::CosmeticsEditor_cpp::L866,19,19,YES,0,PASS
SOH_UI,SOH_UI::soh::soh::Enhancements::cosmetics::CosmeticsEditor_cpp::L868,19,19,YES,0,PASS
SOH_UI,SOH_UI::soh::soh::Enhancements::cosmetics::CosmeticsEditor_cpp::L869,19,19,YES,0,PASS
SOH_UI,SOH_UI::soh::soh::Enhancements::cosmetics::CosmeticsEditor_cpp::L870,19,19,YES,0,PASS
SOH_UI,SOH_UI::soh::soh::Enhancements::cosmetics::CosmeticsEditor_cpp::L872,19,19,YES,0,PASS
SOH_UI,SOH_UI::soh::soh::Enhancements::cosmetics::CosmeticsEditor_cpp::L873,19,19,YES,0,PASS
SOH_UI,SOH_UI::soh::soh::Enhancements::cosmetics::CosmeticsEditor_cpp::L874,19,19,YES,0,PASS
SOH_UI,SOH_UI::soh::soh::Enhancements::cosmetics::CosmeticsEditor_cpp::L876,19,19,YES,0,PASS
SOH_UI,SOH_UI::soh::soh::Enhancements::cosmetics::CosmeticsEditor_cpp::L877,19,19,YES,0,PASS
SOH_UI,SOH_UI::soh::soh::Enhancements::cosmetics::CosmeticsEditor_cpp::L878,19,19,YES,0,PASS
SOH_UI,SOH_UI::soh::soh::Enhancements::cosmetics::CosmeticsEditor_cpp::L880,19,19,YES,0,PASS
SOH_UI,SOH_UI::soh::soh::Enhancements::cosmetics::CosmeticsEditor_cpp::L887,19,19,YES,0,PASS
SOH_UI,SOH_UI::soh::soh::Enhancements::cosmetics::CosmeticsEditor_cpp::L889,19,19,YES,0,PASS
SOH_UI,SOH_UI::soh::soh::Enhancements::cosmetics::CosmeticsEditor_cpp::L891,19,19,YES,0,PASS
SOH_UI,SOH_UI::soh::soh::Enhancements::cosmetics::CosmeticsEditor_cpp::L893,19,19,YES,0,PASS
SOH_UI,SOH_UI::soh::soh::Enhancements::cosmetics::CosmeticsEditor_cpp::L895,19,19,YES,0,PASS
SOH_UI,SOH_UI::soh::soh::Enhancements::cosmetics::CosmeticsEditor_cpp::L897,19,19,YES,0,PASS
SOH_UI,SOH_UI::soh::soh::Enhancements::cosmetics::CosmeticsEditor_cpp::L904,18,18,YES,0,PASS
SOH_UI,SOH_UI::soh::soh::Enhancements::cosmetics::CosmeticsEditor_cpp::L906,18,18,YES,0,PASS
SOH_UI,SOH_UI::soh::soh::Enhancements::cosmetics::CosmeticsEditor_cpp::L907,18,18,YES,0,PASS
SOH_UI,SOH_UI::soh::soh::Enhancements::cosmetics::CosmeticsEditor_cpp::L909,18,18,YES,0,PASS
SOH_UI,SOH_UI::soh::soh::Enhancements::cosmetics::CosmeticsEditor_cpp::L911,18,18,YES,0,PASS
SOH_UI,SOH_UI::soh::soh::Enhancements::cosmetics::CosmeticsEditor_cpp::L912,18,18,YES,0,PASS
SOH_UI,SOH_UI::soh::soh::Enhancements::cosmetics::CosmeticsEditor_cpp::L914,18,18,YES,0,PASS
SOH_UI,SOH_UI::soh::soh::Enhancements::cosmetics::CosmeticsEditor_cpp::L916,18,18,YES,0,PASS
SOH_UI,SOH_UI::soh::soh::Enhancements::cosmetics::CosmeticsEditor_cpp::L917,18,18,YES,0,PASS
SOH_UI,SOH_UI::soh::soh::Enhancements::cosmetics::CosmeticsEditor_cpp::L919,19,19,YES,0,PASS
SOH_UI,SOH_UI::soh::soh::Enhancements::cosmetics::CosmeticsEditor_cpp::L923,19,19,YES,0,PASS
SOH_UI,SOH_UI::soh::soh::Enhancements::cosmetics::CosmeticsEditor_cpp::L924,19,19,YES,0,PASS
SOH_UI,SOH_UI::soh::soh::Enhancements::cosmetics::CosmeticsEditor_cpp::L926,19,19,YES,0,PASS
SOH_UI,SOH_UI::soh::soh::Enhancements::cosmetics::CosmeticsEditor_cpp::L927,19,19,YES,0,PASS
SOH_UI,SOH_UI::soh::soh::Enhancements::cosmetics::CosmeticsEditor_cpp::L928,19,19,YES,0,PASS
SOH_UI,SOH_UI::soh::soh::Enhancements::cosmetics::CosmeticsEditor_cpp::L930,19,19,YES,0,PASS
SOH_UI,SOH_UI::soh::soh::Enhancements::cosmetics::CosmeticsEditor_cpp::L931,19,19,YES,0,PASS
SOH_UI,SOH_UI::soh::soh::Enhancements::cosmetics::CosmeticsEditor_cpp::L932,19,19,YES,0,PASS
SOH_UI,SOH_UI::soh::soh::Enhancements::cosmetics::CosmeticsEditor_cpp::L934,19,19,YES,0,PASS
SOH_UI,SOH_UI::soh::soh::Enhancements::cosmetics::CosmeticsEditor_cpp::L935,19,19,YES,0,PASS
SOH_UI,SOH_UI::soh::soh::Enhancements::cosmetics::CosmeticsEditor_cpp::L936,19,19,YES,0,PASS
SOH_UI,SOH_UI::soh::soh::Enhancements::cosmetics::CosmeticsEditor_cpp::L938,19,19,YES,0,PASS
SOH_UI,SOH_UI::soh::soh::Enhancements::cosmetics::CosmeticsEditor_cpp::L939,19,19,YES,0,PASS
SOH_UI,SOH_UI::soh::soh::Enhancements::cosmetics::CosmeticsEditor_cpp::L941,19,19,YES,0,PASS
SOH_UI,SOH_UI::soh::soh::Enhancements::cosmetics::CosmeticsEditor_cpp::L942,19,19,YES,0,PASS
SOH_UI,SOH_UI::soh::soh::Enhancements::cosmetics::CosmeticsEditor_cpp::L943,19,19,YES,0,PASS
SOH_UI,SOH_UI::soh::soh::Enhancements::cosmetics::CosmeticsEditor_cpp::L945,19,19,YES,0,PASS
SOH_UI,SOH_UI::soh::soh::Enhancements::cosmetics::CosmeticsEditor_cpp::L946,19,19,YES,0,PASS
SOH_UI,SOH_UI::soh::soh::Enhancements::cosmetics::CosmeticsEditor_cpp::L947,19,19,YES,0,PASS
SOH_UI,SOH_UI::soh::soh::Enhancements::cosmetics::CosmeticsEditor_cpp::L949,19,19,YES,0,PASS
SOH_UI,SOH_UI::soh::soh::Enhancements::cosmetics::CosmeticsEditor_cpp::L950,19,19,YES,0,PASS
SOH_UI,SOH_UI::soh::soh::Enhancements::cosmetics::CosmeticsEditor_cpp::L951,19,19,YES,0,PASS
SOH_UI,SOH_UI::soh::soh::Enhancements::cosmetics::CosmeticsEditor_cpp::L953,19,19,YES,0,PASS
SOH_UI,SOH_UI::soh::soh::Enhancements::cosmetics::CosmeticsEditor_cpp::L954,19,19,YES,0,PASS
SOH_UI,SOH_UI::soh::soh::Enhancements::cosmetics::CosmeticsEditor_cpp::L955,19,19,YES,0,PASS
SOH_UI,SOH_UI::soh::soh::Enhancements::cosmetics::CosmeticsEditor_cpp::L957,19,19,YES,0,PASS
SOH_UI,SOH_UI::soh::soh::Enhancements::cosmetics::CosmeticsEditor_cpp::L958,19,19,YES,0,PASS
SOH_UI,SOH_UI::soh::soh::Enhancements::cosmetics::CosmeticsEditor_cpp::L959,19,19,YES,0,PASS
SOH_UI,SOH_UI::soh::soh::Enhancements::cosmetics::CosmeticsEditor_cpp::L961,19,19,YES,0,PASS
SOH_UI,SOH_UI::soh::soh::Enhancements::cosmetics::CosmeticsEditor_cpp::L968,21,21,YES,0,PASS
SOH_UI,SOH_UI::soh::soh::Enhancements::cosmetics::CosmeticsEditor_cpp::L970,21,21,YES,0,PASS
SOH_UI,SOH_UI::soh::soh::Enhancements::cosmetics::CosmeticsEditor_cpp::L972,21,21,YES,0,PASS
SOH_UI,SOH_UI::soh::soh::Enhancements::cosmetics::CosmeticsEditor_cpp::L974,21,21,YES,0,PASS
SOH_UI,SOH_UI::soh::soh::Enhancements::cosmetics::CosmeticsEditor_cpp::L981,20,20,YES,0,PASS
SOH_UI,SOH_UI::soh::soh::Enhancements::cosmetics::CosmeticsEditor_cpp::L983,20,20,YES,0,PASS
SOH_UI,SOH_UI::soh::soh::Enhancements::cosmetics::CosmeticsEditor_cpp::L985,20,20,YES,0,PASS
SOH_UI,SOH_UI::soh::soh::Enhancements::cosmetics::CosmeticsEditor_cpp::L987,20,20,YES,0,PASS
SOH_UI,SOH_UI::soh::soh::Enhancements::cosmetics::CosmeticsEditor_cpp::L989,20,20,YES,0,PASS
SOH_UI,SOH_UI::soh::soh::Enhancements::cosmetics::CosmeticsEditor_cpp::L991,20,20,YES,0,PASS
SOH_UI,SOH_UI::soh::soh::Enhancements::cosmetics::CosmeticsEditor_cpp::L995,20,20,YES,0,PASS
SOH_UI,SOH_UI::soh::soh::Enhancements::cosmetics::CosmeticsEditor_cpp::L997,20,20,YES,0,PASS
SOH_UI,SOH_UI::soh::soh::Enhancements::cosmetics::CosmeticsEditor_cpp::L998,20,20,YES,0,PASS
SOH_UI,SOH_UI::soh::soh::Enhancements::cosmetics::CosmeticsEditor_cpp::L1000,21,21,YES,0,PASS
SOH_UI,SOH_UI::soh::soh::Enhancements::cosmetics::CosmeticsEditor_cpp::L1001,21,21,YES,0,PASS
SOH_UI,SOH_UI::soh::soh::Enhancements::cosmetics::CosmeticsEditor_cpp::L1009,21,21,YES,0,PASS
SOH_UI,SOH_UI::soh::soh::Enhancements::cosmetics::CosmeticsEditor_cpp::L1011,21,21,YES,0,PASS
SOH_UI,SOH_UI::soh::soh::Enhancements::cosmetics::CosmeticsEditor_cpp::L1013,21,21,YES,0,PASS
SOH_UI,SOH_UI::soh::soh::Enhancements::cosmetics::CosmeticsEditor_cpp::L1017,21,21,YES,0,PASS
SOH_UI,SOH_UI::soh::soh::Enhancements::cosmetics::CosmeticsEditor_cpp::L1019,21,21,YES,0,PASS
SOH_UI,SOH_UI::soh::soh::Enhancements::cosmetics::CosmeticsEditor_cpp::L1026,23,23,YES,0,PASS
SOH_UI,SOH_UI::soh::soh::Enhancements::cosmetics::CosmeticsEditor_cpp::L1028,23,23,YES,0,PASS
SOH_UI,SOH_UI::soh::soh::Enhancements::cosmetics::CosmeticsEditor_cpp::L1034,23,23,YES,0,PASS
SOH_UI,SOH_UI::soh::soh::Enhancements::cosmetics::CosmeticsEditor_cpp::L1036,23,23,YES,0,PASS
SOH_UI,SOH_UI::soh::soh::Enhancements::cosmetics::CosmeticsEditor_cpp::L1042,20,20,YES,0,PASS
SOH_UI,SOH_UI::soh::soh::Enhancements::cosmetics::CosmeticsEditor_cpp::L1044,20,20,YES,0,PASS
SOH_UI,SOH_UI::soh::soh::Enhancements::cosmetics::CosmeticsEditor_cpp::L1046,20,20,YES,0,PASS
SOH_UI,SOH_UI::soh::soh::Enhancements::cosmetics::CosmeticsEditor_cpp::L1048,20,20,YES,0,PASS
SOH_UI,SOH_UI::soh::soh::Enhancements::cosmetics::CosmeticsEditor_cpp::L1050,20,20,YES,0,PASS
SOH_UI,SOH_UI::soh::soh::Enhancements::cosmetics::CosmeticsEditor_cpp::L1052,20,20,YES,0,PASS
SOH_UI,SOH_UI::soh::soh::Enhancements::cosmetics::CosmeticsEditor_cpp::L1059,24,24,YES,0,PASS
SOH_UI,SOH_UI::soh::soh::Enhancements::cosmetics::CosmeticsEditor_cpp::L1061,24,24,YES,0,PASS
SOH_UI,SOH_UI::soh::soh::Enhancements::cosmetics::CosmeticsEditor_cpp::L1063,24,24,YES,0,PASS
SOH_UI,SOH_UI::soh::soh::Enhancements::cosmetics::CosmeticsEditor_cpp::L1065,24,24,YES,0,PASS
SOH_UI,SOH_UI::soh::soh::Enhancements::cosmetics::CosmeticsEditor_cpp::L1067,24,24,YES,0,PASS
SOH_UI,SOH_UI::soh::soh::Enhancements::cosmetics::CosmeticsEditor_cpp::L1073,23,23,YES,0,PASS
SOH_UI,SOH_UI::soh::soh::Enhancements::cosmetics::CosmeticsEditor_cpp::L1075,23,23,YES,0,PASS
SOH_UI,SOH_UI::soh::soh::Enhancements::cosmetics::CosmeticsEditor_cpp::L1077,23,23,YES,0,PASS
SOH_UI,SOH_UI::soh::soh::Enhancements::cosmetics::CosmeticsEditor_cpp::L1079,23,23,YES,0,PASS
SOH_UI,SOH_UI::soh::soh::Enhancements::cosmetics::CosmeticsEditor_cpp::L1089,24,24,YES,0,PASS
SOH_UI,SOH_UI::soh::soh::Enhancements::cosmetics::CosmeticsEditor_cpp::L1091,24,24,YES,0,PASS
SOH_UI,SOH_UI::soh::soh::Enhancements::cosmetics::CosmeticsEditor_cpp::L1093,24,24,YES,0,PASS
SOH_UI,SOH_UI::soh::soh::Enhancements::cosmetics::CosmeticsEditor_cpp::L1095,24,24,YES,0,PASS
SOH_UI,SOH_UI::soh::soh::Enhancements::cosmetics::CosmeticsEditor_cpp::L1097,24,24,YES,0,PASS
SOH_UI,SOH_UI::soh::soh::Enhancements::cosmetics::CosmeticsEditor_cpp::L1099,24,24,YES,0,PASS
SOH_UI,SOH_UI::soh::soh::Enhancements::cosmetics::CosmeticsEditor_cpp::L1101,24,24,YES,0,PASS
SOH_UI,SOH_UI::soh::soh::Enhancements::cosmetics::CosmeticsEditor_cpp::L1103,24,24,YES,0,PASS
SOH_UI,SOH_UI::soh::soh::Enhancements::cosmetics::CosmeticsEditor_cpp::L1105,24,24,YES,0,PASS
SOH_UI,SOH_UI::soh::soh::Enhancements::cosmetics::CosmeticsEditor_cpp::L1110,25,25,YES,0,PASS
SOH_UI,SOH_UI::soh::soh::Enhancements::cosmetics::CosmeticsEditor_cpp::L1112,25,25,YES,0,PASS
SOH_UI,SOH_UI::soh::soh::Enhancements::cosmetics::CosmeticsEditor_cpp::L1114,25,25,YES,0,PASS
SOH_UI,SOH_UI::soh::soh::Enhancements::cosmetics::CosmeticsEditor_cpp::L1116,25,25,YES,0,PASS
SOH_UI,SOH_UI::soh::soh::Enhancements::cosmetics::CosmeticsEditor_cpp::L1118,25,25,YES,0,PASS
SOH_UI,SOH_UI::soh::soh::Enhancements::cosmetics::CosmeticsEditor_cpp::L1120,25,25,YES,0,PASS
SOH_UI,SOH_UI::soh::soh::Enhancements::cosmetics::CosmeticsEditor_cpp::L1122,25,25,YES,0,PASS
SOH_UI,SOH_UI::soh::soh::Enhancements::cosmetics::CosmeticsEditor_cpp::L1129,26,26,YES,0,PASS
SOH_UI,SOH_UI::soh::soh::Enhancements::cosmetics::CosmeticsEditor_cpp::L1131,26,26,YES,0,PASS
SOH_UI,SOH_UI::soh::soh::Enhancements::cosmetics::CosmeticsEditor_cpp::L1133,26,26,YES,0,PASS
SOH_UI,SOH_UI::soh::soh::Enhancements::cosmetics::CosmeticsEditor_cpp::L1140,18,18,YES,0,PASS
SOH_UI,SOH_UI::soh::soh::Enhancements::cosmetics::CosmeticsEditor_cpp::L1142,18,18,YES,0,PASS
SOH_UI,SOH_UI::soh::soh::Enhancements::cosmetics::CosmeticsEditor_cpp::L1144,18,18,YES,0,PASS
SOH_UI,SOH_UI::soh::soh::Enhancements::cosmetics::CosmeticsEditor_cpp::L1146,18,18,YES,0,PASS
SOH_UI,SOH_UI::soh::soh::Enhancements::cosmetics::CosmeticsEditor_cpp::L1148,18,18,YES,0,PASS
SOH_UI,SOH_UI::soh::soh::Enhancements::cosmetics::CosmeticsEditor_cpp::L1154,20,20,YES,0,PASS
SOH_UI,SOH_UI::soh::soh::Enhancements::cosmetics::CosmeticsEditor_cpp::L1156,20,20,YES,0,PASS
SOH_UI,SOH_UI::soh::soh::Enhancements::cosmetics::CosmeticsEditor_cpp::L1158,20,20,YES,0,PASS
SOH_UI,SOH_UI::soh::soh::Enhancements::cosmetics::CosmeticsEditor_cpp::L1164,18,18,YES,0,PASS
SOH_UI,SOH_UI::soh::soh::Enhancements::cosmetics::CosmeticsEditor_cpp::L1166,18,18,YES,0,PASS
SOH_UI,SOH_UI::soh::soh::Enhancements::cosmetics::CosmeticsEditor_cpp::L1168,18,18,YES,0,PASS
SOH_UI,SOH_UI::soh::soh::Enhancements::cosmetics::CosmeticsEditor_cpp::L1170,18,18,YES,0,PASS
SOH_UI,SOH_UI::soh::soh::Enhancements::cosmetics::CosmeticsEditor_cpp::L1172,18,18,YES,0,PASS
SOH_UI,SOH_UI::soh::soh::Enhancements::cosmetics::CosmeticsEditor_cpp::L1178,20,20,YES,0,PASS
SOH_UI,SOH_UI::soh::soh::Enhancements::cosmetics::CosmeticsEditor_cpp::L1180,20,20,YES,0,PASS
SOH_UI,SOH_UI::soh::soh::Enhancements::cosmetics::CosmeticsEditor_cpp::L1182,20,20,YES,0,PASS
SOH_UI,SOH_UI::soh::soh::Enhancements::cosmetics::CosmeticsEditor_cpp::L1184,20,20,YES,0,PASS
SOH_UI,SOH_UI::soh::soh::Enhancements::cosmetics::CosmeticsEditor_cpp::L1186,20,20,YES,0,PASS
SOH_UI,SOH_UI::soh::soh::Enhancements::cosmetics::CosmeticsEditor_cpp::L1193,21,21,YES,0,PASS
SOH_UI,SOH_UI::soh::soh::Enhancements::cosmetics::CosmeticsEditor_cpp::L1195,21,21,YES,0,PASS
SOH_UI,SOH_UI::soh::soh::Enhancements::cosmetics::CosmeticsEditor_cpp::L1197,21,21,YES,0,PASS
SOH_UI,SOH_UI::soh::soh::Enhancements::cosmetics::CosmeticsEditor_cpp::L1199,21,21,YES,0,PASS
SOH_UI,SOH_UI::soh::soh::Enhancements::cosmetics::CosmeticsEditor_cpp::L1201,21,21,YES,0,PASS
SOH_UI,SOH_UI::soh::soh::Enhancements::cosmetics::CosmeticsEditor_cpp::L1203,21,21,YES,0,PASS
SOH_UI,SOH_UI::soh::soh::Enhancements::cosmetics::CosmeticsEditor_cpp::L1209,23,23,YES,0,PASS
SOH_UI,SOH_UI::soh::soh::Enhancements::cosmetics::CosmeticsEditor_cpp::L1211,23,23,YES,0,PASS
SOH_UI,SOH_UI::soh::soh::Enhancements::cosmetics::CosmeticsEditor_cpp::L1213,23,23,YES,0,PASS
SOH_UI,SOH_UI::soh::soh::Enhancements::cosmetics::CosmeticsEditor_cpp::L1215,23,23,YES,0,PASS
SOH_UI,SOH_UI::soh::soh::Enhancements::cosmetics::CosmeticsEditor_cpp::L1222,24,24,YES,0,PASS
SOH_UI,SOH_UI::soh::soh::Enhancements::cosmetics::CosmeticsEditor_cpp::L1229,18,18,YES,0,PASS
SOH_UI,SOH_UI::soh::soh::Enhancements::cosmetics::CosmeticsEditor_cpp::L1231,18,18,YES,0,PASS
SOH_UI,SOH_UI::soh::soh::Enhancements::cosmetics::CosmeticsEditor_cpp::L1233,18,18,YES,0,PASS
SOH_UI,SOH_UI::soh::soh::Enhancements::cosmetics::CosmeticsEditor_cpp::L1237,18,18,YES,0,PASS
SOH_UI,SOH_UI::soh::soh::Enhancements::cosmetics::CosmeticsEditor_cpp::L1238,18,18,YES,0,PASS
SOH_UI,SOH_UI::soh::soh::Enhancements::cosmetics::CosmeticsEditor_cpp::L1244,18,18,YES,0,PASS
SOH_UI,SOH_UI::soh::soh::Enhancements::cosmetics::CosmeticsEditor_cpp::L1246,18,18,YES,0,PASS
SOH_UI,SOH_UI::soh::soh::Enhancements::cosmetics::CosmeticsEditor_cpp::L1248,18,18,YES,0,PASS
SOH_UI,SOH_UI::soh::soh::Enhancements::cosmetics::CosmeticsEditor_cpp::L1250,18,18,YES,0,PASS
SOH_UI,SOH_UI::soh::soh::Enhancements::cosmetics::CosmeticsEditor_cpp::L1252,18,18,YES,0,PASS
SOH_UI,SOH_UI::soh::soh::Enhancements::cosmetics::CosmeticsEditor_cpp::L1259,20,20,YES,0,PASS
SOH_UI,SOH_UI::soh::soh::Enhancements::cosmetics::CosmeticsEditor_cpp::L1261,20,20,YES,0,PASS
SOH_UI,SOH_UI::soh::soh::Enhancements::cosmetics::CosmeticsEditor_cpp::L1263,20,20,YES,0,PASS
SOH_UI,SOH_UI::soh::soh::Enhancements::cosmetics::CosmeticsEditor_cpp::L1265,20,20,YES,0,PASS
SOH_UI,SOH_UI::soh::soh::Enhancements::cosmetics::CosmeticsEditor_cpp::L1267,20,20,YES,0,PASS
SOH_UI,SOH_UI::soh::soh::Enhancements::cosmetics::CosmeticsEditor_cpp::L1271,20,20,YES,0,PASS
SOH_UI,SOH_UI::soh::soh::Enhancements::cosmetics::CosmeticsEditor_cpp::L1274,20,20,YES,0,PASS
SOH_UI,SOH_UI::soh::soh::Enhancements::cosmetics::CosmeticsEditor_cpp::L1277,20,20,YES,0,PASS
SOH_UI,SOH_UI::soh::soh::Enhancements::cosmetics::CosmeticsEditor_cpp::L1285,22,22,YES,0,PASS
SOH_UI,SOH_UI::soh::soh::Enhancements::cosmetics::CosmeticsEditor_cpp::L1287,22,22,YES,0,PASS
SOH_UI,SOH_UI::soh::soh::Enhancements::cosmetics::CosmeticsEditor_cpp::L1290,22,22,YES,0,PASS
SOH_UI,SOH_UI::soh::soh::Enhancements::cosmetics::CosmeticsEditor_cpp::L1292,22,22,YES,0,PASS
SOH_UI,SOH_UI::soh::soh::Enhancements::cosmetics::CosmeticsEditor_cpp::L1297,28,28,YES,0,PASS
SOH_UI,SOH_UI::soh::soh::Enhancements::cosmetics::CosmeticsEditor_cpp::L1298,23,23,YES,0,PASS
SOH_UI,SOH_UI::soh::soh::Enhancements::cosmetics::CosmeticsEditor_cpp::L1300,37,37,YES,0,PASS
SOH_UI,SOH_UI::soh::soh::Enhancements::cosmetics::CosmeticsEditor_cpp::L1303,28,28,YES,0,PASS
SOH_UI,SOH_UI::soh::soh::Enhancements::cosmetics::CosmeticsEditor_cpp::L1304,23,23,YES,0,PASS
SOH_UI,SOH_UI::soh::soh::Enhancements::cosmetics::CosmeticsEditor_cpp::L1305,37,37,YES,0,PASS
SOH_UI,SOH_UI::soh::soh::Enhancements::cosmetics::CosmeticsEditor_cpp::L1311,21,21,YES,0,PASS
SOH_UI,SOH_UI::soh::soh::Enhancements::cosmetics::CosmeticsEditor_cpp::L1313,21,21,YES,0,PASS
SOH_UI,SOH_UI::soh::soh::Enhancements::cosmetics::CosmeticsEditor_cpp::L1316,21,21,YES,0,PASS
SOH_UI,SOH_UI::soh::soh::Enhancements::cosmetics::CosmeticsEditor_cpp::L1318,21,21,YES,0,PASS
SOH_UI,SOH_UI::soh::soh::Enhancements::cosmetics::CosmeticsEditor_cpp::L1324,20,20,YES,0,PASS
SOH_UI,SOH_UI::soh::soh::Enhancements::cosmetics::CosmeticsEditor_cpp::L1326,20,20,YES,0,PASS
SOH_UI,SOH_UI::soh::soh::Enhancements::cosmetics::CosmeticsEditor_cpp::L1329,20,20,YES,0,PASS
SOH_UI,SOH_UI::soh::soh::Enhancements::cosmetics::CosmeticsEditor_cpp::L1331,20,20,YES,0,PASS
SOH_UI,SOH_UI::soh::soh::Enhancements::cosmetics::CosmeticsEditor_cpp::L1337,23,23,YES,0,PASS
SOH_UI,SOH_UI::soh::soh::Enhancements::cosmetics::CosmeticsEditor_cpp::L1339,23,23,YES,0,PASS
SOH_UI,SOH_UI::soh::soh::Enhancements::cosmetics::CosmeticsEditor_cpp::L1342,23,23,YES,0,PASS
SOH_UI,SOH_UI::soh::soh::Enhancements::cosmetics::CosmeticsEditor_cpp::L1344,23,23,YES,0,PASS
SOH_UI,SOH_UI::soh::soh::Enhancements::cosmetics::CosmeticsEditor_cpp::L1350,21,21,YES,0,PASS
SOH_UI,SOH_UI::soh::soh::Enhancements::cosmetics::CosmeticsEditor_cpp::L1352,21,21,YES,0,PASS
SOH_UI,SOH_UI::soh::soh::Enhancements::cosmetics::CosmeticsEditor_cpp::L1355,21,21,YES,0,PASS
SOH_UI,SOH_UI::soh::soh::Enhancements::cosmetics::CosmeticsEditor_cpp::L1357,21,21,YES,0,PASS
SOH_UI,SOH_UI::soh::soh::Enhancements::cosmetics::CosmeticsEditor_cpp::L1365,18,18,YES,0,PASS
SOH_UI,SOH_UI::soh::soh::Enhancements::cosmetics::CosmeticsEditor_cpp::L1366,18,18,YES,0,PASS
SOH_UI,SOH_UI::soh::soh::Enhancements::cosmetics::CosmeticsEditor_cpp::L1368,18,18,YES,0,PASS
SOH_UI,SOH_UI::soh::soh::Enhancements::cosmetics::CosmeticsEditor_cpp::L1369,18,18,YES,0,PASS
SOH_UI,SOH_UI::soh::soh::Enhancements::cosmetics::CosmeticsEditor_cpp::L1372,18,18,YES,0,PASS
SOH_UI,SOH_UI::soh::soh::Enhancements::cosmetics::CosmeticsEditor_cpp::L1374,18,18,YES,0,PASS
SOH_UI,SOH_UI::soh::soh::Enhancements::cosmetics::CosmeticsEditor_cpp::L1376,18,18,YES,0,PASS
SOH_UI,SOH_UI::soh::soh::Enhancements::cosmetics::CosmeticsEditor_cpp::L1378,18,18,YES,0,PASS
SOH_UI,SOH_UI::soh::soh::Enhancements::cosmetics::CosmeticsEditor_cpp::L1380,18,18,YES,0,PASS
SOH_UI,SOH_UI::soh::soh::Enhancements::cosmetics::CosmeticsEditor_cpp::L1382,19,19,YES,0,PASS
SOH_UI,SOH_UI::soh::soh::Enhancements::cosmetics::CosmeticsEditor_cpp::L1388,17,17,YES,0,PASS
SOH_UI,SOH_UI::soh::soh::Enhancements::cosmetics::CosmeticsEditor_cpp::L1390,17,17,YES,0,PASS
SOH_UI,SOH_UI::soh::soh::Enhancements::cosmetics::CosmeticsEditor_cpp::L1392,17,17,YES,0,PASS
SOH_UI,SOH_UI::soh::soh::Enhancements::cosmetics::CosmeticsEditor_cpp::L1394,17,17,YES,0,PASS
SOH_UI,SOH_UI::soh::soh::Enhancements::cosmetics::CosmeticsEditor_cpp::L1396,17,17,YES,0,PASS
SOH_UI,SOH_UI::soh::soh::Enhancements::cosmetics::CosmeticsEditor_cpp::L1398,17,17,YES,0,PASS
SOH_UI,SOH_UI::soh::soh::Enhancements::cosmetics::CosmeticsEditor_cpp::L1405,20,20,YES,0,PASS
SOH_UI,SOH_UI::soh::soh::Enhancements::cosmetics::CosmeticsEditor_cpp::L1407,20,20,YES,0,PASS
SOH_UI,SOH_UI::soh::soh::Enhancements::cosmetics::CosmeticsEditor_cpp::L1409,20,20,YES,0,PASS
SOH_UI,SOH_UI::soh::soh::Enhancements::cosmetics::CosmeticsEditor_cpp::L1411,20,20,YES,0,PASS
SOH_UI,SOH_UI::soh::soh::Enhancements::cosmetics::CosmeticsEditor_cpp::L1413,20,20,YES,0,PASS
SOH_UI,SOH_UI::soh::soh::Enhancements::cosmetics::CosmeticsEditor_cpp::L1415,20,20,YES,0,PASS
SOH_UI,SOH_UI::soh::soh::Enhancements::cosmetics::CosmeticsEditor_cpp::L1417,20,20,YES,0,PASS
SOH_UI,SOH_UI::soh::soh::Enhancements::cosmetics::CosmeticsEditor_cpp::L1419,20,20,YES,0,PASS
SOH_UI,SOH_UI::soh::soh::Enhancements::cosmetics::CosmeticsEditor_cpp::L1421,20,20,YES,0,PASS
SOH_UI,SOH_UI::soh::soh::Enhancements::cosmetics::CosmeticsEditor_cpp::L1423,21,21,YES,0,PASS
SOH_UI,SOH_UI::soh::soh::Enhancements::cosmetics::CosmeticsEditor_cpp::L1430,11,11,YES,0,PASS
SOH_UI,SOH_UI::soh::soh::Enhancements::cosmetics::CosmeticsEditor_cpp::L1432,11,11,YES,0,PASS
SOH_UI,SOH_UI::soh::soh::Enhancements::cosmetics::CosmeticsEditor_cpp::L1434,11,11,YES,0,PASS
SOH_UI,SOH_UI::soh::soh::Enhancements::cosmetics::CosmeticsEditor_cpp::L1436,11,11,YES,0,PASS
SOH_UI,SOH_UI::soh::soh::Enhancements::cosmetics::CosmeticsEditor_cpp::L1438,11,11,YES,0,PASS
SOH_UI,SOH_UI::soh::soh::Enhancements::cosmetics::CosmeticsEditor_cpp::L1440,11,11,YES,0,PASS
SOH_UI,SOH_UI::soh::soh::Enhancements::cosmetics::CosmeticsEditor_cpp::L1442,11,11,YES,0,PASS
SOH_UI,SOH_UI::soh::soh::Enhancements::cosmetics::CosmeticsEditor_cpp::L1444,11,11,YES,0,PASS
SOH_UI,SOH_UI::soh::soh::Enhancements::cosmetics::CosmeticsEditor_cpp::L1451,14,14,YES,0,PASS
SOH_UI,SOH_UI::soh::soh::Enhancements::cosmetics::CosmeticsEditor_cpp::L1458,17,17,YES,0,PASS
SOH_UI,SOH_UI::soh::soh::Enhancements::cosmetics::CosmeticsEditor_cpp::L1460,17,17,YES,0,PASS
SOH_UI,SOH_UI::soh::soh::Enhancements::cosmetics::CosmeticsEditor_cpp::L1466,18,18,YES,0,PASS
SOH_UI,SOH_UI::soh::soh::Enhancements::cosmetics::CosmeticsEditor_cpp::L1468,18,18,YES,0,PASS
SOH_UI,SOH_UI::soh::soh::Enhancements::cosmetics::CosmeticsEditor_cpp::L1474,19,19,YES,0,PASS
SOH_UI,SOH_UI::soh::soh::Enhancements::cosmetics::CosmeticsEditor_cpp::L1476,19,19,YES,0,PASS
SOH_UI,SOH_UI::soh::soh::Enhancements::cosmetics::CosmeticsEditor_cpp::L1482,20,20,YES,0,PASS
SOH_UI,SOH_UI::soh::soh::Enhancements::cosmetics::CosmeticsEditor_cpp::L1484,20,20,YES,0,PASS
SOH_UI,SOH_UI::soh::soh::Enhancements::cosmetics::CosmeticsEditor_cpp::L1548,6,6,YES,0,PASS
SOH_UI,SOH_UI::soh::soh::Enhancements::cosmetics::CosmeticsEditor_cpp::L1722,11,11,YES,0,PASS
SOH_UI,SOH_UI::soh::soh::Enhancements::cosmetics::CosmeticsEditor_cpp::L1759,10,10,YES,0,PASS
SOH_UI,SOH_UI::soh::soh::Enhancements::cosmetics::CosmeticsEditor_cpp::L1778,7,7,YES,0,PASS
SOH_UI,SOH_UI::soh::soh::Enhancements::cosmetics::CosmeticsEditor_cpp::L1790,7,7,YES,0,PASS
SOH_UI,SOH_UI::soh::soh::Enhancements::cosmetics::CosmeticsEditor_cpp::L1793,6,6,YES,0,PASS
SOH_UI,SOH_UI::soh::soh::Enhancements::cosmetics::CosmeticsEditor_cpp::L1844,26,26,YES,0,PASS
SOH_UI,SOH_UI::soh::soh::Enhancements::cosmetics::CosmeticsEditor_cpp::L1877,9,9,YES,0,PASS
SOH_UI,SOH_UI::soh::soh::Enhancements::cosmetics::CosmeticsEditor_cpp::L1898,20,20,YES,0,PASS
SOH_UI,SOH_UI::soh::soh::Enhancements::cosmetics::CosmeticsEditor_cpp::L1922,21,21,YES,0,PASS
SOH_UI,SOH_UI::soh::soh::Enhancements::cosmetics::CosmeticsEditor_cpp::L1937,22,22,YES,0,PASS
SOH_UI,SOH_UI::soh::soh::Enhancements::cosmetics::CosmeticsEditor_cpp::L1950,26,26,YES,0,PASS
SOH_UI,SOH_UI::soh::soh::Enhancements::cosmetics::CosmeticsEditor_cpp::L1963,26,26,YES,0,PASS
SOH_UI,SOH_UI::soh::soh::Enhancements::cosmetics::CosmeticsEditor_cpp::L1976,23,23,YES,0,PASS
SOH_UI,SOH_UI::soh::soh::Enhancements::cosmetics::CosmeticsEditor_cpp::L1980,14,14,YES,0,PASS
SOH_UI,SOH_UI::soh::soh::Enhancements::cosmetics::CosmeticsEditor_cpp::L1994,19,19,YES,0,PASS
SOH_UI,SOH_UI::soh::soh::Enhancements::cosmetics::CosmeticsEditor_cpp::L2007,24,24,YES,0,PASS
SOH_UI,SOH_UI::soh::soh::Enhancements::cosmetics::CosmeticsEditor_cpp::L2020,16,16,YES,0,PASS
SOH_UI,SOH_UI::soh::soh::Enhancements::cosmetics::CosmeticsEditor_cpp::L2035,25,25,YES,0,PASS
SOH_UI,SOH_UI::soh::soh::Enhancements::cosmetics::CosmeticsEditor_cpp::L2073,12,12,YES,0,PASS
SOH_UI,SOH_UI::soh::soh::Enhancements::cosmetics::CosmeticsEditor_cpp::L2196,8,8,YES,0,PASS
SOH_UI,SOH_UI::soh::soh::Enhancements::cosmetics::CosmeticsEditor_cpp::L2204,9,9,YES,0,PASS
SOH_UI,SOH_UI::soh::soh::Enhancements::cosmetics::CosmeticsEditor_cpp::L2214,8,8,YES,0,PASS
SOH_UI,SOH_UI::soh::soh::Enhancements::cosmetics::CosmeticsEditor_cpp::L2219,7,7,YES,0,PASS
SOH_UI,SOH_UI::soh::soh::Enhancements::cosmetics::CosmeticsEditor_cpp::L2234,8,8,YES,0,PASS
SOH_UI,SOH_UI::soh::soh::Enhancements::cosmetics::CosmeticsEditor_cpp::L2238,12,12,YES,0,PASS
SOH_UI,SOH_UI::soh::soh::Enhancements::cosmetics::CosmeticsEditor_cpp::L2246,7,7,YES,0,PASS
SOH_UI,SOH_UI::soh::soh::Enhancements::cosmetics::CosmeticsEditor_cpp::L2258,12,12,YES,0,PASS
SOH_UI,SOH_UI::soh::soh::Enhancements::cosmetics::CosmeticsEditor_cpp::L2267,8,8,YES,0,PASS
SOH_UI,SOH_UI::soh::soh::Enhancements::cosmetics::CosmeticsEditor_cpp::L2362,18,18,YES,0,PASS
SOH_UI,SOH_UI::soh::soh::Enhancements::cosmetics::CosmeticsEditor_cpp::L2368,11,11,YES,0,PASS
SOH_UI,SOH_UI::soh::soh::Enhancements::cosmetics::CosmeticsEditor_cpp::L2370,12,12,YES,0,PASS
SOH_UI,SOH_UI::soh::soh::Enhancements::cosmetics::CosmeticsEditor_cpp::L2380,22,22,YES,0,PASS
SOH_UI,SOH_UI::soh::soh::Enhancements::cosmetics::CosmeticsEditor_cpp::L2386,22,22,YES,0,PASS
SOH_UI,SOH_UI::soh::soh::Enhancements::cosmetics::CosmeticsEditor_cpp::L2391,12,12,YES,0,PASS
SOH_UI,SOH_UI::soh::soh::Enhancements::cosmetics::CosmeticsEditor_cpp::L2399,12,12,YES,0,PASS
SOH_UI,SOH_UI::soh::soh::Enhancements::cosmetics::CosmeticsEditor_cpp::L2430,12,12,YES,0,PASS
SOH_UI,SOH_UI::soh::soh::Enhancements::cosmetics::CosmeticsEditor_cpp::L2438,12,12,YES,0,PASS
SOH_UI,SOH_UI::soh::soh::Enhancements::cosmetics::CosmeticsEditor_cpp::L2448,12,12,YES,0,PASS
SOH_UI,SOH_UI::soh::soh::Enhancements::cosmetics::CosmeticsEditor_cpp::L2460,12,12,YES,0,PASS
SOH_UI,SOH_UI::soh::soh::Enhancements::cosmetics::CosmeticsEditor_cpp::L2469,22,22,YES,0,PASS
SOH_UI,SOH_UI::soh::soh::Enhancements::cosmetics::CosmeticsEditor_cpp::L2483,4,4,YES,0,PASS
SOH_UI,SOH_UI::soh::soh::Enhancements::cosmetics::CosmeticsEditor_cpp::L2503,7,7,YES,0,PASS
SOH_UI,SOH_UI::soh::soh::Enhancements::cosmetics::CosmeticsEditor_cpp::L2522,22,22,YES,0,PASS
SOH_UI,SOH_UI::soh::soh::Enhancements::cosmetics::CosmeticsEditor_cpp::L2542,5,5,YES,0,PASS
SOH_UI,SOH_UI::soh::soh::Enhancements::cosmetics::CosmeticsEditor_cpp::L2560,12,12,YES,0,PASS
SOH_UI,SOH_UI::soh::soh::Enhancements::cosmetics::CosmeticsEditor_cpp::L2568,12,12,YES,0,PASS
SOH_UI,SOH_UI::soh::soh::Enhancements::cosmetics::CosmeticsEditor_cpp::L2569,7,7,YES,0,PASS
SOH_UI,SOH_UI::soh::soh::Enhancements::cosmetics::CosmeticsEditor_cpp::L2591,22,22,YES,0,PASS
SOH_UI,SOH_UI::soh::soh::Enhancements::cosmetics::CosmeticsEditor_cpp::L2599,22,22,YES,0,PASS
SOH_UI,SOH_UI::soh::soh::Enhancements::cosmetics::CosmeticsEditor_cpp::L2630,12,12,YES,0,PASS
SOH_UI,SOH_UI::soh::soh::Enhancements::cosmetics::CosmeticsEditor_cpp::L2642,12,12,YES,0,PASS
SOH_UI,SOH_UI::soh::soh::Enhancements::audio::AudioEditor_cpp::L193,7,7,YES,0,PASS
SOH_UI,SOH_UI::soh::soh::Enhancements::audio::AudioEditor_cpp::L200,7,7,YES,0,PASS
SOH_UI,SOH_UI::soh::soh::Enhancements::audio::AudioEditor_cpp::L208,7,7,YES,0,PASS
SOH_UI,SOH_UI::soh::soh::Enhancements::audio::AudioEditor_cpp::L210,7,7,YES,0,PASS
SOH_UI,SOH_UI::soh::soh::Enhancements::audio::AudioEditor_cpp::L220,7,7,YES,0,PASS
SOH_UI,SOH_UI::soh::soh::Enhancements::audio::AudioEditor_cpp::L285,7,7,YES,0,PASS
SOH_UI,SOH_UI::soh::soh::Enhancements::audio::AudioEditor_cpp::L422,5,5,YES,0,PASS
SOH_UI,SOH_UI::soh::soh::Enhancements::audio::AudioEditor_cpp::L424,5,5,YES,0,PASS
SOH_UI,SOH_UI::soh::soh::Enhancements::audio::AudioEditor_cpp::L426,6,6,YES,0,PASS
SOH_UI,SOH_UI::soh::soh::Enhancements::audio::AudioEditor_cpp::L428,7,7,YES,0,PASS
SOH_UI,SOH_UI::soh::soh::Enhancements::audio::AudioEditor_cpp::L430,7,7,YES,0,PASS
SOH_UI,SOH_UI::soh::soh::Enhancements::audio::AudioEditor_cpp::L432,5,5,YES,0,PASS
SOH_UI,SOH_UI::soh::soh::Enhancements::audio::AudioEditor_cpp::L436,5,5,YES,0,PASS
SOH_UI,SOH_UI::soh::soh::Enhancements::audio::AudioEditor_cpp::L438,10,10,YES,0,PASS
SOH_UI,SOH_UI::soh::soh::Enhancements::audio::AudioEditor_cpp::L440,13,13,YES,0,PASS
SOH_UI,SOH_UI::soh::soh::Enhancements::audio::AudioEditor_cpp::L482,22,22,YES,0,PASS
SOH_UI,SOH_UI::soh::soh::Enhancements::audio::AudioEditor_cpp::L490,22,22,YES,0,PASS
SOH_UI,SOH_UI::soh::soh::Enhancements::audio::AudioEditor_cpp::L537,16,16,YES,0,PASS
SOH_UI,SOH_UI::soh::soh::Enhancements::audio::AudioEditor_cpp::L546,10,10,YES,0,PASS
SOH_UI,SOH_UI::soh::soh::Enhancements::audio::AudioEditor_cpp::L556,30,30,YES,0,PASS
SOH_UI,SOH_UI::soh::soh::Enhancements::audio::AudioEditor_cpp::L558,23,23,YES,0,PASS
SOH_UI,SOH_UI::soh::soh::Enhancements::audio::AudioEditor_cpp::L574,8,8,YES,0,PASS
SOH_UI,SOH_UI::soh::soh::Enhancements::audio::AudioEditor_cpp::L575,8,8,YES,0,PASS
SOH_UI,SOH_UI::soh::soh::Enhancements::audio::AudioEditor_cpp::L578,6,6,YES,0,PASS
SOH_UI,SOH_UI::soh::soh::Enhancements::audio::AudioEditor_cpp::L579,6,6,YES,0,PASS
SOH_UI,SOH_UI::soh::soh::Enhancements::audio::AudioEditor_cpp::L586,7,7,YES,0,PASS
SOH_UI,SOH_UI::soh::soh::Enhancements::audio::AudioEditor_cpp::L587,11,11,YES,0,PASS
SOH_UI,SOH_UI::soh::soh::Enhancements::audio::AudioEditor_cpp::L588,7,7,YES,0,PASS
SOH_UI,SOH_UI::soh::soh::Enhancements::audio::AudioEditor_cpp::L595,5,5,YES,0,PASS
SOH_UI,SOH_UI::soh::soh::Enhancements::audio::AudioEditor_cpp::L596,5,5,YES,0,PASS
SOH_UI,SOH_UI::soh::soh::Enhancements::audio::AudioEditor_cpp::L691,8,8,YES,0,PASS
SOH_UI,SOH_UI::soh::soh::Enhancements::audio::AudioEditor_cpp::L692,8,8,YES,0,PASS
SOH_UI,SOH_UI::soh::soh::Enhancements::audio::AudioEditor_cpp::L699,22,22,YES,0,PASS
SOH_UI,SOH_UI::soh::soh::Enhancements::audio::AudioEditor_cpp::L727,22,22,YES,0,PASS
SOH_UI,SOH_UI::soh::soh::Enhancements::audio::AudioEditor_cpp::L819,10,10,YES,0,PASS
SOH_UI,SOH_UI::soh::soh::Enhancements::audio::AudioEditor_cpp::L821,7,7,YES,0,PASS
SOH_UI,SOH_UI::soh::soh::Enhancements::audio::AudioEditor_cpp::L824,20,20,YES,0,PASS
SOH_UI,SOH_UI::soh::soh::Enhancements::audio::AudioEditor_cpp::L826,7,7,YES,0,PASS
SOH_UI,SOH_UI::soh::soh::Enhancements::audio::AudioEditor_cpp::L829,15,15,YES,0,PASS
SOH_UI,SOH_UI::soh::soh::Enhancements::audio::AudioEditor_cpp::L836,25,25,YES,0,PASS
SOH_UI,SOH_UI::soh::soh::Enhancements::audio::AudioEditor_cpp::L843,7,7,YES,0,PASS
SOH_UI,SOH_UI::soh::soh::Enhancements::audio::AudioEditor_cpp::L846,19,19,YES,0,PASS
SOH_UI,SOH_UI::soh::soh::Enhancements::audio::AudioEditor_cpp::L851,7,7,YES,0,PASS
SOH_UI,SOH_UI::soh::soh::Enhancements::audio::AudioEditor_cpp::L854,27,27,YES,0,PASS
SOH_UI,SOH_UI::soh::soh::Enhancements::audio::AudioEditor_cpp::L856,7,7,YES,0,PASS
SOH_UI,SOH_UI::soh::soh::Enhancements::audio::AudioEditor_cpp::L859,23,23,YES,0,PASS
SOH_UI,SOH_UI::soh::soh::Enhancements::audio::AudioEditor_cpp::L867,7,7,YES,0,PASS
SOH_UI,SOH_UI::soh::soh::Enhancements::audio::AudioEditor_cpp::L871,22,22,YES,0,PASS
SOH_UI,SOH_UI::soh::soh::Enhancements::audio::AudioEditor_cpp::L875,7,7,YES,0,PASS
SOH_UI,SOH_UI::soh::soh::Enhancements::audio::AudioEditor_cpp::L879,22,22,YES,0,PASS
SOH_UI,SOH_UI::soh::soh::Enhancements::audio::AudioEditor_cpp::L884,7,7,YES,0,PASS
SOH_UI,SOH_UI::soh::soh::Enhancements::audio::AudioEditor_cpp::L887,22,22,YES,0,PASS
SOH_UI,SOH_UI::soh::soh::Enhancements::audio::AudioEditor_cpp::L894,7,7,YES,0,PASS
SOH_UI,SOH_UI::soh::soh::Enhancements::controls::SohInputEditorWindow_cpp::L55,7,7,YES,0,PASS
SOH_UI,SOH_UI::soh::soh::Enhancements::controls::SohInputEditorWindow_cpp::L60,7,7,YES,0,PASS
SOH_UI,SOH_UI::soh::soh::Enhancements::controls::SohInputEditorWindow_cpp::L243,8,8,YES,0,PASS
SOH_UI,SOH_UI::soh::soh::Enhancements::controls::SohInputEditorWindow_cpp::L307,8,8,YES,0,PASS
SOH_UI,SOH_UI::soh::soh::Enhancements::controls::SohInputEditorWindow_cpp::L429,6,6,YES,0,PASS
SOH_UI,SOH_UI::soh::soh::Enhancements::controls::SohInputEditorWindow_cpp::L486,8,8,YES,0,PASS
SOH_UI,SOH_UI::soh::soh::Enhancements::controls::SohInputEditorWindow_cpp::L572,8,8,YES,0,PASS
SOH_UI,SOH_UI::soh::soh::Enhancements::controls::SohInputEditorWindow_cpp::L669,13,13,YES,0,PASS
SOH_UI,SOH_UI::soh::soh::Enhancements::controls::SohInputEditorWindow_cpp::L708,12,12,YES,0,PASS
SOH_UI,SOH_UI::soh::soh::Enhancements::controls::SohInputEditorWindow_cpp::L850,8,8,YES,0,PASS
SOH_UI,SOH_UI::soh::soh::Enhancements::controls::SohInputEditorWindow_cpp::L902,7,7,YES,0,PASS
SOH_UI,SOH_UI::soh::soh::Enhancements::controls::SohInputEditorWindow_cpp::L902,6,6,YES,0,PASS
SOH_UI,SOH_UI::soh::soh::Enhancements::controls::SohInputEditorWindow_cpp::L1033,8,8,YES,0,PASS
SOH_UI,SOH_UI::soh::soh::Enhancements::controls::SohInputEditorWindow_cpp::L1084,13,13,YES,0,PASS
SOH_UI,SOH_UI::soh::soh::Enhancements::controls::SohInputEditorWindow_cpp::L1087,6,6,YES,0,PASS
SOH_UI,SOH_UI::soh::soh::Enhancements::controls::SohInputEditorWindow_cpp::L1113,13,13,YES,0,PASS
SOH_UI,SOH_UI::soh::soh::Enhancements::controls::SohInputEditorWindow_cpp::L1122,19,19,YES,0,PASS
SOH_UI,SOH_UI::soh::soh::Enhancements::controls::SohInputEditorWindow_cpp::L1162,8,8,YES,0,PASS
SOH_UI,SOH_UI::soh::soh::Enhancements::controls::SohInputEditorWindow_cpp::L1206,13,13,YES,0,PASS
SOH_UI,SOH_UI::soh::soh::Enhancements::controls::SohInputEditorWindow_cpp::L1250,11,11,YES,0,PASS
SOH_UI,SOH_UI::soh::soh::Enhancements::controls::SohInputEditorWindow_cpp::L1306,11,11,YES,0,PASS
SOH_UI,SOH_UI::soh::soh::Enhancements::controls::SohInputEditorWindow_cpp::L1346,5,5,YES,0,PASS
SOH_UI,SOH_UI::soh::soh::Enhancements::controls::SohInputEditorWindow_cpp::L1358,5,5,YES,0,PASS
SOH_UI,SOH_UI::soh::soh::Enhancements::controls::SohInputEditorWindow_cpp::L1381,17,17,YES,0,PASS
SOH_UI,SOH_UI::soh::soh::Enhancements::controls::SohInputEditorWindow_cpp::L1404,32,32,YES,0,PASS
SOH_UI,SOH_UI::soh::soh::Enhancements::controls::SohInputEditorWindow_cpp::L1478,11,11,YES,0,PASS
SOH_UI,SOH_UI::soh::soh::Enhancements::controls::SohInputEditorWindow_cpp::L1478,10,10,YES,0,PASS
SOH_UI,SOH_UI::soh::soh::Enhancements::controls::SohInputEditorWindow_cpp::L1482,14,14,YES,0,PASS
SOH_UI,SOH_UI::soh::soh::Enhancements::controls::SohInputEditorWindow_cpp::L1488,11,11,YES,0,PASS
SOH_UI,SOH_UI::soh::soh::Enhancements::controls::SohInputEditorWindow_cpp::L1488,10,10,YES,0,PASS
SOH_UI,SOH_UI::soh::soh::Enhancements::controls::SohInputEditorWindow_cpp::L1558,7,7,YES,0,PASS
SOH_UI,SOH_UI::soh::soh::Enhancements::controls::SohInputEditorWindow_cpp::L1561,7,7,YES,0,PASS
SOH_UI,SOH_UI::soh::soh::Enhancements::controls::SohInputEditorWindow_cpp::L1575,5,5,YES,0,PASS
SOH_UI,SOH_UI::soh::soh::Enhancements::controls::SohInputEditorWindow_cpp::L1590,6,6,YES,0,PASS
SOH_UI,SOH_UI::soh::soh::Enhancements::controls::SohInputEditorWindow_cpp::L1594,4,4,YES,0,PASS
SOH_UI,SOH_UI::soh::soh::Enhancements::controls::SohInputEditorWindow_cpp::L1598,4,4,YES,0,PASS
SOH_UI,SOH_UI::soh::soh::Enhancements::controls::SohInputEditorWindow_cpp::L1691,12,12,YES,0,PASS
SOH_UI,SOH_UI::soh::soh::Enhancements::controls::SohInputEditorWindow_cpp::L1709,7,7,YES,0,PASS
SOH_UI,SOH_UI::soh::soh::Enhancements::controls::SohInputEditorWindow_cpp::L1723,5,5,YES,0,PASS
SOH_UI,SOH_UI::soh::soh::Enhancements::controls::SohInputEditorWindow_cpp::L1754,7,7,YES,0,PASS
SOH_UI,SOH_UI::soh::soh::Enhancements::controls::SohInputEditorWindow_cpp::L1757,7,7,YES,0,PASS
SOH_UI,SOH_UI::soh::soh::Enhancements::controls::SohInputEditorWindow_cpp::L1770,5,5,YES,0,PASS
SOH_UI,SOH_UI::soh::soh::Enhancements::controls::SohInputEditorWindow_cpp::L1795,8,8,YES,0,PASS
SOH_UI,SOH_UI::soh::soh::Enhancements::controls::SohInputEditorWindow_cpp::L1827,8,8,YES,0,PASS
SOH_UI,SOH_UI::soh::soh::Enhancements::controls::SohInputEditorWindow_cpp::L1857,8,8,YES,0,PASS
SOH_UI,SOH_UI::soh::soh::Enhancements::controls::SohInputEditorWindow_cpp::L1876,8,8,YES,0,PASS
SOH_UI,SOH_UI::soh::soh::Enhancements::controls::SohInputEditorWindow_cpp::L1894,12,12,YES,0,PASS
SOH_UI,SOH_UI::soh::soh::Enhancements::controls::SohInputEditorWindow_cpp::L1906,13,13,YES,0,PASS
SOH_UI,SOH_UI::soh::soh::Enhancements::controls::SohInputEditorWindow_cpp::L1906,9,9,YES,0,PASS
SOH_UI,SOH_UI::soh::soh::Enhancements::controls::SohInputEditorWindow_cpp::L1918,13,13,YES,0,PASS
SOH_UI,SOH_UI::soh::soh::Enhancements::controls::SohInputEditorWindow_cpp::L1918,9,9,YES,0,PASS
SOH_UI,SOH_UI::soh::soh::Enhancements::controls::SohInputEditorWindow_cpp::L1921,11,11,YES,0,PASS
SOH_UI,SOH_UI::soh::soh::Enhancements::controls::SohInputEditorWindow_cpp::L1924,11,11,YES,0,PASS
SOH_UI,SOH_UI::soh::soh::Enhancements::controls::SohInputEditorWindow_cpp::L1924,16,16,YES,0,PASS
SOH_UI,SOH_UI::soh::soh::Enhancements::controls::SohInputEditorWindow_cpp::L1934,13,13,YES,0,PASS
SOH_UI,SOH_UI::soh::soh::Enhancements::controls::SohInputEditorWindow_cpp::L1934,9,9,YES,0,PASS
SOH_UI,SOH_UI::soh::soh::Enhancements::controls::SohInputEditorWindow_cpp::L1937,16,16,YES,0,PASS
SOH_UI,SOH_UI::soh::soh::Enhancements::controls::SohInputEditorWindow_cpp::L1940,11,11,YES,0,PASS
SOH_UI,SOH_UI::soh::soh::Enhancements::controls::SohInputEditorWindow_cpp::L1940,16,16,YES,0,PASS
SOH_UI,SOH_UI::soh::soh::Enhancements::controls::SohInputEditorWindow_cpp::L1949,13,13,YES,0,PASS
SOH_UI,SOH_UI::soh::soh::Enhancements::controls::SohInputEditorWindow_cpp::L1949,9,9,YES,0,PASS
SOH_UI,SOH_UI::soh::soh::Enhancements::controls::SohInputEditorWindow_cpp::L1953,13,13,YES,0,PASS
SOH_UI,SOH_UI::soh::soh::Enhancements::controls::SohInputEditorWindow_cpp::L1953,9,9,YES,0,PASS
SOH_UI,SOH_UI::soh::soh::Enhancements::controls::SohInputEditorWindow_cpp::L1956,11,11,YES,0,PASS
SOH_UI,SOH_UI::soh::soh::Enhancements::controls::SohInputEditorWindow_cpp::L1961,13,13,YES,0,PASS
SOH_UI,SOH_UI::soh::soh::Enhancements::controls::SohInputEditorWindow_cpp::L1961,9,9,YES,0,PASS
SOH_UI,SOH_UI::soh::soh::Enhancements::controls::SohInputEditorWindow_cpp::L1964,10,10,YES,0,PASS
SOH_UI,SOH_UI::soh::soh::Enhancements::controls::SohInputEditorWindow_cpp::L1969,13,13,YES,0,PASS
SOH_UI,SOH_UI::soh::soh::Enhancements::controls::SohInputEditorWindow_cpp::L1969,9,9,YES,0,PASS
SOH_UI,SOH_UI::soh::soh::Enhancements::randomizer::randomizer_check_tracker_cpp::L556,4,4,YES,0,PASS
SOH_UI,SOH_UI::soh::soh::Enhancements::randomizer::randomizer_check_tracker_cpp::L986,10,10,YES,0,PASS
SOH_UI,SOH_UI::soh::soh::Enhancements::randomizer::randomizer_check_tracker_cpp::L987,17,17,YES,0,PASS
SOH_UI,SOH_UI::soh::soh::Enhancements::randomizer::randomizer_check_tracker_cpp::L988,9,9,YES,0,PASS
SOH_UI,SOH_UI::soh::soh::Enhancements::randomizer::randomizer_check_tracker_cpp::L989,21,21,YES,0,PASS
SOH_UI,SOH_UI::soh::soh::Enhancements::randomizer::randomizer_check_tracker_cpp::L990,17,17,YES,0,PASS
SOH_UI,SOH_UI::soh::soh::Enhancements::randomizer::randomizer_check_tracker_cpp::L992,24,24,YES,0,PASS
SOH_UI,SOH_UI::soh::soh::Enhancements::randomizer::randomizer_check_tracker_cpp::L993,16,16,YES,0,PASS
SOH_UI,SOH_UI::soh::soh::Enhancements::randomizer::randomizer_check_tracker_cpp::L994,10,10,YES,0,PASS
SOH_UI,SOH_UI::soh::soh::Enhancements::randomizer::randomizer_check_tracker_cpp::L995,14,14,YES,0,PASS
SOH_UI,SOH_UI::soh::soh::Enhancements::randomizer::randomizer_check_tracker_cpp::L1000,11,11,YES,0,PASS
SOH_UI,SOH_UI::soh::soh::Enhancements::randomizer::randomizer_check_tracker_cpp::L1001,12,12,YES,0,PASS
SOH_UI,SOH_UI::soh::soh::Enhancements::randomizer::randomizer_check_tracker_cpp::L1002,12,12,YES,0,PASS
SOH_UI,SOH_UI::soh::soh::Enhancements::randomizer::randomizer_check_tracker_cpp::L1055,10,10,YES,0,PASS
SOH_UI,SOH_UI::soh::soh::Enhancements::randomizer::randomizer_check_tracker_cpp::L1060,10,10,YES,0,PASS
SOH_UI,SOH_UI::soh::soh::Enhancements::randomizer::randomizer_check_tracker_cpp::L1065,17,17,YES,0,PASS
SOH_UI,SOH_UI::soh::soh::Enhancements::randomizer::randomizer_check_tracker_cpp::L1085,7,7,YES,0,PASS
SOH_UI,SOH_UI::soh::soh::Enhancements::randomizer::randomizer_check_tracker_cpp::L1114,20,20,YES,0,PASS
SOH_UI,SOH_UI::soh::soh::Enhancements::randomizer::randomizer_check_tracker_cpp::L1126,10,10,YES,0,PASS
SOH_UI,SOH_UI::soh::soh::Enhancements::randomizer::randomizer_check_tracker_cpp::L1137,17,17,YES,0,PASS
SOH_UI,SOH_UI::soh::soh::Enhancements::randomizer::randomizer_check_tracker_cpp::L1295,10,10,YES,0,PASS
SOH_UI,SOH_UI::soh::soh::Enhancements::randomizer::randomizer_check_tracker_cpp::L1300,9,9,YES,0,PASS
SOH_UI,SOH_UI::soh::soh::Enhancements::randomizer::randomizer_check_tracker_cpp::L1944,7,7,YES,0,PASS
SOH_UI,SOH_UI::soh::soh::Enhancements::randomizer::randomizer_check_tracker_cpp::L1982,12,12,YES,0,PASS
SOH_UI,SOH_UI::soh::soh::Enhancements::randomizer::randomizer_check_tracker_cpp::L2017,6,6,YES,0,PASS
SOH_UI,SOH_UI::soh::soh::Enhancements::randomizer::randomizer_check_tracker_cpp::L2024,6,6,YES,0,PASS
SOH_UI,SOH_UI::soh::soh::Enhancements::randomizer::randomizer_check_tracker_cpp::L2032,9,9,YES,0,PASS
SOH_UI,SOH_UI::soh::soh::Enhancements::randomizer::randomizer_check_tracker_cpp::L2108,8,8,YES,0,PASS
SOH_UI,SOH_UI::soh::soh::Enhancements::randomizer::randomizer_check_tracker_cpp::L2109,6,6,YES,0,PASS
SOH_UI,SOH_UI::soh::soh::Enhancements::randomizer::randomizer_check_tracker_cpp::L2110,7,7,YES,0,PASS
SOH_UI,SOH_UI::soh::soh::Enhancements::randomizer::randomizer_check_tracker_cpp::L2113,4,4,YES,0,PASS
SOH_UI,SOH_UI::soh::soh::Enhancements::randomizer::randomizer_check_tracker_cpp::L2113,6,6,YES,0,PASS
SOH_UI,SOH_UI::soh::soh::Enhancements::randomizer::randomizer_check_tracker_cpp::L2114,6,6,YES,0,PASS
SOH_UI,SOH_UI::soh::soh::Enhancements::randomizer::randomizer_check_tracker_cpp::L2114,7,7,YES,0,PASS
SOH_UI,SOH_UI::soh::soh::Enhancements::randomizer::randomizer_check_tracker_cpp::L2116,7,7,YES,0,PASS
SOH_UI,SOH_UI::soh::soh::Enhancements::randomizer::randomizer_check_tracker_cpp::L2117,4,4,YES,0,PASS
SOH_UI,SOH_UI::soh::soh::Enhancements::randomizer::randomizer_check_tracker_cpp::L2117,6,6,YES,0,PASS
SOH_UI,SOH_UI::soh::soh::Enhancements::randomizer::randomizer_check_tracker_cpp::L2118,6,6,YES,0,PASS
SOH_UI,SOH_UI::soh::soh::Enhancements::randomizer::randomizer_check_tracker_cpp::L2118,7,7,YES,0,PASS
SOH_UI,SOH_UI::soh::soh::Enhancements::randomizer::randomizer_check_tracker_cpp::L2123,25,25,YES,0,PASS
SOH_UI,SOH_UI::soh::soh::Enhancements::randomizer::randomizer_check_tracker_cpp::L2133,10,10,YES,0,PASS
SOH_UI,SOH_UI::soh::soh::Enhancements::randomizer::randomizer_check_tracker_cpp::L2134,9,9,YES,0,PASS
SOH_UI,SOH_UI::soh::soh::Enhancements::randomizer::randomizer_check_tracker_cpp::L2136,14,14,YES,0,PASS
SOH_UI,SOH_UI::soh::soh::Enhancements::randomizer::randomizer_check_tracker_cpp::L2138,11,11,YES,0,PASS
SOH_UI,SOH_UI::soh::soh::Enhancements::randomizer::randomizer_check_tracker_cpp::L2144,11,11,YES,0,PASS
SOH_UI,SOH_UI::soh::soh::Enhancements::randomizer::randomizer_check_tracker_cpp::L2146,12,12,YES,0,PASS
SOH_UI,SOH_UI::soh::soh::Enhancements::randomizer::randomizer_check_tracker_cpp::L2152,12,12,YES,0,PASS
SOH_UI,SOH_UI::soh::soh::Enhancements::randomizer::randomizer_check_tracker_cpp::L2177,17,17,YES,0,PASS
SOH_UI,SOH_UI::soh::soh::Enhancements::randomizer::randomizer_check_tracker_cpp::L2196,9,9,YES,0,PASS
SOH_UI,SOH_UI::soh::soh::Enhancements::randomizer::randomizer_check_tracker_cpp::L2200,7,7,YES,0,PASS
SOH_UI,SOH_UI::soh::soh::Enhancements::randomizer::randomizer_check_tracker_cpp::L2204,4,4,YES,0,PASS
SOH_UI,SOH_UI::soh::soh::Enhancements::randomizer::randomizer_check_tracker_cpp::L2210,7,7,YES,0,PASS
SOH_UI,SOH_UI::soh::soh::Enhancements::randomizer::randomizer_check_tracker_cpp::L2219,9,9,YES,0,PASS
SOH_UI,SOH_UI::soh::soh::Enhancements::randomizer::randomizer_check_tracker_cpp::L2224,5,5,YES,0,PASS
SOH_UI,SOH_UI::soh::soh::Enhancements::randomizer::randomizer_check_tracker_cpp::L2252,7,7,YES,0,PASS
SOH_UI,SOH_UI::soh::soh::Enhancements::randomizer::randomizer_check_tracker_cpp::L2255,13,13,YES,0,PASS
SOH_UI,SOH_UI::soh::soh::Enhancements::randomizer::randomizer_check_tracker_cpp::L2258,10,10,YES,0,PASS
SOH_UI,SOH_UI::soh::soh::Enhancements::randomizer::randomizer_check_tracker_cpp::L2265,13,13,YES,0,PASS
SOH_UI,SOH_UI::soh::soh::Enhancements::randomizer::randomizer_check_tracker_cpp::L2268,10,10,YES,0,PASS
SOH_UI,SOH_UI::soh::soh::Enhancements::randomizer::randomizer_check_tracker_cpp::L2273,13,13,YES,0,PASS
SOH_UI,SOH_UI::soh::soh::Enhancements::randomizer::randomizer_check_tracker_cpp::L2276,24,24,YES,0,PASS
SOH_UI,SOH_UI::soh::soh::Enhancements::randomizer::randomizer_check_tracker_cpp::L2282,24,24,YES,0,PASS
SOH_UI,SOH_UI::soh::soh::Enhancements::randomizer::randomizer_check_tracker_cpp::L2285,13,13,YES,0,PASS
SOH_UI,SOH_UI::soh::soh::Enhancements::randomizer::randomizer_check_tracker_cpp::L2288,16,16,YES,0,PASS
SOH_UI,SOH_UI::soh::soh::Enhancements::randomizer::randomizer_check_tracker_cpp::L2296,13,13,YES,0,PASS
SOH_UI,SOH_UI::soh::soh::Enhancements::randomizer::randomizer_check_tracker_cpp::L2299,9,9,YES,0,PASS
SOH_UI,SOH_UI::soh::soh::Enhancements::randomizer::randomizer_check_tracker_cpp::L2303,13,13,YES,0,PASS
SOH_UI,SOH_UI::soh::soh::Enhancements::randomizer::randomizer_check_tracker_cpp::L2306,21,21,YES,0,PASS
SOH_UI,SOH_UI::soh::soh::Enhancements::randomizer::randomizer_check_tracker_cpp::L2312,21,21,YES,0,PASS
SOH_UI,SOH_UI::soh::soh::Enhancements::randomizer::randomizer_entrance_tracker_cpp::L52,9,9,YES,0,PASS
SOH_UI,SOH_UI::soh::soh::Enhancements::randomizer::randomizer_entrance_tracker_cpp::L66,6,6,YES,0,PASS
SOH_UI,SOH_UI::soh::soh::Enhancements::randomizer::randomizer_entrance_tracker_cpp::L71,9,9,YES,0,PASS
SOH_UI,SOH_UI::soh::soh::Enhancements::randomizer::randomizer_entrance_tracker_cpp::L71,8,8,YES,0,PASS
SOH_UI,SOH_UI::soh::soh::Enhancements::randomizer::randomizer_entrance_tracker_cpp::L71,6,6,YES,0,PASS
SOH_UI,SOH_UI::soh::soh::Enhancements::randomizer::randomizer_entrance_tracker_cpp::L71,7,7,YES,0,PASS
SOH_UI,SOH_UI::soh::soh::Enhancements::randomizer::randomizer_entrance_tracker_cpp::L111,5,5,YES,0,PASS
SOH_UI,SOH_UI::soh::soh::Enhancements::randomizer::randomizer_entrance_tracker_cpp::L112,5,5,YES,0,PASS
SOH_UI,SOH_UI::soh::soh::Enhancements::randomizer::randomizer_entrance_tracker_cpp::L151,8,8,YES,0,PASS
SOH_UI,SOH_UI::soh::soh::Enhancements::randomizer::randomizer_entrance_tracker_cpp::L164,8,8,YES,0,PASS
SOH_UI,SOH_UI::soh::soh::Enhancements::randomizer::randomizer_entrance_tracker_cpp::L188,11,11,YES,0,PASS
SOH_UI,SOH_UI::soh::soh::Enhancements::randomizer::randomizer_entrance_tracker_cpp::L189,11,11,YES,0,PASS
SOH_UI,SOH_UI::soh::soh::Enhancements::randomizer::randomizer_entrance_tracker_cpp::L219,8,8,YES,0,PASS
SOH_UI,SOH_UI::soh::soh::Enhancements::randomizer::randomizer_entrance_tracker_cpp::L220,8,8,YES,0,PASS
SOH_UI,SOH_UI::soh::soh::Enhancements::randomizer::randomizer_entrance_tracker_cpp::L259,8,8,YES,0,PASS
SOH_UI,SOH_UI::soh::soh::Enhancements::randomizer::randomizer_entrance_tracker_cpp::L260,8,8,YES,0,PASS
SOH_UI,SOH_UI::soh::soh::Enhancements::randomizer::randomizer_entrance_tracker_cpp::L311,6,6,YES,0,PASS
SOH_UI,SOH_UI::soh::soh::Enhancements::randomizer::randomizer_entrance_tracker_cpp::L312,6,6,YES,0,PASS
SOH_UI,SOH_UI::soh::soh::Enhancements::randomizer::randomizer_entrance_tracker_cpp::L368,8,8,YES,0,PASS
SOH_UI,SOH_UI::soh::soh::Enhancements::randomizer::randomizer_entrance_tracker_cpp::L369,8,8,YES,0,PASS
SOH_UI,SOH_UI::soh::soh::Enhancements::randomizer::randomizer_entrance_tracker_cpp::L715,6,6,YES,0,PASS
SOH_UI,SOH_UI::soh::soh::Enhancements::randomizer::randomizer_entrance_tracker_cpp::L720,4,4,YES,0,PASS
SOH_UI,SOH_UI::soh::soh::Enhancements::randomizer::randomizer_entrance_tracker_cpp::L720,6,6,YES,0,PASS
SOH_UI,SOH_UI::soh::soh::Enhancements::randomizer::randomizer_entrance_tracker_cpp::L725,10,10,YES,0,PASS
SOH_UI,SOH_UI::soh::soh::Enhancements::randomizer::randomizer_entrance_tracker_cpp::L730,17,17,YES,0,PASS
SOH_UI,SOH_UI::soh::soh::Enhancements::randomizer::randomizer_entrance_tracker_cpp::L734,18,18,YES,0,PASS
SOH_UI,SOH_UI::soh::soh::Enhancements::randomizer::randomizer_entrance_tracker_cpp::L739,20,20,YES,0,PASS
SOH_UI,SOH_UI::soh::soh::Enhancements::randomizer::randomizer_entrance_tracker_cpp::L747,20,20,YES,0,PASS
SOH_UI,SOH_UI::soh::soh::Enhancements::randomizer::randomizer_entrance_tracker_cpp::L758,4,4,YES,0,PASS
SOH_UI,SOH_UI::soh::soh::Enhancements::randomizer::randomizer_entrance_tracker_cpp::L758,7,7,YES,0,PASS
SOH_UI,SOH_UI::soh::soh::Enhancements::randomizer::randomizer_entrance_tracker_cpp::L761,4,4,YES,0,PASS
SOH_UI,SOH_UI::soh::soh::Enhancements::randomizer::randomizer_entrance_tracker_cpp::L761,7,7,YES,0,PASS
SOH_UI,SOH_UI::soh::soh::Enhancements::randomizer::randomizer_entrance_tracker_cpp::L767,8,8,YES,0,PASS
SOH_UI,SOH_UI::soh::soh::Enhancements::randomizer::randomizer_entrance_tracker_cpp::L769,6,6,YES,0,PASS
SOH_UI,SOH_UI::soh::soh::Enhancements::randomizer::randomizer_entrance_tracker_cpp::L778,6,6,YES,0,PASS
SOH_UI,SOH_UI::soh::soh::Enhancements::randomizer::randomizer_entrance_tracker_cpp::L824,7,7,YES,0,PASS
SOH_UI,SOH_UI::soh::soh::Enhancements::randomizer::randomizer_entrance_tracker_cpp::L836,6,6,YES,0,PASS
SOH_UI,SOH_UI::soh::soh::Enhancements::randomizer::randomizer_entrance_tracker_cpp::L837,7,7,YES,0,PASS
SOH_UI,SOH_UI::soh::soh::Enhancements::randomizer::randomizer_entrance_tracker_cpp::L862,29,29,YES,0,PASS
SOH_UI,SOH_UI::soh::soh::Enhancements::randomizer::randomizer_entrance_tracker_cpp::L863,6,6,YES,0,PASS
SOH_UI,SOH_UI::soh::soh::Enhancements::randomizer::randomizer_entrance_tracker_cpp::L864,8,8,YES,0,PASS
SOH_UI,SOH_UI::soh::soh::Enhancements::randomizer::randomizer_entrance_tracker_cpp::L865,20,20,YES,0,PASS
SOH_UI,SOH_UI::soh::soh::Enhancements::randomizer::randomizer_entrance_tracker_cpp::L866,17,17,YES,0,PASS
SOH_UI,SOH_UI::soh::soh::Enhancements::randomizer::randomizer_entrance_tracker_cpp::L867,18,18,YES,0,PASS
SOH_UI,SOH_UI::soh::soh::Enhancements::randomizer::randomizer_entrance_tracker_cpp::L868,20,20,YES,0,PASS
SOH_UI,SOH_UI::soh::soh::Enhancements::randomizer::randomizer_entrance_tracker_cpp::L869,10,10,YES,0,PASS
SOH_UI,SOH_UI::soh::soh::Enhancements::randomizer::randomizer_item_tracker_cpp::L242,4,4,YES,0,PASS
SOH_UI,SOH_UI::soh::soh::Enhancements::randomizer::randomizer_item_tracker_cpp::L242,4,4,YES,0,PASS
SOH_UI,SOH_UI::soh::soh::Enhancements::randomizer::randomizer_item_tracker_cpp::L242,4,4,YES,0,PASS
SOH_UI,SOH_UI::soh::soh::Enhancements::randomizer::randomizer_item_tracker_cpp::L243,4,4,YES,0,PASS
SOH_UI,SOH_UI::soh::soh::Enhancements::randomizer::randomizer_item_tracker_cpp::L243,4,4,YES,0,PASS
SOH_UI,SOH_UI::soh::soh::Enhancements::randomizer::randomizer_item_tracker_cpp::L243,4,4,YES,0,PASS
SOH_UI,SOH_UI::soh::soh::Enhancements::randomizer::randomizer_item_tracker_cpp::L244,4,4,YES,0,PASS
SOH_UI,SOH_UI::soh::soh::Enhancements::randomizer::randomizer_item_tracker_cpp::L244,4,4,YES,0,PASS
SOH_UI,SOH_UI::soh::soh::Enhancements::randomizer::randomizer_item_tracker_cpp::L244,4,4,YES,0,PASS
SOH_UI,SOH_UI::soh::soh::Enhancements::randomizer::randomizer_item_tracker_cpp::L245,5,5,YES,0,PASS
SOH_UI,SOH_UI::soh::soh::Enhancements::randomizer::randomizer_item_tracker_cpp::L246,4,4,YES,0,PASS
SOH_UI,SOH_UI::soh::soh::Enhancements::randomizer::randomizer_item_tracker_cpp::L250,5,5,YES,0,PASS
SOH_UI,SOH_UI::soh::soh::Enhancements::randomizer::randomizer_item_tracker_cpp::L250,4,4,YES,0,PASS
SOH_UI,SOH_UI::soh::soh::Enhancements::randomizer::randomizer_item_tracker_cpp::L251,4,4,YES,0,PASS
SOH_UI,SOH_UI::soh::soh::Enhancements::randomizer::randomizer_item_tracker_cpp::L251,5,5,YES,0,PASS
SOH_UI,SOH_UI::soh::soh::Enhancements::randomizer::randomizer_item_tracker_cpp::L252,5,5,YES,0,PASS
SOH_UI,SOH_UI::soh::soh::Enhancements::randomizer::randomizer_item_tracker_cpp::L252,4,4,YES,0,PASS
SOH_UI,SOH_UI::soh::soh::Enhancements::randomizer::randomizer_item_tracker_cpp::L252,5,5,YES,0,PASS
SOH_UI,SOH_UI::soh::soh::Enhancements::randomizer::randomizer_item_tracker_cpp::L261,5,5,YES,0,PASS
SOH_UI,SOH_UI::soh::soh::Enhancements::randomizer::randomizer_item_tracker_cpp::L262,5,5,YES,0,PASS
SOH_UI,SOH_UI::soh::soh::Enhancements::randomizer::randomizer_item_tracker_cpp::L263,5,5,YES,0,PASS
SOH_UI,SOH_UI::soh::soh::Enhancements::randomizer::randomizer_item_tracker_cpp::L264,4,4,YES,0,PASS
SOH_UI,SOH_UI::soh::soh::Enhancements::randomizer::randomizer_item_tracker_cpp::L265,5,5,YES,0,PASS
SOH_UI,SOH_UI::soh::soh::Enhancements::randomizer::randomizer_item_tracker_cpp::L266,4,4,YES,0,PASS
SOH_UI,SOH_UI::soh::soh::Enhancements::randomizer::randomizer_item_tracker_cpp::L267,6,6,YES,0,PASS
SOH_UI,SOH_UI::soh::soh::Enhancements::randomizer::randomizer_item_tracker_cpp::L268,6,6,YES,0,PASS
SOH_UI,SOH_UI::soh::soh::Enhancements::randomizer::randomizer_item_tracker_cpp::L269,4,4,YES,0,PASS
SOH_UI,SOH_UI::soh::soh::Enhancements::randomizer::randomizer_item_tracker_cpp::L270,5,5,YES,0,PASS
SOH_UI,SOH_UI::soh::soh::Enhancements::randomizer::randomizer_item_tracker_cpp::L271,6,6,YES,0,PASS
SOH_UI,SOH_UI::soh::soh::Enhancements::randomizer::randomizer_item_tracker_cpp::L272,5,5,YES,0,PASS
SOH_UI,SOH_UI::soh::soh::Enhancements::randomizer::randomizer_item_tracker_cpp::L273,4,4,YES,0,PASS
SOH_UI,SOH_UI::soh::soh::Enhancements::randomizer::randomizer_item_tracker_cpp::L274,6,6,YES,0,PASS
SOH_UI,SOH_UI::soh::soh::Enhancements::randomizer::randomizer_item_tracker_cpp::L275,5,5,YES,0,PASS
SOH_UI,SOH_UI::soh::soh::Enhancements::randomizer::randomizer_item_tracker_cpp::L276,5,5,YES,0,PASS
SOH_UI,SOH_UI::soh::soh::Enhancements::randomizer::randomizer_item_tracker_cpp::L277,4,4,YES,0,PASS
SOH_UI,SOH_UI::soh::soh::Enhancements::randomizer::randomizer_item_tracker_cpp::L278,6,6,YES,0,PASS
SOH_UI,SOH_UI::soh::soh::Enhancements::randomizer::randomizer_item_tracker_cpp::L279,6,6,YES,0,PASS
SOH_UI,SOH_UI::soh::soh::Enhancements::randomizer::randomizer_item_tracker_cpp::L280,6,6,YES,0,PASS
SOH_UI,SOH_UI::soh::soh::Enhancements::randomizer::randomizer_item_tracker_cpp::L281,6,6,YES,0,PASS
SOH_UI,SOH_UI::soh::soh::Enhancements::randomizer::randomizer_item_tracker_cpp::L282,5,5,YES,0,PASS
SOH_UI,SOH_UI::soh::soh::Enhancements::randomizer::randomizer_item_tracker_cpp::L284,4,4,YES,0,PASS
SOH_UI,SOH_UI::soh::soh::Enhancements::randomizer::randomizer_item_tracker_cpp::L574,8,8,YES,0,PASS
SOH_UI,SOH_UI::soh::soh::Enhancements::randomizer::randomizer_item_tracker_cpp::L575,8,8,YES,0,PASS
SOH_UI,SOH_UI::soh::soh::Enhancements::randomizer::randomizer_item_tracker_cpp::L579,13,13,YES,0,PASS
SOH_UI,SOH_UI::soh::soh::Enhancements::randomizer::randomizer_item_tracker_cpp::L580,9,9,YES,0,PASS
SOH_UI,SOH_UI::soh::soh::Enhancements::randomizer::randomizer_item_tracker_cpp::L585,18,18,YES,0,PASS
SOH_UI,SOH_UI::soh::soh::Enhancements::randomizer::randomizer_item_tracker_cpp::L638,18,18,YES,0,PASS
SOH_UI,SOH_UI::soh::soh::Enhancements::randomizer::randomizer_item_tracker_cpp::L703,19,19,YES,0,PASS
SOH_UI,SOH_UI::soh::soh::Enhancements::randomizer::randomizer_item_tracker_cpp::L733,8,8,YES,0,PASS
SOH_UI,SOH_UI::soh::soh::Enhancements::randomizer::randomizer_item_tracker_cpp::L743,8,8,YES,0,PASS
SOH_UI,SOH_UI::soh::soh::Enhancements::randomizer::randomizer_item_tracker_cpp::L761,8,8,YES,0,PASS
SOH_UI,SOH_UI::soh::soh::Enhancements::randomizer::randomizer_item_tracker_cpp::L767,14,14,YES,0,PASS
SOH_UI,SOH_UI::soh::soh::Enhancements::randomizer::randomizer_item_tracker_cpp::L1078,8,8,YES,0,PASS
SOH_UI,SOH_UI::soh::soh::Enhancements::randomizer::randomizer_item_tracker_cpp::L1090,8,8,YES,0,PASS
SOH_UI,SOH_UI::soh::soh::Enhancements::randomizer::randomizer_item_tracker_cpp::L1141,8,8,YES,0,PASS
SOH_UI,SOH_UI::soh::soh::Enhancements::randomizer::randomizer_item_tracker_cpp::L1153,8,8,YES,0,PASS
SOH_UI,SOH_UI::soh::soh::Enhancements::randomizer::randomizer_item_tracker_cpp::L1154,11,11,YES,0,PASS
SOH_UI,SOH_UI::soh::soh::Enhancements::randomizer::randomizer_item_tracker_cpp::L1197,10,10,YES,0,PASS
SOH_UI,SOH_UI::soh::soh::Enhancements::randomizer::randomizer_item_tracker_cpp::L1215,10,10,YES,0,PASS
SOH_UI,SOH_UI::soh::soh::Enhancements::randomizer::randomizer_item_tracker_cpp::L1220,9,9,YES,0,PASS
SOH_UI,SOH_UI::soh::soh::Enhancements::randomizer::randomizer_item_tracker_cpp::L1254,8,8,YES,0,PASS
SOH_UI,SOH_UI::soh::soh::Enhancements::randomizer::randomizer_item_tracker_cpp::L1255,11,11,YES,0,PASS
SOH_UI,SOH_UI::soh::soh::Enhancements::randomizer::randomizer_item_tracker_cpp::L1257,10,10,YES,0,PASS
SOH_UI,SOH_UI::soh::soh::Enhancements::randomizer::randomizer_item_tracker_cpp::L1273,8,8,YES,0,PASS
SOH_UI,SOH_UI::soh::soh::Enhancements::randomizer::randomizer_item_tracker_cpp::L1274,11,11,YES,0,PASS
SOH_UI,SOH_UI::soh::soh::Enhancements::randomizer::randomizer_item_tracker_cpp::L1283,8,8,YES,0,PASS
SOH_UI,SOH_UI::soh::soh::Enhancements::randomizer::randomizer_item_tracker_cpp::L1558,8,8,YES,0,PASS
SOH_UI,SOH_UI::soh::soh::Enhancements::randomizer::randomizer_item_tracker_cpp::L1559,11,11,YES,0,PASS
SOH_UI,SOH_UI::soh::soh::Enhancements::randomizer::randomizer_item_tracker_cpp::L1560,12,12,YES,0,PASS
SOH_UI,SOH_UI::soh::soh::Enhancements::randomizer::randomizer_item_tracker_cpp::L1561,12,12,YES,0,PASS
SOH_UI,SOH_UI::soh::soh::Enhancements::randomizer::randomizer_item_tracker_cpp::L1566,14,14,YES,0,PASS
SOH_UI,SOH_UI::soh::soh::Enhancements::randomizer::randomizer_item_tracker_cpp::L1569,10,10,YES,0,PASS
SOH_UI,SOH_UI::soh::soh::Enhancements::randomizer::randomizer_item_tracker_cpp::L1572,11,11,YES,0,PASS
SOH_UI,SOH_UI::soh::soh::Enhancements::randomizer::randomizer_item_tracker_cpp::L1628,20,20,YES,0,PASS
SOH_UI,SOH_UI::soh::soh::Enhancements::randomizer::randomizer_item_tracker_cpp::L1707,10,10,YES,0,PASS
SOH_UI,SOH_UI::soh::soh::Enhancements::randomizer::randomizer_item_tracker_cpp::L1708,10,10,YES,0,PASS
SOH_UI,SOH_UI::soh::soh::Enhancements::randomizer::randomizer_item_tracker_cpp::L1748,8,8,YES,0,PASS
SOH_UI,SOH_UI::soh::soh::Enhancements::randomizer::randomizer_item_tracker_cpp::L1749,6,6,YES,0,PASS
SOH_UI,SOH_UI::soh::soh::Enhancements::randomizer::randomizer_item_tracker_cpp::L1752,7,7,YES,0,PASS
SOH_UI,SOH_UI::soh::soh::Enhancements::randomizer::randomizer_item_tracker_cpp::L1757,4,4,YES,0,PASS
SOH_UI,SOH_UI::soh::soh::Enhancements::randomizer::randomizer_item_tracker_cpp::L1757,6,6,YES,0,PASS
SOH_UI,SOH_UI::soh::soh::Enhancements::randomizer::randomizer_item_tracker_cpp::L1758,6,6,YES,0,PASS
SOH_UI,SOH_UI::soh::soh::Enhancements::randomizer::randomizer_item_tracker_cpp::L1758,7,7,YES,0,PASS
SOH_UI,SOH_UI::soh::soh::Enhancements::randomizer::randomizer_item_tracker_cpp::L1760,7,7,YES,0,PASS
SOH_UI,SOH_UI::soh::soh::Enhancements::randomizer::randomizer_item_tracker_cpp::L1761,4,4,YES,0,PASS
SOH_UI,SOH_UI::soh::soh::Enhancements::randomizer::randomizer_item_tracker_cpp::L1761,6,6,YES,0,PASS
SOH_UI,SOH_UI::soh::soh::Enhancements::randomizer::randomizer_item_tracker_cpp::L1762,6,6,YES,0,PASS
SOH_UI,SOH_UI::soh::soh::Enhancements::randomizer::randomizer_item_tracker_cpp::L1762,7,7,YES,0,PASS
SOH_UI,SOH_UI::soh::soh::Enhancements::randomizer::randomizer_item_tracker_cpp::L1765,6,6,YES,0,PASS
SOH_UI,SOH_UI::soh::soh::Enhancements::randomizer::randomizer_item_tracker_cpp::L1767,8,8,YES,0,PASS
SOH_UI,SOH_UI::soh::soh::Enhancements::randomizer::randomizer_item_tracker_cpp::L1770,6,6,YES,0,PASS
SOH_UI,SOH_UI::soh::soh::Enhancements::randomizer::randomizer_item_tracker_cpp::L1773,8,8,YES,0,PASS
SOH_UI,SOH_UI::soh::soh::Enhancements::randomizer::randomizer_item_tracker_cpp::L1776,6,6,YES,0,PASS
SOH_UI,SOH_UI::soh::soh::Enhancements::randomizer::randomizer_item_tracker_cpp::L1776,8,8,YES,0,PASS
SOH_UI,SOH_UI::soh::soh::Enhancements::randomizer::randomizer_item_tracker_cpp::L1792,10,10,YES,0,PASS
SOH_UI,SOH_UI::soh::soh::Enhancements::randomizer::randomizer_item_tracker_cpp::L1793,9,9,YES,0,PASS
SOH_UI,SOH_UI::soh::soh::Enhancements::randomizer::randomizer_item_tracker_cpp::L1796,14,14,YES,0,PASS
SOH_UI,SOH_UI::soh::soh::Enhancements::randomizer::randomizer_item_tracker_cpp::L1810,12,12,YES,0,PASS
SOH_UI,SOH_UI::soh::soh::Enhancements::randomizer::randomizer_item_tracker_cpp::L1818,12,12,YES,0,PASS
SOH_UI,SOH_UI::soh::soh::Enhancements::randomizer::randomizer_item_tracker_cpp::L1829,8,8,YES,0,PASS
SOH_UI,SOH_UI::soh::soh::Enhancements::randomizer::randomizer_item_tracker_cpp::L1831,11,11,YES,0,PASS
SOH_UI,SOH_UI::soh::soh::Enhancements::randomizer::randomizer_item_tracker_cpp::L1833,8,8,YES,0,PASS
SOH_UI,SOH_UI::soh::soh::Enhancements::randomizer::randomizer_item_tracker_cpp::L1838,13,13,YES,0,PASS
SOH_UI,SOH_UI::soh::soh::Enhancements::randomizer::randomizer_item_tracker_cpp::L1840,13,13,YES,0,PASS
SOH_UI,SOH_UI::soh::soh::Enhancements::randomizer::randomizer_item_tracker_cpp::L1842,18,18,YES,0,PASS
SOH_UI,SOH_UI::soh::soh::Enhancements::randomizer::randomizer_item_tracker_cpp::L1853,9,9,YES,0,PASS
SOH_UI,SOH_UI::soh::soh::Enhancements::randomizer::randomizer_item_tracker_cpp::L1861,12,12,YES,0,PASS
SOH_UI,SOH_UI::soh::soh::Enhancements::randomizer::randomizer_item_tracker_cpp::L1869,4,4,YES,0,PASS
SOH_UI,SOH_UI::soh::soh::Enhancements::randomizer::randomizer_item_tracker_cpp::L1887,20,20,YES,0,PASS
SOH_UI,SOH_UI::soh::soh::Enhancements::randomizer::randomizer_item_tracker_cpp::L1892,5,5,YES,0,PASS
SOH_UI,SOH_UI::soh::soh::Enhancements::randomizer::randomizer_item_tracker_cpp::L1954,7,7,YES,0,PASS
SOH_UI,SOH_UI::soh::soh::Enhancements::randomizer::randomizer_item_tracker_cpp::L1957,13,13,YES,0,PASS
SOH_UI,SOH_UI::soh::soh::Enhancements::randomizer::randomizer_item_tracker_cpp::L1960,10,10,YES,0,PASS
SOH_UI,SOH_UI::soh::soh::Enhancements::randomizer::randomizer_item_tracker_cpp::L1968,13,13,YES,0,PASS
SOH_UI,SOH_UI::soh::soh::Enhancements::randomizer::randomizer_item_tracker_cpp::L1973,13,13,YES,0,PASS
SOH_UI,SOH_UI::soh::soh::Enhancements::randomizer::randomizer_item_tracker_cpp::L1982,13,13,YES,0,PASS
SOH_UI,SOH_UI::soh::soh::Enhancements::randomizer::randomizer_item_tracker_cpp::L1985,9,9,YES,0,PASS
SOH_UI,SOH_UI::soh::soh::Enhancements::randomizer::randomizer_item_tracker_cpp::L1993,13,13,YES,0,PASS
SOH_UI,SOH_UI::soh::soh::Enhancements::randomizer::randomizer_item_tracker_cpp::L2004,13,13,YES,0,PASS
SOH_UI,SOH_UI::soh::soh::Enhancements::randomizer::randomizer_item_tracker_cpp::L2017,13,13,YES,0,PASS
SOH_UI,SOH_UI::soh::soh::Enhancements::randomizer::randomizer_item_tracker_cpp::L2019,4,4,YES,0,PASS
SOH_UI,SOH_UI::soh::soh::Enhancements::randomizer::randomizer_item_tracker_cpp::L2029,13,13,YES,0,PASS
SOH_UI,SOH_UI::soh::soh::Enhancements::randomizer::randomizer_item_tracker_cpp::L2041,13,13,YES,0,PASS
SOH_UI,SOH_UI::soh::soh::Enhancements::randomizer::randomizer_item_tracker_cpp::L2044,19,19,YES,0,PASS
SOH_UI,SOH_UI::soh::soh::Enhancements::randomizer::randomizer_item_tracker_cpp::L2052,13,13,YES,0,PASS
SOH_UI,SOH_UI::soh::soh::Enhancements::randomizer::randomizer_item_tracker_cpp::L2065,13,13,YES,0,PASS
SOH_UI,SOH_UI::soh::soh::Enhancements::randomizer::randomizer_item_tracker_cpp::L2078,13,13,YES,0,PASS
SOH_UI,SOH_UI::soh::soh::Enhancements::randomizer::randomizer_item_tracker_cpp::L2091,13,13,YES,0,PASS
SOH_UI,SOH_UI::soh::soh::Enhancements::randomizer::randomizer_item_tracker_cpp::L2104,10,10,YES,0,PASS
SOH_UI,SOH_UI::soh::soh::Enhancements::randomizer::randomizer_item_tracker_cpp::L2113,13,13,YES,0,PASS
SOH_UI,SOH_UI::soh::soh::Enhancements::randomizer::randomizer_item_tracker_cpp::L2116,18,18,YES,0,PASS
SOH_UI,SOH_UI::soh::soh::Enhancements::randomizer::randomizer_item_tracker_cpp::L2120,13,13,YES,0,PASS
SOH_UI,SOH_UI::soh::soh::Enhancements::randomizer::option_descriptions_cpp::L192,5,5,YES,0,PASS
SOH_UI,ACCESSIBILITY::filechoose_eng::file1,9,9,YES,0,PASS
SOH_UI,ACCESSIBILITY::filechoose_eng::file2,9,9,YES,0,PASS
SOH_UI,ACCESSIBILITY::filechoose_eng::file3,9,9,YES,0,PASS
SOH_UI,ACCESSIBILITY::filechoose_eng::options,8,8,YES,0,PASS
SOH_UI,ACCESSIBILITY::filechoose_eng::copy,6,6,YES,0,PASS
SOH_UI,ACCESSIBILITY::filechoose_eng::erase,6,6,YES,0,PASS
SOH_UI,ACCESSIBILITY::filechoose_eng::quit,5,5,YES,0,PASS
SOH_UI,ACCESSIBILITY::filechoose_eng::confirm,2,2,YES,0,PASS
SOH_UI,ACCESSIBILITY::filechoose_eng::end,3,3,YES,0,PASS
SOH_UI,ACCESSIBILITY::filechoose_eng::hyphen,5,5,YES,0,PASS
SOH_UI,ACCESSIBILITY::filechoose_eng::period,5,5,YES,0,PASS
SOH_UI,ACCESSIBILITY::filechoose_eng::space,7,7,YES,0,PASS
SOH_UI,ACCESSIBILITY::filechoose_eng::backspace,9,9,YES,0,PASS
SOH_UI,ACCESSIBILITY::filechoose_eng::capital_letter,12,12,YES,0,PASS
SOH_UI,ACCESSIBILITY::filechoose_eng::audio_stereo,16,16,YES,0,PASS
SOH_UI,ACCESSIBILITY::filechoose_eng::audio_mono,13,13,YES,0,PASS
SOH_UI,ACCESSIBILITY::filechoose_eng::audio_headset,20,20,YES,0,PASS
SOH_UI,ACCESSIBILITY::filechoose_eng::audio_surround,19,19,YES,0,PASS
SOH_UI,ACCESSIBILITY::filechoose_eng::target_switch,31,31,YES,0,PASS
SOH_UI,ACCESSIBILITY::filechoose_eng::target_hold,31,31,YES,0,PASS
SOH_UI,ACCESSIBILITY::filechoose_eng::language_english,15,15,YES,0,PASS
SOH_UI,ACCESSIBILITY::filechoose_eng::language_german,15,15,YES,0,PASS
SOH_UI,ACCESSIBILITY::filechoose_eng::language_french,16,16,YES,0,PASS
SOH_UI,ACCESSIBILITY::filechoose_eng::quest_sel_vanilla,17,17,YES,0,PASS
SOH_UI,ACCESSIBILITY::filechoose_eng::quest_sel_mq,21,21,YES,0,PASS
SOH_UI,ACCESSIBILITY::filechoose_eng::quest_sel_randomizer,19,19,YES,0,PASS
SOH_UI,ACCESSIBILITY::filechoose_eng::quest_sel_boss_rush,25,25,YES,0,PASS
SOH_UI,ACCESSIBILITY::misc_eng::minutes_plural,10,10,YES,0,PASS
SOH_UI,ACCESSIBILITY::misc_eng::minutes_singular,9,9,YES,0,PASS
SOH_UI,ACCESSIBILITY::misc_eng::seconds_plural,11,11,YES,0,PASS
SOH_UI,ACCESSIBILITY::misc_eng::seconds_singular,10,10,YES,0,PASS
SOH_UI,ACCESSIBILITY::misc_eng::input_button_a,10,10,YES,0,PASS
SOH_UI,ACCESSIBILITY::misc_eng::input_button_b,10,10,YES,0,PASS
SOH_UI,ACCESSIBILITY::misc_eng::input_button_c,10,10,YES,0,PASS
SOH_UI,ACCESSIBILITY::misc_eng::input_button_l,10,10,YES,0,PASS
SOH_UI,ACCESSIBILITY::misc_eng::input_button_r,10,10,YES,0,PASS
SOH_UI,ACCESSIBILITY::misc_eng::input_button_z,10,10,YES,0,PASS
SOH_UI,ACCESSIBILITY::misc_eng::input_button_c_up,4,4,YES,0,PASS
SOH_UI,ACCESSIBILITY::misc_eng::input_button_c_down,6,6,YES,0,PASS
SOH_UI,ACCESSIBILITY::misc_eng::input_button_c_left,6,6,YES,0,PASS
SOH_UI,ACCESSIBILITY::misc_eng::input_button_c_right,7,7,YES,0,PASS
SOH_UI,ACCESSIBILITY::misc_eng::input_analog_stick,16,16,YES,0,PASS
SOH_UI,ACCESSIBILITY::misc_eng::input_d_pad,15,15,YES,0,PASS
SOH_UI,ACCESSIBILITY::misc_eng::input_d_pad_up,8,8,YES,0,PASS
SOH_UI,ACCESSIBILITY::misc_eng::input_d_pad_down,10,10,YES,0,PASS
SOH_UI,ACCESSIBILITY::misc_eng::input_d_pad_left,10,10,YES,0,PASS
SOH_UI,ACCESSIBILITY::misc_eng::input_d_pad_right,11,11,YES,0,PASS
SOH_UI,ACCESSIBILITY::misc_eng::yes,2,2,YES,0,PASS
SOH_UI,ACCESSIBILITY::misc_eng::no,2,2,YES,0,PASS
SOH_UI,ACCESSIBILITY::kaleidoscope_eng::health,20,20,YES,0,PASS
SOH_UI,ACCESSIBILITY::kaleidoscope_eng::magic,10,10,YES,0,PASS
SOH_UI,ACCESSIBILITY::kaleidoscope_eng::rupees,11,11,YES,0,PASS
SOH_UI,ACCESSIBILITY::kaleidoscope_eng::keys,11,11,YES,0,PASS
SOH_UI,ACCESSIBILITY::kaleidoscope_eng::floor,7,7,YES,0,PASS
SOH_UI,ACCESSIBILITY::kaleidoscope_eng::basement,9,9,YES,0,PASS
SOH_UI,ACCESSIBILITY::kaleidoscope_eng::item_menu,18,18,YES,0,PASS
SOH_UI,ACCESSIBILITY::kaleidoscope_eng::map_menu,9,9,YES,0,PASS
SOH_UI,ACCESSIBILITY::kaleidoscope_eng::quest_menu,19,19,YES,0,PASS
SOH_UI,ACCESSIBILITY::kaleidoscope_eng::equip_menu,12,12,YES,0,PASS
SOH_UI,ACCESSIBILITY::kaleidoscope_eng::overworld,9,9,YES,0,PASS
SOH_UI,ACCESSIBILITY::kaleidoscope_eng::equipped,13,13,YES,0,PASS
SOH_UI,ACCESSIBILITY::kaleidoscope_eng::save_prompt,23,23,YES,0,PASS
SOH_UI,ACCESSIBILITY::kaleidoscope_eng::game_saved,10,10,YES,0,PASS
SOH_UI,ACCESSIBILITY::kaleidoscope_eng::game_over,9,9,YES,0,PASS
SOH_UI,ACCESSIBILITY::kaleidoscope_eng::continue_game,17,17,YES,0,PASS
SOH_UI,ACCESSIBILITY::kaleidoscope_eng::assigned_to,14,14,YES,0,PASS
SOH_UI,ACCESSIBILITY::kaleidoscope_eng::0,15,15,YES,0,PASS
SOH_UI,ACCESSIBILITY::kaleidoscope_eng::1,13,13,YES,0,PASS
SOH_UI,ACCESSIBILITY::kaleidoscope_eng::2,9,9,YES,0,PASS
SOH_UI,ACCESSIBILITY::kaleidoscope_eng::3,14,14,YES,0,PASS
SOH_UI,ACCESSIBILITY::kaleidoscope_eng::4,10,10,YES,0,PASS
SOH_UI,ACCESSIBILITY::kaleidoscope_eng::5,10,10,YES,0,PASS
SOH_UI,ACCESSIBILITY::kaleidoscope_eng::6,20,20,YES,0,PASS
SOH_UI,ACCESSIBILITY::kaleidoscope_eng::7,20,20,YES,0,PASS
SOH_UI,ACCESSIBILITY::kaleidoscope_eng::8,18,18,YES,0,PASS
SOH_UI,ACCESSIBILITY::kaleidoscope_eng::9,12,12,YES,0,PASS
SOH_UI,ACCESSIBILITY::kaleidoscope_eng::10,6,6,YES,0,PASS
SOH_UI,ACCESSIBILITY::kaleidoscope_eng::11,12,12,YES,0,PASS
SOH_UI,ACCESSIBILITY::kaleidoscope_eng::12,9,9,YES,0,PASS
SOH_UI,ACCESSIBILITY::kaleidoscope_eng::13,13,13,YES,0,PASS
SOH_UI,ACCESSIBILITY::kaleidoscope_eng::14,7,7,YES,0,PASS
SOH_UI,ACCESSIBILITY::kaleidoscope_eng::15,18,18,YES,0,PASS
SOH_UI,ACCESSIBILITY::kaleidoscope_eng::16,16,16,YES,0,PASS
SOH_UI,ACCESSIBILITY::kaleidoscope_eng::17,16,16,YES,0,PASS
SOH_UI,ACCESSIBILITY::kaleidoscope_eng::18,11,11,YES,0,PASS
SOH_UI,ACCESSIBILITY::kaleidoscope_eng::19,12,12,YES,0,PASS
SOH_UI,ACCESSIBILITY::kaleidoscope_eng::20,12,12,YES,0,PASS
SOH_UI,ACCESSIBILITY::kaleidoscope_eng::21,10,10,YES,0,PASS
SOH_UI,ACCESSIBILITY::kaleidoscope_eng::22,12,12,YES,0,PASS
SOH_UI,ACCESSIBILITY::kaleidoscope_eng::23,11,11,YES,0,PASS
SOH_UI,ACCESSIBILITY::kaleidoscope_eng::24,5,5,YES,0,PASS
SOH_UI,ACCESSIBILITY::kaleidoscope_eng::25,4,4,YES,0,PASS
SOH_UI,ACCESSIBILITY::kaleidoscope_eng::26,11,11,YES,0,PASS
SOH_UI,ACCESSIBILITY::kaleidoscope_eng::27,13,13,YES,0,PASS
SOH_UI,ACCESSIBILITY::kaleidoscope_eng::28,9,9,YES,0,PASS
SOH_UI,ACCESSIBILITY::kaleidoscope_eng::29,4,4,YES,0,PASS
SOH_UI,ACCESSIBILITY::kaleidoscope_eng::30,7,7,YES,0,PASS
SOH_UI,ACCESSIBILITY::kaleidoscope_eng::31,18,18,YES,0,PASS
SOH_UI,ACCESSIBILITY::kaleidoscope_eng::32,3,3,YES,0,PASS
SOH_UI,ACCESSIBILITY::kaleidoscope_eng::33,9,9,YES,0,PASS
SOH_UI,ACCESSIBILITY::kaleidoscope_eng::34,7,7,YES,0,PASS
SOH_UI,ACCESSIBILITY::kaleidoscope_eng::35,14,14,YES,0,PASS
SOH_UI,ACCESSIBILITY::kaleidoscope_eng::36,11,11,YES,0,PASS
SOH_UI,ACCESSIBILITY::kaleidoscope_eng::37,10,10,YES,0,PASS
SOH_UI,ACCESSIBILITY::kaleidoscope_eng::38,11,11,YES,0,PASS
SOH_UI,ACCESSIBILITY::kaleidoscope_eng::39,10,10,YES,0,PASS
SOH_UI,ACCESSIBILITY::kaleidoscope_eng::40,10,10,YES,0,PASS
SOH_UI,ACCESSIBILITY::kaleidoscope_eng::41,9,9,YES,0,PASS
SOH_UI,ACCESSIBILITY::kaleidoscope_eng::42,11,11,YES,0,PASS
SOH_UI,ACCESSIBILITY::kaleidoscope_eng::43,13,13,YES,0,PASS
SOH_UI,ACCESSIBILITY::kaleidoscope_eng::44,8,8,YES,0,PASS
SOH_UI,ACCESSIBILITY::kaleidoscope_eng::45,10,10,YES,0,PASS
SOH_UI,ACCESSIBILITY::kaleidoscope_eng::46,12,12,YES,0,PASS
SOH_UI,ACCESSIBILITY::kaleidoscope_eng::47,6,6,YES,0,PASS
SOH_UI,ACCESSIBILITY::kaleidoscope_eng::48,12,12,YES,0,PASS
SOH_UI,ACCESSIBILITY::kaleidoscope_eng::49,10,10,YES,0,PASS
SOH_UI,ACCESSIBILITY::kaleidoscope_eng::50,3,3,YES,0,PASS
SOH_UI,ACCESSIBILITY::kaleidoscope_eng::51,12,12,YES,0,PASS
SOH_UI,ACCESSIBILITY::kaleidoscope_eng::52,12,12,YES,0,PASS
SOH_UI,ACCESSIBILITY::kaleidoscope_eng::53,12,12,YES,0,PASS
SOH_UI,ACCESSIBILITY::kaleidoscope_eng::54,8,8,YES,0,PASS
SOH_UI,ACCESSIBILITY::kaleidoscope_eng::55,11,11,YES,0,PASS
SOH_UI,ACCESSIBILITY::kaleidoscope_eng::56,14,14,YES,0,PASS
SOH_UI,ACCESSIBILITY::kaleidoscope_eng::57,13,13,YES,0,PASS
SOH_UI,ACCESSIBILITY::kaleidoscope_eng::58,15,15,YES,0,PASS
SOH_UI,ACCESSIBILITY::kaleidoscope_eng::59,13,13,YES,0,PASS
SOH_UI,ACCESSIBILITY::kaleidoscope_eng::60,14,14,YES,0,PASS
SOH_UI,ACCESSIBILITY::kaleidoscope_eng::61,13,13,YES,0,PASS
SOH_UI,ACCESSIBILITY::kaleidoscope_eng::62,11,11,YES,0,PASS
SOH_UI,ACCESSIBILITY::kaleidoscope_eng::63,14,14,YES,0,PASS
SOH_UI,ACCESSIBILITY::kaleidoscope_eng::64,13,13,YES,0,PASS
SOH_UI,ACCESSIBILITY::kaleidoscope_eng::65,13,13,YES,0,PASS
SOH_UI,ACCESSIBILITY::kaleidoscope_eng::66,12,12,YES,0,PASS
SOH_UI,ACCESSIBILITY::kaleidoscope_eng::67,11,11,YES,0,PASS
SOH_UI,ACCESSIBILITY::kaleidoscope_eng::68,12,12,YES,0,PASS
SOH_UI,ACCESSIBILITY::kaleidoscope_eng::69,15,15,YES,0,PASS
SOH_UI,ACCESSIBILITY::kaleidoscope_eng::70,15,15,YES,0,PASS
SOH_UI,ACCESSIBILITY::kaleidoscope_eng::71,21,21,YES,0,PASS
SOH_UI,ACCESSIBILITY::kaleidoscope_eng::72,21,21,YES,0,PASS
SOH_UI,ACCESSIBILITY::kaleidoscope_eng::73,21,21,YES,0,PASS
SOH_UI,ACCESSIBILITY::kaleidoscope_eng::74,17,17,YES,0,PASS
SOH_UI,ACCESSIBILITY::kaleidoscope_eng::75,17,17,YES,0,PASS
SOH_UI,ACCESSIBILITY::kaleidoscope_eng::76,17,17,YES,0,PASS
SOH_UI,ACCESSIBILITY::kaleidoscope_eng::77,19,19,YES,0,PASS
SOH_UI,ACCESSIBILITY::kaleidoscope_eng::78,19,19,YES,0,PASS
SOH_UI,ACCESSIBILITY::kaleidoscope_eng::79,19,19,YES,0,PASS
SOH_UI,ACCESSIBILITY::kaleidoscope_eng::80,15,15,YES,0,PASS
SOH_UI,ACCESSIBILITY::kaleidoscope_eng::81,21,21,YES,0,PASS
SOH_UI,ACCESSIBILITY::kaleidoscope_eng::82,19,19,YES,0,PASS
SOH_UI,ACCESSIBILITY::kaleidoscope_eng::83,12,12,YES,0,PASS
SOH_UI,ACCESSIBILITY::kaleidoscope_eng::84,12,12,YES,0,PASS
SOH_UI,ACCESSIBILITY::kaleidoscope_eng::85,22,22,YES,0,PASS
SOH_UI,ACCESSIBILITY::kaleidoscope_eng::86,12,12,YES,0,PASS
SOH_UI,ACCESSIBILITY::kaleidoscope_eng::87,14,14,YES,0,PASS
SOH_UI,ACCESSIBILITY::kaleidoscope_eng::88,10,10,YES,0,PASS
SOH_UI,ACCESSIBILITY::kaleidoscope_eng::89,12,12,YES,0,PASS
SOH_UI,ACCESSIBILITY::kaleidoscope_eng::90,16,16,YES,0,PASS
SOH_UI,ACCESSIBILITY::kaleidoscope_eng::91,14,14,YES,0,PASS
SOH_UI,ACCESSIBILITY::kaleidoscope_eng::92,17,17,YES,0,PASS
SOH_UI,ACCESSIBILITY::kaleidoscope_eng::93,17,17,YES,0,PASS
SOH_UI,ACCESSIBILITY::kaleidoscope_eng::94,18,18,YES,0,PASS
SOH_UI,ACCESSIBILITY::kaleidoscope_eng::95,16,16,YES,0,PASS
SOH_UI,ACCESSIBILITY::kaleidoscope_eng::96,15,15,YES,0,PASS
SOH_UI,ACCESSIBILITY::kaleidoscope_eng::97,12,12,YES,0,PASS
SOH_UI,ACCESSIBILITY::kaleidoscope_eng::98,12,12,YES,0,PASS
SOH_UI,ACCESSIBILITY::kaleidoscope_eng::99,10,10,YES,0,PASS
SOH_UI,ACCESSIBILITY::kaleidoscope_eng::100,12,12,YES,0,PASS
SOH_UI,ACCESSIBILITY::kaleidoscope_eng::101,14,14,YES,0,PASS
SOH_UI,ACCESSIBILITY::kaleidoscope_eng::102,16,16,YES,0,PASS
SOH_UI,ACCESSIBILITY::kaleidoscope_eng::103,14,14,YES,0,PASS
SOH_UI,ACCESSIBILITY::kaleidoscope_eng::104,15,15,YES,0,PASS
SOH_UI,ACCESSIBILITY::kaleidoscope_eng::105,16,16,YES,0,PASS
SOH_UI,ACCESSIBILITY::kaleidoscope_eng::106,16,16,YES,0,PASS
SOH_UI,ACCESSIBILITY::kaleidoscope_eng::107,15,15,YES,0,PASS
SOH_UI,ACCESSIBILITY::kaleidoscope_eng::108,16,16,YES,0,PASS
SOH_UI,ACCESSIBILITY::kaleidoscope_eng::109,12,12,YES,0,PASS
SOH_UI,ACCESSIBILITY::kaleidoscope_eng::110,13,13,YES,0,PASS
SOH_UI,ACCESSIBILITY::kaleidoscope_eng::111,14,14,YES,0,PASS
SOH_UI,ACCESSIBILITY::kaleidoscope_eng::112,13,13,YES,0,PASS
SOH_UI,ACCESSIBILITY::kaleidoscope_eng::113,20,20,YES,0,PASS
SOH_UI,ACCESSIBILITY::kaleidoscope_eng::114,19,19,YES,0,PASS
SOH_UI,ACCESSIBILITY::kaleidoscope_eng::115,16,16,YES,0,PASS
SOH_UI,ACCESSIBILITY::kaleidoscope_eng::116,8,8,YES,0,PASS
SOH_UI,ACCESSIBILITY::kaleidoscope_eng::117,7,7,YES,0,PASS
SOH_UI,ACCESSIBILITY::kaleidoscope_eng::118,11,11,YES,0,PASS
SOH_UI,ACCESSIBILITY::kaleidoscope_eng::119,9,9,YES,0,PASS
SOH_UI,ACCESSIBILITY::kaleidoscope_eng::120,11,11,YES,0,PASS
SOH_UI,ACCESSIBILITY::kaleidoscope_eng::121,11,11,YES,0,PASS
SOH_UI,ACCESSIBILITY::kaleidoscope_eng::122,18,18,YES,0,PASS
SOH_UI,ACCESSIBILITY::kaleidoscope_eng::123,9,9,YES,0,PASS
SOH_UI,ACCESSIBILITY::kaleidoscope_eng::124,9,9,YES,0,PASS
SOH_UI,ACCESSIBILITY::kaleidoscope_eng::125,9,9,YES,0,PASS
SOH_UI,ACCESSIBILITY::kaleidoscope_eng::126,9,9,YES,0,PASS
SOH_UI,ACCESSIBILITY::kaleidoscope_eng::127,9,9,YES,0,PASS
SOH_UI,ACCESSIBILITY::kaleidoscope_eng::128,9,9,YES,0,PASS
SOH_UI,ACCESSIBILITY::kaleidoscope_eng::129,9,9,YES,0,PASS
SOH_UI,ACCESSIBILITY::kaleidoscope_eng::130,4,4,YES,0,PASS
SOH_UI,ACCESSIBILITY::kaleidoscope_eng::131,14,14,YES,0,PASS
SOH_UI,ACCESSIBILITY::kaleidoscope_eng::132,11,11,YES,0,PASS
SOH_UI,ACCESSIBILITY::kaleidoscope_eng::133,10,10,YES,0,PASS
SOH_UI,ACCESSIBILITY::kaleidoscope_eng::134,9,9,YES,0,PASS
SOH_UI,ACCESSIBILITY::kaleidoscope_eng::135,12,12,YES,0,PASS
SOH_UI,ACCESSIBILITY::kaleidoscope_eng::136,10,10,YES,0,PASS
SOH_UI,ACCESSIBILITY::kaleidoscope_eng::137,9,9,YES,0,PASS
SOH_UI,ACCESSIBILITY::kaleidoscope_eng::138,8,8,YES,0,PASS
SOH_UI,ACCESSIBILITY::kaleidoscope_eng::139,9,9,YES,0,PASS
SOH_UI,ACCESSIBILITY::kaleidoscope_eng::140,6,6,YES,0,PASS
SOH_UI,ACCESSIBILITY::kaleidoscope_eng::141,7,7,YES,0,PASS
SOH_UI,ACCESSIBILITY::kaleidoscope_eng::142,7,7,YES,0,PASS
SOH_UI,ACCESSIBILITY::kaleidoscope_eng::143,8,8,YES,0,PASS
SOH_UI,ACCESSIBILITY::kaleidoscope_eng::144,8,8,YES,0,PASS
SOH_UI,ACCESSIBILITY::kaleidoscope_eng::145,8,8,YES,0,PASS
SOH_UI,ACCESSIBILITY::kaleidoscope_eng::146,12,12,YES,0,PASS
SOH_UI,ACCESSIBILITY::kaleidoscope_eng::147,13,13,YES,0,PASS
SOH_UI,ACCESSIBILITY::kaleidoscope_eng::148,12,12,YES,0,PASS
SOH_UI,ACCESSIBILITY::kaleidoscope_eng::149,8,8,YES,0,PASS
SOH_UI,ACCESSIBILITY::kaleidoscope_eng::150,10,10,YES,0,PASS
SOH_UI,ACCESSIBILITY::kaleidoscope_eng::151,11,11,YES,0,PASS
SOH_UI,ACCESSIBILITY::kaleidoscope_eng::152,16,16,YES,0,PASS
SOH_UI,ACCESSIBILITY::kaleidoscope_eng::153,16,16,YES,0,PASS
SOH_UI,ACCESSIBILITY::kaleidoscope_eng::154,14,14,YES,0,PASS
SOH_UI,ACCESSIBILITY::kaleidoscope_eng::155,14,14,YES,0,PASS
SOH_UI,ACCESSIBILITY::kaleidoscope_eng::256,18,18,YES,0,PASS
SOH_UI,ACCESSIBILITY::kaleidoscope_eng::257,16,16,YES,0,PASS
SOH_UI,ACCESSIBILITY::kaleidoscope_eng::258,12,12,YES,0,PASS
SOH_UI,ACCESSIBILITY::kaleidoscope_eng::259,14,14,YES,0,PASS
SOH_UI,ACCESSIBILITY::kaleidoscope_eng::260,14,14,YES,0,PASS
SOH_UI,ACCESSIBILITY::kaleidoscope_eng::261,7,7,YES,0,PASS
SOH_UI,ACCESSIBILITY::kaleidoscope_eng::262,17,17,YES,0,PASS
SOH_UI,ACCESSIBILITY::kaleidoscope_eng::263,14,14,YES,0,PASS
SOH_UI,ACCESSIBILITY::kaleidoscope_eng::264,14,14,YES,0,PASS
SOH_UI,ACCESSIBILITY::kaleidoscope_eng::265,14,14,YES,0,PASS
SOH_UI,ACCESSIBILITY::kaleidoscope_eng::266,13,13,YES,0,PASS
SOH_UI,ACCESSIBILITY::kaleidoscope_eng::267,12,12,YES,0,PASS
SOH_UI,ACCESSIBILITY::kaleidoscope_eng::292,17,17,YES,0,PASS
SOH_UI,ACCESSIBILITY::kaleidoscope_eng::293,14,14,YES,0,PASS
SOH_UI,ACCESSIBILITY::kaleidoscope_eng::294,10,10,YES,0,PASS
SOH_UI,ACCESSIBILITY::kaleidoscope_eng::295,8,8,YES,0,PASS
SOH_UI,ACCESSIBILITY::kaleidoscope_eng::296,13,13,YES,0,PASS
SOH_UI,ACCESSIBILITY::kaleidoscope_eng::297,26,26,YES,0,PASS
SOH_UI,ACCESSIBILITY::kaleidoscope_eng::298,10,10,YES,0,PASS
SOH_UI,ACCESSIBILITY::kaleidoscope_eng::299,12,12,YES,0,PASS
SOH_UI,ACCESSIBILITY::kaleidoscope_eng::300,11,11,YES,0,PASS
SOH_UI,ACCESSIBILITY::kaleidoscope_eng::301,12,12,YES,0,PASS
SOH_UI,ACCESSIBILITY::kaleidoscope_eng::302,14,14,YES,0,PASS
SOH_UI,ACCESSIBILITY::kaleidoscope_eng::303,19,19,YES,0,PASS
SOH_UI,ACCESSIBILITY::kaleidoscope_eng::304,16,16,YES,0,PASS
SOH_UI,ACCESSIBILITY::kaleidoscope_eng::305,18,18,YES,0,PASS
SOH_UI,ACCESSIBILITY::kaleidoscope_eng::306,7,7,YES,0,PASS
SOH_UI,ACCESSIBILITY::kaleidoscope_eng::307,18,18,YES,0,PASS
SOH_UI,ACCESSIBILITY::kaleidoscope_eng::308,24,24,YES,0,PASS
SOH_UI,ACCESSIBILITY::kaleidoscope_eng::309,23,23,YES,0,PASS
SOH_UI,ACCESSIBILITY::kaleidoscope_eng::310,12,12,YES,0,PASS
SOH_UI,ACCESSIBILITY::kaleidoscope_eng::311,14,14,YES,0,PASS
SOH_UI,ACCESSIBILITY::kaleidoscope_eng::312,22,22,YES,0,PASS
SOH_UI,ACCESSIBILITY::kaleidoscope_eng::313,17,17,YES,0,PASS
SOH_UI,ACCESSIBILITY::scenes_eng::0,28,28,YES,0,PASS
SOH_UI,ACCESSIBILITY::scenes_eng::1,21,21,YES,0,PASS
SOH_UI,ACCESSIBILITY::scenes_eng::2,20,20,YES,0,PASS
SOH_UI,ACCESSIBILITY::scenes_eng::3,17,17,YES,0,PASS
SOH_UI,ACCESSIBILITY::scenes_eng::4,16,16,YES,0,PASS
SOH_UI,ACCESSIBILITY::scenes_eng::5,15,15,YES,0,PASS
SOH_UI,ACCESSIBILITY::scenes_eng::6,19,19,YES,0,PASS
SOH_UI,ACCESSIBILITY::scenes_eng::7,19,19,YES,0,PASS
SOH_UI,ACCESSIBILITY::scenes_eng::8,14,14,YES,0,PASS
SOH_UI,ACCESSIBILITY::scenes_eng::9,16,16,YES,0,PASS
SOH_UI,ACCESSIBILITY::scenes_eng::11,29,29,YES,0,PASS
SOH_UI,ACCESSIBILITY::scenes_eng::12,23,23,YES,0,PASS
SOH_UI,ACCESSIBILITY::scenes_eng::13,17,17,YES,0,PASS
SOH_UI,ACCESSIBILITY::scenes_eng::16,27,27,YES,0,PASS
SOH_UI,ACCESSIBILITY::scenes_eng::17,35,35,YES,0,PASS
SOH_UI,ACCESSIBILITY::scenes_eng::18,33,33,YES,0,PASS
SOH_UI,ACCESSIBILITY::scenes_eng::19,31,31,YES,0,PASS
SOH_UI,ACCESSIBILITY::scenes_eng::20,45,45,YES,0,PASS
SOH_UI,ACCESSIBILITY::scenes_eng::21,37,37,YES,0,PASS
SOH_UI,ACCESSIBILITY::scenes_eng::22,31,31,YES,0,PASS
SOH_UI,ACCESSIBILITY::scenes_eng::23,30,30,YES,0,PASS
SOH_UI,ACCESSIBILITY::scenes_eng::24,45,45,YES,0,PASS
SOH_UI,ACCESSIBILITY::scenes_eng::25,28,28,YES,0,PASS
SOH_UI,ACCESSIBILITY::scenes_eng::30,8,8,YES,0,PASS
SOH_UI,ACCESSIBILITY::scenes_eng::31,8,8,YES,0,PASS
SOH_UI,ACCESSIBILITY::scenes_eng::32,7,7,YES,0,PASS
SOH_UI,ACCESSIBILITY::scenes_eng::33,7,7,YES,0,PASS
SOH_UI,ACCESSIBILITY::scenes_eng::34,7,7,YES,0,PASS
SOH_UI,ACCESSIBILITY::scenes_eng::36,14,14,YES,0,PASS
SOH_UI,ACCESSIBILITY::scenes_eng::37,14,14,YES,0,PASS
SOH_UI,ACCESSIBILITY::scenes_eng::44,5,5,YES,0,PASS
SOH_UI,ACCESSIBILITY::scenes_eng::45,13,13,YES,0,PASS
SOH_UI,ACCESSIBILITY::scenes_eng::46,12,12,YES,0,PASS
SOH_UI,ACCESSIBILITY::scenes_eng::47,11,11,YES,0,PASS
SOH_UI,ACCESSIBILITY::scenes_eng::49,18,18,YES,0,PASS
SOH_UI,ACCESSIBILITY::scenes_eng::51,26,26,YES,0,PASS
SOH_UI,ACCESSIBILITY::scenes_eng::54,7,7,YES,0,PASS
SOH_UI,ACCESSIBILITY::scenes_eng::56,20,20,YES,0,PASS
SOH_UI,ACCESSIBILITY::scenes_eng::58,21,21,YES,0,PASS
SOH_UI,ACCESSIBILITY::scenes_eng::59,22,22,YES,0,PASS
SOH_UI,ACCESSIBILITY::scenes_eng::60,19,19,YES,0,PASS
SOH_UI,ACCESSIBILITY::scenes_eng::61,22,22,YES,0,PASS
SOH_UI,ACCESSIBILITY::scenes_eng::65,25,25,YES,0,PASS
SOH_UI,ACCESSIBILITY::scenes_eng::66,15,15,YES,0,PASS
SOH_UI,ACCESSIBILITY::scenes_eng::67,17,17,YES,0,PASS
SOH_UI,ACCESSIBILITY::scenes_eng::68,20,20,YES,0,PASS
SOH_UI,ACCESSIBILITY::scenes_eng::69,18,18,YES,0,PASS
SOH_UI,ACCESSIBILITY::scenes_eng::70,18,18,YES,0,PASS
SOH_UI,ACCESSIBILITY::scenes_eng::72,17,17,YES,0,PASS
SOH_UI,ACCESSIBILITY::scenes_eng::73,17,17,YES,0,PASS
SOH_UI,ACCESSIBILITY::scenes_eng::74,18,18,YES,0,PASS
SOH_UI,ACCESSIBILITY::scenes_eng::75,14,14,YES,0,PASS
SOH_UI,ACCESSIBILITY::scenes_eng::79,5,5,YES,0,PASS
SOH_UI,ACCESSIBILITY::scenes_eng::80,22,22,YES,0,PASS
SOH_UI,ACCESSIBILITY::scenes_eng::81,17,17,YES,0,PASS
SOH_UI,ACCESSIBILITY::scenes_eng::82,14,14,YES,0,PASS
SOH_UI,ACCESSIBILITY::scenes_eng::83,10,10,YES,0,PASS
SOH_UI,ACCESSIBILITY::scenes_eng::84,8,8,YES,0,PASS
SOH_UI,ACCESSIBILITY::scenes_eng::85,13,13,YES,0,PASS
SOH_UI,ACCESSIBILITY::scenes_eng::86,26,26,YES,0,PASS
SOH_UI,ACCESSIBILITY::scenes_eng::87,10,10,YES,0,PASS
SOH_UI,ACCESSIBILITY::scenes_eng::88,12,12,YES,0,PASS
SOH_UI,ACCESSIBILITY::scenes_eng::89,11,11,YES,0,PASS
SOH_UI,ACCESSIBILITY::scenes_eng::90,12,12,YES,0,PASS
SOH_UI,ACCESSIBILITY::scenes_eng::91,14,14,YES,0,PASS
SOH_UI,ACCESSIBILITY::scenes_eng::92,19,19,YES,0,PASS
SOH_UI,ACCESSIBILITY::scenes_eng::93,16,16,YES,0,PASS
SOH_UI,ACCESSIBILITY::scenes_eng::94,18,18,YES,0,PASS
SOH_UI,ACCESSIBILITY::scenes_eng::95,18,18,YES,0,PASS
SOH_UI,ACCESSIBILITY::scenes_eng::96,24,24,YES,0,PASS
SOH_UI,ACCESSIBILITY::scenes_eng::97,23,23,YES,0,PASS
SOH_UI,ACCESSIBILITY::scenes_eng::98,12,12,YES,0,PASS
SOH_UI,ACCESSIBILITY::scenes_eng::99,14,14,YES,0,PASS
