id,plain_text,source_file,category,classification
SOH_UI::soh::soh::SohGui::SohMenuSettings_cpp::L23,Small,soh/soh/SohGui/SohMenuSettings.cpp,CONFIGURATION,PLAYER_FACING
SOH_UI::soh::soh::SohGui::SohMenuSettings_cpp::L24,Normal,soh/soh/SohGui/SohMenuSettings.cpp,CONFIGURATION,PLAYER_FACING
SOH_UI::soh::soh::SohGui::SohMenuSettings_cpp::L25,Large,soh/soh/SohGui/SohMenuSettings.cpp,CONFIGURATION,PLAYER_FACING
SOH_UI::soh::soh::SohGui::SohMenuSettings_cpp::L26,X-Large,soh/soh/SohGui/SohMenuSettings.cpp,CONFIGURATION,PLAYER_FACING
SOH_UI::soh::soh::SohGui::SohMenuSettings_cpp::L32,Orange,soh/soh/SohGui/SohMenuSettings.cpp,CONFIGURATION,PLAYER_FACING
SOH_UI::soh::soh::SohGui::SohMenuSettings_cpp::L33,Green,soh/soh/SohGui/SohMenuSettings.cpp,CONFIGURATION,PLAYER_FACING
SOH_UI::soh::soh::SohGui::SohMenuSettings_cpp::L36,Blue,soh/soh/SohGui/SohMenuSettings.cpp,CONFIGURATION,PLAYER_FACING
SOH_UI::soh::soh::SohGui::SohMenuSettings_cpp::L38,Indigo,soh/soh/SohGui/SohMenuSettings.cpp,CONFIGURATION,PLAYER_FACING
SOH_UI::soh::soh::SohGui::SohMenuSettings_cpp::L39,Violet,soh/soh/SohGui/SohMenuSettings.cpp,CONFIGURATION,PLAYER_FACING
SOH_UI::soh::soh::SohGui::SohMenuSettings_cpp::L40,Purple,soh/soh/SohGui/SohMenuSettings.cpp,CONFIGURATION,PLAYER_FACING
SOH_UI::soh::soh::SohGui::SohMenuSettings_cpp::L41,Brown,soh/soh/SohGui/SohMenuSettings.cpp,CONFIGURATION,PLAYER_FACING
SOH_UI::soh::soh::SohGui::SohMenuSettings_cpp::L42,Gray,soh/soh/SohGui/SohMenuSettings.cpp,CONFIGURATION,PLAYER_FACING
SOH_UI::soh::soh::SohGui::SohMenuSettings_cpp::L47,Three-Point,soh/soh/SohGui/SohMenuSettings.cpp,CONFIGURATION,PLAYER_FACING
SOH_UI::soh::soh::SohGui::SohMenuSettings_cpp::L48,Linear,soh/soh/SohGui/SohMenuSettings.cpp,CONFIGURATION,PLAYER_FACING
SOH_UI::soh::soh::SohGui::SohMenuSettings_cpp::L49,None,soh/soh/SohGui/SohMenuSettings.cpp,CONFIGURATION,PLAYER_FACING
SOH_UI::soh::soh::SohGui::SohMenuSettings_cpp::L53,Hidden,soh/soh/SohGui/SohMenuSettings.cpp,CONFIGURATION,PLAYER_FACING
SOH_UI::soh::soh::SohGui::SohMenuSettings_cpp::L57,Default,soh/soh/SohGui/SohMenuSettings.cpp,CONFIGURATION,PLAYER_FACING
SOH_UI::soh::soh::SohGui::SohMenuSettings_cpp::L58,Authentic,soh/soh/SohGui/SohMenuSettings.cpp,CONFIGURATION,PLAYER_FACING
SOH_UI::soh::soh::SohGui::SohMenuSettings_cpp::L99,UNKNOWN,soh/soh/SohGui/SohMenuSettings.cpp,CONFIGURATION,PLAYER_FACING
SOH_UI::soh::soh::SohGui::SohMenuSettings_cpp::L127,Settings,soh/soh/SohGui/SohMenuSettings.cpp,CONFIGURATION,PLAYER_FACING
SOH_UI::soh::soh::SohGui::SohMenuSettings_cpp::L127,Menu.SettingsSidebarSection,soh/soh/SohGui/SohMenuSettings.cpp,CONFIGURATION,INTERNAL_IDENTIFIER
SOH_UI::soh::soh::SohGui::SohMenuSettings_cpp::L128,Settings,soh/soh/SohGui/SohMenuSettings.cpp,CONFIGURATION,PLAYER_FACING
SOH_UI::soh::soh::SohGui::SohMenuSettings_cpp::L128,General,soh/soh/SohGui/SohMenuSettings.cpp,CONFIGURATION,PLAYER_FACING
SOH_UI::soh::soh::SohGui::SohMenuSettings_cpp::L129,Settings,soh/soh/SohGui/SohMenuSettings.cpp,CONFIGURATION,PLAYER_FACING
SOH_UI::soh::soh::SohGui::SohMenuSettings_cpp::L129,General,soh/soh/SohGui/SohMenuSettings.cpp,CONFIGURATION,PLAYER_FACING
SOH_UI::soh::soh::SohGui::SohMenuSettings_cpp::L134,Menu.Theme,soh/soh/SohGui/SohMenuSettings.cpp,CONFIGURATION,INTERNAL_IDENTIFIER
SOH_UI::soh::soh::SohGui::SohMenuSettings_cpp::L149,Menu.BackgroundOpacity,soh/soh/SohGui/SohMenuSettings.cpp,CONFIGURATION,INTERNAL_IDENTIFIER
SOH_UI::soh::soh::SohGui::SohMenuSettings_cpp::L156,CursorVisibility,soh/soh/SohGui/SohMenuSettings.cpp,CONFIGURATION,PLAYER_FACING
SOH_UI::soh::soh::SohGui::SohMenuSettings_cpp::L160,CursorVisibility,soh/soh/SohGui/SohMenuSettings.cpp,CONFIGURATION,PLAYER_FACING
SOH_UI::soh::soh::SohGui::SohMenuSettings_cpp::L165,Menu.SidebarSearch,soh/soh/SohGui/SohMenuSettings.cpp,CONFIGURATION,INTERNAL_IDENTIFIER
SOH_UI::soh::soh::SohGui::SohMenuSettings_cpp::L168,Menu.SidebarSearch,soh/soh/SohGui/SohMenuSettings.cpp,CONFIGURATION,INTERNAL_IDENTIFIER
SOH_UI::soh::soh::SohGui::SohMenuSettings_cpp::L177,Menu.SearchAutofocus,soh/soh/SohGui/SohMenuSettings.cpp,CONFIGURATION,INTERNAL_IDENTIFIER
SOH_UI::soh::soh::SohGui::SohMenuSettings_cpp::L189,Boot,soh/soh/SohGui/SohMenuSettings.cpp,CONFIGURATION,PLAYER_FACING
SOH_UI::soh::soh::SohGui::SohMenuSettings_cpp::L191,BootSequence,soh/soh/SohGui/SohMenuSettings.cpp,CONFIGURATION,PLAYER_FACING
SOH_UI::soh::soh::SohGui::SohMenuSettings_cpp::L207,Languages,soh/soh/SohGui/SohMenuSettings.cpp,CONFIGURATION,PLAYER_FACING
SOH_UI::soh::soh::SohGui::SohMenuSettings_cpp::L209,TitleScreenTranslation,soh/soh/SohGui/SohMenuSettings.cpp,CONFIGURATION,PLAYER_FACING
SOH_UI::soh::soh::SohGui::SohMenuSettings_cpp::L211,Language,soh/soh/SohGui/SohMenuSettings.cpp,CONFIGURATION,PLAYER_FACING
SOH_UI::soh::soh::SohGui::SohMenuSettings_cpp::L212,Languages,soh/soh/SohGui/SohMenuSettings.cpp,CONFIGURATION,PLAYER_FACING
SOH_UI::soh::soh::SohGui::SohMenuSettings_cpp::L223,Accessibility,soh/soh/SohGui/SohMenuSettings.cpp,CONFIGURATION,PLAYER_FACING
SOH_UI::soh::soh::SohGui::SohMenuSettings_cpp::L226,A11yTTS,soh/soh/SohGui/SohMenuSettings.cpp,CONFIGURATION,PLAYER_FACING
SOH_UI::soh::soh::SohGui::SohMenuSettings_cpp::L231,A11yDisableIdleCam,soh/soh/SohGui/SohMenuSettings.cpp,CONFIGURATION,PLAYER_FACING
SOH_UI::soh::soh::SohGui::SohMenuSettings_cpp::L234,EXPERIMENTAL,soh/soh/SohGui/SohMenuSettings.cpp,CONFIGURATION,PLAYER_FACING
SOH_UI::soh::soh::SohGui::SohMenuSettings_cpp::L236,ImGuiScale,soh/soh/SohGui/SohMenuSettings.cpp,CONFIGURATION,PLAYER_FACING
SOH_UI::soh::soh::SohGui::SohMenuSettings_cpp::L249,About,soh/soh/SohGui/SohMenuSettings.cpp,CONFIGURATION,PLAYER_FACING
SOH_UI::soh::soh::SohGui::SohMenuSettings_cpp::L262,Audio,soh/soh/SohGui/SohMenuSettings.cpp,CONFIGURATION,PLAYER_FACING
SOH_UI::soh::soh::SohGui::SohMenuSettings_cpp::L264,Settings,soh/soh/SohGui/SohMenuSettings.cpp,CONFIGURATION,PLAYER_FACING
SOH_UI::soh::soh::SohGui::SohMenuSettings_cpp::L264,Audio,soh/soh/SohGui/SohMenuSettings.cpp,CONFIGURATION,PLAYER_FACING
SOH_UI::soh::soh::SohGui::SohMenuSettings_cpp::L267,Volume.Master,soh/soh/SohGui/SohMenuSettings.cpp,CONFIGURATION,INTERNAL_IDENTIFIER
SOH_UI::soh::soh::SohGui::SohMenuSettings_cpp::L271,Volume.MainMusic,soh/soh/SohGui/SohMenuSettings.cpp,CONFIGURATION,INTERNAL_IDENTIFIER
SOH_UI::soh::soh::SohGui::SohMenuSettings_cpp::L276,Volume.MainMusic,soh/soh/SohGui/SohMenuSettings.cpp,CONFIGURATION,INTERNAL_IDENTIFIER
SOH_UI::soh::soh::SohGui::SohMenuSettings_cpp::L279,Volume.SubMusic,soh/soh/SohGui/SohMenuSettings.cpp,CONFIGURATION,INTERNAL_IDENTIFIER
SOH_UI::soh::soh::SohGui::SohMenuSettings_cpp::L284,Volume.SubMusic,soh/soh/SohGui/SohMenuSettings.cpp,CONFIGURATION,INTERNAL_IDENTIFIER
SOH_UI::soh::soh::SohGui::SohMenuSettings_cpp::L287,Volume.Fanfare,soh/soh/SohGui/SohMenuSettings.cpp,CONFIGURATION,INTERNAL_IDENTIFIER
SOH_UI::soh::soh::SohGui::SohMenuSettings_cpp::L292,Volume.Fanfare,soh/soh/SohGui/SohMenuSettings.cpp,CONFIGURATION,INTERNAL_IDENTIFIER
SOH_UI::soh::soh::SohGui::SohMenuSettings_cpp::L295,Volume.SFX,soh/soh/SohGui/SohMenuSettings.cpp,CONFIGURATION,INTERNAL_IDENTIFIER
SOH_UI::soh::soh::SohGui::SohMenuSettings_cpp::L299,Volume.SFX,soh/soh/SohGui/SohMenuSettings.cpp,CONFIGURATION,INTERNAL_IDENTIFIER
SOH_UI::soh::soh::SohGui::SohMenuSettings_cpp::L308,Graphics,soh/soh/SohGui/SohMenuSettings.cpp,CONFIGURATION,PLAYER_FACING
SOH_UI::soh::soh::SohGui::SohMenuSettings_cpp::L309,Settings,soh/soh/SohGui/SohMenuSettings.cpp,CONFIGURATION,PLAYER_FACING
SOH_UI::soh::soh::SohGui::SohMenuSettings_cpp::L309,Graphics,soh/soh/SohGui/SohMenuSettings.cpp,CONFIGURATION,PLAYER_FACING
SOH_UI::soh::soh::SohGui::SohMenuSettings_cpp::L355,InterpolationFPS,soh/soh/SohGui/SohMenuSettings.cpp,CONFIGURATION,PLAYER_FACING
SOH_UI::soh::soh::SohGui::SohMenuSettings_cpp::L358,InterpolationFPS,soh/soh/SohGui/SohMenuSettings.cpp,CONFIGURATION,PLAYER_FACING
SOH_UI::soh::soh::SohGui::SohMenuSettings_cpp::L375,MatchRefreshRate,soh/soh/SohGui/SohMenuSettings.cpp,CONFIGURATION,PLAYER_FACING
SOH_UI::soh::soh::SohGui::SohMenuSettings_cpp::L410,Controls,soh/soh/SohGui/SohMenuSettings.cpp,CONFIGURATION,PLAYER_FACING
SOH_UI::soh::soh::SohGui::SohMenuSettings_cpp::L412,Settings,soh/soh/SohGui/SohMenuSettings.cpp,CONFIGURATION,PLAYER_FACING
SOH_UI::soh::soh::SohGui::SohMenuSettings_cpp::L412,Controls,soh/soh/SohGui/SohMenuSettings.cpp,CONFIGURATION,PLAYER_FACING
SOH_UI::soh::soh::SohGui::SohMenuSettings_cpp::L417,Clear,soh/soh/SohGui/SohMenuSettings.cpp,CONFIGURATION,PLAYER_FACING
SOH_UI::soh::soh::SohGui::SohMenuSettings_cpp::L418,Cancel,soh/soh/SohGui/SohMenuSettings.cpp,CONFIGURATION,PLAYER_FACING
SOH_UI::soh::soh::SohGui::SohMenuSettings_cpp::L429,ControllerConfiguration,soh/soh/SohGui/SohMenuSettings.cpp,CONFIGURATION,PLAYER_FACING
SOH_UI::soh::soh::SohGui::SohMenuSettings_cpp::L437,Settings,soh/soh/SohGui/SohMenuSettings.cpp,CONFIGURATION,PLAYER_FACING
SOH_UI::soh::soh::SohGui::SohMenuSettings_cpp::L440,InputViewer,soh/soh/SohGui/SohMenuSettings.cpp,CONFIGURATION,PLAYER_FACING
SOH_UI::soh::soh::SohGui::SohMenuSettings_cpp::L448,InputViewerSettings,soh/soh/SohGui/SohMenuSettings.cpp,CONFIGURATION,PLAYER_FACING
SOH_UI::soh::soh::SohGui::SohMenuSettings_cpp::L455,Notifications,soh/soh/SohGui/SohMenuSettings.cpp,CONFIGURATION,PLAYER_FACING
SOH_UI::soh::soh::SohGui::SohMenuSettings_cpp::L457,Settings,soh/soh/SohGui/SohMenuSettings.cpp,CONFIGURATION,PLAYER_FACING
SOH_UI::soh::soh::SohGui::SohMenuSettings_cpp::L458,Position,soh/soh/SohGui/SohMenuSettings.cpp,CONFIGURATION,PLAYER_FACING
SOH_UI::soh::soh::SohGui::SohMenuSettings_cpp::L459,Notifications.Position,soh/soh/SohGui/SohMenuSettings.cpp,CONFIGURATION,INTERNAL_IDENTIFIER
SOH_UI::soh::soh::SohGui::SohMenuSettings_cpp::L466,Notifications.Duration,soh/soh/SohGui/SohMenuSettings.cpp,CONFIGURATION,INTERNAL_IDENTIFIER
SOH_UI::soh::soh::SohGui::SohMenuSettings_cpp::L476,Notifications.BgOpacity,soh/soh/SohGui/SohMenuSettings.cpp,CONFIGURATION,INTERNAL_IDENTIFIER
SOH_UI::soh::soh::SohGui::SohMenuSettings_cpp::L482,Size:,soh/soh/SohGui/SohMenuSettings.cpp,CONFIGURATION,PLAYER_FACING
SOH_UI::soh::soh::SohGui::SohMenuSettings_cpp::L483,Notifications.Size,soh/soh/SohGui/SohMenuSettings.cpp,CONFIGURATION,INTERNAL_IDENTIFIER
SOH_UI::soh::soh::SohGui::SohMenuSettings_cpp::L497,This,soh/soh/SohGui/SohMenuSettings.cpp,CONFIGURATION,PLAYER_FACING
SOH_UI::soh::soh::SohGui::SohMenuSettings_cpp::L506,Settings,soh/soh/SohGui/SohMenuSettings.cpp,CONFIGURATION,PLAYER_FACING
SOH_UI::soh::soh::SohGui::SohMenuSettings_cpp::L508,ModMenu,soh/soh/SohGui/SohMenuSettings.cpp,CONFIGURATION,PLAYER_FACING
SOH_UI::soh::soh::SohGui::SohMenuEnhancements_cpp::L31,Vanilla,soh/soh/SohGui/SohMenuEnhancements.cpp,ENHANCEMENT_MENU,PLAYER_FACING
SOH_UI::soh::soh::SohGui::SohMenuEnhancements_cpp::L37,Normal,soh/soh/SohGui/SohMenuEnhancements.cpp,ENHANCEMENT_MENU,PLAYER_FACING
SOH_UI::soh::soh::SohGui::SohMenuEnhancements_cpp::L38,Unbreakable,soh/soh/SohGui/SohMenuEnhancements.cpp,ENHANCEMENT_MENU,PLAYER_FACING
SOH_UI::soh::soh::SohGui::SohMenuEnhancements_cpp::L43,None,soh/soh/SohGui/SohMenuEnhancements.cpp,ENHANCEMENT_MENU,PLAYER_FACING
SOH_UI::soh::soh::SohGui::SohMenuEnhancements_cpp::L44,Navi,soh/soh/SohGui/SohMenuEnhancements.cpp,ENHANCEMENT_MENU,PLAYER_FACING
SOH_UI::soh::soh::SohGui::SohMenuEnhancements_cpp::L45,NPCs,soh/soh/SohGui/SohMenuEnhancements.cpp,ENHANCEMENT_MENU,PLAYER_FACING
SOH_UI::soh::soh::SohGui::SohMenuEnhancements_cpp::L50,Disabled,soh/soh/SohGui/SohMenuEnhancements.cpp,ENHANCEMENT_MENU,PLAYER_FACING
SOH_UI::soh::soh::SohGui::SohMenuEnhancements_cpp::L51,Both,soh/soh/SohGui/SohMenuEnhancements.cpp,ENHANCEMENT_MENU,PLAYER_FACING
SOH_UI::soh::soh::SohGui::SohMenuEnhancements_cpp::L57,Disabled,soh/soh/SohGui/SohMenuEnhancements.cpp,ENHANCEMENT_MENU,PLAYER_FACING
SOH_UI::soh::soh::SohGui::SohMenuEnhancements_cpp::L65,Always,soh/soh/SohGui/SohMenuEnhancements.cpp,ENHANCEMENT_MENU,PLAYER_FACING
SOH_UI::soh::soh::SohGui::SohMenuEnhancements_cpp::L66,Once,soh/soh/SohGui/SohMenuEnhancements.cpp,ENHANCEMENT_MENU,PLAYER_FACING
SOH_UI::soh::soh::SohGui::SohMenuEnhancements_cpp::L67,Never,soh/soh/SohGui/SohMenuEnhancements.cpp,ENHANCEMENT_MENU,PLAYER_FACING
SOH_UI::soh::soh::SohGui::SohMenuEnhancements_cpp::L96,OHKO,soh/soh/SohGui/SohMenuEnhancements.cpp,ENHANCEMENT_MENU,PLAYER_FACING
SOH_UI::soh::soh::SohGui::SohMenuEnhancements_cpp::L100,None,soh/soh/SohGui/SohMenuEnhancements.cpp,ENHANCEMENT_MENU,PLAYER_FACING
SOH_UI::soh::soh::SohGui::SohMenuEnhancements_cpp::L101,Vanilla,soh/soh/SohGui/SohMenuEnhancements.cpp,ENHANCEMENT_MENU,PLAYER_FACING
SOH_UI::soh::soh::SohGui::SohMenuEnhancements_cpp::L102,Jalapeño,soh/soh/SohGui/SohMenuEnhancements.cpp,ENHANCEMENT_MENU,PLAYER_FACING
SOH_UI::soh::soh::SohGui::SohMenuEnhancements_cpp::L103,Serrano,soh/soh/SohGui/SohMenuEnhancements.cpp,ENHANCEMENT_MENU,PLAYER_FACING
SOH_UI::soh::soh::SohGui::SohMenuEnhancements_cpp::L104,Habanero,soh/soh/SohGui/SohMenuEnhancements.cpp,ENHANCEMENT_MENU,PLAYER_FACING
SOH_UI::soh::soh::SohGui::SohMenuEnhancements_cpp::L111,Always,soh/soh/SohGui/SohMenuEnhancements.cpp,ENHANCEMENT_MENU,PLAYER_FACING
SOH_UI::soh::soh::SohGui::SohMenuEnhancements_cpp::L112,Never,soh/soh/SohGui/SohMenuEnhancements.cpp,ENHANCEMENT_MENU,PLAYER_FACING
SOH_UI::soh::soh::SohGui::SohMenuEnhancements_cpp::L116,Disabled,soh/soh/SohGui/SohMenuEnhancements.cpp,ENHANCEMENT_MENU,PLAYER_FACING
SOH_UI::soh::soh::SohGui::SohMenuEnhancements_cpp::L122,None,soh/soh/SohGui/SohMenuEnhancements.cpp,ENHANCEMENT_MENU,PLAYER_FACING
SOH_UI::soh::soh::SohGui::SohMenuEnhancements_cpp::L128,Disabled,soh/soh/SohGui/SohMenuEnhancements.cpp,ENHANCEMENT_MENU,PLAYER_FACING
SOH_UI::soh::soh::SohGui::SohMenuEnhancements_cpp::L129,Always,soh/soh/SohGui/SohMenuEnhancements.cpp,ENHANCEMENT_MENU,PLAYER_FACING
SOH_UI::soh::soh::SohGui::SohMenuEnhancements_cpp::L130,Random,soh/soh/SohGui/SohMenuEnhancements.cpp,ENHANCEMENT_MENU,PLAYER_FACING
SOH_UI::soh::soh::SohGui::SohMenuEnhancements_cpp::L132,Dungeons,soh/soh/SohGui/SohMenuEnhancements.cpp,ENHANCEMENT_MENU,PLAYER_FACING
SOH_UI::soh::soh::SohGui::SohMenuEnhancements_cpp::L140,Disabled,soh/soh/SohGui/SohMenuEnhancements.cpp,ENHANCEMENT_MENU,PLAYER_FACING
SOH_UI::soh::soh::SohGui::SohMenuEnhancements_cpp::L141,Random,soh/soh/SohGui/SohMenuEnhancements.cpp,ENHANCEMENT_MENU,PLAYER_FACING
SOH_UI::soh::soh::SohGui::SohMenuEnhancements_cpp::L147,Enhancements,soh/soh/SohGui/SohMenuEnhancements.cpp,ENHANCEMENT_MENU,PLAYER_FACING
SOH_UI::soh::soh::SohGui::SohMenuEnhancements_cpp::L147,Menu.EnhancementsSidebarSection,soh/soh/SohGui/SohMenuEnhancements.cpp,ENHANCEMENT_MENU,INTERNAL_IDENTIFIER
SOH_UI::soh::soh::SohGui::SohMenuEnhancements_cpp::L150,Enhancements,soh/soh/SohGui/SohMenuEnhancements.cpp,ENHANCEMENT_MENU,PLAYER_FACING
SOH_UI::soh::soh::SohGui::SohMenuEnhancements_cpp::L151,Enhancements,soh/soh/SohGui/SohMenuEnhancements.cpp,ENHANCEMENT_MENU,PLAYER_FACING
SOH_UI::soh::soh::SohGui::SohMenuEnhancements_cpp::L154,Saving,soh/soh/SohGui/SohMenuEnhancements.cpp,ENHANCEMENT_MENU,PLAYER_FACING
SOH_UI::soh::soh::SohGui::SohMenuEnhancements_cpp::L155,Autosave,soh/soh/SohGui/SohMenuEnhancements.cpp,ENHANCEMENT_MENU,PLAYER_FACING
SOH_UI::soh::soh::SohGui::SohMenuEnhancements_cpp::L156,Autosave,soh/soh/SohGui/SohMenuEnhancements.cpp,ENHANCEMENT_MENU,PLAYER_FACING
SOH_UI::soh::soh::SohGui::SohMenuEnhancements_cpp::L164,RememberSaveLocation,soh/soh/SohGui/SohMenuEnhancements.cpp,ENHANCEMENT_MENU,PLAYER_FACING
SOH_UI::soh::soh::SohGui::SohMenuEnhancements_cpp::L171,ChestSizeAndTextureMatchContents,soh/soh/SohGui/SohMenuEnhancements.cpp,ENHANCEMENT_MENU,PLAYER_FACING
SOH_UI::soh::soh::SohGui::SohMenuEnhancements_cpp::L173,ChestSizeAndTextureMatchContents,soh/soh/SohGui/SohMenuEnhancements.cpp,ENHANCEMENT_MENU,PLAYER_FACING
SOH_UI::soh::soh::SohGui::SohMenuEnhancements_cpp::L174,ChestSizeDependsStoneOfAgony,soh/soh/SohGui/SohMenuEnhancements.cpp,ENHANCEMENT_MENU,PLAYER_FACING
SOH_UI::soh::soh::SohGui::SohMenuEnhancements_cpp::L190,ChestSizeDependsStoneOfAgony,soh/soh/SohGui/SohMenuEnhancements.cpp,ENHANCEMENT_MENU,PLAYER_FACING
SOH_UI::soh::soh::SohGui::SohMenuEnhancements_cpp::L192,ChestSizeAndTextureMatchesContents,soh/soh/SohGui/SohMenuEnhancements.cpp,ENHANCEMENT_MENU,PLAYER_FACING
SOH_UI::soh::soh::SohGui::SohMenuEnhancements_cpp::L198,NightGSAlwaysSpawn,soh/soh/SohGui/SohMenuEnhancements.cpp,ENHANCEMENT_MENU,PLAYER_FACING
SOH_UI::soh::soh::SohGui::SohMenuEnhancements_cpp::L201,DayGravePull,soh/soh/SohGui/SohMenuEnhancements.cpp,ENHANCEMENT_MENU,PLAYER_FACING
SOH_UI::soh::soh::SohGui::SohMenuEnhancements_cpp::L204,DampeAllNight,soh/soh/SohGui/SohMenuEnhancements.cpp,ENHANCEMENT_MENU,PLAYER_FACING
SOH_UI::soh::soh::SohGui::SohMenuEnhancements_cpp::L208,MarketSneak,soh/soh/SohGui/SohMenuEnhancements.cpp,ENHANCEMENT_MENU,PLAYER_FACING
SOH_UI::soh::soh::SohGui::SohMenuEnhancements_cpp::L213,OpenAllHours,soh/soh/SohGui/SohMenuEnhancements.cpp,ENHANCEMENT_MENU,PLAYER_FACING
SOH_UI::soh::soh::SohGui::SohMenuEnhancements_cpp::L225,PauseAnyCursor,soh/soh/SohGui/SohMenuEnhancements.cpp,ENHANCEMENT_MENU,PLAYER_FACING
SOH_UI::soh::soh::SohGui::SohMenuEnhancements_cpp::L233,PauseWarp,soh/soh/SohGui/SohMenuEnhancements.cpp,ENHANCEMENT_MENU,PLAYER_FACING
SOH_UI::soh::soh::SohGui::SohMenuEnhancements_cpp::L238,Controls,soh/soh/SohGui/SohMenuEnhancements.cpp,ENHANCEMENT_MENU,PLAYER_FACING
SOH_UI::soh::soh::SohGui::SohMenuEnhancements_cpp::L240,NaviOnL,soh/soh/SohGui/SohMenuEnhancements.cpp,ENHANCEMENT_MENU,PLAYER_FACING
SOH_UI::soh::soh::SohGui::SohMenuEnhancements_cpp::L244,NoInputForCredits,soh/soh/SohGui/SohMenuEnhancements.cpp,ENHANCEMENT_MENU,PLAYER_FACING
SOH_UI::soh::soh::SohGui::SohMenuEnhancements_cpp::L250,IncludeHeldInputsBufferWindow,soh/soh/SohGui/SohMenuEnhancements.cpp,ENHANCEMENT_MENU,PLAYER_FACING
SOH_UI::soh::soh::SohGui::SohMenuEnhancements_cpp::L256,PauseBufferWindow,soh/soh/SohGui/SohMenuEnhancements.cpp,ENHANCEMENT_MENU,PLAYER_FACING
SOH_UI::soh::soh::SohGui::SohMenuEnhancements_cpp::L277,InjectItemCounts.GoldSkulltula,soh/soh/SohGui/SohMenuEnhancements.cpp,ENHANCEMENT_MENU,INTERNAL_IDENTIFIER
SOH_UI::soh::soh::SohGui::SohMenuEnhancements_cpp::L287,Misc,soh/soh/SohGui/SohMenuEnhancements.cpp,ENHANCEMENT_MENU,PLAYER_FACING
SOH_UI::soh::soh::SohGui::SohMenuEnhancements_cpp::L289,DisableCritWiggle,soh/soh/SohGui/SohMenuEnhancements.cpp,ENHANCEMENT_MENU,PLAYER_FACING
SOH_UI::soh::soh::SohGui::SohMenuEnhancements_cpp::L293,BetterOwl,soh/soh/SohGui/SohMenuEnhancements.cpp,ENHANCEMENT_MENU,PLAYER_FACING
SOH_UI::soh::soh::SohGui::SohMenuEnhancements_cpp::L297,Convenience,soh/soh/SohGui/SohMenuEnhancements.cpp,ENHANCEMENT_MENU,PLAYER_FACING
SOH_UI::soh::soh::SohGui::SohMenuEnhancements_cpp::L299,QuitFishingAtDoor,soh/soh/SohGui/SohMenuEnhancements.cpp,ENHANCEMENT_MENU,PLAYER_FACING
SOH_UI::soh::soh::SohGui::SohMenuEnhancements_cpp::L304,InstantPutaway,soh/soh/SohGui/SohMenuEnhancements.cpp,ENHANCEMENT_MENU,PLAYER_FACING
SOH_UI::soh::soh::SohGui::SohMenuEnhancements_cpp::L307,ResetNaviTimer,soh/soh/SohGui/SohMenuEnhancements.cpp,ENHANCEMENT_MENU,PLAYER_FACING
SOH_UI::soh::soh::SohGui::SohMenuEnhancements_cpp::L312,CowOfTime,soh/soh/SohGui/SohMenuEnhancements.cpp,ENHANCEMENT_MENU,PLAYER_FACING
SOH_UI::soh::soh::SohGui::SohMenuEnhancements_cpp::L316,TimeSavers.SleepingWaterfall,soh/soh/SohGui/SohMenuEnhancements.cpp,ENHANCEMENT_MENU,INTERNAL_IDENTIFIER
SOH_UI::soh::soh::SohGui::SohMenuEnhancements_cpp::L335,TimeSavers.SkipJabuJabuFish,soh/soh/SohGui/SohMenuEnhancements.cpp,ENHANCEMENT_MENU,INTERNAL_IDENTIFIER
SOH_UI::soh::soh::SohGui::SohMenuEnhancements_cpp::L345,Enhancements,soh/soh/SohGui/SohMenuEnhancements.cpp,ENHANCEMENT_MENU,PLAYER_FACING
SOH_UI::soh::soh::SohGui::SohMenuEnhancements_cpp::L348,Cutscenes,soh/soh/SohGui/SohMenuEnhancements.cpp,ENHANCEMENT_MENU,PLAYER_FACING
SOH_UI::soh::soh::SohGui::SohMenuEnhancements_cpp::L349,All##Skips,soh/soh/SohGui/SohMenuEnhancements.cpp,ENHANCEMENT_MENU,PLAYER_FACING
SOH_UI::soh::soh::SohGui::SohMenuEnhancements_cpp::L352,TimeSavers.SkipCutscene.Intro,soh/soh/SohGui/SohMenuEnhancements.cpp,ENHANCEMENT_MENU,INTERNAL_IDENTIFIER
SOH_UI::soh::soh::SohGui::SohMenuEnhancements_cpp::L353,TimeSavers.SkipCutscene.Entrances,soh/soh/SohGui/SohMenuEnhancements.cpp,ENHANCEMENT_MENU,INTERNAL_IDENTIFIER
SOH_UI::soh::soh::SohGui::SohMenuEnhancements_cpp::L354,TimeSavers.SkipCutscene.Story,soh/soh/SohGui/SohMenuEnhancements.cpp,ENHANCEMENT_MENU,INTERNAL_IDENTIFIER
SOH_UI::soh::soh::SohGui::SohMenuEnhancements_cpp::L355,TimeSavers.SkipCutscene.LearnSong,soh/soh/SohGui/SohMenuEnhancements.cpp,ENHANCEMENT_MENU,INTERNAL_IDENTIFIER
SOH_UI::soh::soh::SohGui::SohMenuEnhancements_cpp::L356,TimeSavers.SkipCutscene.BossIntro,soh/soh/SohGui/SohMenuEnhancements.cpp,ENHANCEMENT_MENU,INTERNAL_IDENTIFIER
SOH_UI::soh::soh::SohGui::SohMenuEnhancements_cpp::L357,TimeSavers.SkipCutscene.QuickBossDeaths,soh/soh/SohGui/SohMenuEnhancements.cpp,ENHANCEMENT_MENU,INTERNAL_IDENTIFIER
SOH_UI::soh::soh::SohGui::SohMenuEnhancements_cpp::L358,TimeSavers.SkipCutscene.OnePoint,soh/soh/SohGui/SohMenuEnhancements.cpp,ENHANCEMENT_MENU,INTERNAL_IDENTIFIER
SOH_UI::soh::soh::SohGui::SohMenuEnhancements_cpp::L359,TimeSavers.SkipOwlInteractions,soh/soh/SohGui/SohMenuEnhancements.cpp,ENHANCEMENT_MENU,INTERNAL_IDENTIFIER
SOH_UI::soh::soh::SohGui::SohMenuEnhancements_cpp::L360,TimeSavers.SkipMiscInteractions,soh/soh/SohGui/SohMenuEnhancements.cpp,ENHANCEMENT_MENU,INTERNAL_IDENTIFIER
SOH_UI::soh::soh::SohGui::SohMenuEnhancements_cpp::L361,TimeSavers.DisableTitleCard,soh/soh/SohGui/SohMenuEnhancements.cpp,ENHANCEMENT_MENU,INTERNAL_IDENTIFIER
SOH_UI::soh::soh::SohGui::SohMenuEnhancements_cpp::L365,None##Skips,soh/soh/SohGui/SohMenuEnhancements.cpp,ENHANCEMENT_MENU,PLAYER_FACING
SOH_UI::soh::soh::SohGui::SohMenuEnhancements_cpp::L369,TimeSavers.SkipCutscene.Intro,soh/soh/SohGui/SohMenuEnhancements.cpp,ENHANCEMENT_MENU,INTERNAL_IDENTIFIER
SOH_UI::soh::soh::SohGui::SohMenuEnhancements_cpp::L370,TimeSavers.SkipCutscene.Entrances,soh/soh/SohGui/SohMenuEnhancements.cpp,ENHANCEMENT_MENU,INTERNAL_IDENTIFIER
SOH_UI::soh::soh::SohGui::SohMenuEnhancements_cpp::L371,TimeSavers.SkipCutscene.Story,soh/soh/SohGui/SohMenuEnhancements.cpp,ENHANCEMENT_MENU,INTERNAL_IDENTIFIER
SOH_UI::soh::soh::SohGui::SohMenuEnhancements_cpp::L372,TimeSavers.SkipCutscene.LearnSong,soh/soh/SohGui/SohMenuEnhancements.cpp,ENHANCEMENT_MENU,INTERNAL_IDENTIFIER
SOH_UI::soh::soh::SohGui::SohMenuEnhancements_cpp::L373,TimeSavers.SkipCutscene.BossIntro,soh/soh/SohGui/SohMenuEnhancements.cpp,ENHANCEMENT_MENU,INTERNAL_IDENTIFIER
SOH_UI::soh::soh::SohGui::SohMenuEnhancements_cpp::L374,TimeSavers.SkipCutscene.QuickBossDeaths,soh/soh/SohGui/SohMenuEnhancements.cpp,ENHANCEMENT_MENU,INTERNAL_IDENTIFIER
SOH_UI::soh::soh::SohGui::SohMenuEnhancements_cpp::L375,TimeSavers.SkipCutscene.OnePoint,soh/soh/SohGui/SohMenuEnhancements.cpp,ENHANCEMENT_MENU,INTERNAL_IDENTIFIER
SOH_UI::soh::soh::SohGui::SohMenuEnhancements_cpp::L376,TimeSavers.SkipOwlInteractions,soh/soh/SohGui/SohMenuEnhancements.cpp,ENHANCEMENT_MENU,INTERNAL_IDENTIFIER
SOH_UI::soh::soh::SohGui::SohMenuEnhancements_cpp::L377,TimeSavers.SkipMiscInteractions,soh/soh/SohGui/SohMenuEnhancements.cpp,ENHANCEMENT_MENU,INTERNAL_IDENTIFIER
SOH_UI::soh::soh::SohGui::SohMenuEnhancements_cpp::L378,TimeSavers.DisableTitleCard,soh/soh/SohGui/SohMenuEnhancements.cpp,ENHANCEMENT_MENU,INTERNAL_IDENTIFIER
SOH_UI::soh::soh::SohGui::SohMenuEnhancements_cpp::L383,TimeSavers.SkipCutscene.Intro,soh/soh/SohGui/SohMenuEnhancements.cpp,ENHANCEMENT_MENU,INTERNAL_IDENTIFIER
SOH_UI::soh::soh::SohGui::SohMenuEnhancements_cpp::L386,TimeSavers.SkipCutscene.Entrances,soh/soh/SohGui/SohMenuEnhancements.cpp,ENHANCEMENT_MENU,INTERNAL_IDENTIFIER
SOH_UI::soh::soh::SohGui::SohMenuEnhancements_cpp::L389,TimeSavers.SkipCutscene.Story,soh/soh/SohGui/SohMenuEnhancements.cpp,ENHANCEMENT_MENU,INTERNAL_IDENTIFIER
SOH_UI::soh::soh::SohGui::SohMenuEnhancements_cpp::L392,TimeSavers.SkipCutscene.LearnSong,soh/soh/SohGui/SohMenuEnhancements.cpp,ENHANCEMENT_MENU,INTERNAL_IDENTIFIER
SOH_UI::soh::soh::SohGui::SohMenuEnhancements_cpp::L395,TimeSavers.SkipCutscene.BossIntro,soh/soh/SohGui/SohMenuEnhancements.cpp,ENHANCEMENT_MENU,INTERNAL_IDENTIFIER
SOH_UI::soh::soh::SohGui::SohMenuEnhancements_cpp::L398,TimeSavers.SkipCutscene.QuickBossDeaths,soh/soh/SohGui/SohMenuEnhancements.cpp,ENHANCEMENT_MENU,INTERNAL_IDENTIFIER
SOH_UI::soh::soh::SohGui::SohMenuEnhancements_cpp::L401,TimeSavers.SkipCutscene.OnePoint,soh/soh/SohGui/SohMenuEnhancements.cpp,ENHANCEMENT_MENU,INTERNAL_IDENTIFIER
SOH_UI::soh::soh::SohGui::SohMenuEnhancements_cpp::L404,TimeSavers.SkipOwlInteractions,soh/soh/SohGui/SohMenuEnhancements.cpp,ENHANCEMENT_MENU,INTERNAL_IDENTIFIER
SOH_UI::soh::soh::SohGui::SohMenuEnhancements_cpp::L407,TimeSavers.SkipMiscInteractions,soh/soh/SohGui/SohMenuEnhancements.cpp,ENHANCEMENT_MENU,INTERNAL_IDENTIFIER
SOH_UI::soh::soh::SohGui::SohMenuEnhancements_cpp::L410,TimeSavers.DisableTitleCard,soh/soh/SohGui/SohMenuEnhancements.cpp,ENHANCEMENT_MENU,INTERNAL_IDENTIFIER
SOH_UI::soh::soh::SohGui::SohMenuEnhancements_cpp::L413,TimeSavers.SkipCutscene.GlitchAiding,soh/soh/SohGui/SohMenuEnhancements.cpp,ENHANCEMENT_MENU,INTERNAL_IDENTIFIER
SOH_UI::soh::soh::SohGui::SohMenuEnhancements_cpp::L420,Text,soh/soh/SohGui/SohMenuEnhancements.cpp,ENHANCEMENT_MENU,PLAYER_FACING
SOH_UI::soh::soh::SohGui::SohMenuEnhancements_cpp::L422,FastBottles,soh/soh/SohGui/SohMenuEnhancements.cpp,ENHANCEMENT_MENU,PLAYER_FACING
SOH_UI::soh::soh::SohGui::SohMenuEnhancements_cpp::L425,FastDrops,soh/soh/SohGui/SohMenuEnhancements.cpp,ENHANCEMENT_MENU,PLAYER_FACING
SOH_UI::soh::soh::SohGui::SohMenuEnhancements_cpp::L428,TimeSavers.SkipForcedDialog,soh/soh/SohGui/SohMenuEnhancements.cpp,ENHANCEMENT_MENU,INTERNAL_IDENTIFIER
SOH_UI::soh::soh::SohGui::SohMenuEnhancements_cpp::L434,SkipText,soh/soh/SohGui/SohMenuEnhancements.cpp,ENHANCEMENT_MENU,PLAYER_FACING
SOH_UI::soh::soh::SohGui::SohMenuEnhancements_cpp::L437,TextSpeed,soh/soh/SohGui/SohMenuEnhancements.cpp,ENHANCEMENT_MENU,PLAYER_FACING
SOH_UI::soh::soh::SohGui::SohMenuEnhancements_cpp::L440,SlowTextSpeed,soh/soh/SohGui/SohMenuEnhancements.cpp,ENHANCEMENT_MENU,PLAYER_FACING
SOH_UI::soh::soh::SohGui::SohMenuEnhancements_cpp::L445,Animations,soh/soh/SohGui/SohMenuEnhancements.cpp,ENHANCEMENT_MENU,PLAYER_FACING
SOH_UI::soh::soh::SohGui::SohMenuEnhancements_cpp::L447,FasterHeavyBlockLift,soh/soh/SohGui/SohMenuEnhancements.cpp,ENHANCEMENT_MENU,PLAYER_FACING
SOH_UI::soh::soh::SohGui::SohMenuEnhancements_cpp::L450,FasterShadowShip,soh/soh/SohGui/SohMenuEnhancements.cpp,ENHANCEMENT_MENU,PLAYER_FACING
SOH_UI::soh::soh::SohGui::SohMenuEnhancements_cpp::L453,FastChests,soh/soh/SohGui/SohMenuEnhancements.cpp,ENHANCEMENT_MENU,PLAYER_FACING
SOH_UI::soh::soh::SohGui::SohMenuEnhancements_cpp::L457,SkipSwimDeepEndAnim,soh/soh/SohGui/SohMenuEnhancements.cpp,ENHANCEMENT_MENU,PLAYER_FACING
SOH_UI::soh::soh::SohGui::SohMenuEnhancements_cpp::L461,FasterBottleEmpty,soh/soh/SohGui/SohMenuEnhancements.cpp,ENHANCEMENT_MENU,PLAYER_FACING
SOH_UI::soh::soh::SohGui::SohMenuEnhancements_cpp::L464,ClimbSpeed,soh/soh/SohGui/SohMenuEnhancements.cpp,ENHANCEMENT_MENU,PLAYER_FACING
SOH_UI::soh::soh::SohGui::SohMenuEnhancements_cpp::L467,FasterBlockPush,soh/soh/SohGui/SohMenuEnhancements.cpp,ENHANCEMENT_MENU,PLAYER_FACING
SOH_UI::soh::soh::SohGui::SohMenuEnhancements_cpp::L470,CrawlSpeed,soh/soh/SohGui/SohMenuEnhancements.cpp,ENHANCEMENT_MENU,PLAYER_FACING
SOH_UI::soh::soh::SohGui::SohMenuEnhancements_cpp::L473,GlitchAidingCrawlspaces,soh/soh/SohGui/SohMenuEnhancements.cpp,ENHANCEMENT_MENU,PLAYER_FACING
SOH_UI::soh::soh::SohGui::SohMenuEnhancements_cpp::L474,CrawlSpeed,soh/soh/SohGui/SohMenuEnhancements.cpp,ENHANCEMENT_MENU,PLAYER_FACING
SOH_UI::soh::soh::SohGui::SohMenuEnhancements_cpp::L478,MweepSpeed,soh/soh/SohGui/SohMenuEnhancements.cpp,ENHANCEMENT_MENU,PLAYER_FACING
SOH_UI::soh::soh::SohGui::SohMenuEnhancements_cpp::L481,FasterPauseMenu,soh/soh/SohGui/SohMenuEnhancements.cpp,ENHANCEMENT_MENU,INTERNAL_IDENTIFIER
SOH_UI::soh::soh::SohGui::SohMenuEnhancements_cpp::L485,Misc,soh/soh/SohGui/SohMenuEnhancements.cpp,ENHANCEMENT_MENU,PLAYER_FACING
SOH_UI::soh::soh::SohGui::SohMenuEnhancements_cpp::L487,TimeSavers.SkipChildStealth,soh/soh/SohGui/SohMenuEnhancements.cpp,ENHANCEMENT_MENU,INTERNAL_IDENTIFIER
SOH_UI::soh::soh::SohGui::SohMenuEnhancements_cpp::L491,TimeSavers.SkipTowerEscape,soh/soh/SohGui/SohMenuEnhancements.cpp,ENHANCEMENT_MENU,INTERNAL_IDENTIFIER
SOH_UI::soh::soh::SohGui::SohMenuEnhancements_cpp::L494,InstantScarecrow,soh/soh/SohGui/SohMenuEnhancements.cpp,ENHANCEMENT_MENU,PLAYER_FACING
SOH_UI::soh::soh::SohGui::SohMenuEnhancements_cpp::L504,FasterRupeeAccumulator,soh/soh/SohGui/SohMenuEnhancements.cpp,ENHANCEMENT_MENU,PLAYER_FACING
SOH_UI::soh::soh::SohGui::SohMenuEnhancements_cpp::L507,SkulltulaFreeze,soh/soh/SohGui/SohMenuEnhancements.cpp,ENHANCEMENT_MENU,PLAYER_FACING
SOH_UI::soh::soh::SohGui::SohMenuEnhancements_cpp::L518,SkipSaveConfirmation,soh/soh/SohGui/SohMenuEnhancements.cpp,ENHANCEMENT_MENU,PLAYER_FACING
SOH_UI::soh::soh::SohGui::SohMenuEnhancements_cpp::L521,LinkDefaultName,soh/soh/SohGui/SohMenuEnhancements.cpp,ENHANCEMENT_MENU,PLAYER_FACING
SOH_UI::soh::soh::SohGui::SohMenuEnhancements_cpp::L524,FasterBeanSkull,soh/soh/SohGui/SohMenuEnhancements.cpp,ENHANCEMENT_MENU,PLAYER_FACING
SOH_UI::soh::soh::SohGui::SohMenuEnhancements_cpp::L528,ForgeTime,soh/soh/SohGui/SohMenuEnhancements.cpp,ENHANCEMENT_MENU,PLAYER_FACING
SOH_UI::soh::soh::SohGui::SohMenuEnhancements_cpp::L534,Graphics,soh/soh/SohGui/SohMenuEnhancements.cpp,ENHANCEMENT_MENU,PLAYER_FACING
SOH_UI::soh::soh::SohGui::SohMenuEnhancements_cpp::L535,Enhancements,soh/soh/SohGui/SohMenuEnhancements.cpp,ENHANCEMENT_MENU,PLAYER_FACING
SOH_UI::soh::soh::SohGui::SohMenuEnhancements_cpp::L538,Mods,soh/soh/SohGui/SohMenuEnhancements.cpp,ENHANCEMENT_MENU,PLAYER_FACING
SOH_UI::soh::soh::SohGui::SohMenuEnhancements_cpp::L540,DisableBombBillboarding,soh/soh/SohGui/SohMenuEnhancements.cpp,ENHANCEMENT_MENU,PLAYER_FACING
SOH_UI::soh::soh::SohGui::SohMenuEnhancements_cpp::L546,DisableGrottoRotation,soh/soh/SohGui/SohMenuEnhancements.cpp,ENHANCEMENT_MENU,PLAYER_FACING
SOH_UI::soh::soh::SohGui::SohMenuEnhancements_cpp::L558,TextSpacing,soh/soh/SohGui/SohMenuEnhancements.cpp,ENHANCEMENT_MENU,PLAYER_FACING
SOH_UI::soh::soh::SohGui::SohMenuEnhancements_cpp::L564,DisableLOD,soh/soh/SohGui/SohMenuEnhancements.cpp,ENHANCEMENT_MENU,PLAYER_FACING
SOH_UI::soh::soh::SohGui::SohMenuEnhancements_cpp::L569,EnemyHealthBar,soh/soh/SohGui/SohMenuEnhancements.cpp,ENHANCEMENT_MENU,PLAYER_FACING
SOH_UI::soh::soh::SohGui::SohMenuEnhancements_cpp::L572,NewDrops,soh/soh/SohGui/SohMenuEnhancements.cpp,ENHANCEMENT_MENU,PLAYER_FACING
SOH_UI::soh::soh::SohGui::SohMenuEnhancements_cpp::L577,PauseMenuAnimatedLink,soh/soh/SohGui/SohMenuEnhancements.cpp,ENHANCEMENT_MENU,PLAYER_FACING
SOH_UI::soh::soh::SohGui::SohMenuEnhancements_cpp::L582,EquipmentAlwaysVisible,soh/soh/SohGui/SohMenuEnhancements.cpp,ENHANCEMENT_MENU,PLAYER_FACING
SOH_UI::soh::soh::SohGui::SohMenuEnhancements_cpp::L587,ScaleAdultEquipmentAsChild,soh/soh/SohGui/SohMenuEnhancements.cpp,ENHANCEMENT_MENU,PLAYER_FACING
SOH_UI::soh::soh::SohGui::SohMenuEnhancements_cpp::L590,EquipmentAlwaysVisible,soh/soh/SohGui/SohMenuEnhancements.cpp,ENHANCEMENT_MENU,PLAYER_FACING
SOH_UI::soh::soh::SohGui::SohMenuEnhancements_cpp::L596,FirstPersonGauntlets,soh/soh/SohGui/SohMenuEnhancements.cpp,ENHANCEMENT_MENU,PLAYER_FACING
SOH_UI::soh::soh::SohGui::SohMenuEnhancements_cpp::L600,ShowDoorLocksOnBothSides,soh/soh/SohGui/SohMenuEnhancements.cpp,ENHANCEMENT_MENU,PLAYER_FACING
SOH_UI::soh::soh::SohGui::SohMenuEnhancements_cpp::L603,ToTMedallionsColors,soh/soh/SohGui/SohMenuEnhancements.cpp,ENHANCEMENT_MENU,PLAYER_FACING
SOH_UI::soh::soh::SohGui::SohMenuEnhancements_cpp::L613,MinimalUI,soh/soh/SohGui/SohMenuEnhancements.cpp,ENHANCEMENT_MENU,PLAYER_FACING
SOH_UI::soh::soh::SohGui::SohMenuEnhancements_cpp::L617,DisableTunicWarningText,soh/soh/SohGui/SohMenuEnhancements.cpp,ENHANCEMENT_MENU,PLAYER_FACING
SOH_UI::soh::soh::SohGui::SohMenuEnhancements_cpp::L621,RememberMapToggleState,soh/soh/SohGui/SohMenuEnhancements.cpp,ENHANCEMENT_MENU,PLAYER_FACING
SOH_UI::soh::soh::SohGui::SohMenuEnhancements_cpp::L627,VisualAgony,soh/soh/SohGui/SohMenuEnhancements.cpp,ENHANCEMENT_MENU,PLAYER_FACING
SOH_UI::soh::soh::SohGui::SohMenuEnhancements_cpp::L632,NoHUDHeartAnimation,soh/soh/SohGui/SohMenuEnhancements.cpp,ENHANCEMENT_MENU,PLAYER_FACING
SOH_UI::soh::soh::SohGui::SohMenuEnhancements_cpp::L636,DrawLineupTick,soh/soh/SohGui/SohMenuEnhancements.cpp,ENHANCEMENT_MENU,PLAYER_FACING
SOH_UI::soh::soh::SohGui::SohMenuEnhancements_cpp::L641,DisableBlackBars,soh/soh/SohGui/SohMenuEnhancements.cpp,ENHANCEMENT_MENU,PLAYER_FACING
SOH_UI::soh::soh::SohGui::SohMenuEnhancements_cpp::L647,DynamicWalletIcon,soh/soh/SohGui/SohMenuEnhancements.cpp,ENHANCEMENT_MENU,PLAYER_FACING
SOH_UI::soh::soh::SohGui::SohMenuEnhancements_cpp::L652,AlwaysShowDungeonMinimapIcon,soh/soh/SohGui/SohMenuEnhancements.cpp,ENHANCEMENT_MENU,PLAYER_FACING
SOH_UI::soh::soh::SohGui::SohMenuEnhancements_cpp::L656,FileSelectMoreInfo,soh/soh/SohGui/SohMenuEnhancements.cpp,ENHANCEMENT_MENU,PLAYER_FACING
SOH_UI::soh::soh::SohGui::SohMenuEnhancements_cpp::L661,BetterAmmoRendering,soh/soh/SohGui/SohMenuEnhancements.cpp,ENHANCEMENT_MENU,PLAYER_FACING
SOH_UI::soh::soh::SohGui::SohMenuEnhancements_cpp::L666,TimeFlowFileSelect,soh/soh/SohGui/SohMenuEnhancements.cpp,ENHANCEMENT_MENU,PLAYER_FACING
SOH_UI::soh::soh::SohGui::SohMenuEnhancements_cpp::L672,Misc.,soh/soh/SohGui/SohMenuEnhancements.cpp,ENHANCEMENT_MENU,INTERNAL_IDENTIFIER
SOH_UI::soh::soh::SohGui::SohMenuEnhancements_cpp::L679,RemoveSpinAttackDarkness,soh/soh/SohGui/SohMenuEnhancements.cpp,ENHANCEMENT_MENU,PLAYER_FACING
SOH_UI::soh::soh::SohGui::SohMenuEnhancements_cpp::L684,DisableDrawDistance,soh/soh/SohGui/SohMenuEnhancements.cpp,ENHANCEMENT_MENU,PLAYER_FACING
SOH_UI::soh::soh::SohGui::SohMenuEnhancements_cpp::L687,DisableDrawDistance,soh/soh/SohGui/SohMenuEnhancements.cpp,ENHANCEMENT_MENU,PLAYER_FACING
SOH_UI::soh::soh::SohGui::SohMenuEnhancements_cpp::L688,DisableKokiriDrawDistance,soh/soh/SohGui/SohMenuEnhancements.cpp,ENHANCEMENT_MENU,PLAYER_FACING
SOH_UI::soh::soh::SohGui::SohMenuEnhancements_cpp::L694,DisableKokiriDrawDistance,soh/soh/SohGui/SohMenuEnhancements.cpp,ENHANCEMENT_MENU,PLAYER_FACING
SOH_UI::soh::soh::SohGui::SohMenuEnhancements_cpp::L697,DisableDrawDistance,soh/soh/SohGui/SohMenuEnhancements.cpp,ENHANCEMENT_MENU,PLAYER_FACING
SOH_UI::soh::soh::SohGui::SohMenuEnhancements_cpp::L702,WidescreenActorCulling,soh/soh/SohGui/SohMenuEnhancements.cpp,ENHANCEMENT_MENU,PLAYER_FACING
SOH_UI::soh::soh::SohGui::SohMenuEnhancements_cpp::L706,ExtendedCullingExcludeGlitchActors,soh/soh/SohGui/SohMenuEnhancements.cpp,ENHANCEMENT_MENU,PLAYER_FACING
SOH_UI::soh::soh::SohGui::SohMenuEnhancements_cpp::L708,WidescreenActorCulling,soh/soh/SohGui/SohMenuEnhancements.cpp,ENHANCEMENT_MENU,PLAYER_FACING
SOH_UI::soh::soh::SohGui::SohMenuEnhancements_cpp::L709,DisableDrawDistance,soh/soh/SohGui/SohMenuEnhancements.cpp,ENHANCEMENT_MENU,PLAYER_FACING
SOH_UI::soh::soh::SohGui::SohMenuEnhancements_cpp::L725,Items,soh/soh/SohGui/SohMenuEnhancements.cpp,ENHANCEMENT_MENU,PLAYER_FACING
SOH_UI::soh::soh::SohGui::SohMenuEnhancements_cpp::L726,Enhancements,soh/soh/SohGui/SohMenuEnhancements.cpp,ENHANCEMENT_MENU,PLAYER_FACING
SOH_UI::soh::soh::SohGui::SohMenuEnhancements_cpp::L729,Equipment,soh/soh/SohGui/SohMenuEnhancements.cpp,ENHANCEMENT_MENU,PLAYER_FACING
SOH_UI::soh::soh::SohGui::SohMenuEnhancements_cpp::L731,DpadEquips,soh/soh/SohGui/SohMenuEnhancements.cpp,ENHANCEMENT_MENU,PLAYER_FACING
SOH_UI::soh::soh::SohGui::SohMenuEnhancements_cpp::L736,AssignableTunicsAndBoots,soh/soh/SohGui/SohMenuEnhancements.cpp,ENHANCEMENT_MENU,PLAYER_FACING
SOH_UI::soh::soh::SohGui::SohMenuEnhancements_cpp::L741,EquipmentCanBeRemoved,soh/soh/SohGui/SohMenuEnhancements.cpp,ENHANCEMENT_MENU,PLAYER_FACING
SOH_UI::soh::soh::SohGui::SohMenuEnhancements_cpp::L745,ToggleStrength,soh/soh/SohGui/SohMenuEnhancements.cpp,ENHANCEMENT_MENU,PLAYER_FACING
SOH_UI::soh::soh::SohGui::SohMenuEnhancements_cpp::L747,ToggleStrength,soh/soh/SohGui/SohMenuEnhancements.cpp,ENHANCEMENT_MENU,PLAYER_FACING
SOH_UI::soh::soh::SohGui::SohMenuEnhancements_cpp::L748,StrengthDisabled,soh/soh/SohGui/SohMenuEnhancements.cpp,ENHANCEMENT_MENU,PLAYER_FACING
SOH_UI::soh::soh::SohGui::SohMenuEnhancements_cpp::L756,SwordToggle,soh/soh/SohGui/SohMenuEnhancements.cpp,ENHANCEMENT_MENU,PLAYER_FACING
SOH_UI::soh::soh::SohGui::SohMenuEnhancements_cpp::L758,EquipmentCanBeRemoved,soh/soh/SohGui/SohMenuEnhancements.cpp,ENHANCEMENT_MENU,PLAYER_FACING
SOH_UI::soh::soh::SohGui::SohMenuEnhancements_cpp::L769,AskToEquip,soh/soh/SohGui/SohMenuEnhancements.cpp,ENHANCEMENT_MENU,PLAYER_FACING
SOH_UI::soh::soh::SohGui::SohMenuEnhancements_cpp::L772,Ocarina,soh/soh/SohGui/SohMenuEnhancements.cpp,ENHANCEMENT_MENU,PLAYER_FACING
SOH_UI::soh::soh::SohGui::SohMenuEnhancements_cpp::L774,DpadNoDropOcarinaInput,soh/soh/SohGui/SohMenuEnhancements.cpp,ENHANCEMENT_MENU,PLAYER_FACING
SOH_UI::soh::soh::SohGui::SohMenuEnhancements_cpp::L777,FastOcarinaPlayback,soh/soh/SohGui/SohMenuEnhancements.cpp,ENHANCEMENT_MENU,PLAYER_FACING
SOH_UI::soh::soh::SohGui::SohMenuEnhancements_cpp::L780,TimeTravel,soh/soh/SohGui/SohMenuEnhancements.cpp,ENHANCEMENT_MENU,PLAYER_FACING
SOH_UI::soh::soh::SohGui::SohMenuEnhancements_cpp::L786,Requirements:\n,soh/soh/SohGui/SohMenuEnhancements.cpp,ENHANCEMENT_MENU,PLAYER_FACING
SOH_UI::soh::soh::SohGui::SohMenuEnhancements_cpp::L793,Masks,soh/soh/SohGui/SohMenuEnhancements.cpp,ENHANCEMENT_MENU,PLAYER_FACING
SOH_UI::soh::soh::SohGui::SohMenuEnhancements_cpp::L795,MMBunnyHood,soh/soh/SohGui/SohMenuEnhancements.cpp,ENHANCEMENT_MENU,PLAYER_FACING
SOH_UI::soh::soh::SohGui::SohMenuEnhancements_cpp::L803,AdultMasks,soh/soh/SohGui/SohMenuEnhancements.cpp,ENHANCEMENT_MENU,PLAYER_FACING
SOH_UI::soh::soh::SohGui::SohMenuEnhancements_cpp::L806,PersistentMasks,soh/soh/SohGui/SohMenuEnhancements.cpp,ENHANCEMENT_MENU,PLAYER_FACING
SOH_UI::soh::soh::SohGui::SohMenuEnhancements_cpp::L815,HideBunnyHood,soh/soh/SohGui/SohMenuEnhancements.cpp,ENHANCEMENT_MENU,PLAYER_FACING
SOH_UI::soh::soh::SohGui::SohMenuEnhancements_cpp::L818,MaskSelect,soh/soh/SohGui/SohMenuEnhancements.cpp,ENHANCEMENT_MENU,PLAYER_FACING
SOH_UI::soh::soh::SohGui::SohMenuEnhancements_cpp::L824,Explosives,soh/soh/SohGui/SohMenuEnhancements.cpp,ENHANCEMENT_MENU,PLAYER_FACING
SOH_UI::soh::soh::SohGui::SohMenuEnhancements_cpp::L826,NutsExplodeBombs,soh/soh/SohGui/SohMenuEnhancements.cpp,ENHANCEMENT_MENU,PLAYER_FACING
SOH_UI::soh::soh::SohGui::SohMenuEnhancements_cpp::L830,RemoveExplosiveLimit,soh/soh/SohGui/SohMenuEnhancements.cpp,ENHANCEMENT_MENU,PLAYER_FACING
SOH_UI::soh::soh::SohGui::SohMenuEnhancements_cpp::L833,StaticExplosionRadius,soh/soh/SohGui/SohMenuEnhancements.cpp,ENHANCEMENT_MENU,PLAYER_FACING
SOH_UI::soh::soh::SohGui::SohMenuEnhancements_cpp::L838,DisableFirstPersonChus,soh/soh/SohGui/SohMenuEnhancements.cpp,ENHANCEMENT_MENU,PLAYER_FACING
SOH_UI::soh::soh::SohGui::SohMenuEnhancements_cpp::L842,BetterBombchuShopping,soh/soh/SohGui/SohMenuEnhancements.cpp,ENHANCEMENT_MENU,PLAYER_FACING
SOH_UI::soh::soh::SohGui::SohMenuEnhancements_cpp::L853,SeparateArrows,soh/soh/SohGui/SohMenuEnhancements.cpp,ENHANCEMENT_MENU,PLAYER_FACING
SOH_UI::soh::soh::SohGui::SohMenuEnhancements_cpp::L858,SkipArrowAnimation,soh/soh/SohGui/SohMenuEnhancements.cpp,ENHANCEMENT_MENU,PLAYER_FACING
SOH_UI::soh::soh::SohGui::SohMenuEnhancements_cpp::L861,BlueFireArrows,soh/soh/SohGui/SohMenuEnhancements.cpp,ENHANCEMENT_MENU,PLAYER_FACING
SOH_UI::soh::soh::SohGui::SohMenuEnhancements_cpp::L871,SunlightArrows,soh/soh/SohGui/SohMenuEnhancements.cpp,ENHANCEMENT_MENU,PLAYER_FACING
SOH_UI::soh::soh::SohGui::SohMenuEnhancements_cpp::L881,BowSlingshotAmmoFix,soh/soh/SohGui/SohMenuEnhancements.cpp,ENHANCEMENT_MENU,PLAYER_FACING
SOH_UI::soh::soh::SohGui::SohMenuEnhancements_cpp::L886,BowReticle,soh/soh/SohGui/SohMenuEnhancements.cpp,ENHANCEMENT_MENU,PLAYER_FACING
SOH_UI::soh::soh::SohGui::SohMenuEnhancements_cpp::L891,Hookshot,soh/soh/SohGui/SohMenuEnhancements.cpp,ENHANCEMENT_MENU,PLAYER_FACING
SOH_UI::soh::soh::SohGui::SohMenuEnhancements_cpp::L893,HookshotableReticle,soh/soh/SohGui/SohMenuEnhancements.cpp,ENHANCEMENT_MENU,PLAYER_FACING
SOH_UI::soh::soh::SohGui::SohMenuEnhancements_cpp::L897,Boomerang,soh/soh/SohGui/SohMenuEnhancements.cpp,ENHANCEMENT_MENU,PLAYER_FACING
SOH_UI::soh::soh::SohGui::SohMenuEnhancements_cpp::L899,FastBoomerang,soh/soh/SohGui/SohMenuEnhancements.cpp,ENHANCEMENT_MENU,PLAYER_FACING
SOH_UI::soh::soh::SohGui::SohMenuEnhancements_cpp::L903,BoomerangFirstPerson,soh/soh/SohGui/SohMenuEnhancements.cpp,ENHANCEMENT_MENU,PLAYER_FACING
SOH_UI::soh::soh::SohGui::SohMenuEnhancements_cpp::L905,BoomerangFirstPerson,soh/soh/SohGui/SohMenuEnhancements.cpp,ENHANCEMENT_MENU,PLAYER_FACING
SOH_UI::soh::soh::SohGui::SohMenuEnhancements_cpp::L906,BoomerangReticle,soh/soh/SohGui/SohMenuEnhancements.cpp,ENHANCEMENT_MENU,PLAYER_FACING
SOH_UI::soh::soh::SohGui::SohMenuEnhancements_cpp::L912,BoomerangReticle,soh/soh/SohGui/SohMenuEnhancements.cpp,ENHANCEMENT_MENU,PLAYER_FACING
SOH_UI::soh::soh::SohGui::SohMenuEnhancements_cpp::L913,BoomerangFirstPerson,soh/soh/SohGui/SohMenuEnhancements.cpp,ENHANCEMENT_MENU,PLAYER_FACING
SOH_UI::soh::soh::SohGui::SohMenuEnhancements_cpp::L918,BetterFarore,soh/soh/SohGui/SohMenuEnhancements.cpp,ENHANCEMENT_MENU,PLAYER_FACING
SOH_UI::soh::soh::SohGui::SohMenuEnhancements_cpp::L923,FastFarores,soh/soh/SohGui/SohMenuEnhancements.cpp,ENHANCEMENT_MENU,PLAYER_FACING
SOH_UI::soh::soh::SohGui::SohMenuEnhancements_cpp::L926,Bottles,soh/soh/SohGui/SohMenuEnhancements.cpp,ENHANCEMENT_MENU,PLAYER_FACING
SOH_UI::soh::soh::SohGui::SohMenuEnhancements_cpp::L928,RebottleBlueFire,soh/soh/SohGui/SohMenuEnhancements.cpp,ENHANCEMENT_MENU,PLAYER_FACING
SOH_UI::soh::soh::SohGui::SohMenuEnhancements_cpp::L932,Fixes,soh/soh/SohGui/SohMenuEnhancements.cpp,ENHANCEMENT_MENU,PLAYER_FACING
SOH_UI::soh::soh::SohGui::SohMenuEnhancements_cpp::L933,Enhancements,soh/soh/SohGui/SohMenuEnhancements.cpp,ENHANCEMENT_MENU,PLAYER_FACING
SOH_UI::soh::soh::SohGui::SohMenuEnhancements_cpp::L937,GravediggingTourFix,soh/soh/SohGui/SohMenuEnhancements.cpp,ENHANCEMENT_MENU,PLAYER_FACING
SOH_UI::soh::soh::SohGui::SohMenuEnhancements_cpp::L945,FixDampeGoingBackwards,soh/soh/SohGui/SohMenuEnhancements.cpp,ENHANCEMENT_MENU,PLAYER_FACING
SOH_UI::soh::soh::SohGui::SohMenuEnhancements_cpp::L949,FixFloorSwitches,soh/soh/SohGui/SohMenuEnhancements.cpp,ENHANCEMENT_MENU,PLAYER_FACING
SOH_UI::soh::soh::SohGui::SohMenuEnhancements_cpp::L954,FixZoraHintDialogue,soh/soh/SohGui/SohMenuEnhancements.cpp,ENHANCEMENT_MENU,PLAYER_FACING
SOH_UI::soh::soh::SohGui::SohMenuEnhancements_cpp::L959,FixVineFall,soh/soh/SohGui/SohMenuEnhancements.cpp,ENHANCEMENT_MENU,PLAYER_FACING
SOH_UI::soh::soh::SohGui::SohMenuEnhancements_cpp::L963,BushDropFix,soh/soh/SohGui/SohMenuEnhancements.cpp,ENHANCEMENT_MENU,PLAYER_FACING
SOH_UI::soh::soh::SohGui::SohMenuEnhancements_cpp::L967,EnemySpawnsOverWaterboxes,soh/soh/SohGui/SohMenuEnhancements.cpp,ENHANCEMENT_MENU,PLAYER_FACING
SOH_UI::soh::soh::SohGui::SohMenuEnhancements_cpp::L972,FixSawSoftlock,soh/soh/SohGui/SohMenuEnhancements.cpp,ENHANCEMENT_MENU,PLAYER_FACING
SOH_UI::soh::soh::SohGui::SohMenuEnhancements_cpp::L974,SkipText,soh/soh/SohGui/SohMenuEnhancements.cpp,ENHANCEMENT_MENU,PLAYER_FACING
SOH_UI::soh::soh::SohGui::SohMenuEnhancements_cpp::L980,AnubisFix,soh/soh/SohGui/SohMenuEnhancements.cpp,ENHANCEMENT_MENU,PLAYER_FACING
SOH_UI::soh::soh::SohGui::SohMenuEnhancements_cpp::L986,DekuNutUpgradeFix,soh/soh/SohGui/SohMenuEnhancements.cpp,ENHANCEMENT_MENU,PLAYER_FACING
SOH_UI::soh::soh::SohGui::SohMenuEnhancements_cpp::L990,CrouchStabHammerFix,soh/soh/SohGui/SohMenuEnhancements.cpp,ENHANCEMENT_MENU,PLAYER_FACING
SOH_UI::soh::soh::SohGui::SohMenuEnhancements_cpp::L992,CrouchStabHammerFix,soh/soh/SohGui/SohMenuEnhancements.cpp,ENHANCEMENT_MENU,PLAYER_FACING
SOH_UI::soh::soh::SohGui::SohMenuEnhancements_cpp::L993,CrouchStabFix,soh/soh/SohGui/SohMenuEnhancements.cpp,ENHANCEMENT_MENU,PLAYER_FACING
SOH_UI::soh::soh::SohGui::SohMenuEnhancements_cpp::L999,CrouchStabFix,soh/soh/SohGui/SohMenuEnhancements.cpp,ENHANCEMENT_MENU,PLAYER_FACING
SOH_UI::soh::soh::SohGui::SohMenuEnhancements_cpp::L1001,CrouchStabHammerFix,soh/soh/SohGui/SohMenuEnhancements.cpp,ENHANCEMENT_MENU,PLAYER_FACING
SOH_UI::soh::soh::SohGui::SohMenuEnhancements_cpp::L1004,FixBrokenGiantsKnife,soh/soh/SohGui/SohMenuEnhancements.cpp,ENHANCEMENT_MENU,PLAYER_FACING
SOH_UI::soh::soh::SohGui::SohMenuEnhancements_cpp::L1023,FixCameraDrift,soh/soh/SohGui/SohMenuEnhancements.cpp,ENHANCEMENT_MENU,PLAYER_FACING
SOH_UI::soh::soh::SohGui::SohMenuEnhancements_cpp::L1027,FixCameraSwing,soh/soh/SohGui/SohMenuEnhancements.cpp,ENHANCEMENT_MENU,PLAYER_FACING
SOH_UI::soh::soh::SohGui::SohMenuEnhancements_cpp::L1032,FixHangingLedgeSwingRate,soh/soh/SohGui/SohMenuEnhancements.cpp,ENHANCEMENT_MENU,PLAYER_FACING
SOH_UI::soh::soh::SohGui::SohMenuEnhancements_cpp::L1039,FixMenuLR,soh/soh/SohGui/SohMenuEnhancements.cpp,ENHANCEMENT_MENU,PLAYER_FACING
SOH_UI::soh::soh::SohGui::SohMenuEnhancements_cpp::L1043,FixDungeonMinimapIcon,soh/soh/SohGui/SohMenuEnhancements.cpp,ENHANCEMENT_MENU,PLAYER_FACING
SOH_UI::soh::soh::SohGui::SohMenuEnhancements_cpp::L1049,TwoHandedIdle,soh/soh/SohGui/SohMenuEnhancements.cpp,ENHANCEMENT_MENU,PLAYER_FACING
SOH_UI::soh::soh::SohGui::SohMenuEnhancements_cpp::L1055,NaviTextFix,soh/soh/SohGui/SohMenuEnhancements.cpp,ENHANCEMENT_MENU,PLAYER_FACING
SOH_UI::soh::soh::SohGui::SohMenuEnhancements_cpp::L1059,GerudoWarriorClothingFix,soh/soh/SohGui/SohMenuEnhancements.cpp,ENHANCEMENT_MENU,PLAYER_FACING
SOH_UI::soh::soh::SohGui::SohMenuEnhancements_cpp::L1065,FixTexturesOOB,soh/soh/SohGui/SohMenuEnhancements.cpp,ENHANCEMENT_MENU,PLAYER_FACING
SOH_UI::soh::soh::SohGui::SohMenuEnhancements_cpp::L1070,FixEyesOpenWhileSleeping,soh/soh/SohGui/SohMenuEnhancements.cpp,ENHANCEMENT_MENU,PLAYER_FACING
SOH_UI::soh::soh::SohGui::SohMenuEnhancements_cpp::L1075,FixHammerHand,soh/soh/SohGui/SohMenuEnhancements.cpp,ENHANCEMENT_MENU,PLAYER_FACING
SOH_UI::soh::soh::SohGui::SohMenuEnhancements_cpp::L1081,SceneSpecificDirtPathFix,soh/soh/SohGui/SohMenuEnhancements.cpp,ENHANCEMENT_MENU,PLAYER_FACING
SOH_UI::soh::soh::SohGui::SohMenuEnhancements_cpp::L1099,SilverRupeeJingleExtend,soh/soh/SohGui/SohMenuEnhancements.cpp,ENHANCEMENT_MENU,PLAYER_FACING
SOH_UI::soh::soh::SohGui::SohMenuEnhancements_cpp::L1107,FixDaruniaDanceSpeed,soh/soh/SohGui/SohMenuEnhancements.cpp,ENHANCEMENT_MENU,PLAYER_FACING
SOH_UI::soh::soh::SohGui::SohMenuEnhancements_cpp::L1112,CreditsFix,soh/soh/SohGui/SohMenuEnhancements.cpp,ENHANCEMENT_MENU,PLAYER_FACING
SOH_UI::soh::soh::SohGui::SohMenuEnhancements_cpp::L1120,RedGanonBlood,soh/soh/SohGui/SohMenuEnhancements.cpp,ENHANCEMENT_MENU,PLAYER_FACING
SOH_UI::soh::soh::SohGui::SohMenuEnhancements_cpp::L1125,GSCutscene,soh/soh/SohGui/SohMenuEnhancements.cpp,ENHANCEMENT_MENU,PLAYER_FACING
SOH_UI::soh::soh::SohGui::SohMenuEnhancements_cpp::L1129,PulsateBossIcon,soh/soh/SohGui/SohMenuEnhancements.cpp,ENHANCEMENT_MENU,PLAYER_FACING
SOH_UI::soh::soh::SohGui::SohMenuEnhancements_cpp::L1136,HoverFishing,soh/soh/SohGui/SohMenuEnhancements.cpp,ENHANCEMENT_MENU,PLAYER_FACING
SOH_UI::soh::soh::SohGui::SohMenuEnhancements_cpp::L1140,N64WeirdFrames,soh/soh/SohGui/SohMenuEnhancements.cpp,ENHANCEMENT_MENU,PLAYER_FACING
SOH_UI::soh::soh::SohGui::SohMenuEnhancements_cpp::L1144,BombchusOOB,soh/soh/SohGui/SohMenuEnhancements.cpp,ENHANCEMENT_MENU,PLAYER_FACING
SOH_UI::soh::soh::SohGui::SohMenuEnhancements_cpp::L1148,QuickPutaway,soh/soh/SohGui/SohMenuEnhancements.cpp,ENHANCEMENT_MENU,PLAYER_FACING
SOH_UI::soh::soh::SohGui::SohMenuEnhancements_cpp::L1153,QuickBongoKill,soh/soh/SohGui/SohMenuEnhancements.cpp,ENHANCEMENT_MENU,PLAYER_FACING
SOH_UI::soh::soh::SohGui::SohMenuEnhancements_cpp::L1157,EarlyEyeballFrog,soh/soh/SohGui/SohMenuEnhancements.cpp,ENHANCEMENT_MENU,PLAYER_FACING
SOH_UI::soh::soh::SohGui::SohMenuEnhancements_cpp::L1164,NGCKaleidoSwitcher,soh/soh/SohGui/SohMenuEnhancements.cpp,ENHANCEMENT_MENU,PLAYER_FACING
SOH_UI::soh::soh::SohGui::SohMenuEnhancements_cpp::L1168,WideShutterDoorRange,soh/soh/SohGui/SohMenuEnhancements.cpp,ENHANCEMENT_MENU,PLAYER_FACING
SOH_UI::soh::soh::SohGui::SohMenuEnhancements_cpp::L1172,GraveHoles,soh/soh/SohGui/SohMenuEnhancements.cpp,ENHANCEMENT_MENU,PLAYER_FACING
SOH_UI::soh::soh::SohGui::SohMenuEnhancements_cpp::L1177,Difficulty,soh/soh/SohGui/SohMenuEnhancements.cpp,ENHANCEMENT_MENU,PLAYER_FACING
SOH_UI::soh::soh::SohGui::SohMenuEnhancements_cpp::L1178,Enhancements,soh/soh/SohGui/SohMenuEnhancements.cpp,ENHANCEMENT_MENU,PLAYER_FACING
SOH_UI::soh::soh::SohGui::SohMenuEnhancements_cpp::L1181,Health,soh/soh/SohGui/SohMenuEnhancements.cpp,ENHANCEMENT_MENU,PLAYER_FACING
SOH_UI::soh::soh::SohGui::SohMenuEnhancements_cpp::L1183,PermanentHeartLoss,soh/soh/SohGui/SohMenuEnhancements.cpp,ENHANCEMENT_MENU,PLAYER_FACING
SOH_UI::soh::soh::SohGui::SohMenuEnhancements_cpp::L1189,DamageMult,soh/soh/SohGui/SohMenuEnhancements.cpp,ENHANCEMENT_MENU,PLAYER_FACING
SOH_UI::soh::soh::SohGui::SohMenuEnhancements_cpp::L1201,FallDamageMult,soh/soh/SohGui/SohMenuEnhancements.cpp,ENHANCEMENT_MENU,PLAYER_FACING
SOH_UI::soh::soh::SohGui::SohMenuEnhancements_cpp::L1212,VoidDamageMult,soh/soh/SohGui/SohMenuEnhancements.cpp,ENHANCEMENT_MENU,PLAYER_FACING
SOH_UI::soh::soh::SohGui::SohMenuEnhancements_cpp::L1224,BonkDamageMult,soh/soh/SohGui/SohMenuEnhancements.cpp,ENHANCEMENT_MENU,PLAYER_FACING
SOH_UI::soh::soh::SohGui::SohMenuEnhancements_cpp::L1230,FullHealthSpawn,soh/soh/SohGui/SohMenuEnhancements.cpp,ENHANCEMENT_MENU,PLAYER_FACING
SOH_UI::soh::soh::SohGui::SohMenuEnhancements_cpp::L1233,NoHeartDrops,soh/soh/SohGui/SohMenuEnhancements.cpp,ENHANCEMENT_MENU,PLAYER_FACING
SOH_UI::soh::soh::SohGui::SohMenuEnhancements_cpp::L1239,Drops,soh/soh/SohGui/SohMenuEnhancements.cpp,ENHANCEMENT_MENU,PLAYER_FACING
SOH_UI::soh::soh::SohGui::SohMenuEnhancements_cpp::L1241,NoRandomDrops,soh/soh/SohGui/SohMenuEnhancements.cpp,ENHANCEMENT_MENU,PLAYER_FACING
SOH_UI::soh::soh::SohGui::SohMenuEnhancements_cpp::L1244,EnableBombchuDrops,soh/soh/SohGui/SohMenuEnhancements.cpp,ENHANCEMENT_MENU,PLAYER_FACING
SOH_UI::soh::soh::SohGui::SohMenuEnhancements_cpp::L1254,TreesDropSticks,soh/soh/SohGui/SohMenuEnhancements.cpp,ENHANCEMENT_MENU,PLAYER_FACING
SOH_UI::soh::soh::SohGui::SohMenuEnhancements_cpp::L1258,DampeDropRate,soh/soh/SohGui/SohMenuEnhancements.cpp,ENHANCEMENT_MENU,PLAYER_FACING
SOH_UI::soh::soh::SohGui::SohMenuEnhancements_cpp::L1264,Miscellaneous,soh/soh/SohGui/SohMenuEnhancements.cpp,ENHANCEMENT_MENU,PLAYER_FACING
SOH_UI::soh::soh::SohGui::SohMenuEnhancements_cpp::L1266,DeleteFileOnDeath,soh/soh/SohGui/SohMenuEnhancements.cpp,ENHANCEMENT_MENU,PLAYER_FACING
SOH_UI::soh::soh::SohGui::SohMenuEnhancements_cpp::L1271,SwitchTimerMultiplier,soh/soh/SohGui/SohMenuEnhancements.cpp,ENHANCEMENT_MENU,PLAYER_FACING
SOH_UI::soh::soh::SohGui::SohMenuEnhancements_cpp::L1276,GoronPot,soh/soh/SohGui/SohMenuEnhancements.cpp,ENHANCEMENT_MENU,PLAYER_FACING
SOH_UI::soh::soh::SohGui::SohMenuEnhancements_cpp::L1279,DampeWin,soh/soh/SohGui/SohMenuEnhancements.cpp,ENHANCEMENT_MENU,PLAYER_FACING
SOH_UI::soh::soh::SohGui::SohMenuEnhancements_cpp::L1284,AllDogsRichard,soh/soh/SohGui/SohMenuEnhancements.cpp,ENHANCEMENT_MENU,PLAYER_FACING
SOH_UI::soh::soh::SohGui::SohMenuEnhancements_cpp::L1287,CuccoStayDurationMult,soh/soh/SohGui/SohMenuEnhancements.cpp,ENHANCEMENT_MENU,PLAYER_FACING
SOH_UI::soh::soh::SohGui::SohMenuEnhancements_cpp::L1291,CuccosToReturn,soh/soh/SohGui/SohMenuEnhancements.cpp,ENHANCEMENT_MENU,PLAYER_FACING
SOH_UI::soh::soh::SohGui::SohMenuEnhancements_cpp::L1296,Enemies,soh/soh/SohGui/SohMenuEnhancements.cpp,ENHANCEMENT_MENU,PLAYER_FACING
SOH_UI::soh::soh::SohGui::SohMenuEnhancements_cpp::L1298,HyperBosses,soh/soh/SohGui/SohMenuEnhancements.cpp,ENHANCEMENT_MENU,PLAYER_FACING
SOH_UI::soh::soh::SohGui::SohMenuEnhancements_cpp::L1302,HyperEnemies,soh/soh/SohGui/SohMenuEnhancements.cpp,ENHANCEMENT_MENU,PLAYER_FACING
SOH_UI::soh::soh::SohGui::SohMenuEnhancements_cpp::L1305,GuardVision,soh/soh/SohGui/SohMenuEnhancements.cpp,ENHANCEMENT_MENU,PLAYER_FACING
SOH_UI::soh::soh::SohGui::SohMenuEnhancements_cpp::L1307,LeeverSpawnRate,soh/soh/SohGui/SohMenuEnhancements.cpp,ENHANCEMENT_MENU,PLAYER_FACING
SOH_UI::soh::soh::SohGui::SohMenuEnhancements_cpp::L1316,Minigames,soh/soh/SohGui/SohMenuEnhancements.cpp,ENHANCEMENT_MENU,PLAYER_FACING
SOH_UI::soh::soh::SohGui::SohMenuEnhancements_cpp::L1317,Enhancements,soh/soh/SohGui/SohMenuEnhancements.cpp,ENHANCEMENT_MENU,PLAYER_FACING
SOH_UI::soh::soh::SohGui::SohMenuEnhancements_cpp::L1322,CustomizeShootingGallery,soh/soh/SohGui/SohMenuEnhancements.cpp,ENHANCEMENT_MENU,PLAYER_FACING
SOH_UI::soh::soh::SohGui::SohMenuEnhancements_cpp::L1326,CustomizeShootingGallery,soh/soh/SohGui/SohMenuEnhancements.cpp,ENHANCEMENT_MENU,PLAYER_FACING
SOH_UI::soh::soh::SohGui::SohMenuEnhancements_cpp::L1329,InstantShootingGalleryWin,soh/soh/SohGui/SohMenuEnhancements.cpp,ENHANCEMENT_MENU,PLAYER_FACING
SOH_UI::soh::soh::SohGui::SohMenuEnhancements_cpp::L1333,ConstantAdultGallery,soh/soh/SohGui/SohMenuEnhancements.cpp,ENHANCEMENT_MENU,PLAYER_FACING
SOH_UI::soh::soh::SohGui::SohMenuEnhancements_cpp::L1338,ShootingGalleryAmmoChild,soh/soh/SohGui/SohMenuEnhancements.cpp,ENHANCEMENT_MENU,PLAYER_FACING
SOH_UI::soh::soh::SohGui::SohMenuEnhancements_cpp::L1347,ShootingGalleryAmmoAdult,soh/soh/SohGui/SohMenuEnhancements.cpp,ENHANCEMENT_MENU,PLAYER_FACING
SOH_UI::soh::soh::SohGui::SohMenuEnhancements_cpp::L1358,CustomizeBombchuBowling,soh/soh/SohGui/SohMenuEnhancements.cpp,ENHANCEMENT_MENU,PLAYER_FACING
SOH_UI::soh::soh::SohGui::SohMenuEnhancements_cpp::L1361,CustomizeBombchuBowling,soh/soh/SohGui/SohMenuEnhancements.cpp,ENHANCEMENT_MENU,PLAYER_FACING
SOH_UI::soh::soh::SohGui::SohMenuEnhancements_cpp::L1365,BombchuBowlingNoSmallCucco,soh/soh/SohGui/SohMenuEnhancements.cpp,ENHANCEMENT_MENU,PLAYER_FACING
SOH_UI::soh::soh::SohGui::SohMenuEnhancements_cpp::L1369,BombchuBowlingNoBigCucco,soh/soh/SohGui/SohMenuEnhancements.cpp,ENHANCEMENT_MENU,PLAYER_FACING
SOH_UI::soh::soh::SohGui::SohMenuEnhancements_cpp::L1373,BombchuBowlingAmmo,soh/soh/SohGui/SohMenuEnhancements.cpp,ENHANCEMENT_MENU,PLAYER_FACING
SOH_UI::soh::soh::SohGui::SohMenuEnhancements_cpp::L1383,CustomizeFrogsOcarinaGame,soh/soh/SohGui/SohMenuEnhancements.cpp,ENHANCEMENT_MENU,PLAYER_FACING
SOH_UI::soh::soh::SohGui::SohMenuEnhancements_cpp::L1386,CustomizeFrogsOcarinaGame,soh/soh/SohGui/SohMenuEnhancements.cpp,ENHANCEMENT_MENU,PLAYER_FACING
SOH_UI::soh::soh::SohGui::SohMenuEnhancements_cpp::L1390,InstantFrogsGameWin,soh/soh/SohGui/SohMenuEnhancements.cpp,ENHANCEMENT_MENU,PLAYER_FACING
SOH_UI::soh::soh::SohGui::SohMenuEnhancements_cpp::L1394,FrogsUnlimitedFailTime,soh/soh/SohGui/SohMenuEnhancements.cpp,ENHANCEMENT_MENU,PLAYER_FACING
SOH_UI::soh::soh::SohGui::SohMenuEnhancements_cpp::L1398,FrogsModifyFailTime,soh/soh/SohGui/SohMenuEnhancements.cpp,ENHANCEMENT_MENU,PLAYER_FACING
SOH_UI::soh::soh::SohGui::SohMenuEnhancements_cpp::L1400,CustomizeFrogsOcarinaGame,soh/soh/SohGui/SohMenuEnhancements.cpp,ENHANCEMENT_MENU,PLAYER_FACING
SOH_UI::soh::soh::SohGui::SohMenuEnhancements_cpp::L1401,FrogsUnlimitedFailTime,soh/soh/SohGui/SohMenuEnhancements.cpp,ENHANCEMENT_MENU,PLAYER_FACING
SOH_UI::soh::soh::SohGui::SohMenuEnhancements_cpp::L1411,CustomizeOcarinaGame,soh/soh/SohGui/SohMenuEnhancements.cpp,ENHANCEMENT_MENU,PLAYER_FACING
SOH_UI::soh::soh::SohGui::SohMenuEnhancements_cpp::L1414,CustomizeOcarinaGame,soh/soh/SohGui/SohMenuEnhancements.cpp,ENHANCEMENT_MENU,PLAYER_FACING
SOH_UI::soh::soh::SohGui::SohMenuEnhancements_cpp::L1418,InstantOcarinaGameWin,soh/soh/SohGui/SohMenuEnhancements.cpp,ENHANCEMENT_MENU,PLAYER_FACING
SOH_UI::soh::soh::SohGui::SohMenuEnhancements_cpp::L1422,OcarinaGame.NoteSpeed,soh/soh/SohGui/SohMenuEnhancements.cpp,ENHANCEMENT_MENU,INTERNAL_IDENTIFIER
SOH_UI::soh::soh::SohGui::SohMenuEnhancements_cpp::L1427,OcarinaUnlimitedFailTime,soh/soh/SohGui/SohMenuEnhancements.cpp,ENHANCEMENT_MENU,PLAYER_FACING
SOH_UI::soh::soh::SohGui::SohMenuEnhancements_cpp::L1431,OcarinaGame.StartingNotes,soh/soh/SohGui/SohMenuEnhancements.cpp,ENHANCEMENT_MENU,INTERNAL_IDENTIFIER
SOH_UI::soh::soh::SohGui::SohMenuEnhancements_cpp::L1439,OcarinaGame.StartingNotes,soh/soh/SohGui/SohMenuEnhancements.cpp,ENHANCEMENT_MENU,INTERNAL_IDENTIFIER
SOH_UI::soh::soh::SohGui::SohMenuEnhancements_cpp::L1441,OcarinaGame.RoundOneNotes,soh/soh/SohGui/SohMenuEnhancements.cpp,ENHANCEMENT_MENU,INTERNAL_IDENTIFIER
SOH_UI::soh::soh::SohGui::SohMenuEnhancements_cpp::L1450,OcarinaGame.RoundTwoNotes,soh/soh/SohGui/SohMenuEnhancements.cpp,ENHANCEMENT_MENU,INTERNAL_IDENTIFIER
SOH_UI::soh::soh::SohGui::SohMenuEnhancements_cpp::L1459,OcarinaGame.RoundThreeNotes,soh/soh/SohGui/SohMenuEnhancements.cpp,ENHANCEMENT_MENU,INTERNAL_IDENTIFIER
SOH_UI::soh::soh::SohGui::SohMenuEnhancements_cpp::L1470,SkipAmyPuzzle,soh/soh/SohGui/SohMenuEnhancements.cpp,ENHANCEMENT_MENU,INTERNAL_IDENTIFIER
SOH_UI::soh::soh::SohGui::SohMenuEnhancements_cpp::L1474,Fishing,soh/soh/SohGui/SohMenuEnhancements.cpp,ENHANCEMENT_MENU,PLAYER_FACING
SOH_UI::soh::soh::SohGui::SohMenuEnhancements_cpp::L1476,CustomizeFishing,soh/soh/SohGui/SohMenuEnhancements.cpp,ENHANCEMENT_MENU,PLAYER_FACING
SOH_UI::soh::soh::SohGui::SohMenuEnhancements_cpp::L1479,CustomizeFishing,soh/soh/SohGui/SohMenuEnhancements.cpp,ENHANCEMENT_MENU,PLAYER_FACING
SOH_UI::soh::soh::SohGui::SohMenuEnhancements_cpp::L1483,InstantFishing,soh/soh/SohGui/SohMenuEnhancements.cpp,ENHANCEMENT_MENU,PLAYER_FACING
SOH_UI::soh::soh::SohGui::SohMenuEnhancements_cpp::L1487,GuaranteeFishingBite,soh/soh/SohGui/SohMenuEnhancements.cpp,ENHANCEMENT_MENU,PLAYER_FACING
SOH_UI::soh::soh::SohGui::SohMenuEnhancements_cpp::L1491,FishNeverEscape,soh/soh/SohGui/SohMenuEnhancements.cpp,ENHANCEMENT_MENU,PLAYER_FACING
SOH_UI::soh::soh::SohGui::SohMenuEnhancements_cpp::L1495,LoachesAlwaysAppear,soh/soh/SohGui/SohMenuEnhancements.cpp,ENHANCEMENT_MENU,PLAYER_FACING
SOH_UI::soh::soh::SohGui::SohMenuEnhancements_cpp::L1500,SkipKeepConfirmation,soh/soh/SohGui/SohMenuEnhancements.cpp,ENHANCEMENT_MENU,PLAYER_FACING
SOH_UI::soh::soh::SohGui::SohMenuEnhancements_cpp::L1505,AllHyruleLoaches,soh/soh/SohGui/SohMenuEnhancements.cpp,ENHANCEMENT_MENU,PLAYER_FACING
SOH_UI::soh::soh::SohGui::SohMenuEnhancements_cpp::L1510,MinimumFishWeightChild,soh/soh/SohGui/SohMenuEnhancements.cpp,ENHANCEMENT_MENU,PLAYER_FACING
SOH_UI::soh::soh::SohGui::SohMenuEnhancements_cpp::L1515,MinimumFishWeightAdult,soh/soh/SohGui/SohMenuEnhancements.cpp,ENHANCEMENT_MENU,PLAYER_FACING
SOH_UI::soh::soh::SohGui::SohMenuEnhancements_cpp::L1522,Enhancements,soh/soh/SohGui/SohMenuEnhancements.cpp,ENHANCEMENT_MENU,PLAYER_FACING
SOH_UI::soh::soh::SohGui::SohMenuEnhancements_cpp::L1526,MirroredWorldMode,soh/soh/SohGui/SohMenuEnhancements.cpp,ENHANCEMENT_MENU,PLAYER_FACING
SOH_UI::soh::soh::SohGui::SohMenuEnhancements_cpp::L1547,IvanCoopModeEnabled,soh/soh/SohGui/SohMenuEnhancements.cpp,ENHANCEMENT_MENU,PLAYER_FACING
SOH_UI::soh::soh::SohGui::SohMenuEnhancements_cpp::L1552,DogFollowsEverywhere,soh/soh/SohGui/SohMenuEnhancements.cpp,ENHANCEMENT_MENU,PLAYER_FACING
SOH_UI::soh::soh::SohGui::SohMenuEnhancements_cpp::L1555,RupeeDash,soh/soh/SohGui/SohMenuEnhancements.cpp,ENHANCEMENT_MENU,PLAYER_FACING
SOH_UI::soh::soh::SohGui::SohMenuEnhancements_cpp::L1558,RupeeDashInterval,soh/soh/SohGui/SohMenuEnhancements.cpp,ENHANCEMENT_MENU,PLAYER_FACING
SOH_UI::soh::soh::SohGui::SohMenuEnhancements_cpp::L1559,RupeeDash,soh/soh/SohGui/SohMenuEnhancements.cpp,ENHANCEMENT_MENU,PLAYER_FACING
SOH_UI::soh::soh::SohGui::SohMenuEnhancements_cpp::L1567,ShadowTag,soh/soh/SohGui/SohMenuEnhancements.cpp,ENHANCEMENT_MENU,PLAYER_FACING
SOH_UI::soh::soh::SohGui::SohMenuEnhancements_cpp::L1570,HurtContainer,soh/soh/SohGui/SohMenuEnhancements.cpp,ENHANCEMENT_MENU,PLAYER_FACING
SOH_UI::soh::soh::SohGui::SohMenuEnhancements_cpp::L1572,HurtContainer,soh/soh/SohGui/SohMenuEnhancements.cpp,ENHANCEMENT_MENU,PLAYER_FACING
SOH_UI::soh::soh::SohGui::SohMenuEnhancements_cpp::L1578,ExtraTraps.Enabled,soh/soh/SohGui/SohMenuEnhancements.cpp,ENHANCEMENT_MENU,INTERNAL_IDENTIFIER
SOH_UI::soh::soh::SohGui::SohMenuEnhancements_cpp::L1581,ExtraTraps.Enabled,soh/soh/SohGui/SohMenuEnhancements.cpp,ENHANCEMENT_MENU,INTERNAL_IDENTIFIER
SOH_UI::soh::soh::SohGui::SohMenuEnhancements_cpp::L1584,ExtraTraps.Enabled,soh/soh/SohGui/SohMenuEnhancements.cpp,ENHANCEMENT_MENU,INTERNAL_IDENTIFIER
SOH_UI::soh::soh::SohGui::SohMenuEnhancements_cpp::L1587,ExtraTraps.Ice,soh/soh/SohGui/SohMenuEnhancements.cpp,ENHANCEMENT_MENU,INTERNAL_IDENTIFIER
SOH_UI::soh::soh::SohGui::SohMenuEnhancements_cpp::L1589,ExtraTraps.Enabled,soh/soh/SohGui/SohMenuEnhancements.cpp,ENHANCEMENT_MENU,INTERNAL_IDENTIFIER
SOH_UI::soh::soh::SohGui::SohMenuEnhancements_cpp::L1591,ExtraTraps.Burn,soh/soh/SohGui/SohMenuEnhancements.cpp,ENHANCEMENT_MENU,INTERNAL_IDENTIFIER
SOH_UI::soh::soh::SohGui::SohMenuEnhancements_cpp::L1593,ExtraTraps.Enabled,soh/soh/SohGui/SohMenuEnhancements.cpp,ENHANCEMENT_MENU,INTERNAL_IDENTIFIER
SOH_UI::soh::soh::SohGui::SohMenuEnhancements_cpp::L1595,ExtraTraps.Shock,soh/soh/SohGui/SohMenuEnhancements.cpp,ENHANCEMENT_MENU,INTERNAL_IDENTIFIER
SOH_UI::soh::soh::SohGui::SohMenuEnhancements_cpp::L1597,ExtraTraps.Enabled,soh/soh/SohGui/SohMenuEnhancements.cpp,ENHANCEMENT_MENU,INTERNAL_IDENTIFIER
SOH_UI::soh::soh::SohGui::SohMenuEnhancements_cpp::L1599,ExtraTraps.Enabled,soh/soh/SohGui/SohMenuEnhancements.cpp,ENHANCEMENT_MENU,INTERNAL_IDENTIFIER
SOH_UI::soh::soh::SohGui::SohMenuEnhancements_cpp::L1602,ExtraTraps.Knockback,soh/soh/SohGui/SohMenuEnhancements.cpp,ENHANCEMENT_MENU,INTERNAL_IDENTIFIER
SOH_UI::soh::soh::SohGui::SohMenuEnhancements_cpp::L1604,ExtraTraps.Enabled,soh/soh/SohGui/SohMenuEnhancements.cpp,ENHANCEMENT_MENU,INTERNAL_IDENTIFIER
SOH_UI::soh::soh::SohGui::SohMenuEnhancements_cpp::L1606,ExtraTraps.Speed,soh/soh/SohGui/SohMenuEnhancements.cpp,ENHANCEMENT_MENU,INTERNAL_IDENTIFIER
SOH_UI::soh::soh::SohGui::SohMenuEnhancements_cpp::L1608,ExtraTraps.Enabled,soh/soh/SohGui/SohMenuEnhancements.cpp,ENHANCEMENT_MENU,INTERNAL_IDENTIFIER
SOH_UI::soh::soh::SohGui::SohMenuEnhancements_cpp::L1610,ExtraTraps.Bomb,soh/soh/SohGui/SohMenuEnhancements.cpp,ENHANCEMENT_MENU,INTERNAL_IDENTIFIER
SOH_UI::soh::soh::SohGui::SohMenuEnhancements_cpp::L1612,ExtraTraps.Enabled,soh/soh/SohGui/SohMenuEnhancements.cpp,ENHANCEMENT_MENU,INTERNAL_IDENTIFIER
SOH_UI::soh::soh::SohGui::SohMenuEnhancements_cpp::L1614,ExtraTraps.Enabled,soh/soh/SohGui/SohMenuEnhancements.cpp,ENHANCEMENT_MENU,INTERNAL_IDENTIFIER
SOH_UI::soh::soh::SohGui::SohMenuEnhancements_cpp::L1617,ExtraTraps.Void,soh/soh/SohGui/SohMenuEnhancements.cpp,ENHANCEMENT_MENU,INTERNAL_IDENTIFIER
SOH_UI::soh::soh::SohGui::SohMenuEnhancements_cpp::L1619,ExtraTraps.Enabled,soh/soh/SohGui/SohMenuEnhancements.cpp,ENHANCEMENT_MENU,INTERNAL_IDENTIFIER
SOH_UI::soh::soh::SohGui::SohMenuEnhancements_cpp::L1621,ExtraTraps.Ammo,soh/soh/SohGui/SohMenuEnhancements.cpp,ENHANCEMENT_MENU,INTERNAL_IDENTIFIER
SOH_UI::soh::soh::SohGui::SohMenuEnhancements_cpp::L1623,ExtraTraps.Enabled,soh/soh/SohGui/SohMenuEnhancements.cpp,ENHANCEMENT_MENU,INTERNAL_IDENTIFIER
SOH_UI::soh::soh::SohGui::SohMenuEnhancements_cpp::L1625,ExtraTraps.Kill,soh/soh/SohGui/SohMenuEnhancements.cpp,ENHANCEMENT_MENU,INTERNAL_IDENTIFIER
SOH_UI::soh::soh::SohGui::SohMenuEnhancements_cpp::L1627,ExtraTraps.Enabled,soh/soh/SohGui/SohMenuEnhancements.cpp,ENHANCEMENT_MENU,INTERNAL_IDENTIFIER
SOH_UI::soh::soh::SohGui::SohMenuEnhancements_cpp::L1629,ExtraTraps.Teleport,soh/soh/SohGui/SohMenuEnhancements.cpp,ENHANCEMENT_MENU,INTERNAL_IDENTIFIER
SOH_UI::soh::soh::SohGui::SohMenuEnhancements_cpp::L1631,ExtraTraps.Enabled,soh/soh/SohGui/SohMenuEnhancements.cpp,ENHANCEMENT_MENU,INTERNAL_IDENTIFIER
SOH_UI::soh::soh::SohGui::SohMenuEnhancements_cpp::L1635,RandomizedEnemies,soh/soh/SohGui/SohMenuEnhancements.cpp,ENHANCEMENT_MENU,PLAYER_FACING
SOH_UI::soh::soh::SohGui::SohMenuEnhancements_cpp::L1648,RandomizedEnemySizes,soh/soh/SohGui/SohMenuEnhancements.cpp,ENHANCEMENT_MENU,PLAYER_FACING
SOH_UI::soh::soh::SohGui::SohMenuEnhancements_cpp::L1651,EnemySizeScalesHealth,soh/soh/SohGui/SohMenuEnhancements.cpp,ENHANCEMENT_MENU,PLAYER_FACING
SOH_UI::soh::soh::SohGui::SohMenuEnhancements_cpp::L1653,RandomizedEnemySizes,soh/soh/SohGui/SohMenuEnhancements.cpp,ENHANCEMENT_MENU,PLAYER_FACING
SOH_UI::soh::soh::SohGui::SohMenuEnhancements_cpp::L1658,RandomizedEnemies,soh/soh/SohGui/SohMenuEnhancements.cpp,ENHANCEMENT_MENU,PLAYER_FACING
SOH_UI::soh::soh::SohGui::SohMenuEnhancements_cpp::L1661,RandomizedEnemyList.All,soh/soh/SohGui/SohMenuEnhancements.cpp,ENHANCEMENT_MENU,INTERNAL_IDENTIFIER
SOH_UI::soh::soh::SohGui::SohMenuEnhancements_cpp::L1662,RandomizedEnemies,soh/soh/SohGui/SohMenuEnhancements.cpp,ENHANCEMENT_MENU,PLAYER_FACING
SOH_UI::soh::soh::SohGui::SohMenuEnhancements_cpp::L1664,RandomizedEnemies,soh/soh/SohGui/SohMenuEnhancements.cpp,ENHANCEMENT_MENU,PLAYER_FACING
SOH_UI::soh::soh::SohGui::SohMenuEnhancements_cpp::L1671,RandomizedEnemies,soh/soh/SohGui/SohMenuEnhancements.cpp,ENHANCEMENT_MENU,PLAYER_FACING
SOH_UI::soh::soh::SohGui::SohMenuEnhancements_cpp::L1672,RandomizedEnemyList.All,soh/soh/SohGui/SohMenuEnhancements.cpp,ENHANCEMENT_MENU,INTERNAL_IDENTIFIER
SOH_UI::soh::soh::SohGui::SohMenuEnhancements_cpp::L1679,Cheats,soh/soh/SohGui/SohMenuEnhancements.cpp,ENHANCEMENT_MENU,PLAYER_FACING
SOH_UI::soh::soh::SohGui::SohMenuEnhancements_cpp::L1680,Enhancements,soh/soh/SohGui/SohMenuEnhancements.cpp,ENHANCEMENT_MENU,PLAYER_FACING
SOH_UI::soh::soh::SohGui::SohMenuEnhancements_cpp::L1683,Infinite...,soh/soh/SohGui/SohMenuEnhancements.cpp,ENHANCEMENT_MENU,INTERNAL_IDENTIFIER
SOH_UI::soh::soh::SohGui::SohMenuEnhancements_cpp::L1684,Money,soh/soh/SohGui/SohMenuEnhancements.cpp,ENHANCEMENT_MENU,PLAYER_FACING
SOH_UI::soh::soh::SohGui::SohMenuEnhancements_cpp::L1684,InfiniteMoney,soh/soh/SohGui/SohMenuEnhancements.cpp,ENHANCEMENT_MENU,PLAYER_FACING
SOH_UI::soh::soh::SohGui::SohMenuEnhancements_cpp::L1685,Health,soh/soh/SohGui/SohMenuEnhancements.cpp,ENHANCEMENT_MENU,PLAYER_FACING
SOH_UI::soh::soh::SohGui::SohMenuEnhancements_cpp::L1685,InfiniteHealth,soh/soh/SohGui/SohMenuEnhancements.cpp,ENHANCEMENT_MENU,PLAYER_FACING
SOH_UI::soh::soh::SohGui::SohMenuEnhancements_cpp::L1686,Ammo,soh/soh/SohGui/SohMenuEnhancements.cpp,ENHANCEMENT_MENU,PLAYER_FACING
SOH_UI::soh::soh::SohGui::SohMenuEnhancements_cpp::L1686,InfiniteAmmo,soh/soh/SohGui/SohMenuEnhancements.cpp,ENHANCEMENT_MENU,PLAYER_FACING
SOH_UI::soh::soh::SohGui::SohMenuEnhancements_cpp::L1687,Magic,soh/soh/SohGui/SohMenuEnhancements.cpp,ENHANCEMENT_MENU,PLAYER_FACING
SOH_UI::soh::soh::SohGui::SohMenuEnhancements_cpp::L1687,InfiniteMagic,soh/soh/SohGui/SohMenuEnhancements.cpp,ENHANCEMENT_MENU,PLAYER_FACING
SOH_UI::soh::soh::SohGui::SohMenuEnhancements_cpp::L1688,InfiniteNayru,soh/soh/SohGui/SohMenuEnhancements.cpp,ENHANCEMENT_MENU,PLAYER_FACING
SOH_UI::soh::soh::SohGui::SohMenuEnhancements_cpp::L1689,InfiniteEponaBoost,soh/soh/SohGui/SohMenuEnhancements.cpp,ENHANCEMENT_MENU,PLAYER_FACING
SOH_UI::soh::soh::SohGui::SohMenuEnhancements_cpp::L1691,Items,soh/soh/SohGui/SohMenuEnhancements.cpp,ENHANCEMENT_MENU,PLAYER_FACING
SOH_UI::soh::soh::SohGui::SohMenuEnhancements_cpp::L1693,TimelessEquipment,soh/soh/SohGui/SohMenuEnhancements.cpp,ENHANCEMENT_MENU,PLAYER_FACING
SOH_UI::soh::soh::SohGui::SohMenuEnhancements_cpp::L1697,NoRestrictItems,soh/soh/SohGui/SohMenuEnhancements.cpp,ENHANCEMENT_MENU,PLAYER_FACING
SOH_UI::soh::soh::SohGui::SohMenuEnhancements_cpp::L1700,SuperTunic,soh/soh/SohGui/SohMenuEnhancements.cpp,ENHANCEMENT_MENU,PLAYER_FACING
SOH_UI::soh::soh::SohGui::SohMenuEnhancements_cpp::L1703,FireproofDekuShield,soh/soh/SohGui/SohMenuEnhancements.cpp,ENHANCEMENT_MENU,PLAYER_FACING
SOH_UI::soh::soh::SohGui::SohMenuEnhancements_cpp::L1706,ShieldTwoHanded,soh/soh/SohGui/SohMenuEnhancements.cpp,ENHANCEMENT_MENU,PLAYER_FACING
SOH_UI::soh::soh::SohGui::SohMenuEnhancements_cpp::L1710,DekuStick,soh/soh/SohGui/SohMenuEnhancements.cpp,ENHANCEMENT_MENU,PLAYER_FACING
SOH_UI::soh::soh::SohGui::SohMenuEnhancements_cpp::L1713,BombTimerMultiplier,soh/soh/SohGui/SohMenuEnhancements.cpp,ENHANCEMENT_MENU,PLAYER_FACING
SOH_UI::soh::soh::SohGui::SohMenuEnhancements_cpp::L1716,HookshotEverything,soh/soh/SohGui/SohMenuEnhancements.cpp,ENHANCEMENT_MENU,PLAYER_FACING
SOH_UI::soh::soh::SohGui::SohMenuEnhancements_cpp::L1719,HookshotReachMultiplier,soh/soh/SohGui/SohMenuEnhancements.cpp,ENHANCEMENT_MENU,PLAYER_FACING
SOH_UI::soh::soh::SohGui::SohMenuEnhancements_cpp::L1723,Misc,soh/soh/SohGui/SohMenuEnhancements.cpp,ENHANCEMENT_MENU,PLAYER_FACING
SOH_UI::soh::soh::SohGui::SohMenuEnhancements_cpp::L1725,NoClip,soh/soh/SohGui/SohMenuEnhancements.cpp,ENHANCEMENT_MENU,PLAYER_FACING
SOH_UI::soh::soh::SohGui::SohMenuEnhancements_cpp::L1728,ClimbEverything,soh/soh/SohGui/SohMenuEnhancements.cpp,ENHANCEMENT_MENU,PLAYER_FACING
SOH_UI::soh::soh::SohGui::SohMenuEnhancements_cpp::L1731,MoonJumpOnL,soh/soh/SohGui/SohMenuEnhancements.cpp,ENHANCEMENT_MENU,PLAYER_FACING
SOH_UI::soh::soh::SohGui::SohMenuEnhancements_cpp::L1734,NoRedeadFreeze,soh/soh/SohGui/SohMenuEnhancements.cpp,ENHANCEMENT_MENU,PLAYER_FACING
SOH_UI::soh::soh::SohGui::SohMenuEnhancements_cpp::L1738,NoKeeseGuayTarget,soh/soh/SohGui/SohMenuEnhancements.cpp,ENHANCEMENT_MENU,PLAYER_FACING
SOH_UI::soh::soh::SohGui::SohMenuEnhancements_cpp::L1743,DisableSandstorm,soh/soh/SohGui/SohMenuEnhancements.cpp,ENHANCEMENT_MENU,PLAYER_FACING
SOH_UI::soh::soh::SohGui::SohMenuEnhancements_cpp::L1748,EasyFrameAdvance,soh/soh/SohGui/SohMenuEnhancements.cpp,ENHANCEMENT_MENU,PLAYER_FACING
SOH_UI::soh::soh::SohGui::SohMenuEnhancements_cpp::L1752,EasyISG,soh/soh/SohGui/SohMenuEnhancements.cpp,ENHANCEMENT_MENU,PLAYER_FACING
SOH_UI::soh::soh::SohGui::SohMenuEnhancements_cpp::L1756,EasyQPA,soh/soh/SohGui/SohMenuEnhancements.cpp,ENHANCEMENT_MENU,PLAYER_FACING
SOH_UI::soh::soh::SohGui::SohMenuEnhancements_cpp::L1766,DropsDontDie,soh/soh/SohGui/SohMenuEnhancements.cpp,ENHANCEMENT_MENU,PLAYER_FACING
SOH_UI::soh::soh::SohGui::SohMenuEnhancements_cpp::L1770,NoFishDespawn,soh/soh/SohGui/SohMenuEnhancements.cpp,ENHANCEMENT_MENU,PLAYER_FACING
SOH_UI::soh::soh::SohGui::SohMenuEnhancements_cpp::L1773,NoBugsDespawn,soh/soh/SohGui/SohMenuEnhancements.cpp,ENHANCEMENT_MENU,PLAYER_FACING
SOH_UI::soh::soh::SohGui::SohMenuEnhancements_cpp::L1778,FreezeTime,soh/soh/SohGui/SohMenuEnhancements.cpp,ENHANCEMENT_MENU,PLAYER_FACING
SOH_UI::soh::soh::SohGui::SohMenuEnhancements_cpp::L1781,TimeSync,soh/soh/SohGui/SohMenuEnhancements.cpp,ENHANCEMENT_MENU,PLAYER_FACING
SOH_UI::soh::soh::SohGui::SohMenuEnhancements_cpp::L1799,SaveStatePromise,soh/soh/SohGui/SohMenuEnhancements.cpp,ENHANCEMENT_MENU,PLAYER_FACING
SOH_UI::soh::soh::SohGui::SohMenuEnhancements_cpp::L1801,SaveStatesEnabled,soh/soh/SohGui/SohMenuEnhancements.cpp,ENHANCEMENT_MENU,PLAYER_FACING
SOH_UI::soh::soh::SohGui::SohMenuEnhancements_cpp::L1805,SaveStatePromise,soh/soh/SohGui/SohMenuEnhancements.cpp,ENHANCEMENT_MENU,PLAYER_FACING
SOH_UI::soh::soh::SohGui::SohMenuEnhancements_cpp::L1806,SaveStatesEnabled,soh/soh/SohGui/SohMenuEnhancements.cpp,ENHANCEMENT_MENU,PLAYER_FACING
SOH_UI::soh::soh::SohGui::SohMenuEnhancements_cpp::L1811,EnableBetaQuest,soh/soh/SohGui/SohMenuEnhancements.cpp,ENHANCEMENT_MENU,PLAYER_FACING
SOH_UI::soh::soh::SohGui::SohMenuEnhancements_cpp::L1814,EnableBetaQuest,soh/soh/SohGui/SohMenuEnhancements.cpp,ENHANCEMENT_MENU,PLAYER_FACING
SOH_UI::soh::soh::SohGui::SohMenuEnhancements_cpp::L1815,BetaQuestWorld,soh/soh/SohGui/SohMenuEnhancements.cpp,ENHANCEMENT_MENU,PLAYER_FACING
SOH_UI::soh::soh::SohGui::SohMenuEnhancements_cpp::L1817,BetaQuestWorld,soh/soh/SohGui/SohMenuEnhancements.cpp,ENHANCEMENT_MENU,PLAYER_FACING
SOH_UI::soh::soh::SohGui::SohMenuEnhancements_cpp::L1820,Console,soh/soh/SohGui/SohMenuEnhancements.cpp,ENHANCEMENT_MENU,PLAYER_FACING
SOH_UI::soh::soh::SohGui::SohMenuEnhancements_cpp::L1826,BetaQuestWorld,soh/soh/SohGui/SohMenuEnhancements.cpp,ENHANCEMENT_MENU,PLAYER_FACING
SOH_UI::soh::soh::SohGui::SohMenuEnhancements_cpp::L1828,EnableBetaQuest,soh/soh/SohGui/SohMenuEnhancements.cpp,ENHANCEMENT_MENU,PLAYER_FACING
SOH_UI::soh::soh::SohGui::SohMenuEnhancements_cpp::L1832,Console,soh/soh/SohGui/SohMenuEnhancements.cpp,ENHANCEMENT_MENU,PLAYER_FACING
SOH_UI::soh::soh::SohGui::SohMenuEnhancements_cpp::L1842,Enhancements,soh/soh/SohGui/SohMenuEnhancements.cpp,ENHANCEMENT_MENU,PLAYER_FACING
SOH_UI::soh::soh::SohGui::SohMenuEnhancements_cpp::L1845,CosmeticsEditor,soh/soh/SohGui/SohMenuEnhancements.cpp,ENHANCEMENT_MENU,PLAYER_FACING
SOH_UI::soh::soh::SohGui::SohMenuEnhancements_cpp::L1853,Enhancements,soh/soh/SohGui/SohMenuEnhancements.cpp,ENHANCEMENT_MENU,PLAYER_FACING
SOH_UI::soh::soh::SohGui::SohMenuEnhancements_cpp::L1855,AudioEditor,soh/soh/SohGui/SohMenuEnhancements.cpp,ENHANCEMENT_MENU,PLAYER_FACING
SOH_UI::soh::soh::SohGui::SohMenuEnhancements_cpp::L1863,Enhancements,soh/soh/SohGui/SohMenuEnhancements.cpp,ENHANCEMENT_MENU,PLAYER_FACING
SOH_UI::soh::soh::SohGui::SohMenuEnhancements_cpp::L1865,GameplayStats,soh/soh/SohGui/SohMenuEnhancements.cpp,ENHANCEMENT_MENU,PLAYER_FACING
SOH_UI::soh::soh::SohGui::SohMenuEnhancements_cpp::L1873,Enhancements,soh/soh/SohGui/SohMenuEnhancements.cpp,ENHANCEMENT_MENU,PLAYER_FACING
SOH_UI::soh::soh::SohGui::SohMenuEnhancements_cpp::L1875,TimeSplits,soh/soh/SohGui/SohMenuEnhancements.cpp,ENHANCEMENT_MENU,PLAYER_FACING
SOH_UI::soh::soh::SohGui::SohMenuEnhancements_cpp::L1882,Timers,soh/soh/SohGui/SohMenuEnhancements.cpp,ENHANCEMENT_MENU,PLAYER_FACING
SOH_UI::soh::soh::SohGui::SohMenuEnhancements_cpp::L1883,Enhancements,soh/soh/SohGui/SohMenuEnhancements.cpp,ENHANCEMENT_MENU,PLAYER_FACING
SOH_UI::soh::soh::SohGui::SohMenuEnhancements_cpp::L1885,TimeDisplayEnabled,soh/soh/SohGui/SohMenuEnhancements.cpp,ENHANCEMENT_MENU,PLAYER_FACING
SOH_UI::soh::soh::SohGui::SohMenuEnhancements_cpp::L1890,FontScale,soh/soh/SohGui/SohMenuEnhancements.cpp,ENHANCEMENT_MENU,PLAYER_FACING
SOH_UI::soh::soh::SohGui::SohMenuEnhancements_cpp::L1895,ShowWindowBG,soh/soh/SohGui/SohMenuEnhancements.cpp,ENHANCEMENT_MENU,PLAYER_FACING
SOH_UI::soh::soh::SohGui::SohMenuRandomizer_cpp::L10,Disabled,soh/soh/SohGui/SohMenuRandomizer.cpp,RANDOMIZER,PLAYER_FACING
SOH_UI::soh::soh::SohGui::SohMenuRandomizer_cpp::L17,Randomizer,soh/soh/SohGui/SohMenuRandomizer.cpp,RANDOMIZER,PLAYER_FACING
SOH_UI::soh::soh::SohGui::SohMenuRandomizer_cpp::L17,Menu.RandomizerSidebarSection,soh/soh/SohGui/SohMenuRandomizer.cpp,RANDOMIZER,INTERNAL_IDENTIFIER
SOH_UI::soh::soh::SohGui::SohMenuRandomizer_cpp::L20,Randomizer,soh/soh/SohGui/SohMenuRandomizer.cpp,RANDOMIZER,PLAYER_FACING
SOH_UI::soh::soh::SohGui::SohMenuRandomizer_cpp::L21,Randomizer,soh/soh/SohGui/SohMenuRandomizer.cpp,RANDOMIZER,PLAYER_FACING
SOH_UI::soh::soh::SohGui::SohMenuRandomizer_cpp::L23,RandomizerSettings,soh/soh/SohGui/SohMenuRandomizer.cpp,RANDOMIZER,PLAYER_FACING
SOH_UI::soh::soh::SohGui::SohMenuRandomizer_cpp::L29,Enhancements,soh/soh/SohGui/SohMenuRandomizer.cpp,RANDOMIZER,PLAYER_FACING
SOH_UI::soh::soh::SohGui::SohMenuRandomizer_cpp::L30,Randomizer,soh/soh/SohGui/SohMenuRandomizer.cpp,RANDOMIZER,PLAYER_FACING
SOH_UI::soh::soh::SohGui::SohMenuRandomizer_cpp::L33,RandoRelevantNavi,soh/soh/SohGui/SohMenuRandomizer.cpp,RANDOMIZER,PLAYER_FACING
SOH_UI::soh::soh::SohGui::SohMenuRandomizer_cpp::L38,RandomizeRupeeNames,soh/soh/SohGui/SohMenuRandomizer.cpp,RANDOMIZER,PLAYER_FACING
SOH_UI::soh::soh::SohGui::SohMenuRandomizer_cpp::L44,CustomKeyModels,soh/soh/SohGui/SohMenuRandomizer.cpp,RANDOMIZER,PLAYER_FACING
SOH_UI::soh::soh::SohGui::SohMenuRandomizer_cpp::L50,ColoredMapsAndCompasses,soh/soh/SohGui/SohMenuRandomizer.cpp,RANDOMIZER,PLAYER_FACING
SOH_UI::soh::soh::SohGui::SohMenuRandomizer_cpp::L60,Overworld\,soh/soh/SohGui/SohMenuRandomizer.cpp,RANDOMIZER,PLAYER_FACING
SOH_UI::soh::soh::SohGui::SohMenuRandomizer_cpp::L60,Anywhere\,soh/soh/SohGui/SohMenuRandomizer.cpp,RANDOMIZER,PLAYER_FACING
SOH_UI::soh::soh::SohGui::SohMenuRandomizer_cpp::L66,Overworld\,soh/soh/SohGui/SohMenuRandomizer.cpp,RANDOMIZER,PLAYER_FACING
SOH_UI::soh::soh::SohGui::SohMenuRandomizer_cpp::L67,Anywhere\,soh/soh/SohGui/SohMenuRandomizer.cpp,RANDOMIZER,PLAYER_FACING
SOH_UI::soh::soh::SohGui::SohMenuRandomizer_cpp::L70,QuestItemFanfares,soh/soh/SohGui/SohMenuRandomizer.cpp,RANDOMIZER,PLAYER_FACING
SOH_UI::soh::soh::SohGui::SohMenuRandomizer_cpp::L76,MysteriousShuffle,soh/soh/SohGui/SohMenuRandomizer.cpp,RANDOMIZER,PLAYER_FACING
SOH_UI::soh::soh::SohGui::SohMenuRandomizer_cpp::L82,SimplerBossSoulModels,soh/soh/SohGui/SohMenuRandomizer.cpp,RANDOMIZER,PLAYER_FACING
SOH_UI::soh::soh::SohGui::SohMenuRandomizer_cpp::L88,TimeSavers.SkipGetItemAnimation,soh/soh/SohGui/SohMenuRandomizer.cpp,RANDOMIZER,INTERNAL_IDENTIFIER
SOH_UI::soh::soh::SohGui::SohMenuRandomizer_cpp::L91,TimeSavers.SkipGetItemAnimationScale,soh/soh/SohGui/SohMenuRandomizer.cpp,RANDOMIZER,INTERNAL_IDENTIFIER
SOH_UI::soh::soh::SohGui::SohMenuRandomizer_cpp::L94,TimeSavers.SkipGetItemAnimation,soh/soh/SohGui/SohMenuRandomizer.cpp,RANDOMIZER,INTERNAL_IDENTIFIER
SOH_UI::soh::soh::SohGui::SohMenuRandomizer_cpp::L102,Plandomizer,soh/soh/SohGui/SohMenuRandomizer.cpp,RANDOMIZER,PLAYER_FACING
SOH_UI::soh::soh::SohGui::SohMenuRandomizer_cpp::L103,Randomizer,soh/soh/SohGui/SohMenuRandomizer.cpp,RANDOMIZER,PLAYER_FACING
SOH_UI::soh::soh::SohGui::SohMenuRandomizer_cpp::L105,PlandomizerEditor,soh/soh/SohGui/SohMenuRandomizer.cpp,RANDOMIZER,PLAYER_FACING
SOH_UI::soh::soh::SohGui::SohMenuRandomizer_cpp::L113,Randomizer,soh/soh/SohGui/SohMenuRandomizer.cpp,RANDOMIZER,PLAYER_FACING
SOH_UI::soh::soh::SohGui::SohMenuRandomizer_cpp::L117,ItemTracker,soh/soh/SohGui/SohMenuRandomizer.cpp,RANDOMIZER,PLAYER_FACING
SOH_UI::soh::soh::SohGui::SohMenuRandomizer_cpp::L125,ItemTrackerSettings,soh/soh/SohGui/SohMenuRandomizer.cpp,RANDOMIZER,PLAYER_FACING
SOH_UI::soh::soh::SohGui::SohMenuRandomizer_cpp::L133,Randomizer,soh/soh/SohGui/SohMenuRandomizer.cpp,RANDOMIZER,PLAYER_FACING
SOH_UI::soh::soh::SohGui::SohMenuRandomizer_cpp::L137,EntranceTracker,soh/soh/SohGui/SohMenuRandomizer.cpp,RANDOMIZER,PLAYER_FACING
SOH_UI::soh::soh::SohGui::SohMenuRandomizer_cpp::L145,EntranceTrackerSettings,soh/soh/SohGui/SohMenuRandomizer.cpp,RANDOMIZER,PLAYER_FACING
SOH_UI::soh::soh::SohGui::SohMenuRandomizer_cpp::L153,Randomizer,soh/soh/SohGui/SohMenuRandomizer.cpp,RANDOMIZER,PLAYER_FACING
SOH_UI::soh::soh::SohGui::SohMenuRandomizer_cpp::L157,CheckTracker,soh/soh/SohGui/SohMenuRandomizer.cpp,RANDOMIZER,PLAYER_FACING
SOH_UI::soh::soh::SohGui::SohMenuRandomizer_cpp::L165,CheckTrackerSettings,soh/soh/SohGui/SohMenuRandomizer.cpp,RANDOMIZER,PLAYER_FACING
SOH_UI::soh::soh::SohGui::SohMenuDevTools_cpp::L9,Trace,soh/soh/SohGui/SohMenuDevTools.cpp,SYSTEM,DEBUG_ONLY
SOH_UI::soh::soh::SohGui::SohMenuDevTools_cpp::L9,Debug,soh/soh/SohGui/SohMenuDevTools.cpp,SYSTEM,DEBUG_ONLY
SOH_UI::soh::soh::SohGui::SohMenuDevTools_cpp::L9,Info,soh/soh/SohGui/SohMenuDevTools.cpp,SYSTEM,DEBUG_ONLY
SOH_UI::soh::soh::SohGui::SohMenuDevTools_cpp::L10,Warn,soh/soh/SohGui/SohMenuDevTools.cpp,SYSTEM,DEBUG_ONLY
SOH_UI::soh::soh::SohGui::SohMenuDevTools_cpp::L10,Error,soh/soh/SohGui/SohMenuDevTools.cpp,SYSTEM,DEBUG_ONLY
SOH_UI::soh::soh::SohGui::SohMenuDevTools_cpp::L10,Critical,soh/soh/SohGui/SohMenuDevTools.cpp,SYSTEM,DEBUG_ONLY
SOH_UI::soh::soh::SohGui::SohMenuDevTools_cpp::L16,Vanilla,soh/soh/SohGui/SohMenuDevTools.cpp,SYSTEM,DEBUG_ONLY
SOH_UI::soh::soh::SohGui::SohMenuDevTools_cpp::L17,Maxed,soh/soh/SohGui/SohMenuDevTools.cpp,SYSTEM,DEBUG_ONLY
SOH_UI::soh::soh::SohGui::SohMenuDevTools_cpp::L22,Menu.DevToolsSidebarSection,soh/soh/SohGui/SohMenuDevTools.cpp,SYSTEM,DEBUG_ONLY
SOH_UI::soh::soh::SohGui::SohMenuDevTools_cpp::L25,General,soh/soh/SohGui/SohMenuDevTools.cpp,SYSTEM,DEBUG_ONLY
SOH_UI::soh::soh::SohGui::SohMenuDevTools_cpp::L26,General,soh/soh/SohGui/SohMenuDevTools.cpp,SYSTEM,DEBUG_ONLY
SOH_UI::soh::soh::SohGui::SohMenuDevTools_cpp::L32,DebugEnabled,soh/soh/SohGui/SohMenuDevTools.cpp,SYSTEM,DEBUG_ONLY
SOH_UI::soh::soh::SohGui::SohMenuDevTools_cpp::L37,BootToDebugWarpScreen,soh/soh/SohGui/SohMenuDevTools.cpp,SYSTEM,DEBUG_ONLY
SOH_UI::soh::soh::SohGui::SohMenuDevTools_cpp::L38,DebugEnabled,soh/soh/SohGui/SohMenuDevTools.cpp,SYSTEM,DEBUG_ONLY
SOH_UI::soh::soh::SohGui::SohMenuDevTools_cpp::L43,RegEditEnabled,soh/soh/SohGui/SohMenuDevTools.cpp,SYSTEM,DEBUG_ONLY
SOH_UI::soh::soh::SohGui::SohMenuDevTools_cpp::L44,DebugEnabled,soh/soh/SohGui/SohMenuDevTools.cpp,SYSTEM,DEBUG_ONLY
SOH_UI::soh::soh::SohGui::SohMenuDevTools_cpp::L47,DebugSaveFileMode,soh/soh/SohGui/SohMenuDevTools.cpp,SYSTEM,DEBUG_ONLY
SOH_UI::soh::soh::SohGui::SohMenuDevTools_cpp::L48,DebugEnabled,soh/soh/SohGui/SohMenuDevTools.cpp,SYSTEM,DEBUG_ONLY
SOH_UI::soh::soh::SohGui::SohMenuDevTools_cpp::L57,SkulltulaDebugEnabled,soh/soh/SohGui/SohMenuDevTools.cpp,SYSTEM,DEBUG_ONLY
SOH_UI::soh::soh::SohGui::SohMenuDevTools_cpp::L62,BetterDebugWarpScreen,soh/soh/SohGui/SohMenuDevTools.cpp,SYSTEM,DEBUG_ONLY
SOH_UI::soh::soh::SohGui::SohMenuDevTools_cpp::L67,DebugWarpScreenTranslation,soh/soh/SohGui/SohMenuDevTools.cpp,SYSTEM,DEBUG_ONLY
SOH_UI::soh::soh::SohGui::SohMenuDevTools_cpp::L72,ResourceLogging,soh/soh/SohGui/SohMenuDevTools.cpp,SYSTEM,DEBUG_ONLY
SOH_UI::soh::soh::SohGui::SohMenuDevTools_cpp::L91,FrameAdvanceTick,soh/soh/SohGui/SohMenuDevTools.cpp,SYSTEM,DEBUG_ONLY
SOH_UI::soh::soh::SohGui::SohMenuDevTools_cpp::L104,FrameAdvanceTick,soh/soh/SohGui/SohMenuDevTools.cpp,SYSTEM,DEBUG_ONLY
SOH_UI::soh::soh::SohGui::SohMenuDevTools_cpp::L109,LogLevel,soh/soh/SohGui/SohMenuDevTools.cpp,SYSTEM,DEBUG_ONLY
SOH_UI::soh::soh::SohGui::SohMenuDevTools_cpp::L116,LogLevel,soh/soh/SohGui/SohMenuDevTools.cpp,SYSTEM,DEBUG_ONLY
SOH_UI::soh::soh::SohGui::SohMenuDevTools_cpp::L121,Stats,soh/soh/SohGui/SohMenuDevTools.cpp,SYSTEM,DEBUG_ONLY
SOH_UI::soh::soh::SohGui::SohMenuDevTools_cpp::L124,SohStats,soh/soh/SohGui/SohMenuDevTools.cpp,SYSTEM,DEBUG_ONLY
SOH_UI::soh::soh::SohGui::SohMenuDevTools_cpp::L126,Stats##Soh,soh/soh/SohGui/SohMenuDevTools.cpp,SYSTEM,DEBUG_ONLY
SOH_UI::soh::soh::SohGui::SohMenuDevTools_cpp::L131,Console,soh/soh/SohGui/SohMenuDevTools.cpp,SYSTEM,DEBUG_ONLY
SOH_UI::soh::soh::SohGui::SohMenuDevTools_cpp::L134,SohConsole,soh/soh/SohGui/SohMenuDevTools.cpp,SYSTEM,DEBUG_ONLY
SOH_UI::soh::soh::SohGui::SohMenuDevTools_cpp::L135,Console##SoH,soh/soh/SohGui/SohMenuDevTools.cpp,SYSTEM,DEBUG_ONLY
SOH_UI::soh::soh::SohGui::SohMenuDevTools_cpp::L143,SaveEditor,soh/soh/SohGui/SohMenuDevTools.cpp,SYSTEM,DEBUG_ONLY
SOH_UI::soh::soh::SohGui::SohMenuDevTools_cpp::L152,HookDebugger,soh/soh/SohGui/SohMenuDevTools.cpp,SYSTEM,DEBUG_ONLY
SOH_UI::soh::soh::SohGui::SohMenuDevTools_cpp::L161,CollisionViewer,soh/soh/SohGui/SohMenuDevTools.cpp,SYSTEM,DEBUG_ONLY
SOH_UI::soh::soh::SohGui::SohMenuDevTools_cpp::L170,ActorViewer,soh/soh/SohGui/SohMenuDevTools.cpp,SYSTEM,DEBUG_ONLY
SOH_UI::soh::soh::SohGui::SohMenuDevTools_cpp::L179,DisplayListViewer,soh/soh/SohGui/SohMenuDevTools.cpp,SYSTEM,DEBUG_ONLY
SOH_UI::soh::soh::SohGui::SohMenuDevTools_cpp::L188,ValueViewer,soh/soh/SohGui/SohMenuDevTools.cpp,SYSTEM,DEBUG_ONLY
SOH_UI::soh::soh::SohGui::SohMenuDevTools_cpp::L197,MessageViewer,soh/soh/SohGui/SohMenuDevTools.cpp,SYSTEM,DEBUG_ONLY
SOH_UI::soh::soh::SohGui::SohMenuDevTools_cpp::L206,SohGfxDebugger,soh/soh/SohGui/SohMenuDevTools.cpp,SYSTEM,DEBUG_ONLY
SOH_UI::soh::soh::SohGui::SohMenuDevTools_cpp::L207,GfxDebugger##SoH,soh/soh/SohGui/SohMenuDevTools.cpp,SYSTEM,DEBUG_ONLY
SOH_UI::soh::soh::SohGui::SohMenuNetwork_cpp::L17,Network,soh/soh/SohGui/SohMenuNetwork.cpp,SYSTEM,PLAYER_FACING
SOH_UI::soh::soh::SohGui::SohMenuNetwork_cpp::L17,Menu.NetworkSidebarSection,soh/soh/SohGui/SohMenuNetwork.cpp,SYSTEM,INTERNAL_IDENTIFIER
SOH_UI::soh::soh::SohGui::SohMenuNetwork_cpp::L20,Network,soh/soh/SohGui/SohMenuNetwork.cpp,SYSTEM,PLAYER_FACING
SOH_UI::soh::soh::SohGui::SohMenuNetwork_cpp::L20,Sail,soh/soh/SohGui/SohMenuNetwork.cpp,SYSTEM,PLAYER_FACING
SOH_UI::soh::soh::SohGui::SohMenuNetwork_cpp::L21,Network,soh/soh/SohGui/SohMenuNetwork.cpp,SYSTEM,PLAYER_FACING
SOH_UI::soh::soh::SohGui::SohMenuNetwork_cpp::L43,DisableChanges,soh/soh/SohGui/SohMenuNetwork.cpp,SYSTEM,INTERNAL_IDENTIFIER
SOH_UI::soh::soh::SohGui::SohMenuNetwork_cpp::L45,Host,soh/soh/SohGui/SohMenuNetwork.cpp,SYSTEM,PLAYER_FACING
SOH_UI::soh::soh::SohGui::SohMenuNetwork_cpp::L55,Port,soh/soh/SohGui/SohMenuNetwork.cpp,SYSTEM,PLAYER_FACING
SOH_UI::soh::soh::SohGui::SohMenuNetwork_cpp::L64,Enable##Sail,soh/soh/SohGui/SohMenuNetwork.cpp,SYSTEM,PLAYER_FACING
SOH_UI::soh::soh::SohGui::SohMenuNetwork_cpp::L66,Host,soh/soh/SohGui/SohMenuNetwork.cpp,SYSTEM,PLAYER_FACING
SOH_UI::soh::soh::SohGui::SohMenuNetwork_cpp::L67,Port,soh/soh/SohGui/SohMenuNetwork.cpp,SYSTEM,PLAYER_FACING
SOH_UI::soh::soh::SohGui::SohMenuNetwork_cpp::L70,Disable##Sail,soh/soh/SohGui/SohMenuNetwork.cpp,SYSTEM,PLAYER_FACING
SOH_UI::soh::soh::SohGui::SohMenuNetwork_cpp::L72,Enable##Sail,soh/soh/SohGui/SohMenuNetwork.cpp,SYSTEM,PLAYER_FACING
SOH_UI::soh::soh::SohGui::SohMenuNetwork_cpp::L77,Enabled,soh/soh/SohGui/SohMenuNetwork.cpp,SYSTEM,PLAYER_FACING
SOH_UI::soh::soh::SohGui::SohMenuNetwork_cpp::L81,Enabled,soh/soh/SohGui/SohMenuNetwork.cpp,SYSTEM,PLAYER_FACING
SOH_UI::soh::soh::SohGui::SohMenuNetwork_cpp::L86,Connecting...##Sail,soh/soh/SohGui/SohMenuNetwork.cpp,SYSTEM,INTERNAL_IDENTIFIER
SOH_UI::soh::soh::SohGui::SohMenuNetwork_cpp::L89,Connected##Sail,soh/soh/SohGui/SohMenuNetwork.cpp,SYSTEM,PLAYER_FACING
SOH_UI::soh::soh::SohGui::SohMenuNetwork_cpp::L91,Connecting...##Sail,soh/soh/SohGui/SohMenuNetwork.cpp,SYSTEM,INTERNAL_IDENTIFIER
SOH_UI::soh::soh::SohGui::SohMenuNetwork_cpp::L96,Network,soh/soh/SohGui/SohMenuNetwork.cpp,SYSTEM,PLAYER_FACING
SOH_UI::soh::soh::SohGui::SohMenuNetwork_cpp::L109,DisableChanges,soh/soh/SohGui/SohMenuNetwork.cpp,SYSTEM,INTERNAL_IDENTIFIER
SOH_UI::soh::soh::SohGui::SohMenuNetwork_cpp::L111,Host,soh/soh/SohGui/SohMenuNetwork.cpp,SYSTEM,PLAYER_FACING
SOH_UI::soh::soh::SohGui::SohMenuNetwork_cpp::L121,Port,soh/soh/SohGui/SohMenuNetwork.cpp,SYSTEM,PLAYER_FACING
SOH_UI::soh::soh::SohGui::SohMenuNetwork_cpp::L130,Enable##CrowdControl,soh/soh/SohGui/SohMenuNetwork.cpp,SYSTEM,PLAYER_FACING
SOH_UI::soh::soh::SohGui::SohMenuNetwork_cpp::L132,Host,soh/soh/SohGui/SohMenuNetwork.cpp,SYSTEM,PLAYER_FACING
SOH_UI::soh::soh::SohGui::SohMenuNetwork_cpp::L133,Port,soh/soh/SohGui/SohMenuNetwork.cpp,SYSTEM,PLAYER_FACING
SOH_UI::soh::soh::SohGui::SohMenuNetwork_cpp::L136,Disable##CrowdControl,soh/soh/SohGui/SohMenuNetwork.cpp,SYSTEM,PLAYER_FACING
SOH_UI::soh::soh::SohGui::SohMenuNetwork_cpp::L138,Enable##CrowdControl,soh/soh/SohGui/SohMenuNetwork.cpp,SYSTEM,PLAYER_FACING
SOH_UI::soh::soh::SohGui::SohMenuNetwork_cpp::L143,Enabled,soh/soh/SohGui/SohMenuNetwork.cpp,SYSTEM,PLAYER_FACING
SOH_UI::soh::soh::SohGui::SohMenuNetwork_cpp::L147,Enabled,soh/soh/SohGui/SohMenuNetwork.cpp,SYSTEM,PLAYER_FACING
SOH_UI::soh::soh::SohGui::SohMenuNetwork_cpp::L152,Connecting...,soh/soh/SohGui/SohMenuNetwork.cpp,SYSTEM,INTERNAL_IDENTIFIER
SOH_UI::soh::soh::SohGui::SohMenuNetwork_cpp::L155,Connected,soh/soh/SohGui/SohMenuNetwork.cpp,SYSTEM,PLAYER_FACING
SOH_UI::soh::soh::SohGui::SohMenuNetwork_cpp::L157,Connecting...,soh/soh/SohGui/SohMenuNetwork.cpp,SYSTEM,INTERNAL_IDENTIFIER
SOH_UI::soh::soh::SohGui::SohMenuNetwork_cpp::L162,EnemyNameTags,soh/soh/SohGui/SohMenuNetwork.cpp,SYSTEM,PLAYER_FACING
SOH_UI::soh::soh::SohGui::SohMenuNetwork_cpp::L167,SpawnedEnemiesIgnoredIngame,soh/soh/SohGui/SohMenuNetwork.cpp,SYSTEM,PLAYER_FACING
SOH_UI::soh::soh::SohGui::SohMenu_cpp::L92,Network,soh/soh/SohGui/SohMenu.cpp,SYSTEM,PLAYER_FACING
SOH_UI::soh::soh::SohGui::SohMenu_cpp::L92,Menu.NetworkSidebarSection,soh/soh/SohGui/SohMenu.cpp,SYSTEM,INTERNAL_IDENTIFIER
SOH_UI::soh::soh::SohGui::SohMenu_cpp::L94,Network,soh/soh/SohGui/SohMenu.cpp,SYSTEM,PLAYER_FACING
SOH_UI::soh::soh::SohGui::SohMenu_cpp::L94,Info,soh/soh/SohGui/SohMenu.cpp,SYSTEM,PLAYER_FACING
SOH_UI::soh::soh::SohGui::SohMenu_cpp::L95,Network,soh/soh/SohGui/SohMenu.cpp,SYSTEM,PLAYER_FACING
SOH_UI::soh::soh::SohGui::SohMenu_cpp::L99,ENABLE_REMOTE_CONTROL\,soh/soh/SohGui/SohMenu.cpp,SYSTEM,PLAYER_FACING
SOH_UI::soh::soh::SohGui::SohMenu_cpp::L113,Menu.SidebarSearch,soh/soh/SohGui/SohMenu.cpp,SYSTEM,INTERNAL_IDENTIFIER
SOH_UI::soh::soh::SohGui::SohMenu_cpp::L150,MatchRefreshRate,soh/soh/SohGui/SohMenu.cpp,SYSTEM,PLAYER_FACING
SOH_UI::soh::soh::SohGui::SohMenu_cpp::L165,DebugEnabled,soh/soh/SohGui/SohMenu.cpp,SYSTEM,PLAYER_FACING
SOH_UI::soh::soh::SohGui::SohMenu_cpp::L180,DebugEnabled,soh/soh/SohGui/SohMenu.cpp,SYSTEM,PLAYER_FACING
SOH_UI::soh::soh::SohGui::SohMenu_cpp::L181,BootToDebugWarpScreen,soh/soh/SohGui/SohMenu.cpp,SYSTEM,PLAYER_FACING
SOH_UI::soh::soh::SohGui::SohMenuBar_cpp::L67,DirectX,soh/soh/SohGui/SohMenuBar.cpp,SYSTEM,PLAYER_FACING
SOH_UI::soh::soh::SohGui::SohMenuBar_cpp::L68,OpenGL,soh/soh/SohGui/SohMenuBar.cpp,SYSTEM,PLAYER_FACING
SOH_UI::soh::soh::SohGui::SohMenuBar_cpp::L69,Metal,soh/soh/SohGui/SohMenuBar.cpp,SYSTEM,PLAYER_FACING
SOH_UI::soh::soh::SohGui::SohMenuBar_cpp::L76,Three-Point,soh/soh/SohGui/SohMenuBar.cpp,SYSTEM,PLAYER_FACING
SOH_UI::soh::soh::SohGui::SohMenuBar_cpp::L78,Linear,soh/soh/SohGui/SohMenuBar.cpp,SYSTEM,PLAYER_FACING
SOH_UI::soh::soh::SohGui::SohMenuBar_cpp::L78,None,soh/soh/SohGui/SohMenuBar.cpp,SYSTEM,PLAYER_FACING
SOH_UI::soh::soh::SohGui::ResolutionEditor_cpp::L35,Custom,soh/soh/SohGui/ResolutionEditor.cpp,CONFIGURATION,PLAYER_FACING
SOH_UI::soh::soh::SohGui::ResolutionEditor_cpp::L45,Custom,soh/soh/SohGui/ResolutionEditor.cpp,CONFIGURATION,PLAYER_FACING
SOH_UI::soh::soh::SohGui::ResolutionEditor_cpp::L115,Custom,soh/soh/SohGui/ResolutionEditor.cpp,CONFIGURATION,PLAYER_FACING
SOH_UI::soh::soh::SohGui::ResolutionEditor_cpp::L385,Settings,soh/soh/SohGui/ResolutionEditor.cpp,CONFIGURATION,PLAYER_FACING
SOH_UI::soh::soh::SohGui::ResolutionEditor_cpp::L385,Graphics,soh/soh/SohGui/ResolutionEditor.cpp,CONFIGURATION,PLAYER_FACING
SOH_UI::soh::soh::SohGui::ResolutionEditor_cpp::L428,AspectSep,soh/soh/SohGui/ResolutionEditor.cpp,CONFIGURATION,PLAYER_FACING
SOH_UI::soh::soh::SohGui::ResolutionEditor_cpp::L438,Off\,soh/soh/SohGui/ResolutionEditor.cpp,CONFIGURATION,PLAYER_FACING
SOH_UI::soh::soh::SohGui::ResolutionEditor_cpp::L457,Custom,soh/soh/SohGui/ResolutionEditor.cpp,CONFIGURATION,PLAYER_FACING
SOH_UI::soh::soh::SohGui::ResolutionEditor_cpp::L472,AspectRatioCustom,soh/soh/SohGui/ResolutionEditor.cpp,CONFIGURATION,PLAYER_FACING
SOH_UI::soh::soh::SohGui::ResolutionEditor_cpp::L513,MoreResolutionSettings,soh/soh/SohGui/ResolutionEditor.cpp,CONFIGURATION,PLAYER_FACING
SOH_UI::soh::soh::SohGui::ResolutionEditor_cpp::L599,Settings,soh/soh/SohGui/ResolutionEditor.cpp,CONFIGURATION,PLAYER_FACING
SOH_UI::soh::soh::SohGui::ResolutionEditor_cpp::L599,Graphics,soh/soh/SohGui/ResolutionEditor.cpp,CONFIGURATION,PLAYER_FACING
SOH_UI::soh::soh::Enhancements::mod_menu_cpp::L29,EnabledMods,soh/soh/Enhancements/mod_menu.cpp,MOD_MENU,PLAYER_FACING
SOH_UI::soh::soh::Enhancements::mod_menu_cpp::L82,DragMove,soh/soh/Enhancements/mod_menu.cpp,MOD_MENU,PLAYER_FACING
SOH_UI::soh::soh::Enhancements::mod_menu_cpp::L88,DragMove,soh/soh/Enhancements/mod_menu.cpp,MOD_MENU,PLAYER_FACING
SOH_UI::soh::soh::Enhancements::mod_menu_cpp::L301,Edit,soh/soh/Enhancements/mod_menu.cpp,MOD_MENU,PLAYER_FACING
SOH_UI::soh::soh::Enhancements::mod_menu_cpp::L309,Cancel,soh/soh/Enhancements/mod_menu.cpp,MOD_MENU,PLAYER_FACING
SOH_UI::soh::soh::Enhancements::mod_menu_cpp::L317,Close,soh/soh/Enhancements/mod_menu.cpp,MOD_MENU,PLAYER_FACING
SOH_UI::soh::soh::Enhancements::mod_menu_cpp::L318,Cancel,soh/soh/Enhancements/mod_menu.cpp,MOD_MENU,PLAYER_FACING
SOH_UI::soh::soh::Enhancements::mod_menu_cpp::L367,AltAssets,soh/soh/Enhancements/mod_menu.cpp,MOD_MENU,PLAYER_FACING
SOH_UI::soh::soh::Enhancements::mod_menu_cpp::L377,Settings,soh/soh/Enhancements/mod_menu.cpp,MOD_MENU,PLAYER_FACING
SOH_UI::soh::soh::Enhancements::mod_menu_cpp::L380,Mods.AlternateAssetsHotkey,soh/soh/Enhancements/mod_menu.cpp,MOD_MENU,INTERNAL_IDENTIFIER
SOH_UI::soh::soh::Enhancements::mod_menu_cpp::L387,Settings,soh/soh/Enhancements/mod_menu.cpp,MOD_MENU,PLAYER_FACING
SOH_UI::soh::soh::Enhancements::cosmetics::CosmeticsEditor_cpp::L72,Link,soh/soh/Enhancements/cosmetics/CosmeticsEditor.cpp,ENHANCEMENT_MENU,PLAYER_FACING
SOH_UI::soh::soh::Enhancements::cosmetics::CosmeticsEditor_cpp::L74,Swords,soh/soh/Enhancements/cosmetics/CosmeticsEditor.cpp,ENHANCEMENT_MENU,PLAYER_FACING
SOH_UI::soh::soh::Enhancements::cosmetics::CosmeticsEditor_cpp::L75,Gloves,soh/soh/Enhancements/cosmetics/CosmeticsEditor.cpp,ENHANCEMENT_MENU,PLAYER_FACING
SOH_UI::soh::soh::Enhancements::cosmetics::CosmeticsEditor_cpp::L76,Equipment,soh/soh/Enhancements/cosmetics/CosmeticsEditor.cpp,ENHANCEMENT_MENU,PLAYER_FACING
SOH_UI::soh::soh::Enhancements::cosmetics::CosmeticsEditor_cpp::L77,Keyring,soh/soh/Enhancements/cosmetics/CosmeticsEditor.cpp,ENHANCEMENT_MENU,PLAYER_FACING
SOH_UI::soh::soh::Enhancements::cosmetics::CosmeticsEditor_cpp::L80,Consumables,soh/soh/Enhancements/cosmetics/CosmeticsEditor.cpp,ENHANCEMENT_MENU,PLAYER_FACING
SOH_UI::soh::soh::Enhancements::cosmetics::CosmeticsEditor_cpp::L84,NPCs,soh/soh/Enhancements/cosmetics/CosmeticsEditor.cpp,ENHANCEMENT_MENU,PLAYER_FACING
SOH_UI::soh::soh::Enhancements::cosmetics::CosmeticsEditor_cpp::L85,World,soh/soh/Enhancements/cosmetics/CosmeticsEditor.cpp,ENHANCEMENT_MENU,PLAYER_FACING
SOH_UI::soh::soh::Enhancements::cosmetics::CosmeticsEditor_cpp::L89,Trails,soh/soh/Enhancements/cosmetics/CosmeticsEditor.cpp,ENHANCEMENT_MENU,PLAYER_FACING
SOH_UI::soh::soh::Enhancements::cosmetics::CosmeticsEditor_cpp::L90,Navi,soh/soh/Enhancements/cosmetics/CosmeticsEditor.cpp,ENHANCEMENT_MENU,PLAYER_FACING
SOH_UI::soh::soh::Enhancements::cosmetics::CosmeticsEditor_cpp::L91,Ivan,soh/soh/Enhancements/cosmetics/CosmeticsEditor.cpp,ENHANCEMENT_MENU,PLAYER_FACING
SOH_UI::soh::soh::Enhancements::cosmetics::CosmeticsEditor_cpp::L92,Message,soh/soh/Enhancements/cosmetics/CosmeticsEditor.cpp,ENHANCEMENT_MENU,PLAYER_FACING
SOH_UI::soh::soh::Enhancements::cosmetics::CosmeticsEditor_cpp::L181,World.Moon.Changed,soh/soh/Enhancements/cosmetics/CosmeticsEditor.cpp,ENHANCEMENT_MENU,INTERNAL_IDENTIFIER
SOH_UI::soh::soh::Enhancements::cosmetics::CosmeticsEditor_cpp::L182,World.Moon.Value,soh/soh/Enhancements/cosmetics/CosmeticsEditor.cpp,ENHANCEMENT_MENU,INTERNAL_IDENTIFIER
SOH_UI::soh::soh::Enhancements::cosmetics::CosmeticsEditor_cpp::L201,Link.KokiriTunic,soh/soh/Enhancements/cosmetics/CosmeticsEditor.cpp,ENHANCEMENT_MENU,INTERNAL_IDENTIFIER
SOH_UI::soh::soh::Enhancements::cosmetics::CosmeticsEditor_cpp::L202,Link.GoronTunic,soh/soh/Enhancements/cosmetics/CosmeticsEditor.cpp,ENHANCEMENT_MENU,INTERNAL_IDENTIFIER
SOH_UI::soh::soh::Enhancements::cosmetics::CosmeticsEditor_cpp::L203,Link.ZoraTunic,soh/soh/Enhancements/cosmetics/CosmeticsEditor.cpp,ENHANCEMENT_MENU,INTERNAL_IDENTIFIER
SOH_UI::soh::soh::Enhancements::cosmetics::CosmeticsEditor_cpp::L204,Hair,soh/soh/Enhancements/cosmetics/CosmeticsEditor.cpp,ENHANCEMENT_MENU,PLAYER_FACING
SOH_UI::soh::soh::Enhancements::cosmetics::CosmeticsEditor_cpp::L205,Link.Linen,soh/soh/Enhancements/cosmetics/CosmeticsEditor.cpp,ENHANCEMENT_MENU,INTERNAL_IDENTIFIER
SOH_UI::soh::soh::Enhancements::cosmetics::CosmeticsEditor_cpp::L205,Linen,soh/soh/Enhancements/cosmetics/CosmeticsEditor.cpp,ENHANCEMENT_MENU,PLAYER_FACING
SOH_UI::soh::soh::Enhancements::cosmetics::CosmeticsEditor_cpp::L206,Link.Boots,soh/soh/Enhancements/cosmetics/CosmeticsEditor.cpp,ENHANCEMENT_MENU,INTERNAL_IDENTIFIER
SOH_UI::soh::soh::Enhancements::cosmetics::CosmeticsEditor_cpp::L206,Boots,soh/soh/Enhancements/cosmetics/CosmeticsEditor.cpp,ENHANCEMENT_MENU,PLAYER_FACING
SOH_UI::soh::soh::Enhancements::cosmetics::CosmeticsEditor_cpp::L208,MirrorShield.Body,soh/soh/Enhancements/cosmetics/CosmeticsEditor.cpp,ENHANCEMENT_MENU,INTERNAL_IDENTIFIER
SOH_UI::soh::soh::Enhancements::cosmetics::CosmeticsEditor_cpp::L208,Body,soh/soh/Enhancements/cosmetics/CosmeticsEditor.cpp,ENHANCEMENT_MENU,PLAYER_FACING
SOH_UI::soh::soh::Enhancements::cosmetics::CosmeticsEditor_cpp::L209,MirrorShield.Mirror,soh/soh/Enhancements/cosmetics/CosmeticsEditor.cpp,ENHANCEMENT_MENU,INTERNAL_IDENTIFIER
SOH_UI::soh::soh::Enhancements::cosmetics::CosmeticsEditor_cpp::L209,Mirror,soh/soh/Enhancements/cosmetics/CosmeticsEditor.cpp,ENHANCEMENT_MENU,PLAYER_FACING
SOH_UI::soh::soh::Enhancements::cosmetics::CosmeticsEditor_cpp::L210,MirrorShield.Emblem,soh/soh/Enhancements/cosmetics/CosmeticsEditor.cpp,ENHANCEMENT_MENU,INTERNAL_IDENTIFIER
SOH_UI::soh::soh::Enhancements::cosmetics::CosmeticsEditor_cpp::L210,Emblem,soh/soh/Enhancements/cosmetics/CosmeticsEditor.cpp,ENHANCEMENT_MENU,PLAYER_FACING
SOH_UI::soh::soh::Enhancements::cosmetics::CosmeticsEditor_cpp::L212,Swords.KokiriBlade,soh/soh/Enhancements/cosmetics/CosmeticsEditor.cpp,ENHANCEMENT_MENU,INTERNAL_IDENTIFIER
SOH_UI::soh::soh::Enhancements::cosmetics::CosmeticsEditor_cpp::L213,Swords.MasterBlade,soh/soh/Enhancements/cosmetics/CosmeticsEditor.cpp,ENHANCEMENT_MENU,INTERNAL_IDENTIFIER
SOH_UI::soh::soh::Enhancements::cosmetics::CosmeticsEditor_cpp::L214,Swords.BiggoronBlade,soh/soh/Enhancements/cosmetics/CosmeticsEditor.cpp,ENHANCEMENT_MENU,INTERNAL_IDENTIFIER
SOH_UI::soh::soh::Enhancements::cosmetics::CosmeticsEditor_cpp::L216,Swords.KokiriHilt,soh/soh/Enhancements/cosmetics/CosmeticsEditor.cpp,ENHANCEMENT_MENU,INTERNAL_IDENTIFIER
SOH_UI::soh::soh::Enhancements::cosmetics::CosmeticsEditor_cpp::L217,Swords.MasterHilt,soh/soh/Enhancements/cosmetics/CosmeticsEditor.cpp,ENHANCEMENT_MENU,INTERNAL_IDENTIFIER
SOH_UI::soh::soh::Enhancements::cosmetics::CosmeticsEditor_cpp::L218,Swords.BiggoronHilt,soh/soh/Enhancements/cosmetics/CosmeticsEditor.cpp,ENHANCEMENT_MENU,INTERNAL_IDENTIFIER
SOH_UI::soh::soh::Enhancements::cosmetics::CosmeticsEditor_cpp::L221,Gloves.GoronBracelet,soh/soh/Enhancements/cosmetics/CosmeticsEditor.cpp,ENHANCEMENT_MENU,INTERNAL_IDENTIFIER
SOH_UI::soh::soh::Enhancements::cosmetics::CosmeticsEditor_cpp::L222,Gloves.SilverGauntlets,soh/soh/Enhancements/cosmetics/CosmeticsEditor.cpp,ENHANCEMENT_MENU,INTERNAL_IDENTIFIER
SOH_UI::soh::soh::Enhancements::cosmetics::CosmeticsEditor_cpp::L223,Gloves.GoldenGauntlets,soh/soh/Enhancements/cosmetics/CosmeticsEditor.cpp,ENHANCEMENT_MENU,INTERNAL_IDENTIFIER
SOH_UI::soh::soh::Enhancements::cosmetics::CosmeticsEditor_cpp::L224,Gloves.GauntletsGem,soh/soh/Enhancements/cosmetics/CosmeticsEditor.cpp,ENHANCEMENT_MENU,INTERNAL_IDENTIFIER
SOH_UI::soh::soh::Enhancements::cosmetics::CosmeticsEditor_cpp::L226,Equipment.BoomerangBody,soh/soh/Enhancements/cosmetics/CosmeticsEditor.cpp,ENHANCEMENT_MENU,INTERNAL_IDENTIFIER
SOH_UI::soh::soh::Enhancements::cosmetics::CosmeticsEditor_cpp::L227,Equipment.BoomerangGem,soh/soh/Enhancements/cosmetics/CosmeticsEditor.cpp,ENHANCEMENT_MENU,INTERNAL_IDENTIFIER
SOH_UI::soh::soh::Enhancements::cosmetics::CosmeticsEditor_cpp::L229,Equipment.SlingshotBody,soh/soh/Enhancements/cosmetics/CosmeticsEditor.cpp,ENHANCEMENT_MENU,INTERNAL_IDENTIFIER
SOH_UI::soh::soh::Enhancements::cosmetics::CosmeticsEditor_cpp::L231,Equipment.SlingshotString,soh/soh/Enhancements/cosmetics/CosmeticsEditor.cpp,ENHANCEMENT_MENU,INTERNAL_IDENTIFIER
SOH_UI::soh::soh::Enhancements::cosmetics::CosmeticsEditor_cpp::L238,HookshotReticle.Target,soh/soh/Enhancements/cosmetics/CosmeticsEditor.cpp,ENHANCEMENT_MENU,INTERNAL_IDENTIFIER
SOH_UI::soh::soh::Enhancements::cosmetics::CosmeticsEditor_cpp::L239,HookshotReticle.NonTarget,soh/soh/Enhancements/cosmetics/CosmeticsEditor.cpp,ENHANCEMENT_MENU,INTERNAL_IDENTIFIER
SOH_UI::soh::soh::Enhancements::cosmetics::CosmeticsEditor_cpp::L240,Equipment.BowTips,soh/soh/Enhancements/cosmetics/CosmeticsEditor.cpp,ENHANCEMENT_MENU,INTERNAL_IDENTIFIER
SOH_UI::soh::soh::Enhancements::cosmetics::CosmeticsEditor_cpp::L241,Equipment.BowString,soh/soh/Enhancements/cosmetics/CosmeticsEditor.cpp,ENHANCEMENT_MENU,INTERNAL_IDENTIFIER
SOH_UI::soh::soh::Enhancements::cosmetics::CosmeticsEditor_cpp::L242,Equipment.BowBody,soh/soh/Enhancements/cosmetics/CosmeticsEditor.cpp,ENHANCEMENT_MENU,INTERNAL_IDENTIFIER
SOH_UI::soh::soh::Enhancements::cosmetics::CosmeticsEditor_cpp::L243,Equipment.BowHandle,soh/soh/Enhancements/cosmetics/CosmeticsEditor.cpp,ENHANCEMENT_MENU,INTERNAL_IDENTIFIER
SOH_UI::soh::soh::Enhancements::cosmetics::CosmeticsEditor_cpp::L244,Equipment.ChuFace,soh/soh/Enhancements/cosmetics/CosmeticsEditor.cpp,ENHANCEMENT_MENU,INTERNAL_IDENTIFIER
SOH_UI::soh::soh::Enhancements::cosmetics::CosmeticsEditor_cpp::L245,Equipment.ChuBody,soh/soh/Enhancements/cosmetics/CosmeticsEditor.cpp,ENHANCEMENT_MENU,INTERNAL_IDENTIFIER
SOH_UI::soh::soh::Enhancements::cosmetics::CosmeticsEditor_cpp::L246,Equipment.BunnyHood,soh/soh/Enhancements/cosmetics/CosmeticsEditor.cpp,ENHANCEMENT_MENU,INTERNAL_IDENTIFIER
SOH_UI::soh::soh::Enhancements::cosmetics::CosmeticsEditor_cpp::L248,Hearts,soh/soh/Enhancements/cosmetics/CosmeticsEditor.cpp,ENHANCEMENT_MENU,PLAYER_FACING
SOH_UI::soh::soh::Enhancements::cosmetics::CosmeticsEditor_cpp::L250,Consumable.DDHearts,soh/soh/Enhancements/cosmetics/CosmeticsEditor.cpp,ENHANCEMENT_MENU,INTERNAL_IDENTIFIER
SOH_UI::soh::soh::Enhancements::cosmetics::CosmeticsEditor_cpp::L251,Consumable.DDHeartBorder,soh/soh/Enhancements/cosmetics/CosmeticsEditor.cpp,ENHANCEMENT_MENU,INTERNAL_IDENTIFIER
SOH_UI::soh::soh::Enhancements::cosmetics::CosmeticsEditor_cpp::L252,Consumable.Magic,soh/soh/Enhancements/cosmetics/CosmeticsEditor.cpp,ENHANCEMENT_MENU,INTERNAL_IDENTIFIER
SOH_UI::soh::soh::Enhancements::cosmetics::CosmeticsEditor_cpp::L252,Magic,soh/soh/Enhancements/cosmetics/CosmeticsEditor.cpp,ENHANCEMENT_MENU,PLAYER_FACING
SOH_UI::soh::soh::Enhancements::cosmetics::CosmeticsEditor_cpp::L253,Consumable.MagicActive,soh/soh/Enhancements/cosmetics/CosmeticsEditor.cpp,ENHANCEMENT_MENU,INTERNAL_IDENTIFIER
SOH_UI::soh::soh::Enhancements::cosmetics::CosmeticsEditor_cpp::L254,Consumable_MagicInfinite,soh/soh/Enhancements/cosmetics/CosmeticsEditor.cpp,ENHANCEMENT_MENU,PLAYER_FACING
SOH_UI::soh::soh::Enhancements::cosmetics::CosmeticsEditor_cpp::L255,Consumable.MagicBorder,soh/soh/Enhancements/cosmetics/CosmeticsEditor.cpp,ENHANCEMENT_MENU,INTERNAL_IDENTIFIER
SOH_UI::soh::soh::Enhancements::cosmetics::CosmeticsEditor_cpp::L256,Consumable.MagicBorderActive,soh/soh/Enhancements/cosmetics/CosmeticsEditor.cpp,ENHANCEMENT_MENU,INTERNAL_IDENTIFIER
SOH_UI::soh::soh::Enhancements::cosmetics::CosmeticsEditor_cpp::L257,Consumable.GreenRupee,soh/soh/Enhancements/cosmetics/CosmeticsEditor.cpp,ENHANCEMENT_MENU,INTERNAL_IDENTIFIER
SOH_UI::soh::soh::Enhancements::cosmetics::CosmeticsEditor_cpp::L258,Consumable.BlueRupee,soh/soh/Enhancements/cosmetics/CosmeticsEditor.cpp,ENHANCEMENT_MENU,INTERNAL_IDENTIFIER
SOH_UI::soh::soh::Enhancements::cosmetics::CosmeticsEditor_cpp::L259,Consumable.RedRupee,soh/soh/Enhancements/cosmetics/CosmeticsEditor.cpp,ENHANCEMENT_MENU,INTERNAL_IDENTIFIER
SOH_UI::soh::soh::Enhancements::cosmetics::CosmeticsEditor_cpp::L260,Consumable.PurpleRupee,soh/soh/Enhancements/cosmetics/CosmeticsEditor.cpp,ENHANCEMENT_MENU,INTERNAL_IDENTIFIER
SOH_UI::soh::soh::Enhancements::cosmetics::CosmeticsEditor_cpp::L261,Consumable.GoldRupee,soh/soh/Enhancements/cosmetics/CosmeticsEditor.cpp,ENHANCEMENT_MENU,INTERNAL_IDENTIFIER
SOH_UI::soh::soh::Enhancements::cosmetics::CosmeticsEditor_cpp::L262,Consumable.SilverRupee,soh/soh/Enhancements/cosmetics/CosmeticsEditor.cpp,ENHANCEMENT_MENU,INTERNAL_IDENTIFIER
SOH_UI::soh::soh::Enhancements::cosmetics::CosmeticsEditor_cpp::L264,Key.KeyringRing,soh/soh/Enhancements/cosmetics/CosmeticsEditor.cpp,ENHANCEMENT_MENU,INTERNAL_IDENTIFIER
SOH_UI::soh::soh::Enhancements::cosmetics::CosmeticsEditor_cpp::L265,Key.ForestSmallBody,soh/soh/Enhancements/cosmetics/CosmeticsEditor.cpp,ENHANCEMENT_MENU,INTERNAL_IDENTIFIER
SOH_UI::soh::soh::Enhancements::cosmetics::CosmeticsEditor_cpp::L266,Key.ForestSmallEmblem,soh/soh/Enhancements/cosmetics/CosmeticsEditor.cpp,ENHANCEMENT_MENU,INTERNAL_IDENTIFIER
SOH_UI::soh::soh::Enhancements::cosmetics::CosmeticsEditor_cpp::L267,Key.ForestBossBody,soh/soh/Enhancements/cosmetics/CosmeticsEditor.cpp,ENHANCEMENT_MENU,INTERNAL_IDENTIFIER
SOH_UI::soh::soh::Enhancements::cosmetics::CosmeticsEditor_cpp::L268,Key.ForestBossGem,soh/soh/Enhancements/cosmetics/CosmeticsEditor.cpp,ENHANCEMENT_MENU,INTERNAL_IDENTIFIER
SOH_UI::soh::soh::Enhancements::cosmetics::CosmeticsEditor_cpp::L269,Key.FireSmallBody,soh/soh/Enhancements/cosmetics/CosmeticsEditor.cpp,ENHANCEMENT_MENU,INTERNAL_IDENTIFIER
SOH_UI::soh::soh::Enhancements::cosmetics::CosmeticsEditor_cpp::L270,Key.FireSmallEmblem,soh/soh/Enhancements/cosmetics/CosmeticsEditor.cpp,ENHANCEMENT_MENU,INTERNAL_IDENTIFIER
SOH_UI::soh::soh::Enhancements::cosmetics::CosmeticsEditor_cpp::L271,Key.FireBossBody,soh/soh/Enhancements/cosmetics/CosmeticsEditor.cpp,ENHANCEMENT_MENU,INTERNAL_IDENTIFIER
SOH_UI::soh::soh::Enhancements::cosmetics::CosmeticsEditor_cpp::L272,Key.FireBossGem,soh/soh/Enhancements/cosmetics/CosmeticsEditor.cpp,ENHANCEMENT_MENU,INTERNAL_IDENTIFIER
SOH_UI::soh::soh::Enhancements::cosmetics::CosmeticsEditor_cpp::L273,Key.WaterSmallBody,soh/soh/Enhancements/cosmetics/CosmeticsEditor.cpp,ENHANCEMENT_MENU,INTERNAL_IDENTIFIER
SOH_UI::soh::soh::Enhancements::cosmetics::CosmeticsEditor_cpp::L274,Key.WaterSmallEmblem,soh/soh/Enhancements/cosmetics/CosmeticsEditor.cpp,ENHANCEMENT_MENU,INTERNAL_IDENTIFIER
SOH_UI::soh::soh::Enhancements::cosmetics::CosmeticsEditor_cpp::L275,Key.WaterBossBody,soh/soh/Enhancements/cosmetics/CosmeticsEditor.cpp,ENHANCEMENT_MENU,INTERNAL_IDENTIFIER
SOH_UI::soh::soh::Enhancements::cosmetics::CosmeticsEditor_cpp::L276,Key.WaterBossGem,soh/soh/Enhancements/cosmetics/CosmeticsEditor.cpp,ENHANCEMENT_MENU,INTERNAL_IDENTIFIER
SOH_UI::soh::soh::Enhancements::cosmetics::CosmeticsEditor_cpp::L277,Key.SpiritSmallBody,soh/soh/Enhancements/cosmetics/CosmeticsEditor.cpp,ENHANCEMENT_MENU,INTERNAL_IDENTIFIER
SOH_UI::soh::soh::Enhancements::cosmetics::CosmeticsEditor_cpp::L278,Key.SpiritSmallEmblem,soh/soh/Enhancements/cosmetics/CosmeticsEditor.cpp,ENHANCEMENT_MENU,INTERNAL_IDENTIFIER
SOH_UI::soh::soh::Enhancements::cosmetics::CosmeticsEditor_cpp::L279,Key.SpiritBossBody,soh/soh/Enhancements/cosmetics/CosmeticsEditor.cpp,ENHANCEMENT_MENU,INTERNAL_IDENTIFIER
SOH_UI::soh::soh::Enhancements::cosmetics::CosmeticsEditor_cpp::L280,Key.SpiritBossGem,soh/soh/Enhancements/cosmetics/CosmeticsEditor.cpp,ENHANCEMENT_MENU,INTERNAL_IDENTIFIER
SOH_UI::soh::soh::Enhancements::cosmetics::CosmeticsEditor_cpp::L281,Key.ShadowSmallBody,soh/soh/Enhancements/cosmetics/CosmeticsEditor.cpp,ENHANCEMENT_MENU,INTERNAL_IDENTIFIER
SOH_UI::soh::soh::Enhancements::cosmetics::CosmeticsEditor_cpp::L282,Key.ShadowSmallEmblem,soh/soh/Enhancements/cosmetics/CosmeticsEditor.cpp,ENHANCEMENT_MENU,INTERNAL_IDENTIFIER
SOH_UI::soh::soh::Enhancements::cosmetics::CosmeticsEditor_cpp::L283,Key.ShadowBossBody,soh/soh/Enhancements/cosmetics/CosmeticsEditor.cpp,ENHANCEMENT_MENU,INTERNAL_IDENTIFIER
SOH_UI::soh::soh::Enhancements::cosmetics::CosmeticsEditor_cpp::L284,Key.ShadowBossGem,soh/soh/Enhancements/cosmetics/CosmeticsEditor.cpp,ENHANCEMENT_MENU,INTERNAL_IDENTIFIER
SOH_UI::soh::soh::Enhancements::cosmetics::CosmeticsEditor_cpp::L285,Key.GanonsSmallBody,soh/soh/Enhancements/cosmetics/CosmeticsEditor.cpp,ENHANCEMENT_MENU,INTERNAL_IDENTIFIER
SOH_UI::soh::soh::Enhancements::cosmetics::CosmeticsEditor_cpp::L286,Key.GanonsSmallEmblem,soh/soh/Enhancements/cosmetics/CosmeticsEditor.cpp,ENHANCEMENT_MENU,INTERNAL_IDENTIFIER
SOH_UI::soh::soh::Enhancements::cosmetics::CosmeticsEditor_cpp::L287,Key.GanonsBossBody,soh/soh/Enhancements/cosmetics/CosmeticsEditor.cpp,ENHANCEMENT_MENU,INTERNAL_IDENTIFIER
SOH_UI::soh::soh::Enhancements::cosmetics::CosmeticsEditor_cpp::L288,Key.GanonsBossGem,soh/soh/Enhancements/cosmetics/CosmeticsEditor.cpp,ENHANCEMENT_MENU,INTERNAL_IDENTIFIER
SOH_UI::soh::soh::Enhancements::cosmetics::CosmeticsEditor_cpp::L290,Key.WellSmallBody,soh/soh/Enhancements/cosmetics/CosmeticsEditor.cpp,ENHANCEMENT_MENU,INTERNAL_IDENTIFIER
SOH_UI::soh::soh::Enhancements::cosmetics::CosmeticsEditor_cpp::L291,Key.WellSmallEmblem,soh/soh/Enhancements/cosmetics/CosmeticsEditor.cpp,ENHANCEMENT_MENU,INTERNAL_IDENTIFIER
SOH_UI::soh::soh::Enhancements::cosmetics::CosmeticsEditor_cpp::L292,Key.FortSmallBody,soh/soh/Enhancements/cosmetics/CosmeticsEditor.cpp,ENHANCEMENT_MENU,INTERNAL_IDENTIFIER
SOH_UI::soh::soh::Enhancements::cosmetics::CosmeticsEditor_cpp::L293,Key.FortSmallEmblem,soh/soh/Enhancements/cosmetics/CosmeticsEditor.cpp,ENHANCEMENT_MENU,INTERNAL_IDENTIFIER
SOH_UI::soh::soh::Enhancements::cosmetics::CosmeticsEditor_cpp::L294,Key.GTGSmallBody,soh/soh/Enhancements/cosmetics/CosmeticsEditor.cpp,ENHANCEMENT_MENU,INTERNAL_IDENTIFIER
SOH_UI::soh::soh::Enhancements::cosmetics::CosmeticsEditor_cpp::L295,Key.GTGSmallEmblem,soh/soh/Enhancements/cosmetics/CosmeticsEditor.cpp,ENHANCEMENT_MENU,INTERNAL_IDENTIFIER
SOH_UI::soh::soh::Enhancements::cosmetics::CosmeticsEditor_cpp::L298,Key.Skeleton,soh/soh/Enhancements/cosmetics/CosmeticsEditor.cpp,ENHANCEMENT_MENU,INTERNAL_IDENTIFIER
SOH_UI::soh::soh::Enhancements::cosmetics::CosmeticsEditor_cpp::L300,HUD.AButton,soh/soh/Enhancements/cosmetics/CosmeticsEditor.cpp,ENHANCEMENT_MENU,INTERNAL_IDENTIFIER
SOH_UI::soh::soh::Enhancements::cosmetics::CosmeticsEditor_cpp::L301,HUD.BButton,soh/soh/Enhancements/cosmetics/CosmeticsEditor.cpp,ENHANCEMENT_MENU,INTERNAL_IDENTIFIER
SOH_UI::soh::soh::Enhancements::cosmetics::CosmeticsEditor_cpp::L302,HUD.CButtons,soh/soh/Enhancements/cosmetics/CosmeticsEditor.cpp,ENHANCEMENT_MENU,INTERNAL_IDENTIFIER
SOH_UI::soh::soh::Enhancements::cosmetics::CosmeticsEditor_cpp::L303,HUD.CUpButton,soh/soh/Enhancements/cosmetics/CosmeticsEditor.cpp,ENHANCEMENT_MENU,INTERNAL_IDENTIFIER
SOH_UI::soh::soh::Enhancements::cosmetics::CosmeticsEditor_cpp::L304,HUD.CDownButton,soh/soh/Enhancements/cosmetics/CosmeticsEditor.cpp,ENHANCEMENT_MENU,INTERNAL_IDENTIFIER
SOH_UI::soh::soh::Enhancements::cosmetics::CosmeticsEditor_cpp::L305,HUD.CLeftButton,soh/soh/Enhancements/cosmetics/CosmeticsEditor.cpp,ENHANCEMENT_MENU,INTERNAL_IDENTIFIER
SOH_UI::soh::soh::Enhancements::cosmetics::CosmeticsEditor_cpp::L306,HUD.CRightButton,soh/soh/Enhancements/cosmetics/CosmeticsEditor.cpp,ENHANCEMENT_MENU,INTERNAL_IDENTIFIER
SOH_UI::soh::soh::Enhancements::cosmetics::CosmeticsEditor_cpp::L307,HUD.StartButton,soh/soh/Enhancements/cosmetics/CosmeticsEditor.cpp,ENHANCEMENT_MENU,INTERNAL_IDENTIFIER
SOH_UI::soh::soh::Enhancements::cosmetics::CosmeticsEditor_cpp::L308,HUD.Dpad,soh/soh/Enhancements/cosmetics/CosmeticsEditor.cpp,ENHANCEMENT_MENU,INTERNAL_IDENTIFIER
SOH_UI::soh::soh::Enhancements::cosmetics::CosmeticsEditor_cpp::L308,Dpad,soh/soh/Enhancements/cosmetics/CosmeticsEditor.cpp,ENHANCEMENT_MENU,PLAYER_FACING
SOH_UI::soh::soh::Enhancements::cosmetics::CosmeticsEditor_cpp::L309,HUD.KeyCount,soh/soh/Enhancements/cosmetics/CosmeticsEditor.cpp,ENHANCEMENT_MENU,INTERNAL_IDENTIFIER
SOH_UI::soh::soh::Enhancements::cosmetics::CosmeticsEditor_cpp::L310,HUD.StoneOfAgony,soh/soh/Enhancements/cosmetics/CosmeticsEditor.cpp,ENHANCEMENT_MENU,INTERNAL_IDENTIFIER
SOH_UI::soh::soh::Enhancements::cosmetics::CosmeticsEditor_cpp::L311,HUD.Minimap,soh/soh/Enhancements/cosmetics/CosmeticsEditor.cpp,ENHANCEMENT_MENU,INTERNAL_IDENTIFIER
SOH_UI::soh::soh::Enhancements::cosmetics::CosmeticsEditor_cpp::L311,Minimap,soh/soh/Enhancements/cosmetics/CosmeticsEditor.cpp,ENHANCEMENT_MENU,PLAYER_FACING
SOH_UI::soh::soh::Enhancements::cosmetics::CosmeticsEditor_cpp::L312,HUD.MinimapPosition,soh/soh/Enhancements/cosmetics/CosmeticsEditor.cpp,ENHANCEMENT_MENU,INTERNAL_IDENTIFIER
SOH_UI::soh::soh::Enhancements::cosmetics::CosmeticsEditor_cpp::L313,HUD.MinimapEntrance,soh/soh/Enhancements/cosmetics/CosmeticsEditor.cpp,ENHANCEMENT_MENU,INTERNAL_IDENTIFIER
SOH_UI::soh::soh::Enhancements::cosmetics::CosmeticsEditor_cpp::L314,HUD.EnemyHealthBar,soh/soh/Enhancements/cosmetics/CosmeticsEditor.cpp,ENHANCEMENT_MENU,INTERNAL_IDENTIFIER
SOH_UI::soh::soh::Enhancements::cosmetics::CosmeticsEditor_cpp::L315,HUD.EnemyHealthBorder,soh/soh/Enhancements/cosmetics/CosmeticsEditor.cpp,ENHANCEMENT_MENU,INTERNAL_IDENTIFIER
SOH_UI::soh::soh::Enhancements::cosmetics::CosmeticsEditor_cpp::L316,HUD.NameTagActorText,soh/soh/Enhancements/cosmetics/CosmeticsEditor.cpp,ENHANCEMENT_MENU,INTERNAL_IDENTIFIER
SOH_UI::soh::soh::Enhancements::cosmetics::CosmeticsEditor_cpp::L317,HUD.NameTagActorBackground,soh/soh/Enhancements/cosmetics/CosmeticsEditor.cpp,ENHANCEMENT_MENU,INTERNAL_IDENTIFIER
SOH_UI::soh::soh::Enhancements::cosmetics::CosmeticsEditor_cpp::L318,HUD.TitleCard.Map,soh/soh/Enhancements/cosmetics/CosmeticsEditor.cpp,ENHANCEMENT_MENU,INTERNAL_IDENTIFIER
SOH_UI::soh::soh::Enhancements::cosmetics::CosmeticsEditor_cpp::L319,HUD.TitleCard.Boss,soh/soh/Enhancements/cosmetics/CosmeticsEditor.cpp,ENHANCEMENT_MENU,INTERNAL_IDENTIFIER
SOH_UI::soh::soh::Enhancements::cosmetics::CosmeticsEditor_cpp::L321,Message.,soh/soh/Enhancements/cosmetics/CosmeticsEditor.cpp,ENHANCEMENT_MENU,INTERNAL_IDENTIFIER
SOH_UI::soh::soh::Enhancements::cosmetics::CosmeticsEditor_cpp::L323,Default.Normal,soh/soh/Enhancements/cosmetics/CosmeticsEditor.cpp,ENHANCEMENT_MENU,INTERNAL_IDENTIFIER
SOH_UI::soh::soh::Enhancements::cosmetics::CosmeticsEditor_cpp::L324,Default.NoneNoShadow,soh/soh/Enhancements/cosmetics/CosmeticsEditor.cpp,ENHANCEMENT_MENU,INTERNAL_IDENTIFIER
SOH_UI::soh::soh::Enhancements::cosmetics::CosmeticsEditor_cpp::L325,Red.Normal,soh/soh/Enhancements/cosmetics/CosmeticsEditor.cpp,ENHANCEMENT_MENU,INTERNAL_IDENTIFIER
SOH_UI::soh::soh::Enhancements::cosmetics::CosmeticsEditor_cpp::L326,Red.Wooden,soh/soh/Enhancements/cosmetics/CosmeticsEditor.cpp,ENHANCEMENT_MENU,INTERNAL_IDENTIFIER
SOH_UI::soh::soh::Enhancements::cosmetics::CosmeticsEditor_cpp::L327,Adjustable.Normal,soh/soh/Enhancements/cosmetics/CosmeticsEditor.cpp,ENHANCEMENT_MENU,INTERNAL_IDENTIFIER
SOH_UI::soh::soh::Enhancements::cosmetics::CosmeticsEditor_cpp::L328,Adjustable.Wooden,soh/soh/Enhancements/cosmetics/CosmeticsEditor.cpp,ENHANCEMENT_MENU,INTERNAL_IDENTIFIER
SOH_UI::soh::soh::Enhancements::cosmetics::CosmeticsEditor_cpp::L329,Blue.Normal,soh/soh/Enhancements/cosmetics/CosmeticsEditor.cpp,ENHANCEMENT_MENU,INTERNAL_IDENTIFIER
SOH_UI::soh::soh::Enhancements::cosmetics::CosmeticsEditor_cpp::L330,Blue.Wooden,soh/soh/Enhancements/cosmetics/CosmeticsEditor.cpp,ENHANCEMENT_MENU,INTERNAL_IDENTIFIER
SOH_UI::soh::soh::Enhancements::cosmetics::CosmeticsEditor_cpp::L331,LightBlue.Normal,soh/soh/Enhancements/cosmetics/CosmeticsEditor.cpp,ENHANCEMENT_MENU,INTERNAL_IDENTIFIER
SOH_UI::soh::soh::Enhancements::cosmetics::CosmeticsEditor_cpp::L332,LightBlue.Wooden,soh/soh/Enhancements/cosmetics/CosmeticsEditor.cpp,ENHANCEMENT_MENU,INTERNAL_IDENTIFIER
SOH_UI::soh::soh::Enhancements::cosmetics::CosmeticsEditor_cpp::L333,LightBlue.LightBlue.NoneNoShadow,soh/soh/Enhancements/cosmetics/CosmeticsEditor.cpp,ENHANCEMENT_MENU,INTERNAL_IDENTIFIER
SOH_UI::soh::soh::Enhancements::cosmetics::CosmeticsEditor_cpp::L334,Purple.Normal,soh/soh/Enhancements/cosmetics/CosmeticsEditor.cpp,ENHANCEMENT_MENU,INTERNAL_IDENTIFIER
SOH_UI::soh::soh::Enhancements::cosmetics::CosmeticsEditor_cpp::L335,Purple.Wooden,soh/soh/Enhancements/cosmetics/CosmeticsEditor.cpp,ENHANCEMENT_MENU,INTERNAL_IDENTIFIER
SOH_UI::soh::soh::Enhancements::cosmetics::CosmeticsEditor_cpp::L336,Yellow.Normal,soh/soh/Enhancements/cosmetics/CosmeticsEditor.cpp,ENHANCEMENT_MENU,INTERNAL_IDENTIFIER
SOH_UI::soh::soh::Enhancements::cosmetics::CosmeticsEditor_cpp::L337,Yellow.Wooden,soh/soh/Enhancements/cosmetics/CosmeticsEditor.cpp,ENHANCEMENT_MENU,INTERNAL_IDENTIFIER
SOH_UI::soh::soh::Enhancements::cosmetics::CosmeticsEditor_cpp::L338,Black,soh/soh/Enhancements/cosmetics/CosmeticsEditor.cpp,ENHANCEMENT_MENU,PLAYER_FACING
SOH_UI::soh::soh::Enhancements::cosmetics::CosmeticsEditor_cpp::L342,Kaleido.ItemSelA,soh/soh/Enhancements/cosmetics/CosmeticsEditor.cpp,ENHANCEMENT_MENU,INTERNAL_IDENTIFIER
SOH_UI::soh::soh::Enhancements::cosmetics::CosmeticsEditor_cpp::L343,Kaleido.ItemSelB,soh/soh/Enhancements/cosmetics/CosmeticsEditor.cpp,ENHANCEMENT_MENU,INTERNAL_IDENTIFIER
SOH_UI::soh::soh::Enhancements::cosmetics::CosmeticsEditor_cpp::L344,Kaleido.ItemSelC,soh/soh/Enhancements/cosmetics/CosmeticsEditor.cpp,ENHANCEMENT_MENU,INTERNAL_IDENTIFIER
SOH_UI::soh::soh::Enhancements::cosmetics::CosmeticsEditor_cpp::L345,Kaleido.ItemSelD,soh/soh/Enhancements/cosmetics/CosmeticsEditor.cpp,ENHANCEMENT_MENU,INTERNAL_IDENTIFIER
SOH_UI::soh::soh::Enhancements::cosmetics::CosmeticsEditor_cpp::L347,Kaleido.EquipSelA,soh/soh/Enhancements/cosmetics/CosmeticsEditor.cpp,ENHANCEMENT_MENU,INTERNAL_IDENTIFIER
SOH_UI::soh::soh::Enhancements::cosmetics::CosmeticsEditor_cpp::L348,Kaleido.EquipSelB,soh/soh/Enhancements/cosmetics/CosmeticsEditor.cpp,ENHANCEMENT_MENU,INTERNAL_IDENTIFIER
SOH_UI::soh::soh::Enhancements::cosmetics::CosmeticsEditor_cpp::L349,Kaleido.EquipSelC,soh/soh/Enhancements/cosmetics/CosmeticsEditor.cpp,ENHANCEMENT_MENU,INTERNAL_IDENTIFIER
SOH_UI::soh::soh::Enhancements::cosmetics::CosmeticsEditor_cpp::L350,Kaleido.EquipSelD,soh/soh/Enhancements/cosmetics/CosmeticsEditor.cpp,ENHANCEMENT_MENU,INTERNAL_IDENTIFIER
SOH_UI::soh::soh::Enhancements::cosmetics::CosmeticsEditor_cpp::L352,Kaleido.MapSelDunA,soh/soh/Enhancements/cosmetics/CosmeticsEditor.cpp,ENHANCEMENT_MENU,INTERNAL_IDENTIFIER
SOH_UI::soh::soh::Enhancements::cosmetics::CosmeticsEditor_cpp::L353,Kaleido.MapSelDunB,soh/soh/Enhancements/cosmetics/CosmeticsEditor.cpp,ENHANCEMENT_MENU,INTERNAL_IDENTIFIER
SOH_UI::soh::soh::Enhancements::cosmetics::CosmeticsEditor_cpp::L354,Kaleido.MapSelDunC,soh/soh/Enhancements/cosmetics/CosmeticsEditor.cpp,ENHANCEMENT_MENU,INTERNAL_IDENTIFIER
SOH_UI::soh::soh::Enhancements::cosmetics::CosmeticsEditor_cpp::L355,Kaleido.MapSelDunD,soh/soh/Enhancements/cosmetics/CosmeticsEditor.cpp,ENHANCEMENT_MENU,INTERNAL_IDENTIFIER
SOH_UI::soh::soh::Enhancements::cosmetics::CosmeticsEditor_cpp::L357,Kaleido.QuestStatusA,soh/soh/Enhancements/cosmetics/CosmeticsEditor.cpp,ENHANCEMENT_MENU,INTERNAL_IDENTIFIER
SOH_UI::soh::soh::Enhancements::cosmetics::CosmeticsEditor_cpp::L358,Kaleido.QuestStatusB,soh/soh/Enhancements/cosmetics/CosmeticsEditor.cpp,ENHANCEMENT_MENU,INTERNAL_IDENTIFIER
SOH_UI::soh::soh::Enhancements::cosmetics::CosmeticsEditor_cpp::L359,Kaleido.QuestStatusC,soh/soh/Enhancements/cosmetics/CosmeticsEditor.cpp,ENHANCEMENT_MENU,INTERNAL_IDENTIFIER
SOH_UI::soh::soh::Enhancements::cosmetics::CosmeticsEditor_cpp::L360,Kaleido.QuestStatusD,soh/soh/Enhancements/cosmetics/CosmeticsEditor.cpp,ENHANCEMENT_MENU,INTERNAL_IDENTIFIER
SOH_UI::soh::soh::Enhancements::cosmetics::CosmeticsEditor_cpp::L362,Kaleido.MapSelectA,soh/soh/Enhancements/cosmetics/CosmeticsEditor.cpp,ENHANCEMENT_MENU,INTERNAL_IDENTIFIER
SOH_UI::soh::soh::Enhancements::cosmetics::CosmeticsEditor_cpp::L363,Kaleido.MapSelectB,soh/soh/Enhancements/cosmetics/CosmeticsEditor.cpp,ENHANCEMENT_MENU,INTERNAL_IDENTIFIER
SOH_UI::soh::soh::Enhancements::cosmetics::CosmeticsEditor_cpp::L364,Kaleido.MapSelectC,soh/soh/Enhancements/cosmetics/CosmeticsEditor.cpp,ENHANCEMENT_MENU,INTERNAL_IDENTIFIER
SOH_UI::soh::soh::Enhancements::cosmetics::CosmeticsEditor_cpp::L365,Kaleido.MapSelectD,soh/soh/Enhancements/cosmetics/CosmeticsEditor.cpp,ENHANCEMENT_MENU,INTERNAL_IDENTIFIER
SOH_UI::soh::soh::Enhancements::cosmetics::CosmeticsEditor_cpp::L367,Kaleido.SaveA,soh/soh/Enhancements/cosmetics/CosmeticsEditor.cpp,ENHANCEMENT_MENU,INTERNAL_IDENTIFIER
SOH_UI::soh::soh::Enhancements::cosmetics::CosmeticsEditor_cpp::L368,Kaleido.SaveB,soh/soh/Enhancements/cosmetics/CosmeticsEditor.cpp,ENHANCEMENT_MENU,INTERNAL_IDENTIFIER
SOH_UI::soh::soh::Enhancements::cosmetics::CosmeticsEditor_cpp::L369,Kaleido.SaveC,soh/soh/Enhancements/cosmetics/CosmeticsEditor.cpp,ENHANCEMENT_MENU,INTERNAL_IDENTIFIER
SOH_UI::soh::soh::Enhancements::cosmetics::CosmeticsEditor_cpp::L370,Kaleido.SaveD,soh/soh/Enhancements/cosmetics/CosmeticsEditor.cpp,ENHANCEMENT_MENU,INTERNAL_IDENTIFIER
SOH_UI::soh::soh::Enhancements::cosmetics::CosmeticsEditor_cpp::L372,Kaleido.NamePanel,soh/soh/Enhancements/cosmetics/CosmeticsEditor.cpp,ENHANCEMENT_MENU,INTERNAL_IDENTIFIER
SOH_UI::soh::soh::Enhancements::cosmetics::CosmeticsEditor_cpp::L374,Title.FileChoose,soh/soh/Enhancements/cosmetics/CosmeticsEditor.cpp,ENHANCEMENT_MENU,INTERNAL_IDENTIFIER
SOH_UI::soh::soh::Enhancements::cosmetics::CosmeticsEditor_cpp::L375,Title.NintendoLogo,soh/soh/Enhancements/cosmetics/CosmeticsEditor.cpp,ENHANCEMENT_MENU,INTERNAL_IDENTIFIER
SOH_UI::soh::soh::Enhancements::cosmetics::CosmeticsEditor_cpp::L376,Title.N64LogoRed,soh/soh/Enhancements/cosmetics/CosmeticsEditor.cpp,ENHANCEMENT_MENU,INTERNAL_IDENTIFIER
SOH_UI::soh::soh::Enhancements::cosmetics::CosmeticsEditor_cpp::L377,Title.N64LogoBlue,soh/soh/Enhancements/cosmetics/CosmeticsEditor.cpp,ENHANCEMENT_MENU,INTERNAL_IDENTIFIER
SOH_UI::soh::soh::Enhancements::cosmetics::CosmeticsEditor_cpp::L378,Title.N64LogoGreen,soh/soh/Enhancements/cosmetics/CosmeticsEditor.cpp,ENHANCEMENT_MENU,INTERNAL_IDENTIFIER
SOH_UI::soh::soh::Enhancements::cosmetics::CosmeticsEditor_cpp::L379,Title.N64LogoYellow,soh/soh/Enhancements/cosmetics/CosmeticsEditor.cpp,ENHANCEMENT_MENU,INTERNAL_IDENTIFIER
SOH_UI::soh::soh::Enhancements::cosmetics::CosmeticsEditor_cpp::L382,Title.FirePrimary,soh/soh/Enhancements/cosmetics/CosmeticsEditor.cpp,ENHANCEMENT_MENU,INTERNAL_IDENTIFIER
SOH_UI::soh::soh::Enhancements::cosmetics::CosmeticsEditor_cpp::L383,Title.FireSecondary,soh/soh/Enhancements/cosmetics/CosmeticsEditor.cpp,ENHANCEMENT_MENU,INTERNAL_IDENTIFIER
SOH_UI::soh::soh::Enhancements::cosmetics::CosmeticsEditor_cpp::L385,Title.Copyright,soh/soh/Enhancements/cosmetics/CosmeticsEditor.cpp,ENHANCEMENT_MENU,INTERNAL_IDENTIFIER
SOH_UI::soh::soh::Enhancements::cosmetics::CosmeticsEditor_cpp::L387,Arrows.NormalPrimary,soh/soh/Enhancements/cosmetics/CosmeticsEditor.cpp,ENHANCEMENT_MENU,INTERNAL_IDENTIFIER
SOH_UI::soh::soh::Enhancements::cosmetics::CosmeticsEditor_cpp::L388,Arrows.NormalSecondary,soh/soh/Enhancements/cosmetics/CosmeticsEditor.cpp,ENHANCEMENT_MENU,INTERNAL_IDENTIFIER
SOH_UI::soh::soh::Enhancements::cosmetics::CosmeticsEditor_cpp::L389,Arrows.FirePrimary,soh/soh/Enhancements/cosmetics/CosmeticsEditor.cpp,ENHANCEMENT_MENU,INTERNAL_IDENTIFIER
SOH_UI::soh::soh::Enhancements::cosmetics::CosmeticsEditor_cpp::L390,Arrows.FireSecondary,soh/soh/Enhancements/cosmetics/CosmeticsEditor.cpp,ENHANCEMENT_MENU,INTERNAL_IDENTIFIER
SOH_UI::soh::soh::Enhancements::cosmetics::CosmeticsEditor_cpp::L391,Arrows.IcePrimary,soh/soh/Enhancements/cosmetics/CosmeticsEditor.cpp,ENHANCEMENT_MENU,INTERNAL_IDENTIFIER
SOH_UI::soh::soh::Enhancements::cosmetics::CosmeticsEditor_cpp::L392,Arrows.IceSecondary,soh/soh/Enhancements/cosmetics/CosmeticsEditor.cpp,ENHANCEMENT_MENU,INTERNAL_IDENTIFIER
SOH_UI::soh::soh::Enhancements::cosmetics::CosmeticsEditor_cpp::L393,Arrows.LightPrimary,soh/soh/Enhancements/cosmetics/CosmeticsEditor.cpp,ENHANCEMENT_MENU,INTERNAL_IDENTIFIER
SOH_UI::soh::soh::Enhancements::cosmetics::CosmeticsEditor_cpp::L394,Arrows.LightSecondary,soh/soh/Enhancements/cosmetics/CosmeticsEditor.cpp,ENHANCEMENT_MENU,INTERNAL_IDENTIFIER
SOH_UI::soh::soh::Enhancements::cosmetics::CosmeticsEditor_cpp::L396,Magic.DinsPrimary,soh/soh/Enhancements/cosmetics/CosmeticsEditor.cpp,ENHANCEMENT_MENU,INTERNAL_IDENTIFIER
SOH_UI::soh::soh::Enhancements::cosmetics::CosmeticsEditor_cpp::L397,Magic.DinsSecondary,soh/soh/Enhancements/cosmetics/CosmeticsEditor.cpp,ENHANCEMENT_MENU,INTERNAL_IDENTIFIER
SOH_UI::soh::soh::Enhancements::cosmetics::CosmeticsEditor_cpp::L398,Magic.FaroresPrimary,soh/soh/Enhancements/cosmetics/CosmeticsEditor.cpp,ENHANCEMENT_MENU,INTERNAL_IDENTIFIER
SOH_UI::soh::soh::Enhancements::cosmetics::CosmeticsEditor_cpp::L399,Magic.FaroresSecondary,soh/soh/Enhancements/cosmetics/CosmeticsEditor.cpp,ENHANCEMENT_MENU,INTERNAL_IDENTIFIER
SOH_UI::soh::soh::Enhancements::cosmetics::CosmeticsEditor_cpp::L400,Magic.NayrusPrimary,soh/soh/Enhancements/cosmetics/CosmeticsEditor.cpp,ENHANCEMENT_MENU,INTERNAL_IDENTIFIER
SOH_UI::soh::soh::Enhancements::cosmetics::CosmeticsEditor_cpp::L401,Magic.NayrusSecondary,soh/soh/Enhancements/cosmetics/CosmeticsEditor.cpp,ENHANCEMENT_MENU,INTERNAL_IDENTIFIER
SOH_UI::soh::soh::Enhancements::cosmetics::CosmeticsEditor_cpp::L403,SpinAttack.Level1Primary,soh/soh/Enhancements/cosmetics/CosmeticsEditor.cpp,ENHANCEMENT_MENU,INTERNAL_IDENTIFIER
SOH_UI::soh::soh::Enhancements::cosmetics::CosmeticsEditor_cpp::L404,SpinAttack.Level1Secondary,soh/soh/Enhancements/cosmetics/CosmeticsEditor.cpp,ENHANCEMENT_MENU,INTERNAL_IDENTIFIER
SOH_UI::soh::soh::Enhancements::cosmetics::CosmeticsEditor_cpp::L405,SpinAttack.Level2Primary,soh/soh/Enhancements/cosmetics/CosmeticsEditor.cpp,ENHANCEMENT_MENU,INTERNAL_IDENTIFIER
SOH_UI::soh::soh::Enhancements::cosmetics::CosmeticsEditor_cpp::L406,SpinAttack.Level2Secondary,soh/soh/Enhancements/cosmetics/CosmeticsEditor.cpp,ENHANCEMENT_MENU,INTERNAL_IDENTIFIER
SOH_UI::soh::soh::Enhancements::cosmetics::CosmeticsEditor_cpp::L408,Trails.Bombchu,soh/soh/Enhancements/cosmetics/CosmeticsEditor.cpp,ENHANCEMENT_MENU,INTERNAL_IDENTIFIER
SOH_UI::soh::soh::Enhancements::cosmetics::CosmeticsEditor_cpp::L408,Bombchu,soh/soh/Enhancements/cosmetics/CosmeticsEditor.cpp,ENHANCEMENT_MENU,PLAYER_FACING
SOH_UI::soh::soh::Enhancements::cosmetics::CosmeticsEditor_cpp::L409,Trails.Boomerang,soh/soh/Enhancements/cosmetics/CosmeticsEditor.cpp,ENHANCEMENT_MENU,INTERNAL_IDENTIFIER
SOH_UI::soh::soh::Enhancements::cosmetics::CosmeticsEditor_cpp::L409,Boomerang,soh/soh/Enhancements/cosmetics/CosmeticsEditor.cpp,ENHANCEMENT_MENU,PLAYER_FACING
SOH_UI::soh::soh::Enhancements::cosmetics::CosmeticsEditor_cpp::L410,Trails.KokiriSword,soh/soh/Enhancements/cosmetics/CosmeticsEditor.cpp,ENHANCEMENT_MENU,INTERNAL_IDENTIFIER
SOH_UI::soh::soh::Enhancements::cosmetics::CosmeticsEditor_cpp::L411,Trails.MasterSword,soh/soh/Enhancements/cosmetics/CosmeticsEditor.cpp,ENHANCEMENT_MENU,INTERNAL_IDENTIFIER
SOH_UI::soh::soh::Enhancements::cosmetics::CosmeticsEditor_cpp::L412,Trails.BiggoronSword,soh/soh/Enhancements/cosmetics/CosmeticsEditor.cpp,ENHANCEMENT_MENU,INTERNAL_IDENTIFIER
SOH_UI::soh::soh::Enhancements::cosmetics::CosmeticsEditor_cpp::L413,Trails.Stick,soh/soh/Enhancements/cosmetics/CosmeticsEditor.cpp,ENHANCEMENT_MENU,INTERNAL_IDENTIFIER
SOH_UI::soh::soh::Enhancements::cosmetics::CosmeticsEditor_cpp::L413,Stick,soh/soh/Enhancements/cosmetics/CosmeticsEditor.cpp,ENHANCEMENT_MENU,PLAYER_FACING
SOH_UI::soh::soh::Enhancements::cosmetics::CosmeticsEditor_cpp::L414,Hammer,soh/soh/Enhancements/cosmetics/CosmeticsEditor.cpp,ENHANCEMENT_MENU,PLAYER_FACING
SOH_UI::soh::soh::Enhancements::cosmetics::CosmeticsEditor_cpp::L416,World.BlockOfTime,soh/soh/Enhancements/cosmetics/CosmeticsEditor.cpp,ENHANCEMENT_MENU,INTERNAL_IDENTIFIER
SOH_UI::soh::soh::Enhancements::cosmetics::CosmeticsEditor_cpp::L417,World.Moon,soh/soh/Enhancements/cosmetics/CosmeticsEditor.cpp,ENHANCEMENT_MENU,INTERNAL_IDENTIFIER
SOH_UI::soh::soh::Enhancements::cosmetics::CosmeticsEditor_cpp::L417,Moon,soh/soh/Enhancements/cosmetics/CosmeticsEditor.cpp,ENHANCEMENT_MENU,PLAYER_FACING
SOH_UI::soh::soh::Enhancements::cosmetics::CosmeticsEditor_cpp::L418,World.GossipStone,soh/soh/Enhancements/cosmetics/CosmeticsEditor.cpp,ENHANCEMENT_MENU,INTERNAL_IDENTIFIER
SOH_UI::soh::soh::Enhancements::cosmetics::CosmeticsEditor_cpp::L419,World.RedIce,soh/soh/Enhancements/cosmetics/CosmeticsEditor.cpp,ENHANCEMENT_MENU,INTERNAL_IDENTIFIER
SOH_UI::soh::soh::Enhancements::cosmetics::CosmeticsEditor_cpp::L420,World.MysteryItem,soh/soh/Enhancements/cosmetics/CosmeticsEditor.cpp,ENHANCEMENT_MENU,INTERNAL_IDENTIFIER
SOH_UI::soh::soh::Enhancements::cosmetics::CosmeticsEditor_cpp::L422,Navi.IdlePrimary,soh/soh/Enhancements/cosmetics/CosmeticsEditor.cpp,ENHANCEMENT_MENU,INTERNAL_IDENTIFIER
SOH_UI::soh::soh::Enhancements::cosmetics::CosmeticsEditor_cpp::L423,Navi.IdleSecondary,soh/soh/Enhancements/cosmetics/CosmeticsEditor.cpp,ENHANCEMENT_MENU,INTERNAL_IDENTIFIER
SOH_UI::soh::soh::Enhancements::cosmetics::CosmeticsEditor_cpp::L424,Navi.NPCPrimary,soh/soh/Enhancements/cosmetics/CosmeticsEditor.cpp,ENHANCEMENT_MENU,INTERNAL_IDENTIFIER
SOH_UI::soh::soh::Enhancements::cosmetics::CosmeticsEditor_cpp::L425,Navi.NPCSecondary,soh/soh/Enhancements/cosmetics/CosmeticsEditor.cpp,ENHANCEMENT_MENU,INTERNAL_IDENTIFIER
SOH_UI::soh::soh::Enhancements::cosmetics::CosmeticsEditor_cpp::L426,Navi.EnemyPrimary,soh/soh/Enhancements/cosmetics/CosmeticsEditor.cpp,ENHANCEMENT_MENU,INTERNAL_IDENTIFIER
SOH_UI::soh::soh::Enhancements::cosmetics::CosmeticsEditor_cpp::L427,Navi.EnemySecondary,soh/soh/Enhancements/cosmetics/CosmeticsEditor.cpp,ENHANCEMENT_MENU,INTERNAL_IDENTIFIER
SOH_UI::soh::soh::Enhancements::cosmetics::CosmeticsEditor_cpp::L428,Navi.PropsPrimary,soh/soh/Enhancements/cosmetics/CosmeticsEditor.cpp,ENHANCEMENT_MENU,INTERNAL_IDENTIFIER
SOH_UI::soh::soh::Enhancements::cosmetics::CosmeticsEditor_cpp::L429,Navi.PropsSecondary,soh/soh/Enhancements/cosmetics/CosmeticsEditor.cpp,ENHANCEMENT_MENU,INTERNAL_IDENTIFIER
SOH_UI::soh::soh::Enhancements::cosmetics::CosmeticsEditor_cpp::L431,Ivan.IdlePrimary,soh/soh/Enhancements/cosmetics/CosmeticsEditor.cpp,ENHANCEMENT_MENU,INTERNAL_IDENTIFIER
SOH_UI::soh::soh::Enhancements::cosmetics::CosmeticsEditor_cpp::L432,Ivan.IdleSecondary,soh/soh/Enhancements/cosmetics/CosmeticsEditor.cpp,ENHANCEMENT_MENU,INTERNAL_IDENTIFIER
SOH_UI::soh::soh::Enhancements::cosmetics::CosmeticsEditor_cpp::L434,NPC.FireKeesePrimary,soh/soh/Enhancements/cosmetics/CosmeticsEditor.cpp,ENHANCEMENT_MENU,INTERNAL_IDENTIFIER
SOH_UI::soh::soh::Enhancements::cosmetics::CosmeticsEditor_cpp::L435,NPC.FireKeeseSecondary,soh/soh/Enhancements/cosmetics/CosmeticsEditor.cpp,ENHANCEMENT_MENU,INTERNAL_IDENTIFIER
SOH_UI::soh::soh::Enhancements::cosmetics::CosmeticsEditor_cpp::L436,NPC.IceKeesePrimary,soh/soh/Enhancements/cosmetics/CosmeticsEditor.cpp,ENHANCEMENT_MENU,INTERNAL_IDENTIFIER
SOH_UI::soh::soh::Enhancements::cosmetics::CosmeticsEditor_cpp::L437,NPC.IceKeeseSecondary,soh/soh/Enhancements/cosmetics/CosmeticsEditor.cpp,ENHANCEMENT_MENU,INTERNAL_IDENTIFIER
SOH_UI::soh::soh::Enhancements::cosmetics::CosmeticsEditor_cpp::L439,NPC.Dog1,soh/soh/Enhancements/cosmetics/CosmeticsEditor.cpp,ENHANCEMENT_MENU,INTERNAL_IDENTIFIER
SOH_UI::soh::soh::Enhancements::cosmetics::CosmeticsEditor_cpp::L440,NPC.Dog2,soh/soh/Enhancements/cosmetics/CosmeticsEditor.cpp,ENHANCEMENT_MENU,INTERNAL_IDENTIFIER
SOH_UI::soh::soh::Enhancements::cosmetics::CosmeticsEditor_cpp::L441,NPC.GoldenSkulltula,soh/soh/Enhancements/cosmetics/CosmeticsEditor.cpp,ENHANCEMENT_MENU,INTERNAL_IDENTIFIER
SOH_UI::soh::soh::Enhancements::cosmetics::CosmeticsEditor_cpp::L442,NPC.Kokiri,soh/soh/Enhancements/cosmetics/CosmeticsEditor.cpp,ENHANCEMENT_MENU,INTERNAL_IDENTIFIER
SOH_UI::soh::soh::Enhancements::cosmetics::CosmeticsEditor_cpp::L442,Kokiri,soh/soh/Enhancements/cosmetics/CosmeticsEditor.cpp,ENHANCEMENT_MENU,PLAYER_FACING
SOH_UI::soh::soh::Enhancements::cosmetics::CosmeticsEditor_cpp::L443,NPC.Gerudo,soh/soh/Enhancements/cosmetics/CosmeticsEditor.cpp,ENHANCEMENT_MENU,INTERNAL_IDENTIFIER
SOH_UI::soh::soh::Enhancements::cosmetics::CosmeticsEditor_cpp::L443,Gerudo,soh/soh/Enhancements/cosmetics/CosmeticsEditor.cpp,ENHANCEMENT_MENU,PLAYER_FACING
SOH_UI::soh::soh::Enhancements::cosmetics::CosmeticsEditor_cpp::L444,NPC.MetalTrap,soh/soh/Enhancements/cosmetics/CosmeticsEditor.cpp,ENHANCEMENT_MENU,INTERNAL_IDENTIFIER
SOH_UI::soh::soh::Enhancements::cosmetics::CosmeticsEditor_cpp::L445,NPC.IronKnuckles,soh/soh/Enhancements/cosmetics/CosmeticsEditor.cpp,ENHANCEMENT_MENU,INTERNAL_IDENTIFIER
SOH_UI::soh::soh::Enhancements::cosmetics::CosmeticsEditor_cpp::L450,HUD.MagicBar,soh/soh/Enhancements/cosmetics/CosmeticsEditor.cpp,ENHANCEMENT_MENU,INTERNAL_IDENTIFIER
SOH_UI::soh::soh::Enhancements::cosmetics::CosmeticsEditor_cpp::L451,HUD.VisualSoA,soh/soh/Enhancements/cosmetics/CosmeticsEditor.cpp,ENHANCEMENT_MENU,INTERNAL_IDENTIFIER
SOH_UI::soh::soh::Enhancements::cosmetics::CosmeticsEditor_cpp::L451,HUD.BButton,soh/soh/Enhancements/cosmetics/CosmeticsEditor.cpp,ENHANCEMENT_MENU,INTERNAL_IDENTIFIER
SOH_UI::soh::soh::Enhancements::cosmetics::CosmeticsEditor_cpp::L451,HUD.AButton,soh/soh/Enhancements/cosmetics/CosmeticsEditor.cpp,ENHANCEMENT_MENU,INTERNAL_IDENTIFIER
SOH_UI::soh::soh::Enhancements::cosmetics::CosmeticsEditor_cpp::L452,HUD.StartButton,soh/soh/Enhancements/cosmetics/CosmeticsEditor.cpp,ENHANCEMENT_MENU,INTERNAL_IDENTIFIER
SOH_UI::soh::soh::Enhancements::cosmetics::CosmeticsEditor_cpp::L452,HUD.CUpButton,soh/soh/Enhancements/cosmetics/CosmeticsEditor.cpp,ENHANCEMENT_MENU,INTERNAL_IDENTIFIER
SOH_UI::soh::soh::Enhancements::cosmetics::CosmeticsEditor_cpp::L452,HUD.CDownButton,soh/soh/Enhancements/cosmetics/CosmeticsEditor.cpp,ENHANCEMENT_MENU,INTERNAL_IDENTIFIER
SOH_UI::soh::soh::Enhancements::cosmetics::CosmeticsEditor_cpp::L453,HUD.CLeftButton,soh/soh/Enhancements/cosmetics/CosmeticsEditor.cpp,ENHANCEMENT_MENU,INTERNAL_IDENTIFIER
SOH_UI::soh::soh::Enhancements::cosmetics::CosmeticsEditor_cpp::L453,HUD.CRightButton,soh/soh/Enhancements/cosmetics/CosmeticsEditor.cpp,ENHANCEMENT_MENU,INTERNAL_IDENTIFIER
SOH_UI::soh::soh::Enhancements::cosmetics::CosmeticsEditor_cpp::L453,HUD.Dpad,soh/soh/Enhancements/cosmetics/CosmeticsEditor.cpp,ENHANCEMENT_MENU,INTERNAL_IDENTIFIER
SOH_UI::soh::soh::Enhancements::cosmetics::CosmeticsEditor_cpp::L454,HUD.Minimap,soh/soh/Enhancements/cosmetics/CosmeticsEditor.cpp,ENHANCEMENT_MENU,INTERNAL_IDENTIFIER
SOH_UI::soh::soh::Enhancements::cosmetics::CosmeticsEditor_cpp::L454,HUD.SmallKey,soh/soh/Enhancements/cosmetics/CosmeticsEditor.cpp,ENHANCEMENT_MENU,INTERNAL_IDENTIFIER
SOH_UI::soh::soh::Enhancements::cosmetics::CosmeticsEditor_cpp::L454,HUD.Rupees,soh/soh/Enhancements/cosmetics/CosmeticsEditor.cpp,ENHANCEMENT_MENU,INTERNAL_IDENTIFIER
SOH_UI::soh::soh::Enhancements::cosmetics::CosmeticsEditor_cpp::L455,HUD.Carrots,soh/soh/Enhancements/cosmetics/CosmeticsEditor.cpp,ENHANCEMENT_MENU,INTERNAL_IDENTIFIER
SOH_UI::soh::soh::Enhancements::cosmetics::CosmeticsEditor_cpp::L455,HUD.Timers,soh/soh/Enhancements/cosmetics/CosmeticsEditor.cpp,ENHANCEMENT_MENU,INTERNAL_IDENTIFIER
SOH_UI::soh::soh::Enhancements::cosmetics::CosmeticsEditor_cpp::L455,HUD.ArcheryScore,soh/soh/Enhancements/cosmetics/CosmeticsEditor.cpp,ENHANCEMENT_MENU,INTERNAL_IDENTIFIER
SOH_UI::soh::soh::Enhancements::cosmetics::CosmeticsEditor_cpp::L456,HUD.TitleCard.Map,soh/soh/Enhancements/cosmetics/CosmeticsEditor.cpp,ENHANCEMENT_MENU,INTERNAL_IDENTIFIER
SOH_UI::soh::soh::Enhancements::cosmetics::CosmeticsEditor_cpp::L456,HUD.TitleCard.Boss,soh/soh/Enhancements/cosmetics/CosmeticsEditor.cpp,ENHANCEMENT_MENU,INTERNAL_IDENTIFIER
SOH_UI::soh::soh::Enhancements::cosmetics::CosmeticsEditor_cpp::L456,HUD.IGT,soh/soh/Enhancements/cosmetics/CosmeticsEditor.cpp,ENHANCEMENT_MENU,INTERNAL_IDENTIFIER
SOH_UI::soh::soh::Enhancements::cosmetics::CosmeticsEditor_cpp::L460,HUD.Carrots,soh/soh/Enhancements/cosmetics/CosmeticsEditor.cpp,ENHANCEMENT_MENU,INTERNAL_IDENTIFIER
SOH_UI::soh::soh::Enhancements::cosmetics::CosmeticsEditor_cpp::L460,HUD.Timers,soh/soh/Enhancements/cosmetics/CosmeticsEditor.cpp,ENHANCEMENT_MENU,INTERNAL_IDENTIFIER
SOH_UI::soh::soh::Enhancements::cosmetics::CosmeticsEditor_cpp::L460,HUD.ArcheryScore,soh/soh/Enhancements/cosmetics/CosmeticsEditor.cpp,ENHANCEMENT_MENU,INTERNAL_IDENTIFIER
SOH_UI::soh::soh::Enhancements::cosmetics::CosmeticsEditor_cpp::L461,HUD.TitleCard.Map,soh/soh/Enhancements/cosmetics/CosmeticsEditor.cpp,ENHANCEMENT_MENU,INTERNAL_IDENTIFIER
SOH_UI::soh::soh::Enhancements::cosmetics::CosmeticsEditor_cpp::L461,HUD.TitleCard.Boss,soh/soh/Enhancements/cosmetics/CosmeticsEditor.cpp,ENHANCEMENT_MENU,INTERNAL_IDENTIFIER
SOH_UI::soh::soh::Enhancements::cosmetics::CosmeticsEditor_cpp::L521,RainbowSpeed,soh/soh/Enhancements/cosmetics/CosmeticsEditor.cpp,ENHANCEMENT_MENU,PLAYER_FACING
SOH_UI::soh::soh::Enhancements::cosmetics::CosmeticsEditor_cpp::L545,RainbowSync,soh/soh/Enhancements/cosmetics/CosmeticsEditor.cpp,ENHANCEMENT_MENU,PLAYER_FACING
SOH_UI::soh::soh::Enhancements::cosmetics::CosmeticsEditor_cpp::L569,Magic.FaroresPrimary,soh/soh/Enhancements/cosmetics/CosmeticsEditor.cpp,ENHANCEMENT_MENU,INTERNAL_IDENTIFIER
SOH_UI::soh::soh::Enhancements::cosmetics::CosmeticsEditor_cpp::L572,Magic_FaroresPrimary1,soh/soh/Enhancements/cosmetics/CosmeticsEditor.cpp,ENHANCEMENT_MENU,PLAYER_FACING
SOH_UI::soh::soh::Enhancements::cosmetics::CosmeticsEditor_cpp::L574,Magic_FaroresPrimary2,soh/soh/Enhancements/cosmetics/CosmeticsEditor.cpp,ENHANCEMENT_MENU,PLAYER_FACING
SOH_UI::soh::soh::Enhancements::cosmetics::CosmeticsEditor_cpp::L578,Magic.FaroresSecondary,soh/soh/Enhancements/cosmetics/CosmeticsEditor.cpp,ENHANCEMENT_MENU,INTERNAL_IDENTIFIER
SOH_UI::soh::soh::Enhancements::cosmetics::CosmeticsEditor_cpp::L581,Magic_FaroresSecondary1,soh/soh/Enhancements/cosmetics/CosmeticsEditor.cpp,ENHANCEMENT_MENU,PLAYER_FACING
SOH_UI::soh::soh::Enhancements::cosmetics::CosmeticsEditor_cpp::L583,Magic_FaroresSecondary2,soh/soh/Enhancements/cosmetics/CosmeticsEditor.cpp,ENHANCEMENT_MENU,PLAYER_FACING
SOH_UI::soh::soh::Enhancements::cosmetics::CosmeticsEditor_cpp::L587,Link.GoronTunic,soh/soh/Enhancements/cosmetics/CosmeticsEditor.cpp,ENHANCEMENT_MENU,INTERNAL_IDENTIFIER
SOH_UI::soh::soh::Enhancements::cosmetics::CosmeticsEditor_cpp::L590,Link_GoronTunic1,soh/soh/Enhancements/cosmetics/CosmeticsEditor.cpp,ENHANCEMENT_MENU,PLAYER_FACING
SOH_UI::soh::soh::Enhancements::cosmetics::CosmeticsEditor_cpp::L592,Link_GoronTunic2,soh/soh/Enhancements/cosmetics/CosmeticsEditor.cpp,ENHANCEMENT_MENU,PLAYER_FACING
SOH_UI::soh::soh::Enhancements::cosmetics::CosmeticsEditor_cpp::L594,Link_GoronTunic3,soh/soh/Enhancements/cosmetics/CosmeticsEditor.cpp,ENHANCEMENT_MENU,PLAYER_FACING
SOH_UI::soh::soh::Enhancements::cosmetics::CosmeticsEditor_cpp::L596,Link_GoronTunic4,soh/soh/Enhancements/cosmetics/CosmeticsEditor.cpp,ENHANCEMENT_MENU,PLAYER_FACING
SOH_UI::soh::soh::Enhancements::cosmetics::CosmeticsEditor_cpp::L600,Link.ZoraTunic,soh/soh/Enhancements/cosmetics/CosmeticsEditor.cpp,ENHANCEMENT_MENU,INTERNAL_IDENTIFIER
SOH_UI::soh::soh::Enhancements::cosmetics::CosmeticsEditor_cpp::L603,Link_ZoraTunic1,soh/soh/Enhancements/cosmetics/CosmeticsEditor.cpp,ENHANCEMENT_MENU,PLAYER_FACING
SOH_UI::soh::soh::Enhancements::cosmetics::CosmeticsEditor_cpp::L605,Link_ZoraTunic2,soh/soh/Enhancements/cosmetics/CosmeticsEditor.cpp,ENHANCEMENT_MENU,PLAYER_FACING
SOH_UI::soh::soh::Enhancements::cosmetics::CosmeticsEditor_cpp::L607,Link_ZoraTunic3,soh/soh/Enhancements/cosmetics/CosmeticsEditor.cpp,ENHANCEMENT_MENU,PLAYER_FACING
SOH_UI::soh::soh::Enhancements::cosmetics::CosmeticsEditor_cpp::L609,Link_ZoraTunic4,soh/soh/Enhancements/cosmetics/CosmeticsEditor.cpp,ENHANCEMENT_MENU,PLAYER_FACING
SOH_UI::soh::soh::Enhancements::cosmetics::CosmeticsEditor_cpp::L616,Link_Hair1,soh/soh/Enhancements/cosmetics/CosmeticsEditor.cpp,ENHANCEMENT_MENU,PLAYER_FACING
SOH_UI::soh::soh::Enhancements::cosmetics::CosmeticsEditor_cpp::L618,Link_Hair2,soh/soh/Enhancements/cosmetics/CosmeticsEditor.cpp,ENHANCEMENT_MENU,PLAYER_FACING
SOH_UI::soh::soh::Enhancements::cosmetics::CosmeticsEditor_cpp::L620,Link_Hair3,soh/soh/Enhancements/cosmetics/CosmeticsEditor.cpp,ENHANCEMENT_MENU,PLAYER_FACING
SOH_UI::soh::soh::Enhancements::cosmetics::CosmeticsEditor_cpp::L622,Link_Hair4,soh/soh/Enhancements/cosmetics/CosmeticsEditor.cpp,ENHANCEMENT_MENU,PLAYER_FACING
SOH_UI::soh::soh::Enhancements::cosmetics::CosmeticsEditor_cpp::L626,Link_Hair5,soh/soh/Enhancements/cosmetics/CosmeticsEditor.cpp,ENHANCEMENT_MENU,PLAYER_FACING
SOH_UI::soh::soh::Enhancements::cosmetics::CosmeticsEditor_cpp::L627,Link_Hair6,soh/soh/Enhancements/cosmetics/CosmeticsEditor.cpp,ENHANCEMENT_MENU,PLAYER_FACING
SOH_UI::soh::soh::Enhancements::cosmetics::CosmeticsEditor_cpp::L628,Link_Hair7,soh/soh/Enhancements/cosmetics/CosmeticsEditor.cpp,ENHANCEMENT_MENU,PLAYER_FACING
SOH_UI::soh::soh::Enhancements::cosmetics::CosmeticsEditor_cpp::L629,Link_Hair8,soh/soh/Enhancements/cosmetics/CosmeticsEditor.cpp,ENHANCEMENT_MENU,PLAYER_FACING
SOH_UI::soh::soh::Enhancements::cosmetics::CosmeticsEditor_cpp::L630,Link_Hair9,soh/soh/Enhancements/cosmetics/CosmeticsEditor.cpp,ENHANCEMENT_MENU,PLAYER_FACING
SOH_UI::soh::soh::Enhancements::cosmetics::CosmeticsEditor_cpp::L631,Link_Hair10,soh/soh/Enhancements/cosmetics/CosmeticsEditor.cpp,ENHANCEMENT_MENU,PLAYER_FACING
SOH_UI::soh::soh::Enhancements::cosmetics::CosmeticsEditor_cpp::L632,Link_Hair11,soh/soh/Enhancements/cosmetics/CosmeticsEditor.cpp,ENHANCEMENT_MENU,PLAYER_FACING
SOH_UI::soh::soh::Enhancements::cosmetics::CosmeticsEditor_cpp::L633,Link_Hair12,soh/soh/Enhancements/cosmetics/CosmeticsEditor.cpp,ENHANCEMENT_MENU,PLAYER_FACING
SOH_UI::soh::soh::Enhancements::cosmetics::CosmeticsEditor_cpp::L634,Link_Hair13,soh/soh/Enhancements/cosmetics/CosmeticsEditor.cpp,ENHANCEMENT_MENU,PLAYER_FACING
SOH_UI::soh::soh::Enhancements::cosmetics::CosmeticsEditor_cpp::L635,Link_Hair14,soh/soh/Enhancements/cosmetics/CosmeticsEditor.cpp,ENHANCEMENT_MENU,PLAYER_FACING
SOH_UI::soh::soh::Enhancements::cosmetics::CosmeticsEditor_cpp::L639,Link.Linen,soh/soh/Enhancements/cosmetics/CosmeticsEditor.cpp,ENHANCEMENT_MENU,INTERNAL_IDENTIFIER
SOH_UI::soh::soh::Enhancements::cosmetics::CosmeticsEditor_cpp::L642,Link_Linen1,soh/soh/Enhancements/cosmetics/CosmeticsEditor.cpp,ENHANCEMENT_MENU,PLAYER_FACING
SOH_UI::soh::soh::Enhancements::cosmetics::CosmeticsEditor_cpp::L644,Link_Linen2,soh/soh/Enhancements/cosmetics/CosmeticsEditor.cpp,ENHANCEMENT_MENU,PLAYER_FACING
SOH_UI::soh::soh::Enhancements::cosmetics::CosmeticsEditor_cpp::L646,Link_Linen3,soh/soh/Enhancements/cosmetics/CosmeticsEditor.cpp,ENHANCEMENT_MENU,PLAYER_FACING
SOH_UI::soh::soh::Enhancements::cosmetics::CosmeticsEditor_cpp::L648,Link_Linen4,soh/soh/Enhancements/cosmetics/CosmeticsEditor.cpp,ENHANCEMENT_MENU,PLAYER_FACING
SOH_UI::soh::soh::Enhancements::cosmetics::CosmeticsEditor_cpp::L650,Link_Linen5,soh/soh/Enhancements/cosmetics/CosmeticsEditor.cpp,ENHANCEMENT_MENU,PLAYER_FACING
SOH_UI::soh::soh::Enhancements::cosmetics::CosmeticsEditor_cpp::L652,Link_Linen6,soh/soh/Enhancements/cosmetics/CosmeticsEditor.cpp,ENHANCEMENT_MENU,PLAYER_FACING
SOH_UI::soh::soh::Enhancements::cosmetics::CosmeticsEditor_cpp::L654,Link_Linen7,soh/soh/Enhancements/cosmetics/CosmeticsEditor.cpp,ENHANCEMENT_MENU,PLAYER_FACING
SOH_UI::soh::soh::Enhancements::cosmetics::CosmeticsEditor_cpp::L656,Link_Linen8,soh/soh/Enhancements/cosmetics/CosmeticsEditor.cpp,ENHANCEMENT_MENU,PLAYER_FACING
SOH_UI::soh::soh::Enhancements::cosmetics::CosmeticsEditor_cpp::L658,Link_Linen9,soh/soh/Enhancements/cosmetics/CosmeticsEditor.cpp,ENHANCEMENT_MENU,PLAYER_FACING
SOH_UI::soh::soh::Enhancements::cosmetics::CosmeticsEditor_cpp::L660,Link_Linen10,soh/soh/Enhancements/cosmetics/CosmeticsEditor.cpp,ENHANCEMENT_MENU,PLAYER_FACING
SOH_UI::soh::soh::Enhancements::cosmetics::CosmeticsEditor_cpp::L662,Link_Linen11,soh/soh/Enhancements/cosmetics/CosmeticsEditor.cpp,ENHANCEMENT_MENU,PLAYER_FACING
SOH_UI::soh::soh::Enhancements::cosmetics::CosmeticsEditor_cpp::L664,Link_Linen12,soh/soh/Enhancements/cosmetics/CosmeticsEditor.cpp,ENHANCEMENT_MENU,PLAYER_FACING
SOH_UI::soh::soh::Enhancements::cosmetics::CosmeticsEditor_cpp::L666,Link_Linen13,soh/soh/Enhancements/cosmetics/CosmeticsEditor.cpp,ENHANCEMENT_MENU,PLAYER_FACING
SOH_UI::soh::soh::Enhancements::cosmetics::CosmeticsEditor_cpp::L668,Link_Linen14,soh/soh/Enhancements/cosmetics/CosmeticsEditor.cpp,ENHANCEMENT_MENU,PLAYER_FACING
SOH_UI::soh::soh::Enhancements::cosmetics::CosmeticsEditor_cpp::L670,Link_Linen15,soh/soh/Enhancements/cosmetics/CosmeticsEditor.cpp,ENHANCEMENT_MENU,PLAYER_FACING
SOH_UI::soh::soh::Enhancements::cosmetics::CosmeticsEditor_cpp::L672,Link_Linen16,soh/soh/Enhancements/cosmetics/CosmeticsEditor.cpp,ENHANCEMENT_MENU,PLAYER_FACING
SOH_UI::soh::soh::Enhancements::cosmetics::CosmeticsEditor_cpp::L674,Link_Linen17,soh/soh/Enhancements/cosmetics/CosmeticsEditor.cpp,ENHANCEMENT_MENU,PLAYER_FACING
SOH_UI::soh::soh::Enhancements::cosmetics::CosmeticsEditor_cpp::L676,Link_Linen18,soh/soh/Enhancements/cosmetics/CosmeticsEditor.cpp,ENHANCEMENT_MENU,PLAYER_FACING
SOH_UI::soh::soh::Enhancements::cosmetics::CosmeticsEditor_cpp::L678,Link_Linen19,soh/soh/Enhancements/cosmetics/CosmeticsEditor.cpp,ENHANCEMENT_MENU,PLAYER_FACING
SOH_UI::soh::soh::Enhancements::cosmetics::CosmeticsEditor_cpp::L680,Link_Linen20,soh/soh/Enhancements/cosmetics/CosmeticsEditor.cpp,ENHANCEMENT_MENU,PLAYER_FACING
SOH_UI::soh::soh::Enhancements::cosmetics::CosmeticsEditor_cpp::L682,Link_Linen21,soh/soh/Enhancements/cosmetics/CosmeticsEditor.cpp,ENHANCEMENT_MENU,PLAYER_FACING
SOH_UI::soh::soh::Enhancements::cosmetics::CosmeticsEditor_cpp::L684,Link_Linen22,soh/soh/Enhancements/cosmetics/CosmeticsEditor.cpp,ENHANCEMENT_MENU,PLAYER_FACING
SOH_UI::soh::soh::Enhancements::cosmetics::CosmeticsEditor_cpp::L688,Link_Linen23,soh/soh/Enhancements/cosmetics/CosmeticsEditor.cpp,ENHANCEMENT_MENU,PLAYER_FACING
SOH_UI::soh::soh::Enhancements::cosmetics::CosmeticsEditor_cpp::L690,Link_Linen24,soh/soh/Enhancements/cosmetics/CosmeticsEditor.cpp,ENHANCEMENT_MENU,PLAYER_FACING
SOH_UI::soh::soh::Enhancements::cosmetics::CosmeticsEditor_cpp::L692,Link_Linen25,soh/soh/Enhancements/cosmetics/CosmeticsEditor.cpp,ENHANCEMENT_MENU,PLAYER_FACING
SOH_UI::soh::soh::Enhancements::cosmetics::CosmeticsEditor_cpp::L694,Link_Linen26,soh/soh/Enhancements/cosmetics/CosmeticsEditor.cpp,ENHANCEMENT_MENU,PLAYER_FACING
SOH_UI::soh::soh::Enhancements::cosmetics::CosmeticsEditor_cpp::L696,Link_Linen27,soh/soh/Enhancements/cosmetics/CosmeticsEditor.cpp,ENHANCEMENT_MENU,PLAYER_FACING
SOH_UI::soh::soh::Enhancements::cosmetics::CosmeticsEditor_cpp::L698,Link_Linen28,soh/soh/Enhancements/cosmetics/CosmeticsEditor.cpp,ENHANCEMENT_MENU,PLAYER_FACING
SOH_UI::soh::soh::Enhancements::cosmetics::CosmeticsEditor_cpp::L700,Link_Linen29,soh/soh/Enhancements/cosmetics/CosmeticsEditor.cpp,ENHANCEMENT_MENU,PLAYER_FACING
SOH_UI::soh::soh::Enhancements::cosmetics::CosmeticsEditor_cpp::L702,Link_Linen30,soh/soh/Enhancements/cosmetics/CosmeticsEditor.cpp,ENHANCEMENT_MENU,PLAYER_FACING
SOH_UI::soh::soh::Enhancements::cosmetics::CosmeticsEditor_cpp::L704,Link_Linen31,soh/soh/Enhancements/cosmetics/CosmeticsEditor.cpp,ENHANCEMENT_MENU,PLAYER_FACING
SOH_UI::soh::soh::Enhancements::cosmetics::CosmeticsEditor_cpp::L706,Link_Linen32,soh/soh/Enhancements/cosmetics/CosmeticsEditor.cpp,ENHANCEMENT_MENU,PLAYER_FACING
SOH_UI::soh::soh::Enhancements::cosmetics::CosmeticsEditor_cpp::L708,Link_Linen33,soh/soh/Enhancements/cosmetics/CosmeticsEditor.cpp,ENHANCEMENT_MENU,PLAYER_FACING
SOH_UI::soh::soh::Enhancements::cosmetics::CosmeticsEditor_cpp::L713,Link.Boots,soh/soh/Enhancements/cosmetics/CosmeticsEditor.cpp,ENHANCEMENT_MENU,INTERNAL_IDENTIFIER
SOH_UI::soh::soh::Enhancements::cosmetics::CosmeticsEditor_cpp::L716,Link_Boots1,soh/soh/Enhancements/cosmetics/CosmeticsEditor.cpp,ENHANCEMENT_MENU,PLAYER_FACING
SOH_UI::soh::soh::Enhancements::cosmetics::CosmeticsEditor_cpp::L718,Link_Boots2,soh/soh/Enhancements/cosmetics/CosmeticsEditor.cpp,ENHANCEMENT_MENU,PLAYER_FACING
SOH_UI::soh::soh::Enhancements::cosmetics::CosmeticsEditor_cpp::L720,Link_Boots3,soh/soh/Enhancements/cosmetics/CosmeticsEditor.cpp,ENHANCEMENT_MENU,PLAYER_FACING
SOH_UI::soh::soh::Enhancements::cosmetics::CosmeticsEditor_cpp::L722,Link_Boots4,soh/soh/Enhancements/cosmetics/CosmeticsEditor.cpp,ENHANCEMENT_MENU,PLAYER_FACING
SOH_UI::soh::soh::Enhancements::cosmetics::CosmeticsEditor_cpp::L726,Link_Boots5,soh/soh/Enhancements/cosmetics/CosmeticsEditor.cpp,ENHANCEMENT_MENU,PLAYER_FACING
SOH_UI::soh::soh::Enhancements::cosmetics::CosmeticsEditor_cpp::L727,Link_Boots6,soh/soh/Enhancements/cosmetics/CosmeticsEditor.cpp,ENHANCEMENT_MENU,PLAYER_FACING
SOH_UI::soh::soh::Enhancements::cosmetics::CosmeticsEditor_cpp::L728,Link_Boots7,soh/soh/Enhancements/cosmetics/CosmeticsEditor.cpp,ENHANCEMENT_MENU,PLAYER_FACING
SOH_UI::soh::soh::Enhancements::cosmetics::CosmeticsEditor_cpp::L729,Link_Boots8,soh/soh/Enhancements/cosmetics/CosmeticsEditor.cpp,ENHANCEMENT_MENU,PLAYER_FACING
SOH_UI::soh::soh::Enhancements::cosmetics::CosmeticsEditor_cpp::L730,Link_Boots9,soh/soh/Enhancements/cosmetics/CosmeticsEditor.cpp,ENHANCEMENT_MENU,PLAYER_FACING
SOH_UI::soh::soh::Enhancements::cosmetics::CosmeticsEditor_cpp::L731,Link_Boots10,soh/soh/Enhancements/cosmetics/CosmeticsEditor.cpp,ENHANCEMENT_MENU,PLAYER_FACING
SOH_UI::soh::soh::Enhancements::cosmetics::CosmeticsEditor_cpp::L732,Link_Boots11,soh/soh/Enhancements/cosmetics/CosmeticsEditor.cpp,ENHANCEMENT_MENU,PLAYER_FACING
SOH_UI::soh::soh::Enhancements::cosmetics::CosmeticsEditor_cpp::L733,Link_Boots12,soh/soh/Enhancements/cosmetics/CosmeticsEditor.cpp,ENHANCEMENT_MENU,PLAYER_FACING
SOH_UI::soh::soh::Enhancements::cosmetics::CosmeticsEditor_cpp::L734,Link_Boots13,soh/soh/Enhancements/cosmetics/CosmeticsEditor.cpp,ENHANCEMENT_MENU,PLAYER_FACING
SOH_UI::soh::soh::Enhancements::cosmetics::CosmeticsEditor_cpp::L735,Link_Boots14,soh/soh/Enhancements/cosmetics/CosmeticsEditor.cpp,ENHANCEMENT_MENU,PLAYER_FACING
SOH_UI::soh::soh::Enhancements::cosmetics::CosmeticsEditor_cpp::L736,Link_Boots15,soh/soh/Enhancements/cosmetics/CosmeticsEditor.cpp,ENHANCEMENT_MENU,PLAYER_FACING
SOH_UI::soh::soh::Enhancements::cosmetics::CosmeticsEditor_cpp::L737,Link_Boots16,soh/soh/Enhancements/cosmetics/CosmeticsEditor.cpp,ENHANCEMENT_MENU,PLAYER_FACING
SOH_UI::soh::soh::Enhancements::cosmetics::CosmeticsEditor_cpp::L738,Link_Boots17,soh/soh/Enhancements/cosmetics/CosmeticsEditor.cpp,ENHANCEMENT_MENU,PLAYER_FACING
SOH_UI::soh::soh::Enhancements::cosmetics::CosmeticsEditor_cpp::L739,Link_Boots18,soh/soh/Enhancements/cosmetics/CosmeticsEditor.cpp,ENHANCEMENT_MENU,PLAYER_FACING
SOH_UI::soh::soh::Enhancements::cosmetics::CosmeticsEditor_cpp::L740,Link_Boots19,soh/soh/Enhancements/cosmetics/CosmeticsEditor.cpp,ENHANCEMENT_MENU,PLAYER_FACING
SOH_UI::soh::soh::Enhancements::cosmetics::CosmeticsEditor_cpp::L741,Link_Boots20,soh/soh/Enhancements/cosmetics/CosmeticsEditor.cpp,ENHANCEMENT_MENU,PLAYER_FACING
SOH_UI::soh::soh::Enhancements::cosmetics::CosmeticsEditor_cpp::L742,Link_Boots21,soh/soh/Enhancements/cosmetics/CosmeticsEditor.cpp,ENHANCEMENT_MENU,PLAYER_FACING
SOH_UI::soh::soh::Enhancements::cosmetics::CosmeticsEditor_cpp::L743,Link_Boots22,soh/soh/Enhancements/cosmetics/CosmeticsEditor.cpp,ENHANCEMENT_MENU,PLAYER_FACING
SOH_UI::soh::soh::Enhancements::cosmetics::CosmeticsEditor_cpp::L744,Link_Boots23,soh/soh/Enhancements/cosmetics/CosmeticsEditor.cpp,ENHANCEMENT_MENU,PLAYER_FACING
SOH_UI::soh::soh::Enhancements::cosmetics::CosmeticsEditor_cpp::L745,Link_Boots24,soh/soh/Enhancements/cosmetics/CosmeticsEditor.cpp,ENHANCEMENT_MENU,PLAYER_FACING
SOH_UI::soh::soh::Enhancements::cosmetics::CosmeticsEditor_cpp::L746,Link_Boots25,soh/soh/Enhancements/cosmetics/CosmeticsEditor.cpp,ENHANCEMENT_MENU,PLAYER_FACING
SOH_UI::soh::soh::Enhancements::cosmetics::CosmeticsEditor_cpp::L747,Link_Boots26,soh/soh/Enhancements/cosmetics/CosmeticsEditor.cpp,ENHANCEMENT_MENU,PLAYER_FACING
SOH_UI::soh::soh::Enhancements::cosmetics::CosmeticsEditor_cpp::L748,Link_Boots27,soh/soh/Enhancements/cosmetics/CosmeticsEditor.cpp,ENHANCEMENT_MENU,PLAYER_FACING
SOH_UI::soh::soh::Enhancements::cosmetics::CosmeticsEditor_cpp::L749,Link_Boots28,soh/soh/Enhancements/cosmetics/CosmeticsEditor.cpp,ENHANCEMENT_MENU,PLAYER_FACING
SOH_UI::soh::soh::Enhancements::cosmetics::CosmeticsEditor_cpp::L753,MirrorShield.Body,soh/soh/Enhancements/cosmetics/CosmeticsEditor.cpp,ENHANCEMENT_MENU,INTERNAL_IDENTIFIER
SOH_UI::soh::soh::Enhancements::cosmetics::CosmeticsEditor_cpp::L756,MirrorShield_Body1,soh/soh/Enhancements/cosmetics/CosmeticsEditor.cpp,ENHANCEMENT_MENU,PLAYER_FACING
SOH_UI::soh::soh::Enhancements::cosmetics::CosmeticsEditor_cpp::L758,MirrorShield_Body2,soh/soh/Enhancements/cosmetics/CosmeticsEditor.cpp,ENHANCEMENT_MENU,PLAYER_FACING
SOH_UI::soh::soh::Enhancements::cosmetics::CosmeticsEditor_cpp::L760,MirrorShield_Body3,soh/soh/Enhancements/cosmetics/CosmeticsEditor.cpp,ENHANCEMENT_MENU,PLAYER_FACING
SOH_UI::soh::soh::Enhancements::cosmetics::CosmeticsEditor_cpp::L762,MirrorShield_Body4,soh/soh/Enhancements/cosmetics/CosmeticsEditor.cpp,ENHANCEMENT_MENU,PLAYER_FACING
SOH_UI::soh::soh::Enhancements::cosmetics::CosmeticsEditor_cpp::L764,MirrorShield_Body5,soh/soh/Enhancements/cosmetics/CosmeticsEditor.cpp,ENHANCEMENT_MENU,PLAYER_FACING
SOH_UI::soh::soh::Enhancements::cosmetics::CosmeticsEditor_cpp::L766,MirrorShield_Body6,soh/soh/Enhancements/cosmetics/CosmeticsEditor.cpp,ENHANCEMENT_MENU,PLAYER_FACING
SOH_UI::soh::soh::Enhancements::cosmetics::CosmeticsEditor_cpp::L768,MirrorShield_Body7,soh/soh/Enhancements/cosmetics/CosmeticsEditor.cpp,ENHANCEMENT_MENU,PLAYER_FACING
SOH_UI::soh::soh::Enhancements::cosmetics::CosmeticsEditor_cpp::L770,MirrorShield_Body8,soh/soh/Enhancements/cosmetics/CosmeticsEditor.cpp,ENHANCEMENT_MENU,PLAYER_FACING
SOH_UI::soh::soh::Enhancements::cosmetics::CosmeticsEditor_cpp::L773,MirrorShield.Mirror,soh/soh/Enhancements/cosmetics/CosmeticsEditor.cpp,ENHANCEMENT_MENU,INTERNAL_IDENTIFIER
SOH_UI::soh::soh::Enhancements::cosmetics::CosmeticsEditor_cpp::L776,MirrorShield_Mirror1,soh/soh/Enhancements/cosmetics/CosmeticsEditor.cpp,ENHANCEMENT_MENU,PLAYER_FACING
SOH_UI::soh::soh::Enhancements::cosmetics::CosmeticsEditor_cpp::L778,MirrorShield_Mirror2,soh/soh/Enhancements/cosmetics/CosmeticsEditor.cpp,ENHANCEMENT_MENU,PLAYER_FACING
SOH_UI::soh::soh::Enhancements::cosmetics::CosmeticsEditor_cpp::L780,MirrorShield_Mirror3,soh/soh/Enhancements/cosmetics/CosmeticsEditor.cpp,ENHANCEMENT_MENU,PLAYER_FACING
SOH_UI::soh::soh::Enhancements::cosmetics::CosmeticsEditor_cpp::L782,MirrorShield_Mirror4,soh/soh/Enhancements/cosmetics/CosmeticsEditor.cpp,ENHANCEMENT_MENU,PLAYER_FACING
SOH_UI::soh::soh::Enhancements::cosmetics::CosmeticsEditor_cpp::L784,MirrorShield_Mirror5,soh/soh/Enhancements/cosmetics/CosmeticsEditor.cpp,ENHANCEMENT_MENU,PLAYER_FACING
SOH_UI::soh::soh::Enhancements::cosmetics::CosmeticsEditor_cpp::L786,MirrorShield_Mirror6,soh/soh/Enhancements/cosmetics/CosmeticsEditor.cpp,ENHANCEMENT_MENU,PLAYER_FACING
SOH_UI::soh::soh::Enhancements::cosmetics::CosmeticsEditor_cpp::L788,MirrorShield_Mirror7,soh/soh/Enhancements/cosmetics/CosmeticsEditor.cpp,ENHANCEMENT_MENU,PLAYER_FACING
SOH_UI::soh::soh::Enhancements::cosmetics::CosmeticsEditor_cpp::L790,MirrorShield_Mirror8,soh/soh/Enhancements/cosmetics/CosmeticsEditor.cpp,ENHANCEMENT_MENU,PLAYER_FACING
SOH_UI::soh::soh::Enhancements::cosmetics::CosmeticsEditor_cpp::L793,MirrorShield.Emblem,soh/soh/Enhancements/cosmetics/CosmeticsEditor.cpp,ENHANCEMENT_MENU,INTERNAL_IDENTIFIER
SOH_UI::soh::soh::Enhancements::cosmetics::CosmeticsEditor_cpp::L796,MirrorShield_Emblem1,soh/soh/Enhancements/cosmetics/CosmeticsEditor.cpp,ENHANCEMENT_MENU,PLAYER_FACING
SOH_UI::soh::soh::Enhancements::cosmetics::CosmeticsEditor_cpp::L798,MirrorShield_Emblem2,soh/soh/Enhancements/cosmetics/CosmeticsEditor.cpp,ENHANCEMENT_MENU,PLAYER_FACING
SOH_UI::soh::soh::Enhancements::cosmetics::CosmeticsEditor_cpp::L800,MirrorShield_Emblem3,soh/soh/Enhancements/cosmetics/CosmeticsEditor.cpp,ENHANCEMENT_MENU,PLAYER_FACING
SOH_UI::soh::soh::Enhancements::cosmetics::CosmeticsEditor_cpp::L802,MirrorShield_Emblem4,soh/soh/Enhancements/cosmetics/CosmeticsEditor.cpp,ENHANCEMENT_MENU,PLAYER_FACING
SOH_UI::soh::soh::Enhancements::cosmetics::CosmeticsEditor_cpp::L804,MirrorShield_Emblem5,soh/soh/Enhancements/cosmetics/CosmeticsEditor.cpp,ENHANCEMENT_MENU,PLAYER_FACING
SOH_UI::soh::soh::Enhancements::cosmetics::CosmeticsEditor_cpp::L806,MirrorShield_Emblem6,soh/soh/Enhancements/cosmetics/CosmeticsEditor.cpp,ENHANCEMENT_MENU,PLAYER_FACING
SOH_UI::soh::soh::Enhancements::cosmetics::CosmeticsEditor_cpp::L808,MirrorShield_Emblem7,soh/soh/Enhancements/cosmetics/CosmeticsEditor.cpp,ENHANCEMENT_MENU,PLAYER_FACING
SOH_UI::soh::soh::Enhancements::cosmetics::CosmeticsEditor_cpp::L810,MirrorShield_Emblem8,soh/soh/Enhancements/cosmetics/CosmeticsEditor.cpp,ENHANCEMENT_MENU,PLAYER_FACING
SOH_UI::soh::soh::Enhancements::cosmetics::CosmeticsEditor_cpp::L814,Swords.KokiriBlade,soh/soh/Enhancements/cosmetics/CosmeticsEditor.cpp,ENHANCEMENT_MENU,INTERNAL_IDENTIFIER
SOH_UI::soh::soh::Enhancements::cosmetics::CosmeticsEditor_cpp::L817,Swords_KokiriBlade1,soh/soh/Enhancements/cosmetics/CosmeticsEditor.cpp,ENHANCEMENT_MENU,PLAYER_FACING
SOH_UI::soh::soh::Enhancements::cosmetics::CosmeticsEditor_cpp::L819,Swords_KokiriBlade2,soh/soh/Enhancements/cosmetics/CosmeticsEditor.cpp,ENHANCEMENT_MENU,PLAYER_FACING
SOH_UI::soh::soh::Enhancements::cosmetics::CosmeticsEditor_cpp::L821,Swords_KokiriBlade3,soh/soh/Enhancements/cosmetics/CosmeticsEditor.cpp,ENHANCEMENT_MENU,PLAYER_FACING
SOH_UI::soh::soh::Enhancements::cosmetics::CosmeticsEditor_cpp::L823,Swords_KokiriBlade4,soh/soh/Enhancements/cosmetics/CosmeticsEditor.cpp,ENHANCEMENT_MENU,PLAYER_FACING
SOH_UI::soh::soh::Enhancements::cosmetics::CosmeticsEditor_cpp::L827,Swords.KokiriHilt,soh/soh/Enhancements/cosmetics/CosmeticsEditor.cpp,ENHANCEMENT_MENU,INTERNAL_IDENTIFIER
SOH_UI::soh::soh::Enhancements::cosmetics::CosmeticsEditor_cpp::L830,Swords_KokiriHilt1,soh/soh/Enhancements/cosmetics/CosmeticsEditor.cpp,ENHANCEMENT_MENU,PLAYER_FACING
SOH_UI::soh::soh::Enhancements::cosmetics::CosmeticsEditor_cpp::L832,Swords_KokiriHilt2,soh/soh/Enhancements/cosmetics/CosmeticsEditor.cpp,ENHANCEMENT_MENU,PLAYER_FACING
SOH_UI::soh::soh::Enhancements::cosmetics::CosmeticsEditor_cpp::L833,Swords_KokiriHilt3,soh/soh/Enhancements/cosmetics/CosmeticsEditor.cpp,ENHANCEMENT_MENU,PLAYER_FACING
SOH_UI::soh::soh::Enhancements::cosmetics::CosmeticsEditor_cpp::L835,Swords_KokiriHilt4,soh/soh/Enhancements/cosmetics/CosmeticsEditor.cpp,ENHANCEMENT_MENU,PLAYER_FACING
SOH_UI::soh::soh::Enhancements::cosmetics::CosmeticsEditor_cpp::L837,Swords_KokiriHilt5,soh/soh/Enhancements/cosmetics/CosmeticsEditor.cpp,ENHANCEMENT_MENU,PLAYER_FACING
SOH_UI::soh::soh::Enhancements::cosmetics::CosmeticsEditor_cpp::L838,Swords_KokiriHilt6,soh/soh/Enhancements/cosmetics/CosmeticsEditor.cpp,ENHANCEMENT_MENU,PLAYER_FACING
SOH_UI::soh::soh::Enhancements::cosmetics::CosmeticsEditor_cpp::L840,Swords_KokiriHilt7,soh/soh/Enhancements/cosmetics/CosmeticsEditor.cpp,ENHANCEMENT_MENU,PLAYER_FACING
SOH_UI::soh::soh::Enhancements::cosmetics::CosmeticsEditor_cpp::L842,Swords_KokiriHilt8,soh/soh/Enhancements/cosmetics/CosmeticsEditor.cpp,ENHANCEMENT_MENU,PLAYER_FACING
SOH_UI::soh::soh::Enhancements::cosmetics::CosmeticsEditor_cpp::L843,Swords_KokiriHilt9,soh/soh/Enhancements/cosmetics/CosmeticsEditor.cpp,ENHANCEMENT_MENU,PLAYER_FACING
SOH_UI::soh::soh::Enhancements::cosmetics::CosmeticsEditor_cpp::L845,Swords_KokiriHilt10,soh/soh/Enhancements/cosmetics/CosmeticsEditor.cpp,ENHANCEMENT_MENU,PLAYER_FACING
SOH_UI::soh::soh::Enhancements::cosmetics::CosmeticsEditor_cpp::L847,Swords_KokiriHilt11,soh/soh/Enhancements/cosmetics/CosmeticsEditor.cpp,ENHANCEMENT_MENU,PLAYER_FACING
SOH_UI::soh::soh::Enhancements::cosmetics::CosmeticsEditor_cpp::L849,Swords_KokiriHilt12,soh/soh/Enhancements/cosmetics/CosmeticsEditor.cpp,ENHANCEMENT_MENU,PLAYER_FACING
SOH_UI::soh::soh::Enhancements::cosmetics::CosmeticsEditor_cpp::L853,Swords_KokiriHilt13,soh/soh/Enhancements/cosmetics/CosmeticsEditor.cpp,ENHANCEMENT_MENU,PLAYER_FACING
SOH_UI::soh::soh::Enhancements::cosmetics::CosmeticsEditor_cpp::L854,Swords_KokiriHilt14,soh/soh/Enhancements/cosmetics/CosmeticsEditor.cpp,ENHANCEMENT_MENU,PLAYER_FACING
SOH_UI::soh::soh::Enhancements::cosmetics::CosmeticsEditor_cpp::L856,Swords_KokiriHilt15,soh/soh/Enhancements/cosmetics/CosmeticsEditor.cpp,ENHANCEMENT_MENU,PLAYER_FACING
SOH_UI::soh::soh::Enhancements::cosmetics::CosmeticsEditor_cpp::L857,Swords_KokiriHilt16,soh/soh/Enhancements/cosmetics/CosmeticsEditor.cpp,ENHANCEMENT_MENU,PLAYER_FACING
SOH_UI::soh::soh::Enhancements::cosmetics::CosmeticsEditor_cpp::L858,Swords_KokiriHilt17,soh/soh/Enhancements/cosmetics/CosmeticsEditor.cpp,ENHANCEMENT_MENU,PLAYER_FACING
SOH_UI::soh::soh::Enhancements::cosmetics::CosmeticsEditor_cpp::L860,Swords_KokiriHilt18,soh/soh/Enhancements/cosmetics/CosmeticsEditor.cpp,ENHANCEMENT_MENU,PLAYER_FACING
SOH_UI::soh::soh::Enhancements::cosmetics::CosmeticsEditor_cpp::L861,Swords_KokiriHilt19,soh/soh/Enhancements/cosmetics/CosmeticsEditor.cpp,ENHANCEMENT_MENU,PLAYER_FACING
SOH_UI::soh::soh::Enhancements::cosmetics::CosmeticsEditor_cpp::L862,Swords_KokiriHilt20,soh/soh/Enhancements/cosmetics/CosmeticsEditor.cpp,ENHANCEMENT_MENU,PLAYER_FACING
SOH_UI::soh::soh::Enhancements::cosmetics::CosmeticsEditor_cpp::L864,Swords_KokiriHilt21,soh/soh/Enhancements/cosmetics/CosmeticsEditor.cpp,ENHANCEMENT_MENU,PLAYER_FACING
SOH_UI::soh::soh::Enhancements::cosmetics::CosmeticsEditor_cpp::L865,Swords_KokiriHilt22,soh/soh/Enhancements/cosmetics/CosmeticsEditor.cpp,ENHANCEMENT_MENU,PLAYER_FACING
SOH_UI::soh::soh::Enhancements::cosmetics::CosmeticsEditor_cpp::L866,Swords_KokiriHilt23,soh/soh/Enhancements/cosmetics/CosmeticsEditor.cpp,ENHANCEMENT_MENU,PLAYER_FACING
SOH_UI::soh::soh::Enhancements::cosmetics::CosmeticsEditor_cpp::L868,Swords_KokiriHilt24,soh/soh/Enhancements/cosmetics/CosmeticsEditor.cpp,ENHANCEMENT_MENU,PLAYER_FACING
SOH_UI::soh::soh::Enhancements::cosmetics::CosmeticsEditor_cpp::L869,Swords_KokiriHilt25,soh/soh/Enhancements/cosmetics/CosmeticsEditor.cpp,ENHANCEMENT_MENU,PLAYER_FACING
SOH_UI::soh::soh::Enhancements::cosmetics::CosmeticsEditor_cpp::L870,Swords_KokiriHilt26,soh/soh/Enhancements/cosmetics/CosmeticsEditor.cpp,ENHANCEMENT_MENU,PLAYER_FACING
SOH_UI::soh::soh::Enhancements::cosmetics::CosmeticsEditor_cpp::L872,Swords_KokiriHilt27,soh/soh/Enhancements/cosmetics/CosmeticsEditor.cpp,ENHANCEMENT_MENU,PLAYER_FACING
SOH_UI::soh::soh::Enhancements::cosmetics::CosmeticsEditor_cpp::L873,Swords_KokiriHilt28,soh/soh/Enhancements/cosmetics/CosmeticsEditor.cpp,ENHANCEMENT_MENU,PLAYER_FACING
SOH_UI::soh::soh::Enhancements::cosmetics::CosmeticsEditor_cpp::L874,Swords_KokiriHilt29,soh/soh/Enhancements/cosmetics/CosmeticsEditor.cpp,ENHANCEMENT_MENU,PLAYER_FACING
SOH_UI::soh::soh::Enhancements::cosmetics::CosmeticsEditor_cpp::L876,Swords_KokiriHilt30,soh/soh/Enhancements/cosmetics/CosmeticsEditor.cpp,ENHANCEMENT_MENU,PLAYER_FACING
SOH_UI::soh::soh::Enhancements::cosmetics::CosmeticsEditor_cpp::L877,Swords_KokiriHilt31,soh/soh/Enhancements/cosmetics/CosmeticsEditor.cpp,ENHANCEMENT_MENU,PLAYER_FACING
SOH_UI::soh::soh::Enhancements::cosmetics::CosmeticsEditor_cpp::L878,Swords_KokiriHilt32,soh/soh/Enhancements/cosmetics/CosmeticsEditor.cpp,ENHANCEMENT_MENU,PLAYER_FACING
SOH_UI::soh::soh::Enhancements::cosmetics::CosmeticsEditor_cpp::L880,Swords_KokiriHilt33,soh/soh/Enhancements/cosmetics/CosmeticsEditor.cpp,ENHANCEMENT_MENU,PLAYER_FACING
SOH_UI::soh::soh::Enhancements::cosmetics::CosmeticsEditor_cpp::L884,Swords.MasterBlade,soh/soh/Enhancements/cosmetics/CosmeticsEditor.cpp,ENHANCEMENT_MENU,INTERNAL_IDENTIFIER
SOH_UI::soh::soh::Enhancements::cosmetics::CosmeticsEditor_cpp::L887,Swords_MasterBlade1,soh/soh/Enhancements/cosmetics/CosmeticsEditor.cpp,ENHANCEMENT_MENU,PLAYER_FACING
SOH_UI::soh::soh::Enhancements::cosmetics::CosmeticsEditor_cpp::L889,Swords_MasterBlade2,soh/soh/Enhancements/cosmetics/CosmeticsEditor.cpp,ENHANCEMENT_MENU,PLAYER_FACING
SOH_UI::soh::soh::Enhancements::cosmetics::CosmeticsEditor_cpp::L891,Swords_MasterBlade3,soh/soh/Enhancements/cosmetics/CosmeticsEditor.cpp,ENHANCEMENT_MENU,PLAYER_FACING
SOH_UI::soh::soh::Enhancements::cosmetics::CosmeticsEditor_cpp::L893,Swords_MasterBlade4,soh/soh/Enhancements/cosmetics/CosmeticsEditor.cpp,ENHANCEMENT_MENU,PLAYER_FACING
SOH_UI::soh::soh::Enhancements::cosmetics::CosmeticsEditor_cpp::L895,Swords_MasterBlade5,soh/soh/Enhancements/cosmetics/CosmeticsEditor.cpp,ENHANCEMENT_MENU,PLAYER_FACING
SOH_UI::soh::soh::Enhancements::cosmetics::CosmeticsEditor_cpp::L897,Swords_MasterBlade6,soh/soh/Enhancements/cosmetics/CosmeticsEditor.cpp,ENHANCEMENT_MENU,PLAYER_FACING
SOH_UI::soh::soh::Enhancements::cosmetics::CosmeticsEditor_cpp::L901,Swords.MasterHilt,soh/soh/Enhancements/cosmetics/CosmeticsEditor.cpp,ENHANCEMENT_MENU,INTERNAL_IDENTIFIER
SOH_UI::soh::soh::Enhancements::cosmetics::CosmeticsEditor_cpp::L904,Swords_MasterHilt1,soh/soh/Enhancements/cosmetics/CosmeticsEditor.cpp,ENHANCEMENT_MENU,PLAYER_FACING
SOH_UI::soh::soh::Enhancements::cosmetics::CosmeticsEditor_cpp::L906,Swords_MasterHilt2,soh/soh/Enhancements/cosmetics/CosmeticsEditor.cpp,ENHANCEMENT_MENU,PLAYER_FACING
SOH_UI::soh::soh::Enhancements::cosmetics::CosmeticsEditor_cpp::L907,Swords_MasterHilt3,soh/soh/Enhancements/cosmetics/CosmeticsEditor.cpp,ENHANCEMENT_MENU,PLAYER_FACING
SOH_UI::soh::soh::Enhancements::cosmetics::CosmeticsEditor_cpp::L909,Swords_MasterHilt4,soh/soh/Enhancements/cosmetics/CosmeticsEditor.cpp,ENHANCEMENT_MENU,PLAYER_FACING
SOH_UI::soh::soh::Enhancements::cosmetics::CosmeticsEditor_cpp::L911,Swords_MasterHilt5,soh/soh/Enhancements/cosmetics/CosmeticsEditor.cpp,ENHANCEMENT_MENU,PLAYER_FACING
SOH_UI::soh::soh::Enhancements::cosmetics::CosmeticsEditor_cpp::L912,Swords_MasterHilt6,soh/soh/Enhancements/cosmetics/CosmeticsEditor.cpp,ENHANCEMENT_MENU,PLAYER_FACING
SOH_UI::soh::soh::Enhancements::cosmetics::CosmeticsEditor_cpp::L914,Swords_MasterHilt7,soh/soh/Enhancements/cosmetics/CosmeticsEditor.cpp,ENHANCEMENT_MENU,PLAYER_FACING
SOH_UI::soh::soh::Enhancements::cosmetics::CosmeticsEditor_cpp::L916,Swords_MasterHilt8,soh/soh/Enhancements/cosmetics/CosmeticsEditor.cpp,ENHANCEMENT_MENU,PLAYER_FACING
SOH_UI::soh::soh::Enhancements::cosmetics::CosmeticsEditor_cpp::L917,Swords_MasterHilt9,soh/soh/Enhancements/cosmetics/CosmeticsEditor.cpp,ENHANCEMENT_MENU,PLAYER_FACING
SOH_UI::soh::soh::Enhancements::cosmetics::CosmeticsEditor_cpp::L919,Swords_MasterHilt10,soh/soh/Enhancements/cosmetics/CosmeticsEditor.cpp,ENHANCEMENT_MENU,PLAYER_FACING
SOH_UI::soh::soh::Enhancements::cosmetics::CosmeticsEditor_cpp::L923,Swords_MasterHilt11,soh/soh/Enhancements/cosmetics/CosmeticsEditor.cpp,ENHANCEMENT_MENU,PLAYER_FACING
SOH_UI::soh::soh::Enhancements::cosmetics::CosmeticsEditor_cpp::L924,Swords_MasterHilt12,soh/soh/Enhancements/cosmetics/CosmeticsEditor.cpp,ENHANCEMENT_MENU,PLAYER_FACING
SOH_UI::soh::soh::Enhancements::cosmetics::CosmeticsEditor_cpp::L926,Swords_MasterHilt13,soh/soh/Enhancements/cosmetics/CosmeticsEditor.cpp,ENHANCEMENT_MENU,PLAYER_FACING
SOH_UI::soh::soh::Enhancements::cosmetics::CosmeticsEditor_cpp::L927,Swords_MasterHilt14,soh/soh/Enhancements/cosmetics/CosmeticsEditor.cpp,ENHANCEMENT_MENU,PLAYER_FACING
SOH_UI::soh::soh::Enhancements::cosmetics::CosmeticsEditor_cpp::L928,Swords_MasterHilt15,soh/soh/Enhancements/cosmetics/CosmeticsEditor.cpp,ENHANCEMENT_MENU,PLAYER_FACING
SOH_UI::soh::soh::Enhancements::cosmetics::CosmeticsEditor_cpp::L930,Swords_MasterHilt16,soh/soh/Enhancements/cosmetics/CosmeticsEditor.cpp,ENHANCEMENT_MENU,PLAYER_FACING
SOH_UI::soh::soh::Enhancements::cosmetics::CosmeticsEditor_cpp::L931,Swords_MasterHilt17,soh/soh/Enhancements/cosmetics/CosmeticsEditor.cpp,ENHANCEMENT_MENU,PLAYER_FACING
SOH_UI::soh::soh::Enhancements::cosmetics::CosmeticsEditor_cpp::L932,Swords_MasterHilt18,soh/soh/Enhancements/cosmetics/CosmeticsEditor.cpp,ENHANCEMENT_MENU,PLAYER_FACING
SOH_UI::soh::soh::Enhancements::cosmetics::CosmeticsEditor_cpp::L934,Swords_MasterHilt19,soh/soh/Enhancements/cosmetics/CosmeticsEditor.cpp,ENHANCEMENT_MENU,PLAYER_FACING
SOH_UI::soh::soh::Enhancements::cosmetics::CosmeticsEditor_cpp::L935,Swords_MasterHilt20,soh/soh/Enhancements/cosmetics/CosmeticsEditor.cpp,ENHANCEMENT_MENU,PLAYER_FACING
SOH_UI::soh::soh::Enhancements::cosmetics::CosmeticsEditor_cpp::L936,Swords_MasterHilt21,soh/soh/Enhancements/cosmetics/CosmeticsEditor.cpp,ENHANCEMENT_MENU,PLAYER_FACING
SOH_UI::soh::soh::Enhancements::cosmetics::CosmeticsEditor_cpp::L938,Swords_MasterHilt22,soh/soh/Enhancements/cosmetics/CosmeticsEditor.cpp,ENHANCEMENT_MENU,PLAYER_FACING
SOH_UI::soh::soh::Enhancements::cosmetics::CosmeticsEditor_cpp::L939,Swords_MasterHilt23,soh/soh/Enhancements/cosmetics/CosmeticsEditor.cpp,ENHANCEMENT_MENU,PLAYER_FACING
SOH_UI::soh::soh::Enhancements::cosmetics::CosmeticsEditor_cpp::L941,Swords_MasterHilt24,soh/soh/Enhancements/cosmetics/CosmeticsEditor.cpp,ENHANCEMENT_MENU,PLAYER_FACING
SOH_UI::soh::soh::Enhancements::cosmetics::CosmeticsEditor_cpp::L942,Swords_MasterHilt25,soh/soh/Enhancements/cosmetics/CosmeticsEditor.cpp,ENHANCEMENT_MENU,PLAYER_FACING
SOH_UI::soh::soh::Enhancements::cosmetics::CosmeticsEditor_cpp::L943,Swords_MasterHilt26,soh/soh/Enhancements/cosmetics/CosmeticsEditor.cpp,ENHANCEMENT_MENU,PLAYER_FACING
SOH_UI::soh::soh::Enhancements::cosmetics::CosmeticsEditor_cpp::L945,Swords_MasterHilt27,soh/soh/Enhancements/cosmetics/CosmeticsEditor.cpp,ENHANCEMENT_MENU,PLAYER_FACING
SOH_UI::soh::soh::Enhancements::cosmetics::CosmeticsEditor_cpp::L946,Swords_MasterHilt28,soh/soh/Enhancements/cosmetics/CosmeticsEditor.cpp,ENHANCEMENT_MENU,PLAYER_FACING
SOH_UI::soh::soh::Enhancements::cosmetics::CosmeticsEditor_cpp::L947,Swords_MasterHilt29,soh/soh/Enhancements/cosmetics/CosmeticsEditor.cpp,ENHANCEMENT_MENU,PLAYER_FACING
SOH_UI::soh::soh::Enhancements::cosmetics::CosmeticsEditor_cpp::L949,Swords_MasterHilt30,soh/soh/Enhancements/cosmetics/CosmeticsEditor.cpp,ENHANCEMENT_MENU,PLAYER_FACING
SOH_UI::soh::soh::Enhancements::cosmetics::CosmeticsEditor_cpp::L950,Swords_MasterHilt31,soh/soh/Enhancements/cosmetics/CosmeticsEditor.cpp,ENHANCEMENT_MENU,PLAYER_FACING
SOH_UI::soh::soh::Enhancements::cosmetics::CosmeticsEditor_cpp::L951,Swords_MasterHilt32,soh/soh/Enhancements/cosmetics/CosmeticsEditor.cpp,ENHANCEMENT_MENU,PLAYER_FACING
SOH_UI::soh::soh::Enhancements::cosmetics::CosmeticsEditor_cpp::L953,Swords_MasterHilt33,soh/soh/Enhancements/cosmetics/CosmeticsEditor.cpp,ENHANCEMENT_MENU,PLAYER_FACING
SOH_UI::soh::soh::Enhancements::cosmetics::CosmeticsEditor_cpp::L954,Swords_MasterHilt34,soh/soh/Enhancements/cosmetics/CosmeticsEditor.cpp,ENHANCEMENT_MENU,PLAYER_FACING
SOH_UI::soh::soh::Enhancements::cosmetics::CosmeticsEditor_cpp::L955,Swords_MasterHilt35,soh/soh/Enhancements/cosmetics/CosmeticsEditor.cpp,ENHANCEMENT_MENU,PLAYER_FACING
SOH_UI::soh::soh::Enhancements::cosmetics::CosmeticsEditor_cpp::L957,Swords_MasterHilt36,soh/soh/Enhancements/cosmetics/CosmeticsEditor.cpp,ENHANCEMENT_MENU,PLAYER_FACING
SOH_UI::soh::soh::Enhancements::cosmetics::CosmeticsEditor_cpp::L958,Swords_MasterHilt37,soh/soh/Enhancements/cosmetics/CosmeticsEditor.cpp,ENHANCEMENT_MENU,PLAYER_FACING
SOH_UI::soh::soh::Enhancements::cosmetics::CosmeticsEditor_cpp::L959,Swords_MasterHilt38,soh/soh/Enhancements/cosmetics/CosmeticsEditor.cpp,ENHANCEMENT_MENU,PLAYER_FACING
SOH_UI::soh::soh::Enhancements::cosmetics::CosmeticsEditor_cpp::L961,Swords_MasterHilt39,soh/soh/Enhancements/cosmetics/CosmeticsEditor.cpp,ENHANCEMENT_MENU,PLAYER_FACING
SOH_UI::soh::soh::Enhancements::cosmetics::CosmeticsEditor_cpp::L965,Swords.BiggoronBlade,soh/soh/Enhancements/cosmetics/CosmeticsEditor.cpp,ENHANCEMENT_MENU,INTERNAL_IDENTIFIER
SOH_UI::soh::soh::Enhancements::cosmetics::CosmeticsEditor_cpp::L968,Swords_BiggoronBlade1,soh/soh/Enhancements/cosmetics/CosmeticsEditor.cpp,ENHANCEMENT_MENU,PLAYER_FACING
SOH_UI::soh::soh::Enhancements::cosmetics::CosmeticsEditor_cpp::L970,Swords_BiggoronBlade2,soh/soh/Enhancements/cosmetics/CosmeticsEditor.cpp,ENHANCEMENT_MENU,PLAYER_FACING
SOH_UI::soh::soh::Enhancements::cosmetics::CosmeticsEditor_cpp::L972,Swords_BiggoronBlade3,soh/soh/Enhancements/cosmetics/CosmeticsEditor.cpp,ENHANCEMENT_MENU,PLAYER_FACING
SOH_UI::soh::soh::Enhancements::cosmetics::CosmeticsEditor_cpp::L974,Swords_BiggoronBlade4,soh/soh/Enhancements/cosmetics/CosmeticsEditor.cpp,ENHANCEMENT_MENU,PLAYER_FACING
SOH_UI::soh::soh::Enhancements::cosmetics::CosmeticsEditor_cpp::L978,Swords.BiggoronHilt,soh/soh/Enhancements/cosmetics/CosmeticsEditor.cpp,ENHANCEMENT_MENU,INTERNAL_IDENTIFIER
SOH_UI::soh::soh::Enhancements::cosmetics::CosmeticsEditor_cpp::L981,Swords_BiggoronHilt1,soh/soh/Enhancements/cosmetics/CosmeticsEditor.cpp,ENHANCEMENT_MENU,PLAYER_FACING
SOH_UI::soh::soh::Enhancements::cosmetics::CosmeticsEditor_cpp::L983,Swords_BiggoronHilt2,soh/soh/Enhancements/cosmetics/CosmeticsEditor.cpp,ENHANCEMENT_MENU,PLAYER_FACING
SOH_UI::soh::soh::Enhancements::cosmetics::CosmeticsEditor_cpp::L985,Swords_BiggoronHilt3,soh/soh/Enhancements/cosmetics/CosmeticsEditor.cpp,ENHANCEMENT_MENU,PLAYER_FACING
SOH_UI::soh::soh::Enhancements::cosmetics::CosmeticsEditor_cpp::L987,Swords_BiggoronHilt4,soh/soh/Enhancements/cosmetics/CosmeticsEditor.cpp,ENHANCEMENT_MENU,PLAYER_FACING
SOH_UI::soh::soh::Enhancements::cosmetics::CosmeticsEditor_cpp::L989,Swords_BiggoronHilt5,soh/soh/Enhancements/cosmetics/CosmeticsEditor.cpp,ENHANCEMENT_MENU,PLAYER_FACING
SOH_UI::soh::soh::Enhancements::cosmetics::CosmeticsEditor_cpp::L991,Swords_BiggoronHilt6,soh/soh/Enhancements/cosmetics/CosmeticsEditor.cpp,ENHANCEMENT_MENU,PLAYER_FACING
SOH_UI::soh::soh::Enhancements::cosmetics::CosmeticsEditor_cpp::L995,Swords_BiggoronHilt7,soh/soh/Enhancements/cosmetics/CosmeticsEditor.cpp,ENHANCEMENT_MENU,PLAYER_FACING
SOH_UI::soh::soh::Enhancements::cosmetics::CosmeticsEditor_cpp::L997,Swords_BiggoronHilt8,soh/soh/Enhancements/cosmetics/CosmeticsEditor.cpp,ENHANCEMENT_MENU,PLAYER_FACING
SOH_UI::soh::soh::Enhancements::cosmetics::CosmeticsEditor_cpp::L998,Swords_BiggoronHilt9,soh/soh/Enhancements/cosmetics/CosmeticsEditor.cpp,ENHANCEMENT_MENU,PLAYER_FACING
SOH_UI::soh::soh::Enhancements::cosmetics::CosmeticsEditor_cpp::L1000,Swords_BiggoronHilt10,soh/soh/Enhancements/cosmetics/CosmeticsEditor.cpp,ENHANCEMENT_MENU,PLAYER_FACING
SOH_UI::soh::soh::Enhancements::cosmetics::CosmeticsEditor_cpp::L1001,Swords_BiggoronHilt11,soh/soh/Enhancements/cosmetics/CosmeticsEditor.cpp,ENHANCEMENT_MENU,PLAYER_FACING
SOH_UI::soh::soh::Enhancements::cosmetics::CosmeticsEditor_cpp::L1006,Gloves.GoronBracelet,soh/soh/Enhancements/cosmetics/CosmeticsEditor.cpp,ENHANCEMENT_MENU,INTERNAL_IDENTIFIER
SOH_UI::soh::soh::Enhancements::cosmetics::CosmeticsEditor_cpp::L1009,Gloves_GoronBracelet1,soh/soh/Enhancements/cosmetics/CosmeticsEditor.cpp,ENHANCEMENT_MENU,PLAYER_FACING
SOH_UI::soh::soh::Enhancements::cosmetics::CosmeticsEditor_cpp::L1011,Gloves_GoronBracelet2,soh/soh/Enhancements/cosmetics/CosmeticsEditor.cpp,ENHANCEMENT_MENU,PLAYER_FACING
SOH_UI::soh::soh::Enhancements::cosmetics::CosmeticsEditor_cpp::L1013,Gloves_GoronBracelet3,soh/soh/Enhancements/cosmetics/CosmeticsEditor.cpp,ENHANCEMENT_MENU,PLAYER_FACING
SOH_UI::soh::soh::Enhancements::cosmetics::CosmeticsEditor_cpp::L1017,Gloves_GoronBracelet4,soh/soh/Enhancements/cosmetics/CosmeticsEditor.cpp,ENHANCEMENT_MENU,PLAYER_FACING
SOH_UI::soh::soh::Enhancements::cosmetics::CosmeticsEditor_cpp::L1019,Gloves_GoronBracelet5,soh/soh/Enhancements/cosmetics/CosmeticsEditor.cpp,ENHANCEMENT_MENU,PLAYER_FACING
SOH_UI::soh::soh::Enhancements::cosmetics::CosmeticsEditor_cpp::L1023,Gloves.SilverGauntlets,soh/soh/Enhancements/cosmetics/CosmeticsEditor.cpp,ENHANCEMENT_MENU,INTERNAL_IDENTIFIER
SOH_UI::soh::soh::Enhancements::cosmetics::CosmeticsEditor_cpp::L1026,Gloves_SilverGauntlets1,soh/soh/Enhancements/cosmetics/CosmeticsEditor.cpp,ENHANCEMENT_MENU,PLAYER_FACING
SOH_UI::soh::soh::Enhancements::cosmetics::CosmeticsEditor_cpp::L1028,Gloves_SilverGauntlets2,soh/soh/Enhancements/cosmetics/CosmeticsEditor.cpp,ENHANCEMENT_MENU,PLAYER_FACING
SOH_UI::soh::soh::Enhancements::cosmetics::CosmeticsEditor_cpp::L1031,Gloves.GoldenGauntlets,soh/soh/Enhancements/cosmetics/CosmeticsEditor.cpp,ENHANCEMENT_MENU,INTERNAL_IDENTIFIER
SOH_UI::soh::soh::Enhancements::cosmetics::CosmeticsEditor_cpp::L1034,Gloves_GoldenGauntlets1,soh/soh/Enhancements/cosmetics/CosmeticsEditor.cpp,ENHANCEMENT_MENU,PLAYER_FACING
SOH_UI::soh::soh::Enhancements::cosmetics::CosmeticsEditor_cpp::L1036,Gloves_GoldenGauntlets2,soh/soh/Enhancements/cosmetics/CosmeticsEditor.cpp,ENHANCEMENT_MENU,PLAYER_FACING
SOH_UI::soh::soh::Enhancements::cosmetics::CosmeticsEditor_cpp::L1039,Gloves.GauntletsGem,soh/soh/Enhancements/cosmetics/CosmeticsEditor.cpp,ENHANCEMENT_MENU,INTERNAL_IDENTIFIER
SOH_UI::soh::soh::Enhancements::cosmetics::CosmeticsEditor_cpp::L1042,Gloves_GauntletsGem1,soh/soh/Enhancements/cosmetics/CosmeticsEditor.cpp,ENHANCEMENT_MENU,PLAYER_FACING
SOH_UI::soh::soh::Enhancements::cosmetics::CosmeticsEditor_cpp::L1044,Gloves_GauntletsGem2,soh/soh/Enhancements/cosmetics/CosmeticsEditor.cpp,ENHANCEMENT_MENU,PLAYER_FACING
SOH_UI::soh::soh::Enhancements::cosmetics::CosmeticsEditor_cpp::L1046,Gloves_GauntletsGem3,soh/soh/Enhancements/cosmetics/CosmeticsEditor.cpp,ENHANCEMENT_MENU,PLAYER_FACING
SOH_UI::soh::soh::Enhancements::cosmetics::CosmeticsEditor_cpp::L1048,Gloves_GauntletsGem4,soh/soh/Enhancements/cosmetics/CosmeticsEditor.cpp,ENHANCEMENT_MENU,PLAYER_FACING
SOH_UI::soh::soh::Enhancements::cosmetics::CosmeticsEditor_cpp::L1050,Gloves_GauntletsGem5,soh/soh/Enhancements/cosmetics/CosmeticsEditor.cpp,ENHANCEMENT_MENU,PLAYER_FACING
SOH_UI::soh::soh::Enhancements::cosmetics::CosmeticsEditor_cpp::L1052,Gloves_GauntletsGem6,soh/soh/Enhancements/cosmetics/CosmeticsEditor.cpp,ENHANCEMENT_MENU,PLAYER_FACING
SOH_UI::soh::soh::Enhancements::cosmetics::CosmeticsEditor_cpp::L1056,Equipment.BoomerangBody,soh/soh/Enhancements/cosmetics/CosmeticsEditor.cpp,ENHANCEMENT_MENU,INTERNAL_IDENTIFIER
SOH_UI::soh::soh::Enhancements::cosmetics::CosmeticsEditor_cpp::L1059,Equipment_BoomerangBody1,soh/soh/Enhancements/cosmetics/CosmeticsEditor.cpp,ENHANCEMENT_MENU,PLAYER_FACING
SOH_UI::soh::soh::Enhancements::cosmetics::CosmeticsEditor_cpp::L1061,Equipment_BoomerangBody2,soh/soh/Enhancements/cosmetics/CosmeticsEditor.cpp,ENHANCEMENT_MENU,PLAYER_FACING
SOH_UI::soh::soh::Enhancements::cosmetics::CosmeticsEditor_cpp::L1063,Equipment_BoomerangBody3,soh/soh/Enhancements/cosmetics/CosmeticsEditor.cpp,ENHANCEMENT_MENU,PLAYER_FACING
SOH_UI::soh::soh::Enhancements::cosmetics::CosmeticsEditor_cpp::L1065,Equipment_BoomerangBody4,soh/soh/Enhancements/cosmetics/CosmeticsEditor.cpp,ENHANCEMENT_MENU,PLAYER_FACING
SOH_UI::soh::soh::Enhancements::cosmetics::CosmeticsEditor_cpp::L1067,Equipment_BoomerangBody5,soh/soh/Enhancements/cosmetics/CosmeticsEditor.cpp,ENHANCEMENT_MENU,PLAYER_FACING
SOH_UI::soh::soh::Enhancements::cosmetics::CosmeticsEditor_cpp::L1070,Equipment.BoomerangGem,soh/soh/Enhancements/cosmetics/CosmeticsEditor.cpp,ENHANCEMENT_MENU,INTERNAL_IDENTIFIER
SOH_UI::soh::soh::Enhancements::cosmetics::CosmeticsEditor_cpp::L1073,Equipment_BoomerangGem1,soh/soh/Enhancements/cosmetics/CosmeticsEditor.cpp,ENHANCEMENT_MENU,PLAYER_FACING
SOH_UI::soh::soh::Enhancements::cosmetics::CosmeticsEditor_cpp::L1075,Equipment_BoomerangGem2,soh/soh/Enhancements/cosmetics/CosmeticsEditor.cpp,ENHANCEMENT_MENU,PLAYER_FACING
SOH_UI::soh::soh::Enhancements::cosmetics::CosmeticsEditor_cpp::L1077,Equipment_BoomerangGem3,soh/soh/Enhancements/cosmetics/CosmeticsEditor.cpp,ENHANCEMENT_MENU,PLAYER_FACING
SOH_UI::soh::soh::Enhancements::cosmetics::CosmeticsEditor_cpp::L1079,Equipment_BoomerangGem4,soh/soh/Enhancements/cosmetics/CosmeticsEditor.cpp,ENHANCEMENT_MENU,PLAYER_FACING
SOH_UI::soh::soh::Enhancements::cosmetics::CosmeticsEditor_cpp::L1086,Equipment.SlingshotBody,soh/soh/Enhancements/cosmetics/CosmeticsEditor.cpp,ENHANCEMENT_MENU,INTERNAL_IDENTIFIER
SOH_UI::soh::soh::Enhancements::cosmetics::CosmeticsEditor_cpp::L1089,Equipment_SlingshotBody1,soh/soh/Enhancements/cosmetics/CosmeticsEditor.cpp,ENHANCEMENT_MENU,PLAYER_FACING
SOH_UI::soh::soh::Enhancements::cosmetics::CosmeticsEditor_cpp::L1091,Equipment_SlingshotBody2,soh/soh/Enhancements/cosmetics/CosmeticsEditor.cpp,ENHANCEMENT_MENU,PLAYER_FACING
SOH_UI::soh::soh::Enhancements::cosmetics::CosmeticsEditor_cpp::L1093,Equipment_SlingshotBody3,soh/soh/Enhancements/cosmetics/CosmeticsEditor.cpp,ENHANCEMENT_MENU,PLAYER_FACING
SOH_UI::soh::soh::Enhancements::cosmetics::CosmeticsEditor_cpp::L1095,Equipment_SlingshotBody4,soh/soh/Enhancements/cosmetics/CosmeticsEditor.cpp,ENHANCEMENT_MENU,PLAYER_FACING
SOH_UI::soh::soh::Enhancements::cosmetics::CosmeticsEditor_cpp::L1097,Equipment_SlingshotBody5,soh/soh/Enhancements/cosmetics/CosmeticsEditor.cpp,ENHANCEMENT_MENU,PLAYER_FACING
SOH_UI::soh::soh::Enhancements::cosmetics::CosmeticsEditor_cpp::L1099,Equipment_SlingshotBody6,soh/soh/Enhancements/cosmetics/CosmeticsEditor.cpp,ENHANCEMENT_MENU,PLAYER_FACING
SOH_UI::soh::soh::Enhancements::cosmetics::CosmeticsEditor_cpp::L1101,Equipment_SlingshotBody7,soh/soh/Enhancements/cosmetics/CosmeticsEditor.cpp,ENHANCEMENT_MENU,PLAYER_FACING
SOH_UI::soh::soh::Enhancements::cosmetics::CosmeticsEditor_cpp::L1103,Equipment_SlingshotBody8,soh/soh/Enhancements/cosmetics/CosmeticsEditor.cpp,ENHANCEMENT_MENU,PLAYER_FACING
SOH_UI::soh::soh::Enhancements::cosmetics::CosmeticsEditor_cpp::L1105,Equipment_SlingshotBody9,soh/soh/Enhancements/cosmetics/CosmeticsEditor.cpp,ENHANCEMENT_MENU,PLAYER_FACING
SOH_UI::soh::soh::Enhancements::cosmetics::CosmeticsEditor_cpp::L1110,Equipment_SlingshotBody10,soh/soh/Enhancements/cosmetics/CosmeticsEditor.cpp,ENHANCEMENT_MENU,PLAYER_FACING
SOH_UI::soh::soh::Enhancements::cosmetics::CosmeticsEditor_cpp::L1112,Equipment_SlingshotBody11,soh/soh/Enhancements/cosmetics/CosmeticsEditor.cpp,ENHANCEMENT_MENU,PLAYER_FACING
SOH_UI::soh::soh::Enhancements::cosmetics::CosmeticsEditor_cpp::L1114,Equipment_SlingshotBody12,soh/soh/Enhancements/cosmetics/CosmeticsEditor.cpp,ENHANCEMENT_MENU,PLAYER_FACING
SOH_UI::soh::soh::Enhancements::cosmetics::CosmeticsEditor_cpp::L1116,Equipment_SlingshotBody13,soh/soh/Enhancements/cosmetics/CosmeticsEditor.cpp,ENHANCEMENT_MENU,PLAYER_FACING
SOH_UI::soh::soh::Enhancements::cosmetics::CosmeticsEditor_cpp::L1118,Equipment_SlingshotBody14,soh/soh/Enhancements/cosmetics/CosmeticsEditor.cpp,ENHANCEMENT_MENU,PLAYER_FACING
SOH_UI::soh::soh::Enhancements::cosmetics::CosmeticsEditor_cpp::L1120,Equipment_SlingshotBody15,soh/soh/Enhancements/cosmetics/CosmeticsEditor.cpp,ENHANCEMENT_MENU,PLAYER_FACING
SOH_UI::soh::soh::Enhancements::cosmetics::CosmeticsEditor_cpp::L1122,Equipment_SlingshotBody16,soh/soh/Enhancements/cosmetics/CosmeticsEditor.cpp,ENHANCEMENT_MENU,PLAYER_FACING
SOH_UI::soh::soh::Enhancements::cosmetics::CosmeticsEditor_cpp::L1126,Equipment.SlingshotString,soh/soh/Enhancements/cosmetics/CosmeticsEditor.cpp,ENHANCEMENT_MENU,INTERNAL_IDENTIFIER
SOH_UI::soh::soh::Enhancements::cosmetics::CosmeticsEditor_cpp::L1129,Equipment_SlingshotString1,soh/soh/Enhancements/cosmetics/CosmeticsEditor.cpp,ENHANCEMENT_MENU,PLAYER_FACING
SOH_UI::soh::soh::Enhancements::cosmetics::CosmeticsEditor_cpp::L1131,Equipment_SlingshotString2,soh/soh/Enhancements/cosmetics/CosmeticsEditor.cpp,ENHANCEMENT_MENU,PLAYER_FACING
SOH_UI::soh::soh::Enhancements::cosmetics::CosmeticsEditor_cpp::L1133,Equipment_SlingshotString3,soh/soh/Enhancements/cosmetics/CosmeticsEditor.cpp,ENHANCEMENT_MENU,PLAYER_FACING
SOH_UI::soh::soh::Enhancements::cosmetics::CosmeticsEditor_cpp::L1137,Equipment.BowTips,soh/soh/Enhancements/cosmetics/CosmeticsEditor.cpp,ENHANCEMENT_MENU,INTERNAL_IDENTIFIER
SOH_UI::soh::soh::Enhancements::cosmetics::CosmeticsEditor_cpp::L1140,Equipment_BowTips1,soh/soh/Enhancements/cosmetics/CosmeticsEditor.cpp,ENHANCEMENT_MENU,PLAYER_FACING
SOH_UI::soh::soh::Enhancements::cosmetics::CosmeticsEditor_cpp::L1142,Equipment_BowTips2,soh/soh/Enhancements/cosmetics/CosmeticsEditor.cpp,ENHANCEMENT_MENU,PLAYER_FACING
SOH_UI::soh::soh::Enhancements::cosmetics::CosmeticsEditor_cpp::L1144,Equipment_BowTips3,soh/soh/Enhancements/cosmetics/CosmeticsEditor.cpp,ENHANCEMENT_MENU,PLAYER_FACING
SOH_UI::soh::soh::Enhancements::cosmetics::CosmeticsEditor_cpp::L1146,Equipment_BowTips4,soh/soh/Enhancements/cosmetics/CosmeticsEditor.cpp,ENHANCEMENT_MENU,PLAYER_FACING
SOH_UI::soh::soh::Enhancements::cosmetics::CosmeticsEditor_cpp::L1148,Equipment_BowTips5,soh/soh/Enhancements/cosmetics/CosmeticsEditor.cpp,ENHANCEMENT_MENU,PLAYER_FACING
SOH_UI::soh::soh::Enhancements::cosmetics::CosmeticsEditor_cpp::L1151,Equipment.BowString,soh/soh/Enhancements/cosmetics/CosmeticsEditor.cpp,ENHANCEMENT_MENU,INTERNAL_IDENTIFIER
SOH_UI::soh::soh::Enhancements::cosmetics::CosmeticsEditor_cpp::L1154,Equipment_BowString1,soh/soh/Enhancements/cosmetics/CosmeticsEditor.cpp,ENHANCEMENT_MENU,PLAYER_FACING
SOH_UI::soh::soh::Enhancements::cosmetics::CosmeticsEditor_cpp::L1156,Equipment_BowString2,soh/soh/Enhancements/cosmetics/CosmeticsEditor.cpp,ENHANCEMENT_MENU,PLAYER_FACING
SOH_UI::soh::soh::Enhancements::cosmetics::CosmeticsEditor_cpp::L1158,Equipment_BowString3,soh/soh/Enhancements/cosmetics/CosmeticsEditor.cpp,ENHANCEMENT_MENU,PLAYER_FACING
SOH_UI::soh::soh::Enhancements::cosmetics::CosmeticsEditor_cpp::L1161,Equipment.BowBody,soh/soh/Enhancements/cosmetics/CosmeticsEditor.cpp,ENHANCEMENT_MENU,INTERNAL_IDENTIFIER
SOH_UI::soh::soh::Enhancements::cosmetics::CosmeticsEditor_cpp::L1164,Equipment_BowBody1,soh/soh/Enhancements/cosmetics/CosmeticsEditor.cpp,ENHANCEMENT_MENU,PLAYER_FACING
SOH_UI::soh::soh::Enhancements::cosmetics::CosmeticsEditor_cpp::L1166,Equipment_BowBody2,soh/soh/Enhancements/cosmetics/CosmeticsEditor.cpp,ENHANCEMENT_MENU,PLAYER_FACING
SOH_UI::soh::soh::Enhancements::cosmetics::CosmeticsEditor_cpp::L1168,Equipment_BowBody3,soh/soh/Enhancements/cosmetics/CosmeticsEditor.cpp,ENHANCEMENT_MENU,PLAYER_FACING
SOH_UI::soh::soh::Enhancements::cosmetics::CosmeticsEditor_cpp::L1170,Equipment_BowBody4,soh/soh/Enhancements/cosmetics/CosmeticsEditor.cpp,ENHANCEMENT_MENU,PLAYER_FACING
SOH_UI::soh::soh::Enhancements::cosmetics::CosmeticsEditor_cpp::L1172,Equipment_BowBody5,soh/soh/Enhancements/cosmetics/CosmeticsEditor.cpp,ENHANCEMENT_MENU,PLAYER_FACING
SOH_UI::soh::soh::Enhancements::cosmetics::CosmeticsEditor_cpp::L1175,Equipment.BowHandle,soh/soh/Enhancements/cosmetics/CosmeticsEditor.cpp,ENHANCEMENT_MENU,INTERNAL_IDENTIFIER
SOH_UI::soh::soh::Enhancements::cosmetics::CosmeticsEditor_cpp::L1178,Equipment_BowHandle1,soh/soh/Enhancements/cosmetics/CosmeticsEditor.cpp,ENHANCEMENT_MENU,PLAYER_FACING
SOH_UI::soh::soh::Enhancements::cosmetics::CosmeticsEditor_cpp::L1180,Equipment_BowHandle2,soh/soh/Enhancements/cosmetics/CosmeticsEditor.cpp,ENHANCEMENT_MENU,PLAYER_FACING
SOH_UI::soh::soh::Enhancements::cosmetics::CosmeticsEditor_cpp::L1182,Equipment_BowHandle3,soh/soh/Enhancements/cosmetics/CosmeticsEditor.cpp,ENHANCEMENT_MENU,PLAYER_FACING
SOH_UI::soh::soh::Enhancements::cosmetics::CosmeticsEditor_cpp::L1184,Equipment_BowHandle4,soh/soh/Enhancements/cosmetics/CosmeticsEditor.cpp,ENHANCEMENT_MENU,PLAYER_FACING
SOH_UI::soh::soh::Enhancements::cosmetics::CosmeticsEditor_cpp::L1186,Equipment_BowHandle5,soh/soh/Enhancements/cosmetics/CosmeticsEditor.cpp,ENHANCEMENT_MENU,PLAYER_FACING
SOH_UI::soh::soh::Enhancements::cosmetics::CosmeticsEditor_cpp::L1193,Equipment_HammerHead1,soh/soh/Enhancements/cosmetics/CosmeticsEditor.cpp,ENHANCEMENT_MENU,PLAYER_FACING
SOH_UI::soh::soh::Enhancements::cosmetics::CosmeticsEditor_cpp::L1195,Equipment_HammerHead2,soh/soh/Enhancements/cosmetics/CosmeticsEditor.cpp,ENHANCEMENT_MENU,PLAYER_FACING
SOH_UI::soh::soh::Enhancements::cosmetics::CosmeticsEditor_cpp::L1197,Equipment_HammerHead3,soh/soh/Enhancements/cosmetics/CosmeticsEditor.cpp,ENHANCEMENT_MENU,PLAYER_FACING
SOH_UI::soh::soh::Enhancements::cosmetics::CosmeticsEditor_cpp::L1199,Equipment_HammerHead4,soh/soh/Enhancements/cosmetics/CosmeticsEditor.cpp,ENHANCEMENT_MENU,PLAYER_FACING
SOH_UI::soh::soh::Enhancements::cosmetics::CosmeticsEditor_cpp::L1201,Equipment_HammerHead5,soh/soh/Enhancements/cosmetics/CosmeticsEditor.cpp,ENHANCEMENT_MENU,PLAYER_FACING
SOH_UI::soh::soh::Enhancements::cosmetics::CosmeticsEditor_cpp::L1203,Equipment_HammerHead6,soh/soh/Enhancements/cosmetics/CosmeticsEditor.cpp,ENHANCEMENT_MENU,PLAYER_FACING
SOH_UI::soh::soh::Enhancements::cosmetics::CosmeticsEditor_cpp::L1209,Equipment_HammerHandle1,soh/soh/Enhancements/cosmetics/CosmeticsEditor.cpp,ENHANCEMENT_MENU,PLAYER_FACING
SOH_UI::soh::soh::Enhancements::cosmetics::CosmeticsEditor_cpp::L1211,Equipment_HammerHandle2,soh/soh/Enhancements/cosmetics/CosmeticsEditor.cpp,ENHANCEMENT_MENU,PLAYER_FACING
SOH_UI::soh::soh::Enhancements::cosmetics::CosmeticsEditor_cpp::L1213,Equipment_HammerHandle5,soh/soh/Enhancements/cosmetics/CosmeticsEditor.cpp,ENHANCEMENT_MENU,PLAYER_FACING
SOH_UI::soh::soh::Enhancements::cosmetics::CosmeticsEditor_cpp::L1215,Equipment_HammerHandle6,soh/soh/Enhancements/cosmetics/CosmeticsEditor.cpp,ENHANCEMENT_MENU,PLAYER_FACING
SOH_UI::soh::soh::Enhancements::cosmetics::CosmeticsEditor_cpp::L1222,Equipment_HookshotChain1,soh/soh/Enhancements/cosmetics/CosmeticsEditor.cpp,ENHANCEMENT_MENU,PLAYER_FACING
SOH_UI::soh::soh::Enhancements::cosmetics::CosmeticsEditor_cpp::L1226,Equipment.ChuFace,soh/soh/Enhancements/cosmetics/CosmeticsEditor.cpp,ENHANCEMENT_MENU,INTERNAL_IDENTIFIER
SOH_UI::soh::soh::Enhancements::cosmetics::CosmeticsEditor_cpp::L1229,Equipment_ChuFace1,soh/soh/Enhancements/cosmetics/CosmeticsEditor.cpp,ENHANCEMENT_MENU,PLAYER_FACING
SOH_UI::soh::soh::Enhancements::cosmetics::CosmeticsEditor_cpp::L1231,Equipment_ChuFace2,soh/soh/Enhancements/cosmetics/CosmeticsEditor.cpp,ENHANCEMENT_MENU,PLAYER_FACING
SOH_UI::soh::soh::Enhancements::cosmetics::CosmeticsEditor_cpp::L1233,Equipment_ChuFace3,soh/soh/Enhancements/cosmetics/CosmeticsEditor.cpp,ENHANCEMENT_MENU,PLAYER_FACING
SOH_UI::soh::soh::Enhancements::cosmetics::CosmeticsEditor_cpp::L1237,Equipment_ChuFace4,soh/soh/Enhancements/cosmetics/CosmeticsEditor.cpp,ENHANCEMENT_MENU,PLAYER_FACING
SOH_UI::soh::soh::Enhancements::cosmetics::CosmeticsEditor_cpp::L1238,Equipment_ChuFace5,soh/soh/Enhancements/cosmetics/CosmeticsEditor.cpp,ENHANCEMENT_MENU,PLAYER_FACING
SOH_UI::soh::soh::Enhancements::cosmetics::CosmeticsEditor_cpp::L1241,Equipment.ChuBody,soh/soh/Enhancements/cosmetics/CosmeticsEditor.cpp,ENHANCEMENT_MENU,INTERNAL_IDENTIFIER
SOH_UI::soh::soh::Enhancements::cosmetics::CosmeticsEditor_cpp::L1244,Equipment_ChuBody1,soh/soh/Enhancements/cosmetics/CosmeticsEditor.cpp,ENHANCEMENT_MENU,PLAYER_FACING
SOH_UI::soh::soh::Enhancements::cosmetics::CosmeticsEditor_cpp::L1246,Equipment_ChuBody2,soh/soh/Enhancements/cosmetics/CosmeticsEditor.cpp,ENHANCEMENT_MENU,PLAYER_FACING
SOH_UI::soh::soh::Enhancements::cosmetics::CosmeticsEditor_cpp::L1248,Equipment_ChuBody3,soh/soh/Enhancements/cosmetics/CosmeticsEditor.cpp,ENHANCEMENT_MENU,PLAYER_FACING
SOH_UI::soh::soh::Enhancements::cosmetics::CosmeticsEditor_cpp::L1250,Equipment_ChuBody4,soh/soh/Enhancements/cosmetics/CosmeticsEditor.cpp,ENHANCEMENT_MENU,PLAYER_FACING
SOH_UI::soh::soh::Enhancements::cosmetics::CosmeticsEditor_cpp::L1252,Equipment_ChuBody5,soh/soh/Enhancements/cosmetics/CosmeticsEditor.cpp,ENHANCEMENT_MENU,PLAYER_FACING
SOH_UI::soh::soh::Enhancements::cosmetics::CosmeticsEditor_cpp::L1256,Equipment.BunnyHood,soh/soh/Enhancements/cosmetics/CosmeticsEditor.cpp,ENHANCEMENT_MENU,INTERNAL_IDENTIFIER
SOH_UI::soh::soh::Enhancements::cosmetics::CosmeticsEditor_cpp::L1259,Equipment_BunnyHood1,soh/soh/Enhancements/cosmetics/CosmeticsEditor.cpp,ENHANCEMENT_MENU,PLAYER_FACING
SOH_UI::soh::soh::Enhancements::cosmetics::CosmeticsEditor_cpp::L1261,Equipment_BunnyHood2,soh/soh/Enhancements/cosmetics/CosmeticsEditor.cpp,ENHANCEMENT_MENU,PLAYER_FACING
SOH_UI::soh::soh::Enhancements::cosmetics::CosmeticsEditor_cpp::L1263,Equipment_BunnyHood3,soh/soh/Enhancements/cosmetics/CosmeticsEditor.cpp,ENHANCEMENT_MENU,PLAYER_FACING
SOH_UI::soh::soh::Enhancements::cosmetics::CosmeticsEditor_cpp::L1265,Equipment_BunnyHood4,soh/soh/Enhancements/cosmetics/CosmeticsEditor.cpp,ENHANCEMENT_MENU,PLAYER_FACING
SOH_UI::soh::soh::Enhancements::cosmetics::CosmeticsEditor_cpp::L1267,Equipment_BunnyHood5,soh/soh/Enhancements/cosmetics/CosmeticsEditor.cpp,ENHANCEMENT_MENU,PLAYER_FACING
SOH_UI::soh::soh::Enhancements::cosmetics::CosmeticsEditor_cpp::L1271,Equipment_BunnyHood6,soh/soh/Enhancements/cosmetics/CosmeticsEditor.cpp,ENHANCEMENT_MENU,PLAYER_FACING
SOH_UI::soh::soh::Enhancements::cosmetics::CosmeticsEditor_cpp::L1274,Equipment_BunnyHood7,soh/soh/Enhancements/cosmetics/CosmeticsEditor.cpp,ENHANCEMENT_MENU,PLAYER_FACING
SOH_UI::soh::soh::Enhancements::cosmetics::CosmeticsEditor_cpp::L1277,Equipment_BunnyHood7,soh/soh/Enhancements/cosmetics/CosmeticsEditor.cpp,ENHANCEMENT_MENU,PLAYER_FACING
SOH_UI::soh::soh::Enhancements::cosmetics::CosmeticsEditor_cpp::L1282,Consumable.GreenRupee,soh/soh/Enhancements/cosmetics/CosmeticsEditor.cpp,ENHANCEMENT_MENU,INTERNAL_IDENTIFIER
SOH_UI::soh::soh::Enhancements::cosmetics::CosmeticsEditor_cpp::L1285,Consumable_GreenRupee1,soh/soh/Enhancements/cosmetics/CosmeticsEditor.cpp,ENHANCEMENT_MENU,PLAYER_FACING
SOH_UI::soh::soh::Enhancements::cosmetics::CosmeticsEditor_cpp::L1287,Consumable_GreenRupee2,soh/soh/Enhancements/cosmetics/CosmeticsEditor.cpp,ENHANCEMENT_MENU,PLAYER_FACING
SOH_UI::soh::soh::Enhancements::cosmetics::CosmeticsEditor_cpp::L1290,Consumable_GreenRupee3,soh/soh/Enhancements/cosmetics/CosmeticsEditor.cpp,ENHANCEMENT_MENU,PLAYER_FACING
SOH_UI::soh::soh::Enhancements::cosmetics::CosmeticsEditor_cpp::L1292,Consumable_GreenRupee4,soh/soh/Enhancements/cosmetics/CosmeticsEditor.cpp,ENHANCEMENT_MENU,PLAYER_FACING
SOH_UI::soh::soh::Enhancements::cosmetics::CosmeticsEditor_cpp::L1297,RainbowBridge_StartGrayscale,soh/soh/Enhancements/cosmetics/CosmeticsEditor.cpp,ENHANCEMENT_MENU,PLAYER_FACING
SOH_UI::soh::soh::Enhancements::cosmetics::CosmeticsEditor_cpp::L1298,RainbowBridge_MakeGreen,soh/soh/Enhancements/cosmetics/CosmeticsEditor.cpp,ENHANCEMENT_MENU,PLAYER_FACING
SOH_UI::soh::soh::Enhancements::cosmetics::CosmeticsEditor_cpp::L1300,RainbowBridge_EndGrayscaleAndEndDlist,soh/soh/Enhancements/cosmetics/CosmeticsEditor.cpp,ENHANCEMENT_MENU,PLAYER_FACING
SOH_UI::soh::soh::Enhancements::cosmetics::CosmeticsEditor_cpp::L1303,RainbowBridge_StartGrayscale,soh/soh/Enhancements/cosmetics/CosmeticsEditor.cpp,ENHANCEMENT_MENU,PLAYER_FACING
SOH_UI::soh::soh::Enhancements::cosmetics::CosmeticsEditor_cpp::L1304,RainbowBridge_MakeGreen,soh/soh/Enhancements/cosmetics/CosmeticsEditor.cpp,ENHANCEMENT_MENU,PLAYER_FACING
SOH_UI::soh::soh::Enhancements::cosmetics::CosmeticsEditor_cpp::L1305,RainbowBridge_EndGrayscaleAndEndDlist,soh/soh/Enhancements/cosmetics/CosmeticsEditor.cpp,ENHANCEMENT_MENU,PLAYER_FACING
SOH_UI::soh::soh::Enhancements::cosmetics::CosmeticsEditor_cpp::L1308,Consumable.BlueRupee,soh/soh/Enhancements/cosmetics/CosmeticsEditor.cpp,ENHANCEMENT_MENU,INTERNAL_IDENTIFIER
SOH_UI::soh::soh::Enhancements::cosmetics::CosmeticsEditor_cpp::L1311,Consumable_BlueRupee1,soh/soh/Enhancements/cosmetics/CosmeticsEditor.cpp,ENHANCEMENT_MENU,PLAYER_FACING
SOH_UI::soh::soh::Enhancements::cosmetics::CosmeticsEditor_cpp::L1313,Consumable_BlueRupee2,soh/soh/Enhancements/cosmetics/CosmeticsEditor.cpp,ENHANCEMENT_MENU,PLAYER_FACING
SOH_UI::soh::soh::Enhancements::cosmetics::CosmeticsEditor_cpp::L1316,Consumable_BlueRupee3,soh/soh/Enhancements/cosmetics/CosmeticsEditor.cpp,ENHANCEMENT_MENU,PLAYER_FACING
SOH_UI::soh::soh::Enhancements::cosmetics::CosmeticsEditor_cpp::L1318,Consumable_BlueRupee4,soh/soh/Enhancements/cosmetics/CosmeticsEditor.cpp,ENHANCEMENT_MENU,PLAYER_FACING
SOH_UI::soh::soh::Enhancements::cosmetics::CosmeticsEditor_cpp::L1321,Consumable.RedRupee,soh/soh/Enhancements/cosmetics/CosmeticsEditor.cpp,ENHANCEMENT_MENU,INTERNAL_IDENTIFIER
SOH_UI::soh::soh::Enhancements::cosmetics::CosmeticsEditor_cpp::L1324,Consumable_RedRupee1,soh/soh/Enhancements/cosmetics/CosmeticsEditor.cpp,ENHANCEMENT_MENU,PLAYER_FACING
SOH_UI::soh::soh::Enhancements::cosmetics::CosmeticsEditor_cpp::L1326,Consumable_RedRupee2,soh/soh/Enhancements/cosmetics/CosmeticsEditor.cpp,ENHANCEMENT_MENU,PLAYER_FACING
SOH_UI::soh::soh::Enhancements::cosmetics::CosmeticsEditor_cpp::L1329,Consumable_RedRupee3,soh/soh/Enhancements/cosmetics/CosmeticsEditor.cpp,ENHANCEMENT_MENU,PLAYER_FACING
SOH_UI::soh::soh::Enhancements::cosmetics::CosmeticsEditor_cpp::L1331,Consumable_RedRupee4,soh/soh/Enhancements/cosmetics/CosmeticsEditor.cpp,ENHANCEMENT_MENU,PLAYER_FACING
SOH_UI::soh::soh::Enhancements::cosmetics::CosmeticsEditor_cpp::L1334,Consumable.PurpleRupee,soh/soh/Enhancements/cosmetics/CosmeticsEditor.cpp,ENHANCEMENT_MENU,INTERNAL_IDENTIFIER
SOH_UI::soh::soh::Enhancements::cosmetics::CosmeticsEditor_cpp::L1337,Consumable_PurpleRupee1,soh/soh/Enhancements/cosmetics/CosmeticsEditor.cpp,ENHANCEMENT_MENU,PLAYER_FACING
SOH_UI::soh::soh::Enhancements::cosmetics::CosmeticsEditor_cpp::L1339,Consumable_PurpleRupee2,soh/soh/Enhancements/cosmetics/CosmeticsEditor.cpp,ENHANCEMENT_MENU,PLAYER_FACING
SOH_UI::soh::soh::Enhancements::cosmetics::CosmeticsEditor_cpp::L1342,Consumable_PurpleRupee3,soh/soh/Enhancements/cosmetics/CosmeticsEditor.cpp,ENHANCEMENT_MENU,PLAYER_FACING
SOH_UI::soh::soh::Enhancements::cosmetics::CosmeticsEditor_cpp::L1344,Consumable_PurpleRupee4,soh/soh/Enhancements/cosmetics/CosmeticsEditor.cpp,ENHANCEMENT_MENU,PLAYER_FACING
SOH_UI::soh::soh::Enhancements::cosmetics::CosmeticsEditor_cpp::L1347,Consumable.GoldRupee,soh/soh/Enhancements/cosmetics/CosmeticsEditor.cpp,ENHANCEMENT_MENU,INTERNAL_IDENTIFIER
SOH_UI::soh::soh::Enhancements::cosmetics::CosmeticsEditor_cpp::L1350,Consumable_GoldRupee1,soh/soh/Enhancements/cosmetics/CosmeticsEditor.cpp,ENHANCEMENT_MENU,PLAYER_FACING
SOH_UI::soh::soh::Enhancements::cosmetics::CosmeticsEditor_cpp::L1352,Consumable_GoldRupee2,soh/soh/Enhancements/cosmetics/CosmeticsEditor.cpp,ENHANCEMENT_MENU,PLAYER_FACING
SOH_UI::soh::soh::Enhancements::cosmetics::CosmeticsEditor_cpp::L1355,Consumable_GoldRupee3,soh/soh/Enhancements/cosmetics/CosmeticsEditor.cpp,ENHANCEMENT_MENU,PLAYER_FACING
SOH_UI::soh::soh::Enhancements::cosmetics::CosmeticsEditor_cpp::L1357,Consumable_GoldRupee4,soh/soh/Enhancements/cosmetics/CosmeticsEditor.cpp,ENHANCEMENT_MENU,PLAYER_FACING
SOH_UI::soh::soh::Enhancements::cosmetics::CosmeticsEditor_cpp::L1365,Consumable_Hearts1,soh/soh/Enhancements/cosmetics/CosmeticsEditor.cpp,ENHANCEMENT_MENU,PLAYER_FACING
SOH_UI::soh::soh::Enhancements::cosmetics::CosmeticsEditor_cpp::L1366,Consumable_Hearts2,soh/soh/Enhancements/cosmetics/CosmeticsEditor.cpp,ENHANCEMENT_MENU,PLAYER_FACING
SOH_UI::soh::soh::Enhancements::cosmetics::CosmeticsEditor_cpp::L1368,Consumable_Hearts3,soh/soh/Enhancements/cosmetics/CosmeticsEditor.cpp,ENHANCEMENT_MENU,PLAYER_FACING
SOH_UI::soh::soh::Enhancements::cosmetics::CosmeticsEditor_cpp::L1369,Consumable_Hearts4,soh/soh/Enhancements/cosmetics/CosmeticsEditor.cpp,ENHANCEMENT_MENU,PLAYER_FACING
SOH_UI::soh::soh::Enhancements::cosmetics::CosmeticsEditor_cpp::L1372,Consumable_Hearts5,soh/soh/Enhancements/cosmetics/CosmeticsEditor.cpp,ENHANCEMENT_MENU,PLAYER_FACING
SOH_UI::soh::soh::Enhancements::cosmetics::CosmeticsEditor_cpp::L1374,Consumable_Hearts6,soh/soh/Enhancements/cosmetics/CosmeticsEditor.cpp,ENHANCEMENT_MENU,PLAYER_FACING
SOH_UI::soh::soh::Enhancements::cosmetics::CosmeticsEditor_cpp::L1376,Consumable_Hearts7,soh/soh/Enhancements/cosmetics/CosmeticsEditor.cpp,ENHANCEMENT_MENU,PLAYER_FACING
SOH_UI::soh::soh::Enhancements::cosmetics::CosmeticsEditor_cpp::L1378,Consumable_Hearts8,soh/soh/Enhancements/cosmetics/CosmeticsEditor.cpp,ENHANCEMENT_MENU,PLAYER_FACING
SOH_UI::soh::soh::Enhancements::cosmetics::CosmeticsEditor_cpp::L1380,Consumable_Hearts9,soh/soh/Enhancements/cosmetics/CosmeticsEditor.cpp,ENHANCEMENT_MENU,PLAYER_FACING
SOH_UI::soh::soh::Enhancements::cosmetics::CosmeticsEditor_cpp::L1382,Consumable_Hearts10,soh/soh/Enhancements/cosmetics/CosmeticsEditor.cpp,ENHANCEMENT_MENU,PLAYER_FACING
SOH_UI::soh::soh::Enhancements::cosmetics::CosmeticsEditor_cpp::L1385,Consumable.Magic,soh/soh/Enhancements/cosmetics/CosmeticsEditor.cpp,ENHANCEMENT_MENU,INTERNAL_IDENTIFIER
SOH_UI::soh::soh::Enhancements::cosmetics::CosmeticsEditor_cpp::L1388,Consumable_Magic1,soh/soh/Enhancements/cosmetics/CosmeticsEditor.cpp,ENHANCEMENT_MENU,PLAYER_FACING
SOH_UI::soh::soh::Enhancements::cosmetics::CosmeticsEditor_cpp::L1390,Consumable_Magic2,soh/soh/Enhancements/cosmetics/CosmeticsEditor.cpp,ENHANCEMENT_MENU,PLAYER_FACING
SOH_UI::soh::soh::Enhancements::cosmetics::CosmeticsEditor_cpp::L1392,Consumable_Magic3,soh/soh/Enhancements/cosmetics/CosmeticsEditor.cpp,ENHANCEMENT_MENU,PLAYER_FACING
SOH_UI::soh::soh::Enhancements::cosmetics::CosmeticsEditor_cpp::L1394,Consumable_Magic4,soh/soh/Enhancements/cosmetics/CosmeticsEditor.cpp,ENHANCEMENT_MENU,PLAYER_FACING
SOH_UI::soh::soh::Enhancements::cosmetics::CosmeticsEditor_cpp::L1396,Consumable_Magic5,soh/soh/Enhancements/cosmetics/CosmeticsEditor.cpp,ENHANCEMENT_MENU,PLAYER_FACING
SOH_UI::soh::soh::Enhancements::cosmetics::CosmeticsEditor_cpp::L1398,Consumable_Magic6,soh/soh/Enhancements/cosmetics/CosmeticsEditor.cpp,ENHANCEMENT_MENU,PLAYER_FACING
SOH_UI::soh::soh::Enhancements::cosmetics::CosmeticsEditor_cpp::L1402,NPC.GoldenSkulltula,soh/soh/Enhancements/cosmetics/CosmeticsEditor.cpp,ENHANCEMENT_MENU,INTERNAL_IDENTIFIER
SOH_UI::soh::soh::Enhancements::cosmetics::CosmeticsEditor_cpp::L1405,NPC_GoldenSkulltula1,soh/soh/Enhancements/cosmetics/CosmeticsEditor.cpp,ENHANCEMENT_MENU,PLAYER_FACING
SOH_UI::soh::soh::Enhancements::cosmetics::CosmeticsEditor_cpp::L1407,NPC_GoldenSkulltula2,soh/soh/Enhancements/cosmetics/CosmeticsEditor.cpp,ENHANCEMENT_MENU,PLAYER_FACING
SOH_UI::soh::soh::Enhancements::cosmetics::CosmeticsEditor_cpp::L1409,NPC_GoldenSkulltula3,soh/soh/Enhancements/cosmetics/CosmeticsEditor.cpp,ENHANCEMENT_MENU,PLAYER_FACING
SOH_UI::soh::soh::Enhancements::cosmetics::CosmeticsEditor_cpp::L1411,NPC_GoldenSkulltula4,soh/soh/Enhancements/cosmetics/CosmeticsEditor.cpp,ENHANCEMENT_MENU,PLAYER_FACING
SOH_UI::soh::soh::Enhancements::cosmetics::CosmeticsEditor_cpp::L1413,NPC_GoldenSkulltula5,soh/soh/Enhancements/cosmetics/CosmeticsEditor.cpp,ENHANCEMENT_MENU,PLAYER_FACING
SOH_UI::soh::soh::Enhancements::cosmetics::CosmeticsEditor_cpp::L1415,NPC_GoldenSkulltula6,soh/soh/Enhancements/cosmetics/CosmeticsEditor.cpp,ENHANCEMENT_MENU,PLAYER_FACING
SOH_UI::soh::soh::Enhancements::cosmetics::CosmeticsEditor_cpp::L1417,NPC_GoldenSkulltula7,soh/soh/Enhancements/cosmetics/CosmeticsEditor.cpp,ENHANCEMENT_MENU,PLAYER_FACING
SOH_UI::soh::soh::Enhancements::cosmetics::CosmeticsEditor_cpp::L1419,NPC_GoldenSkulltula8,soh/soh/Enhancements/cosmetics/CosmeticsEditor.cpp,ENHANCEMENT_MENU,PLAYER_FACING
SOH_UI::soh::soh::Enhancements::cosmetics::CosmeticsEditor_cpp::L1421,NPC_GoldenSkulltula9,soh/soh/Enhancements/cosmetics/CosmeticsEditor.cpp,ENHANCEMENT_MENU,PLAYER_FACING
SOH_UI::soh::soh::Enhancements::cosmetics::CosmeticsEditor_cpp::L1423,NPC_GoldenSkulltula10,soh/soh/Enhancements/cosmetics/CosmeticsEditor.cpp,ENHANCEMENT_MENU,PLAYER_FACING
SOH_UI::soh::soh::Enhancements::cosmetics::CosmeticsEditor_cpp::L1427,NPC.Gerudo,soh/soh/Enhancements/cosmetics/CosmeticsEditor.cpp,ENHANCEMENT_MENU,INTERNAL_IDENTIFIER
SOH_UI::soh::soh::Enhancements::cosmetics::CosmeticsEditor_cpp::L1430,NPC_Gerudo1,soh/soh/Enhancements/cosmetics/CosmeticsEditor.cpp,ENHANCEMENT_MENU,PLAYER_FACING
SOH_UI::soh::soh::Enhancements::cosmetics::CosmeticsEditor_cpp::L1432,NPC_Gerudo2,soh/soh/Enhancements/cosmetics/CosmeticsEditor.cpp,ENHANCEMENT_MENU,PLAYER_FACING
SOH_UI::soh::soh::Enhancements::cosmetics::CosmeticsEditor_cpp::L1434,NPC_Gerudo3,soh/soh/Enhancements/cosmetics/CosmeticsEditor.cpp,ENHANCEMENT_MENU,PLAYER_FACING
SOH_UI::soh::soh::Enhancements::cosmetics::CosmeticsEditor_cpp::L1436,NPC_Gerudo4,soh/soh/Enhancements/cosmetics/CosmeticsEditor.cpp,ENHANCEMENT_MENU,PLAYER_FACING
SOH_UI::soh::soh::Enhancements::cosmetics::CosmeticsEditor_cpp::L1438,NPC_Gerudo5,soh/soh/Enhancements/cosmetics/CosmeticsEditor.cpp,ENHANCEMENT_MENU,PLAYER_FACING
SOH_UI::soh::soh::Enhancements::cosmetics::CosmeticsEditor_cpp::L1440,NPC_Gerudo6,soh/soh/Enhancements/cosmetics/CosmeticsEditor.cpp,ENHANCEMENT_MENU,PLAYER_FACING
SOH_UI::soh::soh::Enhancements::cosmetics::CosmeticsEditor_cpp::L1442,NPC_Gerudo7,soh/soh/Enhancements/cosmetics/CosmeticsEditor.cpp,ENHANCEMENT_MENU,PLAYER_FACING
SOH_UI::soh::soh::Enhancements::cosmetics::CosmeticsEditor_cpp::L1444,NPC_Gerudo8,soh/soh/Enhancements/cosmetics/CosmeticsEditor.cpp,ENHANCEMENT_MENU,PLAYER_FACING
SOH_UI::soh::soh::Enhancements::cosmetics::CosmeticsEditor_cpp::L1448,NPC.MetalTrap,soh/soh/Enhancements/cosmetics/CosmeticsEditor.cpp,ENHANCEMENT_MENU,INTERNAL_IDENTIFIER
SOH_UI::soh::soh::Enhancements::cosmetics::CosmeticsEditor_cpp::L1451,NPC_MetalTrap1,soh/soh/Enhancements/cosmetics/CosmeticsEditor.cpp,ENHANCEMENT_MENU,PLAYER_FACING
SOH_UI::soh::soh::Enhancements::cosmetics::CosmeticsEditor_cpp::L1455,Title.N64LogoRed,soh/soh/Enhancements/cosmetics/CosmeticsEditor.cpp,ENHANCEMENT_MENU,INTERNAL_IDENTIFIER
SOH_UI::soh::soh::Enhancements::cosmetics::CosmeticsEditor_cpp::L1458,Title_N64LogoRed1,soh/soh/Enhancements/cosmetics/CosmeticsEditor.cpp,ENHANCEMENT_MENU,PLAYER_FACING
SOH_UI::soh::soh::Enhancements::cosmetics::CosmeticsEditor_cpp::L1460,Title_N64LogoRed2,soh/soh/Enhancements/cosmetics/CosmeticsEditor.cpp,ENHANCEMENT_MENU,PLAYER_FACING
SOH_UI::soh::soh::Enhancements::cosmetics::CosmeticsEditor_cpp::L1463,Title.N64LogoBlue,soh/soh/Enhancements/cosmetics/CosmeticsEditor.cpp,ENHANCEMENT_MENU,INTERNAL_IDENTIFIER
SOH_UI::soh::soh::Enhancements::cosmetics::CosmeticsEditor_cpp::L1466,Title_N64LogoBlue1,soh/soh/Enhancements/cosmetics/CosmeticsEditor.cpp,ENHANCEMENT_MENU,PLAYER_FACING
SOH_UI::soh::soh::Enhancements::cosmetics::CosmeticsEditor_cpp::L1468,Title_N64LogoBlue2,soh/soh/Enhancements/cosmetics/CosmeticsEditor.cpp,ENHANCEMENT_MENU,PLAYER_FACING
SOH_UI::soh::soh::Enhancements::cosmetics::CosmeticsEditor_cpp::L1471,Title.N64LogoGreen,soh/soh/Enhancements/cosmetics/CosmeticsEditor.cpp,ENHANCEMENT_MENU,INTERNAL_IDENTIFIER
SOH_UI::soh::soh::Enhancements::cosmetics::CosmeticsEditor_cpp::L1474,Title_N64LogoGreen1,soh/soh/Enhancements/cosmetics/CosmeticsEditor.cpp,ENHANCEMENT_MENU,PLAYER_FACING
SOH_UI::soh::soh::Enhancements::cosmetics::CosmeticsEditor_cpp::L1476,Title_N64LogoGreen2,soh/soh/Enhancements/cosmetics/CosmeticsEditor.cpp,ENHANCEMENT_MENU,PLAYER_FACING
SOH_UI::soh::soh::Enhancements::cosmetics::CosmeticsEditor_cpp::L1479,Title.N64LogoYellow,soh/soh/Enhancements/cosmetics/CosmeticsEditor.cpp,ENHANCEMENT_MENU,INTERNAL_IDENTIFIER
SOH_UI::soh::soh::Enhancements::cosmetics::CosmeticsEditor_cpp::L1482,Title_N64LogoYellow1,soh/soh/Enhancements/cosmetics/CosmeticsEditor.cpp,ENHANCEMENT_MENU,PLAYER_FACING
SOH_UI::soh::soh::Enhancements::cosmetics::CosmeticsEditor_cpp::L1484,Title_N64LogoYellow2,soh/soh/Enhancements/cosmetics/CosmeticsEditor.cpp,ENHANCEMENT_MENU,PLAYER_FACING
SOH_UI::soh::soh::Enhancements::cosmetics::CosmeticsEditor_cpp::L1489,Link.BodySize.Changed,soh/soh/Enhancements/cosmetics/CosmeticsEditor.cpp,ENHANCEMENT_MENU,INTERNAL_IDENTIFIER
SOH_UI::soh::soh::Enhancements::cosmetics::CosmeticsEditor_cpp::L1491,Link.BodySize.Value,soh/soh/Enhancements/cosmetics/CosmeticsEditor.cpp,ENHANCEMENT_MENU,INTERNAL_IDENTIFIER
SOH_UI::soh::soh::Enhancements::cosmetics::CosmeticsEditor_cpp::L1548,Hidden,soh/soh/Enhancements/cosmetics/CosmeticsEditor.cpp,ENHANCEMENT_MENU,PLAYER_FACING
SOH_UI::soh::soh::Enhancements::cosmetics::CosmeticsEditor_cpp::L1646,HUD.Margin.T,soh/soh/Enhancements/cosmetics/CosmeticsEditor.cpp,ENHANCEMENT_MENU,INTERNAL_IDENTIFIER
SOH_UI::soh::soh::Enhancements::cosmetics::CosmeticsEditor_cpp::L1653,HUD.Margin.L,soh/soh/Enhancements/cosmetics/CosmeticsEditor.cpp,ENHANCEMENT_MENU,INTERNAL_IDENTIFIER
SOH_UI::soh::soh::Enhancements::cosmetics::CosmeticsEditor_cpp::L1660,HUD.Margin.R,soh/soh/Enhancements/cosmetics/CosmeticsEditor.cpp,ENHANCEMENT_MENU,INTERNAL_IDENTIFIER
SOH_UI::soh::soh::Enhancements::cosmetics::CosmeticsEditor_cpp::L1667,HUD.Margin.B,soh/soh/Enhancements/cosmetics/CosmeticsEditor.cpp,ENHANCEMENT_MENU,INTERNAL_IDENTIFIER
SOH_UI::soh::soh::Enhancements::cosmetics::CosmeticsEditor_cpp::L1708,HUD.MagicBar,soh/soh/Enhancements/cosmetics/CosmeticsEditor.cpp,ENHANCEMENT_MENU,INTERNAL_IDENTIFIER
SOH_UI::soh::soh::Enhancements::cosmetics::CosmeticsEditor_cpp::L1709,HUD.MagicBar,soh/soh/Enhancements/cosmetics/CosmeticsEditor.cpp,ENHANCEMENT_MENU,INTERNAL_IDENTIFIER
SOH_UI::soh::soh::Enhancements::cosmetics::CosmeticsEditor_cpp::L1711,HUD.MagicBar.PosType,soh/soh/Enhancements/cosmetics/CosmeticsEditor.cpp,ENHANCEMENT_MENU,INTERNAL_IDENTIFIER
SOH_UI::soh::soh::Enhancements::cosmetics::CosmeticsEditor_cpp::L1715,HUD.MagicBar,soh/soh/Enhancements/cosmetics/CosmeticsEditor.cpp,ENHANCEMENT_MENU,INTERNAL_IDENTIFIER
SOH_UI::soh::soh::Enhancements::cosmetics::CosmeticsEditor_cpp::L1718,HUD.MagicBar,soh/soh/Enhancements/cosmetics/CosmeticsEditor.cpp,ENHANCEMENT_MENU,INTERNAL_IDENTIFIER
SOH_UI::soh::soh::Enhancements::cosmetics::CosmeticsEditor_cpp::L1722,VisualAgony,soh/soh/Enhancements/cosmetics/CosmeticsEditor.cpp,ENHANCEMENT_MENU,PLAYER_FACING
SOH_UI::soh::soh::Enhancements::cosmetics::CosmeticsEditor_cpp::L1727,HUD.VisualSoA,soh/soh/Enhancements/cosmetics/CosmeticsEditor.cpp,ENHANCEMENT_MENU,INTERNAL_IDENTIFIER
SOH_UI::soh::soh::Enhancements::cosmetics::CosmeticsEditor_cpp::L1728,HUD.VisualSoA,soh/soh/Enhancements/cosmetics/CosmeticsEditor.cpp,ENHANCEMENT_MENU,INTERNAL_IDENTIFIER
SOH_UI::soh::soh::Enhancements::cosmetics::CosmeticsEditor_cpp::L1731,HUD.VisualSoA.PosType,soh/soh/Enhancements/cosmetics/CosmeticsEditor.cpp,ENHANCEMENT_MENU,INTERNAL_IDENTIFIER
SOH_UI::soh::soh::Enhancements::cosmetics::CosmeticsEditor_cpp::L1733,HUD.VisualSoA.PosType,soh/soh/Enhancements/cosmetics/CosmeticsEditor.cpp,ENHANCEMENT_MENU,INTERNAL_IDENTIFIER
SOH_UI::soh::soh::Enhancements::cosmetics::CosmeticsEditor_cpp::L1736,HUD.VisualSoA,soh/soh/Enhancements/cosmetics/CosmeticsEditor.cpp,ENHANCEMENT_MENU,INTERNAL_IDENTIFIER
SOH_UI::soh::soh::Enhancements::cosmetics::CosmeticsEditor_cpp::L1738,HUD.VisualSoA,soh/soh/Enhancements/cosmetics/CosmeticsEditor.cpp,ENHANCEMENT_MENU,INTERNAL_IDENTIFIER
SOH_UI::soh::soh::Enhancements::cosmetics::CosmeticsEditor_cpp::L1742,HUD.BButton,soh/soh/Enhancements/cosmetics/CosmeticsEditor.cpp,ENHANCEMENT_MENU,INTERNAL_IDENTIFIER
SOH_UI::soh::soh::Enhancements::cosmetics::CosmeticsEditor_cpp::L1745,HUD.AButton,soh/soh/Enhancements/cosmetics/CosmeticsEditor.cpp,ENHANCEMENT_MENU,INTERNAL_IDENTIFIER
SOH_UI::soh::soh::Enhancements::cosmetics::CosmeticsEditor_cpp::L1749,HUD.StartButton,soh/soh/Enhancements/cosmetics/CosmeticsEditor.cpp,ENHANCEMENT_MENU,INTERNAL_IDENTIFIER
SOH_UI::soh::soh::Enhancements::cosmetics::CosmeticsEditor_cpp::L1752,HUD.CUpButton,soh/soh/Enhancements/cosmetics/CosmeticsEditor.cpp,ENHANCEMENT_MENU,INTERNAL_IDENTIFIER
SOH_UI::soh::soh::Enhancements::cosmetics::CosmeticsEditor_cpp::L1752,HUD.CUpButton.PosType,soh/soh/Enhancements/cosmetics/CosmeticsEditor.cpp,ENHANCEMENT_MENU,INTERNAL_IDENTIFIER
SOH_UI::soh::soh::Enhancements::cosmetics::CosmeticsEditor_cpp::L1754,HUD.CDownButton,soh/soh/Enhancements/cosmetics/CosmeticsEditor.cpp,ENHANCEMENT_MENU,INTERNAL_IDENTIFIER
SOH_UI::soh::soh::Enhancements::cosmetics::CosmeticsEditor_cpp::L1754,HUD.CDownButton.PosType,soh/soh/Enhancements/cosmetics/CosmeticsEditor.cpp,ENHANCEMENT_MENU,INTERNAL_IDENTIFIER
SOH_UI::soh::soh::Enhancements::cosmetics::CosmeticsEditor_cpp::L1756,HUD.CLeftButton,soh/soh/Enhancements/cosmetics/CosmeticsEditor.cpp,ENHANCEMENT_MENU,INTERNAL_IDENTIFIER
SOH_UI::soh::soh::Enhancements::cosmetics::CosmeticsEditor_cpp::L1756,HUD.CLeftButton.PosType,soh/soh/Enhancements/cosmetics/CosmeticsEditor.cpp,ENHANCEMENT_MENU,INTERNAL_IDENTIFIER
SOH_UI::soh::soh::Enhancements::cosmetics::CosmeticsEditor_cpp::L1758,HUD.CRightButton,soh/soh/Enhancements/cosmetics/CosmeticsEditor.cpp,ENHANCEMENT_MENU,INTERNAL_IDENTIFIER
SOH_UI::soh::soh::Enhancements::cosmetics::CosmeticsEditor_cpp::L1758,HUD.CRightButton.PosType,soh/soh/Enhancements/cosmetics/CosmeticsEditor.cpp,ENHANCEMENT_MENU,INTERNAL_IDENTIFIER
SOH_UI::soh::soh::Enhancements::cosmetics::CosmeticsEditor_cpp::L1759,DpadEquips,soh/soh/Enhancements/cosmetics/CosmeticsEditor.cpp,ENHANCEMENT_MENU,PLAYER_FACING
SOH_UI::soh::soh::Enhancements::cosmetics::CosmeticsEditor_cpp::L1763,HUD.Dpad,soh/soh/Enhancements/cosmetics/CosmeticsEditor.cpp,ENHANCEMENT_MENU,INTERNAL_IDENTIFIER
SOH_UI::soh::soh::Enhancements::cosmetics::CosmeticsEditor_cpp::L1764,HUD.Dpad,soh/soh/Enhancements/cosmetics/CosmeticsEditor.cpp,ENHANCEMENT_MENU,INTERNAL_IDENTIFIER
SOH_UI::soh::soh::Enhancements::cosmetics::CosmeticsEditor_cpp::L1767,HUD.Dpad.PosType,soh/soh/Enhancements/cosmetics/CosmeticsEditor.cpp,ENHANCEMENT_MENU,INTERNAL_IDENTIFIER
SOH_UI::soh::soh::Enhancements::cosmetics::CosmeticsEditor_cpp::L1769,HUD.Dpad.PosType,soh/soh/Enhancements/cosmetics/CosmeticsEditor.cpp,ENHANCEMENT_MENU,INTERNAL_IDENTIFIER
SOH_UI::soh::soh::Enhancements::cosmetics::CosmeticsEditor_cpp::L1772,HUD.Dpad,soh/soh/Enhancements/cosmetics/CosmeticsEditor.cpp,ENHANCEMENT_MENU,INTERNAL_IDENTIFIER
SOH_UI::soh::soh::Enhancements::cosmetics::CosmeticsEditor_cpp::L1774,HUD.Dpad,soh/soh/Enhancements/cosmetics/CosmeticsEditor.cpp,ENHANCEMENT_MENU,INTERNAL_IDENTIFIER
SOH_UI::soh::soh::Enhancements::cosmetics::CosmeticsEditor_cpp::L1778,Minimap,soh/soh/Enhancements/cosmetics/CosmeticsEditor.cpp,ENHANCEMENT_MENU,PLAYER_FACING
SOH_UI::soh::soh::Enhancements::cosmetics::CosmeticsEditor_cpp::L1779,HUD.Minimap,soh/soh/Enhancements/cosmetics/CosmeticsEditor.cpp,ENHANCEMENT_MENU,INTERNAL_IDENTIFIER
SOH_UI::soh::soh::Enhancements::cosmetics::CosmeticsEditor_cpp::L1784,HUD.SmallKey,soh/soh/Enhancements/cosmetics/CosmeticsEditor.cpp,ENHANCEMENT_MENU,INTERNAL_IDENTIFIER
SOH_UI::soh::soh::Enhancements::cosmetics::CosmeticsEditor_cpp::L1788,HUD.Rupees,soh/soh/Enhancements/cosmetics/CosmeticsEditor.cpp,ENHANCEMENT_MENU,INTERNAL_IDENTIFIER
SOH_UI::soh::soh::Enhancements::cosmetics::CosmeticsEditor_cpp::L1790,Carrots,soh/soh/Enhancements/cosmetics/CosmeticsEditor.cpp,ENHANCEMENT_MENU,PLAYER_FACING
SOH_UI::soh::soh::Enhancements::cosmetics::CosmeticsEditor_cpp::L1790,HUD.Carrots,soh/soh/Enhancements/cosmetics/CosmeticsEditor.cpp,ENHANCEMENT_MENU,INTERNAL_IDENTIFIER
SOH_UI::soh::soh::Enhancements::cosmetics::CosmeticsEditor_cpp::L1793,Timers,soh/soh/Enhancements/cosmetics/CosmeticsEditor.cpp,ENHANCEMENT_MENU,PLAYER_FACING
SOH_UI::soh::soh::Enhancements::cosmetics::CosmeticsEditor_cpp::L1793,HUD.Timers,soh/soh/Enhancements/cosmetics/CosmeticsEditor.cpp,ENHANCEMENT_MENU,INTERNAL_IDENTIFIER
SOH_UI::soh::soh::Enhancements::cosmetics::CosmeticsEditor_cpp::L1797,HUD.ArcheryScore,soh/soh/Enhancements/cosmetics/CosmeticsEditor.cpp,ENHANCEMENT_MENU,INTERNAL_IDENTIFIER
SOH_UI::soh::soh::Enhancements::cosmetics::CosmeticsEditor_cpp::L1800,HUD.TitleCard.Map,soh/soh/Enhancements/cosmetics/CosmeticsEditor.cpp,ENHANCEMENT_MENU,INTERNAL_IDENTIFIER
SOH_UI::soh::soh::Enhancements::cosmetics::CosmeticsEditor_cpp::L1804,HUD.TitleCard.Boss,soh/soh/Enhancements/cosmetics/CosmeticsEditor.cpp,ENHANCEMENT_MENU,INTERNAL_IDENTIFIER
SOH_UI::soh::soh::Enhancements::cosmetics::CosmeticsEditor_cpp::L1808,HUD.IGT,soh/soh/Enhancements/cosmetics/CosmeticsEditor.cpp,ENHANCEMENT_MENU,INTERNAL_IDENTIFIER
SOH_UI::soh::soh::Enhancements::cosmetics::CosmeticsEditor_cpp::L1815,HUD.EnemyHealthBar.PosType,soh/soh/Enhancements/cosmetics/CosmeticsEditor.cpp,ENHANCEMENT_MENU,INTERNAL_IDENTIFIER
SOH_UI::soh::soh::Enhancements::cosmetics::CosmeticsEditor_cpp::L1817,HUD.EnemyHealthBar.PosType,soh/soh/Enhancements/cosmetics/CosmeticsEditor.cpp,ENHANCEMENT_MENU,INTERNAL_IDENTIFIER
SOH_UI::soh::soh::Enhancements::cosmetics::CosmeticsEditor_cpp::L1820,HUD.EnemyHealthBar.PosType,soh/soh/Enhancements/cosmetics/CosmeticsEditor.cpp,ENHANCEMENT_MENU,INTERNAL_IDENTIFIER
SOH_UI::soh::soh::Enhancements::cosmetics::CosmeticsEditor_cpp::L1825,HUD.EnemyHealthBar.PosType,soh/soh/Enhancements/cosmetics/CosmeticsEditor.cpp,ENHANCEMENT_MENU,INTERNAL_IDENTIFIER
SOH_UI::soh::soh::Enhancements::cosmetics::CosmeticsEditor_cpp::L1829,HUD.EnemyHealthBar.,soh/soh/Enhancements/cosmetics/CosmeticsEditor.cpp,ENHANCEMENT_MENU,INTERNAL_IDENTIFIER
SOH_UI::soh::soh::Enhancements::cosmetics::CosmeticsEditor_cpp::L1832,HUD.EnemyHealthBar.Width.Value,soh/soh/Enhancements/cosmetics/CosmeticsEditor.cpp,ENHANCEMENT_MENU,INTERNAL_IDENTIFIER
SOH_UI::soh::soh::Enhancements::cosmetics::CosmeticsEditor_cpp::L1840,HUD.EnemyHealthBar.Width.Changed,soh/soh/Enhancements/cosmetics/CosmeticsEditor.cpp,ENHANCEMENT_MENU,INTERNAL_IDENTIFIER
SOH_UI::soh::soh::Enhancements::cosmetics::CosmeticsEditor_cpp::L1844,Reset##EnemyHealthBarWidth,soh/soh/Enhancements/cosmetics/CosmeticsEditor.cpp,ENHANCEMENT_MENU,PLAYER_FACING
SOH_UI::soh::soh::Enhancements::cosmetics::CosmeticsEditor_cpp::L1846,HUD.EnemyHealthBar.Width.Value,soh/soh/Enhancements/cosmetics/CosmeticsEditor.cpp,ENHANCEMENT_MENU,INTERNAL_IDENTIFIER
SOH_UI::soh::soh::Enhancements::cosmetics::CosmeticsEditor_cpp::L1847,HUD.EnemyHealthBar.Width.Changed,soh/soh/Enhancements/cosmetics/CosmeticsEditor.cpp,ENHANCEMENT_MENU,INTERNAL_IDENTIFIER
SOH_UI::soh::soh::Enhancements::cosmetics::CosmeticsEditor_cpp::L1873,DisableChanges,soh/soh/Enhancements/cosmetics/CosmeticsEditor.cpp,ENHANCEMENT_MENU,INTERNAL_IDENTIFIER
SOH_UI::soh::soh::Enhancements::cosmetics::CosmeticsEditor_cpp::L1877,LetItSnow,soh/soh/Enhancements/cosmetics/CosmeticsEditor.cpp,ENHANCEMENT_MENU,PLAYER_FACING
SOH_UI::soh::soh::Enhancements::cosmetics::CosmeticsEditor_cpp::L1885,Link.BodySize.Value,soh/soh/Enhancements/cosmetics/CosmeticsEditor.cpp,ENHANCEMENT_MENU,INTERNAL_IDENTIFIER
SOH_UI::soh::soh::Enhancements::cosmetics::CosmeticsEditor_cpp::L1894,Link.BodySize.Changed,soh/soh/Enhancements/cosmetics/CosmeticsEditor.cpp,ENHANCEMENT_MENU,INTERNAL_IDENTIFIER
SOH_UI::soh::soh::Enhancements::cosmetics::CosmeticsEditor_cpp::L1898,Reset##Link_BodySize,soh/soh/Enhancements/cosmetics/CosmeticsEditor.cpp,ENHANCEMENT_MENU,PLAYER_FACING
SOH_UI::soh::soh::Enhancements::cosmetics::CosmeticsEditor_cpp::L1900,Link.BodySize.Value,soh/soh/Enhancements/cosmetics/CosmeticsEditor.cpp,ENHANCEMENT_MENU,INTERNAL_IDENTIFIER
SOH_UI::soh::soh::Enhancements::cosmetics::CosmeticsEditor_cpp::L1901,Link.BodySize.Changed,soh/soh/Enhancements/cosmetics/CosmeticsEditor.cpp,ENHANCEMENT_MENU,INTERNAL_IDENTIFIER
SOH_UI::soh::soh::Enhancements::cosmetics::CosmeticsEditor_cpp::L1922,Reset##Link_HeadScale,soh/soh/Enhancements/cosmetics/CosmeticsEditor.cpp,ENHANCEMENT_MENU,PLAYER_FACING
SOH_UI::soh::soh::Enhancements::cosmetics::CosmeticsEditor_cpp::L1926,Link.SwordScale.Value,soh/soh/Enhancements/cosmetics/CosmeticsEditor.cpp,ENHANCEMENT_MENU,INTERNAL_IDENTIFIER
SOH_UI::soh::soh::Enhancements::cosmetics::CosmeticsEditor_cpp::L1935,Link.SwordScale.Changed,soh/soh/Enhancements/cosmetics/CosmeticsEditor.cpp,ENHANCEMENT_MENU,INTERNAL_IDENTIFIER
SOH_UI::soh::soh::Enhancements::cosmetics::CosmeticsEditor_cpp::L1937,Reset##Link_SwordScale,soh/soh/Enhancements/cosmetics/CosmeticsEditor.cpp,ENHANCEMENT_MENU,PLAYER_FACING
SOH_UI::soh::soh::Enhancements::cosmetics::CosmeticsEditor_cpp::L1937,Link.SwordScale,soh/soh/Enhancements/cosmetics/CosmeticsEditor.cpp,ENHANCEMENT_MENU,INTERNAL_IDENTIFIER
SOH_UI::soh::soh::Enhancements::cosmetics::CosmeticsEditor_cpp::L1941,BunnyHood.EarLength,soh/soh/Enhancements/cosmetics/CosmeticsEditor.cpp,ENHANCEMENT_MENU,INTERNAL_IDENTIFIER
SOH_UI::soh::soh::Enhancements::cosmetics::CosmeticsEditor_cpp::L1950,Reset##BunnyHood_EarLength,soh/soh/Enhancements/cosmetics/CosmeticsEditor.cpp,ENHANCEMENT_MENU,PLAYER_FACING
SOH_UI::soh::soh::Enhancements::cosmetics::CosmeticsEditor_cpp::L1950,BunnyHood.EarLength,soh/soh/Enhancements/cosmetics/CosmeticsEditor.cpp,ENHANCEMENT_MENU,INTERNAL_IDENTIFIER
SOH_UI::soh::soh::Enhancements::cosmetics::CosmeticsEditor_cpp::L1954,BunnyHood.EarSpread,soh/soh/Enhancements/cosmetics/CosmeticsEditor.cpp,ENHANCEMENT_MENU,INTERNAL_IDENTIFIER
SOH_UI::soh::soh::Enhancements::cosmetics::CosmeticsEditor_cpp::L1963,Reset##BunnyHood_EarSpread,soh/soh/Enhancements/cosmetics/CosmeticsEditor.cpp,ENHANCEMENT_MENU,PLAYER_FACING
SOH_UI::soh::soh::Enhancements::cosmetics::CosmeticsEditor_cpp::L1963,BunnyHood.EarSpread,soh/soh/Enhancements/cosmetics/CosmeticsEditor.cpp,ENHANCEMENT_MENU,INTERNAL_IDENTIFIER
SOH_UI::soh::soh::Enhancements::cosmetics::CosmeticsEditor_cpp::L1967,Goron.NeckLength,soh/soh/Enhancements/cosmetics/CosmeticsEditor.cpp,ENHANCEMENT_MENU,INTERNAL_IDENTIFIER
SOH_UI::soh::soh::Enhancements::cosmetics::CosmeticsEditor_cpp::L1976,Reset##Goron_NeckLength,soh/soh/Enhancements/cosmetics/CosmeticsEditor.cpp,ENHANCEMENT_MENU,PLAYER_FACING
SOH_UI::soh::soh::Enhancements::cosmetics::CosmeticsEditor_cpp::L1976,Goron.NeckLength,soh/soh/Enhancements/cosmetics/CosmeticsEditor.cpp,ENHANCEMENT_MENU,INTERNAL_IDENTIFIER
SOH_UI::soh::soh::Enhancements::cosmetics::CosmeticsEditor_cpp::L1980,UnfixGoronSpin,soh/soh/Enhancements/cosmetics/CosmeticsEditor.cpp,ENHANCEMENT_MENU,PLAYER_FACING
SOH_UI::soh::soh::Enhancements::cosmetics::CosmeticsEditor_cpp::L1985,Fairies.Size,soh/soh/Enhancements/cosmetics/CosmeticsEditor.cpp,ENHANCEMENT_MENU,INTERNAL_IDENTIFIER
SOH_UI::soh::soh::Enhancements::cosmetics::CosmeticsEditor_cpp::L1994,Reset##Fairies_Size,soh/soh/Enhancements/cosmetics/CosmeticsEditor.cpp,ENHANCEMENT_MENU,PLAYER_FACING
SOH_UI::soh::soh::Enhancements::cosmetics::CosmeticsEditor_cpp::L1994,Fairies.Size,soh/soh/Enhancements/cosmetics/CosmeticsEditor.cpp,ENHANCEMENT_MENU,INTERNAL_IDENTIFIER
SOH_UI::soh::soh::Enhancements::cosmetics::CosmeticsEditor_cpp::L1998,N64Logo.SpinSpeed,soh/soh/Enhancements/cosmetics/CosmeticsEditor.cpp,ENHANCEMENT_MENU,INTERNAL_IDENTIFIER
SOH_UI::soh::soh::Enhancements::cosmetics::CosmeticsEditor_cpp::L2007,Reset##N64Logo_SpinSpeed,soh/soh/Enhancements/cosmetics/CosmeticsEditor.cpp,ENHANCEMENT_MENU,PLAYER_FACING
SOH_UI::soh::soh::Enhancements::cosmetics::CosmeticsEditor_cpp::L2007,N64Logo.SpinSpeed,soh/soh/Enhancements/cosmetics/CosmeticsEditor.cpp,ENHANCEMENT_MENU,INTERNAL_IDENTIFIER
SOH_UI::soh::soh::Enhancements::cosmetics::CosmeticsEditor_cpp::L2011,Moon.Size,soh/soh/Enhancements/cosmetics/CosmeticsEditor.cpp,ENHANCEMENT_MENU,INTERNAL_IDENTIFIER
SOH_UI::soh::soh::Enhancements::cosmetics::CosmeticsEditor_cpp::L2020,Reset##Moon_Size,soh/soh/Enhancements/cosmetics/CosmeticsEditor.cpp,ENHANCEMENT_MENU,PLAYER_FACING
SOH_UI::soh::soh::Enhancements::cosmetics::CosmeticsEditor_cpp::L2020,Moon.Size,soh/soh/Enhancements/cosmetics/CosmeticsEditor.cpp,ENHANCEMENT_MENU,INTERNAL_IDENTIFIER
SOH_UI::soh::soh::Enhancements::cosmetics::CosmeticsEditor_cpp::L2024,Kak.Windmill_Speed.Value,soh/soh/Enhancements/cosmetics/CosmeticsEditor.cpp,ENHANCEMENT_MENU,INTERNAL_IDENTIFIER
SOH_UI::soh::soh::Enhancements::cosmetics::CosmeticsEditor_cpp::L2033,Kak.Windmill_Speed.Changed,soh/soh/Enhancements/cosmetics/CosmeticsEditor.cpp,ENHANCEMENT_MENU,INTERNAL_IDENTIFIER
SOH_UI::soh::soh::Enhancements::cosmetics::CosmeticsEditor_cpp::L2035,Reset##Kak_Windmill_Speed,soh/soh/Enhancements/cosmetics/CosmeticsEditor.cpp,ENHANCEMENT_MENU,PLAYER_FACING
SOH_UI::soh::soh::Enhancements::cosmetics::CosmeticsEditor_cpp::L2035,Kak.Windmill_Speed,soh/soh/Enhancements/cosmetics/CosmeticsEditor.cpp,ENHANCEMENT_MENU,INTERNAL_IDENTIFIER
SOH_UI::soh::soh::Enhancements::cosmetics::CosmeticsEditor_cpp::L2073,AdvancedMode,soh/soh/Enhancements/cosmetics/CosmeticsEditor.cpp,ENHANCEMENT_MENU,PLAYER_FACING
SOH_UI::soh::soh::Enhancements::cosmetics::CosmeticsEditor_cpp::L2080,Equipment.BowTips,soh/soh/Enhancements/cosmetics/CosmeticsEditor.cpp,ENHANCEMENT_MENU,INTERNAL_IDENTIFIER
SOH_UI::soh::soh::Enhancements::cosmetics::CosmeticsEditor_cpp::L2081,Equipment.BowHandle,soh/soh/Enhancements/cosmetics/CosmeticsEditor.cpp,ENHANCEMENT_MENU,INTERNAL_IDENTIFIER
SOH_UI::soh::soh::Enhancements::cosmetics::CosmeticsEditor_cpp::L2084,Navi.IdleSecondary,soh/soh/Enhancements/cosmetics/CosmeticsEditor.cpp,ENHANCEMENT_MENU,INTERNAL_IDENTIFIER
SOH_UI::soh::soh::Enhancements::cosmetics::CosmeticsEditor_cpp::L2086,Navi.EnemySecondary,soh/soh/Enhancements/cosmetics/CosmeticsEditor.cpp,ENHANCEMENT_MENU,INTERNAL_IDENTIFIER
SOH_UI::soh::soh::Enhancements::cosmetics::CosmeticsEditor_cpp::L2088,Navi.NPCSecondary,soh/soh/Enhancements/cosmetics/CosmeticsEditor.cpp,ENHANCEMENT_MENU,INTERNAL_IDENTIFIER
SOH_UI::soh::soh::Enhancements::cosmetics::CosmeticsEditor_cpp::L2090,Navi.PropsSecondary,soh/soh/Enhancements/cosmetics/CosmeticsEditor.cpp,ENHANCEMENT_MENU,INTERNAL_IDENTIFIER
SOH_UI::soh::soh::Enhancements::cosmetics::CosmeticsEditor_cpp::L2092,Ivan.IdleSecondary,soh/soh/Enhancements/cosmetics/CosmeticsEditor.cpp,ENHANCEMENT_MENU,INTERNAL_IDENTIFIER
SOH_UI::soh::soh::Enhancements::cosmetics::CosmeticsEditor_cpp::L2094,SpinAttack.Level1Primary,soh/soh/Enhancements/cosmetics/CosmeticsEditor.cpp,ENHANCEMENT_MENU,INTERNAL_IDENTIFIER
SOH_UI::soh::soh::Enhancements::cosmetics::CosmeticsEditor_cpp::L2096,SpinAttack.Level2Primary,soh/soh/Enhancements/cosmetics/CosmeticsEditor.cpp,ENHANCEMENT_MENU,INTERNAL_IDENTIFIER
SOH_UI::soh::soh::Enhancements::cosmetics::CosmeticsEditor_cpp::L2143,Equipment.BowTips,soh/soh/Enhancements/cosmetics/CosmeticsEditor.cpp,ENHANCEMENT_MENU,INTERNAL_IDENTIFIER
SOH_UI::soh::soh::Enhancements::cosmetics::CosmeticsEditor_cpp::L2144,Equipment.BowHandle,soh/soh/Enhancements/cosmetics/CosmeticsEditor.cpp,ENHANCEMENT_MENU,INTERNAL_IDENTIFIER
SOH_UI::soh::soh::Enhancements::cosmetics::CosmeticsEditor_cpp::L2146,Navi.IdleSecondary,soh/soh/Enhancements/cosmetics/CosmeticsEditor.cpp,ENHANCEMENT_MENU,INTERNAL_IDENTIFIER
SOH_UI::soh::soh::Enhancements::cosmetics::CosmeticsEditor_cpp::L2148,Navi.EnemySecondary,soh/soh/Enhancements/cosmetics/CosmeticsEditor.cpp,ENHANCEMENT_MENU,INTERNAL_IDENTIFIER
SOH_UI::soh::soh::Enhancements::cosmetics::CosmeticsEditor_cpp::L2150,Navi.NPCSecondary,soh/soh/Enhancements/cosmetics/CosmeticsEditor.cpp,ENHANCEMENT_MENU,INTERNAL_IDENTIFIER
SOH_UI::soh::soh::Enhancements::cosmetics::CosmeticsEditor_cpp::L2152,Navi.PropsSecondary,soh/soh/Enhancements/cosmetics/CosmeticsEditor.cpp,ENHANCEMENT_MENU,INTERNAL_IDENTIFIER
SOH_UI::soh::soh::Enhancements::cosmetics::CosmeticsEditor_cpp::L2154,SpinAttack.Level1Primary,soh/soh/Enhancements/cosmetics/CosmeticsEditor.cpp,ENHANCEMENT_MENU,INTERNAL_IDENTIFIER
SOH_UI::soh::soh::Enhancements::cosmetics::CosmeticsEditor_cpp::L2156,SpinAttack.Level2Primary,soh/soh/Enhancements/cosmetics/CosmeticsEditor.cpp,ENHANCEMENT_MENU,INTERNAL_IDENTIFIER
SOH_UI::soh::soh::Enhancements::cosmetics::CosmeticsEditor_cpp::L2158,Kaleido.ItemSelB,soh/soh/Enhancements/cosmetics/CosmeticsEditor.cpp,ENHANCEMENT_MENU,INTERNAL_IDENTIFIER
SOH_UI::soh::soh::Enhancements::cosmetics::CosmeticsEditor_cpp::L2159,Kaleido.ItemSelC,soh/soh/Enhancements/cosmetics/CosmeticsEditor.cpp,ENHANCEMENT_MENU,INTERNAL_IDENTIFIER
SOH_UI::soh::soh::Enhancements::cosmetics::CosmeticsEditor_cpp::L2160,Kaleido.ItemSelD,soh/soh/Enhancements/cosmetics/CosmeticsEditor.cpp,ENHANCEMENT_MENU,INTERNAL_IDENTIFIER
SOH_UI::soh::soh::Enhancements::cosmetics::CosmeticsEditor_cpp::L2162,Kaleido.EquipSelB,soh/soh/Enhancements/cosmetics/CosmeticsEditor.cpp,ENHANCEMENT_MENU,INTERNAL_IDENTIFIER
SOH_UI::soh::soh::Enhancements::cosmetics::CosmeticsEditor_cpp::L2163,Kaleido.EquipSelC,soh/soh/Enhancements/cosmetics/CosmeticsEditor.cpp,ENHANCEMENT_MENU,INTERNAL_IDENTIFIER
SOH_UI::soh::soh::Enhancements::cosmetics::CosmeticsEditor_cpp::L2164,Kaleido.EquipSelD,soh/soh/Enhancements/cosmetics/CosmeticsEditor.cpp,ENHANCEMENT_MENU,INTERNAL_IDENTIFIER
SOH_UI::soh::soh::Enhancements::cosmetics::CosmeticsEditor_cpp::L2166,Kaleido.MapSelDunB,soh/soh/Enhancements/cosmetics/CosmeticsEditor.cpp,ENHANCEMENT_MENU,INTERNAL_IDENTIFIER
SOH_UI::soh::soh::Enhancements::cosmetics::CosmeticsEditor_cpp::L2167,Kaleido.MapSelDunC,soh/soh/Enhancements/cosmetics/CosmeticsEditor.cpp,ENHANCEMENT_MENU,INTERNAL_IDENTIFIER
SOH_UI::soh::soh::Enhancements::cosmetics::CosmeticsEditor_cpp::L2168,Kaleido.MapSelDunD,soh/soh/Enhancements/cosmetics/CosmeticsEditor.cpp,ENHANCEMENT_MENU,INTERNAL_IDENTIFIER
SOH_UI::soh::soh::Enhancements::cosmetics::CosmeticsEditor_cpp::L2170,Kaleido.QuestStatusB,soh/soh/Enhancements/cosmetics/CosmeticsEditor.cpp,ENHANCEMENT_MENU,INTERNAL_IDENTIFIER
SOH_UI::soh::soh::Enhancements::cosmetics::CosmeticsEditor_cpp::L2171,Kaleido.QuestStatusC,soh/soh/Enhancements/cosmetics/CosmeticsEditor.cpp,ENHANCEMENT_MENU,INTERNAL_IDENTIFIER
SOH_UI::soh::soh::Enhancements::cosmetics::CosmeticsEditor_cpp::L2172,Kaleido.QuestStatusD,soh/soh/Enhancements/cosmetics/CosmeticsEditor.cpp,ENHANCEMENT_MENU,INTERNAL_IDENTIFIER
SOH_UI::soh::soh::Enhancements::cosmetics::CosmeticsEditor_cpp::L2174,Kaleido.MapSelectB,soh/soh/Enhancements/cosmetics/CosmeticsEditor.cpp,ENHANCEMENT_MENU,INTERNAL_IDENTIFIER
SOH_UI::soh::soh::Enhancements::cosmetics::CosmeticsEditor_cpp::L2175,Kaleido.MapSelectC,soh/soh/Enhancements/cosmetics/CosmeticsEditor.cpp,ENHANCEMENT_MENU,INTERNAL_IDENTIFIER
SOH_UI::soh::soh::Enhancements::cosmetics::CosmeticsEditor_cpp::L2176,Kaleido.MapSelectD,soh/soh/Enhancements/cosmetics/CosmeticsEditor.cpp,ENHANCEMENT_MENU,INTERNAL_IDENTIFIER
SOH_UI::soh::soh::Enhancements::cosmetics::CosmeticsEditor_cpp::L2178,Kaleido.SaveB,soh/soh/Enhancements/cosmetics/CosmeticsEditor.cpp,ENHANCEMENT_MENU,INTERNAL_IDENTIFIER
SOH_UI::soh::soh::Enhancements::cosmetics::CosmeticsEditor_cpp::L2179,Kaleido.SaveC,soh/soh/Enhancements/cosmetics/CosmeticsEditor.cpp,ENHANCEMENT_MENU,INTERNAL_IDENTIFIER
SOH_UI::soh::soh::Enhancements::cosmetics::CosmeticsEditor_cpp::L2180,Kaleido.SaveD,soh/soh/Enhancements/cosmetics/CosmeticsEditor.cpp,ENHANCEMENT_MENU,INTERNAL_IDENTIFIER
SOH_UI::soh::soh::Enhancements::cosmetics::CosmeticsEditor_cpp::L2196,Random##,soh/soh/Enhancements/cosmetics/CosmeticsEditor.cpp,ENHANCEMENT_MENU,PLAYER_FACING
SOH_UI::soh::soh::Enhancements::cosmetics::CosmeticsEditor_cpp::L2204,Rainbow##,soh/soh/Enhancements/cosmetics/CosmeticsEditor.cpp,ENHANCEMENT_MENU,PLAYER_FACING
SOH_UI::soh::soh::Enhancements::cosmetics::CosmeticsEditor_cpp::L2214,Locked##,soh/soh/Enhancements/cosmetics/CosmeticsEditor.cpp,ENHANCEMENT_MENU,PLAYER_FACING
SOH_UI::soh::soh::Enhancements::cosmetics::CosmeticsEditor_cpp::L2219,Reset##,soh/soh/Enhancements/cosmetics/CosmeticsEditor.cpp,ENHANCEMENT_MENU,PLAYER_FACING
SOH_UI::soh::soh::Enhancements::cosmetics::CosmeticsEditor_cpp::L2234,Random##,soh/soh/Enhancements/cosmetics/CosmeticsEditor.cpp,ENHANCEMENT_MENU,PLAYER_FACING
SOH_UI::soh::soh::Enhancements::cosmetics::CosmeticsEditor_cpp::L2238,AdvancedMode,soh/soh/Enhancements/cosmetics/CosmeticsEditor.cpp,ENHANCEMENT_MENU,PLAYER_FACING
SOH_UI::soh::soh::Enhancements::cosmetics::CosmeticsEditor_cpp::L2246,Reset##,soh/soh/Enhancements/cosmetics/CosmeticsEditor.cpp,ENHANCEMENT_MENU,PLAYER_FACING
SOH_UI::soh::soh::Enhancements::cosmetics::CosmeticsEditor_cpp::L2258,AdvancedMode,soh/soh/Enhancements/cosmetics/CosmeticsEditor.cpp,ENHANCEMENT_MENU,PLAYER_FACING
SOH_UI::soh::soh::Enhancements::cosmetics::CosmeticsEditor_cpp::L2267,Gamecube,soh/soh/Enhancements/cosmetics/CosmeticsEditor.cpp,ENHANCEMENT_MENU,PLAYER_FACING
SOH_UI::soh::soh::Enhancements::cosmetics::CosmeticsEditor_cpp::L2272,Key.KeyringRing,soh/soh/Enhancements/cosmetics/CosmeticsEditor.cpp,ENHANCEMENT_MENU,INTERNAL_IDENTIFIER
SOH_UI::soh::soh::Enhancements::cosmetics::CosmeticsEditor_cpp::L2275,Key.ForestSmallBody,soh/soh/Enhancements/cosmetics/CosmeticsEditor.cpp,ENHANCEMENT_MENU,INTERNAL_IDENTIFIER
SOH_UI::soh::soh::Enhancements::cosmetics::CosmeticsEditor_cpp::L2276,Key.ForestSmallBody,soh/soh/Enhancements/cosmetics/CosmeticsEditor.cpp,ENHANCEMENT_MENU,INTERNAL_IDENTIFIER
SOH_UI::soh::soh::Enhancements::cosmetics::CosmeticsEditor_cpp::L2277,Key.ForestSmallBody,soh/soh/Enhancements/cosmetics/CosmeticsEditor.cpp,ENHANCEMENT_MENU,INTERNAL_IDENTIFIER
SOH_UI::soh::soh::Enhancements::cosmetics::CosmeticsEditor_cpp::L2278,Key.ForestSmallEmblem,soh/soh/Enhancements/cosmetics/CosmeticsEditor.cpp,ENHANCEMENT_MENU,INTERNAL_IDENTIFIER
SOH_UI::soh::soh::Enhancements::cosmetics::CosmeticsEditor_cpp::L2280,Key.ForestBossBody,soh/soh/Enhancements/cosmetics/CosmeticsEditor.cpp,ENHANCEMENT_MENU,INTERNAL_IDENTIFIER
SOH_UI::soh::soh::Enhancements::cosmetics::CosmeticsEditor_cpp::L2281,Key.ForestBossGem,soh/soh/Enhancements/cosmetics/CosmeticsEditor.cpp,ENHANCEMENT_MENU,INTERNAL_IDENTIFIER
SOH_UI::soh::soh::Enhancements::cosmetics::CosmeticsEditor_cpp::L2282,Key.ForestBossGem,soh/soh/Enhancements/cosmetics/CosmeticsEditor.cpp,ENHANCEMENT_MENU,INTERNAL_IDENTIFIER
SOH_UI::soh::soh::Enhancements::cosmetics::CosmeticsEditor_cpp::L2283,Key.ForestBossGem,soh/soh/Enhancements/cosmetics/CosmeticsEditor.cpp,ENHANCEMENT_MENU,INTERNAL_IDENTIFIER
SOH_UI::soh::soh::Enhancements::cosmetics::CosmeticsEditor_cpp::L2286,Key.FireSmallBody,soh/soh/Enhancements/cosmetics/CosmeticsEditor.cpp,ENHANCEMENT_MENU,INTERNAL_IDENTIFIER
SOH_UI::soh::soh::Enhancements::cosmetics::CosmeticsEditor_cpp::L2287,Key.FireSmallBody,soh/soh/Enhancements/cosmetics/CosmeticsEditor.cpp,ENHANCEMENT_MENU,INTERNAL_IDENTIFIER
SOH_UI::soh::soh::Enhancements::cosmetics::CosmeticsEditor_cpp::L2288,Key.FireSmallBody,soh/soh/Enhancements/cosmetics/CosmeticsEditor.cpp,ENHANCEMENT_MENU,INTERNAL_IDENTIFIER
SOH_UI::soh::soh::Enhancements::cosmetics::CosmeticsEditor_cpp::L2289,Key.FireSmallEmblem,soh/soh/Enhancements/cosmetics/CosmeticsEditor.cpp,ENHANCEMENT_MENU,INTERNAL_IDENTIFIER
SOH_UI::soh::soh::Enhancements::cosmetics::CosmeticsEditor_cpp::L2291,Key.FireBossBody,soh/soh/Enhancements/cosmetics/CosmeticsEditor.cpp,ENHANCEMENT_MENU,INTERNAL_IDENTIFIER
SOH_UI::soh::soh::Enhancements::cosmetics::CosmeticsEditor_cpp::L2292,Key.FireBossGem,soh/soh/Enhancements/cosmetics/CosmeticsEditor.cpp,ENHANCEMENT_MENU,INTERNAL_IDENTIFIER
SOH_UI::soh::soh::Enhancements::cosmetics::CosmeticsEditor_cpp::L2293,Key.FireBossGem,soh/soh/Enhancements/cosmetics/CosmeticsEditor.cpp,ENHANCEMENT_MENU,INTERNAL_IDENTIFIER
SOH_UI::soh::soh::Enhancements::cosmetics::CosmeticsEditor_cpp::L2294,Key.FireBossGem,soh/soh/Enhancements/cosmetics/CosmeticsEditor.cpp,ENHANCEMENT_MENU,INTERNAL_IDENTIFIER
SOH_UI::soh::soh::Enhancements::cosmetics::CosmeticsEditor_cpp::L2297,Key.WaterSmallBody,soh/soh/Enhancements/cosmetics/CosmeticsEditor.cpp,ENHANCEMENT_MENU,INTERNAL_IDENTIFIER
SOH_UI::soh::soh::Enhancements::cosmetics::CosmeticsEditor_cpp::L2298,Key.WaterSmallBody,soh/soh/Enhancements/cosmetics/CosmeticsEditor.cpp,ENHANCEMENT_MENU,INTERNAL_IDENTIFIER
SOH_UI::soh::soh::Enhancements::cosmetics::CosmeticsEditor_cpp::L2299,Key.WaterSmallBody,soh/soh/Enhancements/cosmetics/CosmeticsEditor.cpp,ENHANCEMENT_MENU,INTERNAL_IDENTIFIER
SOH_UI::soh::soh::Enhancements::cosmetics::CosmeticsEditor_cpp::L2300,Key.WaterSmallEmblem,soh/soh/Enhancements/cosmetics/CosmeticsEditor.cpp,ENHANCEMENT_MENU,INTERNAL_IDENTIFIER
SOH_UI::soh::soh::Enhancements::cosmetics::CosmeticsEditor_cpp::L2302,Key.WaterBossBody,soh/soh/Enhancements/cosmetics/CosmeticsEditor.cpp,ENHANCEMENT_MENU,INTERNAL_IDENTIFIER
SOH_UI::soh::soh::Enhancements::cosmetics::CosmeticsEditor_cpp::L2303,Key.WaterBossGem,soh/soh/Enhancements/cosmetics/CosmeticsEditor.cpp,ENHANCEMENT_MENU,INTERNAL_IDENTIFIER
SOH_UI::soh::soh::Enhancements::cosmetics::CosmeticsEditor_cpp::L2304,Key.WaterBossGem,soh/soh/Enhancements/cosmetics/CosmeticsEditor.cpp,ENHANCEMENT_MENU,INTERNAL_IDENTIFIER
SOH_UI::soh::soh::Enhancements::cosmetics::CosmeticsEditor_cpp::L2305,Key.WaterBossGem,soh/soh/Enhancements/cosmetics/CosmeticsEditor.cpp,ENHANCEMENT_MENU,INTERNAL_IDENTIFIER
SOH_UI::soh::soh::Enhancements::cosmetics::CosmeticsEditor_cpp::L2308,Key.SpiritSmallBody,soh/soh/Enhancements/cosmetics/CosmeticsEditor.cpp,ENHANCEMENT_MENU,INTERNAL_IDENTIFIER
SOH_UI::soh::soh::Enhancements::cosmetics::CosmeticsEditor_cpp::L2309,Key.SpiritSmallBody,soh/soh/Enhancements/cosmetics/CosmeticsEditor.cpp,ENHANCEMENT_MENU,INTERNAL_IDENTIFIER
SOH_UI::soh::soh::Enhancements::cosmetics::CosmeticsEditor_cpp::L2310,Key.SpiritSmallBody,soh/soh/Enhancements/cosmetics/CosmeticsEditor.cpp,ENHANCEMENT_MENU,INTERNAL_IDENTIFIER
SOH_UI::soh::soh::Enhancements::cosmetics::CosmeticsEditor_cpp::L2311,Key.SpiritSmallEmblem,soh/soh/Enhancements/cosmetics/CosmeticsEditor.cpp,ENHANCEMENT_MENU,INTERNAL_IDENTIFIER
SOH_UI::soh::soh::Enhancements::cosmetics::CosmeticsEditor_cpp::L2313,Key.SpiritBossBody,soh/soh/Enhancements/cosmetics/CosmeticsEditor.cpp,ENHANCEMENT_MENU,INTERNAL_IDENTIFIER
SOH_UI::soh::soh::Enhancements::cosmetics::CosmeticsEditor_cpp::L2314,Key.SpiritBossGem,soh/soh/Enhancements/cosmetics/CosmeticsEditor.cpp,ENHANCEMENT_MENU,INTERNAL_IDENTIFIER
SOH_UI::soh::soh::Enhancements::cosmetics::CosmeticsEditor_cpp::L2315,Key.SpiritBossGem,soh/soh/Enhancements/cosmetics/CosmeticsEditor.cpp,ENHANCEMENT_MENU,INTERNAL_IDENTIFIER
SOH_UI::soh::soh::Enhancements::cosmetics::CosmeticsEditor_cpp::L2316,Key.SpiritBossGem,soh/soh/Enhancements/cosmetics/CosmeticsEditor.cpp,ENHANCEMENT_MENU,INTERNAL_IDENTIFIER
SOH_UI::soh::soh::Enhancements::cosmetics::CosmeticsEditor_cpp::L2319,Key.ShadowSmallBody,soh/soh/Enhancements/cosmetics/CosmeticsEditor.cpp,ENHANCEMENT_MENU,INTERNAL_IDENTIFIER
SOH_UI::soh::soh::Enhancements::cosmetics::CosmeticsEditor_cpp::L2320,Key.ShadowSmallBody,soh/soh/Enhancements/cosmetics/CosmeticsEditor.cpp,ENHANCEMENT_MENU,INTERNAL_IDENTIFIER
SOH_UI::soh::soh::Enhancements::cosmetics::CosmeticsEditor_cpp::L2321,Key.ShadowSmallBody,soh/soh/Enhancements/cosmetics/CosmeticsEditor.cpp,ENHANCEMENT_MENU,INTERNAL_IDENTIFIER
SOH_UI::soh::soh::Enhancements::cosmetics::CosmeticsEditor_cpp::L2322,Key.ShadowSmallEmblem,soh/soh/Enhancements/cosmetics/CosmeticsEditor.cpp,ENHANCEMENT_MENU,INTERNAL_IDENTIFIER
SOH_UI::soh::soh::Enhancements::cosmetics::CosmeticsEditor_cpp::L2324,Key.ShadowBossBody,soh/soh/Enhancements/cosmetics/CosmeticsEditor.cpp,ENHANCEMENT_MENU,INTERNAL_IDENTIFIER
SOH_UI::soh::soh::Enhancements::cosmetics::CosmeticsEditor_cpp::L2325,Key.ShadowBossGem,soh/soh/Enhancements/cosmetics/CosmeticsEditor.cpp,ENHANCEMENT_MENU,INTERNAL_IDENTIFIER
SOH_UI::soh::soh::Enhancements::cosmetics::CosmeticsEditor_cpp::L2326,Key.ShadowBossGem,soh/soh/Enhancements/cosmetics/CosmeticsEditor.cpp,ENHANCEMENT_MENU,INTERNAL_IDENTIFIER
SOH_UI::soh::soh::Enhancements::cosmetics::CosmeticsEditor_cpp::L2327,Key.ShadowBossGem,soh/soh/Enhancements/cosmetics/CosmeticsEditor.cpp,ENHANCEMENT_MENU,INTERNAL_IDENTIFIER
SOH_UI::soh::soh::Enhancements::cosmetics::CosmeticsEditor_cpp::L2330,Key.GanonsSmallBody,soh/soh/Enhancements/cosmetics/CosmeticsEditor.cpp,ENHANCEMENT_MENU,INTERNAL_IDENTIFIER
SOH_UI::soh::soh::Enhancements::cosmetics::CosmeticsEditor_cpp::L2331,Key.GanonsSmallBody,soh/soh/Enhancements/cosmetics/CosmeticsEditor.cpp,ENHANCEMENT_MENU,INTERNAL_IDENTIFIER
SOH_UI::soh::soh::Enhancements::cosmetics::CosmeticsEditor_cpp::L2332,Key.GanonsSmallBody,soh/soh/Enhancements/cosmetics/CosmeticsEditor.cpp,ENHANCEMENT_MENU,INTERNAL_IDENTIFIER
SOH_UI::soh::soh::Enhancements::cosmetics::CosmeticsEditor_cpp::L2333,Key.GanonsSmallEmblem,soh/soh/Enhancements/cosmetics/CosmeticsEditor.cpp,ENHANCEMENT_MENU,INTERNAL_IDENTIFIER
SOH_UI::soh::soh::Enhancements::cosmetics::CosmeticsEditor_cpp::L2335,Key.GanonsBossBody,soh/soh/Enhancements/cosmetics/CosmeticsEditor.cpp,ENHANCEMENT_MENU,INTERNAL_IDENTIFIER
SOH_UI::soh::soh::Enhancements::cosmetics::CosmeticsEditor_cpp::L2336,Key.GanonsBossBody,soh/soh/Enhancements/cosmetics/CosmeticsEditor.cpp,ENHANCEMENT_MENU,INTERNAL_IDENTIFIER
SOH_UI::soh::soh::Enhancements::cosmetics::CosmeticsEditor_cpp::L2337,Key.GanonsBossBody,soh/soh/Enhancements/cosmetics/CosmeticsEditor.cpp,ENHANCEMENT_MENU,INTERNAL_IDENTIFIER
SOH_UI::soh::soh::Enhancements::cosmetics::CosmeticsEditor_cpp::L2338,Key.GanonsBossGem,soh/soh/Enhancements/cosmetics/CosmeticsEditor.cpp,ENHANCEMENT_MENU,INTERNAL_IDENTIFIER
SOH_UI::soh::soh::Enhancements::cosmetics::CosmeticsEditor_cpp::L2339,Key.GanonsBossGem,soh/soh/Enhancements/cosmetics/CosmeticsEditor.cpp,ENHANCEMENT_MENU,INTERNAL_IDENTIFIER
SOH_UI::soh::soh::Enhancements::cosmetics::CosmeticsEditor_cpp::L2340,Key.GanonsBossGem,soh/soh/Enhancements/cosmetics/CosmeticsEditor.cpp,ENHANCEMENT_MENU,INTERNAL_IDENTIFIER
SOH_UI::soh::soh::Enhancements::cosmetics::CosmeticsEditor_cpp::L2343,Key.WellSmallBody,soh/soh/Enhancements/cosmetics/CosmeticsEditor.cpp,ENHANCEMENT_MENU,INTERNAL_IDENTIFIER
SOH_UI::soh::soh::Enhancements::cosmetics::CosmeticsEditor_cpp::L2344,Key.WellSmallBody,soh/soh/Enhancements/cosmetics/CosmeticsEditor.cpp,ENHANCEMENT_MENU,INTERNAL_IDENTIFIER
SOH_UI::soh::soh::Enhancements::cosmetics::CosmeticsEditor_cpp::L2345,Key.WellSmallBody,soh/soh/Enhancements/cosmetics/CosmeticsEditor.cpp,ENHANCEMENT_MENU,INTERNAL_IDENTIFIER
SOH_UI::soh::soh::Enhancements::cosmetics::CosmeticsEditor_cpp::L2346,Key.WellSmallEmblem,soh/soh/Enhancements/cosmetics/CosmeticsEditor.cpp,ENHANCEMENT_MENU,INTERNAL_IDENTIFIER
SOH_UI::soh::soh::Enhancements::cosmetics::CosmeticsEditor_cpp::L2349,Key.GTGSmallBody,soh/soh/Enhancements/cosmetics/CosmeticsEditor.cpp,ENHANCEMENT_MENU,INTERNAL_IDENTIFIER
SOH_UI::soh::soh::Enhancements::cosmetics::CosmeticsEditor_cpp::L2350,Key.GTGSmallBody,soh/soh/Enhancements/cosmetics/CosmeticsEditor.cpp,ENHANCEMENT_MENU,INTERNAL_IDENTIFIER
SOH_UI::soh::soh::Enhancements::cosmetics::CosmeticsEditor_cpp::L2351,Key.GTGSmallBody,soh/soh/Enhancements/cosmetics/CosmeticsEditor.cpp,ENHANCEMENT_MENU,INTERNAL_IDENTIFIER
SOH_UI::soh::soh::Enhancements::cosmetics::CosmeticsEditor_cpp::L2352,Key.GTGSmallEmblem,soh/soh/Enhancements/cosmetics/CosmeticsEditor.cpp,ENHANCEMENT_MENU,INTERNAL_IDENTIFIER
SOH_UI::soh::soh::Enhancements::cosmetics::CosmeticsEditor_cpp::L2355,Key.FortSmallBody,soh/soh/Enhancements/cosmetics/CosmeticsEditor.cpp,ENHANCEMENT_MENU,INTERNAL_IDENTIFIER
SOH_UI::soh::soh::Enhancements::cosmetics::CosmeticsEditor_cpp::L2356,Key.FortSmallBody,soh/soh/Enhancements/cosmetics/CosmeticsEditor.cpp,ENHANCEMENT_MENU,INTERNAL_IDENTIFIER
SOH_UI::soh::soh::Enhancements::cosmetics::CosmeticsEditor_cpp::L2357,Key.FortSmallBody,soh/soh/Enhancements/cosmetics/CosmeticsEditor.cpp,ENHANCEMENT_MENU,INTERNAL_IDENTIFIER
SOH_UI::soh::soh::Enhancements::cosmetics::CosmeticsEditor_cpp::L2358,Key.FortSmallEmblem,soh/soh/Enhancements/cosmetics/CosmeticsEditor.cpp,ENHANCEMENT_MENU,INTERNAL_IDENTIFIER
SOH_UI::soh::soh::Enhancements::cosmetics::CosmeticsEditor_cpp::L2362,DefaultColorScheme,soh/soh/Enhancements/cosmetics/CosmeticsEditor.cpp,ENHANCEMENT_MENU,PLAYER_FACING
SOH_UI::soh::soh::Enhancements::cosmetics::CosmeticsEditor_cpp::L2368,RainbowSync,soh/soh/Enhancements/cosmetics/CosmeticsEditor.cpp,ENHANCEMENT_MENU,PLAYER_FACING
SOH_UI::soh::soh::Enhancements::cosmetics::CosmeticsEditor_cpp::L2370,RainbowSpeed,soh/soh/Enhancements/cosmetics/CosmeticsEditor.cpp,ENHANCEMENT_MENU,PLAYER_FACING
SOH_UI::soh::soh::Enhancements::cosmetics::CosmeticsEditor_cpp::L2379,DisableChanges,soh/soh/Enhancements/cosmetics/CosmeticsEditor.cpp,ENHANCEMENT_MENU,INTERNAL_IDENTIFIER
SOH_UI::soh::soh::Enhancements::cosmetics::CosmeticsEditor_cpp::L2380,RandomizeAllOnNewScene,soh/soh/Enhancements/cosmetics/CosmeticsEditor.cpp,ENHANCEMENT_MENU,PLAYER_FACING
SOH_UI::soh::soh::Enhancements::cosmetics::CosmeticsEditor_cpp::L2386,RandomizeAllOnRandoGen,soh/soh/Enhancements/cosmetics/CosmeticsEditor.cpp,ENHANCEMENT_MENU,PLAYER_FACING
SOH_UI::soh::soh::Enhancements::cosmetics::CosmeticsEditor_cpp::L2391,AdvancedMode,soh/soh/Enhancements/cosmetics/CosmeticsEditor.cpp,ENHANCEMENT_MENU,PLAYER_FACING
SOH_UI::soh::soh::Enhancements::cosmetics::CosmeticsEditor_cpp::L2399,AdvancedMode,soh/soh/Enhancements/cosmetics/CosmeticsEditor.cpp,ENHANCEMENT_MENU,PLAYER_FACING
SOH_UI::soh::soh::Enhancements::cosmetics::CosmeticsEditor_cpp::L2418,DisableChanges,soh/soh/Enhancements/cosmetics/CosmeticsEditor.cpp,ENHANCEMENT_MENU,INTERNAL_IDENTIFIER
SOH_UI::soh::soh::Enhancements::cosmetics::CosmeticsEditor_cpp::L2430,AdvancedMode,soh/soh/Enhancements/cosmetics/CosmeticsEditor.cpp,ENHANCEMENT_MENU,PLAYER_FACING
SOH_UI::soh::soh::Enhancements::cosmetics::CosmeticsEditor_cpp::L2438,AdvancedMode,soh/soh/Enhancements/cosmetics/CosmeticsEditor.cpp,ENHANCEMENT_MENU,PLAYER_FACING
SOH_UI::soh::soh::Enhancements::cosmetics::CosmeticsEditor_cpp::L2444,DisableChanges,soh/soh/Enhancements/cosmetics/CosmeticsEditor.cpp,ENHANCEMENT_MENU,INTERNAL_IDENTIFIER
SOH_UI::soh::soh::Enhancements::cosmetics::CosmeticsEditor_cpp::L2448,AdvancedMode,soh/soh/Enhancements/cosmetics/CosmeticsEditor.cpp,ENHANCEMENT_MENU,PLAYER_FACING
SOH_UI::soh::soh::Enhancements::cosmetics::CosmeticsEditor_cpp::L2460,AdvancedMode,soh/soh/Enhancements/cosmetics/CosmeticsEditor.cpp,ENHANCEMENT_MENU,PLAYER_FACING
SOH_UI::soh::soh::Enhancements::cosmetics::CosmeticsEditor_cpp::L2469,CosmeticsContextTabBar,soh/soh/Enhancements/cosmetics/CosmeticsEditor.cpp,ENHANCEMENT_MENU,PLAYER_FACING
SOH_UI::soh::soh::Enhancements::cosmetics::CosmeticsEditor_cpp::L2483,Keys,soh/soh/Enhancements/cosmetics/CosmeticsEditor.cpp,ENHANCEMENT_MENU,PLAYER_FACING
SOH_UI::soh::soh::Enhancements::cosmetics::CosmeticsEditor_cpp::L2485,DisableChanges,soh/soh/Enhancements/cosmetics/CosmeticsEditor.cpp,ENHANCEMENT_MENU,INTERNAL_IDENTIFIER
SOH_UI::soh::soh::Enhancements::cosmetics::CosmeticsEditor_cpp::L2503,Effects,soh/soh/Enhancements/cosmetics/CosmeticsEditor.cpp,ENHANCEMENT_MENU,PLAYER_FACING
SOH_UI::soh::soh::Enhancements::cosmetics::CosmeticsEditor_cpp::L2511,Trails.Duration.Value,soh/soh/Enhancements/cosmetics/CosmeticsEditor.cpp,ENHANCEMENT_MENU,INTERNAL_IDENTIFIER
SOH_UI::soh::soh::Enhancements::cosmetics::CosmeticsEditor_cpp::L2518,Trails.Duration.Changed,soh/soh/Enhancements/cosmetics/CosmeticsEditor.cpp,ENHANCEMENT_MENU,INTERNAL_IDENTIFIER
SOH_UI::soh::soh::Enhancements::cosmetics::CosmeticsEditor_cpp::L2522,Reset##Trails_Duration,soh/soh/Enhancements/cosmetics/CosmeticsEditor.cpp,ENHANCEMENT_MENU,PLAYER_FACING
SOH_UI::soh::soh::Enhancements::cosmetics::CosmeticsEditor_cpp::L2524,Trails.Duration.Value,soh/soh/Enhancements/cosmetics/CosmeticsEditor.cpp,ENHANCEMENT_MENU,INTERNAL_IDENTIFIER
SOH_UI::soh::soh::Enhancements::cosmetics::CosmeticsEditor_cpp::L2525,Trails.Duration.Changed,soh/soh/Enhancements/cosmetics/CosmeticsEditor.cpp,ENHANCEMENT_MENU,INTERNAL_IDENTIFIER
SOH_UI::soh::soh::Enhancements::cosmetics::CosmeticsEditor_cpp::L2542,Silly,soh/soh/Enhancements/cosmetics/CosmeticsEditor.cpp,ENHANCEMENT_MENU,PLAYER_FACING
SOH_UI::soh::soh::Enhancements::cosmetics::CosmeticsEditor_cpp::L2560,AdvancedMode,soh/soh/Enhancements/cosmetics/CosmeticsEditor.cpp,ENHANCEMENT_MENU,PLAYER_FACING
SOH_UI::soh::soh::Enhancements::cosmetics::CosmeticsEditor_cpp::L2568,AdvancedMode,soh/soh/Enhancements/cosmetics/CosmeticsEditor.cpp,ENHANCEMENT_MENU,PLAYER_FACING
SOH_UI::soh::soh::Enhancements::cosmetics::CosmeticsEditor_cpp::L2569,Message,soh/soh/Enhancements/cosmetics/CosmeticsEditor.cpp,ENHANCEMENT_MENU,PLAYER_FACING
SOH_UI::soh::soh::Enhancements::cosmetics::CosmeticsEditor_cpp::L2591,RandomizeAllOnNewScene,soh/soh/Enhancements/cosmetics/CosmeticsEditor.cpp,ENHANCEMENT_MENU,PLAYER_FACING
SOH_UI::soh::soh::Enhancements::cosmetics::CosmeticsEditor_cpp::L2599,RandomizeAllOnRandoGen,soh/soh/Enhancements/cosmetics/CosmeticsEditor.cpp,ENHANCEMENT_MENU,PLAYER_FACING
SOH_UI::soh::soh::Enhancements::cosmetics::CosmeticsEditor_cpp::L2630,AdvancedMode,soh/soh/Enhancements/cosmetics/CosmeticsEditor.cpp,ENHANCEMENT_MENU,PLAYER_FACING
SOH_UI::soh::soh::Enhancements::cosmetics::CosmeticsEditor_cpp::L2642,AdvancedMode,soh/soh/Enhancements/cosmetics/CosmeticsEditor.cpp,ENHANCEMENT_MENU,PLAYER_FACING
SOH_UI::soh::soh::Enhancements::audio::AudioEditor_cpp::L193,Playing,soh/soh/Enhancements/audio/AudioEditor.cpp,ENHANCEMENT_MENU,PLAYER_FACING
SOH_UI::soh::soh::Enhancements::audio::AudioEditor_cpp::L200,Playing,soh/soh/Enhancements/audio/AudioEditor.cpp,ENHANCEMENT_MENU,PLAYER_FACING
SOH_UI::soh::soh::Enhancements::audio::AudioEditor_cpp::L208,Playing,soh/soh/Enhancements/audio/AudioEditor.cpp,ENHANCEMENT_MENU,PLAYER_FACING
SOH_UI::soh::soh::Enhancements::audio::AudioEditor_cpp::L210,Playing,soh/soh/Enhancements/audio/AudioEditor.cpp,ENHANCEMENT_MENU,PLAYER_FACING
SOH_UI::soh::soh::Enhancements::audio::AudioEditor_cpp::L220,Playing,soh/soh/Enhancements/audio/AudioEditor.cpp,ENHANCEMENT_MENU,PLAYER_FACING
SOH_UI::soh::soh::Enhancements::audio::AudioEditor_cpp::L285,Playing,soh/soh/Enhancements/audio/AudioEditor.cpp,ENHANCEMENT_MENU,PLAYER_FACING
SOH_UI::soh::soh::Enhancements::audio::AudioEditor_cpp::L422,World,soh/soh/Enhancements/audio/AudioEditor.cpp,ENHANCEMENT_MENU,PLAYER_FACING
SOH_UI::soh::soh::Enhancements::audio::AudioEditor_cpp::L424,Event,soh/soh/Enhancements/audio/AudioEditor.cpp,ENHANCEMENT_MENU,PLAYER_FACING
SOH_UI::soh::soh::Enhancements::audio::AudioEditor_cpp::L426,Battle,soh/soh/Enhancements/audio/AudioEditor.cpp,ENHANCEMENT_MENU,PLAYER_FACING
SOH_UI::soh::soh::Enhancements::audio::AudioEditor_cpp::L428,Ocarina,soh/soh/Enhancements/audio/AudioEditor.cpp,ENHANCEMENT_MENU,PLAYER_FACING
SOH_UI::soh::soh::Enhancements::audio::AudioEditor_cpp::L430,Fanfare,soh/soh/Enhancements/audio/AudioEditor.cpp,ENHANCEMENT_MENU,PLAYER_FACING
SOH_UI::soh::soh::Enhancements::audio::AudioEditor_cpp::L432,Error,soh/soh/Enhancements/audio/AudioEditor.cpp,ENHANCEMENT_MENU,PLAYER_FACING
SOH_UI::soh::soh::Enhancements::audio::AudioEditor_cpp::L436,Voice,soh/soh/Enhancements/audio/AudioEditor.cpp,ENHANCEMENT_MENU,PLAYER_FACING
SOH_UI::soh::soh::Enhancements::audio::AudioEditor_cpp::L438,Instrument,soh/soh/Enhancements/audio/AudioEditor.cpp,ENHANCEMENT_MENU,PLAYER_FACING
SOH_UI::soh::soh::Enhancements::audio::AudioEditor_cpp::L440,Custom,soh/soh/Enhancements/audio/AudioEditor.cpp,ENHANCEMENT_MENU,PLAYER_FACING
SOH_UI::soh::soh::Enhancements::audio::AudioEditor_cpp::L482,RandomizeAllOnNewScene,soh/soh/Enhancements/audio/AudioEditor.cpp,ENHANCEMENT_MENU,PLAYER_FACING
SOH_UI::soh::soh::Enhancements::audio::AudioEditor_cpp::L490,RandomizeAllOnRandoGen,soh/soh/Enhancements/audio/AudioEditor.cpp,ENHANCEMENT_MENU,PLAYER_FACING
SOH_UI::soh::soh::Enhancements::audio::AudioEditor_cpp::L537,SfxContextTabBar,soh/soh/Enhancements/audio/AudioEditor.cpp,ENHANCEMENT_MENU,PLAYER_FACING
SOH_UI::soh::soh::Enhancements::audio::AudioEditor_cpp::L546,SfxOptions,soh/soh/Enhancements/audio/AudioEditor.cpp,ENHANCEMENT_MENU,PLAYER_FACING
SOH_UI::soh::soh::Enhancements::audio::AudioEditor_cpp::L556,Reset##linkVoiceFreqMultiplier,soh/soh/Enhancements/audio/AudioEditor.cpp,ENHANCEMENT_MENU,PLAYER_FACING
SOH_UI::soh::soh::Enhancements::audio::AudioEditor_cpp::L558,LinkVoiceFreqMultiplier,soh/soh/Enhancements/audio/AudioEditor.cpp,ENHANCEMENT_MENU,PLAYER_FACING
SOH_UI::soh::soh::Enhancements::audio::AudioEditor_cpp::L574,Fanfares,soh/soh/Enhancements/audio/AudioEditor.cpp,ENHANCEMENT_MENU,PLAYER_FACING
SOH_UI::soh::soh::Enhancements::audio::AudioEditor_cpp::L575,Fanfares,soh/soh/Enhancements/audio/AudioEditor.cpp,ENHANCEMENT_MENU,PLAYER_FACING
SOH_UI::soh::soh::Enhancements::audio::AudioEditor_cpp::L578,Events,soh/soh/Enhancements/audio/AudioEditor.cpp,ENHANCEMENT_MENU,PLAYER_FACING
SOH_UI::soh::soh::Enhancements::audio::AudioEditor_cpp::L579,Events,soh/soh/Enhancements/audio/AudioEditor.cpp,ENHANCEMENT_MENU,PLAYER_FACING
SOH_UI::soh::soh::Enhancements::audio::AudioEditor_cpp::L586,Ocarina,soh/soh/Enhancements/audio/AudioEditor.cpp,ENHANCEMENT_MENU,PLAYER_FACING
SOH_UI::soh::soh::Enhancements::audio::AudioEditor_cpp::L587,Instruments,soh/soh/Enhancements/audio/AudioEditor.cpp,ENHANCEMENT_MENU,PLAYER_FACING
SOH_UI::soh::soh::Enhancements::audio::AudioEditor_cpp::L588,Ocarina,soh/soh/Enhancements/audio/AudioEditor.cpp,ENHANCEMENT_MENU,PLAYER_FACING
SOH_UI::soh::soh::Enhancements::audio::AudioEditor_cpp::L595,Voices,soh/soh/Enhancements/audio/AudioEditor.cpp,ENHANCEMENT_MENU,PLAYER_FACING
SOH_UI::soh::soh::Enhancements::audio::AudioEditor_cpp::L596,Voices,soh/soh/Enhancements/audio/AudioEditor.cpp,ENHANCEMENT_MENU,PLAYER_FACING
SOH_UI::soh::soh::Enhancements::audio::AudioEditor_cpp::L691,Included,soh/soh/Enhancements/audio/AudioEditor.cpp,ENHANCEMENT_MENU,PLAYER_FACING
SOH_UI::soh::soh::Enhancements::audio::AudioEditor_cpp::L692,Excluded,soh/soh/Enhancements/audio/AudioEditor.cpp,ENHANCEMENT_MENU,PLAYER_FACING
SOH_UI::soh::soh::Enhancements::audio::AudioEditor_cpp::L699,ChildIncludedSequences,soh/soh/Enhancements/audio/AudioEditor.cpp,ENHANCEMENT_MENU,PLAYER_FACING
SOH_UI::soh::soh::Enhancements::audio::AudioEditor_cpp::L727,ChildExcludedSequences,soh/soh/Enhancements/audio/AudioEditor.cpp,ENHANCEMENT_MENU,PLAYER_FACING
SOH_UI::soh::soh::Enhancements::audio::AudioEditor_cpp::L819,LowHpAlarm,soh/soh/Enhancements/audio/AudioEditor.cpp,ENHANCEMENT_MENU,PLAYER_FACING
SOH_UI::soh::soh::Enhancements::audio::AudioEditor_cpp::L821,Enhancements,soh/soh/Enhancements/audio/AudioEditor.cpp,ENHANCEMENT_MENU,PLAYER_FACING
SOH_UI::soh::soh::Enhancements::audio::AudioEditor_cpp::L824,DisableNaviCallAudio,soh/soh/Enhancements/audio/AudioEditor.cpp,ENHANCEMENT_MENU,PLAYER_FACING
SOH_UI::soh::soh::Enhancements::audio::AudioEditor_cpp::L826,Enhancements,soh/soh/Enhancements/audio/AudioEditor.cpp,ENHANCEMENT_MENU,PLAYER_FACING
SOH_UI::soh::soh::Enhancements::audio::AudioEditor_cpp::L829,EnemyBGMDisable,soh/soh/Enhancements/audio/AudioEditor.cpp,ENHANCEMENT_MENU,PLAYER_FACING
SOH_UI::soh::soh::Enhancements::audio::AudioEditor_cpp::L836,LostWoodsConsistentVolume,soh/soh/Enhancements/audio/AudioEditor.cpp,ENHANCEMENT_MENU,PLAYER_FACING
SOH_UI::soh::soh::Enhancements::audio::AudioEditor_cpp::L843,Enhancements,soh/soh/Enhancements/audio/AudioEditor.cpp,ENHANCEMENT_MENU,PLAYER_FACING
SOH_UI::soh::soh::Enhancements::audio::AudioEditor_cpp::L846,SeqNameNotification,soh/soh/Enhancements/audio/AudioEditor.cpp,ENHANCEMENT_MENU,PLAYER_FACING
SOH_UI::soh::soh::Enhancements::audio::AudioEditor_cpp::L851,Enhancements,soh/soh/Enhancements/audio/AudioEditor.cpp,ENHANCEMENT_MENU,PLAYER_FACING
SOH_UI::soh::soh::Enhancements::audio::AudioEditor_cpp::L854,SeqNameNotificationDuration,soh/soh/Enhancements/audio/AudioEditor.cpp,ENHANCEMENT_MENU,PLAYER_FACING
SOH_UI::soh::soh::Enhancements::audio::AudioEditor_cpp::L856,Enhancements,soh/soh/Enhancements/audio/AudioEditor.cpp,ENHANCEMENT_MENU,PLAYER_FACING
SOH_UI::soh::soh::Enhancements::audio::AudioEditor_cpp::L859,LinkVoiceFreqMultiplier,soh/soh/Enhancements/audio/AudioEditor.cpp,ENHANCEMENT_MENU,PLAYER_FACING
SOH_UI::soh::soh::Enhancements::audio::AudioEditor_cpp::L867,Enhancements,soh/soh/Enhancements/audio/AudioEditor.cpp,ENHANCEMENT_MENU,PLAYER_FACING
SOH_UI::soh::soh::Enhancements::audio::AudioEditor_cpp::L871,RandomizeAllOnNewScene,soh/soh/Enhancements/audio/AudioEditor.cpp,ENHANCEMENT_MENU,PLAYER_FACING
SOH_UI::soh::soh::Enhancements::audio::AudioEditor_cpp::L875,Enhancements,soh/soh/Enhancements/audio/AudioEditor.cpp,ENHANCEMENT_MENU,PLAYER_FACING
SOH_UI::soh::soh::Enhancements::audio::AudioEditor_cpp::L879,RandomizeAllOnRandoGen,soh/soh/Enhancements/audio/AudioEditor.cpp,ENHANCEMENT_MENU,PLAYER_FACING
SOH_UI::soh::soh::Enhancements::audio::AudioEditor_cpp::L884,Enhancements,soh/soh/Enhancements/audio/AudioEditor.cpp,ENHANCEMENT_MENU,PLAYER_FACING
SOH_UI::soh::soh::Enhancements::audio::AudioEditor_cpp::L887,ExperimentalOctaveDrop,soh/soh/Enhancements/audio/AudioEditor.cpp,ENHANCEMENT_MENU,PLAYER_FACING
SOH_UI::soh::soh::Enhancements::audio::AudioEditor_cpp::L894,Enhancements,soh/soh/Enhancements/audio/AudioEditor.cpp,ENHANCEMENT_MENU,PLAYER_FACING
SOH_UI::soh::soh::Enhancements::controls::SohInputEditorWindow_cpp::L55,Start,soh/soh/Enhancements/controls/SohInputEditorWindow.cpp,CONTROLLER,PLAYER_FACING
SOH_UI::soh::soh::Enhancements::controls::SohInputEditorWindow_cpp::L60,None,soh/soh/Enhancements/controls/SohInputEditorWindow.cpp,CONTROLLER,PLAYER_FACING
SOH_UI::soh::soh::Enhancements::controls::SohInputEditorWindow_cpp::L243,Cancel,soh/soh/Enhancements/controls/SohInputEditorWindow.cpp,CONTROLLER,PLAYER_FACING
SOH_UI::soh::soh::Enhancements::controls::SohInputEditorWindow_cpp::L307,Cancel,soh/soh/Enhancements/controls/SohInputEditorWindow.cpp,CONTROLLER,PLAYER_FACING
SOH_UI::soh::soh::Enhancements::controls::SohInputEditorWindow_cpp::L429,Close,soh/soh/Enhancements/controls/SohInputEditorWindow.cpp,CONTROLLER,PLAYER_FACING
SOH_UI::soh::soh::Enhancements::controls::SohInputEditorWindow_cpp::L486,Cancel,soh/soh/Enhancements/controls/SohInputEditorWindow.cpp,CONTROLLER,PLAYER_FACING
SOH_UI::soh::soh::Enhancements::controls::SohInputEditorWindow_cpp::L572,Cancel,soh/soh/Enhancements/controls/SohInputEditorWindow.cpp,CONTROLLER,PLAYER_FACING
SOH_UI::soh::soh::Enhancements::controls::SohInputEditorWindow_cpp::L669,Sensitivity:,soh/soh/Enhancements/controls/SohInputEditorWindow.cpp,CONTROLLER,PLAYER_FACING
SOH_UI::soh::soh::Enhancements::controls::SohInputEditorWindow_cpp::L708,Deadzone:,soh/soh/Enhancements/controls/SohInputEditorWindow.cpp,CONTROLLER,PLAYER_FACING
SOH_UI::soh::soh::Enhancements::controls::SohInputEditorWindow_cpp::L850,Cancel,soh/soh/Enhancements/controls/SohInputEditorWindow.cpp,CONTROLLER,PLAYER_FACING
SOH_UI::soh::soh::Enhancements::controls::SohInputEditorWindow_cpp::L902,Stop,soh/soh/Enhancements/controls/SohInputEditorWindow.cpp,CONTROLLER,PLAYER_FACING
SOH_UI::soh::soh::Enhancements::controls::SohInputEditorWindow_cpp::L902,Test,soh/soh/Enhancements/controls/SohInputEditorWindow.cpp,CONTROLLER,PLAYER_FACING
SOH_UI::soh::soh::Enhancements::controls::SohInputEditorWindow_cpp::L1033,Cancel,soh/soh/Enhancements/controls/SohInputEditorWindow.cpp,CONTROLLER,PLAYER_FACING
SOH_UI::soh::soh::Enhancements::controls::SohInputEditorWindow_cpp::L1065,Off\0Set\0Game\0\0,soh/soh/Enhancements/controls/SohInputEditorWindow.cpp,CONTROLLER,FORMAT_STRING
SOH_UI::soh::soh::Enhancements::controls::SohInputEditorWindow_cpp::L1084,Custom,soh/soh/Enhancements/controls/SohInputEditorWindow.cpp,CONTROLLER,PLAYER_FACING
SOH_UI::soh::soh::Enhancements::controls::SohInputEditorWindow_cpp::L1087,Source,soh/soh/Enhancements/controls/SohInputEditorWindow.cpp,CONTROLLER,PLAYER_FACING
SOH_UI::soh::soh::Enhancements::controls::SohInputEditorWindow_cpp::L1087,LEDColorSource,soh/soh/Enhancements/controls/SohInputEditorWindow.cpp,CONTROLLER,INTERNAL_IDENTIFIER
SOH_UI::soh::soh::Enhancements::controls::SohInputEditorWindow_cpp::L1096,LEDColorSource,soh/soh/Enhancements/controls/SohInputEditorWindow.cpp,CONTROLLER,INTERNAL_IDENTIFIER
SOH_UI::soh::soh::Enhancements::controls::SohInputEditorWindow_cpp::L1098,LEDPort1Color,soh/soh/Enhancements/controls/SohInputEditorWindow.cpp,CONTROLLER,INTERNAL_IDENTIFIER
SOH_UI::soh::soh::Enhancements::controls::SohInputEditorWindow_cpp::L1107,LEDPort1Color,soh/soh/Enhancements/controls/SohInputEditorWindow.cpp,CONTROLLER,INTERNAL_IDENTIFIER
SOH_UI::soh::soh::Enhancements::controls::SohInputEditorWindow_cpp::L1113,LEDBrightness,soh/soh/Enhancements/controls/SohInputEditorWindow.cpp,CONTROLLER,PLAYER_FACING
SOH_UI::soh::soh::Enhancements::controls::SohInputEditorWindow_cpp::L1122,LEDCriticalOverride,soh/soh/Enhancements/controls/SohInputEditorWindow.cpp,CONTROLLER,PLAYER_FACING
SOH_UI::soh::soh::Enhancements::controls::SohInputEditorWindow_cpp::L1123,LEDColorSource,soh/soh/Enhancements/controls/SohInputEditorWindow.cpp,CONTROLLER,INTERNAL_IDENTIFIER
SOH_UI::soh::soh::Enhancements::controls::SohInputEditorWindow_cpp::L1162,Cancel,soh/soh/Enhancements/controls/SohInputEditorWindow.cpp,CONTROLLER,PLAYER_FACING
SOH_UI::soh::soh::Enhancements::controls::SohInputEditorWindow_cpp::L1206,Sensitivity:,soh/soh/Enhancements/controls/SohInputEditorWindow.cpp,CONTROLLER,PLAYER_FACING
SOH_UI::soh::soh::Enhancements::controls::SohInputEditorWindow_cpp::L1250,Recalibrate,soh/soh/Enhancements/controls/SohInputEditorWindow.cpp,CONTROLLER,PLAYER_FACING
SOH_UI::soh::soh::Enhancements::controls::SohInputEditorWindow_cpp::L1306,Unknown,soh/soh/Enhancements/controls/SohInputEditorWindow.cpp,CONTROLLER,PLAYER_FACING
SOH_UI::soh::soh::Enhancements::controls::SohInputEditorWindow_cpp::L1339,CustomOcarina.Enabled,soh/soh/Enhancements/controls/SohInputEditorWindow.cpp,CONTROLLER,INTERNAL_IDENTIFIER
SOH_UI::soh::soh::Enhancements::controls::SohInputEditorWindow_cpp::L1341,CustomOcarina.Enabled,soh/soh/Enhancements/controls/SohInputEditorWindow.cpp,CONTROLLER,INTERNAL_IDENTIFIER
SOH_UI::soh::soh::Enhancements::controls::SohInputEditorWindow_cpp::L1346,Notes,soh/soh/Enhancements/controls/SohInputEditorWindow.cpp,CONTROLLER,PLAYER_FACING
SOH_UI::soh::soh::Enhancements::controls::SohInputEditorWindow_cpp::L1358,Pitch,soh/soh/Enhancements/controls/SohInputEditorWindow.cpp,CONTROLLER,PLAYER_FACING
SOH_UI::soh::soh::Enhancements::controls::SohInputEditorWindow_cpp::L1362,CustomOcarina.Enabled,soh/soh/Enhancements/controls/SohInputEditorWindow.cpp,CONTROLLER,INTERNAL_IDENTIFIER
SOH_UI::soh::soh::Enhancements::controls::SohInputEditorWindow_cpp::L1376,Controls.RightStickAim,soh/soh/Enhancements/controls/SohInputEditorWindow.cpp,CONTROLLER,INTERNAL_IDENTIFIER
SOH_UI::soh::soh::Enhancements::controls::SohInputEditorWindow_cpp::L1380,Controls.RightStickAim,soh/soh/Enhancements/controls/SohInputEditorWindow.cpp,CONTROLLER,INTERNAL_IDENTIFIER
SOH_UI::soh::soh::Enhancements::controls::SohInputEditorWindow_cpp::L1381,MoveInFirstPerson,soh/soh/Enhancements/controls/SohInputEditorWindow.cpp,CONTROLLER,PLAYER_FACING
SOH_UI::soh::soh::Enhancements::controls::SohInputEditorWindow_cpp::L1386,Controls.InvertAimingXAxis,soh/soh/Enhancements/controls/SohInputEditorWindow.cpp,CONTROLLER,INTERNAL_IDENTIFIER
SOH_UI::soh::soh::Enhancements::controls::SohInputEditorWindow_cpp::L1390,Controls.InvertAimingYAxis,soh/soh/Enhancements/controls/SohInputEditorWindow.cpp,CONTROLLER,INTERNAL_IDENTIFIER
SOH_UI::soh::soh::Enhancements::controls::SohInputEditorWindow_cpp::L1395,Controls.InvertShieldAimingXAxis,soh/soh/Enhancements/controls/SohInputEditorWindow.cpp,CONTROLLER,INTERNAL_IDENTIFIER
SOH_UI::soh::soh::Enhancements::controls::SohInputEditorWindow_cpp::L1397,Controls.InvertShieldAimingYAxis,soh/soh/Enhancements/controls/SohInputEditorWindow.cpp,CONTROLLER,INTERNAL_IDENTIFIER
SOH_UI::soh::soh::Enhancements::controls::SohInputEditorWindow_cpp::L1399,Controls.InvertZAimingYAxis,soh/soh/Enhancements/controls/SohInputEditorWindow.cpp,CONTROLLER,INTERNAL_IDENTIFIER
SOH_UI::soh::soh::Enhancements::controls::SohInputEditorWindow_cpp::L1404,DisableFirstPersonAutoCenterView,soh/soh/Enhancements/controls/SohInputEditorWindow.cpp,CONTROLLER,PLAYER_FACING
SOH_UI::soh::soh::Enhancements::controls::SohInputEditorWindow_cpp::L1409,FirstPersonCameraSensitivity.Enabled,soh/soh/Enhancements/controls/SohInputEditorWindow.cpp,CONTROLLER,INTERNAL_IDENTIFIER
SOH_UI::soh::soh::Enhancements::controls::SohInputEditorWindow_cpp::L1410,FirstPersonCameraSensitivity.Enabled,soh/soh/Enhancements/controls/SohInputEditorWindow.cpp,CONTROLLER,INTERNAL_IDENTIFIER
SOH_UI::soh::soh::Enhancements::controls::SohInputEditorWindow_cpp::L1411,FirstPersonCameraSensitivity.X,soh/soh/Enhancements/controls/SohInputEditorWindow.cpp,CONTROLLER,INTERNAL_IDENTIFIER
SOH_UI::soh::soh::Enhancements::controls::SohInputEditorWindow_cpp::L1412,FirstPersonCameraSensitivity.Y,soh/soh/Enhancements/controls/SohInputEditorWindow.cpp,CONTROLLER,INTERNAL_IDENTIFIER
SOH_UI::soh::soh::Enhancements::controls::SohInputEditorWindow_cpp::L1416,FirstPersonCameraSensitivity.Enabled,soh/soh/Enhancements/controls/SohInputEditorWindow.cpp,CONTROLLER,INTERNAL_IDENTIFIER
SOH_UI::soh::soh::Enhancements::controls::SohInputEditorWindow_cpp::L1418,FirstPersonCameraSensitivity.X,soh/soh/Enhancements/controls/SohInputEditorWindow.cpp,CONTROLLER,INTERNAL_IDENTIFIER
SOH_UI::soh::soh::Enhancements::controls::SohInputEditorWindow_cpp::L1427,FirstPersonCameraSensitivity.Y,soh/soh/Enhancements/controls/SohInputEditorWindow.cpp,CONTROLLER,INTERNAL_IDENTIFIER
SOH_UI::soh::soh::Enhancements::controls::SohInputEditorWindow_cpp::L1443,FreeLook.InvertXAxis,soh/soh/Enhancements/controls/SohInputEditorWindow.cpp,CONTROLLER,INTERNAL_IDENTIFIER
SOH_UI::soh::soh::Enhancements::controls::SohInputEditorWindow_cpp::L1446,FreeLook.InvertYAxis,soh/soh/Enhancements/controls/SohInputEditorWindow.cpp,CONTROLLER,INTERNAL_IDENTIFIER
SOH_UI::soh::soh::Enhancements::controls::SohInputEditorWindow_cpp::L1448,FreeLook.CameraSensitivity.X,soh/soh/Enhancements/controls/SohInputEditorWindow.cpp,CONTROLLER,INTERNAL_IDENTIFIER
SOH_UI::soh::soh::Enhancements::controls::SohInputEditorWindow_cpp::L1456,FreeLook.CameraSensitivity.Y,soh/soh/Enhancements/controls/SohInputEditorWindow.cpp,CONTROLLER,INTERNAL_IDENTIFIER
SOH_UI::soh::soh::Enhancements::controls::SohInputEditorWindow_cpp::L1464,FreeLook.MaxCameraDistance,soh/soh/Enhancements/controls/SohInputEditorWindow.cpp,CONTROLLER,INTERNAL_IDENTIFIER
SOH_UI::soh::soh::Enhancements::controls::SohInputEditorWindow_cpp::L1466,FreeLook.TransitionSpeed,soh/soh/Enhancements/controls/SohInputEditorWindow.cpp,CONTROLLER,INTERNAL_IDENTIFIER
SOH_UI::soh::soh::Enhancements::controls::SohInputEditorWindow_cpp::L1478,DPadOnPause,soh/soh/Enhancements/controls/SohInputEditorWindow.cpp,CONTROLLER,PLAYER_FACING
SOH_UI::soh::soh::Enhancements::controls::SohInputEditorWindow_cpp::L1478,DpadInText,soh/soh/Enhancements/controls/SohInputEditorWindow.cpp,CONTROLLER,PLAYER_FACING
SOH_UI::soh::soh::Enhancements::controls::SohInputEditorWindow_cpp::L1482,DpadHoldChange,soh/soh/Enhancements/controls/SohInputEditorWindow.cpp,CONTROLLER,PLAYER_FACING
SOH_UI::soh::soh::Enhancements::controls::SohInputEditorWindow_cpp::L1488,DPadOnPause,soh/soh/Enhancements/controls/SohInputEditorWindow.cpp,CONTROLLER,PLAYER_FACING
SOH_UI::soh::soh::Enhancements::controls::SohInputEditorWindow_cpp::L1488,DpadInText,soh/soh/Enhancements/controls/SohInputEditorWindow.cpp,CONTROLLER,PLAYER_FACING
SOH_UI::soh::soh::Enhancements::controls::SohInputEditorWindow_cpp::L1558,Buttons,soh/soh/Enhancements/controls/SohInputEditorWindow.cpp,CONTROLLER,PLAYER_FACING
SOH_UI::soh::soh::Enhancements::controls::SohInputEditorWindow_cpp::L1561,Start,soh/soh/Enhancements/controls/SohInputEditorWindow.cpp,CONTROLLER,PLAYER_FACING
SOH_UI::soh::soh::Enhancements::controls::SohInputEditorWindow_cpp::L1575,D-Pad,soh/soh/Enhancements/controls/SohInputEditorWindow.cpp,CONTROLLER,PLAYER_FACING
SOH_UI::soh::soh::Enhancements::controls::SohInputEditorWindow_cpp::L1590,Rumble,soh/soh/Enhancements/controls/SohInputEditorWindow.cpp,CONTROLLER,PLAYER_FACING
SOH_UI::soh::soh::Enhancements::controls::SohInputEditorWindow_cpp::L1594,Gyro,soh/soh/Enhancements/controls/SohInputEditorWindow.cpp,CONTROLLER,PLAYER_FACING
SOH_UI::soh::soh::Enhancements::controls::SohInputEditorWindow_cpp::L1598,LEDs,soh/soh/Enhancements/controls/SohInputEditorWindow.cpp,CONTROLLER,PLAYER_FACING
SOH_UI::soh::soh::Enhancements::controls::SohInputEditorWindow_cpp::L1606,DisableChanges,soh/soh/Enhancements/controls/SohInputEditorWindow.cpp,CONTROLLER,INTERNAL_IDENTIFIER
SOH_UI::soh::soh::Enhancements::controls::SohInputEditorWindow_cpp::L1607,WalkModifier.Enabled,soh/soh/Enhancements/controls/SohInputEditorWindow.cpp,CONTROLLER,INTERNAL_IDENTIFIER
SOH_UI::soh::soh::Enhancements::controls::SohInputEditorWindow_cpp::L1611,WalkModifier.Enabled,soh/soh/Enhancements/controls/SohInputEditorWindow.cpp,CONTROLLER,INTERNAL_IDENTIFIER
SOH_UI::soh::soh::Enhancements::controls::SohInputEditorWindow_cpp::L1614,WalkModifier.SpeedToggle,soh/soh/Enhancements/controls/SohInputEditorWindow.cpp,CONTROLLER,INTERNAL_IDENTIFIER
SOH_UI::soh::soh::Enhancements::controls::SohInputEditorWindow_cpp::L1617,WalkModifier.DoesntChangeJump,soh/soh/Enhancements/controls/SohInputEditorWindow.cpp,CONTROLLER,INTERNAL_IDENTIFIER
SOH_UI::soh::soh::Enhancements::controls::SohInputEditorWindow_cpp::L1619,WalkModifier.Mapping1,soh/soh/Enhancements/controls/SohInputEditorWindow.cpp,CONTROLLER,INTERNAL_IDENTIFIER
SOH_UI::soh::soh::Enhancements::controls::SohInputEditorWindow_cpp::L1627,WalkModifier.Mapping2,soh/soh/Enhancements/controls/SohInputEditorWindow.cpp,CONTROLLER,INTERNAL_IDENTIFIER
SOH_UI::soh::soh::Enhancements::controls::SohInputEditorWindow_cpp::L1637,WalkModifier.SwimMapping1,soh/soh/Enhancements/controls/SohInputEditorWindow.cpp,CONTROLLER,INTERNAL_IDENTIFIER
SOH_UI::soh::soh::Enhancements::controls::SohInputEditorWindow_cpp::L1645,WalkModifier.SwimMapping2,soh/soh/Enhancements/controls/SohInputEditorWindow.cpp,CONTROLLER,INTERNAL_IDENTIFIER
SOH_UI::soh::soh::Enhancements::controls::SohInputEditorWindow_cpp::L1691,DebugEnabled,soh/soh/Enhancements/controls/SohInputEditorWindow.cpp,CONTROLLER,PLAYER_FACING
SOH_UI::soh::soh::Enhancements::controls::SohInputEditorWindow_cpp::L1709,Buttons,soh/soh/Enhancements/controls/SohInputEditorWindow.cpp,CONTROLLER,PLAYER_FACING
SOH_UI::soh::soh::Enhancements::controls::SohInputEditorWindow_cpp::L1723,D-Pad,soh/soh/Enhancements/controls/SohInputEditorWindow.cpp,CONTROLLER,PLAYER_FACING
SOH_UI::soh::soh::Enhancements::controls::SohInputEditorWindow_cpp::L1754,Buttons,soh/soh/Enhancements/controls/SohInputEditorWindow.cpp,CONTROLLER,PLAYER_FACING
SOH_UI::soh::soh::Enhancements::controls::SohInputEditorWindow_cpp::L1757,Start,soh/soh/Enhancements/controls/SohInputEditorWindow.cpp,CONTROLLER,PLAYER_FACING
SOH_UI::soh::soh::Enhancements::controls::SohInputEditorWindow_cpp::L1770,D-Pad,soh/soh/Enhancements/controls/SohInputEditorWindow.cpp,CONTROLLER,PLAYER_FACING
SOH_UI::soh::soh::Enhancements::controls::SohInputEditorWindow_cpp::L1795,Cancel,soh/soh/Enhancements/controls/SohInputEditorWindow.cpp,CONTROLLER,PLAYER_FACING
SOH_UI::soh::soh::Enhancements::controls::SohInputEditorWindow_cpp::L1827,Cancel,soh/soh/Enhancements/controls/SohInputEditorWindow.cpp,CONTROLLER,PLAYER_FACING
SOH_UI::soh::soh::Enhancements::controls::SohInputEditorWindow_cpp::L1857,Cancel,soh/soh/Enhancements/controls/SohInputEditorWindow.cpp,CONTROLLER,PLAYER_FACING
SOH_UI::soh::soh::Enhancements::controls::SohInputEditorWindow_cpp::L1876,Cancel,soh/soh/Enhancements/controls/SohInputEditorWindow.cpp,CONTROLLER,PLAYER_FACING
SOH_UI::soh::soh::Enhancements::controls::SohInputEditorWindow_cpp::L1894,DebugEnabled,soh/soh/Enhancements/controls/SohInputEditorWindow.cpp,CONTROLLER,PLAYER_FACING
SOH_UI::soh::soh::Enhancements::controls::SohInputEditorWindow_cpp::L1905,CustomOcarina.Dpad,soh/soh/Enhancements/controls/SohInputEditorWindow.cpp,CONTROLLER,INTERNAL_IDENTIFIER
SOH_UI::soh::soh::Enhancements::controls::SohInputEditorWindow_cpp::L1906,Settings,soh/soh/Enhancements/controls/SohInputEditorWindow.cpp,CONTROLLER,PLAYER_FACING
SOH_UI::soh::soh::Enhancements::controls::SohInputEditorWindow_cpp::L1906,Controls,soh/soh/Enhancements/controls/SohInputEditorWindow.cpp,CONTROLLER,PLAYER_FACING
SOH_UI::soh::soh::Enhancements::controls::SohInputEditorWindow_cpp::L1909,FreeLook.Enabled,soh/soh/Enhancements/controls/SohInputEditorWindow.cpp,CONTROLLER,INTERNAL_IDENTIFIER
SOH_UI::soh::soh::Enhancements::controls::SohInputEditorWindow_cpp::L1918,Settings,soh/soh/Enhancements/controls/SohInputEditorWindow.cpp,CONTROLLER,PLAYER_FACING
SOH_UI::soh::soh::Enhancements::controls::SohInputEditorWindow_cpp::L1918,Controls,soh/soh/Enhancements/controls/SohInputEditorWindow.cpp,CONTROLLER,PLAYER_FACING
SOH_UI::soh::soh::Enhancements::controls::SohInputEditorWindow_cpp::L1921,EnableMouse,soh/soh/Enhancements/controls/SohInputEditorWindow.cpp,CONTROLLER,PLAYER_FACING
SOH_UI::soh::soh::Enhancements::controls::SohInputEditorWindow_cpp::L1924,EnableMouse,soh/soh/Enhancements/controls/SohInputEditorWindow.cpp,CONTROLLER,PLAYER_FACING
SOH_UI::soh::soh::Enhancements::controls::SohInputEditorWindow_cpp::L1924,AutoCaptureMouse,soh/soh/Enhancements/controls/SohInputEditorWindow.cpp,CONTROLLER,PLAYER_FACING
SOH_UI::soh::soh::Enhancements::controls::SohInputEditorWindow_cpp::L1934,Settings,soh/soh/Enhancements/controls/SohInputEditorWindow.cpp,CONTROLLER,PLAYER_FACING
SOH_UI::soh::soh::Enhancements::controls::SohInputEditorWindow_cpp::L1934,Controls,soh/soh/Enhancements/controls/SohInputEditorWindow.cpp,CONTROLLER,PLAYER_FACING
SOH_UI::soh::soh::Enhancements::controls::SohInputEditorWindow_cpp::L1937,AutoCaptureMouse,soh/soh/Enhancements/controls/SohInputEditorWindow.cpp,CONTROLLER,PLAYER_FACING
SOH_UI::soh::soh::Enhancements::controls::SohInputEditorWindow_cpp::L1940,EnableMouse,soh/soh/Enhancements/controls/SohInputEditorWindow.cpp,CONTROLLER,PLAYER_FACING
SOH_UI::soh::soh::Enhancements::controls::SohInputEditorWindow_cpp::L1940,AutoCaptureMouse,soh/soh/Enhancements/controls/SohInputEditorWindow.cpp,CONTROLLER,PLAYER_FACING
SOH_UI::soh::soh::Enhancements::controls::SohInputEditorWindow_cpp::L1949,Settings,soh/soh/Enhancements/controls/SohInputEditorWindow.cpp,CONTROLLER,PLAYER_FACING
SOH_UI::soh::soh::Enhancements::controls::SohInputEditorWindow_cpp::L1949,Controls,soh/soh/Enhancements/controls/SohInputEditorWindow.cpp,CONTROLLER,PLAYER_FACING
SOH_UI::soh::soh::Enhancements::controls::SohInputEditorWindow_cpp::L1952,CustomOcarina.RightStick,soh/soh/Enhancements/controls/SohInputEditorWindow.cpp,CONTROLLER,INTERNAL_IDENTIFIER
SOH_UI::soh::soh::Enhancements::controls::SohInputEditorWindow_cpp::L1953,Settings,soh/soh/Enhancements/controls/SohInputEditorWindow.cpp,CONTROLLER,PLAYER_FACING
SOH_UI::soh::soh::Enhancements::controls::SohInputEditorWindow_cpp::L1953,Controls,soh/soh/Enhancements/controls/SohInputEditorWindow.cpp,CONTROLLER,PLAYER_FACING
SOH_UI::soh::soh::Enhancements::controls::SohInputEditorWindow_cpp::L1956,DPadOnPause,soh/soh/Enhancements/controls/SohInputEditorWindow.cpp,CONTROLLER,PLAYER_FACING
SOH_UI::soh::soh::Enhancements::controls::SohInputEditorWindow_cpp::L1961,Settings,soh/soh/Enhancements/controls/SohInputEditorWindow.cpp,CONTROLLER,PLAYER_FACING
SOH_UI::soh::soh::Enhancements::controls::SohInputEditorWindow_cpp::L1961,Controls,soh/soh/Enhancements/controls/SohInputEditorWindow.cpp,CONTROLLER,PLAYER_FACING
SOH_UI::soh::soh::Enhancements::controls::SohInputEditorWindow_cpp::L1964,DpadInText,soh/soh/Enhancements/controls/SohInputEditorWindow.cpp,CONTROLLER,PLAYER_FACING
SOH_UI::soh::soh::Enhancements::controls::SohInputEditorWindow_cpp::L1969,Settings,soh/soh/Enhancements/controls/SohInputEditorWindow.cpp,CONTROLLER,PLAYER_FACING
SOH_UI::soh::soh::Enhancements::controls::SohInputEditorWindow_cpp::L1969,Controls,soh/soh/Enhancements/controls/SohInputEditorWindow.cpp,CONTROLLER,PLAYER_FACING
SOH_UI::soh::soh::Enhancements::randomizer::randomizer_check_tracker_cpp::L556,Child,soh/soh/Enhancements/randomizer/randomizer_check_tracker.cpp,RANDOMIZER,PLAYER_FACING
SOH_UI::soh::soh::Enhancements::randomizer::randomizer_check_tracker_cpp::L957,BgColor.Value,soh/soh/Enhancements/randomizer/randomizer_check_tracker.cpp,RANDOMIZER,INTERNAL_IDENTIFIER
SOH_UI::soh::soh::Enhancements::randomizer::randomizer_check_tracker_cpp::L958,AreaIncomplete.MainColor.Value,soh/soh/Enhancements/randomizer/randomizer_check_tracker.cpp,RANDOMIZER,INTERNAL_IDENTIFIER
SOH_UI::soh::soh::Enhancements::randomizer::randomizer_check_tracker_cpp::L960,AreaIncomplete.ExtraColor.Value,soh/soh/Enhancements/randomizer/randomizer_check_tracker.cpp,RANDOMIZER,INTERNAL_IDENTIFIER
SOH_UI::soh::soh::Enhancements::randomizer::randomizer_check_tracker_cpp::L961,AreaComplete.MainColor.Value,soh/soh/Enhancements/randomizer/randomizer_check_tracker.cpp,RANDOMIZER,INTERNAL_IDENTIFIER
SOH_UI::soh::soh::Enhancements::randomizer::randomizer_check_tracker_cpp::L963,AreaComplete.ExtraColor.Value,soh/soh/Enhancements/randomizer/randomizer_check_tracker.cpp,RANDOMIZER,INTERNAL_IDENTIFIER
SOH_UI::soh::soh::Enhancements::randomizer::randomizer_check_tracker_cpp::L964,Unchecked.MainColor.Value,soh/soh/Enhancements/randomizer/randomizer_check_tracker.cpp,RANDOMIZER,INTERNAL_IDENTIFIER
SOH_UI::soh::soh::Enhancements::randomizer::randomizer_check_tracker_cpp::L966,Unchecked.ExtraColor.Value,soh/soh/Enhancements/randomizer/randomizer_check_tracker.cpp,RANDOMIZER,INTERNAL_IDENTIFIER
SOH_UI::soh::soh::Enhancements::randomizer::randomizer_check_tracker_cpp::L967,Skipped.MainColor.Value,soh/soh/Enhancements/randomizer/randomizer_check_tracker.cpp,RANDOMIZER,INTERNAL_IDENTIFIER
SOH_UI::soh::soh::Enhancements::randomizer::randomizer_check_tracker_cpp::L968,Skipped.ExtraColor.Value,soh/soh/Enhancements/randomizer/randomizer_check_tracker.cpp,RANDOMIZER,INTERNAL_IDENTIFIER
SOH_UI::soh::soh::Enhancements::randomizer::randomizer_check_tracker_cpp::L969,Seen.MainColor.Value,soh/soh/Enhancements/randomizer/randomizer_check_tracker.cpp,RANDOMIZER,INTERNAL_IDENTIFIER
SOH_UI::soh::soh::Enhancements::randomizer::randomizer_check_tracker_cpp::L970,Seen.ExtraColor.Value,soh/soh/Enhancements/randomizer/randomizer_check_tracker.cpp,RANDOMIZER,INTERNAL_IDENTIFIER
SOH_UI::soh::soh::Enhancements::randomizer::randomizer_check_tracker_cpp::L971,Hinted.MainColor.Value,soh/soh/Enhancements/randomizer/randomizer_check_tracker.cpp,RANDOMIZER,INTERNAL_IDENTIFIER
SOH_UI::soh::soh::Enhancements::randomizer::randomizer_check_tracker_cpp::L972,Hinted.ExtraColor.Value,soh/soh/Enhancements/randomizer/randomizer_check_tracker.cpp,RANDOMIZER,INTERNAL_IDENTIFIER
SOH_UI::soh::soh::Enhancements::randomizer::randomizer_check_tracker_cpp::L973,Collected.MainColor.Value,soh/soh/Enhancements/randomizer/randomizer_check_tracker.cpp,RANDOMIZER,INTERNAL_IDENTIFIER
SOH_UI::soh::soh::Enhancements::randomizer::randomizer_check_tracker_cpp::L975,Collected.ExtraColor.Value,soh/soh/Enhancements/randomizer/randomizer_check_tracker.cpp,RANDOMIZER,INTERNAL_IDENTIFIER
SOH_UI::soh::soh::Enhancements::randomizer::randomizer_check_tracker_cpp::L976,Scummed.MainColor.Value,soh/soh/Enhancements/randomizer/randomizer_check_tracker.cpp,RANDOMIZER,INTERNAL_IDENTIFIER
SOH_UI::soh::soh::Enhancements::randomizer::randomizer_check_tracker_cpp::L977,Scummed.ExtraColor.Value,soh/soh/Enhancements/randomizer/randomizer_check_tracker.cpp,RANDOMIZER,INTERNAL_IDENTIFIER
SOH_UI::soh::soh::Enhancements::randomizer::randomizer_check_tracker_cpp::L978,Saved.MainColor.Value,soh/soh/Enhancements/randomizer/randomizer_check_tracker.cpp,RANDOMIZER,INTERNAL_IDENTIFIER
SOH_UI::soh::soh::Enhancements::randomizer::randomizer_check_tracker_cpp::L979,Saved.ExtraColor.Value,soh/soh/Enhancements/randomizer/randomizer_check_tracker.cpp,RANDOMIZER,INTERNAL_IDENTIFIER
SOH_UI::soh::soh::Enhancements::randomizer::randomizer_check_tracker_cpp::L986,ShowHidden,soh/soh/Enhancements/randomizer/randomizer_check_tracker.cpp,RANDOMIZER,PLAYER_FACING
SOH_UI::soh::soh::Enhancements::randomizer::randomizer_check_tracker_cpp::L987,MysteriousShuffle,soh/soh/Enhancements/randomizer/randomizer_check_tracker.cpp,RANDOMIZER,PLAYER_FACING
SOH_UI::soh::soh::Enhancements::randomizer::randomizer_check_tracker_cpp::L988,ShowLogic,soh/soh/Enhancements/randomizer/randomizer_check_tracker.cpp,RANDOMIZER,PLAYER_FACING
SOH_UI::soh::soh::Enhancements::randomizer::randomizer_check_tracker_cpp::L989,EnableAvailableChecks,soh/soh/Enhancements/randomizer/randomizer_check_tracker.cpp,RANDOMIZER,PLAYER_FACING
SOH_UI::soh::soh::Enhancements::randomizer::randomizer_check_tracker_cpp::L990,OnlyShowAvailable,soh/soh/Enhancements/randomizer/randomizer_check_tracker.cpp,RANDOMIZER,PLAYER_FACING
SOH_UI::soh::soh::Enhancements::randomizer::randomizer_check_tracker_cpp::L992,HideUnshuffledShopChecks,soh/soh/Enhancements/randomizer/randomizer_check_tracker.cpp,RANDOMIZER,PLAYER_FACING
SOH_UI::soh::soh::Enhancements::randomizer::randomizer_check_tracker_cpp::L993,AlwaysShowGSLocs,soh/soh/Enhancements/randomizer/randomizer_check_tracker.cpp,RANDOMIZER,PLAYER_FACING
SOH_UI::soh::soh::Enhancements::randomizer::randomizer_check_tracker_cpp::L994,WindowType,soh/soh/Enhancements/randomizer/randomizer_check_tracker.cpp,RANDOMIZER,PLAYER_FACING
SOH_UI::soh::soh::Enhancements::randomizer::randomizer_check_tracker_cpp::L995,ShowOnlyPaused,soh/soh/Enhancements/randomizer/randomizer_check_tracker.cpp,RANDOMIZER,PLAYER_FACING
SOH_UI::soh::soh::Enhancements::randomizer::randomizer_check_tracker_cpp::L1000,DisplayType,soh/soh/Enhancements/randomizer/randomizer_check_tracker.cpp,RANDOMIZER,PLAYER_FACING
SOH_UI::soh::soh::Enhancements::randomizer::randomizer_check_tracker_cpp::L1001,ComboButton1,soh/soh/Enhancements/randomizer/randomizer_check_tracker.cpp,RANDOMIZER,PLAYER_FACING
SOH_UI::soh::soh::Enhancements::randomizer::randomizer_check_tracker_cpp::L1002,ComboButton2,soh/soh/Enhancements/randomizer/randomizer_check_tracker.cpp,RANDOMIZER,PLAYER_FACING
SOH_UI::soh::soh::Enhancements::randomizer::randomizer_check_tracker_cpp::L1055,ShowHidden,soh/soh/Enhancements/randomizer/randomizer_check_tracker.cpp,RANDOMIZER,PLAYER_FACING
SOH_UI::soh::soh::Enhancements::randomizer::randomizer_check_tracker_cpp::L1060,ShowHidden,soh/soh/Enhancements/randomizer/randomizer_check_tracker.cpp,RANDOMIZER,PLAYER_FACING
SOH_UI::soh::soh::Enhancements::randomizer::randomizer_check_tracker_cpp::L1065,OnlyShowAvailable,soh/soh/Enhancements/randomizer/randomizer_check_tracker.cpp,RANDOMIZER,PLAYER_FACING
SOH_UI::soh::soh::Enhancements::randomizer::randomizer_check_tracker_cpp::L1085,Clear,soh/soh/Enhancements/randomizer/randomizer_check_tracker.cpp,RANDOMIZER,PLAYER_FACING
SOH_UI::soh::soh::Enhancements::randomizer::randomizer_check_tracker_cpp::L1114,CheckTracker##Checks,soh/soh/Enhancements/randomizer/randomizer_check_tracker.cpp,RANDOMIZER,PLAYER_FACING
SOH_UI::soh::soh::Enhancements::randomizer::randomizer_check_tracker_cpp::L1126,MQSpoilers,soh/soh/Enhancements/randomizer/randomizer_check_tracker.cpp,RANDOMIZER,PLAYER_FACING
SOH_UI::soh::soh::Enhancements::randomizer::randomizer_check_tracker_cpp::L1137,HideFilteredAreas,soh/soh/Enhancements/randomizer/randomizer_check_tracker.cpp,RANDOMIZER,PLAYER_FACING
SOH_UI::soh::soh::Enhancements::randomizer::randomizer_check_tracker_cpp::L1295,WindowType,soh/soh/Enhancements/randomizer/randomizer_check_tracker.cpp,RANDOMIZER,PLAYER_FACING
SOH_UI::soh::soh::Enhancements::randomizer::randomizer_check_tracker_cpp::L1300,Draggable,soh/soh/Enhancements/randomizer/randomizer_check_tracker.cpp,RANDOMIZER,PLAYER_FACING
SOH_UI::soh::soh::Enhancements::randomizer::randomizer_check_tracker_cpp::L1944,Skipped,soh/soh/Enhancements/randomizer/randomizer_check_tracker.cpp,RANDOMIZER,PLAYER_FACING
SOH_UI::soh::soh::Enhancements::randomizer::randomizer_check_tracker_cpp::L1969,AreaIncomplete.MainColor,soh/soh/Enhancements/randomizer/randomizer_check_tracker.cpp,RANDOMIZER,INTERNAL_IDENTIFIER
SOH_UI::soh::soh::Enhancements::randomizer::randomizer_check_tracker_cpp::L1969,AreaIncomplete.ExtraColor,soh/soh/Enhancements/randomizer/randomizer_check_tracker.cpp,RANDOMIZER,INTERNAL_IDENTIFIER
SOH_UI::soh::soh::Enhancements::randomizer::randomizer_check_tracker_cpp::L1970,AreaComplete.MainColor,soh/soh/Enhancements/randomizer/randomizer_check_tracker.cpp,RANDOMIZER,INTERNAL_IDENTIFIER
SOH_UI::soh::soh::Enhancements::randomizer::randomizer_check_tracker_cpp::L1970,AreaComplete.ExtraColor,soh/soh/Enhancements/randomizer/randomizer_check_tracker.cpp,RANDOMIZER,INTERNAL_IDENTIFIER
SOH_UI::soh::soh::Enhancements::randomizer::randomizer_check_tracker_cpp::L1971,Unchecked.MainColor,soh/soh/Enhancements/randomizer/randomizer_check_tracker.cpp,RANDOMIZER,INTERNAL_IDENTIFIER
SOH_UI::soh::soh::Enhancements::randomizer::randomizer_check_tracker_cpp::L1971,Unchecked.ExtraColor,soh/soh/Enhancements/randomizer/randomizer_check_tracker.cpp,RANDOMIZER,INTERNAL_IDENTIFIER
SOH_UI::soh::soh::Enhancements::randomizer::randomizer_check_tracker_cpp::L1972,Skipped.MainColor,soh/soh/Enhancements/randomizer/randomizer_check_tracker.cpp,RANDOMIZER,INTERNAL_IDENTIFIER
SOH_UI::soh::soh::Enhancements::randomizer::randomizer_check_tracker_cpp::L1972,Skipped.ExtraColor,soh/soh/Enhancements/randomizer/randomizer_check_tracker.cpp,RANDOMIZER,INTERNAL_IDENTIFIER
SOH_UI::soh::soh::Enhancements::randomizer::randomizer_check_tracker_cpp::L1973,Seen.MainColor,soh/soh/Enhancements/randomizer/randomizer_check_tracker.cpp,RANDOMIZER,INTERNAL_IDENTIFIER
SOH_UI::soh::soh::Enhancements::randomizer::randomizer_check_tracker_cpp::L1973,Seen.ExtraColor,soh/soh/Enhancements/randomizer/randomizer_check_tracker.cpp,RANDOMIZER,INTERNAL_IDENTIFIER
SOH_UI::soh::soh::Enhancements::randomizer::randomizer_check_tracker_cpp::L1974,Hinted.MainColor,soh/soh/Enhancements/randomizer/randomizer_check_tracker.cpp,RANDOMIZER,INTERNAL_IDENTIFIER
SOH_UI::soh::soh::Enhancements::randomizer::randomizer_check_tracker_cpp::L1974,Hinted.ExtraColor,soh/soh/Enhancements/randomizer/randomizer_check_tracker.cpp,RANDOMIZER,INTERNAL_IDENTIFIER
SOH_UI::soh::soh::Enhancements::randomizer::randomizer_check_tracker_cpp::L1975,Collected.MainColor,soh/soh/Enhancements/randomizer/randomizer_check_tracker.cpp,RANDOMIZER,INTERNAL_IDENTIFIER
SOH_UI::soh::soh::Enhancements::randomizer::randomizer_check_tracker_cpp::L1975,Collected.ExtraColor,soh/soh/Enhancements/randomizer/randomizer_check_tracker.cpp,RANDOMIZER,INTERNAL_IDENTIFIER
SOH_UI::soh::soh::Enhancements::randomizer::randomizer_check_tracker_cpp::L1976,Scummed.MainColor,soh/soh/Enhancements/randomizer/randomizer_check_tracker.cpp,RANDOMIZER,INTERNAL_IDENTIFIER
SOH_UI::soh::soh::Enhancements::randomizer::randomizer_check_tracker_cpp::L1976,Scummed.ExtraColor,soh/soh/Enhancements/randomizer/randomizer_check_tracker.cpp,RANDOMIZER,INTERNAL_IDENTIFIER
SOH_UI::soh::soh::Enhancements::randomizer::randomizer_check_tracker_cpp::L1977,Saved.MainColor,soh/soh/Enhancements/randomizer/randomizer_check_tracker.cpp,RANDOMIZER,INTERNAL_IDENTIFIER
SOH_UI::soh::soh::Enhancements::randomizer::randomizer_check_tracker_cpp::L1977,Saved.ExtraColor,soh/soh/Enhancements/randomizer/randomizer_check_tracker.cpp,RANDOMIZER,INTERNAL_IDENTIFIER
SOH_UI::soh::soh::Enhancements::randomizer::randomizer_check_tracker_cpp::L1982,RainbowSpeed,soh/soh/Enhancements/randomizer/randomizer_check_tracker.cpp,RANDOMIZER,PLAYER_FACING
SOH_UI::soh::soh::Enhancements::randomizer::randomizer_check_tracker_cpp::L2017,Hidden,soh/soh/Enhancements/randomizer/randomizer_check_tracker.cpp,RANDOMIZER,PLAYER_FACING
SOH_UI::soh::soh::Enhancements::randomizer::randomizer_check_tracker_cpp::L2024,Name##,soh/soh/Enhancements/randomizer/randomizer_check_tracker.cpp,RANDOMIZER,PLAYER_FACING
SOH_UI::soh::soh::Enhancements::randomizer::randomizer_check_tracker_cpp::L2032,Details##,soh/soh/Enhancements/randomizer/randomizer_check_tracker.cpp,RANDOMIZER,PLAYER_FACING
SOH_UI::soh::soh::Enhancements::randomizer::randomizer_check_tracker_cpp::L2108,Floating,soh/soh/Enhancements/randomizer/randomizer_check_tracker.cpp,RANDOMIZER,PLAYER_FACING
SOH_UI::soh::soh::Enhancements::randomizer::randomizer_check_tracker_cpp::L2109,Window,soh/soh/Enhancements/randomizer/randomizer_check_tracker.cpp,RANDOMIZER,PLAYER_FACING
SOH_UI::soh::soh::Enhancements::randomizer::randomizer_check_tracker_cpp::L2110,Always,soh/soh/Enhancements/randomizer/randomizer_check_tracker.cpp,RANDOMIZER,PLAYER_FACING
SOH_UI::soh::soh::Enhancements::randomizer::randomizer_check_tracker_cpp::L2113,C-Up,soh/soh/Enhancements/randomizer/randomizer_check_tracker.cpp,RANDOMIZER,PLAYER_FACING
SOH_UI::soh::soh::Enhancements::randomizer::randomizer_check_tracker_cpp::L2113,C-Down,soh/soh/Enhancements/randomizer/randomizer_check_tracker.cpp,RANDOMIZER,PLAYER_FACING
SOH_UI::soh::soh::Enhancements::randomizer::randomizer_check_tracker_cpp::L2114,C-Left,soh/soh/Enhancements/randomizer/randomizer_check_tracker.cpp,RANDOMIZER,PLAYER_FACING
SOH_UI::soh::soh::Enhancements::randomizer::randomizer_check_tracker_cpp::L2114,C-Right,soh/soh/Enhancements/randomizer/randomizer_check_tracker.cpp,RANDOMIZER,PLAYER_FACING
SOH_UI::soh::soh::Enhancements::randomizer::randomizer_check_tracker_cpp::L2116,Start,soh/soh/Enhancements/randomizer/randomizer_check_tracker.cpp,RANDOMIZER,PLAYER_FACING
SOH_UI::soh::soh::Enhancements::randomizer::randomizer_check_tracker_cpp::L2117,D-Up,soh/soh/Enhancements/randomizer/randomizer_check_tracker.cpp,RANDOMIZER,PLAYER_FACING
SOH_UI::soh::soh::Enhancements::randomizer::randomizer_check_tracker_cpp::L2117,D-Down,soh/soh/Enhancements/randomizer/randomizer_check_tracker.cpp,RANDOMIZER,PLAYER_FACING
SOH_UI::soh::soh::Enhancements::randomizer::randomizer_check_tracker_cpp::L2118,D-Left,soh/soh/Enhancements/randomizer/randomizer_check_tracker.cpp,RANDOMIZER,PLAYER_FACING
SOH_UI::soh::soh::Enhancements::randomizer::randomizer_check_tracker_cpp::L2118,D-Right,soh/soh/Enhancements/randomizer/randomizer_check_tracker.cpp,RANDOMIZER,PLAYER_FACING
SOH_UI::soh::soh::Enhancements::randomizer::randomizer_check_tracker_cpp::L2123,CheckTrackerSettingsTable,soh/soh/Enhancements/randomizer/randomizer_check_tracker.cpp,RANDOMIZER,PLAYER_FACING
SOH_UI::soh::soh::Enhancements::randomizer::randomizer_check_tracker_cpp::L2133,WindowType,soh/soh/Enhancements/randomizer/randomizer_check_tracker.cpp,RANDOMIZER,PLAYER_FACING
SOH_UI::soh::soh::Enhancements::randomizer::randomizer_check_tracker_cpp::L2134,Draggable,soh/soh/Enhancements/randomizer/randomizer_check_tracker.cpp,RANDOMIZER,PLAYER_FACING
SOH_UI::soh::soh::Enhancements::randomizer::randomizer_check_tracker_cpp::L2136,ShowOnlyPaused,soh/soh/Enhancements/randomizer/randomizer_check_tracker.cpp,RANDOMIZER,PLAYER_FACING
SOH_UI::soh::soh::Enhancements::randomizer::randomizer_check_tracker_cpp::L2138,DisplayType,soh/soh/Enhancements/randomizer/randomizer_check_tracker.cpp,RANDOMIZER,PLAYER_FACING
SOH_UI::soh::soh::Enhancements::randomizer::randomizer_check_tracker_cpp::L2144,DisplayType,soh/soh/Enhancements/randomizer/randomizer_check_tracker.cpp,RANDOMIZER,PLAYER_FACING
SOH_UI::soh::soh::Enhancements::randomizer::randomizer_check_tracker_cpp::L2146,ComboButton1,soh/soh/Enhancements/randomizer/randomizer_check_tracker.cpp,RANDOMIZER,PLAYER_FACING
SOH_UI::soh::soh::Enhancements::randomizer::randomizer_check_tracker_cpp::L2152,ComboButton2,soh/soh/Enhancements/randomizer/randomizer_check_tracker.cpp,RANDOMIZER,PLAYER_FACING
SOH_UI::soh::soh::Enhancements::randomizer::randomizer_check_tracker_cpp::L2160,DisableChanges,soh/soh/Enhancements/randomizer/randomizer_check_tracker.cpp,RANDOMIZER,INTERNAL_IDENTIFIER
SOH_UI::soh::soh::Enhancements::randomizer::randomizer_check_tracker_cpp::L2170,DisableChanges,soh/soh/Enhancements/randomizer/randomizer_check_tracker.cpp,RANDOMIZER,INTERNAL_IDENTIFIER
SOH_UI::soh::soh::Enhancements::randomizer::randomizer_check_tracker_cpp::L2177,HideFilteredAreas,soh/soh/Enhancements/randomizer/randomizer_check_tracker.cpp,RANDOMIZER,PLAYER_FACING
SOH_UI::soh::soh::Enhancements::randomizer::randomizer_check_tracker_cpp::L2185,AreaIncomplete.MainColor,soh/soh/Enhancements/randomizer/randomizer_check_tracker.cpp,RANDOMIZER,INTERNAL_IDENTIFIER
SOH_UI::soh::soh::Enhancements::randomizer::randomizer_check_tracker_cpp::L2186,AreaIncomplete.ExtraColor,soh/soh/Enhancements/randomizer/randomizer_check_tracker.cpp,RANDOMIZER,INTERNAL_IDENTIFIER
SOH_UI::soh::soh::Enhancements::randomizer::randomizer_check_tracker_cpp::L2190,AreaComplete.MainColor,soh/soh/Enhancements/randomizer/randomizer_check_tracker.cpp,RANDOMIZER,INTERNAL_IDENTIFIER
SOH_UI::soh::soh::Enhancements::randomizer::randomizer_check_tracker_cpp::L2191,AreaComplete.ExtraColor,soh/soh/Enhancements/randomizer/randomizer_check_tracker.cpp,RANDOMIZER,INTERNAL_IDENTIFIER
SOH_UI::soh::soh::Enhancements::randomizer::randomizer_check_tracker_cpp::L2196,Unchecked,soh/soh/Enhancements/randomizer/randomizer_check_tracker.cpp,RANDOMIZER,PLAYER_FACING
SOH_UI::soh::soh::Enhancements::randomizer::randomizer_check_tracker_cpp::L2196,Unchecked.MainColor,soh/soh/Enhancements/randomizer/randomizer_check_tracker.cpp,RANDOMIZER,INTERNAL_IDENTIFIER
SOH_UI::soh::soh::Enhancements::randomizer::randomizer_check_tracker_cpp::L2196,Unchecked.ExtraColor,soh/soh/Enhancements/randomizer/randomizer_check_tracker.cpp,RANDOMIZER,INTERNAL_IDENTIFIER
SOH_UI::soh::soh::Enhancements::randomizer::randomizer_check_tracker_cpp::L2200,Skipped,soh/soh/Enhancements/randomizer/randomizer_check_tracker.cpp,RANDOMIZER,PLAYER_FACING
SOH_UI::soh::soh::Enhancements::randomizer::randomizer_check_tracker_cpp::L2200,Skipped.MainColor,soh/soh/Enhancements/randomizer/randomizer_check_tracker.cpp,RANDOMIZER,INTERNAL_IDENTIFIER
SOH_UI::soh::soh::Enhancements::randomizer::randomizer_check_tracker_cpp::L2200,Skipped.ExtraColor,soh/soh/Enhancements/randomizer/randomizer_check_tracker.cpp,RANDOMIZER,INTERNAL_IDENTIFIER
SOH_UI::soh::soh::Enhancements::randomizer::randomizer_check_tracker_cpp::L2204,Seen,soh/soh/Enhancements/randomizer/randomizer_check_tracker.cpp,RANDOMIZER,PLAYER_FACING
SOH_UI::soh::soh::Enhancements::randomizer::randomizer_check_tracker_cpp::L2204,Seen.MainColor,soh/soh/Enhancements/randomizer/randomizer_check_tracker.cpp,RANDOMIZER,INTERNAL_IDENTIFIER
SOH_UI::soh::soh::Enhancements::randomizer::randomizer_check_tracker_cpp::L2204,Seen.ExtraColor,soh/soh/Enhancements/randomizer/randomizer_check_tracker.cpp,RANDOMIZER,INTERNAL_IDENTIFIER
SOH_UI::soh::soh::Enhancements::randomizer::randomizer_check_tracker_cpp::L2210,Scummed,soh/soh/Enhancements/randomizer/randomizer_check_tracker.cpp,RANDOMIZER,PLAYER_FACING
SOH_UI::soh::soh::Enhancements::randomizer::randomizer_check_tracker_cpp::L2210,Scummed.MainColor,soh/soh/Enhancements/randomizer/randomizer_check_tracker.cpp,RANDOMIZER,INTERNAL_IDENTIFIER
SOH_UI::soh::soh::Enhancements::randomizer::randomizer_check_tracker_cpp::L2210,Scummed.ExtraColor,soh/soh/Enhancements/randomizer/randomizer_check_tracker.cpp,RANDOMIZER,INTERNAL_IDENTIFIER
SOH_UI::soh::soh::Enhancements::randomizer::randomizer_check_tracker_cpp::L2219,Collected,soh/soh/Enhancements/randomizer/randomizer_check_tracker.cpp,RANDOMIZER,PLAYER_FACING
SOH_UI::soh::soh::Enhancements::randomizer::randomizer_check_tracker_cpp::L2219,Collected.MainColor,soh/soh/Enhancements/randomizer/randomizer_check_tracker.cpp,RANDOMIZER,INTERNAL_IDENTIFIER
SOH_UI::soh::soh::Enhancements::randomizer::randomizer_check_tracker_cpp::L2219,Collected.ExtraColor,soh/soh/Enhancements/randomizer/randomizer_check_tracker.cpp,RANDOMIZER,INTERNAL_IDENTIFIER
SOH_UI::soh::soh::Enhancements::randomizer::randomizer_check_tracker_cpp::L2224,Saved,soh/soh/Enhancements/randomizer/randomizer_check_tracker.cpp,RANDOMIZER,PLAYER_FACING
SOH_UI::soh::soh::Enhancements::randomizer::randomizer_check_tracker_cpp::L2224,Saved.MainColor,soh/soh/Enhancements/randomizer/randomizer_check_tracker.cpp,RANDOMIZER,INTERNAL_IDENTIFIER
SOH_UI::soh::soh::Enhancements::randomizer::randomizer_check_tracker_cpp::L2224,Saved.ExtraColor,soh/soh/Enhancements/randomizer/randomizer_check_tracker.cpp,RANDOMIZER,INTERNAL_IDENTIFIER
SOH_UI::soh::soh::Enhancements::randomizer::randomizer_check_tracker_cpp::L2252,BgColor,soh/soh/Enhancements/randomizer/randomizer_check_tracker.cpp,RANDOMIZER,PLAYER_FACING
SOH_UI::soh::soh::Enhancements::randomizer::randomizer_check_tracker_cpp::L2255,Randomizer,soh/soh/Enhancements/randomizer/randomizer_check_tracker.cpp,RANDOMIZER,PLAYER_FACING
SOH_UI::soh::soh::Enhancements::randomizer::randomizer_check_tracker_cpp::L2258,WindowType,soh/soh/Enhancements/randomizer/randomizer_check_tracker.cpp,RANDOMIZER,PLAYER_FACING
SOH_UI::soh::soh::Enhancements::randomizer::randomizer_check_tracker_cpp::L2265,Randomizer,soh/soh/Enhancements/randomizer/randomizer_check_tracker.cpp,RANDOMIZER,PLAYER_FACING
SOH_UI::soh::soh::Enhancements::randomizer::randomizer_check_tracker_cpp::L2268,MQSpoilers,soh/soh/Enhancements/randomizer/randomizer_check_tracker.cpp,RANDOMIZER,PLAYER_FACING
SOH_UI::soh::soh::Enhancements::randomizer::randomizer_check_tracker_cpp::L2273,Randomizer,soh/soh/Enhancements/randomizer/randomizer_check_tracker.cpp,RANDOMIZER,PLAYER_FACING
SOH_UI::soh::soh::Enhancements::randomizer::randomizer_check_tracker_cpp::L2276,HideUnshuffledShopChecks,soh/soh/Enhancements/randomizer/randomizer_check_tracker.cpp,RANDOMIZER,PLAYER_FACING
SOH_UI::soh::soh::Enhancements::randomizer::randomizer_check_tracker_cpp::L2282,HideUnshuffledShopChecks,soh/soh/Enhancements/randomizer/randomizer_check_tracker.cpp,RANDOMIZER,PLAYER_FACING
SOH_UI::soh::soh::Enhancements::randomizer::randomizer_check_tracker_cpp::L2285,Randomizer,soh/soh/Enhancements/randomizer/randomizer_check_tracker.cpp,RANDOMIZER,PLAYER_FACING
SOH_UI::soh::soh::Enhancements::randomizer::randomizer_check_tracker_cpp::L2288,AlwaysShowGSLocs,soh/soh/Enhancements/randomizer/randomizer_check_tracker.cpp,RANDOMIZER,PLAYER_FACING
SOH_UI::soh::soh::Enhancements::randomizer::randomizer_check_tracker_cpp::L2296,Randomizer,soh/soh/Enhancements/randomizer/randomizer_check_tracker.cpp,RANDOMIZER,PLAYER_FACING
SOH_UI::soh::soh::Enhancements::randomizer::randomizer_check_tracker_cpp::L2299,ShowLogic,soh/soh/Enhancements/randomizer/randomizer_check_tracker.cpp,RANDOMIZER,PLAYER_FACING
SOH_UI::soh::soh::Enhancements::randomizer::randomizer_check_tracker_cpp::L2303,Randomizer,soh/soh/Enhancements/randomizer/randomizer_check_tracker.cpp,RANDOMIZER,PLAYER_FACING
SOH_UI::soh::soh::Enhancements::randomizer::randomizer_check_tracker_cpp::L2306,EnableAvailableChecks,soh/soh/Enhancements/randomizer/randomizer_check_tracker.cpp,RANDOMIZER,PLAYER_FACING
SOH_UI::soh::soh::Enhancements::randomizer::randomizer_check_tracker_cpp::L2312,EnableAvailableChecks,soh/soh/Enhancements/randomizer/randomizer_check_tracker.cpp,RANDOMIZER,PLAYER_FACING
SOH_UI::soh::soh::Enhancements::randomizer::randomizer_entrance_tracker_cpp::L52,Graveyard,soh/soh/Enhancements/randomizer/randomizer_entrance_tracker.cpp,RANDOMIZER,PLAYER_FACING
SOH_UI::soh::soh::Enhancements::randomizer::randomizer_entrance_tracker_cpp::L66,Market,soh/soh/Enhancements/randomizer/randomizer_entrance_tracker.cpp,RANDOMIZER,PLAYER_FACING
SOH_UI::soh::soh::Enhancements::randomizer::randomizer_entrance_tracker_cpp::L71,Overworld,soh/soh/Enhancements/randomizer/randomizer_entrance_tracker.cpp,RANDOMIZER,PLAYER_FACING
SOH_UI::soh::soh::Enhancements::randomizer::randomizer_entrance_tracker_cpp::L71,Interior,soh/soh/Enhancements/randomizer/randomizer_entrance_tracker.cpp,RANDOMIZER,PLAYER_FACING
SOH_UI::soh::soh::Enhancements::randomizer::randomizer_entrance_tracker_cpp::L71,Grotto,soh/soh/Enhancements/randomizer/randomizer_entrance_tracker.cpp,RANDOMIZER,PLAYER_FACING
SOH_UI::soh::soh::Enhancements::randomizer::randomizer_entrance_tracker_cpp::L71,Dungeon,soh/soh/Enhancements/randomizer/randomizer_entrance_tracker.cpp,RANDOMIZER,PLAYER_FACING
SOH_UI::soh::soh::Enhancements::randomizer::randomizer_entrance_tracker_cpp::L111,Gohma,soh/soh/Enhancements/randomizer/randomizer_entrance_tracker.cpp,RANDOMIZER,PLAYER_FACING
SOH_UI::soh::soh::Enhancements::randomizer::randomizer_entrance_tracker_cpp::L112,Gohma,soh/soh/Enhancements/randomizer/randomizer_entrance_tracker.cpp,RANDOMIZER,PLAYER_FACING
SOH_UI::soh::soh::Enhancements::randomizer::randomizer_entrance_tracker_cpp::L151,Windmill,soh/soh/Enhancements/randomizer/randomizer_entrance_tracker.cpp,RANDOMIZER,PLAYER_FACING
SOH_UI::soh::soh::Enhancements::randomizer::randomizer_entrance_tracker_cpp::L164,Windmill,soh/soh/Enhancements/randomizer/randomizer_entrance_tracker.cpp,RANDOMIZER,PLAYER_FACING
SOH_UI::soh::soh::Enhancements::randomizer::randomizer_entrance_tracker_cpp::L188,Bongo-Bongo,soh/soh/Enhancements/randomizer/randomizer_entrance_tracker.cpp,RANDOMIZER,PLAYER_FACING
SOH_UI::soh::soh::Enhancements::randomizer::randomizer_entrance_tracker_cpp::L189,Bongo-Bongo,soh/soh/Enhancements/randomizer/randomizer_entrance_tracker.cpp,RANDOMIZER,PLAYER_FACING
SOH_UI::soh::soh::Enhancements::randomizer::randomizer_entrance_tracker_cpp::L219,Volvagia,soh/soh/Enhancements/randomizer/randomizer_entrance_tracker.cpp,RANDOMIZER,PLAYER_FACING
SOH_UI::soh::soh::Enhancements::randomizer::randomizer_entrance_tracker_cpp::L220,Volvagia,soh/soh/Enhancements/randomizer/randomizer_entrance_tracker.cpp,RANDOMIZER,PLAYER_FACING
SOH_UI::soh::soh::Enhancements::randomizer::randomizer_entrance_tracker_cpp::L259,Barinade,soh/soh/Enhancements/randomizer/randomizer_entrance_tracker.cpp,RANDOMIZER,PLAYER_FACING
SOH_UI::soh::soh::Enhancements::randomizer::randomizer_entrance_tracker_cpp::L260,Barinade,soh/soh/Enhancements/randomizer/randomizer_entrance_tracker.cpp,RANDOMIZER,PLAYER_FACING
SOH_UI::soh::soh::Enhancements::randomizer::randomizer_entrance_tracker_cpp::L311,Morpha,soh/soh/Enhancements/randomizer/randomizer_entrance_tracker.cpp,RANDOMIZER,PLAYER_FACING
SOH_UI::soh::soh::Enhancements::randomizer::randomizer_entrance_tracker_cpp::L312,Morpha,soh/soh/Enhancements/randomizer/randomizer_entrance_tracker.cpp,RANDOMIZER,PLAYER_FACING
SOH_UI::soh::soh::Enhancements::randomizer::randomizer_entrance_tracker_cpp::L368,Twinrova,soh/soh/Enhancements/randomizer/randomizer_entrance_tracker.cpp,RANDOMIZER,PLAYER_FACING
SOH_UI::soh::soh::Enhancements::randomizer::randomizer_entrance_tracker_cpp::L369,Twinrova,soh/soh/Enhancements/randomizer/randomizer_entrance_tracker.cpp,RANDOMIZER,PLAYER_FACING
SOH_UI::soh::soh::Enhancements::randomizer::randomizer_entrance_tracker_cpp::L715,SortBy,soh/soh/Enhancements/randomizer/randomizer_entrance_tracker.cpp,RANDOMIZER,PLAYER_FACING
SOH_UI::soh::soh::Enhancements::randomizer::randomizer_entrance_tracker_cpp::L720,From,soh/soh/Enhancements/randomizer/randomizer_entrance_tracker.cpp,RANDOMIZER,PLAYER_FACING
SOH_UI::soh::soh::Enhancements::randomizer::randomizer_entrance_tracker_cpp::L720,SortBy,soh/soh/Enhancements/randomizer/randomizer_entrance_tracker.cpp,RANDOMIZER,PLAYER_FACING
SOH_UI::soh::soh::Enhancements::randomizer::randomizer_entrance_tracker_cpp::L725,AutoScroll,soh/soh/Enhancements/randomizer/randomizer_entrance_tracker.cpp,RANDOMIZER,PLAYER_FACING
SOH_UI::soh::soh::Enhancements::randomizer::randomizer_entrance_tracker_cpp::L729,DisableChanges,soh/soh/Enhancements/randomizer/randomizer_entrance_tracker.cpp,RANDOMIZER,INTERNAL_IDENTIFIER
SOH_UI::soh::soh::Enhancements::randomizer::randomizer_entrance_tracker_cpp::L730,HighlightPrevious,soh/soh/Enhancements/randomizer/randomizer_entrance_tracker.cpp,RANDOMIZER,PLAYER_FACING
SOH_UI::soh::soh::Enhancements::randomizer::randomizer_entrance_tracker_cpp::L734,HighlightAvailable,soh/soh/Enhancements/randomizer/randomizer_entrance_tracker.cpp,RANDOMIZER,PLAYER_FACING
SOH_UI::soh::soh::Enhancements::randomizer::randomizer_entrance_tracker_cpp::L739,CollapseUndiscovered,soh/soh/Enhancements/randomizer/randomizer_entrance_tracker.cpp,RANDOMIZER,PLAYER_FACING
SOH_UI::soh::soh::Enhancements::randomizer::randomizer_entrance_tracker_cpp::L747,HideReverseEntrances,soh/soh/Enhancements/randomizer/randomizer_entrance_tracker.cpp,RANDOMIZER,PLAYER_FACING
SOH_UI::soh::soh::Enhancements::randomizer::randomizer_entrance_tracker_cpp::L758,Area,soh/soh/Enhancements/randomizer/randomizer_entrance_tracker.cpp,RANDOMIZER,PLAYER_FACING
SOH_UI::soh::soh::Enhancements::randomizer::randomizer_entrance_tracker_cpp::L758,GroupBy,soh/soh/Enhancements/randomizer/randomizer_entrance_tracker.cpp,RANDOMIZER,PLAYER_FACING
SOH_UI::soh::soh::Enhancements::randomizer::randomizer_entrance_tracker_cpp::L761,Type,soh/soh/Enhancements/randomizer/randomizer_entrance_tracker.cpp,RANDOMIZER,PLAYER_FACING
SOH_UI::soh::soh::Enhancements::randomizer::randomizer_entrance_tracker_cpp::L761,GroupBy,soh/soh/Enhancements/randomizer/randomizer_entrance_tracker.cpp,RANDOMIZER,PLAYER_FACING
SOH_UI::soh::soh::Enhancements::randomizer::randomizer_entrance_tracker_cpp::L765,DisableChanges,soh/soh/Enhancements/randomizer/randomizer_entrance_tracker.cpp,RANDOMIZER,INTERNAL_IDENTIFIER
SOH_UI::soh::soh::Enhancements::randomizer::randomizer_entrance_tracker_cpp::L767,ShowFrom,soh/soh/Enhancements/randomizer/randomizer_entrance_tracker.cpp,RANDOMIZER,PLAYER_FACING
SOH_UI::soh::soh::Enhancements::randomizer::randomizer_entrance_tracker_cpp::L769,ShowTo,soh/soh/Enhancements/randomizer/randomizer_entrance_tracker.cpp,RANDOMIZER,PLAYER_FACING
SOH_UI::soh::soh::Enhancements::randomizer::randomizer_entrance_tracker_cpp::L778,Legend,soh/soh/Enhancements/randomizer/randomizer_entrance_tracker.cpp,RANDOMIZER,PLAYER_FACING
SOH_UI::soh::soh::Enhancements::randomizer::randomizer_entrance_tracker_cpp::L824,Clear,soh/soh/Enhancements/randomizer/randomizer_entrance_tracker.cpp,RANDOMIZER,PLAYER_FACING
SOH_UI::soh::soh::Enhancements::randomizer::randomizer_entrance_tracker_cpp::L836,SortBy,soh/soh/Enhancements/randomizer/randomizer_entrance_tracker.cpp,RANDOMIZER,PLAYER_FACING
SOH_UI::soh::soh::Enhancements::randomizer::randomizer_entrance_tracker_cpp::L837,GroupBy,soh/soh/Enhancements/randomizer/randomizer_entrance_tracker.cpp,RANDOMIZER,PLAYER_FACING
SOH_UI::soh::soh::Enhancements::randomizer::randomizer_entrance_tracker_cpp::L862,ChildEntranceTrackerLocations,soh/soh/Enhancements/randomizer/randomizer_entrance_tracker.cpp,RANDOMIZER,PLAYER_FACING
SOH_UI::soh::soh::Enhancements::randomizer::randomizer_entrance_tracker_cpp::L863,ShowTo,soh/soh/Enhancements/randomizer/randomizer_entrance_tracker.cpp,RANDOMIZER,PLAYER_FACING
SOH_UI::soh::soh::Enhancements::randomizer::randomizer_entrance_tracker_cpp::L864,ShowFrom,soh/soh/Enhancements/randomizer/randomizer_entrance_tracker.cpp,RANDOMIZER,PLAYER_FACING
SOH_UI::soh::soh::Enhancements::randomizer::randomizer_entrance_tracker_cpp::L865,CollapseUndiscovered,soh/soh/Enhancements/randomizer/randomizer_entrance_tracker.cpp,RANDOMIZER,PLAYER_FACING
SOH_UI::soh::soh::Enhancements::randomizer::randomizer_entrance_tracker_cpp::L866,HighlightPrevious,soh/soh/Enhancements/randomizer/randomizer_entrance_tracker.cpp,RANDOMIZER,PLAYER_FACING
SOH_UI::soh::soh::Enhancements::randomizer::randomizer_entrance_tracker_cpp::L867,HighlightAvailable,soh/soh/Enhancements/randomizer/randomizer_entrance_tracker.cpp,RANDOMIZER,PLAYER_FACING
SOH_UI::soh::soh::Enhancements::randomizer::randomizer_entrance_tracker_cpp::L868,HideReverseEntrances,soh/soh/Enhancements/randomizer/randomizer_entrance_tracker.cpp,RANDOMIZER,PLAYER_FACING
SOH_UI::soh::soh::Enhancements::randomizer::randomizer_entrance_tracker_cpp::L869,AutoScroll,soh/soh/Enhancements/randomizer/randomizer_entrance_tracker.cpp,RANDOMIZER,PLAYER_FACING
SOH_UI::soh::soh::Enhancements::randomizer::randomizer_item_tracker_cpp::L242,FRST,soh/soh/Enhancements/randomizer/randomizer_item_tracker.cpp,RANDOMIZER,PLAYER_FACING
SOH_UI::soh::soh::Enhancements::randomizer::randomizer_item_tracker_cpp::L242,FIRE,soh/soh/Enhancements/randomizer/randomizer_item_tracker.cpp,RANDOMIZER,PLAYER_FACING
SOH_UI::soh::soh::Enhancements::randomizer::randomizer_item_tracker_cpp::L242,WATR,soh/soh/Enhancements/randomizer/randomizer_item_tracker.cpp,RANDOMIZER,PLAYER_FACING
SOH_UI::soh::soh::Enhancements::randomizer::randomizer_item_tracker_cpp::L243,SPRT,soh/soh/Enhancements/randomizer/randomizer_item_tracker.cpp,RANDOMIZER,PLAYER_FACING
SOH_UI::soh::soh::Enhancements::randomizer::randomizer_item_tracker_cpp::L243,SHDW,soh/soh/Enhancements/randomizer/randomizer_item_tracker.cpp,RANDOMIZER,PLAYER_FACING
SOH_UI::soh::soh::Enhancements::randomizer::randomizer_item_tracker_cpp::L243,BOTW,soh/soh/Enhancements/randomizer/randomizer_item_tracker.cpp,RANDOMIZER,PLAYER_FACING
SOH_UI::soh::soh::Enhancements::randomizer::randomizer_item_tracker_cpp::L244,DEKU,soh/soh/Enhancements/randomizer/randomizer_item_tracker.cpp,RANDOMIZER,PLAYER_FACING
SOH_UI::soh::soh::Enhancements::randomizer::randomizer_item_tracker_cpp::L244,DCVN,soh/soh/Enhancements/randomizer/randomizer_item_tracker.cpp,RANDOMIZER,PLAYER_FACING
SOH_UI::soh::soh::Enhancements::randomizer::randomizer_item_tracker_cpp::L244,JABU,soh/soh/Enhancements/randomizer/randomizer_item_tracker.cpp,RANDOMIZER,PLAYER_FACING
SOH_UI::soh::soh::Enhancements::randomizer::randomizer_item_tracker_cpp::L245,GANON,soh/soh/Enhancements/randomizer/randomizer_item_tracker.cpp,RANDOMIZER,PLAYER_FACING
SOH_UI::soh::soh::Enhancements::randomizer::randomizer_item_tracker_cpp::L246,HIDE,soh/soh/Enhancements/randomizer/randomizer_item_tracker.cpp,RANDOMIZER,PLAYER_FACING
SOH_UI::soh::soh::Enhancements::randomizer::randomizer_item_tracker_cpp::L250,GOHMA,soh/soh/Enhancements/randomizer/randomizer_item_tracker.cpp,RANDOMIZER,PLAYER_FACING
SOH_UI::soh::soh::Enhancements::randomizer::randomizer_item_tracker_cpp::L250,BARI,soh/soh/Enhancements/randomizer/randomizer_item_tracker.cpp,RANDOMIZER,PLAYER_FACING
SOH_UI::soh::soh::Enhancements::randomizer::randomizer_item_tracker_cpp::L251,VOLV,soh/soh/Enhancements/randomizer/randomizer_item_tracker.cpp,RANDOMIZER,PLAYER_FACING
SOH_UI::soh::soh::Enhancements::randomizer::randomizer_item_tracker_cpp::L251,MORPH,soh/soh/Enhancements/randomizer/randomizer_item_tracker.cpp,RANDOMIZER,PLAYER_FACING
SOH_UI::soh::soh::Enhancements::randomizer::randomizer_item_tracker_cpp::L252,BONGO,soh/soh/Enhancements/randomizer/randomizer_item_tracker.cpp,RANDOMIZER,PLAYER_FACING
SOH_UI::soh::soh::Enhancements::randomizer::randomizer_item_tracker_cpp::L252,TWIN,soh/soh/Enhancements/randomizer/randomizer_item_tracker.cpp,RANDOMIZER,PLAYER_FACING
SOH_UI::soh::soh::Enhancements::randomizer::randomizer_item_tracker_cpp::L252,GANON,soh/soh/Enhancements/randomizer/randomizer_item_tracker.cpp,RANDOMIZER,PLAYER_FACING
SOH_UI::soh::soh::Enhancements::randomizer::randomizer_item_tracker_cpp::L261,GUARD,soh/soh/Enhancements/randomizer/randomizer_item_tracker.cpp,RANDOMIZER,PLAYER_FACING
SOH_UI::soh::soh::Enhancements::randomizer::randomizer_item_tracker_cpp::L262,MKBAZ,soh/soh/Enhancements/randomizer/randomizer_item_tracker.cpp,RANDOMIZER,PLAYER_FACING
SOH_UI::soh::soh::Enhancements::randomizer::randomizer_item_tracker_cpp::L263,MKPOT,soh/soh/Enhancements/randomizer/randomizer_item_tracker.cpp,RANDOMIZER,PLAYER_FACING
SOH_UI::soh::soh::Enhancements::randomizer::randomizer_item_tracker_cpp::L264,MASK,soh/soh/Enhancements/randomizer/randomizer_item_tracker.cpp,RANDOMIZER,PLAYER_FACING
SOH_UI::soh::soh::Enhancements::randomizer::randomizer_item_tracker_cpp::L265,MKSHO,soh/soh/Enhancements/randomizer/randomizer_item_tracker.cpp,RANDOMIZER,PLAYER_FACING
SOH_UI::soh::soh::Enhancements::randomizer::randomizer_item_tracker_cpp::L266,BOWL,soh/soh/Enhancements/randomizer/randomizer_item_tracker.cpp,RANDOMIZER,PLAYER_FACING
SOH_UI::soh::soh::Enhancements::randomizer::randomizer_item_tracker_cpp::L267,TREASU,soh/soh/Enhancements/randomizer/randomizer_item_tracker.cpp,RANDOMIZER,PLAYER_FACING
SOH_UI::soh::soh::Enhancements::randomizer::randomizer_item_tracker_cpp::L268,CHUSHO,soh/soh/Enhancements/randomizer/randomizer_item_tracker.cpp,RANDOMIZER,PLAYER_FACING
SOH_UI::soh::soh::Enhancements::randomizer::randomizer_item_tracker_cpp::L269,RICH,soh/soh/Enhancements/randomizer/randomizer_item_tracker.cpp,RANDOMIZER,PLAYER_FACING
SOH_UI::soh::soh::Enhancements::randomizer::randomizer_item_tracker_cpp::L270,ALLEY,soh/soh/Enhancements/randomizer/randomizer_item_tracker.cpp,RANDOMIZER,PLAYER_FACING
SOH_UI::soh::soh::Enhancements::randomizer::randomizer_item_tracker_cpp::L271,KAKBAZ,soh/soh/Enhancements/randomizer/randomizer_item_tracker.cpp,RANDOMIZER,PLAYER_FACING
SOH_UI::soh::soh::Enhancements::randomizer::randomizer_item_tracker_cpp::L272,KAKPO,soh/soh/Enhancements/randomizer/randomizer_item_tracker.cpp,RANDOMIZER,PLAYER_FACING
SOH_UI::soh::soh::Enhancements::randomizer::randomizer_item_tracker_cpp::L273,BOSS,soh/soh/Enhancements/randomizer/randomizer_item_tracker.cpp,RANDOMIZER,PLAYER_FACING
SOH_UI::soh::soh::Enhancements::randomizer::randomizer_item_tracker_cpp::L274,GRANNY,soh/soh/Enhancements/randomizer/randomizer_item_tracker.cpp,RANDOMIZER,PLAYER_FACING
SOH_UI::soh::soh::Enhancements::randomizer::randomizer_item_tracker_cpp::L275,SKULL,soh/soh/Enhancements/randomizer/randomizer_item_tracker.cpp,RANDOMIZER,PLAYER_FACING
SOH_UI::soh::soh::Enhancements::randomizer::randomizer_item_tracker_cpp::L276,IMPAS,soh/soh/Enhancements/randomizer/randomizer_item_tracker.cpp,RANDOMIZER,PLAYER_FACING
SOH_UI::soh::soh::Enhancements::randomizer::randomizer_item_tracker_cpp::L277,WIND,soh/soh/Enhancements/randomizer/randomizer_item_tracker.cpp,RANDOMIZER,PLAYER_FACING
SOH_UI::soh::soh::Enhancements::randomizer::randomizer_item_tracker_cpp::L278,KAKSHO,soh/soh/Enhancements/randomizer/randomizer_item_tracker.cpp,RANDOMIZER,PLAYER_FACING
SOH_UI::soh::soh::Enhancements::randomizer::randomizer_item_tracker_cpp::L279,DAMPES,soh/soh/Enhancements/randomizer/randomizer_item_tracker.cpp,RANDOMIZER,PLAYER_FACING
SOH_UI::soh::soh::Enhancements::randomizer::randomizer_item_tracker_cpp::L280,TALONS,soh/soh/Enhancements/randomizer/randomizer_item_tracker.cpp,RANDOMIZER,PLAYER_FACING
SOH_UI::soh::soh::Enhancements::randomizer::randomizer_item_tracker_cpp::L281,STABLE,soh/soh/Enhancements/randomizer/randomizer_item_tracker.cpp,RANDOMIZER,PLAYER_FACING
SOH_UI::soh::soh::Enhancements::randomizer::randomizer_item_tracker_cpp::L282,TOWER,soh/soh/Enhancements/randomizer/randomizer_item_tracker.cpp,RANDOMIZER,PLAYER_FACING
SOH_UI::soh::soh::Enhancements::randomizer::randomizer_item_tracker_cpp::L284,FISH,soh/soh/Enhancements/randomizer/randomizer_item_tracker.cpp,RANDOMIZER,PLAYER_FACING
SOH_UI::soh::soh::Enhancements::randomizer::randomizer_item_tracker_cpp::L574,IconSize,soh/soh/Enhancements/randomizer/randomizer_item_tracker.cpp,RANDOMIZER,PLAYER_FACING
SOH_UI::soh::soh::Enhancements::randomizer::randomizer_item_tracker_cpp::L575,TextSize,soh/soh/Enhancements/randomizer/randomizer_item_tracker.cpp,RANDOMIZER,PLAYER_FACING
SOH_UI::soh::soh::Enhancements::randomizer::randomizer_item_tracker_cpp::L579,ItemCountType,soh/soh/Enhancements/randomizer/randomizer_item_tracker.cpp,RANDOMIZER,PLAYER_FACING
SOH_UI::soh::soh::Enhancements::randomizer::randomizer_item_tracker_cpp::L580,KeyCounts,soh/soh/Enhancements/randomizer/randomizer_item_tracker.cpp,RANDOMIZER,PLAYER_FACING
SOH_UI::soh::soh::Enhancements::randomizer::randomizer_item_tracker_cpp::L585,HookshotIdentifier,soh/soh/Enhancements/randomizer/randomizer_item_tracker.cpp,RANDOMIZER,PLAYER_FACING
SOH_UI::soh::soh::Enhancements::randomizer::randomizer_item_tracker_cpp::L638,ItemCountAlignLeft,soh/soh/Enhancements/randomizer/randomizer_item_tracker.cpp,RANDOMIZER,PLAYER_FACING
SOH_UI::soh::soh::Enhancements::randomizer::randomizer_item_tracker_cpp::L703,TriforcePieceCounts,soh/soh/Enhancements/randomizer/randomizer_item_tracker.cpp,RANDOMIZER,PLAYER_FACING
SOH_UI::soh::soh::Enhancements::randomizer::randomizer_item_tracker_cpp::L733,IconSize,soh/soh/Enhancements/randomizer/randomizer_item_tracker.cpp,RANDOMIZER,PLAYER_FACING
SOH_UI::soh::soh::Enhancements::randomizer::randomizer_item_tracker_cpp::L743,IconSize,soh/soh/Enhancements/randomizer/randomizer_item_tracker.cpp,RANDOMIZER,PLAYER_FACING
SOH_UI::soh::soh::Enhancements::randomizer::randomizer_item_tracker_cpp::L761,IconSize,soh/soh/Enhancements/randomizer/randomizer_item_tracker.cpp,RANDOMIZER,PLAYER_FACING
SOH_UI::soh::soh::Enhancements::randomizer::randomizer_item_tracker_cpp::L767,ITEM_KEY_SMALL,soh/soh/Enhancements/randomizer/randomizer_item_tracker.cpp,RANDOMIZER,PLAYER_FACING
SOH_UI::soh::soh::Enhancements::randomizer::randomizer_item_tracker_cpp::L1078,IconSize,soh/soh/Enhancements/randomizer/randomizer_item_tracker.cpp,RANDOMIZER,PLAYER_FACING
SOH_UI::soh::soh::Enhancements::randomizer::randomizer_item_tracker_cpp::L1090,IconSize,soh/soh/Enhancements/randomizer/randomizer_item_tracker.cpp,RANDOMIZER,PLAYER_FACING
SOH_UI::soh::soh::Enhancements::randomizer::randomizer_item_tracker_cpp::L1141,IconSize,soh/soh/Enhancements/randomizer/randomizer_item_tracker.cpp,RANDOMIZER,PLAYER_FACING
SOH_UI::soh::soh::Enhancements::randomizer::randomizer_item_tracker_cpp::L1153,IconSize,soh/soh/Enhancements/randomizer/randomizer_item_tracker.cpp,RANDOMIZER,PLAYER_FACING
SOH_UI::soh::soh::Enhancements::randomizer::randomizer_item_tracker_cpp::L1154,IconSpacing,soh/soh/Enhancements/randomizer/randomizer_item_tracker.cpp,RANDOMIZER,PLAYER_FACING
SOH_UI::soh::soh::Enhancements::randomizer::randomizer_item_tracker_cpp::L1197,WindowType,soh/soh/Enhancements/randomizer/randomizer_item_tracker.cpp,RANDOMIZER,PLAYER_FACING
SOH_UI::soh::soh::Enhancements::randomizer::randomizer_item_tracker_cpp::L1215,WindowType,soh/soh/Enhancements/randomizer/randomizer_item_tracker.cpp,RANDOMIZER,PLAYER_FACING
SOH_UI::soh::soh::Enhancements::randomizer::randomizer_item_tracker_cpp::L1220,Draggable,soh/soh/Enhancements/randomizer/randomizer_item_tracker.cpp,RANDOMIZER,PLAYER_FACING
SOH_UI::soh::soh::Enhancements::randomizer::randomizer_item_tracker_cpp::L1224,BgColor.Value,soh/soh/Enhancements/randomizer/randomizer_item_tracker.cpp,RANDOMIZER,INTERNAL_IDENTIFIER
SOH_UI::soh::soh::Enhancements::randomizer::randomizer_item_tracker_cpp::L1254,IconSize,soh/soh/Enhancements/randomizer/randomizer_item_tracker.cpp,RANDOMIZER,PLAYER_FACING
SOH_UI::soh::soh::Enhancements::randomizer::randomizer_item_tracker_cpp::L1255,IconSpacing,soh/soh/Enhancements/randomizer/randomizer_item_tracker.cpp,RANDOMIZER,PLAYER_FACING
SOH_UI::soh::soh::Enhancements::randomizer::randomizer_item_tracker_cpp::L1257,WindowType,soh/soh/Enhancements/randomizer/randomizer_item_tracker.cpp,RANDOMIZER,PLAYER_FACING
SOH_UI::soh::soh::Enhancements::randomizer::randomizer_item_tracker_cpp::L1273,IconSize,soh/soh/Enhancements/randomizer/randomizer_item_tracker.cpp,RANDOMIZER,PLAYER_FACING
SOH_UI::soh::soh::Enhancements::randomizer::randomizer_item_tracker_cpp::L1274,IconSpacing,soh/soh/Enhancements/randomizer/randomizer_item_tracker.cpp,RANDOMIZER,PLAYER_FACING
SOH_UI::soh::soh::Enhancements::randomizer::randomizer_item_tracker_cpp::L1283,IconSize,soh/soh/Enhancements/randomizer/randomizer_item_tracker.cpp,RANDOMIZER,PLAYER_FACING
SOH_UI::soh::soh::Enhancements::randomizer::randomizer_item_tracker_cpp::L1351,DungeonItems.Layout,soh/soh/Enhancements/randomizer/randomizer_item_tracker.cpp,RANDOMIZER,INTERNAL_IDENTIFIER
SOH_UI::soh::soh::Enhancements::randomizer::randomizer_item_tracker_cpp::L1352,DisplayType.DungeonItems,soh/soh/Enhancements/randomizer/randomizer_item_tracker.cpp,RANDOMIZER,INTERNAL_IDENTIFIER
SOH_UI::soh::soh::Enhancements::randomizer::randomizer_item_tracker_cpp::L1354,DungeonItems.DisplayMaps,soh/soh/Enhancements/randomizer/randomizer_item_tracker.cpp,RANDOMIZER,INTERNAL_IDENTIFIER
SOH_UI::soh::soh::Enhancements::randomizer::randomizer_item_tracker_cpp::L1364,DungeonItems.DisplayMaps,soh/soh/Enhancements/randomizer/randomizer_item_tracker.cpp,RANDOMIZER,INTERNAL_IDENTIFIER
SOH_UI::soh::soh::Enhancements::randomizer::randomizer_item_tracker_cpp::L1374,DisplayType.Inventory,soh/soh/Enhancements/randomizer/randomizer_item_tracker.cpp,RANDOMIZER,INTERNAL_IDENTIFIER
SOH_UI::soh::soh::Enhancements::randomizer::randomizer_item_tracker_cpp::L1378,DisplayType.Equipment,soh/soh/Enhancements/randomizer/randomizer_item_tracker.cpp,RANDOMIZER,INTERNAL_IDENTIFIER
SOH_UI::soh::soh::Enhancements::randomizer::randomizer_item_tracker_cpp::L1382,DisplayType.Misc,soh/soh/Enhancements/randomizer/randomizer_item_tracker.cpp,RANDOMIZER,INTERNAL_IDENTIFIER
SOH_UI::soh::soh::Enhancements::randomizer::randomizer_item_tracker_cpp::L1386,DisplayType.DungeonRewards,soh/soh/Enhancements/randomizer/randomizer_item_tracker.cpp,RANDOMIZER,INTERNAL_IDENTIFIER
SOH_UI::soh::soh::Enhancements::randomizer::randomizer_item_tracker_cpp::L1391,DisplayType.Songs,soh/soh/Enhancements/randomizer/randomizer_item_tracker.cpp,RANDOMIZER,INTERNAL_IDENTIFIER
SOH_UI::soh::soh::Enhancements::randomizer::randomizer_item_tracker_cpp::L1393,DisplayType.Misc,soh/soh/Enhancements/randomizer/randomizer_item_tracker.cpp,RANDOMIZER,INTERNAL_IDENTIFIER
SOH_UI::soh::soh::Enhancements::randomizer::randomizer_item_tracker_cpp::L1395,DisplayType.DungeonRewards,soh/soh/Enhancements/randomizer/randomizer_item_tracker.cpp,RANDOMIZER,INTERNAL_IDENTIFIER
SOH_UI::soh::soh::Enhancements::randomizer::randomizer_item_tracker_cpp::L1403,DisplayType.DungeonItems,soh/soh/Enhancements/randomizer/randomizer_item_tracker.cpp,RANDOMIZER,INTERNAL_IDENTIFIER
SOH_UI::soh::soh::Enhancements::randomizer::randomizer_item_tracker_cpp::L1411,DisplayType.Greg,soh/soh/Enhancements/randomizer/randomizer_item_tracker.cpp,RANDOMIZER,INTERNAL_IDENTIFIER
SOH_UI::soh::soh::Enhancements::randomizer::randomizer_item_tracker_cpp::L1413,DisplayType.Misc,soh/soh/Enhancements/randomizer/randomizer_item_tracker.cpp,RANDOMIZER,INTERNAL_IDENTIFIER
SOH_UI::soh::soh::Enhancements::randomizer::randomizer_item_tracker_cpp::L1426,DisplayType.Greg,soh/soh/Enhancements/randomizer/randomizer_item_tracker.cpp,RANDOMIZER,INTERNAL_IDENTIFIER
SOH_UI::soh::soh::Enhancements::randomizer::randomizer_item_tracker_cpp::L1441,DisplayType.TriforcePieces,soh/soh/Enhancements/randomizer/randomizer_item_tracker.cpp,RANDOMIZER,INTERNAL_IDENTIFIER
SOH_UI::soh::soh::Enhancements::randomizer::randomizer_item_tracker_cpp::L1456,DisplayType.FishingPole,soh/soh/Enhancements/randomizer/randomizer_item_tracker.cpp,RANDOMIZER,INTERNAL_IDENTIFIER
SOH_UI::soh::soh::Enhancements::randomizer::randomizer_item_tracker_cpp::L1458,DisplayType.Misc,soh/soh/Enhancements/randomizer/randomizer_item_tracker.cpp,RANDOMIZER,INTERNAL_IDENTIFIER
SOH_UI::soh::soh::Enhancements::randomizer::randomizer_item_tracker_cpp::L1469,DisplayType.FishingPole,soh/soh/Enhancements/randomizer/randomizer_item_tracker.cpp,RANDOMIZER,INTERNAL_IDENTIFIER
SOH_UI::soh::soh::Enhancements::randomizer::randomizer_item_tracker_cpp::L1482,DisplayType.BossSouls,soh/soh/Enhancements/randomizer/randomizer_item_tracker.cpp,RANDOMIZER,INTERNAL_IDENTIFIER
SOH_UI::soh::soh::Enhancements::randomizer::randomizer_item_tracker_cpp::L1495,DisplayType.OcarinaButtons,soh/soh/Enhancements/randomizer/randomizer_item_tracker.cpp,RANDOMIZER,INTERNAL_IDENTIFIER
SOH_UI::soh::soh::Enhancements::randomizer::randomizer_item_tracker_cpp::L1508,DisplayType.OverworldKeys,soh/soh/Enhancements/randomizer/randomizer_item_tracker.cpp,RANDOMIZER,INTERNAL_IDENTIFIER
SOH_UI::soh::soh::Enhancements::randomizer::randomizer_item_tracker_cpp::L1558,IconSize,soh/soh/Enhancements/randomizer/randomizer_item_tracker.cpp,RANDOMIZER,PLAYER_FACING
SOH_UI::soh::soh::Enhancements::randomizer::randomizer_item_tracker_cpp::L1559,IconSpacing,soh/soh/Enhancements/randomizer/randomizer_item_tracker.cpp,RANDOMIZER,PLAYER_FACING
SOH_UI::soh::soh::Enhancements::randomizer::randomizer_item_tracker_cpp::L1560,ComboButton1,soh/soh/Enhancements/randomizer/randomizer_item_tracker.cpp,RANDOMIZER,PLAYER_FACING
SOH_UI::soh::soh::Enhancements::randomizer::randomizer_item_tracker_cpp::L1561,ComboButton2,soh/soh/Enhancements/randomizer/randomizer_item_tracker.cpp,RANDOMIZER,PLAYER_FACING
SOH_UI::soh::soh::Enhancements::randomizer::randomizer_item_tracker_cpp::L1566,ShowOnlyPaused,soh/soh/Enhancements/randomizer/randomizer_item_tracker.cpp,RANDOMIZER,PLAYER_FACING
SOH_UI::soh::soh::Enhancements::randomizer::randomizer_item_tracker_cpp::L1569,WindowType,soh/soh/Enhancements/randomizer/randomizer_item_tracker.cpp,RANDOMIZER,PLAYER_FACING
SOH_UI::soh::soh::Enhancements::randomizer::randomizer_item_tracker_cpp::L1571,DisplayType.Main,soh/soh/Enhancements/randomizer/randomizer_item_tracker.cpp,RANDOMIZER,INTERNAL_IDENTIFIER
SOH_UI::soh::soh::Enhancements::randomizer::randomizer_item_tracker_cpp::L1572,ItemTracker,soh/soh/Enhancements/randomizer/randomizer_item_tracker.cpp,RANDOMIZER,PLAYER_FACING
SOH_UI::soh::soh::Enhancements::randomizer::randomizer_item_tracker_cpp::L1574,DisplayType.Inventory,soh/soh/Enhancements/randomizer/randomizer_item_tracker.cpp,RANDOMIZER,INTERNAL_IDENTIFIER
SOH_UI::soh::soh::Enhancements::randomizer::randomizer_item_tracker_cpp::L1576,DisplayType.Equipment,soh/soh/Enhancements/randomizer/randomizer_item_tracker.cpp,RANDOMIZER,INTERNAL_IDENTIFIER
SOH_UI::soh::soh::Enhancements::randomizer::randomizer_item_tracker_cpp::L1578,DisplayType.Misc,soh/soh/Enhancements/randomizer/randomizer_item_tracker.cpp,RANDOMIZER,INTERNAL_IDENTIFIER
SOH_UI::soh::soh::Enhancements::randomizer::randomizer_item_tracker_cpp::L1580,DisplayType.DungeonRewards,soh/soh/Enhancements/randomizer/randomizer_item_tracker.cpp,RANDOMIZER,INTERNAL_IDENTIFIER
SOH_UI::soh::soh::Enhancements::randomizer::randomizer_item_tracker_cpp::L1582,DisplayType.Songs,soh/soh/Enhancements/randomizer/randomizer_item_tracker.cpp,RANDOMIZER,INTERNAL_IDENTIFIER
SOH_UI::soh::soh::Enhancements::randomizer::randomizer_item_tracker_cpp::L1584,DisplayType.DungeonItems,soh/soh/Enhancements/randomizer/randomizer_item_tracker.cpp,RANDOMIZER,INTERNAL_IDENTIFIER
SOH_UI::soh::soh::Enhancements::randomizer::randomizer_item_tracker_cpp::L1586,DisplayType.Greg,soh/soh/Enhancements/randomizer/randomizer_item_tracker.cpp,RANDOMIZER,INTERNAL_IDENTIFIER
SOH_UI::soh::soh::Enhancements::randomizer::randomizer_item_tracker_cpp::L1588,DisplayType.TriforcePieces,soh/soh/Enhancements/randomizer/randomizer_item_tracker.cpp,RANDOMIZER,INTERNAL_IDENTIFIER
SOH_UI::soh::soh::Enhancements::randomizer::randomizer_item_tracker_cpp::L1590,DisplayType.FishingPole,soh/soh/Enhancements/randomizer/randomizer_item_tracker.cpp,RANDOMIZER,INTERNAL_IDENTIFIER
SOH_UI::soh::soh::Enhancements::randomizer::randomizer_item_tracker_cpp::L1592,DisplayType.Notes,soh/soh/Enhancements/randomizer/randomizer_item_tracker.cpp,RANDOMIZER,INTERNAL_IDENTIFIER
SOH_UI::soh::soh::Enhancements::randomizer::randomizer_item_tracker_cpp::L1597,DisplayType.Notes,soh/soh/Enhancements/randomizer/randomizer_item_tracker.cpp,RANDOMIZER,INTERNAL_IDENTIFIER
SOH_UI::soh::soh::Enhancements::randomizer::randomizer_item_tracker_cpp::L1604,DisplayType.Inventory,soh/soh/Enhancements/randomizer/randomizer_item_tracker.cpp,RANDOMIZER,INTERNAL_IDENTIFIER
SOH_UI::soh::soh::Enhancements::randomizer::randomizer_item_tracker_cpp::L1611,DisplayType.Equipment,soh/soh/Enhancements/randomizer/randomizer_item_tracker.cpp,RANDOMIZER,INTERNAL_IDENTIFIER
SOH_UI::soh::soh::Enhancements::randomizer::randomizer_item_tracker_cpp::L1618,DisplayType.Misc,soh/soh/Enhancements/randomizer/randomizer_item_tracker.cpp,RANDOMIZER,INTERNAL_IDENTIFIER
SOH_UI::soh::soh::Enhancements::randomizer::randomizer_item_tracker_cpp::L1625,DisplayType.DungeonRewards,soh/soh/Enhancements/randomizer/randomizer_item_tracker.cpp,RANDOMIZER,INTERNAL_IDENTIFIER
SOH_UI::soh::soh::Enhancements::randomizer::randomizer_item_tracker_cpp::L1628,DungeonRewardsLayout,soh/soh/Enhancements/randomizer/randomizer_item_tracker.cpp,RANDOMIZER,PLAYER_FACING
SOH_UI::soh::soh::Enhancements::randomizer::randomizer_item_tracker_cpp::L1641,DisplayType.Songs,soh/soh/Enhancements/randomizer/randomizer_item_tracker.cpp,RANDOMIZER,INTERNAL_IDENTIFIER
SOH_UI::soh::soh::Enhancements::randomizer::randomizer_item_tracker_cpp::L1648,DisplayType.DungeonItems,soh/soh/Enhancements/randomizer/randomizer_item_tracker.cpp,RANDOMIZER,INTERNAL_IDENTIFIER
SOH_UI::soh::soh::Enhancements::randomizer::randomizer_item_tracker_cpp::L1651,DungeonItems.Layout,soh/soh/Enhancements/randomizer/randomizer_item_tracker.cpp,RANDOMIZER,INTERNAL_IDENTIFIER
SOH_UI::soh::soh::Enhancements::randomizer::randomizer_item_tracker_cpp::L1652,DungeonItems.DisplayMaps,soh/soh/Enhancements/randomizer/randomizer_item_tracker.cpp,RANDOMIZER,INTERNAL_IDENTIFIER
SOH_UI::soh::soh::Enhancements::randomizer::randomizer_item_tracker_cpp::L1663,DisplayType.Greg,soh/soh/Enhancements/randomizer/randomizer_item_tracker.cpp,RANDOMIZER,INTERNAL_IDENTIFIER
SOH_UI::soh::soh::Enhancements::randomizer::randomizer_item_tracker_cpp::L1670,DisplayType.TriforcePieces,soh/soh/Enhancements/randomizer/randomizer_item_tracker.cpp,RANDOMIZER,INTERNAL_IDENTIFIER
SOH_UI::soh::soh::Enhancements::randomizer::randomizer_item_tracker_cpp::L1677,DisplayType.BossSouls,soh/soh/Enhancements/randomizer/randomizer_item_tracker.cpp,RANDOMIZER,INTERNAL_IDENTIFIER
SOH_UI::soh::soh::Enhancements::randomizer::randomizer_item_tracker_cpp::L1684,DisplayType.OcarinaButtons,soh/soh/Enhancements/randomizer/randomizer_item_tracker.cpp,RANDOMIZER,INTERNAL_IDENTIFIER
SOH_UI::soh::soh::Enhancements::randomizer::randomizer_item_tracker_cpp::L1691,DisplayType.OverworldKeys,soh/soh/Enhancements/randomizer/randomizer_item_tracker.cpp,RANDOMIZER,INTERNAL_IDENTIFIER
SOH_UI::soh::soh::Enhancements::randomizer::randomizer_item_tracker_cpp::L1698,DisplayType.FishingPole,soh/soh/Enhancements/randomizer/randomizer_item_tracker.cpp,RANDOMIZER,INTERNAL_IDENTIFIER
SOH_UI::soh::soh::Enhancements::randomizer::randomizer_item_tracker_cpp::L1705,DisplayType.Notes,soh/soh/Enhancements/randomizer/randomizer_item_tracker.cpp,RANDOMIZER,INTERNAL_IDENTIFIER
SOH_UI::soh::soh::Enhancements::randomizer::randomizer_item_tracker_cpp::L1707,WindowType,soh/soh/Enhancements/randomizer/randomizer_item_tracker.cpp,RANDOMIZER,PLAYER_FACING
SOH_UI::soh::soh::Enhancements::randomizer::randomizer_item_tracker_cpp::L1708,WindowType,soh/soh/Enhancements/randomizer/randomizer_item_tracker.cpp,RANDOMIZER,PLAYER_FACING
SOH_UI::soh::soh::Enhancements::randomizer::randomizer_item_tracker_cpp::L1709,DisplayType.Main,soh/soh/Enhancements/randomizer/randomizer_item_tracker.cpp,RANDOMIZER,INTERNAL_IDENTIFIER
SOH_UI::soh::soh::Enhancements::randomizer::randomizer_item_tracker_cpp::L1748,Floating,soh/soh/Enhancements/randomizer/randomizer_item_tracker.cpp,RANDOMIZER,PLAYER_FACING
SOH_UI::soh::soh::Enhancements::randomizer::randomizer_item_tracker_cpp::L1749,Window,soh/soh/Enhancements/randomizer/randomizer_item_tracker.cpp,RANDOMIZER,PLAYER_FACING
SOH_UI::soh::soh::Enhancements::randomizer::randomizer_item_tracker_cpp::L1752,Always,soh/soh/Enhancements/randomizer/randomizer_item_tracker.cpp,RANDOMIZER,PLAYER_FACING
SOH_UI::soh::soh::Enhancements::randomizer::randomizer_item_tracker_cpp::L1757,C-Up,soh/soh/Enhancements/randomizer/randomizer_item_tracker.cpp,RANDOMIZER,PLAYER_FACING
SOH_UI::soh::soh::Enhancements::randomizer::randomizer_item_tracker_cpp::L1757,C-Down,soh/soh/Enhancements/randomizer/randomizer_item_tracker.cpp,RANDOMIZER,PLAYER_FACING
SOH_UI::soh::soh::Enhancements::randomizer::randomizer_item_tracker_cpp::L1758,C-Left,soh/soh/Enhancements/randomizer/randomizer_item_tracker.cpp,RANDOMIZER,PLAYER_FACING
SOH_UI::soh::soh::Enhancements::randomizer::randomizer_item_tracker_cpp::L1758,C-Right,soh/soh/Enhancements/randomizer/randomizer_item_tracker.cpp,RANDOMIZER,PLAYER_FACING
SOH_UI::soh::soh::Enhancements::randomizer::randomizer_item_tracker_cpp::L1760,Start,soh/soh/Enhancements/randomizer/randomizer_item_tracker.cpp,RANDOMIZER,PLAYER_FACING
SOH_UI::soh::soh::Enhancements::randomizer::randomizer_item_tracker_cpp::L1761,D-Up,soh/soh/Enhancements/randomizer/randomizer_item_tracker.cpp,RANDOMIZER,PLAYER_FACING
SOH_UI::soh::soh::Enhancements::randomizer::randomizer_item_tracker_cpp::L1761,D-Down,soh/soh/Enhancements/randomizer/randomizer_item_tracker.cpp,RANDOMIZER,PLAYER_FACING
SOH_UI::soh::soh::Enhancements::randomizer::randomizer_item_tracker_cpp::L1762,D-Left,soh/soh/Enhancements/randomizer/randomizer_item_tracker.cpp,RANDOMIZER,PLAYER_FACING
SOH_UI::soh::soh::Enhancements::randomizer::randomizer_item_tracker_cpp::L1762,D-Right,soh/soh/Enhancements/randomizer/randomizer_item_tracker.cpp,RANDOMIZER,PLAYER_FACING
SOH_UI::soh::soh::Enhancements::randomizer::randomizer_item_tracker_cpp::L1765,Hidden,soh/soh/Enhancements/randomizer/randomizer_item_tracker.cpp,RANDOMIZER,PLAYER_FACING
SOH_UI::soh::soh::Enhancements::randomizer::randomizer_item_tracker_cpp::L1767,Separate,soh/soh/Enhancements/randomizer/randomizer_item_tracker.cpp,RANDOMIZER,PLAYER_FACING
SOH_UI::soh::soh::Enhancements::randomizer::randomizer_item_tracker_cpp::L1770,Hidden,soh/soh/Enhancements/randomizer/randomizer_item_tracker.cpp,RANDOMIZER,PLAYER_FACING
SOH_UI::soh::soh::Enhancements::randomizer::randomizer_item_tracker_cpp::L1773,Separate,soh/soh/Enhancements/randomizer/randomizer_item_tracker.cpp,RANDOMIZER,PLAYER_FACING
SOH_UI::soh::soh::Enhancements::randomizer::randomizer_item_tracker_cpp::L1776,Hidden,soh/soh/Enhancements/randomizer/randomizer_item_tracker.cpp,RANDOMIZER,PLAYER_FACING
SOH_UI::soh::soh::Enhancements::randomizer::randomizer_item_tracker_cpp::L1776,Separate,soh/soh/Enhancements/randomizer/randomizer_item_tracker.cpp,RANDOMIZER,PLAYER_FACING
SOH_UI::soh::soh::Enhancements::randomizer::randomizer_item_tracker_cpp::L1792,WindowType,soh/soh/Enhancements/randomizer/randomizer_item_tracker.cpp,RANDOMIZER,PLAYER_FACING
SOH_UI::soh::soh::Enhancements::randomizer::randomizer_item_tracker_cpp::L1793,Draggable,soh/soh/Enhancements/randomizer/randomizer_item_tracker.cpp,RANDOMIZER,PLAYER_FACING
SOH_UI::soh::soh::Enhancements::randomizer::randomizer_item_tracker_cpp::L1796,ShowOnlyPaused,soh/soh/Enhancements/randomizer/randomizer_item_tracker.cpp,RANDOMIZER,PLAYER_FACING
SOH_UI::soh::soh::Enhancements::randomizer::randomizer_item_tracker_cpp::L1800,DisplayType.Main,soh/soh/Enhancements/randomizer/randomizer_item_tracker.cpp,RANDOMIZER,INTERNAL_IDENTIFIER
SOH_UI::soh::soh::Enhancements::randomizer::randomizer_item_tracker_cpp::L1808,DisplayType.Main,soh/soh/Enhancements/randomizer/randomizer_item_tracker.cpp,RANDOMIZER,INTERNAL_IDENTIFIER
SOH_UI::soh::soh::Enhancements::randomizer::randomizer_item_tracker_cpp::L1810,ComboButton1,soh/soh/Enhancements/randomizer/randomizer_item_tracker.cpp,RANDOMIZER,PLAYER_FACING
SOH_UI::soh::soh::Enhancements::randomizer::randomizer_item_tracker_cpp::L1818,ComboButton2,soh/soh/Enhancements/randomizer/randomizer_item_tracker.cpp,RANDOMIZER,PLAYER_FACING
SOH_UI::soh::soh::Enhancements::randomizer::randomizer_item_tracker_cpp::L1829,IconSize,soh/soh/Enhancements/randomizer/randomizer_item_tracker.cpp,RANDOMIZER,PLAYER_FACING
SOH_UI::soh::soh::Enhancements::randomizer::randomizer_item_tracker_cpp::L1831,IconSpacing,soh/soh/Enhancements/randomizer/randomizer_item_tracker.cpp,RANDOMIZER,PLAYER_FACING
SOH_UI::soh::soh::Enhancements::randomizer::randomizer_item_tracker_cpp::L1833,TextSize,soh/soh/Enhancements/randomizer/randomizer_item_tracker.cpp,RANDOMIZER,PLAYER_FACING
SOH_UI::soh::soh::Enhancements::randomizer::randomizer_item_tracker_cpp::L1838,ItemCountType,soh/soh/Enhancements/randomizer/randomizer_item_tracker.cpp,RANDOMIZER,PLAYER_FACING
SOH_UI::soh::soh::Enhancements::randomizer::randomizer_item_tracker_cpp::L1840,ItemCountType,soh/soh/Enhancements/randomizer/randomizer_item_tracker.cpp,RANDOMIZER,PLAYER_FACING
SOH_UI::soh::soh::Enhancements::randomizer::randomizer_item_tracker_cpp::L1842,ItemCountAlignLeft,soh/soh/Enhancements/randomizer/randomizer_item_tracker.cpp,RANDOMIZER,PLAYER_FACING
SOH_UI::soh::soh::Enhancements::randomizer::randomizer_item_tracker_cpp::L1853,Inventory,soh/soh/Enhancements/randomizer/randomizer_item_tracker.cpp,RANDOMIZER,PLAYER_FACING
SOH_UI::soh::soh::Enhancements::randomizer::randomizer_item_tracker_cpp::L1853,DisplayType.Inventory,soh/soh/Enhancements/randomizer/randomizer_item_tracker.cpp,RANDOMIZER,INTERNAL_IDENTIFIER
SOH_UI::soh::soh::Enhancements::randomizer::randomizer_item_tracker_cpp::L1861,Equipment,soh/soh/Enhancements/randomizer/randomizer_item_tracker.cpp,RANDOMIZER,PLAYER_FACING
SOH_UI::soh::soh::Enhancements::randomizer::randomizer_item_tracker_cpp::L1861,DisplayType.Equipment,soh/soh/Enhancements/randomizer/randomizer_item_tracker.cpp,RANDOMIZER,INTERNAL_IDENTIFIER
SOH_UI::soh::soh::Enhancements::randomizer::randomizer_item_tracker_cpp::L1869,Misc,soh/soh/Enhancements/randomizer/randomizer_item_tracker.cpp,RANDOMIZER,PLAYER_FACING
SOH_UI::soh::soh::Enhancements::randomizer::randomizer_item_tracker_cpp::L1869,DisplayType.Misc,soh/soh/Enhancements/randomizer/randomizer_item_tracker.cpp,RANDOMIZER,INTERNAL_IDENTIFIER
SOH_UI::soh::soh::Enhancements::randomizer::randomizer_item_tracker_cpp::L1877,DisplayType.DungeonRewards,soh/soh/Enhancements/randomizer/randomizer_item_tracker.cpp,RANDOMIZER,INTERNAL_IDENTIFIER
SOH_UI::soh::soh::Enhancements::randomizer::randomizer_item_tracker_cpp::L1885,DisplayType.DungeonRewards,soh/soh/Enhancements/randomizer/randomizer_item_tracker.cpp,RANDOMIZER,INTERNAL_IDENTIFIER
SOH_UI::soh::soh::Enhancements::randomizer::randomizer_item_tracker_cpp::L1887,DungeonRewardsLayout,soh/soh/Enhancements/randomizer/randomizer_item_tracker.cpp,RANDOMIZER,PLAYER_FACING
SOH_UI::soh::soh::Enhancements::randomizer::randomizer_item_tracker_cpp::L1892,Songs,soh/soh/Enhancements/randomizer/randomizer_item_tracker.cpp,RANDOMIZER,PLAYER_FACING
SOH_UI::soh::soh::Enhancements::randomizer::randomizer_item_tracker_cpp::L1892,DisplayType.Songs,soh/soh/Enhancements/randomizer/randomizer_item_tracker.cpp,RANDOMIZER,INTERNAL_IDENTIFIER
SOH_UI::soh::soh::Enhancements::randomizer::randomizer_item_tracker_cpp::L1901,DisplayType.DungeonItems,soh/soh/Enhancements/randomizer/randomizer_item_tracker.cpp,RANDOMIZER,INTERNAL_IDENTIFIER
SOH_UI::soh::soh::Enhancements::randomizer::randomizer_item_tracker_cpp::L1903,DisplayType.DungeonItems,soh/soh/Enhancements/randomizer/randomizer_item_tracker.cpp,RANDOMIZER,INTERNAL_IDENTIFIER
SOH_UI::soh::soh::Enhancements::randomizer::randomizer_item_tracker_cpp::L1905,DungeonItems.Layout,soh/soh/Enhancements/randomizer/randomizer_item_tracker.cpp,RANDOMIZER,INTERNAL_IDENTIFIER
SOH_UI::soh::soh::Enhancements::randomizer::randomizer_item_tracker_cpp::L1910,DungeonItems.DisplayMaps,soh/soh/Enhancements/randomizer/randomizer_item_tracker.cpp,RANDOMIZER,INTERNAL_IDENTIFIER
SOH_UI::soh::soh::Enhancements::randomizer::randomizer_item_tracker_cpp::L1922,TotalChecks.DisplayType,soh/soh/Enhancements/randomizer/randomizer_item_tracker.cpp,RANDOMIZER,INTERNAL_IDENTIFIER
SOH_UI::soh::soh::Enhancements::randomizer::randomizer_item_tracker_cpp::L1954,BgColor,soh/soh/Enhancements/randomizer/randomizer_item_tracker.cpp,RANDOMIZER,PLAYER_FACING
SOH_UI::soh::soh::Enhancements::randomizer::randomizer_item_tracker_cpp::L1957,Randomizer,soh/soh/Enhancements/randomizer/randomizer_item_tracker.cpp,RANDOMIZER,PLAYER_FACING
SOH_UI::soh::soh::Enhancements::randomizer::randomizer_item_tracker_cpp::L1960,WindowType,soh/soh/Enhancements/randomizer/randomizer_item_tracker.cpp,RANDOMIZER,PLAYER_FACING
SOH_UI::soh::soh::Enhancements::randomizer::randomizer_item_tracker_cpp::L1968,Randomizer,soh/soh/Enhancements/randomizer/randomizer_item_tracker.cpp,RANDOMIZER,PLAYER_FACING
SOH_UI::soh::soh::Enhancements::randomizer::randomizer_item_tracker_cpp::L1973,ItemCountType,soh/soh/Enhancements/randomizer/randomizer_item_tracker.cpp,RANDOMIZER,PLAYER_FACING
SOH_UI::soh::soh::Enhancements::randomizer::randomizer_item_tracker_cpp::L1982,Randomizer,soh/soh/Enhancements/randomizer/randomizer_item_tracker.cpp,RANDOMIZER,PLAYER_FACING
SOH_UI::soh::soh::Enhancements::randomizer::randomizer_item_tracker_cpp::L1985,KeyCounts,soh/soh/Enhancements/randomizer/randomizer_item_tracker.cpp,RANDOMIZER,PLAYER_FACING
SOH_UI::soh::soh::Enhancements::randomizer::randomizer_item_tracker_cpp::L1993,Randomizer,soh/soh/Enhancements/randomizer/randomizer_item_tracker.cpp,RANDOMIZER,PLAYER_FACING
SOH_UI::soh::soh::Enhancements::randomizer::randomizer_item_tracker_cpp::L1996,DisplayType.TriforcePieces,soh/soh/Enhancements/randomizer/randomizer_item_tracker.cpp,RANDOMIZER,INTERNAL_IDENTIFIER
SOH_UI::soh::soh::Enhancements::randomizer::randomizer_item_tracker_cpp::L2004,Randomizer,soh/soh/Enhancements/randomizer/randomizer_item_tracker.cpp,RANDOMIZER,PLAYER_FACING
SOH_UI::soh::soh::Enhancements::randomizer::randomizer_item_tracker_cpp::L2007,DisplayType.DungeonItems,soh/soh/Enhancements/randomizer/randomizer_item_tracker.cpp,RANDOMIZER,INTERNAL_IDENTIFIER
SOH_UI::soh::soh::Enhancements::randomizer::randomizer_item_tracker_cpp::L2017,Randomizer,soh/soh/Enhancements/randomizer/randomizer_item_tracker.cpp,RANDOMIZER,PLAYER_FACING
SOH_UI::soh::soh::Enhancements::randomizer::randomizer_item_tracker_cpp::L2019,Greg,soh/soh/Enhancements/randomizer/randomizer_item_tracker.cpp,RANDOMIZER,PLAYER_FACING
SOH_UI::soh::soh::Enhancements::randomizer::randomizer_item_tracker_cpp::L2020,DisplayType.Greg,soh/soh/Enhancements/randomizer/randomizer_item_tracker.cpp,RANDOMIZER,INTERNAL_IDENTIFIER
SOH_UI::soh::soh::Enhancements::randomizer::randomizer_item_tracker_cpp::L2029,Randomizer,soh/soh/Enhancements/randomizer/randomizer_item_tracker.cpp,RANDOMIZER,PLAYER_FACING
SOH_UI::soh::soh::Enhancements::randomizer::randomizer_item_tracker_cpp::L2032,DisplayType.BossSouls,soh/soh/Enhancements/randomizer/randomizer_item_tracker.cpp,RANDOMIZER,INTERNAL_IDENTIFIER
SOH_UI::soh::soh::Enhancements::randomizer::randomizer_item_tracker_cpp::L2041,Randomizer,soh/soh/Enhancements/randomizer/randomizer_item_tracker.cpp,RANDOMIZER,PLAYER_FACING
SOH_UI::soh::soh::Enhancements::randomizer::randomizer_item_tracker_cpp::L2044,TriforcePieceCounts,soh/soh/Enhancements/randomizer/randomizer_item_tracker.cpp,RANDOMIZER,PLAYER_FACING
SOH_UI::soh::soh::Enhancements::randomizer::randomizer_item_tracker_cpp::L2052,Randomizer,soh/soh/Enhancements/randomizer/randomizer_item_tracker.cpp,RANDOMIZER,PLAYER_FACING
SOH_UI::soh::soh::Enhancements::randomizer::randomizer_item_tracker_cpp::L2055,DisplayType.OcarinaButtons,soh/soh/Enhancements/randomizer/randomizer_item_tracker.cpp,RANDOMIZER,INTERNAL_IDENTIFIER
SOH_UI::soh::soh::Enhancements::randomizer::randomizer_item_tracker_cpp::L2065,Randomizer,soh/soh/Enhancements/randomizer/randomizer_item_tracker.cpp,RANDOMIZER,PLAYER_FACING
SOH_UI::soh::soh::Enhancements::randomizer::randomizer_item_tracker_cpp::L2068,DisplayType.OverworldKeys,soh/soh/Enhancements/randomizer/randomizer_item_tracker.cpp,RANDOMIZER,INTERNAL_IDENTIFIER
SOH_UI::soh::soh::Enhancements::randomizer::randomizer_item_tracker_cpp::L2078,Randomizer,soh/soh/Enhancements/randomizer/randomizer_item_tracker.cpp,RANDOMIZER,PLAYER_FACING
SOH_UI::soh::soh::Enhancements::randomizer::randomizer_item_tracker_cpp::L2081,DisplayType.FishingPole,soh/soh/Enhancements/randomizer/randomizer_item_tracker.cpp,RANDOMIZER,INTERNAL_IDENTIFIER
SOH_UI::soh::soh::Enhancements::randomizer::randomizer_item_tracker_cpp::L2091,Randomizer,soh/soh/Enhancements/randomizer/randomizer_item_tracker.cpp,RANDOMIZER,PLAYER_FACING
SOH_UI::soh::soh::Enhancements::randomizer::randomizer_item_tracker_cpp::L2096,DisplayType.Notes,soh/soh/Enhancements/randomizer/randomizer_item_tracker.cpp,RANDOMIZER,INTERNAL_IDENTIFIER
SOH_UI::soh::soh::Enhancements::randomizer::randomizer_item_tracker_cpp::L2104,WindowType,soh/soh/Enhancements/randomizer/randomizer_item_tracker.cpp,RANDOMIZER,PLAYER_FACING
SOH_UI::soh::soh::Enhancements::randomizer::randomizer_item_tracker_cpp::L2105,DisplayType.Main,soh/soh/Enhancements/randomizer/randomizer_item_tracker.cpp,RANDOMIZER,INTERNAL_IDENTIFIER
SOH_UI::soh::soh::Enhancements::randomizer::randomizer_item_tracker_cpp::L2113,Randomizer,soh/soh/Enhancements/randomizer/randomizer_item_tracker.cpp,RANDOMIZER,PLAYER_FACING
SOH_UI::soh::soh::Enhancements::randomizer::randomizer_item_tracker_cpp::L2116,HookshotIdentifier,soh/soh/Enhancements/randomizer/randomizer_item_tracker.cpp,RANDOMIZER,PLAYER_FACING
SOH_UI::soh::soh::Enhancements::randomizer::randomizer_item_tracker_cpp::L2120,Randomizer,soh/soh/Enhancements/randomizer/randomizer_item_tracker.cpp,RANDOMIZER,PLAYER_FACING
SOH_UI::soh::soh::Enhancements::randomizer::option_descriptions_cpp::L192,Full\,soh/soh/Enhancements/randomizer/option_descriptions.cpp,RANDOMIZER,PLAYER_FACING
SOH_UI::soh::soh::Enhancements::randomizer::option_descriptions_cpp::L467,D-pad.\n,soh/soh/Enhancements/randomizer/option_descriptions.cpp,RANDOMIZER,INTERNAL_IDENTIFIER
SOH_UI::soh::soh::Enhancements::randomizer::option_descriptions_cpp::L604,Tokens.,soh/soh/Enhancements/randomizer/option_descriptions.cpp,RANDOMIZER,INTERNAL_IDENTIFIER
ACCESSIBILITY::filechoose_eng::file1,File 1,accessibility/texts/filechoose_eng.json,SYSTEM,PLAYER_FACING
ACCESSIBILITY::filechoose_eng::file2,File 2,accessibility/texts/filechoose_eng.json,SYSTEM,PLAYER_FACING
ACCESSIBILITY::filechoose_eng::file3,File 3,accessibility/texts/filechoose_eng.json,SYSTEM,PLAYER_FACING
ACCESSIBILITY::filechoose_eng::options,Options,accessibility/texts/filechoose_eng.json,SYSTEM,PLAYER_FACING
ACCESSIBILITY::filechoose_eng::copy,Copy,accessibility/texts/filechoose_eng.json,SYSTEM,PLAYER_FACING
ACCESSIBILITY::filechoose_eng::erase,Erase,accessibility/texts/filechoose_eng.json,SYSTEM,PLAYER_FACING
ACCESSIBILITY::filechoose_eng::quit,Quit,accessibility/texts/filechoose_eng.json,SYSTEM,PLAYER_FACING
ACCESSIBILITY::filechoose_eng::confirm,Yes,accessibility/texts/filechoose_eng.json,SYSTEM,PLAYER_FACING
ACCESSIBILITY::filechoose_eng::end,End,accessibility/texts/filechoose_eng.json,SYSTEM,PLAYER_FACING
ACCESSIBILITY::filechoose_eng::hyphen,Hyphen,accessibility/texts/filechoose_eng.json,SYSTEM,PLAYER_FACING
ACCESSIBILITY::filechoose_eng::period,Period,accessibility/texts/filechoose_eng.json,SYSTEM,PLAYER_FACING
ACCESSIBILITY::filechoose_eng::space,Space,accessibility/texts/filechoose_eng.json,SYSTEM,PLAYER_FACING
ACCESSIBILITY::filechoose_eng::backspace,Backspace,accessibility/texts/filechoose_eng.json,SYSTEM,PLAYER_FACING
ACCESSIBILITY::filechoose_eng::capital_letter,Capital $0,accessibility/texts/filechoose_eng.json,SYSTEM,PLAYER_FACING
ACCESSIBILITY::filechoose_eng::audio_stereo,Sound - Stereo,accessibility/texts/filechoose_eng.json,SYSTEM,PLAYER_FACING
ACCESSIBILITY::filechoose_eng::audio_mono,Sound - Mono,accessibility/texts/filechoose_eng.json,SYSTEM,PLAYER_FACING
ACCESSIBILITY::filechoose_eng::audio_headset,Sound - Headset,accessibility/texts/filechoose_eng.json,SYSTEM,PLAYER_FACING
ACCESSIBILITY::filechoose_eng::audio_surround,Sound - Surround,accessibility/texts/filechoose_eng.json,SYSTEM,PLAYER_FACING
ACCESSIBILITY::filechoose_eng::target_switch,Targeting Mode - Switch,accessibility/texts/filechoose_eng.json,SYSTEM,PLAYER_FACING
ACCESSIBILITY::filechoose_eng::target_hold,Targeting Mode - Hold,accessibility/texts/filechoose_eng.json,SYSTEM,PLAYER_FACING
ACCESSIBILITY::filechoose_eng::language_english,Language - English,accessibility/texts/filechoose_eng.json,SYSTEM,PLAYER_FACING
ACCESSIBILITY::filechoose_eng::language_german,Language - German,accessibility/texts/filechoose_eng.json,SYSTEM,PLAYER_FACING
ACCESSIBILITY::filechoose_eng::language_french,Language - French,accessibility/texts/filechoose_eng.json,SYSTEM,PLAYER_FACING
ACCESSIBILITY::filechoose_eng::quest_sel_vanilla,Quest - Original,accessibility/texts/filechoose_eng.json,SYSTEM,PLAYER_FACING
ACCESSIBILITY::filechoose_eng::quest_sel_mq,Quest - Master Quest,accessibility/texts/filechoose_eng.json,SYSTEM,PLAYER_FACING
ACCESSIBILITY::filechoose_eng::quest_sel_randomizer,Quest - Randomizer,accessibility/texts/filechoose_eng.json,SYSTEM,PLAYER_FACING
ACCESSIBILITY::filechoose_eng::quest_sel_boss_rush,Quest - Boss Rush,accessibility/texts/filechoose_eng.json,SYSTEM,PLAYER_FACING
ACCESSIBILITY::misc_eng::minutes_plural,$0 minutes,accessibility/texts/misc_eng.json,SYSTEM,PLAYER_FACING
ACCESSIBILITY::misc_eng::minutes_singular,$0 minute,accessibility/texts/misc_eng.json,SYSTEM,PLAYER_FACING
ACCESSIBILITY::misc_eng::seconds_plural,$0 seconds,accessibility/texts/misc_eng.json,SYSTEM,PLAYER_FACING
ACCESSIBILITY::misc_eng::seconds_singular,$0 second,accessibility/texts/misc_eng.json,SYSTEM,PLAYER_FACING
ACCESSIBILITY::misc_eng::input_button_a,the A button,accessibility/texts/misc_eng.json,SYSTEM,PLAYER_FACING
ACCESSIBILITY::misc_eng::input_button_b,the B button,accessibility/texts/misc_eng.json,SYSTEM,PLAYER_FACING
ACCESSIBILITY::misc_eng::input_button_c,the C button,accessibility/texts/misc_eng.json,SYSTEM,PLAYER_FACING
ACCESSIBILITY::misc_eng::input_button_l,the L button,accessibility/texts/misc_eng.json,SYSTEM,PLAYER_FACING
ACCESSIBILITY::misc_eng::input_button_r,the R button,accessibility/texts/misc_eng.json,SYSTEM,PLAYER_FACING
ACCESSIBILITY::misc_eng::input_button_z,the Z button,accessibility/texts/misc_eng.json,SYSTEM,PLAYER_FACING
ACCESSIBILITY::misc_eng::input_button_c_up,C Up,accessibility/texts/misc_eng.json,SYSTEM,PLAYER_FACING
ACCESSIBILITY::misc_eng::input_button_c_down,C Down,accessibility/texts/misc_eng.json,SYSTEM,PLAYER_FACING
ACCESSIBILITY::misc_eng::input_button_c_left,C Left,accessibility/texts/misc_eng.json,SYSTEM,PLAYER_FACING
ACCESSIBILITY::misc_eng::input_button_c_right,C Right,accessibility/texts/misc_eng.json,SYSTEM,PLAYER_FACING
ACCESSIBILITY::misc_eng::input_analog_stick,the Analog Stick,accessibility/texts/misc_eng.json,SYSTEM,PLAYER_FACING
ACCESSIBILITY::misc_eng::input_d_pad,the D-Pad,accessibility/texts/misc_eng.json,SYSTEM,PLAYER_FACING
ACCESSIBILITY::misc_eng::input_d_pad_up,D-Pad Up,accessibility/texts/misc_eng.json,SYSTEM,PLAYER_FACING
ACCESSIBILITY::misc_eng::input_d_pad_down,D-Pad Down,accessibility/texts/misc_eng.json,SYSTEM,PLAYER_FACING
ACCESSIBILITY::misc_eng::input_d_pad_left,D-Pad Left,accessibility/texts/misc_eng.json,SYSTEM,PLAYER_FACING
ACCESSIBILITY::misc_eng::input_d_pad_right,D-Pad Right,accessibility/texts/misc_eng.json,SYSTEM,PLAYER_FACING
ACCESSIBILITY::misc_eng::yes,Yes,accessibility/texts/misc_eng.json,SYSTEM,PLAYER_FACING
ACCESSIBILITY::misc_eng::no,No,accessibility/texts/misc_eng.json,SYSTEM,PLAYER_FACING
ACCESSIBILITY::kaleidoscope_ger::health,Energie - $0 Herzen,accessibility/texts/kaleidoscope_ger.json,SYSTEM,FALSE_POSITIVE
ACCESSIBILITY::kaleidoscope_ger::magic,Magie - $0,accessibility/texts/kaleidoscope_ger.json,SYSTEM,FALSE_POSITIVE
ACCESSIBILITY::kaleidoscope_ger::rupees,Rubine - $0,accessibility/texts/kaleidoscope_ger.json,SYSTEM,FALSE_POSITIVE
ACCESSIBILITY::kaleidoscope_ger::keys,Schlüssel - $0,accessibility/texts/kaleidoscope_ger.json,SYSTEM,FALSE_POSITIVE
ACCESSIBILITY::kaleidoscope_ger::floor,Etage $0,accessibility/texts/kaleidoscope_ger.json,SYSTEM,FALSE_POSITIVE
ACCESSIBILITY::kaleidoscope_ger::basement,Keller $0,accessibility/texts/kaleidoscope_ger.json,SYSTEM,FALSE_POSITIVE
ACCESSIBILITY::kaleidoscope_ger::item_menu,Gegenstände,accessibility/texts/kaleidoscope_ger.json,SYSTEM,FALSE_POSITIVE
ACCESSIBILITY::kaleidoscope_ger::map_menu,Karte - $0,accessibility/texts/kaleidoscope_ger.json,SYSTEM,FALSE_POSITIVE
ACCESSIBILITY::kaleidoscope_ger::quest_menu,Quest Status,accessibility/texts/kaleidoscope_ger.json,SYSTEM,FALSE_POSITIVE
ACCESSIBILITY::kaleidoscope_ger::equip_menu,Ausrüstung,accessibility/texts/kaleidoscope_ger.json,SYSTEM,FALSE_POSITIVE
ACCESSIBILITY::kaleidoscope_ger::overworld,Überwelt,accessibility/texts/kaleidoscope_ger.json,SYSTEM,FALSE_POSITIVE
ACCESSIBILITY::kaleidoscope_ger::equipped,$0 - Ausgerüstet,accessibility/texts/kaleidoscope_ger.json,SYSTEM,FALSE_POSITIVE
ACCESSIBILITY::kaleidoscope_ger::save_prompt,Spielstand sichern ?,accessibility/texts/kaleidoscope_ger.json,SYSTEM,FALSE_POSITIVE
ACCESSIBILITY::kaleidoscope_ger::game_saved,Spielstand gesichert,accessibility/texts/kaleidoscope_ger.json,SYSTEM,FALSE_POSITIVE
ACCESSIBILITY::kaleidoscope_ger::game_over,Game Over,accessibility/texts/kaleidoscope_ger.json,SYSTEM,FALSE_POSITIVE
ACCESSIBILITY::kaleidoscope_ger::continue_game,Spiel fortsetzen ?,accessibility/texts/kaleidoscope_ger.json,SYSTEM,FALSE_POSITIVE
ACCESSIBILITY::kaleidoscope_ger::assigned_to,$0 zugeordnet,accessibility/texts/kaleidoscope_ger.json,SYSTEM,FALSE_POSITIVE
ACCESSIBILITY::kaleidoscope_ger::0,Deku-Stab - $0,accessibility/texts/kaleidoscope_ger.json,SYSTEM,FALSE_POSITIVE
ACCESSIBILITY::kaleidoscope_ger::1,Deku-Nuß - $0,accessibility/texts/kaleidoscope_ger.json,SYSTEM,FALSE_POSITIVE
ACCESSIBILITY::kaleidoscope_ger::2,Bombe - $0,accessibility/texts/kaleidoscope_ger.json,SYSTEM,FALSE_POSITIVE
ACCESSIBILITY::kaleidoscope_ger::3,Feen-Bogen - $0,accessibility/texts/kaleidoscope_ger.json,SYSTEM,FALSE_POSITIVE
ACCESSIBILITY::kaleidoscope_ger::4,Feuer-Pfeil,accessibility/texts/kaleidoscope_ger.json,SYSTEM,FALSE_POSITIVE
ACCESSIBILITY::kaleidoscope_ger::5,Dins Feuerinferno,accessibility/texts/kaleidoscope_ger.json,SYSTEM,FALSE_POSITIVE
ACCESSIBILITY::kaleidoscope_ger::6,Feen-Schleuder - $0,accessibility/texts/kaleidoscope_ger.json,SYSTEM,FALSE_POSITIVE
ACCESSIBILITY::kaleidoscope_ger::7,Feen-Okarina,accessibility/texts/kaleidoscope_ger.json,SYSTEM,FALSE_POSITIVE
ACCESSIBILITY::kaleidoscope_ger::8,Okarina der Zeit,accessibility/texts/kaleidoscope_ger.json,SYSTEM,FALSE_POSITIVE
ACCESSIBILITY::kaleidoscope_ger::9,Krabbelmine - $0,accessibility/texts/kaleidoscope_ger.json,SYSTEM,FALSE_POSITIVE
ACCESSIBILITY::kaleidoscope_ger::10,Fanghaken,accessibility/texts/kaleidoscope_ger.json,SYSTEM,FALSE_POSITIVE
ACCESSIBILITY::kaleidoscope_ger::11,Enterhaken,accessibility/texts/kaleidoscope_ger.json,SYSTEM,FALSE_POSITIVE
ACCESSIBILITY::kaleidoscope_ger::12,Eis-Pfeil,accessibility/texts/kaleidoscope_ger.json,SYSTEM,FALSE_POSITIVE
ACCESSIBILITY::kaleidoscope_ger::13,Farores Donnersturm,accessibility/texts/kaleidoscope_ger.json,SYSTEM,FALSE_POSITIVE
ACCESSIBILITY::kaleidoscope_ger::14,Bumerang,accessibility/texts/kaleidoscope_ger.json,SYSTEM,FALSE_POSITIVE
ACCESSIBILITY::kaleidoscope_ger::15,Auge der Wahrheit,accessibility/texts/kaleidoscope_ger.json,SYSTEM,FALSE_POSITIVE
ACCESSIBILITY::kaleidoscope_ger::16,Wundererbsen - $0,accessibility/texts/kaleidoscope_ger.json,SYSTEM,FALSE_POSITIVE
ACCESSIBILITY::kaleidoscope_ger::17,Stahlhammer,accessibility/texts/kaleidoscope_ger.json,SYSTEM,FALSE_POSITIVE
ACCESSIBILITY::kaleidoscope_ger::18,Licht-Pfeil,accessibility/texts/kaleidoscope_ger.json,SYSTEM,FALSE_POSITIVE
ACCESSIBILITY::kaleidoscope_ger::19,Nayrus Umarmung,accessibility/texts/kaleidoscope_ger.json,SYSTEM,FALSE_POSITIVE
ACCESSIBILITY::kaleidoscope_ger::20,Flasche,accessibility/texts/kaleidoscope_ger.json,SYSTEM,FALSE_POSITIVE
ACCESSIBILITY::kaleidoscope_ger::21,Rotes Elixier,accessibility/texts/kaleidoscope_ger.json,SYSTEM,FALSE_POSITIVE
ACCESSIBILITY::kaleidoscope_ger::22,Grünes Elixier,accessibility/texts/kaleidoscope_ger.json,SYSTEM,FALSE_POSITIVE
ACCESSIBILITY::kaleidoscope_ger::23,Blaues Elixier,accessibility/texts/kaleidoscope_ger.json,SYSTEM,FALSE_POSITIVE
ACCESSIBILITY::kaleidoscope_ger::24,Fee,accessibility/texts/kaleidoscope_ger.json,SYSTEM,FALSE_POSITIVE
ACCESSIBILITY::kaleidoscope_ger::25,Fisch,accessibility/texts/kaleidoscope_ger.json,SYSTEM,FALSE_POSITIVE
ACCESSIBILITY::kaleidoscope_ger::26,Milch,accessibility/texts/kaleidoscope_ger.json,SYSTEM,FALSE_POSITIVE
ACCESSIBILITY::kaleidoscope_ger::27,Brief,accessibility/texts/kaleidoscope_ger.json,SYSTEM,FALSE_POSITIVE
ACCESSIBILITY::kaleidoscope_ger::28,Blaues Feuer,accessibility/texts/kaleidoscope_ger.json,SYSTEM,FALSE_POSITIVE
ACCESSIBILITY::kaleidoscope_ger::29,Käfer,accessibility/texts/kaleidoscope_ger.json,SYSTEM,FALSE_POSITIVE
ACCESSIBILITY::kaleidoscope_ger::30,Nachtschwärmer,accessibility/texts/kaleidoscope_ger.json,SYSTEM,FALSE_POSITIVE
ACCESSIBILITY::kaleidoscope_ger::31,Milch (Halbe Füllung),accessibility/texts/kaleidoscope_ger.json,SYSTEM,FALSE_POSITIVE
ACCESSIBILITY::kaleidoscope_ger::32,Irrlicht,accessibility/texts/kaleidoscope_ger.json,SYSTEM,FALSE_POSITIVE
ACCESSIBILITY::kaleidoscope_ger::33,Seltsames Ei,accessibility/texts/kaleidoscope_ger.json,SYSTEM,FALSE_POSITIVE
ACCESSIBILITY::kaleidoscope_ger::34,Huhn,accessibility/texts/kaleidoscope_ger.json,SYSTEM,FALSE_POSITIVE
ACCESSIBILITY::kaleidoscope_ger::35,Zeldas Brief,accessibility/texts/kaleidoscope_ger.json,SYSTEM,FALSE_POSITIVE
ACCESSIBILITY::kaleidoscope_ger::36,Fuchs-Maske,accessibility/texts/kaleidoscope_ger.json,SYSTEM,FALSE_POSITIVE
ACCESSIBILITY::kaleidoscope_ger::37,Schädel-Maske,accessibility/texts/kaleidoscope_ger.json,SYSTEM,FALSE_POSITIVE
ACCESSIBILITY::kaleidoscope_ger::38,Geister-Maske,accessibility/texts/kaleidoscope_ger.json,SYSTEM,FALSE_POSITIVE
ACCESSIBILITY::kaleidoscope_ger::39,Hasenohren,accessibility/texts/kaleidoscope_ger.json,SYSTEM,FALSE_POSITIVE
ACCESSIBILITY::kaleidoscope_ger::40,Goronen-Maske,accessibility/texts/kaleidoscope_ger.json,SYSTEM,FALSE_POSITIVE
ACCESSIBILITY::kaleidoscope_ger::41,Zora-Maske,accessibility/texts/kaleidoscope_ger.json,SYSTEM,FALSE_POSITIVE
ACCESSIBILITY::kaleidoscope_ger::42,Gerudo-Maske,accessibility/texts/kaleidoscope_ger.json,SYSTEM,FALSE_POSITIVE
ACCESSIBILITY::kaleidoscope_ger::43,Maske des Wissens,accessibility/texts/kaleidoscope_ger.json,SYSTEM,FALSE_POSITIVE
ACCESSIBILITY::kaleidoscope_ger::44,Verkauft,accessibility/texts/kaleidoscope_ger.json,SYSTEM,FALSE_POSITIVE
ACCESSIBILITY::kaleidoscope_ger::45,Ei,accessibility/texts/kaleidoscope_ger.json,SYSTEM,FALSE_POSITIVE
ACCESSIBILITY::kaleidoscope_ger::46,Kiki,accessibility/texts/kaleidoscope_ger.json,SYSTEM,FALSE_POSITIVE
ACCESSIBILITY::kaleidoscope_ger::47,Henni,accessibility/texts/kaleidoscope_ger.json,SYSTEM,FALSE_POSITIVE
ACCESSIBILITY::kaleidoscope_ger::48,Schimmelpilz,accessibility/texts/kaleidoscope_ger.json,SYSTEM,FALSE_POSITIVE
ACCESSIBILITY::kaleidoscope_ger::49,Modertrank,accessibility/texts/kaleidoscope_ger.json,SYSTEM,FALSE_POSITIVE
ACCESSIBILITY::kaleidoscope_ger::50,Säge,accessibility/texts/kaleidoscope_ger.json,SYSTEM,FALSE_POSITIVE
ACCESSIBILITY::kaleidoscope_ger::51,Zerbr. Goronen-Schwert,accessibility/texts/kaleidoscope_ger.json,SYSTEM,FALSE_POSITIVE
ACCESSIBILITY::kaleidoscope_ger::52,Rezept,accessibility/texts/kaleidoscope_ger.json,SYSTEM,FALSE_POSITIVE
ACCESSIBILITY::kaleidoscope_ger::53,Glotzfrosch,accessibility/texts/kaleidoscope_ger.json,SYSTEM,FALSE_POSITIVE
ACCESSIBILITY::kaleidoscope_ger::54,Augentropfen,accessibility/texts/kaleidoscope_ger.json,SYSTEM,FALSE_POSITIVE
ACCESSIBILITY::kaleidoscope_ger::55,Zertifikat,accessibility/texts/kaleidoscope_ger.json,SYSTEM,FALSE_POSITIVE
ACCESSIBILITY::kaleidoscope_ger::56,Bogen Feuer-Pfeil,accessibility/texts/kaleidoscope_ger.json,SYSTEM,FALSE_POSITIVE
ACCESSIBILITY::kaleidoscope_ger::57,Bogen Eis-Pfeil,accessibility/texts/kaleidoscope_ger.json,SYSTEM,FALSE_POSITIVE
ACCESSIBILITY::kaleidoscope_ger::58,Bogen Licht-Pfeil,accessibility/texts/kaleidoscope_ger.json,SYSTEM,FALSE_POSITIVE
ACCESSIBILITY::kaleidoscope_ger::59,Kokiri-Schwert,accessibility/texts/kaleidoscope_ger.json,SYSTEM,FALSE_POSITIVE
ACCESSIBILITY::kaleidoscope_ger::60,Master-Schwert,accessibility/texts/kaleidoscope_ger.json,SYSTEM,FALSE_POSITIVE
ACCESSIBILITY::kaleidoscope_ger::61,Langschwert,accessibility/texts/kaleidoscope_ger.json,SYSTEM,FALSE_POSITIVE
ACCESSIBILITY::kaleidoscope_ger::62,Deku-Schild,accessibility/texts/kaleidoscope_ger.json,SYSTEM,FALSE_POSITIVE
ACCESSIBILITY::kaleidoscope_ger::63,Hylia-Schild,accessibility/texts/kaleidoscope_ger.json,SYSTEM,FALSE_POSITIVE
ACCESSIBILITY::kaleidoscope_ger::64,Spiegel-Schild,accessibility/texts/kaleidoscope_ger.json,SYSTEM,FALSE_POSITIVE
ACCESSIBILITY::kaleidoscope_ger::65,Kokiri-Rüstung,accessibility/texts/kaleidoscope_ger.json,SYSTEM,FALSE_POSITIVE
ACCESSIBILITY::kaleidoscope_ger::66,Goronen-Rüstung,accessibility/texts/kaleidoscope_ger.json,SYSTEM,FALSE_POSITIVE
ACCESSIBILITY::kaleidoscope_ger::67,Zora-Rüstung,accessibility/texts/kaleidoscope_ger.json,SYSTEM,FALSE_POSITIVE
ACCESSIBILITY::kaleidoscope_ger::68,Lederstiefel,accessibility/texts/kaleidoscope_ger.json,SYSTEM,FALSE_POSITIVE
ACCESSIBILITY::kaleidoscope_ger::69,Eisenstiefel,accessibility/texts/kaleidoscope_ger.json,SYSTEM,FALSE_POSITIVE
ACCESSIBILITY::kaleidoscope_ger::70,Gleitstiefel,accessibility/texts/kaleidoscope_ger.json,SYSTEM,FALSE_POSITIVE
ACCESSIBILITY::kaleidoscope_ger::71,Munitionstasche (30),accessibility/texts/kaleidoscope_ger.json,SYSTEM,FALSE_POSITIVE
ACCESSIBILITY::kaleidoscope_ger::72,Munitionstasche (40),accessibility/texts/kaleidoscope_ger.json,SYSTEM,FALSE_POSITIVE
ACCESSIBILITY::kaleidoscope_ger::73,Munitionstasche (50),accessibility/texts/kaleidoscope_ger.json,SYSTEM,FALSE_POSITIVE
ACCESSIBILITY::kaleidoscope_ger::74,Köcher (30),accessibility/texts/kaleidoscope_ger.json,SYSTEM,FALSE_POSITIVE
ACCESSIBILITY::kaleidoscope_ger::75,Köcher (40),accessibility/texts/kaleidoscope_ger.json,SYSTEM,FALSE_POSITIVE
ACCESSIBILITY::kaleidoscope_ger::76,Köcher (50),accessibility/texts/kaleidoscope_ger.json,SYSTEM,FALSE_POSITIVE
ACCESSIBILITY::kaleidoscope_ger::77,Bombentasche (20),accessibility/texts/kaleidoscope_ger.json,SYSTEM,FALSE_POSITIVE
ACCESSIBILITY::kaleidoscope_ger::78,Bombentasche (30),accessibility/texts/kaleidoscope_ger.json,SYSTEM,FALSE_POSITIVE
ACCESSIBILITY::kaleidoscope_ger::79,Bombentasche (40),accessibility/texts/kaleidoscope_ger.json,SYSTEM,FALSE_POSITIVE
ACCESSIBILITY::kaleidoscope_ger::80,Goronen-Armband,accessibility/texts/kaleidoscope_ger.json,SYSTEM,FALSE_POSITIVE
ACCESSIBILITY::kaleidoscope_ger::81,Krafthandschuh,accessibility/texts/kaleidoscope_ger.json,SYSTEM,FALSE_POSITIVE
ACCESSIBILITY::kaleidoscope_ger::82,Titanhandschuh,accessibility/texts/kaleidoscope_ger.json,SYSTEM,FALSE_POSITIVE
ACCESSIBILITY::kaleidoscope_ger::83,Silberne Schuppe,accessibility/texts/kaleidoscope_ger.json,SYSTEM,FALSE_POSITIVE
ACCESSIBILITY::kaleidoscope_ger::84,Goldene Schuppe,accessibility/texts/kaleidoscope_ger.json,SYSTEM,FALSE_POSITIVE
ACCESSIBILITY::kaleidoscope_ger::85,Zerbr. Langschwert,accessibility/texts/kaleidoscope_ger.json,SYSTEM,FALSE_POSITIVE
ACCESSIBILITY::kaleidoscope_ger::86,Große Börse,accessibility/texts/kaleidoscope_ger.json,SYSTEM,FALSE_POSITIVE
ACCESSIBILITY::kaleidoscope_ger::87,Riesenbörse,accessibility/texts/kaleidoscope_ger.json,SYSTEM,FALSE_POSITIVE
ACCESSIBILITY::kaleidoscope_ger::88,Deku-Kerne,accessibility/texts/kaleidoscope_ger.json,SYSTEM,FALSE_POSITIVE
ACCESSIBILITY::kaleidoscope_ger::89,Angelrute,accessibility/texts/kaleidoscope_ger.json,SYSTEM,FALSE_POSITIVE
ACCESSIBILITY::kaleidoscope_ger::90,Menuett des Waldes,accessibility/texts/kaleidoscope_ger.json,SYSTEM,FALSE_POSITIVE
ACCESSIBILITY::kaleidoscope_ger::91,Bolero des Feuers,accessibility/texts/kaleidoscope_ger.json,SYSTEM,FALSE_POSITIVE
ACCESSIBILITY::kaleidoscope_ger::92,Serenade des Wassers,accessibility/texts/kaleidoscope_ger.json,SYSTEM,FALSE_POSITIVE
ACCESSIBILITY::kaleidoscope_ger::93,Requiem der Geister,accessibility/texts/kaleidoscope_ger.json,SYSTEM,FALSE_POSITIVE
ACCESSIBILITY::kaleidoscope_ger::94,Nocturne des Schattens,accessibility/texts/kaleidoscope_ger.json,SYSTEM,FALSE_POSITIVE
ACCESSIBILITY::kaleidoscope_ger::95,Kantate des Lichts,accessibility/texts/kaleidoscope_ger.json,SYSTEM,FALSE_POSITIVE
ACCESSIBILITY::kaleidoscope_ger::96,Zeldas Wiegenlied,accessibility/texts/kaleidoscope_ger.json,SYSTEM,FALSE_POSITIVE
ACCESSIBILITY::kaleidoscope_ger::97,Eponas Lied,accessibility/texts/kaleidoscope_ger.json,SYSTEM,FALSE_POSITIVE
ACCESSIBILITY::kaleidoscope_ger::98,Salias Lied,accessibility/texts/kaleidoscope_ger.json,SYSTEM,FALSE_POSITIVE
ACCESSIBILITY::kaleidoscope_ger::99,Hymne der Sonne,accessibility/texts/kaleidoscope_ger.json,SYSTEM,FALSE_POSITIVE
ACCESSIBILITY::kaleidoscope_ger::100,Hymne der Zeit,accessibility/texts/kaleidoscope_ger.json,SYSTEM,FALSE_POSITIVE
ACCESSIBILITY::kaleidoscope_ger::101,Hymne des Sturms,accessibility/texts/kaleidoscope_ger.json,SYSTEM,FALSE_POSITIVE
ACCESSIBILITY::kaleidoscope_ger::102,Amulett des Waldes,accessibility/texts/kaleidoscope_ger.json,SYSTEM,FALSE_POSITIVE
ACCESSIBILITY::kaleidoscope_ger::103,Amulett des Feuers,accessibility/texts/kaleidoscope_ger.json,SYSTEM,FALSE_POSITIVE
ACCESSIBILITY::kaleidoscope_ger::104,Amulett des Wassers,accessibility/texts/kaleidoscope_ger.json,SYSTEM,FALSE_POSITIVE
ACCESSIBILITY::kaleidoscope_ger::105,Amulett der Geister,accessibility/texts/kaleidoscope_ger.json,SYSTEM,FALSE_POSITIVE
ACCESSIBILITY::kaleidoscope_ger::106,Amulett des Schattens,accessibility/texts/kaleidoscope_ger.json,SYSTEM,FALSE_POSITIVE
ACCESSIBILITY::kaleidoscope_ger::107,Amulett des Lichts,accessibility/texts/kaleidoscope_ger.json,SYSTEM,FALSE_POSITIVE
ACCESSIBILITY::kaleidoscope_ger::108,Kokiri-Smaragd,accessibility/texts/kaleidoscope_ger.json,SYSTEM,FALSE_POSITIVE
ACCESSIBILITY::kaleidoscope_ger::109,Goronen-Rubin,accessibility/texts/kaleidoscope_ger.json,SYSTEM,FALSE_POSITIVE
ACCESSIBILITY::kaleidoscope_ger::110,Zora-Saphir,accessibility/texts/kaleidoscope_ger.json,SYSTEM,FALSE_POSITIVE
ACCESSIBILITY::kaleidoscope_ger::111,Stein des Wissens,accessibility/texts/kaleidoscope_ger.json,SYSTEM,FALSE_POSITIVE
ACCESSIBILITY::kaleidoscope_ger::112,Gerudo-Paß,accessibility/texts/kaleidoscope_ger.json,SYSTEM,FALSE_POSITIVE
ACCESSIBILITY::kaleidoscope_ger::113,Skulltula-Symbol - $0,accessibility/texts/kaleidoscope_ger.json,SYSTEM,FALSE_POSITIVE
ACCESSIBILITY::kaleidoscope_ger::114,Herzteil - $0,accessibility/texts/kaleidoscope_ger.json,SYSTEM,FALSE_POSITIVE
ACCESSIBILITY::kaleidoscope_ger::115,Herzteil,accessibility/texts/kaleidoscope_ger.json,SYSTEM,FALSE_POSITIVE
ACCESSIBILITY::kaleidoscope_ger::116,Master-Schlüssel,accessibility/texts/kaleidoscope_ger.json,SYSTEM,FALSE_POSITIVE
ACCESSIBILITY::kaleidoscope_ger::117,Kompaß,accessibility/texts/kaleidoscope_ger.json,SYSTEM,FALSE_POSITIVE
ACCESSIBILITY::kaleidoscope_ger::118,Labyrinth-Karte,accessibility/texts/kaleidoscope_ger.json,SYSTEM,FALSE_POSITIVE
ACCESSIBILITY::kaleidoscope_ger::119,Kleiner Schlüssel,accessibility/texts/kaleidoscope_ger.json,SYSTEM,FALSE_POSITIVE
ACCESSIBILITY::kaleidoscope_ger::120,Kleine Magieflasche,accessibility/texts/kaleidoscope_ger.json,SYSTEM,FALSE_POSITIVE
ACCESSIBILITY::kaleidoscope_ger::121,Große Magieflasche,accessibility/texts/kaleidoscope_ger.json,SYSTEM,FALSE_POSITIVE
ACCESSIBILITY::kaleidoscope_ger::122,Biggoron-Schwert,accessibility/texts/kaleidoscope_ger.json,SYSTEM,FALSE_POSITIVE
ACCESSIBILITY::kaleidoscope_ger::123,UNGÜLTIG 1,accessibility/texts/kaleidoscope_ger.json,SYSTEM,FALSE_POSITIVE
ACCESSIBILITY::kaleidoscope_ger::124,UNGÜLTIG 2,accessibility/texts/kaleidoscope_ger.json,SYSTEM,FALSE_POSITIVE
ACCESSIBILITY::kaleidoscope_ger::125,UNGÜLTIG 3,accessibility/texts/kaleidoscope_ger.json,SYSTEM,FALSE_POSITIVE
ACCESSIBILITY::kaleidoscope_ger::126,UNGÜLTIG 4,accessibility/texts/kaleidoscope_ger.json,SYSTEM,FALSE_POSITIVE
ACCESSIBILITY::kaleidoscope_ger::127,UNGÜLTIG 5,accessibility/texts/kaleidoscope_ger.json,SYSTEM,FALSE_POSITIVE
ACCESSIBILITY::kaleidoscope_ger::128,UNGÜLTIG 6,accessibility/texts/kaleidoscope_ger.json,SYSTEM,FALSE_POSITIVE
ACCESSIBILITY::kaleidoscope_ger::129,UNGÜLTIG 7,accessibility/texts/kaleidoscope_ger.json,SYSTEM,FALSE_POSITIVE
ACCESSIBILITY::kaleidoscope_ger::130,Milch,accessibility/texts/kaleidoscope_ger.json,SYSTEM,FALSE_POSITIVE
ACCESSIBILITY::kaleidoscope_ger::131,Herz,accessibility/texts/kaleidoscope_ger.json,SYSTEM,FALSE_POSITIVE
ACCESSIBILITY::kaleidoscope_ger::132,ein Rubin,accessibility/texts/kaleidoscope_ger.json,SYSTEM,FALSE_POSITIVE
ACCESSIBILITY::kaleidoscope_ger::133,5 Rubine,accessibility/texts/kaleidoscope_ger.json,SYSTEM,FALSE_POSITIVE
ACCESSIBILITY::kaleidoscope_ger::134,20 Rubine,accessibility/texts/kaleidoscope_ger.json,SYSTEM,FALSE_POSITIVE
ACCESSIBILITY::kaleidoscope_ger::135,50 Rubine,accessibility/texts/kaleidoscope_ger.json,SYSTEM,FALSE_POSITIVE
ACCESSIBILITY::kaleidoscope_ger::136,200 Rubine,accessibility/texts/kaleidoscope_ger.json,SYSTEM,FALSE_POSITIVE
ACCESSIBILITY::kaleidoscope_ger::137,UNGÜLTIG 8,accessibility/texts/kaleidoscope_ger.json,SYSTEM,FALSE_POSITIVE
ACCESSIBILITY::kaleidoscope_ger::138,DEKU-STÄBE 5,accessibility/texts/kaleidoscope_ger.json,SYSTEM,FALSE_POSITIVE
ACCESSIBILITY::kaleidoscope_ger::139,DEKU-STÄBE 10,accessibility/texts/kaleidoscope_ger.json,SYSTEM,FALSE_POSITIVE
ACCESSIBILITY::kaleidoscope_ger::140,DEKU-NÜSSE 5,accessibility/texts/kaleidoscope_ger.json,SYSTEM,FALSE_POSITIVE
ACCESSIBILITY::kaleidoscope_ger::141,DEKU-NÜSSE 10,accessibility/texts/kaleidoscope_ger.json,SYSTEM,FALSE_POSITIVE
ACCESSIBILITY::kaleidoscope_ger::142,BOMBEN 5,accessibility/texts/kaleidoscope_ger.json,SYSTEM,FALSE_POSITIVE
ACCESSIBILITY::kaleidoscope_ger::143,BOMBEN 10,accessibility/texts/kaleidoscope_ger.json,SYSTEM,FALSE_POSITIVE
ACCESSIBILITY::kaleidoscope_ger::144,BOMBEN 20,accessibility/texts/kaleidoscope_ger.json,SYSTEM,FALSE_POSITIVE
ACCESSIBILITY::kaleidoscope_ger::145,BOMBEN 30,accessibility/texts/kaleidoscope_ger.json,SYSTEM,FALSE_POSITIVE
ACCESSIBILITY::kaleidoscope_ger::146,PFEILE 5,accessibility/texts/kaleidoscope_ger.json,SYSTEM,FALSE_POSITIVE
ACCESSIBILITY::kaleidoscope_ger::147,PFEILE 10,accessibility/texts/kaleidoscope_ger.json,SYSTEM,FALSE_POSITIVE
ACCESSIBILITY::kaleidoscope_ger::148,PFEILE 30,accessibility/texts/kaleidoscope_ger.json,SYSTEM,FALSE_POSITIVE
ACCESSIBILITY::kaleidoscope_ger::149,DEKU-KERNE 30,accessibility/texts/kaleidoscope_ger.json,SYSTEM,FALSE_POSITIVE
ACCESSIBILITY::kaleidoscope_ger::150,KRABBELMINEN 5,accessibility/texts/kaleidoscope_ger.json,SYSTEM,FALSE_POSITIVE
ACCESSIBILITY::kaleidoscope_ger::151,KRABBELMINEN 20,accessibility/texts/kaleidoscope_ger.json,SYSTEM,FALSE_POSITIVE
ACCESSIBILITY::kaleidoscope_ger::152,DEKU-STAB-KAPAZITÄT 20,accessibility/texts/kaleidoscope_ger.json,SYSTEM,FALSE_POSITIVE
ACCESSIBILITY::kaleidoscope_ger::153,DEKU-STAB-KAPAZITÄT 30,accessibility/texts/kaleidoscope_ger.json,SYSTEM,FALSE_POSITIVE
ACCESSIBILITY::kaleidoscope_ger::154,DEKU-NUẞ-KAPAZITÄT 30,accessibility/texts/kaleidoscope_ger.json,SYSTEM,FALSE_POSITIVE
ACCESSIBILITY::kaleidoscope_ger::155,DEKU-NUẞ-KAPAZITÄT 40,accessibility/texts/kaleidoscope_ger.json,SYSTEM,FALSE_POSITIVE
ACCESSIBILITY::kaleidoscope_ger::256,Gespensterwüste,accessibility/texts/kaleidoscope_ger.json,SYSTEM,FALSE_POSITIVE
ACCESSIBILITY::kaleidoscope_ger::257,Gerudo-Festung,accessibility/texts/kaleidoscope_ger.json,SYSTEM,FALSE_POSITIVE
ACCESSIBILITY::kaleidoscope_ger::258,Gerudotal,accessibility/texts/kaleidoscope_ger.json,SYSTEM,FALSE_POSITIVE
ACCESSIBILITY::kaleidoscope_ger::259,Hylia-See,accessibility/texts/kaleidoscope_ger.json,SYSTEM,FALSE_POSITIVE
ACCESSIBILITY::kaleidoscope_ger::260,Lon Lon-Farm,accessibility/texts/kaleidoscope_ger.json,SYSTEM,FALSE_POSITIVE
ACCESSIBILITY::kaleidoscope_ger::261,Marktplatz,accessibility/texts/kaleidoscope_ger.json,SYSTEM,FALSE_POSITIVE
ACCESSIBILITY::kaleidoscope_ger::262,Hylianische Steppe,accessibility/texts/kaleidoscope_ger.json,SYSTEM,FALSE_POSITIVE
ACCESSIBILITY::kaleidoscope_ger::263,Todesberg,accessibility/texts/kaleidoscope_ger.json,SYSTEM,FALSE_POSITIVE
ACCESSIBILITY::kaleidoscope_ger::264,Kakariko,accessibility/texts/kaleidoscope_ger.json,SYSTEM,FALSE_POSITIVE
ACCESSIBILITY::kaleidoscope_ger::265,Verlorene Wälder,accessibility/texts/kaleidoscope_ger.json,SYSTEM,FALSE_POSITIVE
ACCESSIBILITY::kaleidoscope_ger::266,Kokiri-Wald,accessibility/texts/kaleidoscope_ger.json,SYSTEM,FALSE_POSITIVE
ACCESSIBILITY::kaleidoscope_ger::267,Zoras Reich,accessibility/texts/kaleidoscope_ger.json,SYSTEM,FALSE_POSITIVE
ACCESSIBILITY::kaleidoscope_ger::292,Hylianische Steppe,accessibility/texts/kaleidoscope_ger.json,SYSTEM,FALSE_POSITIVE
ACCESSIBILITY::kaleidoscope_ger::293,Kakariko,accessibility/texts/kaleidoscope_ger.json,SYSTEM,FALSE_POSITIVE
ACCESSIBILITY::kaleidoscope_ger::294,Friedhof,accessibility/texts/kaleidoscope_ger.json,SYSTEM,FALSE_POSITIVE
ACCESSIBILITY::kaleidoscope_ger::295,Zora-Fluss,accessibility/texts/kaleidoscope_ger.json,SYSTEM,FALSE_POSITIVE
ACCESSIBILITY::kaleidoscope_ger::296,Kokiri-Wald,accessibility/texts/kaleidoscope_ger.json,SYSTEM,FALSE_POSITIVE
ACCESSIBILITY::kaleidoscope_ger::297,Heilige Lichtung,accessibility/texts/kaleidoscope_ger.json,SYSTEM,FALSE_POSITIVE
ACCESSIBILITY::kaleidoscope_ger::298,Hylia-See,accessibility/texts/kaleidoscope_ger.json,SYSTEM,FALSE_POSITIVE
ACCESSIBILITY::kaleidoscope_ger::299,Zoras Reich,accessibility/texts/kaleidoscope_ger.json,SYSTEM,FALSE_POSITIVE
ACCESSIBILITY::kaleidoscope_ger::300,Zoras Quelle,accessibility/texts/kaleidoscope_ger.json,SYSTEM,FALSE_POSITIVE
ACCESSIBILITY::kaleidoscope_ger::301,Gerudotal,accessibility/texts/kaleidoscope_ger.json,SYSTEM,FALSE_POSITIVE
ACCESSIBILITY::kaleidoscope_ger::302,Verlorene Wälder,accessibility/texts/kaleidoscope_ger.json,SYSTEM,FALSE_POSITIVE
ACCESSIBILITY::kaleidoscope_ger::303,Wüstenkoloss,accessibility/texts/kaleidoscope_ger.json,SYSTEM,FALSE_POSITIVE
ACCESSIBILITY::kaleidoscope_ger::304,Gerudo-Festung,accessibility/texts/kaleidoscope_ger.json,SYSTEM,FALSE_POSITIVE
ACCESSIBILITY::kaleidoscope_ger::305,Gespensterwüste,accessibility/texts/kaleidoscope_ger.json,SYSTEM,FALSE_POSITIVE
ACCESSIBILITY::kaleidoscope_ger::306,Marktplatz,accessibility/texts/kaleidoscope_ger.json,SYSTEM,FALSE_POSITIVE
ACCESSIBILITY::kaleidoscope_ger::307,Schloß Hyrule,accessibility/texts/kaleidoscope_ger.json,SYSTEM,FALSE_POSITIVE
ACCESSIBILITY::kaleidoscope_ger::308,Pfad zum Todesberg,accessibility/texts/kaleidoscope_ger.json,SYSTEM,FALSE_POSITIVE
ACCESSIBILITY::kaleidoscope_ger::309,Todeskrater,accessibility/texts/kaleidoscope_ger.json,SYSTEM,FALSE_POSITIVE
ACCESSIBILITY::kaleidoscope_ger::310,Goronia,accessibility/texts/kaleidoscope_ger.json,SYSTEM,FALSE_POSITIVE
ACCESSIBILITY::kaleidoscope_ger::311,Lon Lon-Farm,accessibility/texts/kaleidoscope_ger.json,SYSTEM,FALSE_POSITIVE
ACCESSIBILITY::kaleidoscope_ger::312,Fragezeichen,accessibility/texts/kaleidoscope_ger.json,SYSTEM,FALSE_POSITIVE
ACCESSIBILITY::kaleidoscope_ger::313,Teufelsturm,accessibility/texts/kaleidoscope_ger.json,SYSTEM,FALSE_POSITIVE
ACCESSIBILITY::scenes_ger::0,Im Deku-Baum,accessibility/texts/scenes_ger.json,SYSTEM,FALSE_POSITIVE
ACCESSIBILITY::scenes_ger::1,Dodongos Höhle,accessibility/texts/scenes_ger.json,SYSTEM,FALSE_POSITIVE
ACCESSIBILITY::scenes_ger::2,Jabu-Jabus Bauch,accessibility/texts/scenes_ger.json,SYSTEM,FALSE_POSITIVE
ACCESSIBILITY::scenes_ger::3,Waldtempel,accessibility/texts/scenes_ger.json,SYSTEM,FALSE_POSITIVE
ACCESSIBILITY::scenes_ger::4,Feuertempel,accessibility/texts/scenes_ger.json,SYSTEM,FALSE_POSITIVE
ACCESSIBILITY::scenes_ger::5,Wassertempel,accessibility/texts/scenes_ger.json,SYSTEM,FALSE_POSITIVE
ACCESSIBILITY::scenes_ger::6,Geistertempel,accessibility/texts/scenes_ger.json,SYSTEM,FALSE_POSITIVE
ACCESSIBILITY::scenes_ger::7,Schattentempel,accessibility/texts/scenes_ger.json,SYSTEM,FALSE_POSITIVE
ACCESSIBILITY::scenes_ger::8,Grund des Brunnens,accessibility/texts/scenes_ger.json,SYSTEM,FALSE_POSITIVE
ACCESSIBILITY::scenes_ger::9,Eishöhle,accessibility/texts/scenes_ger.json,SYSTEM,FALSE_POSITIVE
ACCESSIBILITY::scenes_ger::11,Gerudo-Arena,accessibility/texts/scenes_ger.json,SYSTEM,FALSE_POSITIVE
ACCESSIBILITY::scenes_ger::12,Diebesversteck,accessibility/texts/scenes_ger.json,SYSTEM,FALSE_POSITIVE
ACCESSIBILITY::scenes_ger::13,Ganons Schloß,accessibility/texts/scenes_ger.json,SYSTEM,FALSE_POSITIVE
ACCESSIBILITY::scenes_ger::16,Truhenlotterie,accessibility/texts/scenes_ger.json,SYSTEM,FALSE_POSITIVE
ACCESSIBILITY::scenes_ger::17,Gepanzerter Spinnenparasit - Gohma,accessibility/texts/scenes_ger.json,SYSTEM,FALSE_POSITIVE
ACCESSIBILITY::scenes_ger::18,Infernosaurus - King Dodongo,accessibility/texts/scenes_ger.json,SYSTEM,FALSE_POSITIVE
ACCESSIBILITY::scenes_ger::19,Elektroterristrisches Biotentakel - Barinade,accessibility/texts/scenes_ger.json,SYSTEM,FALSE_POSITIVE
ACCESSIBILITY::scenes_ger::20,Reitendes Unheil - Phantom-Ganon,accessibility/texts/scenes_ger.json,SYSTEM,FALSE_POSITIVE
ACCESSIBILITY::scenes_ger::21,Subterraner Lavadrachoid - Volvagia,accessibility/texts/scenes_ger.json,SYSTEM,FALSE_POSITIVE
ACCESSIBILITY::scenes_ger::22,Aquamöbes Wassertentakel - Morpha,accessibility/texts/scenes_ger.json,SYSTEM,FALSE_POSITIVE
ACCESSIBILITY::scenes_ger::23,Höllische Hexenarmada - Twinrova,accessibility/texts/scenes_ger.json,SYSTEM,FALSE_POSITIVE
ACCESSIBILITY::scenes_ger::24,Bestialische Schattenmonstrosität - Bongo Bongo,accessibility/texts/scenes_ger.json,SYSTEM,FALSE_POSITIVE
ACCESSIBILITY::scenes_ger::25,Großmeister des Bösen - Ganondorf,accessibility/texts/scenes_ger.json,SYSTEM,FALSE_POSITIVE
ACCESSIBILITY::scenes_ger::30,Seitenstraße,accessibility/texts/scenes_ger.json,SYSTEM,FALSE_POSITIVE
ACCESSIBILITY::scenes_ger::31,Seitenstraße,accessibility/texts/scenes_ger.json,SYSTEM,FALSE_POSITIVE
ACCESSIBILITY::scenes_ger::32,Marktplatz,accessibility/texts/scenes_ger.json,SYSTEM,FALSE_POSITIVE
ACCESSIBILITY::scenes_ger::33,Marktplatz,accessibility/texts/scenes_ger.json,SYSTEM,FALSE_POSITIVE
ACCESSIBILITY::scenes_ger::34,Marktplatz,accessibility/texts/scenes_ger.json,SYSTEM,FALSE_POSITIVE
ACCESSIBILITY::scenes_ger::36,SCENE_SHRINE_N,accessibility/texts/scenes_ger.json,SYSTEM,FALSE_POSITIVE
ACCESSIBILITY::scenes_ger::37,SCENE_SHRINE_R,accessibility/texts/scenes_ger.json,SYSTEM,FALSE_POSITIVE
ACCESSIBILITY::scenes_ger::44,Basar,accessibility/texts/scenes_ger.json,SYSTEM,FALSE_POSITIVE
ACCESSIBILITY::scenes_ger::45,Kokiri-Laden,accessibility/texts/scenes_ger.json,SYSTEM,FALSE_POSITIVE
ACCESSIBILITY::scenes_ger::46,Goronen-Laden,accessibility/texts/scenes_ger.json,SYSTEM,FALSE_POSITIVE
ACCESSIBILITY::scenes_ger::47,Zora-Laden,accessibility/texts/scenes_ger.json,SYSTEM,FALSE_POSITIVE
ACCESSIBILITY::scenes_ger::49,Magie-Laden,accessibility/texts/scenes_ger.json,SYSTEM,FALSE_POSITIVE
ACCESSIBILITY::scenes_ger::51,Maskenhändler,accessibility/texts/scenes_ger.json,SYSTEM,FALSE_POSITIVE
ACCESSIBILITY::scenes_ger::54,Stall,accessibility/texts/scenes_ger.json,SYSTEM,FALSE_POSITIVE
ACCESSIBILITY::scenes_ger::56,Hylia-See Laboratorium,accessibility/texts/scenes_ger.json,SYSTEM,FALSE_POSITIVE
ACCESSIBILITY::scenes_ger::58,Hütte des Totengräbers,accessibility/texts/scenes_ger.json,SYSTEM,FALSE_POSITIVE
ACCESSIBILITY::scenes_ger::59,Feen-Quelle,accessibility/texts/scenes_ger.json,SYSTEM,FALSE_POSITIVE
ACCESSIBILITY::scenes_ger::60,Feen-Brunnen,accessibility/texts/scenes_ger.json,SYSTEM,FALSE_POSITIVE
ACCESSIBILITY::scenes_ger::61,Feen-Quelle,accessibility/texts/scenes_ger.json,SYSTEM,FALSE_POSITIVE
ACCESSIBILITY::scenes_ger::65,Königsgrab,accessibility/texts/scenes_ger.json,SYSTEM,FALSE_POSITIVE
ACCESSIBILITY::scenes_ger::66,Schießbude,accessibility/texts/scenes_ger.json,SYSTEM,FALSE_POSITIVE
ACCESSIBILITY::scenes_ger::67,Zitadelle der Zeit,accessibility/texts/scenes_ger.json,SYSTEM,FALSE_POSITIVE
ACCESSIBILITY::scenes_ger::68,Halle der Weisen,accessibility/texts/scenes_ger.json,SYSTEM,FALSE_POSITIVE
ACCESSIBILITY::scenes_ger::69,Burghof,accessibility/texts/scenes_ger.json,SYSTEM,FALSE_POSITIVE
ACCESSIBILITY::scenes_ger::70,Burghof,accessibility/texts/scenes_ger.json,SYSTEM,FALSE_POSITIVE
ACCESSIBILITY::scenes_ger::72,Unbekannter Ort,accessibility/texts/scenes_ger.json,SYSTEM,FALSE_POSITIVE
ACCESSIBILITY::scenes_ger::73,Fischweiher,accessibility/texts/scenes_ger.json,SYSTEM,FALSE_POSITIVE
ACCESSIBILITY::scenes_ger::74,Burghof,accessibility/texts/scenes_ger.json,SYSTEM,FALSE_POSITIVE
ACCESSIBILITY::scenes_ger::75,Minenbowlingbahn,accessibility/texts/scenes_ger.json,SYSTEM,FALSE_POSITIVE
ACCESSIBILITY::scenes_ger::79,Ganon,accessibility/texts/scenes_ger.json,SYSTEM,FALSE_POSITIVE
ACCESSIBILITY::scenes_ger::80,Skulltulas Haus,accessibility/texts/scenes_ger.json,SYSTEM,FALSE_POSITIVE
ACCESSIBILITY::scenes_ger::81,Hylianische Steppe,accessibility/texts/scenes_ger.json,SYSTEM,FALSE_POSITIVE
ACCESSIBILITY::scenes_ger::82,Kakariko,accessibility/texts/scenes_ger.json,SYSTEM,FALSE_POSITIVE
ACCESSIBILITY::scenes_ger::83,Friedhof,accessibility/texts/scenes_ger.json,SYSTEM,FALSE_POSITIVE
ACCESSIBILITY::scenes_ger::84,Zora-Fluß,accessibility/texts/scenes_ger.json,SYSTEM,FALSE_POSITIVE
ACCESSIBILITY::scenes_ger::85,Kokiri-Wald,accessibility/texts/scenes_ger.json,SYSTEM,FALSE_POSITIVE
ACCESSIBILITY::scenes_ger::86,Waldlichtung,accessibility/texts/scenes_ger.json,SYSTEM,FALSE_POSITIVE
ACCESSIBILITY::scenes_ger::87,Hylia-See,accessibility/texts/scenes_ger.json,SYSTEM,FALSE_POSITIVE
ACCESSIBILITY::scenes_ger::88,Zoras Reich,accessibility/texts/scenes_ger.json,SYSTEM,FALSE_POSITIVE
ACCESSIBILITY::scenes_ger::89,Zoras Quelle,accessibility/texts/scenes_ger.json,SYSTEM,FALSE_POSITIVE
ACCESSIBILITY::scenes_ger::90,Gerudotal,accessibility/texts/scenes_ger.json,SYSTEM,FALSE_POSITIVE
ACCESSIBILITY::scenes_ger::91,Verlorene Wälder,accessibility/texts/scenes_ger.json,SYSTEM,FALSE_POSITIVE
ACCESSIBILITY::scenes_ger::92,Wüstenkoloss,accessibility/texts/scenes_ger.json,SYSTEM,FALSE_POSITIVE
ACCESSIBILITY::scenes_ger::93,Gerudo-Festung,accessibility/texts/scenes_ger.json,SYSTEM,FALSE_POSITIVE
ACCESSIBILITY::scenes_ger::94,Geisterwüste,accessibility/texts/scenes_ger.json,SYSTEM,FALSE_POSITIVE
ACCESSIBILITY::scenes_ger::95,Schloß Hyrule,accessibility/texts/scenes_ger.json,SYSTEM,FALSE_POSITIVE
ACCESSIBILITY::scenes_ger::96,Pfad zum Todesberg,accessibility/texts/scenes_ger.json,SYSTEM,FALSE_POSITIVE
ACCESSIBILITY::scenes_ger::97,Todeskrater,accessibility/texts/scenes_ger.json,SYSTEM,FALSE_POSITIVE
ACCESSIBILITY::scenes_ger::98,Goronia,accessibility/texts/scenes_ger.json,SYSTEM,FALSE_POSITIVE
ACCESSIBILITY::scenes_ger::99,Lon Lon-Farm,accessibility/texts/scenes_ger.json,SYSTEM,FALSE_POSITIVE
ACCESSIBILITY::kaleidoscope_eng::health,Health - $0 Hearts,accessibility/texts/kaleidoscope_eng.json,SYSTEM,PLAYER_FACING
ACCESSIBILITY::kaleidoscope_eng::magic,Magic - $0,accessibility/texts/kaleidoscope_eng.json,SYSTEM,PLAYER_FACING
ACCESSIBILITY::kaleidoscope_eng::rupees,Rupees - $0,accessibility/texts/kaleidoscope_eng.json,SYSTEM,PLAYER_FACING
ACCESSIBILITY::kaleidoscope_eng::keys,Keys - $0,accessibility/texts/kaleidoscope_eng.json,SYSTEM,PLAYER_FACING
ACCESSIBILITY::kaleidoscope_eng::floor,Floor $0,accessibility/texts/kaleidoscope_eng.json,SYSTEM,PLAYER_FACING
ACCESSIBILITY::kaleidoscope_eng::basement,Basement $0,accessibility/texts/kaleidoscope_eng.json,SYSTEM,PLAYER_FACING
ACCESSIBILITY::kaleidoscope_eng::item_menu,Select Item,accessibility/texts/kaleidoscope_eng.json,SYSTEM,PLAYER_FACING
ACCESSIBILITY::kaleidoscope_eng::map_menu,Map - $0,accessibility/texts/kaleidoscope_eng.json,SYSTEM,PLAYER_FACING
ACCESSIBILITY::kaleidoscope_eng::quest_menu,Quest Status,accessibility/texts/kaleidoscope_eng.json,SYSTEM,PLAYER_FACING
ACCESSIBILITY::kaleidoscope_eng::equip_menu,Equipment,accessibility/texts/kaleidoscope_eng.json,SYSTEM,PLAYER_FACING
ACCESSIBILITY::kaleidoscope_eng::overworld,Overworld,accessibility/texts/kaleidoscope_eng.json,SYSTEM,PLAYER_FACING
ACCESSIBILITY::kaleidoscope_eng::equipped,$0 - Equipped,accessibility/texts/kaleidoscope_eng.json,SYSTEM,PLAYER_FACING
ACCESSIBILITY::kaleidoscope_eng::save_prompt,Would you like to save?,accessibility/texts/kaleidoscope_eng.json,SYSTEM,PLAYER_FACING
ACCESSIBILITY::kaleidoscope_eng::game_saved,Game saved,accessibility/texts/kaleidoscope_eng.json,SYSTEM,PLAYER_FACING
ACCESSIBILITY::kaleidoscope_eng::game_over,Game Over,accessibility/texts/kaleidoscope_eng.json,SYSTEM,PLAYER_FACING
ACCESSIBILITY::kaleidoscope_eng::continue_game,Continue playing?,accessibility/texts/kaleidoscope_eng.json,SYSTEM,PLAYER_FACING
ACCESSIBILITY::kaleidoscope_eng::assigned_to,Assigned to $0,accessibility/texts/kaleidoscope_eng.json,SYSTEM,PLAYER_FACING
ACCESSIBILITY::kaleidoscope_eng::0,Deku Stick - $0,accessibility/texts/kaleidoscope_eng.json,SYSTEM,PLAYER_FACING
ACCESSIBILITY::kaleidoscope_eng::1,Deku Nut - $0,accessibility/texts/kaleidoscope_eng.json,SYSTEM,PLAYER_FACING
ACCESSIBILITY::kaleidoscope_eng::2,Bomb - $0,accessibility/texts/kaleidoscope_eng.json,SYSTEM,PLAYER_FACING
ACCESSIBILITY::kaleidoscope_eng::3,Fairy Bow - $0,accessibility/texts/kaleidoscope_eng.json,SYSTEM,PLAYER_FACING
ACCESSIBILITY::kaleidoscope_eng::4,Fire Arrow,accessibility/texts/kaleidoscope_eng.json,SYSTEM,PLAYER_FACING
ACCESSIBILITY::kaleidoscope_eng::5,Din's Fire,accessibility/texts/kaleidoscope_eng.json,SYSTEM,PLAYER_FACING
ACCESSIBILITY::kaleidoscope_eng::6,Fairy Slingshot - $0,accessibility/texts/kaleidoscope_eng.json,SYSTEM,PLAYER_FACING
ACCESSIBILITY::kaleidoscope_eng::7,Fairy Ocarina,accessibility/texts/kaleidoscope_eng.json,SYSTEM,PLAYER_FACING
ACCESSIBILITY::kaleidoscope_eng::8,Ocarina of Time,accessibility/texts/kaleidoscope_eng.json,SYSTEM,PLAYER_FACING
ACCESSIBILITY::kaleidoscope_eng::9,Bombchu - $0,accessibility/texts/kaleidoscope_eng.json,SYSTEM,PLAYER_FACING
ACCESSIBILITY::kaleidoscope_eng::10,Hookshot,accessibility/texts/kaleidoscope_eng.json,SYSTEM,PLAYER_FACING
ACCESSIBILITY::kaleidoscope_eng::11,Longshot,accessibility/texts/kaleidoscope_eng.json,SYSTEM,PLAYER_FACING
ACCESSIBILITY::kaleidoscope_eng::12,Ice Arrow,accessibility/texts/kaleidoscope_eng.json,SYSTEM,PLAYER_FACING
ACCESSIBILITY::kaleidoscope_eng::13,Farore's Wind,accessibility/texts/kaleidoscope_eng.json,SYSTEM,PLAYER_FACING
ACCESSIBILITY::kaleidoscope_eng::14,Boomerang,accessibility/texts/kaleidoscope_eng.json,SYSTEM,PLAYER_FACING
ACCESSIBILITY::kaleidoscope_eng::15,Lens of Truth,accessibility/texts/kaleidoscope_eng.json,SYSTEM,PLAYER_FACING
ACCESSIBILITY::kaleidoscope_eng::16,Magic Beans - $0,accessibility/texts/kaleidoscope_eng.json,SYSTEM,PLAYER_FACING
ACCESSIBILITY::kaleidoscope_eng::17,Megaton Hammer,accessibility/texts/kaleidoscope_eng.json,SYSTEM,PLAYER_FACING
ACCESSIBILITY::kaleidoscope_eng::18,Light Arrow,accessibility/texts/kaleidoscope_eng.json,SYSTEM,PLAYER_FACING
ACCESSIBILITY::kaleidoscope_eng::19,Nayru's Love,accessibility/texts/kaleidoscope_eng.json,SYSTEM,PLAYER_FACING
ACCESSIBILITY::kaleidoscope_eng::20,Empty Bottle,accessibility/texts/kaleidoscope_eng.json,SYSTEM,PLAYER_FACING
ACCESSIBILITY::kaleidoscope_eng::21,Red Potion,accessibility/texts/kaleidoscope_eng.json,SYSTEM,PLAYER_FACING
ACCESSIBILITY::kaleidoscope_eng::22,Green Potion,accessibility/texts/kaleidoscope_eng.json,SYSTEM,PLAYER_FACING
ACCESSIBILITY::kaleidoscope_eng::23,Blue Potion,accessibility/texts/kaleidoscope_eng.json,SYSTEM,PLAYER_FACING
ACCESSIBILITY::kaleidoscope_eng::24,Fairy,accessibility/texts/kaleidoscope_eng.json,SYSTEM,PLAYER_FACING
ACCESSIBILITY::kaleidoscope_eng::25,Fish,accessibility/texts/kaleidoscope_eng.json,SYSTEM,PLAYER_FACING
ACCESSIBILITY::kaleidoscope_eng::26,Milk Bottle,accessibility/texts/kaleidoscope_eng.json,SYSTEM,PLAYER_FACING
ACCESSIBILITY::kaleidoscope_eng::27,Ruto's Letter,accessibility/texts/kaleidoscope_eng.json,SYSTEM,PLAYER_FACING
ACCESSIBILITY::kaleidoscope_eng::28,Blue Fire,accessibility/texts/kaleidoscope_eng.json,SYSTEM,PLAYER_FACING
ACCESSIBILITY::kaleidoscope_eng::29,Bugs,accessibility/texts/kaleidoscope_eng.json,SYSTEM,PLAYER_FACING
ACCESSIBILITY::kaleidoscope_eng::30,Big Poe,accessibility/texts/kaleidoscope_eng.json,SYSTEM,PLAYER_FACING
ACCESSIBILITY::kaleidoscope_eng::31,Milk Bottle (Half),accessibility/texts/kaleidoscope_eng.json,SYSTEM,PLAYER_FACING
ACCESSIBILITY::kaleidoscope_eng::32,Poe,accessibility/texts/kaleidoscope_eng.json,SYSTEM,PLAYER_FACING
ACCESSIBILITY::kaleidoscope_eng::33,Weird Egg,accessibility/texts/kaleidoscope_eng.json,SYSTEM,PLAYER_FACING
ACCESSIBILITY::kaleidoscope_eng::34,Chicken,accessibility/texts/kaleidoscope_eng.json,SYSTEM,PLAYER_FACING
ACCESSIBILITY::kaleidoscope_eng::35,Zelda's Letter,accessibility/texts/kaleidoscope_eng.json,SYSTEM,PLAYER_FACING
ACCESSIBILITY::kaleidoscope_eng::36,Keaton Mask,accessibility/texts/kaleidoscope_eng.json,SYSTEM,PLAYER_FACING
ACCESSIBILITY::kaleidoscope_eng::37,Skull Mask,accessibility/texts/kaleidoscope_eng.json,SYSTEM,PLAYER_FACING
ACCESSIBILITY::kaleidoscope_eng::38,Spooky Mask,accessibility/texts/kaleidoscope_eng.json,SYSTEM,PLAYER_FACING
ACCESSIBILITY::kaleidoscope_eng::39,Bunny Mask,accessibility/texts/kaleidoscope_eng.json,SYSTEM,PLAYER_FACING
ACCESSIBILITY::kaleidoscope_eng::40,Goron Mask,accessibility/texts/kaleidoscope_eng.json,SYSTEM,PLAYER_FACING
ACCESSIBILITY::kaleidoscope_eng::41,Zora Mask,accessibility/texts/kaleidoscope_eng.json,SYSTEM,PLAYER_FACING
ACCESSIBILITY::kaleidoscope_eng::42,Gerudo Mask,accessibility/texts/kaleidoscope_eng.json,SYSTEM,PLAYER_FACING
ACCESSIBILITY::kaleidoscope_eng::43,Mask of Truth,accessibility/texts/kaleidoscope_eng.json,SYSTEM,PLAYER_FACING
ACCESSIBILITY::kaleidoscope_eng::44,Sold Out,accessibility/texts/kaleidoscope_eng.json,SYSTEM,PLAYER_FACING
ACCESSIBILITY::kaleidoscope_eng::45,Pocket Egg,accessibility/texts/kaleidoscope_eng.json,SYSTEM,PLAYER_FACING
ACCESSIBILITY::kaleidoscope_eng::46,Pocket Cucco,accessibility/texts/kaleidoscope_eng.json,SYSTEM,PLAYER_FACING
ACCESSIBILITY::kaleidoscope_eng::47,Cojiro,accessibility/texts/kaleidoscope_eng.json,SYSTEM,PLAYER_FACING
ACCESSIBILITY::kaleidoscope_eng::48,Odd Mushroom,accessibility/texts/kaleidoscope_eng.json,SYSTEM,PLAYER_FACING
ACCESSIBILITY::kaleidoscope_eng::49,Odd Potion,accessibility/texts/kaleidoscope_eng.json,SYSTEM,PLAYER_FACING
ACCESSIBILITY::kaleidoscope_eng::50,Saw,accessibility/texts/kaleidoscope_eng.json,SYSTEM,PLAYER_FACING
ACCESSIBILITY::kaleidoscope_eng::51,Broken Sword,accessibility/texts/kaleidoscope_eng.json,SYSTEM,PLAYER_FACING
ACCESSIBILITY::kaleidoscope_eng::52,Prescription,accessibility/texts/kaleidoscope_eng.json,SYSTEM,PLAYER_FACING
ACCESSIBILITY::kaleidoscope_eng::53,Eyeball Frog,accessibility/texts/kaleidoscope_eng.json,SYSTEM,PLAYER_FACING
ACCESSIBILITY::kaleidoscope_eng::54,Eyedrops,accessibility/texts/kaleidoscope_eng.json,SYSTEM,PLAYER_FACING
ACCESSIBILITY::kaleidoscope_eng::55,Claim Check,accessibility/texts/kaleidoscope_eng.json,SYSTEM,PLAYER_FACING
ACCESSIBILITY::kaleidoscope_eng::56,Bow Fire Arrow,accessibility/texts/kaleidoscope_eng.json,SYSTEM,PLAYER_FACING
ACCESSIBILITY::kaleidoscope_eng::57,Bow Ice Arrow,accessibility/texts/kaleidoscope_eng.json,SYSTEM,PLAYER_FACING
ACCESSIBILITY::kaleidoscope_eng::58,Bow Light Arrow,accessibility/texts/kaleidoscope_eng.json,SYSTEM,PLAYER_FACING
ACCESSIBILITY::kaleidoscope_eng::59,Kokiri Sword,accessibility/texts/kaleidoscope_eng.json,SYSTEM,PLAYER_FACING
ACCESSIBILITY::kaleidoscope_eng::60,Master Sword,accessibility/texts/kaleidoscope_eng.json,SYSTEM,PLAYER_FACING
ACCESSIBILITY::kaleidoscope_eng::61,Giant's Knife,accessibility/texts/kaleidoscope_eng.json,SYSTEM,PLAYER_FACING
ACCESSIBILITY::kaleidoscope_eng::62,Deku Shield,accessibility/texts/kaleidoscope_eng.json,SYSTEM,PLAYER_FACING
ACCESSIBILITY::kaleidoscope_eng::63,Hylian Shield,accessibility/texts/kaleidoscope_eng.json,SYSTEM,PLAYER_FACING
ACCESSIBILITY::kaleidoscope_eng::64,Mirror Shield,accessibility/texts/kaleidoscope_eng.json,SYSTEM,PLAYER_FACING
ACCESSIBILITY::kaleidoscope_eng::65,Kokiri Tunic,accessibility/texts/kaleidoscope_eng.json,SYSTEM,PLAYER_FACING
ACCESSIBILITY::kaleidoscope_eng::66,Goron Tunic,accessibility/texts/kaleidoscope_eng.json,SYSTEM,PLAYER_FACING
ACCESSIBILITY::kaleidoscope_eng::67,Zora Tunic,accessibility/texts/kaleidoscope_eng.json,SYSTEM,PLAYER_FACING
ACCESSIBILITY::kaleidoscope_eng::68,Kokiri Boots,accessibility/texts/kaleidoscope_eng.json,SYSTEM,PLAYER_FACING
ACCESSIBILITY::kaleidoscope_eng::69,Iron Boots,accessibility/texts/kaleidoscope_eng.json,SYSTEM,PLAYER_FACING
ACCESSIBILITY::kaleidoscope_eng::70,Hover Boots,accessibility/texts/kaleidoscope_eng.json,SYSTEM,PLAYER_FACING
ACCESSIBILITY::kaleidoscope_eng::71,Bullet Bag (Holds 30),accessibility/texts/kaleidoscope_eng.json,SYSTEM,PLAYER_FACING
ACCESSIBILITY::kaleidoscope_eng::72,Bullet Bag (Holds 40),accessibility/texts/kaleidoscope_eng.json,SYSTEM,PLAYER_FACING
ACCESSIBILITY::kaleidoscope_eng::73,Bullet Bag (Holds 50),accessibility/texts/kaleidoscope_eng.json,SYSTEM,PLAYER_FACING
ACCESSIBILITY::kaleidoscope_eng::74,Quiver (Holds 30),accessibility/texts/kaleidoscope_eng.json,SYSTEM,PLAYER_FACING
ACCESSIBILITY::kaleidoscope_eng::75,Quiver (Holds 40),accessibility/texts/kaleidoscope_eng.json,SYSTEM,PLAYER_FACING
ACCESSIBILITY::kaleidoscope_eng::76,Quiver (Holds 50),accessibility/texts/kaleidoscope_eng.json,SYSTEM,PLAYER_FACING
ACCESSIBILITY::kaleidoscope_eng::77,Bomb Bag (Holds 20),accessibility/texts/kaleidoscope_eng.json,SYSTEM,PLAYER_FACING
ACCESSIBILITY::kaleidoscope_eng::78,Bomb Bag (Holds 30),accessibility/texts/kaleidoscope_eng.json,SYSTEM,PLAYER_FACING
ACCESSIBILITY::kaleidoscope_eng::79,Bomb Bag (Holds 40),accessibility/texts/kaleidoscope_eng.json,SYSTEM,PLAYER_FACING
ACCESSIBILITY::kaleidoscope_eng::80,Goron's Bracelet,accessibility/texts/kaleidoscope_eng.json,SYSTEM,PLAYER_FACING
ACCESSIBILITY::kaleidoscope_eng::81,Silver Gauntlets,accessibility/texts/kaleidoscope_eng.json,SYSTEM,PLAYER_FACING
ACCESSIBILITY::kaleidoscope_eng::82,Golden Gauntlets,accessibility/texts/kaleidoscope_eng.json,SYSTEM,PLAYER_FACING
ACCESSIBILITY::kaleidoscope_eng::83,Silver Scale,accessibility/texts/kaleidoscope_eng.json,SYSTEM,PLAYER_FACING
ACCESSIBILITY::kaleidoscope_eng::84,Golden Scale,accessibility/texts/kaleidoscope_eng.json,SYSTEM,PLAYER_FACING
ACCESSIBILITY::kaleidoscope_eng::85,Giant's Knife (Broken),accessibility/texts/kaleidoscope_eng.json,SYSTEM,PLAYER_FACING
ACCESSIBILITY::kaleidoscope_eng::86,WALLET ADULT,accessibility/texts/kaleidoscope_eng.json,SYSTEM,PLAYER_FACING
ACCESSIBILITY::kaleidoscope_eng::87,Giant's Wallet,accessibility/texts/kaleidoscope_eng.json,SYSTEM,PLAYER_FACING
ACCESSIBILITY::kaleidoscope_eng::88,Deku Seeds,accessibility/texts/kaleidoscope_eng.json,SYSTEM,PLAYER_FACING
ACCESSIBILITY::kaleidoscope_eng::89,Fishing Pole,accessibility/texts/kaleidoscope_eng.json,SYSTEM,PLAYER_FACING
ACCESSIBILITY::kaleidoscope_eng::90,Minuet of Forest,accessibility/texts/kaleidoscope_eng.json,SYSTEM,PLAYER_FACING
ACCESSIBILITY::kaleidoscope_eng::91,Bolero of Fire,accessibility/texts/kaleidoscope_eng.json,SYSTEM,PLAYER_FACING
ACCESSIBILITY::kaleidoscope_eng::92,Serenade of Water,accessibility/texts/kaleidoscope_eng.json,SYSTEM,PLAYER_FACING
ACCESSIBILITY::kaleidoscope_eng::93,Requiem of Spirit,accessibility/texts/kaleidoscope_eng.json,SYSTEM,PLAYER_FACING
ACCESSIBILITY::kaleidoscope_eng::94,Nocturne of Shadow,accessibility/texts/kaleidoscope_eng.json,SYSTEM,PLAYER_FACING
ACCESSIBILITY::kaleidoscope_eng::95,Prelude of Light,accessibility/texts/kaleidoscope_eng.json,SYSTEM,PLAYER_FACING
ACCESSIBILITY::kaleidoscope_eng::96,Zelda's Lullaby,accessibility/texts/kaleidoscope_eng.json,SYSTEM,PLAYER_FACING
ACCESSIBILITY::kaleidoscope_eng::97,Epona's Song,accessibility/texts/kaleidoscope_eng.json,SYSTEM,PLAYER_FACING
ACCESSIBILITY::kaleidoscope_eng::98,Saria's Song,accessibility/texts/kaleidoscope_eng.json,SYSTEM,PLAYER_FACING
ACCESSIBILITY::kaleidoscope_eng::99,Sun's Song,accessibility/texts/kaleidoscope_eng.json,SYSTEM,PLAYER_FACING
ACCESSIBILITY::kaleidoscope_eng::100,Song of Time,accessibility/texts/kaleidoscope_eng.json,SYSTEM,PLAYER_FACING
ACCESSIBILITY::kaleidoscope_eng::101,Song of Storms,accessibility/texts/kaleidoscope_eng.json,SYSTEM,PLAYER_FACING
ACCESSIBILITY::kaleidoscope_eng::102,Forest Medallion,accessibility/texts/kaleidoscope_eng.json,SYSTEM,PLAYER_FACING
ACCESSIBILITY::kaleidoscope_eng::103,Fire Medallion,accessibility/texts/kaleidoscope_eng.json,SYSTEM,PLAYER_FACING
ACCESSIBILITY::kaleidoscope_eng::104,Water Medallion,accessibility/texts/kaleidoscope_eng.json,SYSTEM,PLAYER_FACING
ACCESSIBILITY::kaleidoscope_eng::105,Spirit Medallion,accessibility/texts/kaleidoscope_eng.json,SYSTEM,PLAYER_FACING
ACCESSIBILITY::kaleidoscope_eng::106,Shadow Medallion,accessibility/texts/kaleidoscope_eng.json,SYSTEM,PLAYER_FACING
ACCESSIBILITY::kaleidoscope_eng::107,Light Medallion,accessibility/texts/kaleidoscope_eng.json,SYSTEM,PLAYER_FACING
ACCESSIBILITY::kaleidoscope_eng::108,Kokiri's Emerald,accessibility/texts/kaleidoscope_eng.json,SYSTEM,PLAYER_FACING
ACCESSIBILITY::kaleidoscope_eng::109,Goron's Ruby,accessibility/texts/kaleidoscope_eng.json,SYSTEM,PLAYER_FACING
ACCESSIBILITY::kaleidoscope_eng::110,Zora Sapphire,accessibility/texts/kaleidoscope_eng.json,SYSTEM,PLAYER_FACING
ACCESSIBILITY::kaleidoscope_eng::111,Stone of Agony,accessibility/texts/kaleidoscope_eng.json,SYSTEM,PLAYER_FACING
ACCESSIBILITY::kaleidoscope_eng::112,Gerudo's Card,accessibility/texts/kaleidoscope_eng.json,SYSTEM,PLAYER_FACING
ACCESSIBILITY::kaleidoscope_eng::113,Skulltula Token - $0,accessibility/texts/kaleidoscope_eng.json,SYSTEM,PLAYER_FACING
ACCESSIBILITY::kaleidoscope_eng::114,Piece of Heart - $0,accessibility/texts/kaleidoscope_eng.json,SYSTEM,PLAYER_FACING
ACCESSIBILITY::kaleidoscope_eng::115,Piece of Heart,accessibility/texts/kaleidoscope_eng.json,SYSTEM,PLAYER_FACING
ACCESSIBILITY::kaleidoscope_eng::116,Boss Key,accessibility/texts/kaleidoscope_eng.json,SYSTEM,PLAYER_FACING
ACCESSIBILITY::kaleidoscope_eng::117,Compass,accessibility/texts/kaleidoscope_eng.json,SYSTEM,PLAYER_FACING
ACCESSIBILITY::kaleidoscope_eng::118,Dungeon Map,accessibility/texts/kaleidoscope_eng.json,SYSTEM,PLAYER_FACING
ACCESSIBILITY::kaleidoscope_eng::119,Small Key,accessibility/texts/kaleidoscope_eng.json,SYSTEM,PLAYER_FACING
ACCESSIBILITY::kaleidoscope_eng::120,MAGIC SMALL,accessibility/texts/kaleidoscope_eng.json,SYSTEM,PLAYER_FACING
ACCESSIBILITY::kaleidoscope_eng::121,MAGIC LARGE,accessibility/texts/kaleidoscope_eng.json,SYSTEM,PLAYER_FACING
ACCESSIBILITY::kaleidoscope_eng::122,Biggoron's Sword,accessibility/texts/kaleidoscope_eng.json,SYSTEM,PLAYER_FACING
ACCESSIBILITY::kaleidoscope_eng::123,INVALID 1,accessibility/texts/kaleidoscope_eng.json,SYSTEM,PLAYER_FACING
ACCESSIBILITY::kaleidoscope_eng::124,INVALID 2,accessibility/texts/kaleidoscope_eng.json,SYSTEM,PLAYER_FACING
ACCESSIBILITY::kaleidoscope_eng::125,INVALID 3,accessibility/texts/kaleidoscope_eng.json,SYSTEM,PLAYER_FACING
ACCESSIBILITY::kaleidoscope_eng::126,INVALID 4,accessibility/texts/kaleidoscope_eng.json,SYSTEM,PLAYER_FACING
ACCESSIBILITY::kaleidoscope_eng::127,INVALID 5,accessibility/texts/kaleidoscope_eng.json,SYSTEM,PLAYER_FACING
ACCESSIBILITY::kaleidoscope_eng::128,INVALID 6,accessibility/texts/kaleidoscope_eng.json,SYSTEM,PLAYER_FACING
ACCESSIBILITY::kaleidoscope_eng::129,INVALID 7,accessibility/texts/kaleidoscope_eng.json,SYSTEM,PLAYER_FACING
ACCESSIBILITY::kaleidoscope_eng::130,Milk,accessibility/texts/kaleidoscope_eng.json,SYSTEM,PLAYER_FACING
ACCESSIBILITY::kaleidoscope_eng::131,Recovery Heart,accessibility/texts/kaleidoscope_eng.json,SYSTEM,PLAYER_FACING
ACCESSIBILITY::kaleidoscope_eng::132,Green Rupee,accessibility/texts/kaleidoscope_eng.json,SYSTEM,PLAYER_FACING
ACCESSIBILITY::kaleidoscope_eng::133,Blue Rupee,accessibility/texts/kaleidoscope_eng.json,SYSTEM,PLAYER_FACING
ACCESSIBILITY::kaleidoscope_eng::134,Red Rupee,accessibility/texts/kaleidoscope_eng.json,SYSTEM,PLAYER_FACING
ACCESSIBILITY::kaleidoscope_eng::135,Purple Rupee,accessibility/texts/kaleidoscope_eng.json,SYSTEM,PLAYER_FACING
ACCESSIBILITY::kaleidoscope_eng::136,Gold Rupee,accessibility/texts/kaleidoscope_eng.json,SYSTEM,PLAYER_FACING
ACCESSIBILITY::kaleidoscope_eng::137,INVALID 8,accessibility/texts/kaleidoscope_eng.json,SYSTEM,PLAYER_FACING
ACCESSIBILITY::kaleidoscope_eng::138,STICKS 5,accessibility/texts/kaleidoscope_eng.json,SYSTEM,PLAYER_FACING
ACCESSIBILITY::kaleidoscope_eng::139,STICKS 10,accessibility/texts/kaleidoscope_eng.json,SYSTEM,PLAYER_FACING
ACCESSIBILITY::kaleidoscope_eng::140,NUTS 5,accessibility/texts/kaleidoscope_eng.json,SYSTEM,PLAYER_FACING
ACCESSIBILITY::kaleidoscope_eng::141,NUTS 10,accessibility/texts/kaleidoscope_eng.json,SYSTEM,PLAYER_FACING
ACCESSIBILITY::kaleidoscope_eng::142,BOMBS 5,accessibility/texts/kaleidoscope_eng.json,SYSTEM,PLAYER_FACING
ACCESSIBILITY::kaleidoscope_eng::143,BOMBS 10,accessibility/texts/kaleidoscope_eng.json,SYSTEM,PLAYER_FACING
ACCESSIBILITY::kaleidoscope_eng::144,BOMBS 20,accessibility/texts/kaleidoscope_eng.json,SYSTEM,PLAYER_FACING
ACCESSIBILITY::kaleidoscope_eng::145,BOMBS 30,accessibility/texts/kaleidoscope_eng.json,SYSTEM,PLAYER_FACING
ACCESSIBILITY::kaleidoscope_eng::146,ARROWS SMALL,accessibility/texts/kaleidoscope_eng.json,SYSTEM,PLAYER_FACING
ACCESSIBILITY::kaleidoscope_eng::147,ARROWS MEDIUM,accessibility/texts/kaleidoscope_eng.json,SYSTEM,PLAYER_FACING
ACCESSIBILITY::kaleidoscope_eng::148,ARROWS LARGE,accessibility/texts/kaleidoscope_eng.json,SYSTEM,PLAYER_FACING
ACCESSIBILITY::kaleidoscope_eng::149,SEEDS 30,accessibility/texts/kaleidoscope_eng.json,SYSTEM,PLAYER_FACING
ACCESSIBILITY::kaleidoscope_eng::150,BOMBCHUS 5,accessibility/texts/kaleidoscope_eng.json,SYSTEM,PLAYER_FACING
ACCESSIBILITY::kaleidoscope_eng::151,BOMBCHUS 20,accessibility/texts/kaleidoscope_eng.json,SYSTEM,PLAYER_FACING
ACCESSIBILITY::kaleidoscope_eng::152,STICK UPGRADE 20,accessibility/texts/kaleidoscope_eng.json,SYSTEM,PLAYER_FACING
ACCESSIBILITY::kaleidoscope_eng::153,STICK UPGRADE 30,accessibility/texts/kaleidoscope_eng.json,SYSTEM,PLAYER_FACING
ACCESSIBILITY::kaleidoscope_eng::154,NUT UPGRADE 30,accessibility/texts/kaleidoscope_eng.json,SYSTEM,PLAYER_FACING
ACCESSIBILITY::kaleidoscope_eng::155,NUT UPGRADE 40,accessibility/texts/kaleidoscope_eng.json,SYSTEM,PLAYER_FACING
ACCESSIBILITY::kaleidoscope_eng::256,Haunted Wasteland,accessibility/texts/kaleidoscope_eng.json,SYSTEM,PLAYER_FACING
ACCESSIBILITY::kaleidoscope_eng::257,Gerudos Fortress,accessibility/texts/kaleidoscope_eng.json,SYSTEM,PLAYER_FACING
ACCESSIBILITY::kaleidoscope_eng::258,Gerudo Valley,accessibility/texts/kaleidoscope_eng.json,SYSTEM,PLAYER_FACING
ACCESSIBILITY::kaleidoscope_eng::259,Hylia Lakeside,accessibility/texts/kaleidoscope_eng.json,SYSTEM,PLAYER_FACING
ACCESSIBILITY::kaleidoscope_eng::260,Lon Lon Ranch,accessibility/texts/kaleidoscope_eng.json,SYSTEM,PLAYER_FACING
ACCESSIBILITY::kaleidoscope_eng::261,Market,accessibility/texts/kaleidoscope_eng.json,SYSTEM,PLAYER_FACING
ACCESSIBILITY::kaleidoscope_eng::262,Hyrule Field,accessibility/texts/kaleidoscope_eng.json,SYSTEM,PLAYER_FACING
ACCESSIBILITY::kaleidoscope_eng::263,Death Mountain,accessibility/texts/kaleidoscope_eng.json,SYSTEM,PLAYER_FACING
ACCESSIBILITY::kaleidoscope_eng::264,Kakariko Village,accessibility/texts/kaleidoscope_eng.json,SYSTEM,PLAYER_FACING
ACCESSIBILITY::kaleidoscope_eng::265,Lost Woods,accessibility/texts/kaleidoscope_eng.json,SYSTEM,PLAYER_FACING
ACCESSIBILITY::kaleidoscope_eng::266,Kokiri Forest,accessibility/texts/kaleidoscope_eng.json,SYSTEM,PLAYER_FACING
ACCESSIBILITY::kaleidoscope_eng::267,Zoras Domain,accessibility/texts/kaleidoscope_eng.json,SYSTEM,PLAYER_FACING
ACCESSIBILITY::kaleidoscope_eng::292,Hyrule Field,accessibility/texts/kaleidoscope_eng.json,SYSTEM,PLAYER_FACING
ACCESSIBILITY::kaleidoscope_eng::293,Kakariko Village,accessibility/texts/kaleidoscope_eng.json,SYSTEM,PLAYER_FACING
ACCESSIBILITY::kaleidoscope_eng::294,Graveyard,accessibility/texts/kaleidoscope_eng.json,SYSTEM,PLAYER_FACING
ACCESSIBILITY::kaleidoscope_eng::295,Zoras River,accessibility/texts/kaleidoscope_eng.json,SYSTEM,PLAYER_FACING
ACCESSIBILITY::kaleidoscope_eng::296,Kokiri Forest,accessibility/texts/kaleidoscope_eng.json,SYSTEM,PLAYER_FACING
ACCESSIBILITY::kaleidoscope_eng::297,Sacred Forest Meadow,accessibility/texts/kaleidoscope_eng.json,SYSTEM,PLAYER_FACING
ACCESSIBILITY::kaleidoscope_eng::298,Lake Hylia,accessibility/texts/kaleidoscope_eng.json,SYSTEM,PLAYER_FACING
ACCESSIBILITY::kaleidoscope_eng::299,Zoras Domain,accessibility/texts/kaleidoscope_eng.json,SYSTEM,PLAYER_FACING
ACCESSIBILITY::kaleidoscope_eng::300,Zoras Fountain,accessibility/texts/kaleidoscope_eng.json,SYSTEM,PLAYER_FACING
ACCESSIBILITY::kaleidoscope_eng::301,Gerudo Valley,accessibility/texts/kaleidoscope_eng.json,SYSTEM,PLAYER_FACING
ACCESSIBILITY::kaleidoscope_eng::302,Lost Woods,accessibility/texts/kaleidoscope_eng.json,SYSTEM,PLAYER_FACING
ACCESSIBILITY::kaleidoscope_eng::303,Desert Colossus,accessibility/texts/kaleidoscope_eng.json,SYSTEM,PLAYER_FACING
ACCESSIBILITY::kaleidoscope_eng::304,Gerudo's Fortress,accessibility/texts/kaleidoscope_eng.json,SYSTEM,PLAYER_FACING
ACCESSIBILITY::kaleidoscope_eng::305,Haunted Wasteland,accessibility/texts/kaleidoscope_eng.json,SYSTEM,PLAYER_FACING
ACCESSIBILITY::kaleidoscope_eng::306,Market,accessibility/texts/kaleidoscope_eng.json,SYSTEM,PLAYER_FACING
ACCESSIBILITY::kaleidoscope_eng::307,Hyrule Castle,accessibility/texts/kaleidoscope_eng.json,SYSTEM,PLAYER_FACING
ACCESSIBILITY::kaleidoscope_eng::308,Death Mountain Trail,accessibility/texts/kaleidoscope_eng.json,SYSTEM,PLAYER_FACING
ACCESSIBILITY::kaleidoscope_eng::309,Death Mountain Crater,accessibility/texts/kaleidoscope_eng.json,SYSTEM,PLAYER_FACING
ACCESSIBILITY::kaleidoscope_eng::310,Goron City,accessibility/texts/kaleidoscope_eng.json,SYSTEM,PLAYER_FACING
ACCESSIBILITY::kaleidoscope_eng::311,Lon Lon Ranch,accessibility/texts/kaleidoscope_eng.json,SYSTEM,PLAYER_FACING
ACCESSIBILITY::kaleidoscope_eng::312,Question Mark,accessibility/texts/kaleidoscope_eng.json,SYSTEM,PLAYER_FACING
ACCESSIBILITY::kaleidoscope_eng::313,Ganon's Castle,accessibility/texts/kaleidoscope_eng.json,SYSTEM,PLAYER_FACING
ACCESSIBILITY::filechoose_ger::file1,Datei 1,accessibility/texts/filechoose_ger.json,SYSTEM,FALSE_POSITIVE
ACCESSIBILITY::filechoose_ger::file2,Datei 2,accessibility/texts/filechoose_ger.json,SYSTEM,FALSE_POSITIVE
ACCESSIBILITY::filechoose_ger::file3,Datei 3,accessibility/texts/filechoose_ger.json,SYSTEM,FALSE_POSITIVE
ACCESSIBILITY::filechoose_ger::options,Optionen,accessibility/texts/filechoose_ger.json,SYSTEM,FALSE_POSITIVE
ACCESSIBILITY::filechoose_ger::copy,Kopieren,accessibility/texts/filechoose_ger.json,SYSTEM,FALSE_POSITIVE
ACCESSIBILITY::filechoose_ger::erase,Löschen,accessibility/texts/filechoose_ger.json,SYSTEM,FALSE_POSITIVE
ACCESSIBILITY::filechoose_ger::quit,Zurück,accessibility/texts/filechoose_ger.json,SYSTEM,FALSE_POSITIVE
ACCESSIBILITY::filechoose_ger::confirm,Ja,accessibility/texts/filechoose_ger.json,SYSTEM,FALSE_POSITIVE
ACCESSIBILITY::filechoose_ger::end,Ende,accessibility/texts/filechoose_ger.json,SYSTEM,FALSE_POSITIVE
ACCESSIBILITY::filechoose_ger::hyphen,Bindestrich,accessibility/texts/filechoose_ger.json,SYSTEM,FALSE_POSITIVE
ACCESSIBILITY::filechoose_ger::period,Punkt,accessibility/texts/filechoose_ger.json,SYSTEM,FALSE_POSITIVE
ACCESSIBILITY::filechoose_ger::space,Raum,accessibility/texts/filechoose_ger.json,SYSTEM,FALSE_POSITIVE
ACCESSIBILITY::filechoose_ger::backspace,Rücktaste,accessibility/texts/filechoose_ger.json,SYSTEM,FALSE_POSITIVE
ACCESSIBILITY::filechoose_ger::capital_letter,Großbuchstabe $0,accessibility/texts/filechoose_ger.json,SYSTEM,FALSE_POSITIVE
ACCESSIBILITY::filechoose_ger::audio_stereo,Sound - Stereo,accessibility/texts/filechoose_ger.json,SYSTEM,FALSE_POSITIVE
ACCESSIBILITY::filechoose_ger::audio_mono,Sound - Mono,accessibility/texts/filechoose_ger.json,SYSTEM,FALSE_POSITIVE
ACCESSIBILITY::filechoose_ger::audio_headset,Sound - Kopfhörer,accessibility/texts/filechoose_ger.json,SYSTEM,FALSE_POSITIVE
ACCESSIBILITY::filechoose_ger::audio_surround,Sound - Surround,accessibility/texts/filechoose_ger.json,SYSTEM,FALSE_POSITIVE
ACCESSIBILITY::filechoose_ger::target_switch,Zielerfassung - Einmal drücken,accessibility/texts/filechoose_ger.json,SYSTEM,FALSE_POSITIVE
ACCESSIBILITY::filechoose_ger::target_hold,Zielerfassung - Trigger halten,accessibility/texts/filechoose_ger.json,SYSTEM,FALSE_POSITIVE
ACCESSIBILITY::filechoose_ger::language_english,Sprache - Englisch,accessibility/texts/filechoose_ger.json,SYSTEM,FALSE_POSITIVE
ACCESSIBILITY::filechoose_ger::language_german,Sprache - Deutsch,accessibility/texts/filechoose_ger.json,SYSTEM,FALSE_POSITIVE
ACCESSIBILITY::filechoose_ger::language_french,Sprache - Französisch,accessibility/texts/filechoose_ger.json,SYSTEM,FALSE_POSITIVE
ACCESSIBILITY::filechoose_ger::quest_sel_vanilla,Quest - Original,accessibility/texts/filechoose_ger.json,SYSTEM,FALSE_POSITIVE
ACCESSIBILITY::filechoose_ger::quest_sel_mq,Quest - Master Quest,accessibility/texts/filechoose_ger.json,SYSTEM,FALSE_POSITIVE
ACCESSIBILITY::filechoose_ger::quest_sel_randomizer,Quest - Randomizer,accessibility/texts/filechoose_ger.json,SYSTEM,FALSE_POSITIVE
ACCESSIBILITY::filechoose_ger::quest_sel_boss_rush,Quest - Boss Rush,accessibility/texts/filechoose_ger.json,SYSTEM,FALSE_POSITIVE
ACCESSIBILITY::scenes_fra::0,Arbre Mojo,accessibility/texts/scenes_fra.json,SYSTEM,FALSE_POSITIVE
ACCESSIBILITY::scenes_fra::1,Caverne Dodongo,accessibility/texts/scenes_fra.json,SYSTEM,FALSE_POSITIVE
ACCESSIBILITY::scenes_fra::2,Ventre de Jabu-Jabu,accessibility/texts/scenes_fra.json,SYSTEM,FALSE_POSITIVE
ACCESSIBILITY::scenes_fra::3,Temple de la Forêt,accessibility/texts/scenes_fra.json,SYSTEM,FALSE_POSITIVE
ACCESSIBILITY::scenes_fra::4,Temple du Feu,accessibility/texts/scenes_fra.json,SYSTEM,FALSE_POSITIVE
ACCESSIBILITY::scenes_fra::5,Temple de l'Eau,accessibility/texts/scenes_fra.json,SYSTEM,FALSE_POSITIVE
ACCESSIBILITY::scenes_fra::6,Temple de l'Esprit,accessibility/texts/scenes_fra.json,SYSTEM,FALSE_POSITIVE
ACCESSIBILITY::scenes_fra::7,Temple de l'Ombre,accessibility/texts/scenes_fra.json,SYSTEM,FALSE_POSITIVE
ACCESSIBILITY::scenes_fra::8,Puits,accessibility/texts/scenes_fra.json,SYSTEM,FALSE_POSITIVE
ACCESSIBILITY::scenes_fra::9,Caverne Polaire,accessibility/texts/scenes_fra.json,SYSTEM,FALSE_POSITIVE
ACCESSIBILITY::scenes_fra::11,Gymnase Gerudo,accessibility/texts/scenes_fra.json,SYSTEM,FALSE_POSITIVE
ACCESSIBILITY::scenes_fra::12,Repaire des Voleurs,accessibility/texts/scenes_fra.json,SYSTEM,FALSE_POSITIVE
ACCESSIBILITY::scenes_fra::13,Tour de Ganon,accessibility/texts/scenes_fra.json,SYSTEM,FALSE_POSITIVE
ACCESSIBILITY::scenes_fra::16,Chasse aux Trésors,accessibility/texts/scenes_fra.json,SYSTEM,FALSE_POSITIVE
ACCESSIBILITY::scenes_fra::17,Monstre Insectoide Géant - Gohma,accessibility/texts/scenes_fra.json,SYSTEM,FALSE_POSITIVE
ACCESSIBILITY::scenes_fra::18,Dinosaure Infernal - King Dodongo,accessibility/texts/scenes_fra.json,SYSTEM,FALSE_POSITIVE
ACCESSIBILITY::scenes_fra::19,Anémone Bio-Electrique - Barinade,accessibility/texts/scenes_fra.json,SYSTEM,FALSE_POSITIVE
ACCESSIBILITY::scenes_fra::20,Esprit Maléfique de l'Au-Delà - Ganon Spectral,accessibility/texts/scenes_fra.json,SYSTEM,FALSE_POSITIVE
ACCESSIBILITY::scenes_fra::21,Dragon des Profondeurs - Volcania,accessibility/texts/scenes_fra.json,SYSTEM,FALSE_POSITIVE
ACCESSIBILITY::scenes_fra::22,Amibe Aquatique Géante - Morpha,accessibility/texts/scenes_fra.json,SYSTEM,FALSE_POSITIVE
ACCESSIBILITY::scenes_fra::23,Sorcières Jumelles - Duo Maléfique,accessibility/texts/scenes_fra.json,SYSTEM,FALSE_POSITIVE
ACCESSIBILITY::scenes_fra::24,Monstre de l'Ombre - Bongo Bongo,accessibility/texts/scenes_fra.json,SYSTEM,FALSE_POSITIVE
ACCESSIBILITY::scenes_fra::25,Seigneur du Malin - Ganondorf,accessibility/texts/scenes_fra.json,SYSTEM,FALSE_POSITIVE
ACCESSIBILITY::scenes_fra::30,Ruelle,accessibility/texts/scenes_fra.json,SYSTEM,FALSE_POSITIVE
ACCESSIBILITY::scenes_fra::31,Ruelle,accessibility/texts/scenes_fra.json,SYSTEM,FALSE_POSITIVE
ACCESSIBILITY::scenes_fra::32,Place du Marché,accessibility/texts/scenes_fra.json,SYSTEM,FALSE_POSITIVE
ACCESSIBILITY::scenes_fra::33,Place du Marché,accessibility/texts/scenes_fra.json,SYSTEM,FALSE_POSITIVE
ACCESSIBILITY::scenes_fra::34,Place du Marché,accessibility/texts/scenes_fra.json,SYSTEM,FALSE_POSITIVE
ACCESSIBILITY::scenes_fra::36,SCENE_SHRINE_N,accessibility/texts/scenes_fra.json,SYSTEM,FALSE_POSITIVE
ACCESSIBILITY::scenes_fra::37,SCENE_SHRINE_R,accessibility/texts/scenes_fra.json,SYSTEM,FALSE_POSITIVE
ACCESSIBILITY::scenes_fra::44,Bazar,accessibility/texts/scenes_fra.json,SYSTEM,FALSE_POSITIVE
ACCESSIBILITY::scenes_fra::45,Boutique Kokiri,accessibility/texts/scenes_fra.json,SYSTEM,FALSE_POSITIVE
ACCESSIBILITY::scenes_fra::46,Boutique Goron,accessibility/texts/scenes_fra.json,SYSTEM,FALSE_POSITIVE
ACCESSIBILITY::scenes_fra::47,Boutique Zora,accessibility/texts/scenes_fra.json,SYSTEM,FALSE_POSITIVE
ACCESSIBILITY::scenes_fra::49,Apothicaire,accessibility/texts/scenes_fra.json,SYSTEM,FALSE_POSITIVE
ACCESSIBILITY::scenes_fra::51,Foire aux Masques,accessibility/texts/scenes_fra.json,SYSTEM,FALSE_POSITIVE
ACCESSIBILITY::scenes_fra::54,Étable,accessibility/texts/scenes_fra.json,SYSTEM,FALSE_POSITIVE
ACCESSIBILITY::scenes_fra::56,Laboratoire du Lac,accessibility/texts/scenes_fra.json,SYSTEM,FALSE_POSITIVE
ACCESSIBILITY::scenes_fra::58,Cabane du fossoyeur,accessibility/texts/scenes_fra.json,SYSTEM,FALSE_POSITIVE
ACCESSIBILITY::scenes_fra::59,Fontaine Royale des Fées,accessibility/texts/scenes_fra.json,SYSTEM,FALSE_POSITIVE
ACCESSIBILITY::scenes_fra::60,Fontaine des Fées,accessibility/texts/scenes_fra.json,SYSTEM,FALSE_POSITIVE
ACCESSIBILITY::scenes_fra::61,Fontaine Royale des Fées,accessibility/texts/scenes_fra.json,SYSTEM,FALSE_POSITIVE
ACCESSIBILITY::scenes_fra::65,Tombe Royale,accessibility/texts/scenes_fra.json,SYSTEM,FALSE_POSITIVE
ACCESSIBILITY::scenes_fra::66,Jeu d'adresse,accessibility/texts/scenes_fra.json,SYSTEM,FALSE_POSITIVE
ACCESSIBILITY::scenes_fra::67,Temple du Temps,accessibility/texts/scenes_fra.json,SYSTEM,FALSE_POSITIVE
ACCESSIBILITY::scenes_fra::68,Sanctuaire des Sages,accessibility/texts/scenes_fra.json,SYSTEM,FALSE_POSITIVE
ACCESSIBILITY::scenes_fra::69,Cour du Château,accessibility/texts/scenes_fra.json,SYSTEM,FALSE_POSITIVE
ACCESSIBILITY::scenes_fra::70,Cour du Château,accessibility/texts/scenes_fra.json,SYSTEM,FALSE_POSITIVE
ACCESSIBILITY::scenes_fra::72,Endroit Inconnu,accessibility/texts/scenes_fra.json,SYSTEM,FALSE_POSITIVE
ACCESSIBILITY::scenes_fra::73,Étang,accessibility/texts/scenes_fra.json,SYSTEM,FALSE_POSITIVE
ACCESSIBILITY::scenes_fra::74,Cour du Château,accessibility/texts/scenes_fra.json,SYSTEM,FALSE_POSITIVE
ACCESSIBILITY::scenes_fra::75,Bowling Teigneux,accessibility/texts/scenes_fra.json,SYSTEM,FALSE_POSITIVE
ACCESSIBILITY::scenes_fra::79,Ganon,accessibility/texts/scenes_fra.json,SYSTEM,FALSE_POSITIVE
ACCESSIBILITY::scenes_fra::80,Maison des Araignées,accessibility/texts/scenes_fra.json,SYSTEM,FALSE_POSITIVE
ACCESSIBILITY::scenes_fra::81,Plaine d'Hyrule,accessibility/texts/scenes_fra.json,SYSTEM,FALSE_POSITIVE
ACCESSIBILITY::scenes_fra::82,Village Cocorico,accessibility/texts/scenes_fra.json,SYSTEM,FALSE_POSITIVE
ACCESSIBILITY::scenes_fra::83,Cimetière,accessibility/texts/scenes_fra.json,SYSTEM,FALSE_POSITIVE
ACCESSIBILITY::scenes_fra::84,Fleuve Zora,accessibility/texts/scenes_fra.json,SYSTEM,FALSE_POSITIVE
ACCESSIBILITY::scenes_fra::85,Forêt Kokiri,accessibility/texts/scenes_fra.json,SYSTEM,FALSE_POSITIVE
ACCESSIBILITY::scenes_fra::86,Bosquet Sacré,accessibility/texts/scenes_fra.json,SYSTEM,FALSE_POSITIVE
ACCESSIBILITY::scenes_fra::87,Lac Hylia,accessibility/texts/scenes_fra.json,SYSTEM,FALSE_POSITIVE
ACCESSIBILITY::scenes_fra::88,Domaine Zora,accessibility/texts/scenes_fra.json,SYSTEM,FALSE_POSITIVE
ACCESSIBILITY::scenes_fra::89,Fontaine Zora,accessibility/texts/scenes_fra.json,SYSTEM,FALSE_POSITIVE
ACCESSIBILITY::scenes_fra::90,Vallée Gerudo,accessibility/texts/scenes_fra.json,SYSTEM,FALSE_POSITIVE
ACCESSIBILITY::scenes_fra::91,Bois Perdu,accessibility/texts/scenes_fra.json,SYSTEM,FALSE_POSITIVE
ACCESSIBILITY::scenes_fra::92,Colosse du Désert,accessibility/texts/scenes_fra.json,SYSTEM,FALSE_POSITIVE
ACCESSIBILITY::scenes_fra::93,Forteresse Gerudo,accessibility/texts/scenes_fra.json,SYSTEM,FALSE_POSITIVE
ACCESSIBILITY::scenes_fra::94,Désert Hanté,accessibility/texts/scenes_fra.json,SYSTEM,FALSE_POSITIVE
ACCESSIBILITY::scenes_fra::95,Château d'Hyrule,accessibility/texts/scenes_fra.json,SYSTEM,FALSE_POSITIVE
ACCESSIBILITY::scenes_fra::96,Chemin du Péril,accessibility/texts/scenes_fra.json,SYSTEM,FALSE_POSITIVE
ACCESSIBILITY::scenes_fra::97,Cratère du Péril,accessibility/texts/scenes_fra.json,SYSTEM,FALSE_POSITIVE
ACCESSIBILITY::scenes_fra::98,Village Goron,accessibility/texts/scenes_fra.json,SYSTEM,FALSE_POSITIVE
ACCESSIBILITY::scenes_fra::99,Ranch Lon Lon,accessibility/texts/scenes_fra.json,SYSTEM,FALSE_POSITIVE
ACCESSIBILITY::misc_fra::minutes_plural,$0 minutes,accessibility/texts/misc_fra.json,SYSTEM,FALSE_POSITIVE
ACCESSIBILITY::misc_fra::minutes_singular,$0 minute,accessibility/texts/misc_fra.json,SYSTEM,FALSE_POSITIVE
ACCESSIBILITY::misc_fra::seconds_plural,$0 secondes,accessibility/texts/misc_fra.json,SYSTEM,FALSE_POSITIVE
ACCESSIBILITY::misc_fra::seconds_singular,$0 seconde,accessibility/texts/misc_fra.json,SYSTEM,FALSE_POSITIVE
ACCESSIBILITY::misc_fra::input_button_a,le bouton A,accessibility/texts/misc_fra.json,SYSTEM,FALSE_POSITIVE
ACCESSIBILITY::misc_fra::input_button_b,le bouton B,accessibility/texts/misc_fra.json,SYSTEM,FALSE_POSITIVE
ACCESSIBILITY::misc_fra::input_button_c,le bouton C,accessibility/texts/misc_fra.json,SYSTEM,FALSE_POSITIVE
ACCESSIBILITY::misc_fra::input_button_l,le bouton L,accessibility/texts/misc_fra.json,SYSTEM,FALSE_POSITIVE
ACCESSIBILITY::misc_fra::input_button_r,le bouton R,accessibility/texts/misc_fra.json,SYSTEM,FALSE_POSITIVE
ACCESSIBILITY::misc_fra::input_button_z,le bouton Z,accessibility/texts/misc_fra.json,SYSTEM,FALSE_POSITIVE
ACCESSIBILITY::misc_fra::input_button_c_up,C Haut,accessibility/texts/misc_fra.json,SYSTEM,FALSE_POSITIVE
ACCESSIBILITY::misc_fra::input_button_c_down,C Bas,accessibility/texts/misc_fra.json,SYSTEM,FALSE_POSITIVE
ACCESSIBILITY::misc_fra::input_button_c_left,C Gauche,accessibility/texts/misc_fra.json,SYSTEM,FALSE_POSITIVE
ACCESSIBILITY::misc_fra::input_button_c_right,C Droit,accessibility/texts/misc_fra.json,SYSTEM,FALSE_POSITIVE
ACCESSIBILITY::misc_fra::input_analog_stick,le Stick Analogique,accessibility/texts/misc_fra.json,SYSTEM,FALSE_POSITIVE
ACCESSIBILITY::misc_fra::input_d_pad,D-Pad,accessibility/texts/misc_fra.json,SYSTEM,FALSE_POSITIVE
ACCESSIBILITY::misc_fra::input_d_pad_up,D-Pad Haut,accessibility/texts/misc_fra.json,SYSTEM,FALSE_POSITIVE
ACCESSIBILITY::misc_fra::input_d_pad_down,D-Pad Bas,accessibility/texts/misc_fra.json,SYSTEM,FALSE_POSITIVE
ACCESSIBILITY::misc_fra::input_d_pad_left,D-Pad Gauche,accessibility/texts/misc_fra.json,SYSTEM,FALSE_POSITIVE
ACCESSIBILITY::misc_fra::input_d_pad_right,D-Pad Droit,accessibility/texts/misc_fra.json,SYSTEM,FALSE_POSITIVE
ACCESSIBILITY::misc_fra::yes,Oui,accessibility/texts/misc_fra.json,SYSTEM,FALSE_POSITIVE
ACCESSIBILITY::misc_fra::no,Non,accessibility/texts/misc_fra.json,SYSTEM,FALSE_POSITIVE
ACCESSIBILITY::filechoose_fra::file1,Fichier 1,accessibility/texts/filechoose_fra.json,SYSTEM,FALSE_POSITIVE
ACCESSIBILITY::filechoose_fra::file2,Fichier 2,accessibility/texts/filechoose_fra.json,SYSTEM,FALSE_POSITIVE
ACCESSIBILITY::filechoose_fra::file3,Fichier 3,accessibility/texts/filechoose_fra.json,SYSTEM,FALSE_POSITIVE
ACCESSIBILITY::filechoose_fra::options,Options,accessibility/texts/filechoose_fra.json,SYSTEM,FALSE_POSITIVE
ACCESSIBILITY::filechoose_fra::copy,Copier,accessibility/texts/filechoose_fra.json,SYSTEM,FALSE_POSITIVE
ACCESSIBILITY::filechoose_fra::erase,Effacer,accessibility/texts/filechoose_fra.json,SYSTEM,FALSE_POSITIVE
ACCESSIBILITY::filechoose_fra::quit,Retour,accessibility/texts/filechoose_fra.json,SYSTEM,FALSE_POSITIVE
ACCESSIBILITY::filechoose_fra::confirm,Oui,accessibility/texts/filechoose_fra.json,SYSTEM,FALSE_POSITIVE
ACCESSIBILITY::filechoose_fra::end,Fin,accessibility/texts/filechoose_fra.json,SYSTEM,FALSE_POSITIVE
ACCESSIBILITY::filechoose_fra::hyphen,Trait d'union,accessibility/texts/filechoose_fra.json,SYSTEM,FALSE_POSITIVE
ACCESSIBILITY::filechoose_fra::period,Point,accessibility/texts/filechoose_fra.json,SYSTEM,FALSE_POSITIVE
ACCESSIBILITY::filechoose_fra::space,Espace,accessibility/texts/filechoose_fra.json,SYSTEM,FALSE_POSITIVE
ACCESSIBILITY::filechoose_fra::backspace,Retour arrière,accessibility/texts/filechoose_fra.json,SYSTEM,FALSE_POSITIVE
ACCESSIBILITY::filechoose_fra::capital_letter,Majuscule $0,accessibility/texts/filechoose_fra.json,SYSTEM,FALSE_POSITIVE
ACCESSIBILITY::filechoose_fra::audio_stereo,Son - Stéréo,accessibility/texts/filechoose_fra.json,SYSTEM,FALSE_POSITIVE
ACCESSIBILITY::filechoose_fra::audio_mono,Son - Mono,accessibility/texts/filechoose_fra.json,SYSTEM,FALSE_POSITIVE
ACCESSIBILITY::filechoose_fra::audio_headset,Son - Casque,accessibility/texts/filechoose_fra.json,SYSTEM,FALSE_POSITIVE
ACCESSIBILITY::filechoose_fra::audio_surround,Son - Surround,accessibility/texts/filechoose_fra.json,SYSTEM,FALSE_POSITIVE
ACCESSIBILITY::filechoose_fra::target_switch,Visée - Fixe,accessibility/texts/filechoose_fra.json,SYSTEM,FALSE_POSITIVE
ACCESSIBILITY::filechoose_fra::target_hold,Visée - Maintenue,accessibility/texts/filechoose_fra.json,SYSTEM,FALSE_POSITIVE
ACCESSIBILITY::filechoose_fra::language_english,Langue - Anglaise,accessibility/texts/filechoose_fra.json,SYSTEM,FALSE_POSITIVE
ACCESSIBILITY::filechoose_fra::language_german,Langue - Allemande,accessibility/texts/filechoose_fra.json,SYSTEM,FALSE_POSITIVE
ACCESSIBILITY::filechoose_fra::language_french,Langue - Français,accessibility/texts/filechoose_fra.json,SYSTEM,FALSE_POSITIVE
ACCESSIBILITY::filechoose_fra::quest_sel_vanilla,Quête - Originale,accessibility/texts/filechoose_fra.json,SYSTEM,FALSE_POSITIVE
ACCESSIBILITY::filechoose_fra::quest_sel_mq,Quête - Master Quest,accessibility/texts/filechoose_fra.json,SYSTEM,FALSE_POSITIVE
ACCESSIBILITY::filechoose_fra::quest_sel_randomizer,Quête - Randomizer,accessibility/texts/filechoose_fra.json,SYSTEM,FALSE_POSITIVE
ACCESSIBILITY::filechoose_fra::quest_sel_boss_rush,Quête - Boss Rush,accessibility/texts/filechoose_fra.json,SYSTEM,FALSE_POSITIVE
ACCESSIBILITY::misc_ger::minutes_plural,$0 Minuten,accessibility/texts/misc_ger.json,SYSTEM,FALSE_POSITIVE
ACCESSIBILITY::misc_ger::minutes_singular,eine Minute,accessibility/texts/misc_ger.json,SYSTEM,FALSE_POSITIVE
ACCESSIBILITY::misc_ger::seconds_plural,$0 Sekunden,accessibility/texts/misc_ger.json,SYSTEM,FALSE_POSITIVE
ACCESSIBILITY::misc_ger::seconds_singular,eine Sekunde,accessibility/texts/misc_ger.json,SYSTEM,FALSE_POSITIVE
ACCESSIBILITY::misc_ger::input_button_a,den A-Knopf,accessibility/texts/misc_ger.json,SYSTEM,FALSE_POSITIVE
ACCESSIBILITY::misc_ger::input_button_b,den B-Knopf,accessibility/texts/misc_ger.json,SYSTEM,FALSE_POSITIVE
ACCESSIBILITY::misc_ger::input_button_c,den C-Knopf,accessibility/texts/misc_ger.json,SYSTEM,FALSE_POSITIVE
ACCESSIBILITY::misc_ger::input_button_l,den L-Knopf,accessibility/texts/misc_ger.json,SYSTEM,FALSE_POSITIVE
ACCESSIBILITY::misc_ger::input_button_r,den R-Knopf,accessibility/texts/misc_ger.json,SYSTEM,FALSE_POSITIVE
ACCESSIBILITY::misc_ger::input_button_z,den Z-Knopf,accessibility/texts/misc_ger.json,SYSTEM,FALSE_POSITIVE
ACCESSIBILITY::misc_ger::input_button_c_up,C Oben,accessibility/texts/misc_ger.json,SYSTEM,FALSE_POSITIVE
ACCESSIBILITY::misc_ger::input_button_c_down,C Unten,accessibility/texts/misc_ger.json,SYSTEM,FALSE_POSITIVE
ACCESSIBILITY::misc_ger::input_button_c_left,C Links,accessibility/texts/misc_ger.json,SYSTEM,FALSE_POSITIVE
ACCESSIBILITY::misc_ger::input_button_c_right,C Rechts,accessibility/texts/misc_ger.json,SYSTEM,FALSE_POSITIVE
ACCESSIBILITY::misc_ger::input_analog_stick,den Analog-Stick,accessibility/texts/misc_ger.json,SYSTEM,FALSE_POSITIVE
ACCESSIBILITY::misc_ger::input_d_pad,das Steuerkreuz,accessibility/texts/misc_ger.json,SYSTEM,FALSE_POSITIVE
ACCESSIBILITY::misc_ger::input_d_pad_up,Steuerkreuz Oben,accessibility/texts/misc_ger.json,SYSTEM,FALSE_POSITIVE
ACCESSIBILITY::misc_ger::input_d_pad_down,Steuerkreuz Unten,accessibility/texts/misc_ger.json,SYSTEM,FALSE_POSITIVE
ACCESSIBILITY::misc_ger::input_d_pad_left,Steuerkreuz Links,accessibility/texts/misc_ger.json,SYSTEM,FALSE_POSITIVE
ACCESSIBILITY::misc_ger::input_d_pad_right,Steuerkreuz Rechts,accessibility/texts/misc_ger.json,SYSTEM,FALSE_POSITIVE
ACCESSIBILITY::misc_ger::yes,Ja,accessibility/texts/misc_ger.json,SYSTEM,FALSE_POSITIVE
ACCESSIBILITY::misc_ger::no,Nein,accessibility/texts/misc_ger.json,SYSTEM,FALSE_POSITIVE
ACCESSIBILITY::scenes_eng::0,Inside the Deku Tree,accessibility/texts/scenes_eng.json,SYSTEM,PLAYER_FACING
ACCESSIBILITY::scenes_eng::1,Dodongo's Cavern,accessibility/texts/scenes_eng.json,SYSTEM,PLAYER_FACING
ACCESSIBILITY::scenes_eng::2,Inside Jabu-Jabu's Belly,accessibility/texts/scenes_eng.json,SYSTEM,PLAYER_FACING
ACCESSIBILITY::scenes_eng::3,Forest Temple,accessibility/texts/scenes_eng.json,SYSTEM,PLAYER_FACING
ACCESSIBILITY::scenes_eng::4,Fire Temple,accessibility/texts/scenes_eng.json,SYSTEM,PLAYER_FACING
ACCESSIBILITY::scenes_eng::5,Water Temple,accessibility/texts/scenes_eng.json,SYSTEM,PLAYER_FACING
ACCESSIBILITY::scenes_eng::6,Spirit Temple,accessibility/texts/scenes_eng.json,SYSTEM,PLAYER_FACING
ACCESSIBILITY::scenes_eng::7,Shadow Temple,accessibility/texts/scenes_eng.json,SYSTEM,PLAYER_FACING
ACCESSIBILITY::scenes_eng::8,Bottom of The Well,accessibility/texts/scenes_eng.json,SYSTEM,PLAYER_FACING
ACCESSIBILITY::scenes_eng::9,Ice Cavern,accessibility/texts/scenes_eng.json,SYSTEM,PLAYER_FACING
ACCESSIBILITY::scenes_eng::11,Gerudo Training Ground,accessibility/texts/scenes_eng.json,SYSTEM,PLAYER_FACING
ACCESSIBILITY::scenes_eng::12,Thieves' Hideout,accessibility/texts/scenes_eng.json,SYSTEM,PLAYER_FACING
ACCESSIBILITY::scenes_eng::13,Ganon's Castle,accessibility/texts/scenes_eng.json,SYSTEM,PLAYER_FACING
ACCESSIBILITY::scenes_eng::16,Treasure Box Shop,accessibility/texts/scenes_eng.json,SYSTEM,PLAYER_FACING
ACCESSIBILITY::scenes_eng::17,Parasitic Armored Arachnid - Gohma,accessibility/texts/scenes_eng.json,SYSTEM,PLAYER_FACING
ACCESSIBILITY::scenes_eng::18,Infernal Dinosaur - King Dodongo,accessibility/texts/scenes_eng.json,SYSTEM,PLAYER_FACING
ACCESSIBILITY::scenes_eng::19,Bio-electric Anemone - Barinade,accessibility/texts/scenes_eng.json,SYSTEM,PLAYER_FACING
ACCESSIBILITY::scenes_eng::20,Evil Spirit from Beyond - Phantom Ganon,accessibility/texts/scenes_eng.json,SYSTEM,PLAYER_FACING
ACCESSIBILITY::scenes_eng::21,Subterranean Lava Dragon - Volvagia,accessibility/texts/scenes_eng.json,SYSTEM,PLAYER_FACING
ACCESSIBILITY::scenes_eng::22,Giant Aquatic Amoeba - Morpha,accessibility/texts/scenes_eng.json,SYSTEM,PLAYER_FACING
ACCESSIBILITY::scenes_eng::23,Sorceress Sisters - Twinrova,accessibility/texts/scenes_eng.json,SYSTEM,PLAYER_FACING
ACCESSIBILITY::scenes_eng::24,Phantom Shadow Beast - Bongo Bongo,accessibility/texts/scenes_eng.json,SYSTEM,PLAYER_FACING
ACCESSIBILITY::scenes_eng::25,Great King of Evil - Ganondorf,accessibility/texts/scenes_eng.json,SYSTEM,PLAYER_FACING
ACCESSIBILITY::scenes_eng::30,Back Alley,accessibility/texts/scenes_eng.json,SYSTEM,PLAYER_FACING
ACCESSIBILITY::scenes_eng::31,Back Alley,accessibility/texts/scenes_eng.json,SYSTEM,PLAYER_FACING
ACCESSIBILITY::scenes_eng::32,Market,accessibility/texts/scenes_eng.json,SYSTEM,PLAYER_FACING
ACCESSIBILITY::scenes_eng::33,Market,accessibility/texts/scenes_eng.json,SYSTEM,PLAYER_FACING
ACCESSIBILITY::scenes_eng::34,Market,accessibility/texts/scenes_eng.json,SYSTEM,PLAYER_FACING
ACCESSIBILITY::scenes_eng::36,SCENE_SHRINE_N,accessibility/texts/scenes_eng.json,SYSTEM,PLAYER_FACING
ACCESSIBILITY::scenes_eng::37,SCENE_SHRINE_R,accessibility/texts/scenes_eng.json,SYSTEM,PLAYER_FACING
ACCESSIBILITY::scenes_eng::44,Bazaar,accessibility/texts/scenes_eng.json,SYSTEM,PLAYER_FACING
ACCESSIBILITY::scenes_eng::45,Kokiri Shop,accessibility/texts/scenes_eng.json,SYSTEM,PLAYER_FACING
ACCESSIBILITY::scenes_eng::46,Goron Shop,accessibility/texts/scenes_eng.json,SYSTEM,PLAYER_FACING
ACCESSIBILITY::scenes_eng::47,Zora Shop,accessibility/texts/scenes_eng.json,SYSTEM,PLAYER_FACING
ACCESSIBILITY::scenes_eng::49,Potion Shop,accessibility/texts/scenes_eng.json,SYSTEM,PLAYER_FACING
ACCESSIBILITY::scenes_eng::51,Happy Mask Shop,accessibility/texts/scenes_eng.json,SYSTEM,PLAYER_FACING
ACCESSIBILITY::scenes_eng::54,Stable,accessibility/texts/scenes_eng.json,SYSTEM,PLAYER_FACING
ACCESSIBILITY::scenes_eng::56,Lakeside Laboratory,accessibility/texts/scenes_eng.json,SYSTEM,PLAYER_FACING
ACCESSIBILITY::scenes_eng::58,Gravekeepers Hut,accessibility/texts/scenes_eng.json,SYSTEM,PLAYER_FACING
ACCESSIBILITY::scenes_eng::59,Great Fairy's Fountain,accessibility/texts/scenes_eng.json,SYSTEM,PLAYER_FACING
ACCESSIBILITY::scenes_eng::60,Fairy's Fountain,accessibility/texts/scenes_eng.json,SYSTEM,PLAYER_FACING
ACCESSIBILITY::scenes_eng::61,Great Fairy's Fountain,accessibility/texts/scenes_eng.json,SYSTEM,PLAYER_FACING
ACCESSIBILITY::scenes_eng::65,Royal Family's Tomb,accessibility/texts/scenes_eng.json,SYSTEM,PLAYER_FACING
ACCESSIBILITY::scenes_eng::66,Shooting Gallery,accessibility/texts/scenes_eng.json,SYSTEM,PLAYER_FACING
ACCESSIBILITY::scenes_eng::67,Temple of Time,accessibility/texts/scenes_eng.json,SYSTEM,PLAYER_FACING
ACCESSIBILITY::scenes_eng::68,Chamber of The Sages,accessibility/texts/scenes_eng.json,SYSTEM,PLAYER_FACING
ACCESSIBILITY::scenes_eng::69,Castle Courtyard,accessibility/texts/scenes_eng.json,SYSTEM,PLAYER_FACING
ACCESSIBILITY::scenes_eng::70,Castle Courtyard,accessibility/texts/scenes_eng.json,SYSTEM,PLAYER_FACING
ACCESSIBILITY::scenes_eng::72,Unknown Place,accessibility/texts/scenes_eng.json,SYSTEM,PLAYER_FACING
ACCESSIBILITY::scenes_eng::73,Fishing Pond,accessibility/texts/scenes_eng.json,SYSTEM,PLAYER_FACING
ACCESSIBILITY::scenes_eng::74,Castle Courtyard,accessibility/texts/scenes_eng.json,SYSTEM,PLAYER_FACING
ACCESSIBILITY::scenes_eng::75,Bombchu Bowling Alley,accessibility/texts/scenes_eng.json,SYSTEM,PLAYER_FACING
ACCESSIBILITY::scenes_eng::79,Ganon,accessibility/texts/scenes_eng.json,SYSTEM,PLAYER_FACING
ACCESSIBILITY::scenes_eng::80,House of Skulltula,accessibility/texts/scenes_eng.json,SYSTEM,PLAYER_FACING
ACCESSIBILITY::scenes_eng::81,Hyrule Field,accessibility/texts/scenes_eng.json,SYSTEM,PLAYER_FACING
ACCESSIBILITY::scenes_eng::82,Kakariko Village,accessibility/texts/scenes_eng.json,SYSTEM,PLAYER_FACING
ACCESSIBILITY::scenes_eng::83,Graveyard,accessibility/texts/scenes_eng.json,SYSTEM,PLAYER_FACING
ACCESSIBILITY::scenes_eng::84,Zora's River,accessibility/texts/scenes_eng.json,SYSTEM,PLAYER_FACING
ACCESSIBILITY::scenes_eng::85,Kokiri Forest,accessibility/texts/scenes_eng.json,SYSTEM,PLAYER_FACING
ACCESSIBILITY::scenes_eng::86,Sacred Forest Meadow,accessibility/texts/scenes_eng.json,SYSTEM,PLAYER_FACING
ACCESSIBILITY::scenes_eng::87,Lake Hylia,accessibility/texts/scenes_eng.json,SYSTEM,PLAYER_FACING
ACCESSIBILITY::scenes_eng::88,Zoras Domain,accessibility/texts/scenes_eng.json,SYSTEM,PLAYER_FACING
ACCESSIBILITY::scenes_eng::89,Zoras Fountain,accessibility/texts/scenes_eng.json,SYSTEM,PLAYER_FACING
ACCESSIBILITY::scenes_eng::90,Gerudo Valley,accessibility/texts/scenes_eng.json,SYSTEM,PLAYER_FACING
ACCESSIBILITY::scenes_eng::91,Lost Woods,accessibility/texts/scenes_eng.json,SYSTEM,PLAYER_FACING
ACCESSIBILITY::scenes_eng::92,Desert Colossus,accessibility/texts/scenes_eng.json,SYSTEM,PLAYER_FACING
ACCESSIBILITY::scenes_eng::93,Gerudo's Fortress,accessibility/texts/scenes_eng.json,SYSTEM,PLAYER_FACING
ACCESSIBILITY::scenes_eng::94,Haunted Wasteland,accessibility/texts/scenes_eng.json,SYSTEM,PLAYER_FACING
ACCESSIBILITY::scenes_eng::95,Hyrule Castle,accessibility/texts/scenes_eng.json,SYSTEM,PLAYER_FACING
ACCESSIBILITY::scenes_eng::96,Death Mountain Trail,accessibility/texts/scenes_eng.json,SYSTEM,PLAYER_FACING
ACCESSIBILITY::scenes_eng::97,Death Mountain Crater,accessibility/texts/scenes_eng.json,SYSTEM,PLAYER_FACING
ACCESSIBILITY::scenes_eng::98,Goron City,accessibility/texts/scenes_eng.json,SYSTEM,PLAYER_FACING
ACCESSIBILITY::scenes_eng::99,Lon Lon Ranch,accessibility/texts/scenes_eng.json,SYSTEM,PLAYER_FACING
ACCESSIBILITY::kaleidoscope_fra::health,Vie - $0 Coeurs,accessibility/texts/kaleidoscope_fra.json,SYSTEM,FALSE_POSITIVE
ACCESSIBILITY::kaleidoscope_fra::magic,Magie - $0,accessibility/texts/kaleidoscope_fra.json,SYSTEM,FALSE_POSITIVE
ACCESSIBILITY::kaleidoscope_fra::rupees,Rubis - $0,accessibility/texts/kaleidoscope_fra.json,SYSTEM,FALSE_POSITIVE
ACCESSIBILITY::kaleidoscope_fra::keys,Clés - $0,accessibility/texts/kaleidoscope_fra.json,SYSTEM,FALSE_POSITIVE
ACCESSIBILITY::kaleidoscope_fra::floor,Étage $0,accessibility/texts/kaleidoscope_fra.json,SYSTEM,FALSE_POSITIVE
ACCESSIBILITY::kaleidoscope_fra::basement,Sous-sol $0,accessibility/texts/kaleidoscope_fra.json,SYSTEM,FALSE_POSITIVE
ACCESSIBILITY::kaleidoscope_fra::item_menu,Inventaire,accessibility/texts/kaleidoscope_fra.json,SYSTEM,FALSE_POSITIVE
ACCESSIBILITY::kaleidoscope_fra::map_menu,Carte - $0,accessibility/texts/kaleidoscope_fra.json,SYSTEM,FALSE_POSITIVE
ACCESSIBILITY::kaleidoscope_fra::quest_menu,Statut de la quête,accessibility/texts/kaleidoscope_fra.json,SYSTEM,FALSE_POSITIVE
ACCESSIBILITY::kaleidoscope_fra::equip_menu,Equipment,accessibility/texts/kaleidoscope_fra.json,SYSTEM,FALSE_POSITIVE
ACCESSIBILITY::kaleidoscope_fra::overworld,Surmonde,accessibility/texts/kaleidoscope_fra.json,SYSTEM,FALSE_POSITIVE
ACCESSIBILITY::kaleidoscope_fra::equipped,$0 - Équipé,accessibility/texts/kaleidoscope_fra.json,SYSTEM,FALSE_POSITIVE
ACCESSIBILITY::kaleidoscope_fra::save_prompt,Voulez-vous sauvegarder ?,accessibility/texts/kaleidoscope_fra.json,SYSTEM,FALSE_POSITIVE
ACCESSIBILITY::kaleidoscope_fra::game_saved,Jeu sauvegardé,accessibility/texts/kaleidoscope_fra.json,SYSTEM,FALSE_POSITIVE
ACCESSIBILITY::kaleidoscope_fra::game_over,Game Over,accessibility/texts/kaleidoscope_fra.json,SYSTEM,FALSE_POSITIVE
ACCESSIBILITY::kaleidoscope_fra::continue_game,Continuer la partie ?,accessibility/texts/kaleidoscope_fra.json,SYSTEM,FALSE_POSITIVE
ACCESSIBILITY::kaleidoscope_fra::assigned_to,Assigné au $0,accessibility/texts/kaleidoscope_fra.json,SYSTEM,FALSE_POSITIVE
ACCESSIBILITY::kaleidoscope_fra::0,Bâton Mojo - $0,accessibility/texts/kaleidoscope_fra.json,SYSTEM,FALSE_POSITIVE
ACCESSIBILITY::kaleidoscope_fra::1,Noix Mojo - $0,accessibility/texts/kaleidoscope_fra.json,SYSTEM,FALSE_POSITIVE
ACCESSIBILITY::kaleidoscope_fra::2,Bombes - $0,accessibility/texts/kaleidoscope_fra.json,SYSTEM,FALSE_POSITIVE
ACCESSIBILITY::kaleidoscope_fra::3,Arc des Fées - $0,accessibility/texts/kaleidoscope_fra.json,SYSTEM,FALSE_POSITIVE
ACCESSIBILITY::kaleidoscope_fra::4,Flèche de Feu,accessibility/texts/kaleidoscope_fra.json,SYSTEM,FALSE_POSITIVE
ACCESSIBILITY::kaleidoscope_fra::5,Feu de Din,accessibility/texts/kaleidoscope_fra.json,SYSTEM,FALSE_POSITIVE
ACCESSIBILITY::kaleidoscope_fra::6,Lance-Pierre des Fées - $0,accessibility/texts/kaleidoscope_fra.json,SYSTEM,FALSE_POSITIVE
ACCESSIBILITY::kaleidoscope_fra::7,Ocarina des Fées,accessibility/texts/kaleidoscope_fra.json,SYSTEM,FALSE_POSITIVE
ACCESSIBILITY::kaleidoscope_fra::8,Ocarina of Temps,accessibility/texts/kaleidoscope_fra.json,SYSTEM,FALSE_POSITIVE
ACCESSIBILITY::kaleidoscope_fra::9,Missiles Teigneux - $0,accessibility/texts/kaleidoscope_fra.json,SYSTEM,FALSE_POSITIVE
ACCESSIBILITY::kaleidoscope_fra::10,Grappin,accessibility/texts/kaleidoscope_fra.json,SYSTEM,FALSE_POSITIVE
ACCESSIBILITY::kaleidoscope_fra::11,Super Grappin,accessibility/texts/kaleidoscope_fra.json,SYSTEM,FALSE_POSITIVE
ACCESSIBILITY::kaleidoscope_fra::12,Flèche de Glace,accessibility/texts/kaleidoscope_fra.json,SYSTEM,FALSE_POSITIVE
ACCESSIBILITY::kaleidoscope_fra::13,Vent de Farore,accessibility/texts/kaleidoscope_fra.json,SYSTEM,FALSE_POSITIVE
ACCESSIBILITY::kaleidoscope_fra::14,Boomerang,accessibility/texts/kaleidoscope_fra.json,SYSTEM,FALSE_POSITIVE
ACCESSIBILITY::kaleidoscope_fra::15,Monocle de Vérité,accessibility/texts/kaleidoscope_fra.json,SYSTEM,FALSE_POSITIVE
ACCESSIBILITY::kaleidoscope_fra::16,Haricot Magique - $0,accessibility/texts/kaleidoscope_fra.json,SYSTEM,FALSE_POSITIVE
ACCESSIBILITY::kaleidoscope_fra::17,Masse des Titans,accessibility/texts/kaleidoscope_fra.json,SYSTEM,FALSE_POSITIVE
ACCESSIBILITY::kaleidoscope_fra::18,Flèche de Lumière,accessibility/texts/kaleidoscope_fra.json,SYSTEM,FALSE_POSITIVE
ACCESSIBILITY::kaleidoscope_fra::19,Amour de Nayru,accessibility/texts/kaleidoscope_fra.json,SYSTEM,FALSE_POSITIVE
ACCESSIBILITY::kaleidoscope_fra::20,Bouteille Vide,accessibility/texts/kaleidoscope_fra.json,SYSTEM,FALSE_POSITIVE
ACCESSIBILITY::kaleidoscope_fra::21,Potion Rouge,accessibility/texts/kaleidoscope_fra.json,SYSTEM,FALSE_POSITIVE
ACCESSIBILITY::kaleidoscope_fra::22,Potion Verte,accessibility/texts/kaleidoscope_fra.json,SYSTEM,FALSE_POSITIVE
ACCESSIBILITY::kaleidoscope_fra::23,Potion Bleue,accessibility/texts/kaleidoscope_fra.json,SYSTEM,FALSE_POSITIVE
ACCESSIBILITY::kaleidoscope_fra::24,Fée,accessibility/texts/kaleidoscope_fra.json,SYSTEM,FALSE_POSITIVE
ACCESSIBILITY::kaleidoscope_fra::25,Poisson,accessibility/texts/kaleidoscope_fra.json,SYSTEM,FALSE_POSITIVE
ACCESSIBILITY::kaleidoscope_fra::26,Lait de Lon Lon,accessibility/texts/kaleidoscope_fra.json,SYSTEM,FALSE_POSITIVE
ACCESSIBILITY::kaleidoscope_fra::27,Lettre de Ruto,accessibility/texts/kaleidoscope_fra.json,SYSTEM,FALSE_POSITIVE
ACCESSIBILITY::kaleidoscope_fra::28,Flammme Bleue,accessibility/texts/kaleidoscope_fra.json,SYSTEM,FALSE_POSITIVE
ACCESSIBILITY::kaleidoscope_fra::29,Insectes,accessibility/texts/kaleidoscope_fra.json,SYSTEM,FALSE_POSITIVE
ACCESSIBILITY::kaleidoscope_fra::30,Âme,accessibility/texts/kaleidoscope_fra.json,SYSTEM,FALSE_POSITIVE
ACCESSIBILITY::kaleidoscope_fra::31,Lait de Lon Lon (moitié),accessibility/texts/kaleidoscope_fra.json,SYSTEM,FALSE_POSITIVE
ACCESSIBILITY::kaleidoscope_fra::32,Esprit,accessibility/texts/kaleidoscope_fra.json,SYSTEM,FALSE_POSITIVE
ACCESSIBILITY::kaleidoscope_fra::33,Oeuf Curieux,accessibility/texts/kaleidoscope_fra.json,SYSTEM,FALSE_POSITIVE
ACCESSIBILITY::kaleidoscope_fra::34,Poulet,accessibility/texts/kaleidoscope_fra.json,SYSTEM,FALSE_POSITIVE
ACCESSIBILITY::kaleidoscope_fra::35,Lettre de Zelda,accessibility/texts/kaleidoscope_fra.json,SYSTEM,FALSE_POSITIVE
ACCESSIBILITY::kaleidoscope_fra::36,Masque du Renard,accessibility/texts/kaleidoscope_fra.json,SYSTEM,FALSE_POSITIVE
ACCESSIBILITY::kaleidoscope_fra::37,Masque de Mort,accessibility/texts/kaleidoscope_fra.json,SYSTEM,FALSE_POSITIVE
ACCESSIBILITY::kaleidoscope_fra::38,Masque d'Effroi,accessibility/texts/kaleidoscope_fra.json,SYSTEM,FALSE_POSITIVE
ACCESSIBILITY::kaleidoscope_fra::39,Masque du Lapin,accessibility/texts/kaleidoscope_fra.json,SYSTEM,FALSE_POSITIVE
ACCESSIBILITY::kaleidoscope_fra::40,Masque de Goron,accessibility/texts/kaleidoscope_fra.json,SYSTEM,FALSE_POSITIVE
ACCESSIBILITY::kaleidoscope_fra::41,Masque de Zora,accessibility/texts/kaleidoscope_fra.json,SYSTEM,FALSE_POSITIVE
ACCESSIBILITY::kaleidoscope_fra::42,Masque de Gerudo,accessibility/texts/kaleidoscope_fra.json,SYSTEM,FALSE_POSITIVE
ACCESSIBILITY::kaleidoscope_fra::43,Masque de Vérité,accessibility/texts/kaleidoscope_fra.json,SYSTEM,FALSE_POSITIVE
ACCESSIBILITY::kaleidoscope_fra::44,VENDU,accessibility/texts/kaleidoscope_fra.json,SYSTEM,FALSE_POSITIVE
ACCESSIBILITY::kaleidoscope_fra::45,Oeuf de Poche,accessibility/texts/kaleidoscope_fra.json,SYSTEM,FALSE_POSITIVE
ACCESSIBILITY::kaleidoscope_fra::46,Cocotte de poche,accessibility/texts/kaleidoscope_fra.json,SYSTEM,FALSE_POSITIVE
ACCESSIBILITY::kaleidoscope_fra::47,P'tit Poulet,accessibility/texts/kaleidoscope_fra.json,SYSTEM,FALSE_POSITIVE
ACCESSIBILITY::kaleidoscope_fra::48,Champignon suspect,accessibility/texts/kaleidoscope_fra.json,SYSTEM,FALSE_POSITIVE
ACCESSIBILITY::kaleidoscope_fra::49,Mixture suspecte,accessibility/texts/kaleidoscope_fra.json,SYSTEM,FALSE_POSITIVE
ACCESSIBILITY::kaleidoscope_fra::50,Scie du chasseur,accessibility/texts/kaleidoscope_fra.json,SYSTEM,FALSE_POSITIVE
ACCESSIBILITY::kaleidoscope_fra::51,Épée de Goron (brisée),accessibility/texts/kaleidoscope_fra.json,SYSTEM,FALSE_POSITIVE
ACCESSIBILITY::kaleidoscope_fra::52,Ordonnance,accessibility/texts/kaleidoscope_fra.json,SYSTEM,FALSE_POSITIVE
ACCESSIBILITY::kaleidoscope_fra::53,Crapaud-qui-louche,accessibility/texts/kaleidoscope_fra.json,SYSTEM,FALSE_POSITIVE
ACCESSIBILITY::kaleidoscope_fra::54,Gouttes,accessibility/texts/kaleidoscope_fra.json,SYSTEM,FALSE_POSITIVE
ACCESSIBILITY::kaleidoscope_fra::55,Certificat,accessibility/texts/kaleidoscope_fra.json,SYSTEM,FALSE_POSITIVE
ACCESSIBILITY::kaleidoscope_fra::56,Arc et Flèche de Feu,accessibility/texts/kaleidoscope_fra.json,SYSTEM,FALSE_POSITIVE
ACCESSIBILITY::kaleidoscope_fra::57,Arc et Flèche de Glace,accessibility/texts/kaleidoscope_fra.json,SYSTEM,FALSE_POSITIVE
ACCESSIBILITY::kaleidoscope_fra::58,Arc et Flèche de Lumière,accessibility/texts/kaleidoscope_fra.json,SYSTEM,FALSE_POSITIVE
ACCESSIBILITY::kaleidoscope_fra::59,Épée Kokiri,accessibility/texts/kaleidoscope_fra.json,SYSTEM,FALSE_POSITIVE
ACCESSIBILITY::kaleidoscope_fra::60,Épée de Légende,accessibility/texts/kaleidoscope_fra.json,SYSTEM,FALSE_POSITIVE
ACCESSIBILITY::kaleidoscope_fra::61,Lame des Géants,accessibility/texts/kaleidoscope_fra.json,SYSTEM,FALSE_POSITIVE
ACCESSIBILITY::kaleidoscope_fra::62,Bouclier Mojo,accessibility/texts/kaleidoscope_fra.json,SYSTEM,FALSE_POSITIVE
ACCESSIBILITY::kaleidoscope_fra::63,Bouclier Hylien,accessibility/texts/kaleidoscope_fra.json,SYSTEM,FALSE_POSITIVE
ACCESSIBILITY::kaleidoscope_fra::64,Bouclier Miroir,accessibility/texts/kaleidoscope_fra.json,SYSTEM,FALSE_POSITIVE
ACCESSIBILITY::kaleidoscope_fra::65,Tunique Kokiri,accessibility/texts/kaleidoscope_fra.json,SYSTEM,FALSE_POSITIVE
ACCESSIBILITY::kaleidoscope_fra::66,Tunique Goron,accessibility/texts/kaleidoscope_fra.json,SYSTEM,FALSE_POSITIVE
ACCESSIBILITY::kaleidoscope_fra::67,Tunique Zora,accessibility/texts/kaleidoscope_fra.json,SYSTEM,FALSE_POSITIVE
ACCESSIBILITY::kaleidoscope_fra::68,Bottes Kokiri,accessibility/texts/kaleidoscope_fra.json,SYSTEM,FALSE_POSITIVE
ACCESSIBILITY::kaleidoscope_fra::69,Bottes de plomb,accessibility/texts/kaleidoscope_fra.json,SYSTEM,FALSE_POSITIVE
ACCESSIBILITY::kaleidoscope_fra::70,Bottes des airs,accessibility/texts/kaleidoscope_fra.json,SYSTEM,FALSE_POSITIVE
ACCESSIBILITY::kaleidoscope_fra::71,Sac de graines (Contient 30),accessibility/texts/kaleidoscope_fra.json,SYSTEM,FALSE_POSITIVE
ACCESSIBILITY::kaleidoscope_fra::72,Sac de graines (Contient 40),accessibility/texts/kaleidoscope_fra.json,SYSTEM,FALSE_POSITIVE
ACCESSIBILITY::kaleidoscope_fra::73,Sac de graines (Contient 50),accessibility/texts/kaleidoscope_fra.json,SYSTEM,FALSE_POSITIVE
ACCESSIBILITY::kaleidoscope_fra::74,Carquois (Contient 30),accessibility/texts/kaleidoscope_fra.json,SYSTEM,FALSE_POSITIVE
ACCESSIBILITY::kaleidoscope_fra::75,Carquois (Contient 40),accessibility/texts/kaleidoscope_fra.json,SYSTEM,FALSE_POSITIVE
ACCESSIBILITY::kaleidoscope_fra::76,Carquois (Contient 50),accessibility/texts/kaleidoscope_fra.json,SYSTEM,FALSE_POSITIVE
ACCESSIBILITY::kaleidoscope_fra::77,Sac de bombes (Contient 20),accessibility/texts/kaleidoscope_fra.json,SYSTEM,FALSE_POSITIVE
ACCESSIBILITY::kaleidoscope_fra::78,Sac de bombes (Contient 30),accessibility/texts/kaleidoscope_fra.json,SYSTEM,FALSE_POSITIVE
ACCESSIBILITY::kaleidoscope_fra::79,Sac de bombes (Contient 40),accessibility/texts/kaleidoscope_fra.json,SYSTEM,FALSE_POSITIVE
ACCESSIBILITY::kaleidoscope_fra::80,Bracelet Goron,accessibility/texts/kaleidoscope_fra.json,SYSTEM,FALSE_POSITIVE
ACCESSIBILITY::kaleidoscope_fra::81,Gantelets d'argent,accessibility/texts/kaleidoscope_fra.json,SYSTEM,FALSE_POSITIVE
ACCESSIBILITY::kaleidoscope_fra::82,Gentelets d'or,accessibility/texts/kaleidoscope_fra.json,SYSTEM,FALSE_POSITIVE
ACCESSIBILITY::kaleidoscope_fra::83,Écaille d'argent,accessibility/texts/kaleidoscope_fra.json,SYSTEM,FALSE_POSITIVE
ACCESSIBILITY::kaleidoscope_fra::84,Écaille d'or,accessibility/texts/kaleidoscope_fra.json,SYSTEM,FALSE_POSITIVE
ACCESSIBILITY::kaleidoscope_fra::85,Lame des Géants (Brisée),accessibility/texts/kaleidoscope_fra.json,SYSTEM,FALSE_POSITIVE
ACCESSIBILITY::kaleidoscope_fra::86,GRANDE BOURSE,accessibility/texts/kaleidoscope_fra.json,SYSTEM,FALSE_POSITIVE
ACCESSIBILITY::kaleidoscope_fra::87,Bourse de Géant,accessibility/texts/kaleidoscope_fra.json,SYSTEM,FALSE_POSITIVE
ACCESSIBILITY::kaleidoscope_fra::88,Deku Seeds,accessibility/texts/kaleidoscope_fra.json,SYSTEM,FALSE_POSITIVE
ACCESSIBILITY::kaleidoscope_fra::89,Canne à pèche,accessibility/texts/kaleidoscope_fra.json,SYSTEM,FALSE_POSITIVE
ACCESSIBILITY::kaleidoscope_fra::90,Menuet des Bois,accessibility/texts/kaleidoscope_fra.json,SYSTEM,FALSE_POSITIVE
ACCESSIBILITY::kaleidoscope_fra::91,Boléro du Feu,accessibility/texts/kaleidoscope_fra.json,SYSTEM,FALSE_POSITIVE
ACCESSIBILITY::kaleidoscope_fra::92,Sérénade de l'Eau,accessibility/texts/kaleidoscope_fra.json,SYSTEM,FALSE_POSITIVE
ACCESSIBILITY::kaleidoscope_fra::93,Requiem des Esprits,accessibility/texts/kaleidoscope_fra.json,SYSTEM,FALSE_POSITIVE
ACCESSIBILITY::kaleidoscope_fra::94,Nocturne de l'Ombre,accessibility/texts/kaleidoscope_fra.json,SYSTEM,FALSE_POSITIVE
ACCESSIBILITY::kaleidoscope_fra::95,Prélude de la Lumière,accessibility/texts/kaleidoscope_fra.json,SYSTEM,FALSE_POSITIVE
ACCESSIBILITY::kaleidoscope_fra::96,Berceuse de Zelda,accessibility/texts/kaleidoscope_fra.json,SYSTEM,FALSE_POSITIVE
ACCESSIBILITY::kaleidoscope_fra::97,Chant d'Epona,accessibility/texts/kaleidoscope_fra.json,SYSTEM,FALSE_POSITIVE
ACCESSIBILITY::kaleidoscope_fra::98,Chant de Saria,accessibility/texts/kaleidoscope_fra.json,SYSTEM,FALSE_POSITIVE
ACCESSIBILITY::kaleidoscope_fra::99,Chant du Soleil,accessibility/texts/kaleidoscope_fra.json,SYSTEM,FALSE_POSITIVE
ACCESSIBILITY::kaleidoscope_fra::100,Chant du Temps,accessibility/texts/kaleidoscope_fra.json,SYSTEM,FALSE_POSITIVE
ACCESSIBILITY::kaleidoscope_fra::101,Chant des Tempêtes,accessibility/texts/kaleidoscope_fra.json,SYSTEM,FALSE_POSITIVE
ACCESSIBILITY::kaleidoscope_fra::102,Médaillon de la Forêt,accessibility/texts/kaleidoscope_fra.json,SYSTEM,FALSE_POSITIVE
ACCESSIBILITY::kaleidoscope_fra::103,Médaillon du Feu,accessibility/texts/kaleidoscope_fra.json,SYSTEM,FALSE_POSITIVE
ACCESSIBILITY::kaleidoscope_fra::104,Médaillon de l'Eau,accessibility/texts/kaleidoscope_fra.json,SYSTEM,FALSE_POSITIVE
ACCESSIBILITY::kaleidoscope_fra::105,Médaillon de l'Esprit,accessibility/texts/kaleidoscope_fra.json,SYSTEM,FALSE_POSITIVE
ACCESSIBILITY::kaleidoscope_fra::106,Médaillon de l'Ombre,accessibility/texts/kaleidoscope_fra.json,SYSTEM,FALSE_POSITIVE
ACCESSIBILITY::kaleidoscope_fra::107,Médaillon de la Lumière,accessibility/texts/kaleidoscope_fra.json,SYSTEM,FALSE_POSITIVE
ACCESSIBILITY::kaleidoscope_fra::108,Émeraude Kokiri,accessibility/texts/kaleidoscope_fra.json,SYSTEM,FALSE_POSITIVE
ACCESSIBILITY::kaleidoscope_fra::109,Rubis Goron,accessibility/texts/kaleidoscope_fra.json,SYSTEM,FALSE_POSITIVE
ACCESSIBILITY::kaleidoscope_fra::110,Saphir Zora,accessibility/texts/kaleidoscope_fra.json,SYSTEM,FALSE_POSITIVE
ACCESSIBILITY::kaleidoscope_fra::111,Pierre de Souffrance,accessibility/texts/kaleidoscope_fra.json,SYSTEM,FALSE_POSITIVE
ACCESSIBILITY::kaleidoscope_fra::112,Carte Gerudo,accessibility/texts/kaleidoscope_fra.json,SYSTEM,FALSE_POSITIVE
ACCESSIBILITY::kaleidoscope_fra::113,Skulltula d'or - $0,accessibility/texts/kaleidoscope_fra.json,SYSTEM,FALSE_POSITIVE
ACCESSIBILITY::kaleidoscope_fra::114,Quart de Coeur - $0,accessibility/texts/kaleidoscope_fra.json,SYSTEM,FALSE_POSITIVE
ACCESSIBILITY::kaleidoscope_fra::115,Quart de Coeur,accessibility/texts/kaleidoscope_fra.json,SYSTEM,FALSE_POSITIVE
ACCESSIBILITY::kaleidoscope_fra::116,Clé d'or,accessibility/texts/kaleidoscope_fra.json,SYSTEM,FALSE_POSITIVE
ACCESSIBILITY::kaleidoscope_fra::117,Boussole,accessibility/texts/kaleidoscope_fra.json,SYSTEM,FALSE_POSITIVE
ACCESSIBILITY::kaleidoscope_fra::118,Carte du Donjon,accessibility/texts/kaleidoscope_fra.json,SYSTEM,FALSE_POSITIVE
ACCESSIBILITY::kaleidoscope_fra::119,Petite Clé,accessibility/texts/kaleidoscope_fra.json,SYSTEM,FALSE_POSITIVE
ACCESSIBILITY::kaleidoscope_fra::120,PETITE BOUTEILLE DE MAGIE,accessibility/texts/kaleidoscope_fra.json,SYSTEM,FALSE_POSITIVE
ACCESSIBILITY::kaleidoscope_fra::121,GRANDE BOUTEILLE DE MAGIE,accessibility/texts/kaleidoscope_fra.json,SYSTEM,FALSE_POSITIVE
ACCESSIBILITY::kaleidoscope_fra::122,Épée de Biggoron,accessibility/texts/kaleidoscope_fra.json,SYSTEM,FALSE_POSITIVE
ACCESSIBILITY::kaleidoscope_fra::123,INVALIDE 1,accessibility/texts/kaleidoscope_fra.json,SYSTEM,FALSE_POSITIVE
ACCESSIBILITY::kaleidoscope_fra::124,INVALIDE 2,accessibility/texts/kaleidoscope_fra.json,SYSTEM,FALSE_POSITIVE
ACCESSIBILITY::kaleidoscope_fra::125,INVALIDE 3,accessibility/texts/kaleidoscope_fra.json,SYSTEM,FALSE_POSITIVE
ACCESSIBILITY::kaleidoscope_fra::126,INVALIDE 4,accessibility/texts/kaleidoscope_fra.json,SYSTEM,FALSE_POSITIVE
ACCESSIBILITY::kaleidoscope_fra::127,INVALIDE 5,accessibility/texts/kaleidoscope_fra.json,SYSTEM,FALSE_POSITIVE
ACCESSIBILITY::kaleidoscope_fra::128,INVALIDE 6,accessibility/texts/kaleidoscope_fra.json,SYSTEM,FALSE_POSITIVE
ACCESSIBILITY::kaleidoscope_fra::129,INVALIDE 7,accessibility/texts/kaleidoscope_fra.json,SYSTEM,FALSE_POSITIVE
ACCESSIBILITY::kaleidoscope_fra::130,Lait de Lon Lon,accessibility/texts/kaleidoscope_fra.json,SYSTEM,FALSE_POSITIVE
ACCESSIBILITY::kaleidoscope_fra::131,Coeur de Vie,accessibility/texts/kaleidoscope_fra.json,SYSTEM,FALSE_POSITIVE
ACCESSIBILITY::kaleidoscope_fra::132,Rubis Vert,accessibility/texts/kaleidoscope_fra.json,SYSTEM,FALSE_POSITIVE
ACCESSIBILITY::kaleidoscope_fra::133,Rubis Bleu,accessibility/texts/kaleidoscope_fra.json,SYSTEM,FALSE_POSITIVE
ACCESSIBILITY::kaleidoscope_fra::134,Rubis Rouge,accessibility/texts/kaleidoscope_fra.json,SYSTEM,FALSE_POSITIVE
ACCESSIBILITY::kaleidoscope_fra::135,Rubis Pourpre,accessibility/texts/kaleidoscope_fra.json,SYSTEM,FALSE_POSITIVE
ACCESSIBILITY::kaleidoscope_fra::136,Énorme Rubis,accessibility/texts/kaleidoscope_fra.json,SYSTEM,FALSE_POSITIVE
ACCESSIBILITY::kaleidoscope_fra::137,INVALIDE 8,accessibility/texts/kaleidoscope_fra.json,SYSTEM,FALSE_POSITIVE
ACCESSIBILITY::kaleidoscope_fra::138,BÂTON MOJO 5,accessibility/texts/kaleidoscope_fra.json,SYSTEM,FALSE_POSITIVE
ACCESSIBILITY::kaleidoscope_fra::139,BÂTON MOJO 10,accessibility/texts/kaleidoscope_fra.json,SYSTEM,FALSE_POSITIVE
ACCESSIBILITY::kaleidoscope_fra::140,NOIX MOJO 5,accessibility/texts/kaleidoscope_fra.json,SYSTEM,FALSE_POSITIVE
ACCESSIBILITY::kaleidoscope_fra::141,NOIX MOJO 10,accessibility/texts/kaleidoscope_fra.json,SYSTEM,FALSE_POSITIVE
ACCESSIBILITY::kaleidoscope_fra::142,BOMBES 5,accessibility/texts/kaleidoscope_fra.json,SYSTEM,FALSE_POSITIVE
ACCESSIBILITY::kaleidoscope_fra::143,BOMBES 10,accessibility/texts/kaleidoscope_fra.json,SYSTEM,FALSE_POSITIVE
ACCESSIBILITY::kaleidoscope_fra::144,BOMBES 20,accessibility/texts/kaleidoscope_fra.json,SYSTEM,FALSE_POSITIVE
ACCESSIBILITY::kaleidoscope_fra::145,BOMBES 30,accessibility/texts/kaleidoscope_fra.json,SYSTEM,FALSE_POSITIVE
ACCESSIBILITY::kaleidoscope_fra::146,ARROWS SMALL,accessibility/texts/kaleidoscope_fra.json,SYSTEM,FALSE_POSITIVE
ACCESSIBILITY::kaleidoscope_fra::147,ARROWS MEDIUM,accessibility/texts/kaleidoscope_fra.json,SYSTEM,FALSE_POSITIVE
ACCESSIBILITY::kaleidoscope_fra::148,ARROWS LARGE,accessibility/texts/kaleidoscope_fra.json,SYSTEM,FALSE_POSITIVE
ACCESSIBILITY::kaleidoscope_fra::149,GRAINES MOJO 30,accessibility/texts/kaleidoscope_fra.json,SYSTEM,FALSE_POSITIVE
ACCESSIBILITY::kaleidoscope_fra::150,MISSILES TEIGNEUX 5,accessibility/texts/kaleidoscope_fra.json,SYSTEM,FALSE_POSITIVE
ACCESSIBILITY::kaleidoscope_fra::151,MISSILES TEIGNEUX 20,accessibility/texts/kaleidoscope_fra.json,SYSTEM,FALSE_POSITIVE
ACCESSIBILITY::kaleidoscope_fra::152,AMÉLIORATION BÂTON MOJO 20,accessibility/texts/kaleidoscope_fra.json,SYSTEM,FALSE_POSITIVE
ACCESSIBILITY::kaleidoscope_fra::153,AMÉLIORATION BÂTON MOJO 30,accessibility/texts/kaleidoscope_fra.json,SYSTEM,FALSE_POSITIVE
ACCESSIBILITY::kaleidoscope_fra::154,AMÉLIORATION NOIX MOJO 30,accessibility/texts/kaleidoscope_fra.json,SYSTEM,FALSE_POSITIVE
ACCESSIBILITY::kaleidoscope_fra::155,AMÉLIORATION NOIX MOJO 40,accessibility/texts/kaleidoscope_fra.json,SYSTEM,FALSE_POSITIVE
ACCESSIBILITY::kaleidoscope_fra::256,Désert Hanté,accessibility/texts/kaleidoscope_fra.json,SYSTEM,FALSE_POSITIVE
ACCESSIBILITY::kaleidoscope_fra::257,Forteresse Gerudo,accessibility/texts/kaleidoscope_fra.json,SYSTEM,FALSE_POSITIVE
ACCESSIBILITY::kaleidoscope_fra::258,Vallée Gerudo,accessibility/texts/kaleidoscope_fra.json,SYSTEM,FALSE_POSITIVE
ACCESSIBILITY::kaleidoscope_fra::259,Laboratoire du Lac,accessibility/texts/kaleidoscope_fra.json,SYSTEM,FALSE_POSITIVE
ACCESSIBILITY::kaleidoscope_fra::260,Ranch Lon Lon,accessibility/texts/kaleidoscope_fra.json,SYSTEM,FALSE_POSITIVE
ACCESSIBILITY::kaleidoscope_fra::261,Place du Marché,accessibility/texts/kaleidoscope_fra.json,SYSTEM,FALSE_POSITIVE
ACCESSIBILITY::kaleidoscope_fra::262,Plaine d'Hyrule,accessibility/texts/kaleidoscope_fra.json,SYSTEM,FALSE_POSITIVE
ACCESSIBILITY::kaleidoscope_fra::263,Montagne du Péril,accessibility/texts/kaleidoscope_fra.json,SYSTEM,FALSE_POSITIVE
ACCESSIBILITY::kaleidoscope_fra::264,Village Cocorico,accessibility/texts/kaleidoscope_fra.json,SYSTEM,FALSE_POSITIVE
ACCESSIBILITY::kaleidoscope_fra::265,Bois Perdus,accessibility/texts/kaleidoscope_fra.json,SYSTEM,FALSE_POSITIVE
ACCESSIBILITY::kaleidoscope_fra::266,Forêt Kokiri,accessibility/texts/kaleidoscope_fra.json,SYSTEM,FALSE_POSITIVE
ACCESSIBILITY::kaleidoscope_fra::267,Domaine Zora,accessibility/texts/kaleidoscope_fra.json,SYSTEM,FALSE_POSITIVE
ACCESSIBILITY::kaleidoscope_fra::292,Plaine d'Hyrule,accessibility/texts/kaleidoscope_fra.json,SYSTEM,FALSE_POSITIVE
ACCESSIBILITY::kaleidoscope_fra::293,Village Cocorico,accessibility/texts/kaleidoscope_fra.json,SYSTEM,FALSE_POSITIVE
ACCESSIBILITY::kaleidoscope_fra::294,Cimetière,accessibility/texts/kaleidoscope_fra.json,SYSTEM,FALSE_POSITIVE
ACCESSIBILITY::kaleidoscope_fra::295,Rivière Zora,accessibility/texts/kaleidoscope_fra.json,SYSTEM,FALSE_POSITIVE
ACCESSIBILITY::kaleidoscope_fra::296,Forêt Kokiri,accessibility/texts/kaleidoscope_fra.json,SYSTEM,FALSE_POSITIVE
ACCESSIBILITY::kaleidoscope_fra::297,Bosquet Sacré,accessibility/texts/kaleidoscope_fra.json,SYSTEM,FALSE_POSITIVE
ACCESSIBILITY::kaleidoscope_fra::298,Lac Hylia,accessibility/texts/kaleidoscope_fra.json,SYSTEM,FALSE_POSITIVE
ACCESSIBILITY::kaleidoscope_fra::299,Domaine Zora,accessibility/texts/kaleidoscope_fra.json,SYSTEM,FALSE_POSITIVE
ACCESSIBILITY::kaleidoscope_fra::300,Fountaine Zora,accessibility/texts/kaleidoscope_fra.json,SYSTEM,FALSE_POSITIVE
ACCESSIBILITY::kaleidoscope_fra::301,Vallée Gerudo,accessibility/texts/kaleidoscope_fra.json,SYSTEM,FALSE_POSITIVE
ACCESSIBILITY::kaleidoscope_fra::302,Bois Perdus,accessibility/texts/kaleidoscope_fra.json,SYSTEM,FALSE_POSITIVE
ACCESSIBILITY::kaleidoscope_fra::303,Colosse du Désert,accessibility/texts/kaleidoscope_fra.json,SYSTEM,FALSE_POSITIVE
ACCESSIBILITY::kaleidoscope_fra::304,Forteresse Gerudo,accessibility/texts/kaleidoscope_fra.json,SYSTEM,FALSE_POSITIVE
ACCESSIBILITY::kaleidoscope_fra::305,Désert Hanté,accessibility/texts/kaleidoscope_fra.json,SYSTEM,FALSE_POSITIVE
ACCESSIBILITY::kaleidoscope_fra::306,Place du Marché,accessibility/texts/kaleidoscope_fra.json,SYSTEM,FALSE_POSITIVE
ACCESSIBILITY::kaleidoscope_fra::307,Château d'Hyrule,accessibility/texts/kaleidoscope_fra.json,SYSTEM,FALSE_POSITIVE
ACCESSIBILITY::kaleidoscope_fra::308,Chemin du Péril,accessibility/texts/kaleidoscope_fra.json,SYSTEM,FALSE_POSITIVE
ACCESSIBILITY::kaleidoscope_fra::309,Cratère du Péril,accessibility/texts/kaleidoscope_fra.json,SYSTEM,FALSE_POSITIVE
ACCESSIBILITY::kaleidoscope_fra::310,Village Goron,accessibility/texts/kaleidoscope_fra.json,SYSTEM,FALSE_POSITIVE
ACCESSIBILITY::kaleidoscope_fra::311,Ranch Lon Lon,accessibility/texts/kaleidoscope_fra.json,SYSTEM,FALSE_POSITIVE
ACCESSIBILITY::kaleidoscope_fra::312,Point d'interrogation,accessibility/texts/kaleidoscope_fra.json,SYSTEM,FALSE_POSITIVE
ACCESSIBILITY::kaleidoscope_fra::313,Château de Ganon,accessibility/texts/kaleidoscope_fra.json,SYSTEM,FALSE_POSITIVE
