resource,category,reason,confidence
gChristmasGreenTreasureChestFrontTex.rgb5a1.png,METAL,"metal keyword; wood keyword; multiple categories plausible: METAL, WOOD",HIGH
gChristmasGreenTreasureChestSideAndTopTex.rgb5a1.png,METAL,"metal keyword; wood keyword; multiple categories plausible: METAL, WOOD",HIGH
gChristmasRedTreasureChestFrontTex.rgb5a1.png,METAL,"metal keyword; wood keyword; multiple categories plausible: METAL, WOOD",HIGH
gChristmasRedTreasureChestSideAndTopTex.rgb5a1.png,METAL,"metal keyword; wood keyword; multiple categories plausible: METAL, WOOD",HIGH
gGoldTreasureChestFrontTex.rgb5a1.png,METAL,"metal keyword; wood keyword; multiple categories plausible: METAL, WOOD",HIGH
gGoldTreasureChestSideAndTopTex.rgb5a1.png,METAL,"metal keyword; wood keyword; multiple categories plausible: METAL, WOOD",HIGH
gKeyTreasureChestFrontTex.rgb5a1.png,METAL,"metal keyword; wood keyword; multiple categories plausible: METAL, WOOD",HIGH
gKeyTreasureChestSideAndTopTex.rgb5a1.png,METAL,"metal keyword; wood keyword; multiple categories plausible: METAL, WOOD",HIGH
gSkullTreasureChestFrontTex.rgb5a1.png,BONE,"bone keyword; metal keyword; wood keyword; multiple categories plausible: BONE, METAL, WOOD",HIGH
gSkullTreasureChestSideAndTopTex.rgb5a1.png,BONE,"bone keyword; metal keyword; wood keyword; multiple categories plausible: BONE, METAL, WOOD",HIGH
gTitleBossRushSubtitleTex.rgba32.png,UNKNOWN,UI-style keyword present but resource is world-grouped: manual check,HIGH
gTitleRandomizerSubtitleTex.rgba32.png,UNKNOWN,UI-style keyword present but resource is world-grouped: manual check,HIGH
ABtn.png,UI_2D,controller button art (custom/textures/buttons) = screen UI,HIGH
ABtnOutline.png,UI_2D,controller button art (custom/textures/buttons) = screen UI,HIGH
AnalogStick.png,UI_2D,controller button art (custom/textures/buttons) = screen UI,HIGH
AnalogStickOutline.png,UI_2D,controller button art (custom/textures/buttons) = screen UI,HIGH
BBtn.png,UI_2D,controller button art (custom/textures/buttons) = screen UI,HIGH
BBtnOutline.png,UI_2D,controller button art (custom/textures/buttons) = screen UI,HIGH
CDown.png,UI_2D,controller button art (custom/textures/buttons) = screen UI,HIGH
CDownOutline.png,UI_2D,controller button art (custom/textures/buttons) = screen UI,HIGH
CLeft.png,UI_2D,controller button art (custom/textures/buttons) = screen UI,HIGH
CLeftOutline.png,UI_2D,controller button art (custom/textures/buttons) = screen UI,HIGH
CRight.png,UI_2D,controller button art (custom/textures/buttons) = screen UI,HIGH
CRightOutline.png,UI_2D,controller button art (custom/textures/buttons) = screen UI,HIGH
CUp.png,UI_2D,controller button art (custom/textures/buttons) = screen UI,HIGH
CUpOutline.png,UI_2D,controller button art (custom/textures/buttons) = screen UI,HIGH
DPadDown.png,UI_2D,controller button art (custom/textures/buttons) = screen UI,HIGH
DPadDownOutline.png,UI_2D,controller button art (custom/textures/buttons) = screen UI,HIGH
DPadLeft.png,UI_2D,controller button art (custom/textures/buttons) = screen UI,HIGH
DPadLeftOutline.png,UI_2D,controller button art (custom/textures/buttons) = screen UI,HIGH
DPadRight.png,UI_2D,controller button art (custom/textures/buttons) = screen UI,HIGH
DPadRightOutline.png,UI_2D,controller button art (custom/textures/buttons) = screen UI,HIGH
DPadUp.png,UI_2D,controller button art (custom/textures/buttons) = screen UI,HIGH
DPadUpOutline.png,UI_2D,controller button art (custom/textures/buttons) = screen UI,HIGH
InputViewerBackground.png,UI_2D,controller button art (custom/textures/buttons) = screen UI,HIGH
LBtn.png,UI_2D,controller button art (custom/textures/buttons) = screen UI,HIGH
LBtnOutline.png,UI_2D,controller button art (custom/textures/buttons) = screen UI,HIGH
LTBtn.i4.png,UI_2D,controller button art (custom/textures/buttons) = screen UI,HIGH
Mod1.png,UI_2D,controller button art (custom/textures/buttons) = screen UI,HIGH
Mod1Outline.png,UI_2D,controller button art (custom/textures/buttons) = screen UI,HIGH
Mod2.png,UI_2D,controller button art (custom/textures/buttons) = screen UI,HIGH
Mod2Outline.png,UI_2D,controller button art (custom/textures/buttons) = screen UI,HIGH
RBtn.png,UI_2D,controller button art (custom/textures/buttons) = screen UI,HIGH
RBtnOutline.png,UI_2D,controller button art (custom/textures/buttons) = screen UI,HIGH
RightStick.png,UI_2D,controller button art (custom/textures/buttons) = screen UI,HIGH
RightStickOutline.png,UI_2D,controller button art (custom/textures/buttons) = screen UI,HIGH
StartBtn.png,UI_2D,controller button art (custom/textures/buttons) = screen UI,HIGH
StartBtnOutline.png,UI_2D,controller button art (custom/textures/buttons) = screen UI,HIGH
ZBtn.png,UI_2D,controller button art (custom/textures/buttons) = screen UI,HIGH
ZBtnOutline.png,UI_2D,controller button art (custom/textures/buttons) = screen UI,HIGH
gIcon.png,UNKNOWN,UI-style keyword present but resource is world-grouped: manual check,HIGH
gArrowDown.ia16.png,METAL,metal keyword; IA format (ia16) carries alpha -> transparency/alpha-test likely,HIGH
gArrowUp.ia16.png,METAL,metal keyword; IA format (ia16) carries alpha -> transparency/alpha-test likely,HIGH
gBossSoul.rgba32.png,UNKNOWN,no keyword evidence,HIGH
gDPad.ia16.png,UNKNOWN,IA format (ia16) carries alpha -> transparency/alpha-test likely; UI-style keyword present but resource is world-grouped: manual check,HIGH
gMoon.rgba32.png,UNKNOWN,no keyword evidence,HIGH
gNavi.rgba32.png,MAGIC,fairy/Navi effect keyword,HIGH
gSplitEntrance.rgba32.png,CLOTH,cloth keyword,HIGH
gSun.rgba32.png,UNKNOWN,no keyword evidence,HIGH
gTriforcePiece.rgba32.png,STONE,Temple of Time key-object keyword,HIGH
gWTriforcePiece.rgba32.png,STONE,Temple of Time key-object keyword,HIGH
gFileSelBossRushSettingsENGTex.ia8.png,UNKNOWN,IA format (ia8) carries alpha -> transparency/alpha-test likely,HIGH
gFileSelBossRushSettingsFRATex.ia8.png,UNKNOWN,IA format (ia8) carries alpha -> transparency/alpha-test likely,HIGH
gFileSelBossRushSettingsGERTex.ia8.png,UNKNOWN,IA format (ia8) carries alpha -> transparency/alpha-test likely,HIGH
gFileSelBossRushSettingsJPNTex.ia8.png,UNKNOWN,IA format (ia8) carries alpha -> transparency/alpha-test likely,HIGH
gFileSelMQButtonTex.ia16.png,UNKNOWN,IA format (ia16) carries alpha -> transparency/alpha-test likely; UI-style keyword present but resource is world-grouped: manual check,HIGH
gFileSelPleaseChooseAQuestENGTex.ia8.png,WATER,water keyword; IA format (ia8) carries alpha -> transparency/alpha-test likely,HIGH
gFileSelPleaseChooseAQuestFRATex.ia8.png,WATER,water keyword; IA format (ia8) carries alpha -> transparency/alpha-test likely,HIGH
gFileSelPleaseChooseAQuestGERTex.ia8.png,WATER,water keyword; IA format (ia8) carries alpha -> transparency/alpha-test likely,HIGH
gFileSelPleaseChooseAQuestJPNTex.ia8.png,WATER,water keyword; IA format (ia8) carries alpha -> transparency/alpha-test likely,HIGH
gFileSelRANDButtonTex.ia16.png,UNKNOWN,IA format (ia16) carries alpha -> transparency/alpha-test likely; UI-style keyword present but resource is world-grouped: manual check,HIGH
gEmptyTexture.rgba32.png,UNKNOWN,no keyword evidence,HIGH
gArrowCursorTex,METAL,metal keyword; IA format (ia8) carries alpha -> transparency/alpha-test likely; UI-style keyword present but resource is world-grouped: manual check,LOW
gDebugCursorTex,UNKNOWN,UI-style keyword present but resource is world-grouped: manual check,LOW
gDropRecoveryHeartTex,SKIN,skin/body-part keyword; UI-style keyword present but resource is world-grouped: manual check,LOW
gHeartShapeTex,SKIN,skin/body-part keyword; UI-style keyword present but resource is world-grouped: manual check,LOW
gSelectionCursorTex,UNKNOWN,IA format (ia4) carries alpha -> transparency/alpha-test likely; UI-style keyword present but resource is world-grouped: manual check,LOW
gUnusedDropRecoveryHeartTex,SKIN,skin/body-part keyword; UI-style keyword present but resource is world-grouped: manual check,LOW
gUnusedHeartContainerTex,SKIN,skin/body-part keyword; UI-style keyword present but resource is world-grouped: manual check,LOW
gUnusedHeartPieceTex,SKIN,skin/body-part keyword; UI-style keyword present but resource is world-grouped: manual check,LOW
gCuccoLadyShirtButtonTex,UNKNOWN,UI-style keyword present but resource is world-grouped: manual check,LOW
object_b_heart_Tex_0003C0,SKIN,skin/body-part keyword; UI-style keyword present but resource is world-grouped: manual check,LOW
object_b_heart_Tex_0005C0,SKIN,skin/body-part keyword; UI-style keyword present but resource is world-grouped: manual check,LOW
gBarinadeTitleCardTex,METAL,metal keyword; UI-style keyword present but resource is world-grouped: manual check,LOW
gVolvagiaTitleCardTex,UNKNOWN,UI-style keyword present but resource is world-grouped: manual check,LOW
gPhantomGanonTitleCardTex,UNKNOWN,UI-style keyword present but resource is world-grouped: manual check,LOW
gFishingOwnerHearTex,SKIN,skin/body-part keyword; UI-style keyword present but resource is world-grouped: manual check,LOW
gGanondorfTitleCardTex,UNKNOWN,UI-style keyword present but resource is world-grouped: manual check,LOW
gGanonTitleCardTex,UNKNOWN,IA format (ia8) carries alpha -> transparency/alpha-test likely; UI-style keyword present but resource is world-grouped: manual check,LOW
gGohmaTitleCardTex,UNKNOWN,UI-style keyword present but resource is world-grouped: manual check,LOW
gIngoShirtButtonsTex,UNKNOWN,UI-style keyword present but resource is world-grouped: manual check,LOW
gKingDodongoTitleCardTex,UNKNOWN,UI-style keyword present but resource is world-grouped: manual check,LOW
gTitleCopyright19982002Tex,UNKNOWN,IA format (ia8) carries alpha -> transparency/alpha-test likely; UI-style keyword present but resource is world-grouped: manual check,LOW
gTitleCopyright19982003Tex,UNKNOWN,IA format (ia8) carries alpha -> transparency/alpha-test likely; UI-style keyword present but resource is world-grouped: manual check,LOW
gTitleCopyright19982004EngTex,UNKNOWN,UI-style keyword present but resource is world-grouped: manual check,LOW
gTitleCopyright19982004JpnTex,UNKNOWN,UI-style keyword present but resource is world-grouped: manual check,LOW
gTitleCopyright1998Tex,UNKNOWN,UI-style keyword present but resource is world-grouped: manual check,LOW
gTitleDiskTex,UNKNOWN,IA format (ia8) carries alpha -> transparency/alpha-test likely; UI-style keyword present but resource is world-grouped: manual check,LOW
gTitleEffectMask00Tex,UNKNOWN,UI-style keyword present but resource is world-grouped: manual check,LOW
gTitleEffectMask01Tex,UNKNOWN,UI-style keyword present but resource is world-grouped: manual check,LOW
gTitleEffectMask02Tex,UNKNOWN,UI-style keyword present but resource is world-grouped: manual check,LOW
gTitleEffectMask10Tex,UNKNOWN,UI-style keyword present but resource is world-grouped: manual check,LOW
gTitleEffectMask11Tex,UNKNOWN,UI-style keyword present but resource is world-grouped: manual check,LOW
gTitleEffectMask12Tex,UNKNOWN,UI-style keyword present but resource is world-grouped: manual check,LOW
gTitleEffectMask20Tex,UNKNOWN,UI-style keyword present but resource is world-grouped: manual check,LOW
gTitleEffectMask21Tex,UNKNOWN,UI-style keyword present but resource is world-grouped: manual check,LOW
gTitleEffectMask22Tex,UNKNOWN,UI-style keyword present but resource is world-grouped: manual check,LOW
gTitleFlameEffectTex,LAVA,lava/fire keyword; UI-style keyword present but resource is world-grouped: manual check,LOW
gTitleMasterQuestSubtitleTex,UNKNOWN,UI-style keyword present but resource is world-grouped: manual check,LOW
gTitleOcarinaOfTimeTMTextTex,UNKNOWN,UI-style keyword present but resource is world-grouped: manual check,LOW
gTitleTheLegendOfTextTex,SKIN,skin/body-part keyword; UI-style keyword present but resource is world-grouped: manual check,LOW
gTitleTitleJPNTex,UNKNOWN,UI-style keyword present but resource is world-grouped: manual check,LOW
gTitleUraLogoTex,WOOD,wood keyword; UI-style keyword present but resource is world-grouped: manual check,LOW
gTitleZeldaShieldLogoMQTex,SMOKE,"smoke keyword; metal keyword; wood keyword; multiple categories plausible: METAL, SMOKE, WOOD; UI-style keyword present but resource is world-grouped: manual check",LOW
gTitleZeldaShieldLogoTex,SMOKE,"smoke keyword; metal keyword; wood keyword; multiple categories plausible: METAL, SMOKE, WOOD; UI-style keyword present but resource is world-grouped: manual check",LOW
gMorphaTitleCardTex,UNKNOWN,UI-style keyword present but resource is world-grouped: manual check,LOW
gNabooruClothesButtonsTex,CLOTH,cloth keyword; UI-style keyword present but resource is world-grouped: manual check,LOW
gBongoTitleCardTex,UNKNOWN,UI-style keyword present but resource is world-grouped: manual check,LOW
gTwinrovaTitleCardTex,UNKNOWN,UI-style keyword present but resource is world-grouped: manual check,LOW
gAttackDoActionENGTex,UI_2D,dedicated UI texture group 'do_action_static'; IA format (ia4) carries alpha -> transparency/alpha-test likely,HIGH
gAttackDoActionFRATex,UI_2D,dedicated UI texture group 'do_action_static',HIGH
gAttackDoActionGERTex,UI_2D,dedicated UI texture group 'do_action_static',HIGH
gAttackDoActionJPNTex,UI_2D,dedicated UI texture group 'do_action_static'; IA format (ia4) carries alpha -> transparency/alpha-test likely,HIGH
gCheckDoActionENGTex,UI_2D,dedicated UI texture group 'do_action_static'; IA format (ia4) carries alpha -> transparency/alpha-test likely,HIGH
gCheckDoActionFRATex,UI_2D,dedicated UI texture group 'do_action_static',HIGH
gCheckDoActionGERTex,UI_2D,dedicated UI texture group 'do_action_static',HIGH
gCheckDoActionJPNTex,UI_2D,dedicated UI texture group 'do_action_static'; IA format (ia4) carries alpha -> transparency/alpha-test likely,HIGH
gClimbDoActionENGTex,UI_2D,dedicated UI texture group 'do_action_static'; IA format (ia4) carries alpha -> transparency/alpha-test likely,HIGH
gClimbDoActionFRATex,UI_2D,dedicated UI texture group 'do_action_static',HIGH
gClimbDoActionGERTex,UI_2D,dedicated UI texture group 'do_action_static',HIGH
gClimbDoActionJPNTex,UI_2D,dedicated UI texture group 'do_action_static'; IA format (ia4) carries alpha -> transparency/alpha-test likely,HIGH
gDecideDoActionENGTex,UI_2D,dedicated UI texture group 'do_action_static'; IA format (ia4) carries alpha -> transparency/alpha-test likely,HIGH
gDecideDoActionFRATex,UI_2D,dedicated UI texture group 'do_action_static',HIGH
gDecideDoActionGERTex,UI_2D,dedicated UI texture group 'do_action_static',HIGH
gDecideDoActionJPNTex,UI_2D,dedicated UI texture group 'do_action_static'; IA format (ia4) carries alpha -> transparency/alpha-test likely,HIGH
gDiveDoActionENGTex,UI_2D,dedicated UI texture group 'do_action_static'; IA format (ia4) carries alpha -> transparency/alpha-test likely,HIGH
gDiveDoActionFRATex,UI_2D,dedicated UI texture group 'do_action_static',HIGH
gDiveDoActionGERTex,UI_2D,dedicated UI texture group 'do_action_static',HIGH
gDiveDoActionJPNTex,UI_2D,dedicated UI texture group 'do_action_static'; IA format (ia4) carries alpha -> transparency/alpha-test likely,HIGH
gDownDoActionENGTex,UI_2D,dedicated UI texture group 'do_action_static'; IA format (ia4) carries alpha -> transparency/alpha-test likely,HIGH
gDownDoActionFRATex,UI_2D,dedicated UI texture group 'do_action_static',HIGH
gDownDoActionGERTex,UI_2D,dedicated UI texture group 'do_action_static',HIGH
gDownDoActionJPNTex,UI_2D,dedicated UI texture group 'do_action_static'; IA format (ia4) carries alpha -> transparency/alpha-test likely,HIGH
gDropDoActionENGTex,UI_2D,dedicated UI texture group 'do_action_static'; IA format (ia4) carries alpha -> transparency/alpha-test likely,HIGH
gDropDoActionFRATex,UI_2D,dedicated UI texture group 'do_action_static',HIGH
gDropDoActionGERTex,UI_2D,dedicated UI texture group 'do_action_static',HIGH
gDropDoActionJPNTex,UI_2D,dedicated UI texture group 'do_action_static'; IA format (ia4) carries alpha -> transparency/alpha-test likely,HIGH
gEnterDoActionENGTex,UI_2D,dedicated UI texture group 'do_action_static'; IA format (ia4) carries alpha -> transparency/alpha-test likely,HIGH
gEnterDoActionFRATex,UI_2D,dedicated UI texture group 'do_action_static',HIGH
gEnterDoActionGERTex,UI_2D,dedicated UI texture group 'do_action_static',HIGH
gEnterDoActionJPNTex,UI_2D,dedicated UI texture group 'do_action_static'; IA format (ia4) carries alpha -> transparency/alpha-test likely,HIGH
gFasterDoActionENGTex,UI_2D,dedicated UI texture group 'do_action_static'; IA format (ia4) carries alpha -> transparency/alpha-test likely,HIGH
gFasterDoActionFRATex,UI_2D,dedicated UI texture group 'do_action_static',HIGH
gFasterDoActionGERTex,UI_2D,dedicated UI texture group 'do_action_static',HIGH
gFasterDoActionJPNTex,UI_2D,dedicated UI texture group 'do_action_static'; IA format (ia4) carries alpha -> transparency/alpha-test likely,HIGH
gGrabDoActionENGTex,UI_2D,dedicated UI texture group 'do_action_static'; IA format (ia4) carries alpha -> transparency/alpha-test likely,HIGH
gGrabDoActionFRATex,UI_2D,dedicated UI texture group 'do_action_static',HIGH
gGrabDoActionGERTex,UI_2D,dedicated UI texture group 'do_action_static',HIGH
gGrabDoActionJPNTex,UI_2D,dedicated UI texture group 'do_action_static'; IA format (ia4) carries alpha -> transparency/alpha-test likely,HIGH
gJumpDoActionENGTex,UI_2D,dedicated UI texture group 'do_action_static'; IA format (ia4) carries alpha -> transparency/alpha-test likely,HIGH
gJumpDoActionFRATex,UI_2D,dedicated UI texture group 'do_action_static',HIGH
gJumpDoActionGERTex,UI_2D,dedicated UI texture group 'do_action_static',HIGH
gJumpDoActionJPNTex,UI_2D,dedicated UI texture group 'do_action_static'; IA format (ia4) carries alpha -> transparency/alpha-test likely,HIGH
gNextDoActionENGTex,UI_2D,dedicated UI texture group 'do_action_static'; IA format (ia4) carries alpha -> transparency/alpha-test likely,HIGH
gNextDoActionFRATex,UI_2D,dedicated UI texture group 'do_action_static',HIGH
gNextDoActionGERTex,UI_2D,dedicated UI texture group 'do_action_static',HIGH
gNextDoActionJPNTex,UI_2D,dedicated UI texture group 'do_action_static'; IA format (ia4) carries alpha -> transparency/alpha-test likely,HIGH
gNum1DoActionENGTex,UI_2D,dedicated UI texture group 'do_action_static'; IA format (ia4) carries alpha -> transparency/alpha-test likely,HIGH
gNum1DoActionFRATex,UI_2D,dedicated UI texture group 'do_action_static',HIGH
gNum1DoActionGERTex,UI_2D,dedicated UI texture group 'do_action_static',HIGH
gNum1DoActionJPNTex,UI_2D,dedicated UI texture group 'do_action_static'; IA format (ia4) carries alpha -> transparency/alpha-test likely,HIGH
gNum2DoActionENGTex,UI_2D,dedicated UI texture group 'do_action_static'; IA format (ia4) carries alpha -> transparency/alpha-test likely,HIGH
gNum2DoActionFRATex,UI_2D,dedicated UI texture group 'do_action_static',HIGH
gNum2DoActionGERTex,UI_2D,dedicated UI texture group 'do_action_static',HIGH
gNum2DoActionJPNTex,UI_2D,dedicated UI texture group 'do_action_static'; IA format (ia4) carries alpha -> transparency/alpha-test likely,HIGH
gNum3DoActionENGTex,UI_2D,dedicated UI texture group 'do_action_static'; IA format (ia4) carries alpha -> transparency/alpha-test likely,HIGH
gNum3DoActionFRATex,UI_2D,dedicated UI texture group 'do_action_static',HIGH
gNum3DoActionGERTex,UI_2D,dedicated UI texture group 'do_action_static',HIGH
gNum3DoActionJPNTex,UI_2D,dedicated UI texture group 'do_action_static'; IA format (ia4) carries alpha -> transparency/alpha-test likely,HIGH
gNum4DoActionENGTex,UI_2D,dedicated UI texture group 'do_action_static'; IA format (ia4) carries alpha -> transparency/alpha-test likely,HIGH
gNum4DoActionFRATex,UI_2D,dedicated UI texture group 'do_action_static',HIGH
gNum4DoActionGERTex,UI_2D,dedicated UI texture group 'do_action_static',HIGH
gNum4DoActionJPNTex,UI_2D,dedicated UI texture group 'do_action_static'; IA format (ia4) carries alpha -> transparency/alpha-test likely,HIGH
gNum5DoActionENGTex,UI_2D,dedicated UI texture group 'do_action_static'; IA format (ia4) carries alpha -> transparency/alpha-test likely,HIGH
gNum5DoActionFRATex,UI_2D,dedicated UI texture group 'do_action_static',HIGH
gNum5DoActionGERTex,UI_2D,dedicated UI texture group 'do_action_static',HIGH
gNum5DoActionJPNTex,UI_2D,dedicated UI texture group 'do_action_static'; IA format (ia4) carries alpha -> transparency/alpha-test likely,HIGH
gNum6DoActionENGTex,UI_2D,dedicated UI texture group 'do_action_static'; IA format (ia4) carries alpha -> transparency/alpha-test likely,HIGH
gNum6DoActionFRATex,UI_2D,dedicated UI texture group 'do_action_static',HIGH
gNum6DoActionGERTex,UI_2D,dedicated UI texture group 'do_action_static',HIGH
gNum6DoActionJPNTex,UI_2D,dedicated UI texture group 'do_action_static'; IA format (ia4) carries alpha -> transparency/alpha-test likely,HIGH
gNum7DoActionENGTex,UI_2D,dedicated UI texture group 'do_action_static'; IA format (ia4) carries alpha -> transparency/alpha-test likely,HIGH
gNum7DoActionFRATex,UI_2D,dedicated UI texture group 'do_action_static',HIGH
gNum7DoActionGERTex,UI_2D,dedicated UI texture group 'do_action_static',HIGH
gNum7DoActionJPNTex,UI_2D,dedicated UI texture group 'do_action_static'; IA format (ia4) carries alpha -> transparency/alpha-test likely,HIGH
gNum8DoActionENGTex,UI_2D,dedicated UI texture group 'do_action_static'; IA format (ia4) carries alpha -> transparency/alpha-test likely,HIGH
gNum8DoActionFRATex,UI_2D,dedicated UI texture group 'do_action_static',HIGH
gNum8DoActionGERTex,UI_2D,dedicated UI texture group 'do_action_static',HIGH
gNum8DoActionJPNTex,UI_2D,dedicated UI texture group 'do_action_static'; IA format (ia4) carries alpha -> transparency/alpha-test likely,HIGH
gOpenDoActionENGTex,UI_2D,dedicated UI texture group 'do_action_static'; IA format (ia4) carries alpha -> transparency/alpha-test likely,HIGH
gOpenDoActionFRATex,UI_2D,dedicated UI texture group 'do_action_static',HIGH
gOpenDoActionGERTex,UI_2D,dedicated UI texture group 'do_action_static',HIGH
gOpenDoActionJPNTex,UI_2D,dedicated UI texture group 'do_action_static'; IA format (ia4) carries alpha -> transparency/alpha-test likely,HIGH
gPutAwayDoActionENGTex,UI_2D,dedicated UI texture group 'do_action_static'; IA format (ia4) carries alpha -> transparency/alpha-test likely,HIGH
gPutAwayDoActionFRATex,UI_2D,dedicated UI texture group 'do_action_static',HIGH
gPutAwayDoActionGERTex,UI_2D,dedicated UI texture group 'do_action_static',HIGH
gPutAwayDoActionJPNTex,UI_2D,dedicated UI texture group 'do_action_static'; IA format (ia4) carries alpha -> transparency/alpha-test likely,HIGH
gReelDoActionENGTex,UI_2D,dedicated UI texture group 'do_action_static'; IA format (ia4) carries alpha -> transparency/alpha-test likely,HIGH
gReelDoActionFRATex,UI_2D,dedicated UI texture group 'do_action_static',HIGH
gReelDoActionGERTex,UI_2D,dedicated UI texture group 'do_action_static',HIGH
gReelDoActionJPNTex,UI_2D,dedicated UI texture group 'do_action_static'; IA format (ia4) carries alpha -> transparency/alpha-test likely,HIGH
gReturnDoActionENGTex,UI_2D,dedicated UI texture group 'do_action_static'; IA format (ia4) carries alpha -> transparency/alpha-test likely,HIGH
gReturnDoActionFRATex,UI_2D,dedicated UI texture group 'do_action_static',HIGH
gReturnDoActionGERTex,UI_2D,dedicated UI texture group 'do_action_static',HIGH
gReturnDoActionJPNTex,UI_2D,dedicated UI texture group 'do_action_static'; IA format (ia4) carries alpha -> transparency/alpha-test likely,HIGH
gSaveDoActionENGTex,UI_2D,dedicated UI texture group 'do_action_static'; IA format (ia4) carries alpha -> transparency/alpha-test likely,HIGH
gSaveDoActionFRATex,UI_2D,dedicated UI texture group 'do_action_static',HIGH
gSaveDoActionGERTex,UI_2D,dedicated UI texture group 'do_action_static',HIGH
gSaveDoActionJPNTex,UI_2D,dedicated UI texture group 'do_action_static'; IA format (ia4) carries alpha -> transparency/alpha-test likely,HIGH
gSpeakDoActionENGTex,UI_2D,dedicated UI texture group 'do_action_static'; IA format (ia4) carries alpha -> transparency/alpha-test likely,HIGH
gSpeakDoActionFRATex,UI_2D,dedicated UI texture group 'do_action_static',HIGH
gSpeakDoActionGERTex,UI_2D,dedicated UI texture group 'do_action_static',HIGH
gSpeakDoActionJPNTex,UI_2D,dedicated UI texture group 'do_action_static'; IA format (ia4) carries alpha -> transparency/alpha-test likely,HIGH
gStopDoActionENGTex,UI_2D,dedicated UI texture group 'do_action_static'; IA format (ia4) carries alpha -> transparency/alpha-test likely,HIGH
gStopDoActionFRATex,UI_2D,dedicated UI texture group 'do_action_static',HIGH
gStopDoActionGERTex,UI_2D,dedicated UI texture group 'do_action_static',HIGH
gStopDoActionJPNTex,UI_2D,dedicated UI texture group 'do_action_static'; IA format (ia4) carries alpha -> transparency/alpha-test likely,HIGH
gThrowDoActionENGTex,UI_2D,dedicated UI texture group 'do_action_static'; IA format (ia4) carries alpha -> transparency/alpha-test likely,HIGH
gThrowDoActionFRATex,UI_2D,dedicated UI texture group 'do_action_static',HIGH
gThrowDoActionGERTex,UI_2D,dedicated UI texture group 'do_action_static',HIGH
gThrowDoActionJPNTex,UI_2D,dedicated UI texture group 'do_action_static'; IA format (ia4) carries alpha -> transparency/alpha-test likely,HIGH
gUnusedNaviDoActionENGTex,UI_2D,dedicated UI texture group 'do_action_static'; IA format (ia4) carries alpha -> transparency/alpha-test likely; fairy/Navi effect keyword,HIGH
gUnusedNaviDoActionFRATex,UI_2D,dedicated UI texture group 'do_action_static'; fairy/Navi effect keyword,HIGH
gUnusedNaviDoActionGERTex,UI_2D,dedicated UI texture group 'do_action_static'; fairy/Navi effect keyword,HIGH
gUnusedNaviDoActionJPNTex,UI_2D,dedicated UI texture group 'do_action_static'; IA format (ia4) carries alpha -> transparency/alpha-test likely; fairy/Navi effect keyword,HIGH
gForestTempleTitleCardENGTex,UI_2D,dedicated UI texture group 'place_title_cards'; IA format (ia8) carries alpha -> transparency/alpha-test likely,HIGH
gForestTempleTitleCardFRATex,UI_2D,dedicated UI texture group 'place_title_cards',HIGH
gForestTempleTitleCardGERTex,UI_2D,dedicated UI texture group 'place_title_cards',HIGH
gShadowTempleTitleCardENGTex,UI_2D,dedicated UI texture group 'place_title_cards'; IA format (ia8) carries alpha -> transparency/alpha-test likely,HIGH
gShadowTempleTitleCardFRATex,UI_2D,dedicated UI texture group 'place_title_cards',HIGH
gShadowTempleTitleCardGERTex,UI_2D,dedicated UI texture group 'place_title_cards',HIGH
gFireTempleTitleCardENGTex,UI_2D,dedicated UI texture group 'place_title_cards'; IA format (ia8) carries alpha -> transparency/alpha-test likely,HIGH
gFireTempleTitleCardFRATex,UI_2D,dedicated UI texture group 'place_title_cards',HIGH
gFireTempleTitleCardGERTex,UI_2D,dedicated UI texture group 'place_title_cards',HIGH
gWaterTempleTitleCardENGTex,UI_2D,dedicated UI texture group 'place_title_cards'; IA format (ia8) carries alpha -> transparency/alpha-test likely,HIGH
gWaterTempleTitleCardFRATex,UI_2D,dedicated UI texture group 'place_title_cards',HIGH
gWaterTempleTitleCardGERTex,UI_2D,dedicated UI texture group 'place_title_cards',HIGH
gSpiritTempleTitleCardENGTex,UI_2D,dedicated UI texture group 'place_title_cards'; IA format (ia8) carries alpha -> transparency/alpha-test likely,HIGH
gSpiritTempleTitleCardFRATex,UI_2D,dedicated UI texture group 'place_title_cards',HIGH
gSpiritTempleTitleCardGERTex,UI_2D,dedicated UI texture group 'place_title_cards',HIGH
gDekuTreeTitleCardENGTex,UI_2D,dedicated UI texture group 'place_title_cards'; IA format (ia8) carries alpha -> transparency/alpha-test likely,HIGH
gDekuTreeTitleCardFRATex,UI_2D,dedicated UI texture group 'place_title_cards',HIGH
gDekuTreeTitleCardGERTex,UI_2D,dedicated UI texture group 'place_title_cards',HIGH
gJabuJabuTitleCardENGTex,UI_2D,dedicated UI texture group 'place_title_cards'; IA format (ia8) carries alpha -> transparency/alpha-test likely,HIGH
gJabuJabuTitleCardFRATex,UI_2D,dedicated UI texture group 'place_title_cards',HIGH
gJabuJabuTitleCardGERTex,UI_2D,dedicated UI texture group 'place_title_cards',HIGH
gDodongosCavernTitleCardENGTex,UI_2D,dedicated UI texture group 'place_title_cards'; IA format (ia8) carries alpha -> transparency/alpha-test likely,HIGH
gDodongosCavernTitleCardFRATex,UI_2D,dedicated UI texture group 'place_title_cards',HIGH
gDodongosCavernTitleCardGERTex,UI_2D,dedicated UI texture group 'place_title_cards',HIGH
gInsideGanonsCastleTitleCardENGTex,UI_2D,dedicated UI texture group 'place_title_cards'; IA format (ia8) carries alpha -> transparency/alpha-test likely,HIGH
gInsideGanonsCastleTitleCardFRATex,UI_2D,dedicated UI texture group 'place_title_cards',HIGH
gInsideGanonsCastleTitleCardGERTex,UI_2D,dedicated UI texture group 'place_title_cards',HIGH
gIceCavernTitleCardENGTex,UI_2D,dedicated UI texture group 'place_title_cards'; IA format (ia8) carries alpha -> transparency/alpha-test likely,HIGH
gIceCavernTitleCardFRATex,UI_2D,dedicated UI texture group 'place_title_cards',HIGH
gIceCavernTitleCardGERTex,UI_2D,dedicated UI texture group 'place_title_cards',HIGH
gGERudoTrainingGroundTitleCardENGTex,UI_2D,dedicated UI texture group 'place_title_cards'; IA format (ia8) carries alpha -> transparency/alpha-test likely,HIGH
gGERudoTrainingGroundTitleCardFRATex,UI_2D,dedicated UI texture group 'place_title_cards',HIGH
gGERudoTrainingGroundTitleCardGERTex,UI_2D,dedicated UI texture group 'place_title_cards',HIGH
gCastleCourtyardTitleCardENGTex,UI_2D,dedicated UI texture group 'place_title_cards'; IA format (ia8) carries alpha -> transparency/alpha-test likely,HIGH
gCastleCourtyardTitleCardFRATex,UI_2D,dedicated UI texture group 'place_title_cards',HIGH
gCastleCourtyardTitleCardGERTex,UI_2D,dedicated UI texture group 'place_title_cards',HIGH
gGreatFairysFountainTitleCardENGTex,UI_2D,dedicated UI texture group 'place_title_cards'; IA format (ia8) carries alpha -> transparency/alpha-test likely; fairy/Navi effect keyword,HIGH
gGreatFairysFountainTitleCardFRATex,UI_2D,dedicated UI texture group 'place_title_cards'; fairy/Navi effect keyword,HIGH
gGreatFairysFountainTitleCardGERTex,UI_2D,dedicated UI texture group 'place_title_cards'; fairy/Navi effect keyword,HIGH
gChamberOfTheSagesTitleCardENGTex,UI_2D,dedicated UI texture group 'place_title_cards'; IA format (ia8) carries alpha -> transparency/alpha-test likely,HIGH
gChamberOfTheSagesTitleCardFRATex,UI_2D,dedicated UI texture group 'place_title_cards',HIGH
gChamberOfTheSagesTitleCardGERTex,UI_2D,dedicated UI texture group 'place_title_cards',HIGH
gShootingGalleryTitleCardENGTex,UI_2D,dedicated UI texture group 'place_title_cards'; IA format (ia8) carries alpha -> transparency/alpha-test likely,HIGH
gShootingGalleryTitleCardFRATex,UI_2D,dedicated UI texture group 'place_title_cards',HIGH
gShootingGalleryTitleCardGERTex,UI_2D,dedicated UI texture group 'place_title_cards',HIGH
gTempleOfTimeTitleCardENGTex,UI_2D,dedicated UI texture group 'place_title_cards'; IA format (ia8) carries alpha -> transparency/alpha-test likely,HIGH
gTempleOfTimeTitleCardFRATex,UI_2D,dedicated UI texture group 'place_title_cards',HIGH
gTempleOfTimeTitleCardGERTex,UI_2D,dedicated UI texture group 'place_title_cards',HIGH
gMarketTitleCardENGTex,UI_2D,dedicated UI texture group 'place_title_cards'; IA format (ia8) carries alpha -> transparency/alpha-test likely,HIGH
gMarketTitleCardFRATex,UI_2D,dedicated UI texture group 'place_title_cards',HIGH
gMarketTitleCardGERTex,UI_2D,dedicated UI texture group 'place_title_cards',HIGH
gBackAlleyTitleCardENGTex,UI_2D,dedicated UI texture group 'place_title_cards'; IA format (ia8) carries alpha -> transparency/alpha-test likely,HIGH
gBackAlleyTitleCardFRATex,UI_2D,dedicated UI texture group 'place_title_cards',HIGH
gBackAlleyTitleCardGERTex,UI_2D,dedicated UI texture group 'place_title_cards',HIGH
gKokiriShopTitleCardENGTex,UI_2D,dedicated UI texture group 'place_title_cards'; IA format (ia8) carries alpha -> transparency/alpha-test likely,HIGH
gKokiriShopTitleCardFRATex,UI_2D,dedicated UI texture group 'place_title_cards',HIGH
gKokiriShopTitleCardGERTex,UI_2D,dedicated UI texture group 'place_title_cards',HIGH
gGoronShopTitleCardENGTex,UI_2D,dedicated UI texture group 'place_title_cards'; IA format (ia8) carries alpha -> transparency/alpha-test likely,HIGH
gGoronShopTitleCardFRATex,UI_2D,dedicated UI texture group 'place_title_cards',HIGH
gGoronShopTitleCardGERTex,UI_2D,dedicated UI texture group 'place_title_cards',HIGH
gZoraShopTitleCardENGTex,UI_2D,dedicated UI texture group 'place_title_cards'; IA format (ia8) carries alpha -> transparency/alpha-test likely,HIGH
gZoraShopTitleCardFRATex,UI_2D,dedicated UI texture group 'place_title_cards',HIGH
gZoraShopTitleCardGERTex,UI_2D,dedicated UI texture group 'place_title_cards',HIGH
gHouseOfSkulltulaTitleCardENGTex,UI_2D,dedicated UI texture group 'place_title_cards'; IA format (ia8) carries alpha -> transparency/alpha-test likely,HIGH
gHouseOfSkulltulaTitleCardFRATex,UI_2D,dedicated UI texture group 'place_title_cards',HIGH
gHouseOfSkulltulaTitleCardGERTex,UI_2D,dedicated UI texture group 'place_title_cards',HIGH
gBazaarTitleCardENGTex,UI_2D,dedicated UI texture group 'place_title_cards'; IA format (ia8) carries alpha -> transparency/alpha-test likely,HIGH
gBazaarTitleCardFRATex,UI_2D,dedicated UI texture group 'place_title_cards',HIGH
gBazaarTitleCardGERTex,UI_2D,dedicated UI texture group 'place_title_cards',HIGH
gPotionShopTitleCardENGTex,UI_2D,dedicated UI texture group 'place_title_cards'; IA format (ia8) carries alpha -> transparency/alpha-test likely,HIGH
gPotionShopTitleCardFRATex,UI_2D,dedicated UI texture group 'place_title_cards',HIGH
gPotionShopTitleCardGERTex,UI_2D,dedicated UI texture group 'place_title_cards',HIGH
gGravekeepersHutTitleCardENGTex,UI_2D,dedicated UI texture group 'place_title_cards'; IA format (ia8) carries alpha -> transparency/alpha-test likely,HIGH
gGravekeepersHutTitleCardFRATex,UI_2D,dedicated UI texture group 'place_title_cards',HIGH
gGravekeepersHutTitleCardGERTex,UI_2D,dedicated UI texture group 'place_title_cards',HIGH
gLakesideLaboratoryTitleCardENGTex,UI_2D,dedicated UI texture group 'place_title_cards'; IA format (ia8) carries alpha -> transparency/alpha-test likely,HIGH
gLakesideLaboratoryTitleCardFRATex,UI_2D,dedicated UI texture group 'place_title_cards',HIGH
gLakesideLaboratoryTitleCardGERTex,UI_2D,dedicated UI texture group 'place_title_cards',HIGH
gHyruleFieldTitleCardENGTex,UI_2D,dedicated UI texture group 'place_title_cards'; IA format (ia8) carries alpha -> transparency/alpha-test likely,HIGH
gHyruleFieldTitleCardFRATex,UI_2D,dedicated UI texture group 'place_title_cards',HIGH
gHyruleFieldTitleCardGERTex,UI_2D,dedicated UI texture group 'place_title_cards',HIGH
gKakarikoVillageTitleCardENGTex,UI_2D,dedicated UI texture group 'place_title_cards'; IA format (ia8) carries alpha -> transparency/alpha-test likely,HIGH
gKakarikoVillageTitleCardFRATex,UI_2D,dedicated UI texture group 'place_title_cards',HIGH
gKakarikoVillageTitleCardGERTex,UI_2D,dedicated UI texture group 'place_title_cards',HIGH
gGraveyardTitleCardENGTex,UI_2D,dedicated UI texture group 'place_title_cards'; IA format (ia8) carries alpha -> transparency/alpha-test likely,HIGH
gGraveyardTitleCardFRATex,UI_2D,dedicated UI texture group 'place_title_cards',HIGH
gGraveyardTitleCardGERTex,UI_2D,dedicated UI texture group 'place_title_cards',HIGH
gZorasRiverTitleCardENGTex,UI_2D,dedicated UI texture group 'place_title_cards'; IA format (ia8) carries alpha -> transparency/alpha-test likely,HIGH
gZorasRiverTitleCardFRATex,UI_2D,dedicated UI texture group 'place_title_cards',HIGH
gZorasRiverTitleCardGERTex,UI_2D,dedicated UI texture group 'place_title_cards',HIGH
gKokiriForestTitleCardENGTex,UI_2D,dedicated UI texture group 'place_title_cards'; IA format (ia8) carries alpha -> transparency/alpha-test likely,HIGH
gKokiriForestTitleCardFRATex,UI_2D,dedicated UI texture group 'place_title_cards',HIGH
gKokiriForestTitleCardGERTex,UI_2D,dedicated UI texture group 'place_title_cards',HIGH
gLakeHyliaTitleCardENGTex,UI_2D,dedicated UI texture group 'place_title_cards'; IA format (ia8) carries alpha -> transparency/alpha-test likely,HIGH
gLakeHyliaTitleCardFRATex,UI_2D,dedicated UI texture group 'place_title_cards',HIGH
gLakeHyliaTitleCardGERTex,UI_2D,dedicated UI texture group 'place_title_cards',HIGH
gZorasDomainTitleCardENGTex,UI_2D,dedicated UI texture group 'place_title_cards'; IA format (ia8) carries alpha -> transparency/alpha-test likely,HIGH
gZorasDomainTitleCardFRATex,UI_2D,dedicated UI texture group 'place_title_cards',HIGH
gZorasDomainTitleCardGERTex,UI_2D,dedicated UI texture group 'place_title_cards',HIGH
gZorasFountainTitleCardENGTex,UI_2D,dedicated UI texture group 'place_title_cards'; IA format (ia8) carries alpha -> transparency/alpha-test likely,HIGH
gZorasFountainTitleCardFRATex,UI_2D,dedicated UI texture group 'place_title_cards',HIGH
gZorasFountainTitleCardGERTex,UI_2D,dedicated UI texture group 'place_title_cards',HIGH
gGERudoValleyTitleCardENGTex,UI_2D,dedicated UI texture group 'place_title_cards'; IA format (ia8) carries alpha -> transparency/alpha-test likely,HIGH
gGERudoValleyTitleCardFRATex,UI_2D,dedicated UI texture group 'place_title_cards',HIGH
gGERudoValleyTitleCardGERTex,UI_2D,dedicated UI texture group 'place_title_cards',HIGH
gLostWoodsTitleCardENGTex,UI_2D,dedicated UI texture group 'place_title_cards'; IA format (ia8) carries alpha -> transparency/alpha-test likely,HIGH
gLostWoodsTitleCardFRATex,UI_2D,dedicated UI texture group 'place_title_cards',HIGH
gLostWoodsTitleCardGERTex,UI_2D,dedicated UI texture group 'place_title_cards',HIGH
gHauntedWastelandTitleCardENGTex,UI_2D,dedicated UI texture group 'place_title_cards'; IA format (ia8) carries alpha -> transparency/alpha-test likely,HIGH
gHauntedWastelandTitleCardFRATex,UI_2D,dedicated UI texture group 'place_title_cards',HIGH
gHauntedWastelandTitleCardGERTex,UI_2D,dedicated UI texture group 'place_title_cards',HIGH
gHyruleCastleTitleCardENGTex,UI_2D,dedicated UI texture group 'place_title_cards'; IA format (ia8) carries alpha -> transparency/alpha-test likely,HIGH
gHyruleCastleTitleCardFRATex,UI_2D,dedicated UI texture group 'place_title_cards',HIGH
gHyruleCastleTitleCardGERTex,UI_2D,dedicated UI texture group 'place_title_cards',HIGH
gDeathMountainTrailTitleCardENGTex,UI_2D,dedicated UI texture group 'place_title_cards'; IA format (ia8) carries alpha -> transparency/alpha-test likely,HIGH
gDeathMountainTrailTitleCardFRATex,UI_2D,dedicated UI texture group 'place_title_cards',HIGH
gDeathMountainTrailTitleCardGERTex,UI_2D,dedicated UI texture group 'place_title_cards',HIGH
gDeathMountainCraterTitleCardENGTex,UI_2D,dedicated UI texture group 'place_title_cards'; IA format (ia8) carries alpha -> transparency/alpha-test likely,HIGH
gDeathMountainCraterTitleCardFRATex,UI_2D,dedicated UI texture group 'place_title_cards',HIGH
gDeathMountainCraterTitleCardGERTex,UI_2D,dedicated UI texture group 'place_title_cards',HIGH
gGoronCityTitleCardENGTex,UI_2D,dedicated UI texture group 'place_title_cards'; IA format (ia8) carries alpha -> transparency/alpha-test likely,HIGH
gGoronCityTitleCardFRATex,UI_2D,dedicated UI texture group 'place_title_cards',HIGH
gGoronCityTitleCardGERTex,UI_2D,dedicated UI texture group 'place_title_cards',HIGH
gLonLonRanchTitleCardENGTex,UI_2D,dedicated UI texture group 'place_title_cards'; IA format (ia8) carries alpha -> transparency/alpha-test likely,HIGH
gLonLonRanchTitleCardFRATex,UI_2D,dedicated UI texture group 'place_title_cards',HIGH
gLonLonRanchTitleCardGERTex,UI_2D,dedicated UI texture group 'place_title_cards',HIGH
gGanonsCastleTitleCardENGTex,UI_2D,dedicated UI texture group 'place_title_cards'; IA format (ia8) carries alpha -> transparency/alpha-test likely,HIGH
gGanonsCastleTitleCardFRATex,UI_2D,dedicated UI texture group 'place_title_cards',HIGH
gGanonsCastleTitleCardGERTex,UI_2D,dedicated UI texture group 'place_title_cards',HIGH
gRoyalFamilysTombTitleCardENGTex,UI_2D,dedicated UI texture group 'place_title_cards'; IA format (ia8) carries alpha -> transparency/alpha-test likely,HIGH
gRoyalFamilysTombTitleCardFRATex,UI_2D,dedicated UI texture group 'place_title_cards',HIGH
gRoyalFamilysTombTitleCardGERTex,UI_2D,dedicated UI texture group 'place_title_cards',HIGH
gFairysFountainTitleCardENGTex,UI_2D,dedicated UI texture group 'place_title_cards'; IA format (ia8) carries alpha -> transparency/alpha-test likely; fairy/Navi effect keyword,HIGH
gFairysFountainTitleCardFRATex,UI_2D,dedicated UI texture group 'place_title_cards'; fairy/Navi effect keyword,HIGH
gFairysFountainTitleCardGERTex,UI_2D,dedicated UI texture group 'place_title_cards'; fairy/Navi effect keyword,HIGH
gFishingPondTitleCardENGTex,UI_2D,dedicated UI texture group 'place_title_cards'; IA format (ia8) carries alpha -> transparency/alpha-test likely,HIGH
gFishingPondTitleCardFRATex,UI_2D,dedicated UI texture group 'place_title_cards',HIGH
gFishingPondTitleCardGERTex,UI_2D,dedicated UI texture group 'place_title_cards',HIGH
gBombchuBowlingAlleyCardENGTex,UI_2D,dedicated UI texture group 'place_title_cards'; IA format (ia8) carries alpha -> transparency/alpha-test likely,HIGH
gBombchuBowlingAlleyCardFRATex,UI_2D,dedicated UI texture group 'place_title_cards',HIGH
gBombchuBowlingAlleyCardGERTex,UI_2D,dedicated UI texture group 'place_title_cards',HIGH
gStableTitleCardENGTex,UI_2D,dedicated UI texture group 'place_title_cards'; IA format (ia8) carries alpha -> transparency/alpha-test likely,HIGH
gStableTitleCardFRATex,UI_2D,dedicated UI texture group 'place_title_cards',HIGH
gStableTitleCardGERTex,UI_2D,dedicated UI texture group 'place_title_cards',HIGH
gThievesHideoutTitleCardENGTex,UI_2D,dedicated UI texture group 'place_title_cards'; IA format (ia8) carries alpha -> transparency/alpha-test likely,HIGH
gThievesHideoutTitleCardFRATex,UI_2D,dedicated UI texture group 'place_title_cards',HIGH
gThievesHideoutTitleCardGERTex,UI_2D,dedicated UI texture group 'place_title_cards',HIGH
gHappyMaskShopTitleCardENGTex,UI_2D,dedicated UI texture group 'place_title_cards'; IA format (ia8) carries alpha -> transparency/alpha-test likely,HIGH
gHappyMaskShopTitleCardFRATex,UI_2D,dedicated UI texture group 'place_title_cards',HIGH
gHappyMaskShopTitleCardGERTex,UI_2D,dedicated UI texture group 'place_title_cards',HIGH
gTreasureBoxShopTitleCardENGTex,UI_2D,dedicated UI texture group 'place_title_cards'; IA format (ia8) carries alpha -> transparency/alpha-test likely,HIGH
gTreasureBoxShopTitleCardFRATex,UI_2D,dedicated UI texture group 'place_title_cards',HIGH
gTreasureBoxShopTitleCardGERTex,UI_2D,dedicated UI texture group 'place_title_cards',HIGH
gSacredForestMeadowTitleCardENGTex,UI_2D,dedicated UI texture group 'place_title_cards'; IA format (ia8) carries alpha -> transparency/alpha-test likely,HIGH
gSacredForestMeadowTitleCardFRATex,UI_2D,dedicated UI texture group 'place_title_cards',HIGH
gSacredForestMeadowTitleCardGERTex,UI_2D,dedicated UI texture group 'place_title_cards',HIGH
gGERudosFortressTitleCardENGTex,UI_2D,dedicated UI texture group 'place_title_cards'; IA format (ia8) carries alpha -> transparency/alpha-test likely,HIGH
gGERudosFortressTitleCardFRATex,UI_2D,dedicated UI texture group 'place_title_cards',HIGH
gGERudosFortressTitleCardGERTex,UI_2D,dedicated UI texture group 'place_title_cards',HIGH
gBottomOfTheWellTitleCardENGTex,UI_2D,dedicated UI texture group 'place_title_cards'; IA format (ia8) carries alpha -> transparency/alpha-test likely,HIGH
gBottomOfTheWellTitleCardFRATex,UI_2D,dedicated UI texture group 'place_title_cards',HIGH
gBottomOfTheWellTitleCardGERTex,UI_2D,dedicated UI texture group 'place_title_cards',HIGH
gDesertColossusTitleCardENGTex,UI_2D,dedicated UI texture group 'place_title_cards'; IA format (ia8) carries alpha -> transparency/alpha-test likely,HIGH
gDesertColossusTitleCardFRATex,UI_2D,dedicated UI texture group 'place_title_cards',HIGH
gDesertColossusTitleCardGERTex,UI_2D,dedicated UI texture group 'place_title_cards',HIGH
gBombchuShopTitleCardENGTex,UI_2D,dedicated UI texture group 'place_title_cards'; IA format (ia8) carries alpha -> transparency/alpha-test likely,HIGH
gBombchuShopTitleCardFRATex,UI_2D,dedicated UI texture group 'place_title_cards',HIGH
gBombchuShopTitleCardGERTex,UI_2D,dedicated UI texture group 'place_title_cards',HIGH
gQuestionMarkTitleCardENGTex,UI_2D,dedicated UI texture group 'place_title_cards'; IA format (ia8) carries alpha -> transparency/alpha-test likely,HIGH
gQuestionMarkTitleCardFRATex,UI_2D,dedicated UI texture group 'place_title_cards',HIGH
gQuestionMarkTitleCardGERTex,UI_2D,dedicated UI texture group 'place_title_cards',HIGH
gQuestIconDungeonBossKeyTex,UI_2D,dedicated UI texture group 'icon_item_24_static',HIGH
gQuestIconDungeonCompassTex,UI_2D,dedicated UI texture group 'icon_item_24_static',HIGH
gQuestIconDungeonMapTex,UI_2D,dedicated UI texture group 'icon_item_24_static',HIGH
gQuestIconGerudosCardTex,UI_2D,dedicated UI texture group 'icon_item_24_static',HIGH
gQuestIconGoldSkulltulaTex,UI_2D,dedicated UI texture group 'icon_item_24_static',HIGH
gQuestIconGoronRubyTex,UI_2D,dedicated UI texture group 'icon_item_24_static'; spiritual stone keyword (glowing iconography),HIGH
gQuestIconHeartContainerTex,UI_2D,dedicated UI texture group 'icon_item_24_static',HIGH
gQuestIconHeartPieceTex,UI_2D,dedicated UI texture group 'icon_item_24_static',HIGH
gQuestIconKokiriEmeraldTex,UI_2D,dedicated UI texture group 'icon_item_24_static'; spiritual stone keyword (glowing iconography),HIGH
gQuestIconMagicJarBigTex,UI_2D,dedicated UI texture group 'icon_item_24_static',HIGH
gQuestIconMagicJarSmallTex,UI_2D,dedicated UI texture group 'icon_item_24_static',HIGH
gQuestIconMedallionFireTex,UI_2D,dedicated UI texture group 'icon_item_24_static',HIGH
gQuestIconMedallionForestTex,UI_2D,dedicated UI texture group 'icon_item_24_static',HIGH
gQuestIconMedallionLightTex,UI_2D,dedicated UI texture group 'icon_item_24_static',HIGH
gQuestIconMedallionShadowTex,UI_2D,dedicated UI texture group 'icon_item_24_static',HIGH
gQuestIconMedallionSpiritTex,UI_2D,dedicated UI texture group 'icon_item_24_static',HIGH
gQuestIconMedallionWaterTex,UI_2D,dedicated UI texture group 'icon_item_24_static',HIGH
gQuestIconSmallKeyTex,UI_2D,dedicated UI texture group 'icon_item_24_static',HIGH
gQuestIconStoneOfAgonyTex,UI_2D,dedicated UI texture group 'icon_item_24_static',HIGH
gQuestIconZoraSapphireTex,UI_2D,dedicated UI texture group 'icon_item_24_static'; spiritual stone keyword (glowing iconography),HIGH
gDungeonMap1FButtonTex,UI_2D,dedicated UI texture group 'icon_item_dungeon_static'; IA format (ia8) carries alpha -> transparency/alpha-test likely,HIGH
gDungeonMap2FButtonTex,UI_2D,dedicated UI texture group 'icon_item_dungeon_static'; IA format (ia8) carries alpha -> transparency/alpha-test likely,HIGH
gDungeonMap3FButtonTex,UI_2D,dedicated UI texture group 'icon_item_dungeon_static'; IA format (ia8) carries alpha -> transparency/alpha-test likely,HIGH
gDungeonMap4FButtonTex,UI_2D,dedicated UI texture group 'icon_item_dungeon_static'; IA format (ia8) carries alpha -> transparency/alpha-test likely,HIGH
gDungeonMap5FButtonTex,UI_2D,dedicated UI texture group 'icon_item_dungeon_static'; IA format (ia8) carries alpha -> transparency/alpha-test likely,HIGH
gDungeonMap6FButtonTex,UI_2D,dedicated UI texture group 'icon_item_dungeon_static'; IA format (ia8) carries alpha -> transparency/alpha-test likely,HIGH
gDungeonMap7FButtonTex,UI_2D,dedicated UI texture group 'icon_item_dungeon_static'; IA format (ia8) carries alpha -> transparency/alpha-test likely,HIGH
gDungeonMap8FButtonTex,UI_2D,dedicated UI texture group 'icon_item_dungeon_static'; IA format (ia8) carries alpha -> transparency/alpha-test likely,HIGH
gDungeonMapB1ButtonTex,UI_2D,dedicated UI texture group 'icon_item_dungeon_static'; IA format (ia8) carries alpha -> transparency/alpha-test likely,HIGH
gDungeonMapB2ButtonTex,UI_2D,dedicated UI texture group 'icon_item_dungeon_static'; IA format (ia8) carries alpha -> transparency/alpha-test likely,HIGH
gDungeonMapB3ButtonTex,UI_2D,dedicated UI texture group 'icon_item_dungeon_static'; IA format (ia8) carries alpha -> transparency/alpha-test likely,HIGH
gDungeonMapB4ButtonTex,UI_2D,dedicated UI texture group 'icon_item_dungeon_static'; IA format (ia8) carries alpha -> transparency/alpha-test likely,HIGH
gDungeonMapB5ButtonTex,UI_2D,dedicated UI texture group 'icon_item_dungeon_static'; IA format (ia8) carries alpha -> transparency/alpha-test likely,HIGH
gDungeonMapB6ButtonTex,UI_2D,dedicated UI texture group 'icon_item_dungeon_static'; IA format (ia8) carries alpha -> transparency/alpha-test likely,HIGH
gDungeonMapB7ButtonTex,UI_2D,dedicated UI texture group 'icon_item_dungeon_static'; IA format (ia8) carries alpha -> transparency/alpha-test likely,HIGH
gDungeonMapB8ButtonTex,UI_2D,dedicated UI texture group 'icon_item_dungeon_static'; IA format (ia8) carries alpha -> transparency/alpha-test likely,HIGH
gDungeonMapBlankFloorButtonTex,UI_2D,dedicated UI texture group 'icon_item_dungeon_static'; IA format (ia8) carries alpha -> transparency/alpha-test likely,HIGH
gDungeonMapLinkHeadTex,UI_2D,dedicated UI texture group 'icon_item_dungeon_static',HIGH
gDungeonMapSkullTex,UI_2D,dedicated UI texture group 'icon_item_dungeon_static',HIGH
gWorldMapAreaBox1Tex,UI_2D,dedicated UI texture group 'icon_item_field_static'; IA format (ia4) carries alpha -> transparency/alpha-test likely,HIGH
gWorldMapAreaBox2Tex,UI_2D,dedicated UI texture group 'icon_item_field_static'; IA format (ia4) carries alpha -> transparency/alpha-test likely,HIGH
gWorldMapAreaBox3Tex,UI_2D,dedicated UI texture group 'icon_item_field_static'; IA format (ia4) carries alpha -> transparency/alpha-test likely,HIGH
gWorldMapAreaBox4Tex,UI_2D,dedicated UI texture group 'icon_item_field_static'; IA format (ia4) carries alpha -> transparency/alpha-test likely,HIGH
gWorldMapAreaBox5Tex,UI_2D,dedicated UI texture group 'icon_item_field_static'; IA format (ia4) carries alpha -> transparency/alpha-test likely,HIGH
gWorldMapAreaBox6Tex,UI_2D,dedicated UI texture group 'icon_item_field_static'; IA format (ia4) carries alpha -> transparency/alpha-test likely,HIGH
gWorldMapAreaBox7Tex,UI_2D,dedicated UI texture group 'icon_item_field_static'; IA format (ia4) carries alpha -> transparency/alpha-test likely,HIGH
gWorldMapAreaBox8Tex,UI_2D,dedicated UI texture group 'icon_item_field_static'; IA format (ia4) carries alpha -> transparency/alpha-test likely,HIGH
gWorldMapArrowTex,UI_2D,dedicated UI texture group 'icon_item_field_static'; IA format (ia8) carries alpha -> transparency/alpha-test likely,HIGH
gWorldMapCloud10Tex,UI_2D,dedicated UI texture group 'icon_item_field_static',HIGH
gWorldMapCloud11Tex,UI_2D,dedicated UI texture group 'icon_item_field_static',HIGH
gWorldMapCloud12Tex,UI_2D,dedicated UI texture group 'icon_item_field_static',HIGH
gWorldMapCloud13Tex,UI_2D,dedicated UI texture group 'icon_item_field_static',HIGH
gWorldMapCloud14Tex,UI_2D,dedicated UI texture group 'icon_item_field_static',HIGH
gWorldMapCloud15Tex,UI_2D,dedicated UI texture group 'icon_item_field_static',HIGH
gWorldMapCloud16Tex,UI_2D,dedicated UI texture group 'icon_item_field_static',HIGH
gWorldMapCloud1Tex,UI_2D,dedicated UI texture group 'icon_item_field_static',HIGH
gWorldMapCloud2Tex,UI_2D,dedicated UI texture group 'icon_item_field_static',HIGH
gWorldMapCloud3Tex,UI_2D,dedicated UI texture group 'icon_item_field_static',HIGH
gWorldMapCloud4Tex,UI_2D,dedicated UI texture group 'icon_item_field_static',HIGH
gWorldMapCloud5Tex,UI_2D,dedicated UI texture group 'icon_item_field_static',HIGH
gWorldMapCloud6Tex,UI_2D,dedicated UI texture group 'icon_item_field_static',HIGH
gWorldMapCloud7Tex,UI_2D,dedicated UI texture group 'icon_item_field_static',HIGH
gWorldMapCloud8Tex,UI_2D,dedicated UI texture group 'icon_item_field_static',HIGH
gWorldMapCloud9Tex,UI_2D,dedicated UI texture group 'icon_item_field_static',HIGH
gWorldMapDotTex,UI_2D,dedicated UI texture group 'icon_item_field_static'; IA format (ia8) carries alpha -> transparency/alpha-test likely,HIGH
gWorldMapImageTex,UI_2D,dedicated UI texture group 'icon_item_field_static',HIGH
gPauseBotWTitleFRATex,UI_2D,dedicated UI texture group 'icon_item_fra_static',HIGH
gPauseCurrentPositionFRATex,UI_2D,dedicated UI texture group 'icon_item_fra_static',HIGH
gPauseDekuTitleFRATex,UI_2D,dedicated UI texture group 'icon_item_fra_static',HIGH
gPauseDodongoTitleFRATex,UI_2D,dedicated UI texture group 'icon_item_fra_static',HIGH
gPauseEquipment00FRATex,UI_2D,dedicated UI texture group 'icon_item_fra_static',HIGH
gPauseEquipment10FRATex,UI_2D,dedicated UI texture group 'icon_item_fra_static',HIGH
gPauseEquipment20FRATex,UI_2D,dedicated UI texture group 'icon_item_fra_static',HIGH
gPauseFireTitleFRATex,UI_2D,dedicated UI texture group 'icon_item_fra_static',HIGH
gPauseForestTitleFRATex,UI_2D,dedicated UI texture group 'icon_item_fra_static',HIGH
gPauseIceCavernTitleFRATex,UI_2D,dedicated UI texture group 'icon_item_fra_static',HIGH
gPauseJabuTitleFRATex,UI_2D,dedicated UI texture group 'icon_item_fra_static',HIGH
gPauseMap10FRATex,UI_2D,dedicated UI texture group 'icon_item_fra_static',HIGH
gPauseNoFRATex,UI_2D,dedicated UI texture group 'icon_item_fra_static',HIGH
gPauseQuestStatus10FRATex,UI_2D,dedicated UI texture group 'icon_item_fra_static',HIGH
gPauseSave00FRATex,UI_2D,dedicated UI texture group 'icon_item_fra_static',HIGH
gPauseSave10FRATex,UI_2D,dedicated UI texture group 'icon_item_fra_static',HIGH
gPauseSave20FRATex,UI_2D,dedicated UI texture group 'icon_item_fra_static',HIGH
gPauseSaveConfirmationFRATex,UI_2D,dedicated UI texture group 'icon_item_fra_static',HIGH
gPauseSavePromptFRATex,UI_2D,dedicated UI texture group 'icon_item_fra_static',HIGH
gPauseSelectItem00FRATex,UI_2D,dedicated UI texture group 'icon_item_fra_static',HIGH
gPauseSelectItem10FRATex,UI_2D,dedicated UI texture group 'icon_item_fra_static',HIGH
gPauseSelectItem20FRATex,UI_2D,dedicated UI texture group 'icon_item_fra_static',HIGH
gPauseShadowTitleFRATex,UI_2D,dedicated UI texture group 'icon_item_fra_static',HIGH
gPauseSpiritTitleFRATex,UI_2D,dedicated UI texture group 'icon_item_fra_static',HIGH
gPauseToDecideFRATex,UI_2D,dedicated UI texture group 'icon_item_fra_static',HIGH
gPauseToEquipFRATex,UI_2D,dedicated UI texture group 'icon_item_fra_static',HIGH
gPauseToEquipmentFRATex,UI_2D,dedicated UI texture group 'icon_item_fra_static',HIGH
gPauseToMapFRATex,UI_2D,dedicated UI texture group 'icon_item_fra_static',HIGH
gPauseToPlayMelodyFRATex,UI_2D,dedicated UI texture group 'icon_item_fra_static',HIGH
gPauseToQuestStatusFRATex,UI_2D,dedicated UI texture group 'icon_item_fra_static',HIGH
gPauseToSelectItemFRATex,UI_2D,dedicated UI texture group 'icon_item_fra_static',HIGH
gPauseWaterTitleFRATex,UI_2D,dedicated UI texture group 'icon_item_fra_static',HIGH
gPauseYesFRATex,UI_2D,dedicated UI texture group 'icon_item_fra_static',HIGH
gContinuePlayingENGTex,UI_2D,dedicated UI texture group 'icon_item_gameover_static'; IA format (ia8) carries alpha -> transparency/alpha-test likely,HIGH
gContinuePlayingFRATex,UI_2D,dedicated UI texture group 'icon_item_gameover_static',HIGH
gContinuePlayingGERTex,UI_2D,dedicated UI texture group 'icon_item_gameover_static',HIGH
gContinuePlayingJPNTex,UI_2D,dedicated UI texture group 'icon_item_gameover_static'; IA format (ia8) carries alpha -> transparency/alpha-test likely,HIGH
gGameOverMaskTex,UI_2D,dedicated UI texture group 'icon_item_gameover_static'; IA format (ia8) carries alpha -> transparency/alpha-test likely,HIGH
gGameOverP1Tex,UI_2D,dedicated UI texture group 'icon_item_gameover_static'; IA format (ia8) carries alpha -> transparency/alpha-test likely,HIGH
gGameOverP2Tex,UI_2D,dedicated UI texture group 'icon_item_gameover_static'; IA format (ia8) carries alpha -> transparency/alpha-test likely,HIGH
gGameOverP3Tex,UI_2D,dedicated UI texture group 'icon_item_gameover_static'; IA format (ia8) carries alpha -> transparency/alpha-test likely,HIGH
gPauseBotWTitleGERTex,UI_2D,dedicated UI texture group 'icon_item_ger_static',HIGH
gPauseCurrentPositionGERTex,UI_2D,dedicated UI texture group 'icon_item_ger_static',HIGH
gPauseDekuTitleGERTex,UI_2D,dedicated UI texture group 'icon_item_ger_static',HIGH
gPauseDodongoTitleGERTex,UI_2D,dedicated UI texture group 'icon_item_ger_static',HIGH
gPauseEquipment00GERTex,UI_2D,dedicated UI texture group 'icon_item_ger_static',HIGH
gPauseEquipment10GERTex,UI_2D,dedicated UI texture group 'icon_item_ger_static',HIGH
gPauseEquipment20GERTex,UI_2D,dedicated UI texture group 'icon_item_ger_static',HIGH
gPauseFireTitleGERTex,UI_2D,dedicated UI texture group 'icon_item_ger_static',HIGH
gPauseForestTitleGERTex,UI_2D,dedicated UI texture group 'icon_item_ger_static',HIGH
gPauseIceCavernTitleGERTex,UI_2D,dedicated UI texture group 'icon_item_ger_static',HIGH
gPauseJabuTitleGERTex,UI_2D,dedicated UI texture group 'icon_item_ger_static',HIGH
gPauseMap10GERTex,UI_2D,dedicated UI texture group 'icon_item_ger_static',HIGH
gPauseNoGERTex,UI_2D,dedicated UI texture group 'icon_item_ger_static',HIGH
gPauseQuestStatus10GERTex,UI_2D,dedicated UI texture group 'icon_item_ger_static',HIGH
gPauseSave10GERTex,UI_2D,dedicated UI texture group 'icon_item_ger_static',HIGH
gPauseSave20GERTex,UI_2D,dedicated UI texture group 'icon_item_ger_static',HIGH
gPauseSaveConfirmationGERTex,UI_2D,dedicated UI texture group 'icon_item_ger_static',HIGH
gPauseSavePromptGERTex,UI_2D,dedicated UI texture group 'icon_item_ger_static',HIGH
gPauseSelectItem00GERTex,UI_2D,dedicated UI texture group 'icon_item_ger_static',HIGH
gPauseSelectItem10GERTex,UI_2D,dedicated UI texture group 'icon_item_ger_static',HIGH
gPauseSelectItem20GERTex,UI_2D,dedicated UI texture group 'icon_item_ger_static',HIGH
gPauseShadowTitleGERTex,UI_2D,dedicated UI texture group 'icon_item_ger_static',HIGH
gPauseSpiritTitleGERTex,UI_2D,dedicated UI texture group 'icon_item_ger_static',HIGH
gPauseToDecideGERTex,UI_2D,dedicated UI texture group 'icon_item_ger_static',HIGH
gPauseToEquipGERTex,UI_2D,dedicated UI texture group 'icon_item_ger_static',HIGH
gPauseToEquipmentGERTex,UI_2D,dedicated UI texture group 'icon_item_ger_static',HIGH
gPauseToMapGERTex,UI_2D,dedicated UI texture group 'icon_item_ger_static',HIGH
gPauseToPlayMelodyGERTex,UI_2D,dedicated UI texture group 'icon_item_ger_static',HIGH
gPauseToQuestStatusGERTex,UI_2D,dedicated UI texture group 'icon_item_ger_static',HIGH
gPauseToSelectItemGERTex,UI_2D,dedicated UI texture group 'icon_item_ger_static',HIGH
gPauseWaterTitleGERTex,UI_2D,dedicated UI texture group 'icon_item_ger_static',HIGH
gPauseYesGERTex,UI_2D,dedicated UI texture group 'icon_item_ger_static',HIGH
gPauseBotWTitleJPNTex,UI_2D,dedicated UI texture group 'icon_item_jpn_static'; IA format (ia8) carries alpha -> transparency/alpha-test likely,HIGH
gPauseCurrentPositionJPNTex,UI_2D,dedicated UI texture group 'icon_item_jpn_static',HIGH
gPauseDekuTitleJPNTex,UI_2D,dedicated UI texture group 'icon_item_jpn_static'; IA format (ia8) carries alpha -> transparency/alpha-test likely,HIGH
gPauseDodongoTitleJPNTex,UI_2D,dedicated UI texture group 'icon_item_jpn_static'; IA format (ia8) carries alpha -> transparency/alpha-test likely,HIGH
gPauseEquipment10JPNTex,UI_2D,dedicated UI texture group 'icon_item_jpn_static'; IA format (ia8) carries alpha -> transparency/alpha-test likely,HIGH
gPauseFireTitleJPNTex,UI_2D,dedicated UI texture group 'icon_item_jpn_static'; IA format (ia8) carries alpha -> transparency/alpha-test likely,HIGH
gPauseForestTitleJPNTex,UI_2D,dedicated UI texture group 'icon_item_jpn_static'; IA format (ia8) carries alpha -> transparency/alpha-test likely,HIGH
gPauseIceCavernTitleJPNTex,UI_2D,dedicated UI texture group 'icon_item_jpn_static'; IA format (ia8) carries alpha -> transparency/alpha-test likely,HIGH
gPauseJabuTitleJPNTex,UI_2D,dedicated UI texture group 'icon_item_jpn_static'; IA format (ia8) carries alpha -> transparency/alpha-test likely,HIGH
gPauseMap10JPNTex,UI_2D,dedicated UI texture group 'icon_item_jpn_static'; IA format (ia8) carries alpha -> transparency/alpha-test likely,HIGH
gPauseNoJPNTex,UI_2D,dedicated UI texture group 'icon_item_jpn_static'; IA format (ia8) carries alpha -> transparency/alpha-test likely,HIGH
gPauseQuestStatus00JPNTex,UI_2D,dedicated UI texture group 'icon_item_jpn_static'; IA format (ia8) carries alpha -> transparency/alpha-test likely,HIGH
gPauseQuestStatus10JPNTex,UI_2D,dedicated UI texture group 'icon_item_jpn_static'; IA format (ia8) carries alpha -> transparency/alpha-test likely,HIGH
gPauseQuestStatus20JPNTex,UI_2D,dedicated UI texture group 'icon_item_jpn_static'; IA format (ia8) carries alpha -> transparency/alpha-test likely,HIGH
gPauseSave10JPNTex,UI_2D,dedicated UI texture group 'icon_item_jpn_static'; IA format (ia8) carries alpha -> transparency/alpha-test likely,HIGH
gPauseSaveConfirmationJPNTex,UI_2D,dedicated UI texture group 'icon_item_jpn_static'; IA format (ia8) carries alpha -> transparency/alpha-test likely,HIGH
gPauseSavePromptJPNTex,UI_2D,dedicated UI texture group 'icon_item_jpn_static'; IA format (ia8) carries alpha -> transparency/alpha-test likely,HIGH
gPauseSelectItem00JPNTex,UI_2D,dedicated UI texture group 'icon_item_jpn_static'; IA format (ia8) carries alpha -> transparency/alpha-test likely,HIGH
gPauseSelectItem10JPNTex,UI_2D,dedicated UI texture group 'icon_item_jpn_static'; IA format (ia8) carries alpha -> transparency/alpha-test likely,HIGH
gPauseSelectItem20JPNTex,UI_2D,dedicated UI texture group 'icon_item_jpn_static'; IA format (ia8) carries alpha -> transparency/alpha-test likely,HIGH
gPauseShadowTitleJPNTex,UI_2D,dedicated UI texture group 'icon_item_jpn_static'; IA format (ia8) carries alpha -> transparency/alpha-test likely,HIGH
gPauseSpiritTitleJPNTex,UI_2D,dedicated UI texture group 'icon_item_jpn_static'; IA format (ia8) carries alpha -> transparency/alpha-test likely,HIGH
gPauseToDecideJPNTex,UI_2D,dedicated UI texture group 'icon_item_jpn_static'; IA format (ia8) carries alpha -> transparency/alpha-test likely,HIGH
gPauseToEquipJPNTex,UI_2D,dedicated UI texture group 'icon_item_jpn_static'; IA format (ia8) carries alpha -> transparency/alpha-test likely,HIGH
gPauseToEquipmentJPNTex,UI_2D,dedicated UI texture group 'icon_item_jpn_static'; IA format (ia8) carries alpha -> transparency/alpha-test likely,HIGH
gPauseToMapJPNTex,UI_2D,dedicated UI texture group 'icon_item_jpn_static'; IA format (ia8) carries alpha -> transparency/alpha-test likely,HIGH
gPauseToPlayMelodyJPNTex,UI_2D,dedicated UI texture group 'icon_item_jpn_static'; IA format (ia8) carries alpha -> transparency/alpha-test likely,HIGH
gPauseToQuestStatusJPNTex,UI_2D,dedicated UI texture group 'icon_item_jpn_static'; IA format (ia8) carries alpha -> transparency/alpha-test likely,HIGH
gPauseToSelectItemJPNTex,UI_2D,dedicated UI texture group 'icon_item_jpn_static'; IA format (ia8) carries alpha -> transparency/alpha-test likely,HIGH
gPauseWaterTitleJPNTex,UI_2D,dedicated UI texture group 'icon_item_jpn_static'; IA format (ia8) carries alpha -> transparency/alpha-test likely,HIGH
gPauseYesJPNTex,UI_2D,dedicated UI texture group 'icon_item_jpn_static'; IA format (ia8) carries alpha -> transparency/alpha-test likely,HIGH
gPauseBotWTitleENGTex,UI_2D,dedicated UI texture group 'icon_item_nes_static'; IA format (ia8) carries alpha -> transparency/alpha-test likely,HIGH
gPauseCurrentPositionENGTex,UI_2D,dedicated UI texture group 'icon_item_nes_static',HIGH
gPauseDekuTitleENGTex,UI_2D,dedicated UI texture group 'icon_item_nes_static'; IA format (ia8) carries alpha -> transparency/alpha-test likely,HIGH
gPauseDodongoTitleENGTex,UI_2D,dedicated UI texture group 'icon_item_nes_static'; IA format (ia8) carries alpha -> transparency/alpha-test likely,HIGH
gPauseEquipment10ENGTex,UI_2D,dedicated UI texture group 'icon_item_nes_static'; IA format (ia8) carries alpha -> transparency/alpha-test likely,HIGH
gPauseFireTitleENGTex,UI_2D,dedicated UI texture group 'icon_item_nes_static'; IA format (ia8) carries alpha -> transparency/alpha-test likely,HIGH
gPauseForestTitleENGTex,UI_2D,dedicated UI texture group 'icon_item_nes_static'; IA format (ia8) carries alpha -> transparency/alpha-test likely,HIGH
gPauseIceCavernTitleENGTex,UI_2D,dedicated UI texture group 'icon_item_nes_static'; IA format (ia8) carries alpha -> transparency/alpha-test likely,HIGH
gPauseJabuTitleENGTex,UI_2D,dedicated UI texture group 'icon_item_nes_static'; IA format (ia8) carries alpha -> transparency/alpha-test likely,HIGH
gPauseMap10ENGTex,UI_2D,dedicated UI texture group 'icon_item_nes_static'; IA format (ia8) carries alpha -> transparency/alpha-test likely,HIGH
gPauseNoENGTex,UI_2D,dedicated UI texture group 'icon_item_nes_static'; IA format (ia8) carries alpha -> transparency/alpha-test likely,HIGH
gPauseQuestStatus00ENGTex,UI_2D,dedicated UI texture group 'icon_item_nes_static'; IA format (ia8) carries alpha -> transparency/alpha-test likely,HIGH
gPauseQuestStatus10ENGTex,UI_2D,dedicated UI texture group 'icon_item_nes_static'; IA format (ia8) carries alpha -> transparency/alpha-test likely,HIGH
gPauseQuestStatus20ENGTex,UI_2D,dedicated UI texture group 'icon_item_nes_static'; IA format (ia8) carries alpha -> transparency/alpha-test likely,HIGH
gPauseSave10ENGTex,UI_2D,dedicated UI texture group 'icon_item_nes_static'; IA format (ia8) carries alpha -> transparency/alpha-test likely,HIGH
gPauseSaveConfirmationENGTex,UI_2D,dedicated UI texture group 'icon_item_nes_static'; IA format (ia8) carries alpha -> transparency/alpha-test likely,HIGH
gPauseSavePromptENGTex,UI_2D,dedicated UI texture group 'icon_item_nes_static'; IA format (ia8) carries alpha -> transparency/alpha-test likely,HIGH
gPauseSelectItem00ENGTex,UI_2D,dedicated UI texture group 'icon_item_nes_static'; IA format (ia8) carries alpha -> transparency/alpha-test likely,HIGH
gPauseSelectItem10ENGTex,UI_2D,dedicated UI texture group 'icon_item_nes_static'; IA format (ia8) carries alpha -> transparency/alpha-test likely,HIGH
gPauseSelectItem20ENGTex,UI_2D,dedicated UI texture group 'icon_item_nes_static'; IA format (ia8) carries alpha -> transparency/alpha-test likely,HIGH
gPauseShadowTitleENGTex,UI_2D,dedicated UI texture group 'icon_item_nes_static'; IA format (ia8) carries alpha -> transparency/alpha-test likely,HIGH
gPauseSpiritTitleENGTex,UI_2D,dedicated UI texture group 'icon_item_nes_static'; IA format (ia8) carries alpha -> transparency/alpha-test likely,HIGH
gPauseToDecideENGTex,UI_2D,dedicated UI texture group 'icon_item_nes_static'; IA format (ia8) carries alpha -> transparency/alpha-test likely,HIGH
gPauseToEquipENGTex,UI_2D,dedicated UI texture group 'icon_item_nes_static'; IA format (ia8) carries alpha -> transparency/alpha-test likely,HIGH
gPauseToEquipmentENGTex,UI_2D,dedicated UI texture group 'icon_item_nes_static'; IA format (ia8) carries alpha -> transparency/alpha-test likely,HIGH
gPauseToMapENGTex,UI_2D,dedicated UI texture group 'icon_item_nes_static'; IA format (ia8) carries alpha -> transparency/alpha-test likely,HIGH
gPauseToPlayMelodyENGTex,UI_2D,dedicated UI texture group 'icon_item_nes_static'; IA format (ia8) carries alpha -> transparency/alpha-test likely,HIGH
gPauseToQuestStatusENGTex,UI_2D,dedicated UI texture group 'icon_item_nes_static'; IA format (ia8) carries alpha -> transparency/alpha-test likely,HIGH
gPauseToSelectItemENGTex,UI_2D,dedicated UI texture group 'icon_item_nes_static'; IA format (ia8) carries alpha -> transparency/alpha-test likely,HIGH
gPauseWaterTitleENGTex,UI_2D,dedicated UI texture group 'icon_item_nes_static'; IA format (ia8) carries alpha -> transparency/alpha-test likely,HIGH
gPauseYesENGTex,UI_2D,dedicated UI texture group 'icon_item_nes_static'; IA format (ia8) carries alpha -> transparency/alpha-test likely,HIGH
gABtnSymbolTex,UI_2D,dedicated UI texture group 'icon_item_static'; IA format (ia8) carries alpha -> transparency/alpha-test likely,HIGH
gBBtnSymbolTex,UI_2D,dedicated UI texture group 'icon_item_static'; IA format (ia8) carries alpha -> transparency/alpha-test likely,HIGH
gCBtnSymbolsTex,UI_2D,dedicated UI texture group 'icon_item_static'; IA format (ia8) carries alpha -> transparency/alpha-test likely,HIGH
gHeartPieceIcon1Tex,UI_2D,dedicated UI texture group 'icon_item_static'; IA format (ia8) carries alpha -> transparency/alpha-test likely,HIGH
gHeartPieceIcon2Tex,UI_2D,dedicated UI texture group 'icon_item_static'; IA format (ia8) carries alpha -> transparency/alpha-test likely,HIGH
gHeartPieceIcon3Tex,UI_2D,dedicated UI texture group 'icon_item_static'; IA format (ia8) carries alpha -> transparency/alpha-test likely,HIGH
gItemIconAdultsWalletTex,UI_2D,dedicated UI texture group 'icon_item_static',HIGH
gItemIconArrowFireTex,UI_2D,dedicated UI texture group 'icon_item_static',HIGH
gItemIconArrowIceTex,UI_2D,dedicated UI texture group 'icon_item_static',HIGH
gItemIconArrowLightTex,UI_2D,dedicated UI texture group 'icon_item_static',HIGH
gItemIconBombBag20Tex,UI_2D,dedicated UI texture group 'icon_item_static',HIGH
gItemIconBombBag30Tex,UI_2D,dedicated UI texture group 'icon_item_static',HIGH
gItemIconBombBag40Tex,UI_2D,dedicated UI texture group 'icon_item_static',HIGH
gItemIconBombTex,UI_2D,dedicated UI texture group 'icon_item_static',HIGH
gItemIconBombchuTex,UI_2D,dedicated UI texture group 'icon_item_static',HIGH
gItemIconBoomerangTex,UI_2D,dedicated UI texture group 'icon_item_static',HIGH
gItemIconBootsHoverTex,UI_2D,dedicated UI texture group 'icon_item_static',HIGH
gItemIconBootsIronTex,UI_2D,dedicated UI texture group 'icon_item_static',HIGH
gItemIconBootsKokiriTex,UI_2D,dedicated UI texture group 'icon_item_static',HIGH
gItemIconBottleBigPoeTex,UI_2D,dedicated UI texture group 'icon_item_static',HIGH
gItemIconBottleBlueFireTex,UI_2D,dedicated UI texture group 'icon_item_static',HIGH
gItemIconBottleBugTex,UI_2D,dedicated UI texture group 'icon_item_static',HIGH
gItemIconBottleEmptyTex,UI_2D,dedicated UI texture group 'icon_item_static',HIGH
gItemIconBottleFairyTex,UI_2D,dedicated UI texture group 'icon_item_static'; fairy/Navi effect keyword,HIGH
gItemIconBottleFishTex,UI_2D,dedicated UI texture group 'icon_item_static',HIGH
gItemIconBottleMilkFullTex,UI_2D,dedicated UI texture group 'icon_item_static',HIGH
gItemIconBottleMilkHalfTex,UI_2D,dedicated UI texture group 'icon_item_static',HIGH
gItemIconBottlePoeTex,UI_2D,dedicated UI texture group 'icon_item_static',HIGH
gItemIconBottlePotionBlueTex,UI_2D,dedicated UI texture group 'icon_item_static',HIGH
gItemIconBottlePotionGreenTex,UI_2D,dedicated UI texture group 'icon_item_static',HIGH
gItemIconBottlePotionRedTex,UI_2D,dedicated UI texture group 'icon_item_static',HIGH
gItemIconBottleRutosLetterTex,UI_2D,dedicated UI texture group 'icon_item_static',HIGH
gItemIconBowFireTex,UI_2D,dedicated UI texture group 'icon_item_static',HIGH
gItemIconBowIceTex,UI_2D,dedicated UI texture group 'icon_item_static',HIGH
gItemIconBowLightTex,UI_2D,dedicated UI texture group 'icon_item_static',HIGH
gItemIconBowTex,UI_2D,dedicated UI texture group 'icon_item_static',HIGH
gItemIconBrokenGiantsKnifeTex,UI_2D,dedicated UI texture group 'icon_item_static',HIGH
gItemIconBrokenGoronsSwordTex,UI_2D,dedicated UI texture group 'icon_item_static',HIGH
gItemIconBulletBag30Tex,UI_2D,dedicated UI texture group 'icon_item_static',HIGH
gItemIconBulletBag40Tex,UI_2D,dedicated UI texture group 'icon_item_static',HIGH
gItemIconBulletBag50Tex,UI_2D,dedicated UI texture group 'icon_item_static',HIGH
gItemIconChickenTex,UI_2D,dedicated UI texture group 'icon_item_static',HIGH
gItemIconClaimCheckTex,UI_2D,dedicated UI texture group 'icon_item_static',HIGH
gItemIconCojiroTex,UI_2D,dedicated UI texture group 'icon_item_static',HIGH
gItemIconDekuNutTex,UI_2D,dedicated UI texture group 'icon_item_static',HIGH
gItemIconDekuSeedsTex,UI_2D,dedicated UI texture group 'icon_item_static',HIGH
gItemIconDekuStickTex,UI_2D,dedicated UI texture group 'icon_item_static',HIGH
gItemIconDinsFireTex,UI_2D,dedicated UI texture group 'icon_item_static',HIGH
gItemIconEyeDropsTex,UI_2D,dedicated UI texture group 'icon_item_static',HIGH
gItemIconEyeballFrogTex,UI_2D,dedicated UI texture group 'icon_item_static',HIGH
gItemIconFaroresWindTex,UI_2D,dedicated UI texture group 'icon_item_static',HIGH
gItemIconFishingPoleTex,UI_2D,dedicated UI texture group 'icon_item_static',HIGH
gItemIconGiantsWalletTex,UI_2D,dedicated UI texture group 'icon_item_static',HIGH
gItemIconGoldenGauntletsTex,UI_2D,dedicated UI texture group 'icon_item_static',HIGH
gItemIconGoronsBraceletTex,UI_2D,dedicated UI texture group 'icon_item_static',HIGH
gItemIconHammerTex,UI_2D,dedicated UI texture group 'icon_item_static',HIGH
gItemIconHookshotTex,UI_2D,dedicated UI texture group 'icon_item_static',HIGH
gItemIconLensOfTruthTex,UI_2D,dedicated UI texture group 'icon_item_static',HIGH
gItemIconLongshotTex,UI_2D,dedicated UI texture group 'icon_item_static',HIGH
gItemIconMagicBeanTex,UI_2D,dedicated UI texture group 'icon_item_static',HIGH
gItemIconMaskBunnyHoodTex,UI_2D,dedicated UI texture group 'icon_item_static',HIGH
gItemIconMaskGerudoTex,UI_2D,dedicated UI texture group 'icon_item_static',HIGH
gItemIconMaskGoronTex,UI_2D,dedicated UI texture group 'icon_item_static',HIGH
gItemIconMaskKeatonTex,UI_2D,dedicated UI texture group 'icon_item_static',HIGH
gItemIconMaskSkullTex,UI_2D,dedicated UI texture group 'icon_item_static',HIGH
gItemIconMaskSpookyTex,UI_2D,dedicated UI texture group 'icon_item_static',HIGH
gItemIconMaskTruthTex,UI_2D,dedicated UI texture group 'icon_item_static',HIGH
gItemIconMaskZoraTex,UI_2D,dedicated UI texture group 'icon_item_static',HIGH
gItemIconNayrusLoveTex,UI_2D,dedicated UI texture group 'icon_item_static',HIGH
gItemIconOcarinaFairyTex,UI_2D,dedicated UI texture group 'icon_item_static'; fairy/Navi effect keyword,HIGH
gItemIconOcarinaOfTimeTex,UI_2D,dedicated UI texture group 'icon_item_static',HIGH
gItemIconOddMushroomTex,UI_2D,dedicated UI texture group 'icon_item_static',HIGH
gItemIconOddPotionTex,UI_2D,dedicated UI texture group 'icon_item_static',HIGH
gItemIconPoachersSawTex,UI_2D,dedicated UI texture group 'icon_item_static',HIGH
gItemIconPocketCuccoTex,UI_2D,dedicated UI texture group 'icon_item_static',HIGH
gItemIconPocketEggTex,UI_2D,dedicated UI texture group 'icon_item_static',HIGH
gItemIconPrescriptionTex,UI_2D,dedicated UI texture group 'icon_item_static',HIGH
gItemIconQuiver30Tex,UI_2D,dedicated UI texture group 'icon_item_static',HIGH
gItemIconQuiver40Tex,UI_2D,dedicated UI texture group 'icon_item_static',HIGH
gItemIconQuiver50Tex,UI_2D,dedicated UI texture group 'icon_item_static',HIGH
gItemIconScaleGoldenTex,UI_2D,dedicated UI texture group 'icon_item_static',HIGH
gItemIconScaleSilverTex,UI_2D,dedicated UI texture group 'icon_item_static',HIGH
gItemIconShieldDekuTex,UI_2D,dedicated UI texture group 'icon_item_static',HIGH
gItemIconShieldHylianTex,UI_2D,dedicated UI texture group 'icon_item_static',HIGH
gItemIconShieldMirrorTex,UI_2D,dedicated UI texture group 'icon_item_static',HIGH
gItemIconSilverGauntletsTex,UI_2D,dedicated UI texture group 'icon_item_static',HIGH
gItemIconSlingshotTex,UI_2D,dedicated UI texture group 'icon_item_static',HIGH
gItemIconSoldOutTex,UI_2D,dedicated UI texture group 'icon_item_static',HIGH
gItemIconSwordBiggoronTex,UI_2D,dedicated UI texture group 'icon_item_static',HIGH
gItemIconSwordKokiriTex,UI_2D,dedicated UI texture group 'icon_item_static',HIGH
gItemIconSwordMasterTex,UI_2D,dedicated UI texture group 'icon_item_static',HIGH
gItemIconTunicGoronTex,UI_2D,dedicated UI texture group 'icon_item_static',HIGH
gItemIconTunicKokiriTex,UI_2D,dedicated UI texture group 'icon_item_static',HIGH
gItemIconTunicZoraTex,UI_2D,dedicated UI texture group 'icon_item_static',HIGH
gItemIconWeirdEggTex,UI_2D,dedicated UI texture group 'icon_item_static',HIGH
gItemIconZeldasLetterTex,UI_2D,dedicated UI texture group 'icon_item_static',HIGH
gLButtonTex,UI_2D,dedicated UI texture group 'icon_item_static'; IA format (ia8) carries alpha -> transparency/alpha-test likely,HIGH
gMagicArrowEquipEffectTex,UI_2D,dedicated UI texture group 'icon_item_static'; IA format (ia8) carries alpha -> transparency/alpha-test likely,HIGH
gNamePanelLeftTex,UI_2D,dedicated UI texture group 'icon_item_static'; IA format (ia8) carries alpha -> transparency/alpha-test likely,HIGH
gNamePanelRightTex,UI_2D,dedicated UI texture group 'icon_item_static'; IA format (ia8) carries alpha -> transparency/alpha-test likely,HIGH
gPauseEquipment00Tex,UI_2D,dedicated UI texture group 'icon_item_static'; IA format (ia8) carries alpha -> transparency/alpha-test likely,HIGH
gPauseEquipment01Tex,UI_2D,dedicated UI texture group 'icon_item_static'; IA format (ia8) carries alpha -> transparency/alpha-test likely,HIGH
gPauseEquipment02Tex,UI_2D,dedicated UI texture group 'icon_item_static'; IA format (ia8) carries alpha -> transparency/alpha-test likely,HIGH
gPauseEquipment03Tex,UI_2D,dedicated UI texture group 'icon_item_static'; IA format (ia8) carries alpha -> transparency/alpha-test likely,HIGH
gPauseEquipment04Tex,UI_2D,dedicated UI texture group 'icon_item_static'; IA format (ia8) carries alpha -> transparency/alpha-test likely,HIGH
gPauseEquipment11Tex,UI_2D,dedicated UI texture group 'icon_item_static'; IA format (ia8) carries alpha -> transparency/alpha-test likely,HIGH
gPauseEquipment12Tex,UI_2D,dedicated UI texture group 'icon_item_static'; IA format (ia8) carries alpha -> transparency/alpha-test likely,HIGH
gPauseEquipment13Tex,UI_2D,dedicated UI texture group 'icon_item_static'; IA format (ia8) carries alpha -> transparency/alpha-test likely,HIGH
gPauseEquipment14Tex,UI_2D,dedicated UI texture group 'icon_item_static'; IA format (ia8) carries alpha -> transparency/alpha-test likely,HIGH
gPauseEquipment20Tex,UI_2D,dedicated UI texture group 'icon_item_static'; IA format (ia8) carries alpha -> transparency/alpha-test likely,HIGH
gPauseEquipment21Tex,UI_2D,dedicated UI texture group 'icon_item_static'; IA format (ia8) carries alpha -> transparency/alpha-test likely,HIGH
gPauseEquipment22Tex,UI_2D,dedicated UI texture group 'icon_item_static'; IA format (ia8) carries alpha -> transparency/alpha-test likely,HIGH
gPauseEquipment23Tex,UI_2D,dedicated UI texture group 'icon_item_static'; IA format (ia8) carries alpha -> transparency/alpha-test likely,HIGH
gPauseEquipment24Tex,UI_2D,dedicated UI texture group 'icon_item_static'; IA format (ia8) carries alpha -> transparency/alpha-test likely,HIGH
gPauseGameOver10Tex,UI_2D,dedicated UI texture group 'icon_item_static'; IA format (ia8) carries alpha -> transparency/alpha-test likely,HIGH
gPauseMap00Tex,UI_2D,dedicated UI texture group 'icon_item_static'; IA format (ia8) carries alpha -> transparency/alpha-test likely,HIGH
gPauseMap01Tex,UI_2D,dedicated UI texture group 'icon_item_static'; IA format (ia8) carries alpha -> transparency/alpha-test likely,HIGH
gPauseMap02Tex,UI_2D,dedicated UI texture group 'icon_item_static'; IA format (ia8) carries alpha -> transparency/alpha-test likely,HIGH
gPauseMap03Tex,UI_2D,dedicated UI texture group 'icon_item_static'; IA format (ia8) carries alpha -> transparency/alpha-test likely,HIGH
gPauseMap04Tex,UI_2D,dedicated UI texture group 'icon_item_static'; IA format (ia8) carries alpha -> transparency/alpha-test likely,HIGH
gPauseMap11Tex,UI_2D,dedicated UI texture group 'icon_item_static'; IA format (ia8) carries alpha -> transparency/alpha-test likely,HIGH
gPauseMap12Tex,UI_2D,dedicated UI texture group 'icon_item_static'; IA format (ia8) carries alpha -> transparency/alpha-test likely,HIGH
gPauseMap13Tex,UI_2D,dedicated UI texture group 'icon_item_static'; IA format (ia8) carries alpha -> transparency/alpha-test likely,HIGH
gPauseMap14Tex,UI_2D,dedicated UI texture group 'icon_item_static'; IA format (ia8) carries alpha -> transparency/alpha-test likely,HIGH
gPauseMap20Tex,UI_2D,dedicated UI texture group 'icon_item_static'; IA format (ia8) carries alpha -> transparency/alpha-test likely,HIGH
gPauseMap21Tex,UI_2D,dedicated UI texture group 'icon_item_static'; IA format (ia8) carries alpha -> transparency/alpha-test likely,HIGH
gPauseMap22Tex,UI_2D,dedicated UI texture group 'icon_item_static'; IA format (ia8) carries alpha -> transparency/alpha-test likely,HIGH
gPauseMap23Tex,UI_2D,dedicated UI texture group 'icon_item_static'; IA format (ia8) carries alpha -> transparency/alpha-test likely,HIGH
gPauseMap24Tex,UI_2D,dedicated UI texture group 'icon_item_static'; IA format (ia8) carries alpha -> transparency/alpha-test likely,HIGH
gPauseMenuCursorBottomLeftTex,UI_2D,dedicated UI texture group 'icon_item_static'; IA format (ia4) carries alpha -> transparency/alpha-test likely,HIGH
gPauseMenuCursorBottomRightTex,UI_2D,dedicated UI texture group 'icon_item_static'; IA format (ia4) carries alpha -> transparency/alpha-test likely,HIGH
gPauseMenuCursorTopLeftTex,UI_2D,dedicated UI texture group 'icon_item_static'; IA format (ia4) carries alpha -> transparency/alpha-test likely,HIGH
gPauseMenuCursorTopRightTex,UI_2D,dedicated UI texture group 'icon_item_static'; IA format (ia4) carries alpha -> transparency/alpha-test likely,HIGH
gPausePromptCursorTex,UI_2D,dedicated UI texture group 'icon_item_static',HIGH
gPauseQuestStatus00Tex,UI_2D,dedicated UI texture group 'icon_item_static',HIGH
gPauseQuestStatus01Tex,UI_2D,dedicated UI texture group 'icon_item_static'; IA format (ia8) carries alpha -> transparency/alpha-test likely,HIGH
gPauseQuestStatus02Tex,UI_2D,dedicated UI texture group 'icon_item_static'; IA format (ia8) carries alpha -> transparency/alpha-test likely,HIGH
gPauseQuestStatus03Tex,UI_2D,dedicated UI texture group 'icon_item_static'; IA format (ia8) carries alpha -> transparency/alpha-test likely,HIGH
gPauseQuestStatus04Tex,UI_2D,dedicated UI texture group 'icon_item_static'; IA format (ia8) carries alpha -> transparency/alpha-test likely,HIGH
gPauseQuestStatus11Tex,UI_2D,dedicated UI texture group 'icon_item_static'; IA format (ia8) carries alpha -> transparency/alpha-test likely,HIGH
gPauseQuestStatus12Tex,UI_2D,dedicated UI texture group 'icon_item_static'; IA format (ia8) carries alpha -> transparency/alpha-test likely,HIGH
gPauseQuestStatus13Tex,UI_2D,dedicated UI texture group 'icon_item_static'; IA format (ia8) carries alpha -> transparency/alpha-test likely,HIGH
gPauseQuestStatus14Tex,UI_2D,dedicated UI texture group 'icon_item_static'; IA format (ia8) carries alpha -> transparency/alpha-test likely,HIGH
gPauseQuestStatus20Tex,UI_2D,dedicated UI texture group 'icon_item_static',HIGH
gPauseQuestStatus21Tex,UI_2D,dedicated UI texture group 'icon_item_static'; IA format (ia8) carries alpha -> transparency/alpha-test likely,HIGH
gPauseQuestStatus22Tex,UI_2D,dedicated UI texture group 'icon_item_static'; IA format (ia8) carries alpha -> transparency/alpha-test likely,HIGH
gPauseQuestStatus23Tex,UI_2D,dedicated UI texture group 'icon_item_static'; IA format (ia8) carries alpha -> transparency/alpha-test likely,HIGH
gPauseQuestStatus24Tex,UI_2D,dedicated UI texture group 'icon_item_static'; IA format (ia8) carries alpha -> transparency/alpha-test likely,HIGH
gPauseSave00Tex,UI_2D,dedicated UI texture group 'icon_item_static'; IA format (ia8) carries alpha -> transparency/alpha-test likely,HIGH
gPauseSave01Tex,UI_2D,dedicated UI texture group 'icon_item_static'; IA format (ia8) carries alpha -> transparency/alpha-test likely,HIGH
gPauseSave02Tex,UI_2D,dedicated UI texture group 'icon_item_static'; IA format (ia8) carries alpha -> transparency/alpha-test likely,HIGH
gPauseSave03Tex,UI_2D,dedicated UI texture group 'icon_item_static'; IA format (ia8) carries alpha -> transparency/alpha-test likely,HIGH
gPauseSave04Tex,UI_2D,dedicated UI texture group 'icon_item_static'; IA format (ia8) carries alpha -> transparency/alpha-test likely,HIGH
gPauseSave11Tex,UI_2D,dedicated UI texture group 'icon_item_static'; IA format (ia8) carries alpha -> transparency/alpha-test likely,HIGH
gPauseSave12Tex,UI_2D,dedicated UI texture group 'icon_item_static'; IA format (ia8) carries alpha -> transparency/alpha-test likely,HIGH
gPauseSave13Tex,UI_2D,dedicated UI texture group 'icon_item_static'; IA format (ia8) carries alpha -> transparency/alpha-test likely,HIGH
gPauseSave14Tex,UI_2D,dedicated UI texture group 'icon_item_static'; IA format (ia8) carries alpha -> transparency/alpha-test likely,HIGH
gPauseSave20Tex,UI_2D,dedicated UI texture group 'icon_item_static'; IA format (ia8) carries alpha -> transparency/alpha-test likely,HIGH
gPauseSave21Tex,UI_2D,dedicated UI texture group 'icon_item_static'; IA format (ia8) carries alpha -> transparency/alpha-test likely,HIGH
gPauseSave22Tex,UI_2D,dedicated UI texture group 'icon_item_static'; IA format (ia8) carries alpha -> transparency/alpha-test likely,HIGH
gPauseSave23Tex,UI_2D,dedicated UI texture group 'icon_item_static'; IA format (ia8) carries alpha -> transparency/alpha-test likely,HIGH
gPauseSave24Tex,UI_2D,dedicated UI texture group 'icon_item_static'; IA format (ia8) carries alpha -> transparency/alpha-test likely,HIGH
gPauseSelectItem01Tex,UI_2D,dedicated UI texture group 'icon_item_static'; IA format (ia8) carries alpha -> transparency/alpha-test likely,HIGH
gPauseSelectItem02Tex,UI_2D,dedicated UI texture group 'icon_item_static'; IA format (ia8) carries alpha -> transparency/alpha-test likely,HIGH
gPauseSelectItem03Tex,UI_2D,dedicated UI texture group 'icon_item_static'; IA format (ia8) carries alpha -> transparency/alpha-test likely,HIGH
gPauseSelectItem04Tex,UI_2D,dedicated UI texture group 'icon_item_static'; IA format (ia8) carries alpha -> transparency/alpha-test likely,HIGH
gPauseSelectItem11Tex,UI_2D,dedicated UI texture group 'icon_item_static'; IA format (ia8) carries alpha -> transparency/alpha-test likely,HIGH
gPauseSelectItem12Tex,UI_2D,dedicated UI texture group 'icon_item_static'; IA format (ia8) carries alpha -> transparency/alpha-test likely,HIGH
gPauseSelectItem13Tex,UI_2D,dedicated UI texture group 'icon_item_static'; IA format (ia8) carries alpha -> transparency/alpha-test likely,HIGH
gPauseSelectItem14Tex,UI_2D,dedicated UI texture group 'icon_item_static'; IA format (ia8) carries alpha -> transparency/alpha-test likely,HIGH
gPauseSelectItem21Tex,UI_2D,dedicated UI texture group 'icon_item_static'; IA format (ia8) carries alpha -> transparency/alpha-test likely,HIGH
gPauseSelectItem22Tex,UI_2D,dedicated UI texture group 'icon_item_static'; IA format (ia8) carries alpha -> transparency/alpha-test likely,HIGH
gPauseSelectItem23Tex,UI_2D,dedicated UI texture group 'icon_item_static'; IA format (ia8) carries alpha -> transparency/alpha-test likely,HIGH
gPauseSelectItem24Tex,UI_2D,dedicated UI texture group 'icon_item_static'; IA format (ia8) carries alpha -> transparency/alpha-test likely,HIGH
gPauseUnusedCursorTex,UI_2D,dedicated UI texture group 'icon_item_static',HIGH
gRButtonTex,UI_2D,dedicated UI texture group 'icon_item_static'; IA format (ia8) carries alpha -> transparency/alpha-test likely,HIGH
gSongNoteTex,UI_2D,dedicated UI texture group 'icon_item_static'; IA format (ia8) carries alpha -> transparency/alpha-test likely,HIGH
gUnknownJPTex,UI_2D,dedicated UI texture group 'icon_item_static'; IA format (ia8) carries alpha -> transparency/alpha-test likely,HIGH
gBigKeyItemNameGERTex,UI_2D,dedicated UI texture group 'item_name_static',HIGH
gBigPoeItemNameENGTex,UI_2D,dedicated UI texture group 'item_name_static'; IA format (ia4) carries alpha -> transparency/alpha-test likely,HIGH
gBigPoeItemNameFRATex,UI_2D,dedicated UI texture group 'item_name_static',HIGH
gBigPoeItemNameGERTex,UI_2D,dedicated UI texture group 'item_name_static',HIGH
gBigPoeItemNameJPNTex,UI_2D,dedicated UI texture group 'item_name_static'; IA format (ia4) carries alpha -> transparency/alpha-test likely,HIGH
gBiggoronsSwordItemNameENGTex,UI_2D,dedicated UI texture group 'item_name_static'; IA format (ia4) carries alpha -> transparency/alpha-test likely,HIGH
gBiggoronsSwordItemNameFRATex,UI_2D,dedicated UI texture group 'item_name_static',HIGH
gBiggoronsSwordItemNameGERTex,UI_2D,dedicated UI texture group 'item_name_static',HIGH
gBiggoronsSwordItemNameJPNTex,UI_2D,dedicated UI texture group 'item_name_static'; IA format (ia4) carries alpha -> transparency/alpha-test likely,HIGH
gBlueFireItemNameENGTex,UI_2D,dedicated UI texture group 'item_name_static'; IA format (ia4) carries alpha -> transparency/alpha-test likely,HIGH
gBlueFireItemNameFRATex,UI_2D,dedicated UI texture group 'item_name_static',HIGH
gBlueFireItemNameGERTex,UI_2D,dedicated UI texture group 'item_name_static',HIGH
gBlueFireItemNameJPNTex,UI_2D,dedicated UI texture group 'item_name_static'; IA format (ia4) carries alpha -> transparency/alpha-test likely,HIGH
gBluePotionItemNameENGTex,UI_2D,dedicated UI texture group 'item_name_static'; IA format (ia4) carries alpha -> transparency/alpha-test likely,HIGH
gBluePotionItemNameFRATex,UI_2D,dedicated UI texture group 'item_name_static',HIGH
gBluePotionItemNameGERTex,UI_2D,dedicated UI texture group 'item_name_static',HIGH
gBluePotionItemNameJPNTex,UI_2D,dedicated UI texture group 'item_name_static'; IA format (ia4) carries alpha -> transparency/alpha-test likely,HIGH
gBoleroOfFireItemNameENGTex,UI_2D,dedicated UI texture group 'item_name_static'; IA format (ia4) carries alpha -> transparency/alpha-test likely,HIGH
gBoleroOfFireItemNameFRATex,UI_2D,dedicated UI texture group 'item_name_static',HIGH
gBoleroOfFireItemNameGERTex,UI_2D,dedicated UI texture group 'item_name_static',HIGH
gBoleroOfFireItemNameJPNTex,UI_2D,dedicated UI texture group 'item_name_static'; IA format (ia4) carries alpha -> transparency/alpha-test likely,HIGH
gBombBag20ItemNameENGTex,UI_2D,dedicated UI texture group 'item_name_static'; IA format (ia4) carries alpha -> transparency/alpha-test likely,HIGH
gBombBag20ItemNameFRATex,UI_2D,dedicated UI texture group 'item_name_static',HIGH
gBombBag20ItemNameGERTex,UI_2D,dedicated UI texture group 'item_name_static',HIGH
gBombBag20ItemNameJPNTex,UI_2D,dedicated UI texture group 'item_name_static'; IA format (ia4) carries alpha -> transparency/alpha-test likely,HIGH
gBombBag30ItemNameENGTex,UI_2D,dedicated UI texture group 'item_name_static'; IA format (ia4) carries alpha -> transparency/alpha-test likely,HIGH
gBombBag30ItemNameFRATex,UI_2D,dedicated UI texture group 'item_name_static',HIGH
gBombBag30ItemNameGERTex,UI_2D,dedicated UI texture group 'item_name_static',HIGH
gBombBag30ItemNameJPNTex,UI_2D,dedicated UI texture group 'item_name_static'; IA format (ia4) carries alpha -> transparency/alpha-test likely,HIGH
gBombBag40ItemNameENGTex,UI_2D,dedicated UI texture group 'item_name_static'; IA format (ia4) carries alpha -> transparency/alpha-test likely,HIGH
gBombBag40ItemNameFRATex,UI_2D,dedicated UI texture group 'item_name_static',HIGH
gBombBag40ItemNameGERTex,UI_2D,dedicated UI texture group 'item_name_static',HIGH
gBombBag40ItemNameJPNTex,UI_2D,dedicated UI texture group 'item_name_static'; IA format (ia4) carries alpha -> transparency/alpha-test likely,HIGH
gBombItemNameENGTex,UI_2D,dedicated UI texture group 'item_name_static'; IA format (ia4) carries alpha -> transparency/alpha-test likely,HIGH
gBombItemNameFRATex,UI_2D,dedicated UI texture group 'item_name_static',HIGH
gBombItemNameItemNameGERTex,UI_2D,dedicated UI texture group 'item_name_static',HIGH
gBombItemNameJPNTex,UI_2D,dedicated UI texture group 'item_name_static'; IA format (ia4) carries alpha -> transparency/alpha-test likely,HIGH
gBombchuItemNameENGTex,UI_2D,dedicated UI texture group 'item_name_static'; IA format (ia4) carries alpha -> transparency/alpha-test likely,HIGH
gBombchuItemNameFRATex,UI_2D,dedicated UI texture group 'item_name_static',HIGH
gBombchuItemNameGERTex,UI_2D,dedicated UI texture group 'item_name_static',HIGH
gBombchuItemNameJPNTex,UI_2D,dedicated UI texture group 'item_name_static'; IA format (ia4) carries alpha -> transparency/alpha-test likely,HIGH
gBoomerangItemNameENGTex,UI_2D,dedicated UI texture group 'item_name_static'; IA format (ia4) carries alpha -> transparency/alpha-test likely,HIGH
gBoomerangItemNameFRATex,UI_2D,dedicated UI texture group 'item_name_static',HIGH
gBoomerangItemNameGERTex,UI_2D,dedicated UI texture group 'item_name_static',HIGH
gBoomerangItemNameJPNTex,UI_2D,dedicated UI texture group 'item_name_static'; IA format (ia4) carries alpha -> transparency/alpha-test likely,HIGH
gBossKeyItemNameFRATex,UI_2D,dedicated UI texture group 'item_name_static',HIGH
gBottledFairyItemNameENGTex,UI_2D,dedicated UI texture group 'item_name_static'; IA format (ia4) carries alpha -> transparency/alpha-test likely; fairy/Navi effect keyword,HIGH
gBottledFairyItemNameFRATex,UI_2D,dedicated UI texture group 'item_name_static'; fairy/Navi effect keyword,HIGH
gBottledFairyItemNameGERTex,UI_2D,dedicated UI texture group 'item_name_static'; fairy/Navi effect keyword,HIGH
gBottledFairyItemNameJPNTex,UI_2D,dedicated UI texture group 'item_name_static'; IA format (ia4) carries alpha -> transparency/alpha-test likely; fairy/Navi effect keyword,HIGH
gBrokenGiantsKnifeItemNameENGTex,UI_2D,dedicated UI texture group 'item_name_static'; IA format (ia4) carries alpha -> transparency/alpha-test likely,HIGH
gBrokenGiantsKnifeItemNameFRATex,UI_2D,dedicated UI texture group 'item_name_static',HIGH
gBrokenGiantsKnifeItemNameGERTex,UI_2D,dedicated UI texture group 'item_name_static',HIGH
gBrokenGiantsKnifeItemNameJPNTex,UI_2D,dedicated UI texture group 'item_name_static'; IA format (ia4) carries alpha -> transparency/alpha-test likely,HIGH
gBrokenGoronsSwordItemNameENGTex,UI_2D,dedicated UI texture group 'item_name_static'; IA format (ia4) carries alpha -> transparency/alpha-test likely,HIGH
gBrokenGoronsSwordItemNameFRATex,UI_2D,dedicated UI texture group 'item_name_static',HIGH
gBrokenGoronsSwordItemNameGERTex,UI_2D,dedicated UI texture group 'item_name_static',HIGH
gBrokenGoronsSwordItemNameJPNTex,UI_2D,dedicated UI texture group 'item_name_static'; IA format (ia4) carries alpha -> transparency/alpha-test likely,HIGH
gBugItemNameENGTex,UI_2D,dedicated UI texture group 'item_name_static'; IA format (ia4) carries alpha -> transparency/alpha-test likely,HIGH
gBugItemNameFRATex,UI_2D,dedicated UI texture group 'item_name_static',HIGH
gBugItemNameGERTex,UI_2D,dedicated UI texture group 'item_name_static',HIGH
gBugItemNameJPNTex,UI_2D,dedicated UI texture group 'item_name_static'; IA format (ia4) carries alpha -> transparency/alpha-test likely,HIGH
gBulletBag30ItemNameENGTex,UI_2D,dedicated UI texture group 'item_name_static'; IA format (ia4) carries alpha -> transparency/alpha-test likely,HIGH
gBulletBag30ItemNameFRATex,UI_2D,dedicated UI texture group 'item_name_static',HIGH
gBulletBag30ItemNameGERTex,UI_2D,dedicated UI texture group 'item_name_static',HIGH
gBulletBag30ItemNameJPNTex,UI_2D,dedicated UI texture group 'item_name_static'; IA format (ia4) carries alpha -> transparency/alpha-test likely,HIGH
gBulletBag40ItemNameENGTex,UI_2D,dedicated UI texture group 'item_name_static'; IA format (ia4) carries alpha -> transparency/alpha-test likely,HIGH
gBulletBag40ItemNameFRATex,UI_2D,dedicated UI texture group 'item_name_static',HIGH
gBulletBag40ItemNameGERTex,UI_2D,dedicated UI texture group 'item_name_static',HIGH
gBulletBag40ItemNameJPNTex,UI_2D,dedicated UI texture group 'item_name_static'; IA format (ia4) carries alpha -> transparency/alpha-test likely,HIGH
gBulletBag50ItemNameENGTex,UI_2D,dedicated UI texture group 'item_name_static'; IA format (ia4) carries alpha -> transparency/alpha-test likely,HIGH
gBulletBag50ItemNameFRATex,UI_2D,dedicated UI texture group 'item_name_static',HIGH
gBulletBag50ItemNameGERTex,UI_2D,dedicated UI texture group 'item_name_static',HIGH
gBulletBag50ItemNameJPNTex,UI_2D,dedicated UI texture group 'item_name_static'; IA format (ia4) carries alpha -> transparency/alpha-test likely,HIGH
gBunnyHoodItemNameENGTex,UI_2D,dedicated UI texture group 'item_name_static'; IA format (ia4) carries alpha -> transparency/alpha-test likely,HIGH
gBunnyHoodItemNameFRATex,UI_2D,dedicated UI texture group 'item_name_static',HIGH
gBunnyHoodItemNameGERTex,UI_2D,dedicated UI texture group 'item_name_static',HIGH
gBunnyHoodItemNameJPNTex,UI_2D,dedicated UI texture group 'item_name_static'; IA format (ia4) carries alpha -> transparency/alpha-test likely,HIGH
gClaimCheckItemNameENGTex,UI_2D,dedicated UI texture group 'item_name_static'; IA format (ia4) carries alpha -> transparency/alpha-test likely,HIGH
gClaimCheckItemNameFRATex,UI_2D,dedicated UI texture group 'item_name_static',HIGH
gClaimCheckItemNameGERTex,UI_2D,dedicated UI texture group 'item_name_static',HIGH
gClaimCheckItemNameJPNTex,UI_2D,dedicated UI texture group 'item_name_static'; IA format (ia4) carries alpha -> transparency/alpha-test likely,HIGH
gCojiroItemNameENGTex,UI_2D,dedicated UI texture group 'item_name_static'; IA format (ia4) carries alpha -> transparency/alpha-test likely,HIGH
gCojiroItemNameFRATex,UI_2D,dedicated UI texture group 'item_name_static',HIGH
gCojiroItemNameGERTex,UI_2D,dedicated UI texture group 'item_name_static',HIGH
gCojiroItemNameJPNTex,UI_2D,dedicated UI texture group 'item_name_static'; IA format (ia4) carries alpha -> transparency/alpha-test likely,HIGH
gCompassItemNameENGTex,UI_2D,dedicated UI texture group 'item_name_static'; IA format (ia4) carries alpha -> transparency/alpha-test likely,HIGH
gCompassItemNameFRATex,UI_2D,dedicated UI texture group 'item_name_static',HIGH
gCompassItemNameGERTex,UI_2D,dedicated UI texture group 'item_name_static',HIGH
gCompassItemNameJPNTex,UI_2D,dedicated UI texture group 'item_name_static'; IA format (ia4) carries alpha -> transparency/alpha-test likely,HIGH
gCuccoItemNameENGTex,UI_2D,dedicated UI texture group 'item_name_static'; IA format (ia4) carries alpha -> transparency/alpha-test likely,HIGH
gCuccoItemNameFRATex,UI_2D,dedicated UI texture group 'item_name_static',HIGH
gCuccoItemNameGERTex,UI_2D,dedicated UI texture group 'item_name_static',HIGH
gCuccoItemNameJPNTex,UI_2D,dedicated UI texture group 'item_name_static'; IA format (ia4) carries alpha -> transparency/alpha-test likely,HIGH
gDekuNutItemNameENGTex,UI_2D,dedicated UI texture group 'item_name_static'; IA format (ia4) carries alpha -> transparency/alpha-test likely,HIGH
gDekuNutItemNameFRATex,UI_2D,dedicated UI texture group 'item_name_static',HIGH
gDekuNutItemNameGERTex,UI_2D,dedicated UI texture group 'item_name_static',HIGH
gDekuNutItemNameJPNTex,UI_2D,dedicated UI texture group 'item_name_static'; IA format (ia4) carries alpha -> transparency/alpha-test likely,HIGH
gDekuShieldItemNameENGTex,UI_2D,dedicated UI texture group 'item_name_static'; IA format (ia4) carries alpha -> transparency/alpha-test likely,HIGH
gDekuShieldItemNameFRATex,UI_2D,dedicated UI texture group 'item_name_static',HIGH
gDekuShieldItemNameGERTex,UI_2D,dedicated UI texture group 'item_name_static',HIGH
gDekuShieldItemNameJPNTex,UI_2D,dedicated UI texture group 'item_name_static'; IA format (ia4) carries alpha -> transparency/alpha-test likely,HIGH
gDekuStickItemNameENGTex,UI_2D,dedicated UI texture group 'item_name_static'; IA format (ia4) carries alpha -> transparency/alpha-test likely,HIGH
gDekuStickItemNameFRATex,UI_2D,dedicated UI texture group 'item_name_static',HIGH
gDekuStickItemNameGERTex,UI_2D,dedicated UI texture group 'item_name_static',HIGH
gDekuStickItemNameJPNTex,UI_2D,dedicated UI texture group 'item_name_static'; IA format (ia4) carries alpha -> transparency/alpha-test likely,HIGH
gDinsFireItemNameENGTex,UI_2D,dedicated UI texture group 'item_name_static'; IA format (ia4) carries alpha -> transparency/alpha-test likely,HIGH
gDinsFireItemNameFRATex,UI_2D,dedicated UI texture group 'item_name_static',HIGH
gDinsFireItemNameGERTex,UI_2D,dedicated UI texture group 'item_name_static',HIGH
gDinsFireItemNameJPNTex,UI_2D,dedicated UI texture group 'item_name_static'; IA format (ia4) carries alpha -> transparency/alpha-test likely,HIGH
gDungeonMapItemNameENGTex,UI_2D,dedicated UI texture group 'item_name_static'; IA format (ia4) carries alpha -> transparency/alpha-test likely,HIGH
gDungeonMapItemNameFRATex,UI_2D,dedicated UI texture group 'item_name_static',HIGH
gDungeonMapItemNameGERTex,UI_2D,dedicated UI texture group 'item_name_static',HIGH
gDungeonMapItemNameJPNTex,UI_2D,dedicated UI texture group 'item_name_static'; IA format (ia4) carries alpha -> transparency/alpha-test likely,HIGH
gEmptyBottleItemNameENGTex,UI_2D,dedicated UI texture group 'item_name_static'; IA format (ia4) carries alpha -> transparency/alpha-test likely,HIGH
gEmptyBottleItemNameFRATex,UI_2D,dedicated UI texture group 'item_name_static',HIGH
gEmptyBottleItemNameGERTex,UI_2D,dedicated UI texture group 'item_name_static',HIGH
gEmptyBottleItemNameJPNTex,UI_2D,dedicated UI texture group 'item_name_static'; IA format (ia4) carries alpha -> transparency/alpha-test likely,HIGH
gEponasSongItemNameENGTex,UI_2D,dedicated UI texture group 'item_name_static'; IA format (ia4) carries alpha -> transparency/alpha-test likely,HIGH
gEponasSongItemNameFRATex,UI_2D,dedicated UI texture group 'item_name_static',HIGH
gEponasSongItemNameGERTex,UI_2D,dedicated UI texture group 'item_name_static',HIGH
gEponasSongItemNameJPNTex,UI_2D,dedicated UI texture group 'item_name_static'; IA format (ia4) carries alpha -> transparency/alpha-test likely,HIGH
gEyeBallFrogItemNameENGTex,UI_2D,dedicated UI texture group 'item_name_static'; IA format (ia4) carries alpha -> transparency/alpha-test likely,HIGH
gEyeBallFrogItemNameFRATex,UI_2D,dedicated UI texture group 'item_name_static',HIGH
gEyeBallFrogItemNameGERTex,UI_2D,dedicated UI texture group 'item_name_static',HIGH
gEyeBallFrogItemNameJPNTex,UI_2D,dedicated UI texture group 'item_name_static'; IA format (ia4) carries alpha -> transparency/alpha-test likely,HIGH
gEyeDropsItemNameENGTex,UI_2D,dedicated UI texture group 'item_name_static'; IA format (ia4) carries alpha -> transparency/alpha-test likely,HIGH
gEyeDropsItemNameFRATex,UI_2D,dedicated UI texture group 'item_name_static',HIGH
gEyeDropsItemNameGERTex,UI_2D,dedicated UI texture group 'item_name_static',HIGH
gEyeDropsItemNameJPNTex,UI_2D,dedicated UI texture group 'item_name_static'; IA format (ia4) carries alpha -> transparency/alpha-test likely,HIGH
gFairyBowItemNameENGTex,UI_2D,dedicated UI texture group 'item_name_static'; IA format (ia4) carries alpha -> transparency/alpha-test likely; fairy/Navi effect keyword,HIGH
gFairyBowItemNameFRATex,UI_2D,dedicated UI texture group 'item_name_static'; fairy/Navi effect keyword,HIGH
gFairyBowItemNameGERTex,UI_2D,dedicated UI texture group 'item_name_static'; fairy/Navi effect keyword,HIGH
gFairyBowItemNameJPNTex,UI_2D,dedicated UI texture group 'item_name_static'; IA format (ia4) carries alpha -> transparency/alpha-test likely; fairy/Navi effect keyword,HIGH
gFairyOcarinaItemNameENGTex,UI_2D,dedicated UI texture group 'item_name_static'; IA format (ia4) carries alpha -> transparency/alpha-test likely; fairy/Navi effect keyword,HIGH
gFairyOcarinaItemNameFRATex,UI_2D,dedicated UI texture group 'item_name_static'; fairy/Navi effect keyword,HIGH
gFairyOcarinaItemNameGERTex,UI_2D,dedicated UI texture group 'item_name_static'; fairy/Navi effect keyword,HIGH
gFairyOcarinaItemNameJPNTex,UI_2D,dedicated UI texture group 'item_name_static'; IA format (ia4) carries alpha -> transparency/alpha-test likely; fairy/Navi effect keyword,HIGH
gFairySlingshotItemNameENGTex,UI_2D,dedicated UI texture group 'item_name_static'; IA format (ia4) carries alpha -> transparency/alpha-test likely; fairy/Navi effect keyword,HIGH
gFairySlingshotItemNameFRATex,UI_2D,dedicated UI texture group 'item_name_static'; fairy/Navi effect keyword,HIGH
gFairySlingshotItemNameGERTex,UI_2D,dedicated UI texture group 'item_name_static'; fairy/Navi effect keyword,HIGH
gFairySlingshotItemNameJPNTex,UI_2D,dedicated UI texture group 'item_name_static'; IA format (ia4) carries alpha -> transparency/alpha-test likely; fairy/Navi effect keyword,HIGH
gFaroresWindItemNameENGTex,UI_2D,dedicated UI texture group 'item_name_static'; IA format (ia4) carries alpha -> transparency/alpha-test likely,HIGH
gFaroresWindItemNameFRATex,UI_2D,dedicated UI texture group 'item_name_static',HIGH
gFaroresWindItemNameGERTex,UI_2D,dedicated UI texture group 'item_name_static',HIGH
gFaroresWindItemNameJPNTex,UI_2D,dedicated UI texture group 'item_name_static'; IA format (ia4) carries alpha -> transparency/alpha-test likely,HIGH
gFireArrowItemNameENGTex,UI_2D,dedicated UI texture group 'item_name_static'; IA format (ia4) carries alpha -> transparency/alpha-test likely,HIGH
gFireArrowItemNameFRATex,UI_2D,dedicated UI texture group 'item_name_static',HIGH
gFireArrowItemNameJPNTex,UI_2D,dedicated UI texture group 'item_name_static'; IA format (ia4) carries alpha -> transparency/alpha-test likely,HIGH
gFireArrowItemNameUnk2GERTex,UI_2D,dedicated UI texture group 'item_name_static',HIGH
gFireMedallionItemNameENGTex,UI_2D,dedicated UI texture group 'item_name_static'; IA format (ia4) carries alpha -> transparency/alpha-test likely,HIGH
gFireMedallionItemNameFRATex,UI_2D,dedicated UI texture group 'item_name_static',HIGH
gFireMedallionItemNameGERTex,UI_2D,dedicated UI texture group 'item_name_static',HIGH
gFireMedallionItemNameJPNTex,UI_2D,dedicated UI texture group 'item_name_static'; IA format (ia4) carries alpha -> transparency/alpha-test likely,HIGH
gFishItemNameENGTex,UI_2D,dedicated UI texture group 'item_name_static'; IA format (ia4) carries alpha -> transparency/alpha-test likely,HIGH
gFishItemNameFRATex,UI_2D,dedicated UI texture group 'item_name_static',HIGH
gFishItemNameGERTex,UI_2D,dedicated UI texture group 'item_name_static',HIGH
gFishItemNameJPNTex,UI_2D,dedicated UI texture group 'item_name_static'; IA format (ia4) carries alpha -> transparency/alpha-test likely,HIGH
gForestMedallionItemNameENGTex,UI_2D,dedicated UI texture group 'item_name_static'; IA format (ia4) carries alpha -> transparency/alpha-test likely,HIGH
gForestMedallionItemNameFRATex,UI_2D,dedicated UI texture group 'item_name_static',HIGH
gForestMedallionItemNameGERTex,UI_2D,dedicated UI texture group 'item_name_static',HIGH
gForestMedallionItemNameJPNTex,UI_2D,dedicated UI texture group 'item_name_static'; IA format (ia4) carries alpha -> transparency/alpha-test likely,HIGH
gFullMilkItemNameENGTex,UI_2D,dedicated UI texture group 'item_name_static'; IA format (ia4) carries alpha -> transparency/alpha-test likely,HIGH
gFullMilkItemNameFRATex,UI_2D,dedicated UI texture group 'item_name_static',HIGH
gFullMilkItemNameGERTex,UI_2D,dedicated UI texture group 'item_name_static',HIGH
gFullMilkItemNameJPNTex,UI_2D,dedicated UI texture group 'item_name_static'; IA format (ia4) carries alpha -> transparency/alpha-test likely,HIGH
gGerudoMaskItemNameENGTex,UI_2D,dedicated UI texture group 'item_name_static'; IA format (ia4) carries alpha -> transparency/alpha-test likely,HIGH
gGerudoMaskItemNameFRATex,UI_2D,dedicated UI texture group 'item_name_static',HIGH
gGerudoMaskItemNameGERTex,UI_2D,dedicated UI texture group 'item_name_static',HIGH
gGerudoMaskItemNameJPNTex,UI_2D,dedicated UI texture group 'item_name_static'; IA format (ia4) carries alpha -> transparency/alpha-test likely,HIGH
gGerudosCardItemNameENGTex,UI_2D,dedicated UI texture group 'item_name_static'; IA format (ia4) carries alpha -> transparency/alpha-test likely,HIGH
gGerudosCardItemNameFRATex,UI_2D,dedicated UI texture group 'item_name_static',HIGH
gGerudosCardItemNameGERTex,UI_2D,dedicated UI texture group 'item_name_static',HIGH
gGerudosCardItemNameJPNTex,UI_2D,dedicated UI texture group 'item_name_static'; IA format (ia4) carries alpha -> transparency/alpha-test likely,HIGH
gGiantsKnifeItemNameENGTex,UI_2D,dedicated UI texture group 'item_name_static'; IA format (ia4) carries alpha -> transparency/alpha-test likely,HIGH
gGiantsKnifeItemNameFRATex,UI_2D,dedicated UI texture group 'item_name_static',HIGH
gGiantsKnifeItemNameGERTex,UI_2D,dedicated UI texture group 'item_name_static',HIGH
gGiantsKnifeItemNameJPNTex,UI_2D,dedicated UI texture group 'item_name_static'; IA format (ia4) carries alpha -> transparency/alpha-test likely,HIGH
gGoldSkulltulaItemNameENGTex,UI_2D,dedicated UI texture group 'item_name_static'; IA format (ia4) carries alpha -> transparency/alpha-test likely,HIGH
gGoldSkulltulaItemNameFRATex,UI_2D,dedicated UI texture group 'item_name_static',HIGH
gGoldSkulltulaItemNameGERTex,UI_2D,dedicated UI texture group 'item_name_static',HIGH
gGoldSkulltulaItemNameJPNTex,UI_2D,dedicated UI texture group 'item_name_static'; IA format (ia4) carries alpha -> transparency/alpha-test likely,HIGH
gGoldenGauntletsItemNameENGTex,UI_2D,dedicated UI texture group 'item_name_static'; IA format (ia4) carries alpha -> transparency/alpha-test likely,HIGH
gGoldenGauntletsItemNameFRATex,UI_2D,dedicated UI texture group 'item_name_static',HIGH
gGoldenGauntletsItemNameGERTex,UI_2D,dedicated UI texture group 'item_name_static',HIGH
gGoldenGauntletsItemNameJPNTex,UI_2D,dedicated UI texture group 'item_name_static'; IA format (ia4) carries alpha -> transparency/alpha-test likely,HIGH
gGoldenScaleItemNameENGTex,UI_2D,dedicated UI texture group 'item_name_static'; IA format (ia4) carries alpha -> transparency/alpha-test likely,HIGH
gGoldenScaleItemNameFRATex,UI_2D,dedicated UI texture group 'item_name_static',HIGH
gGoldenScaleItemNameGERTex,UI_2D,dedicated UI texture group 'item_name_static',HIGH
gGoldenScaleItemNameJPNTex,UI_2D,dedicated UI texture group 'item_name_static'; IA format (ia4) carries alpha -> transparency/alpha-test likely,HIGH
gGoronMaskItemNameENGTex,UI_2D,dedicated UI texture group 'item_name_static'; IA format (ia4) carries alpha -> transparency/alpha-test likely,HIGH
gGoronMaskItemNameFRATex,UI_2D,dedicated UI texture group 'item_name_static',HIGH
gGoronMaskItemNameGERTex,UI_2D,dedicated UI texture group 'item_name_static',HIGH
gGoronMaskItemNameJPNTex,UI_2D,dedicated UI texture group 'item_name_static'; IA format (ia4) carries alpha -> transparency/alpha-test likely,HIGH
gGoronTunicItemNameENGTex,UI_2D,dedicated UI texture group 'item_name_static'; IA format (ia4) carries alpha -> transparency/alpha-test likely,HIGH
gGoronTunicItemNameFRATex,UI_2D,dedicated UI texture group 'item_name_static',HIGH
gGoronTunicItemNameGERTex,UI_2D,dedicated UI texture group 'item_name_static',HIGH
gGoronTunicItemNameJPNTex,UI_2D,dedicated UI texture group 'item_name_static'; IA format (ia4) carries alpha -> transparency/alpha-test likely,HIGH
gGoronsBraceletItemNameENGTex,UI_2D,dedicated UI texture group 'item_name_static'; IA format (ia4) carries alpha -> transparency/alpha-test likely,HIGH
gGoronsBraceletItemNameFRATex,UI_2D,dedicated UI texture group 'item_name_static',HIGH
gGoronsBraceletItemNameGERTex,UI_2D,dedicated UI texture group 'item_name_static',HIGH
gGoronsBraceletItemNameJPNTex,UI_2D,dedicated UI texture group 'item_name_static'; IA format (ia4) carries alpha -> transparency/alpha-test likely,HIGH
gGoronsRubyItemNameENGTex,UI_2D,dedicated UI texture group 'item_name_static'; IA format (ia4) carries alpha -> transparency/alpha-test likely; spiritual stone keyword (glowing iconography),HIGH
gGoronsRubyItemNameFRATex,UI_2D,dedicated UI texture group 'item_name_static'; spiritual stone keyword (glowing iconography),HIGH
gGoronsRubyItemNameGERTex,UI_2D,dedicated UI texture group 'item_name_static'; spiritual stone keyword (glowing iconography),HIGH
gGoronsRubyItemNameJPNTex,UI_2D,dedicated UI texture group 'item_name_static'; IA format (ia4) carries alpha -> transparency/alpha-test likely; spiritual stone keyword (glowing iconography),HIGH
gGreenPotionItemNameENGTex,UI_2D,dedicated UI texture group 'item_name_static'; IA format (ia4) carries alpha -> transparency/alpha-test likely,HIGH
gGreenPotionItemNameFRATex,UI_2D,dedicated UI texture group 'item_name_static',HIGH
gGreenPotionItemNameGERTex,UI_2D,dedicated UI texture group 'item_name_static',HIGH
gGreenPotionItemNameJPNTex,UI_2D,dedicated UI texture group 'item_name_static'; IA format (ia4) carries alpha -> transparency/alpha-test likely,HIGH
gHalfMilkItemNameENGTex,UI_2D,dedicated UI texture group 'item_name_static'; IA format (ia4) carries alpha -> transparency/alpha-test likely,HIGH
gHalfMilkItemNameFRATex,UI_2D,dedicated UI texture group 'item_name_static',HIGH
gHalfMilkItemNameGERTex,UI_2D,dedicated UI texture group 'item_name_static',HIGH
gHalfMilkItemNameJPNTex,UI_2D,dedicated UI texture group 'item_name_static'; IA format (ia4) carries alpha -> transparency/alpha-test likely,HIGH
gHeartContainerItemNameFRATex,UI_2D,dedicated UI texture group 'item_name_static',HIGH
gHeartContainerItemNameGERTex,UI_2D,dedicated UI texture group 'item_name_static',HIGH
gHookshotItemNameENGTex,UI_2D,dedicated UI texture group 'item_name_static'; IA format (ia4) carries alpha -> transparency/alpha-test likely,HIGH
gHookshotItemNameFRATex,UI_2D,dedicated UI texture group 'item_name_static',HIGH
gHookshotItemNameGERTex,UI_2D,dedicated UI texture group 'item_name_static',HIGH
gHookshotItemNameJPNTex,UI_2D,dedicated UI texture group 'item_name_static'; IA format (ia4) carries alpha -> transparency/alpha-test likely,HIGH
gHoverBootsItemNameENGTex,UI_2D,dedicated UI texture group 'item_name_static'; IA format (ia4) carries alpha -> transparency/alpha-test likely,HIGH
gHoverBootsItemNameFRATex,UI_2D,dedicated UI texture group 'item_name_static',HIGH
gHoverBootsItemNameGERTex,UI_2D,dedicated UI texture group 'item_name_static',HIGH
gHoverBootsItemNameJPNTex,UI_2D,dedicated UI texture group 'item_name_static'; IA format (ia4) carries alpha -> transparency/alpha-test likely,HIGH
gHylianShieldItemNameENGTex,UI_2D,dedicated UI texture group 'item_name_static'; IA format (ia4) carries alpha -> transparency/alpha-test likely,HIGH
gHylianShieldItemNameFRATex,UI_2D,dedicated UI texture group 'item_name_static',HIGH
gHylianShieldItemNameGERTex,UI_2D,dedicated UI texture group 'item_name_static',HIGH
gHylianShieldItemNameJPNTex,UI_2D,dedicated UI texture group 'item_name_static'; IA format (ia4) carries alpha -> transparency/alpha-test likely,HIGH
gIceArrowItemNameENGTex,UI_2D,dedicated UI texture group 'item_name_static'; IA format (ia4) carries alpha -> transparency/alpha-test likely,HIGH
gIceArrowItemNameFRATex,UI_2D,dedicated UI texture group 'item_name_static',HIGH
gIceArrowItemNameGERTex,UI_2D,dedicated UI texture group 'item_name_static',HIGH
gIceArrowItemNameJPNTex,UI_2D,dedicated UI texture group 'item_name_static'; IA format (ia4) carries alpha -> transparency/alpha-test likely,HIGH
gIronBootsItemNameENGTex,UI_2D,dedicated UI texture group 'item_name_static'; IA format (ia4) carries alpha -> transparency/alpha-test likely,HIGH
gIronBootsItemNameFRATex,UI_2D,dedicated UI texture group 'item_name_static',HIGH
gIronBootsItemNameGERTex,UI_2D,dedicated UI texture group 'item_name_static',HIGH
gIronBootsItemNameJPNTex,UI_2D,dedicated UI texture group 'item_name_static'; IA format (ia4) carries alpha -> transparency/alpha-test likely,HIGH
gKeatonMaskItemNameENGTex,UI_2D,dedicated UI texture group 'item_name_static'; IA format (ia4) carries alpha -> transparency/alpha-test likely,HIGH
gKeatonMaskItemNameFRATex,UI_2D,dedicated UI texture group 'item_name_static',HIGH
gKeatonMaskItemNameGERTex,UI_2D,dedicated UI texture group 'item_name_static',HIGH
gKeatonMaskItemNameJPNTex,UI_2D,dedicated UI texture group 'item_name_static'; IA format (ia4) carries alpha -> transparency/alpha-test likely,HIGH
gKokiriBootsItemNameENGTex,UI_2D,dedicated UI texture group 'item_name_static'; IA format (ia4) carries alpha -> transparency/alpha-test likely,HIGH
gKokiriBootsItemNameFRATex,UI_2D,dedicated UI texture group 'item_name_static',HIGH
gKokiriBootsItemNameGERTex,UI_2D,dedicated UI texture group 'item_name_static',HIGH
gKokiriBootsItemNameJPNTex,UI_2D,dedicated UI texture group 'item_name_static'; IA format (ia4) carries alpha -> transparency/alpha-test likely,HIGH
gKokiriEmeraldItemNameENGTex,UI_2D,dedicated UI texture group 'item_name_static'; IA format (ia4) carries alpha -> transparency/alpha-test likely; spiritual stone keyword (glowing iconography),HIGH
gKokiriEmeraldItemNameFRATex,UI_2D,dedicated UI texture group 'item_name_static'; spiritual stone keyword (glowing iconography),HIGH
gKokiriEmeraldItemNameGERTex,UI_2D,dedicated UI texture group 'item_name_static'; spiritual stone keyword (glowing iconography),HIGH
gKokiriEmeraldItemNameJPNTex,UI_2D,dedicated UI texture group 'item_name_static'; IA format (ia4) carries alpha -> transparency/alpha-test likely; spiritual stone keyword (glowing iconography),HIGH
gKokiriSwordItemNameENGTex,UI_2D,dedicated UI texture group 'item_name_static'; IA format (ia4) carries alpha -> transparency/alpha-test likely,HIGH
gKokiriSwordItemNameFRATex,UI_2D,dedicated UI texture group 'item_name_static',HIGH
gKokiriSwordItemNameGERTex,UI_2D,dedicated UI texture group 'item_name_static',HIGH
gKokiriSwordItemNameJPNTex,UI_2D,dedicated UI texture group 'item_name_static'; IA format (ia4) carries alpha -> transparency/alpha-test likely,HIGH
gKokiriTunicItemNameENGTex,UI_2D,dedicated UI texture group 'item_name_static'; IA format (ia4) carries alpha -> transparency/alpha-test likely,HIGH
gKokiriTunicItemNameFRATex,UI_2D,dedicated UI texture group 'item_name_static',HIGH
gKokiriTunicItemNameGERTex,UI_2D,dedicated UI texture group 'item_name_static',HIGH
gKokiriTunicItemNameJPNTex,UI_2D,dedicated UI texture group 'item_name_static'; IA format (ia4) carries alpha -> transparency/alpha-test likely,HIGH
gLensItemNameENGTex,UI_2D,dedicated UI texture group 'item_name_static'; IA format (ia4) carries alpha -> transparency/alpha-test likely,HIGH
gLensItemNameFRATex,UI_2D,dedicated UI texture group 'item_name_static',HIGH
gLensItemNameGERTex,UI_2D,dedicated UI texture group 'item_name_static',HIGH
gLensItemNameJPNTex,UI_2D,dedicated UI texture group 'item_name_static'; IA format (ia4) carries alpha -> transparency/alpha-test likely,HIGH
gLightArrowItemNameENGTex,UI_2D,dedicated UI texture group 'item_name_static'; IA format (ia4) carries alpha -> transparency/alpha-test likely,HIGH
gLightArrowItemNameFRATex,UI_2D,dedicated UI texture group 'item_name_static',HIGH
gLightArrowItemNameGERTex,UI_2D,dedicated UI texture group 'item_name_static',HIGH
gLightArrowItemNameJPNTex,UI_2D,dedicated UI texture group 'item_name_static'; IA format (ia4) carries alpha -> transparency/alpha-test likely,HIGH
gLightMedallionItemNameENGTex,UI_2D,dedicated UI texture group 'item_name_static'; IA format (ia4) carries alpha -> transparency/alpha-test likely,HIGH
gLightMedallionItemNameFRATex,UI_2D,dedicated UI texture group 'item_name_static',HIGH
gLightMedallionItemNameGERTex,UI_2D,dedicated UI texture group 'item_name_static',HIGH
gLightMedallionItemNameJPNTex,UI_2D,dedicated UI texture group 'item_name_static'; IA format (ia4) carries alpha -> transparency/alpha-test likely,HIGH
gLongshotItemNameENGTex,UI_2D,dedicated UI texture group 'item_name_static'; IA format (ia4) carries alpha -> transparency/alpha-test likely,HIGH
gLongshotItemNameFRATex,UI_2D,dedicated UI texture group 'item_name_static',HIGH
gLongshotItemNameGERTex,UI_2D,dedicated UI texture group 'item_name_static',HIGH
gLongshotItemNameJPNTex,UI_2D,dedicated UI texture group 'item_name_static'; IA format (ia4) carries alpha -> transparency/alpha-test likely,HIGH
gMagicBeansItemNameENGTex,UI_2D,dedicated UI texture group 'item_name_static'; IA format (ia4) carries alpha -> transparency/alpha-test likely,HIGH
gMagicBeansItemNameFRATex,UI_2D,dedicated UI texture group 'item_name_static',HIGH
gMagicBeansItemNameGERTex,UI_2D,dedicated UI texture group 'item_name_static',HIGH
gMagicBeansItemNameJPNTex,UI_2D,dedicated UI texture group 'item_name_static'; IA format (ia4) carries alpha -> transparency/alpha-test likely,HIGH
gMaskofTruthItemNameENGTex,UI_2D,dedicated UI texture group 'item_name_static'; IA format (ia4) carries alpha -> transparency/alpha-test likely,HIGH
gMaskofTruthItemNameFRATex,UI_2D,dedicated UI texture group 'item_name_static',HIGH
gMaskofTruthItemNameGERTex,UI_2D,dedicated UI texture group 'item_name_static',HIGH
gMaskofTruthItemNameJPNTex,UI_2D,dedicated UI texture group 'item_name_static'; IA format (ia4) carries alpha -> transparency/alpha-test likely,HIGH
gMasterSwordItemNameENGTex,UI_2D,dedicated UI texture group 'item_name_static'; IA format (ia4) carries alpha -> transparency/alpha-test likely; Temple of Time key-object keyword,HIGH
gMasterSwordItemNameFRATex,UI_2D,dedicated UI texture group 'item_name_static'; Temple of Time key-object keyword,HIGH
gMasterSwordItemNameGERTex,UI_2D,dedicated UI texture group 'item_name_static'; Temple of Time key-object keyword,HIGH
gMasterSwordItemNameJPNTex,UI_2D,dedicated UI texture group 'item_name_static'; IA format (ia4) carries alpha -> transparency/alpha-test likely; Temple of Time key-object keyword,HIGH
gMegatonHammerItemNameENGTex,UI_2D,dedicated UI texture group 'item_name_static'; IA format (ia4) carries alpha -> transparency/alpha-test likely,HIGH
gMegatonHammerItemNameFRATex,UI_2D,dedicated UI texture group 'item_name_static',HIGH
gMegatonHammerItemNameGERTex,UI_2D,dedicated UI texture group 'item_name_static',HIGH
gMegatonHammerItemNameJPNTex,UI_2D,dedicated UI texture group 'item_name_static'; IA format (ia4) carries alpha -> transparency/alpha-test likely,HIGH
gMinuetOfForestItemNameENGTex,UI_2D,dedicated UI texture group 'item_name_static'; IA format (ia4) carries alpha -> transparency/alpha-test likely,HIGH
gMinuetOfForestItemNameFRATex,UI_2D,dedicated UI texture group 'item_name_static',HIGH
gMinuetOfForestItemNameGERTex,UI_2D,dedicated UI texture group 'item_name_static',HIGH
gMinuetOfForestItemNameJPNTex,UI_2D,dedicated UI texture group 'item_name_static'; IA format (ia4) carries alpha -> transparency/alpha-test likely,HIGH
gMirrorShieldItemNameENGTex,UI_2D,dedicated UI texture group 'item_name_static'; IA format (ia4) carries alpha -> transparency/alpha-test likely,HIGH
gMirrorShieldItemNameFRATex,UI_2D,dedicated UI texture group 'item_name_static',HIGH
gMirrorShieldItemNameGERTex,UI_2D,dedicated UI texture group 'item_name_static',HIGH
gMirrorShieldItemNameJPNTex,UI_2D,dedicated UI texture group 'item_name_static'; IA format (ia4) carries alpha -> transparency/alpha-test likely,HIGH
gNayrusLoveItemNameENGTex,UI_2D,dedicated UI texture group 'item_name_static'; IA format (ia4) carries alpha -> transparency/alpha-test likely,HIGH
gNayrusLoveItemNameFRATex,UI_2D,dedicated UI texture group 'item_name_static',HIGH
gNayrusLoveItemNameGERTex,UI_2D,dedicated UI texture group 'item_name_static',HIGH
gNayrusLoveItemNameJPNTex,UI_2D,dedicated UI texture group 'item_name_static'; IA format (ia4) carries alpha -> transparency/alpha-test likely,HIGH
gNocturneOfShadowItemNameENGTex,UI_2D,dedicated UI texture group 'item_name_static'; IA format (ia4) carries alpha -> transparency/alpha-test likely,HIGH
gNocturneOfShadowItemNameFRATex,UI_2D,dedicated UI texture group 'item_name_static',HIGH
gNocturneOfShadowItemNameGERTex,UI_2D,dedicated UI texture group 'item_name_static',HIGH
gNocturneOfShadowItemNameJPNTex,UI_2D,dedicated UI texture group 'item_name_static'; IA format (ia4) carries alpha -> transparency/alpha-test likely,HIGH
gOcarinaOfTimeItemNameENGTex,UI_2D,dedicated UI texture group 'item_name_static'; IA format (ia4) carries alpha -> transparency/alpha-test likely,HIGH
gOcarinaOfTimeItemNameFRATex,UI_2D,dedicated UI texture group 'item_name_static',HIGH
gOcarinaOfTimeItemNameGERTex,UI_2D,dedicated UI texture group 'item_name_static',HIGH
gOcarinaOfTimeItemNameJPNTex,UI_2D,dedicated UI texture group 'item_name_static'; IA format (ia4) carries alpha -> transparency/alpha-test likely,HIGH
gOddMushroomItemNameENGTex,UI_2D,dedicated UI texture group 'item_name_static'; IA format (ia4) carries alpha -> transparency/alpha-test likely,HIGH
gOddMushroomItemNameFRATex,UI_2D,dedicated UI texture group 'item_name_static',HIGH
gOddMushroomItemNameGERTex,UI_2D,dedicated UI texture group 'item_name_static',HIGH
gOddMushroomItemNameJPNTex,UI_2D,dedicated UI texture group 'item_name_static'; IA format (ia4) carries alpha -> transparency/alpha-test likely,HIGH
gOddPotionItemNameENGTex,UI_2D,dedicated UI texture group 'item_name_static'; IA format (ia4) carries alpha -> transparency/alpha-test likely,HIGH
gOddPotionItemNameFRATex,UI_2D,dedicated UI texture group 'item_name_static',HIGH
gOddPotionItemNameGERTex,UI_2D,dedicated UI texture group 'item_name_static',HIGH
gOddPotionItemNameJPNTex,UI_2D,dedicated UI texture group 'item_name_static'; IA format (ia4) carries alpha -> transparency/alpha-test likely,HIGH
gPieceOfHeartItemNameENGTex,UI_2D,dedicated UI texture group 'item_name_static'; IA format (ia4) carries alpha -> transparency/alpha-test likely,HIGH
gPieceOfHeartItemNameJPNTex,UI_2D,dedicated UI texture group 'item_name_static'; IA format (ia4) carries alpha -> transparency/alpha-test likely,HIGH
gPoachersSawItemNameENGTex,UI_2D,dedicated UI texture group 'item_name_static'; IA format (ia4) carries alpha -> transparency/alpha-test likely,HIGH
gPoachersSawItemNameFRATex,UI_2D,dedicated UI texture group 'item_name_static',HIGH
gPoachersSawItemNameGERTex,UI_2D,dedicated UI texture group 'item_name_static',HIGH
gPoachersSawItemNameJPNTex,UI_2D,dedicated UI texture group 'item_name_static'; IA format (ia4) carries alpha -> transparency/alpha-test likely,HIGH
gPocketCuccoItemNameENGTex,UI_2D,dedicated UI texture group 'item_name_static'; IA format (ia4) carries alpha -> transparency/alpha-test likely,HIGH
gPocketCuccoItemNameFRATex,UI_2D,dedicated UI texture group 'item_name_static',HIGH
gPocketCuccoItemNameGERTex,UI_2D,dedicated UI texture group 'item_name_static',HIGH
gPocketCuccoItemNameJPNTex,UI_2D,dedicated UI texture group 'item_name_static'; IA format (ia4) carries alpha -> transparency/alpha-test likely,HIGH
gPocketEggItemNameENGTex,UI_2D,dedicated UI texture group 'item_name_static'; IA format (ia4) carries alpha -> transparency/alpha-test likely,HIGH
gPocketEggItemNameFRATex,UI_2D,dedicated UI texture group 'item_name_static',HIGH
gPocketEggItemNameGERTex,UI_2D,dedicated UI texture group 'item_name_static',HIGH
gPocketEggItemNameJPNTex,UI_2D,dedicated UI texture group 'item_name_static'; IA format (ia4) carries alpha -> transparency/alpha-test likely,HIGH
gPoeItemNameENGTex,UI_2D,dedicated UI texture group 'item_name_static'; IA format (ia4) carries alpha -> transparency/alpha-test likely,HIGH
gPoeItemNameFRATex,UI_2D,dedicated UI texture group 'item_name_static',HIGH
gPoeItemNameGERTex,UI_2D,dedicated UI texture group 'item_name_static',HIGH
gPoeItemNameJPNTex,UI_2D,dedicated UI texture group 'item_name_static'; IA format (ia4) carries alpha -> transparency/alpha-test likely,HIGH
gPreludeOfLightItemNameENGTex,UI_2D,dedicated UI texture group 'item_name_static'; IA format (ia4) carries alpha -> transparency/alpha-test likely,HIGH
gPreludeOfLightItemNameFRATex,UI_2D,dedicated UI texture group 'item_name_static',HIGH
gPreludeOfLightItemNameGERTex,UI_2D,dedicated UI texture group 'item_name_static',HIGH
gPreludeOfLightItemNameJPNTex,UI_2D,dedicated UI texture group 'item_name_static'; IA format (ia4) carries alpha -> transparency/alpha-test likely,HIGH
gPrescriptionItemNameENGTex,UI_2D,dedicated UI texture group 'item_name_static'; IA format (ia4) carries alpha -> transparency/alpha-test likely,HIGH
gPrescriptionItemNameFRATex,UI_2D,dedicated UI texture group 'item_name_static',HIGH
gPrescriptionItemNameGERTex,UI_2D,dedicated UI texture group 'item_name_static',HIGH
gPrescriptionItemNameJPNTex,UI_2D,dedicated UI texture group 'item_name_static'; IA format (ia4) carries alpha -> transparency/alpha-test likely,HIGH
gQuiver30ItemNameENGTex,UI_2D,dedicated UI texture group 'item_name_static'; IA format (ia4) carries alpha -> transparency/alpha-test likely,HIGH
gQuiver30ItemNameFRATex,UI_2D,dedicated UI texture group 'item_name_static',HIGH
gQuiver30ItemNameGERTex,UI_2D,dedicated UI texture group 'item_name_static',HIGH
gQuiver30ItemNameJPNTex,UI_2D,dedicated UI texture group 'item_name_static'; IA format (ia4) carries alpha -> transparency/alpha-test likely,HIGH
gQuiver40ItemNameENGTex,UI_2D,dedicated UI texture group 'item_name_static'; IA format (ia4) carries alpha -> transparency/alpha-test likely,HIGH
gQuiver40ItemNameFRATex,UI_2D,dedicated UI texture group 'item_name_static',HIGH
gQuiver40ItemNameGERTex,UI_2D,dedicated UI texture group 'item_name_static',HIGH
gQuiver40ItemNameJPNTex,UI_2D,dedicated UI texture group 'item_name_static'; IA format (ia4) carries alpha -> transparency/alpha-test likely,HIGH
gQuiver50ItemNameENGTex,UI_2D,dedicated UI texture group 'item_name_static'; IA format (ia4) carries alpha -> transparency/alpha-test likely,HIGH
gQuiver50ItemNameFRATex,UI_2D,dedicated UI texture group 'item_name_static',HIGH
gQuiver50ItemNameGERTex,UI_2D,dedicated UI texture group 'item_name_static',HIGH
gQuiver50ItemNameJPNTex,UI_2D,dedicated UI texture group 'item_name_static'; IA format (ia4) carries alpha -> transparency/alpha-test likely,HIGH
gRedPotionItemNameENGTex,UI_2D,dedicated UI texture group 'item_name_static'; IA format (ia4) carries alpha -> transparency/alpha-test likely,HIGH
gRedPotionItemNameFRATex,UI_2D,dedicated UI texture group 'item_name_static',HIGH
gRedPotionItemNameGERTex,UI_2D,dedicated UI texture group 'item_name_static',HIGH
gRedPotionItemNameJPNTex,UI_2D,dedicated UI texture group 'item_name_static'; IA format (ia4) carries alpha -> transparency/alpha-test likely,HIGH
gRequiemOfSpiritItemNameENGTex,UI_2D,dedicated UI texture group 'item_name_static'; IA format (ia4) carries alpha -> transparency/alpha-test likely,HIGH
gRequiemOfSpiritItemNameFRATex,UI_2D,dedicated UI texture group 'item_name_static',HIGH
gRequiemOfSpiritItemNameGERTex,UI_2D,dedicated UI texture group 'item_name_static',HIGH
gRequiemOfSpiritItemNameJPNTex,UI_2D,dedicated UI texture group 'item_name_static'; IA format (ia4) carries alpha -> transparency/alpha-test likely,HIGH
gRutosLetterItemNameENGTex,UI_2D,dedicated UI texture group 'item_name_static'; IA format (ia4) carries alpha -> transparency/alpha-test likely,HIGH
gRutosLetterItemNameFRATex,UI_2D,dedicated UI texture group 'item_name_static',HIGH
gRutosLetterItemNameGERTex,UI_2D,dedicated UI texture group 'item_name_static',HIGH
gRutosLetterItemNameJPNTex,UI_2D,dedicated UI texture group 'item_name_static'; IA format (ia4) carries alpha -> transparency/alpha-test likely,HIGH
gSOLDOUTItemNameENGTex,UI_2D,dedicated UI texture group 'item_name_static'; IA format (ia4) carries alpha -> transparency/alpha-test likely,HIGH
gSOLDOUTItemNameFRATex,UI_2D,dedicated UI texture group 'item_name_static',HIGH
gSOLDOUTItemNameGERTex,UI_2D,dedicated UI texture group 'item_name_static',HIGH
gSOLDOUTItemNameJPNTex,UI_2D,dedicated UI texture group 'item_name_static'; IA format (ia4) carries alpha -> transparency/alpha-test likely,HIGH
gSariasSongItemNameENGTex,UI_2D,dedicated UI texture group 'item_name_static'; IA format (ia4) carries alpha -> transparency/alpha-test likely,HIGH
gSariasSongItemNameFRATex,UI_2D,dedicated UI texture group 'item_name_static',HIGH
gSariasSongItemNameGERTex,UI_2D,dedicated UI texture group 'item_name_static',HIGH
gSariasSongItemNameJPNTex,UI_2D,dedicated UI texture group 'item_name_static'; IA format (ia4) carries alpha -> transparency/alpha-test likely,HIGH
gSerenadeOfWaterItemNameENGTex,UI_2D,dedicated UI texture group 'item_name_static'; IA format (ia4) carries alpha -> transparency/alpha-test likely,HIGH
gSerenadeOfWaterItemNameFRATex,UI_2D,dedicated UI texture group 'item_name_static',HIGH
gSerenadeOfWaterItemNameGERTex,UI_2D,dedicated UI texture group 'item_name_static',HIGH
gSerenadeOfWaterItemNameJPNTex,UI_2D,dedicated UI texture group 'item_name_static'; IA format (ia4) carries alpha -> transparency/alpha-test likely,HIGH
gShadowMedallionItemNameENGTex,UI_2D,dedicated UI texture group 'item_name_static'; IA format (ia4) carries alpha -> transparency/alpha-test likely,HIGH
gShadowMedallionItemNameFRATex,UI_2D,dedicated UI texture group 'item_name_static',HIGH
gShadowMedallionItemNameGERTex,UI_2D,dedicated UI texture group 'item_name_static',HIGH
gShadowMedallionItemNameJPNTex,UI_2D,dedicated UI texture group 'item_name_static'; IA format (ia4) carries alpha -> transparency/alpha-test likely,HIGH
gSilverGauntletsItemNameENGTex,UI_2D,dedicated UI texture group 'item_name_static'; IA format (ia4) carries alpha -> transparency/alpha-test likely,HIGH
gSilverGauntletsItemNameFRATex,UI_2D,dedicated UI texture group 'item_name_static',HIGH
gSilverGauntletsItemNameGERTex,UI_2D,dedicated UI texture group 'item_name_static',HIGH
gSilverGauntletsItemNameJPNTex,UI_2D,dedicated UI texture group 'item_name_static'; IA format (ia4) carries alpha -> transparency/alpha-test likely,HIGH
gSilverScaleItemNameENGTex,UI_2D,dedicated UI texture group 'item_name_static'; IA format (ia4) carries alpha -> transparency/alpha-test likely,HIGH
gSilverScaleItemNameFRATex,UI_2D,dedicated UI texture group 'item_name_static',HIGH
gSilverScaleItemNameGERTex,UI_2D,dedicated UI texture group 'item_name_static',HIGH
gSilverScaleItemNameJPNTex,UI_2D,dedicated UI texture group 'item_name_static'; IA format (ia4) carries alpha -> transparency/alpha-test likely,HIGH
gSkullMaskItemNameENGTex,UI_2D,dedicated UI texture group 'item_name_static'; IA format (ia4) carries alpha -> transparency/alpha-test likely,HIGH
gSkullMaskItemNameFRATex,UI_2D,dedicated UI texture group 'item_name_static',HIGH
gSkullMaskItemNameGERTex,UI_2D,dedicated UI texture group 'item_name_static',HIGH
gSkullMaskItemNameJPNTex,UI_2D,dedicated UI texture group 'item_name_static'; IA format (ia4) carries alpha -> transparency/alpha-test likely,HIGH
gSongOfStormsItemNameENGTex,UI_2D,dedicated UI texture group 'item_name_static'; IA format (ia4) carries alpha -> transparency/alpha-test likely,HIGH
gSongOfStormsItemNameFRATex,UI_2D,dedicated UI texture group 'item_name_static',HIGH
gSongOfStormsItemNameGERTex,UI_2D,dedicated UI texture group 'item_name_static',HIGH
gSongOfStormsItemNameJPNTex,UI_2D,dedicated UI texture group 'item_name_static'; IA format (ia4) carries alpha -> transparency/alpha-test likely,HIGH
gSongOfTimeItemNameENGTex,UI_2D,dedicated UI texture group 'item_name_static'; IA format (ia4) carries alpha -> transparency/alpha-test likely,HIGH
gSongOfTimeItemNameFRATex,UI_2D,dedicated UI texture group 'item_name_static',HIGH
gSongOfTimeItemNameGERTex,UI_2D,dedicated UI texture group 'item_name_static',HIGH
gSongOfTimeItemNameJPNTex,UI_2D,dedicated UI texture group 'item_name_static'; IA format (ia4) carries alpha -> transparency/alpha-test likely,HIGH
gSpiritMedallionItemNameENGTex,UI_2D,dedicated UI texture group 'item_name_static'; IA format (ia4) carries alpha -> transparency/alpha-test likely,HIGH
gSpiritMedallionItemNameFRATex,UI_2D,dedicated UI texture group 'item_name_static',HIGH
gSpiritMedallionItemNameGERTex,UI_2D,dedicated UI texture group 'item_name_static',HIGH
gSpiritMedallionItemNameJPNTex,UI_2D,dedicated UI texture group 'item_name_static'; IA format (ia4) carries alpha -> transparency/alpha-test likely,HIGH
gSpookyMaskItemNameENGTex,UI_2D,dedicated UI texture group 'item_name_static'; IA format (ia4) carries alpha -> transparency/alpha-test likely,HIGH
gSpookyMaskItemNameFRATex,UI_2D,dedicated UI texture group 'item_name_static',HIGH
gSpookyMaskItemNameGERTex,UI_2D,dedicated UI texture group 'item_name_static',HIGH
gSpookyMaskItemNameJPNTex,UI_2D,dedicated UI texture group 'item_name_static'; IA format (ia4) carries alpha -> transparency/alpha-test likely,HIGH
gStoneofAgonyItemNameENGTex,UI_2D,dedicated UI texture group 'item_name_static'; IA format (ia4) carries alpha -> transparency/alpha-test likely,HIGH
gStoneofAgonyItemNameFRATex,UI_2D,dedicated UI texture group 'item_name_static',HIGH
gStoneofAgonyItemNameGERTex,UI_2D,dedicated UI texture group 'item_name_static',HIGH
gStoneofAgonyItemNameJPNTex,UI_2D,dedicated UI texture group 'item_name_static'; IA format (ia4) carries alpha -> transparency/alpha-test likely,HIGH
gSunsSongItemNameENGTex,UI_2D,dedicated UI texture group 'item_name_static'; IA format (ia4) carries alpha -> transparency/alpha-test likely,HIGH
gSunsSongItemNameFRATex,UI_2D,dedicated UI texture group 'item_name_static',HIGH
gSunsSongItemNameGERTex,UI_2D,dedicated UI texture group 'item_name_static',HIGH
gSunsSongItemNameJPNTex,UI_2D,dedicated UI texture group 'item_name_static'; IA format (ia4) carries alpha -> transparency/alpha-test likely,HIGH
gUnusedBigKeyItemNameENGTex,UI_2D,dedicated UI texture group 'item_name_static'; IA format (ia4) carries alpha -> transparency/alpha-test likely,HIGH
gUnusedBigKeyItemNameJPNTex,UI_2D,dedicated UI texture group 'item_name_static'; IA format (ia4) carries alpha -> transparency/alpha-test likely,HIGH
gUnusedBossKeyItemName10JPNTex,UI_2D,dedicated UI texture group 'item_name_static'; IA format (ia4) carries alpha -> transparency/alpha-test likely,HIGH
gUnusedBossKeyItemName11JPNTex,UI_2D,dedicated UI texture group 'item_name_static'; IA format (ia4) carries alpha -> transparency/alpha-test likely,HIGH
gUnusedBossKeyItemName12JPNTex,UI_2D,dedicated UI texture group 'item_name_static'; IA format (ia4) carries alpha -> transparency/alpha-test likely,HIGH
gUnusedBossKeyItemName13JPNTex,UI_2D,dedicated UI texture group 'item_name_static'; IA format (ia4) carries alpha -> transparency/alpha-test likely,HIGH
gUnusedBossKeyItemName14JPNTex,UI_2D,dedicated UI texture group 'item_name_static'; IA format (ia4) carries alpha -> transparency/alpha-test likely,HIGH
gUnusedBossKeyItemName15JPNTex,UI_2D,dedicated UI texture group 'item_name_static',HIGH
gUnusedBossKeyItemName16JPNTex,UI_2D,dedicated UI texture group 'item_name_static',HIGH
gUnusedBossKeyItemName17JPNTex,UI_2D,dedicated UI texture group 'item_name_static',HIGH
gUnusedBossKeyItemName18JPNTex,UI_2D,dedicated UI texture group 'item_name_static',HIGH
gUnusedBossKeyItemName19JPNTex,UI_2D,dedicated UI texture group 'item_name_static',HIGH
gUnusedBossKeyItemName1JPNTex,UI_2D,dedicated UI texture group 'item_name_static'; IA format (ia4) carries alpha -> transparency/alpha-test likely,HIGH
gUnusedBossKeyItemName20JPNTex,UI_2D,dedicated UI texture group 'item_name_static',HIGH
gUnusedBossKeyItemName21JPNTex,UI_2D,dedicated UI texture group 'item_name_static',HIGH
gUnusedBossKeyItemName2JPNTex,UI_2D,dedicated UI texture group 'item_name_static'; IA format (ia4) carries alpha -> transparency/alpha-test likely,HIGH
gUnusedBossKeyItemName3JPNTex,UI_2D,dedicated UI texture group 'item_name_static'; IA format (ia4) carries alpha -> transparency/alpha-test likely,HIGH
gUnusedBossKeyItemName4JPNTex,UI_2D,dedicated UI texture group 'item_name_static'; IA format (ia4) carries alpha -> transparency/alpha-test likely,HIGH
gUnusedBossKeyItemName5JPNTex,UI_2D,dedicated UI texture group 'item_name_static'; IA format (ia4) carries alpha -> transparency/alpha-test likely,HIGH
gUnusedBossKeyItemName6JPNTex,UI_2D,dedicated UI texture group 'item_name_static'; IA format (ia4) carries alpha -> transparency/alpha-test likely,HIGH
gUnusedBossKeyItemName7JPNTex,UI_2D,dedicated UI texture group 'item_name_static'; IA format (ia4) carries alpha -> transparency/alpha-test likely,HIGH
gUnusedBossKeyItemName8JPNTex,UI_2D,dedicated UI texture group 'item_name_static'; IA format (ia4) carries alpha -> transparency/alpha-test likely,HIGH
gUnusedBossKeyItemName9JPNTex,UI_2D,dedicated UI texture group 'item_name_static'; IA format (ia4) carries alpha -> transparency/alpha-test likely,HIGH
gUnusedFireMedallionItemName1JPNTex,UI_2D,dedicated UI texture group 'item_name_static'; IA format (ia4) carries alpha -> transparency/alpha-test likely,HIGH
gUnusedFireMedallionItemName2JPNTex,UI_2D,dedicated UI texture group 'item_name_static'; IA format (ia4) carries alpha -> transparency/alpha-test likely,HIGH
gUnusedFireMedallionItemName3JPNTex,UI_2D,dedicated UI texture group 'item_name_static',HIGH
gUnusedIceMedallionItemName1JPNTex,UI_2D,dedicated UI texture group 'item_name_static'; IA format (ia4) carries alpha -> transparency/alpha-test likely,HIGH
gUnusedIceMedallionItemName2JPNTex,UI_2D,dedicated UI texture group 'item_name_static'; IA format (ia4) carries alpha -> transparency/alpha-test likely,HIGH
gUnusedIceMedallionItemName3JPNTex,UI_2D,dedicated UI texture group 'item_name_static',HIGH
gUnusedPieceOfHeartItemName1JPNTex,UI_2D,dedicated UI texture group 'item_name_static'; IA format (ia4) carries alpha -> transparency/alpha-test likely,HIGH
gUnusedPieceOfHeartItemName2JPNTex,UI_2D,dedicated UI texture group 'item_name_static'; IA format (ia4) carries alpha -> transparency/alpha-test likely,HIGH
gUnusedPieceOfHeartItemName3JPNTex,UI_2D,dedicated UI texture group 'item_name_static',HIGH
gUnusedWindMedallionItemName1JPNTex,UI_2D,dedicated UI texture group 'item_name_static'; IA format (ia4) carries alpha -> transparency/alpha-test likely,HIGH
gUnusedWindMedallionItemName2JPNTex,UI_2D,dedicated UI texture group 'item_name_static'; IA format (ia4) carries alpha -> transparency/alpha-test likely,HIGH
gUnusedWindMedallionItemName3JPNTex,UI_2D,dedicated UI texture group 'item_name_static',HIGH
gWaterMedallionItemNameENGTex,UI_2D,dedicated UI texture group 'item_name_static'; IA format (ia4) carries alpha -> transparency/alpha-test likely,HIGH
gWaterMedallionItemNameFRATex,UI_2D,dedicated UI texture group 'item_name_static',HIGH
gWaterMedallionItemNameGERTex,UI_2D,dedicated UI texture group 'item_name_static',HIGH
gWaterMedallionItemNameJPNTex,UI_2D,dedicated UI texture group 'item_name_static'; IA format (ia4) carries alpha -> transparency/alpha-test likely,HIGH
gWeirdEggItemNameENGTex,UI_2D,dedicated UI texture group 'item_name_static'; IA format (ia4) carries alpha -> transparency/alpha-test likely,HIGH
gWeirdEggItemNameFRATex,UI_2D,dedicated UI texture group 'item_name_static',HIGH
gWeirdEggItemNameGERTex,UI_2D,dedicated UI texture group 'item_name_static',HIGH
gWeirdEggItemNameJPNTex,UI_2D,dedicated UI texture group 'item_name_static'; IA format (ia4) carries alpha -> transparency/alpha-test likely,HIGH
gZeldasLetterItemNameENGTex,UI_2D,dedicated UI texture group 'item_name_static'; IA format (ia4) carries alpha -> transparency/alpha-test likely,HIGH
gZeldasLetterItemNameFRATex,UI_2D,dedicated UI texture group 'item_name_static',HIGH
gZeldasLetterItemNameGERTex,UI_2D,dedicated UI texture group 'item_name_static',HIGH
gZeldasLetterItemNameJPNTex,UI_2D,dedicated UI texture group 'item_name_static'; IA format (ia4) carries alpha -> transparency/alpha-test likely,HIGH
gZeldasLullabyItemNameENGTex,UI_2D,dedicated UI texture group 'item_name_static'; IA format (ia4) carries alpha -> transparency/alpha-test likely,HIGH
gZeldasLullabyItemNameFRATex,UI_2D,dedicated UI texture group 'item_name_static',HIGH
gZeldasLullabyItemNameGERTex,UI_2D,dedicated UI texture group 'item_name_static',HIGH
gZeldasLullabyItemNameJPNTex,UI_2D,dedicated UI texture group 'item_name_static'; IA format (ia4) carries alpha -> transparency/alpha-test likely,HIGH
gZoraMaskItemNameENGTex,UI_2D,dedicated UI texture group 'item_name_static'; IA format (ia4) carries alpha -> transparency/alpha-test likely,HIGH
gZoraMaskItemNameFRATex,UI_2D,dedicated UI texture group 'item_name_static',HIGH
gZoraMaskItemNameGERTex,UI_2D,dedicated UI texture group 'item_name_static',HIGH
gZoraMaskItemNameJPNTex,UI_2D,dedicated UI texture group 'item_name_static'; IA format (ia4) carries alpha -> transparency/alpha-test likely,HIGH
gZoraTunicItemNameENGTex,UI_2D,dedicated UI texture group 'item_name_static'; IA format (ia4) carries alpha -> transparency/alpha-test likely,HIGH
gZoraTunicItemNameFRATex,UI_2D,dedicated UI texture group 'item_name_static',HIGH
gZoraTunicItemNameGERTex,UI_2D,dedicated UI texture group 'item_name_static',HIGH
gZoraTunicItemNameJPNTex,UI_2D,dedicated UI texture group 'item_name_static'; IA format (ia4) carries alpha -> transparency/alpha-test likely,HIGH
gZorasSapphireItemNameENGTex,UI_2D,dedicated UI texture group 'item_name_static'; IA format (ia4) carries alpha -> transparency/alpha-test likely; spiritual stone keyword (glowing iconography),HIGH
gZorasSapphireItemNameFRATex,UI_2D,dedicated UI texture group 'item_name_static'; spiritual stone keyword (glowing iconography),HIGH
gZorasSapphireItemNameGERTex,UI_2D,dedicated UI texture group 'item_name_static'; spiritual stone keyword (glowing iconography),HIGH
gZorasSapphireItemNameJPNTex,UI_2D,dedicated UI texture group 'item_name_static'; IA format (ia4) carries alpha -> transparency/alpha-test likely; spiritual stone keyword (glowing iconography),HIGH
gMsgKanji8140SpaceTex,UI_2D,dedicated UI texture group 'kanji',HIGH
gMsgKanji8141ToutenTex,UI_2D,dedicated UI texture group 'kanji',HIGH
gMsgKanji8142KutenTex,UI_2D,dedicated UI texture group 'kanji',HIGH
gMsgKanji8143CommaTex,UI_2D,dedicated UI texture group 'kanji',HIGH
gMsgKanji8144PeriodTex,UI_2D,dedicated UI texture group 'kanji',HIGH
gMsgKanji8145NakatenTex,UI_2D,dedicated UI texture group 'kanji',HIGH
gMsgKanji8146ColonTex,UI_2D,dedicated UI texture group 'kanji',HIGH
gMsgKanji8147SemicolonTex,UI_2D,dedicated UI texture group 'kanji',HIGH
gMsgKanji8148QuestionMarkTex,UI_2D,dedicated UI texture group 'kanji',HIGH
gMsgKanji8149ExclamationMarkTex,UI_2D,dedicated UI texture group 'kanji',HIGH
gMsgKanji814ADakutenTex,UI_2D,dedicated UI texture group 'kanji',HIGH
gMsgKanji814BHandakutenTex,UI_2D,dedicated UI texture group 'kanji',HIGH
gMsgKanji814CAcuteAccentTex,UI_2D,dedicated UI texture group 'kanji',HIGH
gMsgKanji814DGraveAccentTex,UI_2D,dedicated UI texture group 'kanji',HIGH
gMsgKanji814EDiaeresisTex,UI_2D,dedicated UI texture group 'kanji',HIGH
gMsgKanji814FCircumflexAccentTex,UI_2D,dedicated UI texture group 'kanji',HIGH
gMsgKanji8150EmptyTex,UI_2D,dedicated UI texture group 'kanji',HIGH
gMsgKanji8151EmptyTex,UI_2D,dedicated UI texture group 'kanji',HIGH
gMsgKanji8152IchinojitenKatakanaTex,UI_2D,dedicated UI texture group 'kanji',HIGH
gMsgKanji8153IchinojitenKatakanaDakutenTex,UI_2D,dedicated UI texture group 'kanji',HIGH
gMsgKanji8154IchinojitenHiraganaTex,UI_2D,dedicated UI texture group 'kanji',HIGH
gMsgKanji8155IchinojitenHiraganaDakutenTex,UI_2D,dedicated UI texture group 'kanji',HIGH
gMsgKanji8156NonojitenTex,UI_2D,dedicated UI texture group 'kanji',HIGH
gMsgKanji8157Tex,UI_2D,dedicated UI texture group 'kanji',HIGH
gMsgKanji8158DounojitenTex,UI_2D,dedicated UI texture group 'kanji',HIGH
gMsgKanji8159ShimeTex,UI_2D,dedicated UI texture group 'kanji',HIGH
gMsgKanji815AZeroTex,UI_2D,dedicated UI texture group 'kanji',HIGH
gMsgKanji815BChouonpuTex,UI_2D,dedicated UI texture group 'kanji',HIGH
gMsgKanji815CDashTex,UI_2D,dedicated UI texture group 'kanji',HIGH
gMsgKanji815DHyphenTex,UI_2D,dedicated UI texture group 'kanji',HIGH
gMsgKanji815ESlashTex,UI_2D,dedicated UI texture group 'kanji',HIGH
gMsgKanji815FBackSlashTex,UI_2D,dedicated UI texture group 'kanji',HIGH
gMsgKanji8160WaveDashTex,UI_2D,dedicated UI texture group 'kanji',HIGH
gMsgKanji8161DoubleVerticalLineTex,UI_2D,dedicated UI texture group 'kanji',HIGH
gMsgKanji8162VerticalLineTex,UI_2D,dedicated UI texture group 'kanji',HIGH
gMsgKanji8163SantenLeaderTex,UI_2D,dedicated UI texture group 'kanji',HIGH
gMsgKanji8164NitenLeaderTex,UI_2D,dedicated UI texture group 'kanji',HIGH
gMsgKanji8165SingleQuotationMarkLeftTex,UI_2D,dedicated UI texture group 'kanji',HIGH
gMsgKanji8166SingleQuotationMarkRightTex,UI_2D,dedicated UI texture group 'kanji',HIGH
gMsgKanji8167DoubleQuotationMarkLeftTex,UI_2D,dedicated UI texture group 'kanji',HIGH
gMsgKanji8168DoubleQuotationMarkRightTex,UI_2D,dedicated UI texture group 'kanji',HIGH
gMsgKanji8169ParenthesesLeftTex,UI_2D,dedicated UI texture group 'kanji',HIGH
gMsgKanji816AParenthesesRightTex,UI_2D,dedicated UI texture group 'kanji',HIGH
gMsgKanji816BKikkoukakkoLeftTex,UI_2D,dedicated UI texture group 'kanji',HIGH
gMsgKanji816CKikkoukakkoRightTex,UI_2D,dedicated UI texture group 'kanji',HIGH
gMsgKanji816DSquareBracketLeftTex,UI_2D,dedicated UI texture group 'kanji',HIGH
gMsgKanji816ESquareBracketRightTex,UI_2D,dedicated UI texture group 'kanji',HIGH
gMsgKanji816FCurlyBracketLeftTex,UI_2D,dedicated UI texture group 'kanji',HIGH
gMsgKanji8170CurlyBracketRightTex,UI_2D,dedicated UI texture group 'kanji',HIGH
gMsgKanji8171YamakakkoLeftTex,UI_2D,dedicated UI texture group 'kanji',HIGH
gMsgKanji8172YamakakkoRightTex,UI_2D,dedicated UI texture group 'kanji',HIGH
gMsgKanji8173NijyuuyamakakkoLeftTex,UI_2D,dedicated UI texture group 'kanji',HIGH
gMsgKanji8174NijyuuyamakakkoRightTex,UI_2D,dedicated UI texture group 'kanji',HIGH
gMsgKanji8175KagikakkoLeftTex,UI_2D,dedicated UI texture group 'kanji',HIGH
gMsgKanji8176KagikakkoRightTex,UI_2D,dedicated UI texture group 'kanji',HIGH
gMsgKanji8177NijyuukagikakkoLeftTex,UI_2D,dedicated UI texture group 'kanji',HIGH
gMsgKanji8178NijyuukagikakkoRightTex,UI_2D,dedicated UI texture group 'kanji',HIGH
gMsgKanji8179SumitsukikakkoLeftTex,UI_2D,dedicated UI texture group 'kanji',HIGH
gMsgKanji817ASumitsukikakkoRightTex,UI_2D,dedicated UI texture group 'kanji',HIGH
gMsgKanji817BPlusSignTex,UI_2D,dedicated UI texture group 'kanji',HIGH
gMsgKanji817CMinusSignTex,UI_2D,dedicated UI texture group 'kanji',HIGH
gMsgKanji817DPlusMinusSignTex,UI_2D,dedicated UI texture group 'kanji',HIGH
gMsgKanji817EMultiplicationSignTex,UI_2D,dedicated UI texture group 'kanji',HIGH
gMsgKanji8180DivisionSignTex,UI_2D,dedicated UI texture group 'kanji',HIGH
gMsgKanji8181EqualsSignTex,UI_2D,dedicated UI texture group 'kanji',HIGH
gMsgKanji8182NotEqualSignTex,UI_2D,dedicated UI texture group 'kanji',HIGH
gMsgKanji8183LessThanSignTex,UI_2D,dedicated UI texture group 'kanji',HIGH
gMsgKanji8184GreaterThanSignTex,UI_2D,dedicated UI texture group 'kanji',HIGH
gMsgKanji8185LessThanOrEqualToTex,UI_2D,dedicated UI texture group 'kanji',HIGH
gMsgKanji8186GreaterThanOrEqualToTex,UI_2D,dedicated UI texture group 'kanji',HIGH
gMsgKanji8187InfinityTex,UI_2D,dedicated UI texture group 'kanji',HIGH
gMsgKanji8188ThereforeTex,UI_2D,dedicated UI texture group 'kanji',HIGH
gMsgKanji8189MaleTex,UI_2D,dedicated UI texture group 'kanji',HIGH
gMsgKanji818AFemaleTex,UI_2D,dedicated UI texture group 'kanji',HIGH
gMsgKanji818BDegreeSignTex,UI_2D,dedicated UI texture group 'kanji',HIGH
gMsgKanji818CPrimeTex,UI_2D,dedicated UI texture group 'kanji',HIGH
gMsgKanji818DDoublePrimeTex,UI_2D,dedicated UI texture group 'kanji',HIGH
gMsgKanji818ECelciusTex,UI_2D,dedicated UI texture group 'kanji',HIGH
gMsgKanji818FYenSignTex,UI_2D,dedicated UI texture group 'kanji',HIGH
gMsgKanji8190DollarSignTex,UI_2D,dedicated UI texture group 'kanji',HIGH
gMsgKanji8191CentSignTex,UI_2D,dedicated UI texture group 'kanji',HIGH
gMsgKanji8192PoundSignTex,UI_2D,dedicated UI texture group 'kanji',HIGH
gMsgKanji8193PercentSignTex,UI_2D,dedicated UI texture group 'kanji',HIGH
gMsgKanji8194NumberSignTex,UI_2D,dedicated UI texture group 'kanji',HIGH
gMsgKanji8195AmpersandTex,UI_2D,dedicated UI texture group 'kanji',HIGH
gMsgKanji8196AsteriskTex,UI_2D,dedicated UI texture group 'kanji',HIGH
gMsgKanji8197AtSignTex,UI_2D,dedicated UI texture group 'kanji',HIGH
gMsgKanji8198SectionSignTex,UI_2D,dedicated UI texture group 'kanji',HIGH
gMsgKanji8199WhiteStarTex,UI_2D,dedicated UI texture group 'kanji',HIGH
gMsgKanji819ABlackStarTex,UI_2D,dedicated UI texture group 'kanji',HIGH
gMsgKanji819BWhiteCircleTex,UI_2D,dedicated UI texture group 'kanji',HIGH
gMsgKanji819CBlackCircleTex,UI_2D,dedicated UI texture group 'kanji',HIGH
gMsgKanji819DDoubleCircleTex,UI_2D,dedicated UI texture group 'kanji',HIGH
gMsgKanji819EWhiteDiamondTex,UI_2D,dedicated UI texture group 'kanji',HIGH
gMsgKanji819FBlackDiamondTex,UI_2D,dedicated UI texture group 'kanji',HIGH
gMsgKanji81A0WhiteSquareTex,UI_2D,dedicated UI texture group 'kanji',HIGH
gMsgKanji81A1BlackSquareTex,UI_2D,dedicated UI texture group 'kanji',HIGH
gMsgKanji81A2WhiteTriangleTex,UI_2D,dedicated UI texture group 'kanji',HIGH
gMsgKanji81A3BlackTriangleTex,UI_2D,dedicated UI texture group 'kanji',HIGH
gMsgKanji81A4WhiteInvertedTriangleTex,UI_2D,dedicated UI texture group 'kanji',HIGH
gMsgKanji81A5BlackInvertedTriangleTex,UI_2D,dedicated UI texture group 'kanji',HIGH
gMsgKanji81A6KomejirushiTex,UI_2D,dedicated UI texture group 'kanji',HIGH
gMsgKanji81A7PostalMarkTex,UI_2D,dedicated UI texture group 'kanji',HIGH
gMsgKanji81A8ArrowRightTex,UI_2D,dedicated UI texture group 'kanji',HIGH
gMsgKanji81A9ArrowLeftTex,UI_2D,dedicated UI texture group 'kanji',HIGH
gMsgKanji81AAArrowUpTex,UI_2D,dedicated UI texture group 'kanji',HIGH
gMsgKanji81ABArrowDownTex,UI_2D,dedicated UI texture group 'kanji',HIGH
gMsgKanji81ACGetaTex,UI_2D,dedicated UI texture group 'kanji',HIGH
gMsgKanji81B8EmptyTex,UI_2D,dedicated UI texture group 'kanji',HIGH
gMsgKanji81B9EmptyTex,UI_2D,dedicated UI texture group 'kanji',HIGH
gMsgKanji81BAEmptyTex,UI_2D,dedicated UI texture group 'kanji',HIGH
gMsgKanji81BBEmptyTex,UI_2D,dedicated UI texture group 'kanji',HIGH
gMsgKanji81BCEmptyTex,UI_2D,dedicated UI texture group 'kanji',HIGH
gMsgKanji81BDEmptyTex,UI_2D,dedicated UI texture group 'kanji',HIGH
gMsgKanji81BEEmptyTex,UI_2D,dedicated UI texture group 'kanji',HIGH
gMsgKanji81BFIntersectionTex,UI_2D,dedicated UI texture group 'kanji',HIGH
gMsgKanji81C8EmptyTex,UI_2D,dedicated UI texture group 'kanji',HIGH
gMsgKanji81C9EmptyTex,UI_2D,dedicated UI texture group 'kanji',HIGH
gMsgKanji81CAEmptyTex,UI_2D,dedicated UI texture group 'kanji',HIGH
gMsgKanji81CBEmptyTex,UI_2D,dedicated UI texture group 'kanji',HIGH
gMsgKanji81CCEmptyTex,UI_2D,dedicated UI texture group 'kanji',HIGH
gMsgKanji81CDEmptyTex,UI_2D,dedicated UI texture group 'kanji',HIGH
gMsgKanji81CEEmptyTex,UI_2D,dedicated UI texture group 'kanji',HIGH
gMsgKanji81DBEmptyTex,UI_2D,dedicated UI texture group 'kanji',HIGH
gMsgKanji81DCEmptyTex,UI_2D,dedicated UI texture group 'kanji',HIGH
gMsgKanji81DDEmptyTex,UI_2D,dedicated UI texture group 'kanji',HIGH
gMsgKanji81DEEmptyTex,UI_2D,dedicated UI texture group 'kanji',HIGH
gMsgKanji81DFEmptyTex,UI_2D,dedicated UI texture group 'kanji',HIGH
gMsgKanji81E0ApproximatelyEqualToTex,UI_2D,dedicated UI texture group 'kanji',HIGH
gMsgKanji81E1MuchLessThanTex,UI_2D,dedicated UI texture group 'kanji',HIGH
gMsgKanji81E2MuchGreaterThanTex,UI_2D,dedicated UI texture group 'kanji',HIGH
gMsgKanji81E3SquareRootTex,UI_2D,dedicated UI texture group 'kanji',HIGH
gMsgKanji81E4SimilarTex,UI_2D,dedicated UI texture group 'kanji',HIGH
gMsgKanji81E5ProportionalTex,UI_2D,dedicated UI texture group 'kanji',HIGH
gMsgKanji81E6BecauseTex,UI_2D,dedicated UI texture group 'kanji',HIGH
gMsgKanji81E7IntegralTex,UI_2D,dedicated UI texture group 'kanji',HIGH
gMsgKanji81E8DoubleIntegralTex,UI_2D,dedicated UI texture group 'kanji',HIGH
gMsgKanji81F0EmptyTex,UI_2D,dedicated UI texture group 'kanji',HIGH
gMsgKanji81F1EmptyTex,UI_2D,dedicated UI texture group 'kanji',HIGH
gMsgKanji81F2EmptyTex,UI_2D,dedicated UI texture group 'kanji',HIGH
gMsgKanji81F3EmptyTex,UI_2D,dedicated UI texture group 'kanji',HIGH
gMsgKanji81F4EmptyTex,UI_2D,dedicated UI texture group 'kanji',HIGH
gMsgKanji81F5EmptyTex,UI_2D,dedicated UI texture group 'kanji',HIGH
gMsgKanji81F6EmptyTex,UI_2D,dedicated UI texture group 'kanji',HIGH
gMsgKanji81F7EmptyTex,UI_2D,dedicated UI texture group 'kanji',HIGH
gMsgKanji81FCEmptyTex,UI_2D,dedicated UI texture group 'kanji',HIGH
gMsgKanji824FZeroTex,UI_2D,dedicated UI texture group 'kanji',HIGH
gMsgKanji8250OneTex,UI_2D,dedicated UI texture group 'kanji',HIGH
gMsgKanji8251TwoTex,UI_2D,dedicated UI texture group 'kanji',HIGH
gMsgKanji8252ThreeTex,UI_2D,dedicated UI texture group 'kanji',HIGH
gMsgKanji8253FourTex,UI_2D,dedicated UI texture group 'kanji',HIGH
gMsgKanji8254FiveTex,UI_2D,dedicated UI texture group 'kanji',HIGH
gMsgKanji8255SixTex,UI_2D,dedicated UI texture group 'kanji',HIGH
gMsgKanji8256SevenTex,UI_2D,dedicated UI texture group 'kanji',HIGH
gMsgKanji8257EightTex,UI_2D,dedicated UI texture group 'kanji',HIGH
gMsgKanji8258NineTex,UI_2D,dedicated UI texture group 'kanji',HIGH
gMsgKanji8260CapitalATex,UI_2D,dedicated UI texture group 'kanji',HIGH
gMsgKanji8261CapitalBTex,UI_2D,dedicated UI texture group 'kanji',HIGH
gMsgKanji8262CapitalCTex,UI_2D,dedicated UI texture group 'kanji',HIGH
gMsgKanji8263CapitalDTex,UI_2D,dedicated UI texture group 'kanji',HIGH
gMsgKanji8264CapitalETex,UI_2D,dedicated UI texture group 'kanji',HIGH
gMsgKanji8265CapitalFTex,UI_2D,dedicated UI texture group 'kanji',HIGH
gMsgKanji8266CapitalGTex,UI_2D,dedicated UI texture group 'kanji',HIGH
gMsgKanji8267CapitalHTex,UI_2D,dedicated UI texture group 'kanji',HIGH
gMsgKanji8268CapitalITex,UI_2D,dedicated UI texture group 'kanji',HIGH
gMsgKanji8269CapitalJTex,UI_2D,dedicated UI texture group 'kanji',HIGH
gMsgKanji826ACapitalKTex,UI_2D,dedicated UI texture group 'kanji',HIGH
gMsgKanji826BCapitalLTex,UI_2D,dedicated UI texture group 'kanji',HIGH
gMsgKanji826CCapitalMTex,UI_2D,dedicated UI texture group 'kanji',HIGH
gMsgKanji826DCapitalNTex,UI_2D,dedicated UI texture group 'kanji',HIGH
gMsgKanji826ECapitalOTex,UI_2D,dedicated UI texture group 'kanji',HIGH
gMsgKanji826FCapitalPTex,UI_2D,dedicated UI texture group 'kanji',HIGH
gMsgKanji8270CapitalQTex,UI_2D,dedicated UI texture group 'kanji',HIGH
gMsgKanji8271CapitalRTex,UI_2D,dedicated UI texture group 'kanji',HIGH
gMsgKanji8272CapitalSTex,UI_2D,dedicated UI texture group 'kanji',HIGH
gMsgKanji8273CapitalTTex,UI_2D,dedicated UI texture group 'kanji',HIGH
gMsgKanji8274CapitalUTex,UI_2D,dedicated UI texture group 'kanji',HIGH
gMsgKanji8275CapitalVTex,UI_2D,dedicated UI texture group 'kanji',HIGH
gMsgKanji8276CapitalWTex,UI_2D,dedicated UI texture group 'kanji',HIGH
gMsgKanji8277CapitalXTex,UI_2D,dedicated UI texture group 'kanji',HIGH
gMsgKanji8278CapitalYTex,UI_2D,dedicated UI texture group 'kanji',HIGH
gMsgKanji8279CapitalZTex,UI_2D,dedicated UI texture group 'kanji',HIGH
gMsgKanji8281LowercaseATex,UI_2D,dedicated UI texture group 'kanji',HIGH
gMsgKanji8282LowercaseBTex,UI_2D,dedicated UI texture group 'kanji',HIGH
gMsgKanji8283LowercaseCTex,UI_2D,dedicated UI texture group 'kanji',HIGH
gMsgKanji8284LowercaseDTex,UI_2D,dedicated UI texture group 'kanji',HIGH
gMsgKanji8285LowercaseETex,UI_2D,dedicated UI texture group 'kanji',HIGH
gMsgKanji8286LowercaseFTex,UI_2D,dedicated UI texture group 'kanji',HIGH
gMsgKanji8287LowercaseGTex,UI_2D,dedicated UI texture group 'kanji',HIGH
gMsgKanji8288LowercaseHTex,UI_2D,dedicated UI texture group 'kanji',HIGH
gMsgKanji8289LowercaseITex,UI_2D,dedicated UI texture group 'kanji',HIGH
gMsgKanji828ALowercaseJTex,UI_2D,dedicated UI texture group 'kanji',HIGH
gMsgKanji828BLowercaseKTex,UI_2D,dedicated UI texture group 'kanji',HIGH
gMsgKanji828CLowercaseLTex,UI_2D,dedicated UI texture group 'kanji',HIGH
gMsgKanji828DLowercaseMTex,UI_2D,dedicated UI texture group 'kanji',HIGH
gMsgKanji828ELowercaseNTex,UI_2D,dedicated UI texture group 'kanji',HIGH
gMsgKanji828FLowercaseOTex,UI_2D,dedicated UI texture group 'kanji',HIGH
gMsgKanji8290LowercasePTex,UI_2D,dedicated UI texture group 'kanji',HIGH
gMsgKanji8291LowercaseQTex,UI_2D,dedicated UI texture group 'kanji',HIGH
gMsgKanji8292LowercaseRTex,UI_2D,dedicated UI texture group 'kanji',HIGH
gMsgKanji8293LowercaseSTex,UI_2D,dedicated UI texture group 'kanji',HIGH
gMsgKanji8294LowercaseTTex,UI_2D,dedicated UI texture group 'kanji',HIGH
gMsgKanji8295LowercaseUTex,UI_2D,dedicated UI texture group 'kanji',HIGH
gMsgKanji8296LowercaseVTex,UI_2D,dedicated UI texture group 'kanji',HIGH
gMsgKanji8297LowercaseWTex,UI_2D,dedicated UI texture group 'kanji',HIGH
gMsgKanji8298LowercaseXTex,UI_2D,dedicated UI texture group 'kanji',HIGH
gMsgKanji8299LowercaseYTex,UI_2D,dedicated UI texture group 'kanji',HIGH
gMsgKanji829ALowercaseZTex,UI_2D,dedicated UI texture group 'kanji',HIGH
gMsgKanji829FHiraganaSmallATex,UI_2D,dedicated UI texture group 'kanji',HIGH
gMsgKanji82A0HiraganaATex,UI_2D,dedicated UI texture group 'kanji',HIGH
gMsgKanji82A1HiraganaSmallITex,UI_2D,dedicated UI texture group 'kanji',HIGH
gMsgKanji82A2HiraganaITex,UI_2D,dedicated UI texture group 'kanji',HIGH
gMsgKanji82A3HiraganaSmallUTex,UI_2D,dedicated UI texture group 'kanji',HIGH
gMsgKanji82A4HiraganaUTex,UI_2D,dedicated UI texture group 'kanji',HIGH
gMsgKanji82A5HiraganaSmallETex,UI_2D,dedicated UI texture group 'kanji',HIGH
gMsgKanji82A6HiraganaETex,UI_2D,dedicated UI texture group 'kanji',HIGH
gMsgKanji82A7HiraganaSmallOTex,UI_2D,dedicated UI texture group 'kanji',HIGH
gMsgKanji82A8HiraganaOTex,UI_2D,dedicated UI texture group 'kanji',HIGH
gMsgKanji82A9HiraganaKaTex,UI_2D,dedicated UI texture group 'kanji',HIGH
gMsgKanji82AAHiraganaGaTex,UI_2D,dedicated UI texture group 'kanji',HIGH
gMsgKanji82ABHiraganaKiTex,UI_2D,dedicated UI texture group 'kanji',HIGH
gMsgKanji82ACHiraganaGiTex,UI_2D,dedicated UI texture group 'kanji',HIGH
gMsgKanji82ADHiraganaKuTex,UI_2D,dedicated UI texture group 'kanji',HIGH
gMsgKanji82AEHiraganaGuTex,UI_2D,dedicated UI texture group 'kanji',HIGH
gMsgKanji82AFHiraganaKeTex,UI_2D,dedicated UI texture group 'kanji',HIGH
gMsgKanji82B0HiraganaGeTex,UI_2D,dedicated UI texture group 'kanji',HIGH
gMsgKanji82B1HiraganaKoTex,UI_2D,dedicated UI texture group 'kanji',HIGH
gMsgKanji82B2HiraganaGoTex,UI_2D,dedicated UI texture group 'kanji',HIGH
gMsgKanji82B3HiraganaSaTex,UI_2D,dedicated UI texture group 'kanji',HIGH
gMsgKanji82B4HiraganaZaTex,UI_2D,dedicated UI texture group 'kanji',HIGH
gMsgKanji82B5HiraganaShiTex,UI_2D,dedicated UI texture group 'kanji',HIGH
gMsgKanji82B6HiraganaJiTex,UI_2D,dedicated UI texture group 'kanji',HIGH
gMsgKanji82B7HiraganaSuTex,UI_2D,dedicated UI texture group 'kanji',HIGH
gMsgKanji82B8HiraganaZuTex,UI_2D,dedicated UI texture group 'kanji',HIGH
gMsgKanji82B9HiraganaSeTex,UI_2D,dedicated UI texture group 'kanji',HIGH
gMsgKanji82BAHiraganaZeTex,UI_2D,dedicated UI texture group 'kanji',HIGH
gMsgKanji82BBHiraganaSoTex,UI_2D,dedicated UI texture group 'kanji',HIGH
gMsgKanji82BCHiraganaZoTex,UI_2D,dedicated UI texture group 'kanji',HIGH
gMsgKanji82BDHiraganaTaTex,UI_2D,dedicated UI texture group 'kanji',HIGH
gMsgKanji82BEHiraganaDaTex,UI_2D,dedicated UI texture group 'kanji',HIGH
gMsgKanji82BFHiraganaChiTex,UI_2D,dedicated UI texture group 'kanji',HIGH
gMsgKanji82C0HiraganaDiTex,UI_2D,dedicated UI texture group 'kanji',HIGH
gMsgKanji82C1HiraganaSmallTsuTex,UI_2D,dedicated UI texture group 'kanji',HIGH
gMsgKanji82C2HiraganaTsuTex,UI_2D,dedicated UI texture group 'kanji',HIGH
gMsgKanji82C3HiraganaDuTex,UI_2D,dedicated UI texture group 'kanji',HIGH
gMsgKanji82C4HiraganaTeTex,UI_2D,dedicated UI texture group 'kanji',HIGH
gMsgKanji82C5HiraganaDeTex,UI_2D,dedicated UI texture group 'kanji',HIGH
gMsgKanji82C6HiraganaToTex,UI_2D,dedicated UI texture group 'kanji',HIGH
gMsgKanji82C7HiraganaDoTex,UI_2D,dedicated UI texture group 'kanji',HIGH
gMsgKanji82C8HiraganaNaTex,UI_2D,dedicated UI texture group 'kanji',HIGH
gMsgKanji82C9HiraganaNiTex,UI_2D,dedicated UI texture group 'kanji',HIGH
gMsgKanji82CAHiraganaNuTex,UI_2D,dedicated UI texture group 'kanji',HIGH
gMsgKanji82CBHiraganaNeTex,UI_2D,dedicated UI texture group 'kanji',HIGH
gMsgKanji82CCHiraganaNoTex,UI_2D,dedicated UI texture group 'kanji',HIGH
gMsgKanji82CDHiraganaHaTex,UI_2D,dedicated UI texture group 'kanji',HIGH
gMsgKanji82CEHiraganaBaTex,UI_2D,dedicated UI texture group 'kanji',HIGH
gMsgKanji82CFHiraganaPaTex,UI_2D,dedicated UI texture group 'kanji',HIGH
gMsgKanji82D0HiraganaHiTex,UI_2D,dedicated UI texture group 'kanji',HIGH
gMsgKanji82D1HiraganaBiTex,UI_2D,dedicated UI texture group 'kanji',HIGH
gMsgKanji82D2HiraganaPiTex,UI_2D,dedicated UI texture group 'kanji',HIGH
gMsgKanji82D3HiraganaFuTex,UI_2D,dedicated UI texture group 'kanji',HIGH
gMsgKanji82D4HiraganaBuTex,UI_2D,dedicated UI texture group 'kanji',HIGH
gMsgKanji82D5HiraganaPuTex,UI_2D,dedicated UI texture group 'kanji',HIGH
gMsgKanji82D6HiraganaHeTex,UI_2D,dedicated UI texture group 'kanji',HIGH
gMsgKanji82D7HiraganaBeTex,UI_2D,dedicated UI texture group 'kanji',HIGH
gMsgKanji82D8HiraganaPeTex,UI_2D,dedicated UI texture group 'kanji',HIGH
gMsgKanji82D9HiraganaHoTex,UI_2D,dedicated UI texture group 'kanji',HIGH
gMsgKanji82DAHiraganaBoTex,UI_2D,dedicated UI texture group 'kanji',HIGH
gMsgKanji82DBHiraganaPoTex,UI_2D,dedicated UI texture group 'kanji',HIGH
gMsgKanji82DCHiraganaMaTex,UI_2D,dedicated UI texture group 'kanji',HIGH
gMsgKanji82DDHiraganaMiTex,UI_2D,dedicated UI texture group 'kanji',HIGH
gMsgKanji82DEHiraganaMuTex,UI_2D,dedicated UI texture group 'kanji',HIGH
gMsgKanji82DFHiraganaMeTex,UI_2D,dedicated UI texture group 'kanji',HIGH
gMsgKanji82E0HiraganaMoTex,UI_2D,dedicated UI texture group 'kanji',HIGH
gMsgKanji82E1HiraganaSmallYaTex,UI_2D,dedicated UI texture group 'kanji',HIGH
gMsgKanji82E2HiraganaYaTex,UI_2D,dedicated UI texture group 'kanji',HIGH
gMsgKanji82E3HiraganaSmallYuTex,UI_2D,dedicated UI texture group 'kanji',HIGH
gMsgKanji82E4HiraganaYuTex,UI_2D,dedicated UI texture group 'kanji',HIGH
gMsgKanji82E5HiraganaSmallYoTex,UI_2D,dedicated UI texture group 'kanji',HIGH
gMsgKanji82E6HiraganaYoTex,UI_2D,dedicated UI texture group 'kanji',HIGH
gMsgKanji82E7HiraganaRaTex,UI_2D,dedicated UI texture group 'kanji',HIGH
gMsgKanji82E8HiraganaRiTex,UI_2D,dedicated UI texture group 'kanji',HIGH
gMsgKanji82E9HiraganaRuTex,UI_2D,dedicated UI texture group 'kanji',HIGH
gMsgKanji82EAHiraganaReTex,UI_2D,dedicated UI texture group 'kanji',HIGH
gMsgKanji82EBHiraganaRoTex,UI_2D,dedicated UI texture group 'kanji',HIGH
gMsgKanji82ECHiraganaSmallWaTex,UI_2D,dedicated UI texture group 'kanji',HIGH
gMsgKanji82EDHiraganaWaTex,UI_2D,dedicated UI texture group 'kanji',HIGH
gMsgKanji82EEHiraganaWiTex,UI_2D,dedicated UI texture group 'kanji',HIGH
gMsgKanji82EFHiraganaWeTex,UI_2D,dedicated UI texture group 'kanji',HIGH
gMsgKanji82F0HiraganaWoTex,UI_2D,dedicated UI texture group 'kanji',HIGH
gMsgKanji82F1HiraganaNTex,UI_2D,dedicated UI texture group 'kanji',HIGH
gMsgKanji82F2EmptyTex,UI_2D,dedicated UI texture group 'kanji',HIGH
gMsgKanji8340KatakanaSmallATex,UI_2D,dedicated UI texture group 'kanji',HIGH
gMsgKanji8341KatakanaATex,UI_2D,dedicated UI texture group 'kanji',HIGH
gMsgKanji8342KatakanaSmallITex,UI_2D,dedicated UI texture group 'kanji',HIGH
gMsgKanji8343KatakanaITex,UI_2D,dedicated UI texture group 'kanji',HIGH
gMsgKanji8344KatakanaSmallUTex,UI_2D,dedicated UI texture group 'kanji',HIGH
gMsgKanji8345KatakanaUTex,UI_2D,dedicated UI texture group 'kanji',HIGH
gMsgKanji8346KatakanaSmallETex,UI_2D,dedicated UI texture group 'kanji',HIGH
gMsgKanji8347KatakanaETex,UI_2D,dedicated UI texture group 'kanji',HIGH
gMsgKanji8348KatakanaSmallOTex,UI_2D,dedicated UI texture group 'kanji',HIGH
gMsgKanji8349KatakanaOTex,UI_2D,dedicated UI texture group 'kanji',HIGH
gMsgKanji834AKatakanaKaTex,UI_2D,dedicated UI texture group 'kanji',HIGH
gMsgKanji834BKatakanaGaTex,UI_2D,dedicated UI texture group 'kanji',HIGH
gMsgKanji834CKatakanaKiTex,UI_2D,dedicated UI texture group 'kanji',HIGH
gMsgKanji834DKatakanaGiTex,UI_2D,dedicated UI texture group 'kanji',HIGH
gMsgKanji834EKatakanaKuTex,UI_2D,dedicated UI texture group 'kanji',HIGH
gMsgKanji834FKatakanaGuTex,UI_2D,dedicated UI texture group 'kanji',HIGH
gMsgKanji8350KatakanaKeTex,UI_2D,dedicated UI texture group 'kanji',HIGH
gMsgKanji8351KatakanaGeTex,UI_2D,dedicated UI texture group 'kanji',HIGH
gMsgKanji8352KatakanaKoTex,UI_2D,dedicated UI texture group 'kanji',HIGH
gMsgKanji8353KatakanaGoTex,UI_2D,dedicated UI texture group 'kanji',HIGH
gMsgKanji8354KatakanaSaTex,UI_2D,dedicated UI texture group 'kanji',HIGH
gMsgKanji8355KatakanaZaTex,UI_2D,dedicated UI texture group 'kanji',HIGH
gMsgKanji8356KatakanaShiTex,UI_2D,dedicated UI texture group 'kanji',HIGH
gMsgKanji8357KatakanaJiTex,UI_2D,dedicated UI texture group 'kanji',HIGH
gMsgKanji8358KatakanaSuTex,UI_2D,dedicated UI texture group 'kanji',HIGH
gMsgKanji8359KatakanaZuTex,UI_2D,dedicated UI texture group 'kanji',HIGH
gMsgKanji835AKatakanaSeTex,UI_2D,dedicated UI texture group 'kanji',HIGH
gMsgKanji835BKatakanaZeTex,UI_2D,dedicated UI texture group 'kanji',HIGH
gMsgKanji835CKatakanaSoTex,UI_2D,dedicated UI texture group 'kanji',HIGH
gMsgKanji835DKatakanaZoTex,UI_2D,dedicated UI texture group 'kanji',HIGH
gMsgKanji835EKatakanaTaTex,UI_2D,dedicated UI texture group 'kanji',HIGH
gMsgKanji835FKatakanaDaTex,UI_2D,dedicated UI texture group 'kanji',HIGH
gMsgKanji8360KatakanaChiTex,UI_2D,dedicated UI texture group 'kanji',HIGH
gMsgKanji8361KatakanaDiTex,UI_2D,dedicated UI texture group 'kanji',HIGH
gMsgKanji8362KatakanaSmallTsuTex,UI_2D,dedicated UI texture group 'kanji',HIGH
gMsgKanji8363KatakanaTsuTex,UI_2D,dedicated UI texture group 'kanji',HIGH
gMsgKanji8364KatakanaDuTex,UI_2D,dedicated UI texture group 'kanji',HIGH
gMsgKanji8365KatakanaTeTex,UI_2D,dedicated UI texture group 'kanji',HIGH
gMsgKanji8366KatakanaDeTex,UI_2D,dedicated UI texture group 'kanji',HIGH
gMsgKanji8367KatakanaToTex,UI_2D,dedicated UI texture group 'kanji',HIGH
gMsgKanji8368KatakanaDoTex,UI_2D,dedicated UI texture group 'kanji',HIGH
gMsgKanji8369KatakanaNaTex,UI_2D,dedicated UI texture group 'kanji',HIGH
gMsgKanji836AKatakanaNiTex,UI_2D,dedicated UI texture group 'kanji',HIGH
gMsgKanji836BKatakanaNuTex,UI_2D,dedicated UI texture group 'kanji',HIGH
gMsgKanji836CKatakanaNeTex,UI_2D,dedicated UI texture group 'kanji',HIGH
gMsgKanji836DKatakanaNoTex,UI_2D,dedicated UI texture group 'kanji',HIGH
gMsgKanji836EKatakanaHaTex,UI_2D,dedicated UI texture group 'kanji',HIGH
gMsgKanji836FKatakanaBaTex,UI_2D,dedicated UI texture group 'kanji',HIGH
gMsgKanji8370KatakanaPaTex,UI_2D,dedicated UI texture group 'kanji',HIGH
gMsgKanji8371KatakanaHiTex,UI_2D,dedicated UI texture group 'kanji',HIGH
gMsgKanji8372KatakanaBiTex,UI_2D,dedicated UI texture group 'kanji',HIGH
gMsgKanji8373KatakanaPiTex,UI_2D,dedicated UI texture group 'kanji',HIGH
gMsgKanji8374KatakanaFuTex,UI_2D,dedicated UI texture group 'kanji',HIGH
gMsgKanji8375KatakanaBuTex,UI_2D,dedicated UI texture group 'kanji',HIGH
gMsgKanji8376KatakanaPuTex,UI_2D,dedicated UI texture group 'kanji',HIGH
gMsgKanji8377KatakanaHeTex,UI_2D,dedicated UI texture group 'kanji',HIGH
gMsgKanji8378KatakanaBeTex,UI_2D,dedicated UI texture group 'kanji',HIGH
gMsgKanji8379KatakanaPeTex,UI_2D,dedicated UI texture group 'kanji',HIGH
gMsgKanji837AKatakanaHoTex,UI_2D,dedicated UI texture group 'kanji',HIGH
gMsgKanji837BKatakanaBoTex,UI_2D,dedicated UI texture group 'kanji',HIGH
gMsgKanji837CKatakanaPoTex,UI_2D,dedicated UI texture group 'kanji',HIGH
gMsgKanji837DKatakanaMaTex,UI_2D,dedicated UI texture group 'kanji',HIGH
gMsgKanji837EKatakanaMiTex,UI_2D,dedicated UI texture group 'kanji',HIGH
gMsgKanji8380KatakanaMuTex,UI_2D,dedicated UI texture group 'kanji',HIGH
gMsgKanji8381KatakanaMeTex,UI_2D,dedicated UI texture group 'kanji',HIGH
gMsgKanji8382KatakanaMoTex,UI_2D,dedicated UI texture group 'kanji',HIGH
gMsgKanji8383KatakanaSmallYaTex,UI_2D,dedicated UI texture group 'kanji',HIGH
gMsgKanji8384KatakanaYaTex,UI_2D,dedicated UI texture group 'kanji',HIGH
gMsgKanji8385KatakanaSmallYuTex,UI_2D,dedicated UI texture group 'kanji',HIGH
gMsgKanji8386KatakanaYuTex,UI_2D,dedicated UI texture group 'kanji',HIGH
gMsgKanji8387KatakanaSmallYoTex,UI_2D,dedicated UI texture group 'kanji',HIGH
gMsgKanji8388KatakanaYoTex,UI_2D,dedicated UI texture group 'kanji',HIGH
gMsgKanji8389KatakanaRaTex,UI_2D,dedicated UI texture group 'kanji',HIGH
gMsgKanji838AKatakanaRiTex,UI_2D,dedicated UI texture group 'kanji',HIGH
gMsgKanji838BKatakanaRuTex,UI_2D,dedicated UI texture group 'kanji',HIGH
gMsgKanji838CKatakanaReTex,UI_2D,dedicated UI texture group 'kanji',HIGH
gMsgKanji838DKatakanaRoTex,UI_2D,dedicated UI texture group 'kanji',HIGH
gMsgKanji838EKatakanaSmallWaTex,UI_2D,dedicated UI texture group 'kanji',HIGH
gMsgKanji838FKatakanaWaTex,UI_2D,dedicated UI texture group 'kanji',HIGH
gMsgKanji8390KatakanaWiTex,UI_2D,dedicated UI texture group 'kanji',HIGH
gMsgKanji8391KatakanaWeTex,UI_2D,dedicated UI texture group 'kanji',HIGH
gMsgKanji8392KatakanaWoTex,UI_2D,dedicated UI texture group 'kanji',HIGH
gMsgKanji8393KatakanaNTex,UI_2D,dedicated UI texture group 'kanji',HIGH
gMsgKanji8394KatakanaVuTex,UI_2D,dedicated UI texture group 'kanji',HIGH
gMsgKanji8395KatakanaSmallKaTex,UI_2D,dedicated UI texture group 'kanji',HIGH
gMsgKanji8396KatakanaSmallKeTex,UI_2D,dedicated UI texture group 'kanji',HIGH
gMsgKanji839FButtonATex,UI_2D,dedicated UI texture group 'kanji',HIGH
gMsgKanji83A0ButtonBTex,UI_2D,dedicated UI texture group 'kanji',HIGH
gMsgKanji83A1ButtonCTex,UI_2D,dedicated UI texture group 'kanji',HIGH
gMsgKanji83A2ButtonLTex,UI_2D,dedicated UI texture group 'kanji',HIGH
gMsgKanji83A3ButtonRTex,UI_2D,dedicated UI texture group 'kanji',HIGH
gMsgKanji83A4ButtonZTex,UI_2D,dedicated UI texture group 'kanji',HIGH
gMsgKanji83A5ButtonCUpTex,UI_2D,dedicated UI texture group 'kanji',HIGH
gMsgKanji83A6ButtonCDownTex,UI_2D,dedicated UI texture group 'kanji',HIGH
gMsgKanji83A7ButtonCLeftTex,UI_2D,dedicated UI texture group 'kanji',HIGH
gMsgKanji83A8ButtonCRightTex,UI_2D,dedicated UI texture group 'kanji',HIGH
gMsgKanji83A9ZTargetSignTex,UI_2D,dedicated UI texture group 'kanji',HIGH
gMsgKanji83AAControlStickTex,UI_2D,dedicated UI texture group 'kanji',HIGH
gMsgKanji83ABGreekCapitalNuTex,UI_2D,dedicated UI texture group 'kanji',HIGH
gMsgKanji83ACGreekCapitalXiTex,UI_2D,dedicated UI texture group 'kanji',HIGH
gMsgKanji83ADGreekCapitalOmicronTex,UI_2D,dedicated UI texture group 'kanji',HIGH
gMsgKanji83AEGreekCapitalPiTex,UI_2D,dedicated UI texture group 'kanji',HIGH
gMsgKanji83AFGreekCapitalRhoTex,UI_2D,dedicated UI texture group 'kanji',HIGH
gMsgKanji83B0GreekCapitalSigmaTex,UI_2D,dedicated UI texture group 'kanji',HIGH
gMsgKanji83B1GreekCapitalTauTex,UI_2D,dedicated UI texture group 'kanji',HIGH
gMsgKanji83B2GreekCapitalUpsilonTex,UI_2D,dedicated UI texture group 'kanji',HIGH
gMsgKanji83B3GreekCapitalPhiTex,UI_2D,dedicated UI texture group 'kanji',HIGH
gMsgKanji83B4GreekCapitalChiTex,UI_2D,dedicated UI texture group 'kanji',HIGH
gMsgKanji83B5GreekCapitalPsiTex,UI_2D,dedicated UI texture group 'kanji',HIGH
gMsgKanji83B6GreekCapitalOmegaTex,UI_2D,dedicated UI texture group 'kanji',HIGH
gMsgKanji83BFGreekLowercaseAlphaTex,UI_2D,dedicated UI texture group 'kanji',HIGH
gMsgKanji83C0GreekLowercaseBetaTex,UI_2D,dedicated UI texture group 'kanji',HIGH
gMsgKanji83C1GreekLowercaseGammaTex,UI_2D,dedicated UI texture group 'kanji',HIGH
gMsgKanji83C2GreekLowercaseDeltaTex,UI_2D,dedicated UI texture group 'kanji',HIGH
gMsgKanji83C3GreekLowercaseEpsilonTex,UI_2D,dedicated UI texture group 'kanji',HIGH
gMsgKanji83C4GreekLowercaseZetaTex,UI_2D,dedicated UI texture group 'kanji',HIGH
gMsgKanji83C5GreekLowercaseEtaTex,UI_2D,dedicated UI texture group 'kanji',HIGH
gMsgKanji83C6GreekLowercaseThetaTex,UI_2D,dedicated UI texture group 'kanji',HIGH
gMsgKanji83C7GreekLowercaseIotaTex,UI_2D,dedicated UI texture group 'kanji',HIGH
gMsgKanji83C8GreekLowercaseKappaTex,UI_2D,dedicated UI texture group 'kanji',HIGH
gMsgKanji83C9GreekLowercaseLamdaTex,UI_2D,dedicated UI texture group 'kanji',HIGH
gMsgKanji83CAGreekLowercaseMuTex,UI_2D,dedicated UI texture group 'kanji',HIGH
gMsgKanji83CBGreekLowercaseNuTex,UI_2D,dedicated UI texture group 'kanji',HIGH
gMsgKanji83CCGreekLowercaseXiTex,UI_2D,dedicated UI texture group 'kanji',HIGH
gMsgKanji83CDGreekLowercaseOmicronTex,UI_2D,dedicated UI texture group 'kanji',HIGH
gMsgKanji83CEGreekLowercasePiTex,UI_2D,dedicated UI texture group 'kanji',HIGH
gMsgKanji83CFGreekLowercaseRhoTex,UI_2D,dedicated UI texture group 'kanji',HIGH
gMsgKanji83D0GreekLowercaseSigmaTex,UI_2D,dedicated UI texture group 'kanji',HIGH
gMsgKanji83D1GreekLowercaseTauTex,UI_2D,dedicated UI texture group 'kanji',HIGH
gMsgKanji83D2GreekLowercaseUpsilonTex,UI_2D,dedicated UI texture group 'kanji',HIGH
gMsgKanji83D3GreekLowercasePhiTex,UI_2D,dedicated UI texture group 'kanji',HIGH
gMsgKanji83D4GreekLowercaseChiTex,UI_2D,dedicated UI texture group 'kanji',HIGH
gMsgKanji83D5GreekLowercasePsiTex,UI_2D,dedicated UI texture group 'kanji',HIGH
gMsgKanji83D6GreekLowercaseOmegaTex,UI_2D,dedicated UI texture group 'kanji',HIGH
gMsgKanji83D7EmptyTex,UI_2D,dedicated UI texture group 'kanji',HIGH
gMsgKanji8440HylianATex,UI_2D,dedicated UI texture group 'kanji',HIGH
gMsgKanji8441HylianITex,UI_2D,dedicated UI texture group 'kanji',HIGH
gMsgKanji8442HylianUTex,UI_2D,dedicated UI texture group 'kanji',HIGH
gMsgKanji8443HylianETex,UI_2D,dedicated UI texture group 'kanji',HIGH
gMsgKanji8444HylianOTex,UI_2D,dedicated UI texture group 'kanji',HIGH
gMsgKanji8445HylianKaTex,UI_2D,dedicated UI texture group 'kanji',HIGH
gMsgKanji8446HylianKiTex,UI_2D,dedicated UI texture group 'kanji',HIGH
gMsgKanji8447HylianKuTex,UI_2D,dedicated UI texture group 'kanji',HIGH
gMsgKanji8448HylianKeTex,UI_2D,dedicated UI texture group 'kanji',HIGH
gMsgKanji8449HylianKoTex,UI_2D,dedicated UI texture group 'kanji',HIGH
gMsgKanji844AHylianSaTex,UI_2D,dedicated UI texture group 'kanji',HIGH
gMsgKanji844BHylianShiTex,UI_2D,dedicated UI texture group 'kanji',HIGH
gMsgKanji844CHylianSuTex,UI_2D,dedicated UI texture group 'kanji',HIGH
gMsgKanji844DHylianSeTex,UI_2D,dedicated UI texture group 'kanji',HIGH
gMsgKanji844EHylianSoTex,UI_2D,dedicated UI texture group 'kanji',HIGH
gMsgKanji844FHylianTaTex,UI_2D,dedicated UI texture group 'kanji',HIGH
gMsgKanji8450HylianChiTex,UI_2D,dedicated UI texture group 'kanji',HIGH
gMsgKanji8451HylianTsuTex,UI_2D,dedicated UI texture group 'kanji',HIGH
gMsgKanji8452HylianTeTex,UI_2D,dedicated UI texture group 'kanji',HIGH
gMsgKanji8453HylianToTex,UI_2D,dedicated UI texture group 'kanji',HIGH
gMsgKanji8454HylianNaTex,UI_2D,dedicated UI texture group 'kanji',HIGH
gMsgKanji8455HylianNiTex,UI_2D,dedicated UI texture group 'kanji',HIGH
gMsgKanji8456HylianNuTex,UI_2D,dedicated UI texture group 'kanji',HIGH
gMsgKanji8457HylianNeTex,UI_2D,dedicated UI texture group 'kanji',HIGH
gMsgKanji8458HylianNoTex,UI_2D,dedicated UI texture group 'kanji',HIGH
gMsgKanji8459HylianHaTex,UI_2D,dedicated UI texture group 'kanji',HIGH
gMsgKanji845AHylianHiTex,UI_2D,dedicated UI texture group 'kanji',HIGH
gMsgKanji845BHylianFuTex,UI_2D,dedicated UI texture group 'kanji',HIGH
gMsgKanji845CHylianHeTex,UI_2D,dedicated UI texture group 'kanji',HIGH
gMsgKanji845DHylianHoTex,UI_2D,dedicated UI texture group 'kanji',HIGH
gMsgKanji845EHylianMaTex,UI_2D,dedicated UI texture group 'kanji',HIGH
gMsgKanji845FHylianMiTex,UI_2D,dedicated UI texture group 'kanji',HIGH
gMsgKanji8460HylianMuTex,UI_2D,dedicated UI texture group 'kanji',HIGH
gMsgKanji8470HylianMeTex,UI_2D,dedicated UI texture group 'kanji',HIGH
gMsgKanji8471HylianMoTex,UI_2D,dedicated UI texture group 'kanji',HIGH
gMsgKanji8472HylianYaTex,UI_2D,dedicated UI texture group 'kanji',HIGH
gMsgKanji8473HylianYuTex,UI_2D,dedicated UI texture group 'kanji',HIGH
gMsgKanji8474HylianYoTex,UI_2D,dedicated UI texture group 'kanji',HIGH
gMsgKanji8475HylianRaTex,UI_2D,dedicated UI texture group 'kanji',HIGH
gMsgKanji8476HylianRiTex,UI_2D,dedicated UI texture group 'kanji',HIGH
gMsgKanji8477HylianRuTex,UI_2D,dedicated UI texture group 'kanji',HIGH
gMsgKanji8478HylianReTex,UI_2D,dedicated UI texture group 'kanji',HIGH
gMsgKanji8479HylianRoTex,UI_2D,dedicated UI texture group 'kanji',HIGH
gMsgKanji847AHylianWaTex,UI_2D,dedicated UI texture group 'kanji',HIGH
gMsgKanji847BHylianWoTex,UI_2D,dedicated UI texture group 'kanji',HIGH
gMsgKanji847CHylianNTex,UI_2D,dedicated UI texture group 'kanji',HIGH
gMsgKanji847DHylianToutenTex,UI_2D,dedicated UI texture group 'kanji',HIGH
gMsgKanji847EHylianKutenTex,UI_2D,dedicated UI texture group 'kanji',HIGH
gMsgKanji8480CyrillicLowercaseOTex,UI_2D,dedicated UI texture group 'kanji',HIGH
gMsgKanji8481CyrillicLowercasePeTex,UI_2D,dedicated UI texture group 'kanji',HIGH
gMsgKanji8482CyrillicLowercaseErTex,UI_2D,dedicated UI texture group 'kanji',HIGH
gMsgKanji8483CyrillicLowercaseEsTex,UI_2D,dedicated UI texture group 'kanji',HIGH
gMsgKanji8484CyrillicLowercaseTeTex,UI_2D,dedicated UI texture group 'kanji',HIGH
gMsgKanji8485CyrillicLowercaseUTex,UI_2D,dedicated UI texture group 'kanji',HIGH
gMsgKanji8486CyrillicLowercaseEfTex,UI_2D,dedicated UI texture group 'kanji',HIGH
gMsgKanji8487CyrillicLowercaseHaTex,UI_2D,dedicated UI texture group 'kanji',HIGH
gMsgKanji8488CyrillicLowercaseTseTex,UI_2D,dedicated UI texture group 'kanji',HIGH
gMsgKanji8489CyrillicLowercaseCheTex,UI_2D,dedicated UI texture group 'kanji',HIGH
gMsgKanji848ACyrillicLowercaseShaTex,UI_2D,dedicated UI texture group 'kanji',HIGH
gMsgKanji848BCyrillicLowercaseShchaTex,UI_2D,dedicated UI texture group 'kanji',HIGH
gMsgKanji848CCyrillicLowercaseHardSignTex,UI_2D,dedicated UI texture group 'kanji',HIGH
gMsgKanji848DCyrillicLowercaseYeruTex,UI_2D,dedicated UI texture group 'kanji',HIGH
gMsgKanji848ECyrillicLowercaseSoftSignTex,UI_2D,dedicated UI texture group 'kanji',HIGH
gMsgKanji848FCyrillicLowercaseETex,UI_2D,dedicated UI texture group 'kanji',HIGH
gMsgKanji8490CyrillicLowercaseYuTex,UI_2D,dedicated UI texture group 'kanji',HIGH
gMsgKanji8491CyrillicLowercaseYaTex,UI_2D,dedicated UI texture group 'kanji',HIGH
gMsgKanji849FBoxThinHorizontalTex,UI_2D,dedicated UI texture group 'kanji',HIGH
gMsgKanji84A0BoxThinVerticalTex,UI_2D,dedicated UI texture group 'kanji',HIGH
gMsgKanji84A1BoxThinTopLeftTex,UI_2D,dedicated UI texture group 'kanji',HIGH
gMsgKanji84A2BoxThinTopRightTex,UI_2D,dedicated UI texture group 'kanji',HIGH
gMsgKanji84A3BoxThinBottomRightTex,UI_2D,dedicated UI texture group 'kanji',HIGH
gMsgKanji84A4BoxThinBottomLeftTex,UI_2D,dedicated UI texture group 'kanji',HIGH
gMsgKanji84A5BoxThinLeftTex,UI_2D,dedicated UI texture group 'kanji',HIGH
gMsgKanji84A6BoxThinTopTex,UI_2D,dedicated UI texture group 'kanji',HIGH
gMsgKanji84A7BoxThinRightTex,UI_2D,dedicated UI texture group 'kanji',HIGH
gMsgKanji84A8BoxThinBottomTex,UI_2D,dedicated UI texture group 'kanji',HIGH
gMsgKanji84A9BoxThinCenterTex,UI_2D,dedicated UI texture group 'kanji',HIGH
gMsgKanji84AABoxThickHorizontalTex,UI_2D,dedicated UI texture group 'kanji',HIGH
gMsgKanji84ABBoxThickVerticalTex,UI_2D,dedicated UI texture group 'kanji',HIGH
gMsgKanji84ACBoxThickTopLeftTex,UI_2D,dedicated UI texture group 'kanji',HIGH
gMsgKanji84ADBoxThickTopRightTex,UI_2D,dedicated UI texture group 'kanji',HIGH
gMsgKanji84AEBoxThickBottomRightTex,UI_2D,dedicated UI texture group 'kanji',HIGH
gMsgKanji84AFBoxThickBottomLeftTex,UI_2D,dedicated UI texture group 'kanji',HIGH
gMsgKanji84B0BoxThickLeftTex,UI_2D,dedicated UI texture group 'kanji',HIGH
gMsgKanji84B1BoxThickTopTex,UI_2D,dedicated UI texture group 'kanji',HIGH
gMsgKanji84B2BoxThickRightTex,UI_2D,dedicated UI texture group 'kanji',HIGH
gMsgKanji84B3BoxThickBottomTex,UI_2D,dedicated UI texture group 'kanji',HIGH
gMsgKanji84B4BoxThickCenterTex,UI_2D,dedicated UI texture group 'kanji',HIGH
gMsgKanji84B5BoxVertThickHorizThinLeftTex,UI_2D,dedicated UI texture group 'kanji',HIGH
gMsgKanji84B6BoxVertThinHorizThickTopTex,UI_2D,dedicated UI texture group 'kanji',HIGH
gMsgKanji84B7BoxVertThickHorizThinRightTex,UI_2D,dedicated UI texture group 'kanji',HIGH
gMsgKanji84B8BoxVertThinHorizThickBottomTex,UI_2D,dedicated UI texture group 'kanji',HIGH
gMsgKanji84B9BoxVertThinHorizThickCenterTex,UI_2D,dedicated UI texture group 'kanji',HIGH
gMsgKanji84BABoxVertThinHorizThickLeftTex,UI_2D,dedicated UI texture group 'kanji',HIGH
gMsgKanji84BBBoxVertThickHorizThinTopTex,UI_2D,dedicated UI texture group 'kanji',HIGH
gMsgKanji84BCBoxVertThinHorizThickRightTex,UI_2D,dedicated UI texture group 'kanji',HIGH
gMsgKanji84BDBoxVertThickHorizThinBottomTex,UI_2D,dedicated UI texture group 'kanji',HIGH
gMsgKanji84BEBoxVertThickHorizThinCenterTex,UI_2D,dedicated UI texture group 'kanji',HIGH
gMsgKanji84BFEmptyTex,UI_2D,dedicated UI texture group 'kanji',HIGH
gMsgKanji8540HalfwidthExclamationMarkTex,UI_2D,dedicated UI texture group 'kanji',HIGH
gMsgKanji8541HalfwidthQuotationMarkTex,UI_2D,dedicated UI texture group 'kanji',HIGH
gMsgKanji8542HalfwidthNumberSignTex,UI_2D,dedicated UI texture group 'kanji',HIGH
gMsgKanji8543HalfwidthDollarSignTex,UI_2D,dedicated UI texture group 'kanji',HIGH
gMsgKanji8544HalfwidthPercentSignTex,UI_2D,dedicated UI texture group 'kanji',HIGH
gMsgKanji8545HalfwidthAmpersandTex,UI_2D,dedicated UI texture group 'kanji',HIGH
gMsgKanji8546HalfwidthApostropheTex,UI_2D,dedicated UI texture group 'kanji',HIGH
gMsgKanji8547HalfwidthParenthesesLeftTex,UI_2D,dedicated UI texture group 'kanji',HIGH
gMsgKanji8548HalfwidthParenthesesRightTex,UI_2D,dedicated UI texture group 'kanji',HIGH
gMsgKanji8549HalfwidthAsteriskTex,UI_2D,dedicated UI texture group 'kanji',HIGH
gMsgKanji854AHalfwidthPlusSignTex,UI_2D,dedicated UI texture group 'kanji',HIGH
gMsgKanji854BHalfwidthCommaTex,UI_2D,dedicated UI texture group 'kanji',HIGH
gMsgKanji854CHalfwidthHyphenMinusTex,UI_2D,dedicated UI texture group 'kanji',HIGH
gMsgKanji854DHalfwidthPeriodTex,UI_2D,dedicated UI texture group 'kanji',HIGH
gMsgKanji854EHalfwidthSlashTex,UI_2D,dedicated UI texture group 'kanji',HIGH
gMsgKanji854FHalfwidth0Tex,UI_2D,dedicated UI texture group 'kanji',HIGH
gMsgKanji8550Halfwidth1Tex,UI_2D,dedicated UI texture group 'kanji',HIGH
gMsgKanji8551Halfwidth2Tex,UI_2D,dedicated UI texture group 'kanji',HIGH
gMsgKanji8552Halfwidth3Tex,UI_2D,dedicated UI texture group 'kanji',HIGH
gMsgKanji8553Halfwidth4Tex,UI_2D,dedicated UI texture group 'kanji',HIGH
gMsgKanji855EHalfwidthQuestionMarkTex,UI_2D,dedicated UI texture group 'kanji',HIGH
gMsgKanji855FHalfwidthAtSignTex,UI_2D,dedicated UI texture group 'kanji',HIGH
gMsgKanji8560HalfwidthCapitalATex,UI_2D,dedicated UI texture group 'kanji',HIGH
gMsgKanji8561HalfwidthCapitalBTex,UI_2D,dedicated UI texture group 'kanji',HIGH
gMsgKanji8562HalfwidthCapitalCTex,UI_2D,dedicated UI texture group 'kanji',HIGH
gMsgKanji8563HalfwidthCapitalDTex,UI_2D,dedicated UI texture group 'kanji',HIGH
gMsgKanji8564HalfwidthCapitalETex,UI_2D,dedicated UI texture group 'kanji',HIGH
gMsgKanji8565HalfwidthCapitalFTex,UI_2D,dedicated UI texture group 'kanji',HIGH
gMsgKanji8566HalfwidthCapitalGTex,UI_2D,dedicated UI texture group 'kanji',HIGH
gMsgKanji8567HalfwidthCapitalHTex,UI_2D,dedicated UI texture group 'kanji',HIGH
gMsgKanji8568HalfwidthCapitalITex,UI_2D,dedicated UI texture group 'kanji',HIGH
gMsgKanji8569HalfwidthCapitalJTex,UI_2D,dedicated UI texture group 'kanji',HIGH
gMsgKanji856AHalfwidthCapitalKTex,UI_2D,dedicated UI texture group 'kanji',HIGH
gMsgKanji856BHalfwidthCapitalLTex,UI_2D,dedicated UI texture group 'kanji',HIGH
gMsgKanji856CHalfwidthCapitalMTex,UI_2D,dedicated UI texture group 'kanji',HIGH
gMsgKanji856DHalfwidthCapitalNTex,UI_2D,dedicated UI texture group 'kanji',HIGH
gMsgKanji856EHalfwidthCapitalOTex,UI_2D,dedicated UI texture group 'kanji',HIGH
gMsgKanji856FHalfwidthCapitalPTex,UI_2D,dedicated UI texture group 'kanji',HIGH
gMsgKanji8570HalfwidthCapitalQTex,UI_2D,dedicated UI texture group 'kanji',HIGH
gMsgKanji8571HalfwidthCapitalRTex,UI_2D,dedicated UI texture group 'kanji',HIGH
gMsgKanji857CHalfwidthSquareBracketRightTex,UI_2D,dedicated UI texture group 'kanji',HIGH
gMsgKanji857DHalfwidthCircumflexAccentTex,UI_2D,dedicated UI texture group 'kanji',HIGH
gMsgKanji857EEmptyTex,UI_2D,dedicated UI texture group 'kanji',HIGH
gMsgKanji8580HalfwidthGraveAccentTex,UI_2D,dedicated UI texture group 'kanji',HIGH
gMsgKanji8581HalfwidthLowercaseATex,UI_2D,dedicated UI texture group 'kanji',HIGH
gMsgKanji8582HalfwidthLowercaseBTex,UI_2D,dedicated UI texture group 'kanji',HIGH
gMsgKanji8583HalfwidthLowercaseCTex,UI_2D,dedicated UI texture group 'kanji',HIGH
gMsgKanji8584HalfwidthLowercaseDTex,UI_2D,dedicated UI texture group 'kanji',HIGH
gMsgKanji8585HalfwidthLowercaseETex,UI_2D,dedicated UI texture group 'kanji',HIGH
gMsgKanji8591HalfwidthLowercaseQTex,UI_2D,dedicated UI texture group 'kanji',HIGH
gMsgKanji8592HalfwidthLowercaseRTex,UI_2D,dedicated UI texture group 'kanji',HIGH
gMsgKanji8593HalfwidthLowercaseSTex,UI_2D,dedicated UI texture group 'kanji',HIGH
gMsgKanji8594HalfwidthLowercaseTTex,UI_2D,dedicated UI texture group 'kanji',HIGH
gMsgKanji8595HalfwidthLowercaseUTex,UI_2D,dedicated UI texture group 'kanji',HIGH
gMsgKanji8596HalfwidthLowercaseVTex,UI_2D,dedicated UI texture group 'kanji',HIGH
gMsgKanji8597HalfwidthLowercaseWTex,UI_2D,dedicated UI texture group 'kanji',HIGH
gMsgKanji8598HalfwidthLowercaseXTex,UI_2D,dedicated UI texture group 'kanji',HIGH
gMsgKanji8599HalfwidthLowercaseYTex,UI_2D,dedicated UI texture group 'kanji',HIGH
gMsgKanji859AHalfwidthLowercaseZTex,UI_2D,dedicated UI texture group 'kanji',HIGH
gMsgKanji859FHalfwidthKutenTex,UI_2D,dedicated UI texture group 'kanji',HIGH
gMsgKanji85A0HalfwidthKagikakkoLeftTex,UI_2D,dedicated UI texture group 'kanji',HIGH
gMsgKanji85A1HalfwidthKagikakkoRightTex,UI_2D,dedicated UI texture group 'kanji',HIGH
gMsgKanji85A2HalfwidthToutenTex,UI_2D,dedicated UI texture group 'kanji',HIGH
gMsgKanji85A3HalfwidthNakatenTex,UI_2D,dedicated UI texture group 'kanji',HIGH
gMsgKanji85A4HalfwidthKatakanaWoTex,UI_2D,dedicated UI texture group 'kanji',HIGH
gMsgKanji85A5HalfwidthKatakanaSmallATex,UI_2D,dedicated UI texture group 'kanji',HIGH
gMsgKanji85A6HalfwidthKatakanaSmallITex,UI_2D,dedicated UI texture group 'kanji',HIGH
gMsgKanji85A7HalfwidthKatakanaSmallUTex,UI_2D,dedicated UI texture group 'kanji',HIGH
gMsgKanji85A8HalfwidthKatakanaSmallETex,UI_2D,dedicated UI texture group 'kanji',HIGH
gMsgKanji85A9HalfwidthKatakanaSmallOTex,UI_2D,dedicated UI texture group 'kanji',HIGH
gMsgKanji85AAHalfwidthKatakanaSmallYaTex,UI_2D,dedicated UI texture group 'kanji',HIGH
gMsgKanji85ABHalfwidthKatakanaSmallYuTex,UI_2D,dedicated UI texture group 'kanji',HIGH
gMsgKanji85ACHalfwidthKatakanaSmallYoTex,UI_2D,dedicated UI texture group 'kanji',HIGH
gMsgKanji85ADHalfwidthKatakanaSmallTsuTex,UI_2D,dedicated UI texture group 'kanji',HIGH
gMsgKanji85B3HalfwidthKatakanaOTex,UI_2D,dedicated UI texture group 'kanji',HIGH
gMsgKanji85B4HalfwidthKatakanaKaTex,UI_2D,dedicated UI texture group 'kanji',HIGH
gMsgKanji85B5HalfwidthKatakanaKiTex,UI_2D,dedicated UI texture group 'kanji',HIGH
gMsgKanji85B6HalfwidthKatakanaKuTex,UI_2D,dedicated UI texture group 'kanji',HIGH
gMsgKanji85B7HalfwidthKatakanaKeTex,UI_2D,dedicated UI texture group 'kanji',HIGH
gMsgKanji85B8HalfwidthKatakanaKoTex,UI_2D,dedicated UI texture group 'kanji',HIGH
gMsgKanji85B9HalfwidthKatakanaSaTex,UI_2D,dedicated UI texture group 'kanji',HIGH
gMsgKanji85BAHalfwidthKatakanaShiTex,UI_2D,dedicated UI texture group 'kanji',HIGH
gMsgKanji85BBHalfwidthKatakanaSuTex,UI_2D,dedicated UI texture group 'kanji',HIGH
gMsgKanji85BCHalfwidthKatakanaSeTex,UI_2D,dedicated UI texture group 'kanji',HIGH
gMsgKanji85BDHalfwidthKatakanaSoTex,UI_2D,dedicated UI texture group 'kanji',HIGH
gMsgKanji85BEHalfwidthKatakanaTaTex,UI_2D,dedicated UI texture group 'kanji',HIGH
gMsgKanji85BFHalfwidthKatakanaChiTex,UI_2D,dedicated UI texture group 'kanji',HIGH
gMsgKanji85C0HalfwidthKatakanaTsuTex,UI_2D,dedicated UI texture group 'kanji',HIGH
gMsgKanji85C1HalfwidthKatakanaTeTex,UI_2D,dedicated UI texture group 'kanji',HIGH
gMsgKanji85DBHalfwidthKatakanaNTex,UI_2D,dedicated UI texture group 'kanji',HIGH
gMsgKanji85DCHalfwidthDakutenTex,UI_2D,dedicated UI texture group 'kanji',HIGH
gMsgKanji85DDHalfwidthHandakutenTex,UI_2D,dedicated UI texture group 'kanji',HIGH
gMsgKanji85DEHalfwidthKatakanaWiTex,UI_2D,dedicated UI texture group 'kanji',HIGH
gMsgKanji85DFHalfwidthKatakanaWeTex,UI_2D,dedicated UI texture group 'kanji',HIGH
gMsgKanji85E0HalfwidthKatakanaSmallWaTex,UI_2D,dedicated UI texture group 'kanji',HIGH
gMsgKanji85E1HalfwidthKatakanaSmallKaTex,UI_2D,dedicated UI texture group 'kanji',HIGH
gMsgKanji85E2HalfwidthKatakanaSmallKeTex,UI_2D,dedicated UI texture group 'kanji',HIGH
gMsgKanji85E3HalfwidthKatakanaVuTex,UI_2D,dedicated UI texture group 'kanji',HIGH
gMsgKanji85E4HalfwidthKatakanaGaTex,UI_2D,dedicated UI texture group 'kanji',HIGH
gMsgKanji85E5HalfwidthKatakanaGiTex,UI_2D,dedicated UI texture group 'kanji',HIGH
gMsgKanji85E6HalfwidthKatakanaGuTex,UI_2D,dedicated UI texture group 'kanji',HIGH
gMsgKanji85E7HalfwidthKatakanaGeTex,UI_2D,dedicated UI texture group 'kanji',HIGH
gMsgKanji85E8HalfwidthKatakanaGoTex,UI_2D,dedicated UI texture group 'kanji',HIGH
gMsgKanji85E9HalfwidthKatakanaZaTex,UI_2D,dedicated UI texture group 'kanji',HIGH
gMsgKanji85EAHalfwidthKatakanaJiTex,UI_2D,dedicated UI texture group 'kanji',HIGH
gMsgKanji85EBHalfwidthKatakanaZuTex,UI_2D,dedicated UI texture group 'kanji',HIGH
gMsgKanji85ECHalfwidthKatakanaZeTex,UI_2D,dedicated UI texture group 'kanji',HIGH
gMsgKanji85EDHalfwidthKatakanaZoTex,UI_2D,dedicated UI texture group 'kanji',HIGH
gMsgKanji85EEHalfwidthKatakanaDaTex,UI_2D,dedicated UI texture group 'kanji',HIGH
gMsgKanji85EFHalfwidthKatakanaDiTex,UI_2D,dedicated UI texture group 'kanji',HIGH
gMsgKanji85F0HalfwidthKatakanaDuTex,UI_2D,dedicated UI texture group 'kanji',HIGH
gMsgKanji85F1HalfwidthKatakanaDeTex,UI_2D,dedicated UI texture group 'kanji',HIGH
gMsgKanji85F2HalfwidthKatakanaDoTex,UI_2D,dedicated UI texture group 'kanji',HIGH
gMsgKanji85F3HalfwidthKatakanaBaTex,UI_2D,dedicated UI texture group 'kanji',HIGH
gMsgKanji85F4HalfwidthKatakanaPaTex,UI_2D,dedicated UI texture group 'kanji',HIGH
gMsgKanji85F5HalfwidthKatakanaBiTex,UI_2D,dedicated UI texture group 'kanji',HIGH
gMsgKanji8640EmptyTex,UI_2D,dedicated UI texture group 'kanji',HIGH
gMsgKanji8641TategakiToutenTex,UI_2D,dedicated UI texture group 'kanji',HIGH
gMsgKanji8642TategakiKutenTex,UI_2D,dedicated UI texture group 'kanji',HIGH
gMsgKanji8643HalfwidthHorizontalThinTex,UI_2D,dedicated UI texture group 'kanji',HIGH
gMsgKanji8644HalfwidthHorizontalThickTex,UI_2D,dedicated UI texture group 'kanji',HIGH
gMsgKanji8645HalfwidthVerticalThinTex,UI_2D,dedicated UI texture group 'kanji',HIGH
gMsgKanji8646HalfwidthVerticalThickTex,UI_2D,dedicated UI texture group 'kanji',HIGH
gMsgKanji8647HalfwidthHorizontalThinDottedTex,UI_2D,dedicated UI texture group 'kanji',HIGH
gMsgKanji8648HalfwidthHorizontalThickDottedTex,UI_2D,dedicated UI texture group 'kanji',HIGH
gMsgKanji8649HalfwidthVerticalThinDottedTex,UI_2D,dedicated UI texture group 'kanji',HIGH
gMsgKanji864AHalfwidthVerticalThickDottedTex,UI_2D,dedicated UI texture group 'kanji',HIGH
gMsgKanji864BHalfwidthHorizontalThinDotted2Tex,UI_2D,dedicated UI texture group 'kanji',HIGH
gMsgKanji864CHalfwidthHorizontalThickDotted2Tex,UI_2D,dedicated UI texture group 'kanji',HIGH
gMsgKanji864DHalfwidthVerticalThinDotted2Tex,UI_2D,dedicated UI texture group 'kanji',HIGH
gMsgKanji864EHalfwidthVerticalThickDotted2Tex,UI_2D,dedicated UI texture group 'kanji',HIGH
gMsgKanji864FHalfwidthBoxThinTopLeftTex,UI_2D,dedicated UI texture group 'kanji',HIGH
gMsgKanji8650VerticalFarRightTex,UI_2D,dedicated UI texture group 'kanji',HIGH
gMsgKanji8651VerticalFarLeftTex,UI_2D,dedicated UI texture group 'kanji',HIGH
gMsgKanji8652HalfwidthBoxThickTopLeftTex,UI_2D,dedicated UI texture group 'kanji',HIGH
gMsgKanji8653HalfwidthBoxThinTopRightTex,UI_2D,dedicated UI texture group 'kanji',HIGH
gMsgKanji8654HalfwidthBoxVertThinHorizThickTopRightTex,UI_2D,dedicated UI texture group 'kanji',HIGH
gMsgKanji8655HalfwidthBoxVertThickHorizThinTopRightTex,UI_2D,dedicated UI texture group 'kanji',HIGH
gMsgKanji8656HalfwidthBoxThickTopRightTex,UI_2D,dedicated UI texture group 'kanji',HIGH
gMsgKanji8657HalfwidthBoxThinBottomLeftTex,UI_2D,dedicated UI texture group 'kanji',HIGH
gMsgKanji8658HalfwidthBoxVertThinHorizThickBottomLeftTex,UI_2D,dedicated UI texture group 'kanji',HIGH
gMsgKanji8659HalfwidthBoxVertThickHorizThinBottomLeftTex,UI_2D,dedicated UI texture group 'kanji',HIGH
gMsgKanji865AHalfwidthBoxThickBottomLeftTex,UI_2D,dedicated UI texture group 'kanji',HIGH
gMsgKanji865BTategakiChouonpuTex,UI_2D,dedicated UI texture group 'kanji',HIGH
gMsgKanji865CTategakiDashTex,UI_2D,dedicated UI texture group 'kanji',HIGH
gMsgKanji865DTategakiHyphenTex,UI_2D,dedicated UI texture group 'kanji',HIGH
gMsgKanji869BHalfwidthNijyuukagikakkoRightTex,UI_2D,dedicated UI texture group 'kanji',HIGH
gMsgKanji869CHalfwidthSumitsukikakkoLeftTex,UI_2D,dedicated UI texture group 'kanji',HIGH
gMsgKanji869DHalfwidthSumitsukikakkoRightTex,UI_2D,dedicated UI texture group 'kanji',HIGH
gMsgKanji869EHalfwidthHyphenTex,UI_2D,dedicated UI texture group 'kanji',HIGH
gMsgKanji869FEmptyTex,UI_2D,dedicated UI texture group 'kanji',HIGH
gMsgKanji86A0EmptyTex,UI_2D,dedicated UI texture group 'kanji',HIGH
gMsgKanji86A1EmptyTex,UI_2D,dedicated UI texture group 'kanji',HIGH
gMsgKanji86A2EmptyTex,UI_2D,dedicated UI texture group 'kanji',HIGH
gMsgKanji86A3EmptyTex,UI_2D,dedicated UI texture group 'kanji',HIGH
gMsgKanji86A4EmptyTex,UI_2D,dedicated UI texture group 'kanji',HIGH
gMsgKanji86A5EmptyTex,UI_2D,dedicated UI texture group 'kanji',HIGH
gMsgKanji86A6EmptyTex,UI_2D,dedicated UI texture group 'kanji',HIGH
gMsgKanji86B3BoxVertThinHorizThickTopRightTex,UI_2D,dedicated UI texture group 'kanji',HIGH
gMsgKanji86B4BoxVertThickHorizThinTopRightTex,UI_2D,dedicated UI texture group 'kanji',HIGH
gMsgKanji86B5BoxThickTopRightTex,UI_2D,dedicated UI texture group 'kanji',HIGH
gMsgKanji86C7BoxVertThinHorizThickRightTex,UI_2D,dedicated UI texture group 'kanji',HIGH
gMsgKanji86C8BoxTopThickBottomThinHorizThinRightTex,UI_2D,dedicated UI texture group 'kanji',HIGH
gMsgKanji86C9BoxTopThinBottomThickHorizThinRightTex,UI_2D,dedicated UI texture group 'kanji',HIGH
gMsgKanji86CABoxVertThickHorizThinRightTex,UI_2D,dedicated UI texture group 'kanji',HIGH
gMsgKanji86CBBoxTopThickBottomThinHorizThickRightTex,UI_2D,dedicated UI texture group 'kanji',HIGH
gMsgKanji86CCBoxTopThinBottomThickHorizThickRightTex,UI_2D,dedicated UI texture group 'kanji',HIGH
gMsgKanji86CDBoxThickRightTex,UI_2D,dedicated UI texture group 'kanji',HIGH
gMsgKanji86CEBoxThinTopTex,UI_2D,dedicated UI texture group 'kanji',HIGH
gMsgKanji86CFBoxVertThinLeftThickRightThinTopTex,UI_2D,dedicated UI texture group 'kanji',HIGH
gMsgKanji86D0BoxVertThinLeftThinRightThickTopTex,UI_2D,dedicated UI texture group 'kanji',HIGH
gMsgKanji86D1BoxVertThinHorizThickTopTex,UI_2D,dedicated UI texture group 'kanji',HIGH
gMsgKanji86D2BoxVertThickHorizThinTopTex,UI_2D,dedicated UI texture group 'kanji',HIGH
gMsgKanji86D3BoxVertThickLeftThickRightThinTopTex,UI_2D,dedicated UI texture group 'kanji',HIGH
gMsgKanji86D4BoxVertThickLeftThinRightThickTopTex,UI_2D,dedicated UI texture group 'kanji',HIGH
gMsgKanji86D5BoxThickTopTex,UI_2D,dedicated UI texture group 'kanji',HIGH
gMsgKanji86D6BoxThinBottomTex,UI_2D,dedicated UI texture group 'kanji',HIGH
gMsgKanji86D7BoxVertThinLeftThickRightThinBottomTex,UI_2D,dedicated UI texture group 'kanji',HIGH
gMsgKanji8740Circled1Tex,UI_2D,dedicated UI texture group 'kanji',HIGH
gMsgKanji8741Circled2Tex,UI_2D,dedicated UI texture group 'kanji',HIGH
gMsgKanji8742Circled3Tex,UI_2D,dedicated UI texture group 'kanji',HIGH
gMsgKanji8743Circled4Tex,UI_2D,dedicated UI texture group 'kanji',HIGH
gMsgKanji8744Circled5Tex,UI_2D,dedicated UI texture group 'kanji',HIGH
gMsgKanji8745Circled6Tex,UI_2D,dedicated UI texture group 'kanji',HIGH
gMsgKanji8746Circled7Tex,UI_2D,dedicated UI texture group 'kanji',HIGH
gMsgKanji8747Circled8Tex,UI_2D,dedicated UI texture group 'kanji',HIGH
gMsgKanji8748Circled9Tex,UI_2D,dedicated UI texture group 'kanji',HIGH
gMsgKanji8749Circled10Tex,UI_2D,dedicated UI texture group 'kanji',HIGH
gMsgKanji874ACircled11Tex,UI_2D,dedicated UI texture group 'kanji',HIGH
gMsgKanji874BCircled12Tex,UI_2D,dedicated UI texture group 'kanji',HIGH
gMsgKanji874CCircled13Tex,UI_2D,dedicated UI texture group 'kanji',HIGH
gMsgKanji874DCircled14Tex,UI_2D,dedicated UI texture group 'kanji',HIGH
gMsgKanji874ECircled15Tex,UI_2D,dedicated UI texture group 'kanji',HIGH
gMsgKanji874FCircled16Tex,UI_2D,dedicated UI texture group 'kanji',HIGH
gMsgKanji8750Circled17Tex,UI_2D,dedicated UI texture group 'kanji',HIGH
gMsgKanji8751Circled18Tex,UI_2D,dedicated UI texture group 'kanji',HIGH
gMsgKanji8752Circled19Tex,UI_2D,dedicated UI texture group 'kanji',HIGH
gMsgKanji8753Circled20Tex,UI_2D,dedicated UI texture group 'kanji',HIGH
gMsgKanji8754RomanNumeral1Tex,UI_2D,dedicated UI texture group 'kanji',HIGH
gMsgKanji8755RomanNumeral2Tex,UI_2D,dedicated UI texture group 'kanji',HIGH
gMsgKanji8756RomanNumeral3Tex,UI_2D,dedicated UI texture group 'kanji',HIGH
gMsgKanji8757RomanNumeral4Tex,UI_2D,dedicated UI texture group 'kanji',HIGH
gMsgKanji8758RomanNumeral5Tex,UI_2D,dedicated UI texture group 'kanji',HIGH
gMsgKanji8791IdenticalToTex,UI_2D,dedicated UI texture group 'kanji',HIGH
gMsgKanji8792IntegralTex,UI_2D,dedicated UI texture group 'kanji',HIGH
gMsgKanji8793CountourIntegralTex,UI_2D,dedicated UI texture group 'kanji',HIGH
gMsgKanji8794SummationTex,UI_2D,dedicated UI texture group 'kanji',HIGH
gMsgKanji8795SquareRootTex,UI_2D,dedicated UI texture group 'kanji',HIGH
gMsgKanji8796PerpendicularSymbolTex,UI_2D,dedicated UI texture group 'kanji',HIGH
gMsgKanji8797AngleTex,UI_2D,dedicated UI texture group 'kanji',HIGH
gMsgKanji8798RightAngleTex,UI_2D,dedicated UI texture group 'kanji',HIGH
gMsgKanji8799RightTriangleTex,UI_2D,dedicated UI texture group 'kanji',HIGH
gMsgKanji879ABecauseTex,UI_2D,dedicated UI texture group 'kanji',HIGH
gMsgKanji879BIntersectionTex,UI_2D,dedicated UI texture group 'kanji',HIGH
gMsgKanji879CUnionTex,UI_2D,dedicated UI texture group 'kanji',HIGH
gMsgKanji879DEmptyTex,UI_2D,dedicated UI texture group 'kanji',HIGH
gMsgKanji879EEmptyTex,UI_2D,dedicated UI texture group 'kanji',HIGH
gMsgKanji879FHiraganaSmallATex,UI_2D,dedicated UI texture group 'kanji',HIGH
gMsgKanji87A0EmptyTex,UI_2D,dedicated UI texture group 'kanji',HIGH
gMsgKanji87A1EmptyTex,UI_2D,dedicated UI texture group 'kanji',HIGH
gMsgKanji87A2EmptyTex,UI_2D,dedicated UI texture group 'kanji',HIGH
gMsgKanji87A3EmptyTex,UI_2D,dedicated UI texture group 'kanji',HIGH
gMsgKanji87A4EmptyTex,UI_2D,dedicated UI texture group 'kanji',HIGH
gMsgKanji87A5EmptyTex,UI_2D,dedicated UI texture group 'kanji',HIGH
gMsgKanji87A6EmptyTex,UI_2D,dedicated UI texture group 'kanji',HIGH
gMsgKanji87A7EmptyTex,UI_2D,dedicated UI texture group 'kanji',HIGH
gMsgKanji87A8EmptyTex,UI_2D,dedicated UI texture group 'kanji',HIGH
gMsgKanji87A9EmptyTex,UI_2D,dedicated UI texture group 'kanji',HIGH
gMsgKanji87AAEmptyTex,UI_2D,dedicated UI texture group 'kanji',HIGH
gMsgKanji87ABEmptyTex,UI_2D,dedicated UI texture group 'kanji',HIGH
gMsgKanji87ACEmptyTex,UI_2D,dedicated UI texture group 'kanji',HIGH
gMsgKanji87ADEmptyTex,UI_2D,dedicated UI texture group 'kanji',HIGH
gMsgKanji87AEEmptyTex,UI_2D,dedicated UI texture group 'kanji',HIGH
gMsgKanji87AFEmptyTex,UI_2D,dedicated UI texture group 'kanji',HIGH
gMsgKanji87B0EmptyTex,UI_2D,dedicated UI texture group 'kanji',HIGH
gMsgKanji87B1EmptyTex,UI_2D,dedicated UI texture group 'kanji',HIGH
gMsgKanji87B2EmptyTex,UI_2D,dedicated UI texture group 'kanji',HIGH
gMsgKanji87B3EmptyTex,UI_2D,dedicated UI texture group 'kanji',HIGH
gMsgKanji87B4EmptyTex,UI_2D,dedicated UI texture group 'kanji',HIGH
gMsgKanji87B5EmptyTex,UI_2D,dedicated UI texture group 'kanji',HIGH
gMsgKanji87BDEmptyTex,UI_2D,dedicated UI texture group 'kanji',HIGH
gMsgKanji87BEEmptyTex,UI_2D,dedicated UI texture group 'kanji',HIGH
gMsgKanji87BFEmptyTex,UI_2D,dedicated UI texture group 'kanji',HIGH
gMsgKanji87C0EmptyTex,UI_2D,dedicated UI texture group 'kanji',HIGH
gMsgKanji87C1EmptyTex,UI_2D,dedicated UI texture group 'kanji',HIGH
gMsgKanji87E5EmptyTex,UI_2D,dedicated UI texture group 'kanji',HIGH
gMsgKanji87E6EmptyTex,UI_2D,dedicated UI texture group 'kanji',HIGH
gMsgKanji87E7EmptyTex,UI_2D,dedicated UI texture group 'kanji',HIGH
gMsgKanji87E8EmptyTex,UI_2D,dedicated UI texture group 'kanji',HIGH
gMsgKanji87FAEmptyTex,UI_2D,dedicated UI texture group 'kanji',HIGH
gMsgKanji87FBEmptyTex,UI_2D,dedicated UI texture group 'kanji',HIGH
gMsgKanji87FCEmptyTex,UI_2D,dedicated UI texture group 'kanji',HIGH
gMsgKanji8840KatakanaSmallATex,UI_2D,dedicated UI texture group 'kanji',HIGH
gMsgKanji8841EmptyTex,UI_2D,dedicated UI texture group 'kanji',HIGH
gMsgKanji8842EmptyTex,UI_2D,dedicated UI texture group 'kanji',HIGH
gMsgKanji8843EmptyTex,UI_2D,dedicated UI texture group 'kanji',HIGH
gMsgKanji8844EmptyTex,UI_2D,dedicated UI texture group 'kanji',HIGH
gMsgKanji8845EmptyTex,UI_2D,dedicated UI texture group 'kanji',HIGH
gMsgKanji8846EmptyTex,UI_2D,dedicated UI texture group 'kanji',HIGH
gMsgKanji8847EmptyTex,UI_2D,dedicated UI texture group 'kanji',HIGH
gMsgKanji8848EmptyTex,UI_2D,dedicated UI texture group 'kanji',HIGH
gMsgKanji8849EmptyTex,UI_2D,dedicated UI texture group 'kanji',HIGH
gMsgKanji884AEmptyTex,UI_2D,dedicated UI texture group 'kanji',HIGH
gMsgKanji884BEmptyTex,UI_2D,dedicated UI texture group 'kanji',HIGH
gMsgKanji884CEmptyTex,UI_2D,dedicated UI texture group 'kanji',HIGH
gMsgKanji884DEmptyTex,UI_2D,dedicated UI texture group 'kanji',HIGH
gMsgKanji884EEmptyTex,UI_2D,dedicated UI texture group 'kanji',HIGH
gMsgKanji884FEmptyTex,UI_2D,dedicated UI texture group 'kanji',HIGH
gMsgKanji8850EmptyTex,UI_2D,dedicated UI texture group 'kanji',HIGH
gMsgKanji8851EmptyTex,UI_2D,dedicated UI texture group 'kanji',HIGH
gMsgKanji8852EmptyTex,UI_2D,dedicated UI texture group 'kanji',HIGH
gMsgKanji8853EmptyTex,UI_2D,dedicated UI texture group 'kanji',HIGH
gMsgKanji8854EmptyTex,UI_2D,dedicated UI texture group 'kanji',HIGH
gMsgKanji8855EmptyTex,UI_2D,dedicated UI texture group 'kanji',HIGH
gMsgKanji8856EmptyTex,UI_2D,dedicated UI texture group 'kanji',HIGH
gMsgKanji8857EmptyTex,UI_2D,dedicated UI texture group 'kanji',HIGH
gMsgKanji8858EmptyTex,UI_2D,dedicated UI texture group 'kanji',HIGH
gMsgKanji8859EmptyTex,UI_2D,dedicated UI texture group 'kanji',HIGH
gMsgKanji885AEmptyTex,UI_2D,dedicated UI texture group 'kanji',HIGH
gMsgKanji885BEmptyTex,UI_2D,dedicated UI texture group 'kanji',HIGH
gMsgKanji885CEmptyTex,UI_2D,dedicated UI texture group 'kanji',HIGH
gMsgKanji885DEmptyTex,UI_2D,dedicated UI texture group 'kanji',HIGH
gMsgKanji885EEmptyTex,UI_2D,dedicated UI texture group 'kanji',HIGH
gMsgKanji885FEmptyTex,UI_2D,dedicated UI texture group 'kanji',HIGH
gMsgKanji8860EmptyTex,UI_2D,dedicated UI texture group 'kanji',HIGH
gMsgKanji8861EmptyTex,UI_2D,dedicated UI texture group 'kanji',HIGH
gMsgKanji8862EmptyTex,UI_2D,dedicated UI texture group 'kanji',HIGH
gMsgKanji8863EmptyTex,UI_2D,dedicated UI texture group 'kanji',HIGH
gMsgKanji8864EmptyTex,UI_2D,dedicated UI texture group 'kanji',HIGH
gMsgKanji8865EmptyTex,UI_2D,dedicated UI texture group 'kanji',HIGH
gMsgKanji8866EmptyTex,UI_2D,dedicated UI texture group 'kanji',HIGH
gMsgKanji8867EmptyTex,UI_2D,dedicated UI texture group 'kanji',HIGH
gMsgKanji8868EmptyTex,UI_2D,dedicated UI texture group 'kanji',HIGH
gMsgKanji8869EmptyTex,UI_2D,dedicated UI texture group 'kanji',HIGH
gMsgKanji886AEmptyTex,UI_2D,dedicated UI texture group 'kanji',HIGH
gMsgKanji886BEmptyTex,UI_2D,dedicated UI texture group 'kanji',HIGH
gMsgKanji886CEmptyTex,UI_2D,dedicated UI texture group 'kanji',HIGH
gMsgKanji886DEmptyTex,UI_2D,dedicated UI texture group 'kanji',HIGH
gMsgKanji886EEmptyTex,UI_2D,dedicated UI texture group 'kanji',HIGH
gMsgKanji886FEmptyTex,UI_2D,dedicated UI texture group 'kanji',HIGH
gMsgKanji8870EmptyTex,UI_2D,dedicated UI texture group 'kanji',HIGH
gMsgKanji8871EmptyTex,UI_2D,dedicated UI texture group 'kanji',HIGH
gMsgKanji8872EmptyTex,UI_2D,dedicated UI texture group 'kanji',HIGH
gMsgKanji8873EmptyTex,UI_2D,dedicated UI texture group 'kanji',HIGH
gMsgKanji8874EmptyTex,UI_2D,dedicated UI texture group 'kanji',HIGH
gMsgKanji8875EmptyTex,UI_2D,dedicated UI texture group 'kanji',HIGH
gMsgKanji8876EmptyTex,UI_2D,dedicated UI texture group 'kanji',HIGH
gMsgKanji8877EmptyTex,UI_2D,dedicated UI texture group 'kanji',HIGH
gMsgKanji8878EmptyTex,UI_2D,dedicated UI texture group 'kanji',HIGH
gMsgKanji8879EmptyTex,UI_2D,dedicated UI texture group 'kanji',HIGH
gMsgKanji887AEmptyTex,UI_2D,dedicated UI texture group 'kanji',HIGH
gMsgKanji887BEmptyTex,UI_2D,dedicated UI texture group 'kanji',HIGH
gMsgKanji887CEmptyTex,UI_2D,dedicated UI texture group 'kanji',HIGH
gMsgKanji887DEmptyTex,UI_2D,dedicated UI texture group 'kanji',HIGH
gMsgKanji887EEmptyTex,UI_2D,dedicated UI texture group 'kanji',HIGH
gMsgKanji8880EmptyTex,UI_2D,dedicated UI texture group 'kanji',HIGH
gMsgKanji8881EmptyTex,UI_2D,dedicated UI texture group 'kanji',HIGH
gMsgKanji8882EmptyTex,UI_2D,dedicated UI texture group 'kanji',HIGH
gMsgKanji8883EmptyTex,UI_2D,dedicated UI texture group 'kanji',HIGH
gMsgKanji8884EmptyTex,UI_2D,dedicated UI texture group 'kanji',HIGH
gMsgKanji8885EmptyTex,UI_2D,dedicated UI texture group 'kanji',HIGH
gMsgKanji8886EmptyTex,UI_2D,dedicated UI texture group 'kanji',HIGH
gMsgKanji8887EmptyTex,UI_2D,dedicated UI texture group 'kanji',HIGH
gMsgKanji8888EmptyTex,UI_2D,dedicated UI texture group 'kanji',HIGH
gMsgKanji8889EmptyTex,UI_2D,dedicated UI texture group 'kanji',HIGH
gMsgKanji888AEmptyTex,UI_2D,dedicated UI texture group 'kanji',HIGH
gMsgKanji888BEmptyTex,UI_2D,dedicated UI texture group 'kanji',HIGH
gMsgKanji888CEmptyTex,UI_2D,dedicated UI texture group 'kanji',HIGH
gMsgKanji888DEmptyTex,UI_2D,dedicated UI texture group 'kanji',HIGH
gMsgKanji888EEmptyTex,UI_2D,dedicated UI texture group 'kanji',HIGH
gMsgKanji888FEmptyTex,UI_2D,dedicated UI texture group 'kanji',HIGH
gMsgKanji8890EmptyTex,UI_2D,dedicated UI texture group 'kanji',HIGH
gMsgKanji8891EmptyTex,UI_2D,dedicated UI texture group 'kanji',HIGH
gMsgKanji8892EmptyTex,UI_2D,dedicated UI texture group 'kanji',HIGH
gMsgKanji8893EmptyTex,UI_2D,dedicated UI texture group 'kanji',HIGH
gMsgKanji8894EmptyTex,UI_2D,dedicated UI texture group 'kanji',HIGH
gMsgKanji8895EmptyTex,UI_2D,dedicated UI texture group 'kanji',HIGH
gMsgKanji8896EmptyTex,UI_2D,dedicated UI texture group 'kanji',HIGH
gMsgKanji8897EmptyTex,UI_2D,dedicated UI texture group 'kanji',HIGH
gMsgKanji8898EmptyTex,UI_2D,dedicated UI texture group 'kanji',HIGH
gMsgKanji8899EmptyTex,UI_2D,dedicated UI texture group 'kanji',HIGH
gMsgKanji889AEmptyTex,UI_2D,dedicated UI texture group 'kanji',HIGH
gMsgKanji889BEmptyTex,UI_2D,dedicated UI texture group 'kanji',HIGH
gMsgKanji889CEmptyTex,UI_2D,dedicated UI texture group 'kanji',HIGH
gMsgKanji889DEmptyTex,UI_2D,dedicated UI texture group 'kanji',HIGH
gMsgKanji889EEmptyTex,UI_2D,dedicated UI texture group 'kanji',HIGH
gMsgKanji889FTex,UI_2D,dedicated UI texture group 'kanji',HIGH
gMsgKanji88A0Tex,UI_2D,dedicated UI texture group 'kanji',HIGH
gMsgKanji88A1Tex,UI_2D,dedicated UI texture group 'kanji',HIGH
gMsgKanji88A2Tex,UI_2D,dedicated UI texture group 'kanji',HIGH
gMsgKanji88A3Tex,UI_2D,dedicated UI texture group 'kanji',HIGH
gMsgKanji88A4Tex,UI_2D,dedicated UI texture group 'kanji',HIGH
gMsgKanji88A5Tex,UI_2D,dedicated UI texture group 'kanji',HIGH
gMsgKanji88A6Tex,UI_2D,dedicated UI texture group 'kanji',HIGH
gMsgKanji88A7Tex,UI_2D,dedicated UI texture group 'kanji',HIGH
gMsgKanji88A8Tex,UI_2D,dedicated UI texture group 'kanji',HIGH
gMsgKanji88A9Tex,UI_2D,dedicated UI texture group 'kanji',HIGH
gMsgKanji88AATex,UI_2D,dedicated UI texture group 'kanji',HIGH
gMsgKanji88ABTex,UI_2D,dedicated UI texture group 'kanji',HIGH
gMsgKanji88ACTex,UI_2D,dedicated UI texture group 'kanji',HIGH
gMsgKanji88ADTex,UI_2D,dedicated UI texture group 'kanji',HIGH
gMsgKanji88AETex,UI_2D,dedicated UI texture group 'kanji',HIGH
gMsgKanji88AFTex,UI_2D,dedicated UI texture group 'kanji',HIGH
gMsgKanji88B0Tex,UI_2D,dedicated UI texture group 'kanji',HIGH
gMsgKanji88B1Tex,UI_2D,dedicated UI texture group 'kanji',HIGH
gMsgKanji88B2Tex,UI_2D,dedicated UI texture group 'kanji',HIGH
gMsgKanji88B3Tex,UI_2D,dedicated UI texture group 'kanji',HIGH
gMsgKanji88B4Tex,UI_2D,dedicated UI texture group 'kanji',HIGH
gMsgKanji88B5Tex,UI_2D,dedicated UI texture group 'kanji',HIGH
gMsgKanji88B6Tex,UI_2D,dedicated UI texture group 'kanji',HIGH
gMsgKanji88B7Tex,UI_2D,dedicated UI texture group 'kanji',HIGH
gMsgKanji88B8Tex,UI_2D,dedicated UI texture group 'kanji',HIGH
gMsgKanji88B9Tex,UI_2D,dedicated UI texture group 'kanji',HIGH
gMsgKanji88BATex,UI_2D,dedicated UI texture group 'kanji',HIGH
gMsgKanji88BBTex,UI_2D,dedicated UI texture group 'kanji',HIGH
gMsgKanji88BCTex,UI_2D,dedicated UI texture group 'kanji',HIGH
gMsgKanji88BDTex,UI_2D,dedicated UI texture group 'kanji',HIGH
gMsgKanji88BETex,UI_2D,dedicated UI texture group 'kanji',HIGH
gMsgKanji88BFTex,UI_2D,dedicated UI texture group 'kanji',HIGH
gMsgKanji88C0Tex,UI_2D,dedicated UI texture group 'kanji',HIGH
gMsgKanji88C1Tex,UI_2D,dedicated UI texture group 'kanji',HIGH
gMsgKanji88C2Tex,UI_2D,dedicated UI texture group 'kanji',HIGH
gMsgKanji88C3Tex,UI_2D,dedicated UI texture group 'kanji',HIGH
gMsgKanji88C4Tex,UI_2D,dedicated UI texture group 'kanji',HIGH
gMsgKanji88C5Tex,UI_2D,dedicated UI texture group 'kanji',HIGH
gMsgKanji88C6Tex,UI_2D,dedicated UI texture group 'kanji',HIGH
gMsgKanji88C7Tex,UI_2D,dedicated UI texture group 'kanji',HIGH
gMsgKanji88C8Tex,UI_2D,dedicated UI texture group 'kanji',HIGH
gMsgKanji88C9Tex,UI_2D,dedicated UI texture group 'kanji',HIGH
gMsgKanji88CATex,UI_2D,dedicated UI texture group 'kanji',HIGH
gMsgKanji88CBTex,UI_2D,dedicated UI texture group 'kanji',HIGH
gMsgKanji88CCTex,UI_2D,dedicated UI texture group 'kanji',HIGH
gMsgKanji88CDTex,UI_2D,dedicated UI texture group 'kanji',HIGH
gMsgKanji88CETex,UI_2D,dedicated UI texture group 'kanji',HIGH
gMsgKanji88CFTex,UI_2D,dedicated UI texture group 'kanji',HIGH
gMsgKanji88D0Tex,UI_2D,dedicated UI texture group 'kanji',HIGH
gMsgKanji88D1Tex,UI_2D,dedicated UI texture group 'kanji',HIGH
gMsgKanji88D2Tex,UI_2D,dedicated UI texture group 'kanji',HIGH
gMsgKanji88D3Tex,UI_2D,dedicated UI texture group 'kanji',HIGH
gMsgKanji88D4Tex,UI_2D,dedicated UI texture group 'kanji',HIGH
gMsgKanji88D5Tex,UI_2D,dedicated UI texture group 'kanji',HIGH
gMsgKanji88D6Tex,UI_2D,dedicated UI texture group 'kanji',HIGH
gMsgKanji88D7Tex,UI_2D,dedicated UI texture group 'kanji',HIGH
gMsgKanji88D8Tex,UI_2D,dedicated UI texture group 'kanji',HIGH
gMsgKanji88D9Tex,UI_2D,dedicated UI texture group 'kanji',HIGH
gMsgKanji88DATex,UI_2D,dedicated UI texture group 'kanji',HIGH
gMsgKanji88DBTex,UI_2D,dedicated UI texture group 'kanji',HIGH
gMsgKanji88DCTex,UI_2D,dedicated UI texture group 'kanji',HIGH
gMsgKanji88DDTex,UI_2D,dedicated UI texture group 'kanji',HIGH
gMsgKanji88DETex,UI_2D,dedicated UI texture group 'kanji',HIGH
gMsgKanji88DFTex,UI_2D,dedicated UI texture group 'kanji',HIGH
gMsgKanji88E0Tex,UI_2D,dedicated UI texture group 'kanji',HIGH
gMsgKanji88E1Tex,UI_2D,dedicated UI texture group 'kanji',HIGH
gMsgKanji88E2Tex,UI_2D,dedicated UI texture group 'kanji',HIGH
gMsgKanji88E3Tex,UI_2D,dedicated UI texture group 'kanji',HIGH
gMsgKanji88E4Tex,UI_2D,dedicated UI texture group 'kanji',HIGH
gMsgKanji88E5Tex,UI_2D,dedicated UI texture group 'kanji',HIGH
gMsgKanji88E6Tex,UI_2D,dedicated UI texture group 'kanji',HIGH
gMsgKanji88E7Tex,UI_2D,dedicated UI texture group 'kanji',HIGH
gMsgKanji88E8Tex,UI_2D,dedicated UI texture group 'kanji',HIGH
gMsgKanji88E9Tex,UI_2D,dedicated UI texture group 'kanji',HIGH
gMsgKanji88EATex,UI_2D,dedicated UI texture group 'kanji',HIGH
gMsgKanji88EBTex,UI_2D,dedicated UI texture group 'kanji',HIGH
gMsgKanji88ECTex,UI_2D,dedicated UI texture group 'kanji',HIGH
gMsgKanji88EDTex,UI_2D,dedicated UI texture group 'kanji',HIGH
gMsgKanji88EETex,UI_2D,dedicated UI texture group 'kanji',HIGH
gMsgKanji88EFTex,UI_2D,dedicated UI texture group 'kanji',HIGH
gMsgKanji88F0Tex,UI_2D,dedicated UI texture group 'kanji',HIGH
gMsgKanji88F1Tex,UI_2D,dedicated UI texture group 'kanji',HIGH
gMsgKanji88F2Tex,UI_2D,dedicated UI texture group 'kanji',HIGH
gMsgKanji88F3Tex,UI_2D,dedicated UI texture group 'kanji',HIGH
gMsgKanji88F4Tex,UI_2D,dedicated UI texture group 'kanji',HIGH
gMsgKanji88F5Tex,UI_2D,dedicated UI texture group 'kanji',HIGH
gMsgKanji88F6Tex,UI_2D,dedicated UI texture group 'kanji',HIGH
gMsgKanji88F7Tex,UI_2D,dedicated UI texture group 'kanji',HIGH
gMsgKanji88F8Tex,UI_2D,dedicated UI texture group 'kanji',HIGH
gMsgKanji88F9Tex,UI_2D,dedicated UI texture group 'kanji',HIGH
gMsgKanji88FATex,UI_2D,dedicated UI texture group 'kanji',HIGH
gMsgKanji88FBTex,UI_2D,dedicated UI texture group 'kanji',HIGH
gMsgKanji88FCTex,UI_2D,dedicated UI texture group 'kanji',HIGH
gMsgKanji8940Tex,UI_2D,dedicated UI texture group 'kanji',HIGH
gMsgKanji8941Tex,UI_2D,dedicated UI texture group 'kanji',HIGH
gMsgKanji8942Tex,UI_2D,dedicated UI texture group 'kanji',HIGH
gMsgKanji8943Tex,UI_2D,dedicated UI texture group 'kanji',HIGH
gMsgKanji8944Tex,UI_2D,dedicated UI texture group 'kanji',HIGH
gMsgKanji8945Tex,UI_2D,dedicated UI texture group 'kanji',HIGH
gMsgKanji8946Tex,UI_2D,dedicated UI texture group 'kanji',HIGH
gMsgKanji8947Tex,UI_2D,dedicated UI texture group 'kanji',HIGH
gMsgKanji8948Tex,UI_2D,dedicated UI texture group 'kanji',HIGH
gMsgKanji8949Tex,UI_2D,dedicated UI texture group 'kanji',HIGH
gMsgKanji894ATex,UI_2D,dedicated UI texture group 'kanji',HIGH
gMsgKanji894BTex,UI_2D,dedicated UI texture group 'kanji',HIGH
gMsgKanji894CTex,UI_2D,dedicated UI texture group 'kanji',HIGH
gMsgKanji894DTex,UI_2D,dedicated UI texture group 'kanji',HIGH
gMsgKanji894ETex,UI_2D,dedicated UI texture group 'kanji',HIGH
gMsgKanji894FTex,UI_2D,dedicated UI texture group 'kanji',HIGH
gMsgKanji8950Tex,UI_2D,dedicated UI texture group 'kanji',HIGH
gMsgKanji8951Tex,UI_2D,dedicated UI texture group 'kanji',HIGH
gMsgKanji8952Tex,UI_2D,dedicated UI texture group 'kanji',HIGH
gMsgKanji8953Tex,UI_2D,dedicated UI texture group 'kanji',HIGH
gMsgKanji8954Tex,UI_2D,dedicated UI texture group 'kanji',HIGH
gMsgKanji8955Tex,UI_2D,dedicated UI texture group 'kanji',HIGH
gMsgKanji8956Tex,UI_2D,dedicated UI texture group 'kanji',HIGH
gMsgKanji8957Tex,UI_2D,dedicated UI texture group 'kanji',HIGH
gMsgKanji8958Tex,UI_2D,dedicated UI texture group 'kanji',HIGH
gMsgKanji8959Tex,UI_2D,dedicated UI texture group 'kanji',HIGH
gMsgKanji895ATex,UI_2D,dedicated UI texture group 'kanji',HIGH
gMsgKanji895BTex,UI_2D,dedicated UI texture group 'kanji',HIGH
gMsgKanji895CTex,UI_2D,dedicated UI texture group 'kanji',HIGH
gMsgKanji895DTex,UI_2D,dedicated UI texture group 'kanji',HIGH
gMsgKanji895ETex,UI_2D,dedicated UI texture group 'kanji',HIGH
gMsgKanji895FTex,UI_2D,dedicated UI texture group 'kanji',HIGH
gMsgKanji8960Tex,UI_2D,dedicated UI texture group 'kanji',HIGH
gMsgKanji8961Tex,UI_2D,dedicated UI texture group 'kanji',HIGH
gMsgKanji8962Tex,UI_2D,dedicated UI texture group 'kanji',HIGH
gMsgKanji8963Tex,UI_2D,dedicated UI texture group 'kanji',HIGH
gMsgKanji8964Tex,UI_2D,dedicated UI texture group 'kanji',HIGH
gMsgKanji8965Tex,UI_2D,dedicated UI texture group 'kanji',HIGH
gMsgKanji8966Tex,UI_2D,dedicated UI texture group 'kanji',HIGH
gMsgKanji8967Tex,UI_2D,dedicated UI texture group 'kanji',HIGH
gMsgKanji8968Tex,UI_2D,dedicated UI texture group 'kanji',HIGH
gMsgKanji8969Tex,UI_2D,dedicated UI texture group 'kanji',HIGH
gMsgKanji896ATex,UI_2D,dedicated UI texture group 'kanji',HIGH
gMsgKanji896BTex,UI_2D,dedicated UI texture group 'kanji',HIGH
gMsgKanji896CTex,UI_2D,dedicated UI texture group 'kanji',HIGH
gMsgKanji896DTex,UI_2D,dedicated UI texture group 'kanji',HIGH
gMsgKanji896ETex,UI_2D,dedicated UI texture group 'kanji',HIGH
gMsgKanji896FTex,UI_2D,dedicated UI texture group 'kanji',HIGH
gMsgKanji8970Tex,UI_2D,dedicated UI texture group 'kanji',HIGH
gMsgKanji8971Tex,UI_2D,dedicated UI texture group 'kanji',HIGH
gMsgKanji8972Tex,UI_2D,dedicated UI texture group 'kanji',HIGH
gMsgKanji8973Tex,UI_2D,dedicated UI texture group 'kanji',HIGH
gMsgKanji8974Tex,UI_2D,dedicated UI texture group 'kanji',HIGH
gMsgKanji8975Tex,UI_2D,dedicated UI texture group 'kanji',HIGH
gMsgKanji8976Tex,UI_2D,dedicated UI texture group 'kanji',HIGH
gMsgKanji8977Tex,UI_2D,dedicated UI texture group 'kanji',HIGH
gMsgKanji8978Tex,UI_2D,dedicated UI texture group 'kanji',HIGH
gMsgKanji8979Tex,UI_2D,dedicated UI texture group 'kanji',HIGH
gMsgKanji897ATex,UI_2D,dedicated UI texture group 'kanji',HIGH
gMsgKanji897BTex,UI_2D,dedicated UI texture group 'kanji',HIGH
gMsgKanji897CTex,UI_2D,dedicated UI texture group 'kanji',HIGH
gMsgKanji897DTex,UI_2D,dedicated UI texture group 'kanji',HIGH
gMsgKanji897ETex,UI_2D,dedicated UI texture group 'kanji',HIGH
gMsgKanji8980Tex,UI_2D,dedicated UI texture group 'kanji',HIGH
gMsgKanji8981Tex,UI_2D,dedicated UI texture group 'kanji',HIGH
gMsgKanji8982Tex,UI_2D,dedicated UI texture group 'kanji',HIGH
gMsgKanji8983Tex,UI_2D,dedicated UI texture group 'kanji',HIGH
gMsgKanji8984Tex,UI_2D,dedicated UI texture group 'kanji',HIGH
gMsgKanji8985Tex,UI_2D,dedicated UI texture group 'kanji',HIGH
gMsgKanji8986Tex,UI_2D,dedicated UI texture group 'kanji',HIGH
gMsgKanji8987Tex,UI_2D,dedicated UI texture group 'kanji',HIGH
gMsgKanji8988Tex,UI_2D,dedicated UI texture group 'kanji',HIGH
gMsgKanji8989Tex,UI_2D,dedicated UI texture group 'kanji',HIGH
gMsgKanji898ATex,UI_2D,dedicated UI texture group 'kanji',HIGH
gMsgKanji898BTex,UI_2D,dedicated UI texture group 'kanji',HIGH
gMsgKanji898CTex,UI_2D,dedicated UI texture group 'kanji',HIGH
gMsgKanji898DTex,UI_2D,dedicated UI texture group 'kanji',HIGH
gMsgKanji898ETex,UI_2D,dedicated UI texture group 'kanji',HIGH
gMsgKanji898FTex,UI_2D,dedicated UI texture group 'kanji',HIGH
gMsgKanji8990Tex,UI_2D,dedicated UI texture group 'kanji',HIGH
gMsgKanji8991Tex,UI_2D,dedicated UI texture group 'kanji',HIGH
gMsgKanji8992Tex,UI_2D,dedicated UI texture group 'kanji',HIGH
gMsgKanji8993Tex,UI_2D,dedicated UI texture group 'kanji',HIGH
gMsgKanji8994Tex,UI_2D,dedicated UI texture group 'kanji',HIGH
gMsgKanji8995Tex,UI_2D,dedicated UI texture group 'kanji',HIGH
gMsgKanji8996Tex,UI_2D,dedicated UI texture group 'kanji',HIGH
gMsgKanji8997Tex,UI_2D,dedicated UI texture group 'kanji',HIGH
gMsgKanji8998Tex,UI_2D,dedicated UI texture group 'kanji',HIGH
gMsgKanji8999Tex,UI_2D,dedicated UI texture group 'kanji',HIGH
gMsgKanji899ATex,UI_2D,dedicated UI texture group 'kanji',HIGH
gMsgKanji899BTex,UI_2D,dedicated UI texture group 'kanji',HIGH
gMsgKanji899CTex,UI_2D,dedicated UI texture group 'kanji',HIGH
gMsgKanji899DTex,UI_2D,dedicated UI texture group 'kanji',HIGH
gMsgKanji899ETex,UI_2D,dedicated UI texture group 'kanji',HIGH
gMsgKanji899FTex,UI_2D,dedicated UI texture group 'kanji',HIGH
gMsgKanji89A0Tex,UI_2D,dedicated UI texture group 'kanji',HIGH
gMsgKanji89A1Tex,UI_2D,dedicated UI texture group 'kanji',HIGH
gMsgKanji89A2Tex,UI_2D,dedicated UI texture group 'kanji',HIGH
gMsgKanji89A3Tex,UI_2D,dedicated UI texture group 'kanji',HIGH
gMsgKanji89A4Tex,UI_2D,dedicated UI texture group 'kanji',HIGH
gMsgKanji89A5Tex,UI_2D,dedicated UI texture group 'kanji',HIGH
gMsgKanji89A6Tex,UI_2D,dedicated UI texture group 'kanji',HIGH
gMsgKanji89A7Tex,UI_2D,dedicated UI texture group 'kanji',HIGH
gMsgKanji89A8Tex,UI_2D,dedicated UI texture group 'kanji',HIGH
gMsgKanji89A9Tex,UI_2D,dedicated UI texture group 'kanji',HIGH
gMsgKanji89AATex,UI_2D,dedicated UI texture group 'kanji',HIGH
gMsgKanji89ABTex,UI_2D,dedicated UI texture group 'kanji',HIGH
gMsgKanji89ACTex,UI_2D,dedicated UI texture group 'kanji',HIGH
gMsgKanji89ADTex,UI_2D,dedicated UI texture group 'kanji',HIGH
gMsgKanji89AETex,UI_2D,dedicated UI texture group 'kanji',HIGH
gMsgKanji89AFTex,UI_2D,dedicated UI texture group 'kanji',HIGH
gMsgKanji89B0Tex,UI_2D,dedicated UI texture group 'kanji',HIGH
gMsgKanji89B1Tex,UI_2D,dedicated UI texture group 'kanji',HIGH
gMsgKanji89B2Tex,UI_2D,dedicated UI texture group 'kanji',HIGH
gMsgKanji89B3Tex,UI_2D,dedicated UI texture group 'kanji',HIGH
gMsgKanji89B4Tex,UI_2D,dedicated UI texture group 'kanji',HIGH
gMsgKanji89B5Tex,UI_2D,dedicated UI texture group 'kanji',HIGH
gMsgKanji89B6Tex,UI_2D,dedicated UI texture group 'kanji',HIGH
gMsgKanji89B7Tex,UI_2D,dedicated UI texture group 'kanji',HIGH
gMsgKanji89B8Tex,UI_2D,dedicated UI texture group 'kanji',HIGH
gMsgKanji89B9Tex,UI_2D,dedicated UI texture group 'kanji',HIGH
gMsgKanji89BATex,UI_2D,dedicated UI texture group 'kanji',HIGH
gMsgKanji89BBTex,UI_2D,dedicated UI texture group 'kanji',HIGH
gMsgKanji89BCTex,UI_2D,dedicated UI texture group 'kanji',HIGH
gMsgKanji89BDTex,UI_2D,dedicated UI texture group 'kanji',HIGH
gMsgKanji89BETex,UI_2D,dedicated UI texture group 'kanji',HIGH
gMsgKanji89BFTex,UI_2D,dedicated UI texture group 'kanji',HIGH
gMsgKanji89C0Tex,UI_2D,dedicated UI texture group 'kanji',HIGH
gMsgKanji89C1Tex,UI_2D,dedicated UI texture group 'kanji',HIGH
gMsgKanji89C2Tex,UI_2D,dedicated UI texture group 'kanji',HIGH
gMsgKanji89C3Tex,UI_2D,dedicated UI texture group 'kanji',HIGH
gMsgKanji89C4Tex,UI_2D,dedicated UI texture group 'kanji',HIGH
gMsgKanji89C5Tex,UI_2D,dedicated UI texture group 'kanji',HIGH
gMsgKanji89C6Tex,UI_2D,dedicated UI texture group 'kanji',HIGH
gMsgKanji89C7Tex,UI_2D,dedicated UI texture group 'kanji',HIGH
gMsgKanji89C8Tex,UI_2D,dedicated UI texture group 'kanji',HIGH
gMsgKanji89C9Tex,UI_2D,dedicated UI texture group 'kanji',HIGH
gMsgKanji89CATex,UI_2D,dedicated UI texture group 'kanji',HIGH
gMsgKanji89CBTex,UI_2D,dedicated UI texture group 'kanji',HIGH
gMsgKanji89CCTex,UI_2D,dedicated UI texture group 'kanji',HIGH
gMsgKanji89CDTex,UI_2D,dedicated UI texture group 'kanji',HIGH
gMsgKanji89CETex,UI_2D,dedicated UI texture group 'kanji',HIGH
gMsgKanji89CFTex,UI_2D,dedicated UI texture group 'kanji',HIGH
gMsgKanji89D0Tex,UI_2D,dedicated UI texture group 'kanji',HIGH
gMsgKanji89D1Tex,UI_2D,dedicated UI texture group 'kanji',HIGH
gMsgKanji89D2Tex,UI_2D,dedicated UI texture group 'kanji',HIGH
gMsgKanji89D3Tex,UI_2D,dedicated UI texture group 'kanji',HIGH
gMsgKanji89D4Tex,UI_2D,dedicated UI texture group 'kanji',HIGH
gMsgKanji89D5Tex,UI_2D,dedicated UI texture group 'kanji',HIGH
gMsgKanji89D6Tex,UI_2D,dedicated UI texture group 'kanji',HIGH
gMsgKanji89D7Tex,UI_2D,dedicated UI texture group 'kanji',HIGH
gMsgKanji89D8Tex,UI_2D,dedicated UI texture group 'kanji',HIGH
gMsgKanji89D9Tex,UI_2D,dedicated UI texture group 'kanji',HIGH
gMsgKanji89DATex,UI_2D,dedicated UI texture group 'kanji',HIGH
gMsgKanji89DBTex,UI_2D,dedicated UI texture group 'kanji',HIGH
gMsgKanji89DCTex,UI_2D,dedicated UI texture group 'kanji',HIGH
gMsgKanji89DDTex,UI_2D,dedicated UI texture group 'kanji',HIGH
gMsgKanji89DETex,UI_2D,dedicated UI texture group 'kanji',HIGH
gMsgKanji89DFTex,UI_2D,dedicated UI texture group 'kanji',HIGH
gMsgKanji89E0Tex,UI_2D,dedicated UI texture group 'kanji',HIGH
gMsgKanji89E1Tex,UI_2D,dedicated UI texture group 'kanji',HIGH
gMsgKanji89E2Tex,UI_2D,dedicated UI texture group 'kanji',HIGH
gMsgKanji89E3Tex,UI_2D,dedicated UI texture group 'kanji',HIGH
gMsgKanji89E4Tex,UI_2D,dedicated UI texture group 'kanji',HIGH
gMsgKanji89E5Tex,UI_2D,dedicated UI texture group 'kanji',HIGH
gMsgKanji89E6Tex,UI_2D,dedicated UI texture group 'kanji',HIGH
gMsgKanji89E7Tex,UI_2D,dedicated UI texture group 'kanji',HIGH
gMsgKanji89E8Tex,UI_2D,dedicated UI texture group 'kanji',HIGH
gMsgKanji89E9Tex,UI_2D,dedicated UI texture group 'kanji',HIGH
gMsgKanji89EATex,UI_2D,dedicated UI texture group 'kanji',HIGH
gMsgKanji89EBTex,UI_2D,dedicated UI texture group 'kanji',HIGH
gMsgKanji89ECTex,UI_2D,dedicated UI texture group 'kanji',HIGH
gMsgKanji89EDTex,UI_2D,dedicated UI texture group 'kanji',HIGH
gMsgKanji89EETex,UI_2D,dedicated UI texture group 'kanji',HIGH
gMsgKanji89EFTex,UI_2D,dedicated UI texture group 'kanji',HIGH
gMsgKanji89F0Tex,UI_2D,dedicated UI texture group 'kanji',HIGH
gMsgKanji89F1Tex,UI_2D,dedicated UI texture group 'kanji',HIGH
gMsgKanji89F2Tex,UI_2D,dedicated UI texture group 'kanji',HIGH
gMsgKanji89F3Tex,UI_2D,dedicated UI texture group 'kanji',HIGH
gMsgKanji89F4Tex,UI_2D,dedicated UI texture group 'kanji',HIGH
gMsgKanji89F5Tex,UI_2D,dedicated UI texture group 'kanji',HIGH
gMsgKanji89F6Tex,UI_2D,dedicated UI texture group 'kanji',HIGH
gMsgKanji89F7Tex,UI_2D,dedicated UI texture group 'kanji',HIGH
gMsgKanji89F8Tex,UI_2D,dedicated UI texture group 'kanji',HIGH
gMsgKanji89F9Tex,UI_2D,dedicated UI texture group 'kanji',HIGH
gMsgKanji89FATex,UI_2D,dedicated UI texture group 'kanji',HIGH
gMsgKanji89FBTex,UI_2D,dedicated UI texture group 'kanji',HIGH
gMsgKanji89FCTex,UI_2D,dedicated UI texture group 'kanji',HIGH
gMsgKanji8A40Tex,UI_2D,dedicated UI texture group 'kanji',HIGH
gMsgKanji8A41Tex,UI_2D,dedicated UI texture group 'kanji',HIGH
gMsgKanji8A42Tex,UI_2D,dedicated UI texture group 'kanji',HIGH
gMsgKanji8A43Tex,UI_2D,dedicated UI texture group 'kanji',HIGH
gMsgKanji8A44Tex,UI_2D,dedicated UI texture group 'kanji',HIGH
gMsgKanji8A45Tex,UI_2D,dedicated UI texture group 'kanji',HIGH
gMsgKanji8A46Tex,UI_2D,dedicated UI texture group 'kanji',HIGH
gMsgKanji8A47Tex,UI_2D,dedicated UI texture group 'kanji',HIGH
gMsgKanji8A48Tex,UI_2D,dedicated UI texture group 'kanji',HIGH
gMsgKanji8A49Tex,UI_2D,dedicated UI texture group 'kanji',HIGH
gMsgKanji8A4ATex,UI_2D,dedicated UI texture group 'kanji',HIGH
gMsgKanji8A4BTex,UI_2D,dedicated UI texture group 'kanji',HIGH
gMsgKanji8A4CTex,UI_2D,dedicated UI texture group 'kanji',HIGH
gMsgKanji8A4DTex,UI_2D,dedicated UI texture group 'kanji',HIGH
gMsgKanji8A4ETex,UI_2D,dedicated UI texture group 'kanji',HIGH
gMsgKanji8A4FTex,UI_2D,dedicated UI texture group 'kanji',HIGH
gMsgKanji8A50Tex,UI_2D,dedicated UI texture group 'kanji',HIGH
gMsgKanji8A51Tex,UI_2D,dedicated UI texture group 'kanji',HIGH
gMsgKanji8A52Tex,UI_2D,dedicated UI texture group 'kanji',HIGH
gMsgKanji8A53Tex,UI_2D,dedicated UI texture group 'kanji',HIGH
gMsgKanji8A54Tex,UI_2D,dedicated UI texture group 'kanji',HIGH
gMsgKanji8A55Tex,UI_2D,dedicated UI texture group 'kanji',HIGH
gMsgKanji8A56Tex,UI_2D,dedicated UI texture group 'kanji',HIGH
gMsgKanji8A57Tex,UI_2D,dedicated UI texture group 'kanji',HIGH
gMsgKanji8A58Tex,UI_2D,dedicated UI texture group 'kanji',HIGH
gMsgKanji8A59Tex,UI_2D,dedicated UI texture group 'kanji',HIGH
gMsgKanji8A5ATex,UI_2D,dedicated UI texture group 'kanji',HIGH
gMsgKanji8A5BTex,UI_2D,dedicated UI texture group 'kanji',HIGH
gMsgKanji8A5CTex,UI_2D,dedicated UI texture group 'kanji',HIGH
gMsgKanji8A5DTex,UI_2D,dedicated UI texture group 'kanji',HIGH
gMsgKanji8A5ETex,UI_2D,dedicated UI texture group 'kanji',HIGH
gMsgKanji8A5FTex,UI_2D,dedicated UI texture group 'kanji',HIGH
gMsgKanji8A60Tex,UI_2D,dedicated UI texture group 'kanji',HIGH
gMsgKanji8A61Tex,UI_2D,dedicated UI texture group 'kanji',HIGH
gMsgKanji8A62Tex,UI_2D,dedicated UI texture group 'kanji',HIGH
gMsgKanji8A63Tex,UI_2D,dedicated UI texture group 'kanji',HIGH
gMsgKanji8A64Tex,UI_2D,dedicated UI texture group 'kanji',HIGH
gMsgKanji8A65Tex,UI_2D,dedicated UI texture group 'kanji',HIGH
gMsgKanji8A66Tex,UI_2D,dedicated UI texture group 'kanji',HIGH
gMsgKanji8A67Tex,UI_2D,dedicated UI texture group 'kanji',HIGH
gMsgKanji8A68Tex,UI_2D,dedicated UI texture group 'kanji',HIGH
gMsgKanji8A69Tex,UI_2D,dedicated UI texture group 'kanji',HIGH
gMsgKanji8A6ATex,UI_2D,dedicated UI texture group 'kanji',HIGH
gMsgKanji8A6BTex,UI_2D,dedicated UI texture group 'kanji',HIGH
gMsgKanji8A6CTex,UI_2D,dedicated UI texture group 'kanji',HIGH
gMsgKanji8A6DTex,UI_2D,dedicated UI texture group 'kanji',HIGH
gMsgKanji8A6ETex,UI_2D,dedicated UI texture group 'kanji',HIGH
gMsgKanji8A6FTex,UI_2D,dedicated UI texture group 'kanji',HIGH
gMsgKanji8A70Tex,UI_2D,dedicated UI texture group 'kanji',HIGH
gMsgKanji8A71Tex,UI_2D,dedicated UI texture group 'kanji',HIGH
gMsgKanji8A72Tex,UI_2D,dedicated UI texture group 'kanji',HIGH
gMsgKanji8A73Tex,UI_2D,dedicated UI texture group 'kanji',HIGH
gMsgKanji8A74Tex,UI_2D,dedicated UI texture group 'kanji',HIGH
gMsgKanji8A75Tex,UI_2D,dedicated UI texture group 'kanji',HIGH
gMsgKanji8A76Tex,UI_2D,dedicated UI texture group 'kanji',HIGH
gMsgKanji8A77Tex,UI_2D,dedicated UI texture group 'kanji',HIGH
gMsgKanji8A78Tex,UI_2D,dedicated UI texture group 'kanji',HIGH
gMsgKanji8A79Tex,UI_2D,dedicated UI texture group 'kanji',HIGH
gMsgKanji8A7ATex,UI_2D,dedicated UI texture group 'kanji',HIGH
gMsgKanji8A7BTex,UI_2D,dedicated UI texture group 'kanji',HIGH
gMsgKanji8A7CTex,UI_2D,dedicated UI texture group 'kanji',HIGH
gMsgKanji8A7DTex,UI_2D,dedicated UI texture group 'kanji',HIGH
gMsgKanji8A7ETex,UI_2D,dedicated UI texture group 'kanji',HIGH
gMsgKanji8A80Tex,UI_2D,dedicated UI texture group 'kanji',HIGH
gMsgKanji8A81Tex,UI_2D,dedicated UI texture group 'kanji',HIGH
gMsgKanji8A82Tex,UI_2D,dedicated UI texture group 'kanji',HIGH
gMsgKanji8A83Tex,UI_2D,dedicated UI texture group 'kanji',HIGH
gMsgKanji8A84Tex,UI_2D,dedicated UI texture group 'kanji',HIGH
gMsgKanji8A85Tex,UI_2D,dedicated UI texture group 'kanji',HIGH
gMsgKanji8A86Tex,UI_2D,dedicated UI texture group 'kanji',HIGH
gMsgKanji8A87Tex,UI_2D,dedicated UI texture group 'kanji',HIGH
gMsgKanji8A88Tex,UI_2D,dedicated UI texture group 'kanji',HIGH
gMsgKanji8A89Tex,UI_2D,dedicated UI texture group 'kanji',HIGH
gMsgKanji8A8ATex,UI_2D,dedicated UI texture group 'kanji',HIGH
gMsgKanji8A8BTex,UI_2D,dedicated UI texture group 'kanji',HIGH
gMsgKanji8A8CTex,UI_2D,dedicated UI texture group 'kanji',HIGH
gMsgKanji8A8DTex,UI_2D,dedicated UI texture group 'kanji',HIGH
gMsgKanji8A8ETex,UI_2D,dedicated UI texture group 'kanji',HIGH
gMsgKanji8A8FTex,UI_2D,dedicated UI texture group 'kanji',HIGH
gMsgKanji8A90Tex,UI_2D,dedicated UI texture group 'kanji',HIGH
gMsgKanji8A91Tex,UI_2D,dedicated UI texture group 'kanji',HIGH
gMsgKanji8A92Tex,UI_2D,dedicated UI texture group 'kanji',HIGH
gMsgKanji8A93Tex,UI_2D,dedicated UI texture group 'kanji',HIGH
gMsgKanji8A94Tex,UI_2D,dedicated UI texture group 'kanji',HIGH
gMsgKanji8A95Tex,UI_2D,dedicated UI texture group 'kanji',HIGH
gMsgKanji8A96Tex,UI_2D,dedicated UI texture group 'kanji',HIGH
gMsgKanji8A97Tex,UI_2D,dedicated UI texture group 'kanji',HIGH
gMsgKanji8A98Tex,UI_2D,dedicated UI texture group 'kanji',HIGH
gMsgKanji8A99Tex,UI_2D,dedicated UI texture group 'kanji',HIGH
gMsgKanji8A9ATex,UI_2D,dedicated UI texture group 'kanji',HIGH
gMsgKanji8A9BTex,UI_2D,dedicated UI texture group 'kanji',HIGH
gMsgKanji8A9CTex,UI_2D,dedicated UI texture group 'kanji',HIGH
gMsgKanji8A9DTex,UI_2D,dedicated UI texture group 'kanji',HIGH
gMsgKanji8A9ETex,UI_2D,dedicated UI texture group 'kanji',HIGH
gMsgKanji8A9FTex,UI_2D,dedicated UI texture group 'kanji',HIGH
gMsgKanji8AA0Tex,UI_2D,dedicated UI texture group 'kanji',HIGH
gMsgKanji8AA1Tex,UI_2D,dedicated UI texture group 'kanji',HIGH
gMsgKanji8AA2Tex,UI_2D,dedicated UI texture group 'kanji',HIGH
gMsgKanji8AA3Tex,UI_2D,dedicated UI texture group 'kanji',HIGH
gMsgKanji8AA4Tex,UI_2D,dedicated UI texture group 'kanji',HIGH
gMsgKanji8AA5Tex,UI_2D,dedicated UI texture group 'kanji',HIGH
gMsgKanji8AA6Tex,UI_2D,dedicated UI texture group 'kanji',HIGH
gMsgKanji8AA7Tex,UI_2D,dedicated UI texture group 'kanji',HIGH
gMsgKanji8AA8Tex,UI_2D,dedicated UI texture group 'kanji',HIGH
gMsgKanji8AA9Tex,UI_2D,dedicated UI texture group 'kanji',HIGH
gMsgKanji8AAATex,UI_2D,dedicated UI texture group 'kanji',HIGH
gMsgKanji8AABTex,UI_2D,dedicated UI texture group 'kanji',HIGH
gMsgKanji8AACTex,UI_2D,dedicated UI texture group 'kanji',HIGH
gMsgKanji8AADTex,UI_2D,dedicated UI texture group 'kanji',HIGH
gMsgKanji8AAETex,UI_2D,dedicated UI texture group 'kanji',HIGH
gMsgKanji8AAFTex,UI_2D,dedicated UI texture group 'kanji',HIGH
gMsgKanji8AB0Tex,UI_2D,dedicated UI texture group 'kanji',HIGH
gMsgKanji8AB1Tex,UI_2D,dedicated UI texture group 'kanji',HIGH
gMsgKanji8AB2Tex,UI_2D,dedicated UI texture group 'kanji',HIGH
gMsgKanji8AB3Tex,UI_2D,dedicated UI texture group 'kanji',HIGH
gMsgKanji8AB4Tex,UI_2D,dedicated UI texture group 'kanji',HIGH
gMsgKanji8AB5Tex,UI_2D,dedicated UI texture group 'kanji',HIGH
gMsgKanji8AB6Tex,UI_2D,dedicated UI texture group 'kanji',HIGH
gMsgKanji8AB7Tex,UI_2D,dedicated UI texture group 'kanji',HIGH
gMsgKanji8AB8Tex,UI_2D,dedicated UI texture group 'kanji',HIGH
gMsgKanji8AB9Tex,UI_2D,dedicated UI texture group 'kanji',HIGH
gMsgKanji8ABATex,UI_2D,dedicated UI texture group 'kanji',HIGH
gMsgKanji8ABBTex,UI_2D,dedicated UI texture group 'kanji',HIGH
gMsgKanji8ABCTex,UI_2D,dedicated UI texture group 'kanji',HIGH
gMsgKanji8ABDTex,UI_2D,dedicated UI texture group 'kanji',HIGH
gMsgKanji8ABETex,UI_2D,dedicated UI texture group 'kanji',HIGH
gMsgKanji8ABFTex,UI_2D,dedicated UI texture group 'kanji',HIGH
gMsgKanji8AC0Tex,UI_2D,dedicated UI texture group 'kanji',HIGH
gMsgKanji8AC1Tex,UI_2D,dedicated UI texture group 'kanji',HIGH
gMsgKanji8AC2Tex,UI_2D,dedicated UI texture group 'kanji',HIGH
gMsgKanji8AC3Tex,UI_2D,dedicated UI texture group 'kanji',HIGH
gMsgKanji8AC4Tex,UI_2D,dedicated UI texture group 'kanji',HIGH
gMsgKanji8AC5Tex,UI_2D,dedicated UI texture group 'kanji',HIGH
gMsgKanji8AC6Tex,UI_2D,dedicated UI texture group 'kanji',HIGH
gMsgKanji8AC7Tex,UI_2D,dedicated UI texture group 'kanji',HIGH
gMsgKanji8AC8Tex,UI_2D,dedicated UI texture group 'kanji',HIGH
gMsgKanji8AC9Tex,UI_2D,dedicated UI texture group 'kanji',HIGH
gMsgKanji8ACATex,UI_2D,dedicated UI texture group 'kanji',HIGH
gMsgKanji8ACBTex,UI_2D,dedicated UI texture group 'kanji',HIGH
gMsgKanji8ACCTex,UI_2D,dedicated UI texture group 'kanji',HIGH
gMsgKanji8ACDTex,UI_2D,dedicated UI texture group 'kanji',HIGH
gMsgKanji8ACETex,UI_2D,dedicated UI texture group 'kanji',HIGH
gMsgKanji8ACFTex,UI_2D,dedicated UI texture group 'kanji',HIGH
gMsgKanji8AD0Tex,UI_2D,dedicated UI texture group 'kanji',HIGH
gMsgKanji8AD1Tex,UI_2D,dedicated UI texture group 'kanji',HIGH
gMsgKanji8AD2Tex,UI_2D,dedicated UI texture group 'kanji',HIGH
gMsgKanji8AD3Tex,UI_2D,dedicated UI texture group 'kanji',HIGH
gMsgKanji8AD4Tex,UI_2D,dedicated UI texture group 'kanji',HIGH
gMsgKanji8AD5Tex,UI_2D,dedicated UI texture group 'kanji',HIGH
gMsgKanji8AD6Tex,UI_2D,dedicated UI texture group 'kanji',HIGH
gMsgKanji8AD7Tex,UI_2D,dedicated UI texture group 'kanji',HIGH
gMsgKanji8AD8Tex,UI_2D,dedicated UI texture group 'kanji',HIGH
gMsgKanji8AD9Tex,UI_2D,dedicated UI texture group 'kanji',HIGH
gMsgKanji8ADATex,UI_2D,dedicated UI texture group 'kanji',HIGH
gMsgKanji8ADBTex,UI_2D,dedicated UI texture group 'kanji',HIGH
gMsgKanji8ADCTex,UI_2D,dedicated UI texture group 'kanji',HIGH
gMsgKanji8ADDTex,UI_2D,dedicated UI texture group 'kanji',HIGH
gMsgKanji8ADETex,UI_2D,dedicated UI texture group 'kanji',HIGH
gMsgKanji8ADFTex,UI_2D,dedicated UI texture group 'kanji',HIGH
gMsgKanji8AE0Tex,UI_2D,dedicated UI texture group 'kanji',HIGH
gMsgKanji8AE1Tex,UI_2D,dedicated UI texture group 'kanji',HIGH
gMsgKanji8AE2Tex,UI_2D,dedicated UI texture group 'kanji',HIGH
gMsgKanji8AE3Tex,UI_2D,dedicated UI texture group 'kanji',HIGH
gMsgKanji8AE4Tex,UI_2D,dedicated UI texture group 'kanji',HIGH
gMsgKanji8AE5Tex,UI_2D,dedicated UI texture group 'kanji',HIGH
gMsgKanji8AE6Tex,UI_2D,dedicated UI texture group 'kanji',HIGH
gMsgKanji8AE7Tex,UI_2D,dedicated UI texture group 'kanji',HIGH
gMsgKanji8AE8Tex,UI_2D,dedicated UI texture group 'kanji',HIGH
gMsgKanji8AE9Tex,UI_2D,dedicated UI texture group 'kanji',HIGH
gMsgKanji8AEATex,UI_2D,dedicated UI texture group 'kanji',HIGH
gMsgKanji8AEBTex,UI_2D,dedicated UI texture group 'kanji',HIGH
gMsgKanji8AECTex,UI_2D,dedicated UI texture group 'kanji',HIGH
gMsgKanji8AEDTex,UI_2D,dedicated UI texture group 'kanji',HIGH
gMsgKanji8AEETex,UI_2D,dedicated UI texture group 'kanji',HIGH
gMsgKanji8AEFTex,UI_2D,dedicated UI texture group 'kanji',HIGH
gMsgKanji8AF0Tex,UI_2D,dedicated UI texture group 'kanji',HIGH
gMsgKanji8AF1Tex,UI_2D,dedicated UI texture group 'kanji',HIGH
gMsgKanji8AF2Tex,UI_2D,dedicated UI texture group 'kanji',HIGH
gMsgKanji8AF3Tex,UI_2D,dedicated UI texture group 'kanji',HIGH
gMsgKanji8AF4Tex,UI_2D,dedicated UI texture group 'kanji',HIGH
gMsgKanji8AF5Tex,UI_2D,dedicated UI texture group 'kanji',HIGH
gMsgKanji8AF6Tex,UI_2D,dedicated UI texture group 'kanji',HIGH
gMsgKanji8AF7Tex,UI_2D,dedicated UI texture group 'kanji',HIGH
gMsgKanji8AF8Tex,UI_2D,dedicated UI texture group 'kanji',HIGH
gMsgKanji8AF9Tex,UI_2D,dedicated UI texture group 'kanji',HIGH
gMsgKanji8AFATex,UI_2D,dedicated UI texture group 'kanji',HIGH
gMsgKanji8AFBTex,UI_2D,dedicated UI texture group 'kanji',HIGH
gMsgKanji8AFCTex,UI_2D,dedicated UI texture group 'kanji',HIGH
gMsgKanji8B40Tex,UI_2D,dedicated UI texture group 'kanji',HIGH
gMsgKanji8B41Tex,UI_2D,dedicated UI texture group 'kanji',HIGH
gMsgKanji8B42Tex,UI_2D,dedicated UI texture group 'kanji',HIGH
gMsgKanji8B43Tex,UI_2D,dedicated UI texture group 'kanji',HIGH
gMsgKanji8B44Tex,UI_2D,dedicated UI texture group 'kanji',HIGH
gMsgKanji8B45Tex,UI_2D,dedicated UI texture group 'kanji',HIGH
gMsgKanji8B46Tex,UI_2D,dedicated UI texture group 'kanji',HIGH
gMsgKanji8B47Tex,UI_2D,dedicated UI texture group 'kanji',HIGH
gMsgKanji8B48Tex,UI_2D,dedicated UI texture group 'kanji',HIGH
gMsgKanji8B49Tex,UI_2D,dedicated UI texture group 'kanji',HIGH
gMsgKanji8B4ATex,UI_2D,dedicated UI texture group 'kanji',HIGH
gMsgKanji8B4BTex,UI_2D,dedicated UI texture group 'kanji',HIGH
gMsgKanji8B4CTex,UI_2D,dedicated UI texture group 'kanji',HIGH
gMsgKanji8B4DTex,UI_2D,dedicated UI texture group 'kanji',HIGH
gMsgKanji8B4ETex,UI_2D,dedicated UI texture group 'kanji',HIGH
gMsgKanji8B4FTex,UI_2D,dedicated UI texture group 'kanji',HIGH
gMsgKanji8B50Tex,UI_2D,dedicated UI texture group 'kanji',HIGH
gMsgKanji8B51Tex,UI_2D,dedicated UI texture group 'kanji',HIGH
gMsgKanji8B52Tex,UI_2D,dedicated UI texture group 'kanji',HIGH
gMsgKanji8B53Tex,UI_2D,dedicated UI texture group 'kanji',HIGH
gMsgKanji8B54Tex,UI_2D,dedicated UI texture group 'kanji',HIGH
gMsgKanji8B55Tex,UI_2D,dedicated UI texture group 'kanji',HIGH
gMsgKanji8B56Tex,UI_2D,dedicated UI texture group 'kanji',HIGH
gMsgKanji8B57Tex,UI_2D,dedicated UI texture group 'kanji',HIGH
gMsgKanji8B58Tex,UI_2D,dedicated UI texture group 'kanji',HIGH
gMsgKanji8B59Tex,UI_2D,dedicated UI texture group 'kanji',HIGH
gMsgKanji8B5ATex,UI_2D,dedicated UI texture group 'kanji',HIGH
gMsgKanji8B5BTex,UI_2D,dedicated UI texture group 'kanji',HIGH
gMsgKanji8B5CTex,UI_2D,dedicated UI texture group 'kanji',HIGH
gMsgKanji8B5DTex,UI_2D,dedicated UI texture group 'kanji',HIGH
gMsgKanji8B5ETex,UI_2D,dedicated UI texture group 'kanji',HIGH
gMsgKanji8B5FTex,UI_2D,dedicated UI texture group 'kanji',HIGH
gMsgKanji8B60Tex,UI_2D,dedicated UI texture group 'kanji',HIGH
gMsgKanji8B61Tex,UI_2D,dedicated UI texture group 'kanji',HIGH
gMsgKanji8B62Tex,UI_2D,dedicated UI texture group 'kanji',HIGH
gMsgKanji8B63Tex,UI_2D,dedicated UI texture group 'kanji',HIGH
gMsgKanji8B64Tex,UI_2D,dedicated UI texture group 'kanji',HIGH
gMsgKanji8B65Tex,UI_2D,dedicated UI texture group 'kanji',HIGH
gMsgKanji8B66Tex,UI_2D,dedicated UI texture group 'kanji',HIGH
gMsgKanji8B67Tex,UI_2D,dedicated UI texture group 'kanji',HIGH
gMsgKanji8B68Tex,UI_2D,dedicated UI texture group 'kanji',HIGH
gMsgKanji8B69Tex,UI_2D,dedicated UI texture group 'kanji',HIGH
gMsgKanji8B6ATex,UI_2D,dedicated UI texture group 'kanji',HIGH
gMsgKanji8B6BTex,UI_2D,dedicated UI texture group 'kanji',HIGH
gMsgKanji8B6CTex,UI_2D,dedicated UI texture group 'kanji',HIGH
gMsgKanji8B6DTex,UI_2D,dedicated UI texture group 'kanji',HIGH
gMsgKanji8B6ETex,UI_2D,dedicated UI texture group 'kanji',HIGH
gMsgKanji8B6FTex,UI_2D,dedicated UI texture group 'kanji',HIGH
gMsgKanji8B70Tex,UI_2D,dedicated UI texture group 'kanji',HIGH
gMsgKanji8B71Tex,UI_2D,dedicated UI texture group 'kanji',HIGH
gMsgKanji8B72Tex,UI_2D,dedicated UI texture group 'kanji',HIGH
gMsgKanji8B73Tex,UI_2D,dedicated UI texture group 'kanji',HIGH
gMsgKanji8B74Tex,UI_2D,dedicated UI texture group 'kanji',HIGH
gMsgKanji8B75Tex,UI_2D,dedicated UI texture group 'kanji',HIGH
gMsgKanji8B76Tex,UI_2D,dedicated UI texture group 'kanji',HIGH
gMsgKanji8B77Tex,UI_2D,dedicated UI texture group 'kanji',HIGH
gMsgKanji8B78Tex,UI_2D,dedicated UI texture group 'kanji',HIGH
gMsgKanji8B79Tex,UI_2D,dedicated UI texture group 'kanji',HIGH
gMsgKanji8B7ATex,UI_2D,dedicated UI texture group 'kanji',HIGH
gMsgKanji8B7BTex,UI_2D,dedicated UI texture group 'kanji',HIGH
gMsgKanji8B7CTex,UI_2D,dedicated UI texture group 'kanji',HIGH
gMsgKanji8B7DTex,UI_2D,dedicated UI texture group 'kanji',HIGH
gMsgKanji8B7ETex,UI_2D,dedicated UI texture group 'kanji',HIGH
gMsgKanji8B80Tex,UI_2D,dedicated UI texture group 'kanji',HIGH
gMsgKanji8B81Tex,UI_2D,dedicated UI texture group 'kanji',HIGH
gMsgKanji8B82Tex,UI_2D,dedicated UI texture group 'kanji',HIGH
gMsgKanji8B83Tex,UI_2D,dedicated UI texture group 'kanji',HIGH
gMsgKanji8B84Tex,UI_2D,dedicated UI texture group 'kanji',HIGH
gMsgKanji8B85Tex,UI_2D,dedicated UI texture group 'kanji',HIGH
gMsgKanji8B86Tex,UI_2D,dedicated UI texture group 'kanji',HIGH
gMsgKanji8B87Tex,UI_2D,dedicated UI texture group 'kanji',HIGH
gMsgKanji8B88Tex,UI_2D,dedicated UI texture group 'kanji',HIGH
gMsgKanji8B89Tex,UI_2D,dedicated UI texture group 'kanji',HIGH
gMsgKanji8B8ATex,UI_2D,dedicated UI texture group 'kanji',HIGH
gMsgKanji8B8BTex,UI_2D,dedicated UI texture group 'kanji',HIGH
gMsgKanji8B8CTex,UI_2D,dedicated UI texture group 'kanji',HIGH
gMsgKanji8B8DTex,UI_2D,dedicated UI texture group 'kanji',HIGH
gMsgKanji8B8ETex,UI_2D,dedicated UI texture group 'kanji',HIGH
gMsgKanji8B8FTex,UI_2D,dedicated UI texture group 'kanji',HIGH
gMsgKanji8B90Tex,UI_2D,dedicated UI texture group 'kanji',HIGH
gMsgKanji8B91Tex,UI_2D,dedicated UI texture group 'kanji',HIGH
gMsgKanji8B92Tex,UI_2D,dedicated UI texture group 'kanji',HIGH
gMsgKanji8B93Tex,UI_2D,dedicated UI texture group 'kanji',HIGH
gMsgKanji8B94Tex,UI_2D,dedicated UI texture group 'kanji',HIGH
gMsgKanji8B95Tex,UI_2D,dedicated UI texture group 'kanji',HIGH
gMsgKanji8B96Tex,UI_2D,dedicated UI texture group 'kanji',HIGH
gMsgKanji8B97Tex,UI_2D,dedicated UI texture group 'kanji',HIGH
gMsgKanji8B98Tex,UI_2D,dedicated UI texture group 'kanji',HIGH
gMsgKanji8B99Tex,UI_2D,dedicated UI texture group 'kanji',HIGH
gMsgKanji8B9ATex,UI_2D,dedicated UI texture group 'kanji',HIGH
gMsgKanji8B9BTex,UI_2D,dedicated UI texture group 'kanji',HIGH
gMsgKanji8B9CTex,UI_2D,dedicated UI texture group 'kanji',HIGH
gMsgKanji8B9DTex,UI_2D,dedicated UI texture group 'kanji',HIGH
gMsgKanji8B9ETex,UI_2D,dedicated UI texture group 'kanji',HIGH
gMsgKanji8B9FTex,UI_2D,dedicated UI texture group 'kanji',HIGH
gMsgKanji8BA0Tex,UI_2D,dedicated UI texture group 'kanji',HIGH
gMsgKanji8BA1Tex,UI_2D,dedicated UI texture group 'kanji',HIGH
gMsgKanji8BA2Tex,UI_2D,dedicated UI texture group 'kanji',HIGH
gMsgKanji8BA3Tex,UI_2D,dedicated UI texture group 'kanji',HIGH
gMsgKanji8BA4Tex,UI_2D,dedicated UI texture group 'kanji',HIGH
gMsgKanji8BA5Tex,UI_2D,dedicated UI texture group 'kanji',HIGH
gMsgKanji8BA6Tex,UI_2D,dedicated UI texture group 'kanji',HIGH
gMsgKanji8BA7Tex,UI_2D,dedicated UI texture group 'kanji',HIGH
gMsgKanji8BA8Tex,UI_2D,dedicated UI texture group 'kanji',HIGH
gMsgKanji8BA9Tex,UI_2D,dedicated UI texture group 'kanji',HIGH
gMsgKanji8BAATex,UI_2D,dedicated UI texture group 'kanji',HIGH
gMsgKanji8BABTex,UI_2D,dedicated UI texture group 'kanji',HIGH
gMsgKanji8BACTex,UI_2D,dedicated UI texture group 'kanji',HIGH
gMsgKanji8BADTex,UI_2D,dedicated UI texture group 'kanji',HIGH
gMsgKanji8BAETex,UI_2D,dedicated UI texture group 'kanji',HIGH
gMsgKanji8BAFTex,UI_2D,dedicated UI texture group 'kanji',HIGH
gMsgKanji8BB0Tex,UI_2D,dedicated UI texture group 'kanji',HIGH
gMsgKanji8BB1Tex,UI_2D,dedicated UI texture group 'kanji',HIGH
gMsgKanji8BB2Tex,UI_2D,dedicated UI texture group 'kanji',HIGH
gMsgKanji8BB3Tex,UI_2D,dedicated UI texture group 'kanji',HIGH
gMsgKanji8BB4Tex,UI_2D,dedicated UI texture group 'kanji',HIGH
gMsgKanji8BB5Tex,UI_2D,dedicated UI texture group 'kanji',HIGH
gMsgKanji8BB6Tex,UI_2D,dedicated UI texture group 'kanji',HIGH
gMsgKanji8BB7Tex,UI_2D,dedicated UI texture group 'kanji',HIGH
gMsgKanji8BB8Tex,UI_2D,dedicated UI texture group 'kanji',HIGH
gMsgKanji8BB9Tex,UI_2D,dedicated UI texture group 'kanji',HIGH
gMsgKanji8BBATex,UI_2D,dedicated UI texture group 'kanji',HIGH
gMsgKanji8BBBTex,UI_2D,dedicated UI texture group 'kanji',HIGH
gMsgKanji8BBCTex,UI_2D,dedicated UI texture group 'kanji',HIGH
gMsgKanji8BBDTex,UI_2D,dedicated UI texture group 'kanji',HIGH
gMsgKanji8BBETex,UI_2D,dedicated UI texture group 'kanji',HIGH
gMsgKanji8BBFTex,UI_2D,dedicated UI texture group 'kanji',HIGH
gMsgKanji8BC0Tex,UI_2D,dedicated UI texture group 'kanji',HIGH
gMsgKanji8BC1Tex,UI_2D,dedicated UI texture group 'kanji',HIGH
gMsgKanji8BC2Tex,UI_2D,dedicated UI texture group 'kanji',HIGH
gMsgKanji8BC3Tex,UI_2D,dedicated UI texture group 'kanji',HIGH
gMsgKanji8BC4Tex,UI_2D,dedicated UI texture group 'kanji',HIGH
gMsgKanji8BC5Tex,UI_2D,dedicated UI texture group 'kanji',HIGH
gMsgKanji8BC6Tex,UI_2D,dedicated UI texture group 'kanji',HIGH
gMsgKanji8BC7Tex,UI_2D,dedicated UI texture group 'kanji',HIGH
gMsgKanji8BC8Tex,UI_2D,dedicated UI texture group 'kanji',HIGH
gMsgKanji8BC9Tex,UI_2D,dedicated UI texture group 'kanji',HIGH
gMsgKanji8BCATex,UI_2D,dedicated UI texture group 'kanji',HIGH
gMsgKanji8BCBTex,UI_2D,dedicated UI texture group 'kanji',HIGH
gMsgKanji8BCCTex,UI_2D,dedicated UI texture group 'kanji',HIGH
gMsgKanji8BCDTex,UI_2D,dedicated UI texture group 'kanji',HIGH
gMsgKanji8BCETex,UI_2D,dedicated UI texture group 'kanji',HIGH
gMsgKanji8BCFTex,UI_2D,dedicated UI texture group 'kanji',HIGH
gMsgKanji8BD0Tex,UI_2D,dedicated UI texture group 'kanji',HIGH
gMsgKanji8BD1Tex,UI_2D,dedicated UI texture group 'kanji',HIGH
gMsgKanji8BD2Tex,UI_2D,dedicated UI texture group 'kanji',HIGH
gMsgKanji8BD3Tex,UI_2D,dedicated UI texture group 'kanji',HIGH
gMsgKanji8BD4Tex,UI_2D,dedicated UI texture group 'kanji',HIGH
gMsgKanji8BD5Tex,UI_2D,dedicated UI texture group 'kanji',HIGH
gMsgKanji8BD6Tex,UI_2D,dedicated UI texture group 'kanji',HIGH
gMsgKanji8BD7Tex,UI_2D,dedicated UI texture group 'kanji',HIGH
gMsgKanji8BD8Tex,UI_2D,dedicated UI texture group 'kanji',HIGH
gMsgKanji8BD9Tex,UI_2D,dedicated UI texture group 'kanji',HIGH
gMsgKanji8BDATex,UI_2D,dedicated UI texture group 'kanji',HIGH
gMsgKanji8BDBTex,UI_2D,dedicated UI texture group 'kanji',HIGH
gMsgKanji8BDCTex,UI_2D,dedicated UI texture group 'kanji',HIGH
gMsgKanji8BDDTex,UI_2D,dedicated UI texture group 'kanji',HIGH
gMsgKanji8BDETex,UI_2D,dedicated UI texture group 'kanji',HIGH
gMsgKanji8BDFTex,UI_2D,dedicated UI texture group 'kanji',HIGH
gMsgKanji8BE0Tex,UI_2D,dedicated UI texture group 'kanji',HIGH
gMsgKanji8BE1Tex,UI_2D,dedicated UI texture group 'kanji',HIGH
gMsgKanji8BE2Tex,UI_2D,dedicated UI texture group 'kanji',HIGH
gMsgKanji8BE3Tex,UI_2D,dedicated UI texture group 'kanji',HIGH
gMsgKanji8BE4Tex,UI_2D,dedicated UI texture group 'kanji',HIGH
gMsgKanji8BE5Tex,UI_2D,dedicated UI texture group 'kanji',HIGH
gMsgKanji8BE6Tex,UI_2D,dedicated UI texture group 'kanji',HIGH
gMsgKanji8BE7Tex,UI_2D,dedicated UI texture group 'kanji',HIGH
gMsgKanji8BE8Tex,UI_2D,dedicated UI texture group 'kanji',HIGH
gMsgKanji8BE9Tex,UI_2D,dedicated UI texture group 'kanji',HIGH
gMsgKanji8BEATex,UI_2D,dedicated UI texture group 'kanji',HIGH
gMsgKanji8BEBTex,UI_2D,dedicated UI texture group 'kanji',HIGH
gMsgKanji8BECTex,UI_2D,dedicated UI texture group 'kanji',HIGH
gMsgKanji8BEDTex,UI_2D,dedicated UI texture group 'kanji',HIGH
gMsgKanji8BEETex,UI_2D,dedicated UI texture group 'kanji',HIGH
gMsgKanji8BEFTex,UI_2D,dedicated UI texture group 'kanji',HIGH
gMsgKanji8BF0Tex,UI_2D,dedicated UI texture group 'kanji',HIGH
gMsgKanji8BF1Tex,UI_2D,dedicated UI texture group 'kanji',HIGH
gMsgKanji8BF2Tex,UI_2D,dedicated UI texture group 'kanji',HIGH
gMsgKanji8BF3Tex,UI_2D,dedicated UI texture group 'kanji',HIGH
gMsgKanji8BF4Tex,UI_2D,dedicated UI texture group 'kanji',HIGH
gMsgKanji8BF5Tex,UI_2D,dedicated UI texture group 'kanji',HIGH
gMsgKanji8BF6Tex,UI_2D,dedicated UI texture group 'kanji',HIGH
gMsgKanji8BF7Tex,UI_2D,dedicated UI texture group 'kanji',HIGH
gMsgKanji8BF8Tex,UI_2D,dedicated UI texture group 'kanji',HIGH
gMsgKanji8BF9Tex,UI_2D,dedicated UI texture group 'kanji',HIGH
gMsgKanji8BFATex,UI_2D,dedicated UI texture group 'kanji',HIGH
gMsgKanji8BFBTex,UI_2D,dedicated UI texture group 'kanji',HIGH
gMsgKanji8BFCTex,UI_2D,dedicated UI texture group 'kanji',HIGH
gMsgKanji8C40Tex,UI_2D,dedicated UI texture group 'kanji',HIGH
gMsgKanji8C41Tex,UI_2D,dedicated UI texture group 'kanji',HIGH
gMsgKanji8C42Tex,UI_2D,dedicated UI texture group 'kanji',HIGH
gMsgKanji8C43Tex,UI_2D,dedicated UI texture group 'kanji',HIGH
gMsgKanji8C44Tex,UI_2D,dedicated UI texture group 'kanji',HIGH
gMsgKanji8C45Tex,UI_2D,dedicated UI texture group 'kanji',HIGH
gMsgKanji8C46Tex,UI_2D,dedicated UI texture group 'kanji',HIGH
gMsgKanji8C47Tex,UI_2D,dedicated UI texture group 'kanji',HIGH
gMsgKanji8C48Tex,UI_2D,dedicated UI texture group 'kanji',HIGH
gMsgKanji8C49Tex,UI_2D,dedicated UI texture group 'kanji',HIGH
gMsgKanji8C4ATex,UI_2D,dedicated UI texture group 'kanji',HIGH
gMsgKanji8C4BTex,UI_2D,dedicated UI texture group 'kanji',HIGH
gMsgKanji8C4CTex,UI_2D,dedicated UI texture group 'kanji',HIGH
gMsgKanji8C4DTex,UI_2D,dedicated UI texture group 'kanji',HIGH
gMsgKanji8C4ETex,UI_2D,dedicated UI texture group 'kanji',HIGH
gMsgKanji8C4FTex,UI_2D,dedicated UI texture group 'kanji',HIGH
gMsgKanji8C50Tex,UI_2D,dedicated UI texture group 'kanji',HIGH
gMsgKanji8C51Tex,UI_2D,dedicated UI texture group 'kanji',HIGH
gMsgKanji8C52Tex,UI_2D,dedicated UI texture group 'kanji',HIGH
gMsgKanji8C53Tex,UI_2D,dedicated UI texture group 'kanji',HIGH
gMsgKanji8C54Tex,UI_2D,dedicated UI texture group 'kanji',HIGH
gMsgKanji8C55Tex,UI_2D,dedicated UI texture group 'kanji',HIGH
gMsgKanji8C56Tex,UI_2D,dedicated UI texture group 'kanji',HIGH
gMsgKanji8C57Tex,UI_2D,dedicated UI texture group 'kanji',HIGH
gMsgKanji8C58Tex,UI_2D,dedicated UI texture group 'kanji',HIGH
gMsgKanji8C59Tex,UI_2D,dedicated UI texture group 'kanji',HIGH
gMsgKanji8C5ATex,UI_2D,dedicated UI texture group 'kanji',HIGH
gMsgKanji8C5BTex,UI_2D,dedicated UI texture group 'kanji',HIGH
gMsgKanji8C5CTex,UI_2D,dedicated UI texture group 'kanji',HIGH
gMsgKanji8C5DTex,UI_2D,dedicated UI texture group 'kanji',HIGH
gMsgKanji8C5ETex,UI_2D,dedicated UI texture group 'kanji',HIGH
gMsgKanji8C5FTex,UI_2D,dedicated UI texture group 'kanji',HIGH
gMsgKanji8C60Tex,UI_2D,dedicated UI texture group 'kanji',HIGH
gMsgKanji8C61Tex,UI_2D,dedicated UI texture group 'kanji',HIGH
gMsgKanji8C62Tex,UI_2D,dedicated UI texture group 'kanji',HIGH
gMsgKanji8C63Tex,UI_2D,dedicated UI texture group 'kanji',HIGH
gMsgKanji8C64Tex,UI_2D,dedicated UI texture group 'kanji',HIGH
gMsgKanji8C65Tex,UI_2D,dedicated UI texture group 'kanji',HIGH
gMsgKanji8C66Tex,UI_2D,dedicated UI texture group 'kanji',HIGH
gMsgKanji8C67Tex,UI_2D,dedicated UI texture group 'kanji',HIGH
gMsgKanji8C68Tex,UI_2D,dedicated UI texture group 'kanji',HIGH
gMsgKanji8C69Tex,UI_2D,dedicated UI texture group 'kanji',HIGH
gMsgKanji8C6ATex,UI_2D,dedicated UI texture group 'kanji',HIGH
gMsgKanji8C6BTex,UI_2D,dedicated UI texture group 'kanji',HIGH
gMsgKanji8C6CTex,UI_2D,dedicated UI texture group 'kanji',HIGH
gMsgKanji8C6DTex,UI_2D,dedicated UI texture group 'kanji',HIGH
gMsgKanji8C6ETex,UI_2D,dedicated UI texture group 'kanji',HIGH
gMsgKanji8C6FTex,UI_2D,dedicated UI texture group 'kanji',HIGH
gMsgKanji8C70Tex,UI_2D,dedicated UI texture group 'kanji',HIGH
gMsgKanji8C71Tex,UI_2D,dedicated UI texture group 'kanji',HIGH
gMsgKanji8C72Tex,UI_2D,dedicated UI texture group 'kanji',HIGH
gMsgKanji8C73Tex,UI_2D,dedicated UI texture group 'kanji',HIGH
gMsgKanji8C74Tex,UI_2D,dedicated UI texture group 'kanji',HIGH
gMsgKanji8C75Tex,UI_2D,dedicated UI texture group 'kanji',HIGH
gMsgKanji8C76Tex,UI_2D,dedicated UI texture group 'kanji',HIGH
gMsgKanji8C77Tex,UI_2D,dedicated UI texture group 'kanji',HIGH
gMsgKanji8C78Tex,UI_2D,dedicated UI texture group 'kanji',HIGH
gMsgKanji8C79Tex,UI_2D,dedicated UI texture group 'kanji',HIGH
gMsgKanji8C7ATex,UI_2D,dedicated UI texture group 'kanji',HIGH
gMsgKanji8C7BTex,UI_2D,dedicated UI texture group 'kanji',HIGH
gMsgKanji8C7CTex,UI_2D,dedicated UI texture group 'kanji',HIGH
gMsgKanji8C7DTex,UI_2D,dedicated UI texture group 'kanji',HIGH
gMsgKanji8C7ETex,UI_2D,dedicated UI texture group 'kanji',HIGH
gMsgKanji8C80Tex,UI_2D,dedicated UI texture group 'kanji',HIGH
gMsgKanji8C81Tex,UI_2D,dedicated UI texture group 'kanji',HIGH
gMsgKanji8C82Tex,UI_2D,dedicated UI texture group 'kanji',HIGH
gMsgKanji8C83Tex,UI_2D,dedicated UI texture group 'kanji',HIGH
gMsgKanji8C84Tex,UI_2D,dedicated UI texture group 'kanji',HIGH
gMsgKanji8C85Tex,UI_2D,dedicated UI texture group 'kanji',HIGH
gMsgKanji8C86Tex,UI_2D,dedicated UI texture group 'kanji',HIGH
gMsgKanji8C87Tex,UI_2D,dedicated UI texture group 'kanji',HIGH
gMsgKanji8C88Tex,UI_2D,dedicated UI texture group 'kanji',HIGH
gMsgKanji8C89Tex,UI_2D,dedicated UI texture group 'kanji',HIGH
gMsgKanji8C8ATex,UI_2D,dedicated UI texture group 'kanji',HIGH
gMsgKanji8C8BTex,UI_2D,dedicated UI texture group 'kanji',HIGH
gMsgKanji8C8CTex,UI_2D,dedicated UI texture group 'kanji',HIGH
gMsgKanji8C8DTex,UI_2D,dedicated UI texture group 'kanji',HIGH
gMsgKanji8C8ETex,UI_2D,dedicated UI texture group 'kanji',HIGH
gMsgKanji8C8FTex,UI_2D,dedicated UI texture group 'kanji',HIGH
gMsgKanji8C90Tex,UI_2D,dedicated UI texture group 'kanji',HIGH
gMsgKanji8C91Tex,UI_2D,dedicated UI texture group 'kanji',HIGH
gMsgKanji8C92Tex,UI_2D,dedicated UI texture group 'kanji',HIGH
gMsgKanji8C93Tex,UI_2D,dedicated UI texture group 'kanji',HIGH
gMsgKanji8C94Tex,UI_2D,dedicated UI texture group 'kanji',HIGH
gMsgKanji8C95Tex,UI_2D,dedicated UI texture group 'kanji',HIGH
gMsgKanji8C96Tex,UI_2D,dedicated UI texture group 'kanji',HIGH
gMsgKanji8C97Tex,UI_2D,dedicated UI texture group 'kanji',HIGH
gMsgKanji8C98Tex,UI_2D,dedicated UI texture group 'kanji',HIGH
gMsgKanji8C99Tex,UI_2D,dedicated UI texture group 'kanji',HIGH
gMsgKanji8C9ATex,UI_2D,dedicated UI texture group 'kanji',HIGH
gMsgKanji8C9BTex,UI_2D,dedicated UI texture group 'kanji',HIGH
gMsgKanji8C9CTex,UI_2D,dedicated UI texture group 'kanji',HIGH
gMsgKanji8C9DTex,UI_2D,dedicated UI texture group 'kanji',HIGH
gMsgKanji8C9ETex,UI_2D,dedicated UI texture group 'kanji',HIGH
gMsgKanji8C9FTex,UI_2D,dedicated UI texture group 'kanji',HIGH
gMsgKanji8CA0Tex,UI_2D,dedicated UI texture group 'kanji',HIGH
gMsgKanji8CA1Tex,UI_2D,dedicated UI texture group 'kanji',HIGH
gMsgKanji8CA2Tex,UI_2D,dedicated UI texture group 'kanji',HIGH
gMsgKanji8CA3Tex,UI_2D,dedicated UI texture group 'kanji',HIGH
gMsgKanji8CA4Tex,UI_2D,dedicated UI texture group 'kanji',HIGH
gMsgKanji8CA5Tex,UI_2D,dedicated UI texture group 'kanji',HIGH
gMsgKanji8CA6Tex,UI_2D,dedicated UI texture group 'kanji',HIGH
gMsgKanji8CA7Tex,UI_2D,dedicated UI texture group 'kanji',HIGH
gMsgKanji8CA8Tex,UI_2D,dedicated UI texture group 'kanji',HIGH
gMsgKanji8CA9Tex,UI_2D,dedicated UI texture group 'kanji',HIGH
gMsgKanji8CAATex,UI_2D,dedicated UI texture group 'kanji',HIGH
gMsgKanji8CABTex,UI_2D,dedicated UI texture group 'kanji',HIGH
gMsgKanji8CACTex,UI_2D,dedicated UI texture group 'kanji',HIGH
gMsgKanji8CADTex,UI_2D,dedicated UI texture group 'kanji',HIGH
gMsgKanji8CAETex,UI_2D,dedicated UI texture group 'kanji',HIGH
gMsgKanji8CAFTex,UI_2D,dedicated UI texture group 'kanji',HIGH
gMsgKanji8CB0Tex,UI_2D,dedicated UI texture group 'kanji',HIGH
gMsgKanji8CB1Tex,UI_2D,dedicated UI texture group 'kanji',HIGH
gMsgKanji8CB2Tex,UI_2D,dedicated UI texture group 'kanji',HIGH
gMsgKanji8CB3Tex,UI_2D,dedicated UI texture group 'kanji',HIGH
gMsgKanji8CB4Tex,UI_2D,dedicated UI texture group 'kanji',HIGH
gMsgKanji8CB5Tex,UI_2D,dedicated UI texture group 'kanji',HIGH
gMsgKanji8CB6Tex,UI_2D,dedicated UI texture group 'kanji',HIGH
gMsgKanji8CB7Tex,UI_2D,dedicated UI texture group 'kanji',HIGH
gMsgKanji8CB8Tex,UI_2D,dedicated UI texture group 'kanji',HIGH
gMsgKanji8CB9Tex,UI_2D,dedicated UI texture group 'kanji',HIGH
gMsgKanji8CBATex,UI_2D,dedicated UI texture group 'kanji',HIGH
gMsgKanji8CBBTex,UI_2D,dedicated UI texture group 'kanji',HIGH
gMsgKanji8CBCTex,UI_2D,dedicated UI texture group 'kanji',HIGH
gMsgKanji8CBDTex,UI_2D,dedicated UI texture group 'kanji',HIGH
gMsgKanji8CBETex,UI_2D,dedicated UI texture group 'kanji',HIGH
gMsgKanji8CBFTex,UI_2D,dedicated UI texture group 'kanji',HIGH
gMsgKanji8CC0Tex,UI_2D,dedicated UI texture group 'kanji',HIGH
gMsgKanji8CC1Tex,UI_2D,dedicated UI texture group 'kanji',HIGH
gMsgKanji8CC2Tex,UI_2D,dedicated UI texture group 'kanji',HIGH
gMsgKanji8CC3Tex,UI_2D,dedicated UI texture group 'kanji',HIGH
gMsgKanji8CC4Tex,UI_2D,dedicated UI texture group 'kanji',HIGH
gMsgKanji8CC5Tex,UI_2D,dedicated UI texture group 'kanji',HIGH
gMsgKanji8CC6Tex,UI_2D,dedicated UI texture group 'kanji',HIGH
gMsgKanji8CC7Tex,UI_2D,dedicated UI texture group 'kanji',HIGH
gMsgKanji8CC8Tex,UI_2D,dedicated UI texture group 'kanji',HIGH
gMsgKanji8CC9Tex,UI_2D,dedicated UI texture group 'kanji',HIGH
gMsgKanji8CCATex,UI_2D,dedicated UI texture group 'kanji',HIGH
gMsgKanji8CCBTex,UI_2D,dedicated UI texture group 'kanji',HIGH
gMsgKanji8CCCTex,UI_2D,dedicated UI texture group 'kanji',HIGH
gMsgKanji8CCDTex,UI_2D,dedicated UI texture group 'kanji',HIGH
gMsgKanji8CCETex,UI_2D,dedicated UI texture group 'kanji',HIGH
gMsgKanji8CCFTex,UI_2D,dedicated UI texture group 'kanji',HIGH
gMsgKanji8CD0Tex,UI_2D,dedicated UI texture group 'kanji',HIGH
gMsgKanji8CD1Tex,UI_2D,dedicated UI texture group 'kanji',HIGH
gMsgKanji8CD2Tex,UI_2D,dedicated UI texture group 'kanji',HIGH
gMsgKanji8CD3Tex,UI_2D,dedicated UI texture group 'kanji',HIGH
gMsgKanji8CD4Tex,UI_2D,dedicated UI texture group 'kanji',HIGH
gMsgKanji8CD5Tex,UI_2D,dedicated UI texture group 'kanji',HIGH
gMsgKanji8CD6Tex,UI_2D,dedicated UI texture group 'kanji',HIGH
gMsgKanji8CD7Tex,UI_2D,dedicated UI texture group 'kanji',HIGH
gMsgKanji8CD8Tex,UI_2D,dedicated UI texture group 'kanji',HIGH
gMsgKanji8CD9Tex,UI_2D,dedicated UI texture group 'kanji',HIGH
gMsgKanji8CDATex,UI_2D,dedicated UI texture group 'kanji',HIGH
gMsgKanji8CDBTex,UI_2D,dedicated UI texture group 'kanji',HIGH
gMsgKanji8CDCTex,UI_2D,dedicated UI texture group 'kanji',HIGH
gMsgKanji8CDDTex,UI_2D,dedicated UI texture group 'kanji',HIGH
gMsgKanji8CDETex,UI_2D,dedicated UI texture group 'kanji',HIGH
gMsgKanji8CDFTex,UI_2D,dedicated UI texture group 'kanji',HIGH
gMsgKanji8CE0Tex,UI_2D,dedicated UI texture group 'kanji',HIGH
gMsgKanji8CE1Tex,UI_2D,dedicated UI texture group 'kanji',HIGH
gMsgKanji8CE2Tex,UI_2D,dedicated UI texture group 'kanji',HIGH
gMsgKanji8CE3Tex,UI_2D,dedicated UI texture group 'kanji',HIGH
gMsgKanji8CE4Tex,UI_2D,dedicated UI texture group 'kanji',HIGH
gMsgKanji8CE5Tex,UI_2D,dedicated UI texture group 'kanji',HIGH
gMsgKanji8CE6Tex,UI_2D,dedicated UI texture group 'kanji',HIGH
gMsgKanji8CE7Tex,UI_2D,dedicated UI texture group 'kanji',HIGH
gMsgKanji8CE8Tex,UI_2D,dedicated UI texture group 'kanji',HIGH
gMsgKanji8CE9Tex,UI_2D,dedicated UI texture group 'kanji',HIGH
gMsgKanji8CEATex,UI_2D,dedicated UI texture group 'kanji',HIGH
gMsgKanji8CEBTex,UI_2D,dedicated UI texture group 'kanji',HIGH
gMsgKanji8CECTex,UI_2D,dedicated UI texture group 'kanji',HIGH
gMsgKanji8CEDTex,UI_2D,dedicated UI texture group 'kanji',HIGH
gMsgKanji8CEETex,UI_2D,dedicated UI texture group 'kanji',HIGH
gMsgKanji8CEFTex,UI_2D,dedicated UI texture group 'kanji',HIGH
gMsgKanji8CF0Tex,UI_2D,dedicated UI texture group 'kanji',HIGH
gMsgKanji8CF1Tex,UI_2D,dedicated UI texture group 'kanji',HIGH
gMsgKanji8CF2Tex,UI_2D,dedicated UI texture group 'kanji',HIGH
gMsgKanji8CF3Tex,UI_2D,dedicated UI texture group 'kanji',HIGH
gMsgKanji8CF4Tex,UI_2D,dedicated UI texture group 'kanji',HIGH
gMsgKanji8CF5Tex,UI_2D,dedicated UI texture group 'kanji',HIGH
gMsgKanji8CF6Tex,UI_2D,dedicated UI texture group 'kanji',HIGH
gMsgKanji8CF7Tex,UI_2D,dedicated UI texture group 'kanji',HIGH
gMsgKanji8CF8Tex,UI_2D,dedicated UI texture group 'kanji',HIGH
gMsgKanji8CF9Tex,UI_2D,dedicated UI texture group 'kanji',HIGH
gMsgKanji8CFATex,UI_2D,dedicated UI texture group 'kanji',HIGH
gMsgKanji8CFBTex,UI_2D,dedicated UI texture group 'kanji',HIGH
gMsgKanji8CFCTex,UI_2D,dedicated UI texture group 'kanji',HIGH
gMsgKanji8D40Tex,UI_2D,dedicated UI texture group 'kanji',HIGH
gMsgKanji8D41Tex,UI_2D,dedicated UI texture group 'kanji',HIGH
gMsgKanji8D42Tex,UI_2D,dedicated UI texture group 'kanji',HIGH
gMsgKanji8D43Tex,UI_2D,dedicated UI texture group 'kanji',HIGH
gMsgKanji8D44Tex,UI_2D,dedicated UI texture group 'kanji',HIGH
gMsgKanji8D45Tex,UI_2D,dedicated UI texture group 'kanji',HIGH
gMsgKanji8D46Tex,UI_2D,dedicated UI texture group 'kanji',HIGH
gMsgKanji8D47Tex,UI_2D,dedicated UI texture group 'kanji',HIGH
gMsgKanji8D48Tex,UI_2D,dedicated UI texture group 'kanji',HIGH
gMsgKanji8D49Tex,UI_2D,dedicated UI texture group 'kanji',HIGH
gMsgKanji8D4ATex,UI_2D,dedicated UI texture group 'kanji',HIGH
gMsgKanji8D4BTex,UI_2D,dedicated UI texture group 'kanji',HIGH
gMsgKanji8D4CTex,UI_2D,dedicated UI texture group 'kanji',HIGH
gMsgKanji8D4DTex,UI_2D,dedicated UI texture group 'kanji',HIGH
gMsgKanji8D4ETex,UI_2D,dedicated UI texture group 'kanji',HIGH
gMsgKanji8D4FTex,UI_2D,dedicated UI texture group 'kanji',HIGH
gMsgKanji8D50Tex,UI_2D,dedicated UI texture group 'kanji',HIGH
gMsgKanji8D51Tex,UI_2D,dedicated UI texture group 'kanji',HIGH
gMsgKanji8D52Tex,UI_2D,dedicated UI texture group 'kanji',HIGH
gMsgKanji8D53Tex,UI_2D,dedicated UI texture group 'kanji',HIGH
gMsgKanji8D54Tex,UI_2D,dedicated UI texture group 'kanji',HIGH
gMsgKanji8D55Tex,UI_2D,dedicated UI texture group 'kanji',HIGH
gMsgKanji8D56Tex,UI_2D,dedicated UI texture group 'kanji',HIGH
gMsgKanji8D57Tex,UI_2D,dedicated UI texture group 'kanji',HIGH
gMsgKanji8D58Tex,UI_2D,dedicated UI texture group 'kanji',HIGH
gMsgKanji8D59Tex,UI_2D,dedicated UI texture group 'kanji',HIGH
gMsgKanji8D5ATex,UI_2D,dedicated UI texture group 'kanji',HIGH
gMsgKanji8D5BTex,UI_2D,dedicated UI texture group 'kanji',HIGH
gMsgKanji8D5CTex,UI_2D,dedicated UI texture group 'kanji',HIGH
gMsgKanji8D5DTex,UI_2D,dedicated UI texture group 'kanji',HIGH
gMsgKanji8D5ETex,UI_2D,dedicated UI texture group 'kanji',HIGH
gMsgKanji8D5FTex,UI_2D,dedicated UI texture group 'kanji',HIGH
gMsgKanji8D60Tex,UI_2D,dedicated UI texture group 'kanji',HIGH
gMsgKanji8D61Tex,UI_2D,dedicated UI texture group 'kanji',HIGH
gMsgKanji8D62Tex,UI_2D,dedicated UI texture group 'kanji',HIGH
gMsgKanji8D63Tex,UI_2D,dedicated UI texture group 'kanji',HIGH
gMsgKanji8D64Tex,UI_2D,dedicated UI texture group 'kanji',HIGH
gMsgKanji8D65Tex,UI_2D,dedicated UI texture group 'kanji',HIGH
gMsgKanji8D66Tex,UI_2D,dedicated UI texture group 'kanji',HIGH
gMsgKanji8D67Tex,UI_2D,dedicated UI texture group 'kanji',HIGH
gMsgKanji8D68Tex,UI_2D,dedicated UI texture group 'kanji',HIGH
gMsgKanji8D69Tex,UI_2D,dedicated UI texture group 'kanji',HIGH
gMsgKanji8D6ATex,UI_2D,dedicated UI texture group 'kanji',HIGH
gMsgKanji8D6BTex,UI_2D,dedicated UI texture group 'kanji',HIGH
gMsgKanji8D6CTex,UI_2D,dedicated UI texture group 'kanji',HIGH
gMsgKanji8D6DTex,UI_2D,dedicated UI texture group 'kanji',HIGH
gMsgKanji8D6ETex,UI_2D,dedicated UI texture group 'kanji',HIGH
gMsgKanji8D6FTex,UI_2D,dedicated UI texture group 'kanji',HIGH
gMsgKanji8D70Tex,UI_2D,dedicated UI texture group 'kanji',HIGH
gMsgKanji8D71Tex,UI_2D,dedicated UI texture group 'kanji',HIGH
gMsgKanji8D72Tex,UI_2D,dedicated UI texture group 'kanji',HIGH
gMsgKanji8D73Tex,UI_2D,dedicated UI texture group 'kanji',HIGH
gMsgKanji8D74Tex,UI_2D,dedicated UI texture group 'kanji',HIGH
gMsgKanji8D75Tex,UI_2D,dedicated UI texture group 'kanji',HIGH
gMsgKanji8D76Tex,UI_2D,dedicated UI texture group 'kanji',HIGH
gMsgKanji8D77Tex,UI_2D,dedicated UI texture group 'kanji',HIGH
gMsgKanji8D78Tex,UI_2D,dedicated UI texture group 'kanji',HIGH
gMsgKanji8D79Tex,UI_2D,dedicated UI texture group 'kanji',HIGH
gMsgKanji8D7ATex,UI_2D,dedicated UI texture group 'kanji',HIGH
gMsgKanji8D7BTex,UI_2D,dedicated UI texture group 'kanji',HIGH
gMsgKanji8D7CTex,UI_2D,dedicated UI texture group 'kanji',HIGH
gMsgKanji8D7DTex,UI_2D,dedicated UI texture group 'kanji',HIGH
gMsgKanji8D7ETex,UI_2D,dedicated UI texture group 'kanji',HIGH
gMsgKanji8D80Tex,UI_2D,dedicated UI texture group 'kanji',HIGH
gMsgKanji8D81Tex,UI_2D,dedicated UI texture group 'kanji',HIGH
gMsgKanji8D82Tex,UI_2D,dedicated UI texture group 'kanji',HIGH
gMsgKanji8D83Tex,UI_2D,dedicated UI texture group 'kanji',HIGH
gMsgKanji8D84Tex,UI_2D,dedicated UI texture group 'kanji',HIGH
gMsgKanji8D85Tex,UI_2D,dedicated UI texture group 'kanji',HIGH
gMsgKanji8D86Tex,UI_2D,dedicated UI texture group 'kanji',HIGH
gMsgKanji8D87Tex,UI_2D,dedicated UI texture group 'kanji',HIGH
gMsgKanji8D88Tex,UI_2D,dedicated UI texture group 'kanji',HIGH
gMsgKanji8D89Tex,UI_2D,dedicated UI texture group 'kanji',HIGH
gMsgKanji8D8ATex,UI_2D,dedicated UI texture group 'kanji',HIGH
gMsgKanji8D8BTex,UI_2D,dedicated UI texture group 'kanji',HIGH
gMsgKanji8D8CTex,UI_2D,dedicated UI texture group 'kanji',HIGH
gMsgKanji8D8DTex,UI_2D,dedicated UI texture group 'kanji',HIGH
gMsgKanji8D8ETex,UI_2D,dedicated UI texture group 'kanji',HIGH
gMsgKanji8D8FTex,UI_2D,dedicated UI texture group 'kanji',HIGH
gMsgKanji8D90Tex,UI_2D,dedicated UI texture group 'kanji',HIGH
gMsgKanji8D91Tex,UI_2D,dedicated UI texture group 'kanji',HIGH
gMsgKanji8D92Tex,UI_2D,dedicated UI texture group 'kanji',HIGH
gMsgKanji8D93Tex,UI_2D,dedicated UI texture group 'kanji',HIGH
gMsgKanji8D94Tex,UI_2D,dedicated UI texture group 'kanji',HIGH
gMsgKanji8D95Tex,UI_2D,dedicated UI texture group 'kanji',HIGH
gMsgKanji8D96Tex,UI_2D,dedicated UI texture group 'kanji',HIGH
gMsgKanji8D97Tex,UI_2D,dedicated UI texture group 'kanji',HIGH
gMsgKanji8D98Tex,UI_2D,dedicated UI texture group 'kanji',HIGH
gMsgKanji8D99Tex,UI_2D,dedicated UI texture group 'kanji',HIGH
gMsgKanji8D9ATex,UI_2D,dedicated UI texture group 'kanji',HIGH
gMsgKanji8D9BTex,UI_2D,dedicated UI texture group 'kanji',HIGH
gMsgKanji8D9CTex,UI_2D,dedicated UI texture group 'kanji',HIGH
gMsgKanji8D9DTex,UI_2D,dedicated UI texture group 'kanji',HIGH
gMsgKanji8D9ETex,UI_2D,dedicated UI texture group 'kanji',HIGH
gMsgKanji8D9FTex,UI_2D,dedicated UI texture group 'kanji',HIGH
gMsgKanji8DA0Tex,UI_2D,dedicated UI texture group 'kanji',HIGH
gMsgKanji8DA1Tex,UI_2D,dedicated UI texture group 'kanji',HIGH
gMsgKanji8DA2Tex,UI_2D,dedicated UI texture group 'kanji',HIGH
gMsgKanji8DA3Tex,UI_2D,dedicated UI texture group 'kanji',HIGH
gMsgKanji8DA4Tex,UI_2D,dedicated UI texture group 'kanji',HIGH
gMsgKanji8DA5Tex,UI_2D,dedicated UI texture group 'kanji',HIGH
gMsgKanji8DA6Tex,UI_2D,dedicated UI texture group 'kanji',HIGH
gMsgKanji8DA7Tex,UI_2D,dedicated UI texture group 'kanji',HIGH
gMsgKanji8DA8Tex,UI_2D,dedicated UI texture group 'kanji',HIGH
gMsgKanji8DA9Tex,UI_2D,dedicated UI texture group 'kanji',HIGH
gMsgKanji8DAATex,UI_2D,dedicated UI texture group 'kanji',HIGH
gMsgKanji8DABTex,UI_2D,dedicated UI texture group 'kanji',HIGH
gMsgKanji8DACTex,UI_2D,dedicated UI texture group 'kanji',HIGH
gMsgKanji8DADTex,UI_2D,dedicated UI texture group 'kanji',HIGH
gMsgKanji8DAETex,UI_2D,dedicated UI texture group 'kanji',HIGH
gMsgKanji8DAFTex,UI_2D,dedicated UI texture group 'kanji',HIGH
gMsgKanji8DB0Tex,UI_2D,dedicated UI texture group 'kanji',HIGH
gMsgKanji8DB1Tex,UI_2D,dedicated UI texture group 'kanji',HIGH
gMsgKanji8DB2Tex,UI_2D,dedicated UI texture group 'kanji',HIGH
gMsgKanji8DB3Tex,UI_2D,dedicated UI texture group 'kanji',HIGH
gMsgKanji8DB4Tex,UI_2D,dedicated UI texture group 'kanji',HIGH
gMsgKanji8DB5Tex,UI_2D,dedicated UI texture group 'kanji',HIGH
gMsgKanji8DB6Tex,UI_2D,dedicated UI texture group 'kanji',HIGH
gMsgKanji8DB7Tex,UI_2D,dedicated UI texture group 'kanji',HIGH
gMsgKanji8DB8Tex,UI_2D,dedicated UI texture group 'kanji',HIGH
gMsgKanji8DB9Tex,UI_2D,dedicated UI texture group 'kanji',HIGH
gMsgKanji8DBATex,UI_2D,dedicated UI texture group 'kanji',HIGH
gMsgKanji8DBBTex,UI_2D,dedicated UI texture group 'kanji',HIGH
gMsgKanji8DBCTex,UI_2D,dedicated UI texture group 'kanji',HIGH
gMsgKanji8DBDTex,UI_2D,dedicated UI texture group 'kanji',HIGH
gMsgKanji8DBETex,UI_2D,dedicated UI texture group 'kanji',HIGH
gMsgKanji8DBFTex,UI_2D,dedicated UI texture group 'kanji',HIGH
gMsgKanji8DC0Tex,UI_2D,dedicated UI texture group 'kanji',HIGH
gMsgKanji8DC1Tex,UI_2D,dedicated UI texture group 'kanji',HIGH
gMsgKanji8DC2Tex,UI_2D,dedicated UI texture group 'kanji',HIGH
gMsgKanji8DC3Tex,UI_2D,dedicated UI texture group 'kanji',HIGH
gMsgKanji8DC4Tex,UI_2D,dedicated UI texture group 'kanji',HIGH
gMsgKanji8DC5Tex,UI_2D,dedicated UI texture group 'kanji',HIGH
gMsgKanji8DC6Tex,UI_2D,dedicated UI texture group 'kanji',HIGH
gMsgKanji8DC7Tex,UI_2D,dedicated UI texture group 'kanji',HIGH
gMsgKanji8DC8Tex,UI_2D,dedicated UI texture group 'kanji',HIGH
gMsgKanji8DC9Tex,UI_2D,dedicated UI texture group 'kanji',HIGH
gMsgKanji8DCATex,UI_2D,dedicated UI texture group 'kanji',HIGH
gMsgKanji8DCBTex,UI_2D,dedicated UI texture group 'kanji',HIGH
gMsgKanji8DCCTex,UI_2D,dedicated UI texture group 'kanji',HIGH
gMsgKanji8DCDTex,UI_2D,dedicated UI texture group 'kanji',HIGH
gMsgKanji8DCETex,UI_2D,dedicated UI texture group 'kanji',HIGH
gMsgKanji8DCFTex,UI_2D,dedicated UI texture group 'kanji',HIGH
gMsgKanji8DD0Tex,UI_2D,dedicated UI texture group 'kanji',HIGH
gMsgKanji8DD1Tex,UI_2D,dedicated UI texture group 'kanji',HIGH
gMsgKanji8DD2Tex,UI_2D,dedicated UI texture group 'kanji',HIGH
gMsgKanji8DD3Tex,UI_2D,dedicated UI texture group 'kanji',HIGH
gMsgKanji8DD4Tex,UI_2D,dedicated UI texture group 'kanji',HIGH
gMsgKanji8DD5Tex,UI_2D,dedicated UI texture group 'kanji',HIGH
gMsgKanji8DD6Tex,UI_2D,dedicated UI texture group 'kanji',HIGH
gMsgKanji8DD7Tex,UI_2D,dedicated UI texture group 'kanji',HIGH
gMsgKanji8DD8Tex,UI_2D,dedicated UI texture group 'kanji',HIGH
gMsgKanji8DD9Tex,UI_2D,dedicated UI texture group 'kanji',HIGH
gMsgKanji8DDATex,UI_2D,dedicated UI texture group 'kanji',HIGH
gMsgKanji8DDBTex,UI_2D,dedicated UI texture group 'kanji',HIGH
gMsgKanji8DDCTex,UI_2D,dedicated UI texture group 'kanji',HIGH
gMsgKanji8DDDTex,UI_2D,dedicated UI texture group 'kanji',HIGH
gMsgKanji8DDETex,UI_2D,dedicated UI texture group 'kanji',HIGH
gMsgKanji8DDFTex,UI_2D,dedicated UI texture group 'kanji',HIGH
gMsgKanji8DE0Tex,UI_2D,dedicated UI texture group 'kanji',HIGH
gMsgKanji8DE1Tex,UI_2D,dedicated UI texture group 'kanji',HIGH
gMsgKanji8DE2Tex,UI_2D,dedicated UI texture group 'kanji',HIGH
gMsgKanji8DE3Tex,UI_2D,dedicated UI texture group 'kanji',HIGH
gMsgKanji8DE4Tex,UI_2D,dedicated UI texture group 'kanji',HIGH
gMsgKanji8DE5Tex,UI_2D,dedicated UI texture group 'kanji',HIGH
gMsgKanji8DE6Tex,UI_2D,dedicated UI texture group 'kanji',HIGH
gMsgKanji8DE7Tex,UI_2D,dedicated UI texture group 'kanji',HIGH
gMsgKanji8DE8Tex,UI_2D,dedicated UI texture group 'kanji',HIGH
gMsgKanji8DE9Tex,UI_2D,dedicated UI texture group 'kanji',HIGH
gMsgKanji8DEATex,UI_2D,dedicated UI texture group 'kanji',HIGH
gMsgKanji8DEBTex,UI_2D,dedicated UI texture group 'kanji',HIGH
gMsgKanji8DECTex,UI_2D,dedicated UI texture group 'kanji',HIGH
gMsgKanji8DEDTex,UI_2D,dedicated UI texture group 'kanji',HIGH
gMsgKanji8DEETex,UI_2D,dedicated UI texture group 'kanji',HIGH
gMsgKanji8DEFTex,UI_2D,dedicated UI texture group 'kanji',HIGH
gMsgKanji8DF0Tex,UI_2D,dedicated UI texture group 'kanji',HIGH
gMsgKanji8DF1Tex,UI_2D,dedicated UI texture group 'kanji',HIGH
gMsgKanji8DF2Tex,UI_2D,dedicated UI texture group 'kanji',HIGH
gMsgKanji8DF3Tex,UI_2D,dedicated UI texture group 'kanji',HIGH
gMsgKanji8DF4Tex,UI_2D,dedicated UI texture group 'kanji',HIGH
gMsgKanji8DF5Tex,UI_2D,dedicated UI texture group 'kanji',HIGH
gMsgKanji8DF6Tex,UI_2D,dedicated UI texture group 'kanji',HIGH
gMsgKanji8DF7Tex,UI_2D,dedicated UI texture group 'kanji',HIGH
gMsgKanji8DF8Tex,UI_2D,dedicated UI texture group 'kanji',HIGH
gMsgKanji8DF9Tex,UI_2D,dedicated UI texture group 'kanji',HIGH
gMsgKanji8DFATex,UI_2D,dedicated UI texture group 'kanji',HIGH
gMsgKanji8DFBTex,UI_2D,dedicated UI texture group 'kanji',HIGH
gMsgKanji8DFCTex,UI_2D,dedicated UI texture group 'kanji',HIGH
gMsgKanji8E40Tex,UI_2D,dedicated UI texture group 'kanji',HIGH
gMsgKanji8E41Tex,UI_2D,dedicated UI texture group 'kanji',HIGH
gMsgKanji8E42Tex,UI_2D,dedicated UI texture group 'kanji',HIGH
gMsgKanji8E43Tex,UI_2D,dedicated UI texture group 'kanji',HIGH
gMsgKanji8E44Tex,UI_2D,dedicated UI texture group 'kanji',HIGH
gMsgKanji8E45Tex,UI_2D,dedicated UI texture group 'kanji',HIGH
gMsgKanji8E46Tex,UI_2D,dedicated UI texture group 'kanji',HIGH
gMsgKanji8E47Tex,UI_2D,dedicated UI texture group 'kanji',HIGH
gMsgKanji8E48Tex,UI_2D,dedicated UI texture group 'kanji',HIGH
gMsgKanji8E49Tex,UI_2D,dedicated UI texture group 'kanji',HIGH
gMsgKanji8E4ATex,UI_2D,dedicated UI texture group 'kanji',HIGH
gMsgKanji8E4BTex,UI_2D,dedicated UI texture group 'kanji',HIGH
gMsgKanji8E4CTex,UI_2D,dedicated UI texture group 'kanji',HIGH
gMsgKanji8E4DTex,UI_2D,dedicated UI texture group 'kanji',HIGH
gMsgKanji8E4ETex,UI_2D,dedicated UI texture group 'kanji',HIGH
gMsgKanji8E4FTex,UI_2D,dedicated UI texture group 'kanji',HIGH
gMsgKanji8E50Tex,UI_2D,dedicated UI texture group 'kanji',HIGH
gMsgKanji8E51Tex,UI_2D,dedicated UI texture group 'kanji',HIGH
gMsgKanji8E52Tex,UI_2D,dedicated UI texture group 'kanji',HIGH
gMsgKanji8E53Tex,UI_2D,dedicated UI texture group 'kanji',HIGH
gMsgKanji8E54Tex,UI_2D,dedicated UI texture group 'kanji',HIGH
gMsgKanji8E55Tex,UI_2D,dedicated UI texture group 'kanji',HIGH
gMsgKanji8E56Tex,UI_2D,dedicated UI texture group 'kanji',HIGH
gMsgKanji8E57Tex,UI_2D,dedicated UI texture group 'kanji',HIGH
gMsgKanji8E58Tex,UI_2D,dedicated UI texture group 'kanji',HIGH
gMsgKanji8E59Tex,UI_2D,dedicated UI texture group 'kanji',HIGH
gMsgKanji8E5ATex,UI_2D,dedicated UI texture group 'kanji',HIGH
gMsgKanji8E5BTex,UI_2D,dedicated UI texture group 'kanji',HIGH
gMsgKanji8E5CTex,UI_2D,dedicated UI texture group 'kanji',HIGH
gMsgKanji8E5DTex,UI_2D,dedicated UI texture group 'kanji',HIGH
gMsgKanji8E5ETex,UI_2D,dedicated UI texture group 'kanji',HIGH
gMsgKanji8E5FTex,UI_2D,dedicated UI texture group 'kanji',HIGH
gMsgKanji8E60Tex,UI_2D,dedicated UI texture group 'kanji',HIGH
gMsgKanji8E61Tex,UI_2D,dedicated UI texture group 'kanji',HIGH
gMsgKanji8E62Tex,UI_2D,dedicated UI texture group 'kanji',HIGH
gMsgKanji8E63Tex,UI_2D,dedicated UI texture group 'kanji',HIGH
gMsgKanji8E64Tex,UI_2D,dedicated UI texture group 'kanji',HIGH
gMsgKanji8E65Tex,UI_2D,dedicated UI texture group 'kanji',HIGH
gMsgKanji8E66Tex,UI_2D,dedicated UI texture group 'kanji',HIGH
gMsgKanji8E67Tex,UI_2D,dedicated UI texture group 'kanji',HIGH
gMsgKanji8E68Tex,UI_2D,dedicated UI texture group 'kanji',HIGH
gMsgKanji8E69Tex,UI_2D,dedicated UI texture group 'kanji',HIGH
gMsgKanji8E6ATex,UI_2D,dedicated UI texture group 'kanji',HIGH
gMsgKanji8E6BTex,UI_2D,dedicated UI texture group 'kanji',HIGH
gMsgKanji8E6CTex,UI_2D,dedicated UI texture group 'kanji',HIGH
gMsgKanji8E6DTex,UI_2D,dedicated UI texture group 'kanji',HIGH
gMsgKanji8E6ETex,UI_2D,dedicated UI texture group 'kanji',HIGH
gMsgKanji8E6FTex,UI_2D,dedicated UI texture group 'kanji',HIGH
gMsgKanji8E70Tex,UI_2D,dedicated UI texture group 'kanji',HIGH
gMsgKanji8E71Tex,UI_2D,dedicated UI texture group 'kanji',HIGH
gMsgKanji8E72Tex,UI_2D,dedicated UI texture group 'kanji',HIGH
gMsgKanji8E73Tex,UI_2D,dedicated UI texture group 'kanji',HIGH
gMsgKanji8E74Tex,UI_2D,dedicated UI texture group 'kanji',HIGH
gMsgKanji8E75Tex,UI_2D,dedicated UI texture group 'kanji',HIGH
gMsgKanji8E76Tex,UI_2D,dedicated UI texture group 'kanji',HIGH
gMsgKanji8E77Tex,UI_2D,dedicated UI texture group 'kanji',HIGH
gMsgKanji8E78Tex,UI_2D,dedicated UI texture group 'kanji',HIGH
gMsgKanji8E79Tex,UI_2D,dedicated UI texture group 'kanji',HIGH
gMsgKanji8E7ATex,UI_2D,dedicated UI texture group 'kanji',HIGH
gMsgKanji8E7BTex,UI_2D,dedicated UI texture group 'kanji',HIGH
gMsgKanji8E7CTex,UI_2D,dedicated UI texture group 'kanji',HIGH
gMsgKanji8E7DTex,UI_2D,dedicated UI texture group 'kanji',HIGH
gMsgKanji8E7ETex,UI_2D,dedicated UI texture group 'kanji',HIGH
gMsgKanji8E80Tex,UI_2D,dedicated UI texture group 'kanji',HIGH
gMsgKanji8E81Tex,UI_2D,dedicated UI texture group 'kanji',HIGH
gMsgKanji8E82Tex,UI_2D,dedicated UI texture group 'kanji',HIGH
gMsgKanji8E83Tex,UI_2D,dedicated UI texture group 'kanji',HIGH
gMsgKanji8E84Tex,UI_2D,dedicated UI texture group 'kanji',HIGH
gMsgKanji8E85Tex,UI_2D,dedicated UI texture group 'kanji',HIGH
gMsgKanji8E86Tex,UI_2D,dedicated UI texture group 'kanji',HIGH
gMsgKanji8E87Tex,UI_2D,dedicated UI texture group 'kanji',HIGH
gMsgKanji8E88Tex,UI_2D,dedicated UI texture group 'kanji',HIGH
gMsgKanji8E89Tex,UI_2D,dedicated UI texture group 'kanji',HIGH
gMsgKanji8E8ATex,UI_2D,dedicated UI texture group 'kanji',HIGH
gMsgKanji8E8BTex,UI_2D,dedicated UI texture group 'kanji',HIGH
gMsgKanji8E8CTex,UI_2D,dedicated UI texture group 'kanji',HIGH
gMsgKanji8E8DTex,UI_2D,dedicated UI texture group 'kanji',HIGH
gMsgKanji8E8ETex,UI_2D,dedicated UI texture group 'kanji',HIGH
gMsgKanji8E8FTex,UI_2D,dedicated UI texture group 'kanji',HIGH
gMsgKanji8E90Tex,UI_2D,dedicated UI texture group 'kanji',HIGH
gMsgKanji8E91Tex,UI_2D,dedicated UI texture group 'kanji',HIGH
gMsgKanji8E92Tex,UI_2D,dedicated UI texture group 'kanji',HIGH
gMsgKanji8E93Tex,UI_2D,dedicated UI texture group 'kanji',HIGH
gMsgKanji8E94Tex,UI_2D,dedicated UI texture group 'kanji',HIGH
gMsgKanji8E95Tex,UI_2D,dedicated UI texture group 'kanji',HIGH
gMsgKanji8E96Tex,UI_2D,dedicated UI texture group 'kanji',HIGH
gMsgKanji8E97Tex,UI_2D,dedicated UI texture group 'kanji',HIGH
gMsgKanji8E98Tex,UI_2D,dedicated UI texture group 'kanji',HIGH
gMsgKanji8E99Tex,UI_2D,dedicated UI texture group 'kanji',HIGH
gMsgKanji8E9ATex,UI_2D,dedicated UI texture group 'kanji',HIGH
gMsgKanji8E9BTex,UI_2D,dedicated UI texture group 'kanji',HIGH
gMsgKanji8E9CTex,UI_2D,dedicated UI texture group 'kanji',HIGH
gMsgKanji8E9DTex,UI_2D,dedicated UI texture group 'kanji',HIGH
gMsgKanji8E9ETex,UI_2D,dedicated UI texture group 'kanji',HIGH
gMsgKanji8E9FTex,UI_2D,dedicated UI texture group 'kanji',HIGH
gMsgKanji8EA0Tex,UI_2D,dedicated UI texture group 'kanji',HIGH
gMsgKanji8EA1Tex,UI_2D,dedicated UI texture group 'kanji',HIGH
gMsgKanji8EA2Tex,UI_2D,dedicated UI texture group 'kanji',HIGH
gMsgKanji8EA3Tex,UI_2D,dedicated UI texture group 'kanji',HIGH
gMsgKanji8EA4Tex,UI_2D,dedicated UI texture group 'kanji',HIGH
gMsgKanji8EA5Tex,UI_2D,dedicated UI texture group 'kanji',HIGH
gMsgKanji8EA6Tex,UI_2D,dedicated UI texture group 'kanji',HIGH
gMsgKanji8EA7Tex,UI_2D,dedicated UI texture group 'kanji',HIGH
gMsgKanji8EA8Tex,UI_2D,dedicated UI texture group 'kanji',HIGH
gMsgKanji8EA9Tex,UI_2D,dedicated UI texture group 'kanji',HIGH
gMsgKanji8EAATex,UI_2D,dedicated UI texture group 'kanji',HIGH
gMsgKanji8EABTex,UI_2D,dedicated UI texture group 'kanji',HIGH
gMsgKanji8EACTex,UI_2D,dedicated UI texture group 'kanji',HIGH
gMsgKanji8EADTex,UI_2D,dedicated UI texture group 'kanji',HIGH
gMsgKanji8EAETex,UI_2D,dedicated UI texture group 'kanji',HIGH
gMsgKanji8EAFTex,UI_2D,dedicated UI texture group 'kanji',HIGH
gMsgKanji8EB0Tex,UI_2D,dedicated UI texture group 'kanji',HIGH
gMsgKanji8EB1Tex,UI_2D,dedicated UI texture group 'kanji',HIGH
gMsgKanji8EB2Tex,UI_2D,dedicated UI texture group 'kanji',HIGH
gMsgKanji8EB3Tex,UI_2D,dedicated UI texture group 'kanji',HIGH
gMsgKanji8EB4Tex,UI_2D,dedicated UI texture group 'kanji',HIGH
gMsgKanji8EB5Tex,UI_2D,dedicated UI texture group 'kanji',HIGH
gMsgKanji8EB6Tex,UI_2D,dedicated UI texture group 'kanji',HIGH
gMsgKanji8EB7Tex,UI_2D,dedicated UI texture group 'kanji',HIGH
gMsgKanji8EB8Tex,UI_2D,dedicated UI texture group 'kanji',HIGH
gMsgKanji8EB9Tex,UI_2D,dedicated UI texture group 'kanji',HIGH
gMsgKanji8EBATex,UI_2D,dedicated UI texture group 'kanji',HIGH
gMsgKanji8EBBTex,UI_2D,dedicated UI texture group 'kanji',HIGH
gMsgKanji8EBCTex,UI_2D,dedicated UI texture group 'kanji',HIGH
gMsgKanji8EBDTex,UI_2D,dedicated UI texture group 'kanji',HIGH
gMsgKanji8EBETex,UI_2D,dedicated UI texture group 'kanji',HIGH
gMsgKanji8EBFTex,UI_2D,dedicated UI texture group 'kanji',HIGH
gMsgKanji8EC0Tex,UI_2D,dedicated UI texture group 'kanji',HIGH
gMsgKanji8EC1Tex,UI_2D,dedicated UI texture group 'kanji',HIGH
gMsgKanji8EC2Tex,UI_2D,dedicated UI texture group 'kanji',HIGH
gMsgKanji8EC3Tex,UI_2D,dedicated UI texture group 'kanji',HIGH
gMsgKanji8EC4Tex,UI_2D,dedicated UI texture group 'kanji',HIGH
gMsgKanji8EC5Tex,UI_2D,dedicated UI texture group 'kanji',HIGH
gMsgKanji8EC6Tex,UI_2D,dedicated UI texture group 'kanji',HIGH
gMsgKanji8EC7Tex,UI_2D,dedicated UI texture group 'kanji',HIGH
gMsgKanji8EC8Tex,UI_2D,dedicated UI texture group 'kanji',HIGH
gMsgKanji8EC9Tex,UI_2D,dedicated UI texture group 'kanji',HIGH
gMsgKanji8ECATex,UI_2D,dedicated UI texture group 'kanji',HIGH
gMsgKanji8ECBTex,UI_2D,dedicated UI texture group 'kanji',HIGH
gMsgKanji8ECCTex,UI_2D,dedicated UI texture group 'kanji',HIGH
gMsgKanji8ECDTex,UI_2D,dedicated UI texture group 'kanji',HIGH
gMsgKanji8ECETex,UI_2D,dedicated UI texture group 'kanji',HIGH
gMsgKanji8ECFTex,UI_2D,dedicated UI texture group 'kanji',HIGH
gMsgKanji8ED0Tex,UI_2D,dedicated UI texture group 'kanji',HIGH
gMsgKanji8ED1Tex,UI_2D,dedicated UI texture group 'kanji',HIGH
gMsgKanji8ED2Tex,UI_2D,dedicated UI texture group 'kanji',HIGH
gMsgKanji8ED3Tex,UI_2D,dedicated UI texture group 'kanji',HIGH
gMsgKanji8ED4Tex,UI_2D,dedicated UI texture group 'kanji',HIGH
gMsgKanji8ED5Tex,UI_2D,dedicated UI texture group 'kanji',HIGH
gMsgKanji8ED6Tex,UI_2D,dedicated UI texture group 'kanji',HIGH
gMsgKanji8ED7Tex,UI_2D,dedicated UI texture group 'kanji',HIGH
gMsgKanji8ED8Tex,UI_2D,dedicated UI texture group 'kanji',HIGH
gMsgKanji8ED9Tex,UI_2D,dedicated UI texture group 'kanji',HIGH
gMsgKanji8EDATex,UI_2D,dedicated UI texture group 'kanji',HIGH
gMsgKanji8EDBTex,UI_2D,dedicated UI texture group 'kanji',HIGH
gMsgKanji8EDCTex,UI_2D,dedicated UI texture group 'kanji',HIGH
gMsgKanji8EDDTex,UI_2D,dedicated UI texture group 'kanji',HIGH
gMsgKanji8EDETex,UI_2D,dedicated UI texture group 'kanji',HIGH
gMsgKanji8EDFTex,UI_2D,dedicated UI texture group 'kanji',HIGH
gMsgKanji8EE0Tex,UI_2D,dedicated UI texture group 'kanji',HIGH
gMsgKanji8EE1Tex,UI_2D,dedicated UI texture group 'kanji',HIGH
gMsgKanji8EE2Tex,UI_2D,dedicated UI texture group 'kanji',HIGH
gMsgKanji8EE3Tex,UI_2D,dedicated UI texture group 'kanji',HIGH
gMsgKanji8EE4Tex,UI_2D,dedicated UI texture group 'kanji',HIGH
gMsgKanji8EE5Tex,UI_2D,dedicated UI texture group 'kanji',HIGH
gMsgKanji8EE6Tex,UI_2D,dedicated UI texture group 'kanji',HIGH
gMsgKanji8EE7Tex,UI_2D,dedicated UI texture group 'kanji',HIGH
gMsgKanji8EE8Tex,UI_2D,dedicated UI texture group 'kanji',HIGH
gMsgKanji8EE9Tex,UI_2D,dedicated UI texture group 'kanji',HIGH
gMsgKanji8EEATex,UI_2D,dedicated UI texture group 'kanji',HIGH
gMsgKanji8EEBTex,UI_2D,dedicated UI texture group 'kanji',HIGH
gMsgKanji8EECTex,UI_2D,dedicated UI texture group 'kanji',HIGH
gMsgKanji8EEDTex,UI_2D,dedicated UI texture group 'kanji',HIGH
gMsgKanji8EEETex,UI_2D,dedicated UI texture group 'kanji',HIGH
gMsgKanji8EEFTex,UI_2D,dedicated UI texture group 'kanji',HIGH
gMsgKanji8EF0Tex,UI_2D,dedicated UI texture group 'kanji',HIGH
gMsgKanji8EF1Tex,UI_2D,dedicated UI texture group 'kanji',HIGH
gMsgKanji8EF2Tex,UI_2D,dedicated UI texture group 'kanji',HIGH
gMsgKanji8EF3Tex,UI_2D,dedicated UI texture group 'kanji',HIGH
gMsgKanji8EF4Tex,UI_2D,dedicated UI texture group 'kanji',HIGH
gMsgKanji8EF5Tex,UI_2D,dedicated UI texture group 'kanji',HIGH
gMsgKanji8EF6Tex,UI_2D,dedicated UI texture group 'kanji',HIGH
gMsgKanji8EF7Tex,UI_2D,dedicated UI texture group 'kanji',HIGH
gMsgKanji8EF8Tex,UI_2D,dedicated UI texture group 'kanji',HIGH
gMsgKanji8EF9Tex,UI_2D,dedicated UI texture group 'kanji',HIGH
gMsgKanji8EFATex,UI_2D,dedicated UI texture group 'kanji',HIGH
gMsgKanji8EFBTex,UI_2D,dedicated UI texture group 'kanji',HIGH
gMsgKanji8EFCTex,UI_2D,dedicated UI texture group 'kanji',HIGH
gMsgKanji8F40Tex,UI_2D,dedicated UI texture group 'kanji',HIGH
gMsgKanji8F41Tex,UI_2D,dedicated UI texture group 'kanji',HIGH
gMsgKanji8F42Tex,UI_2D,dedicated UI texture group 'kanji',HIGH
gMsgKanji8F43Tex,UI_2D,dedicated UI texture group 'kanji',HIGH
gMsgKanji8F44Tex,UI_2D,dedicated UI texture group 'kanji',HIGH
gMsgKanji8F45Tex,UI_2D,dedicated UI texture group 'kanji',HIGH
gMsgKanji8F46Tex,UI_2D,dedicated UI texture group 'kanji',HIGH
gMsgKanji8F47Tex,UI_2D,dedicated UI texture group 'kanji',HIGH
gMsgKanji8F48Tex,UI_2D,dedicated UI texture group 'kanji',HIGH
gMsgKanji8F49Tex,UI_2D,dedicated UI texture group 'kanji',HIGH
gMsgKanji8F4ATex,UI_2D,dedicated UI texture group 'kanji',HIGH
gMsgKanji8F4BTex,UI_2D,dedicated UI texture group 'kanji',HIGH
gMsgKanji8F4CTex,UI_2D,dedicated UI texture group 'kanji',HIGH
gMsgKanji8F4DTex,UI_2D,dedicated UI texture group 'kanji',HIGH
gMsgKanji8F4ETex,UI_2D,dedicated UI texture group 'kanji',HIGH
gMsgKanji8F4FTex,UI_2D,dedicated UI texture group 'kanji',HIGH
gMsgKanji8F50Tex,UI_2D,dedicated UI texture group 'kanji',HIGH
gMsgKanji8F51Tex,UI_2D,dedicated UI texture group 'kanji',HIGH
gMsgKanji8F52Tex,UI_2D,dedicated UI texture group 'kanji',HIGH
gMsgKanji8F53Tex,UI_2D,dedicated UI texture group 'kanji',HIGH
gMsgKanji8F54Tex,UI_2D,dedicated UI texture group 'kanji',HIGH
gMsgKanji8F55Tex,UI_2D,dedicated UI texture group 'kanji',HIGH
gMsgKanji8F56Tex,UI_2D,dedicated UI texture group 'kanji',HIGH
gMsgKanji8F57Tex,UI_2D,dedicated UI texture group 'kanji',HIGH
gMsgKanji8F58Tex,UI_2D,dedicated UI texture group 'kanji',HIGH
gMsgKanji8F59Tex,UI_2D,dedicated UI texture group 'kanji',HIGH
gMsgKanji8F5ATex,UI_2D,dedicated UI texture group 'kanji',HIGH
gMsgKanji8F5BTex,UI_2D,dedicated UI texture group 'kanji',HIGH
gMsgKanji8F5CTex,UI_2D,dedicated UI texture group 'kanji',HIGH
gMsgKanji8F5DTex,UI_2D,dedicated UI texture group 'kanji',HIGH
gMsgKanji8F5ETex,UI_2D,dedicated UI texture group 'kanji',HIGH
gMsgKanji8F5FTex,UI_2D,dedicated UI texture group 'kanji',HIGH
gMsgKanji8F60Tex,UI_2D,dedicated UI texture group 'kanji',HIGH
gMsgKanji8F61Tex,UI_2D,dedicated UI texture group 'kanji',HIGH
gMsgKanji8F62Tex,UI_2D,dedicated UI texture group 'kanji',HIGH
gMsgKanji8F63Tex,UI_2D,dedicated UI texture group 'kanji',HIGH
gMsgKanji8F64Tex,UI_2D,dedicated UI texture group 'kanji',HIGH
gMsgKanji8F65Tex,UI_2D,dedicated UI texture group 'kanji',HIGH
gMsgKanji8F66Tex,UI_2D,dedicated UI texture group 'kanji',HIGH
gMsgKanji8F67Tex,UI_2D,dedicated UI texture group 'kanji',HIGH
gMsgKanji8F68Tex,UI_2D,dedicated UI texture group 'kanji',HIGH
gMsgKanji8F69Tex,UI_2D,dedicated UI texture group 'kanji',HIGH
gMsgKanji8F6ATex,UI_2D,dedicated UI texture group 'kanji',HIGH
gMsgKanji8F6BTex,UI_2D,dedicated UI texture group 'kanji',HIGH
gMsgKanji8F6CTex,UI_2D,dedicated UI texture group 'kanji',HIGH
gMsgKanji8F6DTex,UI_2D,dedicated UI texture group 'kanji',HIGH
gMsgKanji8F6ETex,UI_2D,dedicated UI texture group 'kanji',HIGH
gMsgKanji8F6FTex,UI_2D,dedicated UI texture group 'kanji',HIGH
gMsgKanji8F70Tex,UI_2D,dedicated UI texture group 'kanji',HIGH
gMsgKanji8F71Tex,UI_2D,dedicated UI texture group 'kanji',HIGH
gMsgKanji8F72Tex,UI_2D,dedicated UI texture group 'kanji',HIGH
gMsgKanji8F73Tex,UI_2D,dedicated UI texture group 'kanji',HIGH
gMsgKanji8F74Tex,UI_2D,dedicated UI texture group 'kanji',HIGH
gMsgKanji8F75Tex,UI_2D,dedicated UI texture group 'kanji',HIGH
gMsgKanji8F76Tex,UI_2D,dedicated UI texture group 'kanji',HIGH
gMsgKanji8F77Tex,UI_2D,dedicated UI texture group 'kanji',HIGH
gMsgKanji8F78Tex,UI_2D,dedicated UI texture group 'kanji',HIGH
gMsgKanji8F79Tex,UI_2D,dedicated UI texture group 'kanji',HIGH
gMsgKanji8F7ATex,UI_2D,dedicated UI texture group 'kanji',HIGH
gMsgKanji8F7BTex,UI_2D,dedicated UI texture group 'kanji',HIGH
gMsgKanji8F7CTex,UI_2D,dedicated UI texture group 'kanji',HIGH
gMsgKanji8F7DTex,UI_2D,dedicated UI texture group 'kanji',HIGH
gMsgKanji8F7ETex,UI_2D,dedicated UI texture group 'kanji',HIGH
gMsgKanji8F80Tex,UI_2D,dedicated UI texture group 'kanji',HIGH
gMsgKanji8F81Tex,UI_2D,dedicated UI texture group 'kanji',HIGH
gMsgKanji8F82Tex,UI_2D,dedicated UI texture group 'kanji',HIGH
gMsgKanji8F83Tex,UI_2D,dedicated UI texture group 'kanji',HIGH
gMsgKanji8F84Tex,UI_2D,dedicated UI texture group 'kanji',HIGH
gMsgKanji8F85Tex,UI_2D,dedicated UI texture group 'kanji',HIGH
gMsgKanji8F86Tex,UI_2D,dedicated UI texture group 'kanji',HIGH
gMsgKanji8F87Tex,UI_2D,dedicated UI texture group 'kanji',HIGH
gMsgKanji8F88Tex,UI_2D,dedicated UI texture group 'kanji',HIGH
gMsgKanji8F89Tex,UI_2D,dedicated UI texture group 'kanji',HIGH
gMsgKanji8F8ATex,UI_2D,dedicated UI texture group 'kanji',HIGH
gMsgKanji8F8BTex,UI_2D,dedicated UI texture group 'kanji',HIGH
gMsgKanji8F8CTex,UI_2D,dedicated UI texture group 'kanji',HIGH
gMsgKanji8F8DTex,UI_2D,dedicated UI texture group 'kanji',HIGH
gMsgKanji8F8ETex,UI_2D,dedicated UI texture group 'kanji',HIGH
gMsgKanji8F8FTex,UI_2D,dedicated UI texture group 'kanji',HIGH
gMsgKanji8F90Tex,UI_2D,dedicated UI texture group 'kanji',HIGH
gMsgKanji8F91Tex,UI_2D,dedicated UI texture group 'kanji',HIGH
gMsgKanji8F92Tex,UI_2D,dedicated UI texture group 'kanji',HIGH
gMsgKanji8F93Tex,UI_2D,dedicated UI texture group 'kanji',HIGH
gMsgKanji8F94Tex,UI_2D,dedicated UI texture group 'kanji',HIGH
gMsgKanji8F95Tex,UI_2D,dedicated UI texture group 'kanji',HIGH
gMsgKanji8F96Tex,UI_2D,dedicated UI texture group 'kanji',HIGH
gMsgKanji8F97Tex,UI_2D,dedicated UI texture group 'kanji',HIGH
gMsgKanji8F98Tex,UI_2D,dedicated UI texture group 'kanji',HIGH
gMsgKanji8F99Tex,UI_2D,dedicated UI texture group 'kanji',HIGH
gMsgKanji8F9ATex,UI_2D,dedicated UI texture group 'kanji',HIGH
gMsgKanji8F9BTex,UI_2D,dedicated UI texture group 'kanji',HIGH
gMsgKanji8F9CTex,UI_2D,dedicated UI texture group 'kanji',HIGH
gMsgKanji8F9DTex,UI_2D,dedicated UI texture group 'kanji',HIGH
gMsgKanji8F9ETex,UI_2D,dedicated UI texture group 'kanji',HIGH
gMsgKanji8F9FTex,UI_2D,dedicated UI texture group 'kanji',HIGH
gMsgKanji8FA0Tex,UI_2D,dedicated UI texture group 'kanji',HIGH
gMsgKanji8FA1Tex,UI_2D,dedicated UI texture group 'kanji',HIGH
gMsgKanji8FA2Tex,UI_2D,dedicated UI texture group 'kanji',HIGH
gMsgKanji8FA3Tex,UI_2D,dedicated UI texture group 'kanji',HIGH
gMsgKanji8FA4Tex,UI_2D,dedicated UI texture group 'kanji',HIGH
gMsgKanji8FA5Tex,UI_2D,dedicated UI texture group 'kanji',HIGH
gMsgKanji8FA6Tex,UI_2D,dedicated UI texture group 'kanji',HIGH
gMsgKanji8FA7Tex,UI_2D,dedicated UI texture group 'kanji',HIGH
gMsgKanji8FA8Tex,UI_2D,dedicated UI texture group 'kanji',HIGH
gMsgKanji8FA9Tex,UI_2D,dedicated UI texture group 'kanji',HIGH
gMsgKanji8FAATex,UI_2D,dedicated UI texture group 'kanji',HIGH
gMsgKanji8FABTex,UI_2D,dedicated UI texture group 'kanji',HIGH
gMsgKanji8FACTex,UI_2D,dedicated UI texture group 'kanji',HIGH
gMsgKanji8FADTex,UI_2D,dedicated UI texture group 'kanji',HIGH
gMsgKanji8FAETex,UI_2D,dedicated UI texture group 'kanji',HIGH
gMsgKanji8FAFTex,UI_2D,dedicated UI texture group 'kanji',HIGH
gMsgKanji8FB0Tex,UI_2D,dedicated UI texture group 'kanji',HIGH
gMsgKanji8FB1Tex,UI_2D,dedicated UI texture group 'kanji',HIGH
gMsgKanji8FB2Tex,UI_2D,dedicated UI texture group 'kanji',HIGH
gMsgKanji8FB3Tex,UI_2D,dedicated UI texture group 'kanji',HIGH
gMsgKanji8FB4Tex,UI_2D,dedicated UI texture group 'kanji',HIGH
gMsgKanji8FB5Tex,UI_2D,dedicated UI texture group 'kanji',HIGH
gMsgKanji8FB6Tex,UI_2D,dedicated UI texture group 'kanji',HIGH
gMsgKanji8FB7Tex,UI_2D,dedicated UI texture group 'kanji',HIGH
gMsgKanji8FB8Tex,UI_2D,dedicated UI texture group 'kanji',HIGH
gMsgKanji8FB9Tex,UI_2D,dedicated UI texture group 'kanji',HIGH
gMsgKanji8FBATex,UI_2D,dedicated UI texture group 'kanji',HIGH
gMsgKanji8FBBTex,UI_2D,dedicated UI texture group 'kanji',HIGH
gMsgKanji8FBCTex,UI_2D,dedicated UI texture group 'kanji',HIGH
gMsgKanji8FBDTex,UI_2D,dedicated UI texture group 'kanji',HIGH
gMsgKanji8FBETex,UI_2D,dedicated UI texture group 'kanji',HIGH
gMsgKanji8FBFTex,UI_2D,dedicated UI texture group 'kanji',HIGH
gMsgKanji8FC0Tex,UI_2D,dedicated UI texture group 'kanji',HIGH
gMsgKanji8FC1Tex,UI_2D,dedicated UI texture group 'kanji',HIGH
gMsgKanji8FC2Tex,UI_2D,dedicated UI texture group 'kanji',HIGH
gMsgKanji8FC3Tex,UI_2D,dedicated UI texture group 'kanji',HIGH
gMsgKanji8FC4Tex,UI_2D,dedicated UI texture group 'kanji',HIGH
gMsgKanji8FC5Tex,UI_2D,dedicated UI texture group 'kanji',HIGH
gMsgKanji8FC6Tex,UI_2D,dedicated UI texture group 'kanji',HIGH
gMsgKanji8FC7Tex,UI_2D,dedicated UI texture group 'kanji',HIGH
gMsgKanji8FC8Tex,UI_2D,dedicated UI texture group 'kanji',HIGH
gMsgKanji8FC9Tex,UI_2D,dedicated UI texture group 'kanji',HIGH
gMsgKanji8FCATex,UI_2D,dedicated UI texture group 'kanji',HIGH
gMsgKanji8FCBTex,UI_2D,dedicated UI texture group 'kanji',HIGH
gMsgKanji8FCCTex,UI_2D,dedicated UI texture group 'kanji',HIGH
gMsgKanji8FCDTex,UI_2D,dedicated UI texture group 'kanji',HIGH
gMsgKanji8FCETex,UI_2D,dedicated UI texture group 'kanji',HIGH
gMsgKanji8FCFTex,UI_2D,dedicated UI texture group 'kanji',HIGH
gMsgKanji8FD0Tex,UI_2D,dedicated UI texture group 'kanji',HIGH
gMsgKanji8FD1Tex,UI_2D,dedicated UI texture group 'kanji',HIGH
gMsgKanji8FD2Tex,UI_2D,dedicated UI texture group 'kanji',HIGH
gMsgKanji8FD3Tex,UI_2D,dedicated UI texture group 'kanji',HIGH
gMsgKanji8FD4Tex,UI_2D,dedicated UI texture group 'kanji',HIGH
gMsgKanji8FD5Tex,UI_2D,dedicated UI texture group 'kanji',HIGH
gMsgKanji8FD6Tex,UI_2D,dedicated UI texture group 'kanji',HIGH
gMsgKanji8FD7Tex,UI_2D,dedicated UI texture group 'kanji',HIGH
gMsgKanji8FD8Tex,UI_2D,dedicated UI texture group 'kanji',HIGH
gMsgKanji8FD9Tex,UI_2D,dedicated UI texture group 'kanji',HIGH
gMsgKanji8FDATex,UI_2D,dedicated UI texture group 'kanji',HIGH
gMsgKanji8FDBTex,UI_2D,dedicated UI texture group 'kanji',HIGH
gMsgKanji8FDCTex,UI_2D,dedicated UI texture group 'kanji',HIGH
gMsgKanji8FDDTex,UI_2D,dedicated UI texture group 'kanji',HIGH
gMsgKanji8FDETex,UI_2D,dedicated UI texture group 'kanji',HIGH
gMsgKanji8FDFTex,UI_2D,dedicated UI texture group 'kanji',HIGH
gMsgKanji8FE0Tex,UI_2D,dedicated UI texture group 'kanji',HIGH
gMsgKanji8FE1Tex,UI_2D,dedicated UI texture group 'kanji',HIGH
gMsgKanji8FE2Tex,UI_2D,dedicated UI texture group 'kanji',HIGH
gMsgKanji8FE3Tex,UI_2D,dedicated UI texture group 'kanji',HIGH
gMsgKanji8FE4Tex,UI_2D,dedicated UI texture group 'kanji',HIGH
gMsgKanji8FE5Tex,UI_2D,dedicated UI texture group 'kanji',HIGH
gMsgKanji8FE6Tex,UI_2D,dedicated UI texture group 'kanji',HIGH
gMsgKanji8FE7Tex,UI_2D,dedicated UI texture group 'kanji',HIGH
gMsgKanji8FE8Tex,UI_2D,dedicated UI texture group 'kanji',HIGH
gMsgKanji8FE9Tex,UI_2D,dedicated UI texture group 'kanji',HIGH
gMsgKanji8FEATex,UI_2D,dedicated UI texture group 'kanji',HIGH
gMsgKanji8FEBTex,UI_2D,dedicated UI texture group 'kanji',HIGH
gMsgKanji8FECTex,UI_2D,dedicated UI texture group 'kanji',HIGH
gMsgKanji8FEDTex,UI_2D,dedicated UI texture group 'kanji',HIGH
gMsgKanji8FEETex,UI_2D,dedicated UI texture group 'kanji',HIGH
gMsgKanji8FEFTex,UI_2D,dedicated UI texture group 'kanji',HIGH
gMsgKanji8FF0Tex,UI_2D,dedicated UI texture group 'kanji',HIGH
gMsgKanji8FF1Tex,UI_2D,dedicated UI texture group 'kanji',HIGH
gMsgKanji8FF2Tex,UI_2D,dedicated UI texture group 'kanji',HIGH
gMsgKanji8FF3Tex,UI_2D,dedicated UI texture group 'kanji',HIGH
gMsgKanji8FF4Tex,UI_2D,dedicated UI texture group 'kanji',HIGH
gMsgKanji8FF5Tex,UI_2D,dedicated UI texture group 'kanji',HIGH
gMsgKanji8FF6Tex,UI_2D,dedicated UI texture group 'kanji',HIGH
gMsgKanji8FF7Tex,UI_2D,dedicated UI texture group 'kanji',HIGH
gMsgKanji8FF8Tex,UI_2D,dedicated UI texture group 'kanji',HIGH
gMsgKanji8FF9Tex,UI_2D,dedicated UI texture group 'kanji',HIGH
gMsgKanji8FFATex,UI_2D,dedicated UI texture group 'kanji',HIGH
gMsgKanji8FFBTex,UI_2D,dedicated UI texture group 'kanji',HIGH
gMsgKanji8FFCTex,UI_2D,dedicated UI texture group 'kanji',HIGH
gMsgKanji9040Tex,UI_2D,dedicated UI texture group 'kanji',HIGH
gMsgKanji9041Tex,UI_2D,dedicated UI texture group 'kanji',HIGH
gMsgKanji9042Tex,UI_2D,dedicated UI texture group 'kanji',HIGH
gMsgKanji9043Tex,UI_2D,dedicated UI texture group 'kanji',HIGH
gMsgKanji9044Tex,UI_2D,dedicated UI texture group 'kanji',HIGH
gMsgKanji9045Tex,UI_2D,dedicated UI texture group 'kanji',HIGH
gMsgKanji9046Tex,UI_2D,dedicated UI texture group 'kanji',HIGH
gMsgKanji9047Tex,UI_2D,dedicated UI texture group 'kanji',HIGH
gMsgKanji9048Tex,UI_2D,dedicated UI texture group 'kanji',HIGH
gMsgKanji9049Tex,UI_2D,dedicated UI texture group 'kanji',HIGH
gMsgKanji904ATex,UI_2D,dedicated UI texture group 'kanji',HIGH
gMsgKanji904BTex,UI_2D,dedicated UI texture group 'kanji',HIGH
gMsgKanji904CTex,UI_2D,dedicated UI texture group 'kanji',HIGH
gMsgKanji904DTex,UI_2D,dedicated UI texture group 'kanji',HIGH
gMsgKanji904ETex,UI_2D,dedicated UI texture group 'kanji',HIGH
gMsgKanji904FTex,UI_2D,dedicated UI texture group 'kanji',HIGH
gMsgKanji9050Tex,UI_2D,dedicated UI texture group 'kanji',HIGH
gMsgKanji9051Tex,UI_2D,dedicated UI texture group 'kanji',HIGH
gMsgKanji9052Tex,UI_2D,dedicated UI texture group 'kanji',HIGH
gMsgKanji9053Tex,UI_2D,dedicated UI texture group 'kanji',HIGH
gMsgKanji9054Tex,UI_2D,dedicated UI texture group 'kanji',HIGH
gMsgKanji9055Tex,UI_2D,dedicated UI texture group 'kanji',HIGH
gMsgKanji9056Tex,UI_2D,dedicated UI texture group 'kanji',HIGH
gMsgKanji9057Tex,UI_2D,dedicated UI texture group 'kanji',HIGH
gMsgKanji9058Tex,UI_2D,dedicated UI texture group 'kanji',HIGH
gMsgKanji9059Tex,UI_2D,dedicated UI texture group 'kanji',HIGH
gMsgKanji905ATex,UI_2D,dedicated UI texture group 'kanji',HIGH
gMsgKanji905BTex,UI_2D,dedicated UI texture group 'kanji',HIGH
gMsgKanji905CTex,UI_2D,dedicated UI texture group 'kanji',HIGH
gMsgKanji905DTex,UI_2D,dedicated UI texture group 'kanji',HIGH
gMsgKanji905ETex,UI_2D,dedicated UI texture group 'kanji',HIGH
gMsgKanji905FTex,UI_2D,dedicated UI texture group 'kanji',HIGH
gMsgKanji9060Tex,UI_2D,dedicated UI texture group 'kanji',HIGH
gMsgKanji9061Tex,UI_2D,dedicated UI texture group 'kanji',HIGH
gMsgKanji9062Tex,UI_2D,dedicated UI texture group 'kanji',HIGH
gMsgKanji9063Tex,UI_2D,dedicated UI texture group 'kanji',HIGH
gMsgKanji9064Tex,UI_2D,dedicated UI texture group 'kanji',HIGH
gMsgKanji9065Tex,UI_2D,dedicated UI texture group 'kanji',HIGH
gMsgKanji9066Tex,UI_2D,dedicated UI texture group 'kanji',HIGH
gMsgKanji9067Tex,UI_2D,dedicated UI texture group 'kanji',HIGH
gMsgKanji9068Tex,UI_2D,dedicated UI texture group 'kanji',HIGH
gMsgKanji9069Tex,UI_2D,dedicated UI texture group 'kanji',HIGH
gMsgKanji906ATex,UI_2D,dedicated UI texture group 'kanji',HIGH
gMsgKanji906BTex,UI_2D,dedicated UI texture group 'kanji',HIGH
gMsgKanji906CTex,UI_2D,dedicated UI texture group 'kanji',HIGH
gMsgKanji906DTex,UI_2D,dedicated UI texture group 'kanji',HIGH
gMsgKanji906ETex,UI_2D,dedicated UI texture group 'kanji',HIGH
gMsgKanji906FTex,UI_2D,dedicated UI texture group 'kanji',HIGH
gMsgKanji9070Tex,UI_2D,dedicated UI texture group 'kanji',HIGH
gMsgKanji9071Tex,UI_2D,dedicated UI texture group 'kanji',HIGH
gMsgKanji9072Tex,UI_2D,dedicated UI texture group 'kanji',HIGH
gMsgKanji9073Tex,UI_2D,dedicated UI texture group 'kanji',HIGH
gMsgKanji9074Tex,UI_2D,dedicated UI texture group 'kanji',HIGH
gMsgKanji9075Tex,UI_2D,dedicated UI texture group 'kanji',HIGH
gMsgKanji9076Tex,UI_2D,dedicated UI texture group 'kanji',HIGH
gMsgKanji9077Tex,UI_2D,dedicated UI texture group 'kanji',HIGH
gMsgKanji9078Tex,UI_2D,dedicated UI texture group 'kanji',HIGH
gMsgKanji9079Tex,UI_2D,dedicated UI texture group 'kanji',HIGH
gMsgKanji907ATex,UI_2D,dedicated UI texture group 'kanji',HIGH
gMsgKanji907BTex,UI_2D,dedicated UI texture group 'kanji',HIGH
gMsgKanji907CTex,UI_2D,dedicated UI texture group 'kanji',HIGH
gMsgKanji907DTex,UI_2D,dedicated UI texture group 'kanji',HIGH
gMsgKanji907ETex,UI_2D,dedicated UI texture group 'kanji',HIGH
gMsgKanji9080Tex,UI_2D,dedicated UI texture group 'kanji',HIGH
gMsgKanji9081Tex,UI_2D,dedicated UI texture group 'kanji',HIGH
gMsgKanji9082Tex,UI_2D,dedicated UI texture group 'kanji',HIGH
gMsgKanji9083Tex,UI_2D,dedicated UI texture group 'kanji',HIGH
gMsgKanji9084Tex,UI_2D,dedicated UI texture group 'kanji',HIGH
gMsgKanji9085Tex,UI_2D,dedicated UI texture group 'kanji',HIGH
gMsgKanji9086Tex,UI_2D,dedicated UI texture group 'kanji',HIGH
gMsgKanji9087Tex,UI_2D,dedicated UI texture group 'kanji',HIGH
gMsgKanji9088Tex,UI_2D,dedicated UI texture group 'kanji',HIGH
gMsgKanji9089Tex,UI_2D,dedicated UI texture group 'kanji',HIGH
gMsgKanji908ATex,UI_2D,dedicated UI texture group 'kanji',HIGH
gMsgKanji908BTex,UI_2D,dedicated UI texture group 'kanji',HIGH
gMsgKanji908CTex,UI_2D,dedicated UI texture group 'kanji',HIGH
gMsgKanji908DTex,UI_2D,dedicated UI texture group 'kanji',HIGH
gMsgKanji908ETex,UI_2D,dedicated UI texture group 'kanji',HIGH
gMsgKanji908FTex,UI_2D,dedicated UI texture group 'kanji',HIGH
gMsgKanji9090Tex,UI_2D,dedicated UI texture group 'kanji',HIGH
gMsgKanji9091Tex,UI_2D,dedicated UI texture group 'kanji',HIGH
gMsgKanji9092Tex,UI_2D,dedicated UI texture group 'kanji',HIGH
gMsgKanji9093Tex,UI_2D,dedicated UI texture group 'kanji',HIGH
gMsgKanji9094Tex,UI_2D,dedicated UI texture group 'kanji',HIGH
gMsgKanji9095Tex,UI_2D,dedicated UI texture group 'kanji',HIGH
gMsgKanji9096Tex,UI_2D,dedicated UI texture group 'kanji',HIGH
gMsgKanji9097Tex,UI_2D,dedicated UI texture group 'kanji',HIGH
gMsgKanji9098Tex,UI_2D,dedicated UI texture group 'kanji',HIGH
gMsgKanji9099Tex,UI_2D,dedicated UI texture group 'kanji',HIGH
gMsgKanji909ATex,UI_2D,dedicated UI texture group 'kanji',HIGH
gMsgKanji909BTex,UI_2D,dedicated UI texture group 'kanji',HIGH
gMsgKanji909CTex,UI_2D,dedicated UI texture group 'kanji',HIGH
gMsgKanji909DTex,UI_2D,dedicated UI texture group 'kanji',HIGH
gMsgKanji909ETex,UI_2D,dedicated UI texture group 'kanji',HIGH
gMsgKanji909FTex,UI_2D,dedicated UI texture group 'kanji',HIGH
gMsgKanji90A0Tex,UI_2D,dedicated UI texture group 'kanji',HIGH
gMsgKanji90A1Tex,UI_2D,dedicated UI texture group 'kanji',HIGH
gMsgKanji90A2Tex,UI_2D,dedicated UI texture group 'kanji',HIGH
gMsgKanji90A3Tex,UI_2D,dedicated UI texture group 'kanji',HIGH
gMsgKanji90A4Tex,UI_2D,dedicated UI texture group 'kanji',HIGH
gMsgKanji90A5Tex,UI_2D,dedicated UI texture group 'kanji',HIGH
gMsgKanji90A6Tex,UI_2D,dedicated UI texture group 'kanji',HIGH
gMsgKanji90A7Tex,UI_2D,dedicated UI texture group 'kanji',HIGH
gMsgKanji90A8Tex,UI_2D,dedicated UI texture group 'kanji',HIGH
gMsgKanji90A9Tex,UI_2D,dedicated UI texture group 'kanji',HIGH
gMsgKanji90AATex,UI_2D,dedicated UI texture group 'kanji',HIGH
gMsgKanji90ABTex,UI_2D,dedicated UI texture group 'kanji',HIGH
gMsgKanji90ACTex,UI_2D,dedicated UI texture group 'kanji',HIGH
gMsgKanji90ADTex,UI_2D,dedicated UI texture group 'kanji',HIGH
gMsgKanji90AETex,UI_2D,dedicated UI texture group 'kanji',HIGH
gMsgKanji90AFTex,UI_2D,dedicated UI texture group 'kanji',HIGH
gMsgKanji90B0Tex,UI_2D,dedicated UI texture group 'kanji',HIGH
gMsgKanji90B1Tex,UI_2D,dedicated UI texture group 'kanji',HIGH
gMsgKanji90B2Tex,UI_2D,dedicated UI texture group 'kanji',HIGH
gMsgKanji90B3Tex,UI_2D,dedicated UI texture group 'kanji',HIGH
gMsgKanji90B4Tex,UI_2D,dedicated UI texture group 'kanji',HIGH
gMsgKanji90B5Tex,UI_2D,dedicated UI texture group 'kanji',HIGH
gMsgKanji90B6Tex,UI_2D,dedicated UI texture group 'kanji',HIGH
gMsgKanji90B7Tex,UI_2D,dedicated UI texture group 'kanji',HIGH
gMsgKanji90B8Tex,UI_2D,dedicated UI texture group 'kanji',HIGH
gMsgKanji90B9Tex,UI_2D,dedicated UI texture group 'kanji',HIGH
gMsgKanji90BATex,UI_2D,dedicated UI texture group 'kanji',HIGH
gMsgKanji90BBTex,UI_2D,dedicated UI texture group 'kanji',HIGH
gMsgKanji90BCTex,UI_2D,dedicated UI texture group 'kanji',HIGH
gMsgKanji90BDTex,UI_2D,dedicated UI texture group 'kanji',HIGH
gMsgKanji90BETex,UI_2D,dedicated UI texture group 'kanji',HIGH
gMsgKanji90BFTex,UI_2D,dedicated UI texture group 'kanji',HIGH
gMsgKanji90C0Tex,UI_2D,dedicated UI texture group 'kanji',HIGH
gMsgKanji90C1Tex,UI_2D,dedicated UI texture group 'kanji',HIGH
gMsgKanji90C2Tex,UI_2D,dedicated UI texture group 'kanji',HIGH
gMsgKanji90C3Tex,UI_2D,dedicated UI texture group 'kanji',HIGH
gMsgKanji90C4Tex,UI_2D,dedicated UI texture group 'kanji',HIGH
gMsgKanji90C5Tex,UI_2D,dedicated UI texture group 'kanji',HIGH
gMsgKanji90C6Tex,UI_2D,dedicated UI texture group 'kanji',HIGH
gMsgKanji90C7Tex,UI_2D,dedicated UI texture group 'kanji',HIGH
gMsgKanji90C8Tex,UI_2D,dedicated UI texture group 'kanji',HIGH
gMsgKanji90C9Tex,UI_2D,dedicated UI texture group 'kanji',HIGH
gMsgKanji90CATex,UI_2D,dedicated UI texture group 'kanji',HIGH
gMsgKanji90CBTex,UI_2D,dedicated UI texture group 'kanji',HIGH
gMsgKanji90CCTex,UI_2D,dedicated UI texture group 'kanji',HIGH
gMsgKanji90CDTex,UI_2D,dedicated UI texture group 'kanji',HIGH
gMsgKanji90CETex,UI_2D,dedicated UI texture group 'kanji',HIGH
gMsgKanji90CFTex,UI_2D,dedicated UI texture group 'kanji',HIGH
gMsgKanji90D0Tex,UI_2D,dedicated UI texture group 'kanji',HIGH
gMsgKanji90D1Tex,UI_2D,dedicated UI texture group 'kanji',HIGH
gMsgKanji90D2Tex,UI_2D,dedicated UI texture group 'kanji',HIGH
gMsgKanji90D3Tex,UI_2D,dedicated UI texture group 'kanji',HIGH
gMsgKanji90D4Tex,UI_2D,dedicated UI texture group 'kanji',HIGH
gMsgKanji90D5Tex,UI_2D,dedicated UI texture group 'kanji',HIGH
gMsgKanji90D6Tex,UI_2D,dedicated UI texture group 'kanji',HIGH
gMsgKanji90D7Tex,UI_2D,dedicated UI texture group 'kanji',HIGH
gMsgKanji90D8Tex,UI_2D,dedicated UI texture group 'kanji',HIGH
gMsgKanji90D9Tex,UI_2D,dedicated UI texture group 'kanji',HIGH
gMsgKanji90DATex,UI_2D,dedicated UI texture group 'kanji',HIGH
gMsgKanji90DBTex,UI_2D,dedicated UI texture group 'kanji',HIGH
gMsgKanji90DCTex,UI_2D,dedicated UI texture group 'kanji',HIGH
gMsgKanji90DDTex,UI_2D,dedicated UI texture group 'kanji',HIGH
gMsgKanji90DETex,UI_2D,dedicated UI texture group 'kanji',HIGH
gMsgKanji90DFTex,UI_2D,dedicated UI texture group 'kanji',HIGH
gMsgKanji90E0Tex,UI_2D,dedicated UI texture group 'kanji',HIGH
gMsgKanji90E1Tex,UI_2D,dedicated UI texture group 'kanji',HIGH
gMsgKanji90E2Tex,UI_2D,dedicated UI texture group 'kanji',HIGH
gMsgKanji90E3Tex,UI_2D,dedicated UI texture group 'kanji',HIGH
gMsgKanji90E4Tex,UI_2D,dedicated UI texture group 'kanji',HIGH
gMsgKanji90E5Tex,UI_2D,dedicated UI texture group 'kanji',HIGH
gMsgKanji90E6Tex,UI_2D,dedicated UI texture group 'kanji',HIGH
gMsgKanji90E7Tex,UI_2D,dedicated UI texture group 'kanji',HIGH
gMsgKanji90E8Tex,UI_2D,dedicated UI texture group 'kanji',HIGH
gMsgKanji90E9Tex,UI_2D,dedicated UI texture group 'kanji',HIGH
gMsgKanji90EATex,UI_2D,dedicated UI texture group 'kanji',HIGH
gMsgKanji90EBTex,UI_2D,dedicated UI texture group 'kanji',HIGH
gMsgKanji90ECTex,UI_2D,dedicated UI texture group 'kanji',HIGH
gMsgKanji90EDTex,UI_2D,dedicated UI texture group 'kanji',HIGH
gMsgKanji90EETex,UI_2D,dedicated UI texture group 'kanji',HIGH
gMsgKanji90EFTex,UI_2D,dedicated UI texture group 'kanji',HIGH
gMsgKanji90F0Tex,UI_2D,dedicated UI texture group 'kanji',HIGH
gMsgKanji90F1Tex,UI_2D,dedicated UI texture group 'kanji',HIGH
gMsgKanji90F2Tex,UI_2D,dedicated UI texture group 'kanji',HIGH
gMsgKanji90F3Tex,UI_2D,dedicated UI texture group 'kanji',HIGH
gMsgKanji90F4Tex,UI_2D,dedicated UI texture group 'kanji',HIGH
gMsgKanji90F5Tex,UI_2D,dedicated UI texture group 'kanji',HIGH
gMsgKanji90F6Tex,UI_2D,dedicated UI texture group 'kanji',HIGH
gMsgKanji90F7Tex,UI_2D,dedicated UI texture group 'kanji',HIGH
gMsgKanji90F8Tex,UI_2D,dedicated UI texture group 'kanji',HIGH
gMsgKanji90F9Tex,UI_2D,dedicated UI texture group 'kanji',HIGH
gMsgKanji90FATex,UI_2D,dedicated UI texture group 'kanji',HIGH
gMsgKanji90FBTex,UI_2D,dedicated UI texture group 'kanji',HIGH
gMsgKanji90FCTex,UI_2D,dedicated UI texture group 'kanji',HIGH
gMsgKanji9140Tex,UI_2D,dedicated UI texture group 'kanji',HIGH
gMsgKanji9141Tex,UI_2D,dedicated UI texture group 'kanji',HIGH
gMsgKanji9142Tex,UI_2D,dedicated UI texture group 'kanji',HIGH
gMsgKanji9143Tex,UI_2D,dedicated UI texture group 'kanji',HIGH
gMsgKanji9144Tex,UI_2D,dedicated UI texture group 'kanji',HIGH
gMsgKanji9145Tex,UI_2D,dedicated UI texture group 'kanji',HIGH
gMsgKanji9146Tex,UI_2D,dedicated UI texture group 'kanji',HIGH
gMsgKanji9147Tex,UI_2D,dedicated UI texture group 'kanji',HIGH
gMsgKanji9148Tex,UI_2D,dedicated UI texture group 'kanji',HIGH
gMsgKanji9149Tex,UI_2D,dedicated UI texture group 'kanji',HIGH
gMsgKanji914ATex,UI_2D,dedicated UI texture group 'kanji',HIGH
gMsgKanji914BTex,UI_2D,dedicated UI texture group 'kanji',HIGH
gMsgKanji914CTex,UI_2D,dedicated UI texture group 'kanji',HIGH
gMsgKanji914DTex,UI_2D,dedicated UI texture group 'kanji',HIGH
gMsgKanji914ETex,UI_2D,dedicated UI texture group 'kanji',HIGH
gMsgKanji914FTex,UI_2D,dedicated UI texture group 'kanji',HIGH
gMsgKanji9150Tex,UI_2D,dedicated UI texture group 'kanji',HIGH
gMsgKanji9151Tex,UI_2D,dedicated UI texture group 'kanji',HIGH
gMsgKanji9152Tex,UI_2D,dedicated UI texture group 'kanji',HIGH
gMsgKanji9153Tex,UI_2D,dedicated UI texture group 'kanji',HIGH
gMsgKanji9154Tex,UI_2D,dedicated UI texture group 'kanji',HIGH
gMsgKanji9155Tex,UI_2D,dedicated UI texture group 'kanji',HIGH
gMsgKanji9156Tex,UI_2D,dedicated UI texture group 'kanji',HIGH
gMsgKanji9157Tex,UI_2D,dedicated UI texture group 'kanji',HIGH
gMsgKanji9158Tex,UI_2D,dedicated UI texture group 'kanji',HIGH
gMsgKanji9159Tex,UI_2D,dedicated UI texture group 'kanji',HIGH
gMsgKanji915ATex,UI_2D,dedicated UI texture group 'kanji',HIGH
gMsgKanji915BTex,UI_2D,dedicated UI texture group 'kanji',HIGH
gMsgKanji915CTex,UI_2D,dedicated UI texture group 'kanji',HIGH
gMsgKanji915DTex,UI_2D,dedicated UI texture group 'kanji',HIGH
gMsgKanji915ETex,UI_2D,dedicated UI texture group 'kanji',HIGH
gMsgKanji915FTex,UI_2D,dedicated UI texture group 'kanji',HIGH
gMsgKanji9160Tex,UI_2D,dedicated UI texture group 'kanji',HIGH
gMsgKanji9161Tex,UI_2D,dedicated UI texture group 'kanji',HIGH
gMsgKanji9162Tex,UI_2D,dedicated UI texture group 'kanji',HIGH
gMsgKanji9163Tex,UI_2D,dedicated UI texture group 'kanji',HIGH
gMsgKanji9164Tex,UI_2D,dedicated UI texture group 'kanji',HIGH
gMsgKanji9165Tex,UI_2D,dedicated UI texture group 'kanji',HIGH
gMsgKanji9166Tex,UI_2D,dedicated UI texture group 'kanji',HIGH
gMsgKanji9167Tex,UI_2D,dedicated UI texture group 'kanji',HIGH
gMsgKanji9168Tex,UI_2D,dedicated UI texture group 'kanji',HIGH
gMsgKanji9169Tex,UI_2D,dedicated UI texture group 'kanji',HIGH
gMsgKanji916ATex,UI_2D,dedicated UI texture group 'kanji',HIGH
gMsgKanji916BTex,UI_2D,dedicated UI texture group 'kanji',HIGH
gMsgKanji916CTex,UI_2D,dedicated UI texture group 'kanji',HIGH
gMsgKanji916DTex,UI_2D,dedicated UI texture group 'kanji',HIGH
gMsgKanji916ETex,UI_2D,dedicated UI texture group 'kanji',HIGH
gMsgKanji916FTex,UI_2D,dedicated UI texture group 'kanji',HIGH
gMsgKanji9170Tex,UI_2D,dedicated UI texture group 'kanji',HIGH
gMsgKanji9171Tex,UI_2D,dedicated UI texture group 'kanji',HIGH
gMsgKanji9172Tex,UI_2D,dedicated UI texture group 'kanji',HIGH
gMsgKanji9173Tex,UI_2D,dedicated UI texture group 'kanji',HIGH
gMsgKanji9174Tex,UI_2D,dedicated UI texture group 'kanji',HIGH
gMsgKanji9175Tex,UI_2D,dedicated UI texture group 'kanji',HIGH
gMsgKanji9176Tex,UI_2D,dedicated UI texture group 'kanji',HIGH
gMsgKanji9177Tex,UI_2D,dedicated UI texture group 'kanji',HIGH
gMsgKanji9178Tex,UI_2D,dedicated UI texture group 'kanji',HIGH
gMsgKanji9179Tex,UI_2D,dedicated UI texture group 'kanji',HIGH
gMsgKanji917ATex,UI_2D,dedicated UI texture group 'kanji',HIGH
gMsgKanji917BTex,UI_2D,dedicated UI texture group 'kanji',HIGH
gMsgKanji917CTex,UI_2D,dedicated UI texture group 'kanji',HIGH
gMsgKanji917DTex,UI_2D,dedicated UI texture group 'kanji',HIGH
gMsgKanji917ETex,UI_2D,dedicated UI texture group 'kanji',HIGH
gMsgKanji9180Tex,UI_2D,dedicated UI texture group 'kanji',HIGH
gMsgKanji9181Tex,UI_2D,dedicated UI texture group 'kanji',HIGH
gMsgKanji9182Tex,UI_2D,dedicated UI texture group 'kanji',HIGH
gMsgKanji9183Tex,UI_2D,dedicated UI texture group 'kanji',HIGH
gMsgKanji9184Tex,UI_2D,dedicated UI texture group 'kanji',HIGH
gMsgKanji9185Tex,UI_2D,dedicated UI texture group 'kanji',HIGH
gMsgKanji9186Tex,UI_2D,dedicated UI texture group 'kanji',HIGH
gMsgKanji9187Tex,UI_2D,dedicated UI texture group 'kanji',HIGH
gMsgKanji9188Tex,UI_2D,dedicated UI texture group 'kanji',HIGH
gMsgKanji9189Tex,UI_2D,dedicated UI texture group 'kanji',HIGH
gMsgKanji918ATex,UI_2D,dedicated UI texture group 'kanji',HIGH
gMsgKanji918BTex,UI_2D,dedicated UI texture group 'kanji',HIGH
gMsgKanji918CTex,UI_2D,dedicated UI texture group 'kanji',HIGH
gMsgKanji918DTex,UI_2D,dedicated UI texture group 'kanji',HIGH
gMsgKanji918ETex,UI_2D,dedicated UI texture group 'kanji',HIGH
gMsgKanji918FTex,UI_2D,dedicated UI texture group 'kanji',HIGH
gMsgKanji9190Tex,UI_2D,dedicated UI texture group 'kanji',HIGH
gMsgKanji9191Tex,UI_2D,dedicated UI texture group 'kanji',HIGH
gMsgKanji9192Tex,UI_2D,dedicated UI texture group 'kanji',HIGH
gMsgKanji9193Tex,UI_2D,dedicated UI texture group 'kanji',HIGH
gMsgKanji9194Tex,UI_2D,dedicated UI texture group 'kanji',HIGH
gMsgKanji9195Tex,UI_2D,dedicated UI texture group 'kanji',HIGH
gMsgKanji9196Tex,UI_2D,dedicated UI texture group 'kanji',HIGH
gMsgKanji9197Tex,UI_2D,dedicated UI texture group 'kanji',HIGH
gMsgKanji9198Tex,UI_2D,dedicated UI texture group 'kanji',HIGH
gMsgKanji9199Tex,UI_2D,dedicated UI texture group 'kanji',HIGH
gMsgKanji919ATex,UI_2D,dedicated UI texture group 'kanji',HIGH
gMsgKanji919BTex,UI_2D,dedicated UI texture group 'kanji',HIGH
gMsgKanji919CTex,UI_2D,dedicated UI texture group 'kanji',HIGH
gMsgKanji919DTex,UI_2D,dedicated UI texture group 'kanji',HIGH
gMsgKanji919ETex,UI_2D,dedicated UI texture group 'kanji',HIGH
gMsgKanji919FTex,UI_2D,dedicated UI texture group 'kanji',HIGH
gMsgKanji91A0Tex,UI_2D,dedicated UI texture group 'kanji',HIGH
gMsgKanji91A1Tex,UI_2D,dedicated UI texture group 'kanji',HIGH
gMsgKanji91A2Tex,UI_2D,dedicated UI texture group 'kanji',HIGH
gMsgKanji91A3Tex,UI_2D,dedicated UI texture group 'kanji',HIGH
gMsgKanji91A4Tex,UI_2D,dedicated UI texture group 'kanji',HIGH
gMsgKanji91A5Tex,UI_2D,dedicated UI texture group 'kanji',HIGH
gMsgKanji91A6Tex,UI_2D,dedicated UI texture group 'kanji',HIGH
gMsgKanji91A7Tex,UI_2D,dedicated UI texture group 'kanji',HIGH
gMsgKanji91A8Tex,UI_2D,dedicated UI texture group 'kanji',HIGH
gMsgKanji91A9Tex,UI_2D,dedicated UI texture group 'kanji',HIGH
gMsgKanji91AATex,UI_2D,dedicated UI texture group 'kanji',HIGH
gMsgKanji91ABTex,UI_2D,dedicated UI texture group 'kanji',HIGH
gMsgKanji91ACTex,UI_2D,dedicated UI texture group 'kanji',HIGH
gMsgKanji91ADTex,UI_2D,dedicated UI texture group 'kanji',HIGH
gMsgKanji91AETex,UI_2D,dedicated UI texture group 'kanji',HIGH
gMsgKanji91AFTex,UI_2D,dedicated UI texture group 'kanji',HIGH
gMsgKanji91B0Tex,UI_2D,dedicated UI texture group 'kanji',HIGH
gMsgKanji91B1Tex,UI_2D,dedicated UI texture group 'kanji',HIGH
gMsgKanji91B2Tex,UI_2D,dedicated UI texture group 'kanji',HIGH
gMsgKanji91B3Tex,UI_2D,dedicated UI texture group 'kanji',HIGH
gMsgKanji91B4Tex,UI_2D,dedicated UI texture group 'kanji',HIGH
gMsgKanji91B5Tex,UI_2D,dedicated UI texture group 'kanji',HIGH
gMsgKanji91B6Tex,UI_2D,dedicated UI texture group 'kanji',HIGH
gMsgKanji91B7Tex,UI_2D,dedicated UI texture group 'kanji',HIGH
gMsgKanji91B8Tex,UI_2D,dedicated UI texture group 'kanji',HIGH
gMsgKanji91B9Tex,UI_2D,dedicated UI texture group 'kanji',HIGH
gMsgKanji91BATex,UI_2D,dedicated UI texture group 'kanji',HIGH
gMsgKanji91BBTex,UI_2D,dedicated UI texture group 'kanji',HIGH
gMsgKanji91BCTex,UI_2D,dedicated UI texture group 'kanji',HIGH
gMsgKanji91BDTex,UI_2D,dedicated UI texture group 'kanji',HIGH
gMsgKanji91BETex,UI_2D,dedicated UI texture group 'kanji',HIGH
gMsgKanji91BFTex,UI_2D,dedicated UI texture group 'kanji',HIGH
gMsgKanji91C0Tex,UI_2D,dedicated UI texture group 'kanji',HIGH
gMsgKanji91C1Tex,UI_2D,dedicated UI texture group 'kanji',HIGH
gMsgKanji91C2Tex,UI_2D,dedicated UI texture group 'kanji',HIGH
gMsgKanji91C3Tex,UI_2D,dedicated UI texture group 'kanji',HIGH
gMsgKanji91C4Tex,UI_2D,dedicated UI texture group 'kanji',HIGH
gMsgKanji91C5Tex,UI_2D,dedicated UI texture group 'kanji',HIGH
gMsgKanji91C6Tex,UI_2D,dedicated UI texture group 'kanji',HIGH
gMsgKanji91C7Tex,UI_2D,dedicated UI texture group 'kanji',HIGH
gMsgKanji91C8Tex,UI_2D,dedicated UI texture group 'kanji',HIGH
gMsgKanji91C9Tex,UI_2D,dedicated UI texture group 'kanji',HIGH
gMsgKanji91CATex,UI_2D,dedicated UI texture group 'kanji',HIGH
gMsgKanji91CBTex,UI_2D,dedicated UI texture group 'kanji',HIGH
gMsgKanji91CCTex,UI_2D,dedicated UI texture group 'kanji',HIGH
gMsgKanji91CDTex,UI_2D,dedicated UI texture group 'kanji',HIGH
gMsgKanji91CETex,UI_2D,dedicated UI texture group 'kanji',HIGH
gMsgKanji91CFTex,UI_2D,dedicated UI texture group 'kanji',HIGH
gMsgKanji91D0Tex,UI_2D,dedicated UI texture group 'kanji',HIGH
gMsgKanji91D1Tex,UI_2D,dedicated UI texture group 'kanji',HIGH
gMsgKanji91D2Tex,UI_2D,dedicated UI texture group 'kanji',HIGH
gMsgKanji91D3Tex,UI_2D,dedicated UI texture group 'kanji',HIGH
gMsgKanji91D4Tex,UI_2D,dedicated UI texture group 'kanji',HIGH
gMsgKanji91D5Tex,UI_2D,dedicated UI texture group 'kanji',HIGH
gMsgKanji91D6Tex,UI_2D,dedicated UI texture group 'kanji',HIGH
gMsgKanji91D7Tex,UI_2D,dedicated UI texture group 'kanji',HIGH
gMsgKanji91D8Tex,UI_2D,dedicated UI texture group 'kanji',HIGH
gMsgKanji91D9Tex,UI_2D,dedicated UI texture group 'kanji',HIGH
gMsgKanji91DATex,UI_2D,dedicated UI texture group 'kanji',HIGH
gMsgKanji91DBTex,UI_2D,dedicated UI texture group 'kanji',HIGH
gMsgKanji91DCTex,UI_2D,dedicated UI texture group 'kanji',HIGH
gMsgKanji91DDTex,UI_2D,dedicated UI texture group 'kanji',HIGH
gMsgKanji91DETex,UI_2D,dedicated UI texture group 'kanji',HIGH
gMsgKanji91DFTex,UI_2D,dedicated UI texture group 'kanji',HIGH
gMsgKanji91E0Tex,UI_2D,dedicated UI texture group 'kanji',HIGH
gMsgKanji91E1Tex,UI_2D,dedicated UI texture group 'kanji',HIGH
gMsgKanji91E2Tex,UI_2D,dedicated UI texture group 'kanji',HIGH
gMsgKanji91E3Tex,UI_2D,dedicated UI texture group 'kanji',HIGH
gMsgKanji91E4Tex,UI_2D,dedicated UI texture group 'kanji',HIGH
gMsgKanji91E5Tex,UI_2D,dedicated UI texture group 'kanji',HIGH
gMsgKanji91E6Tex,UI_2D,dedicated UI texture group 'kanji',HIGH
gMsgKanji91E7Tex,UI_2D,dedicated UI texture group 'kanji',HIGH
gMsgKanji91E8Tex,UI_2D,dedicated UI texture group 'kanji',HIGH
gMsgKanji91E9Tex,UI_2D,dedicated UI texture group 'kanji',HIGH
gMsgKanji91EATex,UI_2D,dedicated UI texture group 'kanji',HIGH
gMsgKanji91EBTex,UI_2D,dedicated UI texture group 'kanji',HIGH
gMsgKanji91ECTex,UI_2D,dedicated UI texture group 'kanji',HIGH
gMsgKanji91EDTex,UI_2D,dedicated UI texture group 'kanji',HIGH
gMsgKanji91EETex,UI_2D,dedicated UI texture group 'kanji',HIGH
gMsgKanji91EFTex,UI_2D,dedicated UI texture group 'kanji',HIGH
gMsgKanji91F0Tex,UI_2D,dedicated UI texture group 'kanji',HIGH
gMsgKanji91F1Tex,UI_2D,dedicated UI texture group 'kanji',HIGH
gMsgKanji91F2Tex,UI_2D,dedicated UI texture group 'kanji',HIGH
gMsgKanji91F3Tex,UI_2D,dedicated UI texture group 'kanji',HIGH
gMsgKanji91F4Tex,UI_2D,dedicated UI texture group 'kanji',HIGH
gMsgKanji91F5Tex,UI_2D,dedicated UI texture group 'kanji',HIGH
gMsgKanji91F6Tex,UI_2D,dedicated UI texture group 'kanji',HIGH
gMsgKanji91F7Tex,UI_2D,dedicated UI texture group 'kanji',HIGH
gMsgKanji91F8Tex,UI_2D,dedicated UI texture group 'kanji',HIGH
gMsgKanji91F9Tex,UI_2D,dedicated UI texture group 'kanji',HIGH
gMsgKanji91FATex,UI_2D,dedicated UI texture group 'kanji',HIGH
gMsgKanji91FBTex,UI_2D,dedicated UI texture group 'kanji',HIGH
gMsgKanji91FCTex,UI_2D,dedicated UI texture group 'kanji',HIGH
gMsgKanji9240Tex,UI_2D,dedicated UI texture group 'kanji',HIGH
gMsgKanji9241Tex,UI_2D,dedicated UI texture group 'kanji',HIGH
gMsgKanji9242Tex,UI_2D,dedicated UI texture group 'kanji',HIGH
gMsgKanji9243Tex,UI_2D,dedicated UI texture group 'kanji',HIGH
gMsgKanji9244Tex,UI_2D,dedicated UI texture group 'kanji',HIGH
gMsgKanji9245Tex,UI_2D,dedicated UI texture group 'kanji',HIGH
gMsgKanji9246Tex,UI_2D,dedicated UI texture group 'kanji',HIGH
gMsgKanji9247Tex,UI_2D,dedicated UI texture group 'kanji',HIGH
gMsgKanji9248Tex,UI_2D,dedicated UI texture group 'kanji',HIGH
gMsgKanji9249Tex,UI_2D,dedicated UI texture group 'kanji',HIGH
gMsgKanji924ATex,UI_2D,dedicated UI texture group 'kanji',HIGH
gMsgKanji924BTex,UI_2D,dedicated UI texture group 'kanji',HIGH
gMsgKanji924CTex,UI_2D,dedicated UI texture group 'kanji',HIGH
gMsgKanji924DTex,UI_2D,dedicated UI texture group 'kanji',HIGH
gMsgKanji924ETex,UI_2D,dedicated UI texture group 'kanji',HIGH
gMsgKanji924FTex,UI_2D,dedicated UI texture group 'kanji',HIGH
gMsgKanji9250Tex,UI_2D,dedicated UI texture group 'kanji',HIGH
gMsgKanji9251Tex,UI_2D,dedicated UI texture group 'kanji',HIGH
gMsgKanji9252Tex,UI_2D,dedicated UI texture group 'kanji',HIGH
gMsgKanji9253Tex,UI_2D,dedicated UI texture group 'kanji',HIGH
gMsgKanji9254Tex,UI_2D,dedicated UI texture group 'kanji',HIGH
gMsgKanji9255Tex,UI_2D,dedicated UI texture group 'kanji',HIGH
gMsgKanji9256Tex,UI_2D,dedicated UI texture group 'kanji',HIGH
gMsgKanji9257Tex,UI_2D,dedicated UI texture group 'kanji',HIGH
gMsgKanji9258Tex,UI_2D,dedicated UI texture group 'kanji',HIGH
gMsgKanji9259Tex,UI_2D,dedicated UI texture group 'kanji',HIGH
gMsgKanji925ATex,UI_2D,dedicated UI texture group 'kanji',HIGH
gMsgKanji925BTex,UI_2D,dedicated UI texture group 'kanji',HIGH
gMsgKanji925CTex,UI_2D,dedicated UI texture group 'kanji',HIGH
gMsgKanji925DTex,UI_2D,dedicated UI texture group 'kanji',HIGH
gMsgKanji925ETex,UI_2D,dedicated UI texture group 'kanji',HIGH
gMsgKanji925FTex,UI_2D,dedicated UI texture group 'kanji',HIGH
gMsgKanji9260Tex,UI_2D,dedicated UI texture group 'kanji',HIGH
gMsgKanji9261Tex,UI_2D,dedicated UI texture group 'kanji',HIGH
gMsgKanji9262Tex,UI_2D,dedicated UI texture group 'kanji',HIGH
gMsgKanji9263Tex,UI_2D,dedicated UI texture group 'kanji',HIGH
gMsgKanji9264Tex,UI_2D,dedicated UI texture group 'kanji',HIGH
gMsgKanji9265Tex,UI_2D,dedicated UI texture group 'kanji',HIGH
gMsgKanji9266Tex,UI_2D,dedicated UI texture group 'kanji',HIGH
gMsgKanji9267Tex,UI_2D,dedicated UI texture group 'kanji',HIGH
gMsgKanji9268Tex,UI_2D,dedicated UI texture group 'kanji',HIGH
gMsgKanji9269Tex,UI_2D,dedicated UI texture group 'kanji',HIGH
gMsgKanji926ATex,UI_2D,dedicated UI texture group 'kanji',HIGH
gMsgKanji926BTex,UI_2D,dedicated UI texture group 'kanji',HIGH
gMsgKanji926CTex,UI_2D,dedicated UI texture group 'kanji',HIGH
gMsgKanji926DTex,UI_2D,dedicated UI texture group 'kanji',HIGH
gMsgKanji926ETex,UI_2D,dedicated UI texture group 'kanji',HIGH
gMsgKanji926FTex,UI_2D,dedicated UI texture group 'kanji',HIGH
gMsgKanji9270Tex,UI_2D,dedicated UI texture group 'kanji',HIGH
gMsgKanji9271Tex,UI_2D,dedicated UI texture group 'kanji',HIGH
gMsgKanji9272Tex,UI_2D,dedicated UI texture group 'kanji',HIGH
gMsgKanji9273Tex,UI_2D,dedicated UI texture group 'kanji',HIGH
gMsgKanji9274Tex,UI_2D,dedicated UI texture group 'kanji',HIGH
gMsgKanji9275Tex,UI_2D,dedicated UI texture group 'kanji',HIGH
gMsgKanji9276Tex,UI_2D,dedicated UI texture group 'kanji',HIGH
gMsgKanji9277Tex,UI_2D,dedicated UI texture group 'kanji',HIGH
gMsgKanji9278Tex,UI_2D,dedicated UI texture group 'kanji',HIGH
gMsgKanji9279Tex,UI_2D,dedicated UI texture group 'kanji',HIGH
gMsgKanji927ATex,UI_2D,dedicated UI texture group 'kanji',HIGH
gMsgKanji927BTex,UI_2D,dedicated UI texture group 'kanji',HIGH
gMsgKanji927CTex,UI_2D,dedicated UI texture group 'kanji',HIGH
gMsgKanji927DTex,UI_2D,dedicated UI texture group 'kanji',HIGH
gMsgKanji927ETex,UI_2D,dedicated UI texture group 'kanji',HIGH
gMsgKanji9280Tex,UI_2D,dedicated UI texture group 'kanji',HIGH
gMsgKanji9281Tex,UI_2D,dedicated UI texture group 'kanji',HIGH
gMsgKanji9282Tex,UI_2D,dedicated UI texture group 'kanji',HIGH
gMsgKanji9283Tex,UI_2D,dedicated UI texture group 'kanji',HIGH
gMsgKanji9284Tex,UI_2D,dedicated UI texture group 'kanji',HIGH
gMsgKanji9285Tex,UI_2D,dedicated UI texture group 'kanji',HIGH
gMsgKanji9286Tex,UI_2D,dedicated UI texture group 'kanji',HIGH
gMsgKanji9287Tex,UI_2D,dedicated UI texture group 'kanji',HIGH
gMsgKanji9288Tex,UI_2D,dedicated UI texture group 'kanji',HIGH
gMsgKanji9289Tex,UI_2D,dedicated UI texture group 'kanji',HIGH
gMsgKanji928ATex,UI_2D,dedicated UI texture group 'kanji',HIGH
gMsgKanji928BTex,UI_2D,dedicated UI texture group 'kanji',HIGH
gMsgKanji928CTex,UI_2D,dedicated UI texture group 'kanji',HIGH
gMsgKanji928DTex,UI_2D,dedicated UI texture group 'kanji',HIGH
gMsgKanji928ETex,UI_2D,dedicated UI texture group 'kanji',HIGH
gMsgKanji928FTex,UI_2D,dedicated UI texture group 'kanji',HIGH
gMsgKanji9290Tex,UI_2D,dedicated UI texture group 'kanji',HIGH
gMsgKanji9291Tex,UI_2D,dedicated UI texture group 'kanji',HIGH
gMsgKanji9292Tex,UI_2D,dedicated UI texture group 'kanji',HIGH
gMsgKanji9293Tex,UI_2D,dedicated UI texture group 'kanji',HIGH
gMsgKanji9294Tex,UI_2D,dedicated UI texture group 'kanji',HIGH
gMsgKanji9295Tex,UI_2D,dedicated UI texture group 'kanji',HIGH
gMsgKanji9296Tex,UI_2D,dedicated UI texture group 'kanji',HIGH
gMsgKanji9297Tex,UI_2D,dedicated UI texture group 'kanji',HIGH
gMsgKanji9298Tex,UI_2D,dedicated UI texture group 'kanji',HIGH
gMsgKanji9299Tex,UI_2D,dedicated UI texture group 'kanji',HIGH
gMsgKanji929ATex,UI_2D,dedicated UI texture group 'kanji',HIGH
gMsgKanji929BTex,UI_2D,dedicated UI texture group 'kanji',HIGH
gMsgKanji929CTex,UI_2D,dedicated UI texture group 'kanji',HIGH
gMsgKanji929DTex,UI_2D,dedicated UI texture group 'kanji',HIGH
gMsgKanji929ETex,UI_2D,dedicated UI texture group 'kanji',HIGH
gMsgKanji929FTex,UI_2D,dedicated UI texture group 'kanji',HIGH
gMsgKanji92A0Tex,UI_2D,dedicated UI texture group 'kanji',HIGH
gMsgKanji92A1Tex,UI_2D,dedicated UI texture group 'kanji',HIGH
gMsgKanji92A2Tex,UI_2D,dedicated UI texture group 'kanji',HIGH
gMsgKanji92A3Tex,UI_2D,dedicated UI texture group 'kanji',HIGH
gMsgKanji92A4Tex,UI_2D,dedicated UI texture group 'kanji',HIGH
gMsgKanji92A5Tex,UI_2D,dedicated UI texture group 'kanji',HIGH
gMsgKanji92A6Tex,UI_2D,dedicated UI texture group 'kanji',HIGH
gMsgKanji92A7Tex,UI_2D,dedicated UI texture group 'kanji',HIGH
gMsgKanji92A8Tex,UI_2D,dedicated UI texture group 'kanji',HIGH
gMsgKanji92A9Tex,UI_2D,dedicated UI texture group 'kanji',HIGH
gMsgKanji92AATex,UI_2D,dedicated UI texture group 'kanji',HIGH
gMsgKanji92ABTex,UI_2D,dedicated UI texture group 'kanji',HIGH
gMsgKanji92ACTex,UI_2D,dedicated UI texture group 'kanji',HIGH
gMsgKanji92ADTex,UI_2D,dedicated UI texture group 'kanji',HIGH
gMsgKanji92AETex,UI_2D,dedicated UI texture group 'kanji',HIGH
gMsgKanji92AFTex,UI_2D,dedicated UI texture group 'kanji',HIGH
gMsgKanji92B0Tex,UI_2D,dedicated UI texture group 'kanji',HIGH
gMsgKanji92B1Tex,UI_2D,dedicated UI texture group 'kanji',HIGH
gMsgKanji92B2Tex,UI_2D,dedicated UI texture group 'kanji',HIGH
gMsgKanji92B3Tex,UI_2D,dedicated UI texture group 'kanji',HIGH
gMsgKanji92B4Tex,UI_2D,dedicated UI texture group 'kanji',HIGH
gMsgKanji92B5Tex,UI_2D,dedicated UI texture group 'kanji',HIGH
gMsgKanji92B6Tex,UI_2D,dedicated UI texture group 'kanji',HIGH
gMsgKanji92B7Tex,UI_2D,dedicated UI texture group 'kanji',HIGH
gMsgKanji92B8Tex,UI_2D,dedicated UI texture group 'kanji',HIGH
gMsgKanji92B9Tex,UI_2D,dedicated UI texture group 'kanji',HIGH
gMsgKanji92BATex,UI_2D,dedicated UI texture group 'kanji',HIGH
gMsgKanji92BBTex,UI_2D,dedicated UI texture group 'kanji',HIGH
gMsgKanji92BCTex,UI_2D,dedicated UI texture group 'kanji',HIGH
gMsgKanji92BDTex,UI_2D,dedicated UI texture group 'kanji',HIGH
gMsgKanji92BETex,UI_2D,dedicated UI texture group 'kanji',HIGH
gMsgKanji92BFTex,UI_2D,dedicated UI texture group 'kanji',HIGH
gMsgKanji92C0Tex,UI_2D,dedicated UI texture group 'kanji',HIGH
gMsgKanji92C1Tex,UI_2D,dedicated UI texture group 'kanji',HIGH
gMsgKanji92C2Tex,UI_2D,dedicated UI texture group 'kanji',HIGH
gMsgKanji92C3Tex,UI_2D,dedicated UI texture group 'kanji',HIGH
gMsgKanji92C4Tex,UI_2D,dedicated UI texture group 'kanji',HIGH
gMsgKanji92C5Tex,UI_2D,dedicated UI texture group 'kanji',HIGH
gMsgKanji92C6Tex,UI_2D,dedicated UI texture group 'kanji',HIGH
gMsgKanji92C7Tex,UI_2D,dedicated UI texture group 'kanji',HIGH
gMsgKanji92C8Tex,UI_2D,dedicated UI texture group 'kanji',HIGH
gMsgKanji92C9Tex,UI_2D,dedicated UI texture group 'kanji',HIGH
gMsgKanji92CATex,UI_2D,dedicated UI texture group 'kanji',HIGH
gMsgKanji92CBTex,UI_2D,dedicated UI texture group 'kanji',HIGH
gMsgKanji92CCTex,UI_2D,dedicated UI texture group 'kanji',HIGH
gMsgKanji92CDTex,UI_2D,dedicated UI texture group 'kanji',HIGH
gMsgKanji92CETex,UI_2D,dedicated UI texture group 'kanji',HIGH
gMsgKanji92CFTex,UI_2D,dedicated UI texture group 'kanji',HIGH
gMsgKanji92D0Tex,UI_2D,dedicated UI texture group 'kanji',HIGH
gMsgKanji92D1Tex,UI_2D,dedicated UI texture group 'kanji',HIGH
gMsgKanji92D2Tex,UI_2D,dedicated UI texture group 'kanji',HIGH
gMsgKanji92D3Tex,UI_2D,dedicated UI texture group 'kanji',HIGH
gMsgKanji92D4Tex,UI_2D,dedicated UI texture group 'kanji',HIGH
gMsgKanji92D5Tex,UI_2D,dedicated UI texture group 'kanji',HIGH
gMsgKanji92D6Tex,UI_2D,dedicated UI texture group 'kanji',HIGH
gMsgKanji92D7Tex,UI_2D,dedicated UI texture group 'kanji',HIGH
gMsgKanji92D8Tex,UI_2D,dedicated UI texture group 'kanji',HIGH
gMsgKanji92D9Tex,UI_2D,dedicated UI texture group 'kanji',HIGH
gMsgKanji92DATex,UI_2D,dedicated UI texture group 'kanji',HIGH
gMsgKanji92DBTex,UI_2D,dedicated UI texture group 'kanji',HIGH
gMsgKanji92DCTex,UI_2D,dedicated UI texture group 'kanji',HIGH
gMsgKanji92DDTex,UI_2D,dedicated UI texture group 'kanji',HIGH
gMsgKanji92DETex,UI_2D,dedicated UI texture group 'kanji',HIGH
gMsgKanji92DFTex,UI_2D,dedicated UI texture group 'kanji',HIGH
gMsgKanji92E0Tex,UI_2D,dedicated UI texture group 'kanji',HIGH
gMsgKanji92E1Tex,UI_2D,dedicated UI texture group 'kanji',HIGH
gMsgKanji92E2Tex,UI_2D,dedicated UI texture group 'kanji',HIGH
gMsgKanji92E3Tex,UI_2D,dedicated UI texture group 'kanji',HIGH
gMsgKanji92E4Tex,UI_2D,dedicated UI texture group 'kanji',HIGH
gMsgKanji92E5Tex,UI_2D,dedicated UI texture group 'kanji',HIGH
gMsgKanji92E6Tex,UI_2D,dedicated UI texture group 'kanji',HIGH
gMsgKanji92E7Tex,UI_2D,dedicated UI texture group 'kanji',HIGH
gMsgKanji92E8Tex,UI_2D,dedicated UI texture group 'kanji',HIGH
gMsgKanji92E9Tex,UI_2D,dedicated UI texture group 'kanji',HIGH
gMsgKanji92EATex,UI_2D,dedicated UI texture group 'kanji',HIGH
gMsgKanji92EBTex,UI_2D,dedicated UI texture group 'kanji',HIGH
gMsgKanji92ECTex,UI_2D,dedicated UI texture group 'kanji',HIGH
gMsgKanji92EDTex,UI_2D,dedicated UI texture group 'kanji',HIGH
gMsgKanji92EETex,UI_2D,dedicated UI texture group 'kanji',HIGH
gMsgKanji92EFTex,UI_2D,dedicated UI texture group 'kanji',HIGH
gMsgKanji92F0Tex,UI_2D,dedicated UI texture group 'kanji',HIGH
gMsgKanji92F1Tex,UI_2D,dedicated UI texture group 'kanji',HIGH
gMsgKanji92F2Tex,UI_2D,dedicated UI texture group 'kanji',HIGH
gMsgKanji92F3Tex,UI_2D,dedicated UI texture group 'kanji',HIGH
gMsgKanji92F4Tex,UI_2D,dedicated UI texture group 'kanji',HIGH
gMsgKanji92F5Tex,UI_2D,dedicated UI texture group 'kanji',HIGH
gMsgKanji92F6Tex,UI_2D,dedicated UI texture group 'kanji',HIGH
gMsgKanji92F7Tex,UI_2D,dedicated UI texture group 'kanji',HIGH
gMsgKanji92F8Tex,UI_2D,dedicated UI texture group 'kanji',HIGH
gMsgKanji92F9Tex,UI_2D,dedicated UI texture group 'kanji',HIGH
gMsgKanji92FATex,UI_2D,dedicated UI texture group 'kanji',HIGH
gMsgKanji92FBTex,UI_2D,dedicated UI texture group 'kanji',HIGH
gMsgKanji92FCTex,UI_2D,dedicated UI texture group 'kanji',HIGH
gMsgKanji9340Tex,UI_2D,dedicated UI texture group 'kanji',HIGH
gMsgKanji9341Tex,UI_2D,dedicated UI texture group 'kanji',HIGH
gMsgKanji9342Tex,UI_2D,dedicated UI texture group 'kanji',HIGH
gMsgKanji9343Tex,UI_2D,dedicated UI texture group 'kanji',HIGH
gMsgKanji9344Tex,UI_2D,dedicated UI texture group 'kanji',HIGH
gMsgKanji9345Tex,UI_2D,dedicated UI texture group 'kanji',HIGH
gMsgKanji9346Tex,UI_2D,dedicated UI texture group 'kanji',HIGH
gMsgKanji9347Tex,UI_2D,dedicated UI texture group 'kanji',HIGH
gMsgKanji9348Tex,UI_2D,dedicated UI texture group 'kanji',HIGH
gMsgKanji9349Tex,UI_2D,dedicated UI texture group 'kanji',HIGH
gMsgKanji934ATex,UI_2D,dedicated UI texture group 'kanji',HIGH
gMsgKanji934BTex,UI_2D,dedicated UI texture group 'kanji',HIGH
gMsgKanji934CTex,UI_2D,dedicated UI texture group 'kanji',HIGH
gMsgKanji934DTex,UI_2D,dedicated UI texture group 'kanji',HIGH
gMsgKanji934ETex,UI_2D,dedicated UI texture group 'kanji',HIGH
gMsgKanji934FTex,UI_2D,dedicated UI texture group 'kanji',HIGH
gMsgKanji9350Tex,UI_2D,dedicated UI texture group 'kanji',HIGH
gMsgKanji9351Tex,UI_2D,dedicated UI texture group 'kanji',HIGH
gMsgKanji9352Tex,UI_2D,dedicated UI texture group 'kanji',HIGH
gMsgKanji9353Tex,UI_2D,dedicated UI texture group 'kanji',HIGH
gMsgKanji9354Tex,UI_2D,dedicated UI texture group 'kanji',HIGH
gMsgKanji9355Tex,UI_2D,dedicated UI texture group 'kanji',HIGH
gMsgKanji9356Tex,UI_2D,dedicated UI texture group 'kanji',HIGH
gMsgKanji9357Tex,UI_2D,dedicated UI texture group 'kanji',HIGH
gMsgKanji9358Tex,UI_2D,dedicated UI texture group 'kanji',HIGH
gMsgKanji9359Tex,UI_2D,dedicated UI texture group 'kanji',HIGH
gMsgKanji935ATex,UI_2D,dedicated UI texture group 'kanji',HIGH
gMsgKanji935BTex,UI_2D,dedicated UI texture group 'kanji',HIGH
gMsgKanji935CTex,UI_2D,dedicated UI texture group 'kanji',HIGH
gMsgKanji935DTex,UI_2D,dedicated UI texture group 'kanji',HIGH
gMsgKanji935ETex,UI_2D,dedicated UI texture group 'kanji',HIGH
gMsgKanji935FTex,UI_2D,dedicated UI texture group 'kanji',HIGH
gMsgKanji9360Tex,UI_2D,dedicated UI texture group 'kanji',HIGH
gMsgKanji9361Tex,UI_2D,dedicated UI texture group 'kanji',HIGH
gMsgKanji9362Tex,UI_2D,dedicated UI texture group 'kanji',HIGH
gMsgKanji9363Tex,UI_2D,dedicated UI texture group 'kanji',HIGH
gMsgKanji9364Tex,UI_2D,dedicated UI texture group 'kanji',HIGH
gMsgKanji9365Tex,UI_2D,dedicated UI texture group 'kanji',HIGH
gMsgKanji9366Tex,UI_2D,dedicated UI texture group 'kanji',HIGH
gMsgKanji9367Tex,UI_2D,dedicated UI texture group 'kanji',HIGH
gMsgKanji9368Tex,UI_2D,dedicated UI texture group 'kanji',HIGH
gMsgKanji9369Tex,UI_2D,dedicated UI texture group 'kanji',HIGH
gMsgKanji936ATex,UI_2D,dedicated UI texture group 'kanji',HIGH
gMsgKanji936BTex,UI_2D,dedicated UI texture group 'kanji',HIGH
gMsgKanji936CTex,UI_2D,dedicated UI texture group 'kanji',HIGH
gMsgKanji936DTex,UI_2D,dedicated UI texture group 'kanji',HIGH
gMsgKanji936ETex,UI_2D,dedicated UI texture group 'kanji',HIGH
gMsgKanji936FTex,UI_2D,dedicated UI texture group 'kanji',HIGH
gMsgKanji9370Tex,UI_2D,dedicated UI texture group 'kanji',HIGH
gMsgKanji9371Tex,UI_2D,dedicated UI texture group 'kanji',HIGH
gMsgKanji9372Tex,UI_2D,dedicated UI texture group 'kanji',HIGH
gMsgKanji9373Tex,UI_2D,dedicated UI texture group 'kanji',HIGH
gMsgKanji9374Tex,UI_2D,dedicated UI texture group 'kanji',HIGH
gMsgKanji9375Tex,UI_2D,dedicated UI texture group 'kanji',HIGH
gMsgKanji9376Tex,UI_2D,dedicated UI texture group 'kanji',HIGH
gMsgKanji9377Tex,UI_2D,dedicated UI texture group 'kanji',HIGH
gMsgKanji9378Tex,UI_2D,dedicated UI texture group 'kanji',HIGH
gMsgKanji9379Tex,UI_2D,dedicated UI texture group 'kanji',HIGH
gMsgKanji937ATex,UI_2D,dedicated UI texture group 'kanji',HIGH
gMsgKanji937BTex,UI_2D,dedicated UI texture group 'kanji',HIGH
gMsgKanji937CTex,UI_2D,dedicated UI texture group 'kanji',HIGH
gMsgKanji937DTex,UI_2D,dedicated UI texture group 'kanji',HIGH
gMsgKanji937ETex,UI_2D,dedicated UI texture group 'kanji',HIGH
gMsgKanji9380Tex,UI_2D,dedicated UI texture group 'kanji',HIGH
gMsgKanji9381Tex,UI_2D,dedicated UI texture group 'kanji',HIGH
gMsgKanji9382Tex,UI_2D,dedicated UI texture group 'kanji',HIGH
gMsgKanji9383Tex,UI_2D,dedicated UI texture group 'kanji',HIGH
gMsgKanji9384Tex,UI_2D,dedicated UI texture group 'kanji',HIGH
gMsgKanji9385Tex,UI_2D,dedicated UI texture group 'kanji',HIGH
gMsgKanji9386Tex,UI_2D,dedicated UI texture group 'kanji',HIGH
gMsgKanji9387Tex,UI_2D,dedicated UI texture group 'kanji',HIGH
gMsgKanji9388Tex,UI_2D,dedicated UI texture group 'kanji',HIGH
gMsgKanji9389Tex,UI_2D,dedicated UI texture group 'kanji',HIGH
gMsgKanji938ATex,UI_2D,dedicated UI texture group 'kanji',HIGH
gMsgKanji938BTex,UI_2D,dedicated UI texture group 'kanji',HIGH
gMsgKanji938CTex,UI_2D,dedicated UI texture group 'kanji',HIGH
gMsgKanji938DTex,UI_2D,dedicated UI texture group 'kanji',HIGH
gMsgKanji938ETex,UI_2D,dedicated UI texture group 'kanji',HIGH
gMsgKanji938FTex,UI_2D,dedicated UI texture group 'kanji',HIGH
gMsgKanji9390Tex,UI_2D,dedicated UI texture group 'kanji',HIGH
gMsgKanji9391Tex,UI_2D,dedicated UI texture group 'kanji',HIGH
gMsgKanji9392Tex,UI_2D,dedicated UI texture group 'kanji',HIGH
gMsgKanji9393Tex,UI_2D,dedicated UI texture group 'kanji',HIGH
gMsgKanji9394Tex,UI_2D,dedicated UI texture group 'kanji',HIGH
gMsgKanji9395Tex,UI_2D,dedicated UI texture group 'kanji',HIGH
gMsgKanji9396Tex,UI_2D,dedicated UI texture group 'kanji',HIGH
gMsgKanji9397Tex,UI_2D,dedicated UI texture group 'kanji',HIGH
gMsgKanji9398Tex,UI_2D,dedicated UI texture group 'kanji',HIGH
gMsgKanji9399Tex,UI_2D,dedicated UI texture group 'kanji',HIGH
gMsgKanji939ATex,UI_2D,dedicated UI texture group 'kanji',HIGH
gMsgKanji939BTex,UI_2D,dedicated UI texture group 'kanji',HIGH
gMsgKanji939CTex,UI_2D,dedicated UI texture group 'kanji',HIGH
gMsgKanji939DTex,UI_2D,dedicated UI texture group 'kanji',HIGH
gMsgKanji939ETex,UI_2D,dedicated UI texture group 'kanji',HIGH
gMsgKanji939FTex,UI_2D,dedicated UI texture group 'kanji',HIGH
gMsgKanji93A0Tex,UI_2D,dedicated UI texture group 'kanji',HIGH
gMsgKanji93A1Tex,UI_2D,dedicated UI texture group 'kanji',HIGH
gMsgKanji93A2Tex,UI_2D,dedicated UI texture group 'kanji',HIGH
gMsgKanji93A3Tex,UI_2D,dedicated UI texture group 'kanji',HIGH
gMsgKanji93A4Tex,UI_2D,dedicated UI texture group 'kanji',HIGH
gMsgKanji93A5Tex,UI_2D,dedicated UI texture group 'kanji',HIGH
gMsgKanji93A6Tex,UI_2D,dedicated UI texture group 'kanji',HIGH
gMsgKanji93A7Tex,UI_2D,dedicated UI texture group 'kanji',HIGH
gMsgKanji93A8Tex,UI_2D,dedicated UI texture group 'kanji',HIGH
gMsgKanji93A9Tex,UI_2D,dedicated UI texture group 'kanji',HIGH
gMsgKanji93AATex,UI_2D,dedicated UI texture group 'kanji',HIGH
gMsgKanji93ABTex,UI_2D,dedicated UI texture group 'kanji',HIGH
gMsgKanji93ACTex,UI_2D,dedicated UI texture group 'kanji',HIGH
gMsgKanji93ADTex,UI_2D,dedicated UI texture group 'kanji',HIGH
gMsgKanji93AETex,UI_2D,dedicated UI texture group 'kanji',HIGH
gMsgKanji93AFTex,UI_2D,dedicated UI texture group 'kanji',HIGH
gMsgKanji93B0Tex,UI_2D,dedicated UI texture group 'kanji',HIGH
gMsgKanji93B1Tex,UI_2D,dedicated UI texture group 'kanji',HIGH
gMsgKanji93B2Tex,UI_2D,dedicated UI texture group 'kanji',HIGH
gMsgKanji93B3Tex,UI_2D,dedicated UI texture group 'kanji',HIGH
gMsgKanji93B4Tex,UI_2D,dedicated UI texture group 'kanji',HIGH
gMsgKanji93B5Tex,UI_2D,dedicated UI texture group 'kanji',HIGH
gMsgKanji93B6Tex,UI_2D,dedicated UI texture group 'kanji',HIGH
gMsgKanji93B7Tex,UI_2D,dedicated UI texture group 'kanji',HIGH
gMsgKanji93B8Tex,UI_2D,dedicated UI texture group 'kanji',HIGH
gMsgKanji93B9Tex,UI_2D,dedicated UI texture group 'kanji',HIGH
gMsgKanji93BATex,UI_2D,dedicated UI texture group 'kanji',HIGH
gMsgKanji93BBTex,UI_2D,dedicated UI texture group 'kanji',HIGH
gMsgKanji93BCTex,UI_2D,dedicated UI texture group 'kanji',HIGH
gMsgKanji93BDTex,UI_2D,dedicated UI texture group 'kanji',HIGH
gMsgKanji93BETex,UI_2D,dedicated UI texture group 'kanji',HIGH
gMsgKanji93BFTex,UI_2D,dedicated UI texture group 'kanji',HIGH
gMsgKanji93C0Tex,UI_2D,dedicated UI texture group 'kanji',HIGH
gMsgKanji93C1Tex,UI_2D,dedicated UI texture group 'kanji',HIGH
gMsgKanji93C2Tex,UI_2D,dedicated UI texture group 'kanji',HIGH
gMsgKanji93C3Tex,UI_2D,dedicated UI texture group 'kanji',HIGH
gMsgKanji93C4Tex,UI_2D,dedicated UI texture group 'kanji',HIGH
gMsgKanji93C5Tex,UI_2D,dedicated UI texture group 'kanji',HIGH
gMsgKanji93C6Tex,UI_2D,dedicated UI texture group 'kanji',HIGH
gMsgKanji93C7Tex,UI_2D,dedicated UI texture group 'kanji',HIGH
gMsgKanji93C8Tex,UI_2D,dedicated UI texture group 'kanji',HIGH
gMsgKanji93C9Tex,UI_2D,dedicated UI texture group 'kanji',HIGH
gMsgKanji93CATex,UI_2D,dedicated UI texture group 'kanji',HIGH
gMsgKanji93CBTex,UI_2D,dedicated UI texture group 'kanji',HIGH
gMsgKanji93CCTex,UI_2D,dedicated UI texture group 'kanji',HIGH
gMsgKanji93CDTex,UI_2D,dedicated UI texture group 'kanji',HIGH
gMsgKanji93CETex,UI_2D,dedicated UI texture group 'kanji',HIGH
gMsgKanji93CFTex,UI_2D,dedicated UI texture group 'kanji',HIGH
gMsgKanji93D0Tex,UI_2D,dedicated UI texture group 'kanji',HIGH
gMsgKanji93D1Tex,UI_2D,dedicated UI texture group 'kanji',HIGH
gMsgKanji93D2Tex,UI_2D,dedicated UI texture group 'kanji',HIGH
gMsgKanji93D3Tex,UI_2D,dedicated UI texture group 'kanji',HIGH
gMsgKanji93D4Tex,UI_2D,dedicated UI texture group 'kanji',HIGH
gMsgKanji93D5Tex,UI_2D,dedicated UI texture group 'kanji',HIGH
gMsgKanji93D6Tex,UI_2D,dedicated UI texture group 'kanji',HIGH
gMsgKanji93D7Tex,UI_2D,dedicated UI texture group 'kanji',HIGH
gMsgKanji93D8Tex,UI_2D,dedicated UI texture group 'kanji',HIGH
gMsgKanji93D9Tex,UI_2D,dedicated UI texture group 'kanji',HIGH
gMsgKanji93DATex,UI_2D,dedicated UI texture group 'kanji',HIGH
gMsgKanji93DBTex,UI_2D,dedicated UI texture group 'kanji',HIGH
gMsgKanji93DCTex,UI_2D,dedicated UI texture group 'kanji',HIGH
gMsgKanji93DDTex,UI_2D,dedicated UI texture group 'kanji',HIGH
gMsgKanji93DETex,UI_2D,dedicated UI texture group 'kanji',HIGH
gMsgKanji93DFTex,UI_2D,dedicated UI texture group 'kanji',HIGH
gMsgKanji93E0Tex,UI_2D,dedicated UI texture group 'kanji',HIGH
gMsgKanji93E1Tex,UI_2D,dedicated UI texture group 'kanji',HIGH
gMsgKanji93E2Tex,UI_2D,dedicated UI texture group 'kanji',HIGH
gMsgKanji93E3Tex,UI_2D,dedicated UI texture group 'kanji',HIGH
gMsgKanji93E4Tex,UI_2D,dedicated UI texture group 'kanji',HIGH
gMsgKanji93E5Tex,UI_2D,dedicated UI texture group 'kanji',HIGH
gMsgKanji93E6Tex,UI_2D,dedicated UI texture group 'kanji',HIGH
gMsgKanji93E7Tex,UI_2D,dedicated UI texture group 'kanji',HIGH
gMsgKanji93E8Tex,UI_2D,dedicated UI texture group 'kanji',HIGH
gMsgKanji93E9Tex,UI_2D,dedicated UI texture group 'kanji',HIGH
gMsgKanji93EATex,UI_2D,dedicated UI texture group 'kanji',HIGH
gMsgKanji93EBTex,UI_2D,dedicated UI texture group 'kanji',HIGH
gMsgKanji93ECTex,UI_2D,dedicated UI texture group 'kanji',HIGH
gMsgKanji93EDTex,UI_2D,dedicated UI texture group 'kanji',HIGH
gMsgKanji93EETex,UI_2D,dedicated UI texture group 'kanji',HIGH
gMsgKanji93EFTex,UI_2D,dedicated UI texture group 'kanji',HIGH
gMsgKanji93F0Tex,UI_2D,dedicated UI texture group 'kanji',HIGH
gMsgKanji93F1Tex,UI_2D,dedicated UI texture group 'kanji',HIGH
gMsgKanji93F2Tex,UI_2D,dedicated UI texture group 'kanji',HIGH
gMsgKanji93F3Tex,UI_2D,dedicated UI texture group 'kanji',HIGH
gMsgKanji93F4Tex,UI_2D,dedicated UI texture group 'kanji',HIGH
gMsgKanji93F5Tex,UI_2D,dedicated UI texture group 'kanji',HIGH
gMsgKanji93F6Tex,UI_2D,dedicated UI texture group 'kanji',HIGH
gMsgKanji93F7Tex,UI_2D,dedicated UI texture group 'kanji',HIGH
gMsgKanji93F8Tex,UI_2D,dedicated UI texture group 'kanji',HIGH
gMsgKanji93F9Tex,UI_2D,dedicated UI texture group 'kanji',HIGH
gMsgKanji93FATex,UI_2D,dedicated UI texture group 'kanji',HIGH
gMsgKanji93FBTex,UI_2D,dedicated UI texture group 'kanji',HIGH
gMsgKanji93FCTex,UI_2D,dedicated UI texture group 'kanji',HIGH
gMsgKanji9440Tex,UI_2D,dedicated UI texture group 'kanji',HIGH
gMsgKanji9441Tex,UI_2D,dedicated UI texture group 'kanji',HIGH
gMsgKanji9442Tex,UI_2D,dedicated UI texture group 'kanji',HIGH
gMsgKanji9443Tex,UI_2D,dedicated UI texture group 'kanji',HIGH
gMsgKanji9444Tex,UI_2D,dedicated UI texture group 'kanji',HIGH
gMsgKanji9445Tex,UI_2D,dedicated UI texture group 'kanji',HIGH
gMsgKanji9446Tex,UI_2D,dedicated UI texture group 'kanji',HIGH
gMsgKanji9447Tex,UI_2D,dedicated UI texture group 'kanji',HIGH
gMsgKanji9448Tex,UI_2D,dedicated UI texture group 'kanji',HIGH
gMsgKanji9449Tex,UI_2D,dedicated UI texture group 'kanji',HIGH
gMsgKanji944ATex,UI_2D,dedicated UI texture group 'kanji',HIGH
gMsgKanji944BTex,UI_2D,dedicated UI texture group 'kanji',HIGH
gMsgKanji944CTex,UI_2D,dedicated UI texture group 'kanji',HIGH
gMsgKanji944DTex,UI_2D,dedicated UI texture group 'kanji',HIGH
gMsgKanji944ETex,UI_2D,dedicated UI texture group 'kanji',HIGH
gMsgKanji944FTex,UI_2D,dedicated UI texture group 'kanji',HIGH
gMsgKanji9450Tex,UI_2D,dedicated UI texture group 'kanji',HIGH
gMsgKanji9451Tex,UI_2D,dedicated UI texture group 'kanji',HIGH
gMsgKanji9452Tex,UI_2D,dedicated UI texture group 'kanji',HIGH
gMsgKanji9453Tex,UI_2D,dedicated UI texture group 'kanji',HIGH
gMsgKanji9454Tex,UI_2D,dedicated UI texture group 'kanji',HIGH
gMsgKanji9455Tex,UI_2D,dedicated UI texture group 'kanji',HIGH
gMsgKanji9456Tex,UI_2D,dedicated UI texture group 'kanji',HIGH
gMsgKanji9457Tex,UI_2D,dedicated UI texture group 'kanji',HIGH
gMsgKanji9458Tex,UI_2D,dedicated UI texture group 'kanji',HIGH
gMsgKanji9459Tex,UI_2D,dedicated UI texture group 'kanji',HIGH
gMsgKanji945ATex,UI_2D,dedicated UI texture group 'kanji',HIGH
gMsgKanji945BTex,UI_2D,dedicated UI texture group 'kanji',HIGH
gMsgKanji945CTex,UI_2D,dedicated UI texture group 'kanji',HIGH
gMsgKanji945DTex,UI_2D,dedicated UI texture group 'kanji',HIGH
gMsgKanji945ETex,UI_2D,dedicated UI texture group 'kanji',HIGH
gMsgKanji945FTex,UI_2D,dedicated UI texture group 'kanji',HIGH
gMsgKanji9460Tex,UI_2D,dedicated UI texture group 'kanji',HIGH
gMsgKanji9461Tex,UI_2D,dedicated UI texture group 'kanji',HIGH
gMsgKanji9462Tex,UI_2D,dedicated UI texture group 'kanji',HIGH
gMsgKanji9463Tex,UI_2D,dedicated UI texture group 'kanji',HIGH
gMsgKanji9464Tex,UI_2D,dedicated UI texture group 'kanji',HIGH
gMsgKanji9465Tex,UI_2D,dedicated UI texture group 'kanji',HIGH
gMsgKanji9466Tex,UI_2D,dedicated UI texture group 'kanji',HIGH
gMsgKanji9467Tex,UI_2D,dedicated UI texture group 'kanji',HIGH
gMsgKanji9468Tex,UI_2D,dedicated UI texture group 'kanji',HIGH
gMsgKanji9469Tex,UI_2D,dedicated UI texture group 'kanji',HIGH
gMsgKanji946ATex,UI_2D,dedicated UI texture group 'kanji',HIGH
gMsgKanji946BTex,UI_2D,dedicated UI texture group 'kanji',HIGH
gMsgKanji946CTex,UI_2D,dedicated UI texture group 'kanji',HIGH
gMsgKanji946DTex,UI_2D,dedicated UI texture group 'kanji',HIGH
gMsgKanji946ETex,UI_2D,dedicated UI texture group 'kanji',HIGH
gMsgKanji946FTex,UI_2D,dedicated UI texture group 'kanji',HIGH
gMsgKanji9470Tex,UI_2D,dedicated UI texture group 'kanji',HIGH
gMsgKanji9471Tex,UI_2D,dedicated UI texture group 'kanji',HIGH
gMsgKanji9472Tex,UI_2D,dedicated UI texture group 'kanji',HIGH
gMsgKanji9473Tex,UI_2D,dedicated UI texture group 'kanji',HIGH
gMsgKanji9474Tex,UI_2D,dedicated UI texture group 'kanji',HIGH
gMsgKanji9475Tex,UI_2D,dedicated UI texture group 'kanji',HIGH
gMsgKanji9476Tex,UI_2D,dedicated UI texture group 'kanji',HIGH
gMsgKanji9477Tex,UI_2D,dedicated UI texture group 'kanji',HIGH
gMsgKanji9478Tex,UI_2D,dedicated UI texture group 'kanji',HIGH
gMsgKanji9479Tex,UI_2D,dedicated UI texture group 'kanji',HIGH
gMsgKanji947ATex,UI_2D,dedicated UI texture group 'kanji',HIGH
gMsgKanji947BTex,UI_2D,dedicated UI texture group 'kanji',HIGH
gMsgKanji947CTex,UI_2D,dedicated UI texture group 'kanji',HIGH
gMsgKanji947DTex,UI_2D,dedicated UI texture group 'kanji',HIGH
gMsgKanji947ETex,UI_2D,dedicated UI texture group 'kanji',HIGH
gMsgKanji9480Tex,UI_2D,dedicated UI texture group 'kanji',HIGH
gMsgKanji9481Tex,UI_2D,dedicated UI texture group 'kanji',HIGH
gMsgKanji9482Tex,UI_2D,dedicated UI texture group 'kanji',HIGH
gMsgKanji9483Tex,UI_2D,dedicated UI texture group 'kanji',HIGH
gMsgKanji9484Tex,UI_2D,dedicated UI texture group 'kanji',HIGH
gMsgKanji9485Tex,UI_2D,dedicated UI texture group 'kanji',HIGH
gMsgKanji9486Tex,UI_2D,dedicated UI texture group 'kanji',HIGH
gMsgKanji9487Tex,UI_2D,dedicated UI texture group 'kanji',HIGH
gMsgKanji9488Tex,UI_2D,dedicated UI texture group 'kanji',HIGH
gMsgKanji9489Tex,UI_2D,dedicated UI texture group 'kanji',HIGH
gMsgKanji948ATex,UI_2D,dedicated UI texture group 'kanji',HIGH
gMsgKanji948BTex,UI_2D,dedicated UI texture group 'kanji',HIGH
gMsgKanji948CTex,UI_2D,dedicated UI texture group 'kanji',HIGH
gMsgKanji948DTex,UI_2D,dedicated UI texture group 'kanji',HIGH
gMsgKanji948ETex,UI_2D,dedicated UI texture group 'kanji',HIGH
gMsgKanji948FTex,UI_2D,dedicated UI texture group 'kanji',HIGH
gMsgKanji9490Tex,UI_2D,dedicated UI texture group 'kanji',HIGH
gMsgKanji9491Tex,UI_2D,dedicated UI texture group 'kanji',HIGH
gMsgKanji9492Tex,UI_2D,dedicated UI texture group 'kanji',HIGH
gMsgKanji9493Tex,UI_2D,dedicated UI texture group 'kanji',HIGH
gMsgKanji9494Tex,UI_2D,dedicated UI texture group 'kanji',HIGH
gMsgKanji9495Tex,UI_2D,dedicated UI texture group 'kanji',HIGH
gMsgKanji9496Tex,UI_2D,dedicated UI texture group 'kanji',HIGH
gMsgKanji9497Tex,UI_2D,dedicated UI texture group 'kanji',HIGH
gMsgKanji9498Tex,UI_2D,dedicated UI texture group 'kanji',HIGH
gMsgKanji9499Tex,UI_2D,dedicated UI texture group 'kanji',HIGH
gMsgKanji949ATex,UI_2D,dedicated UI texture group 'kanji',HIGH
gMsgKanji949BTex,UI_2D,dedicated UI texture group 'kanji',HIGH
gMsgKanji949CTex,UI_2D,dedicated UI texture group 'kanji',HIGH
gMsgKanji949DTex,UI_2D,dedicated UI texture group 'kanji',HIGH
gMsgKanji949ETex,UI_2D,dedicated UI texture group 'kanji',HIGH
gMsgKanji949FTex,UI_2D,dedicated UI texture group 'kanji',HIGH
gMsgKanji94A0Tex,UI_2D,dedicated UI texture group 'kanji',HIGH
gMsgKanji94A1Tex,UI_2D,dedicated UI texture group 'kanji',HIGH
gMsgKanji94A2Tex,UI_2D,dedicated UI texture group 'kanji',HIGH
gMsgKanji94A3Tex,UI_2D,dedicated UI texture group 'kanji',HIGH
gMsgKanji94A4Tex,UI_2D,dedicated UI texture group 'kanji',HIGH
gMsgKanji94A5Tex,UI_2D,dedicated UI texture group 'kanji',HIGH
gMsgKanji94A6Tex,UI_2D,dedicated UI texture group 'kanji',HIGH
gMsgKanji94A7Tex,UI_2D,dedicated UI texture group 'kanji',HIGH
gMsgKanji94A8Tex,UI_2D,dedicated UI texture group 'kanji',HIGH
gMsgKanji94A9Tex,UI_2D,dedicated UI texture group 'kanji',HIGH
gMsgKanji94AATex,UI_2D,dedicated UI texture group 'kanji',HIGH
gMsgKanji94ABTex,UI_2D,dedicated UI texture group 'kanji',HIGH
gMsgKanji94ACTex,UI_2D,dedicated UI texture group 'kanji',HIGH
gMsgKanji94ADTex,UI_2D,dedicated UI texture group 'kanji',HIGH
gMsgKanji94AETex,UI_2D,dedicated UI texture group 'kanji',HIGH
gMsgKanji94AFTex,UI_2D,dedicated UI texture group 'kanji',HIGH
gMsgKanji94B0Tex,UI_2D,dedicated UI texture group 'kanji',HIGH
gMsgKanji94B1Tex,UI_2D,dedicated UI texture group 'kanji',HIGH
gMsgKanji94B2Tex,UI_2D,dedicated UI texture group 'kanji',HIGH
gMsgKanji94B3Tex,UI_2D,dedicated UI texture group 'kanji',HIGH
gMsgKanji94B4Tex,UI_2D,dedicated UI texture group 'kanji',HIGH
gMsgKanji94B5Tex,UI_2D,dedicated UI texture group 'kanji',HIGH
gMsgKanji94B6Tex,UI_2D,dedicated UI texture group 'kanji',HIGH
gMsgKanji94B7Tex,UI_2D,dedicated UI texture group 'kanji',HIGH
gMsgKanji94B8Tex,UI_2D,dedicated UI texture group 'kanji',HIGH
gMsgKanji94B9Tex,UI_2D,dedicated UI texture group 'kanji',HIGH
gMsgKanji94BATex,UI_2D,dedicated UI texture group 'kanji',HIGH
gMsgKanji94BBTex,UI_2D,dedicated UI texture group 'kanji',HIGH
gMsgKanji94BCTex,UI_2D,dedicated UI texture group 'kanji',HIGH
gMsgKanji94BDTex,UI_2D,dedicated UI texture group 'kanji',HIGH
gMsgKanji94BETex,UI_2D,dedicated UI texture group 'kanji',HIGH
gMsgKanji94BFTex,UI_2D,dedicated UI texture group 'kanji',HIGH
gMsgKanji94C0Tex,UI_2D,dedicated UI texture group 'kanji',HIGH
gMsgKanji94C1Tex,UI_2D,dedicated UI texture group 'kanji',HIGH
gMsgKanji94C2Tex,UI_2D,dedicated UI texture group 'kanji',HIGH
gMsgKanji94C3Tex,UI_2D,dedicated UI texture group 'kanji',HIGH
gMsgKanji94C4Tex,UI_2D,dedicated UI texture group 'kanji',HIGH
gMsgKanji94C5Tex,UI_2D,dedicated UI texture group 'kanji',HIGH
gMsgKanji94C6Tex,UI_2D,dedicated UI texture group 'kanji',HIGH
gMsgKanji94C7Tex,UI_2D,dedicated UI texture group 'kanji',HIGH
gMsgKanji94C8Tex,UI_2D,dedicated UI texture group 'kanji',HIGH
gMsgKanji94C9Tex,UI_2D,dedicated UI texture group 'kanji',HIGH
gMsgKanji94CATex,UI_2D,dedicated UI texture group 'kanji',HIGH
gMsgKanji94CBTex,UI_2D,dedicated UI texture group 'kanji',HIGH
gMsgKanji94CCTex,UI_2D,dedicated UI texture group 'kanji',HIGH
gMsgKanji94CDTex,UI_2D,dedicated UI texture group 'kanji',HIGH
gMsgKanji94CETex,UI_2D,dedicated UI texture group 'kanji',HIGH
gMsgKanji94CFTex,UI_2D,dedicated UI texture group 'kanji',HIGH
gMsgKanji94D0Tex,UI_2D,dedicated UI texture group 'kanji',HIGH
gMsgKanji94D1Tex,UI_2D,dedicated UI texture group 'kanji',HIGH
gMsgKanji94D2Tex,UI_2D,dedicated UI texture group 'kanji',HIGH
gMsgKanji94D3Tex,UI_2D,dedicated UI texture group 'kanji',HIGH
gMsgKanji94D4Tex,UI_2D,dedicated UI texture group 'kanji',HIGH
gMsgKanji94D5Tex,UI_2D,dedicated UI texture group 'kanji',HIGH
gMsgKanji94D6Tex,UI_2D,dedicated UI texture group 'kanji',HIGH
gMsgKanji94D7Tex,UI_2D,dedicated UI texture group 'kanji',HIGH
gMsgKanji94D8Tex,UI_2D,dedicated UI texture group 'kanji',HIGH
gMsgKanji94D9Tex,UI_2D,dedicated UI texture group 'kanji',HIGH
gMsgKanji94DATex,UI_2D,dedicated UI texture group 'kanji',HIGH
gMsgKanji94DBTex,UI_2D,dedicated UI texture group 'kanji',HIGH
gMsgKanji94DCTex,UI_2D,dedicated UI texture group 'kanji',HIGH
gMsgKanji94DDTex,UI_2D,dedicated UI texture group 'kanji',HIGH
gMsgKanji94DETex,UI_2D,dedicated UI texture group 'kanji',HIGH
gMsgKanji94DFTex,UI_2D,dedicated UI texture group 'kanji',HIGH
gMsgKanji94E0Tex,UI_2D,dedicated UI texture group 'kanji',HIGH
gMsgKanji94E1Tex,UI_2D,dedicated UI texture group 'kanji',HIGH
gMsgKanji94E2Tex,UI_2D,dedicated UI texture group 'kanji',HIGH
gMsgKanji94E3Tex,UI_2D,dedicated UI texture group 'kanji',HIGH
gMsgKanji94E4Tex,UI_2D,dedicated UI texture group 'kanji',HIGH
gMsgKanji94E5Tex,UI_2D,dedicated UI texture group 'kanji',HIGH
gMsgKanji94E6Tex,UI_2D,dedicated UI texture group 'kanji',HIGH
gMsgKanji94E7Tex,UI_2D,dedicated UI texture group 'kanji',HIGH
gMsgKanji94E8Tex,UI_2D,dedicated UI texture group 'kanji',HIGH
gMsgKanji94E9Tex,UI_2D,dedicated UI texture group 'kanji',HIGH
gMsgKanji94EATex,UI_2D,dedicated UI texture group 'kanji',HIGH
gMsgKanji94EBTex,UI_2D,dedicated UI texture group 'kanji',HIGH
gMsgKanji94ECTex,UI_2D,dedicated UI texture group 'kanji',HIGH
gMsgKanji94EDTex,UI_2D,dedicated UI texture group 'kanji',HIGH
gMsgKanji94EETex,UI_2D,dedicated UI texture group 'kanji',HIGH
gMsgKanji94EFTex,UI_2D,dedicated UI texture group 'kanji',HIGH
gMsgKanji94F0Tex,UI_2D,dedicated UI texture group 'kanji',HIGH
gMsgKanji94F1Tex,UI_2D,dedicated UI texture group 'kanji',HIGH
gMsgKanji94F2Tex,UI_2D,dedicated UI texture group 'kanji',HIGH
gMsgKanji94F3Tex,UI_2D,dedicated UI texture group 'kanji',HIGH
gMsgKanji94F4Tex,UI_2D,dedicated UI texture group 'kanji',HIGH
gMsgKanji94F5Tex,UI_2D,dedicated UI texture group 'kanji',HIGH
gMsgKanji94F6Tex,UI_2D,dedicated UI texture group 'kanji',HIGH
gMsgKanji94F7Tex,UI_2D,dedicated UI texture group 'kanji',HIGH
gMsgKanji94F8Tex,UI_2D,dedicated UI texture group 'kanji',HIGH
gMsgKanji94F9Tex,UI_2D,dedicated UI texture group 'kanji',HIGH
gMsgKanji94FATex,UI_2D,dedicated UI texture group 'kanji',HIGH
gMsgKanji94FBTex,UI_2D,dedicated UI texture group 'kanji',HIGH
gMsgKanji94FCTex,UI_2D,dedicated UI texture group 'kanji',HIGH
gMsgKanji9540Tex,UI_2D,dedicated UI texture group 'kanji',HIGH
gMsgKanji9541Tex,UI_2D,dedicated UI texture group 'kanji',HIGH
gMsgKanji9542Tex,UI_2D,dedicated UI texture group 'kanji',HIGH
gMsgKanji9543Tex,UI_2D,dedicated UI texture group 'kanji',HIGH
gMsgKanji9544Tex,UI_2D,dedicated UI texture group 'kanji',HIGH
gMsgKanji9545Tex,UI_2D,dedicated UI texture group 'kanji',HIGH
gMsgKanji9546Tex,UI_2D,dedicated UI texture group 'kanji',HIGH
gMsgKanji9547Tex,UI_2D,dedicated UI texture group 'kanji',HIGH
gMsgKanji9548Tex,UI_2D,dedicated UI texture group 'kanji',HIGH
gMsgKanji9549Tex,UI_2D,dedicated UI texture group 'kanji',HIGH
gMsgKanji954ATex,UI_2D,dedicated UI texture group 'kanji',HIGH
gMsgKanji954BTex,UI_2D,dedicated UI texture group 'kanji',HIGH
gMsgKanji954CTex,UI_2D,dedicated UI texture group 'kanji',HIGH
gMsgKanji954DTex,UI_2D,dedicated UI texture group 'kanji',HIGH
gMsgKanji954ETex,UI_2D,dedicated UI texture group 'kanji',HIGH
gMsgKanji954FTex,UI_2D,dedicated UI texture group 'kanji',HIGH
gMsgKanji9550Tex,UI_2D,dedicated UI texture group 'kanji',HIGH
gMsgKanji9551Tex,UI_2D,dedicated UI texture group 'kanji',HIGH
gMsgKanji9552Tex,UI_2D,dedicated UI texture group 'kanji',HIGH
gMsgKanji9553Tex,UI_2D,dedicated UI texture group 'kanji',HIGH
gMsgKanji9554Tex,UI_2D,dedicated UI texture group 'kanji',HIGH
gMsgKanji9555Tex,UI_2D,dedicated UI texture group 'kanji',HIGH
gMsgKanji9556Tex,UI_2D,dedicated UI texture group 'kanji',HIGH
gMsgKanji9557Tex,UI_2D,dedicated UI texture group 'kanji',HIGH
gMsgKanji9558Tex,UI_2D,dedicated UI texture group 'kanji',HIGH
gMsgKanji9559Tex,UI_2D,dedicated UI texture group 'kanji',HIGH
gMsgKanji955ATex,UI_2D,dedicated UI texture group 'kanji',HIGH
gMsgKanji955BTex,UI_2D,dedicated UI texture group 'kanji',HIGH
gMsgKanji955CTex,UI_2D,dedicated UI texture group 'kanji',HIGH
gMsgKanji955DTex,UI_2D,dedicated UI texture group 'kanji',HIGH
gMsgKanji955ETex,UI_2D,dedicated UI texture group 'kanji',HIGH
gMsgKanji955FTex,UI_2D,dedicated UI texture group 'kanji',HIGH
gMsgKanji9560Tex,UI_2D,dedicated UI texture group 'kanji',HIGH
gMsgKanji9561Tex,UI_2D,dedicated UI texture group 'kanji',HIGH
gMsgKanji9562Tex,UI_2D,dedicated UI texture group 'kanji',HIGH
gMsgKanji9563Tex,UI_2D,dedicated UI texture group 'kanji',HIGH
gMsgKanji9564Tex,UI_2D,dedicated UI texture group 'kanji',HIGH
gMsgKanji9565Tex,UI_2D,dedicated UI texture group 'kanji',HIGH
gMsgKanji9566Tex,UI_2D,dedicated UI texture group 'kanji',HIGH
gMsgKanji9567Tex,UI_2D,dedicated UI texture group 'kanji',HIGH
gMsgKanji9568Tex,UI_2D,dedicated UI texture group 'kanji',HIGH
gMsgKanji9569Tex,UI_2D,dedicated UI texture group 'kanji',HIGH
gMsgKanji956ATex,UI_2D,dedicated UI texture group 'kanji',HIGH
gMsgKanji956BTex,UI_2D,dedicated UI texture group 'kanji',HIGH
gMsgKanji956CTex,UI_2D,dedicated UI texture group 'kanji',HIGH
gMsgKanji956DTex,UI_2D,dedicated UI texture group 'kanji',HIGH
gMsgKanji956ETex,UI_2D,dedicated UI texture group 'kanji',HIGH
gMsgKanji956FTex,UI_2D,dedicated UI texture group 'kanji',HIGH
gMsgKanji9570Tex,UI_2D,dedicated UI texture group 'kanji',HIGH
gMsgKanji9571Tex,UI_2D,dedicated UI texture group 'kanji',HIGH
gMsgKanji9572Tex,UI_2D,dedicated UI texture group 'kanji',HIGH
gMsgKanji9573Tex,UI_2D,dedicated UI texture group 'kanji',HIGH
gMsgKanji9574Tex,UI_2D,dedicated UI texture group 'kanji',HIGH
gMsgKanji9575Tex,UI_2D,dedicated UI texture group 'kanji',HIGH
gMsgKanji9576Tex,UI_2D,dedicated UI texture group 'kanji',HIGH
gMsgKanji9577Tex,UI_2D,dedicated UI texture group 'kanji',HIGH
gMsgKanji9578Tex,UI_2D,dedicated UI texture group 'kanji',HIGH
gMsgKanji9579Tex,UI_2D,dedicated UI texture group 'kanji',HIGH
gMsgKanji957ATex,UI_2D,dedicated UI texture group 'kanji',HIGH
gMsgKanji957BTex,UI_2D,dedicated UI texture group 'kanji',HIGH
gMsgKanji957CTex,UI_2D,dedicated UI texture group 'kanji',HIGH
gMsgKanji957DTex,UI_2D,dedicated UI texture group 'kanji',HIGH
gMsgKanji957ETex,UI_2D,dedicated UI texture group 'kanji',HIGH
gMsgKanji9580Tex,UI_2D,dedicated UI texture group 'kanji',HIGH
gMsgKanji9581Tex,UI_2D,dedicated UI texture group 'kanji',HIGH
gMsgKanji9582Tex,UI_2D,dedicated UI texture group 'kanji',HIGH
gMsgKanji9583Tex,UI_2D,dedicated UI texture group 'kanji',HIGH
gMsgKanji9584Tex,UI_2D,dedicated UI texture group 'kanji',HIGH
gMsgKanji9585Tex,UI_2D,dedicated UI texture group 'kanji',HIGH
gMsgKanji9586Tex,UI_2D,dedicated UI texture group 'kanji',HIGH
gMsgKanji9587Tex,UI_2D,dedicated UI texture group 'kanji',HIGH
gMsgKanji9588Tex,UI_2D,dedicated UI texture group 'kanji',HIGH
gMsgKanji9589Tex,UI_2D,dedicated UI texture group 'kanji',HIGH
gMsgKanji958ATex,UI_2D,dedicated UI texture group 'kanji',HIGH
gMsgKanji958BTex,UI_2D,dedicated UI texture group 'kanji',HIGH
gMsgKanji958CTex,UI_2D,dedicated UI texture group 'kanji',HIGH
gMsgKanji958DTex,UI_2D,dedicated UI texture group 'kanji',HIGH
gMsgKanji958ETex,UI_2D,dedicated UI texture group 'kanji',HIGH
gMsgKanji958FTex,UI_2D,dedicated UI texture group 'kanji',HIGH
gMsgKanji9590Tex,UI_2D,dedicated UI texture group 'kanji',HIGH
gMsgKanji9591Tex,UI_2D,dedicated UI texture group 'kanji',HIGH
gMsgKanji9592Tex,UI_2D,dedicated UI texture group 'kanji',HIGH
gMsgKanji9593Tex,UI_2D,dedicated UI texture group 'kanji',HIGH
gMsgKanji9594Tex,UI_2D,dedicated UI texture group 'kanji',HIGH
gMsgKanji9595Tex,UI_2D,dedicated UI texture group 'kanji',HIGH
gMsgKanji9596Tex,UI_2D,dedicated UI texture group 'kanji',HIGH
gMsgKanji9597Tex,UI_2D,dedicated UI texture group 'kanji',HIGH
gMsgKanji9598Tex,UI_2D,dedicated UI texture group 'kanji',HIGH
gMsgKanji9599Tex,UI_2D,dedicated UI texture group 'kanji',HIGH
gMsgKanji959ATex,UI_2D,dedicated UI texture group 'kanji',HIGH
gMsgKanji959BTex,UI_2D,dedicated UI texture group 'kanji',HIGH
gMsgKanji959CTex,UI_2D,dedicated UI texture group 'kanji',HIGH
gMsgKanji959DTex,UI_2D,dedicated UI texture group 'kanji',HIGH
gMsgKanji959ETex,UI_2D,dedicated UI texture group 'kanji',HIGH
gMsgKanji959FTex,UI_2D,dedicated UI texture group 'kanji',HIGH
gMsgKanji95A0Tex,UI_2D,dedicated UI texture group 'kanji',HIGH
gMsgKanji95A1Tex,UI_2D,dedicated UI texture group 'kanji',HIGH
gMsgKanji95A2Tex,UI_2D,dedicated UI texture group 'kanji',HIGH
gMsgKanji95A3Tex,UI_2D,dedicated UI texture group 'kanji',HIGH
gMsgKanji95A4Tex,UI_2D,dedicated UI texture group 'kanji',HIGH
gMsgKanji95A5Tex,UI_2D,dedicated UI texture group 'kanji',HIGH
gMsgKanji95A6Tex,UI_2D,dedicated UI texture group 'kanji',HIGH
gMsgKanji95A7Tex,UI_2D,dedicated UI texture group 'kanji',HIGH
gMsgKanji95A8Tex,UI_2D,dedicated UI texture group 'kanji',HIGH
gMsgKanji95A9Tex,UI_2D,dedicated UI texture group 'kanji',HIGH
gMsgKanji95AATex,UI_2D,dedicated UI texture group 'kanji',HIGH
gMsgKanji95ABTex,UI_2D,dedicated UI texture group 'kanji',HIGH
gMsgKanji95ACTex,UI_2D,dedicated UI texture group 'kanji',HIGH
gMsgKanji95ADTex,UI_2D,dedicated UI texture group 'kanji',HIGH
gMsgKanji95AETex,UI_2D,dedicated UI texture group 'kanji',HIGH
gMsgKanji95AFTex,UI_2D,dedicated UI texture group 'kanji',HIGH
gMsgKanji95B0Tex,UI_2D,dedicated UI texture group 'kanji',HIGH
gMsgKanji95B1Tex,UI_2D,dedicated UI texture group 'kanji',HIGH
gMsgKanji95B2Tex,UI_2D,dedicated UI texture group 'kanji',HIGH
gMsgKanji95B3Tex,UI_2D,dedicated UI texture group 'kanji',HIGH
gMsgKanji95B4Tex,UI_2D,dedicated UI texture group 'kanji',HIGH
gMsgKanji95B5Tex,UI_2D,dedicated UI texture group 'kanji',HIGH
gMsgKanji95B6Tex,UI_2D,dedicated UI texture group 'kanji',HIGH
gMsgKanji95B7Tex,UI_2D,dedicated UI texture group 'kanji',HIGH
gMsgKanji95B8Tex,UI_2D,dedicated UI texture group 'kanji',HIGH
gMsgKanji95B9Tex,UI_2D,dedicated UI texture group 'kanji',HIGH
gMsgKanji95BATex,UI_2D,dedicated UI texture group 'kanji',HIGH
gMsgKanji95BBTex,UI_2D,dedicated UI texture group 'kanji',HIGH
gMsgKanji95BCTex,UI_2D,dedicated UI texture group 'kanji',HIGH
gMsgKanji95BDTex,UI_2D,dedicated UI texture group 'kanji',HIGH
gMsgKanji95BETex,UI_2D,dedicated UI texture group 'kanji',HIGH
gMsgKanji95BFTex,UI_2D,dedicated UI texture group 'kanji',HIGH
gMsgKanji95C0Tex,UI_2D,dedicated UI texture group 'kanji',HIGH
gMsgKanji95C1Tex,UI_2D,dedicated UI texture group 'kanji',HIGH
gMsgKanji95C2Tex,UI_2D,dedicated UI texture group 'kanji',HIGH
gMsgKanji95C3Tex,UI_2D,dedicated UI texture group 'kanji',HIGH
gMsgKanji95C4Tex,UI_2D,dedicated UI texture group 'kanji',HIGH
gMsgKanji95C5Tex,UI_2D,dedicated UI texture group 'kanji',HIGH
gMsgKanji95C6Tex,UI_2D,dedicated UI texture group 'kanji',HIGH
gMsgKanji95C7Tex,UI_2D,dedicated UI texture group 'kanji',HIGH
gMsgKanji95C8Tex,UI_2D,dedicated UI texture group 'kanji',HIGH
gMsgKanji95C9Tex,UI_2D,dedicated UI texture group 'kanji',HIGH
gMsgKanji95CATex,UI_2D,dedicated UI texture group 'kanji',HIGH
gMsgKanji95CBTex,UI_2D,dedicated UI texture group 'kanji',HIGH
gMsgKanji95CCTex,UI_2D,dedicated UI texture group 'kanji',HIGH
gMsgKanji95CDTex,UI_2D,dedicated UI texture group 'kanji',HIGH
gMsgKanji95CETex,UI_2D,dedicated UI texture group 'kanji',HIGH
gMsgKanji95CFTex,UI_2D,dedicated UI texture group 'kanji',HIGH
gMsgKanji95D0Tex,UI_2D,dedicated UI texture group 'kanji',HIGH
gMsgKanji95D1Tex,UI_2D,dedicated UI texture group 'kanji',HIGH
gMsgKanji95D2Tex,UI_2D,dedicated UI texture group 'kanji',HIGH
gMsgKanji95D3Tex,UI_2D,dedicated UI texture group 'kanji',HIGH
gMsgKanji95D4Tex,UI_2D,dedicated UI texture group 'kanji',HIGH
gMsgKanji95D5Tex,UI_2D,dedicated UI texture group 'kanji',HIGH
gMsgKanji95D6Tex,UI_2D,dedicated UI texture group 'kanji',HIGH
gMsgKanji95D7Tex,UI_2D,dedicated UI texture group 'kanji',HIGH
gMsgKanji95D8Tex,UI_2D,dedicated UI texture group 'kanji',HIGH
gMsgKanji95D9Tex,UI_2D,dedicated UI texture group 'kanji',HIGH
gMsgKanji95DATex,UI_2D,dedicated UI texture group 'kanji',HIGH
gMsgKanji95DBTex,UI_2D,dedicated UI texture group 'kanji',HIGH
gMsgKanji95DCTex,UI_2D,dedicated UI texture group 'kanji',HIGH
gMsgKanji95DDTex,UI_2D,dedicated UI texture group 'kanji',HIGH
gMsgKanji95DETex,UI_2D,dedicated UI texture group 'kanji',HIGH
gMsgKanji95DFTex,UI_2D,dedicated UI texture group 'kanji',HIGH
gMsgKanji95E0Tex,UI_2D,dedicated UI texture group 'kanji',HIGH
gMsgKanji95E1Tex,UI_2D,dedicated UI texture group 'kanji',HIGH
gMsgKanji95E2Tex,UI_2D,dedicated UI texture group 'kanji',HIGH
gMsgKanji95E3Tex,UI_2D,dedicated UI texture group 'kanji',HIGH
gMsgKanji95E4Tex,UI_2D,dedicated UI texture group 'kanji',HIGH
gMsgKanji95E5Tex,UI_2D,dedicated UI texture group 'kanji',HIGH
gMsgKanji95E6Tex,UI_2D,dedicated UI texture group 'kanji',HIGH
gMsgKanji95E7Tex,UI_2D,dedicated UI texture group 'kanji',HIGH
gMsgKanji95E8Tex,UI_2D,dedicated UI texture group 'kanji',HIGH
gMsgKanji95E9Tex,UI_2D,dedicated UI texture group 'kanji',HIGH
gMsgKanji95EATex,UI_2D,dedicated UI texture group 'kanji',HIGH
gMsgKanji95EBTex,UI_2D,dedicated UI texture group 'kanji',HIGH
gMsgKanji95ECTex,UI_2D,dedicated UI texture group 'kanji',HIGH
gMsgKanji95EDTex,UI_2D,dedicated UI texture group 'kanji',HIGH
gMsgKanji95EETex,UI_2D,dedicated UI texture group 'kanji',HIGH
gMsgKanji95EFTex,UI_2D,dedicated UI texture group 'kanji',HIGH
gMsgKanji95F0Tex,UI_2D,dedicated UI texture group 'kanji',HIGH
gMsgKanji95F1Tex,UI_2D,dedicated UI texture group 'kanji',HIGH
gMsgKanji95F2Tex,UI_2D,dedicated UI texture group 'kanji',HIGH
gMsgKanji95F3Tex,UI_2D,dedicated UI texture group 'kanji',HIGH
gMsgKanji95F4Tex,UI_2D,dedicated UI texture group 'kanji',HIGH
gMsgKanji95F5Tex,UI_2D,dedicated UI texture group 'kanji',HIGH
gMsgKanji95F6Tex,UI_2D,dedicated UI texture group 'kanji',HIGH
gMsgKanji95F7Tex,UI_2D,dedicated UI texture group 'kanji',HIGH
gMsgKanji95F8Tex,UI_2D,dedicated UI texture group 'kanji',HIGH
gMsgKanji95F9Tex,UI_2D,dedicated UI texture group 'kanji',HIGH
gMsgKanji95FATex,UI_2D,dedicated UI texture group 'kanji',HIGH
gMsgKanji95FBTex,UI_2D,dedicated UI texture group 'kanji',HIGH
gMsgKanji95FCTex,UI_2D,dedicated UI texture group 'kanji',HIGH
gMsgKanji9640Tex,UI_2D,dedicated UI texture group 'kanji',HIGH
gMsgKanji9641Tex,UI_2D,dedicated UI texture group 'kanji',HIGH
gMsgKanji9642Tex,UI_2D,dedicated UI texture group 'kanji',HIGH
gMsgKanji9643Tex,UI_2D,dedicated UI texture group 'kanji',HIGH
gMsgKanji9644Tex,UI_2D,dedicated UI texture group 'kanji',HIGH
gMsgKanji9645Tex,UI_2D,dedicated UI texture group 'kanji',HIGH
gMsgKanji9646Tex,UI_2D,dedicated UI texture group 'kanji',HIGH
gMsgKanji9647Tex,UI_2D,dedicated UI texture group 'kanji',HIGH
gMsgKanji9648Tex,UI_2D,dedicated UI texture group 'kanji',HIGH
gMsgKanji9649Tex,UI_2D,dedicated UI texture group 'kanji',HIGH
gMsgKanji964ATex,UI_2D,dedicated UI texture group 'kanji',HIGH
gMsgKanji964BTex,UI_2D,dedicated UI texture group 'kanji',HIGH
gMsgKanji964CTex,UI_2D,dedicated UI texture group 'kanji',HIGH
gMsgKanji964DTex,UI_2D,dedicated UI texture group 'kanji',HIGH
gMsgKanji964ETex,UI_2D,dedicated UI texture group 'kanji',HIGH
gMsgKanji964FTex,UI_2D,dedicated UI texture group 'kanji',HIGH
gMsgKanji9650Tex,UI_2D,dedicated UI texture group 'kanji',HIGH
gMsgKanji9651Tex,UI_2D,dedicated UI texture group 'kanji',HIGH
gMsgKanji9652Tex,UI_2D,dedicated UI texture group 'kanji',HIGH
gMsgKanji9653Tex,UI_2D,dedicated UI texture group 'kanji',HIGH
gMsgKanji9654Tex,UI_2D,dedicated UI texture group 'kanji',HIGH
gMsgKanji9655Tex,UI_2D,dedicated UI texture group 'kanji',HIGH
gMsgKanji9656Tex,UI_2D,dedicated UI texture group 'kanji',HIGH
gMsgKanji9657Tex,UI_2D,dedicated UI texture group 'kanji',HIGH
gMsgKanji9658Tex,UI_2D,dedicated UI texture group 'kanji',HIGH
gMsgKanji9659Tex,UI_2D,dedicated UI texture group 'kanji',HIGH
gMsgKanji965ATex,UI_2D,dedicated UI texture group 'kanji',HIGH
gMsgKanji965BTex,UI_2D,dedicated UI texture group 'kanji',HIGH
gMsgKanji965CTex,UI_2D,dedicated UI texture group 'kanji',HIGH
gMsgKanji965DTex,UI_2D,dedicated UI texture group 'kanji',HIGH
gMsgKanji965ETex,UI_2D,dedicated UI texture group 'kanji',HIGH
gMsgKanji965FTex,UI_2D,dedicated UI texture group 'kanji',HIGH
gMsgKanji9660Tex,UI_2D,dedicated UI texture group 'kanji',HIGH
gMsgKanji9661Tex,UI_2D,dedicated UI texture group 'kanji',HIGH
gMsgKanji9662Tex,UI_2D,dedicated UI texture group 'kanji',HIGH
gMsgKanji9663Tex,UI_2D,dedicated UI texture group 'kanji',HIGH
gMsgKanji9664Tex,UI_2D,dedicated UI texture group 'kanji',HIGH
gMsgKanji9665Tex,UI_2D,dedicated UI texture group 'kanji',HIGH
gMsgKanji9666Tex,UI_2D,dedicated UI texture group 'kanji',HIGH
gMsgKanji9667Tex,UI_2D,dedicated UI texture group 'kanji',HIGH
gMsgKanji9668Tex,UI_2D,dedicated UI texture group 'kanji',HIGH
gMsgKanji9669Tex,UI_2D,dedicated UI texture group 'kanji',HIGH
gMsgKanji966ATex,UI_2D,dedicated UI texture group 'kanji',HIGH
gMsgKanji966BTex,UI_2D,dedicated UI texture group 'kanji',HIGH
gMsgKanji966CTex,UI_2D,dedicated UI texture group 'kanji',HIGH
gMsgKanji966DTex,UI_2D,dedicated UI texture group 'kanji',HIGH
gMsgKanji966ETex,UI_2D,dedicated UI texture group 'kanji',HIGH
gMsgKanji966FTex,UI_2D,dedicated UI texture group 'kanji',HIGH
gMsgKanji9670Tex,UI_2D,dedicated UI texture group 'kanji',HIGH
gMsgKanji9671Tex,UI_2D,dedicated UI texture group 'kanji',HIGH
gMsgKanji9672Tex,UI_2D,dedicated UI texture group 'kanji',HIGH
gMsgKanji9673Tex,UI_2D,dedicated UI texture group 'kanji',HIGH
gMsgKanji9674Tex,UI_2D,dedicated UI texture group 'kanji',HIGH
gMsgKanji9675Tex,UI_2D,dedicated UI texture group 'kanji',HIGH
gMsgKanji9676Tex,UI_2D,dedicated UI texture group 'kanji',HIGH
gMsgKanji9677Tex,UI_2D,dedicated UI texture group 'kanji',HIGH
gMsgKanji9678Tex,UI_2D,dedicated UI texture group 'kanji',HIGH
gMsgKanji9679Tex,UI_2D,dedicated UI texture group 'kanji',HIGH
gMsgKanji967ATex,UI_2D,dedicated UI texture group 'kanji',HIGH
gMsgKanji967BTex,UI_2D,dedicated UI texture group 'kanji',HIGH
gMsgKanji967CTex,UI_2D,dedicated UI texture group 'kanji',HIGH
gMsgKanji967DTex,UI_2D,dedicated UI texture group 'kanji',HIGH
gMsgKanji967ETex,UI_2D,dedicated UI texture group 'kanji',HIGH
gMsgKanji9680Tex,UI_2D,dedicated UI texture group 'kanji',HIGH
gMsgKanji9681Tex,UI_2D,dedicated UI texture group 'kanji',HIGH
gMsgKanji9682Tex,UI_2D,dedicated UI texture group 'kanji',HIGH
gMsgKanji9683Tex,UI_2D,dedicated UI texture group 'kanji',HIGH
gMsgKanji9684Tex,UI_2D,dedicated UI texture group 'kanji',HIGH
gMsgKanji9685Tex,UI_2D,dedicated UI texture group 'kanji',HIGH
gMsgKanji9686Tex,UI_2D,dedicated UI texture group 'kanji',HIGH
gMsgKanji9687Tex,UI_2D,dedicated UI texture group 'kanji',HIGH
gMsgKanji9688Tex,UI_2D,dedicated UI texture group 'kanji',HIGH
gMsgKanji9689Tex,UI_2D,dedicated UI texture group 'kanji',HIGH
gMsgKanji968ATex,UI_2D,dedicated UI texture group 'kanji',HIGH
gMsgKanji968BTex,UI_2D,dedicated UI texture group 'kanji',HIGH
gMsgKanji968CTex,UI_2D,dedicated UI texture group 'kanji',HIGH
gMsgKanji968DTex,UI_2D,dedicated UI texture group 'kanji',HIGH
gMsgKanji968ETex,UI_2D,dedicated UI texture group 'kanji',HIGH
gMsgKanji968FTex,UI_2D,dedicated UI texture group 'kanji',HIGH
gMsgKanji9690Tex,UI_2D,dedicated UI texture group 'kanji',HIGH
gMsgKanji9691Tex,UI_2D,dedicated UI texture group 'kanji',HIGH
gMsgKanji9692Tex,UI_2D,dedicated UI texture group 'kanji',HIGH
gMsgKanji9693Tex,UI_2D,dedicated UI texture group 'kanji',HIGH
gMsgKanji9694Tex,UI_2D,dedicated UI texture group 'kanji',HIGH
gMsgKanji9695Tex,UI_2D,dedicated UI texture group 'kanji',HIGH
gMsgKanji9696Tex,UI_2D,dedicated UI texture group 'kanji',HIGH
gMsgKanji9697Tex,UI_2D,dedicated UI texture group 'kanji',HIGH
gMsgKanji9698Tex,UI_2D,dedicated UI texture group 'kanji',HIGH
gMsgKanji9699Tex,UI_2D,dedicated UI texture group 'kanji',HIGH
gMsgKanji969ATex,UI_2D,dedicated UI texture group 'kanji',HIGH
gMsgKanji969BTex,UI_2D,dedicated UI texture group 'kanji',HIGH
gMsgKanji969CTex,UI_2D,dedicated UI texture group 'kanji',HIGH
gMsgKanji969DTex,UI_2D,dedicated UI texture group 'kanji',HIGH
gMsgKanji969ETex,UI_2D,dedicated UI texture group 'kanji',HIGH
gMsgKanji969FTex,UI_2D,dedicated UI texture group 'kanji',HIGH
gMsgKanji96A0Tex,UI_2D,dedicated UI texture group 'kanji',HIGH
gMsgKanji96A1Tex,UI_2D,dedicated UI texture group 'kanji',HIGH
gMsgKanji96A2Tex,UI_2D,dedicated UI texture group 'kanji',HIGH
gMsgKanji96A3Tex,UI_2D,dedicated UI texture group 'kanji',HIGH
gMsgKanji96A4Tex,UI_2D,dedicated UI texture group 'kanji',HIGH
gMsgKanji96A5Tex,UI_2D,dedicated UI texture group 'kanji',HIGH
gMsgKanji96A6Tex,UI_2D,dedicated UI texture group 'kanji',HIGH
gMsgKanji96A7Tex,UI_2D,dedicated UI texture group 'kanji',HIGH
gMsgKanji96A8Tex,UI_2D,dedicated UI texture group 'kanji',HIGH
gMsgKanji96A9Tex,UI_2D,dedicated UI texture group 'kanji',HIGH
gMsgKanji96AATex,UI_2D,dedicated UI texture group 'kanji',HIGH
gMsgKanji96ABTex,UI_2D,dedicated UI texture group 'kanji',HIGH
gMsgKanji96ACTex,UI_2D,dedicated UI texture group 'kanji',HIGH
gMsgKanji96ADTex,UI_2D,dedicated UI texture group 'kanji',HIGH
gMsgKanji96AETex,UI_2D,dedicated UI texture group 'kanji',HIGH
gMsgKanji96AFTex,UI_2D,dedicated UI texture group 'kanji',HIGH
gMsgKanji96B0Tex,UI_2D,dedicated UI texture group 'kanji',HIGH
gMsgKanji96B1Tex,UI_2D,dedicated UI texture group 'kanji',HIGH
gMsgKanji96B2Tex,UI_2D,dedicated UI texture group 'kanji',HIGH
gMsgKanji96B3Tex,UI_2D,dedicated UI texture group 'kanji',HIGH
gMsgKanji96B4Tex,UI_2D,dedicated UI texture group 'kanji',HIGH
gMsgKanji96B5Tex,UI_2D,dedicated UI texture group 'kanji',HIGH
gMsgKanji96B6Tex,UI_2D,dedicated UI texture group 'kanji',HIGH
gMsgKanji96B7Tex,UI_2D,dedicated UI texture group 'kanji',HIGH
gMsgKanji96B8Tex,UI_2D,dedicated UI texture group 'kanji',HIGH
gMsgKanji96B9Tex,UI_2D,dedicated UI texture group 'kanji',HIGH
gMsgKanji96BATex,UI_2D,dedicated UI texture group 'kanji',HIGH
gMsgKanji96BBTex,UI_2D,dedicated UI texture group 'kanji',HIGH
gMsgKanji96BCTex,UI_2D,dedicated UI texture group 'kanji',HIGH
gMsgKanji96BDTex,UI_2D,dedicated UI texture group 'kanji',HIGH
gMsgKanji96BETex,UI_2D,dedicated UI texture group 'kanji',HIGH
gMsgKanji96BFTex,UI_2D,dedicated UI texture group 'kanji',HIGH
gMsgKanji96C0Tex,UI_2D,dedicated UI texture group 'kanji',HIGH
gMsgKanji96C1Tex,UI_2D,dedicated UI texture group 'kanji',HIGH
gMsgKanji96C2Tex,UI_2D,dedicated UI texture group 'kanji',HIGH
gMsgKanji96C3Tex,UI_2D,dedicated UI texture group 'kanji',HIGH
gMsgKanji96C4Tex,UI_2D,dedicated UI texture group 'kanji',HIGH
gMsgKanji96C5Tex,UI_2D,dedicated UI texture group 'kanji',HIGH
gMsgKanji96C6Tex,UI_2D,dedicated UI texture group 'kanji',HIGH
gMsgKanji96C7Tex,UI_2D,dedicated UI texture group 'kanji',HIGH
gMsgKanji96C8Tex,UI_2D,dedicated UI texture group 'kanji',HIGH
gMsgKanji96C9Tex,UI_2D,dedicated UI texture group 'kanji',HIGH
gMsgKanji96CATex,UI_2D,dedicated UI texture group 'kanji',HIGH
gMsgKanji96CBTex,UI_2D,dedicated UI texture group 'kanji',HIGH
gMsgKanji96CCTex,UI_2D,dedicated UI texture group 'kanji',HIGH
gMsgKanji96CDTex,UI_2D,dedicated UI texture group 'kanji',HIGH
gMsgKanji96CETex,UI_2D,dedicated UI texture group 'kanji',HIGH
gMsgKanji96CFTex,UI_2D,dedicated UI texture group 'kanji',HIGH
gMsgKanji96D0Tex,UI_2D,dedicated UI texture group 'kanji',HIGH
gMsgKanji96D1Tex,UI_2D,dedicated UI texture group 'kanji',HIGH
gMsgKanji96D2Tex,UI_2D,dedicated UI texture group 'kanji',HIGH
gMsgKanji96D3Tex,UI_2D,dedicated UI texture group 'kanji',HIGH
gMsgKanji96D4Tex,UI_2D,dedicated UI texture group 'kanji',HIGH
gMsgKanji96D5Tex,UI_2D,dedicated UI texture group 'kanji',HIGH
gMsgKanji96D6Tex,UI_2D,dedicated UI texture group 'kanji',HIGH
gMsgKanji96D7Tex,UI_2D,dedicated UI texture group 'kanji',HIGH
gMsgKanji96D8Tex,UI_2D,dedicated UI texture group 'kanji',HIGH
gMsgKanji96D9Tex,UI_2D,dedicated UI texture group 'kanji',HIGH
gMsgKanji96DATex,UI_2D,dedicated UI texture group 'kanji',HIGH
gMsgKanji96DBTex,UI_2D,dedicated UI texture group 'kanji',HIGH
gMsgKanji96DCTex,UI_2D,dedicated UI texture group 'kanji',HIGH
gMsgKanji96DDTex,UI_2D,dedicated UI texture group 'kanji',HIGH
gMsgKanji96DETex,UI_2D,dedicated UI texture group 'kanji',HIGH
gMsgKanji96DFTex,UI_2D,dedicated UI texture group 'kanji',HIGH
gMsgKanji96E0Tex,UI_2D,dedicated UI texture group 'kanji',HIGH
gMsgKanji96E1Tex,UI_2D,dedicated UI texture group 'kanji',HIGH
gMsgKanji96E2Tex,UI_2D,dedicated UI texture group 'kanji',HIGH
gMsgKanji96E3Tex,UI_2D,dedicated UI texture group 'kanji',HIGH
gMsgKanji96E4Tex,UI_2D,dedicated UI texture group 'kanji',HIGH
gMsgKanji96E5Tex,UI_2D,dedicated UI texture group 'kanji',HIGH
gMsgKanji96E6Tex,UI_2D,dedicated UI texture group 'kanji',HIGH
gMsgKanji96E7Tex,UI_2D,dedicated UI texture group 'kanji',HIGH
gMsgKanji96E8Tex,UI_2D,dedicated UI texture group 'kanji',HIGH
gMsgKanji96E9Tex,UI_2D,dedicated UI texture group 'kanji',HIGH
gMsgKanji96EATex,UI_2D,dedicated UI texture group 'kanji',HIGH
gMsgKanji96EBTex,UI_2D,dedicated UI texture group 'kanji',HIGH
gMsgKanji96ECTex,UI_2D,dedicated UI texture group 'kanji',HIGH
gMsgKanji96EDTex,UI_2D,dedicated UI texture group 'kanji',HIGH
gMsgKanji96EETex,UI_2D,dedicated UI texture group 'kanji',HIGH
gMsgKanji96EFTex,UI_2D,dedicated UI texture group 'kanji',HIGH
gMsgKanji96F0Tex,UI_2D,dedicated UI texture group 'kanji',HIGH
gMsgKanji96F1Tex,UI_2D,dedicated UI texture group 'kanji',HIGH
gMsgKanji96F2Tex,UI_2D,dedicated UI texture group 'kanji',HIGH
gMsgKanji96F3Tex,UI_2D,dedicated UI texture group 'kanji',HIGH
gMsgKanji96F4Tex,UI_2D,dedicated UI texture group 'kanji',HIGH
gMsgKanji96F5Tex,UI_2D,dedicated UI texture group 'kanji',HIGH
gMsgKanji96F6Tex,UI_2D,dedicated UI texture group 'kanji',HIGH
gMsgKanji96F7Tex,UI_2D,dedicated UI texture group 'kanji',HIGH
gMsgKanji96F8Tex,UI_2D,dedicated UI texture group 'kanji',HIGH
gMsgKanji96F9Tex,UI_2D,dedicated UI texture group 'kanji',HIGH
gMsgKanji96FATex,UI_2D,dedicated UI texture group 'kanji',HIGH
gMsgKanji96FBTex,UI_2D,dedicated UI texture group 'kanji',HIGH
gMsgKanji96FCTex,UI_2D,dedicated UI texture group 'kanji',HIGH
gMsgKanji9740Tex,UI_2D,dedicated UI texture group 'kanji',HIGH
gMsgKanji9741Tex,UI_2D,dedicated UI texture group 'kanji',HIGH
gMsgKanji9742Tex,UI_2D,dedicated UI texture group 'kanji',HIGH
gMsgKanji9743Tex,UI_2D,dedicated UI texture group 'kanji',HIGH
gMsgKanji9744Tex,UI_2D,dedicated UI texture group 'kanji',HIGH
gMsgKanji9745Tex,UI_2D,dedicated UI texture group 'kanji',HIGH
gMsgKanji9746Tex,UI_2D,dedicated UI texture group 'kanji',HIGH
gMsgKanji9747Tex,UI_2D,dedicated UI texture group 'kanji',HIGH
gMsgKanji9748Tex,UI_2D,dedicated UI texture group 'kanji',HIGH
gMsgKanji9749Tex,UI_2D,dedicated UI texture group 'kanji',HIGH
gMsgKanji974ATex,UI_2D,dedicated UI texture group 'kanji',HIGH
gMsgKanji974BTex,UI_2D,dedicated UI texture group 'kanji',HIGH
gMsgKanji974CTex,UI_2D,dedicated UI texture group 'kanji',HIGH
gMsgKanji974DTex,UI_2D,dedicated UI texture group 'kanji',HIGH
gMsgKanji974ETex,UI_2D,dedicated UI texture group 'kanji',HIGH
gMsgKanji974FTex,UI_2D,dedicated UI texture group 'kanji',HIGH
gMsgKanji9750Tex,UI_2D,dedicated UI texture group 'kanji',HIGH
gMsgKanji9751Tex,UI_2D,dedicated UI texture group 'kanji',HIGH
gMsgKanji9752Tex,UI_2D,dedicated UI texture group 'kanji',HIGH
gMsgKanji9753Tex,UI_2D,dedicated UI texture group 'kanji',HIGH
gMsgKanji9754Tex,UI_2D,dedicated UI texture group 'kanji',HIGH
gMsgKanji9755Tex,UI_2D,dedicated UI texture group 'kanji',HIGH
gMsgKanji9756Tex,UI_2D,dedicated UI texture group 'kanji',HIGH
gMsgKanji9757Tex,UI_2D,dedicated UI texture group 'kanji',HIGH
gMsgKanji9758Tex,UI_2D,dedicated UI texture group 'kanji',HIGH
gMsgKanji9759Tex,UI_2D,dedicated UI texture group 'kanji',HIGH
gMsgKanji975ATex,UI_2D,dedicated UI texture group 'kanji',HIGH
gMsgKanji975BTex,UI_2D,dedicated UI texture group 'kanji',HIGH
gMsgKanji975CTex,UI_2D,dedicated UI texture group 'kanji',HIGH
gMsgKanji975DTex,UI_2D,dedicated UI texture group 'kanji',HIGH
gMsgKanji975ETex,UI_2D,dedicated UI texture group 'kanji',HIGH
gMsgKanji975FTex,UI_2D,dedicated UI texture group 'kanji',HIGH
gMsgKanji9760Tex,UI_2D,dedicated UI texture group 'kanji',HIGH
gMsgKanji9761Tex,UI_2D,dedicated UI texture group 'kanji',HIGH
gMsgKanji9762Tex,UI_2D,dedicated UI texture group 'kanji',HIGH
gMsgKanji9763Tex,UI_2D,dedicated UI texture group 'kanji',HIGH
gMsgKanji9764Tex,UI_2D,dedicated UI texture group 'kanji',HIGH
gMsgKanji9765Tex,UI_2D,dedicated UI texture group 'kanji',HIGH
gMsgKanji9766Tex,UI_2D,dedicated UI texture group 'kanji',HIGH
gMsgKanji9767Tex,UI_2D,dedicated UI texture group 'kanji',HIGH
gMsgKanji9768Tex,UI_2D,dedicated UI texture group 'kanji',HIGH
gMsgKanji9769Tex,UI_2D,dedicated UI texture group 'kanji',HIGH
gMsgKanji976ATex,UI_2D,dedicated UI texture group 'kanji',HIGH
gMsgKanji976BTex,UI_2D,dedicated UI texture group 'kanji',HIGH
gMsgKanji976CTex,UI_2D,dedicated UI texture group 'kanji',HIGH
gMsgKanji976DTex,UI_2D,dedicated UI texture group 'kanji',HIGH
gMsgKanji976ETex,UI_2D,dedicated UI texture group 'kanji',HIGH
gMsgKanji976FTex,UI_2D,dedicated UI texture group 'kanji',HIGH
gMsgKanji9770Tex,UI_2D,dedicated UI texture group 'kanji',HIGH
gMsgKanji9771Tex,UI_2D,dedicated UI texture group 'kanji',HIGH
gMsgKanji9772Tex,UI_2D,dedicated UI texture group 'kanji',HIGH
gMsgKanji9773Tex,UI_2D,dedicated UI texture group 'kanji',HIGH
gMsgKanji9774Tex,UI_2D,dedicated UI texture group 'kanji',HIGH
gMsgKanji9775Tex,UI_2D,dedicated UI texture group 'kanji',HIGH
gMsgKanji9776Tex,UI_2D,dedicated UI texture group 'kanji',HIGH
gMsgKanji9777Tex,UI_2D,dedicated UI texture group 'kanji',HIGH
gMsgKanji9778Tex,UI_2D,dedicated UI texture group 'kanji',HIGH
gMsgKanji9779Tex,UI_2D,dedicated UI texture group 'kanji',HIGH
gMsgKanji977ATex,UI_2D,dedicated UI texture group 'kanji',HIGH
gMsgKanji977BTex,UI_2D,dedicated UI texture group 'kanji',HIGH
gMsgKanji977CTex,UI_2D,dedicated UI texture group 'kanji',HIGH
gMsgKanji977DTex,UI_2D,dedicated UI texture group 'kanji',HIGH
gMsgKanji977ETex,UI_2D,dedicated UI texture group 'kanji',HIGH
gMsgKanji9780Tex,UI_2D,dedicated UI texture group 'kanji',HIGH
gMsgKanji9781Tex,UI_2D,dedicated UI texture group 'kanji',HIGH
gMsgKanji9782Tex,UI_2D,dedicated UI texture group 'kanji',HIGH
gMsgKanji9783Tex,UI_2D,dedicated UI texture group 'kanji',HIGH
gMsgKanji9784Tex,UI_2D,dedicated UI texture group 'kanji',HIGH
gMsgKanji9785Tex,UI_2D,dedicated UI texture group 'kanji',HIGH
gMsgKanji9786Tex,UI_2D,dedicated UI texture group 'kanji',HIGH
gMsgKanji9787Tex,UI_2D,dedicated UI texture group 'kanji',HIGH
gMsgKanji9788Tex,UI_2D,dedicated UI texture group 'kanji',HIGH
gMsgKanji9789Tex,UI_2D,dedicated UI texture group 'kanji',HIGH
gMsgKanji978ATex,UI_2D,dedicated UI texture group 'kanji',HIGH
gMsgKanji978BTex,UI_2D,dedicated UI texture group 'kanji',HIGH
gMsgKanji978CTex,UI_2D,dedicated UI texture group 'kanji',HIGH
gMsgKanji978DTex,UI_2D,dedicated UI texture group 'kanji',HIGH
gMsgKanji978ETex,UI_2D,dedicated UI texture group 'kanji',HIGH
gMsgKanji978FTex,UI_2D,dedicated UI texture group 'kanji',HIGH
gMsgKanji9790Tex,UI_2D,dedicated UI texture group 'kanji',HIGH
gMsgKanji9791Tex,UI_2D,dedicated UI texture group 'kanji',HIGH
gMsgKanji9792Tex,UI_2D,dedicated UI texture group 'kanji',HIGH
gMsgKanji9793Tex,UI_2D,dedicated UI texture group 'kanji',HIGH
gMsgKanji9794Tex,UI_2D,dedicated UI texture group 'kanji',HIGH
gMsgKanji9795Tex,UI_2D,dedicated UI texture group 'kanji',HIGH
gMsgKanji9796Tex,UI_2D,dedicated UI texture group 'kanji',HIGH
gMsgKanji9797Tex,UI_2D,dedicated UI texture group 'kanji',HIGH
gMsgKanji9798Tex,UI_2D,dedicated UI texture group 'kanji',HIGH
gMsgKanji9799Tex,UI_2D,dedicated UI texture group 'kanji',HIGH
gMsgKanji979ATex,UI_2D,dedicated UI texture group 'kanji',HIGH
gMsgKanji979BTex,UI_2D,dedicated UI texture group 'kanji',HIGH
gMsgKanji979CTex,UI_2D,dedicated UI texture group 'kanji',HIGH
gMsgKanji979DTex,UI_2D,dedicated UI texture group 'kanji',HIGH
gMsgKanji979ETex,UI_2D,dedicated UI texture group 'kanji',HIGH
gMsgKanji979FTex,UI_2D,dedicated UI texture group 'kanji',HIGH
gMsgKanji97A0Tex,UI_2D,dedicated UI texture group 'kanji',HIGH
gMsgKanji97A1Tex,UI_2D,dedicated UI texture group 'kanji',HIGH
gMsgKanji97A2Tex,UI_2D,dedicated UI texture group 'kanji',HIGH
gMsgKanji97A3Tex,UI_2D,dedicated UI texture group 'kanji',HIGH
gMsgKanji97A4Tex,UI_2D,dedicated UI texture group 'kanji',HIGH
gMsgKanji97A5Tex,UI_2D,dedicated UI texture group 'kanji',HIGH
gMsgKanji97A6Tex,UI_2D,dedicated UI texture group 'kanji',HIGH
gMsgKanji97A7Tex,UI_2D,dedicated UI texture group 'kanji',HIGH
gMsgKanji97A8Tex,UI_2D,dedicated UI texture group 'kanji',HIGH
gMsgKanji97A9Tex,UI_2D,dedicated UI texture group 'kanji',HIGH
gMsgKanji97AATex,UI_2D,dedicated UI texture group 'kanji',HIGH
gMsgKanji97ABTex,UI_2D,dedicated UI texture group 'kanji',HIGH
gMsgKanji97ACTex,UI_2D,dedicated UI texture group 'kanji',HIGH
gMsgKanji97ADTex,UI_2D,dedicated UI texture group 'kanji',HIGH
gMsgKanji97AETex,UI_2D,dedicated UI texture group 'kanji',HIGH
gMsgKanji97AFTex,UI_2D,dedicated UI texture group 'kanji',HIGH
gMsgKanji97B0Tex,UI_2D,dedicated UI texture group 'kanji',HIGH
gMsgKanji97B1Tex,UI_2D,dedicated UI texture group 'kanji',HIGH
gMsgKanji97B2Tex,UI_2D,dedicated UI texture group 'kanji',HIGH
gMsgKanji97B3Tex,UI_2D,dedicated UI texture group 'kanji',HIGH
gMsgKanji97B4Tex,UI_2D,dedicated UI texture group 'kanji',HIGH
gMsgKanji97B5Tex,UI_2D,dedicated UI texture group 'kanji',HIGH
gMsgKanji97B6Tex,UI_2D,dedicated UI texture group 'kanji',HIGH
gMsgKanji97B7Tex,UI_2D,dedicated UI texture group 'kanji',HIGH
gMsgKanji97B8Tex,UI_2D,dedicated UI texture group 'kanji',HIGH
gMsgKanji97B9Tex,UI_2D,dedicated UI texture group 'kanji',HIGH
gMsgKanji97BATex,UI_2D,dedicated UI texture group 'kanji',HIGH
gMsgKanji97BBTex,UI_2D,dedicated UI texture group 'kanji',HIGH
gMsgKanji97BCTex,UI_2D,dedicated UI texture group 'kanji',HIGH
gMsgKanji97BDTex,UI_2D,dedicated UI texture group 'kanji',HIGH
gMsgKanji97BETex,UI_2D,dedicated UI texture group 'kanji',HIGH
gMsgKanji97BFTex,UI_2D,dedicated UI texture group 'kanji',HIGH
gMsgKanji97C0Tex,UI_2D,dedicated UI texture group 'kanji',HIGH
gMsgKanji97C1Tex,UI_2D,dedicated UI texture group 'kanji',HIGH
gMsgKanji97C2Tex,UI_2D,dedicated UI texture group 'kanji',HIGH
gMsgKanji97C3Tex,UI_2D,dedicated UI texture group 'kanji',HIGH
gMsgKanji97C4Tex,UI_2D,dedicated UI texture group 'kanji',HIGH
gMsgKanji97C5Tex,UI_2D,dedicated UI texture group 'kanji',HIGH
gMsgKanji97C6Tex,UI_2D,dedicated UI texture group 'kanji',HIGH
gMsgKanji97C7Tex,UI_2D,dedicated UI texture group 'kanji',HIGH
gMsgKanji97C8Tex,UI_2D,dedicated UI texture group 'kanji',HIGH
gMsgKanji97C9Tex,UI_2D,dedicated UI texture group 'kanji',HIGH
gMsgKanji97CATex,UI_2D,dedicated UI texture group 'kanji',HIGH
gMsgKanji97CBTex,UI_2D,dedicated UI texture group 'kanji',HIGH
gMsgKanji97CCTex,UI_2D,dedicated UI texture group 'kanji',HIGH
gMsgKanji97CDTex,UI_2D,dedicated UI texture group 'kanji',HIGH
gMsgKanji97CETex,UI_2D,dedicated UI texture group 'kanji',HIGH
gMsgKanji97CFTex,UI_2D,dedicated UI texture group 'kanji',HIGH
gMsgKanji97D0Tex,UI_2D,dedicated UI texture group 'kanji',HIGH
gMsgKanji97D1Tex,UI_2D,dedicated UI texture group 'kanji',HIGH
gMsgKanji97D2Tex,UI_2D,dedicated UI texture group 'kanji',HIGH
gMsgKanji97D3Tex,UI_2D,dedicated UI texture group 'kanji',HIGH
gMsgKanji97D4Tex,UI_2D,dedicated UI texture group 'kanji',HIGH
gMsgKanji97D5Tex,UI_2D,dedicated UI texture group 'kanji',HIGH
gMsgKanji97D6Tex,UI_2D,dedicated UI texture group 'kanji',HIGH
gMsgKanji97D7Tex,UI_2D,dedicated UI texture group 'kanji',HIGH
gMsgKanji97D8Tex,UI_2D,dedicated UI texture group 'kanji',HIGH
gMsgKanji97D9Tex,UI_2D,dedicated UI texture group 'kanji',HIGH
gMsgKanji97DATex,UI_2D,dedicated UI texture group 'kanji',HIGH
gMsgKanji97DBTex,UI_2D,dedicated UI texture group 'kanji',HIGH
gMsgKanji97DCTex,UI_2D,dedicated UI texture group 'kanji',HIGH
gMsgKanji97DDTex,UI_2D,dedicated UI texture group 'kanji',HIGH
gMsgKanji97DETex,UI_2D,dedicated UI texture group 'kanji',HIGH
gMsgKanji97DFTex,UI_2D,dedicated UI texture group 'kanji',HIGH
gMsgKanji97E0Tex,UI_2D,dedicated UI texture group 'kanji',HIGH
gMsgKanji97E1Tex,UI_2D,dedicated UI texture group 'kanji',HIGH
gMsgKanji97E2Tex,UI_2D,dedicated UI texture group 'kanji',HIGH
gMsgKanji97E3Tex,UI_2D,dedicated UI texture group 'kanji',HIGH
gMsgKanji97E4Tex,UI_2D,dedicated UI texture group 'kanji',HIGH
gMsgKanji97E5Tex,UI_2D,dedicated UI texture group 'kanji',HIGH
gMsgKanji97E6Tex,UI_2D,dedicated UI texture group 'kanji',HIGH
gMsgKanji97E7Tex,UI_2D,dedicated UI texture group 'kanji',HIGH
gMsgKanji97E8Tex,UI_2D,dedicated UI texture group 'kanji',HIGH
gMsgKanji97E9Tex,UI_2D,dedicated UI texture group 'kanji',HIGH
gMsgKanji97EATex,UI_2D,dedicated UI texture group 'kanji',HIGH
gMsgKanji97EBTex,UI_2D,dedicated UI texture group 'kanji',HIGH
gMsgKanji97ECTex,UI_2D,dedicated UI texture group 'kanji',HIGH
gMsgKanji97EDTex,UI_2D,dedicated UI texture group 'kanji',HIGH
gMsgKanji97EETex,UI_2D,dedicated UI texture group 'kanji',HIGH
gMsgKanji97EFTex,UI_2D,dedicated UI texture group 'kanji',HIGH
gMsgKanji97F0Tex,UI_2D,dedicated UI texture group 'kanji',HIGH
gMsgKanji97F1Tex,UI_2D,dedicated UI texture group 'kanji',HIGH
gMsgKanji97F2Tex,UI_2D,dedicated UI texture group 'kanji',HIGH
gMsgKanji97F3Tex,UI_2D,dedicated UI texture group 'kanji',HIGH
gMsgKanji97F4Tex,UI_2D,dedicated UI texture group 'kanji',HIGH
gMsgKanji97F5Tex,UI_2D,dedicated UI texture group 'kanji',HIGH
gMsgKanji97F6Tex,UI_2D,dedicated UI texture group 'kanji',HIGH
gMsgKanji97F7Tex,UI_2D,dedicated UI texture group 'kanji',HIGH
gMsgKanji97F8Tex,UI_2D,dedicated UI texture group 'kanji',HIGH
gMsgKanji97F9Tex,UI_2D,dedicated UI texture group 'kanji',HIGH
gMsgKanji97FATex,UI_2D,dedicated UI texture group 'kanji',HIGH
gMsgKanji97FBTex,UI_2D,dedicated UI texture group 'kanji',HIGH
gMsgKanji97FCTex,UI_2D,dedicated UI texture group 'kanji',HIGH
gMsgKanji9840Tex,UI_2D,dedicated UI texture group 'kanji',HIGH
gMsgKanji9841Tex,UI_2D,dedicated UI texture group 'kanji',HIGH
gMsgKanji9842Tex,UI_2D,dedicated UI texture group 'kanji',HIGH
gMsgKanji9843Tex,UI_2D,dedicated UI texture group 'kanji',HIGH
gMsgKanji9844Tex,UI_2D,dedicated UI texture group 'kanji',HIGH
gMsgKanji9845Tex,UI_2D,dedicated UI texture group 'kanji',HIGH
gMsgKanji9846Tex,UI_2D,dedicated UI texture group 'kanji',HIGH
gMsgKanji9847Tex,UI_2D,dedicated UI texture group 'kanji',HIGH
gMsgKanji9848Tex,UI_2D,dedicated UI texture group 'kanji',HIGH
gMsgKanji9849Tex,UI_2D,dedicated UI texture group 'kanji',HIGH
gMsgKanji984ATex,UI_2D,dedicated UI texture group 'kanji',HIGH
gMsgKanji984BTex,UI_2D,dedicated UI texture group 'kanji',HIGH
gMsgKanji984CTex,UI_2D,dedicated UI texture group 'kanji',HIGH
gMsgKanji984DTex,UI_2D,dedicated UI texture group 'kanji',HIGH
gMsgKanji984ETex,UI_2D,dedicated UI texture group 'kanji',HIGH
gMsgKanji984FTex,UI_2D,dedicated UI texture group 'kanji',HIGH
gMsgKanji9850Tex,UI_2D,dedicated UI texture group 'kanji',HIGH
gMsgKanji9851Tex,UI_2D,dedicated UI texture group 'kanji',HIGH
gMsgKanji9852Tex,UI_2D,dedicated UI texture group 'kanji',HIGH
gMsgKanji9853Tex,UI_2D,dedicated UI texture group 'kanji',HIGH
gMsgKanji9854Tex,UI_2D,dedicated UI texture group 'kanji',HIGH
gMsgKanji9855Tex,UI_2D,dedicated UI texture group 'kanji',HIGH
gMsgKanji9856Tex,UI_2D,dedicated UI texture group 'kanji',HIGH
gMsgKanji9857Tex,UI_2D,dedicated UI texture group 'kanji',HIGH
gMsgKanji9858Tex,UI_2D,dedicated UI texture group 'kanji',HIGH
gMsgKanji9859Tex,UI_2D,dedicated UI texture group 'kanji',HIGH
gMsgKanji985ATex,UI_2D,dedicated UI texture group 'kanji',HIGH
gMsgKanji985BTex,UI_2D,dedicated UI texture group 'kanji',HIGH
gMsgKanji985CTex,UI_2D,dedicated UI texture group 'kanji',HIGH
gMsgKanji985DTex,UI_2D,dedicated UI texture group 'kanji',HIGH
gMsgKanji985ETex,UI_2D,dedicated UI texture group 'kanji',HIGH
gMsgKanji985FTex,UI_2D,dedicated UI texture group 'kanji',HIGH
gMsgKanji9860Tex,UI_2D,dedicated UI texture group 'kanji',HIGH
gMsgKanji9861Tex,UI_2D,dedicated UI texture group 'kanji',HIGH
gMsgKanji9862Tex,UI_2D,dedicated UI texture group 'kanji',HIGH
gMsgKanji9863Tex,UI_2D,dedicated UI texture group 'kanji',HIGH
gMsgKanji9864Tex,UI_2D,dedicated UI texture group 'kanji',HIGH
gMsgKanji9865Tex,UI_2D,dedicated UI texture group 'kanji',HIGH
gMsgKanji9866Tex,UI_2D,dedicated UI texture group 'kanji',HIGH
gMsgKanji9867Tex,UI_2D,dedicated UI texture group 'kanji',HIGH
gMsgKanji9868Tex,UI_2D,dedicated UI texture group 'kanji',HIGH
gMsgKanji9869Tex,UI_2D,dedicated UI texture group 'kanji',HIGH
gMsgKanji986ATex,UI_2D,dedicated UI texture group 'kanji',HIGH
gMsgKanji986BTex,UI_2D,dedicated UI texture group 'kanji',HIGH
gMsgKanji986CTex,UI_2D,dedicated UI texture group 'kanji',HIGH
gMsgKanji986DTex,UI_2D,dedicated UI texture group 'kanji',HIGH
gMsgKanji986ETex,UI_2D,dedicated UI texture group 'kanji',HIGH
gMsgKanji986FTex,UI_2D,dedicated UI texture group 'kanji',HIGH
gMsgKanji9870Tex,UI_2D,dedicated UI texture group 'kanji',HIGH
gMsgKanji9871Tex,UI_2D,dedicated UI texture group 'kanji',HIGH
gMsgKanji9872Tex,UI_2D,dedicated UI texture group 'kanji',HIGH
gMsgKanji9873EmptyTex,UI_2D,dedicated UI texture group 'kanji',HIGH
gMsgKanji9874EmptyTex,UI_2D,dedicated UI texture group 'kanji',HIGH
gMsgKanji9875EmptyTex,UI_2D,dedicated UI texture group 'kanji',HIGH
gMsgKanji9876EmptyTex,UI_2D,dedicated UI texture group 'kanji',HIGH
gMsgKanji9877EmptyTex,UI_2D,dedicated UI texture group 'kanji',HIGH
gMsgKanji9878EmptyTex,UI_2D,dedicated UI texture group 'kanji',HIGH
gMsgKanji9879EmptyTex,UI_2D,dedicated UI texture group 'kanji',HIGH
gMsgKanji987AEmptyTex,UI_2D,dedicated UI texture group 'kanji',HIGH
gMsgKanji987BEmptyTex,UI_2D,dedicated UI texture group 'kanji',HIGH
gMsgKanji987CEmptyTex,UI_2D,dedicated UI texture group 'kanji',HIGH
gMsgKanji987DEmptyTex,UI_2D,dedicated UI texture group 'kanji',HIGH
gMsgKanji987EEmptyTex,UI_2D,dedicated UI texture group 'kanji',HIGH
gMsgKanji9880EmptyTex,UI_2D,dedicated UI texture group 'kanji',HIGH
gMsgKanji9881EmptyTex,UI_2D,dedicated UI texture group 'kanji',HIGH
gMsgKanji9882EmptyTex,UI_2D,dedicated UI texture group 'kanji',HIGH
gMsgKanji9883EmptyTex,UI_2D,dedicated UI texture group 'kanji',HIGH
gMsgKanji9884EmptyTex,UI_2D,dedicated UI texture group 'kanji',HIGH
gMsgKanji9885EmptyTex,UI_2D,dedicated UI texture group 'kanji',HIGH
gMsgKanji9886EmptyTex,UI_2D,dedicated UI texture group 'kanji',HIGH
gMsgKanji9887EmptyTex,UI_2D,dedicated UI texture group 'kanji',HIGH
gMsgKanji9888EmptyTex,UI_2D,dedicated UI texture group 'kanji',HIGH
gMsgKanji9889EmptyTex,UI_2D,dedicated UI texture group 'kanji',HIGH
gMsgKanji988AEmptyTex,UI_2D,dedicated UI texture group 'kanji',HIGH
gMsgKanji988BEmptyTex,UI_2D,dedicated UI texture group 'kanji',HIGH
gMsgKanji988CEmptyTex,UI_2D,dedicated UI texture group 'kanji',HIGH
gMsgKanji988DEmptyTex,UI_2D,dedicated UI texture group 'kanji',HIGH
gMsgKanji988EEmptyTex,UI_2D,dedicated UI texture group 'kanji',HIGH
gMsgKanji988FEmptyTex,UI_2D,dedicated UI texture group 'kanji',HIGH
gMsgKanji9890EmptyTex,UI_2D,dedicated UI texture group 'kanji',HIGH
gMsgKanji9891EmptyTex,UI_2D,dedicated UI texture group 'kanji',HIGH
gMsgKanji9892EmptyTex,UI_2D,dedicated UI texture group 'kanji',HIGH
gMsgKanji9893EmptyTex,UI_2D,dedicated UI texture group 'kanji',HIGH
gMsgKanji9894EmptyTex,UI_2D,dedicated UI texture group 'kanji',HIGH
gMsgKanji9895EmptyTex,UI_2D,dedicated UI texture group 'kanji',HIGH
gMsgKanji9896EmptyTex,UI_2D,dedicated UI texture group 'kanji',HIGH
gMsgKanji9897EmptyTex,UI_2D,dedicated UI texture group 'kanji',HIGH
gMsgKanji9898EmptyTex,UI_2D,dedicated UI texture group 'kanji',HIGH
gMsgKanji9899EmptyTex,UI_2D,dedicated UI texture group 'kanji',HIGH
gMsgKanji989AEmptyTex,UI_2D,dedicated UI texture group 'kanji',HIGH
gMsgKanji989BEmptyTex,UI_2D,dedicated UI texture group 'kanji',HIGH
gMsgKanji989CEmptyTex,UI_2D,dedicated UI texture group 'kanji',HIGH
gMsgKanji989DEmptyTex,UI_2D,dedicated UI texture group 'kanji',HIGH
gMsgKanji989EEmptyTex,UI_2D,dedicated UI texture group 'kanji',HIGH
gMsgKanji989FEmptyTex,UI_2D,dedicated UI texture group 'kanji',HIGH
gMsgKanji98A0EmptyTex,UI_2D,dedicated UI texture group 'kanji',HIGH
gMsgKanji98A1EmptyTex,UI_2D,dedicated UI texture group 'kanji',HIGH
gMsgKanji98A2EmptyTex,UI_2D,dedicated UI texture group 'kanji',HIGH
gMsgKanji98A3EmptyTex,UI_2D,dedicated UI texture group 'kanji',HIGH
gMsgKanji98A4EmptyTex,UI_2D,dedicated UI texture group 'kanji',HIGH
gMsgKanji98A5EmptyTex,UI_2D,dedicated UI texture group 'kanji',HIGH
gMsgKanji98A6EmptyTex,UI_2D,dedicated UI texture group 'kanji',HIGH
gMsgKanji98A7EmptyTex,UI_2D,dedicated UI texture group 'kanji',HIGH
gMsgKanji98A8EmptyTex,UI_2D,dedicated UI texture group 'kanji',HIGH
gMsgKanji98A9EmptyTex,UI_2D,dedicated UI texture group 'kanji',HIGH
gMsgKanji98AAEmptyTex,UI_2D,dedicated UI texture group 'kanji',HIGH
gMsgKanji98ABEmptyTex,UI_2D,dedicated UI texture group 'kanji',HIGH
gMsgKanji98ACEmptyTex,UI_2D,dedicated UI texture group 'kanji',HIGH
gMsgKanji98ADEmptyTex,UI_2D,dedicated UI texture group 'kanji',HIGH
gMsgKanji98AEEmptyTex,UI_2D,dedicated UI texture group 'kanji',HIGH
gMsgKanji98AFEmptyTex,UI_2D,dedicated UI texture group 'kanji',HIGH
gMsgKanji98B0EmptyTex,UI_2D,dedicated UI texture group 'kanji',HIGH
gMsgKanji98B1EmptyTex,UI_2D,dedicated UI texture group 'kanji',HIGH
gMsgKanji98B2EmptyTex,UI_2D,dedicated UI texture group 'kanji',HIGH
gMsgKanji98B3EmptyTex,UI_2D,dedicated UI texture group 'kanji',HIGH
gMsgKanji98B4EmptyTex,UI_2D,dedicated UI texture group 'kanji',HIGH
gMsgKanji98B5EmptyTex,UI_2D,dedicated UI texture group 'kanji',HIGH
gMsgKanji98B6EmptyTex,UI_2D,dedicated UI texture group 'kanji',HIGH
gMsgKanji98B7EmptyTex,UI_2D,dedicated UI texture group 'kanji',HIGH
gMsgKanji98B8EmptyTex,UI_2D,dedicated UI texture group 'kanji',HIGH
gMsgKanji98B9EmptyTex,UI_2D,dedicated UI texture group 'kanji',HIGH
gMsgKanji98BAEmptyTex,UI_2D,dedicated UI texture group 'kanji',HIGH
gMsgKanji98BBEmptyTex,UI_2D,dedicated UI texture group 'kanji',HIGH
gMsgKanji98BCEmptyTex,UI_2D,dedicated UI texture group 'kanji',HIGH
gMsgKanji98BDEmptyTex,UI_2D,dedicated UI texture group 'kanji',HIGH
gMsgKanji98BEEmptyTex,UI_2D,dedicated UI texture group 'kanji',HIGH
gMsgKanji98BFEmptyTex,UI_2D,dedicated UI texture group 'kanji',HIGH
gMsgKanji98C0EmptyTex,UI_2D,dedicated UI texture group 'kanji',HIGH
gMsgKanji98C1EmptyTex,UI_2D,dedicated UI texture group 'kanji',HIGH
gMsgKanji98C2EmptyTex,UI_2D,dedicated UI texture group 'kanji',HIGH
gMsgKanji98C3EmptyTex,UI_2D,dedicated UI texture group 'kanji',HIGH
gMsgKanji98C4EmptyTex,UI_2D,dedicated UI texture group 'kanji',HIGH
gMsgKanji98C5EmptyTex,UI_2D,dedicated UI texture group 'kanji',HIGH
gMsgKanji98C6EmptyTex,UI_2D,dedicated UI texture group 'kanji',HIGH
gMsgKanji98C7EmptyTex,UI_2D,dedicated UI texture group 'kanji',HIGH
gMsgKanji98C8EmptyTex,UI_2D,dedicated UI texture group 'kanji',HIGH
gMsgKanji98C9EmptyTex,UI_2D,dedicated UI texture group 'kanji',HIGH
gMsgKanji98CAEmptyTex,UI_2D,dedicated UI texture group 'kanji',HIGH
gMsgKanji98CBEmptyTex,UI_2D,dedicated UI texture group 'kanji',HIGH
gMsgKanji98CCEmptyTex,UI_2D,dedicated UI texture group 'kanji',HIGH
gMsgKanji98CDEmptyTex,UI_2D,dedicated UI texture group 'kanji',HIGH
gMsgKanji98CEEmptyTex,UI_2D,dedicated UI texture group 'kanji',HIGH
gMsgKanji98CFEmptyTex,UI_2D,dedicated UI texture group 'kanji',HIGH
gMsgKanji98D0EmptyTex,UI_2D,dedicated UI texture group 'kanji',HIGH
gMsgKanji98D1EmptyTex,UI_2D,dedicated UI texture group 'kanji',HIGH
gMsgKanji98D2EmptyTex,UI_2D,dedicated UI texture group 'kanji',HIGH
gMsgKanji98D3EmptyTex,UI_2D,dedicated UI texture group 'kanji',HIGH
gMsgKanji98D4EmptyTex,UI_2D,dedicated UI texture group 'kanji',HIGH
gMsgKanji98D5EmptyTex,UI_2D,dedicated UI texture group 'kanji',HIGH
gMsgKanji98D6EmptyTex,UI_2D,dedicated UI texture group 'kanji',HIGH
gMsgKanji98D7EmptyTex,UI_2D,dedicated UI texture group 'kanji',HIGH
gMsgKanji98D8EmptyTex,UI_2D,dedicated UI texture group 'kanji',HIGH
gMsgKanji98D9EmptyTex,UI_2D,dedicated UI texture group 'kanji',HIGH
gMsgKanji98DAEmptyTex,UI_2D,dedicated UI texture group 'kanji',HIGH
gMsgKanji98DBEmptyTex,UI_2D,dedicated UI texture group 'kanji',HIGH
gMsgKanji98DCEmptyTex,UI_2D,dedicated UI texture group 'kanji',HIGH
gMsgKanji98DDEmptyTex,UI_2D,dedicated UI texture group 'kanji',HIGH
gMsgKanji98DEEmptyTex,UI_2D,dedicated UI texture group 'kanji',HIGH
gMsgKanji98DFEmptyTex,UI_2D,dedicated UI texture group 'kanji',HIGH
gMsgKanji98E0EmptyTex,UI_2D,dedicated UI texture group 'kanji',HIGH
gMsgKanji98E1EmptyTex,UI_2D,dedicated UI texture group 'kanji',HIGH
gMsgKanji98E2EmptyTex,UI_2D,dedicated UI texture group 'kanji',HIGH
gMsgKanji98E3EmptyTex,UI_2D,dedicated UI texture group 'kanji',HIGH
gMsgKanji98E4EmptyTex,UI_2D,dedicated UI texture group 'kanji',HIGH
gMsgKanji98E5EmptyTex,UI_2D,dedicated UI texture group 'kanji',HIGH
gMsgKanji98E6EmptyTex,UI_2D,dedicated UI texture group 'kanji',HIGH
gMsgKanji98E7EmptyTex,UI_2D,dedicated UI texture group 'kanji',HIGH
gMsgKanji98E8EmptyTex,UI_2D,dedicated UI texture group 'kanji',HIGH
gMsgKanji98E9EmptyTex,UI_2D,dedicated UI texture group 'kanji',HIGH
gMsgKanji98EAEmptyTex,UI_2D,dedicated UI texture group 'kanji',HIGH
gMsgKanji98EBEmptyTex,UI_2D,dedicated UI texture group 'kanji',HIGH
gMsgKanji98ECEmptyTex,UI_2D,dedicated UI texture group 'kanji',HIGH
gMsgKanji98EDEmptyTex,UI_2D,dedicated UI texture group 'kanji',HIGH
gMsgKanji98EEEmptyTex,UI_2D,dedicated UI texture group 'kanji',HIGH
gMsgKanji98EFEmptyTex,UI_2D,dedicated UI texture group 'kanji',HIGH
gMsgKanji98F0EmptyTex,UI_2D,dedicated UI texture group 'kanji',HIGH
gMsgKanji98F1EmptyTex,UI_2D,dedicated UI texture group 'kanji',HIGH
gMsgKanji98F2EmptyTex,UI_2D,dedicated UI texture group 'kanji',HIGH
gMsgKanji98F3EmptyTex,UI_2D,dedicated UI texture group 'kanji',HIGH
gMsgKanji98F4EmptyTex,UI_2D,dedicated UI texture group 'kanji',HIGH
gMsgKanji98F5EmptyTex,UI_2D,dedicated UI texture group 'kanji',HIGH
gMsgKanji98F6EmptyTex,UI_2D,dedicated UI texture group 'kanji',HIGH
gMsgKanji98F7EmptyTex,UI_2D,dedicated UI texture group 'kanji',HIGH
gMsgKanji98F8EmptyTex,UI_2D,dedicated UI texture group 'kanji',HIGH
gMsgKanji98F9EmptyTex,UI_2D,dedicated UI texture group 'kanji',HIGH
gMsgKanji98FAEmptyTex,UI_2D,dedicated UI texture group 'kanji',HIGH
gMsgKanji98FBEmptyTex,UI_2D,dedicated UI texture group 'kanji',HIGH
gMsgKanji98FCEmptyTex,UI_2D,dedicated UI texture group 'kanji',HIGH
gBottomOfTheWellPauseScreenMapBasement1LeftTex,UI_2D,dedicated UI texture group 'map_48x85_static',HIGH
gBottomOfTheWellPauseScreenMapBasement1RightTex,UI_2D,dedicated UI texture group 'map_48x85_static',HIGH
gBottomOfTheWellPauseScreenMapBasement2LeftTex,UI_2D,dedicated UI texture group 'map_48x85_static',HIGH
gBottomOfTheWellPauseScreenMapBasement2RightTex,UI_2D,dedicated UI texture group 'map_48x85_static',HIGH
gBottomOfTheWellPauseScreenMapBasement3LeftTex,UI_2D,dedicated UI texture group 'map_48x85_static',HIGH
gBottomOfTheWellPauseScreenMapBasement3RightTex,UI_2D,dedicated UI texture group 'map_48x85_static',HIGH
gDekuTreePauseScreenMapBasement1LeftTex,UI_2D,dedicated UI texture group 'map_48x85_static',HIGH
gDekuTreePauseScreenMapBasement1RightTex,UI_2D,dedicated UI texture group 'map_48x85_static',HIGH
gDekuTreePauseScreenMapBasement2LeftTex,UI_2D,dedicated UI texture group 'map_48x85_static',HIGH
gDekuTreePauseScreenMapBasement2RightTex,UI_2D,dedicated UI texture group 'map_48x85_static',HIGH
gDekuTreePauseScreenMapFloor1LeftTex,UI_2D,dedicated UI texture group 'map_48x85_static',HIGH
gDekuTreePauseScreenMapFloor1RightTex,UI_2D,dedicated UI texture group 'map_48x85_static',HIGH
gDekuTreePauseScreenMapFloor2LeftTex,UI_2D,dedicated UI texture group 'map_48x85_static',HIGH
gDekuTreePauseScreenMapFloor2RightTex,UI_2D,dedicated UI texture group 'map_48x85_static',HIGH
gDekuTreePauseScreenMapFloor3LeftTex,UI_2D,dedicated UI texture group 'map_48x85_static',HIGH
gDekuTreePauseScreenMapFloor3RightTex,UI_2D,dedicated UI texture group 'map_48x85_static',HIGH
gDodongosCavernPauseScreenMapFloor1LeftTex,UI_2D,dedicated UI texture group 'map_48x85_static',HIGH
gDodongosCavernPauseScreenMapFloor1RightTex,UI_2D,dedicated UI texture group 'map_48x85_static',HIGH
gDodongosCavernPauseScreenMapFloor2LeftTex,UI_2D,dedicated UI texture group 'map_48x85_static',HIGH
gDodongosCavernPauseScreenMapFloor2RightTex,UI_2D,dedicated UI texture group 'map_48x85_static',HIGH
gFireTemplePauseScreenMapFloor1LeftTex,UI_2D,dedicated UI texture group 'map_48x85_static',HIGH
gFireTemplePauseScreenMapFloor1RightTex,UI_2D,dedicated UI texture group 'map_48x85_static',HIGH
gFireTemplePauseScreenMapFloor2LeftTex,UI_2D,dedicated UI texture group 'map_48x85_static',HIGH
gFireTemplePauseScreenMapFloor2RightTex,UI_2D,dedicated UI texture group 'map_48x85_static',HIGH
gFireTemplePauseScreenMapFloor3LeftTex,UI_2D,dedicated UI texture group 'map_48x85_static',HIGH
gFireTemplePauseScreenMapFloor3RightTex,UI_2D,dedicated UI texture group 'map_48x85_static',HIGH
gFireTemplePauseScreenMapFloor4LeftTex,UI_2D,dedicated UI texture group 'map_48x85_static',HIGH
gFireTemplePauseScreenMapFloor4RightTex,UI_2D,dedicated UI texture group 'map_48x85_static',HIGH
gFireTemplePauseScreenMapFloor5LeftTex,UI_2D,dedicated UI texture group 'map_48x85_static',HIGH
gFireTemplePauseScreenMapFloor5RightTex,UI_2D,dedicated UI texture group 'map_48x85_static',HIGH
gForestTemplePauseScreenMapBasement1LeftTex,UI_2D,dedicated UI texture group 'map_48x85_static',HIGH
gForestTemplePauseScreenMapBasement1RightTex,UI_2D,dedicated UI texture group 'map_48x85_static',HIGH
gForestTemplePauseScreenMapBasement2LeftTex,UI_2D,dedicated UI texture group 'map_48x85_static',HIGH
gForestTemplePauseScreenMapBasement2RightTex,UI_2D,dedicated UI texture group 'map_48x85_static',HIGH
gForestTemplePauseScreenMapFloor1LeftTex,UI_2D,dedicated UI texture group 'map_48x85_static',HIGH
gForestTemplePauseScreenMapFloor1RightTex,UI_2D,dedicated UI texture group 'map_48x85_static',HIGH
gForestTemplePauseScreenMapFloor2LeftTex,UI_2D,dedicated UI texture group 'map_48x85_static',HIGH
gForestTemplePauseScreenMapFloor2RightTex,UI_2D,dedicated UI texture group 'map_48x85_static',HIGH
gIceCavernPauseScreenMapFloor1LeftTex,UI_2D,dedicated UI texture group 'map_48x85_static',HIGH
gIceCavernPauseScreenMapFloor1RightTex,UI_2D,dedicated UI texture group 'map_48x85_static',HIGH
gJabuPauseScreenMapBasement1LeftTex,UI_2D,dedicated UI texture group 'map_48x85_static',HIGH
gJabuPauseScreenMapBasement1RightTex,UI_2D,dedicated UI texture group 'map_48x85_static',HIGH
gJabuPauseScreenMapFloor1LeftTex,UI_2D,dedicated UI texture group 'map_48x85_static',HIGH
gJabuPauseScreenMapFloor1RightTex,UI_2D,dedicated UI texture group 'map_48x85_static',HIGH
gShadowTemplePauseScreenMapBasement1LeftTex,UI_2D,dedicated UI texture group 'map_48x85_static',HIGH
gShadowTemplePauseScreenMapBasement1RightTex,UI_2D,dedicated UI texture group 'map_48x85_static',HIGH
gShadowTemplePauseScreenMapBasement2LeftTex,UI_2D,dedicated UI texture group 'map_48x85_static',HIGH
gShadowTemplePauseScreenMapBasement2RightTex,UI_2D,dedicated UI texture group 'map_48x85_static',HIGH
gShadowTemplePauseScreenMapBasement3LeftTex,UI_2D,dedicated UI texture group 'map_48x85_static',HIGH
gShadowTemplePauseScreenMapBasement3RightTex,UI_2D,dedicated UI texture group 'map_48x85_static',HIGH
gShadowTemplePauseScreenMapBasement4LeftTex,UI_2D,dedicated UI texture group 'map_48x85_static',HIGH
gShadowTemplePauseScreenMapBasement4RightTex,UI_2D,dedicated UI texture group 'map_48x85_static',HIGH
gSpiritTemplePauseScreenMapFloor1LeftTex,UI_2D,dedicated UI texture group 'map_48x85_static',HIGH
gSpiritTemplePauseScreenMapFloor1RightTex,UI_2D,dedicated UI texture group 'map_48x85_static',HIGH
gSpiritTemplePauseScreenMapFloor2LeftTex,UI_2D,dedicated UI texture group 'map_48x85_static',HIGH
gSpiritTemplePauseScreenMapFloor2RightTex,UI_2D,dedicated UI texture group 'map_48x85_static',HIGH
gSpiritTemplePauseScreenMapFloor3LeftTex,UI_2D,dedicated UI texture group 'map_48x85_static',HIGH
gSpiritTemplePauseScreenMapFloor3RightTex,UI_2D,dedicated UI texture group 'map_48x85_static',HIGH
gSpiritTemplePauseScreenMapFloor4LeftTex,UI_2D,dedicated UI texture group 'map_48x85_static',HIGH
gSpiritTemplePauseScreenMapFloor4RightTex,UI_2D,dedicated UI texture group 'map_48x85_static',HIGH
gWaterTemplePauseScreenMapBasement1LeftTex,UI_2D,dedicated UI texture group 'map_48x85_static',HIGH
gWaterTemplePauseScreenMapBasement1RightTex,UI_2D,dedicated UI texture group 'map_48x85_static',HIGH
gWaterTemplePauseScreenMapFloor1LeftTex,UI_2D,dedicated UI texture group 'map_48x85_static',HIGH
gWaterTemplePauseScreenMapFloor1RightTex,UI_2D,dedicated UI texture group 'map_48x85_static',HIGH
gWaterTemplePauseScreenMapFloor2LeftTex,UI_2D,dedicated UI texture group 'map_48x85_static',HIGH
gWaterTemplePauseScreenMapFloor2RightTex,UI_2D,dedicated UI texture group 'map_48x85_static',HIGH
gWaterTemplePauseScreenMapFloor3LeftTex,UI_2D,dedicated UI texture group 'map_48x85_static',HIGH
gWaterTemplePauseScreenMapFloor3RightTex,UI_2D,dedicated UI texture group 'map_48x85_static',HIGH
gDeathMountainCraterMinimapTex,UI_2D,dedicated UI texture group 'map_grand_static'; IA format (ia4) carries alpha -> transparency/alpha-test likely,HIGH
gDeathMountainTrailMinimapTex,UI_2D,dedicated UI texture group 'map_grand_static'; IA format (ia4) carries alpha -> transparency/alpha-test likely,HIGH
gDesertColossusMinimapTex,UI_2D,dedicated UI texture group 'map_grand_static'; IA format (ia4) carries alpha -> transparency/alpha-test likely,HIGH
gDrainedLakeHyliaMinimapTex,UI_2D,dedicated UI texture group 'map_grand_static'; IA format (ia4) carries alpha -> transparency/alpha-test likely,HIGH
gExploredShadowGraveyardMinimapTex,UI_2D,dedicated UI texture group 'map_grand_static'; IA format (ia4) carries alpha -> transparency/alpha-test likely,HIGH
gGerudoValleyMinimapTex,UI_2D,dedicated UI texture group 'map_grand_static'; IA format (ia4) carries alpha -> transparency/alpha-test likely,HIGH
gGerudoValleyWithBrokenBridgeMinimapTex,UI_2D,dedicated UI texture group 'map_grand_static'; IA format (ia4) carries alpha -> transparency/alpha-test likely,HIGH
gGerudosFortessMinimapTex,UI_2D,dedicated UI texture group 'map_grand_static'; IA format (ia4) carries alpha -> transparency/alpha-test likely,HIGH
gGerudosFortressMinimapTex,UI_2D,dedicated UI texture group 'map_grand_static'; IA format (ia4) carries alpha -> transparency/alpha-test likely,HIGH
gGoronCityMinimapTex,UI_2D,dedicated UI texture group 'map_grand_static'; IA format (ia4) carries alpha -> transparency/alpha-test likely,HIGH
gGraveyardMinimapTex,UI_2D,dedicated UI texture group 'map_grand_static'; IA format (ia4) carries alpha -> transparency/alpha-test likely,HIGH
gHauntedWastelandMinimapTex,UI_2D,dedicated UI texture group 'map_grand_static'; IA format (ia4) carries alpha -> transparency/alpha-test likely,HIGH
gHyruleCastleAreaMinimapTex,UI_2D,dedicated UI texture group 'map_grand_static'; IA format (ia4) carries alpha -> transparency/alpha-test likely,HIGH
gHyruleFieldMinimapTex,UI_2D,dedicated UI texture group 'map_grand_static'; IA format (ia4) carries alpha -> transparency/alpha-test likely,HIGH
gKakarikoVillageMinimapTex,UI_2D,dedicated UI texture group 'map_grand_static'; IA format (ia4) carries alpha -> transparency/alpha-test likely,HIGH
gKokiriForestMinimapTex,UI_2D,dedicated UI texture group 'map_grand_static'; IA format (ia4) carries alpha -> transparency/alpha-test likely,HIGH
gLakeHyliaMinimapTex,UI_2D,dedicated UI texture group 'map_grand_static'; IA format (ia4) carries alpha -> transparency/alpha-test likely,HIGH
gLonLonRanchMinimapTex,UI_2D,dedicated UI texture group 'map_grand_static'; IA format (ia4) carries alpha -> transparency/alpha-test likely,HIGH
gLostWoodsMinimapTex,UI_2D,dedicated UI texture group 'map_grand_static'; IA format (ia4) carries alpha -> transparency/alpha-test likely,HIGH
gOutsideGanonsCastleMinimapTex,UI_2D,dedicated UI texture group 'map_grand_static'; IA format (ia4) carries alpha -> transparency/alpha-test likely,HIGH
gSacredMeadowMinimapTex,UI_2D,dedicated UI texture group 'map_grand_static'; IA format (ia4) carries alpha -> transparency/alpha-test likely,HIGH
gZorasDomainMinimapTex,UI_2D,dedicated UI texture group 'map_grand_static'; IA format (ia4) carries alpha -> transparency/alpha-test likely,HIGH
gZorasFountainMinimapTex,UI_2D,dedicated UI texture group 'map_grand_static'; IA format (ia4) carries alpha -> transparency/alpha-test likely,HIGH
gZorasRiverMinimapTex,UI_2D,dedicated UI texture group 'map_grand_static'; IA format (ia4) carries alpha -> transparency/alpha-test likely,HIGH
gBlankSpiritTempleRoom11MinimapTex,UI_2D,dedicated UI texture group 'map_i_static',HIGH
gBottomOfTheWellRoom0Basement1MinimapTex,UI_2D,dedicated UI texture group 'map_i_static',HIGH
gBottomOfTheWellRoom0Basement2MinimapTex,UI_2D,dedicated UI texture group 'map_i_static',HIGH
gBottomOfTheWellRoom1Basement1MinimapTex,UI_2D,dedicated UI texture group 'map_i_static',HIGH
gBottomOfTheWellRoom1Basement2MinimapTex,UI_2D,dedicated UI texture group 'map_i_static',HIGH
gBottomOfTheWellRoom1Basement3MinimapTex,UI_2D,dedicated UI texture group 'map_i_static',HIGH
gBottomOfTheWellRoom2MinimapTex,UI_2D,dedicated UI texture group 'map_i_static',HIGH
gBottomOfTheWellRoom3MinimapTex,UI_2D,dedicated UI texture group 'map_i_static',HIGH
gBottomOfTheWellRoom4MinimapTex,UI_2D,dedicated UI texture group 'map_i_static',HIGH
gBottomOfTheWellRoom5MinimapTex,UI_2D,dedicated UI texture group 'map_i_static',HIGH
gBottomOfTheWellRoom6MinimapTex,UI_2D,dedicated UI texture group 'map_i_static',HIGH
gDekuTreeRoom0Floor1MinimapTex,UI_2D,dedicated UI texture group 'map_i_static',HIGH
gDekuTreeRoom0Floor2MinimapTex,UI_2D,dedicated UI texture group 'map_i_static',HIGH
gDekuTreeRoom0Floor3MinimapTex,UI_2D,dedicated UI texture group 'map_i_static',HIGH
gDekuTreeRoom10MinimapTex,UI_2D,dedicated UI texture group 'map_i_static',HIGH
gDekuTreeRoom1MinimapTex,UI_2D,dedicated UI texture group 'map_i_static',HIGH
gDekuTreeRoom2MinimapTex,UI_2D,dedicated UI texture group 'map_i_static',HIGH
gDekuTreeRoom3MinimapTex,UI_2D,dedicated UI texture group 'map_i_static',HIGH
gDekuTreeRoom4MinimapTex,UI_2D,dedicated UI texture group 'map_i_static',HIGH
gDekuTreeRoom5MinimapTex,UI_2D,dedicated UI texture group 'map_i_static',HIGH
gDekuTreeRoom6MinimapTex,UI_2D,dedicated UI texture group 'map_i_static',HIGH
gDekuTreeRoom7MinimapTex,UI_2D,dedicated UI texture group 'map_i_static',HIGH
gDekuTreeRoom8MinimapTex,UI_2D,dedicated UI texture group 'map_i_static',HIGH
gDekuTreeRoom9MinimapTex,UI_2D,dedicated UI texture group 'map_i_static',HIGH
gDodongosCavernRoom0Floor3MinimapTex,UI_2D,dedicated UI texture group 'map_i_static',HIGH
gDodongosCavernRoom0MinimapTex,UI_2D,dedicated UI texture group 'map_i_static',HIGH
gDodongosCavernRoom10MinimapTex,UI_2D,dedicated UI texture group 'map_i_static',HIGH
gDodongosCavernRoom11MinimapTex,UI_2D,dedicated UI texture group 'map_i_static',HIGH
gDodongosCavernRoom12MinimapTex,UI_2D,dedicated UI texture group 'map_i_static',HIGH
gDodongosCavernRoom13MinimapTex,UI_2D,dedicated UI texture group 'map_i_static',HIGH
gDodongosCavernRoom14MinimapTex,UI_2D,dedicated UI texture group 'map_i_static',HIGH
gDodongosCavernRoom15MinimapTex,UI_2D,dedicated UI texture group 'map_i_static',HIGH
gDodongosCavernRoom1MinimapTex,UI_2D,dedicated UI texture group 'map_i_static',HIGH
gDodongosCavernRoom2Floor3MinimapTex,UI_2D,dedicated UI texture group 'map_i_static',HIGH
gDodongosCavernRoom2MinimapTex,UI_2D,dedicated UI texture group 'map_i_static',HIGH
gDodongosCavernRoom3Floor3MinimapTex,UI_2D,dedicated UI texture group 'map_i_static',HIGH
gDodongosCavernRoom3MinimapTex,UI_2D,dedicated UI texture group 'map_i_static',HIGH
gDodongosCavernRoom4MinimapTex,UI_2D,dedicated UI texture group 'map_i_static',HIGH
gDodongosCavernRoom5MinimapTex,UI_2D,dedicated UI texture group 'map_i_static',HIGH
gDodongosCavernRoom6MinimapTex,UI_2D,dedicated UI texture group 'map_i_static',HIGH
gDodongosCavernRoom7MinimapTex,UI_2D,dedicated UI texture group 'map_i_static',HIGH
gDodongosCavernRoom8MinimapTex,UI_2D,dedicated UI texture group 'map_i_static',HIGH
gDodongosCavernRoom9MinimapTex,UI_2D,dedicated UI texture group 'map_i_static',HIGH
gFireTempleRoom0MinimapTex,UI_2D,dedicated UI texture group 'map_i_static',HIGH
gFireTempleRoom10Floor1MinimapTex,UI_2D,dedicated UI texture group 'map_i_static',HIGH
gFireTempleRoom10Floor2MinimapTex,UI_2D,dedicated UI texture group 'map_i_static',HIGH
gFireTempleRoom10Floor3MinimapTex,UI_2D,dedicated UI texture group 'map_i_static',HIGH
gFireTempleRoom11Floor1MinimapTex,UI_2D,dedicated UI texture group 'map_i_static',HIGH
gFireTempleRoom11Floor3MinimapTex,UI_2D,dedicated UI texture group 'map_i_static',HIGH
gFireTempleRoom12Floor1MinimapTex,UI_2D,dedicated UI texture group 'map_i_static',HIGH
gFireTempleRoom12Floor3MinimapTex,UI_2D,dedicated UI texture group 'map_i_static',HIGH
gFireTempleRoom13Floor1MinimapTex,UI_2D,dedicated UI texture group 'map_i_static',HIGH
gFireTempleRoom13Floor3MinimapTex,UI_2D,dedicated UI texture group 'map_i_static',HIGH
gFireTempleRoom14MinimapTex,UI_2D,dedicated UI texture group 'map_i_static',HIGH
gFireTempleRoom15MinimapTex,UI_2D,dedicated UI texture group 'map_i_static',HIGH
gFireTempleRoom16MinimapTex,UI_2D,dedicated UI texture group 'map_i_static',HIGH
gFireTempleRoom17MinimapTex,UI_2D,dedicated UI texture group 'map_i_static',HIGH
gFireTempleRoom18MinimapTex,UI_2D,dedicated UI texture group 'map_i_static',HIGH
gFireTempleRoom19MinimapTex,UI_2D,dedicated UI texture group 'map_i_static',HIGH
gFireTempleRoom1MinimapTex,UI_2D,dedicated UI texture group 'map_i_static',HIGH
gFireTempleRoom20MinimapTex,UI_2D,dedicated UI texture group 'map_i_static',HIGH
gFireTempleRoom21Floor1MinimapTex,UI_2D,dedicated UI texture group 'map_i_static',HIGH
gFireTempleRoom21Floor3MinimapTex,UI_2D,dedicated UI texture group 'map_i_static',HIGH
gFireTempleRoom22MinimapTex,UI_2D,dedicated UI texture group 'map_i_static',HIGH
gFireTempleRoom23MinimapTex,UI_2D,dedicated UI texture group 'map_i_static',HIGH
gFireTempleRoom24Floor1MinimapTex,UI_2D,dedicated UI texture group 'map_i_static',HIGH
gFireTempleRoom24Floor3MinimapTex,UI_2D,dedicated UI texture group 'map_i_static',HIGH
gFireTempleRoom25MinimapTex,UI_2D,dedicated UI texture group 'map_i_static',HIGH
gFireTempleRoom2MinimapTex,UI_2D,dedicated UI texture group 'map_i_static',HIGH
gFireTempleRoom3MinimapTex,UI_2D,dedicated UI texture group 'map_i_static',HIGH
gFireTempleRoom4Floor1MinimapTex,UI_2D,dedicated UI texture group 'map_i_static',HIGH
gFireTempleRoom4Floor3MinimapTex,UI_2D,dedicated UI texture group 'map_i_static',HIGH
gFireTempleRoom5Floor1MinimapTex,UI_2D,dedicated UI texture group 'map_i_static',HIGH
gFireTempleRoom5Floor3MinimapTex,UI_2D,dedicated UI texture group 'map_i_static',HIGH
gFireTempleRoom6Floor1MinimapTex,UI_2D,dedicated UI texture group 'map_i_static',HIGH
gFireTempleRoom6Floor2MinimapTex,UI_2D,dedicated UI texture group 'map_i_static',HIGH
gFireTempleRoom6Floor3MinimapTex,UI_2D,dedicated UI texture group 'map_i_static',HIGH
gFireTempleRoom7Floor1MinimapTex,UI_2D,dedicated UI texture group 'map_i_static',HIGH
gFireTempleRoom7Floor3MinimapTex,UI_2D,dedicated UI texture group 'map_i_static',HIGH
gFireTempleRoom8MinimapTex,UI_2D,dedicated UI texture group 'map_i_static',HIGH
gFireTempleRoom9MinimapTex,UI_2D,dedicated UI texture group 'map_i_static',HIGH
gForestTempleRoom0Floor1MinimapTex,UI_2D,dedicated UI texture group 'map_i_static',HIGH
gForestTempleRoom0Floor3MinimapTex,UI_2D,dedicated UI texture group 'map_i_static',HIGH
gForestTempleRoom10MinimapTex,UI_2D,dedicated UI texture group 'map_i_static',HIGH
gForestTempleRoom11Floor1MinimapTex,UI_2D,dedicated UI texture group 'map_i_static',HIGH
gForestTempleRoom11Floor3MinimapTex,UI_2D,dedicated UI texture group 'map_i_static',HIGH
gForestTempleRoom12MinimapTex,UI_2D,dedicated UI texture group 'map_i_static',HIGH
gForestTempleRoom13MinimapTex,UI_2D,dedicated UI texture group 'map_i_static',HIGH
gForestTempleRoom14MinimapTex,UI_2D,dedicated UI texture group 'map_i_static',HIGH
gForestTempleRoom15MinimapTex,UI_2D,dedicated UI texture group 'map_i_static',HIGH
gForestTempleRoom16MinimapTex,UI_2D,dedicated UI texture group 'map_i_static',HIGH
gForestTempleRoom17MinimapTex,UI_2D,dedicated UI texture group 'map_i_static',HIGH
gForestTempleRoom18MinimapTex,UI_2D,dedicated UI texture group 'map_i_static',HIGH
gForestTempleRoom19MinimapTex,UI_2D,dedicated UI texture group 'map_i_static',HIGH
gForestTempleRoom1MinimapTex,UI_2D,dedicated UI texture group 'map_i_static',HIGH
gForestTempleRoom20MinimapTex,UI_2D,dedicated UI texture group 'map_i_static',HIGH
gForestTempleRoom21MinimapTex,UI_2D,dedicated UI texture group 'map_i_static',HIGH
gForestTempleRoom2MinimapTex,UI_2D,dedicated UI texture group 'map_i_static',HIGH
gForestTempleRoom3MinimapTex,UI_2D,dedicated UI texture group 'map_i_static',HIGH
gForestTempleRoom4MinimapTex,UI_2D,dedicated UI texture group 'map_i_static',HIGH
gForestTempleRoom5MinimapTex,UI_2D,dedicated UI texture group 'map_i_static',HIGH
gForestTempleRoom6Floor1MinimapTex,UI_2D,dedicated UI texture group 'map_i_static',HIGH
gForestTempleRoom6Floor3MinimapTex,UI_2D,dedicated UI texture group 'map_i_static',HIGH
gForestTempleRoom7Floor1MinimapTex,UI_2D,dedicated UI texture group 'map_i_static',HIGH
gForestTempleRoom7Floor3MinimapTex,UI_2D,dedicated UI texture group 'map_i_static',HIGH
gForestTempleRoom8Floor1MinimapTex,UI_2D,dedicated UI texture group 'map_i_static',HIGH
gForestTempleRoom8Floor3MinimapTex,UI_2D,dedicated UI texture group 'map_i_static',HIGH
gForestTempleRoom9MinimapTex,UI_2D,dedicated UI texture group 'map_i_static',HIGH
gIceCavernRoom0MinimapTex,UI_2D,dedicated UI texture group 'map_i_static',HIGH
gIceCavernRoom10MinimapTex,UI_2D,dedicated UI texture group 'map_i_static',HIGH
gIceCavernRoom11MinimapTex,UI_2D,dedicated UI texture group 'map_i_static',HIGH
gIceCavernRoom1MinimapTex,UI_2D,dedicated UI texture group 'map_i_static',HIGH
gIceCavernRoom2MinimapTex,UI_2D,dedicated UI texture group 'map_i_static',HIGH
gIceCavernRoom3MinimapTex,UI_2D,dedicated UI texture group 'map_i_static',HIGH
gIceCavernRoom4MinimapTex,UI_2D,dedicated UI texture group 'map_i_static',HIGH
gIceCavernRoom5MinimapTex,UI_2D,dedicated UI texture group 'map_i_static',HIGH
gIceCavernRoom6MinimapTex,UI_2D,dedicated UI texture group 'map_i_static',HIGH
gIceCavernRoom7MinimapTex,UI_2D,dedicated UI texture group 'map_i_static',HIGH
gIceCavernRoom8MinimapTex,UI_2D,dedicated UI texture group 'map_i_static',HIGH
gIceCavernRoom9MinimapTex,UI_2D,dedicated UI texture group 'map_i_static',HIGH
gJabuRoom0MinimapTex,UI_2D,dedicated UI texture group 'map_i_static',HIGH
gJabuRoom10MinimapTex,UI_2D,dedicated UI texture group 'map_i_static',HIGH
gJabuRoom11MinimapTex,UI_2D,dedicated UI texture group 'map_i_static',HIGH
gJabuRoom12MinimapTex,UI_2D,dedicated UI texture group 'map_i_static',HIGH
gJabuRoom13MinimapTex,UI_2D,dedicated UI texture group 'map_i_static',HIGH
gJabuRoom14MinimapTex,UI_2D,dedicated UI texture group 'map_i_static',HIGH
gJabuRoom1Basement1MinimapTex,UI_2D,dedicated UI texture group 'map_i_static',HIGH
gJabuRoom1MinimapTex,UI_2D,dedicated UI texture group 'map_i_static',HIGH
gJabuRoom2MinimapTex,UI_2D,dedicated UI texture group 'map_i_static',HIGH
gJabuRoom3MinimapTex,UI_2D,dedicated UI texture group 'map_i_static',HIGH
gJabuRoom4MinimapTex,UI_2D,dedicated UI texture group 'map_i_static',HIGH
gJabuRoom5MinimapTex,UI_2D,dedicated UI texture group 'map_i_static',HIGH
gJabuRoom6Basement1MinimapTex,UI_2D,dedicated UI texture group 'map_i_static',HIGH
gJabuRoom6MinimapTex,UI_2D,dedicated UI texture group 'map_i_static',HIGH
gJabuRoom7MinimapTex,UI_2D,dedicated UI texture group 'map_i_static',HIGH
gJabuRoom8MinimapTex,UI_2D,dedicated UI texture group 'map_i_static',HIGH
gJabuRoom9MinimapTex,UI_2D,dedicated UI texture group 'map_i_static',HIGH
gShadowTempleRoom0MinimapTex,UI_2D,dedicated UI texture group 'map_i_static',HIGH
gShadowTempleRoom10MinimapTex,UI_2D,dedicated UI texture group 'map_i_static',HIGH
gShadowTempleRoom11MinimapTex,UI_2D,dedicated UI texture group 'map_i_static',HIGH
gShadowTempleRoom12Basement3MinimapTex,UI_2D,dedicated UI texture group 'map_i_static',HIGH
gShadowTempleRoom12Basement4MinimapTex,UI_2D,dedicated UI texture group 'map_i_static',HIGH
gShadowTempleRoom13MinimapTex,UI_2D,dedicated UI texture group 'map_i_static',HIGH
gShadowTempleRoom14Basement3MinimapTex,UI_2D,dedicated UI texture group 'map_i_static',HIGH
gShadowTempleRoom14Basement4MinimapTex,UI_2D,dedicated UI texture group 'map_i_static',HIGH
gShadowTempleRoom15MinimapTex,UI_2D,dedicated UI texture group 'map_i_static',HIGH
gShadowTempleRoom16MinimapTex,UI_2D,dedicated UI texture group 'map_i_static',HIGH
gShadowTempleRoom17MinimapTex,UI_2D,dedicated UI texture group 'map_i_static',HIGH
gShadowTempleRoom18MinimapTex,UI_2D,dedicated UI texture group 'map_i_static',HIGH
gShadowTempleRoom19MinimapTex,UI_2D,dedicated UI texture group 'map_i_static',HIGH
gShadowTempleRoom1MinimapTex,UI_2D,dedicated UI texture group 'map_i_static',HIGH
gShadowTempleRoom20MinimapTex,UI_2D,dedicated UI texture group 'map_i_static',HIGH
gShadowTempleRoom21Basement3MinimapTex,UI_2D,dedicated UI texture group 'map_i_static',HIGH
gShadowTempleRoom21Basement4MinimapTex,UI_2D,dedicated UI texture group 'map_i_static',HIGH
gShadowTempleRoom2MinimapTex,UI_2D,dedicated UI texture group 'map_i_static',HIGH
gShadowTempleRoom3MinimapTex,UI_2D,dedicated UI texture group 'map_i_static',HIGH
gShadowTempleRoom4MinimapTex,UI_2D,dedicated UI texture group 'map_i_static',HIGH
gShadowTempleRoom5MinimapTex,UI_2D,dedicated UI texture group 'map_i_static',HIGH
gShadowTempleRoom6MinimapTex,UI_2D,dedicated UI texture group 'map_i_static',HIGH
gShadowTempleRoom7MinimapTex,UI_2D,dedicated UI texture group 'map_i_static',HIGH
gShadowTempleRoom8Basement2MinimapTex,UI_2D,dedicated UI texture group 'map_i_static',HIGH
gShadowTempleRoom8Basement3MinimapTex,UI_2D,dedicated UI texture group 'map_i_static',HIGH
gShadowTempleRoom9Basement3MinimapTex,UI_2D,dedicated UI texture group 'map_i_static',HIGH
gShadowTempleRoom9Basement4MinimapTex,UI_2D,dedicated UI texture group 'map_i_static',HIGH
gSpiritTempleRoom0MinimapTex,UI_2D,dedicated UI texture group 'map_i_static',HIGH
gSpiritTempleRoom10MinimapTex,UI_2D,dedicated UI texture group 'map_i_static',HIGH
gSpiritTempleRoom12MinimapTex,UI_2D,dedicated UI texture group 'map_i_static',HIGH
gSpiritTempleRoom13MinimapTex,UI_2D,dedicated UI texture group 'map_i_static',HIGH
gSpiritTempleRoom14MinimapTex,UI_2D,dedicated UI texture group 'map_i_static',HIGH
gSpiritTempleRoom15Floor1MinimapTex,UI_2D,dedicated UI texture group 'map_i_static',HIGH
gSpiritTempleRoom15Floor2MinimapTex,UI_2D,dedicated UI texture group 'map_i_static',HIGH
gSpiritTempleRoom16MinimapTex,UI_2D,dedicated UI texture group 'map_i_static',HIGH
gSpiritTempleRoom17MinimapTex,UI_2D,dedicated UI texture group 'map_i_static',HIGH
gSpiritTempleRoom18MinimapTex,UI_2D,dedicated UI texture group 'map_i_static',HIGH
gSpiritTempleRoom19MinimapTex,UI_2D,dedicated UI texture group 'map_i_static',HIGH
gSpiritTempleRoom1MinimapTex,UI_2D,dedicated UI texture group 'map_i_static',HIGH
gSpiritTempleRoom20MinimapTex,UI_2D,dedicated UI texture group 'map_i_static',HIGH
gSpiritTempleRoom21MinimapTex,UI_2D,dedicated UI texture group 'map_i_static',HIGH
gSpiritTempleRoom22MinimapTex,UI_2D,dedicated UI texture group 'map_i_static',HIGH
gSpiritTempleRoom23Floor3MinimapTex,UI_2D,dedicated UI texture group 'map_i_static',HIGH
gSpiritTempleRoom23Floor4MinimapTex,UI_2D,dedicated UI texture group 'map_i_static',HIGH
gSpiritTempleRoom24MinimapTex,UI_2D,dedicated UI texture group 'map_i_static',HIGH
gSpiritTempleRoom25MinimapTex,UI_2D,dedicated UI texture group 'map_i_static',HIGH
gSpiritTempleRoom26MinimapTex,UI_2D,dedicated UI texture group 'map_i_static',HIGH
gSpiritTempleRoom27MinimapTex,UI_2D,dedicated UI texture group 'map_i_static',HIGH
gSpiritTempleRoom2MinimapTex,UI_2D,dedicated UI texture group 'map_i_static',HIGH
gSpiritTempleRoom3MinimapTex,UI_2D,dedicated UI texture group 'map_i_static',HIGH
gSpiritTempleRoom4Floor1MinimapTex,UI_2D,dedicated UI texture group 'map_i_static',HIGH
gSpiritTempleRoom4Floor2MinimapTex,UI_2D,dedicated UI texture group 'map_i_static',HIGH
gSpiritTempleRoom5Floor2MinimapTex,UI_2D,dedicated UI texture group 'map_i_static',HIGH
gSpiritTempleRoom5Floor3MinimapTex,UI_2D,dedicated UI texture group 'map_i_static',HIGH
gSpiritTempleRoom6MinimapTex,UI_2D,dedicated UI texture group 'map_i_static',HIGH
gSpiritTempleRoom7MinimapTex,UI_2D,dedicated UI texture group 'map_i_static',HIGH
gSpiritTempleRoom8MinimapTex,UI_2D,dedicated UI texture group 'map_i_static',HIGH
gSpiritTempleRoom9MinimapTex,UI_2D,dedicated UI texture group 'map_i_static',HIGH
gWaterTempleRoom0Basement1MinimapTex,UI_2D,dedicated UI texture group 'map_i_static',HIGH
gWaterTempleRoom0Floor1MinimapTex,UI_2D,dedicated UI texture group 'map_i_static',HIGH
gWaterTempleRoom0Floor2MinimapTex,UI_2D,dedicated UI texture group 'map_i_static',HIGH
gWaterTempleRoom0Floor3MinimapTex,UI_2D,dedicated UI texture group 'map_i_static',HIGH
gWaterTempleRoom10Floor2MinimapTex,UI_2D,dedicated UI texture group 'map_i_static',HIGH
gWaterTempleRoom10Floor3MinimapTex,UI_2D,dedicated UI texture group 'map_i_static',HIGH
gWaterTempleRoom11MinimapTex,UI_2D,dedicated UI texture group 'map_i_static',HIGH
gWaterTempleRoom12Basement1MinimapTex,UI_2D,dedicated UI texture group 'map_i_static',HIGH
gWaterTempleRoom12Floor3MinimapTex,UI_2D,dedicated UI texture group 'map_i_static',HIGH
gWaterTempleRoom13MinimapTex,UI_2D,dedicated UI texture group 'map_i_static',HIGH
gWaterTempleRoom14Basement1MinimapTex,UI_2D,dedicated UI texture group 'map_i_static',HIGH
gWaterTempleRoom14Floor3MinimapTex,UI_2D,dedicated UI texture group 'map_i_static',HIGH
gWaterTempleRoom15Basement1MinimapTex,UI_2D,dedicated UI texture group 'map_i_static',HIGH
gWaterTempleRoom15Floor3MinimapTex,UI_2D,dedicated UI texture group 'map_i_static',HIGH
gWaterTempleRoom16MinimapTex,UI_2D,dedicated UI texture group 'map_i_static',HIGH
gWaterTempleRoom17Floor1MinimapTex,UI_2D,dedicated UI texture group 'map_i_static',HIGH
gWaterTempleRoom17Floor2MinimapTex,UI_2D,dedicated UI texture group 'map_i_static',HIGH
gWaterTempleRoom17Floor3MinimapTex,UI_2D,dedicated UI texture group 'map_i_static',HIGH
gWaterTempleRoom18MinimapTex,UI_2D,dedicated UI texture group 'map_i_static',HIGH
gWaterTempleRoom19MinimapTex,UI_2D,dedicated UI texture group 'map_i_static',HIGH
gWaterTempleRoom1Basement1MinimapTex,UI_2D,dedicated UI texture group 'map_i_static',HIGH
gWaterTempleRoom1Floor1MinimapTex,UI_2D,dedicated UI texture group 'map_i_static',HIGH
gWaterTempleRoom1Floor2MinimapTex,UI_2D,dedicated UI texture group 'map_i_static',HIGH
gWaterTempleRoom1Floor3MinimapTex,UI_2D,dedicated UI texture group 'map_i_static',HIGH
gWaterTempleRoom20Floor2MinimapTex,UI_2D,dedicated UI texture group 'map_i_static',HIGH
gWaterTempleRoom20Floor3MinimapTex,UI_2D,dedicated UI texture group 'map_i_static',HIGH
gWaterTempleRoom21Floor1MinimapTex,UI_2D,dedicated UI texture group 'map_i_static',HIGH
gWaterTempleRoom21Floor3MinimapTex,UI_2D,dedicated UI texture group 'map_i_static',HIGH
gWaterTempleRoom2MinimapTex,UI_2D,dedicated UI texture group 'map_i_static',HIGH
gWaterTempleRoom3Basement1MinimapTex,UI_2D,dedicated UI texture group 'map_i_static',HIGH
gWaterTempleRoom3Floor3MinimapTex,UI_2D,dedicated UI texture group 'map_i_static',HIGH
gWaterTempleRoom4Floor2MinimapTex,UI_2D,dedicated UI texture group 'map_i_static',HIGH
gWaterTempleRoom4Floor3MinimapTex,UI_2D,dedicated UI texture group 'map_i_static',HIGH
gWaterTempleRoom5Basement1MinimapTex,UI_2D,dedicated UI texture group 'map_i_static',HIGH
gWaterTempleRoom5Floor1MinimapTex,UI_2D,dedicated UI texture group 'map_i_static',HIGH
gWaterTempleRoom5Floor2MinimapTex,UI_2D,dedicated UI texture group 'map_i_static',HIGH
gWaterTempleRoom5Floor3MinimapTex,UI_2D,dedicated UI texture group 'map_i_static',HIGH
gWaterTempleRoom6Floor2MinimapTex,UI_2D,dedicated UI texture group 'map_i_static',HIGH
gWaterTempleRoom6MinimapTex,UI_2D,dedicated UI texture group 'map_i_static',HIGH
gWaterTempleRoom7MinimapTex,UI_2D,dedicated UI texture group 'map_i_static',HIGH
gWaterTempleRoom8Basement1MinimapTex,UI_2D,dedicated UI texture group 'map_i_static',HIGH
gWaterTempleRoom8Floor3MinimapTex,UI_2D,dedicated UI texture group 'map_i_static',HIGH
gWaterTempleRoom9Basement1MinimapTex,UI_2D,dedicated UI texture group 'map_i_static',HIGH
gWaterTempleRoom9Floor3MinimapTex,UI_2D,dedicated UI texture group 'map_i_static',HIGH
gDeathMountainCraterPositionNameENGTex,UI_2D,dedicated UI texture group 'map_name_static'; IA format (ia8) carries alpha -> transparency/alpha-test likely,HIGH
gDeathMountainCraterPositionNameFRATex,UI_2D,dedicated UI texture group 'map_name_static',HIGH
gDeathMountainCraterPositionNameGERTex,UI_2D,dedicated UI texture group 'map_name_static',HIGH
gDeathMountainCraterPositionNameJPNTex,UI_2D,dedicated UI texture group 'map_name_static'; IA format (ia8) carries alpha -> transparency/alpha-test likely,HIGH
gDeathMountainPointNameENGTex,UI_2D,dedicated UI texture group 'map_name_static'; IA format (ia4) carries alpha -> transparency/alpha-test likely,HIGH
gDeathMountainPointNameFRATex,UI_2D,dedicated UI texture group 'map_name_static',HIGH
gDeathMountainPointNameGERTex,UI_2D,dedicated UI texture group 'map_name_static',HIGH
gDeathMountainPointNameJPNTex,UI_2D,dedicated UI texture group 'map_name_static'; IA format (ia4) carries alpha -> transparency/alpha-test likely,HIGH
gDeathMountainTrailPositionNameENGTex,UI_2D,dedicated UI texture group 'map_name_static'; IA format (ia8) carries alpha -> transparency/alpha-test likely,HIGH
gDeathMountainTrailPositionNameFRATex,UI_2D,dedicated UI texture group 'map_name_static',HIGH
gDeathMountainTrailPositionNameGERTex,UI_2D,dedicated UI texture group 'map_name_static',HIGH
gDeathMountainTrailPositionNameJPNTex,UI_2D,dedicated UI texture group 'map_name_static'; IA format (ia8) carries alpha -> transparency/alpha-test likely,HIGH
gDesertColossusPositionNameENGTex,UI_2D,dedicated UI texture group 'map_name_static'; IA format (ia8) carries alpha -> transparency/alpha-test likely,HIGH
gDesertColossusPositionNameFRATex,UI_2D,dedicated UI texture group 'map_name_static',HIGH
gDesertColossusPositionNameGERTex,UI_2D,dedicated UI texture group 'map_name_static',HIGH
gDesertColossusPositionNameJPNTex,UI_2D,dedicated UI texture group 'map_name_static'; IA format (ia8) carries alpha -> transparency/alpha-test likely,HIGH
gGanonsCastlePositionNameENGTex,UI_2D,dedicated UI texture group 'map_name_static'; IA format (ia8) carries alpha -> transparency/alpha-test likely,HIGH
gGanonsCastlePositionNameFRATex,UI_2D,dedicated UI texture group 'map_name_static',HIGH
gGanonsCastlePositionNameGERTex,UI_2D,dedicated UI texture group 'map_name_static',HIGH
gGanonsCastlePositionNameJPNTex,UI_2D,dedicated UI texture group 'map_name_static'; IA format (ia8) carries alpha -> transparency/alpha-test likely,HIGH
gGerudoValleyPointNameENGTex,UI_2D,dedicated UI texture group 'map_name_static'; IA format (ia4) carries alpha -> transparency/alpha-test likely,HIGH
gGerudoValleyPointNameFRATex,UI_2D,dedicated UI texture group 'map_name_static',HIGH
gGerudoValleyPointNameGERTex,UI_2D,dedicated UI texture group 'map_name_static',HIGH
gGerudoValleyPointNameJPNTex,UI_2D,dedicated UI texture group 'map_name_static'; IA format (ia4) carries alpha -> transparency/alpha-test likely,HIGH
gGerudoValleyPositionNameENGTex,UI_2D,dedicated UI texture group 'map_name_static'; IA format (ia8) carries alpha -> transparency/alpha-test likely,HIGH
gGerudoValleyPositionNameFRATex,UI_2D,dedicated UI texture group 'map_name_static',HIGH
gGerudoValleyPositionNameGERTex,UI_2D,dedicated UI texture group 'map_name_static',HIGH
gGerudoValleyPositionNameJPNTex,UI_2D,dedicated UI texture group 'map_name_static'; IA format (ia8) carries alpha -> transparency/alpha-test likely,HIGH
gGerudosFortressPointNameENGTex,UI_2D,dedicated UI texture group 'map_name_static'; IA format (ia4) carries alpha -> transparency/alpha-test likely,HIGH
gGerudosFortressPointNameFRATex,UI_2D,dedicated UI texture group 'map_name_static',HIGH
gGerudosFortressPointNameGERTex,UI_2D,dedicated UI texture group 'map_name_static',HIGH
gGerudosFortressPointNameJPNTex,UI_2D,dedicated UI texture group 'map_name_static'; IA format (ia4) carries alpha -> transparency/alpha-test likely,HIGH
gGerudosFortressPositionNameENGTex,UI_2D,dedicated UI texture group 'map_name_static'; IA format (ia8) carries alpha -> transparency/alpha-test likely,HIGH
gGerudosFortressPositionNameFRATex,UI_2D,dedicated UI texture group 'map_name_static',HIGH
gGerudosFortressPositionNameGERTex,UI_2D,dedicated UI texture group 'map_name_static',HIGH
gGerudosFortressPositionNameJPNTex,UI_2D,dedicated UI texture group 'map_name_static'; IA format (ia8) carries alpha -> transparency/alpha-test likely,HIGH
gGoronCityPositionNameENGTex,UI_2D,dedicated UI texture group 'map_name_static'; IA format (ia8) carries alpha -> transparency/alpha-test likely,HIGH
gGoronCityPositionNameFRATex,UI_2D,dedicated UI texture group 'map_name_static',HIGH
gGoronCityPositionNameGERTex,UI_2D,dedicated UI texture group 'map_name_static',HIGH
gGoronCityPositionNameJPNTex,UI_2D,dedicated UI texture group 'map_name_static'; IA format (ia8) carries alpha -> transparency/alpha-test likely,HIGH
gGraveyardPositionNameENGTex,UI_2D,dedicated UI texture group 'map_name_static'; IA format (ia8) carries alpha -> transparency/alpha-test likely,HIGH
gGraveyardPositionNameFRATex,UI_2D,dedicated UI texture group 'map_name_static',HIGH
gGraveyardPositionNameGERTex,UI_2D,dedicated UI texture group 'map_name_static',HIGH
gGraveyardPositionNameJPNTex,UI_2D,dedicated UI texture group 'map_name_static'; IA format (ia8) carries alpha -> transparency/alpha-test likely,HIGH
gHauntedWastelandPointNameENGTex,UI_2D,dedicated UI texture group 'map_name_static'; IA format (ia4) carries alpha -> transparency/alpha-test likely,HIGH
gHauntedWastelandPointNameFRATex,UI_2D,dedicated UI texture group 'map_name_static',HIGH
gHauntedWastelandPointNameGERTex,UI_2D,dedicated UI texture group 'map_name_static',HIGH
gHauntedWastelandPointNameJPNTex,UI_2D,dedicated UI texture group 'map_name_static'; IA format (ia4) carries alpha -> transparency/alpha-test likely,HIGH
gHauntedWastelandPositionNameENGTex,UI_2D,dedicated UI texture group 'map_name_static'; IA format (ia8) carries alpha -> transparency/alpha-test likely,HIGH
gHauntedWastelandPositionNameFRATex,UI_2D,dedicated UI texture group 'map_name_static',HIGH
gHauntedWastelandPositionNameGERTex,UI_2D,dedicated UI texture group 'map_name_static',HIGH
gHauntedWastelandPositionNameJPNTex,UI_2D,dedicated UI texture group 'map_name_static'; IA format (ia8) carries alpha -> transparency/alpha-test likely,HIGH
gHyliaLakesidePointNameENGTex,UI_2D,dedicated UI texture group 'map_name_static'; IA format (ia4) carries alpha -> transparency/alpha-test likely,HIGH
gHyliaLakesidePointNameFRATex,UI_2D,dedicated UI texture group 'map_name_static',HIGH
gHyliaLakesidePointNameGERTex,UI_2D,dedicated UI texture group 'map_name_static',HIGH
gHyliaLakesidePointNameJPNTex,UI_2D,dedicated UI texture group 'map_name_static'; IA format (ia4) carries alpha -> transparency/alpha-test likely,HIGH
gHyruleCastlePositionNameENGTex,UI_2D,dedicated UI texture group 'map_name_static'; IA format (ia8) carries alpha -> transparency/alpha-test likely,HIGH
gHyruleCastlePositionNameFRATex,UI_2D,dedicated UI texture group 'map_name_static',HIGH
gHyruleCastlePositionNameGERTex,UI_2D,dedicated UI texture group 'map_name_static',HIGH
gHyruleCastlePositionNameJPNTex,UI_2D,dedicated UI texture group 'map_name_static'; IA format (ia8) carries alpha -> transparency/alpha-test likely,HIGH
gHyruleFieldPointNameENGTex,UI_2D,dedicated UI texture group 'map_name_static'; IA format (ia4) carries alpha -> transparency/alpha-test likely,HIGH
gHyruleFieldPointNameFRATex,UI_2D,dedicated UI texture group 'map_name_static',HIGH
gHyruleFieldPointNameGERTex,UI_2D,dedicated UI texture group 'map_name_static',HIGH
gHyruleFieldPointNameJPNTex,UI_2D,dedicated UI texture group 'map_name_static'; IA format (ia4) carries alpha -> transparency/alpha-test likely,HIGH
gHyruleFieldPositionNameENGTex,UI_2D,dedicated UI texture group 'map_name_static'; IA format (ia8) carries alpha -> transparency/alpha-test likely,HIGH
gHyruleFieldPositionNameFRATex,UI_2D,dedicated UI texture group 'map_name_static',HIGH
gHyruleFieldPositionNameGERTex,UI_2D,dedicated UI texture group 'map_name_static',HIGH
gHyruleFieldPositionNameJPNTex,UI_2D,dedicated UI texture group 'map_name_static'; IA format (ia8) carries alpha -> transparency/alpha-test likely,HIGH
gKakarikoVillagePointNameENGTex,UI_2D,dedicated UI texture group 'map_name_static'; IA format (ia4) carries alpha -> transparency/alpha-test likely,HIGH
gKakarikoVillagePointNameFRATex,UI_2D,dedicated UI texture group 'map_name_static',HIGH
gKakarikoVillagePointNameGERTex,UI_2D,dedicated UI texture group 'map_name_static',HIGH
gKakarikoVillagePointNameJPNTex,UI_2D,dedicated UI texture group 'map_name_static'; IA format (ia4) carries alpha -> transparency/alpha-test likely,HIGH
gKakarikoVillagePositionNameENGTex,UI_2D,dedicated UI texture group 'map_name_static'; IA format (ia8) carries alpha -> transparency/alpha-test likely,HIGH
gKakarikoVillagePositionNameFRATex,UI_2D,dedicated UI texture group 'map_name_static',HIGH
gKakarikoVillagePositionNameGERTex,UI_2D,dedicated UI texture group 'map_name_static',HIGH
gKakarikoVillagePositionNameJPNTex,UI_2D,dedicated UI texture group 'map_name_static'; IA format (ia8) carries alpha -> transparency/alpha-test likely,HIGH
gKokiriForestPointNameENGTex,UI_2D,dedicated UI texture group 'map_name_static'; IA format (ia4) carries alpha -> transparency/alpha-test likely,HIGH
gKokiriForestPointNameFRATex,UI_2D,dedicated UI texture group 'map_name_static',HIGH
gKokiriForestPointNameGERTex,UI_2D,dedicated UI texture group 'map_name_static',HIGH
gKokiriForestPointNameJPNTex,UI_2D,dedicated UI texture group 'map_name_static'; IA format (ia4) carries alpha -> transparency/alpha-test likely,HIGH
gKokiriForestPositionNameENGTex,UI_2D,dedicated UI texture group 'map_name_static'; IA format (ia8) carries alpha -> transparency/alpha-test likely,HIGH
gKokiriForestPositionNameFRATex,UI_2D,dedicated UI texture group 'map_name_static',HIGH
gKokiriForestPositionNameGERTex,UI_2D,dedicated UI texture group 'map_name_static',HIGH
gKokiriForestPositionNameJPNTex,UI_2D,dedicated UI texture group 'map_name_static'; IA format (ia8) carries alpha -> transparency/alpha-test likely,HIGH
gLakeHyliaPositionNameENGTex,UI_2D,dedicated UI texture group 'map_name_static'; IA format (ia8) carries alpha -> transparency/alpha-test likely,HIGH
gLakeHyliaPositionNameFRATex,UI_2D,dedicated UI texture group 'map_name_static',HIGH
gLakeHyliaPositionNameGERTex,UI_2D,dedicated UI texture group 'map_name_static',HIGH
gLakeHyliaPositionNameJPNTex,UI_2D,dedicated UI texture group 'map_name_static'; IA format (ia8) carries alpha -> transparency/alpha-test likely,HIGH
gLonLonRanchPointNameENGTex,UI_2D,dedicated UI texture group 'map_name_static'; IA format (ia4) carries alpha -> transparency/alpha-test likely,HIGH
gLonLonRanchPointNameFRATex,UI_2D,dedicated UI texture group 'map_name_static',HIGH
gLonLonRanchPointNameGERTex,UI_2D,dedicated UI texture group 'map_name_static',HIGH
gLonLonRanchPointNameJPNTex,UI_2D,dedicated UI texture group 'map_name_static'; IA format (ia4) carries alpha -> transparency/alpha-test likely,HIGH
gLonLonRanchPositionNameENGTex,UI_2D,dedicated UI texture group 'map_name_static'; IA format (ia8) carries alpha -> transparency/alpha-test likely,HIGH
gLonLonRanchPositionNameFRATex,UI_2D,dedicated UI texture group 'map_name_static',HIGH
gLonLonRanchPositionNameGERTex,UI_2D,dedicated UI texture group 'map_name_static',HIGH
gLonLonRanchPositionNameJPNTex,UI_2D,dedicated UI texture group 'map_name_static'; IA format (ia8) carries alpha -> transparency/alpha-test likely,HIGH
gLostWoodsPointNameENGTex,UI_2D,dedicated UI texture group 'map_name_static'; IA format (ia4) carries alpha -> transparency/alpha-test likely,HIGH
gLostWoodsPointNameFRATex,UI_2D,dedicated UI texture group 'map_name_static',HIGH
gLostWoodsPointNameGERTex,UI_2D,dedicated UI texture group 'map_name_static',HIGH
gLostWoodsPointNameJPNTex,UI_2D,dedicated UI texture group 'map_name_static'; IA format (ia4) carries alpha -> transparency/alpha-test likely,HIGH
gLostWoodsPositionNameENGTex,UI_2D,dedicated UI texture group 'map_name_static'; IA format (ia8) carries alpha -> transparency/alpha-test likely,HIGH
gLostWoodsPositionNameFRATex,UI_2D,dedicated UI texture group 'map_name_static',HIGH
gLostWoodsPositionNameGERTex,UI_2D,dedicated UI texture group 'map_name_static',HIGH
gLostWoodsPositionNameJPNTex,UI_2D,dedicated UI texture group 'map_name_static'; IA format (ia8) carries alpha -> transparency/alpha-test likely,HIGH
gMarketPointNameENGTex,UI_2D,dedicated UI texture group 'map_name_static'; IA format (ia4) carries alpha -> transparency/alpha-test likely,HIGH
gMarketPointNameFRATex,UI_2D,dedicated UI texture group 'map_name_static',HIGH
gMarketPointNameGERTex,UI_2D,dedicated UI texture group 'map_name_static',HIGH
gMarketPointNameJPNTex,UI_2D,dedicated UI texture group 'map_name_static'; IA format (ia4) carries alpha -> transparency/alpha-test likely,HIGH
gMarketPositionNameENGTex,UI_2D,dedicated UI texture group 'map_name_static'; IA format (ia8) carries alpha -> transparency/alpha-test likely,HIGH
gMarketPositionNameFRATex,UI_2D,dedicated UI texture group 'map_name_static',HIGH
gMarketPositionNameGERTex,UI_2D,dedicated UI texture group 'map_name_static',HIGH
gMarketPositionNameJPNTex,UI_2D,dedicated UI texture group 'map_name_static'; IA format (ia8) carries alpha -> transparency/alpha-test likely,HIGH
gQuestionMarkPositionNameENGTex,UI_2D,dedicated UI texture group 'map_name_static'; IA format (ia8) carries alpha -> transparency/alpha-test likely,HIGH
gQuestionMarkPositionNameFRATex,UI_2D,dedicated UI texture group 'map_name_static',HIGH
gQuestionMarkPositionNameGERTex,UI_2D,dedicated UI texture group 'map_name_static',HIGH
gQuestionMarkPositionNameJPNTex,UI_2D,dedicated UI texture group 'map_name_static'; IA format (ia8) carries alpha -> transparency/alpha-test likely,HIGH
gSacredForestMeadowPositionNameENGTex,UI_2D,dedicated UI texture group 'map_name_static'; IA format (ia8) carries alpha -> transparency/alpha-test likely,HIGH
gSacredForestMeadowPositionNameFRATex,UI_2D,dedicated UI texture group 'map_name_static',HIGH
gSacredForestMeadowPositionNameGERTex,UI_2D,dedicated UI texture group 'map_name_static',HIGH
gSacredForestMeadowPositionNameJPNTex,UI_2D,dedicated UI texture group 'map_name_static'; IA format (ia8) carries alpha -> transparency/alpha-test likely,HIGH
gZorasDomainPointNameENGTex,UI_2D,dedicated UI texture group 'map_name_static'; IA format (ia4) carries alpha -> transparency/alpha-test likely,HIGH
gZorasDomainPointNameFRATex,UI_2D,dedicated UI texture group 'map_name_static',HIGH
gZorasDomainPointNameGERTex,UI_2D,dedicated UI texture group 'map_name_static',HIGH
gZorasDomainPointNameJPNTex,UI_2D,dedicated UI texture group 'map_name_static'; IA format (ia4) carries alpha -> transparency/alpha-test likely,HIGH
gZorasDomainPositionNameENGTex,UI_2D,dedicated UI texture group 'map_name_static'; IA format (ia8) carries alpha -> transparency/alpha-test likely,HIGH
gZorasDomainPositionNameFRATex,UI_2D,dedicated UI texture group 'map_name_static',HIGH
gZorasDomainPositionNameGERTex,UI_2D,dedicated UI texture group 'map_name_static',HIGH
gZorasDomainPositionNameJPNTex,UI_2D,dedicated UI texture group 'map_name_static'; IA format (ia8) carries alpha -> transparency/alpha-test likely,HIGH
gZorasFountainPositionNameENGTex,UI_2D,dedicated UI texture group 'map_name_static'; IA format (ia8) carries alpha -> transparency/alpha-test likely,HIGH
gZorasFountainPositionNameFRATex,UI_2D,dedicated UI texture group 'map_name_static',HIGH
gZorasFountainPositionNameGERTex,UI_2D,dedicated UI texture group 'map_name_static',HIGH
gZorasFountainPositionNameJPNTex,UI_2D,dedicated UI texture group 'map_name_static'; IA format (ia8) carries alpha -> transparency/alpha-test likely,HIGH
gZorasRiverPositionNameENGTex,UI_2D,dedicated UI texture group 'map_name_static'; IA format (ia8) carries alpha -> transparency/alpha-test likely,HIGH
gZorasRiverPositionNameFRATex,UI_2D,dedicated UI texture group 'map_name_static',HIGH
gZorasRiverPositionNameGERTex,UI_2D,dedicated UI texture group 'map_name_static',HIGH
gZorasRiverPositionNameJPNTex,UI_2D,dedicated UI texture group 'map_name_static'; IA format (ia8) carries alpha -> transparency/alpha-test likely,HIGH
gDefaultMessageBackgroundTex,UI_2D,dedicated UI texture group 'message_static'; IA format (ia4) carries alpha -> transparency/alpha-test likely,HIGH
gFadingMessageBackgroundTex,UI_2D,dedicated UI texture group 'message_static',HIGH
gMessageArrowTex,UI_2D,dedicated UI texture group 'message_static',HIGH
gMessageContinueTriangleTex,UI_2D,dedicated UI texture group 'message_static',HIGH
gMessageEndSquareTex,UI_2D,dedicated UI texture group 'message_static',HIGH
gNoteStaffMessageBackgroundTex,UI_2D,dedicated UI texture group 'message_static'; IA format (ia4) carries alpha -> transparency/alpha-test likely,HIGH
gSignMessageBackgroundTex,UI_2D,dedicated UI texture group 'message_static'; IA format (ia4) carries alpha -> transparency/alpha-test likely,HIGH
gRedMessageXLeftTex,UI_2D,dedicated UI texture group 'message_texture_static',HIGH
gRedMessageXRightTex,UI_2D,dedicated UI texture group 'message_texture_static',HIGH
gMsgChar20SpaceTex,UI_2D,dedicated UI texture group 'nes_font_static',HIGH
gMsgChar21ExclamationMarkTex,UI_2D,dedicated UI texture group 'nes_font_static',HIGH
gMsgChar22QuotationMarkTex,UI_2D,dedicated UI texture group 'nes_font_static',HIGH
gMsgChar23NumberSignTex,UI_2D,dedicated UI texture group 'nes_font_static',HIGH
gMsgChar24DollarSignTex,UI_2D,dedicated UI texture group 'nes_font_static',HIGH
gMsgChar25PercentSignTex,UI_2D,dedicated UI texture group 'nes_font_static',HIGH
gMsgChar26AmpersandTex,UI_2D,dedicated UI texture group 'nes_font_static',HIGH
gMsgChar27ApostropheTex,UI_2D,dedicated UI texture group 'nes_font_static',HIGH
gMsgChar28LeftParenthesesTex,UI_2D,dedicated UI texture group 'nes_font_static',HIGH
gMsgChar29RightParenthesesTex,UI_2D,dedicated UI texture group 'nes_font_static',HIGH
gMsgChar2AAsteriskTex,UI_2D,dedicated UI texture group 'nes_font_static',HIGH
gMsgChar2BPlusSignTex,UI_2D,dedicated UI texture group 'nes_font_static',HIGH
gMsgChar2CCommaTex,UI_2D,dedicated UI texture group 'nes_font_static',HIGH
gMsgChar2DHyphenMinusTex,UI_2D,dedicated UI texture group 'nes_font_static',HIGH
gMsgChar2EFullStopTex,UI_2D,dedicated UI texture group 'nes_font_static',HIGH
gMsgChar2FSolidusTex,UI_2D,dedicated UI texture group 'nes_font_static',HIGH
gMsgChar30Digit0Tex,UI_2D,dedicated UI texture group 'nes_font_static',HIGH
gMsgChar31Digit1Tex,UI_2D,dedicated UI texture group 'nes_font_static',HIGH
gMsgChar32Digit2Tex,UI_2D,dedicated UI texture group 'nes_font_static',HIGH
gMsgChar33Digit3Tex,UI_2D,dedicated UI texture group 'nes_font_static',HIGH
gMsgChar34Digit4Tex,UI_2D,dedicated UI texture group 'nes_font_static',HIGH
gMsgChar35Digit5Tex,UI_2D,dedicated UI texture group 'nes_font_static',HIGH
gMsgChar36Digit6Tex,UI_2D,dedicated UI texture group 'nes_font_static',HIGH
gMsgChar37Digit7Tex,UI_2D,dedicated UI texture group 'nes_font_static',HIGH
gMsgChar38Digit8Tex,UI_2D,dedicated UI texture group 'nes_font_static',HIGH
gMsgChar39Digit9Tex,UI_2D,dedicated UI texture group 'nes_font_static',HIGH
gMsgChar3AColonTex,UI_2D,dedicated UI texture group 'nes_font_static',HIGH
gMsgChar3BSemicolonTex,UI_2D,dedicated UI texture group 'nes_font_static',HIGH
gMsgChar3CLessThanSignTex,UI_2D,dedicated UI texture group 'nes_font_static',HIGH
gMsgChar3DEqualsSignTex,UI_2D,dedicated UI texture group 'nes_font_static',HIGH
gMsgChar3EGreaterThanSignTex,UI_2D,dedicated UI texture group 'nes_font_static',HIGH
gMsgChar3FQuestionMarkTex,UI_2D,dedicated UI texture group 'nes_font_static',HIGH
gMsgChar40CommercialAtTex,UI_2D,dedicated UI texture group 'nes_font_static',HIGH
gMsgChar41LatinCapitalLetterATex,UI_2D,dedicated UI texture group 'nes_font_static',HIGH
gMsgChar42LatinCapitalLetterBTex,UI_2D,dedicated UI texture group 'nes_font_static',HIGH
gMsgChar43LatinCapitalLetterCTex,UI_2D,dedicated UI texture group 'nes_font_static',HIGH
gMsgChar44LatinCapitalLetterDTex,UI_2D,dedicated UI texture group 'nes_font_static',HIGH
gMsgChar45LatinCapitalLetterETex,UI_2D,dedicated UI texture group 'nes_font_static',HIGH
gMsgChar46LatinCapitalLetterFTex,UI_2D,dedicated UI texture group 'nes_font_static',HIGH
gMsgChar47LatinCapitalLetterGTex,UI_2D,dedicated UI texture group 'nes_font_static',HIGH
gMsgChar48LatinCapitalLetterHTex,UI_2D,dedicated UI texture group 'nes_font_static',HIGH
gMsgChar49LatinCapitalLetterITex,UI_2D,dedicated UI texture group 'nes_font_static',HIGH
gMsgChar4ALatinCapitalLetterJTex,UI_2D,dedicated UI texture group 'nes_font_static',HIGH
gMsgChar4BLatinCapitalLetterKTex,UI_2D,dedicated UI texture group 'nes_font_static',HIGH
gMsgChar4CLatinCapitalLetterLTex,UI_2D,dedicated UI texture group 'nes_font_static',HIGH
gMsgChar4DLatinCapitalLetterMTex,UI_2D,dedicated UI texture group 'nes_font_static',HIGH
gMsgChar4ELatinCapitalLetterNTex,UI_2D,dedicated UI texture group 'nes_font_static',HIGH
gMsgChar4FLatinCapitalLetterOTex,UI_2D,dedicated UI texture group 'nes_font_static',HIGH
gMsgChar50LatinCapitalLetterPTex,UI_2D,dedicated UI texture group 'nes_font_static',HIGH
gMsgChar51LatinCapitalLetterQTex,UI_2D,dedicated UI texture group 'nes_font_static',HIGH
gMsgChar52LatinCapitalLetterRTex,UI_2D,dedicated UI texture group 'nes_font_static',HIGH
gMsgChar53LatinCapitalLetterSTex,UI_2D,dedicated UI texture group 'nes_font_static',HIGH
gMsgChar54LatinCapitalLetterTTex,UI_2D,dedicated UI texture group 'nes_font_static',HIGH
gMsgChar55LatinCapitalLetterUTex,UI_2D,dedicated UI texture group 'nes_font_static',HIGH
gMsgChar56LatinCapitalLetterVTex,UI_2D,dedicated UI texture group 'nes_font_static',HIGH
gMsgChar57LatinCapitalLetterWTex,UI_2D,dedicated UI texture group 'nes_font_static',HIGH
gMsgChar58LatinCapitalLetterXTex,UI_2D,dedicated UI texture group 'nes_font_static',HIGH
gMsgChar59LatinCapitalLetterYTex,UI_2D,dedicated UI texture group 'nes_font_static',HIGH
gMsgChar5ALatinCapitalLetterZTex,UI_2D,dedicated UI texture group 'nes_font_static',HIGH
gMsgChar5BLeftSquareBracketTex,UI_2D,dedicated UI texture group 'nes_font_static',HIGH
gMsgChar5CYenSignTex,UI_2D,dedicated UI texture group 'nes_font_static',HIGH
gMsgChar5DRightSquareBracketTex,UI_2D,dedicated UI texture group 'nes_font_static',HIGH
gMsgChar5ECircumflexAccentTex,UI_2D,dedicated UI texture group 'nes_font_static',HIGH
gMsgChar5FLowLineTex,UI_2D,dedicated UI texture group 'nes_font_static',HIGH
gMsgChar60GraveAccentTex,UI_2D,dedicated UI texture group 'nes_font_static',HIGH
gMsgChar61LatinSmallLetterATex,UI_2D,dedicated UI texture group 'nes_font_static',HIGH
gMsgChar62LatinSmallLetterBTex,UI_2D,dedicated UI texture group 'nes_font_static',HIGH
gMsgChar63LatinSmallLetterCTex,UI_2D,dedicated UI texture group 'nes_font_static',HIGH
gMsgChar64LatinSmallLetterDTex,UI_2D,dedicated UI texture group 'nes_font_static',HIGH
gMsgChar65LatinSmallLetterETex,UI_2D,dedicated UI texture group 'nes_font_static',HIGH
gMsgChar66LatinSmallLetterFTex,UI_2D,dedicated UI texture group 'nes_font_static',HIGH
gMsgChar67LatinSmallLetterGTex,UI_2D,dedicated UI texture group 'nes_font_static',HIGH
gMsgChar68LatinSmallLetterHTex,UI_2D,dedicated UI texture group 'nes_font_static',HIGH
gMsgChar69LatinSmallLetterITex,UI_2D,dedicated UI texture group 'nes_font_static',HIGH
gMsgChar6ALatinSmallLetterJTex,UI_2D,dedicated UI texture group 'nes_font_static',HIGH
gMsgChar6BLatinSmallLetterKTex,UI_2D,dedicated UI texture group 'nes_font_static',HIGH
gMsgChar6CLatinSmallLetterLTex,UI_2D,dedicated UI texture group 'nes_font_static',HIGH
gMsgChar6DLatinSmallLetterMTex,UI_2D,dedicated UI texture group 'nes_font_static',HIGH
gMsgChar6ELatinSmallLetterNTex,UI_2D,dedicated UI texture group 'nes_font_static',HIGH
gMsgChar6FLatinSmallLetterOTex,UI_2D,dedicated UI texture group 'nes_font_static',HIGH
gMsgChar70LatinSmallLetterPTex,UI_2D,dedicated UI texture group 'nes_font_static',HIGH
gMsgChar71LatinSmallLetterQTex,UI_2D,dedicated UI texture group 'nes_font_static',HIGH
gMsgChar72LatinSmallLetterRTex,UI_2D,dedicated UI texture group 'nes_font_static',HIGH
gMsgChar73LatinSmallLetterSTex,UI_2D,dedicated UI texture group 'nes_font_static',HIGH
gMsgChar74LatinSmallLetterTTex,UI_2D,dedicated UI texture group 'nes_font_static',HIGH
gMsgChar75LatinSmallLetterUTex,UI_2D,dedicated UI texture group 'nes_font_static',HIGH
gMsgChar76LatinSmallLetterVTex,UI_2D,dedicated UI texture group 'nes_font_static',HIGH
gMsgChar77LatinSmallLetterWTex,UI_2D,dedicated UI texture group 'nes_font_static',HIGH
gMsgChar78LatinSmallLetterXTex,UI_2D,dedicated UI texture group 'nes_font_static',HIGH
gMsgChar79LatinSmallLetterYTex,UI_2D,dedicated UI texture group 'nes_font_static',HIGH
gMsgChar7ALatinSmallLetterZTex,UI_2D,dedicated UI texture group 'nes_font_static',HIGH
gMsgChar7BLeftCurlyBracketTex,UI_2D,dedicated UI texture group 'nes_font_static',HIGH
gMsgChar7CVerticalLineTex,UI_2D,dedicated UI texture group 'nes_font_static',HIGH
gMsgChar7DRightCurlyBracketTex,UI_2D,dedicated UI texture group 'nes_font_static',HIGH
gMsgChar7ETildeTex,UI_2D,dedicated UI texture group 'nes_font_static',HIGH
gMsgChar7FBlankTex,UI_2D,dedicated UI texture group 'nes_font_static',HIGH
gMsgChar80LatinCapitalLetterAWithGraveTex,UI_2D,dedicated UI texture group 'nes_font_static',HIGH
gMsgChar81LatinCapitalLetterIWithCircumflexTex,UI_2D,dedicated UI texture group 'nes_font_static',HIGH
gMsgChar82LatinCapitalLetterAWithCircumflexTex,UI_2D,dedicated UI texture group 'nes_font_static',HIGH
gMsgChar83LatinCapitalLetterAWithDiaeresisTex,UI_2D,dedicated UI texture group 'nes_font_static',HIGH
gMsgChar84LatinCapitalLetterCWithCedillaTex,UI_2D,dedicated UI texture group 'nes_font_static',HIGH
gMsgChar85LatinCapitalLetterEWithGraveTex,UI_2D,dedicated UI texture group 'nes_font_static',HIGH
gMsgChar86LatinCapitalLetterEWithAcuteTex,UI_2D,dedicated UI texture group 'nes_font_static',HIGH
gMsgChar87LatinCapitalLetterEWithCircumflexTex,UI_2D,dedicated UI texture group 'nes_font_static',HIGH
gMsgChar88LatinCapitalLetterEWithDiaeresisTex,UI_2D,dedicated UI texture group 'nes_font_static',HIGH
gMsgChar89LatinCapitalLetterIWithDiaeresisTex,UI_2D,dedicated UI texture group 'nes_font_static',HIGH
gMsgChar8ALatinCapitalLetterOWithCircumflexTex,UI_2D,dedicated UI texture group 'nes_font_static',HIGH
gMsgChar8BLatinCapitalLetterOWithDiaeresisTex,UI_2D,dedicated UI texture group 'nes_font_static',HIGH
gMsgChar8CLatinCapitalLetterUWithGraveTex,UI_2D,dedicated UI texture group 'nes_font_static',HIGH
gMsgChar8DLatinCapitalLetterUWithCircumflexTex,UI_2D,dedicated UI texture group 'nes_font_static',HIGH
gMsgChar8ELatinCapitalLetterUWithDiaeresisTex,UI_2D,dedicated UI texture group 'nes_font_static',HIGH
gMsgChar8FLatinSmallLetterSharpSTex,UI_2D,dedicated UI texture group 'nes_font_static',HIGH
gMsgChar90LatinSmallLetterAWithGraveTex,UI_2D,dedicated UI texture group 'nes_font_static',HIGH
gMsgChar91LatinSmallLetterAWithAcuteTex,UI_2D,dedicated UI texture group 'nes_font_static',HIGH
gMsgChar92LatinSmallLetterAWithCircumflexTex,UI_2D,dedicated UI texture group 'nes_font_static',HIGH
gMsgChar93LatinSmallLetterAWithDiaeresisTex,UI_2D,dedicated UI texture group 'nes_font_static',HIGH
gMsgChar94LatinSmallLetterCWithCedillaTex,UI_2D,dedicated UI texture group 'nes_font_static',HIGH
gMsgChar95LatinSmallLetterEWithGraveTex,UI_2D,dedicated UI texture group 'nes_font_static',HIGH
gMsgChar96LatinSmallLetterEWithAcuteTex,UI_2D,dedicated UI texture group 'nes_font_static',HIGH
gMsgChar97LatinSmallLetterEWithCircumflexTex,UI_2D,dedicated UI texture group 'nes_font_static',HIGH
gMsgChar98LatinSmallLetterEWithDiaeresisTex,UI_2D,dedicated UI texture group 'nes_font_static',HIGH
gMsgChar99LatinSmallLetterIWithDiaeresisTex,UI_2D,dedicated UI texture group 'nes_font_static',HIGH
gMsgChar9ALatinSmallLetterOWithCircumflexTex,UI_2D,dedicated UI texture group 'nes_font_static',HIGH
gMsgChar9BLatinSmallLetterOWithDiaeresisTex,UI_2D,dedicated UI texture group 'nes_font_static',HIGH
gMsgChar9CLatinSmallLetterUWithGraveTex,UI_2D,dedicated UI texture group 'nes_font_static',HIGH
gMsgChar9DLatinSmallLetterUWithCircumflexTex,UI_2D,dedicated UI texture group 'nes_font_static',HIGH
gMsgChar9ELatinSmallLetterUWithDiaeresisTex,UI_2D,dedicated UI texture group 'nes_font_static',HIGH
gMsgChar9FButtonATex,UI_2D,dedicated UI texture group 'nes_font_static',HIGH
gMsgCharA0ButtonBTex,UI_2D,dedicated UI texture group 'nes_font_static',HIGH
gMsgCharA1ButtonCTex,UI_2D,dedicated UI texture group 'nes_font_static',HIGH
gMsgCharA2ButtonLTex,UI_2D,dedicated UI texture group 'nes_font_static',HIGH
gMsgCharA3ButtonRTex,UI_2D,dedicated UI texture group 'nes_font_static',HIGH
gMsgCharA4ButtonZTex,UI_2D,dedicated UI texture group 'nes_font_static',HIGH
gMsgCharA5ButtonCUpTex,UI_2D,dedicated UI texture group 'nes_font_static',HIGH
gMsgCharA6ButtonCDownTex,UI_2D,dedicated UI texture group 'nes_font_static',HIGH
gMsgCharA7ButtonCLeftTex,UI_2D,dedicated UI texture group 'nes_font_static',HIGH
gMsgCharA8ButtonCRightTex,UI_2D,dedicated UI texture group 'nes_font_static',HIGH
gMsgCharA9ZTargetSignTex,UI_2D,dedicated UI texture group 'nes_font_static',HIGH
gMsgCharAAControlStickTex,UI_2D,dedicated UI texture group 'nes_font_static',HIGH
gMsgCharABControlPadTex,UI_2D,dedicated UI texture group 'nes_font_static',HIGH
nintendo_rogo_staticTex_0029C0,UI_2D,dedicated UI texture group 'nintendo_rogo_static',HIGH
nintendo_rogo_static_Tex_000000,UI_2D,dedicated UI texture group 'nintendo_rogo_static',HIGH
nintendo_rogo_static_Tex_001800,UI_2D,dedicated UI texture group 'nintendo_rogo_static',HIGH
gBarinadeTitleCardENGTex,UI_2D,dedicated UI texture group 'boss_title_cards',HIGH
gBarinadeTitleCardFRATex,UI_2D,dedicated UI texture group 'boss_title_cards',HIGH
gBarinadeTitleCardGERTex,UI_2D,dedicated UI texture group 'boss_title_cards',HIGH
gBarinadeTitleCardJPNTex,UI_2D,dedicated UI texture group 'boss_title_cards',HIGH
gVolvagiaBossTitleCardENGTex,UI_2D,dedicated UI texture group 'boss_title_cards',HIGH
gVolvagiaBossTitleCardFRATex,UI_2D,dedicated UI texture group 'boss_title_cards',HIGH
gVolvagiaBossTitleCardGERTex,UI_2D,dedicated UI texture group 'boss_title_cards',HIGH
gVolvagiaBossTitleCardJPNTex,UI_2D,dedicated UI texture group 'boss_title_cards',HIGH
gPhantomGanonTitleCardENGTex,UI_2D,dedicated UI texture group 'boss_title_cards',HIGH
gPhantomGanonTitleCardFRATex,UI_2D,dedicated UI texture group 'boss_title_cards',HIGH
gPhantomGanonTitleCardGERTex,UI_2D,dedicated UI texture group 'boss_title_cards',HIGH
gPhantomGanonTitleCardJPNTex,UI_2D,dedicated UI texture group 'boss_title_cards',HIGH
gGanondorfTitleCardENGTex,UI_2D,dedicated UI texture group 'boss_title_cards',HIGH
gGanondorfTitleCardFRATex,UI_2D,dedicated UI texture group 'boss_title_cards',HIGH
gGanondorfTitleCardGERTex,UI_2D,dedicated UI texture group 'boss_title_cards',HIGH
gGanondorfTitleCardJPNTex,UI_2D,dedicated UI texture group 'boss_title_cards',HIGH
gGanonTitleCardENGTex,UI_2D,dedicated UI texture group 'boss_title_cards',HIGH
gGanonTitleCardFRATex,UI_2D,dedicated UI texture group 'boss_title_cards',HIGH
gGanonTitleCardGERTex,UI_2D,dedicated UI texture group 'boss_title_cards',HIGH
gGanonTitleCardJPNTex,UI_2D,dedicated UI texture group 'boss_title_cards',HIGH
gGohmaTitleCardENGTex,UI_2D,dedicated UI texture group 'boss_title_cards',HIGH
gGohmaTitleCardFRATex,UI_2D,dedicated UI texture group 'boss_title_cards',HIGH
gGohmaTitleCardGERTex,UI_2D,dedicated UI texture group 'boss_title_cards',HIGH
gGohmaTitleCardJPNTex,UI_2D,dedicated UI texture group 'boss_title_cards',HIGH
gKingDodongoTitleCardENGTex,UI_2D,dedicated UI texture group 'boss_title_cards',HIGH
gKingDodongoTitleCardFRATex,UI_2D,dedicated UI texture group 'boss_title_cards',HIGH
gKingDodongoTitleCardGERTex,UI_2D,dedicated UI texture group 'boss_title_cards',HIGH
gKingDodongoTitleCardJPNTex,UI_2D,dedicated UI texture group 'boss_title_cards',HIGH
gMorphaTitleCardENGTex,UI_2D,dedicated UI texture group 'boss_title_cards',HIGH
gMorphaTitleCardFRATex,UI_2D,dedicated UI texture group 'boss_title_cards',HIGH
gMorphaTitleCardGERTex,UI_2D,dedicated UI texture group 'boss_title_cards',HIGH
gMorphaTitleCardJPNTex,UI_2D,dedicated UI texture group 'boss_title_cards',HIGH
gBongoTitleCardENGTex,UI_2D,dedicated UI texture group 'boss_title_cards',HIGH
gBongoTitleCardFRATex,UI_2D,dedicated UI texture group 'boss_title_cards',HIGH
gBongoTitleCardGERTex,UI_2D,dedicated UI texture group 'boss_title_cards',HIGH
gBongoTitleCardJPNTex,UI_2D,dedicated UI texture group 'boss_title_cards',HIGH
gTwinrovaTitleCardENGTex,UI_2D,dedicated UI texture group 'boss_title_cards',HIGH
gTwinrovaTitleCardFRATex,UI_2D,dedicated UI texture group 'boss_title_cards',HIGH
gTwinrovaTitleCardGERTex,UI_2D,dedicated UI texture group 'boss_title_cards',HIGH
gTwinrovaTitleCardJPNTex,UI_2D,dedicated UI texture group 'boss_title_cards',HIGH
gAmmoDigit0Tex,UI_2D,dedicated UI texture group 'parameter_static'; IA format (ia8) carries alpha -> transparency/alpha-test likely,HIGH
gAmmoDigit1Tex,UI_2D,dedicated UI texture group 'parameter_static'; IA format (ia8) carries alpha -> transparency/alpha-test likely,HIGH
gAmmoDigit2Tex,UI_2D,dedicated UI texture group 'parameter_static'; IA format (ia8) carries alpha -> transparency/alpha-test likely,HIGH
gAmmoDigit3Tex,UI_2D,dedicated UI texture group 'parameter_static'; IA format (ia8) carries alpha -> transparency/alpha-test likely,HIGH
gAmmoDigit4Tex,UI_2D,dedicated UI texture group 'parameter_static'; IA format (ia8) carries alpha -> transparency/alpha-test likely,HIGH
gAmmoDigit5Tex,UI_2D,dedicated UI texture group 'parameter_static'; IA format (ia8) carries alpha -> transparency/alpha-test likely,HIGH
gAmmoDigit6Tex,UI_2D,dedicated UI texture group 'parameter_static'; IA format (ia8) carries alpha -> transparency/alpha-test likely,HIGH
gAmmoDigit7Tex,UI_2D,dedicated UI texture group 'parameter_static'; IA format (ia8) carries alpha -> transparency/alpha-test likely,HIGH
gAmmoDigit8Tex,UI_2D,dedicated UI texture group 'parameter_static'; IA format (ia8) carries alpha -> transparency/alpha-test likely,HIGH
gAmmoDigit9Tex,UI_2D,dedicated UI texture group 'parameter_static'; IA format (ia8) carries alpha -> transparency/alpha-test likely,HIGH
gArcheryScoreIconTex,UI_2D,dedicated UI texture group 'parameter_static',HIGH
gButtonBackgroundTex,UI_2D,dedicated UI texture group 'parameter_static'; IA format (ia8) carries alpha -> transparency/alpha-test likely,HIGH
gCarrotIconTex,UI_2D,dedicated UI texture group 'parameter_static',HIGH
gClockIconTex,UI_2D,dedicated UI texture group 'parameter_static'; IA format (ia8) carries alpha -> transparency/alpha-test likely,HIGH
gCounterColonTex,UI_2D,dedicated UI texture group 'parameter_static',HIGH
gCounterDigit0Tex,UI_2D,dedicated UI texture group 'parameter_static',HIGH
gCounterDigit1Tex,UI_2D,dedicated UI texture group 'parameter_static',HIGH
gCounterDigit2Tex,UI_2D,dedicated UI texture group 'parameter_static',HIGH
gCounterDigit3Tex,UI_2D,dedicated UI texture group 'parameter_static',HIGH
gCounterDigit4Tex,UI_2D,dedicated UI texture group 'parameter_static',HIGH
gCounterDigit5Tex,UI_2D,dedicated UI texture group 'parameter_static',HIGH
gCounterDigit6Tex,UI_2D,dedicated UI texture group 'parameter_static',HIGH
gCounterDigit7Tex,UI_2D,dedicated UI texture group 'parameter_static',HIGH
gCounterDigit8Tex,UI_2D,dedicated UI texture group 'parameter_static',HIGH
gCounterDigit9Tex,UI_2D,dedicated UI texture group 'parameter_static',HIGH
gDefenseHeartEmptyTex,UI_2D,dedicated UI texture group 'parameter_static'; IA format (ia8) carries alpha -> transparency/alpha-test likely,HIGH
gDefenseHeartFullTex,UI_2D,dedicated UI texture group 'parameter_static'; IA format (ia8) carries alpha -> transparency/alpha-test likely,HIGH
gDefenseHeartHalfTex,UI_2D,dedicated UI texture group 'parameter_static'; IA format (ia8) carries alpha -> transparency/alpha-test likely,HIGH
gDefenseHeartQuarterTex,UI_2D,dedicated UI texture group 'parameter_static'; IA format (ia8) carries alpha -> transparency/alpha-test likely,HIGH
gDefenseHeartThreeQuarterTex,UI_2D,dedicated UI texture group 'parameter_static'; IA format (ia8) carries alpha -> transparency/alpha-test likely,HIGH
gEmptyCDownArrowTex,UI_2D,dedicated UI texture group 'parameter_static'; IA format (ia8) carries alpha -> transparency/alpha-test likely,HIGH
gEmptyCLeftArrowTex,UI_2D,dedicated UI texture group 'parameter_static'; IA format (ia8) carries alpha -> transparency/alpha-test likely,HIGH
gEmptyCRightArrowTex,UI_2D,dedicated UI texture group 'parameter_static'; IA format (ia8) carries alpha -> transparency/alpha-test likely,HIGH
gEquippedItemOutlineTex,UI_2D,dedicated UI texture group 'parameter_static'; IA format (ia8) carries alpha -> transparency/alpha-test likely,HIGH
gHeartEmptyTex,UI_2D,dedicated UI texture group 'parameter_static'; IA format (ia8) carries alpha -> transparency/alpha-test likely,HIGH
gHeartFullTex,UI_2D,dedicated UI texture group 'parameter_static'; IA format (ia8) carries alpha -> transparency/alpha-test likely,HIGH
gHeartHalfTex,UI_2D,dedicated UI texture group 'parameter_static'; IA format (ia8) carries alpha -> transparency/alpha-test likely,HIGH
gHeartQuarterTex,UI_2D,dedicated UI texture group 'parameter_static'; IA format (ia8) carries alpha -> transparency/alpha-test likely,HIGH
gHeartThreeQuarterTex,UI_2D,dedicated UI texture group 'parameter_static'; IA format (ia8) carries alpha -> transparency/alpha-test likely,HIGH
gMagicMeterEndTex,UI_2D,dedicated UI texture group 'parameter_static'; IA format (ia8) carries alpha -> transparency/alpha-test likely,HIGH
gMagicMeterFillTex,UI_2D,dedicated UI texture group 'parameter_static'; IA format (ia8) carries alpha -> transparency/alpha-test likely,HIGH
gMagicMeterMidTex,UI_2D,dedicated UI texture group 'parameter_static'; IA format (ia8) carries alpha -> transparency/alpha-test likely,HIGH
gMapBossIconTex,UI_2D,dedicated UI texture group 'parameter_static'; IA format (ia8) carries alpha -> transparency/alpha-test likely,HIGH
gMapChestIconTex,UI_2D,dedicated UI texture group 'parameter_static',HIGH
gMapDungeonEntranceIconTex,UI_2D,dedicated UI texture group 'parameter_static',HIGH
gNaviCUpENGTex,UI_2D,dedicated UI texture group 'parameter_static'; IA format (ia4) carries alpha -> transparency/alpha-test likely; fairy/Navi effect keyword,HIGH
gNaviCUpJPTex,UI_2D,dedicated UI texture group 'parameter_static'; IA format (ia4) carries alpha -> transparency/alpha-test likely; fairy/Navi effect keyword,HIGH
gOcarinaBtnIconATex,UI_2D,dedicated UI texture group 'parameter_static'; IA format (ia8) carries alpha -> transparency/alpha-test likely,HIGH
gOcarinaBtnIconCDownTex,UI_2D,dedicated UI texture group 'parameter_static'; IA format (ia8) carries alpha -> transparency/alpha-test likely,HIGH
gOcarinaBtnIconCLeftTex,UI_2D,dedicated UI texture group 'parameter_static'; IA format (ia8) carries alpha -> transparency/alpha-test likely,HIGH
gOcarinaBtnIconCRightTex,UI_2D,dedicated UI texture group 'parameter_static'; IA format (ia8) carries alpha -> transparency/alpha-test likely,HIGH
gOcarinaBtnIconCUpTex,UI_2D,dedicated UI texture group 'parameter_static'; IA format (ia8) carries alpha -> transparency/alpha-test likely,HIGH
gOcarinaTrebleClefTex,UI_2D,dedicated UI texture group 'parameter_static',HIGH
gRupeeCounterIconTex,UI_2D,dedicated UI texture group 'parameter_static'; IA format (ia8) carries alpha -> transparency/alpha-test likely,HIGH
gSmallKeyCounterIconTex,UI_2D,dedicated UI texture group 'parameter_static'; IA format (ia8) carries alpha -> transparency/alpha-test likely,HIGH
gUnusedAmmoDigitHalfTex,UI_2D,dedicated UI texture group 'parameter_static'; IA format (ia8) carries alpha -> transparency/alpha-test likely,HIGH
gFileSelAreYouSure2ENGTex,UI_2D,dedicated UI texture group 'title_static'; IA format (ia8) carries alpha -> transparency/alpha-test likely,HIGH
gFileSelAreYouSure2FRATex,UI_2D,dedicated UI texture group 'title_static',HIGH
gFileSelAreYouSure2GERTex,UI_2D,dedicated UI texture group 'title_static',HIGH
gFileSelAreYouSure2JPNTex,UI_2D,dedicated UI texture group 'title_static'; IA format (ia8) carries alpha -> transparency/alpha-test likely,HIGH
gFileSelAreYouSureENGTex,UI_2D,dedicated UI texture group 'title_static'; IA format (ia8) carries alpha -> transparency/alpha-test likely,HIGH
gFileSelAreYouSureFRATex,UI_2D,dedicated UI texture group 'title_static',HIGH
gFileSelAreYouSureGERTex,UI_2D,dedicated UI texture group 'title_static',HIGH
gFileSelAreYouSureJPNTex,UI_2D,dedicated UI texture group 'title_static'; IA format (ia8) carries alpha -> transparency/alpha-test likely,HIGH
gFileSelBackspaceButtonTex,UI_2D,dedicated UI texture group 'title_static'; IA format (ia16) carries alpha -> transparency/alpha-test likely,HIGH
gFileSelBigButtonHighlightTex,UI_2D,dedicated UI texture group 'title_static',HIGH
gFileSelBrightnessCheckTex,UI_2D,dedicated UI texture group 'title_static'; IA format (ia4) carries alpha -> transparency/alpha-test likely,HIGH
gFileSelCharHighlightTex,UI_2D,dedicated UI texture group 'title_static',HIGH
gFileSelCheckBrightnessENGNTSCTex,UI_2D,dedicated UI texture group 'title_static'; IA format (ia8) carries alpha -> transparency/alpha-test likely,HIGH
gFileSelCheckBrightnessENGTex,UI_2D,dedicated UI texture group 'title_static',HIGH
gFileSelCheckBrightnessFRATex,UI_2D,dedicated UI texture group 'title_static',HIGH
gFileSelCheckBrightnessGERTex,UI_2D,dedicated UI texture group 'title_static',HIGH
gFileSelCheckBrightnessJPNTex,UI_2D,dedicated UI texture group 'title_static'; IA format (ia8) carries alpha -> transparency/alpha-test likely,HIGH
gFileSelConnectorTex,UI_2D,dedicated UI texture group 'title_static'; IA format (ia8) carries alpha -> transparency/alpha-test likely,HIGH
gFileSelControlsENGTex,UI_2D,dedicated UI texture group 'title_static'; IA format (ia8) carries alpha -> transparency/alpha-test likely,HIGH
gFileSelControlsFRATex,UI_2D,dedicated UI texture group 'title_static',HIGH
gFileSelControlsGERTex,UI_2D,dedicated UI texture group 'title_static',HIGH
gFileSelControlsJPNTex,UI_2D,dedicated UI texture group 'title_static'; IA format (ia8) carries alpha -> transparency/alpha-test likely,HIGH
gFileSelCopyButtonENGTex,UI_2D,dedicated UI texture group 'title_static'; IA format (ia16) carries alpha -> transparency/alpha-test likely,HIGH
gFileSelCopyButtonFRATex,UI_2D,dedicated UI texture group 'title_static',HIGH
gFileSelCopyButtonGERTex,UI_2D,dedicated UI texture group 'title_static',HIGH
gFileSelCopyButtonJPNTex,UI_2D,dedicated UI texture group 'title_static'; IA format (ia16) carries alpha -> transparency/alpha-test likely,HIGH
gFileSelCopyToWhichFileENGTex,UI_2D,dedicated UI texture group 'title_static'; IA format (ia8) carries alpha -> transparency/alpha-test likely,HIGH
gFileSelCopyToWhichFileFRATex,UI_2D,dedicated UI texture group 'title_static',HIGH
gFileSelCopyToWhichFileGERTex,UI_2D,dedicated UI texture group 'title_static',HIGH
gFileSelCopyToWhichFileJPNTex,UI_2D,dedicated UI texture group 'title_static'; IA format (ia8) carries alpha -> transparency/alpha-test likely,HIGH
gFileSelCopyWhichFileENGTex,UI_2D,dedicated UI texture group 'title_static'; IA format (ia8) carries alpha -> transparency/alpha-test likely,HIGH
gFileSelCopyWhichFileFRATex,UI_2D,dedicated UI texture group 'title_static',HIGH
gFileSelDISKButtonTex,UI_2D,dedicated UI texture group 'title_static'; IA format (ia16) carries alpha -> transparency/alpha-test likely,HIGH
gFileSelENDButtonENGTex,UI_2D,dedicated UI texture group 'title_static'; IA format (ia16) carries alpha -> transparency/alpha-test likely,HIGH
gFileSelENDButtonFRATex,UI_2D,dedicated UI texture group 'title_static',HIGH
gFileSelENDButtonGERTex,UI_2D,dedicated UI texture group 'title_static',HIGH
gFileSelEraseButtonENGTex,UI_2D,dedicated UI texture group 'title_static'; IA format (ia16) carries alpha -> transparency/alpha-test likely,HIGH
gFileSelEraseButtonFRATex,UI_2D,dedicated UI texture group 'title_static',HIGH
gFileSelEraseButtonGERTex,UI_2D,dedicated UI texture group 'title_static',HIGH
gFileSelEraseButtonJPNTex,UI_2D,dedicated UI texture group 'title_static'; IA format (ia16) carries alpha -> transparency/alpha-test likely,HIGH
gFileSelEraseWhichFileENGTex,UI_2D,dedicated UI texture group 'title_static'; IA format (ia8) carries alpha -> transparency/alpha-test likely,HIGH
gFileSelEraseWhichFileFRATex,UI_2D,dedicated UI texture group 'title_static',HIGH
gFileSelEraseWhichFileJPNTex,UI_2D,dedicated UI texture group 'title_static'; IA format (ia8) carries alpha -> transparency/alpha-test likely,HIGH
gFileSelFile1ButtonENGTex,UI_2D,dedicated UI texture group 'title_static'; IA format (ia16) carries alpha -> transparency/alpha-test likely,HIGH
gFileSelFile1ButtonFRATex,UI_2D,dedicated UI texture group 'title_static',HIGH
gFileSelFile1ButtonGERTex,UI_2D,dedicated UI texture group 'title_static',HIGH
gFileSelFile1ButtonJPNTex,UI_2D,dedicated UI texture group 'title_static'; IA format (ia16) carries alpha -> transparency/alpha-test likely,HIGH
gFileSelFile2ButtonENGTex,UI_2D,dedicated UI texture group 'title_static'; IA format (ia16) carries alpha -> transparency/alpha-test likely,HIGH
gFileSelFile2ButtonFRATex,UI_2D,dedicated UI texture group 'title_static',HIGH
gFileSelFile2ButtonGERTex,UI_2D,dedicated UI texture group 'title_static',HIGH
gFileSelFile2ButtonJPNTex,UI_2D,dedicated UI texture group 'title_static'; IA format (ia16) carries alpha -> transparency/alpha-test likely,HIGH
gFileSelFile3ButtonENGTex,UI_2D,dedicated UI texture group 'title_static'; IA format (ia16) carries alpha -> transparency/alpha-test likely,HIGH
gFileSelFile3ButtonFRATex,UI_2D,dedicated UI texture group 'title_static',HIGH
gFileSelFile3ButtonGERTex,UI_2D,dedicated UI texture group 'title_static',HIGH
gFileSelFile3ButtonJPNTex,UI_2D,dedicated UI texture group 'title_static'; IA format (ia16) carries alpha -> transparency/alpha-test likely,HIGH
gFileSelFileCopiedENGTex,UI_2D,dedicated UI texture group 'title_static'; IA format (ia8) carries alpha -> transparency/alpha-test likely,HIGH
gFileSelFileCopiedFRATex,UI_2D,dedicated UI texture group 'title_static',HIGH
gFileSelFileCopiedGERTex,UI_2D,dedicated UI texture group 'title_static',HIGH
gFileSelFileCopiedJPNTex,UI_2D,dedicated UI texture group 'title_static'; IA format (ia8) carries alpha -> transparency/alpha-test likely,HIGH
gFileSelFileEmptyENGTex,UI_2D,dedicated UI texture group 'title_static'; IA format (ia8) carries alpha -> transparency/alpha-test likely,HIGH
gFileSelFileEmptyFRATex,UI_2D,dedicated UI texture group 'title_static',HIGH
gFileSelFileEmptyGERTex,UI_2D,dedicated UI texture group 'title_static',HIGH
gFileSelFileEmptyJPNTex,UI_2D,dedicated UI texture group 'title_static'; IA format (ia8) carries alpha -> transparency/alpha-test likely,HIGH
gFileSelFileErasedENGTex,UI_2D,dedicated UI texture group 'title_static'; IA format (ia8) carries alpha -> transparency/alpha-test likely,HIGH
gFileSelFileErasedFRATex,UI_2D,dedicated UI texture group 'title_static',HIGH
gFileSelFileErasedGERTex,UI_2D,dedicated UI texture group 'title_static',HIGH
gFileSelFileErasedJPNTex,UI_2D,dedicated UI texture group 'title_static'; IA format (ia8) carries alpha -> transparency/alpha-test likely,HIGH
gFileSelFileInUseENGTex,UI_2D,dedicated UI texture group 'title_static'; IA format (ia8) carries alpha -> transparency/alpha-test likely,HIGH
gFileSelFileInUseFRATex,UI_2D,dedicated UI texture group 'title_static',HIGH
gFileSelFileInUseGERTex,UI_2D,dedicated UI texture group 'title_static',HIGH
gFileSelFileInUseJPNTex,UI_2D,dedicated UI texture group 'title_static'; IA format (ia8) carries alpha -> transparency/alpha-test likely,HIGH
gFileSelFileInfoBox1Tex,UI_2D,dedicated UI texture group 'title_static'; IA format (ia16) carries alpha -> transparency/alpha-test likely,HIGH
gFileSelFileInfoBox2Tex,UI_2D,dedicated UI texture group 'title_static'; IA format (ia16) carries alpha -> transparency/alpha-test likely,HIGH
gFileSelFileInfoBox3Tex,UI_2D,dedicated UI texture group 'title_static'; IA format (ia16) carries alpha -> transparency/alpha-test likely,HIGH
gFileSelFileInfoBox4Tex,UI_2D,dedicated UI texture group 'title_static'; IA format (ia16) carries alpha -> transparency/alpha-test likely,HIGH
gFileSelFileInfoBox5Tex,UI_2D,dedicated UI texture group 'title_static'; IA format (ia16) carries alpha -> transparency/alpha-test likely,HIGH
gFileSelFireMedallionTex,UI_2D,dedicated UI texture group 'title_static'; IA format (ia8) carries alpha -> transparency/alpha-test likely,HIGH
gFileSelForestMedallionTex,UI_2D,dedicated UI texture group 'title_static'; IA format (ia8) carries alpha -> transparency/alpha-test likely,HIGH
gFileSelGoronRubyTex,UI_2D,dedicated UI texture group 'title_static'; spiritual stone keyword (glowing iconography),HIGH
gFileSelHeadsetENGTex,UI_2D,dedicated UI texture group 'title_static'; IA format (ia8) carries alpha -> transparency/alpha-test likely,HIGH
gFileSelHeadsetFRATex,UI_2D,dedicated UI texture group 'title_static',HIGH
gFileSelHeadsetGERTex,UI_2D,dedicated UI texture group 'title_static',HIGH
gFileSelHeadsetJPNTex,UI_2D,dedicated UI texture group 'title_static'; IA format (ia8) carries alpha -> transparency/alpha-test likely,HIGH
gFileSelHiraganaButtonTex,UI_2D,dedicated UI texture group 'title_static'; IA format (ia16) carries alpha -> transparency/alpha-test likely,HIGH
gFileSelHoldENGTex,UI_2D,dedicated UI texture group 'title_static'; IA format (ia8) carries alpha -> transparency/alpha-test likely,HIGH
gFileSelHoldFRATex,UI_2D,dedicated UI texture group 'title_static',HIGH
gFileSelHoldGERTex,UI_2D,dedicated UI texture group 'title_static',HIGH
gFileSelHoldJPNTex,UI_2D,dedicated UI texture group 'title_static'; IA format (ia8) carries alpha -> transparency/alpha-test likely,HIGH
gFileSelKanjiButtonTex,UI_2D,dedicated UI texture group 'title_static'; IA format (ia16) carries alpha -> transparency/alpha-test likely,HIGH
gFileSelKatakanaButtonTex,UI_2D,dedicated UI texture group 'title_static'; IA format (ia16) carries alpha -> transparency/alpha-test likely,HIGH
gFileSelKokiriEmeraldTex,UI_2D,dedicated UI texture group 'title_static'; spiritual stone keyword (glowing iconography),HIGH
gFileSelLTargetingENGTex,UI_2D,dedicated UI texture group 'title_static'; IA format (ia8) carries alpha -> transparency/alpha-test likely,HIGH
gFileSelLTargetingFRATex,UI_2D,dedicated UI texture group 'title_static',HIGH
gFileSelLTargetingGERTex,UI_2D,dedicated UI texture group 'title_static',HIGH
gFileSelLTargetingJPNTex,UI_2D,dedicated UI texture group 'title_static'; IA format (ia8) carries alpha -> transparency/alpha-test likely,HIGH
gFileSelLightMedallionTex,UI_2D,dedicated UI texture group 'title_static'; IA format (ia8) carries alpha -> transparency/alpha-test likely,HIGH
gFileSelMediumButtonHighlightTex,UI_2D,dedicated UI texture group 'title_static',HIGH
gFileSelMonoENGTex,UI_2D,dedicated UI texture group 'title_static'; IA format (ia8) carries alpha -> transparency/alpha-test likely,HIGH
gFileSelMonoJPNTex,UI_2D,dedicated UI texture group 'title_static'; IA format (ia8) carries alpha -> transparency/alpha-test likely,HIGH
gFileSelNameBoxTex,UI_2D,dedicated UI texture group 'title_static'; IA format (ia16) carries alpha -> transparency/alpha-test likely,HIGH
gFileSelNameENGTex,UI_2D,dedicated UI texture group 'title_static'; IA format (ia8) carries alpha -> transparency/alpha-test likely,HIGH
gFileSelNameFRATex,UI_2D,dedicated UI texture group 'title_static',HIGH
gFileSelNameGERTex,UI_2D,dedicated UI texture group 'title_static',HIGH
gFileSelNameJPNTex,UI_2D,dedicated UI texture group 'title_static'; IA format (ia8) carries alpha -> transparency/alpha-test likely,HIGH
gFileSelNoEmptyFileENGTex,UI_2D,dedicated UI texture group 'title_static'; IA format (ia8) carries alpha -> transparency/alpha-test likely,HIGH
gFileSelNoEmptyFileFRATex,UI_2D,dedicated UI texture group 'title_static',HIGH
gFileSelNoEmptyFileGERTex,UI_2D,dedicated UI texture group 'title_static',HIGH
gFileSelNoEmptyFileJPNTex,UI_2D,dedicated UI texture group 'title_static'; IA format (ia8) carries alpha -> transparency/alpha-test likely,HIGH
gFileSelNoFileToCopyENGTex,UI_2D,dedicated UI texture group 'title_static'; IA format (ia8) carries alpha -> transparency/alpha-test likely,HIGH
gFileSelNoFileToCopyFRATex,UI_2D,dedicated UI texture group 'title_static',HIGH
gFileSelNoFileToCopyGERTex,UI_2D,dedicated UI texture group 'title_static',HIGH
gFileSelNoFileToCopyJPNTex,UI_2D,dedicated UI texture group 'title_static'; IA format (ia8) carries alpha -> transparency/alpha-test likely,HIGH
gFileSelNoFileToEraseENGTex,UI_2D,dedicated UI texture group 'title_static'; IA format (ia8) carries alpha -> transparency/alpha-test likely,HIGH
gFileSelNoFileToEraseFRATex,UI_2D,dedicated UI texture group 'title_static',HIGH
gFileSelNoFileToEraseGERTex,UI_2D,dedicated UI texture group 'title_static',HIGH
gFileSelNoFileToEraseJPNTex,UI_2D,dedicated UI texture group 'title_static'; IA format (ia8) carries alpha -> transparency/alpha-test likely,HIGH
gFileSelOpenThisFileENGTex,UI_2D,dedicated UI texture group 'title_static'; IA format (ia8) carries alpha -> transparency/alpha-test likely,HIGH
gFileSelOpenThisFileFRATex,UI_2D,dedicated UI texture group 'title_static',HIGH
gFileSelOpenThisFileGERTex,UI_2D,dedicated UI texture group 'title_static',HIGH
gFileSelOpenThisFileJPNTex,UI_2D,dedicated UI texture group 'title_static'; IA format (ia8) carries alpha -> transparency/alpha-test likely,HIGH
gFileSelOptionsButtonENGTex,UI_2D,dedicated UI texture group 'title_static'; IA format (ia16) carries alpha -> transparency/alpha-test likely,HIGH
gFileSelOptionsButtonGERTex,UI_2D,dedicated UI texture group 'title_static',HIGH
gFileSelOptionsButtonJPNTex,UI_2D,dedicated UI texture group 'title_static'; IA format (ia16) carries alpha -> transparency/alpha-test likely,HIGH
gFileSelOptionsDividerTex,UI_2D,dedicated UI texture group 'title_static'; IA format (ia4) carries alpha -> transparency/alpha-test likely,HIGH
gFileSelOptionsENGTex,UI_2D,dedicated UI texture group 'title_static'; IA format (ia8) carries alpha -> transparency/alpha-test likely,HIGH
gFileSelOptionsGERTex,UI_2D,dedicated UI texture group 'title_static',HIGH
gFileSelOptionsJPNTex,UI_2D,dedicated UI texture group 'title_static'; IA format (ia8) carries alpha -> transparency/alpha-test likely,HIGH
gFileSelPleaseSelectAFileENGTex,UI_2D,dedicated UI texture group 'title_static'; IA format (ia8) carries alpha -> transparency/alpha-test likely,HIGH
gFileSelPleaseSelectAFileFRATex,UI_2D,dedicated UI texture group 'title_static',HIGH
gFileSelPleaseSelectAFileGERTex,UI_2D,dedicated UI texture group 'title_static',HIGH
gFileSelPleaseSelectAFileJPNTex,UI_2D,dedicated UI texture group 'title_static'; IA format (ia8) carries alpha -> transparency/alpha-test likely,HIGH
gFileSelQuitButtonENGTex,UI_2D,dedicated UI texture group 'title_static'; IA format (ia16) carries alpha -> transparency/alpha-test likely,HIGH
gFileSelQuitButtonFRATex,UI_2D,dedicated UI texture group 'title_static',HIGH
gFileSelQuitButtonGERTex,UI_2D,dedicated UI texture group 'title_static',HIGH
gFileSelQuitButtonJPNTex,UI_2D,dedicated UI texture group 'title_static'; IA format (ia16) carries alpha -> transparency/alpha-test likely,HIGH
gFileSelSOUNDENGTex,UI_2D,dedicated UI texture group 'title_static'; IA format (ia8) carries alpha -> transparency/alpha-test likely,HIGH
gFileSelSOUNDFRATex,UI_2D,dedicated UI texture group 'title_static',HIGH
gFileSelSaveXENGTex,UI_2D,dedicated UI texture group 'title_static',HIGH
gFileSelSaveXJPNTex,UI_2D,dedicated UI texture group 'title_static',HIGH
gFileSelSaveXTex,UI_2D,dedicated UI texture group 'title_static',HIGH
gFileSelShadowMedallionTex,UI_2D,dedicated UI texture group 'title_static'; IA format (ia8) carries alpha -> transparency/alpha-test likely,HIGH
gFileSelSmallButtonHighlightTex,UI_2D,dedicated UI texture group 'title_static',HIGH
gFileSelSpiritMedallionTex,UI_2D,dedicated UI texture group 'title_static'; IA format (ia8) carries alpha -> transparency/alpha-test likely,HIGH
gFileSelStereoENGTex,UI_2D,dedicated UI texture group 'title_static'; IA format (ia8) carries alpha -> transparency/alpha-test likely,HIGH
gFileSelStereoFRATex,UI_2D,dedicated UI texture group 'title_static',HIGH
gFileSelStereoJPNTex,UI_2D,dedicated UI texture group 'title_static'; IA format (ia8) carries alpha -> transparency/alpha-test likely,HIGH
gFileSelSurroundENGTex,UI_2D,dedicated UI texture group 'title_static'; IA format (ia8) carries alpha -> transparency/alpha-test likely,HIGH
gFileSelSurroundJPNTex,UI_2D,dedicated UI texture group 'title_static'; IA format (ia8) carries alpha -> transparency/alpha-test likely,HIGH
gFileSelSwitchENGTex,UI_2D,dedicated UI texture group 'title_static'; IA format (ia8) carries alpha -> transparency/alpha-test likely,HIGH
gFileSelSwitchFRATex,UI_2D,dedicated UI texture group 'title_static',HIGH
gFileSelSwitchGERTex,UI_2D,dedicated UI texture group 'title_static',HIGH
gFileSelSwitchJPNTex,UI_2D,dedicated UI texture group 'title_static'; IA format (ia8) carries alpha -> transparency/alpha-test likely,HIGH
gFileSelWaterMedallionTex,UI_2D,dedicated UI texture group 'title_static'; IA format (ia8) carries alpha -> transparency/alpha-test likely,HIGH
gFileSelWhichFile1GERTex,UI_2D,dedicated UI texture group 'title_static',HIGH
gFileSelWhichFile1JPNTex,UI_2D,dedicated UI texture group 'title_static'; IA format (ia8) carries alpha -> transparency/alpha-test likely,HIGH
gFileSelWhichFile2GERTex,UI_2D,dedicated UI texture group 'title_static',HIGH
gFileSelWindow10Tex,UI_2D,dedicated UI texture group 'title_static'; IA format (ia16) carries alpha -> transparency/alpha-test likely,HIGH
gFileSelWindow11Tex,UI_2D,dedicated UI texture group 'title_static'; IA format (ia16) carries alpha -> transparency/alpha-test likely,HIGH
gFileSelWindow12Tex,UI_2D,dedicated UI texture group 'title_static'; IA format (ia16) carries alpha -> transparency/alpha-test likely,HIGH
gFileSelWindow13Tex,UI_2D,dedicated UI texture group 'title_static'; IA format (ia16) carries alpha -> transparency/alpha-test likely,HIGH
gFileSelWindow14Tex,UI_2D,dedicated UI texture group 'title_static'; IA format (ia16) carries alpha -> transparency/alpha-test likely,HIGH
gFileSelWindow15Tex,UI_2D,dedicated UI texture group 'title_static'; IA format (ia16) carries alpha -> transparency/alpha-test likely,HIGH
gFileSelWindow16Tex,UI_2D,dedicated UI texture group 'title_static'; IA format (ia16) carries alpha -> transparency/alpha-test likely,HIGH
gFileSelWindow17Tex,UI_2D,dedicated UI texture group 'title_static'; IA format (ia16) carries alpha -> transparency/alpha-test likely,HIGH
gFileSelWindow18Tex,UI_2D,dedicated UI texture group 'title_static'; IA format (ia16) carries alpha -> transparency/alpha-test likely,HIGH
gFileSelWindow19Tex,UI_2D,dedicated UI texture group 'title_static'; IA format (ia16) carries alpha -> transparency/alpha-test likely,HIGH
gFileSelWindow1Tex,UI_2D,dedicated UI texture group 'title_static'; IA format (ia16) carries alpha -> transparency/alpha-test likely,HIGH
gFileSelWindow20Tex,UI_2D,dedicated UI texture group 'title_static'; IA format (ia16) carries alpha -> transparency/alpha-test likely,HIGH
gFileSelWindow2Tex,UI_2D,dedicated UI texture group 'title_static'; IA format (ia16) carries alpha -> transparency/alpha-test likely,HIGH
gFileSelWindow3Tex,UI_2D,dedicated UI texture group 'title_static'; IA format (ia16) carries alpha -> transparency/alpha-test likely,HIGH
gFileSelWindow4Tex,UI_2D,dedicated UI texture group 'title_static'; IA format (ia16) carries alpha -> transparency/alpha-test likely,HIGH
gFileSelWindow5Tex,UI_2D,dedicated UI texture group 'title_static'; IA format (ia16) carries alpha -> transparency/alpha-test likely,HIGH
gFileSelWindow6Tex,UI_2D,dedicated UI texture group 'title_static'; IA format (ia16) carries alpha -> transparency/alpha-test likely,HIGH
gFileSelWindow7Tex,UI_2D,dedicated UI texture group 'title_static'; IA format (ia16) carries alpha -> transparency/alpha-test likely,HIGH
gFileSelWindow8Tex,UI_2D,dedicated UI texture group 'title_static'; IA format (ia16) carries alpha -> transparency/alpha-test likely,HIGH
gFileSelWindow9Tex,UI_2D,dedicated UI texture group 'title_static'; IA format (ia16) carries alpha -> transparency/alpha-test likely,HIGH
gFileSelYesButtonENGTex,UI_2D,dedicated UI texture group 'title_static'; IA format (ia16) carries alpha -> transparency/alpha-test likely,HIGH
gFileSelYesButtonFRATex,UI_2D,dedicated UI texture group 'title_static',HIGH
gFileSelYesButtonGERTex,UI_2D,dedicated UI texture group 'title_static',HIGH
gFileSelYesButtonJPNTex,UI_2D,dedicated UI texture group 'title_static'; IA format (ia16) carries alpha -> transparency/alpha-test likely,HIGH
gFileSelZoraSapphireTex,UI_2D,dedicated UI texture group 'title_static'; spiritual stone keyword (glowing iconography),HIGH
