resource,candidate_1,candidate_2,reason_uncertain,recommended_validation
gChristmasGreenTreasureChestFrontTex.rgb5a1.png,METAL,WOOD,keyword collision (shared name evidence),in-engine draw capture + surface mapping; visual texture inspection
gChristmasGreenTreasureChestSideAndTopTex.rgb5a1.png,METAL,WOOD,keyword collision (shared name evidence),in-engine draw capture + surface mapping; visual texture inspection
gChristmasRedTreasureChestFrontTex.rgb5a1.png,METAL,WOOD,keyword collision (shared name evidence),in-engine draw capture + surface mapping; visual texture inspection
gChristmasRedTreasureChestSideAndTopTex.rgb5a1.png,METAL,WOOD,keyword collision (shared name evidence),in-engine draw capture + surface mapping; visual texture inspection
gGoldTreasureChestFrontTex.rgb5a1.png,METAL,WOOD,keyword collision (shared name evidence),in-engine draw capture + surface mapping; visual texture inspection
gGoldTreasureChestSideAndTopTex.rgb5a1.png,METAL,WOOD,keyword collision (shared name evidence),in-engine draw capture + surface mapping; visual texture inspection
gKeyTreasureChestFrontTex.rgb5a1.png,METAL,WOOD,keyword collision (shared name evidence),in-engine draw capture + surface mapping; visual texture inspection
gKeyTreasureChestSideAndTopTex.rgb5a1.png,METAL,WOOD,keyword collision (shared name evidence),in-engine draw capture + surface mapping; visual texture inspection
gSkullTreasureChestFrontTex.rgb5a1.png,BONE,METAL,keyword collision (shared name evidence),in-engine draw capture + surface mapping; visual texture inspection
gSkullTreasureChestSideAndTopTex.rgb5a1.png,BONE,METAL,keyword collision (shared name evidence),in-engine draw capture + surface mapping; visual texture inspection
gDoorChainTex,METAL,WOOD,keyword collision (shared name evidence),in-engine draw capture + surface mapping; visual texture inspection
gEyeSwitchGoldClosedTex,SKIN,METAL,keyword collision (shared name evidence),in-engine draw capture + surface mapping; visual texture inspection
gEyeSwitchGoldClosingTex,SKIN,METAL,keyword collision (shared name evidence),in-engine draw capture + surface mapping; visual texture inspection
gEyeSwitchGoldOpenTex,SKIN,METAL,keyword collision (shared name evidence),in-engine draw capture + surface mapping; visual texture inspection
gEyeSwitchGoldOpeningTex,SKIN,METAL,keyword collision (shared name evidence),in-engine draw capture + surface mapping; visual texture inspection
gEyeSwitchSilverClosedTex,SKIN,METAL,keyword collision (shared name evidence),in-engine draw capture + surface mapping; visual texture inspection
gEyeSwitchSilverHalfTex,SKIN,METAL,keyword collision (shared name evidence),in-engine draw capture + surface mapping; visual texture inspection
gEyeSwitchSilverOpenTex,SKIN,METAL,keyword collision (shared name evidence),in-engine draw capture + surface mapping; visual texture inspection
gPushBlockBaseTex,METAL,STONE,keyword collision (shared name evidence),in-engine draw capture + surface mapping; visual texture inspection
gPushBlockGrayTex,METAL,STONE,keyword collision (shared name evidence),in-engine draw capture + surface mapping; visual texture inspection
gPushBlockSilverTex,METAL,STONE,keyword collision (shared name evidence),in-engine draw capture + surface mapping; visual texture inspection
gameplay_dangeon_keepTex_000000,UNKNOWN,UNKNOWN,no semantic evidence (offset-named or unkeyworded),in-engine draw capture + surface mapping; visual texture inspection
gameplay_dangeon_keepTex_000200,UNKNOWN,UNKNOWN,no semantic evidence (offset-named or unkeyworded),in-engine draw capture + surface mapping; visual texture inspection
gameplay_dangeon_keepTex_0005C0,UNKNOWN,UNKNOWN,no semantic evidence (offset-named or unkeyworded),in-engine draw capture + surface mapping; visual texture inspection
gameplay_dangeon_keepTex_001280,UNKNOWN,UNKNOWN,no semantic evidence (offset-named or unkeyworded),in-engine draw capture + surface mapping; visual texture inspection
gameplay_dangeon_keepTex_0078A0,UNKNOWN,UNKNOWN,no semantic evidence (offset-named or unkeyworded),in-engine draw capture + surface mapping; visual texture inspection
gameplay_dangeon_keepTex_007CA0,UNKNOWN,UNKNOWN,no semantic evidence (offset-named or unkeyworded),in-engine draw capture + surface mapping; visual texture inspection
gameplay_dangeon_keepTex_0080A0,UNKNOWN,UNKNOWN,no semantic evidence (offset-named or unkeyworded),in-engine draw capture + surface mapping; visual texture inspection
gameplay_dangeon_keepTex_0088A0,UNKNOWN,UNKNOWN,no semantic evidence (offset-named or unkeyworded),in-engine draw capture + surface mapping; visual texture inspection
gameplay_dangeon_keepTex_00D8A0,UNKNOWN,UNKNOWN,no semantic evidence (offset-named or unkeyworded),in-engine draw capture + surface mapping; visual texture inspection
gameplay_dangeon_keepTex_00E0A0,UNKNOWN,UNKNOWN,no semantic evidence (offset-named or unkeyworded),in-engine draw capture + surface mapping; visual texture inspection
gameplay_dangeon_keepTex_00F8A0,UNKNOWN,UNKNOWN,no semantic evidence (offset-named or unkeyworded),in-engine draw capture + surface mapping; visual texture inspection
gameplay_dangeon_keepTex_0108A0,UNKNOWN,UNKNOWN,no semantic evidence (offset-named or unkeyworded),in-engine draw capture + surface mapping; visual texture inspection
gameplay_dangeon_keepTex_0118A0,UNKNOWN,UNKNOWN,no semantic evidence (offset-named or unkeyworded),in-engine draw capture + surface mapping; visual texture inspection
gameplay_dangeon_keepTex_011AA0,UNKNOWN,UNKNOWN,no semantic evidence (offset-named or unkeyworded),in-engine draw capture + surface mapping; visual texture inspection
gameplay_dangeon_keepTex_011CA0,UNKNOWN,UNKNOWN,no semantic evidence (offset-named or unkeyworded),in-engine draw capture + surface mapping; visual texture inspection
gameplay_dangeon_keepTex_012CA0,UNKNOWN,UNKNOWN,no semantic evidence (offset-named or unkeyworded),in-engine draw capture + surface mapping; visual texture inspection
gameplay_dangeon_keepTex_0134A0,UNKNOWN,UNKNOWN,no semantic evidence (offset-named or unkeyworded),in-engine draw capture + surface mapping; visual texture inspection
gameplay_dangeon_keepTex_013CA0,UNKNOWN,UNKNOWN,no semantic evidence (offset-named or unkeyworded),in-engine draw capture + surface mapping; visual texture inspection
gameplay_dangeon_keepTex_013CB0,UNKNOWN,UNKNOWN,no semantic evidence (offset-named or unkeyworded),in-engine draw capture + surface mapping; visual texture inspection
gameplay_dangeon_keepTex_0154B0,UNKNOWN,UNKNOWN,no semantic evidence (offset-named or unkeyworded),in-engine draw capture + surface mapping; visual texture inspection
gameplay_dangeon_keepTex_015CB0,UNKNOWN,UNKNOWN,no semantic evidence (offset-named or unkeyworded),in-engine draw capture + surface mapping; visual texture inspection
gameplay_dangeon_keepTex_0164B0,UNKNOWN,UNKNOWN,no semantic evidence (offset-named or unkeyworded),in-engine draw capture + surface mapping; visual texture inspection
gameplay_dangeon_keepTex_016CB0,UNKNOWN,UNKNOWN,no semantic evidence (offset-named or unkeyworded),in-engine draw capture + surface mapping; visual texture inspection
gBgBombWallBrokenTex,METAL,STONE,keyword collision (shared name evidence),in-engine draw capture + surface mapping; visual texture inspection
gBgBombwallNormalTex,METAL,STONE,keyword collision (shared name evidence),in-engine draw capture + surface mapping; visual texture inspection
gButterflyWingTex,UNKNOWN,UNKNOWN,no semantic evidence (offset-named or unkeyworded),in-engine draw capture + surface mapping; visual texture inspection
gFieldBushTex,FOLIAGE,GRASS,keyword collision (shared name evidence),in-engine draw capture + surface mapping; visual texture inspection
gFieldDoor1Tex,GRASS,WOOD,keyword collision (shared name evidence),in-engine draw capture + surface mapping; visual texture inspection
gFieldDoorKnobTex,GRASS,WOOD,keyword collision (shared name evidence),in-engine draw capture + surface mapping; visual texture inspection
gFieldDoorKnobTopHalfTex,GRASS,WOOD,keyword collision (shared name evidence),in-engine draw capture + surface mapping; visual texture inspection
gFieldSandstorm1Tex,SAND,GRASS,keyword collision (shared name evidence),in-engine draw capture + surface mapping; visual texture inspection
gFieldSandstorm2Tex,SAND,GRASS,keyword collision (shared name evidence),in-engine draw capture + surface mapping; visual texture inspection
gFieldSilverRockTex,GRASS,METAL,keyword collision (shared name evidence),in-engine draw capture + surface mapping; visual texture inspection
gArrowShaftTex,METAL,WOOD,keyword collision (shared name evidence),in-engine draw capture + surface mapping; visual texture inspection
gBombBodyTex,SKIN,METAL,keyword collision (shared name evidence),in-engine draw capture + surface mapping; visual texture inspection
gBombchuBodyTex,SKIN,METAL,keyword collision (shared name evidence),in-engine draw capture + surface mapping; visual texture inspection
gBottleGlassTex,GLASS,SKIN,keyword collision (shared name evidence),in-engine draw capture + surface mapping; visual texture inspection
gCircleShadowTex,UNKNOWN,UNKNOWN,no semantic evidence (offset-named or unkeyworded),in-engine draw capture + surface mapping; visual texture inspection
gDebugBallTex,UNKNOWN,UNKNOWN,no semantic evidence (offset-named or unkeyworded),in-engine draw capture + surface mapping; visual texture inspection
gDebugCircleTex,UNKNOWN,UNKNOWN,no semantic evidence (offset-named or unkeyworded),in-engine draw capture + surface mapping; visual texture inspection
gDebugCrossTex,UNKNOWN,UNKNOWN,no semantic evidence (offset-named or unkeyworded),in-engine draw capture + surface mapping; visual texture inspection
gDebugCursorTex,UNKNOWN,UNKNOWN,no semantic evidence (offset-named or unkeyworded),in-engine draw capture + surface mapping; visual texture inspection
gDoorMetalBarsTex,METAL,WOOD,keyword collision (shared name evidence),in-engine draw capture + surface mapping; visual texture inspection
gDropMagicLargeTex,UNKNOWN,UNKNOWN,no semantic evidence (offset-named or unkeyworded),in-engine draw capture + surface mapping; visual texture inspection
gDropMagicSmallTex,UNKNOWN,UNKNOWN,no semantic evidence (offset-named or unkeyworded),in-engine draw capture + surface mapping; visual texture inspection
gEffBubble1Tex,UNKNOWN,UNKNOWN,no semantic evidence (offset-named or unkeyworded),in-engine draw capture + surface mapping; visual texture inspection
gEffBubble2Tex,UNKNOWN,UNKNOWN,no semantic evidence (offset-named or unkeyworded),in-engine draw capture + surface mapping; visual texture inspection
gEffFireFootprint1Tex,LAVA,SKIN,keyword collision (shared name evidence),in-engine draw capture + surface mapping; visual texture inspection
gEffFireFootprint2Tex,LAVA,SKIN,keyword collision (shared name evidence),in-engine draw capture + surface mapping; visual texture inspection
gEffFireFootprint3Tex,LAVA,SKIN,keyword collision (shared name evidence),in-engine draw capture + surface mapping; visual texture inspection
gEffFireFootprint4Tex,LAVA,SKIN,keyword collision (shared name evidence),in-engine draw capture + surface mapping; visual texture inspection
gEffFireFootprint5Tex,LAVA,SKIN,keyword collision (shared name evidence),in-engine draw capture + surface mapping; visual texture inspection
gEffFireFootprint6Tex,LAVA,SKIN,keyword collision (shared name evidence),in-engine draw capture + surface mapping; visual texture inspection
gEffFireFootprint7Tex,LAVA,SKIN,keyword collision (shared name evidence),in-engine draw capture + surface mapping; visual texture inspection
gEffFireFootprint8Tex,LAVA,SKIN,keyword collision (shared name evidence),in-engine draw capture + surface mapping; visual texture inspection
gEffFleckTex,UNKNOWN,UNKNOWN,no semantic evidence (offset-named or unkeyworded),in-engine draw capture + surface mapping; visual texture inspection
gEffHitMark10Tex,UNKNOWN,UNKNOWN,no semantic evidence (offset-named or unkeyworded),in-engine draw capture + surface mapping; visual texture inspection
gEffHitMark11Tex,UNKNOWN,UNKNOWN,no semantic evidence (offset-named or unkeyworded),in-engine draw capture + surface mapping; visual texture inspection
gEffHitMark12Tex,UNKNOWN,UNKNOWN,no semantic evidence (offset-named or unkeyworded),in-engine draw capture + surface mapping; visual texture inspection
gEffHitMark13Tex,UNKNOWN,UNKNOWN,no semantic evidence (offset-named or unkeyworded),in-engine draw capture + surface mapping; visual texture inspection
gEffHitMark14Tex,UNKNOWN,UNKNOWN,no semantic evidence (offset-named or unkeyworded),in-engine draw capture + surface mapping; visual texture inspection
gEffHitMark15Tex,UNKNOWN,UNKNOWN,no semantic evidence (offset-named or unkeyworded),in-engine draw capture + surface mapping; visual texture inspection
gEffHitMark16Tex,UNKNOWN,UNKNOWN,no semantic evidence (offset-named or unkeyworded),in-engine draw capture + surface mapping; visual texture inspection
gEffHitMark17Tex,UNKNOWN,UNKNOWN,no semantic evidence (offset-named or unkeyworded),in-engine draw capture + surface mapping; visual texture inspection
gEffHitMark18Tex,UNKNOWN,UNKNOWN,no semantic evidence (offset-named or unkeyworded),in-engine draw capture + surface mapping; visual texture inspection
gEffHitMark19Tex,UNKNOWN,UNKNOWN,no semantic evidence (offset-named or unkeyworded),in-engine draw capture + surface mapping; visual texture inspection
gEffHitMark1Tex,UNKNOWN,UNKNOWN,no semantic evidence (offset-named or unkeyworded),in-engine draw capture + surface mapping; visual texture inspection
gEffHitMark20Tex,UNKNOWN,UNKNOWN,no semantic evidence (offset-named or unkeyworded),in-engine draw capture + surface mapping; visual texture inspection
gEffHitMark21Tex,UNKNOWN,UNKNOWN,no semantic evidence (offset-named or unkeyworded),in-engine draw capture + surface mapping; visual texture inspection
gEffHitMark22Tex,UNKNOWN,UNKNOWN,no semantic evidence (offset-named or unkeyworded),in-engine draw capture + surface mapping; visual texture inspection
gEffHitMark23Tex,UNKNOWN,UNKNOWN,no semantic evidence (offset-named or unkeyworded),in-engine draw capture + surface mapping; visual texture inspection
gEffHitMark24Tex,UNKNOWN,UNKNOWN,no semantic evidence (offset-named or unkeyworded),in-engine draw capture + surface mapping; visual texture inspection
gEffHitMark2Tex,UNKNOWN,UNKNOWN,no semantic evidence (offset-named or unkeyworded),in-engine draw capture + surface mapping; visual texture inspection
gEffHitMark3Tex,UNKNOWN,UNKNOWN,no semantic evidence (offset-named or unkeyworded),in-engine draw capture + surface mapping; visual texture inspection
gEffHitMark4Tex,UNKNOWN,UNKNOWN,no semantic evidence (offset-named or unkeyworded),in-engine draw capture + surface mapping; visual texture inspection
gEffHitMark5Tex,UNKNOWN,UNKNOWN,no semantic evidence (offset-named or unkeyworded),in-engine draw capture + surface mapping; visual texture inspection
gEffHitMark6Tex,UNKNOWN,UNKNOWN,no semantic evidence (offset-named or unkeyworded),in-engine draw capture + surface mapping; visual texture inspection
gEffHitMark7Tex,UNKNOWN,UNKNOWN,no semantic evidence (offset-named or unkeyworded),in-engine draw capture + surface mapping; visual texture inspection
gEffHitMark8Tex,UNKNOWN,UNKNOWN,no semantic evidence (offset-named or unkeyworded),in-engine draw capture + surface mapping; visual texture inspection
gEffHitMark9Tex,UNKNOWN,UNKNOWN,no semantic evidence (offset-named or unkeyworded),in-engine draw capture + surface mapping; visual texture inspection
gEffLightning1Tex,UNKNOWN,UNKNOWN,no semantic evidence (offset-named or unkeyworded),in-engine draw capture + surface mapping; visual texture inspection
gEffLightning2Tex,UNKNOWN,UNKNOWN,no semantic evidence (offset-named or unkeyworded),in-engine draw capture + surface mapping; visual texture inspection
gEffLightning3Tex,UNKNOWN,UNKNOWN,no semantic evidence (offset-named or unkeyworded),in-engine draw capture + surface mapping; visual texture inspection
gEffLightning4Tex,UNKNOWN,UNKNOWN,no semantic evidence (offset-named or unkeyworded),in-engine draw capture + surface mapping; visual texture inspection
gEffLightning5Tex,UNKNOWN,UNKNOWN,no semantic evidence (offset-named or unkeyworded),in-engine draw capture + surface mapping; visual texture inspection
gEffLightning6Tex,UNKNOWN,UNKNOWN,no semantic evidence (offset-named or unkeyworded),in-engine draw capture + surface mapping; visual texture inspection
gEffLightning7Tex,UNKNOWN,UNKNOWN,no semantic evidence (offset-named or unkeyworded),in-engine draw capture + surface mapping; visual texture inspection
gEffLightning8Tex,UNKNOWN,UNKNOWN,no semantic evidence (offset-named or unkeyworded),in-engine draw capture + surface mapping; visual texture inspection
gEffSpark1Tex,UNKNOWN,UNKNOWN,no semantic evidence (offset-named or unkeyworded),in-engine draw capture + surface mapping; visual texture inspection
gEffSpark2Tex,UNKNOWN,UNKNOWN,no semantic evidence (offset-named or unkeyworded),in-engine draw capture + surface mapping; visual texture inspection
gEffSpark3Tex,UNKNOWN,UNKNOWN,no semantic evidence (offset-named or unkeyworded),in-engine draw capture + surface mapping; visual texture inspection
gEffSpark4Tex,UNKNOWN,UNKNOWN,no semantic evidence (offset-named or unkeyworded),in-engine draw capture + surface mapping; visual texture inspection
gEffSparklesTex,UNKNOWN,UNKNOWN,no semantic evidence (offset-named or unkeyworded),in-engine draw capture + surface mapping; visual texture inspection
gEffUnknown10Tex,UNKNOWN,UNKNOWN,no semantic evidence (offset-named or unkeyworded),in-engine draw capture + surface mapping; visual texture inspection
gEffUnknown11Tex,UNKNOWN,UNKNOWN,no semantic evidence (offset-named or unkeyworded),in-engine draw capture + surface mapping; visual texture inspection
gEffUnknown12OverflowTex,UNKNOWN,UNKNOWN,no semantic evidence (offset-named or unkeyworded),in-engine draw capture + surface mapping; visual texture inspection
gEffUnknown12Tex,UNKNOWN,UNKNOWN,no semantic evidence (offset-named or unkeyworded),in-engine draw capture + surface mapping; visual texture inspection
gEffUnknown13Tex,UNKNOWN,UNKNOWN,no semantic evidence (offset-named or unkeyworded),in-engine draw capture + surface mapping; visual texture inspection
gEffUnknown14Tex,UNKNOWN,UNKNOWN,no semantic evidence (offset-named or unkeyworded),in-engine draw capture + surface mapping; visual texture inspection
gEffUnknown1Tex,UNKNOWN,UNKNOWN,no semantic evidence (offset-named or unkeyworded),in-engine draw capture + surface mapping; visual texture inspection
gEffUnknown2Tex,UNKNOWN,UNKNOWN,no semantic evidence (offset-named or unkeyworded),in-engine draw capture + surface mapping; visual texture inspection
gEffUnknown3Tex,UNKNOWN,UNKNOWN,no semantic evidence (offset-named or unkeyworded),in-engine draw capture + surface mapping; visual texture inspection
gEffUnknown4Tex,UNKNOWN,UNKNOWN,no semantic evidence (offset-named or unkeyworded),in-engine draw capture + surface mapping; visual texture inspection
gEffUnknown5Tex,UNKNOWN,UNKNOWN,no semantic evidence (offset-named or unkeyworded),in-engine draw capture + surface mapping; visual texture inspection
gEffUnknown6Tex,UNKNOWN,UNKNOWN,no semantic evidence (offset-named or unkeyworded),in-engine draw capture + surface mapping; visual texture inspection
gEffUnknown8Tex,UNKNOWN,UNKNOWN,no semantic evidence (offset-named or unkeyworded),in-engine draw capture + surface mapping; visual texture inspection
gEffUnknown9Tex,UNKNOWN,UNKNOWN,no semantic evidence (offset-named or unkeyworded),in-engine draw capture + surface mapping; visual texture inspection
gEffUnusedBubbles1Tex,UNKNOWN,UNKNOWN,no semantic evidence (offset-named or unkeyworded),in-engine draw capture + surface mapping; visual texture inspection
gEffUnusedBubbles2Tex,UNKNOWN,UNKNOWN,no semantic evidence (offset-named or unkeyworded),in-engine draw capture + surface mapping; visual texture inspection
gEffUnusedBubbles3Tex,UNKNOWN,UNKNOWN,no semantic evidence (offset-named or unkeyworded),in-engine draw capture + surface mapping; visual texture inspection
gEffUnusedBubbles4Tex,UNKNOWN,UNKNOWN,no semantic evidence (offset-named or unkeyworded),in-engine draw capture + surface mapping; visual texture inspection
gEffUnusedBubbles5Tex,UNKNOWN,UNKNOWN,no semantic evidence (offset-named or unkeyworded),in-engine draw capture + surface mapping; visual texture inspection
gEffUnusedBubbles6Tex,UNKNOWN,UNKNOWN,no semantic evidence (offset-named or unkeyworded),in-engine draw capture + surface mapping; visual texture inspection
gEffUnusedBubbles7Tex,UNKNOWN,UNKNOWN,no semantic evidence (offset-named or unkeyworded),in-engine draw capture + surface mapping; visual texture inspection
gEffUnusedBubbles8Tex,UNKNOWN,UNKNOWN,no semantic evidence (offset-named or unkeyworded),in-engine draw capture + surface mapping; visual texture inspection
gEffWaterSplash1Tex,WATER,SMOKE,keyword collision (shared name evidence),in-engine draw capture + surface mapping; visual texture inspection
gEffWaterSplash2Tex,WATER,SMOKE,keyword collision (shared name evidence),in-engine draw capture + surface mapping; visual texture inspection
gEffWaterSplash3Tex,WATER,SMOKE,keyword collision (shared name evidence),in-engine draw capture + surface mapping; visual texture inspection
gEffWaterSplash4Tex,WATER,SMOKE,keyword collision (shared name evidence),in-engine draw capture + surface mapping; visual texture inspection
gEffWaterSplash5Tex,WATER,SMOKE,keyword collision (shared name evidence),in-engine draw capture + surface mapping; visual texture inspection
gEffWaterSplash6Tex,WATER,SMOKE,keyword collision (shared name evidence),in-engine draw capture + surface mapping; visual texture inspection
gEffWaterSplash7Tex,WATER,SMOKE,keyword collision (shared name evidence),in-engine draw capture + surface mapping; visual texture inspection
gEffWaterSplash8Tex,WATER,SMOKE,keyword collision (shared name evidence),in-engine draw capture + surface mapping; visual texture inspection
gFishTailTex,UNKNOWN,UNKNOWN,no semantic evidence (offset-named or unkeyworded),in-engine draw capture + surface mapping; visual texture inspection
gFlameWall1Tex,LAVA,STONE,keyword collision (shared name evidence),in-engine draw capture + surface mapping; visual texture inspection
gFlameWall2Tex,LAVA,STONE,keyword collision (shared name evidence),in-engine draw capture + surface mapping; visual texture inspection
gGenericDungeonDoorTex,WOOD,STONE,keyword collision (shared name evidence),in-engine draw capture + surface mapping; visual texture inspection
gHilite1Tex,UNKNOWN,UNKNOWN,no semantic evidence (offset-named or unkeyworded),in-engine draw capture + surface mapping; visual texture inspection
gHilite2Tex,UNKNOWN,UNKNOWN,no semantic evidence (offset-named or unkeyworded),in-engine draw capture + surface mapping; visual texture inspection
gHilite2Tex_Overflow,UNKNOWN,UNKNOWN,no semantic evidence (offset-named or unkeyworded),in-engine draw capture + surface mapping; visual texture inspection
gHilite3Tex,UNKNOWN,UNKNOWN,no semantic evidence (offset-named or unkeyworded),in-engine draw capture + surface mapping; visual texture inspection
gHilite4Tex,UNKNOWN,UNKNOWN,no semantic evidence (offset-named or unkeyworded),in-engine draw capture + surface mapping; visual texture inspection
gHorseShadowTex,UNKNOWN,UNKNOWN,no semantic evidence (offset-named or unkeyworded),in-engine draw capture + surface mapping; visual texture inspection
gHylianShieldDesignTex,METAL,WOOD,keyword collision (shared name evidence),in-engine draw capture + surface mapping; visual texture inspection
gMoonTex,UNKNOWN,UNKNOWN,no semantic evidence (offset-named or unkeyworded),in-engine draw capture + surface mapping; visual texture inspection
gSelectionCursorTex,UNKNOWN,UNKNOWN,no semantic evidence (offset-named or unkeyworded),in-engine draw capture + surface mapping; visual texture inspection
gSun1Tex,UNKNOWN,UNKNOWN,no semantic evidence (offset-named or unkeyworded),in-engine draw capture + surface mapping; visual texture inspection
gSunEvening1Tex,UNKNOWN,UNKNOWN,no semantic evidence (offset-named or unkeyworded),in-engine draw capture + surface mapping; visual texture inspection
gUnknownCircle3Tex,UNKNOWN,UNKNOWN,no semantic evidence (offset-named or unkeyworded),in-engine draw capture + surface mapping; visual texture inspection
gUnknownCircle4Tex,UNKNOWN,UNKNOWN,no semantic evidence (offset-named or unkeyworded),in-engine draw capture + surface mapping; visual texture inspection
gUnknownCircle6Tex,UNKNOWN,UNKNOWN,no semantic evidence (offset-named or unkeyworded),in-engine draw capture + surface mapping; visual texture inspection
gUnknownEffBlureTex,UNKNOWN,UNKNOWN,no semantic evidence (offset-named or unkeyworded),in-engine draw capture + surface mapping; visual texture inspection
gUnusedGrassBladesTex,GRASS,METAL,keyword collision (shared name evidence),in-engine draw capture + surface mapping; visual texture inspection
gUnusedStoneHookshotTargetTex,METAL,STONE,keyword collision (shared name evidence),in-engine draw capture + surface mapping; visual texture inspection
gUnusedTreeBarkTex,METAL,WOOD,keyword collision (shared name evidence),in-engine draw capture + surface mapping; visual texture inspection
gUnusedTreeStumpBarkTex,METAL,WOOD,keyword collision (shared name evidence),in-engine draw capture + surface mapping; visual texture inspection
gUnusedUpsideDownZeldaTex,UNKNOWN,UNKNOWN,no semantic evidence (offset-named or unkeyworded),in-engine draw capture + surface mapping; visual texture inspection
gameplay_keepTex_04C540,UNKNOWN,UNKNOWN,no semantic evidence (offset-named or unkeyworded),in-engine draw capture + surface mapping; visual texture inspection
gameplay_keepTex_04C740,UNKNOWN,UNKNOWN,no semantic evidence (offset-named or unkeyworded),in-engine draw capture + surface mapping; visual texture inspection
gameplay_keepTex_04CD40,UNKNOWN,UNKNOWN,no semantic evidence (offset-named or unkeyworded),in-engine draw capture + surface mapping; visual texture inspection
gameplay_keepTex_04CF40,UNKNOWN,UNKNOWN,no semantic evidence (offset-named or unkeyworded),in-engine draw capture + surface mapping; visual texture inspection
gameplay_keep_Tex_0CE60,UNKNOWN,UNKNOWN,no semantic evidence (offset-named or unkeyworded),in-engine draw capture + surface mapping; visual texture inspection
object_Bb_Tex_001220,UNKNOWN,UNKNOWN,no semantic evidence (offset-named or unkeyworded),in-engine draw capture + surface mapping; visual texture inspection
object_Bb_Tex_001420,UNKNOWN,UNKNOWN,no semantic evidence (offset-named or unkeyworded),in-engine draw capture + surface mapping; visual texture inspection
object_Bb_Tex_0014A0,UNKNOWN,UNKNOWN,no semantic evidence (offset-named or unkeyworded),in-engine draw capture + surface mapping; visual texture inspection
object_Bb_Tex_0014C0,UNKNOWN,UNKNOWN,no semantic evidence (offset-named or unkeyworded),in-engine draw capture + surface mapping; visual texture inspection
object_Bb_Tex_001540,UNKNOWN,UNKNOWN,no semantic evidence (offset-named or unkeyworded),in-engine draw capture + surface mapping; visual texture inspection
object_Bb_Tex_0015C0,UNKNOWN,UNKNOWN,no semantic evidence (offset-named or unkeyworded),in-engine draw capture + surface mapping; visual texture inspection
object_Bb_Tex_001640,UNKNOWN,UNKNOWN,no semantic evidence (offset-named or unkeyworded),in-engine draw capture + surface mapping; visual texture inspection
object_Bb_Tex_001740,UNKNOWN,UNKNOWN,no semantic evidence (offset-named or unkeyworded),in-engine draw capture + surface mapping; visual texture inspection
object_ahg_Tex_0002FC,UNKNOWN,UNKNOWN,no semantic evidence (offset-named or unkeyworded),in-engine draw capture + surface mapping; visual texture inspection
object_ahg_Tex_0003FC,UNKNOWN,UNKNOWN,no semantic evidence (offset-named or unkeyworded),in-engine draw capture + surface mapping; visual texture inspection
object_ahg_Tex_0004FC,UNKNOWN,UNKNOWN,no semantic evidence (offset-named or unkeyworded),in-engine draw capture + surface mapping; visual texture inspection
object_ahg_Tex_00053C,UNKNOWN,UNKNOWN,no semantic evidence (offset-named or unkeyworded),in-engine draw capture + surface mapping; visual texture inspection
object_ahg_Tex_00057C,UNKNOWN,UNKNOWN,no semantic evidence (offset-named or unkeyworded),in-engine draw capture + surface mapping; visual texture inspection
object_ahg_Tex_00067C,UNKNOWN,UNKNOWN,no semantic evidence (offset-named or unkeyworded),in-engine draw capture + surface mapping; visual texture inspection
object_ahg_Tex_00077C,UNKNOWN,UNKNOWN,no semantic evidence (offset-named or unkeyworded),in-engine draw capture + surface mapping; visual texture inspection
object_ahg_Tex_00087C,UNKNOWN,UNKNOWN,no semantic evidence (offset-named or unkeyworded),in-engine draw capture + surface mapping; visual texture inspection
object_ahg_Tex_00097C,UNKNOWN,UNKNOWN,no semantic evidence (offset-named or unkeyworded),in-engine draw capture + surface mapping; visual texture inspection
object_ahg_Tex_0009BC,UNKNOWN,UNKNOWN,no semantic evidence (offset-named or unkeyworded),in-engine draw capture + surface mapping; visual texture inspection
object_ahg_Tex_0009FC,UNKNOWN,UNKNOWN,no semantic evidence (offset-named or unkeyworded),in-engine draw capture + surface mapping; visual texture inspection
object_ahg_Tex_000BFC,UNKNOWN,UNKNOWN,no semantic evidence (offset-named or unkeyworded),in-engine draw capture + surface mapping; visual texture inspection
object_ahg_Tex_004948,UNKNOWN,UNKNOWN,no semantic evidence (offset-named or unkeyworded),in-engine draw capture + surface mapping; visual texture inspection
object_ahg_Tex_004988,UNKNOWN,UNKNOWN,no semantic evidence (offset-named or unkeyworded),in-engine draw capture + surface mapping; visual texture inspection
object_ahg_Tex_004B88,UNKNOWN,UNKNOWN,no semantic evidence (offset-named or unkeyworded),in-engine draw capture + surface mapping; visual texture inspection
object_ahg_Tex_004C88,UNKNOWN,UNKNOWN,no semantic evidence (offset-named or unkeyworded),in-engine draw capture + surface mapping; visual texture inspection
object_amTex_002638,UNKNOWN,UNKNOWN,no semantic evidence (offset-named or unkeyworded),in-engine draw capture + surface mapping; visual texture inspection
object_amTex_002838,UNKNOWN,UNKNOWN,no semantic evidence (offset-named or unkeyworded),in-engine draw capture + surface mapping; visual texture inspection
object_amTex_002938,UNKNOWN,UNKNOWN,no semantic evidence (offset-named or unkeyworded),in-engine draw capture + surface mapping; visual texture inspection
object_amTex_002D38,UNKNOWN,UNKNOWN,no semantic evidence (offset-named or unkeyworded),in-engine draw capture + surface mapping; visual texture inspection
object_amTex_002E38,UNKNOWN,UNKNOWN,no semantic evidence (offset-named or unkeyworded),in-engine draw capture + surface mapping; visual texture inspection
object_amTex_003038,UNKNOWN,UNKNOWN,no semantic evidence (offset-named or unkeyworded),in-engine draw capture + surface mapping; visual texture inspection
object_amTex_003238,UNKNOWN,UNKNOWN,no semantic evidence (offset-named or unkeyworded),in-engine draw capture + surface mapping; visual texture inspection
object_amTex_003A38,UNKNOWN,UNKNOWN,no semantic evidence (offset-named or unkeyworded),in-engine draw capture + surface mapping; visual texture inspection
object_amTex_003C38,UNKNOWN,UNKNOWN,no semantic evidence (offset-named or unkeyworded),in-engine draw capture + surface mapping; visual texture inspection
object_amTex_004438,UNKNOWN,UNKNOWN,no semantic evidence (offset-named or unkeyworded),in-engine draw capture + surface mapping; visual texture inspection
object_amTex_004C38,UNKNOWN,UNKNOWN,no semantic evidence (offset-named or unkeyworded),in-engine draw capture + surface mapping; visual texture inspection
object_amTex_005438,UNKNOWN,UNKNOWN,no semantic evidence (offset-named or unkeyworded),in-engine draw capture + surface mapping; visual texture inspection
object_amTex_005478,UNKNOWN,UNKNOWN,no semantic evidence (offset-named or unkeyworded),in-engine draw capture + surface mapping; visual texture inspection
gCuccoLadyShirtButtonTex,UNKNOWN,UNKNOWN,no semantic evidence (offset-named or unkeyworded),in-engine draw capture + surface mapping; visual texture inspection
gCuccoLadySkirtTex,UNKNOWN,UNKNOWN,no semantic evidence (offset-named or unkeyworded),in-engine draw capture + surface mapping; visual texture inspection
gCuccoLadySleeveTex,UNKNOWN,UNKNOWN,no semantic evidence (offset-named or unkeyworded),in-engine draw capture + surface mapping; visual texture inspection
gCuccoLadyTex_0388,UNKNOWN,UNKNOWN,no semantic evidence (offset-named or unkeyworded),in-engine draw capture + surface mapping; visual texture inspection
gCuccoLadyWaistTex,UNKNOWN,UNKNOWN,no semantic evidence (offset-named or unkeyworded),in-engine draw capture + surface mapping; visual texture inspection
gRoofManThighGradientTex,UNKNOWN,UNKNOWN,no semantic evidence (offset-named or unkeyworded),in-engine draw capture + surface mapping; visual texture inspection
gRoofManTrouserPatternTex,UNKNOWN,UNKNOWN,no semantic evidence (offset-named or unkeyworded),in-engine draw capture + surface mapping; visual texture inspection
object_aniTex_0011D8,UNKNOWN,UNKNOWN,no semantic evidence (offset-named or unkeyworded),in-engine draw capture + surface mapping; visual texture inspection
gDogLadyDressShoulderPatternTex,UNKNOWN,UNKNOWN,no semantic evidence (offset-named or unkeyworded),in-engine draw capture + surface mapping; visual texture inspection
gDogLadyDressTex,UNKNOWN,UNKNOWN,no semantic evidence (offset-named or unkeyworded),in-engine draw capture + surface mapping; visual texture inspection
gDogLadyNostrilTex,UNKNOWN,UNKNOWN,no semantic evidence (offset-named or unkeyworded),in-engine draw capture + surface mapping; visual texture inspection
object_bba_Tex_000308,UNKNOWN,UNKNOWN,no semantic evidence (offset-named or unkeyworded),in-engine draw capture + surface mapping; visual texture inspection
object_bba_Tex_000348,UNKNOWN,UNKNOWN,no semantic evidence (offset-named or unkeyworded),in-engine draw capture + surface mapping; visual texture inspection
object_bba_Tex_000388,UNKNOWN,UNKNOWN,no semantic evidence (offset-named or unkeyworded),in-engine draw capture + surface mapping; visual texture inspection
object_bba_Tex_000488,UNKNOWN,UNKNOWN,no semantic evidence (offset-named or unkeyworded),in-engine draw capture + surface mapping; visual texture inspection
object_bba_Tex_0004C8,UNKNOWN,UNKNOWN,no semantic evidence (offset-named or unkeyworded),in-engine draw capture + surface mapping; visual texture inspection
object_bba_Tex_000CC8,UNKNOWN,UNKNOWN,no semantic evidence (offset-named or unkeyworded),in-engine draw capture + surface mapping; visual texture inspection
object_bba_Tex_000DC8,UNKNOWN,UNKNOWN,no semantic evidence (offset-named or unkeyworded),in-engine draw capture + surface mapping; visual texture inspection
object_bba_Tex_000E08,UNKNOWN,UNKNOWN,no semantic evidence (offset-named or unkeyworded),in-engine draw capture + surface mapping; visual texture inspection
object_bba_Tex_000F08,UNKNOWN,UNKNOWN,no semantic evidence (offset-named or unkeyworded),in-engine draw capture + surface mapping; visual texture inspection
gJabuObjectsTex_00140,UNKNOWN,UNKNOWN,no semantic evidence (offset-named or unkeyworded),in-engine draw capture + surface mapping; visual texture inspection
gJabuObjectsTex_007A0,UNKNOWN,UNKNOWN,no semantic evidence (offset-named or unkeyworded),in-engine draw capture + surface mapping; visual texture inspection
gJabuObjectsTex_00E00,UNKNOWN,UNKNOWN,no semantic evidence (offset-named or unkeyworded),in-engine draw capture + surface mapping; visual texture inspection
gJabuObjectsTex_01460,UNKNOWN,UNKNOWN,no semantic evidence (offset-named or unkeyworded),in-engine draw capture + surface mapping; visual texture inspection
gJabuObjectsTex_01AC0,UNKNOWN,UNKNOWN,no semantic evidence (offset-named or unkeyworded),in-engine draw capture + surface mapping; visual texture inspection
gJabuObjectsTex_02120,UNKNOWN,UNKNOWN,no semantic evidence (offset-named or unkeyworded),in-engine draw capture + surface mapping; visual texture inspection
gJabuObjectsTex_02780,UNKNOWN,UNKNOWN,no semantic evidence (offset-named or unkeyworded),in-engine draw capture + surface mapping; visual texture inspection
gJabuObjectsTex_02DE0,UNKNOWN,UNKNOWN,no semantic evidence (offset-named or unkeyworded),in-engine draw capture + surface mapping; visual texture inspection
gJabuObjectsTex_03498,UNKNOWN,UNKNOWN,no semantic evidence (offset-named or unkeyworded),in-engine draw capture + surface mapping; visual texture inspection
gJabuObjectsTex_03BB8,UNKNOWN,UNKNOWN,no semantic evidence (offset-named or unkeyworded),in-engine draw capture + surface mapping; visual texture inspection
gJabuObjectsTex_043B8,UNKNOWN,UNKNOWN,no semantic evidence (offset-named or unkeyworded),in-engine draw capture + surface mapping; visual texture inspection
gJabuObjectsTex_06748,UNKNOWN,UNKNOWN,no semantic evidence (offset-named or unkeyworded),in-engine draw capture + surface mapping; visual texture inspection
gJabuObjectsTex_06B48,UNKNOWN,UNKNOWN,no semantic evidence (offset-named or unkeyworded),in-engine draw capture + surface mapping; visual texture inspection
gJabuObjectsTex_07348,UNKNOWN,UNKNOWN,no semantic evidence (offset-named or unkeyworded),in-engine draw capture + surface mapping; visual texture inspection
gJabuObjectsTex_08D10,UNKNOWN,UNKNOWN,no semantic evidence (offset-named or unkeyworded),in-engine draw capture + surface mapping; visual texture inspection
gJabuObjectsTex_09D10,UNKNOWN,UNKNOWN,no semantic evidence (offset-named or unkeyworded),in-engine draw capture + surface mapping; visual texture inspection
gJabuObjectsTex_0A510,UNKNOWN,UNKNOWN,no semantic evidence (offset-named or unkeyworded),in-engine draw capture + surface mapping; visual texture inspection
gJabuObjectsTex_0B510,UNKNOWN,UNKNOWN,no semantic evidence (offset-named or unkeyworded),in-engine draw capture + surface mapping; visual texture inspection
gJabuObjectsTex_0BD10,UNKNOWN,UNKNOWN,no semantic evidence (offset-named or unkeyworded),in-engine draw capture + surface mapping; visual texture inspection
gJabuObjectsTex_0C510,UNKNOWN,UNKNOWN,no semantic evidence (offset-named or unkeyworded),in-engine draw capture + surface mapping; visual texture inspection
gBossDoorFireTex,LAVA,WOOD,keyword collision (shared name evidence),in-engine draw capture + surface mapping; visual texture inspection
gBossDoorWaterTex,WATER,WOOD,keyword collision (shared name evidence),in-engine draw capture + surface mapping; visual texture inspection
gChuGirlSweaterTex,UNKNOWN,UNKNOWN,no semantic evidence (offset-named or unkeyworded),in-engine draw capture + surface mapping; visual texture inspection
object_bigokuta_Tex_005B90,UNKNOWN,UNKNOWN,no semantic evidence (offset-named or unkeyworded),in-engine draw capture + surface mapping; visual texture inspection
object_bigokuta_Tex_005D90,UNKNOWN,UNKNOWN,no semantic evidence (offset-named or unkeyworded),in-engine draw capture + surface mapping; visual texture inspection
object_bigokuta_Tex_005E90,UNKNOWN,UNKNOWN,no semantic evidence (offset-named or unkeyworded),in-engine draw capture + surface mapping; visual texture inspection
object_bigokuta_Tex_006090,UNKNOWN,UNKNOWN,no semantic evidence (offset-named or unkeyworded),in-engine draw capture + surface mapping; visual texture inspection
object_bigokuta_Tex_006290,UNKNOWN,UNKNOWN,no semantic evidence (offset-named or unkeyworded),in-engine draw capture + surface mapping; visual texture inspection
object_bigokuta_Tex_006310,UNKNOWN,UNKNOWN,no semantic evidence (offset-named or unkeyworded),in-engine draw capture + surface mapping; visual texture inspection
object_bigokuta_Tex_006390,UNKNOWN,UNKNOWN,no semantic evidence (offset-named or unkeyworded),in-engine draw capture + surface mapping; visual texture inspection
object_bigokuta_Tex_006590,UNKNOWN,UNKNOWN,no semantic evidence (offset-named or unkeyworded),in-engine draw capture + surface mapping; visual texture inspection
object_bigokuta_Tex_006790,UNKNOWN,UNKNOWN,no semantic evidence (offset-named or unkeyworded),in-engine draw capture + surface mapping; visual texture inspection
object_bigokuta_Tex_006890,UNKNOWN,UNKNOWN,no semantic evidence (offset-named or unkeyworded),in-engine draw capture + surface mapping; visual texture inspection
gBirdTailTex,UNKNOWN,UNKNOWN,no semantic evidence (offset-named or unkeyworded),in-engine draw capture + surface mapping; visual texture inspection
gBirdWingTex,UNKNOWN,UNKNOWN,no semantic evidence (offset-named or unkeyworded),in-engine draw capture + surface mapping; visual texture inspection
object_bji_Tex_0002FC,UNKNOWN,UNKNOWN,no semantic evidence (offset-named or unkeyworded),in-engine draw capture + surface mapping; visual texture inspection
object_bji_Tex_00033C,UNKNOWN,UNKNOWN,no semantic evidence (offset-named or unkeyworded),in-engine draw capture + surface mapping; visual texture inspection
object_bji_Tex_00037C,UNKNOWN,UNKNOWN,no semantic evidence (offset-named or unkeyworded),in-engine draw capture + surface mapping; visual texture inspection
object_bji_Tex_00047C,UNKNOWN,UNKNOWN,no semantic evidence (offset-named or unkeyworded),in-engine draw capture + surface mapping; visual texture inspection
object_bji_Tex_0004BC,UNKNOWN,UNKNOWN,no semantic evidence (offset-named or unkeyworded),in-engine draw capture + surface mapping; visual texture inspection
object_bji_Tex_0004FC,UNKNOWN,UNKNOWN,no semantic evidence (offset-named or unkeyworded),in-engine draw capture + surface mapping; visual texture inspection
object_bji_Tex_0005FC,UNKNOWN,UNKNOWN,no semantic evidence (offset-named or unkeyworded),in-engine draw capture + surface mapping; visual texture inspection
object_bji_Tex_0009FC,UNKNOWN,UNKNOWN,no semantic evidence (offset-named or unkeyworded),in-engine draw capture + surface mapping; visual texture inspection
object_bji_Tex_000DFC,UNKNOWN,UNKNOWN,no semantic evidence (offset-named or unkeyworded),in-engine draw capture + surface mapping; visual texture inspection
object_bji_Tex_0011FC,UNKNOWN,UNKNOWN,no semantic evidence (offset-named or unkeyworded),in-engine draw capture + surface mapping; visual texture inspection
object_bji_Tex_003908,UNKNOWN,UNKNOWN,no semantic evidence (offset-named or unkeyworded),in-engine draw capture + surface mapping; visual texture inspection
object_bji_Tex_003988,UNKNOWN,UNKNOWN,no semantic evidence (offset-named or unkeyworded),in-engine draw capture + surface mapping; visual texture inspection
object_bji_Tex_003A08,UNKNOWN,UNKNOWN,no semantic evidence (offset-named or unkeyworded),in-engine draw capture + surface mapping; visual texture inspection
gBiriInnerHoodTex,UNKNOWN,UNKNOWN,no semantic evidence (offset-named or unkeyworded),in-engine draw capture + surface mapping; visual texture inspection
gBiriOuterHoodTex,UNKNOWN,UNKNOWN,no semantic evidence (offset-named or unkeyworded),in-engine draw capture + surface mapping; visual texture inspection
object_blkobjTex_008090,UNKNOWN,UNKNOWN,no semantic evidence (offset-named or unkeyworded),in-engine draw capture + surface mapping; visual texture inspection
object_blkobjTex_008890,UNKNOWN,UNKNOWN,no semantic evidence (offset-named or unkeyworded),in-engine draw capture + surface mapping; visual texture inspection
object_blkobjTex_009090,UNKNOWN,UNKNOWN,no semantic evidence (offset-named or unkeyworded),in-engine draw capture + surface mapping; visual texture inspection
object_blkobjTex_009890,UNKNOWN,UNKNOWN,no semantic evidence (offset-named or unkeyworded),in-engine draw capture + surface mapping; visual texture inspection
object_blkobjTex_00A090,UNKNOWN,UNKNOWN,no semantic evidence (offset-named or unkeyworded),in-engine draw capture + surface mapping; visual texture inspection
object_blkobjTex_00A890,UNKNOWN,UNKNOWN,no semantic evidence (offset-named or unkeyworded),in-engine draw capture + surface mapping; visual texture inspection
object_blkobjTex_00B090,UNKNOWN,UNKNOWN,no semantic evidence (offset-named or unkeyworded),in-engine draw capture + surface mapping; visual texture inspection
object_blkobjTex_00B890,UNKNOWN,UNKNOWN,no semantic evidence (offset-named or unkeyworded),in-engine draw capture + surface mapping; visual texture inspection
object_blkobjTex_00C090,UNKNOWN,UNKNOWN,no semantic evidence (offset-named or unkeyworded),in-engine draw capture + surface mapping; visual texture inspection
object_blkobjTex_00C890,UNKNOWN,UNKNOWN,no semantic evidence (offset-named or unkeyworded),in-engine draw capture + surface mapping; visual texture inspection
object_blkobjTex_00D090,UNKNOWN,UNKNOWN,no semantic evidence (offset-named or unkeyworded),in-engine draw capture + surface mapping; visual texture inspection
object_blkobjTex_00D890,UNKNOWN,UNKNOWN,no semantic evidence (offset-named or unkeyworded),in-engine draw capture + surface mapping; visual texture inspection
object_blkobjTex_00E090,UNKNOWN,UNKNOWN,no semantic evidence (offset-named or unkeyworded),in-engine draw capture + surface mapping; visual texture inspection
object_blkobjTex_00E890,UNKNOWN,UNKNOWN,no semantic evidence (offset-named or unkeyworded),in-engine draw capture + surface mapping; visual texture inspection
object_blkobjTex_00F890,UNKNOWN,UNKNOWN,no semantic evidence (offset-named or unkeyworded),in-engine draw capture + surface mapping; visual texture inspection
object_blkobjTex_010090,UNKNOWN,UNKNOWN,no semantic evidence (offset-named or unkeyworded),in-engine draw capture + surface mapping; visual texture inspection
object_blkobjTex_010890,UNKNOWN,UNKNOWN,no semantic evidence (offset-named or unkeyworded),in-engine draw capture + surface mapping; visual texture inspection
object_blkobjTex_011090,UNKNOWN,UNKNOWN,no semantic evidence (offset-named or unkeyworded),in-engine draw capture + surface mapping; visual texture inspection
object_blkobjTex_011890,UNKNOWN,UNKNOWN,no semantic evidence (offset-named or unkeyworded),in-engine draw capture + surface mapping; visual texture inspection
object_blkobjTex_012090,UNKNOWN,UNKNOWN,no semantic evidence (offset-named or unkeyworded),in-engine draw capture + surface mapping; visual texture inspection
object_blkobjTex_012890,UNKNOWN,UNKNOWN,no semantic evidence (offset-named or unkeyworded),in-engine draw capture + surface mapping; visual texture inspection
object_blkobjTex_013090,UNKNOWN,UNKNOWN,no semantic evidence (offset-named or unkeyworded),in-engine draw capture + surface mapping; visual texture inspection
object_bob_Tex_000308,UNKNOWN,UNKNOWN,no semantic evidence (offset-named or unkeyworded),in-engine draw capture + surface mapping; visual texture inspection
object_bob_Tex_000348,UNKNOWN,UNKNOWN,no semantic evidence (offset-named or unkeyworded),in-engine draw capture + surface mapping; visual texture inspection
object_bob_Tex_000388,UNKNOWN,UNKNOWN,no semantic evidence (offset-named or unkeyworded),in-engine draw capture + surface mapping; visual texture inspection
object_bob_Tex_000788,UNKNOWN,UNKNOWN,no semantic evidence (offset-named or unkeyworded),in-engine draw capture + surface mapping; visual texture inspection
object_bob_Tex_0007C8,UNKNOWN,UNKNOWN,no semantic evidence (offset-named or unkeyworded),in-engine draw capture + surface mapping; visual texture inspection
object_bob_Tex_000FC8,UNKNOWN,UNKNOWN,no semantic evidence (offset-named or unkeyworded),in-engine draw capture + surface mapping; visual texture inspection
object_bob_Tex_0017C8,UNKNOWN,UNKNOWN,no semantic evidence (offset-named or unkeyworded),in-engine draw capture + surface mapping; visual texture inspection
object_bob_Tex_001FC8,UNKNOWN,UNKNOWN,no semantic evidence (offset-named or unkeyworded),in-engine draw capture + surface mapping; visual texture inspection
object_bob_Tex_0020C8,UNKNOWN,UNKNOWN,no semantic evidence (offset-named or unkeyworded),in-engine draw capture + surface mapping; visual texture inspection
object_bob_Tex_0021C8,UNKNOWN,UNKNOWN,no semantic evidence (offset-named or unkeyworded),in-engine draw capture + surface mapping; visual texture inspection
object_bob_Tex_002208,UNKNOWN,UNKNOWN,no semantic evidence (offset-named or unkeyworded),in-engine draw capture + surface mapping; visual texture inspection
object_boj_Tex_0002FC,UNKNOWN,UNKNOWN,no semantic evidence (offset-named or unkeyworded),in-engine draw capture + surface mapping; visual texture inspection
object_boj_Tex_00037C,UNKNOWN,UNKNOWN,no semantic evidence (offset-named or unkeyworded),in-engine draw capture + surface mapping; visual texture inspection
object_boj_Tex_0003BC,UNKNOWN,UNKNOWN,no semantic evidence (offset-named or unkeyworded),in-engine draw capture + surface mapping; visual texture inspection
object_boj_Tex_0005BC,UNKNOWN,UNKNOWN,no semantic evidence (offset-named or unkeyworded),in-engine draw capture + surface mapping; visual texture inspection
object_boj_Tex_0005FC,UNKNOWN,UNKNOWN,no semantic evidence (offset-named or unkeyworded),in-engine draw capture + surface mapping; visual texture inspection
object_boj_Tex_0006FC,UNKNOWN,UNKNOWN,no semantic evidence (offset-named or unkeyworded),in-engine draw capture + surface mapping; visual texture inspection
object_boj_Tex_0007FC,UNKNOWN,UNKNOWN,no semantic evidence (offset-named or unkeyworded),in-engine draw capture + surface mapping; visual texture inspection
object_boj_Tex_0008FC,UNKNOWN,UNKNOWN,no semantic evidence (offset-named or unkeyworded),in-engine draw capture + surface mapping; visual texture inspection
object_boj_Tex_00093C,UNKNOWN,UNKNOWN,no semantic evidence (offset-named or unkeyworded),in-engine draw capture + surface mapping; visual texture inspection
object_boj_Tex_000A3C,UNKNOWN,UNKNOWN,no semantic evidence (offset-named or unkeyworded),in-engine draw capture + surface mapping; visual texture inspection
object_boj_Tex_000A7C,UNKNOWN,UNKNOWN,no semantic evidence (offset-named or unkeyworded),in-engine draw capture + surface mapping; visual texture inspection
object_boj_Tex_003D90,UNKNOWN,UNKNOWN,no semantic evidence (offset-named or unkeyworded),in-engine draw capture + surface mapping; visual texture inspection
object_boj_Tex_003DD0,UNKNOWN,UNKNOWN,no semantic evidence (offset-named or unkeyworded),in-engine draw capture + surface mapping; visual texture inspection
object_boj_Tex_003ED0,UNKNOWN,UNKNOWN,no semantic evidence (offset-named or unkeyworded),in-engine draw capture + surface mapping; visual texture inspection
object_boj_Tex_003FD0,UNKNOWN,UNKNOWN,no semantic evidence (offset-named or unkeyworded),in-engine draw capture + surface mapping; visual texture inspection
object_boj_Tex_004050,UNKNOWN,UNKNOWN,no semantic evidence (offset-named or unkeyworded),in-engine draw capture + surface mapping; visual texture inspection
object_boj_Tex_004150,UNKNOWN,UNKNOWN,no semantic evidence (offset-named or unkeyworded),in-engine draw capture + surface mapping; visual texture inspection
object_boj_Tex_004250,UNKNOWN,UNKNOWN,no semantic evidence (offset-named or unkeyworded),in-engine draw capture + surface mapping; visual texture inspection
gBombFlowerBombTex,FOLIAGE,METAL,keyword collision (shared name evidence),in-engine draw capture + surface mapping; visual texture inspection
gBombFlowerFuseTex,FOLIAGE,METAL,keyword collision (shared name evidence),in-engine draw capture + surface mapping; visual texture inspection
gBombFlowerLeafOutwardsTex,FOLIAGE,METAL,keyword collision (shared name evidence),in-engine draw capture + surface mapping; visual texture inspection
gBombFlowerLeafUpwardsTex,FOLIAGE,METAL,keyword collision (shared name evidence),in-engine draw capture + surface mapping; visual texture inspection
gBowlingStoneWallTex,CERAMIC,STONE,keyword collision (shared name evidence),in-engine draw capture + surface mapping; visual texture inspection
gBowlingStripesTex,CERAMIC,WOOD,keyword collision (shared name evidence),in-engine draw capture + surface mapping; visual texture inspection
gBowlingWoodPanelTex,GLASS,CERAMIC,keyword collision (shared name evidence),in-engine draw capture + surface mapping; visual texture inspection
gTreasureChestBossKeyFrontTex,METAL,WOOD,keyword collision (shared name evidence),in-engine draw capture + surface mapping; visual texture inspection
gTreasureChestBossKeySideAndTopTex,METAL,WOOD,keyword collision (shared name evidence),in-engine draw capture + surface mapping; visual texture inspection
gTreasureChestFrontTex,METAL,WOOD,keyword collision (shared name evidence),in-engine draw capture + surface mapping; visual texture inspection
gTreasureChestSideAndTopTex,METAL,WOOD,keyword collision (shared name evidence),in-engine draw capture + surface mapping; visual texture inspection
object_brob_Tex_000D48,UNKNOWN,UNKNOWN,no semantic evidence (offset-named or unkeyworded),in-engine draw capture + surface mapping; visual texture inspection
gBubbleTex,UNKNOWN,UNKNOWN,no semantic evidence (offset-named or unkeyworded),in-engine draw capture + surface mapping; visual texture inspection
object_bvTex_000040,UNKNOWN,UNKNOWN,no semantic evidence (offset-named or unkeyworded),in-engine draw capture + surface mapping; visual texture inspection
object_bvTex_000840,UNKNOWN,UNKNOWN,no semantic evidence (offset-named or unkeyworded),in-engine draw capture + surface mapping; visual texture inspection
object_bvTex_000A40,UNKNOWN,UNKNOWN,no semantic evidence (offset-named or unkeyworded),in-engine draw capture + surface mapping; visual texture inspection
object_bvTex_0051A0,UNKNOWN,UNKNOWN,no semantic evidence (offset-named or unkeyworded),in-engine draw capture + surface mapping; visual texture inspection
object_bvTex_0052A0,UNKNOWN,UNKNOWN,no semantic evidence (offset-named or unkeyworded),in-engine draw capture + surface mapping; visual texture inspection
object_bvTex_0053A0,UNKNOWN,UNKNOWN,no semantic evidence (offset-named or unkeyworded),in-engine draw capture + surface mapping; visual texture inspection
object_bvTex_0055A0,UNKNOWN,UNKNOWN,no semantic evidence (offset-named or unkeyworded),in-engine draw capture + surface mapping; visual texture inspection
object_bvTex_0059A0,UNKNOWN,UNKNOWN,no semantic evidence (offset-named or unkeyworded),in-engine draw capture + surface mapping; visual texture inspection
object_bvTex_005DA0,UNKNOWN,UNKNOWN,no semantic evidence (offset-named or unkeyworded),in-engine draw capture + surface mapping; visual texture inspection
object_bvTex_0065A0,UNKNOWN,UNKNOWN,no semantic evidence (offset-named or unkeyworded),in-engine draw capture + surface mapping; visual texture inspection
object_bvTex_008F88,UNKNOWN,UNKNOWN,no semantic evidence (offset-named or unkeyworded),in-engine draw capture + surface mapping; visual texture inspection
object_bvTex_0117B8,UNKNOWN,UNKNOWN,no semantic evidence (offset-named or unkeyworded),in-engine draw capture + surface mapping; visual texture inspection
object_bvTex_0119B8,UNKNOWN,UNKNOWN,no semantic evidence (offset-named or unkeyworded),in-engine draw capture + surface mapping; visual texture inspection
object_bvTex_011BB8,UNKNOWN,UNKNOWN,no semantic evidence (offset-named or unkeyworded),in-engine draw capture + surface mapping; visual texture inspection
object_bvTex_012CE0,UNKNOWN,UNKNOWN,no semantic evidence (offset-named or unkeyworded),in-engine draw capture + surface mapping; visual texture inspection
object_bvTex_013660,UNKNOWN,UNKNOWN,no semantic evidence (offset-named or unkeyworded),in-engine draw capture + surface mapping; visual texture inspection
object_bvTex_0170D8,UNKNOWN,UNKNOWN,no semantic evidence (offset-named or unkeyworded),in-engine draw capture + surface mapping; visual texture inspection
object_bvTex_0171D8,UNKNOWN,UNKNOWN,no semantic evidence (offset-named or unkeyworded),in-engine draw capture + surface mapping; visual texture inspection
object_bvTex_018770,UNKNOWN,UNKNOWN,no semantic evidence (offset-named or unkeyworded),in-engine draw capture + surface mapping; visual texture inspection
object_bvTex_018D30,UNKNOWN,UNKNOWN,no semantic evidence (offset-named or unkeyworded),in-engine draw capture + surface mapping; visual texture inspection
object_bvTex_018E30,UNKNOWN,UNKNOWN,no semantic evidence (offset-named or unkeyworded),in-engine draw capture + surface mapping; visual texture inspection
object_bvTex_019BB8,UNKNOWN,UNKNOWN,no semantic evidence (offset-named or unkeyworded),in-engine draw capture + surface mapping; visual texture inspection
object_bvTex_01A6B8,UNKNOWN,UNKNOWN,no semantic evidence (offset-named or unkeyworded),in-engine draw capture + surface mapping; visual texture inspection
object_bvTex_01B1B8,UNKNOWN,UNKNOWN,no semantic evidence (offset-named or unkeyworded),in-engine draw capture + surface mapping; visual texture inspection
object_bvTex_01BCB8,UNKNOWN,UNKNOWN,no semantic evidence (offset-named or unkeyworded),in-engine draw capture + surface mapping; visual texture inspection
object_bvTex_01C7B8,UNKNOWN,UNKNOWN,no semantic evidence (offset-named or unkeyworded),in-engine draw capture + surface mapping; visual texture inspection
object_bvTex_01D2B8,UNKNOWN,UNKNOWN,no semantic evidence (offset-named or unkeyworded),in-engine draw capture + surface mapping; visual texture inspection
object_bvTex_01DDB8,UNKNOWN,UNKNOWN,no semantic evidence (offset-named or unkeyworded),in-engine draw capture + surface mapping; visual texture inspection
object_bvTex_01E8B8,UNKNOWN,UNKNOWN,no semantic evidence (offset-named or unkeyworded),in-engine draw capture + surface mapping; visual texture inspection
gTorchSlugEyestalkTex,BONE,SKIN,keyword collision (shared name evidence),in-engine draw capture + surface mapping; visual texture inspection
object_bxa_Tex_000C40,UNKNOWN,UNKNOWN,no semantic evidence (offset-named or unkeyworded),in-engine draw capture + surface mapping; visual texture inspection
object_bxa_Tex_001440,UNKNOWN,UNKNOWN,no semantic evidence (offset-named or unkeyworded),in-engine draw capture + surface mapping; visual texture inspection
object_bxa_Tex_0024F0,UNKNOWN,UNKNOWN,no semantic evidence (offset-named or unkeyworded),in-engine draw capture + surface mapping; visual texture inspection
object_bxa_Tex_0026F0,UNKNOWN,UNKNOWN,no semantic evidence (offset-named or unkeyworded),in-engine draw capture + surface mapping; visual texture inspection
object_bxa_Tex_0027F0,UNKNOWN,UNKNOWN,no semantic evidence (offset-named or unkeyworded),in-engine draw capture + surface mapping; visual texture inspection
object_bxa_Tex_0029F0,UNKNOWN,UNKNOWN,no semantic evidence (offset-named or unkeyworded),in-engine draw capture + surface mapping; visual texture inspection
gCneDressTex,UNKNOWN,UNKNOWN,no semantic evidence (offset-named or unkeyworded),in-engine draw capture + surface mapping; visual texture inspection
object_cob_Tex_000200,UNKNOWN,UNKNOWN,no semantic evidence (offset-named or unkeyworded),in-engine draw capture + surface mapping; visual texture inspection
object_cob_Tex_000280,UNKNOWN,UNKNOWN,no semantic evidence (offset-named or unkeyworded),in-engine draw capture + surface mapping; visual texture inspection
object_cob_Tex_0002C0,UNKNOWN,UNKNOWN,no semantic evidence (offset-named or unkeyworded),in-engine draw capture + surface mapping; visual texture inspection
object_cob_Tex_000300,UNKNOWN,UNKNOWN,no semantic evidence (offset-named or unkeyworded),in-engine draw capture + surface mapping; visual texture inspection
object_cob_Tex_000340,UNKNOWN,UNKNOWN,no semantic evidence (offset-named or unkeyworded),in-engine draw capture + surface mapping; visual texture inspection
gCowTailTex,UNKNOWN,UNKNOWN,no semantic evidence (offset-named or unkeyworded),in-engine draw capture + surface mapping; visual texture inspection
gCowUdderTex,UNKNOWN,UNKNOWN,no semantic evidence (offset-named or unkeyworded),in-engine draw capture + surface mapping; visual texture inspection
gGuayTailTex,UNKNOWN,UNKNOWN,no semantic evidence (offset-named or unkeyworded),in-engine draw capture + surface mapping; visual texture inspection
gGraveyardKidBoot1Tex,LEATHER,STONE,keyword collision (shared name evidence),in-engine draw capture + surface mapping; visual texture inspection
gGraveyardKidBoot2Tex,LEATHER,STONE,keyword collision (shared name evidence),in-engine draw capture + surface mapping; visual texture inspection
gGraveyardKidEarTex,SKIN,STONE,keyword collision (shared name evidence),in-engine draw capture + surface mapping; visual texture inspection
gGraveyardKidEyesClosedTex,SKIN,STONE,keyword collision (shared name evidence),in-engine draw capture + surface mapping; visual texture inspection
gGraveyardKidEyesHalfTex,SKIN,STONE,keyword collision (shared name evidence),in-engine draw capture + surface mapping; visual texture inspection
gGraveyardKidEyesOpenTex,SKIN,STONE,keyword collision (shared name evidence),in-engine draw capture + surface mapping; visual texture inspection
gGraveyardKidFingersTex,SKIN,STONE,keyword collision (shared name evidence),in-engine draw capture + surface mapping; visual texture inspection
gGraveyardKidHairTex,SKIN,STONE,keyword collision (shared name evidence),in-engine draw capture + surface mapping; visual texture inspection
gGraveyardKidMouthTex,SKIN,STONE,keyword collision (shared name evidence),in-engine draw capture + surface mapping; visual texture inspection
gGraveyardKidNoseTex,SKIN,STONE,keyword collision (shared name evidence),in-engine draw capture + surface mapping; visual texture inspection
gGraveyardKidStickTex,WOOD,STONE,keyword collision (shared name evidence),in-engine draw capture + surface mapping; visual texture inspection
object_d_elevator_Tex_000390,UNKNOWN,UNKNOWN,no semantic evidence (offset-named or unkeyworded),in-engine draw capture + surface mapping; visual texture inspection
gCollapsingPlatformSideTex,UNKNOWN,UNKNOWN,no semantic evidence (offset-named or unkeyworded),in-engine draw capture + surface mapping; visual texture inspection
gCollapsingPlatformTopTex,UNKNOWN,UNKNOWN,no semantic evidence (offset-named or unkeyworded),in-engine draw capture + surface mapping; visual texture inspection
object_daiku_Tex_001CC0,UNKNOWN,UNKNOWN,no semantic evidence (offset-named or unkeyworded),in-engine draw capture + surface mapping; visual texture inspection
object_daiku_Tex_001D00,UNKNOWN,UNKNOWN,no semantic evidence (offset-named or unkeyworded),in-engine draw capture + surface mapping; visual texture inspection
object_daiku_Tex_001E00,UNKNOWN,UNKNOWN,no semantic evidence (offset-named or unkeyworded),in-engine draw capture + surface mapping; visual texture inspection
object_daiku_Tex_001E20,UNKNOWN,UNKNOWN,no semantic evidence (offset-named or unkeyworded),in-engine draw capture + surface mapping; visual texture inspection
object_daiku_Tex_001EA0,UNKNOWN,UNKNOWN,no semantic evidence (offset-named or unkeyworded),in-engine draw capture + surface mapping; visual texture inspection
object_daiku_Tex_001EE0,UNKNOWN,UNKNOWN,no semantic evidence (offset-named or unkeyworded),in-engine draw capture + surface mapping; visual texture inspection
object_daiku_Tex_001FE0,UNKNOWN,UNKNOWN,no semantic evidence (offset-named or unkeyworded),in-engine draw capture + surface mapping; visual texture inspection
object_daiku_Tex_002020,UNKNOWN,UNKNOWN,no semantic evidence (offset-named or unkeyworded),in-engine draw capture + surface mapping; visual texture inspection
object_daiku_Tex_002820,UNKNOWN,UNKNOWN,no semantic evidence (offset-named or unkeyworded),in-engine draw capture + surface mapping; visual texture inspection
object_daiku_Tex_002920,UNKNOWN,UNKNOWN,no semantic evidence (offset-named or unkeyworded),in-engine draw capture + surface mapping; visual texture inspection
object_daiku_Tex_002960,UNKNOWN,UNKNOWN,no semantic evidence (offset-named or unkeyworded),in-engine draw capture + surface mapping; visual texture inspection
object_daiku_Tex_0029A0,UNKNOWN,UNKNOWN,no semantic evidence (offset-named or unkeyworded),in-engine draw capture + surface mapping; visual texture inspection
gDodongoFallingStairsTex,UNKNOWN,UNKNOWN,no semantic evidence (offset-named or unkeyworded),in-engine draw capture + surface mapping; visual texture inspection
gDodongoRisingPlatformSide1Tex,UNKNOWN,UNKNOWN,no semantic evidence (offset-named or unkeyworded),in-engine draw capture + surface mapping; visual texture inspection
gDodongoRisingPlatformSide2Tex,UNKNOWN,UNKNOWN,no semantic evidence (offset-named or unkeyworded),in-engine draw capture + surface mapping; visual texture inspection
gDodongoRisingPlatformTopTex,UNKNOWN,UNKNOWN,no semantic evidence (offset-named or unkeyworded),in-engine draw capture + surface mapping; visual texture inspection
gDodongoTex_0410,UNKNOWN,UNKNOWN,no semantic evidence (offset-named or unkeyworded),in-engine draw capture + surface mapping; visual texture inspection
gDodongoTex_6F60,UNKNOWN,UNKNOWN,no semantic evidence (offset-named or unkeyworded),in-engine draw capture + surface mapping; visual texture inspection
gDekuBabaJawInnerTex,BONE,WOOD,keyword collision (shared name evidence),in-engine draw capture + surface mapping; visual texture inspection
gDekuBabaJawOuterTex,BONE,WOOD,keyword collision (shared name evidence),in-engine draw capture + surface mapping; visual texture inspection
gDekuBabaLeafTex,FOLIAGE,WOOD,keyword collision (shared name evidence),in-engine draw capture + surface mapping; visual texture inspection
gDekuNutsBodyTex,SKIN,WOOD,keyword collision (shared name evidence),in-engine draw capture + surface mapping; visual texture inspection
gDekuNutsEyeTex,SKIN,WOOD,keyword collision (shared name evidence),in-engine draw capture + surface mapping; visual texture inspection
gDekuNutsLeafTex,FOLIAGE,WOOD,keyword collision (shared name evidence),in-engine draw capture + surface mapping; visual texture inspection
gDekuNutsMouthTex,SKIN,WOOD,keyword collision (shared name evidence),in-engine draw capture + surface mapping; visual texture inspection
object_demo_6k_Tex_000000,UNKNOWN,UNKNOWN,no semantic evidence (offset-named or unkeyworded),in-engine draw capture + surface mapping; visual texture inspection
object_demo_6k_Tex_0010D0,UNKNOWN,UNKNOWN,no semantic evidence (offset-named or unkeyworded),in-engine draw capture + surface mapping; visual texture inspection
object_demo_6k_Tex_0025E0,UNKNOWN,UNKNOWN,no semantic evidence (offset-named or unkeyworded),in-engine draw capture + surface mapping; visual texture inspection
object_demo_kekkaiTex_000000,UNKNOWN,UNKNOWN,no semantic evidence (offset-named or unkeyworded),in-engine draw capture + surface mapping; visual texture inspection
object_demo_kekkaiTex_000800,UNKNOWN,UNKNOWN,no semantic evidence (offset-named or unkeyworded),in-engine draw capture + surface mapping; visual texture inspection
object_demo_kekkaiTex_001000,UNKNOWN,UNKNOWN,no semantic evidence (offset-named or unkeyworded),in-engine draw capture + surface mapping; visual texture inspection
object_demo_kekkaiTex_002450,UNKNOWN,UNKNOWN,no semantic evidence (offset-named or unkeyworded),in-engine draw capture + surface mapping; visual texture inspection
object_demo_kekkaiTex_0036A0,UNKNOWN,UNKNOWN,no semantic evidence (offset-named or unkeyworded),in-engine draw capture + surface mapping; visual texture inspection
object_demo_kekkaiTex_003EA0,UNKNOWN,UNKNOWN,no semantic evidence (offset-named or unkeyworded),in-engine draw capture + surface mapping; visual texture inspection
object_demo_kekkaiTex_004AC0,UNKNOWN,UNKNOWN,no semantic evidence (offset-named or unkeyworded),in-engine draw capture + surface mapping; visual texture inspection
object_demo_kekkaiTex_006140,UNKNOWN,UNKNOWN,no semantic evidence (offset-named or unkeyworded),in-engine draw capture + surface mapping; visual texture inspection
object_demo_kekkaiTex_006940,UNKNOWN,UNKNOWN,no semantic evidence (offset-named or unkeyworded),in-engine draw capture + surface mapping; visual texture inspection
object_demo_kekkaiTex_007DB0,UNKNOWN,UNKNOWN,no semantic evidence (offset-named or unkeyworded),in-engine draw capture + surface mapping; visual texture inspection
object_demo_kekkaiTex_0089D0,UNKNOWN,UNKNOWN,no semantic evidence (offset-named or unkeyworded),in-engine draw capture + surface mapping; visual texture inspection
object_demo_kekkaiTex_0092D0,UNKNOWN,UNKNOWN,no semantic evidence (offset-named or unkeyworded),in-engine draw capture + surface mapping; visual texture inspection
object_demo_kekkaiTex_00A440,UNKNOWN,UNKNOWN,no semantic evidence (offset-named or unkeyworded),in-engine draw capture + surface mapping; visual texture inspection
object_demo_kekkaiTex_00B540,UNKNOWN,UNKNOWN,no semantic evidence (offset-named or unkeyworded),in-engine draw capture + surface mapping; visual texture inspection
object_demo_kekkaiTex_00C0B0,UNKNOWN,UNKNOWN,no semantic evidence (offset-named or unkeyworded),in-engine draw capture + surface mapping; visual texture inspection
object_demo_kekkaiTex_00C8B0,UNKNOWN,UNKNOWN,no semantic evidence (offset-named or unkeyworded),in-engine draw capture + surface mapping; visual texture inspection
object_dh_Tex_000BF0,UNKNOWN,UNKNOWN,no semantic evidence (offset-named or unkeyworded),in-engine draw capture + surface mapping; visual texture inspection
object_dh_Tex_000FF0,UNKNOWN,UNKNOWN,no semantic evidence (offset-named or unkeyworded),in-engine draw capture + surface mapping; visual texture inspection
object_dh_Tex_004670,UNKNOWN,UNKNOWN,no semantic evidence (offset-named or unkeyworded),in-engine draw capture + surface mapping; visual texture inspection
object_dh_Tex_004A70,UNKNOWN,UNKNOWN,no semantic evidence (offset-named or unkeyworded),in-engine draw capture + surface mapping; visual texture inspection
object_dh_Tex_004E70,UNKNOWN,UNKNOWN,no semantic evidence (offset-named or unkeyworded),in-engine draw capture + surface mapping; visual texture inspection
object_dh_Tex_005070,UNKNOWN,UNKNOWN,no semantic evidence (offset-named or unkeyworded),in-engine draw capture + surface mapping; visual texture inspection
object_dh_Tex_0080C0,UNKNOWN,UNKNOWN,no semantic evidence (offset-named or unkeyworded),in-engine draw capture + surface mapping; visual texture inspection
object_dh_Tex_0088C0,UNKNOWN,UNKNOWN,no semantic evidence (offset-named or unkeyworded),in-engine draw capture + surface mapping; visual texture inspection
object_dnkTex_001BD0,UNKNOWN,UNKNOWN,no semantic evidence (offset-named or unkeyworded),in-engine draw capture + surface mapping; visual texture inspection
object_dnkTex_0023D0,UNKNOWN,UNKNOWN,no semantic evidence (offset-named or unkeyworded),in-engine draw capture + surface mapping; visual texture inspection
object_dnkTex_002650,UNKNOWN,UNKNOWN,no semantic evidence (offset-named or unkeyworded),in-engine draw capture + surface mapping; visual texture inspection
object_dnkTex_0026D0,UNKNOWN,UNKNOWN,no semantic evidence (offset-named or unkeyworded),in-engine draw capture + surface mapping; visual texture inspection
object_dnkTex_002850,UNKNOWN,UNKNOWN,no semantic evidence (offset-named or unkeyworded),in-engine draw capture + surface mapping; visual texture inspection
object_dnsTex_0024A0,UNKNOWN,UNKNOWN,no semantic evidence (offset-named or unkeyworded),in-engine draw capture + surface mapping; visual texture inspection
object_dnsTex_002CA0,UNKNOWN,UNKNOWN,no semantic evidence (offset-named or unkeyworded),in-engine draw capture + surface mapping; visual texture inspection
object_dnsTex_002F20,UNKNOWN,UNKNOWN,no semantic evidence (offset-named or unkeyworded),in-engine draw capture + surface mapping; visual texture inspection
object_dnsTex_002FA0,UNKNOWN,UNKNOWN,no semantic evidence (offset-named or unkeyworded),in-engine draw capture + surface mapping; visual texture inspection
object_dnsTex_003120,UNKNOWN,UNKNOWN,no semantic evidence (offset-named or unkeyworded),in-engine draw capture + surface mapping; visual texture inspection
object_dodojr_Tex_001700,UNKNOWN,UNKNOWN,no semantic evidence (offset-named or unkeyworded),in-engine draw capture + surface mapping; visual texture inspection
object_dodojr_Tex_001900,UNKNOWN,UNKNOWN,no semantic evidence (offset-named or unkeyworded),in-engine draw capture + surface mapping; visual texture inspection
object_dodojr_Tex_001A00,UNKNOWN,UNKNOWN,no semantic evidence (offset-named or unkeyworded),in-engine draw capture + surface mapping; visual texture inspection
object_dodojr_Tex_001C00,UNKNOWN,UNKNOWN,no semantic evidence (offset-named or unkeyworded),in-engine draw capture + surface mapping; visual texture inspection
gDodongoSpikeTex,UNKNOWN,UNKNOWN,no semantic evidence (offset-named or unkeyworded),in-engine draw capture + surface mapping; visual texture inspection
gDogFur1Tex,UNKNOWN,UNKNOWN,no semantic evidence (offset-named or unkeyworded),in-engine draw capture + surface mapping; visual texture inspection
gDogFur2Tex,UNKNOWN,UNKNOWN,no semantic evidence (offset-named or unkeyworded),in-engine draw capture + surface mapping; visual texture inspection
gDogFur3Tex,UNKNOWN,UNKNOWN,no semantic evidence (offset-named or unkeyworded),in-engine draw capture + surface mapping; visual texture inspection
gDogFur4Tex,UNKNOWN,UNKNOWN,no semantic evidence (offset-named or unkeyworded),in-engine draw capture + surface mapping; visual texture inspection
gDogPawTex,UNKNOWN,UNKNOWN,no semantic evidence (offset-named or unkeyworded),in-engine draw capture + surface mapping; visual texture inspection
gPotionShopLadyArmGradientTex,CERAMIC,SKIN,keyword collision (shared name evidence),in-engine draw capture + surface mapping; visual texture inspection
gPotionShopLadyCatPattern1Tex,CERAMIC,WOOD,keyword collision (shared name evidence),in-engine draw capture + surface mapping; visual texture inspection
gPotionShopLadyCatPattern2Tex,CERAMIC,WOOD,keyword collision (shared name evidence),in-engine draw capture + surface mapping; visual texture inspection
gPotionShopLadyEar1Tex,CERAMIC,SKIN,keyword collision (shared name evidence),in-engine draw capture + surface mapping; visual texture inspection
gPotionShopLadyEar2Tex,CERAMIC,SKIN,keyword collision (shared name evidence),in-engine draw capture + surface mapping; visual texture inspection
gPotionShopLadyEyeTex,CERAMIC,SKIN,keyword collision (shared name evidence),in-engine draw capture + surface mapping; visual texture inspection
gPotionShopLadyEyelashBottomTex,CERAMIC,SKIN,keyword collision (shared name evidence),in-engine draw capture + surface mapping; visual texture inspection
gPotionShopLadyEyelashTopTex,CERAMIC,SKIN,keyword collision (shared name evidence),in-engine draw capture + surface mapping; visual texture inspection
gPotionShopLadyHairTex,CERAMIC,SKIN,keyword collision (shared name evidence),in-engine draw capture + surface mapping; visual texture inspection
gPotionShopLadyShirtPatternTex,CERAMIC,WOOD,keyword collision (shared name evidence),in-engine draw capture + surface mapping; visual texture inspection
gPotionShopLadySkinGradientTex,CERAMIC,SKIN,keyword collision (shared name evidence),in-engine draw capture + surface mapping; visual texture inspection
gPotionShopkeeperEyeClosedTex,CERAMIC,SKIN,keyword collision (shared name evidence),in-engine draw capture + surface mapping; visual texture inspection
gPotionShopkeeperEyeHalfTex,CERAMIC,SKIN,keyword collision (shared name evidence),in-engine draw capture + surface mapping; visual texture inspection
gPotionShopkeeperEyeOpenTex,CERAMIC,SKIN,keyword collision (shared name evidence),in-engine draw capture + surface mapping; visual texture inspection
object_ds2_Tex_002C98,UNKNOWN,UNKNOWN,no semantic evidence (offset-named or unkeyworded),in-engine draw capture + surface mapping; visual texture inspection
object_ds2_Tex_002D98,UNKNOWN,UNKNOWN,no semantic evidence (offset-named or unkeyworded),in-engine draw capture + surface mapping; visual texture inspection
object_ds2_Tex_002DD8,UNKNOWN,UNKNOWN,no semantic evidence (offset-named or unkeyworded),in-engine draw capture + surface mapping; visual texture inspection
object_ds2_Tex_002ED8,UNKNOWN,UNKNOWN,no semantic evidence (offset-named or unkeyworded),in-engine draw capture + surface mapping; visual texture inspection
object_ds2_Tex_003CD8,UNKNOWN,UNKNOWN,no semantic evidence (offset-named or unkeyworded),in-engine draw capture + surface mapping; visual texture inspection
object_ds2_Tex_003DD8,UNKNOWN,UNKNOWN,no semantic evidence (offset-named or unkeyworded),in-engine draw capture + surface mapping; visual texture inspection
object_ds2_Tex_003ED8,UNKNOWN,UNKNOWN,no semantic evidence (offset-named or unkeyworded),in-engine draw capture + surface mapping; visual texture inspection
object_ds2_Tex_003FD8,UNKNOWN,UNKNOWN,no semantic evidence (offset-named or unkeyworded),in-engine draw capture + surface mapping; visual texture inspection
gDaruniaSkelTex_70C0,UNKNOWN,UNKNOWN,no semantic evidence (offset-named or unkeyworded),in-engine draw capture + surface mapping; visual texture inspection
gDaruniaSkelTex_72C0,UNKNOWN,UNKNOWN,no semantic evidence (offset-named or unkeyworded),in-engine draw capture + surface mapping; visual texture inspection
gDaruniaSkelTex_73C0,UNKNOWN,UNKNOWN,no semantic evidence (offset-named or unkeyworded),in-engine draw capture + surface mapping; visual texture inspection
gDaruniaSkelTex_7440,UNKNOWN,UNKNOWN,no semantic evidence (offset-named or unkeyworded),in-engine draw capture + surface mapping; visual texture inspection
gDaruniaSkelTex_7480,UNKNOWN,UNKNOWN,no semantic evidence (offset-named or unkeyworded),in-engine draw capture + surface mapping; visual texture inspection
gDaruniaSkelTex_7580,UNKNOWN,UNKNOWN,no semantic evidence (offset-named or unkeyworded),in-engine draw capture + surface mapping; visual texture inspection
gDaruniaSkelTex_7EC0,UNKNOWN,UNKNOWN,no semantic evidence (offset-named or unkeyworded),in-engine draw capture + surface mapping; visual texture inspection
gDaruniaSkelTex_7F40,UNKNOWN,UNKNOWN,no semantic evidence (offset-named or unkeyworded),in-engine draw capture + surface mapping; visual texture inspection
gDaruniaSkelTex_8000,UNKNOWN,UNKNOWN,no semantic evidence (offset-named or unkeyworded),in-engine draw capture + surface mapping; visual texture inspection
gDaruniaSkelTex_9480,UNKNOWN,UNKNOWN,no semantic evidence (offset-named or unkeyworded),in-engine draw capture + surface mapping; visual texture inspection
gDaruniaSkelTex_9500,UNKNOWN,UNKNOWN,no semantic evidence (offset-named or unkeyworded),in-engine draw capture + surface mapping; visual texture inspection
gDaruniaSkelTex_9D00,UNKNOWN,UNKNOWN,no semantic evidence (offset-named or unkeyworded),in-engine draw capture + surface mapping; visual texture inspection
gCrystalLightTex,GLASS,BONE,keyword collision (shared name evidence),in-engine draw capture + surface mapping; visual texture inspection
gDeathMountainCloudFireTex,LAVA,EARTH,keyword collision (shared name evidence),in-engine draw capture + surface mapping; visual texture inspection
object_efc_erupc_Tex_000000,UNKNOWN,UNKNOWN,no semantic evidence (offset-named or unkeyworded),in-engine draw capture + surface mapping; visual texture inspection
object_efc_erupc_Tex_000800,UNKNOWN,UNKNOWN,no semantic evidence (offset-named or unkeyworded),in-engine draw capture + surface mapping; visual texture inspection
object_efc_erupc_Tex_001A30,UNKNOWN,UNKNOWN,no semantic evidence (offset-named or unkeyworded),in-engine draw capture + surface mapping; visual texture inspection
object_efc_erupc_Tex_0027F0,UNKNOWN,UNKNOWN,no semantic evidence (offset-named or unkeyworded),in-engine draw capture + surface mapping; visual texture inspection
gEnliveningLightTex,UNKNOWN,UNKNOWN,no semantic evidence (offset-named or unkeyworded),in-engine draw capture + surface mapping; visual texture inspection
gTimeWarpTex,UNKNOWN,UNKNOWN,no semantic evidence (offset-named or unkeyworded),in-engine draw capture + surface mapping; visual texture inspection
gStingerFinTex,UNKNOWN,UNKNOWN,no semantic evidence (offset-named or unkeyworded),in-engine draw capture + surface mapping; visual texture inspection
gStingerTailConnectionGradientTex,UNKNOWN,UNKNOWN,no semantic evidence (offset-named or unkeyworded),in-engine draw capture + surface mapping; visual texture inspection
gStingerTailGradientTex,UNKNOWN,UNKNOWN,no semantic evidence (offset-named or unkeyworded),in-engine draw capture + surface mapping; visual texture inspection
gStingerUndersideTex,UNKNOWN,UNKNOWN,no semantic evidence (offset-named or unkeyworded),in-engine draw capture + surface mapping; visual texture inspection
gStingerWingEndTex,UNKNOWN,UNKNOWN,no semantic evidence (offset-named or unkeyworded),in-engine draw capture + surface mapping; visual texture inspection
gStingerWingTex,UNKNOWN,UNKNOWN,no semantic evidence (offset-named or unkeyworded),in-engine draw capture + surface mapping; visual texture inspection
gVolvagiaTitleCardTex,UNKNOWN,UNKNOWN,no semantic evidence (offset-named or unkeyworded),in-engine draw capture + surface mapping; visual texture inspection
object_fdTex_000458,UNKNOWN,UNKNOWN,no semantic evidence (offset-named or unkeyworded),in-engine draw capture + surface mapping; visual texture inspection
object_fdTex_000658,UNKNOWN,UNKNOWN,no semantic evidence (offset-named or unkeyworded),in-engine draw capture + surface mapping; visual texture inspection
object_fdTex_000A78,UNKNOWN,UNKNOWN,no semantic evidence (offset-named or unkeyworded),in-engine draw capture + surface mapping; visual texture inspection
object_fdTex_0040A8,UNKNOWN,UNKNOWN,no semantic evidence (offset-named or unkeyworded),in-engine draw capture + surface mapping; visual texture inspection
object_fdTex_0048A8,UNKNOWN,UNKNOWN,no semantic evidence (offset-named or unkeyworded),in-engine draw capture + surface mapping; visual texture inspection
object_fdTex_0050A8,UNKNOWN,UNKNOWN,no semantic evidence (offset-named or unkeyworded),in-engine draw capture + surface mapping; visual texture inspection
object_fdTex_0052A8,UNKNOWN,UNKNOWN,no semantic evidence (offset-named or unkeyworded),in-engine draw capture + surface mapping; visual texture inspection
object_fdTex_0054A8,UNKNOWN,UNKNOWN,no semantic evidence (offset-named or unkeyworded),in-engine draw capture + surface mapping; visual texture inspection
object_fdTex_0056A8,UNKNOWN,UNKNOWN,no semantic evidence (offset-named or unkeyworded),in-engine draw capture + surface mapping; visual texture inspection
object_fdTex_005B60,UNKNOWN,UNKNOWN,no semantic evidence (offset-named or unkeyworded),in-engine draw capture + surface mapping; visual texture inspection
object_fdTex_005D60,UNKNOWN,UNKNOWN,no semantic evidence (offset-named or unkeyworded),in-engine draw capture + surface mapping; visual texture inspection
object_fdTex_005F60,UNKNOWN,UNKNOWN,no semantic evidence (offset-named or unkeyworded),in-engine draw capture + surface mapping; visual texture inspection
object_fdTex_009208,UNKNOWN,UNKNOWN,no semantic evidence (offset-named or unkeyworded),in-engine draw capture + surface mapping; visual texture inspection
object_fdTex_009780,UNKNOWN,UNKNOWN,no semantic evidence (offset-named or unkeyworded),in-engine draw capture + surface mapping; visual texture inspection
object_fdTex_009980,UNKNOWN,UNKNOWN,no semantic evidence (offset-named or unkeyworded),in-engine draw capture + surface mapping; visual texture inspection
object_fdTex_00A050,UNKNOWN,UNKNOWN,no semantic evidence (offset-named or unkeyworded),in-engine draw capture + surface mapping; visual texture inspection
object_fdTex_00A918,UNKNOWN,UNKNOWN,no semantic evidence (offset-named or unkeyworded),in-engine draw capture + surface mapping; visual texture inspection
object_fdTex_00AA18,UNKNOWN,UNKNOWN,no semantic evidence (offset-named or unkeyworded),in-engine draw capture + surface mapping; visual texture inspection
object_fdTex_00B458,UNKNOWN,UNKNOWN,no semantic evidence (offset-named or unkeyworded),in-engine draw capture + surface mapping; visual texture inspection
object_fdTex_00BC58,UNKNOWN,UNKNOWN,no semantic evidence (offset-named or unkeyworded),in-engine draw capture + surface mapping; visual texture inspection
object_fdTex_00BE58,UNKNOWN,UNKNOWN,no semantic evidence (offset-named or unkeyworded),in-engine draw capture + surface mapping; visual texture inspection
object_fdTex_00C058,UNKNOWN,UNKNOWN,no semantic evidence (offset-named or unkeyworded),in-engine draw capture + surface mapping; visual texture inspection
object_fdTex_00D170,UNKNOWN,UNKNOWN,no semantic evidence (offset-named or unkeyworded),in-engine draw capture + surface mapping; visual texture inspection
object_fdTex_00D438,UNKNOWN,UNKNOWN,no semantic evidence (offset-named or unkeyworded),in-engine draw capture + surface mapping; visual texture inspection
object_fd2Tex_003308,UNKNOWN,UNKNOWN,no semantic evidence (offset-named or unkeyworded),in-engine draw capture + surface mapping; visual texture inspection
object_fd2Tex_003B08,UNKNOWN,UNKNOWN,no semantic evidence (offset-named or unkeyworded),in-engine draw capture + surface mapping; visual texture inspection
object_fd2Tex_004308,UNKNOWN,UNKNOWN,no semantic evidence (offset-named or unkeyworded),in-engine draw capture + surface mapping; visual texture inspection
object_fd2Tex_004508,UNKNOWN,UNKNOWN,no semantic evidence (offset-named or unkeyworded),in-engine draw capture + surface mapping; visual texture inspection
object_fd2Tex_004708,UNKNOWN,UNKNOWN,no semantic evidence (offset-named or unkeyworded),in-engine draw capture + surface mapping; visual texture inspection
object_fd2Tex_004908,UNKNOWN,UNKNOWN,no semantic evidence (offset-named or unkeyworded),in-engine draw capture + surface mapping; visual texture inspection
object_fd2Tex_004BE8,UNKNOWN,UNKNOWN,no semantic evidence (offset-named or unkeyworded),in-engine draw capture + surface mapping; visual texture inspection
object_fd2Tex_004FA0,UNKNOWN,UNKNOWN,no semantic evidence (offset-named or unkeyworded),in-engine draw capture + surface mapping; visual texture inspection
object_fd2Tex_0051A0,UNKNOWN,UNKNOWN,no semantic evidence (offset-named or unkeyworded),in-engine draw capture + surface mapping; visual texture inspection
object_fd2Tex_0053A0,UNKNOWN,UNKNOWN,no semantic evidence (offset-named or unkeyworded),in-engine draw capture + surface mapping; visual texture inspection
gPhantomGanonTitleCardTex,UNKNOWN,UNKNOWN,no semantic evidence (offset-named or unkeyworded),in-engine draw capture + surface mapping; visual texture inspection
object_fhgTex_003320,UNKNOWN,UNKNOWN,no semantic evidence (offset-named or unkeyworded),in-engine draw capture + surface mapping; visual texture inspection
object_fhgTex_003520,UNKNOWN,UNKNOWN,no semantic evidence (offset-named or unkeyworded),in-engine draw capture + surface mapping; visual texture inspection
object_fhgTex_003720,UNKNOWN,UNKNOWN,no semantic evidence (offset-named or unkeyworded),in-engine draw capture + surface mapping; visual texture inspection
object_fhgTex_003920,UNKNOWN,UNKNOWN,no semantic evidence (offset-named or unkeyworded),in-engine draw capture + surface mapping; visual texture inspection
object_fhgTex_003B20,UNKNOWN,UNKNOWN,no semantic evidence (offset-named or unkeyworded),in-engine draw capture + surface mapping; visual texture inspection
object_fhgTex_003BA0,UNKNOWN,UNKNOWN,no semantic evidence (offset-named or unkeyworded),in-engine draw capture + surface mapping; visual texture inspection
object_fhgTex_003DA0,UNKNOWN,UNKNOWN,no semantic evidence (offset-named or unkeyworded),in-engine draw capture + surface mapping; visual texture inspection
object_fhgTex_003FA0,UNKNOWN,UNKNOWN,no semantic evidence (offset-named or unkeyworded),in-engine draw capture + surface mapping; visual texture inspection
object_fhgTex_0043A0,UNKNOWN,UNKNOWN,no semantic evidence (offset-named or unkeyworded),in-engine draw capture + surface mapping; visual texture inspection
object_fhgTex_0044A0,UNKNOWN,UNKNOWN,no semantic evidence (offset-named or unkeyworded),in-engine draw capture + surface mapping; visual texture inspection
object_fhgTex_004CA0,UNKNOWN,UNKNOWN,no semantic evidence (offset-named or unkeyworded),in-engine draw capture + surface mapping; visual texture inspection
object_fhgTex_004DA0,UNKNOWN,UNKNOWN,no semantic evidence (offset-named or unkeyworded),in-engine draw capture + surface mapping; visual texture inspection
object_fhgTex_00D040,UNKNOWN,UNKNOWN,no semantic evidence (offset-named or unkeyworded),in-engine draw capture + surface mapping; visual texture inspection
object_fhgTex_00D060,UNKNOWN,UNKNOWN,no semantic evidence (offset-named or unkeyworded),in-engine draw capture + surface mapping; visual texture inspection
object_fhgTex_00E8B0,UNKNOWN,UNKNOWN,no semantic evidence (offset-named or unkeyworded),in-engine draw capture + surface mapping; visual texture inspection
object_fhgTex_00F0B0,UNKNOWN,UNKNOWN,no semantic evidence (offset-named or unkeyworded),in-engine draw capture + surface mapping; visual texture inspection
object_fhgTex_00FD98,UNKNOWN,UNKNOWN,no semantic evidence (offset-named or unkeyworded),in-engine draw capture + surface mapping; visual texture inspection
object_fhgTex_010660,UNKNOWN,UNKNOWN,no semantic evidence (offset-named or unkeyworded),in-engine draw capture + surface mapping; visual texture inspection
object_fhgTex_010D20,UNKNOWN,UNKNOWN,no semantic evidence (offset-named or unkeyworded),in-engine draw capture + surface mapping; visual texture inspection
object_fhgTex_011120,UNKNOWN,UNKNOWN,no semantic evidence (offset-named or unkeyworded),in-engine draw capture + surface mapping; visual texture inspection
gFireKeeseBodyTex,LAVA,SKIN,keyword collision (shared name evidence),in-engine draw capture + surface mapping; visual texture inspection
gFireKeeseEarTex,LAVA,SKIN,keyword collision (shared name evidence),in-engine draw capture + surface mapping; visual texture inspection
gFireKeeseEyeTex,LAVA,SKIN,keyword collision (shared name evidence),in-engine draw capture + surface mapping; visual texture inspection
gKeeseTalonTex,UNKNOWN,UNKNOWN,no semantic evidence (offset-named or unkeyworded),in-engine draw capture + surface mapping; visual texture inspection
gKeeseWingTex,UNKNOWN,UNKNOWN,no semantic evidence (offset-named or unkeyworded),in-engine draw capture + surface mapping; visual texture inspection
gFishingAquariumGlassTex,WATER,GLASS,keyword collision (shared name evidence),in-engine draw capture + surface mapping; visual texture inspection
gFishingBubbleTex,UNKNOWN,UNKNOWN,no semantic evidence (offset-named or unkeyworded),in-engine draw capture + surface mapping; visual texture inspection
gFishingFishTex_0014D0,UNKNOWN,UNKNOWN,no semantic evidence (offset-named or unkeyworded),in-engine draw capture + surface mapping; visual texture inspection
gFishingFishTex_0016D0,UNKNOWN,UNKNOWN,no semantic evidence (offset-named or unkeyworded),in-engine draw capture + surface mapping; visual texture inspection
gFishingFishTex_0018D0,UNKNOWN,UNKNOWN,no semantic evidence (offset-named or unkeyworded),in-engine draw capture + surface mapping; visual texture inspection
gFishingFishTex_001AD0,UNKNOWN,UNKNOWN,no semantic evidence (offset-named or unkeyworded),in-engine draw capture + surface mapping; visual texture inspection
gFishingFishTex_0022D0,UNKNOWN,UNKNOWN,no semantic evidence (offset-named or unkeyworded),in-engine draw capture + surface mapping; visual texture inspection
gFishingFishTex_0024D0,UNKNOWN,UNKNOWN,no semantic evidence (offset-named or unkeyworded),in-engine draw capture + surface mapping; visual texture inspection
gFishingFishTex_0026D0,UNKNOWN,UNKNOWN,no semantic evidence (offset-named or unkeyworded),in-engine draw capture + surface mapping; visual texture inspection
gFishingGroupFishTex,UNKNOWN,UNKNOWN,no semantic evidence (offset-named or unkeyworded),in-engine draw capture + surface mapping; visual texture inspection
gFishingLilyPadTex,UNKNOWN,UNKNOWN,no semantic evidence (offset-named or unkeyworded),in-engine draw capture + surface mapping; visual texture inspection
gFishingLoachTex_00ED28,UNKNOWN,UNKNOWN,no semantic evidence (offset-named or unkeyworded),in-engine draw capture + surface mapping; visual texture inspection
gFishingLoachTex_00F528,UNKNOWN,UNKNOWN,no semantic evidence (offset-named or unkeyworded),in-engine draw capture + surface mapping; visual texture inspection
gFishingLoachTex_00FD28,UNKNOWN,UNKNOWN,no semantic evidence (offset-named or unkeyworded),in-engine draw capture + surface mapping; visual texture inspection
gFishingLoachTex_010528,UNKNOWN,UNKNOWN,no semantic evidence (offset-named or unkeyworded),in-engine draw capture + surface mapping; visual texture inspection
gFishingLoachTex_010D28,UNKNOWN,UNKNOWN,no semantic evidence (offset-named or unkeyworded),in-engine draw capture + surface mapping; visual texture inspection
gFishingLoachTex_010DA8,UNKNOWN,UNKNOWN,no semantic evidence (offset-named or unkeyworded),in-engine draw capture + surface mapping; visual texture inspection
gFishingLureFloatTex,UNKNOWN,UNKNOWN,no semantic evidence (offset-named or unkeyworded),in-engine draw capture + surface mapping; visual texture inspection
gFishingOwnerCollarTex,UNKNOWN,UNKNOWN,no semantic evidence (offset-named or unkeyworded),in-engine draw capture + surface mapping; visual texture inspection
gFishingOwnerHatTex,UNKNOWN,UNKNOWN,no semantic evidence (offset-named or unkeyworded),in-engine draw capture + surface mapping; visual texture inspection
gFishingOwnerNostrilTex,UNKNOWN,UNKNOWN,no semantic evidence (offset-named or unkeyworded),in-engine draw capture + surface mapping; visual texture inspection
gFishingOwnerShirtTex,UNKNOWN,UNKNOWN,no semantic evidence (offset-named or unkeyworded),in-engine draw capture + surface mapping; visual texture inspection
gFishingOwnerVestTex,UNKNOWN,UNKNOWN,no semantic evidence (offset-named or unkeyworded),in-engine draw capture + surface mapping; visual texture inspection
gFishingRodSegmentBlackTex,UNKNOWN,UNKNOWN,no semantic evidence (offset-named or unkeyworded),in-engine draw capture + surface mapping; visual texture inspection
gFishingRodSegmentStripTex,UNKNOWN,UNKNOWN,no semantic evidence (offset-named or unkeyworded),in-engine draw capture + surface mapping; visual texture inspection
gFishingRodSegmentWhiteTex,UNKNOWN,UNKNOWN,no semantic evidence (offset-named or unkeyworded),in-engine draw capture + surface mapping; visual texture inspection
gFishingSinkingLureSegmentTex,UNKNOWN,UNKNOWN,no semantic evidence (offset-named or unkeyworded),in-engine draw capture + surface mapping; visual texture inspection
gFishingStreamSplashTile1Tex,WATER,SMOKE,keyword collision (shared name evidence),in-engine draw capture + surface mapping; visual texture inspection
gFishingStreamSplashTile2Tex,WATER,SMOKE,keyword collision (shared name evidence),in-engine draw capture + surface mapping; visual texture inspection
gFishingWaterDustTex,WATER,SMOKE,keyword collision (shared name evidence),in-engine draw capture + surface mapping; visual texture inspection
object_fr_Tex_001550,UNKNOWN,UNKNOWN,no semantic evidence (offset-named or unkeyworded),in-engine draw capture + surface mapping; visual texture inspection
object_fr_Tex_003AA0,UNKNOWN,UNKNOWN,no semantic evidence (offset-named or unkeyworded),in-engine draw capture + surface mapping; visual texture inspection
object_fr_Tex_003BA0,UNKNOWN,UNKNOWN,no semantic evidence (offset-named or unkeyworded),in-engine draw capture + surface mapping; visual texture inspection
object_fr_Tex_0043A0,UNKNOWN,UNKNOWN,no semantic evidence (offset-named or unkeyworded),in-engine draw capture + surface mapping; visual texture inspection
object_fr_Tex_004BA0,UNKNOWN,UNKNOWN,no semantic evidence (offset-named or unkeyworded),in-engine draw capture + surface mapping; visual texture inspection
object_fr_Tex_004DA0,UNKNOWN,UNKNOWN,no semantic evidence (offset-named or unkeyworded),in-engine draw capture + surface mapping; visual texture inspection
object_fr_Tex_0055A0,UNKNOWN,UNKNOWN,no semantic evidence (offset-named or unkeyworded),in-engine draw capture + surface mapping; visual texture inspection
object_fr_Tex_0059A0,UNKNOWN,UNKNOWN,no semantic evidence (offset-named or unkeyworded),in-engine draw capture + surface mapping; visual texture inspection
object_fr_Tex_005BA0,UNKNOWN,UNKNOWN,no semantic evidence (offset-named or unkeyworded),in-engine draw capture + surface mapping; visual texture inspection
object_fr_Tex_005DA0,UNKNOWN,UNKNOWN,no semantic evidence (offset-named or unkeyworded),in-engine draw capture + surface mapping; visual texture inspection
object_fr_Tex_0065A0,UNKNOWN,UNKNOWN,no semantic evidence (offset-named or unkeyworded),in-engine draw capture + surface mapping; visual texture inspection
gWindmillManFingersAndToesTex,SAND,SKIN,keyword collision (shared name evidence),in-engine draw capture + surface mapping; visual texture inspection
gWindmillManPantsTex,UNKNOWN,UNKNOWN,no semantic evidence (offset-named or unkeyworded),in-engine draw capture + surface mapping; visual texture inspection
gWindmillManShirtTex,UNKNOWN,UNKNOWN,no semantic evidence (offset-named or unkeyworded),in-engine draw capture + surface mapping; visual texture inspection
gFlareDancerFuseTex,UNKNOWN,UNKNOWN,no semantic evidence (offset-named or unkeyworded),in-engine draw capture + surface mapping; visual texture inspection
object_fwTex_007A90,UNKNOWN,UNKNOWN,no semantic evidence (offset-named or unkeyworded),in-engine draw capture + surface mapping; visual texture inspection
gGanondorfJewelTex,UNKNOWN,UNKNOWN,no semantic evidence (offset-named or unkeyworded),in-engine draw capture + surface mapping; visual texture inspection
gGanondorfNoseBridgeTex,SKIN,WOOD,keyword collision (shared name evidence),in-engine draw capture + surface mapping; visual texture inspection
gGanondorfThumbTex,UNKNOWN,UNKNOWN,no semantic evidence (offset-named or unkeyworded),in-engine draw capture + surface mapping; visual texture inspection
gGanondorfTitleCardTex,UNKNOWN,UNKNOWN,no semantic evidence (offset-named or unkeyworded),in-engine draw capture + surface mapping; visual texture inspection
gGanonFurTuftTex,UNKNOWN,UNKNOWN,no semantic evidence (offset-named or unkeyworded),in-engine draw capture + surface mapping; visual texture inspection
gGanonHoofTex,UNKNOWN,UNKNOWN,no semantic evidence (offset-named or unkeyworded),in-engine draw capture + surface mapping; visual texture inspection
gGanonJewelTex,UNKNOWN,UNKNOWN,no semantic evidence (offset-named or unkeyworded),in-engine draw capture + surface mapping; visual texture inspection
gGanonPauldronTex,UNKNOWN,UNKNOWN,no semantic evidence (offset-named or unkeyworded),in-engine draw capture + surface mapping; visual texture inspection
gGanonSnoutFrontTex,UNKNOWN,UNKNOWN,no semantic evidence (offset-named or unkeyworded),in-engine draw capture + surface mapping; visual texture inspection
gGanonSnoutSideTex,UNKNOWN,UNKNOWN,no semantic evidence (offset-named or unkeyworded),in-engine draw capture + surface mapping; visual texture inspection
gGanonTailTex,UNKNOWN,UNKNOWN,no semantic evidence (offset-named or unkeyworded),in-engine draw capture + surface mapping; visual texture inspection
gGanonTitleCardTex,UNKNOWN,UNKNOWN,no semantic evidence (offset-named or unkeyworded),in-engine draw capture + surface mapping; visual texture inspection
gGanonUnderSkirtTex,UNKNOWN,UNKNOWN,no semantic evidence (offset-named or unkeyworded),in-engine draw capture + surface mapping; visual texture inspection
object_ganon_objects_Tex_000170,UNKNOWN,UNKNOWN,no semantic evidence (offset-named or unkeyworded),in-engine draw capture + surface mapping; visual texture inspection
gGerudoWhiteCleavageTex,UNKNOWN,UNKNOWN,no semantic evidence (offset-named or unkeyworded),in-engine draw capture + surface mapping; visual texture inspection
gGerudoWhiteCrotchTex,UNKNOWN,UNKNOWN,no semantic evidence (offset-named or unkeyworded),in-engine draw capture + surface mapping; visual texture inspection
gGerudoWhiteJacketTex,UNKNOWN,UNKNOWN,no semantic evidence (offset-named or unkeyworded),in-engine draw capture + surface mapping; visual texture inspection
gGerudoWhiteNavelTex,UNKNOWN,UNKNOWN,no semantic evidence (offset-named or unkeyworded),in-engine draw capture + surface mapping; visual texture inspection
gGerudoWhiteShoeSoleTex,LEATHER,METAL,keyword collision (shared name evidence),in-engine draw capture + surface mapping; visual texture inspection
gGerudoWhiteShoeUpperTex,LEATHER,METAL,keyword collision (shared name evidence),in-engine draw capture + surface mapping; visual texture inspection
gGerudoWhiteTubeTopTex,UNKNOWN,UNKNOWN,no semantic evidence (offset-named or unkeyworded),in-engine draw capture + surface mapping; visual texture inspection
gGerudoWhiteWhiteFabricLipsTex,CLOTH,SKIN,keyword collision (shared name evidence),in-engine draw capture + surface mapping; visual texture inspection
gGanonRubbleInsideTex,UNKNOWN,UNKNOWN,no semantic evidence (offset-named or unkeyworded),in-engine draw capture + surface mapping; visual texture inspection
gGanonRubbleOutsideTex,UNKNOWN,UNKNOWN,no semantic evidence (offset-named or unkeyworded),in-engine draw capture + surface mapping; visual texture inspection
object_geldbTex_002700,UNKNOWN,UNKNOWN,no semantic evidence (offset-named or unkeyworded),in-engine draw capture + surface mapping; visual texture inspection
object_geldbTex_002740,UNKNOWN,UNKNOWN,no semantic evidence (offset-named or unkeyworded),in-engine draw capture + surface mapping; visual texture inspection
object_geldbTex_002780,UNKNOWN,UNKNOWN,no semantic evidence (offset-named or unkeyworded),in-engine draw capture + surface mapping; visual texture inspection
object_geldbTex_002880,UNKNOWN,UNKNOWN,no semantic evidence (offset-named or unkeyworded),in-engine draw capture + surface mapping; visual texture inspection
object_geldbTex_002980,UNKNOWN,UNKNOWN,no semantic evidence (offset-named or unkeyworded),in-engine draw capture + surface mapping; visual texture inspection
object_geldbTex_002A80,UNKNOWN,UNKNOWN,no semantic evidence (offset-named or unkeyworded),in-engine draw capture + surface mapping; visual texture inspection
object_geldbTex_002B80,UNKNOWN,UNKNOWN,no semantic evidence (offset-named or unkeyworded),in-engine draw capture + surface mapping; visual texture inspection
object_geldbTex_005F68,UNKNOWN,UNKNOWN,no semantic evidence (offset-named or unkeyworded),in-engine draw capture + surface mapping; visual texture inspection
object_geldbTex_0063E8,UNKNOWN,UNKNOWN,no semantic evidence (offset-named or unkeyworded),in-engine draw capture + surface mapping; visual texture inspection
object_geldbTex_0064E8,UNKNOWN,UNKNOWN,no semantic evidence (offset-named or unkeyworded),in-engine draw capture + surface mapping; visual texture inspection
object_geldbTex_006568,UNKNOWN,UNKNOWN,no semantic evidence (offset-named or unkeyworded),in-engine draw capture + surface mapping; visual texture inspection
object_geldbTex_0069A8,UNKNOWN,UNKNOWN,no semantic evidence (offset-named or unkeyworded),in-engine draw capture + surface mapping; visual texture inspection
object_geldbTex_006A28,UNKNOWN,UNKNOWN,no semantic evidence (offset-named or unkeyworded),in-engine draw capture + surface mapping; visual texture inspection
object_geldbTex_006B28,UNKNOWN,UNKNOWN,no semantic evidence (offset-named or unkeyworded),in-engine draw capture + surface mapping; visual texture inspection
object_geldbTex_006C28,UNKNOWN,UNKNOWN,no semantic evidence (offset-named or unkeyworded),in-engine draw capture + surface mapping; visual texture inspection
sGerudoRedTexHint1,UNKNOWN,UNKNOWN,no semantic evidence (offset-named or unkeyworded),in-engine draw capture + surface mapping; visual texture inspection
sGerudoRedTexHint2,UNKNOWN,UNKNOWN,no semantic evidence (offset-named or unkeyworded),in-engine draw capture + surface mapping; visual texture inspection
object_gi_butterflyTex_000000,UNKNOWN,UNKNOWN,no semantic evidence (offset-named or unkeyworded),in-engine draw capture + surface mapping; visual texture inspection
object_gi_dekupouchTex_000000,CLOTH,WOOD,keyword collision (shared name evidence),in-engine draw capture + surface mapping; visual texture inspection
object_gi_dekupouchTex_000100,CLOTH,WOOD,keyword collision (shared name evidence),in-engine draw capture + surface mapping; visual texture inspection
object_gi_frogTex_000000,UNKNOWN,UNKNOWN,no semantic evidence (offset-named or unkeyworded),in-engine draw capture + surface mapping; visual texture inspection
object_gi_gerudoTex_000000,UNKNOWN,UNKNOWN,no semantic evidence (offset-named or unkeyworded),in-engine draw capture + surface mapping; visual texture inspection
object_gi_gerudomaskTex_000208,UNKNOWN,UNKNOWN,no semantic evidence (offset-named or unkeyworded),in-engine draw capture + surface mapping; visual texture inspection
object_gi_gerudomaskTex_000248,UNKNOWN,UNKNOWN,no semantic evidence (offset-named or unkeyworded),in-engine draw capture + surface mapping; visual texture inspection
object_gi_gerudomaskTex_000348,UNKNOWN,UNKNOWN,no semantic evidence (offset-named or unkeyworded),in-engine draw capture + surface mapping; visual texture inspection
object_gi_gerudomaskTex_000448,UNKNOWN,UNKNOWN,no semantic evidence (offset-named or unkeyworded),in-engine draw capture + surface mapping; visual texture inspection
object_gi_ghostTex_000000,UNKNOWN,UNKNOWN,no semantic evidence (offset-named or unkeyworded),in-engine draw capture + surface mapping; visual texture inspection
object_gi_ghostTex_000200,UNKNOWN,UNKNOWN,no semantic evidence (offset-named or unkeyworded),in-engine draw capture + surface mapping; visual texture inspection
object_gi_golonmaskTex_000208,UNKNOWN,UNKNOWN,no semantic evidence (offset-named or unkeyworded),in-engine draw capture + surface mapping; visual texture inspection
object_gi_golonmaskTex_000248,UNKNOWN,UNKNOWN,no semantic evidence (offset-named or unkeyworded),in-engine draw capture + surface mapping; visual texture inspection
object_gi_golonmaskTex_000348,UNKNOWN,UNKNOWN,no semantic evidence (offset-named or unkeyworded),in-engine draw capture + surface mapping; visual texture inspection
object_gi_golonmaskTex_000748,UNKNOWN,UNKNOWN,no semantic evidence (offset-named or unkeyworded),in-engine draw capture + surface mapping; visual texture inspection
object_gi_ki_tan_maskTex_000000,UNKNOWN,UNKNOWN,no semantic evidence (offset-named or unkeyworded),in-engine draw capture + surface mapping; visual texture inspection
object_gi_letterTex_000000,UNKNOWN,UNKNOWN,no semantic evidence (offset-named or unkeyworded),in-engine draw capture + surface mapping; visual texture inspection
object_gi_letterTex_000600,UNKNOWN,UNKNOWN,no semantic evidence (offset-named or unkeyworded),in-engine draw capture + surface mapping; visual texture inspection
object_gi_liquidTex_000000,UNKNOWN,UNKNOWN,no semantic evidence (offset-named or unkeyworded),in-engine draw capture + surface mapping; visual texture inspection
object_gi_liquidTex_000200,UNKNOWN,UNKNOWN,no semantic evidence (offset-named or unkeyworded),in-engine draw capture + surface mapping; visual texture inspection
object_gi_liquidTex_000400,UNKNOWN,UNKNOWN,no semantic evidence (offset-named or unkeyworded),in-engine draw capture + surface mapping; visual texture inspection
object_gi_mapTex_000D60,UNKNOWN,UNKNOWN,no semantic evidence (offset-named or unkeyworded),in-engine draw capture + surface mapping; visual texture inspection
object_gi_milkTex_000000,UNKNOWN,UNKNOWN,no semantic evidence (offset-named or unkeyworded),in-engine draw capture + surface mapping; visual texture inspection
object_gi_niwatoriTex_000000,UNKNOWN,UNKNOWN,no semantic evidence (offset-named or unkeyworded),in-engine draw capture + surface mapping; visual texture inspection
object_gi_niwatoriTex_000800,UNKNOWN,UNKNOWN,no semantic evidence (offset-named or unkeyworded),in-engine draw capture + surface mapping; visual texture inspection
object_gi_nutsTex_000000,UNKNOWN,UNKNOWN,no semantic evidence (offset-named or unkeyworded),in-engine draw capture + surface mapping; visual texture inspection
object_gi_ocarinaTex_000000,UNKNOWN,UNKNOWN,no semantic evidence (offset-named or unkeyworded),in-engine draw capture + surface mapping; visual texture inspection
object_gi_ocarina_0Tex_000000,UNKNOWN,UNKNOWN,no semantic evidence (offset-named or unkeyworded),in-engine draw capture + surface mapping; visual texture inspection
object_gi_prescriptionTex_000000,UNKNOWN,UNKNOWN,no semantic evidence (offset-named or unkeyworded),in-engine draw capture + surface mapping; visual texture inspection
object_gi_purseTex_000000,UNKNOWN,UNKNOWN,no semantic evidence (offset-named or unkeyworded),in-engine draw capture + surface mapping; visual texture inspection
object_gi_rabit_maskTex_000000,UNKNOWN,UNKNOWN,no semantic evidence (offset-named or unkeyworded),in-engine draw capture + surface mapping; visual texture inspection
object_gi_soldoutTex_000000,UNKNOWN,UNKNOWN,no semantic evidence (offset-named or unkeyworded),in-engine draw capture + surface mapping; visual texture inspection
object_gi_soulTex_000000,UNKNOWN,UNKNOWN,no semantic evidence (offset-named or unkeyworded),in-engine draw capture + surface mapping; visual texture inspection
object_gi_truth_maskTex_000000,UNKNOWN,UNKNOWN,no semantic evidence (offset-named or unkeyworded),in-engine draw capture + surface mapping; visual texture inspection
object_gi_truth_maskTex_000400,UNKNOWN,UNKNOWN,no semantic evidence (offset-named or unkeyworded),in-engine draw capture + surface mapping; visual texture inspection
object_gi_zoramaskTex_000208,UNKNOWN,UNKNOWN,no semantic evidence (offset-named or unkeyworded),in-engine draw capture + surface mapping; visual texture inspection
object_gi_zoramaskTex_000248,UNKNOWN,UNKNOWN,no semantic evidence (offset-named or unkeyworded),in-engine draw capture + surface mapping; visual texture inspection
object_gi_zoramaskTex_000648,UNKNOWN,UNKNOWN,no semantic evidence (offset-named or unkeyworded),in-engine draw capture + surface mapping; visual texture inspection
object_gi_zoramaskTex_000A48,UNKNOWN,UNKNOWN,no semantic evidence (offset-named or unkeyworded),in-engine draw capture + surface mapping; visual texture inspection
gGanonsCastleUnusedSpikeVariantTex,UNKNOWN,UNKNOWN,no semantic evidence (offset-named or unkeyworded),in-engine draw capture + surface mapping; visual texture inspection
gGanonsCastleUnusedTex_00A320,UNKNOWN,UNKNOWN,no semantic evidence (offset-named or unkeyworded),in-engine draw capture + surface mapping; visual texture inspection
object_gjTex_003B20,UNKNOWN,UNKNOWN,no semantic evidence (offset-named or unkeyworded),in-engine draw capture + surface mapping; visual texture inspection
object_gjTex_003C20,UNKNOWN,UNKNOWN,no semantic evidence (offset-named or unkeyworded),in-engine draw capture + surface mapping; visual texture inspection
object_gjTex_003D20,UNKNOWN,UNKNOWN,no semantic evidence (offset-named or unkeyworded),in-engine draw capture + surface mapping; visual texture inspection
object_gjTex_003F20,UNKNOWN,UNKNOWN,no semantic evidence (offset-named or unkeyworded),in-engine draw capture + surface mapping; visual texture inspection
object_gjTex_004F20,UNKNOWN,UNKNOWN,no semantic evidence (offset-named or unkeyworded),in-engine draw capture + surface mapping; visual texture inspection
object_gjTex_005F20,UNKNOWN,UNKNOWN,no semantic evidence (offset-named or unkeyworded),in-engine draw capture + surface mapping; visual texture inspection
object_gjTex_006F20,UNKNOWN,UNKNOWN,no semantic evidence (offset-named or unkeyworded),in-engine draw capture + surface mapping; visual texture inspection
object_gjTex_007320,UNKNOWN,UNKNOWN,no semantic evidence (offset-named or unkeyworded),in-engine draw capture + surface mapping; visual texture inspection
object_gjTex_007720,UNKNOWN,UNKNOWN,no semantic evidence (offset-named or unkeyworded),in-engine draw capture + surface mapping; visual texture inspection
object_gjTex_007B20,UNKNOWN,UNKNOWN,no semantic evidence (offset-named or unkeyworded),in-engine draw capture + surface mapping; visual texture inspection
gGerudoPurpleGlaiveBladeFabricPatternTex,CLOTH,METAL,keyword collision (shared name evidence),in-engine draw capture + surface mapping; visual texture inspection
gGerudoPurpleGlaiveHaftShoeSoleTex,LEATHER,METAL,keyword collision (shared name evidence),in-engine draw capture + surface mapping; visual texture inspection
gGerudoPurpleNavelTex,UNKNOWN,UNKNOWN,no semantic evidence (offset-named or unkeyworded),in-engine draw capture + surface mapping; visual texture inspection
gGerudoPurpleShoeUpperTex,LEATHER,METAL,keyword collision (shared name evidence),in-engine draw capture + surface mapping; visual texture inspection
gPhantomGanonLimbTex_00A000,UNKNOWN,UNKNOWN,no semantic evidence (offset-named or unkeyworded),in-engine draw capture + surface mapping; visual texture inspection
gPhantomGanonLimbTex_00A200,UNKNOWN,UNKNOWN,no semantic evidence (offset-named or unkeyworded),in-engine draw capture + surface mapping; visual texture inspection
gPhantomGanonLimbTex_00A400,UNKNOWN,UNKNOWN,no semantic evidence (offset-named or unkeyworded),in-engine draw capture + surface mapping; visual texture inspection
gPhantomGanonLimbTex_00A600,UNKNOWN,UNKNOWN,no semantic evidence (offset-named or unkeyworded),in-engine draw capture + surface mapping; visual texture inspection
gPhantomGanonLimbTex_00A800,UNKNOWN,UNKNOWN,no semantic evidence (offset-named or unkeyworded),in-engine draw capture + surface mapping; visual texture inspection
gPhantomGanonLimbTex_00A880,UNKNOWN,UNKNOWN,no semantic evidence (offset-named or unkeyworded),in-engine draw capture + surface mapping; visual texture inspection
gPhantomGanonLimbTex_00AA80,UNKNOWN,UNKNOWN,no semantic evidence (offset-named or unkeyworded),in-engine draw capture + surface mapping; visual texture inspection
gPhantomGanonLimbTex_00AE80,UNKNOWN,UNKNOWN,no semantic evidence (offset-named or unkeyworded),in-engine draw capture + surface mapping; visual texture inspection
gPhantomGanonLimbTex_00AF00,UNKNOWN,UNKNOWN,no semantic evidence (offset-named or unkeyworded),in-engine draw capture + surface mapping; visual texture inspection
gPhantomGanonLimbTex_00AF80,UNKNOWN,UNKNOWN,no semantic evidence (offset-named or unkeyworded),in-engine draw capture + surface mapping; visual texture inspection
gPhantomGanonLimbTex_00B380,UNKNOWN,UNKNOWN,no semantic evidence (offset-named or unkeyworded),in-engine draw capture + surface mapping; visual texture inspection
gPhantomGanonLimbTex_00B780,UNKNOWN,UNKNOWN,no semantic evidence (offset-named or unkeyworded),in-engine draw capture + surface mapping; visual texture inspection
gPhantomGanonLimbTex_00B980,UNKNOWN,UNKNOWN,no semantic evidence (offset-named or unkeyworded),in-engine draw capture + surface mapping; visual texture inspection
gPhantomGanonLimbTex_00BA80,UNKNOWN,UNKNOWN,no semantic evidence (offset-named or unkeyworded),in-engine draw capture + surface mapping; visual texture inspection
gPhantomGanonLimbTex_00BC80,UNKNOWN,UNKNOWN,no semantic evidence (offset-named or unkeyworded),in-engine draw capture + surface mapping; visual texture inspection
gPhantomGanonLimbTex_00BD80,UNKNOWN,UNKNOWN,no semantic evidence (offset-named or unkeyworded),in-engine draw capture + surface mapping; visual texture inspection
gPhantomGanonLimbTex_00BE80,UNKNOWN,UNKNOWN,no semantic evidence (offset-named or unkeyworded),in-engine draw capture + surface mapping; visual texture inspection
gPhantomGanonLimbTex_00C080,UNKNOWN,UNKNOWN,no semantic evidence (offset-named or unkeyworded),in-engine draw capture + surface mapping; visual texture inspection
gPhantomGanonLimbTex_00C180,UNKNOWN,UNKNOWN,no semantic evidence (offset-named or unkeyworded),in-engine draw capture + surface mapping; visual texture inspection
gPhantomGanonLimbTex_00C200,UNKNOWN,UNKNOWN,no semantic evidence (offset-named or unkeyworded),in-engine draw capture + surface mapping; visual texture inspection
gPhantomGanonLimbTex_00C400,UNKNOWN,UNKNOWN,no semantic evidence (offset-named or unkeyworded),in-engine draw capture + surface mapping; visual texture inspection
gPhantomGanonLimbTex_00C480,UNKNOWN,UNKNOWN,no semantic evidence (offset-named or unkeyworded),in-engine draw capture + surface mapping; visual texture inspection
gPhantomGanonSmileTex,UNKNOWN,UNKNOWN,no semantic evidence (offset-named or unkeyworded),in-engine draw capture + surface mapping; visual texture inspection
object_gndTex_012B50,UNKNOWN,UNKNOWN,no semantic evidence (offset-named or unkeyworded),in-engine draw capture + surface mapping; visual texture inspection
object_gnd_magic_Tex_000000,UNKNOWN,UNKNOWN,no semantic evidence (offset-named or unkeyworded),in-engine draw capture + surface mapping; visual texture inspection
object_gnd_magic_Tex_000800,UNKNOWN,UNKNOWN,no semantic evidence (offset-named or unkeyworded),in-engine draw capture + surface mapping; visual texture inspection
gYoungGanondorfFingernailTex,SKIN,METAL,keyword collision (shared name evidence),in-engine draw capture + surface mapping; visual texture inspection
gYoungGanondorfJewelTex,UNKNOWN,UNKNOWN,no semantic evidence (offset-named or unkeyworded),in-engine draw capture + surface mapping; visual texture inspection
gYoungGanondorfNoseBridgeTex,SKIN,WOOD,keyword collision (shared name evidence),in-engine draw capture + surface mapping; visual texture inspection
gYoungGanondorfPauldronTex,UNKNOWN,UNKNOWN,no semantic evidence (offset-named or unkeyworded),in-engine draw capture + surface mapping; visual texture inspection
gYoungGanondorfThumbTex,UNKNOWN,UNKNOWN,no semantic evidence (offset-named or unkeyworded),in-engine draw capture + surface mapping; visual texture inspection
gGoldenGoddessAuraHeadTex,SKIN,METAL,keyword collision (shared name evidence),in-engine draw capture + surface mapping; visual texture inspection
gGohmaIrisTex,UNKNOWN,UNKNOWN,no semantic evidence (offset-named or unkeyworded),in-engine draw capture + surface mapping; visual texture inspection
gGohmaShellTex,BONE,SMOKE,keyword collision (shared name evidence),in-engine draw capture + surface mapping; visual texture inspection
gGohmaShellUndersideTex,BONE,SMOKE,keyword collision (shared name evidence),in-engine draw capture + surface mapping; visual texture inspection
gGohmaTitleCardTex,UNKNOWN,UNKNOWN,no semantic evidence (offset-named or unkeyworded),in-engine draw capture + surface mapping; visual texture inspection
gNiwGirlDress1Tex,UNKNOWN,UNKNOWN,no semantic evidence (offset-named or unkeyworded),in-engine draw capture + surface mapping; visual texture inspection
gNiwGirlDress2Tex,UNKNOWN,UNKNOWN,no semantic evidence (offset-named or unkeyworded),in-engine draw capture + surface mapping; visual texture inspection
gNiwGirlDress3Tex,UNKNOWN,UNKNOWN,no semantic evidence (offset-named or unkeyworded),in-engine draw capture + surface mapping; visual texture inspection
gNiwGirlDress4Tex,UNKNOWN,UNKNOWN,no semantic evidence (offset-named or unkeyworded),in-engine draw capture + surface mapping; visual texture inspection
gNiwGirlDress5Tex,UNKNOWN,UNKNOWN,no semantic evidence (offset-named or unkeyworded),in-engine draw capture + surface mapping; visual texture inspection
object_grTex_005D78,UNKNOWN,UNKNOWN,no semantic evidence (offset-named or unkeyworded),in-engine draw capture + surface mapping; visual texture inspection
object_grTex_005E78,UNKNOWN,UNKNOWN,no semantic evidence (offset-named or unkeyworded),in-engine draw capture + surface mapping; visual texture inspection
object_grTex_005EB8,UNKNOWN,UNKNOWN,no semantic evidence (offset-named or unkeyworded),in-engine draw capture + surface mapping; visual texture inspection
object_grTex_005EF8,UNKNOWN,UNKNOWN,no semantic evidence (offset-named or unkeyworded),in-engine draw capture + surface mapping; visual texture inspection
object_grTex_0077F8,UNKNOWN,UNKNOWN,no semantic evidence (offset-named or unkeyworded),in-engine draw capture + surface mapping; visual texture inspection
object_grTex_007BF8,UNKNOWN,UNKNOWN,no semantic evidence (offset-named or unkeyworded),in-engine draw capture + surface mapping; visual texture inspection
object_grTex_007FF8,UNKNOWN,UNKNOWN,no semantic evidence (offset-named or unkeyworded),in-engine draw capture + surface mapping; visual texture inspection
object_grTex_0083F8,UNKNOWN,UNKNOWN,no semantic evidence (offset-named or unkeyworded),in-engine draw capture + surface mapping; visual texture inspection
object_grTex_0097F8,UNKNOWN,UNKNOWN,no semantic evidence (offset-named or unkeyworded),in-engine draw capture + surface mapping; visual texture inspection
object_grTex_009808,UNKNOWN,UNKNOWN,no semantic evidence (offset-named or unkeyworded),in-engine draw capture + surface mapping; visual texture inspection
gTowerCollapseCsBrownPaneledFloor1Tex,GLASS,STONE,keyword collision (shared name evidence),in-engine draw capture + surface mapping; visual texture inspection
gTowerCollapseCsBrownPaneledFloor2Tex,GLASS,STONE,keyword collision (shared name evidence),in-engine draw capture + surface mapping; visual texture inspection
gTowerCollapseCsCollapsedCastleEdgeTex,UNKNOWN,UNKNOWN,no semantic evidence (offset-named or unkeyworded),in-engine draw capture + surface mapping; visual texture inspection
gTowerCollapseCsFlameSmokeTex,LAVA,SMOKE,keyword collision (shared name evidence),in-engine draw capture + surface mapping; visual texture inspection
gTowerCollapseCsRailingTex,UNKNOWN,UNKNOWN,no semantic evidence (offset-named or unkeyworded),in-engine draw capture + surface mapping; visual texture inspection
gTowerCollapseCsSpikeTex,UNKNOWN,UNKNOWN,no semantic evidence (offset-named or unkeyworded),in-engine draw capture + surface mapping; visual texture inspection
gTowerCollapseCsTex_11FF0,UNKNOWN,UNKNOWN,no semantic evidence (offset-named or unkeyworded),in-engine draw capture + surface mapping; visual texture inspection
gTowerCollapseCsTex_123F0,UNKNOWN,UNKNOWN,no semantic evidence (offset-named or unkeyworded),in-engine draw capture + surface mapping; visual texture inspection
gTowerCollapseCsTex_125F0,UNKNOWN,UNKNOWN,no semantic evidence (offset-named or unkeyworded),in-engine draw capture + surface mapping; visual texture inspection
gTowerCollapseCsTex_B870,UNKNOWN,UNKNOWN,no semantic evidence (offset-named or unkeyworded),in-engine draw capture + surface mapping; visual texture inspection
gTowerCollapseCsTex_EEF0,UNKNOWN,UNKNOWN,no semantic evidence (offset-named or unkeyworded),in-engine draw capture + surface mapping; visual texture inspection
gTowerCollapseCsTex_F2F0,UNKNOWN,UNKNOWN,no semantic evidence (offset-named or unkeyworded),in-engine draw capture + surface mapping; visual texture inspection
gTowerCollapseCsTex_F6F0,UNKNOWN,UNKNOWN,no semantic evidence (offset-named or unkeyworded),in-engine draw capture + surface mapping; visual texture inspection
gGravestoneEarthTex,EARTH,SKIN,keyword collision (shared name evidence),in-engine draw capture + surface mapping; visual texture inspection
gGravestoneGrassTex,GRASS,STONE,keyword collision (shared name evidence),in-engine draw capture + surface mapping; visual texture inspection
object_haka_objects_Tex_0131F0,UNKNOWN,UNKNOWN,no semantic evidence (offset-named or unkeyworded),in-engine draw capture + surface mapping; visual texture inspection
object_haka_objects_Tex_0135F0,UNKNOWN,UNKNOWN,no semantic evidence (offset-named or unkeyworded),in-engine draw capture + surface mapping; visual texture inspection
object_haka_objects_Tex_013DF0,UNKNOWN,UNKNOWN,no semantic evidence (offset-named or unkeyworded),in-engine draw capture + surface mapping; visual texture inspection
object_haka_objects_Tex_0145F0,UNKNOWN,UNKNOWN,no semantic evidence (offset-named or unkeyworded),in-engine draw capture + surface mapping; visual texture inspection
object_haka_objects_Tex_0155F0,UNKNOWN,UNKNOWN,no semantic evidence (offset-named or unkeyworded),in-engine draw capture + surface mapping; visual texture inspection
object_haka_objects_Tex_0165F0,UNKNOWN,UNKNOWN,no semantic evidence (offset-named or unkeyworded),in-engine draw capture + surface mapping; visual texture inspection
object_haka_objects_Tex_0167F0,UNKNOWN,UNKNOWN,no semantic evidence (offset-named or unkeyworded),in-engine draw capture + surface mapping; visual texture inspection
object_haka_objects_Tex_016BF0,UNKNOWN,UNKNOWN,no semantic evidence (offset-named or unkeyworded),in-engine draw capture + surface mapping; visual texture inspection
object_haka_objects_Tex_016DF0,UNKNOWN,UNKNOWN,no semantic evidence (offset-named or unkeyworded),in-engine draw capture + surface mapping; visual texture inspection
object_haka_objects_Tex_016FF0,UNKNOWN,UNKNOWN,no semantic evidence (offset-named or unkeyworded),in-engine draw capture + surface mapping; visual texture inspection
object_haka_objects_Tex_0171F0,UNKNOWN,UNKNOWN,no semantic evidence (offset-named or unkeyworded),in-engine draw capture + surface mapping; visual texture inspection
object_haka_objects_Tex_0173F0,UNKNOWN,UNKNOWN,no semantic evidence (offset-named or unkeyworded),in-engine draw capture + surface mapping; visual texture inspection
object_haka_objects_Tex_0175F0,UNKNOWN,UNKNOWN,no semantic evidence (offset-named or unkeyworded),in-engine draw capture + surface mapping; visual texture inspection
object_haka_objects_Tex_0177F0,UNKNOWN,UNKNOWN,no semantic evidence (offset-named or unkeyworded),in-engine draw capture + surface mapping; visual texture inspection
object_haka_objects_Tex_017FF0,UNKNOWN,UNKNOWN,no semantic evidence (offset-named or unkeyworded),in-engine draw capture + surface mapping; visual texture inspection
object_haka_objects_Tex_0187F0,UNKNOWN,UNKNOWN,no semantic evidence (offset-named or unkeyworded),in-engine draw capture + surface mapping; visual texture inspection
object_haka_objects_Tex_018FF0,UNKNOWN,UNKNOWN,no semantic evidence (offset-named or unkeyworded),in-engine draw capture + surface mapping; visual texture inspection
object_haka_objects_Tex_0197F0,UNKNOWN,UNKNOWN,no semantic evidence (offset-named or unkeyworded),in-engine draw capture + surface mapping; visual texture inspection
object_haka_objects_Tex_019870,UNKNOWN,UNKNOWN,no semantic evidence (offset-named or unkeyworded),in-engine draw capture + surface mapping; visual texture inspection
object_haka_objects_Tex_01A070,UNKNOWN,UNKNOWN,no semantic evidence (offset-named or unkeyworded),in-engine draw capture + surface mapping; visual texture inspection
object_haka_objects_Tex_01A470,UNKNOWN,UNKNOWN,no semantic evidence (offset-named or unkeyworded),in-engine draw capture + surface mapping; visual texture inspection
object_haka_objects_Tex_01A670,UNKNOWN,UNKNOWN,no semantic evidence (offset-named or unkeyworded),in-engine draw capture + surface mapping; visual texture inspection
object_haka_objects_Tex_01AE70,UNKNOWN,UNKNOWN,no semantic evidence (offset-named or unkeyworded),in-engine draw capture + surface mapping; visual texture inspection
object_haka_objects_Tex_01B270,UNKNOWN,UNKNOWN,no semantic evidence (offset-named or unkeyworded),in-engine draw capture + surface mapping; visual texture inspection
object_haka_objects_Tex_01BA70,UNKNOWN,UNKNOWN,no semantic evidence (offset-named or unkeyworded),in-engine draw capture + surface mapping; visual texture inspection
object_haka_objects_Tex_01C270,UNKNOWN,UNKNOWN,no semantic evidence (offset-named or unkeyworded),in-engine draw capture + surface mapping; visual texture inspection
object_haka_objects_Tex_01C470,UNKNOWN,UNKNOWN,no semantic evidence (offset-named or unkeyworded),in-engine draw capture + surface mapping; visual texture inspection
object_haka_objects_Tex_01C670,UNKNOWN,UNKNOWN,no semantic evidence (offset-named or unkeyworded),in-engine draw capture + surface mapping; visual texture inspection
object_haka_objects_Tex_01CEB0,UNKNOWN,UNKNOWN,no semantic evidence (offset-named or unkeyworded),in-engine draw capture + surface mapping; visual texture inspection
gBotwBloodSplatterTex,UNKNOWN,UNKNOWN,no semantic evidence (offset-named or unkeyworded),in-engine draw capture + surface mapping; visual texture inspection
gBotwTex_0030F0,UNKNOWN,UNKNOWN,no semantic evidence (offset-named or unkeyworded),in-engine draw capture + surface mapping; visual texture inspection
gBotwTex_0040F0,UNKNOWN,UNKNOWN,no semantic evidence (offset-named or unkeyworded),in-engine draw capture + surface mapping; visual texture inspection
gBotwTex_0048F0,UNKNOWN,UNKNOWN,no semantic evidence (offset-named or unkeyworded),in-engine draw capture + surface mapping; visual texture inspection
gBotwTex_0050F0,UNKNOWN,UNKNOWN,no semantic evidence (offset-named or unkeyworded),in-engine draw capture + surface mapping; visual texture inspection
gBotwTex_0058F0,UNKNOWN,UNKNOWN,no semantic evidence (offset-named or unkeyworded),in-engine draw capture + surface mapping; visual texture inspection
gBotwTex_0060F0,UNKNOWN,UNKNOWN,no semantic evidence (offset-named or unkeyworded),in-engine draw capture + surface mapping; visual texture inspection
object_hakach_objectsTex_0062F0,UNKNOWN,UNKNOWN,no semantic evidence (offset-named or unkeyworded),in-engine draw capture + surface mapping; visual texture inspection
gHeavyBlockTex,METAL,STONE,keyword collision (shared name evidence),in-engine draw capture + surface mapping; visual texture inspection
gFireTempleBigVerticalFlame0Tex,LAVA,STONE,keyword collision (shared name evidence),in-engine draw capture + surface mapping; visual texture inspection
gFireTempleBigVerticalFlame1Tex,LAVA,STONE,keyword collision (shared name evidence),in-engine draw capture + surface mapping; visual texture inspection
gFireTempleBigVerticalFlame2Tex,LAVA,STONE,keyword collision (shared name evidence),in-engine draw capture + surface mapping; visual texture inspection
gFireTempleBigVerticalFlame3Tex,LAVA,STONE,keyword collision (shared name evidence),in-engine draw capture + surface mapping; visual texture inspection
gFireTempleBigVerticalFlame4Tex,LAVA,STONE,keyword collision (shared name evidence),in-engine draw capture + surface mapping; visual texture inspection
gFireTempleBigVerticalFlame5Tex,LAVA,STONE,keyword collision (shared name evidence),in-engine draw capture + surface mapping; visual texture inspection
gFireTempleBigVerticalFlame6Tex,LAVA,STONE,keyword collision (shared name evidence),in-engine draw capture + surface mapping; visual texture inspection
gFireTempleBigVerticalFlame7Tex,LAVA,STONE,keyword collision (shared name evidence),in-engine draw capture + surface mapping; visual texture inspection
gFireTempleDoorKillerTex,LAVA,STONE,keyword collision (shared name evidence),in-engine draw capture + surface mapping; visual texture inspection
gFireTempleFireball0Tex,LAVA,STONE,keyword collision (shared name evidence),in-engine draw capture + surface mapping; visual texture inspection
gFireTempleFireball1Tex,LAVA,STONE,keyword collision (shared name evidence),in-engine draw capture + surface mapping; visual texture inspection
gFireTempleFireball2Tex,LAVA,STONE,keyword collision (shared name evidence),in-engine draw capture + surface mapping; visual texture inspection
gFireTempleFireball3Tex,LAVA,STONE,keyword collision (shared name evidence),in-engine draw capture + surface mapping; visual texture inspection
gFireTempleFireball4Tex,LAVA,STONE,keyword collision (shared name evidence),in-engine draw capture + surface mapping; visual texture inspection
gFireTempleFireball5Tex,LAVA,STONE,keyword collision (shared name evidence),in-engine draw capture + surface mapping; visual texture inspection
gFireTempleFireball6Tex,LAVA,STONE,keyword collision (shared name evidence),in-engine draw capture + surface mapping; visual texture inspection
gFireTempleFireball7Tex,LAVA,STONE,keyword collision (shared name evidence),in-engine draw capture + surface mapping; visual texture inspection
object_hidan_objectsTex_000040,UNKNOWN,UNKNOWN,no semantic evidence (offset-named or unkeyworded),in-engine draw capture + surface mapping; visual texture inspection
object_hidan_objectsTex_000240,UNKNOWN,UNKNOWN,no semantic evidence (offset-named or unkeyworded),in-engine draw capture + surface mapping; visual texture inspection
object_hidan_objectsTex_000A40,UNKNOWN,UNKNOWN,no semantic evidence (offset-named or unkeyworded),in-engine draw capture + surface mapping; visual texture inspection
object_hidan_objectsTex_001A40,UNKNOWN,UNKNOWN,no semantic evidence (offset-named or unkeyworded),in-engine draw capture + surface mapping; visual texture inspection
object_hidan_objectsTex_002A40,UNKNOWN,UNKNOWN,no semantic evidence (offset-named or unkeyworded),in-engine draw capture + surface mapping; visual texture inspection
object_hidan_objectsTex_003A40,UNKNOWN,UNKNOWN,no semantic evidence (offset-named or unkeyworded),in-engine draw capture + surface mapping; visual texture inspection
object_hidan_objectsTex_004240,UNKNOWN,UNKNOWN,no semantic evidence (offset-named or unkeyworded),in-engine draw capture + surface mapping; visual texture inspection
object_hidan_objectsTex_004A40,UNKNOWN,UNKNOWN,no semantic evidence (offset-named or unkeyworded),in-engine draw capture + surface mapping; visual texture inspection
object_hidan_objectsTex_005240,UNKNOWN,UNKNOWN,no semantic evidence (offset-named or unkeyworded),in-engine draw capture + surface mapping; visual texture inspection
object_hidan_objectsTex_005640,UNKNOWN,UNKNOWN,no semantic evidence (offset-named or unkeyworded),in-engine draw capture + surface mapping; visual texture inspection
object_hidan_objectsTex_005A40,UNKNOWN,UNKNOWN,no semantic evidence (offset-named or unkeyworded),in-engine draw capture + surface mapping; visual texture inspection
object_hidan_objectsTex_005E40,UNKNOWN,UNKNOWN,no semantic evidence (offset-named or unkeyworded),in-engine draw capture + surface mapping; visual texture inspection
object_hidan_objectsTex_006640,UNKNOWN,UNKNOWN,no semantic evidence (offset-named or unkeyworded),in-engine draw capture + surface mapping; visual texture inspection
object_hidan_objectsTex_006A40,UNKNOWN,UNKNOWN,no semantic evidence (offset-named or unkeyworded),in-engine draw capture + surface mapping; visual texture inspection
object_hidan_objectsTex_006C40,UNKNOWN,UNKNOWN,no semantic evidence (offset-named or unkeyworded),in-engine draw capture + surface mapping; visual texture inspection
object_hidan_objectsTex_006E40,UNKNOWN,UNKNOWN,no semantic evidence (offset-named or unkeyworded),in-engine draw capture + surface mapping; visual texture inspection
object_hidan_objectsTex_00FB20,UNKNOWN,UNKNOWN,no semantic evidence (offset-named or unkeyworded),in-engine draw capture + surface mapping; visual texture inspection
object_hidan_objectsTex_010D90,UNKNOWN,UNKNOWN,no semantic evidence (offset-named or unkeyworded),in-engine draw capture + surface mapping; visual texture inspection
object_hintnutsTex_0015A8,UNKNOWN,UNKNOWN,no semantic evidence (offset-named or unkeyworded),in-engine draw capture + surface mapping; visual texture inspection
object_hintnutsTex_001DA8,UNKNOWN,UNKNOWN,no semantic evidence (offset-named or unkeyworded),in-engine draw capture + surface mapping; visual texture inspection
object_hintnutsTex_001FA8,UNKNOWN,UNKNOWN,no semantic evidence (offset-named or unkeyworded),in-engine draw capture + surface mapping; visual texture inspection
object_hintnutsTex_002028,UNKNOWN,UNKNOWN,no semantic evidence (offset-named or unkeyworded),in-engine draw capture + surface mapping; visual texture inspection
object_hintnutsTex_0020A8,UNKNOWN,UNKNOWN,no semantic evidence (offset-named or unkeyworded),in-engine draw capture + surface mapping; visual texture inspection
object_hintnutsTex_002128,UNKNOWN,UNKNOWN,no semantic evidence (offset-named or unkeyworded),in-engine draw capture + surface mapping; visual texture inspection
gHorseIngoFeatheringTex,UNKNOWN,UNKNOWN,no semantic evidence (offset-named or unkeyworded),in-engine draw capture + surface mapping; visual texture inspection
gHorseIngoHorseshoeTex,LEATHER,METAL,keyword collision (shared name evidence),in-engine draw capture + surface mapping; visual texture inspection
gHorseIngoManeTex,UNKNOWN,UNKNOWN,no semantic evidence (offset-named or unkeyworded),in-engine draw capture + surface mapping; visual texture inspection
gHorseIngoNostrilsTex,UNKNOWN,UNKNOWN,no semantic evidence (offset-named or unkeyworded),in-engine draw capture + surface mapping; visual texture inspection
gHorseIngoSaddleGirthTex,LEATHER,SKIN,keyword collision (shared name evidence),in-engine draw capture + surface mapping; visual texture inspection
gHorseIngoShoulderTex,UNKNOWN,UNKNOWN,no semantic evidence (offset-named or unkeyworded),in-engine draw capture + surface mapping; visual texture inspection
gHorseIngoThighTex,UNKNOWN,UNKNOWN,no semantic evidence (offset-named or unkeyworded),in-engine draw capture + surface mapping; visual texture inspection
gEponaCrestTex,UNKNOWN,UNKNOWN,no semantic evidence (offset-named or unkeyworded),in-engine draw capture + surface mapping; visual texture inspection
gEponaFeatheringTex,UNKNOWN,UNKNOWN,no semantic evidence (offset-named or unkeyworded),in-engine draw capture + surface mapping; visual texture inspection
gEponaHorseshoeTex,LEATHER,METAL,keyword collision (shared name evidence),in-engine draw capture + surface mapping; visual texture inspection
gEponaManeTex,UNKNOWN,UNKNOWN,no semantic evidence (offset-named or unkeyworded),in-engine draw capture + surface mapping; visual texture inspection
gEponaNostrilsTex,UNKNOWN,UNKNOWN,no semantic evidence (offset-named or unkeyworded),in-engine draw capture + surface mapping; visual texture inspection
gEponaSaddleGirthTex,LEATHER,SKIN,keyword collision (shared name evidence),in-engine draw capture + surface mapping; visual texture inspection
gEponaSaddleLipTex,LEATHER,SKIN,keyword collision (shared name evidence),in-engine draw capture + surface mapping; visual texture inspection
gEponaThighTex,UNKNOWN,UNKNOWN,no semantic evidence (offset-named or unkeyworded),in-engine draw capture + surface mapping; visual texture inspection
object_horse_ganonTex_00A570,UNKNOWN,UNKNOWN,no semantic evidence (offset-named or unkeyworded),in-engine draw capture + surface mapping; visual texture inspection
object_horse_ganonTex_00A5F0,UNKNOWN,UNKNOWN,no semantic evidence (offset-named or unkeyworded),in-engine draw capture + surface mapping; visual texture inspection
object_horse_ganonTex_00A7F0,UNKNOWN,UNKNOWN,no semantic evidence (offset-named or unkeyworded),in-engine draw capture + surface mapping; visual texture inspection
object_horse_ganonTex_00A810,UNKNOWN,UNKNOWN,no semantic evidence (offset-named or unkeyworded),in-engine draw capture + surface mapping; visual texture inspection
object_horse_ganonTex_00AA10,UNKNOWN,UNKNOWN,no semantic evidence (offset-named or unkeyworded),in-engine draw capture + surface mapping; visual texture inspection
object_horse_ganonTex_00B010,UNKNOWN,UNKNOWN,no semantic evidence (offset-named or unkeyworded),in-engine draw capture + surface mapping; visual texture inspection
object_horse_ganonTex_00B110,UNKNOWN,UNKNOWN,no semantic evidence (offset-named or unkeyworded),in-engine draw capture + surface mapping; visual texture inspection
object_horse_ganonTex_00B510,UNKNOWN,UNKNOWN,no semantic evidence (offset-named or unkeyworded),in-engine draw capture + surface mapping; visual texture inspection
object_horse_ganonTex_00B610,UNKNOWN,UNKNOWN,no semantic evidence (offset-named or unkeyworded),in-engine draw capture + surface mapping; visual texture inspection
object_horse_ganonTex_00B690,UNKNOWN,UNKNOWN,no semantic evidence (offset-named or unkeyworded),in-engine draw capture + surface mapping; visual texture inspection
object_horse_ganonTex_00BE90,UNKNOWN,UNKNOWN,no semantic evidence (offset-named or unkeyworded),in-engine draw capture + surface mapping; visual texture inspection
object_horse_link_childTex_001F28,UNKNOWN,UNKNOWN,no semantic evidence (offset-named or unkeyworded),in-engine draw capture + surface mapping; visual texture inspection
object_horse_link_childTex_001F68,UNKNOWN,UNKNOWN,no semantic evidence (offset-named or unkeyworded),in-engine draw capture + surface mapping; visual texture inspection
object_horse_link_childTex_002168,UNKNOWN,UNKNOWN,no semantic evidence (offset-named or unkeyworded),in-engine draw capture + surface mapping; visual texture inspection
object_horse_link_childTex_002368,UNKNOWN,UNKNOWN,no semantic evidence (offset-named or unkeyworded),in-engine draw capture + surface mapping; visual texture inspection
object_horse_link_childTex_002568,UNKNOWN,UNKNOWN,no semantic evidence (offset-named or unkeyworded),in-engine draw capture + surface mapping; visual texture inspection
object_horse_link_childTex_002588,UNKNOWN,UNKNOWN,no semantic evidence (offset-named or unkeyworded),in-engine draw capture + surface mapping; visual texture inspection
object_horse_link_childTex_002788,UNKNOWN,UNKNOWN,no semantic evidence (offset-named or unkeyworded),in-engine draw capture + surface mapping; visual texture inspection
object_horse_link_childTex_008120,UNKNOWN,UNKNOWN,no semantic evidence (offset-named or unkeyworded),in-engine draw capture + surface mapping; visual texture inspection
object_horse_link_childTex_008320,UNKNOWN,UNKNOWN,no semantic evidence (offset-named or unkeyworded),in-engine draw capture + surface mapping; visual texture inspection
object_horse_normalTex_0058D8,UNKNOWN,UNKNOWN,no semantic evidence (offset-named or unkeyworded),in-engine draw capture + surface mapping; visual texture inspection
object_horse_normalTex_005918,UNKNOWN,UNKNOWN,no semantic evidence (offset-named or unkeyworded),in-engine draw capture + surface mapping; visual texture inspection
object_horse_normalTex_005B18,UNKNOWN,UNKNOWN,no semantic evidence (offset-named or unkeyworded),in-engine draw capture + surface mapping; visual texture inspection
object_horse_normalTex_005B98,UNKNOWN,UNKNOWN,no semantic evidence (offset-named or unkeyworded),in-engine draw capture + surface mapping; visual texture inspection
object_horse_normalTex_005C98,UNKNOWN,UNKNOWN,no semantic evidence (offset-named or unkeyworded),in-engine draw capture + surface mapping; visual texture inspection
object_horse_normalTex_006F28,UNKNOWN,UNKNOWN,no semantic evidence (offset-named or unkeyworded),in-engine draw capture + surface mapping; visual texture inspection
object_horse_normalTex_007028,UNKNOWN,UNKNOWN,no semantic evidence (offset-named or unkeyworded),in-engine draw capture + surface mapping; visual texture inspection
object_horse_normalTex_007128,UNKNOWN,UNKNOWN,no semantic evidence (offset-named or unkeyworded),in-engine draw capture + surface mapping; visual texture inspection
object_horse_zeldaTex_000408,UNKNOWN,UNKNOWN,no semantic evidence (offset-named or unkeyworded),in-engine draw capture + surface mapping; visual texture inspection
object_horse_zeldaTex_000888,UNKNOWN,UNKNOWN,no semantic evidence (offset-named or unkeyworded),in-engine draw capture + surface mapping; visual texture inspection
object_horse_zeldaTex_000988,UNKNOWN,UNKNOWN,no semantic evidence (offset-named or unkeyworded),in-engine draw capture + surface mapping; visual texture inspection
object_horse_zeldaTex_002578,UNKNOWN,UNKNOWN,no semantic evidence (offset-named or unkeyworded),in-engine draw capture + surface mapping; visual texture inspection
object_horse_zeldaTex_002678,UNKNOWN,UNKNOWN,no semantic evidence (offset-named or unkeyworded),in-engine draw capture + surface mapping; visual texture inspection
object_horse_zeldaTex_002778,UNKNOWN,UNKNOWN,no semantic evidence (offset-named or unkeyworded),in-engine draw capture + surface mapping; visual texture inspection
object_horse_zeldaTex_002978,UNKNOWN,UNKNOWN,no semantic evidence (offset-named or unkeyworded),in-engine draw capture + surface mapping; visual texture inspection
object_horse_zeldaTex_003178,UNKNOWN,UNKNOWN,no semantic evidence (offset-named or unkeyworded),in-engine draw capture + surface mapping; visual texture inspection
object_horse_zeldaTex_003278,UNKNOWN,UNKNOWN,no semantic evidence (offset-named or unkeyworded),in-engine draw capture + surface mapping; visual texture inspection
object_horse_zeldaTex_003378,UNKNOWN,UNKNOWN,no semantic evidence (offset-named or unkeyworded),in-engine draw capture + surface mapping; visual texture inspection
object_horse_zeldaTex_0033F8,UNKNOWN,UNKNOWN,no semantic evidence (offset-named or unkeyworded),in-engine draw capture + surface mapping; visual texture inspection
object_horse_zeldaTex_0034F8,UNKNOWN,UNKNOWN,no semantic evidence (offset-named or unkeyworded),in-engine draw capture + surface mapping; visual texture inspection
object_hs_Tex_005050,UNKNOWN,UNKNOWN,no semantic evidence (offset-named or unkeyworded),in-engine draw capture + surface mapping; visual texture inspection
object_hs_Tex_005250,UNKNOWN,UNKNOWN,no semantic evidence (offset-named or unkeyworded),in-engine draw capture + surface mapping; visual texture inspection
object_hs_Tex_005290,UNKNOWN,UNKNOWN,no semantic evidence (offset-named or unkeyworded),in-engine draw capture + surface mapping; visual texture inspection
object_hs_Tex_005490,UNKNOWN,UNKNOWN,no semantic evidence (offset-named or unkeyworded),in-engine draw capture + surface mapping; visual texture inspection
object_hs_Tex_005890,UNKNOWN,UNKNOWN,no semantic evidence (offset-named or unkeyworded),in-engine draw capture + surface mapping; visual texture inspection
object_hs_Tex_005990,UNKNOWN,UNKNOWN,no semantic evidence (offset-named or unkeyworded),in-engine draw capture + surface mapping; visual texture inspection
object_hs_Tex_005A90,UNKNOWN,UNKNOWN,no semantic evidence (offset-named or unkeyworded),in-engine draw capture + surface mapping; visual texture inspection
object_hs_Tex_005AB0,UNKNOWN,UNKNOWN,no semantic evidence (offset-named or unkeyworded),in-engine draw capture + surface mapping; visual texture inspection
object_hs_Tex_005AF0,UNKNOWN,UNKNOWN,no semantic evidence (offset-named or unkeyworded),in-engine draw capture + surface mapping; visual texture inspection
object_hs_Tex_005EF0,UNKNOWN,UNKNOWN,no semantic evidence (offset-named or unkeyworded),in-engine draw capture + surface mapping; visual texture inspection
object_hs_Tex_005F70,UNKNOWN,UNKNOWN,no semantic evidence (offset-named or unkeyworded),in-engine draw capture + surface mapping; visual texture inspection
gHumanDressOrnamentsTex,UNKNOWN,UNKNOWN,no semantic evidence (offset-named or unkeyworded),in-engine draw capture + surface mapping; visual texture inspection
gHumanShoeTex,LEATHER,METAL,keyword collision (shared name evidence),in-engine draw capture + surface mapping; visual texture inspection
object_human_Tex_005400,UNKNOWN,UNKNOWN,no semantic evidence (offset-named or unkeyworded),in-engine draw capture + surface mapping; visual texture inspection
object_human_Tex_005500,UNKNOWN,UNKNOWN,no semantic evidence (offset-named or unkeyworded),in-engine draw capture + surface mapping; visual texture inspection
object_human_Tex_010C28,UNKNOWN,UNKNOWN,no semantic evidence (offset-named or unkeyworded),in-engine draw capture + surface mapping; visual texture inspection
gRedIceBlockTex,ICE,METAL,keyword collision (shared name evidence),in-engine draw capture + surface mapping; visual texture inspection
gRedIceWallTex,ICE,STONE,keyword collision (shared name evidence),in-engine draw capture + surface mapping; visual texture inspection
gIronKnuckleBlockPatternTex,METAL,STONE,keyword collision (shared name evidence),in-engine draw capture + surface mapping; visual texture inspection
gIronKnuckleGerudoEyeTex,SKIN,METAL,keyword collision (shared name evidence),in-engine draw capture + surface mapping; visual texture inspection
gIronKnuckleHair2Tex,SKIN,METAL,keyword collision (shared name evidence),in-engine draw capture + surface mapping; visual texture inspection
gIronKnuckleHair3Tex,SKIN,METAL,keyword collision (shared name evidence),in-engine draw capture + surface mapping; visual texture inspection
gIronKnuckleNabooruChestJewelTex,METAL,WOOD,keyword collision (shared name evidence),in-engine draw capture + surface mapping; visual texture inspection
gIronKnuckleNabooruForeheadJewelTex,SKIN,METAL,keyword collision (shared name evidence),in-engine draw capture + surface mapping; visual texture inspection
gIronKnuckleNabooruHair1Tex,SKIN,METAL,keyword collision (shared name evidence),in-engine draw capture + surface mapping; visual texture inspection
gIronKnuckleNabooruLipTex,SKIN,METAL,keyword collision (shared name evidence),in-engine draw capture + surface mapping; visual texture inspection
object_ik_Tex_0103A0,UNKNOWN,UNKNOWN,no semantic evidence (offset-named or unkeyworded),in-engine draw capture + surface mapping; visual texture inspection
object_ik_Tex_011620,UNKNOWN,UNKNOWN,no semantic evidence (offset-named or unkeyworded),in-engine draw capture + surface mapping; visual texture inspection
object_ik_Tex_011760,UNKNOWN,UNKNOWN,no semantic evidence (offset-named or unkeyworded),in-engine draw capture + surface mapping; visual texture inspection
object_ik_Tex_0117E0,UNKNOWN,UNKNOWN,no semantic evidence (offset-named or unkeyworded),in-engine draw capture + surface mapping; visual texture inspection
object_ik_Tex_011860,UNKNOWN,UNKNOWN,no semantic evidence (offset-named or unkeyworded),in-engine draw capture + surface mapping; visual texture inspection
object_ik_Tex_011960,UNKNOWN,UNKNOWN,no semantic evidence (offset-named or unkeyworded),in-engine draw capture + surface mapping; visual texture inspection
object_ik_Tex_017378,UNKNOWN,UNKNOWN,no semantic evidence (offset-named or unkeyworded),in-engine draw capture + surface mapping; visual texture inspection
object_ik_Tex_017478,UNKNOWN,UNKNOWN,no semantic evidence (offset-named or unkeyworded),in-engine draw capture + surface mapping; visual texture inspection
object_ik_Tex_0175B8,UNKNOWN,UNKNOWN,no semantic evidence (offset-named or unkeyworded),in-engine draw capture + surface mapping; visual texture inspection
object_ik_Tex_017638,UNKNOWN,UNKNOWN,no semantic evidence (offset-named or unkeyworded),in-engine draw capture + surface mapping; visual texture inspection
object_ik_Tex_0176B8,UNKNOWN,UNKNOWN,no semantic evidence (offset-named or unkeyworded),in-engine draw capture + surface mapping; visual texture inspection
object_ik_Tex_01DBA8,UNKNOWN,UNKNOWN,no semantic evidence (offset-named or unkeyworded),in-engine draw capture + surface mapping; visual texture inspection
gImpaBlackTex,UNKNOWN,UNKNOWN,no semantic evidence (offset-named or unkeyworded),in-engine draw capture + surface mapping; visual texture inspection
gImpaBrownGradientTex,UNKNOWN,UNKNOWN,no semantic evidence (offset-named or unkeyworded),in-engine draw capture + surface mapping; visual texture inspection
gImpaChestPlateEdgeTex,CERAMIC,WOOD,keyword collision (shared name evidence),in-engine draw capture + surface mapping; visual texture inspection
gImpaChestPlateStrapTex,LEATHER,CERAMIC,keyword collision (shared name evidence),in-engine draw capture + surface mapping; visual texture inspection
gImpaChestPlateTex,CERAMIC,WOOD,keyword collision (shared name evidence),in-engine draw capture + surface mapping; visual texture inspection
gImpaEmblemTex,UNKNOWN,UNKNOWN,no semantic evidence (offset-named or unkeyworded),in-engine draw capture + surface mapping; visual texture inspection
gImpaNeckTex,GLASS,SKIN,keyword collision (shared name evidence),in-engine draw capture + surface mapping; visual texture inspection
gImpaPantsAndSkinTex,SAND,SKIN,keyword collision (shared name evidence),in-engine draw capture + surface mapping; visual texture inspection
gImpaShoulderSkinTex,SMOKE,SKIN,keyword collision (shared name evidence),in-engine draw capture + surface mapping; visual texture inspection
gImpaSwordHandleTex,SKIN,METAL,keyword collision (shared name evidence),in-engine draw capture + surface mapping; visual texture inspection
object_im_Tex_007750,UNKNOWN,UNKNOWN,no semantic evidence (offset-named or unkeyworded),in-engine draw capture + surface mapping; visual texture inspection
object_im_Tex_0079D0,UNKNOWN,UNKNOWN,no semantic evidence (offset-named or unkeyworded),in-engine draw capture + surface mapping; visual texture inspection
object_im_Tex_007B10,UNKNOWN,UNKNOWN,no semantic evidence (offset-named or unkeyworded),in-engine draw capture + surface mapping; visual texture inspection
object_im_Tex_007B50,UNKNOWN,UNKNOWN,no semantic evidence (offset-named or unkeyworded),in-engine draw capture + surface mapping; visual texture inspection
gIngoAdultEraCollar2Tex,UNKNOWN,UNKNOWN,no semantic evidence (offset-named or unkeyworded),in-engine draw capture + surface mapping; visual texture inspection
gIngoAdultEraCollarTex,UNKNOWN,UNKNOWN,no semantic evidence (offset-named or unkeyworded),in-engine draw capture + surface mapping; visual texture inspection
gIngoAdultEraGradient2Tex,UNKNOWN,UNKNOWN,no semantic evidence (offset-named or unkeyworded),in-engine draw capture + surface mapping; visual texture inspection
gIngoAdultEraGradientTex,UNKNOWN,UNKNOWN,no semantic evidence (offset-named or unkeyworded),in-engine draw capture + surface mapping; visual texture inspection
gIngoAdultEraPantsTex,UNKNOWN,UNKNOWN,no semantic evidence (offset-named or unkeyworded),in-engine draw capture + surface mapping; visual texture inspection
gIngoAdultEraShoesTex,LEATHER,METAL,keyword collision (shared name evidence),in-engine draw capture + surface mapping; visual texture inspection
gIngoAdultEraSleeveTex,UNKNOWN,UNKNOWN,no semantic evidence (offset-named or unkeyworded),in-engine draw capture + surface mapping; visual texture inspection
gIngoBasketInsideTex,UNKNOWN,UNKNOWN,no semantic evidence (offset-named or unkeyworded),in-engine draw capture + surface mapping; visual texture inspection
gIngoBasketTex,UNKNOWN,UNKNOWN,no semantic evidence (offset-named or unkeyworded),in-engine draw capture + surface mapping; visual texture inspection
gIngoBrownTex,UNKNOWN,UNKNOWN,no semantic evidence (offset-named or unkeyworded),in-engine draw capture + surface mapping; visual texture inspection
gIngoPitchforkTex,UNKNOWN,UNKNOWN,no semantic evidence (offset-named or unkeyworded),in-engine draw capture + surface mapping; visual texture inspection
gIngoPocketTex,UNKNOWN,UNKNOWN,no semantic evidence (offset-named or unkeyworded),in-engine draw capture + surface mapping; visual texture inspection
gIngoRedTex,UNKNOWN,UNKNOWN,no semantic evidence (offset-named or unkeyworded),in-engine draw capture + surface mapping; visual texture inspection
gIngoShirtButtonsTex,UNKNOWN,UNKNOWN,no semantic evidence (offset-named or unkeyworded),in-engine draw capture + surface mapping; visual texture inspection
gIngoShirtSleeveTex,UNKNOWN,UNKNOWN,no semantic evidence (offset-named or unkeyworded),in-engine draw capture + surface mapping; visual texture inspection
object_in_Tex_00C758,UNKNOWN,UNKNOWN,no semantic evidence (offset-named or unkeyworded),in-engine draw capture + surface mapping; visual texture inspection
gJabuJabuCapInnerTex,UNKNOWN,UNKNOWN,no semantic evidence (offset-named or unkeyworded),in-engine draw capture + surface mapping; visual texture inspection
gJabuJabuCapOuterTex,UNKNOWN,UNKNOWN,no semantic evidence (offset-named or unkeyworded),in-engine draw capture + surface mapping; visual texture inspection
gJabuJabuDiademCenterTex,UNKNOWN,UNKNOWN,no semantic evidence (offset-named or unkeyworded),in-engine draw capture + surface mapping; visual texture inspection
gJabuJabuDiademSideTex,UNKNOWN,UNKNOWN,no semantic evidence (offset-named or unkeyworded),in-engine draw capture + surface mapping; visual texture inspection
gJabuJabuDorsalTex,UNKNOWN,UNKNOWN,no semantic evidence (offset-named or unkeyworded),in-engine draw capture + surface mapping; visual texture inspection
gJabuJabuFinTex,UNKNOWN,UNKNOWN,no semantic evidence (offset-named or unkeyworded),in-engine draw capture + surface mapping; visual texture inspection
gJabuJabuFrillTex,UNKNOWN,UNKNOWN,no semantic evidence (offset-named or unkeyworded),in-engine draw capture + surface mapping; visual texture inspection
gJabuJabuLateralTex,UNKNOWN,UNKNOWN,no semantic evidence (offset-named or unkeyworded),in-engine draw capture + surface mapping; visual texture inspection
gJabuJabuMouthFloorTex,SKIN,STONE,keyword collision (shared name evidence),in-engine draw capture + surface mapping; visual texture inspection
gJabuJabuNostrilTex,UNKNOWN,UNKNOWN,no semantic evidence (offset-named or unkeyworded),in-engine draw capture + surface mapping; visual texture inspection
gCarpetMerchantChestTex,CLOTH,WOOD,keyword collision (shared name evidence),in-engine draw capture + surface mapping; visual texture inspection
gCarpetMerchantFootSoleTex,CLOTH,SKIN,keyword collision (shared name evidence),in-engine draw capture + surface mapping; visual texture inspection
gCarpetMerchantFootTex,CLOTH,SKIN,keyword collision (shared name evidence),in-engine draw capture + surface mapping; visual texture inspection
gCarpetMerchantHairTex,CLOTH,SKIN,keyword collision (shared name evidence),in-engine draw capture + surface mapping; visual texture inspection
gCarpetMerchantHandTex,CLOTH,SKIN,keyword collision (shared name evidence),in-engine draw capture + surface mapping; visual texture inspection
gCarpetMerchantSkinGradientTex,CLOTH,SKIN,keyword collision (shared name evidence),in-engine draw capture + surface mapping; visual texture inspection
gSpiritDoorMetalBarsTex,METAL,WOOD,keyword collision (shared name evidence),in-engine draw capture + surface mapping; visual texture inspection
g1f1fiftTopTex,UNKNOWN,UNKNOWN,no semantic evidence (offset-named or unkeyworded),in-engine draw capture + surface mapping; visual texture inspection
g1fLiftBottomTex,UNKNOWN,UNKNOWN,no semantic evidence (offset-named or unkeyworded),in-engine draw capture + surface mapping; visual texture inspection
gBombiwaRockTex,METAL,STONE,keyword collision (shared name evidence),in-engine draw capture + surface mapping; visual texture inspection
gCobraMirrorEyeTex,GLASS,SKIN,keyword collision (shared name evidence),in-engine draw capture + surface mapping; visual texture inspection
gCobraMirrorHandleTex,GLASS,SKIN,keyword collision (shared name evidence),in-engine draw capture + surface mapping; visual texture inspection
gCobraMirrorStoneTex,GLASS,STONE,keyword collision (shared name evidence),in-engine draw capture + surface mapping; visual texture inspection
gCobraMirrorToothTex,GLASS,BONE,keyword collision (shared name evidence),in-engine draw capture + surface mapping; visual texture inspection
gKanaamiMiddleTex,UNKNOWN,UNKNOWN,no semantic evidence (offset-named or unkeyworded),in-engine draw capture + surface mapping; visual texture inspection
gKanaamiTopTex,UNKNOWN,UNKNOWN,no semantic evidence (offset-named or unkeyworded),in-engine draw capture + surface mapping; visual texture inspection
gLiftTopTex,UNKNOWN,UNKNOWN,no semantic evidence (offset-named or unkeyworded),in-engine draw capture + surface mapping; visual texture inspection
gMegami1Tex,UNKNOWN,UNKNOWN,no semantic evidence (offset-named or unkeyworded),in-engine draw capture + surface mapping; visual texture inspection
gMegami2Tex,UNKNOWN,UNKNOWN,no semantic evidence (offset-named or unkeyworded),in-engine draw capture + surface mapping; visual texture inspection
gMegami3Tex,UNKNOWN,UNKNOWN,no semantic evidence (offset-named or unkeyworded),in-engine draw capture + surface mapping; visual texture inspection
gMegamiLeftCrumble1Tex,UNKNOWN,UNKNOWN,no semantic evidence (offset-named or unkeyworded),in-engine draw capture + surface mapping; visual texture inspection
gMegamiLeftCrumble2Tex,UNKNOWN,UNKNOWN,no semantic evidence (offset-named or unkeyworded),in-engine draw capture + surface mapping; visual texture inspection
gMegamiLeftCrumble3Tex,UNKNOWN,UNKNOWN,no semantic evidence (offset-named or unkeyworded),in-engine draw capture + surface mapping; visual texture inspection
gMegamiLeftCrumble4Tex,UNKNOWN,UNKNOWN,no semantic evidence (offset-named or unkeyworded),in-engine draw capture + surface mapping; visual texture inspection
gMegamiLeftCrumble5Tex,UNKNOWN,UNKNOWN,no semantic evidence (offset-named or unkeyworded),in-engine draw capture + surface mapping; visual texture inspection
gMegamiRightCrumble1Tex,UNKNOWN,UNKNOWN,no semantic evidence (offset-named or unkeyworded),in-engine draw capture + surface mapping; visual texture inspection
gMegamiRightCrumble2Tex,UNKNOWN,UNKNOWN,no semantic evidence (offset-named or unkeyworded),in-engine draw capture + surface mapping; visual texture inspection
gMegamiRightCrumble3Tex,UNKNOWN,UNKNOWN,no semantic evidence (offset-named or unkeyworded),in-engine draw capture + surface mapping; visual texture inspection
gMegamiRightCrumble4Tex,UNKNOWN,UNKNOWN,no semantic evidence (offset-named or unkeyworded),in-engine draw capture + surface mapping; visual texture inspection
gMegamiRightCrumble5Tex,UNKNOWN,UNKNOWN,no semantic evidence (offset-named or unkeyworded),in-engine draw capture + surface mapping; visual texture inspection
object_jya_objTex_00B4B8,UNKNOWN,UNKNOWN,no semantic evidence (offset-named or unkeyworded),in-engine draw capture + surface mapping; visual texture inspection
object_jya_objTex_011A80,UNKNOWN,UNKNOWN,no semantic evidence (offset-named or unkeyworded),in-engine draw capture + surface mapping; visual texture inspection
object_jya_objTex_016140,UNKNOWN,UNKNOWN,no semantic evidence (offset-named or unkeyworded),in-engine draw capture + surface mapping; visual texture inspection
object_jya_objTex_017140,UNKNOWN,UNKNOWN,no semantic evidence (offset-named or unkeyworded),in-engine draw capture + surface mapping; visual texture inspection
object_jya_objTex_01B340,UNKNOWN,UNKNOWN,no semantic evidence (offset-named or unkeyworded),in-engine draw capture + surface mapping; visual texture inspection
object_jya_objTex_01B740,UNKNOWN,UNKNOWN,no semantic evidence (offset-named or unkeyworded),in-engine draw capture + surface mapping; visual texture inspection
object_ka_Tex_002C00,UNKNOWN,UNKNOWN,no semantic evidence (offset-named or unkeyworded),in-engine draw capture + surface mapping; visual texture inspection
object_ka_Tex_003400,UNKNOWN,UNKNOWN,no semantic evidence (offset-named or unkeyworded),in-engine draw capture + surface mapping; visual texture inspection
object_ka_Tex_003C00,UNKNOWN,UNKNOWN,no semantic evidence (offset-named or unkeyworded),in-engine draw capture + surface mapping; visual texture inspection
object_ka_Tex_004400,UNKNOWN,UNKNOWN,no semantic evidence (offset-named or unkeyworded),in-engine draw capture + surface mapping; visual texture inspection
object_ka_Tex_004C00,UNKNOWN,UNKNOWN,no semantic evidence (offset-named or unkeyworded),in-engine draw capture + surface mapping; visual texture inspection
object_ka_Tex_005400,UNKNOWN,UNKNOWN,no semantic evidence (offset-named or unkeyworded),in-engine draw capture + surface mapping; visual texture inspection
object_ka_Tex_005C00,UNKNOWN,UNKNOWN,no semantic evidence (offset-named or unkeyworded),in-engine draw capture + surface mapping; visual texture inspection
object_kanban_Tex_0016B0,UNKNOWN,UNKNOWN,no semantic evidence (offset-named or unkeyworded),in-engine draw capture + surface mapping; visual texture inspection
gKingDodongoTitleCardTex,UNKNOWN,UNKNOWN,no semantic evidence (offset-named or unkeyworded),in-engine draw capture + surface mapping; visual texture inspection
object_kingdodongo_Tex_009DE8,UNKNOWN,UNKNOWN,no semantic evidence (offset-named or unkeyworded),in-engine draw capture + surface mapping; visual texture inspection
object_kingdodongo_Tex_015890,UNKNOWN,UNKNOWN,no semantic evidence (offset-named or unkeyworded),in-engine draw capture + surface mapping; visual texture inspection
object_kingdodongo_Tex_015990,UNKNOWN,UNKNOWN,no semantic evidence (offset-named or unkeyworded),in-engine draw capture + surface mapping; visual texture inspection
object_kingdodongo_Tex_015D90,UNKNOWN,UNKNOWN,no semantic evidence (offset-named or unkeyworded),in-engine draw capture + surface mapping; visual texture inspection
object_kingdodongo_Tex_015F90,UNKNOWN,UNKNOWN,no semantic evidence (offset-named or unkeyworded),in-engine draw capture + surface mapping; visual texture inspection
object_kingdodongo_Tex_016390,UNKNOWN,UNKNOWN,no semantic evidence (offset-named or unkeyworded),in-engine draw capture + surface mapping; visual texture inspection
object_kingdodongo_Tex_016590,UNKNOWN,UNKNOWN,no semantic evidence (offset-named or unkeyworded),in-engine draw capture + surface mapping; visual texture inspection
object_kingdodongo_Tex_016790,UNKNOWN,UNKNOWN,no semantic evidence (offset-named or unkeyworded),in-engine draw capture + surface mapping; visual texture inspection
object_kingdodongo_Tex_016990,UNKNOWN,UNKNOWN,no semantic evidence (offset-named or unkeyworded),in-engine draw capture + surface mapping; visual texture inspection
object_kingdodongo_Tex_016D90,UNKNOWN,UNKNOWN,no semantic evidence (offset-named or unkeyworded),in-engine draw capture + surface mapping; visual texture inspection
object_kingdodongo_Tex_016E10,UNKNOWN,UNKNOWN,no semantic evidence (offset-named or unkeyworded),in-engine draw capture + surface mapping; visual texture inspection
object_kingdodongo_Tex_017210,UNKNOWN,UNKNOWN,no semantic evidence (offset-named or unkeyworded),in-engine draw capture + surface mapping; visual texture inspection
object_kingdodongo_Tex_025C58,UNKNOWN,UNKNOWN,no semantic evidence (offset-named or unkeyworded),in-engine draw capture + surface mapping; visual texture inspection
object_kingdodongo_Tex_0264E0,UNKNOWN,UNKNOWN,no semantic evidence (offset-named or unkeyworded),in-engine draw capture + surface mapping; visual texture inspection
object_kingdodongo_Tex_0274E0,UNKNOWN,UNKNOWN,no semantic evidence (offset-named or unkeyworded),in-engine draw capture + surface mapping; visual texture inspection
object_kingdodongo_Tex_0284E0,UNKNOWN,UNKNOWN,no semantic evidence (offset-named or unkeyworded),in-engine draw capture + surface mapping; visual texture inspection
object_kingdodongo_Tex_0294E0,UNKNOWN,UNKNOWN,no semantic evidence (offset-named or unkeyworded),in-engine draw capture + surface mapping; visual texture inspection
object_kingdodongo_Tex_02A4E0,UNKNOWN,UNKNOWN,no semantic evidence (offset-named or unkeyworded),in-engine draw capture + surface mapping; visual texture inspection
object_kingdodongo_Tex_02B4E0,UNKNOWN,UNKNOWN,no semantic evidence (offset-named or unkeyworded),in-engine draw capture + surface mapping; visual texture inspection
object_kingdodongo_Tex_02C4E0,UNKNOWN,UNKNOWN,no semantic evidence (offset-named or unkeyworded),in-engine draw capture + surface mapping; visual texture inspection
object_kingdodongo_Tex_02D4E0,UNKNOWN,UNKNOWN,no semantic evidence (offset-named or unkeyworded),in-engine draw capture + surface mapping; visual texture inspection
object_kingdodongo_Tex_02E4E0,UNKNOWN,UNKNOWN,no semantic evidence (offset-named or unkeyworded),in-engine draw capture + surface mapping; visual texture inspection
object_kingdodongo_Tex_02E8E0,UNKNOWN,UNKNOWN,no semantic evidence (offset-named or unkeyworded),in-engine draw capture + surface mapping; visual texture inspection
object_kingdodongo_Tex_02ECE0,UNKNOWN,UNKNOWN,no semantic evidence (offset-named or unkeyworded),in-engine draw capture + surface mapping; visual texture inspection
object_kingdodongo_Tex_02F0E0,UNKNOWN,UNKNOWN,no semantic evidence (offset-named or unkeyworded),in-engine draw capture + surface mapping; visual texture inspection
object_kingdodongo_Tex_02F4E0,UNKNOWN,UNKNOWN,no semantic evidence (offset-named or unkeyworded),in-engine draw capture + surface mapping; visual texture inspection
object_kingdodongo_Tex_02F8E0,UNKNOWN,UNKNOWN,no semantic evidence (offset-named or unkeyworded),in-engine draw capture + surface mapping; visual texture inspection
object_kingdodongo_Tex_02FCE0,UNKNOWN,UNKNOWN,no semantic evidence (offset-named or unkeyworded),in-engine draw capture + surface mapping; visual texture inspection
object_kingdodongo_Tex_0300E0,UNKNOWN,UNKNOWN,no semantic evidence (offset-named or unkeyworded),in-engine draw capture + surface mapping; visual texture inspection
object_kingdodongo_Tex_0304E0,UNKNOWN,UNKNOWN,no semantic evidence (offset-named or unkeyworded),in-engine draw capture + surface mapping; visual texture inspection
object_kingdodongo_Tex_0308E0,UNKNOWN,UNKNOWN,no semantic evidence (offset-named or unkeyworded),in-engine draw capture + surface mapping; visual texture inspection
object_kw1_Tex_00047C,UNKNOWN,UNKNOWN,no semantic evidence (offset-named or unkeyworded),in-engine draw capture + surface mapping; visual texture inspection
gKzCrownTex,UNKNOWN,UNKNOWN,no semantic evidence (offset-named or unkeyworded),in-engine draw capture + surface mapping; visual texture inspection
object_kz_Tex_001430,UNKNOWN,UNKNOWN,no semantic evidence (offset-named or unkeyworded),in-engine draw capture + surface mapping; visual texture inspection
object_kz_Tex_002570,UNKNOWN,UNKNOWN,no semantic evidence (offset-named or unkeyworded),in-engine draw capture + surface mapping; visual texture inspection
object_lightswitch_Tex_000420,UNKNOWN,UNKNOWN,no semantic evidence (offset-named or unkeyworded),in-engine draw capture + surface mapping; visual texture inspection
object_lightswitch_Tex_000C20,UNKNOWN,UNKNOWN,no semantic evidence (offset-named or unkeyworded),in-engine draw capture + surface mapping; visual texture inspection
object_lightswitch_Tex_001420,UNKNOWN,UNKNOWN,no semantic evidence (offset-named or unkeyworded),in-engine draw capture + surface mapping; visual texture inspection
object_lightswitch_Tex_001C20,UNKNOWN,UNKNOWN,no semantic evidence (offset-named or unkeyworded),in-engine draw capture + surface mapping; visual texture inspection
gLinkAdultArmGauntletTex,SKIN,METAL,keyword collision (shared name evidence),in-engine draw capture + surface mapping; visual texture inspection
gLinkAdultArmOutUpperGauntletTex,SKIN,METAL,keyword collision (shared name evidence),in-engine draw capture + surface mapping; visual texture inspection
gLinkAdultBowBodyTex,SKIN,WOOD,keyword collision (shared name evidence),in-engine draw capture + surface mapping; visual texture inspection
gLinkAdultCollarTex,UNKNOWN,UNKNOWN,no semantic evidence (offset-named or unkeyworded),in-engine draw capture + surface mapping; visual texture inspection
gLinkAdultGauntletPlate1Tex,CERAMIC,METAL,keyword collision (shared name evidence),in-engine draw capture + surface mapping; visual texture inspection
gLinkAdultGauntletPlate2Tex,CERAMIC,METAL,keyword collision (shared name evidence),in-engine draw capture + surface mapping; visual texture inspection
gLinkAdultHookshotDesignTex,METAL,WOOD,keyword collision (shared name evidence),in-engine draw capture + surface mapping; visual texture inspection
gLinkAdultHookshotHandleTex,SKIN,METAL,keyword collision (shared name evidence),in-engine draw capture + surface mapping; visual texture inspection
gLinkAdultIronBootTex,LEATHER,METAL,keyword collision (shared name evidence),in-engine draw capture + surface mapping; visual texture inspection
gLinkAdultMirrorShieldLowerDesignTex,GLASS,METAL,keyword collision (shared name evidence),in-engine draw capture + surface mapping; visual texture inspection
gLinkAdultMirrorShieldUpperDesignTex,GLASS,METAL,keyword collision (shared name evidence),in-engine draw capture + surface mapping; visual texture inspection
gLinkAdultShieldHandleTex,SKIN,METAL,keyword collision (shared name evidence),in-engine draw capture + surface mapping; visual texture inspection
gLinkAdultSkirtAndHatTex,UNKNOWN,UNKNOWN,no semantic evidence (offset-named or unkeyworded),in-engine draw capture + surface mapping; visual texture inspection
gLinkChildBunnyHoodTex,UNKNOWN,UNKNOWN,no semantic evidence (offset-named or unkeyworded),in-engine draw capture + surface mapping; visual texture inspection
gLinkChildDekuShieldBackTex,METAL,WOOD,keyword collision (shared name evidence),in-engine draw capture + surface mapping; visual texture inspection
gLinkChildDekuShieldFrontTex,METAL,WOOD,keyword collision (shared name evidence),in-engine draw capture + surface mapping; visual texture inspection
gLinkChildGerudoMaskEyeTex,SKIN,METAL,keyword collision (shared name evidence),in-engine draw capture + surface mapping; visual texture inspection
gLinkChildGoronBraceletTex,UNKNOWN,UNKNOWN,no semantic evidence (offset-named or unkeyworded),in-engine draw capture + surface mapping; visual texture inspection
gLinkChildGoronMaskEyeTex,SKIN,METAL,keyword collision (shared name evidence),in-engine draw capture + surface mapping; visual texture inspection
gLinkChildKeatonMaskEyeBrowTex,SKIN,METAL,keyword collision (shared name evidence),in-engine draw capture + surface mapping; visual texture inspection
gLinkChildKokiriSwordSheathTex,LEATHER,FOLIAGE,keyword collision (shared name evidence),in-engine draw capture + surface mapping; visual texture inspection
gLinkChildMaskOfTruthCurveTex,UNKNOWN,UNKNOWN,no semantic evidence (offset-named or unkeyworded),in-engine draw capture + surface mapping; visual texture inspection
gLinkChildMaskOfTruthTex,UNKNOWN,UNKNOWN,no semantic evidence (offset-named or unkeyworded),in-engine draw capture + surface mapping; visual texture inspection
gLinkChildSkullMaskEyeTex,BONE,METAL,keyword collision (shared name evidence),in-engine draw capture + surface mapping; visual texture inspection
gLinkChildSkullMaskNoseTex,BONE,SKIN,keyword collision (shared name evidence),in-engine draw capture + surface mapping; visual texture inspection
gLinkChildSlingshotSeedTex,UNKNOWN,UNKNOWN,no semantic evidence (offset-named or unkeyworded),in-engine draw capture + surface mapping; visual texture inspection
gLinkChildSlingshotTex,UNKNOWN,UNKNOWN,no semantic evidence (offset-named or unkeyworded),in-engine draw capture + surface mapping; visual texture inspection
gLinkChildSpookyMaskTex,UNKNOWN,UNKNOWN,no semantic evidence (offset-named or unkeyworded),in-engine draw capture + surface mapping; visual texture inspection
gLinkChildWaistTex,UNKNOWN,UNKNOWN,no semantic evidence (offset-named or unkeyworded),in-engine draw capture + surface mapping; visual texture inspection
gLinkChildZoraMaskEyeBoarderTex,SKIN,METAL,keyword collision (shared name evidence),in-engine draw capture + surface mapping; visual texture inspection
gLinkChildZoraMaskEyeTex,SKIN,METAL,keyword collision (shared name evidence),in-engine draw capture + surface mapping; visual texture inspection
gMalonChildBrownCircleTex,UNKNOWN,UNKNOWN,no semantic evidence (offset-named or unkeyworded),in-engine draw capture + surface mapping; visual texture inspection
gMalonChildScarfTex,UNKNOWN,UNKNOWN,no semantic evidence (offset-named or unkeyworded),in-engine draw capture + surface mapping; visual texture inspection
gMalonAdultBasketInsideTex,UNKNOWN,UNKNOWN,no semantic evidence (offset-named or unkeyworded),in-engine draw capture + surface mapping; visual texture inspection
gMalonAdultBasketTex,UNKNOWN,UNKNOWN,no semantic evidence (offset-named or unkeyworded),in-engine draw capture + surface mapping; visual texture inspection
gMalonAdultDressPatternTex,UNKNOWN,UNKNOWN,no semantic evidence (offset-named or unkeyworded),in-engine draw capture + surface mapping; visual texture inspection
gMalonAdultFrontDressTex,UNKNOWN,UNKNOWN,no semantic evidence (offset-named or unkeyworded),in-engine draw capture + surface mapping; visual texture inspection
gMalonAdultGradientTex,UNKNOWN,UNKNOWN,no semantic evidence (offset-named or unkeyworded),in-engine draw capture + surface mapping; visual texture inspection
gMalonAdultMiddleDressTex,UNKNOWN,UNKNOWN,no semantic evidence (offset-named or unkeyworded),in-engine draw capture + surface mapping; visual texture inspection
gMalonAdultScarfTex,UNKNOWN,UNKNOWN,no semantic evidence (offset-named or unkeyworded),in-engine draw capture + surface mapping; visual texture inspection
gMalonAdultShirtCuffTex,UNKNOWN,UNKNOWN,no semantic evidence (offset-named or unkeyworded),in-engine draw capture + surface mapping; visual texture inspection
gMalonAdultShirtTex,UNKNOWN,UNKNOWN,no semantic evidence (offset-named or unkeyworded),in-engine draw capture + surface mapping; visual texture inspection
gTitleCopyright19982002Tex,UNKNOWN,UNKNOWN,no semantic evidence (offset-named or unkeyworded),in-engine draw capture + surface mapping; visual texture inspection
gTitleCopyright19982003Tex,UNKNOWN,UNKNOWN,no semantic evidence (offset-named or unkeyworded),in-engine draw capture + surface mapping; visual texture inspection
gTitleCopyright19982004EngTex,UNKNOWN,UNKNOWN,no semantic evidence (offset-named or unkeyworded),in-engine draw capture + surface mapping; visual texture inspection
gTitleCopyright19982004JpnTex,UNKNOWN,UNKNOWN,no semantic evidence (offset-named or unkeyworded),in-engine draw capture + surface mapping; visual texture inspection
gTitleCopyright1998Tex,UNKNOWN,UNKNOWN,no semantic evidence (offset-named or unkeyworded),in-engine draw capture + surface mapping; visual texture inspection
gTitleDiskTex,UNKNOWN,UNKNOWN,no semantic evidence (offset-named or unkeyworded),in-engine draw capture + surface mapping; visual texture inspection
gTitleEffectMask00Tex,UNKNOWN,UNKNOWN,no semantic evidence (offset-named or unkeyworded),in-engine draw capture + surface mapping; visual texture inspection
gTitleEffectMask01Tex,UNKNOWN,UNKNOWN,no semantic evidence (offset-named or unkeyworded),in-engine draw capture + surface mapping; visual texture inspection
gTitleEffectMask02Tex,UNKNOWN,UNKNOWN,no semantic evidence (offset-named or unkeyworded),in-engine draw capture + surface mapping; visual texture inspection
gTitleEffectMask10Tex,UNKNOWN,UNKNOWN,no semantic evidence (offset-named or unkeyworded),in-engine draw capture + surface mapping; visual texture inspection
gTitleEffectMask11Tex,UNKNOWN,UNKNOWN,no semantic evidence (offset-named or unkeyworded),in-engine draw capture + surface mapping; visual texture inspection
gTitleEffectMask12Tex,UNKNOWN,UNKNOWN,no semantic evidence (offset-named or unkeyworded),in-engine draw capture + surface mapping; visual texture inspection
gTitleEffectMask20Tex,UNKNOWN,UNKNOWN,no semantic evidence (offset-named or unkeyworded),in-engine draw capture + surface mapping; visual texture inspection
gTitleEffectMask21Tex,UNKNOWN,UNKNOWN,no semantic evidence (offset-named or unkeyworded),in-engine draw capture + surface mapping; visual texture inspection
gTitleEffectMask22Tex,UNKNOWN,UNKNOWN,no semantic evidence (offset-named or unkeyworded),in-engine draw capture + surface mapping; visual texture inspection
gTitleMasterQuestSubtitleTex,UNKNOWN,UNKNOWN,no semantic evidence (offset-named or unkeyworded),in-engine draw capture + surface mapping; visual texture inspection
gTitleOcarinaOfTimeTMTextTex,UNKNOWN,UNKNOWN,no semantic evidence (offset-named or unkeyworded),in-engine draw capture + surface mapping; visual texture inspection
gTitleTitleJPNTex,UNKNOWN,UNKNOWN,no semantic evidence (offset-named or unkeyworded),in-engine draw capture + surface mapping; visual texture inspection
gTitleZeldaShieldLogoMQTex,SMOKE,METAL,keyword collision (shared name evidence),in-engine draw capture + surface mapping; visual texture inspection
gTitleZeldaShieldLogoTex,SMOKE,METAL,keyword collision (shared name evidence),in-engine draw capture + surface mapping; visual texture inspection
gMagicBeanPlatformStemTex,UNKNOWN,UNKNOWN,no semantic evidence (offset-named or unkeyworded),in-engine draw capture + surface mapping; visual texture inspection
gMagicBeanPlatformTex,UNKNOWN,UNKNOWN,no semantic evidence (offset-named or unkeyworded),in-engine draw capture + surface mapping; visual texture inspection
gMagicBeanSeedlingTex,UNKNOWN,UNKNOWN,no semantic evidence (offset-named or unkeyworded),in-engine draw capture + surface mapping; visual texture inspection
gMagicBeanStemTex,UNKNOWN,UNKNOWN,no semantic evidence (offset-named or unkeyworded),in-engine draw capture + surface mapping; visual texture inspection
gKokiriShopkeeperEarTex,FOLIAGE,SKIN,keyword collision (shared name evidence),in-engine draw capture + surface mapping; visual texture inspection
gKokiriShopkeeperEyeDefaultTex,FOLIAGE,SKIN,keyword collision (shared name evidence),in-engine draw capture + surface mapping; visual texture inspection
gKokiriShopkeeperEyeHalfTex,FOLIAGE,SKIN,keyword collision (shared name evidence),in-engine draw capture + surface mapping; visual texture inspection
gKokiriShopkeeperEyeOpenTex,FOLIAGE,SKIN,keyword collision (shared name evidence),in-engine draw capture + surface mapping; visual texture inspection
gKokiriShopkeeperHairTex,FOLIAGE,SKIN,keyword collision (shared name evidence),in-engine draw capture + surface mapping; visual texture inspection
gKokiriShopkeeperHatTex,FOLIAGE,WOOD,keyword collision (shared name evidence),in-engine draw capture + surface mapping; visual texture inspection
gKokiriShopkeeperMouthAndNoseTex,FOLIAGE,SKIN,keyword collision (shared name evidence),in-engine draw capture + surface mapping; visual texture inspection
gKokiriShopkeeperNoseTex,FOLIAGE,SKIN,keyword collision (shared name evidence),in-engine draw capture + surface mapping; visual texture inspection
object_masterkokiriheadTex_0009F0,FOLIAGE,SKIN,keyword collision (shared name evidence),in-engine draw capture + surface mapping; visual texture inspection
object_masterkokiriheadTex_000A30,FOLIAGE,SKIN,keyword collision (shared name evidence),in-engine draw capture + surface mapping; visual texture inspection
object_mbTex_008128,UNKNOWN,UNKNOWN,no semantic evidence (offset-named or unkeyworded),in-engine draw capture + surface mapping; visual texture inspection
object_mbTex_008328,UNKNOWN,UNKNOWN,no semantic evidence (offset-named or unkeyworded),in-engine draw capture + surface mapping; visual texture inspection
object_mbTex_008928,UNKNOWN,UNKNOWN,no semantic evidence (offset-named or unkeyworded),in-engine draw capture + surface mapping; visual texture inspection
object_mbTex_008A28,UNKNOWN,UNKNOWN,no semantic evidence (offset-named or unkeyworded),in-engine draw capture + surface mapping; visual texture inspection
object_mbTex_008A48,UNKNOWN,UNKNOWN,no semantic evidence (offset-named or unkeyworded),in-engine draw capture + surface mapping; visual texture inspection
object_mbTex_008BC8,UNKNOWN,UNKNOWN,no semantic evidence (offset-named or unkeyworded),in-engine draw capture + surface mapping; visual texture inspection
object_mbTex_008C48,UNKNOWN,UNKNOWN,no semantic evidence (offset-named or unkeyworded),in-engine draw capture + surface mapping; visual texture inspection
object_mbTex_008C88,UNKNOWN,UNKNOWN,no semantic evidence (offset-named or unkeyworded),in-engine draw capture + surface mapping; visual texture inspection
object_mbTex_00EC00,UNKNOWN,UNKNOWN,no semantic evidence (offset-named or unkeyworded),in-engine draw capture + surface mapping; visual texture inspection
object_mbTex_00EE00,UNKNOWN,UNKNOWN,no semantic evidence (offset-named or unkeyworded),in-engine draw capture + surface mapping; visual texture inspection
object_mbTex_00EF00,UNKNOWN,UNKNOWN,no semantic evidence (offset-named or unkeyworded),in-engine draw capture + surface mapping; visual texture inspection
object_mbTex_00F000,UNKNOWN,UNKNOWN,no semantic evidence (offset-named or unkeyworded),in-engine draw capture + surface mapping; visual texture inspection
object_mbTex_00F200,UNKNOWN,UNKNOWN,no semantic evidence (offset-named or unkeyworded),in-engine draw capture + surface mapping; visual texture inspection
object_mbTex_00F280,UNKNOWN,UNKNOWN,no semantic evidence (offset-named or unkeyworded),in-engine draw capture + surface mapping; visual texture inspection
gMidoAnkleTex,UNKNOWN,UNKNOWN,no semantic evidence (offset-named or unkeyworded),in-engine draw capture + surface mapping; visual texture inspection
gMidoGradientTex,UNKNOWN,UNKNOWN,no semantic evidence (offset-named or unkeyworded),in-engine draw capture + surface mapping; visual texture inspection
gMidoPantsTex,UNKNOWN,UNKNOWN,no semantic evidence (offset-named or unkeyworded),in-engine draw capture + surface mapping; visual texture inspection
gMidoShoeTex,LEATHER,METAL,keyword collision (shared name evidence),in-engine draw capture + surface mapping; visual texture inspection
gMidoTex_1220,UNKNOWN,UNKNOWN,no semantic evidence (offset-named or unkeyworded),in-engine draw capture + surface mapping; visual texture inspection
gMidoTex_1260,UNKNOWN,UNKNOWN,no semantic evidence (offset-named or unkeyworded),in-engine draw capture + surface mapping; visual texture inspection
gMidoTex_4FB0,UNKNOWN,UNKNOWN,no semantic evidence (offset-named or unkeyworded),in-engine draw capture + surface mapping; visual texture inspection
gMidoTex_53F0,UNKNOWN,UNKNOWN,no semantic evidence (offset-named or unkeyworded),in-engine draw capture + surface mapping; visual texture inspection
gMidoTex_5430,UNKNOWN,UNKNOWN,no semantic evidence (offset-named or unkeyworded),in-engine draw capture + surface mapping; visual texture inspection
gMidoTex_5870,UNKNOWN,UNKNOWN,no semantic evidence (offset-named or unkeyworded),in-engine draw capture + surface mapping; visual texture inspection
gMidoTex_58F0,UNKNOWN,UNKNOWN,no semantic evidence (offset-named or unkeyworded),in-engine draw capture + surface mapping; visual texture inspection
gMidoTex_D20,UNKNOWN,UNKNOWN,no semantic evidence (offset-named or unkeyworded),in-engine draw capture + surface mapping; visual texture inspection
gMidoTex_DA0,UNKNOWN,UNKNOWN,no semantic evidence (offset-named or unkeyworded),in-engine draw capture + surface mapping; visual texture inspection
gMidoUndershirtTex,UNKNOWN,UNKNOWN,no semantic evidence (offset-named or unkeyworded),in-engine draw capture + surface mapping; visual texture inspection
gGTGFakeCeilingTex,UNKNOWN,UNKNOWN,no semantic evidence (offset-named or unkeyworded),in-engine draw capture + surface mapping; visual texture inspection
gGTGRotatingRingPlatformInnerCircleTex,UNKNOWN,UNKNOWN,no semantic evidence (offset-named or unkeyworded),in-engine draw capture + surface mapping; visual texture inspection
gGTGRotatingRingPlatformOuterCircleTex,UNKNOWN,UNKNOWN,no semantic evidence (offset-named or unkeyworded),in-engine draw capture + surface mapping; visual texture inspection
gGTGStatueTex,UNKNOWN,UNKNOWN,no semantic evidence (offset-named or unkeyworded),in-engine draw capture + surface mapping; visual texture inspection
gGTGTex_6310,UNKNOWN,UNKNOWN,no semantic evidence (offset-named or unkeyworded),in-engine draw capture + surface mapping; visual texture inspection
gShieldBeamGlowRayTex,METAL,WOOD,keyword collision (shared name evidence),in-engine draw capture + surface mapping; visual texture inspection
gShieldBeamImageCircleTex,METAL,WOOD,keyword collision (shared name evidence),in-engine draw capture + surface mapping; visual texture inspection
gShieldBeamImageGerudoSymbolNewTex,METAL,WOOD,keyword collision (shared name evidence),in-engine draw capture + surface mapping; visual texture inspection
object_mizu_objectsTex_004C00,UNKNOWN,UNKNOWN,no semantic evidence (offset-named or unkeyworded),in-engine draw capture + surface mapping; visual texture inspection
object_mizu_objectsTex_005E70,UNKNOWN,UNKNOWN,no semantic evidence (offset-named or unkeyworded),in-engine draw capture + surface mapping; visual texture inspection
object_mizu_objectsTex_007520,UNKNOWN,UNKNOWN,no semantic evidence (offset-named or unkeyworded),in-engine draw capture + surface mapping; visual texture inspection
object_mizu_objectsTex_007D20,UNKNOWN,UNKNOWN,no semantic evidence (offset-named or unkeyworded),in-engine draw capture + surface mapping; visual texture inspection
object_mizu_objectsTex_008520,UNKNOWN,UNKNOWN,no semantic evidence (offset-named or unkeyworded),in-engine draw capture + surface mapping; visual texture inspection
object_mizu_objectsTex_008D20,UNKNOWN,UNKNOWN,no semantic evidence (offset-named or unkeyworded),in-engine draw capture + surface mapping; visual texture inspection
object_mizu_objectsTex_009520,UNKNOWN,UNKNOWN,no semantic evidence (offset-named or unkeyworded),in-engine draw capture + surface mapping; visual texture inspection
object_mizu_objectsTex_009720,UNKNOWN,UNKNOWN,no semantic evidence (offset-named or unkeyworded),in-engine draw capture + surface mapping; visual texture inspection
object_mizu_objectsTex_009920,UNKNOWN,UNKNOWN,no semantic evidence (offset-named or unkeyworded),in-engine draw capture + surface mapping; visual texture inspection
object_mizu_objectsTex_009B20,UNKNOWN,UNKNOWN,no semantic evidence (offset-named or unkeyworded),in-engine draw capture + surface mapping; visual texture inspection
object_mizu_objectsTex_009D20,UNKNOWN,UNKNOWN,no semantic evidence (offset-named or unkeyworded),in-engine draw capture + surface mapping; visual texture inspection
object_mizu_objectsTex_009F20,UNKNOWN,UNKNOWN,no semantic evidence (offset-named or unkeyworded),in-engine draw capture + surface mapping; visual texture inspection
object_mizu_objectsTex_00A720,UNKNOWN,UNKNOWN,no semantic evidence (offset-named or unkeyworded),in-engine draw capture + surface mapping; visual texture inspection
object_mizu_objectsTex_00AB20,UNKNOWN,UNKNOWN,no semantic evidence (offset-named or unkeyworded),in-engine draw capture + surface mapping; visual texture inspection
object_mizu_objects_Tex_0035C0,UNKNOWN,UNKNOWN,no semantic evidence (offset-named or unkeyworded),in-engine draw capture + surface mapping; visual texture inspection
gFireMedallionPlatformTex,LAVA,METAL,keyword collision (shared name evidence),in-engine draw capture + surface mapping; visual texture inspection
gWaterMedallionPlatformTex,WATER,METAL,keyword collision (shared name evidence),in-engine draw capture + surface mapping; visual texture inspection
object_mk_Tex_005130,UNKNOWN,UNKNOWN,no semantic evidence (offset-named or unkeyworded),in-engine draw capture + surface mapping; visual texture inspection
object_mk_Tex_005170,UNKNOWN,UNKNOWN,no semantic evidence (offset-named or unkeyworded),in-engine draw capture + surface mapping; visual texture inspection
object_mk_Tex_005270,UNKNOWN,UNKNOWN,no semantic evidence (offset-named or unkeyworded),in-engine draw capture + surface mapping; visual texture inspection
object_mk_Tex_0052B0,UNKNOWN,UNKNOWN,no semantic evidence (offset-named or unkeyworded),in-engine draw capture + surface mapping; visual texture inspection
object_mk_Tex_0052F0,UNKNOWN,UNKNOWN,no semantic evidence (offset-named or unkeyworded),in-engine draw capture + surface mapping; visual texture inspection
object_mk_Tex_005370,UNKNOWN,UNKNOWN,no semantic evidence (offset-named or unkeyworded),in-engine draw capture + surface mapping; visual texture inspection
object_mk_Tex_005B70,UNKNOWN,UNKNOWN,no semantic evidence (offset-named or unkeyworded),in-engine draw capture + surface mapping; visual texture inspection
object_mk_Tex_005BB0,UNKNOWN,UNKNOWN,no semantic evidence (offset-named or unkeyworded),in-engine draw capture + surface mapping; visual texture inspection
object_mk_Tex_005BF0,UNKNOWN,UNKNOWN,no semantic evidence (offset-named or unkeyworded),in-engine draw capture + surface mapping; visual texture inspection
object_mk_Tex_005C30,UNKNOWN,UNKNOWN,no semantic evidence (offset-named or unkeyworded),in-engine draw capture + surface mapping; visual texture inspection
object_mmTex_000930,UNKNOWN,UNKNOWN,no semantic evidence (offset-named or unkeyworded),in-engine draw capture + surface mapping; visual texture inspection
object_mmTex_000970,UNKNOWN,UNKNOWN,no semantic evidence (offset-named or unkeyworded),in-engine draw capture + surface mapping; visual texture inspection
object_mmTex_0009B0,UNKNOWN,UNKNOWN,no semantic evidence (offset-named or unkeyworded),in-engine draw capture + surface mapping; visual texture inspection
object_mmTex_0009F0,UNKNOWN,UNKNOWN,no semantic evidence (offset-named or unkeyworded),in-engine draw capture + surface mapping; visual texture inspection
object_mmTex_000A30,UNKNOWN,UNKNOWN,no semantic evidence (offset-named or unkeyworded),in-engine draw capture + surface mapping; visual texture inspection
object_mmTex_000B30,UNKNOWN,UNKNOWN,no semantic evidence (offset-named or unkeyworded),in-engine draw capture + surface mapping; visual texture inspection
object_mmTex_001030,UNKNOWN,UNKNOWN,no semantic evidence (offset-named or unkeyworded),in-engine draw capture + surface mapping; visual texture inspection
object_mmTex_001130,UNKNOWN,UNKNOWN,no semantic evidence (offset-named or unkeyworded),in-engine draw capture + surface mapping; visual texture inspection
object_mmTex_001330,UNKNOWN,UNKNOWN,no semantic evidence (offset-named or unkeyworded),in-engine draw capture + surface mapping; visual texture inspection
gMorphaTitleCardTex,UNKNOWN,UNKNOWN,no semantic evidence (offset-named or unkeyworded),in-engine draw capture + surface mapping; visual texture inspection
object_moTex_000000,UNKNOWN,UNKNOWN,no semantic evidence (offset-named or unkeyworded),in-engine draw capture + surface mapping; visual texture inspection
object_moTex_000680,UNKNOWN,UNKNOWN,no semantic evidence (offset-named or unkeyworded),in-engine draw capture + surface mapping; visual texture inspection
object_moTex_004D20,UNKNOWN,UNKNOWN,no semantic evidence (offset-named or unkeyworded),in-engine draw capture + surface mapping; visual texture inspection
object_moTex_005520,UNKNOWN,UNKNOWN,no semantic evidence (offset-named or unkeyworded),in-engine draw capture + surface mapping; visual texture inspection
object_moTex_005D20,UNKNOWN,UNKNOWN,no semantic evidence (offset-named or unkeyworded),in-engine draw capture + surface mapping; visual texture inspection
gForestTwistedHallwayWallDesignTex,WOOD,STONE,keyword collision (shared name evidence),in-engine draw capture + surface mapping; visual texture inspection
gMoriElevatorSideTex,UNKNOWN,UNKNOWN,no semantic evidence (offset-named or unkeyworded),in-engine draw capture + surface mapping; visual texture inspection
gMoriElevatorTopTex,UNKNOWN,UNKNOWN,no semantic evidence (offset-named or unkeyworded),in-engine draw capture + surface mapping; visual texture inspection
gMoriHashigoLadderTex,SMOKE,WOOD,keyword collision (shared name evidence),in-engine draw capture + surface mapping; visual texture inspection
gMoriHashiraGateTex,SMOKE,WOOD,keyword collision (shared name evidence),in-engine draw capture + surface mapping; visual texture inspection
gMoriKaitenkabeMetalWallTex,METAL,STONE,keyword collision (shared name evidence),in-engine draw capture + surface mapping; visual texture inspection
gBeanSalesmanPantsTex,UNKNOWN,UNKNOWN,no semantic evidence (offset-named or unkeyworded),in-engine draw capture + surface mapping; visual texture inspection
gBeanSalesmanShoeTex,LEATHER,METAL,keyword collision (shared name evidence),in-engine draw capture + surface mapping; visual texture inspection
gBeanSalesmanTattooTex,UNKNOWN,UNKNOWN,no semantic evidence (offset-named or unkeyworded),in-engine draw capture + surface mapping; visual texture inspection
object_mu_Tex_000610,UNKNOWN,UNKNOWN,no semantic evidence (offset-named or unkeyworded),in-engine draw capture + surface mapping; visual texture inspection
object_mu_Tex_000650,UNKNOWN,UNKNOWN,no semantic evidence (offset-named or unkeyworded),in-engine draw capture + surface mapping; visual texture inspection
object_mu_Tex_000690,UNKNOWN,UNKNOWN,no semantic evidence (offset-named or unkeyworded),in-engine draw capture + surface mapping; visual texture inspection
object_mu_Tex_0006D0,UNKNOWN,UNKNOWN,no semantic evidence (offset-named or unkeyworded),in-engine draw capture + surface mapping; visual texture inspection
object_mu_Tex_000710,UNKNOWN,UNKNOWN,no semantic evidence (offset-named or unkeyworded),in-engine draw capture + surface mapping; visual texture inspection
object_mu_Tex_000790,UNKNOWN,UNKNOWN,no semantic evidence (offset-named or unkeyworded),in-engine draw capture + surface mapping; visual texture inspection
object_mu_Tex_0007D0,UNKNOWN,UNKNOWN,no semantic evidence (offset-named or unkeyworded),in-engine draw capture + surface mapping; visual texture inspection
object_mu_Tex_000810,UNKNOWN,UNKNOWN,no semantic evidence (offset-named or unkeyworded),in-engine draw capture + surface mapping; visual texture inspection
object_mu_Tex_000850,UNKNOWN,UNKNOWN,no semantic evidence (offset-named or unkeyworded),in-engine draw capture + surface mapping; visual texture inspection
object_mu_Tex_000890,UNKNOWN,UNKNOWN,no semantic evidence (offset-named or unkeyworded),in-engine draw capture + surface mapping; visual texture inspection
object_mu_Tex_005250,UNKNOWN,UNKNOWN,no semantic evidence (offset-named or unkeyworded),in-engine draw capture + surface mapping; visual texture inspection
object_mu_Tex_005350,UNKNOWN,UNKNOWN,no semantic evidence (offset-named or unkeyworded),in-engine draw capture + surface mapping; visual texture inspection
object_mu_Tex_005450,UNKNOWN,UNKNOWN,no semantic evidence (offset-named or unkeyworded),in-engine draw capture + surface mapping; visual texture inspection
object_mu_Tex_005490,UNKNOWN,UNKNOWN,no semantic evidence (offset-named or unkeyworded),in-engine draw capture + surface mapping; visual texture inspection
object_mu_Tex_0054D0,UNKNOWN,UNKNOWN,no semantic evidence (offset-named or unkeyworded),in-engine draw capture + surface mapping; visual texture inspection
object_mu_Tex_0055D0,UNKNOWN,UNKNOWN,no semantic evidence (offset-named or unkeyworded),in-engine draw capture + surface mapping; visual texture inspection
object_mu_Tex_005610,UNKNOWN,UNKNOWN,no semantic evidence (offset-named or unkeyworded),in-engine draw capture + surface mapping; visual texture inspection
object_mu_Tex_005810,UNKNOWN,UNKNOWN,no semantic evidence (offset-named or unkeyworded),in-engine draw capture + surface mapping; visual texture inspection
object_mu_Tex_005C10,UNKNOWN,UNKNOWN,no semantic evidence (offset-named or unkeyworded),in-engine draw capture + surface mapping; visual texture inspection
object_mu_Tex_005C50,UNKNOWN,UNKNOWN,no semantic evidence (offset-named or unkeyworded),in-engine draw capture + surface mapping; visual texture inspection
object_mu_Tex_005CD0,UNKNOWN,UNKNOWN,no semantic evidence (offset-named or unkeyworded),in-engine draw capture + surface mapping; visual texture inspection
gNabooruAnkleBraceletTex,UNKNOWN,UNKNOWN,no semantic evidence (offset-named or unkeyworded),in-engine draw capture + surface mapping; visual texture inspection
gNabooruCleavageTex,UNKNOWN,UNKNOWN,no semantic evidence (offset-named or unkeyworded),in-engine draw capture + surface mapping; visual texture inspection
gNabooruGloveHandBackTex,LEATHER,CLOTH,keyword collision (shared name evidence),in-engine draw capture + surface mapping; visual texture inspection
gNabooruGloveHandPalmTex,LEATHER,CLOTH,keyword collision (shared name evidence),in-engine draw capture + surface mapping; visual texture inspection
gNabooruNavelTex,UNKNOWN,UNKNOWN,no semantic evidence (offset-named or unkeyworded),in-engine draw capture + surface mapping; visual texture inspection
gNabooruPendantJewelTex,UNKNOWN,UNKNOWN,no semantic evidence (offset-named or unkeyworded),in-engine draw capture + surface mapping; visual texture inspection
gNabooruPonytailCuffJewelTex,UNKNOWN,UNKNOWN,no semantic evidence (offset-named or unkeyworded),in-engine draw capture + surface mapping; visual texture inspection
gNabooruShoeSoleTex,LEATHER,METAL,keyword collision (shared name evidence),in-engine draw capture + surface mapping; visual texture inspection
gNabooruShoeUpperMouthTex,LEATHER,METAL,keyword collision (shared name evidence),in-engine draw capture + surface mapping; visual texture inspection
gNabooruTrouserCuffPatternTex,UNKNOWN,UNKNOWN,no semantic evidence (offset-named or unkeyworded),in-engine draw capture + surface mapping; visual texture inspection
gNabooruTrousersShadowTex,UNKNOWN,UNKNOWN,no semantic evidence (offset-named or unkeyworded),in-engine draw capture + surface mapping; visual texture inspection
gCuccoBaseFeathersTex,UNKNOWN,UNKNOWN,no semantic evidence (offset-named or unkeyworded),in-engine draw capture + surface mapping; visual texture inspection
gCuccoBeakTex,UNKNOWN,UNKNOWN,no semantic evidence (offset-named or unkeyworded),in-engine draw capture + surface mapping; visual texture inspection
gCuccoClawTex,UNKNOWN,UNKNOWN,no semantic evidence (offset-named or unkeyworded),in-engine draw capture + surface mapping; visual texture inspection
gCuccoCombTex,UNKNOWN,UNKNOWN,no semantic evidence (offset-named or unkeyworded),in-engine draw capture + surface mapping; visual texture inspection
gCuccoTailFeathersTex,UNKNOWN,UNKNOWN,no semantic evidence (offset-named or unkeyworded),in-engine draw capture + surface mapping; visual texture inspection
gCuccoTex_2180,UNKNOWN,UNKNOWN,no semantic evidence (offset-named or unkeyworded),in-engine draw capture + surface mapping; visual texture inspection
gCuccoChickBeakTex,UNKNOWN,UNKNOWN,no semantic evidence (offset-named or unkeyworded),in-engine draw capture + surface mapping; visual texture inspection
gCuccoChickEyeTex,SKIN,METAL,keyword collision (shared name evidence),in-engine draw capture + surface mapping; visual texture inspection
gEnNyMetalBodyTex,SKIN,METAL,keyword collision (shared name evidence),in-engine draw capture + surface mapping; visual texture inspection
gEnNyRockBodyTex,SKIN,STONE,keyword collision (shared name evidence),in-engine draw capture + surface mapping; visual texture inspection
gEnNySpikeTex,UNKNOWN,UNKNOWN,no semantic evidence (offset-named or unkeyworded),in-engine draw capture + surface mapping; visual texture inspection
object_oA1_Tex_00003948,UNKNOWN,UNKNOWN,no semantic evidence (offset-named or unkeyworded),in-engine draw capture + surface mapping; visual texture inspection
object_oA1_Tex_00003D48,UNKNOWN,UNKNOWN,no semantic evidence (offset-named or unkeyworded),in-engine draw capture + surface mapping; visual texture inspection
object_oA1_Tex_00003E48,UNKNOWN,UNKNOWN,no semantic evidence (offset-named or unkeyworded),in-engine draw capture + surface mapping; visual texture inspection
object_oA1_Tex_00003E88,UNKNOWN,UNKNOWN,no semantic evidence (offset-named or unkeyworded),in-engine draw capture + surface mapping; visual texture inspection
object_oA1_Tex_00003F88,UNKNOWN,UNKNOWN,no semantic evidence (offset-named or unkeyworded),in-engine draw capture + surface mapping; visual texture inspection
object_oA1_Tex_00004088,UNKNOWN,UNKNOWN,no semantic evidence (offset-named or unkeyworded),in-engine draw capture + surface mapping; visual texture inspection
object_oA1_Tex_00004188,UNKNOWN,UNKNOWN,no semantic evidence (offset-named or unkeyworded),in-engine draw capture + surface mapping; visual texture inspection
object_oA1_Tex_00004208,UNKNOWN,UNKNOWN,no semantic evidence (offset-named or unkeyworded),in-engine draw capture + surface mapping; visual texture inspection
object_oA1_Tex_00004308,UNKNOWN,UNKNOWN,no semantic evidence (offset-named or unkeyworded),in-engine draw capture + surface mapping; visual texture inspection
object_oA1_Tex_00004508,UNKNOWN,UNKNOWN,no semantic evidence (offset-named or unkeyworded),in-engine draw capture + surface mapping; visual texture inspection
object_oA10_Tex_00002670,UNKNOWN,UNKNOWN,no semantic evidence (offset-named or unkeyworded),in-engine draw capture + surface mapping; visual texture inspection
object_oA10_Tex_00002770,UNKNOWN,UNKNOWN,no semantic evidence (offset-named or unkeyworded),in-engine draw capture + surface mapping; visual texture inspection
object_oA10_Tex_000027F0,UNKNOWN,UNKNOWN,no semantic evidence (offset-named or unkeyworded),in-engine draw capture + surface mapping; visual texture inspection
object_oA10_Tex_00002830,UNKNOWN,UNKNOWN,no semantic evidence (offset-named or unkeyworded),in-engine draw capture + surface mapping; visual texture inspection
object_oA10_Tex_00002930,UNKNOWN,UNKNOWN,no semantic evidence (offset-named or unkeyworded),in-engine draw capture + surface mapping; visual texture inspection
object_oA10_Tex_00002D30,UNKNOWN,UNKNOWN,no semantic evidence (offset-named or unkeyworded),in-engine draw capture + surface mapping; visual texture inspection
object_oA10_Tex_00002DB0,UNKNOWN,UNKNOWN,no semantic evidence (offset-named or unkeyworded),in-engine draw capture + surface mapping; visual texture inspection
object_oA10_Tex_00002E30,UNKNOWN,UNKNOWN,no semantic evidence (offset-named or unkeyworded),in-engine draw capture + surface mapping; visual texture inspection
object_oA11_Tex_001080,UNKNOWN,UNKNOWN,no semantic evidence (offset-named or unkeyworded),in-engine draw capture + surface mapping; visual texture inspection
object_oA11_Tex_001100,UNKNOWN,UNKNOWN,no semantic evidence (offset-named or unkeyworded),in-engine draw capture + surface mapping; visual texture inspection
object_oA11_Tex_001140,UNKNOWN,UNKNOWN,no semantic evidence (offset-named or unkeyworded),in-engine draw capture + surface mapping; visual texture inspection
object_oA11_Tex_001540,UNKNOWN,UNKNOWN,no semantic evidence (offset-named or unkeyworded),in-engine draw capture + surface mapping; visual texture inspection
object_oA3_Tex_000012F0,UNKNOWN,UNKNOWN,no semantic evidence (offset-named or unkeyworded),in-engine draw capture + surface mapping; visual texture inspection
object_oA3_Tex_00001AF0,UNKNOWN,UNKNOWN,no semantic evidence (offset-named or unkeyworded),in-engine draw capture + surface mapping; visual texture inspection
object_oA3_Tex_00001CF0,UNKNOWN,UNKNOWN,no semantic evidence (offset-named or unkeyworded),in-engine draw capture + surface mapping; visual texture inspection
object_oA3_Tex_00001EF0,UNKNOWN,UNKNOWN,no semantic evidence (offset-named or unkeyworded),in-engine draw capture + surface mapping; visual texture inspection
object_oA3_Tex_000020F0,UNKNOWN,UNKNOWN,no semantic evidence (offset-named or unkeyworded),in-engine draw capture + surface mapping; visual texture inspection
object_oA4_Tex_000013A8,UNKNOWN,UNKNOWN,no semantic evidence (offset-named or unkeyworded),in-engine draw capture + surface mapping; visual texture inspection
object_oA4_Tex_000014A8,UNKNOWN,UNKNOWN,no semantic evidence (offset-named or unkeyworded),in-engine draw capture + surface mapping; visual texture inspection
object_oA4_Tex_00001528,UNKNOWN,UNKNOWN,no semantic evidence (offset-named or unkeyworded),in-engine draw capture + surface mapping; visual texture inspection
object_oA4_Tex_000015A8,UNKNOWN,UNKNOWN,no semantic evidence (offset-named or unkeyworded),in-engine draw capture + surface mapping; visual texture inspection
object_oA4_Tex_00001628,UNKNOWN,UNKNOWN,no semantic evidence (offset-named or unkeyworded),in-engine draw capture + surface mapping; visual texture inspection
object_oA4_Tex_000016A8,UNKNOWN,UNKNOWN,no semantic evidence (offset-named or unkeyworded),in-engine draw capture + surface mapping; visual texture inspection
object_oA5_Tex_00001330,UNKNOWN,UNKNOWN,no semantic evidence (offset-named or unkeyworded),in-engine draw capture + surface mapping; visual texture inspection
object_oA5_Tex_000013B0,UNKNOWN,UNKNOWN,no semantic evidence (offset-named or unkeyworded),in-engine draw capture + surface mapping; visual texture inspection
object_oA5_Tex_00001430,UNKNOWN,UNKNOWN,no semantic evidence (offset-named or unkeyworded),in-engine draw capture + surface mapping; visual texture inspection
object_oA5_Tex_00001530,UNKNOWN,UNKNOWN,no semantic evidence (offset-named or unkeyworded),in-engine draw capture + surface mapping; visual texture inspection
object_oA5_Tex_000015B0,UNKNOWN,UNKNOWN,no semantic evidence (offset-named or unkeyworded),in-engine draw capture + surface mapping; visual texture inspection
object_oA5_Tex_00001630,UNKNOWN,UNKNOWN,no semantic evidence (offset-named or unkeyworded),in-engine draw capture + surface mapping; visual texture inspection
object_oA6_Tex_00001600,UNKNOWN,UNKNOWN,no semantic evidence (offset-named or unkeyworded),in-engine draw capture + surface mapping; visual texture inspection
object_oA6_Tex_00001700,UNKNOWN,UNKNOWN,no semantic evidence (offset-named or unkeyworded),in-engine draw capture + surface mapping; visual texture inspection
object_oA6_Tex_00001780,UNKNOWN,UNKNOWN,no semantic evidence (offset-named or unkeyworded),in-engine draw capture + surface mapping; visual texture inspection
object_oA6_Tex_00001800,UNKNOWN,UNKNOWN,no semantic evidence (offset-named or unkeyworded),in-engine draw capture + surface mapping; visual texture inspection
object_oA6_Tex_00001900,UNKNOWN,UNKNOWN,no semantic evidence (offset-named or unkeyworded),in-engine draw capture + surface mapping; visual texture inspection
object_oA6_Tex_00001980,UNKNOWN,UNKNOWN,no semantic evidence (offset-named or unkeyworded),in-engine draw capture + surface mapping; visual texture inspection
object_oA7_Tex_000012C8,UNKNOWN,UNKNOWN,no semantic evidence (offset-named or unkeyworded),in-engine draw capture + surface mapping; visual texture inspection
object_oA7_Tex_00001348,UNKNOWN,UNKNOWN,no semantic evidence (offset-named or unkeyworded),in-engine draw capture + surface mapping; visual texture inspection
object_oA7_Tex_000013C8,UNKNOWN,UNKNOWN,no semantic evidence (offset-named or unkeyworded),in-engine draw capture + surface mapping; visual texture inspection
object_oA7_Tex_000014C8,UNKNOWN,UNKNOWN,no semantic evidence (offset-named or unkeyworded),in-engine draw capture + surface mapping; visual texture inspection
object_oA8_Tex_00001570,UNKNOWN,UNKNOWN,no semantic evidence (offset-named or unkeyworded),in-engine draw capture + surface mapping; visual texture inspection
object_oA8_Tex_00001670,UNKNOWN,UNKNOWN,no semantic evidence (offset-named or unkeyworded),in-engine draw capture + surface mapping; visual texture inspection
object_oA8_Tex_00001770,UNKNOWN,UNKNOWN,no semantic evidence (offset-named or unkeyworded),in-engine draw capture + surface mapping; visual texture inspection
object_oA9_Tex_000003A0,UNKNOWN,UNKNOWN,no semantic evidence (offset-named or unkeyworded),in-engine draw capture + surface mapping; visual texture inspection
object_oA9_Tex_000004A0,UNKNOWN,UNKNOWN,no semantic evidence (offset-named or unkeyworded),in-engine draw capture + surface mapping; visual texture inspection
object_oB1_Tex_00003EB0,UNKNOWN,UNKNOWN,no semantic evidence (offset-named or unkeyworded),in-engine draw capture + surface mapping; visual texture inspection
object_oB1_Tex_000040B0,UNKNOWN,UNKNOWN,no semantic evidence (offset-named or unkeyworded),in-engine draw capture + surface mapping; visual texture inspection
object_oB1_Tex_000042B0,UNKNOWN,UNKNOWN,no semantic evidence (offset-named or unkeyworded),in-engine draw capture + surface mapping; visual texture inspection
object_oB1_Tex_00004AB0,UNKNOWN,UNKNOWN,no semantic evidence (offset-named or unkeyworded),in-engine draw capture + surface mapping; visual texture inspection
object_oB1_Tex_00004CB0,UNKNOWN,UNKNOWN,no semantic evidence (offset-named or unkeyworded),in-engine draw capture + surface mapping; visual texture inspection
object_oB1_Tex_000054B0,UNKNOWN,UNKNOWN,no semantic evidence (offset-named or unkeyworded),in-engine draw capture + surface mapping; visual texture inspection
object_oB1_Tex_000056B0,UNKNOWN,UNKNOWN,no semantic evidence (offset-named or unkeyworded),in-engine draw capture + surface mapping; visual texture inspection
object_oB1_Tex_00005EB0,UNKNOWN,UNKNOWN,no semantic evidence (offset-named or unkeyworded),in-engine draw capture + surface mapping; visual texture inspection
object_oB1_Tex_000060B0,UNKNOWN,UNKNOWN,no semantic evidence (offset-named or unkeyworded),in-engine draw capture + surface mapping; visual texture inspection
object_oB1_Tex_000062B0,UNKNOWN,UNKNOWN,no semantic evidence (offset-named or unkeyworded),in-engine draw capture + surface mapping; visual texture inspection
object_oB1_Tex_000064B0,UNKNOWN,UNKNOWN,no semantic evidence (offset-named or unkeyworded),in-engine draw capture + surface mapping; visual texture inspection
object_oB2_Tex_002A58,UNKNOWN,UNKNOWN,no semantic evidence (offset-named or unkeyworded),in-engine draw capture + surface mapping; visual texture inspection
object_oB2_Tex_002C58,UNKNOWN,UNKNOWN,no semantic evidence (offset-named or unkeyworded),in-engine draw capture + surface mapping; visual texture inspection
object_oB2_Tex_002CD8,UNKNOWN,UNKNOWN,no semantic evidence (offset-named or unkeyworded),in-engine draw capture + surface mapping; visual texture inspection
object_oB2_Tex_0030D8,UNKNOWN,UNKNOWN,no semantic evidence (offset-named or unkeyworded),in-engine draw capture + surface mapping; visual texture inspection
object_oB2_Tex_0031D8,UNKNOWN,UNKNOWN,no semantic evidence (offset-named or unkeyworded),in-engine draw capture + surface mapping; visual texture inspection
object_oB2_Tex_0039D8,UNKNOWN,UNKNOWN,no semantic evidence (offset-named or unkeyworded),in-engine draw capture + surface mapping; visual texture inspection
object_oB2_Tex_003BD8,UNKNOWN,UNKNOWN,no semantic evidence (offset-named or unkeyworded),in-engine draw capture + surface mapping; visual texture inspection
object_oB2_Tex_003C58,UNKNOWN,UNKNOWN,no semantic evidence (offset-named or unkeyworded),in-engine draw capture + surface mapping; visual texture inspection
object_oB2_Tex_003E58,UNKNOWN,UNKNOWN,no semantic evidence (offset-named or unkeyworded),in-engine draw capture + surface mapping; visual texture inspection
object_oB2_Tex_004058,UNKNOWN,UNKNOWN,no semantic evidence (offset-named or unkeyworded),in-engine draw capture + surface mapping; visual texture inspection
object_oB3_Tex_00002D08,UNKNOWN,UNKNOWN,no semantic evidence (offset-named or unkeyworded),in-engine draw capture + surface mapping; visual texture inspection
object_oB3_Tex_00003108,UNKNOWN,UNKNOWN,no semantic evidence (offset-named or unkeyworded),in-engine draw capture + surface mapping; visual texture inspection
object_oB3_Tex_00003508,UNKNOWN,UNKNOWN,no semantic evidence (offset-named or unkeyworded),in-engine draw capture + surface mapping; visual texture inspection
object_oB3_Tex_00003588,UNKNOWN,UNKNOWN,no semantic evidence (offset-named or unkeyworded),in-engine draw capture + surface mapping; visual texture inspection
object_oB3_Tex_00003788,UNKNOWN,UNKNOWN,no semantic evidence (offset-named or unkeyworded),in-engine draw capture + surface mapping; visual texture inspection
object_oB3_Tex_00003988,UNKNOWN,UNKNOWN,no semantic evidence (offset-named or unkeyworded),in-engine draw capture + surface mapping; visual texture inspection
object_oB3_Tex_00003A08,UNKNOWN,UNKNOWN,no semantic evidence (offset-named or unkeyworded),in-engine draw capture + surface mapping; visual texture inspection
object_oB3_Tex_00003A88,UNKNOWN,UNKNOWN,no semantic evidence (offset-named or unkeyworded),in-engine draw capture + surface mapping; visual texture inspection
object_oB3_Tex_00003B08,UNKNOWN,UNKNOWN,no semantic evidence (offset-named or unkeyworded),in-engine draw capture + surface mapping; visual texture inspection
object_oB3_Tex_00004308,UNKNOWN,UNKNOWN,no semantic evidence (offset-named or unkeyworded),in-engine draw capture + surface mapping; visual texture inspection
object_oB3_Tex_00004388,UNKNOWN,UNKNOWN,no semantic evidence (offset-named or unkeyworded),in-engine draw capture + surface mapping; visual texture inspection
object_oB3_Tex_00004408,UNKNOWN,UNKNOWN,no semantic evidence (offset-named or unkeyworded),in-engine draw capture + surface mapping; visual texture inspection
object_oB4_Tex_00001468,UNKNOWN,UNKNOWN,no semantic evidence (offset-named or unkeyworded),in-engine draw capture + surface mapping; visual texture inspection
object_oB4_Tex_00001568,UNKNOWN,UNKNOWN,no semantic evidence (offset-named or unkeyworded),in-engine draw capture + surface mapping; visual texture inspection
object_oB4_Tex_000015E8,UNKNOWN,UNKNOWN,no semantic evidence (offset-named or unkeyworded),in-engine draw capture + surface mapping; visual texture inspection
object_oB4_Tex_00001668,UNKNOWN,UNKNOWN,no semantic evidence (offset-named or unkeyworded),in-engine draw capture + surface mapping; visual texture inspection
object_oB4_Tex_00001768,UNKNOWN,UNKNOWN,no semantic evidence (offset-named or unkeyworded),in-engine draw capture + surface mapping; visual texture inspection
object_oB4_Tex_000017E8,UNKNOWN,UNKNOWN,no semantic evidence (offset-named or unkeyworded),in-engine draw capture + surface mapping; visual texture inspection
object_oE1_Tex_004A08,UNKNOWN,UNKNOWN,no semantic evidence (offset-named or unkeyworded),in-engine draw capture + surface mapping; visual texture inspection
object_oE1_Tex_005808,UNKNOWN,UNKNOWN,no semantic evidence (offset-named or unkeyworded),in-engine draw capture + surface mapping; visual texture inspection
object_oE1_Tex_005848,UNKNOWN,UNKNOWN,no semantic evidence (offset-named or unkeyworded),in-engine draw capture + surface mapping; visual texture inspection
object_oE1_Tex_005948,UNKNOWN,UNKNOWN,no semantic evidence (offset-named or unkeyworded),in-engine draw capture + surface mapping; visual texture inspection
object_oE1_Tex_005A48,UNKNOWN,UNKNOWN,no semantic evidence (offset-named or unkeyworded),in-engine draw capture + surface mapping; visual texture inspection
object_oE1_Tex_005E48,UNKNOWN,UNKNOWN,no semantic evidence (offset-named or unkeyworded),in-engine draw capture + surface mapping; visual texture inspection
object_oE1_Tex_006648,UNKNOWN,UNKNOWN,no semantic evidence (offset-named or unkeyworded),in-engine draw capture + surface mapping; visual texture inspection
object_oE1_Tex_006688,UNKNOWN,UNKNOWN,no semantic evidence (offset-named or unkeyworded),in-engine draw capture + surface mapping; visual texture inspection
object_oE1_Tex_006708,UNKNOWN,UNKNOWN,no semantic evidence (offset-named or unkeyworded),in-engine draw capture + surface mapping; visual texture inspection
object_oE10_Tex_000E10,UNKNOWN,UNKNOWN,no semantic evidence (offset-named or unkeyworded),in-engine draw capture + surface mapping; visual texture inspection
object_oE10_Tex_000E50,UNKNOWN,UNKNOWN,no semantic evidence (offset-named or unkeyworded),in-engine draw capture + surface mapping; visual texture inspection
object_oE10_Tex_000F50,UNKNOWN,UNKNOWN,no semantic evidence (offset-named or unkeyworded),in-engine draw capture + surface mapping; visual texture inspection
object_oE10_Tex_001190,UNKNOWN,UNKNOWN,no semantic evidence (offset-named or unkeyworded),in-engine draw capture + surface mapping; visual texture inspection
object_oE10_Tex_001590,UNKNOWN,UNKNOWN,no semantic evidence (offset-named or unkeyworded),in-engine draw capture + surface mapping; visual texture inspection
object_oE10_Tex_001D90,UNKNOWN,UNKNOWN,no semantic evidence (offset-named or unkeyworded),in-engine draw capture + surface mapping; visual texture inspection
object_oE10_Tex_001DD0,UNKNOWN,UNKNOWN,no semantic evidence (offset-named or unkeyworded),in-engine draw capture + surface mapping; visual texture inspection
object_oE10_Tex_0021D0,UNKNOWN,UNKNOWN,no semantic evidence (offset-named or unkeyworded),in-engine draw capture + surface mapping; visual texture inspection
object_oE11_Tex_001170,UNKNOWN,UNKNOWN,no semantic evidence (offset-named or unkeyworded),in-engine draw capture + surface mapping; visual texture inspection
object_oE11_Tex_001F70,UNKNOWN,UNKNOWN,no semantic evidence (offset-named or unkeyworded),in-engine draw capture + surface mapping; visual texture inspection
object_oE11_Tex_001FB0,UNKNOWN,UNKNOWN,no semantic evidence (offset-named or unkeyworded),in-engine draw capture + surface mapping; visual texture inspection
object_oE11_Tex_0020B0,UNKNOWN,UNKNOWN,no semantic evidence (offset-named or unkeyworded),in-engine draw capture + surface mapping; visual texture inspection
object_oE11_Tex_0021B0,UNKNOWN,UNKNOWN,no semantic evidence (offset-named or unkeyworded),in-engine draw capture + surface mapping; visual texture inspection
object_oE11_Tex_0029B0,UNKNOWN,UNKNOWN,no semantic evidence (offset-named or unkeyworded),in-engine draw capture + surface mapping; visual texture inspection
object_oE11_Tex_0031B0,UNKNOWN,UNKNOWN,no semantic evidence (offset-named or unkeyworded),in-engine draw capture + surface mapping; visual texture inspection
object_oE12_Tex_001800,UNKNOWN,UNKNOWN,no semantic evidence (offset-named or unkeyworded),in-engine draw capture + surface mapping; visual texture inspection
object_oE12_Tex_002400,UNKNOWN,UNKNOWN,no semantic evidence (offset-named or unkeyworded),in-engine draw capture + surface mapping; visual texture inspection
object_oE12_Tex_002480,UNKNOWN,UNKNOWN,no semantic evidence (offset-named or unkeyworded),in-engine draw capture + surface mapping; visual texture inspection
object_oE12_Tex_002880,UNKNOWN,UNKNOWN,no semantic evidence (offset-named or unkeyworded),in-engine draw capture + surface mapping; visual texture inspection
object_oE12_Tex_002980,UNKNOWN,UNKNOWN,no semantic evidence (offset-named or unkeyworded),in-engine draw capture + surface mapping; visual texture inspection
object_oE12_Tex_002B80,UNKNOWN,UNKNOWN,no semantic evidence (offset-named or unkeyworded),in-engine draw capture + surface mapping; visual texture inspection
object_oE12_Tex_003380,UNKNOWN,UNKNOWN,no semantic evidence (offset-named or unkeyworded),in-engine draw capture + surface mapping; visual texture inspection
object_oE12_Tex_003780,UNKNOWN,UNKNOWN,no semantic evidence (offset-named or unkeyworded),in-engine draw capture + surface mapping; visual texture inspection
object_oE1sTex_000478,UNKNOWN,UNKNOWN,no semantic evidence (offset-named or unkeyworded),in-engine draw capture + surface mapping; visual texture inspection
object_oE1s_Tex_000878,UNKNOWN,UNKNOWN,no semantic evidence (offset-named or unkeyworded),in-engine draw capture + surface mapping; visual texture inspection
object_oE1s_Tex_0008B8,UNKNOWN,UNKNOWN,no semantic evidence (offset-named or unkeyworded),in-engine draw capture + surface mapping; visual texture inspection
object_oE1s_Tex_000CB8,UNKNOWN,UNKNOWN,no semantic evidence (offset-named or unkeyworded),in-engine draw capture + surface mapping; visual texture inspection
object_oE1s_Tex_0014B8,UNKNOWN,UNKNOWN,no semantic evidence (offset-named or unkeyworded),in-engine draw capture + surface mapping; visual texture inspection
object_oE1s_Tex_0015B8,UNKNOWN,UNKNOWN,no semantic evidence (offset-named or unkeyworded),in-engine draw capture + surface mapping; visual texture inspection
object_oE1s_Tex_0019F8,UNKNOWN,UNKNOWN,no semantic evidence (offset-named or unkeyworded),in-engine draw capture + surface mapping; visual texture inspection
object_oE1s_Tex_001A78,UNKNOWN,UNKNOWN,no semantic evidence (offset-named or unkeyworded),in-engine draw capture + surface mapping; visual texture inspection
object_oE1s_Tex_001B78,UNKNOWN,UNKNOWN,no semantic evidence (offset-named or unkeyworded),in-engine draw capture + surface mapping; visual texture inspection
object_oE2_Tex_003E70,UNKNOWN,UNKNOWN,no semantic evidence (offset-named or unkeyworded),in-engine draw capture + surface mapping; visual texture inspection
object_oE2_Tex_004C70,UNKNOWN,UNKNOWN,no semantic evidence (offset-named or unkeyworded),in-engine draw capture + surface mapping; visual texture inspection
object_oE2_Tex_005070,UNKNOWN,UNKNOWN,no semantic evidence (offset-named or unkeyworded),in-engine draw capture + surface mapping; visual texture inspection
object_oE2_Tex_005170,UNKNOWN,UNKNOWN,no semantic evidence (offset-named or unkeyworded),in-engine draw capture + surface mapping; visual texture inspection
object_oE2_Tex_005270,UNKNOWN,UNKNOWN,no semantic evidence (offset-named or unkeyworded),in-engine draw capture + surface mapping; visual texture inspection
object_oE2_Tex_005670,UNKNOWN,UNKNOWN,no semantic evidence (offset-named or unkeyworded),in-engine draw capture + surface mapping; visual texture inspection
object_oE2_Tex_005870,UNKNOWN,UNKNOWN,no semantic evidence (offset-named or unkeyworded),in-engine draw capture + surface mapping; visual texture inspection
object_oE2_Tex_005970,UNKNOWN,UNKNOWN,no semantic evidence (offset-named or unkeyworded),in-engine draw capture + surface mapping; visual texture inspection
object_oE2_Tex_0059F0,UNKNOWN,UNKNOWN,no semantic evidence (offset-named or unkeyworded),in-engine draw capture + surface mapping; visual texture inspection
object_oE2_Tex_005A30,UNKNOWN,UNKNOWN,no semantic evidence (offset-named or unkeyworded),in-engine draw capture + surface mapping; visual texture inspection
object_oE3_Tex_005120,UNKNOWN,UNKNOWN,no semantic evidence (offset-named or unkeyworded),in-engine draw capture + surface mapping; visual texture inspection
object_oE3_Tex_005F20,UNKNOWN,UNKNOWN,no semantic evidence (offset-named or unkeyworded),in-engine draw capture + surface mapping; visual texture inspection
object_oE3_Tex_006160,UNKNOWN,UNKNOWN,no semantic evidence (offset-named or unkeyworded),in-engine draw capture + surface mapping; visual texture inspection
object_oE3_Tex_006260,UNKNOWN,UNKNOWN,no semantic evidence (offset-named or unkeyworded),in-engine draw capture + surface mapping; visual texture inspection
object_oE3_Tex_006560,UNKNOWN,UNKNOWN,no semantic evidence (offset-named or unkeyworded),in-engine draw capture + surface mapping; visual texture inspection
object_oE3_Tex_006660,UNKNOWN,UNKNOWN,no semantic evidence (offset-named or unkeyworded),in-engine draw capture + surface mapping; visual texture inspection
object_oE3_Tex_006E60,UNKNOWN,UNKNOWN,no semantic evidence (offset-named or unkeyworded),in-engine draw capture + surface mapping; visual texture inspection
object_oE3_Tex_006EA0,UNKNOWN,UNKNOWN,no semantic evidence (offset-named or unkeyworded),in-engine draw capture + surface mapping; visual texture inspection
object_oE3_Tex_0070A0,UNKNOWN,UNKNOWN,no semantic evidence (offset-named or unkeyworded),in-engine draw capture + surface mapping; visual texture inspection
object_oE3_Tex_0070E0,UNKNOWN,UNKNOWN,no semantic evidence (offset-named or unkeyworded),in-engine draw capture + surface mapping; visual texture inspection
object_oE4_Tex_004388,UNKNOWN,UNKNOWN,no semantic evidence (offset-named or unkeyworded),in-engine draw capture + surface mapping; visual texture inspection
object_oE4_Tex_004488,UNKNOWN,UNKNOWN,no semantic evidence (offset-named or unkeyworded),in-engine draw capture + surface mapping; visual texture inspection
object_oE4_Tex_004588,UNKNOWN,UNKNOWN,no semantic evidence (offset-named or unkeyworded),in-engine draw capture + surface mapping; visual texture inspection
object_oE4_Tex_0045C8,UNKNOWN,UNKNOWN,no semantic evidence (offset-named or unkeyworded),in-engine draw capture + surface mapping; visual texture inspection
object_oE4_Tex_0046C8,UNKNOWN,UNKNOWN,no semantic evidence (offset-named or unkeyworded),in-engine draw capture + surface mapping; visual texture inspection
object_oE4_Tex_0047C8,UNKNOWN,UNKNOWN,no semantic evidence (offset-named or unkeyworded),in-engine draw capture + surface mapping; visual texture inspection
object_oE4_Tex_004BC8,UNKNOWN,UNKNOWN,no semantic evidence (offset-named or unkeyworded),in-engine draw capture + surface mapping; visual texture inspection
object_oE4_Tex_004CC8,UNKNOWN,UNKNOWN,no semantic evidence (offset-named or unkeyworded),in-engine draw capture + surface mapping; visual texture inspection
object_oE4_Tex_004D48,UNKNOWN,UNKNOWN,no semantic evidence (offset-named or unkeyworded),in-engine draw capture + surface mapping; visual texture inspection
object_oE4_Tex_004DC8,UNKNOWN,UNKNOWN,no semantic evidence (offset-named or unkeyworded),in-engine draw capture + surface mapping; visual texture inspection
object_oE4sTex_0002A0,UNKNOWN,UNKNOWN,no semantic evidence (offset-named or unkeyworded),in-engine draw capture + surface mapping; visual texture inspection
object_oE4sTex_0003A0,UNKNOWN,UNKNOWN,no semantic evidence (offset-named or unkeyworded),in-engine draw capture + surface mapping; visual texture inspection
object_oE4s_Tex_0004A0,UNKNOWN,UNKNOWN,no semantic evidence (offset-named or unkeyworded),in-engine draw capture + surface mapping; visual texture inspection
object_oE4s_Tex_0004E0,UNKNOWN,UNKNOWN,no semantic evidence (offset-named or unkeyworded),in-engine draw capture + surface mapping; visual texture inspection
object_oE4s_Tex_0008E0,UNKNOWN,UNKNOWN,no semantic evidence (offset-named or unkeyworded),in-engine draw capture + surface mapping; visual texture inspection
object_oE4s_Tex_0009E0,UNKNOWN,UNKNOWN,no semantic evidence (offset-named or unkeyworded),in-engine draw capture + surface mapping; visual texture inspection
object_oE4s_Tex_000AE0,UNKNOWN,UNKNOWN,no semantic evidence (offset-named or unkeyworded),in-engine draw capture + surface mapping; visual texture inspection
object_oE4s_Tex_000B60,UNKNOWN,UNKNOWN,no semantic evidence (offset-named or unkeyworded),in-engine draw capture + surface mapping; visual texture inspection
object_oE4s_Tex_000BE0,UNKNOWN,UNKNOWN,no semantic evidence (offset-named or unkeyworded),in-engine draw capture + surface mapping; visual texture inspection
object_oE4s_Tex_000CE0,UNKNOWN,UNKNOWN,no semantic evidence (offset-named or unkeyworded),in-engine draw capture + surface mapping; visual texture inspection
object_oE5_Tex_003640,UNKNOWN,UNKNOWN,no semantic evidence (offset-named or unkeyworded),in-engine draw capture + surface mapping; visual texture inspection
object_oE5_Tex_004440,UNKNOWN,UNKNOWN,no semantic evidence (offset-named or unkeyworded),in-engine draw capture + surface mapping; visual texture inspection
object_oE5_Tex_004480,UNKNOWN,UNKNOWN,no semantic evidence (offset-named or unkeyworded),in-engine draw capture + surface mapping; visual texture inspection
object_oE5_Tex_004580,UNKNOWN,UNKNOWN,no semantic evidence (offset-named or unkeyworded),in-engine draw capture + surface mapping; visual texture inspection
object_oE5_Tex_004680,UNKNOWN,UNKNOWN,no semantic evidence (offset-named or unkeyworded),in-engine draw capture + surface mapping; visual texture inspection
object_oE5_Tex_004A80,UNKNOWN,UNKNOWN,no semantic evidence (offset-named or unkeyworded),in-engine draw capture + surface mapping; visual texture inspection
object_oE5_Tex_004B80,UNKNOWN,UNKNOWN,no semantic evidence (offset-named or unkeyworded),in-engine draw capture + surface mapping; visual texture inspection
object_oE5_Tex_004BC0,UNKNOWN,UNKNOWN,no semantic evidence (offset-named or unkeyworded),in-engine draw capture + surface mapping; visual texture inspection
object_oE5_Tex_0053C0,UNKNOWN,UNKNOWN,no semantic evidence (offset-named or unkeyworded),in-engine draw capture + surface mapping; visual texture inspection
object_oE5_Tex_0054C0,UNKNOWN,UNKNOWN,no semantic evidence (offset-named or unkeyworded),in-engine draw capture + surface mapping; visual texture inspection
object_oE6_Tex_0011D0,UNKNOWN,UNKNOWN,no semantic evidence (offset-named or unkeyworded),in-engine draw capture + surface mapping; visual texture inspection
object_oE6_Tex_001FD0,UNKNOWN,UNKNOWN,no semantic evidence (offset-named or unkeyworded),in-engine draw capture + surface mapping; visual texture inspection
object_oE6_Tex_002010,UNKNOWN,UNKNOWN,no semantic evidence (offset-named or unkeyworded),in-engine draw capture + surface mapping; visual texture inspection
object_oE6_Tex_002110,UNKNOWN,UNKNOWN,no semantic evidence (offset-named or unkeyworded),in-engine draw capture + surface mapping; visual texture inspection
object_oE6_Tex_002210,UNKNOWN,UNKNOWN,no semantic evidence (offset-named or unkeyworded),in-engine draw capture + surface mapping; visual texture inspection
object_oE6_Tex_002A10,UNKNOWN,UNKNOWN,no semantic evidence (offset-named or unkeyworded),in-engine draw capture + surface mapping; visual texture inspection
object_oE6_Tex_002E10,UNKNOWN,UNKNOWN,no semantic evidence (offset-named or unkeyworded),in-engine draw capture + surface mapping; visual texture inspection
object_oE7_Tex_000D18,UNKNOWN,UNKNOWN,no semantic evidence (offset-named or unkeyworded),in-engine draw capture + surface mapping; visual texture inspection
object_oE7_Tex_001118,UNKNOWN,UNKNOWN,no semantic evidence (offset-named or unkeyworded),in-engine draw capture + surface mapping; visual texture inspection
object_oE7_Tex_001158,UNKNOWN,UNKNOWN,no semantic evidence (offset-named or unkeyworded),in-engine draw capture + surface mapping; visual texture inspection
object_oE7_Tex_001458,UNKNOWN,UNKNOWN,no semantic evidence (offset-named or unkeyworded),in-engine draw capture + surface mapping; visual texture inspection
object_oE7_Tex_002058,UNKNOWN,UNKNOWN,no semantic evidence (offset-named or unkeyworded),in-engine draw capture + surface mapping; visual texture inspection
object_oE7_Tex_002858,UNKNOWN,UNKNOWN,no semantic evidence (offset-named or unkeyworded),in-engine draw capture + surface mapping; visual texture inspection
object_oE8_Tex_001448,UNKNOWN,UNKNOWN,no semantic evidence (offset-named or unkeyworded),in-engine draw capture + surface mapping; visual texture inspection
object_oE8_Tex_002248,UNKNOWN,UNKNOWN,no semantic evidence (offset-named or unkeyworded),in-engine draw capture + surface mapping; visual texture inspection
object_oE8_Tex_002288,UNKNOWN,UNKNOWN,no semantic evidence (offset-named or unkeyworded),in-engine draw capture + surface mapping; visual texture inspection
object_oE8_Tex_002388,UNKNOWN,UNKNOWN,no semantic evidence (offset-named or unkeyworded),in-engine draw capture + surface mapping; visual texture inspection
object_oE8_Tex_002788,UNKNOWN,UNKNOWN,no semantic evidence (offset-named or unkeyworded),in-engine draw capture + surface mapping; visual texture inspection
object_oE8_Tex_002B88,UNKNOWN,UNKNOWN,no semantic evidence (offset-named or unkeyworded),in-engine draw capture + surface mapping; visual texture inspection
object_oE8_Tex_002BC8,UNKNOWN,UNKNOWN,no semantic evidence (offset-named or unkeyworded),in-engine draw capture + surface mapping; visual texture inspection
object_oE9_Tex_000E90,UNKNOWN,UNKNOWN,no semantic evidence (offset-named or unkeyworded),in-engine draw capture + surface mapping; visual texture inspection
object_oE9_Tex_001C90,UNKNOWN,UNKNOWN,no semantic evidence (offset-named or unkeyworded),in-engine draw capture + surface mapping; visual texture inspection
object_oE9_Tex_001CD0,UNKNOWN,UNKNOWN,no semantic evidence (offset-named or unkeyworded),in-engine draw capture + surface mapping; visual texture inspection
object_oE9_Tex_001DD0,UNKNOWN,UNKNOWN,no semantic evidence (offset-named or unkeyworded),in-engine draw capture + surface mapping; visual texture inspection
object_oE9_Tex_001ED0,UNKNOWN,UNKNOWN,no semantic evidence (offset-named or unkeyworded),in-engine draw capture + surface mapping; visual texture inspection
object_oE9_Tex_0026D0,UNKNOWN,UNKNOWN,no semantic evidence (offset-named or unkeyworded),in-engine draw capture + surface mapping; visual texture inspection
object_oE9_Tex_002ED0,UNKNOWN,UNKNOWN,no semantic evidence (offset-named or unkeyworded),in-engine draw capture + surface mapping; visual texture inspection
object_oF1d_mapTex_009270,UNKNOWN,UNKNOWN,no semantic evidence (offset-named or unkeyworded),in-engine draw capture + surface mapping; visual texture inspection
object_oF1d_mapTex_0092B0,UNKNOWN,UNKNOWN,no semantic evidence (offset-named or unkeyworded),in-engine draw capture + surface mapping; visual texture inspection
object_oF1d_mapTex_0092F0,UNKNOWN,UNKNOWN,no semantic evidence (offset-named or unkeyworded),in-engine draw capture + surface mapping; visual texture inspection
object_oF1d_mapTex_009370,UNKNOWN,UNKNOWN,no semantic evidence (offset-named or unkeyworded),in-engine draw capture + surface mapping; visual texture inspection
object_oF1d_mapTex_009B70,UNKNOWN,UNKNOWN,no semantic evidence (offset-named or unkeyworded),in-engine draw capture + surface mapping; visual texture inspection
object_oF1d_mapTex_009C70,UNKNOWN,UNKNOWN,no semantic evidence (offset-named or unkeyworded),in-engine draw capture + surface mapping; visual texture inspection
object_oF1d_mapTex_00C840,UNKNOWN,UNKNOWN,no semantic evidence (offset-named or unkeyworded),in-engine draw capture + surface mapping; visual texture inspection
object_oF1d_mapTex_00C880,UNKNOWN,UNKNOWN,no semantic evidence (offset-named or unkeyworded),in-engine draw capture + surface mapping; visual texture inspection
object_oF1d_mapTex_00CA80,UNKNOWN,UNKNOWN,no semantic evidence (offset-named or unkeyworded),in-engine draw capture + surface mapping; visual texture inspection
object_oF1d_mapTex_00EE80,UNKNOWN,UNKNOWN,no semantic evidence (offset-named or unkeyworded),in-engine draw capture + surface mapping; visual texture inspection
object_oF1d_mapTex_00F680,UNKNOWN,UNKNOWN,no semantic evidence (offset-named or unkeyworded),in-engine draw capture + surface mapping; visual texture inspection
object_oF1d_mapTex_00F6C0,UNKNOWN,UNKNOWN,no semantic evidence (offset-named or unkeyworded),in-engine draw capture + surface mapping; visual texture inspection
object_oF1d_mapTex_00F7C0,UNKNOWN,UNKNOWN,no semantic evidence (offset-named or unkeyworded),in-engine draw capture + surface mapping; visual texture inspection
object_oF1d_mapTex_00F8C0,UNKNOWN,UNKNOWN,no semantic evidence (offset-named or unkeyworded),in-engine draw capture + surface mapping; visual texture inspection
object_oF1d_mapTex_00FCC0,UNKNOWN,UNKNOWN,no semantic evidence (offset-named or unkeyworded),in-engine draw capture + surface mapping; visual texture inspection
object_oF1s_Tex_0004BC,UNKNOWN,UNKNOWN,no semantic evidence (offset-named or unkeyworded),in-engine draw capture + surface mapping; visual texture inspection
object_oF1s_Tex_0008BC,UNKNOWN,UNKNOWN,no semantic evidence (offset-named or unkeyworded),in-engine draw capture + surface mapping; visual texture inspection
object_oF1s_Tex_0018BC,UNKNOWN,UNKNOWN,no semantic evidence (offset-named or unkeyworded),in-engine draw capture + surface mapping; visual texture inspection
object_oF1s_Tex_0018FC,UNKNOWN,UNKNOWN,no semantic evidence (offset-named or unkeyworded),in-engine draw capture + surface mapping; visual texture inspection
object_oF1s_Tex_0019FC,UNKNOWN,UNKNOWN,no semantic evidence (offset-named or unkeyworded),in-engine draw capture + surface mapping; visual texture inspection
object_oF1s_Tex_001AFC,UNKNOWN,UNKNOWN,no semantic evidence (offset-named or unkeyworded),in-engine draw capture + surface mapping; visual texture inspection
object_oF1s_Tex_001B7C,UNKNOWN,UNKNOWN,no semantic evidence (offset-named or unkeyworded),in-engine draw capture + surface mapping; visual texture inspection
object_oF1s_Tex_001F7C,UNKNOWN,UNKNOWN,no semantic evidence (offset-named or unkeyworded),in-engine draw capture + surface mapping; visual texture inspection
object_oF1s_Tex_00257C,UNKNOWN,UNKNOWN,no semantic evidence (offset-named or unkeyworded),in-engine draw capture + surface mapping; visual texture inspection
object_oF1s_Tex_0025BC,UNKNOWN,UNKNOWN,no semantic evidence (offset-named or unkeyworded),in-engine draw capture + surface mapping; visual texture inspection
object_oF1s_Tex_002DBC,UNKNOWN,UNKNOWN,no semantic evidence (offset-named or unkeyworded),in-engine draw capture + surface mapping; visual texture inspection
gOctorokEyeTex,SKIN,METAL,keyword collision (shared name evidence),in-engine draw capture + surface mapping; visual texture inspection
gOctorokFadeToBlackTex,UNKNOWN,UNKNOWN,no semantic evidence (offset-named or unkeyworded),in-engine draw capture + surface mapping; visual texture inspection
gOctorokFinTex,UNKNOWN,UNKNOWN,no semantic evidence (offset-named or unkeyworded),in-engine draw capture + surface mapping; visual texture inspection
gOctorokScalesTex,UNKNOWN,UNKNOWN,no semantic evidence (offset-named or unkeyworded),in-engine draw capture + surface mapping; visual texture inspection
gOctorokSnoutConnectionTex,UNKNOWN,UNKNOWN,no semantic evidence (offset-named or unkeyworded),in-engine draw capture + surface mapping; visual texture inspection
gOctorokStripesTex,UNKNOWN,UNKNOWN,no semantic evidence (offset-named or unkeyworded),in-engine draw capture + surface mapping; visual texture inspection
gHappyMaskSalesmanGoldFabricCenterTex,CLOTH,METAL,keyword collision (shared name evidence),in-engine draw capture + surface mapping; visual texture inspection
gHappyMaskSalesmanGoldFabricTex,CLOTH,METAL,keyword collision (shared name evidence),in-engine draw capture + surface mapping; visual texture inspection
gHappyMaskSalesmanNostrilTex,UNKNOWN,UNKNOWN,no semantic evidence (offset-named or unkeyworded),in-engine draw capture + surface mapping; visual texture inspection
gHappyMaskSalesmanShirtTex,UNKNOWN,UNKNOWN,no semantic evidence (offset-named or unkeyworded),in-engine draw capture + surface mapping; visual texture inspection
gHappyMaskSalesmanSleeveTex,UNKNOWN,UNKNOWN,no semantic evidence (offset-named or unkeyworded),in-engine draw capture + surface mapping; visual texture inspection
object_ossanTex_005078,UNKNOWN,UNKNOWN,no semantic evidence (offset-named or unkeyworded),in-engine draw capture + surface mapping; visual texture inspection
object_ossanTex_005178,UNKNOWN,UNKNOWN,no semantic evidence (offset-named or unkeyworded),in-engine draw capture + surface mapping; visual texture inspection
object_ossanTex_005278,UNKNOWN,UNKNOWN,no semantic evidence (offset-named or unkeyworded),in-engine draw capture + surface mapping; visual texture inspection
object_ossanTex_005AB8,UNKNOWN,UNKNOWN,no semantic evidence (offset-named or unkeyworded),in-engine draw capture + surface mapping; visual texture inspection
object_ossanTex_008A38,UNKNOWN,UNKNOWN,no semantic evidence (offset-named or unkeyworded),in-engine draw capture + surface mapping; visual texture inspection
object_ossanTex_008AB8,UNKNOWN,UNKNOWN,no semantic evidence (offset-named or unkeyworded),in-engine draw capture + surface mapping; visual texture inspection
object_ossanTex_008CB8,UNKNOWN,UNKNOWN,no semantic evidence (offset-named or unkeyworded),in-engine draw capture + surface mapping; visual texture inspection
object_ossanTex_008EB8,UNKNOWN,UNKNOWN,no semantic evidence (offset-named or unkeyworded),in-engine draw capture + surface mapping; visual texture inspection
object_ossanTex_0096B8,UNKNOWN,UNKNOWN,no semantic evidence (offset-named or unkeyworded),in-engine draw capture + surface mapping; visual texture inspection
object_ossanTex_0098B8,UNKNOWN,UNKNOWN,no semantic evidence (offset-named or unkeyworded),in-engine draw capture + surface mapping; visual texture inspection
object_ouke_haka_Tex_000170,UNKNOWN,UNKNOWN,no semantic evidence (offset-named or unkeyworded),in-engine draw capture + surface mapping; visual texture inspection
object_owlTex_0071A8,UNKNOWN,UNKNOWN,no semantic evidence (offset-named or unkeyworded),in-engine draw capture + surface mapping; visual texture inspection
object_owlTex_0079A8,UNKNOWN,UNKNOWN,no semantic evidence (offset-named or unkeyworded),in-engine draw capture + surface mapping; visual texture inspection
object_owlTex_0081A8,UNKNOWN,UNKNOWN,no semantic evidence (offset-named or unkeyworded),in-engine draw capture + surface mapping; visual texture inspection
object_owlTex_0095A8,UNKNOWN,UNKNOWN,no semantic evidence (offset-named or unkeyworded),in-engine draw capture + surface mapping; visual texture inspection
object_owlTex_009DA8,UNKNOWN,UNKNOWN,no semantic evidence (offset-named or unkeyworded),in-engine draw capture + surface mapping; visual texture inspection
object_owlTex_009FA8,UNKNOWN,UNKNOWN,no semantic evidence (offset-named or unkeyworded),in-engine draw capture + surface mapping; visual texture inspection
object_owlTex_00AFA8,UNKNOWN,UNKNOWN,no semantic evidence (offset-named or unkeyworded),in-engine draw capture + surface mapping; visual texture inspection
object_owlTex_00B7A8,UNKNOWN,UNKNOWN,no semantic evidence (offset-named or unkeyworded),in-engine draw capture + surface mapping; visual texture inspection
gPeehatWingTex,UNKNOWN,UNKNOWN,no semantic evidence (offset-named or unkeyworded),in-engine draw capture + surface mapping; visual texture inspection
object_po_composerTex_001450,UNKNOWN,UNKNOWN,no semantic evidence (offset-named or unkeyworded),in-engine draw capture + surface mapping; visual texture inspection
object_po_composerTex_0054E0,UNKNOWN,UNKNOWN,no semantic evidence (offset-named or unkeyworded),in-engine draw capture + surface mapping; visual texture inspection
object_po_composerTex_0056E0,UNKNOWN,UNKNOWN,no semantic evidence (offset-named or unkeyworded),in-engine draw capture + surface mapping; visual texture inspection
object_po_composerTex_0058E0,UNKNOWN,UNKNOWN,no semantic evidence (offset-named or unkeyworded),in-engine draw capture + surface mapping; visual texture inspection
object_po_composerTex_005AE0,UNKNOWN,UNKNOWN,no semantic evidence (offset-named or unkeyworded),in-engine draw capture + surface mapping; visual texture inspection
object_po_composerTex_005CE0,UNKNOWN,UNKNOWN,no semantic evidence (offset-named or unkeyworded),in-engine draw capture + surface mapping; visual texture inspection
object_po_composerTex_0060E0,UNKNOWN,UNKNOWN,no semantic evidence (offset-named or unkeyworded),in-engine draw capture + surface mapping; visual texture inspection
object_po_composerTex_0062E0,UNKNOWN,UNKNOWN,no semantic evidence (offset-named or unkeyworded),in-engine draw capture + surface mapping; visual texture inspection
object_po_composerTex_0064E0,UNKNOWN,UNKNOWN,no semantic evidence (offset-named or unkeyworded),in-engine draw capture + surface mapping; visual texture inspection
object_po_composerTex_0066E0,UNKNOWN,UNKNOWN,no semantic evidence (offset-named or unkeyworded),in-engine draw capture + surface mapping; visual texture inspection
object_po_composerTex_0068E0,UNKNOWN,UNKNOWN,no semantic evidence (offset-named or unkeyworded),in-engine draw capture + surface mapping; visual texture inspection
object_po_composerTex_006AE0,UNKNOWN,UNKNOWN,no semantic evidence (offset-named or unkeyworded),in-engine draw capture + surface mapping; visual texture inspection
object_po_composerTex_006CE0,UNKNOWN,UNKNOWN,no semantic evidence (offset-named or unkeyworded),in-engine draw capture + surface mapping; visual texture inspection
gBigPoeSoulTex,UNKNOWN,UNKNOWN,no semantic evidence (offset-named or unkeyworded),in-engine draw capture + surface mapping; visual texture inspection
object_po_sistersTex_0048D8,UNKNOWN,UNKNOWN,no semantic evidence (offset-named or unkeyworded),in-engine draw capture + surface mapping; visual texture inspection
object_po_sistersTex_004AD8,UNKNOWN,UNKNOWN,no semantic evidence (offset-named or unkeyworded),in-engine draw capture + surface mapping; visual texture inspection
object_po_sistersTex_0052D8,UNKNOWN,UNKNOWN,no semantic evidence (offset-named or unkeyworded),in-engine draw capture + surface mapping; visual texture inspection
object_po_sistersTex_0056D8,UNKNOWN,UNKNOWN,no semantic evidence (offset-named or unkeyworded),in-engine draw capture + surface mapping; visual texture inspection
object_po_sistersTex_0058D8,UNKNOWN,UNKNOWN,no semantic evidence (offset-named or unkeyworded),in-engine draw capture + surface mapping; visual texture inspection
object_po_sistersTex_0058F8,UNKNOWN,UNKNOWN,no semantic evidence (offset-named or unkeyworded),in-engine draw capture + surface mapping; visual texture inspection
object_po_sistersTex_005AF8,UNKNOWN,UNKNOWN,no semantic evidence (offset-named or unkeyworded),in-engine draw capture + surface mapping; visual texture inspection
object_po_sistersTex_005CF8,UNKNOWN,UNKNOWN,no semantic evidence (offset-named or unkeyworded),in-engine draw capture + surface mapping; visual texture inspection
object_po_sistersTex_005D78,UNKNOWN,UNKNOWN,no semantic evidence (offset-named or unkeyworded),in-engine draw capture + surface mapping; visual texture inspection
object_po_sistersTex_005F78,UNKNOWN,UNKNOWN,no semantic evidence (offset-named or unkeyworded),in-engine draw capture + surface mapping; visual texture inspection
object_po_sistersTex_006078,UNKNOWN,UNKNOWN,no semantic evidence (offset-named or unkeyworded),in-engine draw capture + surface mapping; visual texture inspection
object_po_sistersTex_006278,UNKNOWN,UNKNOWN,no semantic evidence (offset-named or unkeyworded),in-engine draw capture + surface mapping; visual texture inspection
object_po_sistersTex_0062F8,UNKNOWN,UNKNOWN,no semantic evidence (offset-named or unkeyworded),in-engine draw capture + surface mapping; visual texture inspection
object_po_sistersTex_006318,UNKNOWN,UNKNOWN,no semantic evidence (offset-named or unkeyworded),in-engine draw capture + surface mapping; visual texture inspection
object_po_sistersTex_007AC0,UNKNOWN,UNKNOWN,no semantic evidence (offset-named or unkeyworded),in-engine draw capture + surface mapping; visual texture inspection
object_po_sistersTex_0082C0,UNKNOWN,UNKNOWN,no semantic evidence (offset-named or unkeyworded),in-engine draw capture + surface mapping; visual texture inspection
object_po_sistersTex_0083C0,UNKNOWN,UNKNOWN,no semantic evidence (offset-named or unkeyworded),in-engine draw capture + surface mapping; visual texture inspection
object_po_sistersTex_008BC0,UNKNOWN,UNKNOWN,no semantic evidence (offset-named or unkeyworded),in-engine draw capture + surface mapping; visual texture inspection
object_po_sistersTex_0093C0,UNKNOWN,UNKNOWN,no semantic evidence (offset-named or unkeyworded),in-engine draw capture + surface mapping; visual texture inspection
object_po_sistersTex_009BC0,UNKNOWN,UNKNOWN,no semantic evidence (offset-named or unkeyworded),in-engine draw capture + surface mapping; visual texture inspection
object_po_sistersTex_00A3C0,UNKNOWN,UNKNOWN,no semantic evidence (offset-named or unkeyworded),in-engine draw capture + surface mapping; visual texture inspection
object_po_sistersTex_00ABC0,UNKNOWN,UNKNOWN,no semantic evidence (offset-named or unkeyworded),in-engine draw capture + surface mapping; visual texture inspection
object_po_sistersTex_00B3C0,UNKNOWN,UNKNOWN,no semantic evidence (offset-named or unkeyworded),in-engine draw capture + surface mapping; visual texture inspection
object_po_sistersTex_00BBC0,UNKNOWN,UNKNOWN,no semantic evidence (offset-named or unkeyworded),in-engine draw capture + surface mapping; visual texture inspection
object_po_sistersTex_00C3C0,UNKNOWN,UNKNOWN,no semantic evidence (offset-named or unkeyworded),in-engine draw capture + surface mapping; visual texture inspection
object_po_sistersTex_00CBC0,UNKNOWN,UNKNOWN,no semantic evidence (offset-named or unkeyworded),in-engine draw capture + surface mapping; visual texture inspection
object_po_sistersTex_00D3C0,UNKNOWN,UNKNOWN,no semantic evidence (offset-named or unkeyworded),in-engine draw capture + surface mapping; visual texture inspection
object_po_sistersTex_00DBC0,UNKNOWN,UNKNOWN,no semantic evidence (offset-named or unkeyworded),in-engine draw capture + surface mapping; visual texture inspection
object_pohTex_003010,UNKNOWN,UNKNOWN,no semantic evidence (offset-named or unkeyworded),in-engine draw capture + surface mapping; visual texture inspection
object_pohTex_003910,UNKNOWN,UNKNOWN,no semantic evidence (offset-named or unkeyworded),in-engine draw capture + surface mapping; visual texture inspection
object_pohTex_003D10,UNKNOWN,UNKNOWN,no semantic evidence (offset-named or unkeyworded),in-engine draw capture + surface mapping; visual texture inspection
object_pohTex_004510,UNKNOWN,UNKNOWN,no semantic evidence (offset-named or unkeyworded),in-engine draw capture + surface mapping; visual texture inspection
object_pohTex_004710,UNKNOWN,UNKNOWN,no semantic evidence (offset-named or unkeyworded),in-engine draw capture + surface mapping; visual texture inspection
object_pohTex_004790,UNKNOWN,UNKNOWN,no semantic evidence (offset-named or unkeyworded),in-engine draw capture + surface mapping; visual texture inspection
object_pohTex_004990,UNKNOWN,UNKNOWN,no semantic evidence (offset-named or unkeyworded),in-engine draw capture + surface mapping; visual texture inspection
object_pohTex_004A10,UNKNOWN,UNKNOWN,no semantic evidence (offset-named or unkeyworded),in-engine draw capture + surface mapping; visual texture inspection
object_pohTex_004B10,UNKNOWN,UNKNOWN,no semantic evidence (offset-named or unkeyworded),in-engine draw capture + surface mapping; visual texture inspection
object_pohTex_004D10,UNKNOWN,UNKNOWN,no semantic evidence (offset-named or unkeyworded),in-engine draw capture + surface mapping; visual texture inspection
object_pohTex_004F10,UNKNOWN,UNKNOWN,no semantic evidence (offset-named or unkeyworded),in-engine draw capture + surface mapping; visual texture inspection
gPoeSellerAngrySoulTex,UNKNOWN,UNKNOWN,no semantic evidence (offset-named or unkeyworded),in-engine draw capture + surface mapping; visual texture inspection
gPoeSellerBottleLabelTex,GLASS,LEATHER,keyword collision (shared name evidence),in-engine draw capture + surface mapping; visual texture inspection
gPoeSellerHappySoulTex,UNKNOWN,UNKNOWN,no semantic evidence (offset-named or unkeyworded),in-engine draw capture + surface mapping; visual texture inspection
gPoeSellerLanternTex,UNKNOWN,UNKNOWN,no semantic evidence (offset-named or unkeyworded),in-engine draw capture + surface mapping; visual texture inspection
gPoeSellerMattressTex,UNKNOWN,UNKNOWN,no semantic evidence (offset-named or unkeyworded),in-engine draw capture + surface mapping; visual texture inspection
gPoeSellerSadSoulTex,UNKNOWN,UNKNOWN,no semantic evidence (offset-named or unkeyworded),in-engine draw capture + surface mapping; visual texture inspection
gPoeSellerWoodenPanelTex,GLASS,WOOD,keyword collision (shared name evidence),in-engine draw capture + surface mapping; visual texture inspection
object_psTex_0005B8,UNKNOWN,UNKNOWN,no semantic evidence (offset-named or unkeyworded),in-engine draw capture + surface mapping; visual texture inspection
object_psTex_0015B8,UNKNOWN,UNKNOWN,no semantic evidence (offset-named or unkeyworded),in-engine draw capture + surface mapping; visual texture inspection
object_psTex_0015F8,UNKNOWN,UNKNOWN,no semantic evidence (offset-named or unkeyworded),in-engine draw capture + surface mapping; visual texture inspection
object_psTex_0017F8,UNKNOWN,UNKNOWN,no semantic evidence (offset-named or unkeyworded),in-engine draw capture + surface mapping; visual texture inspection
object_psTex_001838,UNKNOWN,UNKNOWN,no semantic evidence (offset-named or unkeyworded),in-engine draw capture + surface mapping; visual texture inspection
object_psTex_001C38,UNKNOWN,UNKNOWN,no semantic evidence (offset-named or unkeyworded),in-engine draw capture + surface mapping; visual texture inspection
object_psTex_001D38,UNKNOWN,UNKNOWN,no semantic evidence (offset-named or unkeyworded),in-engine draw capture + surface mapping; visual texture inspection
object_psTex_001D78,UNKNOWN,UNKNOWN,no semantic evidence (offset-named or unkeyworded),in-engine draw capture + surface mapping; visual texture inspection
object_psTex_001E78,UNKNOWN,UNKNOWN,no semantic evidence (offset-named or unkeyworded),in-engine draw capture + surface mapping; visual texture inspection
object_psTex_001F78,UNKNOWN,UNKNOWN,no semantic evidence (offset-named or unkeyworded),in-engine draw capture + surface mapping; visual texture inspection
object_psTex_002178,UNKNOWN,UNKNOWN,no semantic evidence (offset-named or unkeyworded),in-engine draw capture + surface mapping; visual texture inspection
object_psTex_002378,UNKNOWN,UNKNOWN,no semantic evidence (offset-named or unkeyworded),in-engine draw capture + surface mapping; visual texture inspection
object_psTex_002578,UNKNOWN,UNKNOWN,no semantic evidence (offset-named or unkeyworded),in-engine draw capture + surface mapping; visual texture inspection
object_psTex_002978,UNKNOWN,UNKNOWN,no semantic evidence (offset-named or unkeyworded),in-engine draw capture + surface mapping; visual texture inspection
object_psTex_007180,UNKNOWN,UNKNOWN,no semantic evidence (offset-named or unkeyworded),in-engine draw capture + surface mapping; visual texture inspection
object_psTex_0071C0,UNKNOWN,UNKNOWN,no semantic evidence (offset-named or unkeyworded),in-engine draw capture + surface mapping; visual texture inspection
object_psTex_0075C0,UNKNOWN,UNKNOWN,no semantic evidence (offset-named or unkeyworded),in-engine draw capture + surface mapping; visual texture inspection
object_psTex_007600,UNKNOWN,UNKNOWN,no semantic evidence (offset-named or unkeyworded),in-engine draw capture + surface mapping; visual texture inspection
object_psTex_007640,UNKNOWN,UNKNOWN,no semantic evidence (offset-named or unkeyworded),in-engine draw capture + surface mapping; visual texture inspection
object_psTex_007A40,UNKNOWN,UNKNOWN,no semantic evidence (offset-named or unkeyworded),in-engine draw capture + surface mapping; visual texture inspection
object_psTex_007C40,UNKNOWN,UNKNOWN,no semantic evidence (offset-named or unkeyworded),in-engine draw capture + surface mapping; visual texture inspection
gBlockTex,METAL,STONE,keyword collision (shared name evidence),in-engine draw capture + surface mapping; visual texture inspection
gGibdoWrappingTex,UNKNOWN,UNKNOWN,no semantic evidence (offset-named or unkeyworded),in-engine draw capture + surface mapping; visual texture inspection
gRedeadBackTex,UNKNOWN,UNKNOWN,no semantic evidence (offset-named or unkeyworded),in-engine draw capture + surface mapping; visual texture inspection
gRedeadFingersAndToesTex,SAND,SKIN,keyword collision (shared name evidence),in-engine draw capture + surface mapping; visual texture inspection
gRedeadHipsTex,UNKNOWN,UNKNOWN,no semantic evidence (offset-named or unkeyworded),in-engine draw capture + surface mapping; visual texture inspection
gRedeadMaskTex,UNKNOWN,UNKNOWN,no semantic evidence (offset-named or unkeyworded),in-engine draw capture + surface mapping; visual texture inspection
gRedeadMuscleTex,UNKNOWN,UNKNOWN,no semantic evidence (offset-named or unkeyworded),in-engine draw capture + surface mapping; visual texture inspection
object_reeba_Tex_000CD8,UNKNOWN,UNKNOWN,no semantic evidence (offset-named or unkeyworded),in-engine draw capture + surface mapping; visual texture inspection
object_reeba_Tex_000DD8,UNKNOWN,UNKNOWN,no semantic evidence (offset-named or unkeyworded),in-engine draw capture + surface mapping; visual texture inspection
object_reeba_Tex_0015D8,UNKNOWN,UNKNOWN,no semantic evidence (offset-named or unkeyworded),in-engine draw capture + surface mapping; visual texture inspection
gWindmillRotatingPlatform1Tex,UNKNOWN,UNKNOWN,no semantic evidence (offset-named or unkeyworded),in-engine draw capture + surface mapping; visual texture inspection
gWindmillRotatingPlatform2Tex,UNKNOWN,UNKNOWN,no semantic evidence (offset-named or unkeyworded),in-engine draw capture + surface mapping; visual texture inspection
object_rlTex_0033E0,UNKNOWN,UNKNOWN,no semantic evidence (offset-named or unkeyworded),in-engine draw capture + surface mapping; visual texture inspection
object_rlTex_003420,UNKNOWN,UNKNOWN,no semantic evidence (offset-named or unkeyworded),in-engine draw capture + surface mapping; visual texture inspection
object_rl_Tex_003520,UNKNOWN,UNKNOWN,no semantic evidence (offset-named or unkeyworded),in-engine draw capture + surface mapping; visual texture inspection
object_rl_Tex_003620,UNKNOWN,UNKNOWN,no semantic evidence (offset-named or unkeyworded),in-engine draw capture + surface mapping; visual texture inspection
object_rl_Tex_003820,UNKNOWN,UNKNOWN,no semantic evidence (offset-named or unkeyworded),in-engine draw capture + surface mapping; visual texture inspection
object_rl_Tex_003920,UNKNOWN,UNKNOWN,no semantic evidence (offset-named or unkeyworded),in-engine draw capture + surface mapping; visual texture inspection
object_rl_Tex_003960,UNKNOWN,UNKNOWN,no semantic evidence (offset-named or unkeyworded),in-engine draw capture + surface mapping; visual texture inspection
object_rl_Tex_003B60,UNKNOWN,UNKNOWN,no semantic evidence (offset-named or unkeyworded),in-engine draw capture + surface mapping; visual texture inspection
object_rl_Tex_003D60,UNKNOWN,UNKNOWN,no semantic evidence (offset-named or unkeyworded),in-engine draw capture + surface mapping; visual texture inspection
object_rl_Tex_003DA0,UNKNOWN,UNKNOWN,no semantic evidence (offset-named or unkeyworded),in-engine draw capture + surface mapping; visual texture inspection
object_rl_Tex_006518,UNKNOWN,UNKNOWN,no semantic evidence (offset-named or unkeyworded),in-engine draw capture + surface mapping; visual texture inspection
object_rl_Tex_006618,UNKNOWN,UNKNOWN,no semantic evidence (offset-named or unkeyworded),in-engine draw capture + surface mapping; visual texture inspection
object_rl_Tex_006658,UNKNOWN,UNKNOWN,no semantic evidence (offset-named or unkeyworded),in-engine draw capture + surface mapping; visual texture inspection
object_rl_Tex_006798,UNKNOWN,UNKNOWN,no semantic evidence (offset-named or unkeyworded),in-engine draw capture + surface mapping; visual texture inspection
object_rl_Tex_006B98,UNKNOWN,UNKNOWN,no semantic evidence (offset-named or unkeyworded),in-engine draw capture + surface mapping; visual texture inspection
object_rl_Tex_006F98,UNKNOWN,UNKNOWN,no semantic evidence (offset-named or unkeyworded),in-engine draw capture + surface mapping; visual texture inspection
object_rl_Tex_007198,UNKNOWN,UNKNOWN,no semantic evidence (offset-named or unkeyworded),in-engine draw capture + surface mapping; visual texture inspection
object_rl_Tex_007598,UNKNOWN,UNKNOWN,no semantic evidence (offset-named or unkeyworded),in-engine draw capture + surface mapping; visual texture inspection
object_rl_Tex_007998,UNKNOWN,UNKNOWN,no semantic evidence (offset-named or unkeyworded),in-engine draw capture + surface mapping; visual texture inspection
gLikeLikeHoleTex,UNKNOWN,UNKNOWN,no semantic evidence (offset-named or unkeyworded),in-engine draw capture + surface mapping; visual texture inspection
gBombchuShopkeeperEarTex,SKIN,METAL,keyword collision (shared name evidence),in-engine draw capture + surface mapping; visual texture inspection
gBombchuShopkeeperEyeClosedTex,SKIN,METAL,keyword collision (shared name evidence),in-engine draw capture + surface mapping; visual texture inspection
gBombchuShopkeeperEyeHalfTex,SKIN,METAL,keyword collision (shared name evidence),in-engine draw capture + surface mapping; visual texture inspection
gBombchuShopkeeperEyeOpenTex,SKIN,METAL,keyword collision (shared name evidence),in-engine draw capture + surface mapping; visual texture inspection
gBombchuShopkeeperFingersTex,SKIN,METAL,keyword collision (shared name evidence),in-engine draw capture + surface mapping; visual texture inspection
gBombchuShopkeeperSkinTex,SKIN,METAL,keyword collision (shared name evidence),in-engine draw capture + surface mapping; visual texture inspection
gBombchuShopkeeperTattooTex,METAL,WOOD,keyword collision (shared name evidence),in-engine draw capture + surface mapping; visual texture inspection
gBombchuShopkeeperTorsoTex,SKIN,METAL,keyword collision (shared name evidence),in-engine draw capture + surface mapping; visual texture inspection
gBombchuShopkeeperVestTex,METAL,WOOD,keyword collision (shared name evidence),in-engine draw capture + surface mapping; visual texture inspection
gRutoChildBlueSkinPatchesTex,SKIN,WOOD,keyword collision (shared name evidence),in-engine draw capture + surface mapping; visual texture inspection
gAdultRutoTailGradientTex,UNKNOWN,UNKNOWN,no semantic evidence (offset-named or unkeyworded),in-engine draw capture + surface mapping; visual texture inspection
gAdultRutoTex_21A0,UNKNOWN,UNKNOWN,no semantic evidence (offset-named or unkeyworded),in-engine draw capture + surface mapping; visual texture inspection
gAdultRutoTex_4600,UNKNOWN,UNKNOWN,no semantic evidence (offset-named or unkeyworded),in-engine draw capture + surface mapping; visual texture inspection
gAdultRutoTex_4740,UNKNOWN,UNKNOWN,no semantic evidence (offset-named or unkeyworded),in-engine draw capture + surface mapping; visual texture inspection
gAdultRutoTex_5440,UNKNOWN,UNKNOWN,no semantic evidence (offset-named or unkeyworded),in-engine draw capture + surface mapping; visual texture inspection
gAdultRutoTex_5480,UNKNOWN,UNKNOWN,no semantic evidence (offset-named or unkeyworded),in-engine draw capture + surface mapping; visual texture inspection
gAdultRutoTex_5580,UNKNOWN,UNKNOWN,no semantic evidence (offset-named or unkeyworded),in-engine draw capture + surface mapping; visual texture inspection
object_ru2Tex_0055C0,UNKNOWN,UNKNOWN,no semantic evidence (offset-named or unkeyworded),in-engine draw capture + surface mapping; visual texture inspection
object_ru2Tex_0056C0,UNKNOWN,UNKNOWN,no semantic evidence (offset-named or unkeyworded),in-engine draw capture + surface mapping; visual texture inspection
gSariaCollarTex,UNKNOWN,UNKNOWN,no semantic evidence (offset-named or unkeyworded),in-engine draw capture + surface mapping; visual texture inspection
gSariaGreenTex,UNKNOWN,UNKNOWN,no semantic evidence (offset-named or unkeyworded),in-engine draw capture + surface mapping; visual texture inspection
gSariaKneeTex,UNKNOWN,UNKNOWN,no semantic evidence (offset-named or unkeyworded),in-engine draw capture + surface mapping; visual texture inspection
gSariaSleeveTex,UNKNOWN,UNKNOWN,no semantic evidence (offset-named or unkeyworded),in-engine draw capture + surface mapping; visual texture inspection
gSariaUnkGreenTex,UNKNOWN,UNKNOWN,no semantic evidence (offset-named or unkeyworded),in-engine draw capture + surface mapping; visual texture inspection
object_saTex_002530,UNKNOWN,UNKNOWN,no semantic evidence (offset-named or unkeyworded),in-engine draw capture + surface mapping; visual texture inspection
object_sb_Tex_001020,UNKNOWN,UNKNOWN,no semantic evidence (offset-named or unkeyworded),in-engine draw capture + surface mapping; visual texture inspection
object_sb_Tex_001820,UNKNOWN,UNKNOWN,no semantic evidence (offset-named or unkeyworded),in-engine draw capture + surface mapping; visual texture inspection
object_sb_Tex_001920,UNKNOWN,UNKNOWN,no semantic evidence (offset-named or unkeyworded),in-engine draw capture + surface mapping; visual texture inspection
object_sb_Tex_0019A0,UNKNOWN,UNKNOWN,no semantic evidence (offset-named or unkeyworded),in-engine draw capture + surface mapping; visual texture inspection
object_sb_Tex_001A20,UNKNOWN,UNKNOWN,no semantic evidence (offset-named or unkeyworded),in-engine draw capture + surface mapping; visual texture inspection
object_sb_Tex_002AF0,UNKNOWN,UNKNOWN,no semantic evidence (offset-named or unkeyworded),in-engine draw capture + surface mapping; visual texture inspection
gEnHeishiGradient1Tex,UNKNOWN,UNKNOWN,no semantic evidence (offset-named or unkeyworded),in-engine draw capture + surface mapping; visual texture inspection
gEnHeishiGradient2Tex,UNKNOWN,UNKNOWN,no semantic evidence (offset-named or unkeyworded),in-engine draw capture + surface mapping; visual texture inspection
gEnHeishiKingGuardChestArmorTex,METAL,WOOD,keyword collision (shared name evidence),in-engine draw capture + surface mapping; visual texture inspection
gEnHeishiKingGuardPantsTex,UNKNOWN,UNKNOWN,no semantic evidence (offset-named or unkeyworded),in-engine draw capture + surface mapping; visual texture inspection
gEnHeishiKingGuardShoulderGuardTex,UNKNOWN,UNKNOWN,no semantic evidence (offset-named or unkeyworded),in-engine draw capture + surface mapping; visual texture inspection
gEnHeishiKingGuardTex_200,UNKNOWN,UNKNOWN,no semantic evidence (offset-named or unkeyworded),in-engine draw capture + surface mapping; visual texture inspection
gEnHeishiKingGuardTex_240,UNKNOWN,UNKNOWN,no semantic evidence (offset-named or unkeyworded),in-engine draw capture + surface mapping; visual texture inspection
gEnHeishiKingGuardTex_B40,UNKNOWN,UNKNOWN,no semantic evidence (offset-named or unkeyworded),in-engine draw capture + surface mapping; visual texture inspection
gEnHeishiTex_0067C0,UNKNOWN,UNKNOWN,no semantic evidence (offset-named or unkeyworded),in-engine draw capture + surface mapping; visual texture inspection
gEnHeishiUniform1Tex,UNKNOWN,UNKNOWN,no semantic evidence (offset-named or unkeyworded),in-engine draw capture + surface mapping; visual texture inspection
gEnHeishiUniform2Tex,UNKNOWN,UNKNOWN,no semantic evidence (offset-named or unkeyworded),in-engine draw capture + surface mapping; visual texture inspection
gShopDungenStone1Tex,WOOD,STONE,keyword collision (shared name evidence),in-engine draw capture + surface mapping; visual texture inspection
gShopDungenStone2Tex,WOOD,STONE,keyword collision (shared name evidence),in-engine draw capture + surface mapping; visual texture inspection
gBusinessScrubNostrilTex,UNKNOWN,UNKNOWN,no semantic evidence (offset-named or unkeyworded),in-engine draw capture + surface mapping; visual texture inspection
object_siofuki_Tex_000000,UNKNOWN,UNKNOWN,no semantic evidence (offset-named or unkeyworded),in-engine draw capture + surface mapping; visual texture inspection
gStalfosArmorBackTex,BONE,METAL,keyword collision (shared name evidence),in-engine draw capture + surface mapping; visual texture inspection
gStalfosEyeSocketTex,BONE,SKIN,keyword collision (shared name evidence),in-engine draw capture + surface mapping; visual texture inspection
gStalfosEyeTex,BONE,SKIN,keyword collision (shared name evidence),in-engine draw capture + surface mapping; visual texture inspection
gStalfosLimbArmorTex,BONE,METAL,keyword collision (shared name evidence),in-engine draw capture + surface mapping; visual texture inspection
gStalfosShieldTex,BONE,METAL,keyword collision (shared name evidence),in-engine draw capture + surface mapping; visual texture inspection
gStalfosSwordBladeTex,BONE,METAL,keyword collision (shared name evidence),in-engine draw capture + surface mapping; visual texture inspection
gStalchildEyeSocketTex,BONE,SKIN,keyword collision (shared name evidence),in-engine draw capture + surface mapping; visual texture inspection
gStalchildEyeTex,BONE,SKIN,keyword collision (shared name evidence),in-engine draw capture + surface mapping; visual texture inspection
gStalchildHandAndFeetTex,BONE,SKIN,keyword collision (shared name evidence),in-engine draw capture + surface mapping; visual texture inspection
gStalchildHeadTex,BONE,SKIN,keyword collision (shared name evidence),in-engine draw capture + surface mapping; visual texture inspection
gStalchildRibCageTex,BONE,METAL,keyword collision (shared name evidence),in-engine draw capture + surface mapping; visual texture inspection
gSkullKidSkullMaskNoseTex,BONE,SKIN,keyword collision (shared name evidence),in-engine draw capture + surface mapping; visual texture inspection
object_skjTex_005300,UNKNOWN,UNKNOWN,no semantic evidence (offset-named or unkeyworded),in-engine draw capture + surface mapping; visual texture inspection
object_skjTex_005500,UNKNOWN,UNKNOWN,no semantic evidence (offset-named or unkeyworded),in-engine draw capture + surface mapping; visual texture inspection
object_skjTex_005700,UNKNOWN,UNKNOWN,no semantic evidence (offset-named or unkeyworded),in-engine draw capture + surface mapping; visual texture inspection
object_skjTex_005900,UNKNOWN,UNKNOWN,no semantic evidence (offset-named or unkeyworded),in-engine draw capture + surface mapping; visual texture inspection
object_skjTex_005B00,UNKNOWN,UNKNOWN,no semantic evidence (offset-named or unkeyworded),in-engine draw capture + surface mapping; visual texture inspection
object_skjTex_005B80,UNKNOWN,UNKNOWN,no semantic evidence (offset-named or unkeyworded),in-engine draw capture + surface mapping; visual texture inspection
object_skjTex_005D80,UNKNOWN,UNKNOWN,no semantic evidence (offset-named or unkeyworded),in-engine draw capture + surface mapping; visual texture inspection
object_skjTex_005DA0,UNKNOWN,UNKNOWN,no semantic evidence (offset-named or unkeyworded),in-engine draw capture + surface mapping; visual texture inspection
gBarbedWireFenceTex,METAL,WOOD,keyword collision (shared name evidence),in-engine draw capture + surface mapping; visual texture inspection
gBrokenDrawbridgeBoltTex,METAL,WOOD,keyword collision (shared name evidence),in-engine draw capture + surface mapping; visual texture inspection
gBrokenDrawbridgeChainTex,METAL,WOOD,keyword collision (shared name evidence),in-engine draw capture + surface mapping; visual texture inspection
gBrokenDrawbridgeDirtTex,EARTH,WOOD,keyword collision (shared name evidence),in-engine draw capture + surface mapping; visual texture inspection
gHyruleFieldCastleDrawbridgeChainsTex,GRASS,METAL,keyword collision (shared name evidence),in-engine draw capture + surface mapping; visual texture inspection
gHyruleFieldCastleDrawbridgeWoodTex,GRASS,WOOD,keyword collision (shared name evidence),in-engine draw capture + surface mapping; visual texture inspection
gKakarikoPotionShopSignTex,CERAMIC,WOOD,keyword collision (shared name evidence),in-engine draw capture + surface mapping; visual texture inspection
gKakarikoShootingGalleryRoofEdgeTex,UNKNOWN,UNKNOWN,no semantic evidence (offset-named or unkeyworded),in-engine draw capture + surface mapping; visual texture inspection
gKakarikoShootingGalleryRoofTex,UNKNOWN,UNKNOWN,no semantic evidence (offset-named or unkeyworded),in-engine draw capture + surface mapping; visual texture inspection
gKakarikoConstructionSitRailingTex,UNKNOWN,UNKNOWN,no semantic evidence (offset-named or unkeyworded),in-engine draw capture + surface mapping; visual texture inspection
gKakarikoConstructionSiteBrickWithGrassTex,GRASS,STONE,keyword collision (shared name evidence),in-engine draw capture + surface mapping; visual texture inspection
gKakarikoWellWaterTex,WATER,STONE,keyword collision (shared name evidence),in-engine draw capture + surface mapping; visual texture inspection
gDekuTreeMouthTex_0000,SKIN,WOOD,keyword collision (shared name evidence),in-engine draw capture + surface mapping; visual texture inspection
gDekuTreeMouthTex_0400,SKIN,WOOD,keyword collision (shared name evidence),in-engine draw capture + surface mapping; visual texture inspection
gDekuTreeUnusedMouthTex_0EC0,SKIN,WOOD,keyword collision (shared name evidence),in-engine draw capture + surface mapping; visual texture inspection
gDekuTreeUnusedMouthTex_12C0,SKIN,WOOD,keyword collision (shared name evidence),in-engine draw capture + surface mapping; visual texture inspection
gLakeHyliaWaterTempleGateTex,WATER,SKIN,keyword collision (shared name evidence),in-engine draw capture + surface mapping; visual texture inspection
gLakeHyliaWaterTempleKeyTex,WATER,METAL,keyword collision (shared name evidence),in-engine draw capture + surface mapping; visual texture inspection
gLakeHyliaZoraShortcutIceblockTex,WATER,ICE,keyword collision (shared name evidence),in-engine draw capture + surface mapping; visual texture inspection
gZorasFountainBombableWallTex,WATER,METAL,keyword collision (shared name evidence),in-engine draw capture + surface mapping; visual texture inspection
gZorasFountainIceRampLowerSideTex,WATER,ICE,keyword collision (shared name evidence),in-engine draw capture + surface mapping; visual texture inspection
gZorasFountainIceRampMiddleSlopeTex,WATER,ICE,keyword collision (shared name evidence),in-engine draw capture + surface mapping; visual texture inspection
gZorasFountainIceRampSurfaceTex,WATER,ICE,keyword collision (shared name evidence),in-engine draw capture + surface mapping; visual texture inspection
gZorasFountainIceRampUpperSideTex,WATER,ICE,keyword collision (shared name evidence),in-engine draw capture + surface mapping; visual texture inspection
gZorasFountainIcebergSideTex,WATER,ICE,keyword collision (shared name evidence),in-engine draw capture + surface mapping; visual texture inspection
gZorasFountainIcebergTopTex,WATER,ICE,keyword collision (shared name evidence),in-engine draw capture + surface mapping; visual texture inspection
gZorasFountainIcebergUndersideTex,WATER,ICE,keyword collision (shared name evidence),in-engine draw capture + surface mapping; visual texture inspection
gDesertColossusBombableWallTex,SAND,METAL,keyword collision (shared name evidence),in-engine draw capture + surface mapping; visual texture inspection
gDesertColossusOasisWaterTex,WATER,SAND,keyword collision (shared name evidence),in-engine draw capture + surface mapping; visual texture inspection
gGerudoFortressGTGShutterTex,UNKNOWN,UNKNOWN,no semantic evidence (offset-named or unkeyworded),in-engine draw capture + surface mapping; visual texture inspection
gGerudoFortressWastelandGateTex,SAND,STONE,keyword collision (shared name evidence),in-engine draw capture + surface mapping; visual texture inspection
gCraterBombableWallCracksTex,LAVA,EARTH,keyword collision (shared name evidence),in-engine draw capture + surface mapping; visual texture inspection
gCraterRockTex,LAVA,STONE,keyword collision (shared name evidence),in-engine draw capture + surface mapping; visual texture inspection
gCraterSmokeConeTex,LAVA,SMOKE,keyword collision (shared name evidence),in-engine draw capture + surface mapping; visual texture inspection
gGoronCitySpearLeafTex,FOLIAGE,SKIN,keyword collision (shared name evidence),in-engine draw capture + surface mapping; visual texture inspection
gGoronCityStatuePattern1Tex,UNKNOWN,UNKNOWN,no semantic evidence (offset-named or unkeyworded),in-engine draw capture + surface mapping; visual texture inspection
gGoronCityStatuePattern2Tex,UNKNOWN,UNKNOWN,no semantic evidence (offset-named or unkeyworded),in-engine draw capture + surface mapping; visual texture inspection
gGoronCityStatueTex_7010,UNKNOWN,UNKNOWN,no semantic evidence (offset-named or unkeyworded),in-engine draw capture + surface mapping; visual texture inspection
gGoronCityVaseLidHandleTex,CERAMIC,SKIN,keyword collision (shared name evidence),in-engine draw capture + surface mapping; visual texture inspection
object_ssh_Tex_000520,UNKNOWN,UNKNOWN,no semantic evidence (offset-named or unkeyworded),in-engine draw capture + surface mapping; visual texture inspection
object_ssh_Tex_000560,UNKNOWN,UNKNOWN,no semantic evidence (offset-named or unkeyworded),in-engine draw capture + surface mapping; visual texture inspection
object_ssh_Tex_0005E0,UNKNOWN,UNKNOWN,no semantic evidence (offset-named or unkeyworded),in-engine draw capture + surface mapping; visual texture inspection
object_ssh_Tex_000620,UNKNOWN,UNKNOWN,no semantic evidence (offset-named or unkeyworded),in-engine draw capture + surface mapping; visual texture inspection
object_ssh_Tex_000720,UNKNOWN,UNKNOWN,no semantic evidence (offset-named or unkeyworded),in-engine draw capture + surface mapping; visual texture inspection
object_ssh_Tex_0007A0,UNKNOWN,UNKNOWN,no semantic evidence (offset-named or unkeyworded),in-engine draw capture + surface mapping; visual texture inspection
object_ssh_Tex_0007E0,UNKNOWN,UNKNOWN,no semantic evidence (offset-named or unkeyworded),in-engine draw capture + surface mapping; visual texture inspection
object_ssh_Tex_000BE0,UNKNOWN,UNKNOWN,no semantic evidence (offset-named or unkeyworded),in-engine draw capture + surface mapping; visual texture inspection
object_ssh_Tex_000C60,UNKNOWN,UNKNOWN,no semantic evidence (offset-named or unkeyworded),in-engine draw capture + surface mapping; visual texture inspection
object_ssh_Tex_001060,UNKNOWN,UNKNOWN,no semantic evidence (offset-named or unkeyworded),in-engine draw capture + surface mapping; visual texture inspection
gBongoTitleCardTex,UNKNOWN,UNKNOWN,no semantic evidence (offset-named or unkeyworded),in-engine draw capture + surface mapping; visual texture inspection
gBongoUnused1Tex,UNKNOWN,UNKNOWN,no semantic evidence (offset-named or unkeyworded),in-engine draw capture + surface mapping; visual texture inspection
gBongoUnused2Tex,UNKNOWN,UNKNOWN,no semantic evidence (offset-named or unkeyworded),in-engine draw capture + surface mapping; visual texture inspection
object_sstTex_017FE0,UNKNOWN,UNKNOWN,no semantic evidence (offset-named or unkeyworded),in-engine draw capture + surface mapping; visual texture inspection
object_sstTex_019530,UNKNOWN,UNKNOWN,no semantic evidence (offset-named or unkeyworded),in-engine draw capture + surface mapping; visual texture inspection
object_sstTex_019570,UNKNOWN,UNKNOWN,no semantic evidence (offset-named or unkeyworded),in-engine draw capture + surface mapping; visual texture inspection
object_sstTex_019670,UNKNOWN,UNKNOWN,no semantic evidence (offset-named or unkeyworded),in-engine draw capture + surface mapping; visual texture inspection
object_sstTex_019770,UNKNOWN,UNKNOWN,no semantic evidence (offset-named or unkeyworded),in-engine draw capture + surface mapping; visual texture inspection
object_sstTex_0197B0,UNKNOWN,UNKNOWN,no semantic evidence (offset-named or unkeyworded),in-engine draw capture + surface mapping; visual texture inspection
object_sstTex_0199B0,UNKNOWN,UNKNOWN,no semantic evidence (offset-named or unkeyworded),in-engine draw capture + surface mapping; visual texture inspection
object_sstTex_019AB0,UNKNOWN,UNKNOWN,no semantic evidence (offset-named or unkeyworded),in-engine draw capture + surface mapping; visual texture inspection
object_sstTex_019BB0,UNKNOWN,UNKNOWN,no semantic evidence (offset-named or unkeyworded),in-engine draw capture + surface mapping; visual texture inspection
object_sstTex_019FB0,UNKNOWN,UNKNOWN,no semantic evidence (offset-named or unkeyworded),in-engine draw capture + surface mapping; visual texture inspection
object_sstTex_01A0B0,UNKNOWN,UNKNOWN,no semantic evidence (offset-named or unkeyworded),in-engine draw capture + surface mapping; visual texture inspection
object_sstTex_01A1B0,UNKNOWN,UNKNOWN,no semantic evidence (offset-named or unkeyworded),in-engine draw capture + surface mapping; visual texture inspection
object_sstTex_01A3B0,UNKNOWN,UNKNOWN,no semantic evidence (offset-named or unkeyworded),in-engine draw capture + surface mapping; visual texture inspection
object_sstTex_01A5B0,UNKNOWN,UNKNOWN,no semantic evidence (offset-named or unkeyworded),in-engine draw capture + surface mapping; visual texture inspection
object_sstTex_01A730,UNKNOWN,UNKNOWN,no semantic evidence (offset-named or unkeyworded),in-engine draw capture + surface mapping; visual texture inspection
object_sstTex_01A7B0,UNKNOWN,UNKNOWN,no semantic evidence (offset-named or unkeyworded),in-engine draw capture + surface mapping; visual texture inspection
object_st_Tex_000320,UNKNOWN,UNKNOWN,no semantic evidence (offset-named or unkeyworded),in-engine draw capture + surface mapping; visual texture inspection
object_st_Tex_000360,UNKNOWN,UNKNOWN,no semantic evidence (offset-named or unkeyworded),in-engine draw capture + surface mapping; visual texture inspection
object_st_Tex_000460,UNKNOWN,UNKNOWN,no semantic evidence (offset-named or unkeyworded),in-engine draw capture + surface mapping; visual texture inspection
object_st_Tex_0004E0,UNKNOWN,UNKNOWN,no semantic evidence (offset-named or unkeyworded),in-engine draw capture + surface mapping; visual texture inspection
object_st_Tex_000560,UNKNOWN,UNKNOWN,no semantic evidence (offset-named or unkeyworded),in-engine draw capture + surface mapping; visual texture inspection
object_st_Tex_000760,UNKNOWN,UNKNOWN,no semantic evidence (offset-named or unkeyworded),in-engine draw capture + surface mapping; visual texture inspection
object_st_Tex_0007E0,UNKNOWN,UNKNOWN,no semantic evidence (offset-named or unkeyworded),in-engine draw capture + surface mapping; visual texture inspection
object_st_Tex_002490,UNKNOWN,UNKNOWN,no semantic evidence (offset-named or unkeyworded),in-engine draw capture + surface mapping; visual texture inspection
object_st_Tex_0024D0,UNKNOWN,UNKNOWN,no semantic evidence (offset-named or unkeyworded),in-engine draw capture + surface mapping; visual texture inspection
object_st_Tex_0025D0,UNKNOWN,UNKNOWN,no semantic evidence (offset-named or unkeyworded),in-engine draw capture + surface mapping; visual texture inspection
object_st_Tex_002650,UNKNOWN,UNKNOWN,no semantic evidence (offset-named or unkeyworded),in-engine draw capture + surface mapping; visual texture inspection
gTimedTorchTex,UNKNOWN,UNKNOWN,no semantic evidence (offset-named or unkeyworded),in-engine draw capture + surface mapping; visual texture inspection
gTalonBluePatternTex,UNKNOWN,UNKNOWN,no semantic evidence (offset-named or unkeyworded),in-engine draw capture + surface mapping; visual texture inspection
gTalonBlueTex,UNKNOWN,UNKNOWN,no semantic evidence (offset-named or unkeyworded),in-engine draw capture + surface mapping; visual texture inspection
gTalonBrownBlueOutlineTex,UNKNOWN,UNKNOWN,no semantic evidence (offset-named or unkeyworded),in-engine draw capture + surface mapping; visual texture inspection
gTalonGradient2Tex,UNKNOWN,UNKNOWN,no semantic evidence (offset-named or unkeyworded),in-engine draw capture + surface mapping; visual texture inspection
gTalonRedTex,UNKNOWN,UNKNOWN,no semantic evidence (offset-named or unkeyworded),in-engine draw capture + surface mapping; visual texture inspection
gTalonSleeveTex,UNKNOWN,UNKNOWN,no semantic evidence (offset-named or unkeyworded),in-engine draw capture + surface mapping; visual texture inspection
gSongOfTimeBlockTex,METAL,STONE,keyword collision (shared name evidence),in-engine draw capture + surface mapping; visual texture inspection
object_tite_Tex_001300,UNKNOWN,UNKNOWN,no semantic evidence (offset-named or unkeyworded),in-engine draw capture + surface mapping; visual texture inspection
object_tite_Tex_001700,UNKNOWN,UNKNOWN,no semantic evidence (offset-named or unkeyworded),in-engine draw capture + surface mapping; visual texture inspection
object_tite_Tex_001900,UNKNOWN,UNKNOWN,no semantic evidence (offset-named or unkeyworded),in-engine draw capture + surface mapping; visual texture inspection
object_tite_Tex_001A00,UNKNOWN,UNKNOWN,no semantic evidence (offset-named or unkeyworded),in-engine draw capture + surface mapping; visual texture inspection
object_tite_Tex_001A80,UNKNOWN,UNKNOWN,no semantic evidence (offset-named or unkeyworded),in-engine draw capture + surface mapping; visual texture inspection
object_tite_Tex_001B00,UNKNOWN,UNKNOWN,no semantic evidence (offset-named or unkeyworded),in-engine draw capture + surface mapping; visual texture inspection
object_tite_Tex_001F00,UNKNOWN,UNKNOWN,no semantic evidence (offset-named or unkeyworded),in-engine draw capture + surface mapping; visual texture inspection
object_tite_Tex_002100,UNKNOWN,UNKNOWN,no semantic evidence (offset-named or unkeyworded),in-engine draw capture + surface mapping; visual texture inspection
gDampeUnkTex,UNKNOWN,UNKNOWN,no semantic evidence (offset-named or unkeyworded),in-engine draw capture + surface mapping; visual texture inspection
object_tkTex_003980,UNKNOWN,UNKNOWN,no semantic evidence (offset-named or unkeyworded),in-engine draw capture + surface mapping; visual texture inspection
object_tkTex_0039C0,UNKNOWN,UNKNOWN,no semantic evidence (offset-named or unkeyworded),in-engine draw capture + surface mapping; visual texture inspection
object_tkTex_003A00,UNKNOWN,UNKNOWN,no semantic evidence (offset-named or unkeyworded),in-engine draw capture + surface mapping; visual texture inspection
object_tkTex_003A40,UNKNOWN,UNKNOWN,no semantic evidence (offset-named or unkeyworded),in-engine draw capture + surface mapping; visual texture inspection
object_tkTex_005340,UNKNOWN,UNKNOWN,no semantic evidence (offset-named or unkeyworded),in-engine draw capture + surface mapping; visual texture inspection
object_tkTex_005440,UNKNOWN,UNKNOWN,no semantic evidence (offset-named or unkeyworded),in-engine draw capture + surface mapping; visual texture inspection
object_tkTex_0056C0,UNKNOWN,UNKNOWN,no semantic evidence (offset-named or unkeyworded),in-engine draw capture + surface mapping; visual texture inspection
object_tkTex_009B00,UNKNOWN,UNKNOWN,no semantic evidence (offset-named or unkeyworded),in-engine draw capture + surface mapping; visual texture inspection
object_tkTex_009C00,UNKNOWN,UNKNOWN,no semantic evidence (offset-named or unkeyworded),in-engine draw capture + surface mapping; visual texture inspection
object_tkTex_009C80,UNKNOWN,UNKNOWN,no semantic evidence (offset-named or unkeyworded),in-engine draw capture + surface mapping; visual texture inspection
object_tkTex_009CC0,UNKNOWN,UNKNOWN,no semantic evidence (offset-named or unkeyworded),in-engine draw capture + surface mapping; visual texture inspection
object_tkTex_009D40,UNKNOWN,UNKNOWN,no semantic evidence (offset-named or unkeyworded),in-engine draw capture + surface mapping; visual texture inspection
object_tkTex_00B088,UNKNOWN,UNKNOWN,no semantic evidence (offset-named or unkeyworded),in-engine draw capture + surface mapping; visual texture inspection
object_tkTex_00B288,UNKNOWN,UNKNOWN,no semantic evidence (offset-named or unkeyworded),in-engine draw capture + surface mapping; visual texture inspection
object_tkTex_00B488,UNKNOWN,UNKNOWN,no semantic evidence (offset-named or unkeyworded),in-engine draw capture + surface mapping; visual texture inspection
object_toki_objects_Tex_000000,UNKNOWN,UNKNOWN,no semantic evidence (offset-named or unkeyworded),in-engine draw capture + surface mapping; visual texture inspection
object_toki_objects_Tex_000A30,UNKNOWN,UNKNOWN,no semantic evidence (offset-named or unkeyworded),in-engine draw capture + surface mapping; visual texture inspection
object_toki_objects_Tex_000C30,UNKNOWN,UNKNOWN,no semantic evidence (offset-named or unkeyworded),in-engine draw capture + surface mapping; visual texture inspection
object_toki_objects_Tex_002DC0,UNKNOWN,UNKNOWN,no semantic evidence (offset-named or unkeyworded),in-engine draw capture + surface mapping; visual texture inspection
object_toki_objects_Tex_0035C0,UNKNOWN,UNKNOWN,no semantic evidence (offset-named or unkeyworded),in-engine draw capture + surface mapping; visual texture inspection
object_toki_objects_Tex_003DC0,UNKNOWN,UNKNOWN,no semantic evidence (offset-named or unkeyworded),in-engine draw capture + surface mapping; visual texture inspection
object_toki_objects_Tex_0045C0,UNKNOWN,UNKNOWN,no semantic evidence (offset-named or unkeyworded),in-engine draw capture + surface mapping; visual texture inspection
object_toki_objects_Tex_0055C0,UNKNOWN,UNKNOWN,no semantic evidence (offset-named or unkeyworded),in-engine draw capture + surface mapping; visual texture inspection
object_toki_objects_Tex_006FC0,UNKNOWN,UNKNOWN,no semantic evidence (offset-named or unkeyworded),in-engine draw capture + surface mapping; visual texture inspection
object_torch2Tex_0041C0,UNKNOWN,UNKNOWN,no semantic evidence (offset-named or unkeyworded),in-engine draw capture + surface mapping; visual texture inspection
object_torch2Tex_0043C0,UNKNOWN,UNKNOWN,no semantic evidence (offset-named or unkeyworded),in-engine draw capture + surface mapping; visual texture inspection
object_toryo_Tex_001060,UNKNOWN,UNKNOWN,no semantic evidence (offset-named or unkeyworded),in-engine draw capture + surface mapping; visual texture inspection
object_toryo_Tex_001160,UNKNOWN,UNKNOWN,no semantic evidence (offset-named or unkeyworded),in-engine draw capture + surface mapping; visual texture inspection
object_toryo_Tex_001180,UNKNOWN,UNKNOWN,no semantic evidence (offset-named or unkeyworded),in-engine draw capture + surface mapping; visual texture inspection
object_toryo_Tex_0011C0,UNKNOWN,UNKNOWN,no semantic evidence (offset-named or unkeyworded),in-engine draw capture + surface mapping; visual texture inspection
object_toryo_Tex_001200,UNKNOWN,UNKNOWN,no semantic evidence (offset-named or unkeyworded),in-engine draw capture + surface mapping; visual texture inspection
object_toryo_Tex_001240,UNKNOWN,UNKNOWN,no semantic evidence (offset-named or unkeyworded),in-engine draw capture + surface mapping; visual texture inspection
object_toryo_Tex_0012C0,UNKNOWN,UNKNOWN,no semantic evidence (offset-named or unkeyworded),in-engine draw capture + surface mapping; visual texture inspection
object_toryo_Tex_0016C0,UNKNOWN,UNKNOWN,no semantic evidence (offset-named or unkeyworded),in-engine draw capture + surface mapping; visual texture inspection
object_toryo_Tex_0017C0,UNKNOWN,UNKNOWN,no semantic evidence (offset-named or unkeyworded),in-engine draw capture + surface mapping; visual texture inspection
object_toryo_Tex_0018C0,UNKNOWN,UNKNOWN,no semantic evidence (offset-named or unkeyworded),in-engine draw capture + surface mapping; visual texture inspection
object_toryo_Tex_0019C0,UNKNOWN,UNKNOWN,no semantic evidence (offset-named or unkeyworded),in-engine draw capture + surface mapping; visual texture inspection
object_toryo_Tex_001A00,UNKNOWN,UNKNOWN,no semantic evidence (offset-named or unkeyworded),in-engine draw capture + surface mapping; visual texture inspection
object_toryo_Tex_001A80,UNKNOWN,UNKNOWN,no semantic evidence (offset-named or unkeyworded),in-engine draw capture + surface mapping; visual texture inspection
object_toryo_Tex_001B80,UNKNOWN,UNKNOWN,no semantic evidence (offset-named or unkeyworded),in-engine draw capture + surface mapping; visual texture inspection
gTailpasaranTailSegmentTex,UNKNOWN,UNKNOWN,no semantic evidence (offset-named or unkeyworded),in-engine draw capture + surface mapping; visual texture inspection
gKotakeJewelTex,UNKNOWN,UNKNOWN,no semantic evidence (offset-named or unkeyworded),in-engine draw capture + surface mapping; visual texture inspection
gKotakeKoumeBraidEndTex,UNKNOWN,UNKNOWN,no semantic evidence (offset-named or unkeyworded),in-engine draw capture + surface mapping; visual texture inspection
gKotakeKoumeJewelHolderTex,UNKNOWN,UNKNOWN,no semantic evidence (offset-named or unkeyworded),in-engine draw capture + surface mapping; visual texture inspection
gKotakeKoumeNostrilsTex,UNKNOWN,UNKNOWN,no semantic evidence (offset-named or unkeyworded),in-engine draw capture + surface mapping; visual texture inspection
gKoumeJewelTex,UNKNOWN,UNKNOWN,no semantic evidence (offset-named or unkeyworded),in-engine draw capture + surface mapping; visual texture inspection
object_ts_Tex_0006B0,UNKNOWN,UNKNOWN,no semantic evidence (offset-named or unkeyworded),in-engine draw capture + surface mapping; visual texture inspection
object_ts_Tex_0006F0,UNKNOWN,UNKNOWN,no semantic evidence (offset-named or unkeyworded),in-engine draw capture + surface mapping; visual texture inspection
object_ts_Tex_0007F0,UNKNOWN,UNKNOWN,no semantic evidence (offset-named or unkeyworded),in-engine draw capture + surface mapping; visual texture inspection
object_ts_Tex_000830,UNKNOWN,UNKNOWN,no semantic evidence (offset-named or unkeyworded),in-engine draw capture + surface mapping; visual texture inspection
object_ts_Tex_000930,UNKNOWN,UNKNOWN,no semantic evidence (offset-named or unkeyworded),in-engine draw capture + surface mapping; visual texture inspection
object_ts_Tex_000970,UNKNOWN,UNKNOWN,no semantic evidence (offset-named or unkeyworded),in-engine draw capture + surface mapping; visual texture inspection
object_ts_Tex_000D70,UNKNOWN,UNKNOWN,no semantic evidence (offset-named or unkeyworded),in-engine draw capture + surface mapping; visual texture inspection
object_ts_Tex_001170,UNKNOWN,UNKNOWN,no semantic evidence (offset-named or unkeyworded),in-engine draw capture + surface mapping; visual texture inspection
object_ts_Tex_001270,UNKNOWN,UNKNOWN,no semantic evidence (offset-named or unkeyworded),in-engine draw capture + surface mapping; visual texture inspection
object_tsubo_Tex_000000,UNKNOWN,UNKNOWN,no semantic evidence (offset-named or unkeyworded),in-engine draw capture + surface mapping; visual texture inspection
object_tsubo_Tex_001000,UNKNOWN,UNKNOWN,no semantic evidence (offset-named or unkeyworded),in-engine draw capture + surface mapping; visual texture inspection
object_tsubo_Tex_001200,UNKNOWN,UNKNOWN,no semantic evidence (offset-named or unkeyworded),in-engine draw capture + surface mapping; visual texture inspection
gTwinrovaBraidEndTex,UNKNOWN,UNKNOWN,no semantic evidence (offset-named or unkeyworded),in-engine draw capture + surface mapping; visual texture inspection
gTwinrovaBreastTex,UNKNOWN,UNKNOWN,no semantic evidence (offset-named or unkeyworded),in-engine draw capture + surface mapping; visual texture inspection
gTwinrovaCircleTex,UNKNOWN,UNKNOWN,no semantic evidence (offset-named or unkeyworded),in-engine draw capture + surface mapping; visual texture inspection
gTwinrovaCloudMaskTex,UNKNOWN,UNKNOWN,no semantic evidence (offset-named or unkeyworded),in-engine draw capture + surface mapping; visual texture inspection
gTwinrovaEffectMaskTex,UNKNOWN,UNKNOWN,no semantic evidence (offset-named or unkeyworded),in-engine draw capture + surface mapping; visual texture inspection
gTwinrovaEffectTex,UNKNOWN,UNKNOWN,no semantic evidence (offset-named or unkeyworded),in-engine draw capture + surface mapping; visual texture inspection
gTwinrovaEmblemTex,UNKNOWN,UNKNOWN,no semantic evidence (offset-named or unkeyworded),in-engine draw capture + surface mapping; visual texture inspection
gTwinrovaFirePoolAndShieldChargeCenterTex,WATER,LAVA,keyword collision (shared name evidence),in-engine draw capture + surface mapping; visual texture inspection
gTwinrovaFireSmokeTex,LAVA,SMOKE,keyword collision (shared name evidence),in-engine draw capture + surface mapping; visual texture inspection
gTwinrovaGrimaceTex,UNKNOWN,UNKNOWN,no semantic evidence (offset-named or unkeyworded),in-engine draw capture + surface mapping; visual texture inspection
gTwinrovaIcePoolShineMaskTex,WATER,ICE,keyword collision (shared name evidence),in-engine draw capture + surface mapping; visual texture inspection
gTwinrovaIcePoolShineTex,WATER,ICE,keyword collision (shared name evidence),in-engine draw capture + surface mapping; visual texture inspection
gTwinrovaIcePoolTex,WATER,ICE,keyword collision (shared name evidence),in-engine draw capture + surface mapping; visual texture inspection
gTwinrovaKotakeJewelTex,UNKNOWN,UNKNOWN,no semantic evidence (offset-named or unkeyworded),in-engine draw capture + surface mapping; visual texture inspection
gTwinrovaKotakeKoumeJewelHolderTex,UNKNOWN,UNKNOWN,no semantic evidence (offset-named or unkeyworded),in-engine draw capture + surface mapping; visual texture inspection
gTwinrovaKotakeKoumeNostrilsTex,UNKNOWN,UNKNOWN,no semantic evidence (offset-named or unkeyworded),in-engine draw capture + surface mapping; visual texture inspection
gTwinrovaKotakeMagicSigilMaskTex,UNKNOWN,UNKNOWN,no semantic evidence (offset-named or unkeyworded),in-engine draw capture + surface mapping; visual texture inspection
gTwinrovaKotakeMagicSigilTex,UNKNOWN,UNKNOWN,no semantic evidence (offset-named or unkeyworded),in-engine draw capture + surface mapping; visual texture inspection
gTwinrovaKoumeJewelTex,UNKNOWN,UNKNOWN,no semantic evidence (offset-named or unkeyworded),in-engine draw capture + surface mapping; visual texture inspection
gTwinrovaKoumeMagicSigilMaskTex,UNKNOWN,UNKNOWN,no semantic evidence (offset-named or unkeyworded),in-engine draw capture + surface mapping; visual texture inspection
gTwinrovaKoumeMagicSigilTex,UNKNOWN,UNKNOWN,no semantic evidence (offset-named or unkeyworded),in-engine draw capture + surface mapping; visual texture inspection
gTwinrovaMagicParticleTex,UNKNOWN,UNKNOWN,no semantic evidence (offset-named or unkeyworded),in-engine draw capture + surface mapping; visual texture inspection
gTwinrovaSmileTex,UNKNOWN,UNKNOWN,no semantic evidence (offset-named or unkeyworded),in-engine draw capture + surface mapping; visual texture inspection
gTwinrovaTitleCardTex,UNKNOWN,UNKNOWN,no semantic evidence (offset-named or unkeyworded),in-engine draw capture + surface mapping; visual texture inspection
gJumpableHorseFenceBrickTex,WOOD,STONE,keyword collision (shared name evidence),in-engine draw capture + surface mapping; visual texture inspection
gJumpableHorseFenceMetalBarTex,METAL,WOOD,keyword collision (shared name evidence),in-engine draw capture + surface mapping; visual texture inspection
gBariOuterHoodForearmTex,SKIN,METAL,keyword collision (shared name evidence),in-engine draw capture + surface mapping; visual texture inspection
gUnusedVaseBodyTex,CERAMIC,SKIN,keyword collision (shared name evidence),in-engine draw capture + surface mapping; visual texture inspection
gBeamosBodyGradientTex,SKIN,WOOD,keyword collision (shared name evidence),in-engine draw capture + surface mapping; visual texture inspection
gBeamosBodyTex,SKIN,WOOD,keyword collision (shared name evidence),in-engine draw capture + surface mapping; visual texture inspection
gBeamosBoltAndMetalTex,METAL,WOOD,keyword collision (shared name evidence),in-engine draw capture + surface mapping; visual texture inspection
gBeamosEyeOutlineTex,SKIN,WOOD,keyword collision (shared name evidence),in-engine draw capture + surface mapping; visual texture inspection
gBeamosEyeTex,SKIN,WOOD,keyword collision (shared name evidence),in-engine draw capture + surface mapping; visual texture inspection
gBeamosGrayMetalTex,METAL,WOOD,keyword collision (shared name evidence),in-engine draw capture + surface mapping; visual texture inspection
gBeamosTeethTex,BONE,WOOD,keyword collision (shared name evidence),in-engine draw capture + surface mapping; visual texture inspection
gWallmasterExposedBoneTex,BONE,STONE,keyword collision (shared name evidence),in-engine draw capture + surface mapping; visual texture inspection
gWallmasterFingerTipTex,SKIN,STONE,keyword collision (shared name evidence),in-engine draw capture + surface mapping; visual texture inspection
gWallmasterUnderSkinTex,SKIN,STONE,keyword collision (shared name evidence),in-engine draw capture + surface mapping; visual texture inspection
gWallmasterUpperSkinTex,SKIN,STONE,keyword collision (shared name evidence),in-engine draw capture + surface mapping; visual texture inspection
gWarpCrystalTex,GLASS,BONE,keyword collision (shared name evidence),in-engine draw capture + surface mapping; visual texture inspection
gWarpPortalTex,UNKNOWN,UNKNOWN,no semantic evidence (offset-named or unkeyworded),in-engine draw capture + surface mapping; visual texture inspection
gWolfosNormalEyeNarrowTex,SKIN,METAL,keyword collision (shared name evidence),in-engine draw capture + surface mapping; visual texture inspection
gWolfosNormalFurTex,UNKNOWN,UNKNOWN,no semantic evidence (offset-named or unkeyworded),in-engine draw capture + surface mapping; visual texture inspection
gWolfosNormalNostrilTex,UNKNOWN,UNKNOWN,no semantic evidence (offset-named or unkeyworded),in-engine draw capture + surface mapping; visual texture inspection
gWolfosWhiteEyeNarrowTex,SKIN,METAL,keyword collision (shared name evidence),in-engine draw capture + surface mapping; visual texture inspection
gWolfosWhiteFurTex,UNKNOWN,UNKNOWN,no semantic evidence (offset-named or unkeyworded),in-engine draw capture + surface mapping; visual texture inspection
gWolfosWhiteNostrilTex,UNKNOWN,UNKNOWN,no semantic evidence (offset-named or unkeyworded),in-engine draw capture + surface mapping; visual texture inspection
gSheikEyeHalfClosedTex,SKIN,METAL,keyword collision (shared name evidence),in-engine draw capture + surface mapping; visual texture inspection
gSheikEyeOpenTex,SKIN,METAL,keyword collision (shared name evidence),in-engine draw capture + surface mapping; visual texture inspection
gSheikEyeShutTex,SKIN,METAL,keyword collision (shared name evidence),in-engine draw capture + surface mapping; visual texture inspection
gSheikEyeSquintingTex,SKIN,METAL,keyword collision (shared name evidence),in-engine draw capture + surface mapping; visual texture inspection
object_xcTex_004C40,UNKNOWN,UNKNOWN,no semantic evidence (offset-named or unkeyworded),in-engine draw capture + surface mapping; visual texture inspection
object_xcTex_004C80,UNKNOWN,UNKNOWN,no semantic evidence (offset-named or unkeyworded),in-engine draw capture + surface mapping; visual texture inspection
object_xcTex_005CC0,UNKNOWN,UNKNOWN,no semantic evidence (offset-named or unkeyworded),in-engine draw capture + surface mapping; visual texture inspection
object_xcTex_0060C0,UNKNOWN,UNKNOWN,no semantic evidence (offset-named or unkeyworded),in-engine draw capture + surface mapping; visual texture inspection
object_xcTex_0064C0,UNKNOWN,UNKNOWN,no semantic evidence (offset-named or unkeyworded),in-engine draw capture + surface mapping; visual texture inspection
object_xcTex_006CC0,UNKNOWN,UNKNOWN,no semantic evidence (offset-named or unkeyworded),in-engine draw capture + surface mapping; visual texture inspection
object_xcTex_006D40,UNKNOWN,UNKNOWN,no semantic evidence (offset-named or unkeyworded),in-engine draw capture + surface mapping; visual texture inspection
object_xcTex_006D80,UNKNOWN,UNKNOWN,no semantic evidence (offset-named or unkeyworded),in-engine draw capture + surface mapping; visual texture inspection
object_xcTex_006E80,UNKNOWN,UNKNOWN,no semantic evidence (offset-named or unkeyworded),in-engine draw capture + surface mapping; visual texture inspection
object_xcTex_007280,UNKNOWN,UNKNOWN,no semantic evidence (offset-named or unkeyworded),in-engine draw capture + surface mapping; visual texture inspection
object_xcTex_007380,UNKNOWN,UNKNOWN,no semantic evidence (offset-named or unkeyworded),in-engine draw capture + surface mapping; visual texture inspection
object_xcTex_007B80,UNKNOWN,UNKNOWN,no semantic evidence (offset-named or unkeyworded),in-engine draw capture + surface mapping; visual texture inspection
object_xcTex_008380,UNKNOWN,UNKNOWN,no semantic evidence (offset-named or unkeyworded),in-engine draw capture + surface mapping; visual texture inspection
object_xcTex_008B80,UNKNOWN,UNKNOWN,no semantic evidence (offset-named or unkeyworded),in-engine draw capture + surface mapping; visual texture inspection
object_xcTex_008C00,UNKNOWN,UNKNOWN,no semantic evidence (offset-named or unkeyworded),in-engine draw capture + surface mapping; visual texture inspection
object_xcTex_00F790,UNKNOWN,UNKNOWN,no semantic evidence (offset-named or unkeyworded),in-engine draw capture + surface mapping; visual texture inspection
object_xcTex_00F7D0,UNKNOWN,UNKNOWN,no semantic evidence (offset-named or unkeyworded),in-engine draw capture + surface mapping; visual texture inspection
object_xcTex_00FBD0,UNKNOWN,UNKNOWN,no semantic evidence (offset-named or unkeyworded),in-engine draw capture + surface mapping; visual texture inspection
object_xcTex_00FCD0,UNKNOWN,UNKNOWN,no semantic evidence (offset-named or unkeyworded),in-engine draw capture + surface mapping; visual texture inspection
object_xcTex_00FD10,UNKNOWN,UNKNOWN,no semantic evidence (offset-named or unkeyworded),in-engine draw capture + surface mapping; visual texture inspection
object_xcTex_00FD90,UNKNOWN,UNKNOWN,no semantic evidence (offset-named or unkeyworded),in-engine draw capture + surface mapping; visual texture inspection
object_xcTex_00FDD0,UNKNOWN,UNKNOWN,no semantic evidence (offset-named or unkeyworded),in-engine draw capture + surface mapping; visual texture inspection
object_xcTex_0101D0,UNKNOWN,UNKNOWN,no semantic evidence (offset-named or unkeyworded),in-engine draw capture + surface mapping; visual texture inspection
object_xcTex_011930,UNKNOWN,UNKNOWN,no semantic evidence (offset-named or unkeyworded),in-engine draw capture + surface mapping; visual texture inspection
object_yabusame_point_Tex_000000,UNKNOWN,UNKNOWN,no semantic evidence (offset-named or unkeyworded),in-engine draw capture + surface mapping; visual texture inspection
object_yabusame_point_Tex_000480,UNKNOWN,UNKNOWN,no semantic evidence (offset-named or unkeyworded),in-engine draw capture + surface mapping; visual texture inspection
object_yabusame_point_Tex_000900,UNKNOWN,UNKNOWN,no semantic evidence (offset-named or unkeyworded),in-engine draw capture + surface mapping; visual texture inspection
gYdanHasi3BlocksSideTex,METAL,STONE,keyword collision (shared name evidence),in-engine draw capture + surface mapping; visual texture inspection
gYdanHasi3BlocksTopTex,METAL,STONE,keyword collision (shared name evidence),in-engine draw capture + surface mapping; visual texture inspection
gYdanHasiFloatingBlockBottomTex,METAL,STONE,keyword collision (shared name evidence),in-engine draw capture + surface mapping; visual texture inspection
gYdanHasiFloatingBlockSideTex,METAL,STONE,keyword collision (shared name evidence),in-engine draw capture + surface mapping; visual texture inspection
gYdanMarutaUnused1Tex,UNKNOWN,UNKNOWN,no semantic evidence (offset-named or unkeyworded),in-engine draw capture + surface mapping; visual texture inspection
gYdanMarutaUnused2Tex,UNKNOWN,UNKNOWN,no semantic evidence (offset-named or unkeyworded),in-engine draw capture + surface mapping; visual texture inspection
gYdanUnused1Tex,UNKNOWN,UNKNOWN,no semantic evidence (offset-named or unkeyworded),in-engine draw capture + surface mapping; visual texture inspection
gYdanWebTex,UNKNOWN,UNKNOWN,no semantic evidence (offset-named or unkeyworded),in-engine draw capture + surface mapping; visual texture inspection
gZfDinolfosSpineTex,UNKNOWN,UNKNOWN,no semantic evidence (offset-named or unkeyworded),in-engine draw capture + surface mapping; visual texture inspection
object_zf_Tex_000200,UNKNOWN,UNKNOWN,no semantic evidence (offset-named or unkeyworded),in-engine draw capture + surface mapping; visual texture inspection
object_zf_Tex_000240,UNKNOWN,UNKNOWN,no semantic evidence (offset-named or unkeyworded),in-engine draw capture + surface mapping; visual texture inspection
object_zf_Tex_0003C0,UNKNOWN,UNKNOWN,no semantic evidence (offset-named or unkeyworded),in-engine draw capture + surface mapping; visual texture inspection
object_zf_Tex_000440,UNKNOWN,UNKNOWN,no semantic evidence (offset-named or unkeyworded),in-engine draw capture + surface mapping; visual texture inspection
object_zf_Tex_000540,UNKNOWN,UNKNOWN,no semantic evidence (offset-named or unkeyworded),in-engine draw capture + surface mapping; visual texture inspection
object_zf_Tex_000580,UNKNOWN,UNKNOWN,no semantic evidence (offset-named or unkeyworded),in-engine draw capture + surface mapping; visual texture inspection
object_zf_Tex_000600,UNKNOWN,UNKNOWN,no semantic evidence (offset-named or unkeyworded),in-engine draw capture + surface mapping; visual texture inspection
object_zf_Tex_00B120,UNKNOWN,UNKNOWN,no semantic evidence (offset-named or unkeyworded),in-engine draw capture + surface mapping; visual texture inspection
object_zf_Tex_00B920,UNKNOWN,UNKNOWN,no semantic evidence (offset-named or unkeyworded),in-engine draw capture + surface mapping; visual texture inspection
object_zf_Tex_00B9A0,UNKNOWN,UNKNOWN,no semantic evidence (offset-named or unkeyworded),in-engine draw capture + surface mapping; visual texture inspection
object_zf_Tex_00BA20,UNKNOWN,UNKNOWN,no semantic evidence (offset-named or unkeyworded),in-engine draw capture + surface mapping; visual texture inspection
object_zf_Tex_00BAA0,UNKNOWN,UNKNOWN,no semantic evidence (offset-named or unkeyworded),in-engine draw capture + surface mapping; visual texture inspection
object_zf_Tex_00BB20,UNKNOWN,UNKNOWN,no semantic evidence (offset-named or unkeyworded),in-engine draw capture + surface mapping; visual texture inspection
object_zf_Tex_00BBA0,UNKNOWN,UNKNOWN,no semantic evidence (offset-named or unkeyworded),in-engine draw capture + surface mapping; visual texture inspection
object_zf_Tex_00BDA0,UNKNOWN,UNKNOWN,no semantic evidence (offset-named or unkeyworded),in-engine draw capture + surface mapping; visual texture inspection
object_zf_Tex_00BE20,UNKNOWN,UNKNOWN,no semantic evidence (offset-named or unkeyworded),in-engine draw capture + surface mapping; visual texture inspection
object_zf_Tex_00C020,UNKNOWN,UNKNOWN,no semantic evidence (offset-named or unkeyworded),in-engine draw capture + surface mapping; visual texture inspection
object_zf_Tex_00C220,UNKNOWN,UNKNOWN,no semantic evidence (offset-named or unkeyworded),in-engine draw capture + surface mapping; visual texture inspection
object_zf_Tex_00C2A0,UNKNOWN,UNKNOWN,no semantic evidence (offset-named or unkeyworded),in-engine draw capture + surface mapping; visual texture inspection
gTowerCollapseBarFlameTex,LAVA,METAL,keyword collision (shared name evidence),in-engine draw capture + surface mapping; visual texture inspection
gTowerCollapseBarMetalTex,SKIN,METAL,keyword collision (shared name evidence),in-engine draw capture + surface mapping; visual texture inspection
gChildZelda1AlternateDressGradientTex,UNKNOWN,UNKNOWN,no semantic evidence (offset-named or unkeyworded),in-engine draw capture + surface mapping; visual texture inspection
gChildZelda1AlternateDressLiningTex,UNKNOWN,UNKNOWN,no semantic evidence (offset-named or unkeyworded),in-engine draw capture + surface mapping; visual texture inspection
gChildZelda1AlternateDressPatternTex,UNKNOWN,UNKNOWN,no semantic evidence (offset-named or unkeyworded),in-engine draw capture + surface mapping; visual texture inspection
gChildZelda1BlueUndershirtGradient1Tex,UNKNOWN,UNKNOWN,no semantic evidence (offset-named or unkeyworded),in-engine draw capture + surface mapping; visual texture inspection
gChildZelda1BlueUndershirtGradient2Tex,UNKNOWN,UNKNOWN,no semantic evidence (offset-named or unkeyworded),in-engine draw capture + surface mapping; visual texture inspection
gChildZelda1BraceletTex,UNKNOWN,UNKNOWN,no semantic evidence (offset-named or unkeyworded),in-engine draw capture + surface mapping; visual texture inspection
gChildZelda1DressGradientTex,UNKNOWN,UNKNOWN,no semantic evidence (offset-named or unkeyworded),in-engine draw capture + surface mapping; visual texture inspection
gChildZelda1DressWrinklesTex,UNKNOWN,UNKNOWN,no semantic evidence (offset-named or unkeyworded),in-engine draw capture + surface mapping; visual texture inspection
gChildZelda1PendantTex,UNKNOWN,UNKNOWN,no semantic evidence (offset-named or unkeyworded),in-engine draw capture + surface mapping; visual texture inspection
gChildZelda1PointedHairOnSideTex,SKIN,METAL,keyword collision (shared name evidence),in-engine draw capture + surface mapping; visual texture inspection
gChildZelda1PurpleDressPatternTex,UNKNOWN,UNKNOWN,no semantic evidence (offset-named or unkeyworded),in-engine draw capture + surface mapping; visual texture inspection
gChildZelda1StripedShoulderPatternTex,UNKNOWN,UNKNOWN,no semantic evidence (offset-named or unkeyworded),in-engine draw capture + surface mapping; visual texture inspection
gChildZelda1Tex_1A50,UNKNOWN,UNKNOWN,no semantic evidence (offset-named or unkeyworded),in-engine draw capture + surface mapping; visual texture inspection
gChildZelda1Tex_81C8,UNKNOWN,UNKNOWN,no semantic evidence (offset-named or unkeyworded),in-engine draw capture + surface mapping; visual texture inspection
gChildZelda1Tex_A848,UNKNOWN,UNKNOWN,no semantic evidence (offset-named or unkeyworded),in-engine draw capture + surface mapping; visual texture inspection
gChildZelda1UndershirtWrinklesTex,UNKNOWN,UNKNOWN,no semantic evidence (offset-named or unkeyworded),in-engine draw capture + surface mapping; visual texture inspection
object_zl1Tex_00EE58,UNKNOWN,UNKNOWN,no semantic evidence (offset-named or unkeyworded),in-engine draw capture + surface mapping; visual texture inspection
gZelda2OcarinaTex,UNKNOWN,UNKNOWN,no semantic evidence (offset-named or unkeyworded),in-engine draw capture + surface mapping; visual texture inspection
object_zl2Tex_000E00,UNKNOWN,UNKNOWN,no semantic evidence (offset-named or unkeyworded),in-engine draw capture + surface mapping; visual texture inspection
object_zl2Tex_000F00,UNKNOWN,UNKNOWN,no semantic evidence (offset-named or unkeyworded),in-engine draw capture + surface mapping; visual texture inspection
object_zl2Tex_000F40,UNKNOWN,UNKNOWN,no semantic evidence (offset-named or unkeyworded),in-engine draw capture + surface mapping; visual texture inspection
object_zl2Tex_001140,UNKNOWN,UNKNOWN,no semantic evidence (offset-named or unkeyworded),in-engine draw capture + surface mapping; visual texture inspection
object_zl2Tex_001180,UNKNOWN,UNKNOWN,no semantic evidence (offset-named or unkeyworded),in-engine draw capture + surface mapping; visual texture inspection
object_zl2Tex_001280,UNKNOWN,UNKNOWN,no semantic evidence (offset-named or unkeyworded),in-engine draw capture + surface mapping; visual texture inspection
object_zl2Tex_0012C0,UNKNOWN,UNKNOWN,no semantic evidence (offset-named or unkeyworded),in-engine draw capture + surface mapping; visual texture inspection
object_zl2Tex_0016C0,UNKNOWN,UNKNOWN,no semantic evidence (offset-named or unkeyworded),in-engine draw capture + surface mapping; visual texture inspection
object_zl2Tex_001AC0,UNKNOWN,UNKNOWN,no semantic evidence (offset-named or unkeyworded),in-engine draw capture + surface mapping; visual texture inspection
object_zl2Tex_001CC0,UNKNOWN,UNKNOWN,no semantic evidence (offset-named or unkeyworded),in-engine draw capture + surface mapping; visual texture inspection
object_zl2Tex_0024C0,UNKNOWN,UNKNOWN,no semantic evidence (offset-named or unkeyworded),in-engine draw capture + surface mapping; visual texture inspection
object_zl2Tex_002500,UNKNOWN,UNKNOWN,no semantic evidence (offset-named or unkeyworded),in-engine draw capture + surface mapping; visual texture inspection
object_zl2Tex_002600,UNKNOWN,UNKNOWN,no semantic evidence (offset-named or unkeyworded),in-engine draw capture + surface mapping; visual texture inspection
object_zl2Tex_002700,UNKNOWN,UNKNOWN,no semantic evidence (offset-named or unkeyworded),in-engine draw capture + surface mapping; visual texture inspection
object_zl2Tex_002740,UNKNOWN,UNKNOWN,no semantic evidence (offset-named or unkeyworded),in-engine draw capture + surface mapping; visual texture inspection
object_zl2Tex_002780,UNKNOWN,UNKNOWN,no semantic evidence (offset-named or unkeyworded),in-engine draw capture + surface mapping; visual texture inspection
object_zl2Tex_002880,UNKNOWN,UNKNOWN,no semantic evidence (offset-named or unkeyworded),in-engine draw capture + surface mapping; visual texture inspection
object_zl2Tex_0034C8,UNKNOWN,UNKNOWN,no semantic evidence (offset-named or unkeyworded),in-engine draw capture + surface mapping; visual texture inspection
object_zl2Tex_003908,UNKNOWN,UNKNOWN,no semantic evidence (offset-named or unkeyworded),in-engine draw capture + surface mapping; visual texture inspection
object_zl2Tex_003A08,UNKNOWN,UNKNOWN,no semantic evidence (offset-named or unkeyworded),in-engine draw capture + surface mapping; visual texture inspection
object_zl2Tex_003A48,UNKNOWN,UNKNOWN,no semantic evidence (offset-named or unkeyworded),in-engine draw capture + surface mapping; visual texture inspection
object_zl2Tex_003AC8,UNKNOWN,UNKNOWN,no semantic evidence (offset-named or unkeyworded),in-engine draw capture + surface mapping; visual texture inspection
object_zl2Tex_003B48,UNKNOWN,UNKNOWN,no semantic evidence (offset-named or unkeyworded),in-engine draw capture + surface mapping; visual texture inspection
object_zl2Tex_004448,UNKNOWN,UNKNOWN,no semantic evidence (offset-named or unkeyworded),in-engine draw capture + surface mapping; visual texture inspection
object_zl2Tex_006548,UNKNOWN,UNKNOWN,no semantic evidence (offset-named or unkeyworded),in-engine draw capture + surface mapping; visual texture inspection
object_zl2Tex_009738,UNKNOWN,UNKNOWN,no semantic evidence (offset-named or unkeyworded),in-engine draw capture + surface mapping; visual texture inspection
object_zl2Tex_009938,UNKNOWN,UNKNOWN,no semantic evidence (offset-named or unkeyworded),in-engine draw capture + surface mapping; visual texture inspection
object_zl2Tex_009A38,UNKNOWN,UNKNOWN,no semantic evidence (offset-named or unkeyworded),in-engine draw capture + surface mapping; visual texture inspection
object_zl2Tex_009A78,UNKNOWN,UNKNOWN,no semantic evidence (offset-named or unkeyworded),in-engine draw capture + surface mapping; visual texture inspection
object_zl2Tex_009E78,UNKNOWN,UNKNOWN,no semantic evidence (offset-named or unkeyworded),in-engine draw capture + surface mapping; visual texture inspection
object_zl2Tex_009F78,UNKNOWN,UNKNOWN,no semantic evidence (offset-named or unkeyworded),in-engine draw capture + surface mapping; visual texture inspection
object_zl2Tex_009FF8,UNKNOWN,UNKNOWN,no semantic evidence (offset-named or unkeyworded),in-engine draw capture + surface mapping; visual texture inspection
object_zl2Tex_00A0F8,UNKNOWN,UNKNOWN,no semantic evidence (offset-named or unkeyworded),in-engine draw capture + surface mapping; visual texture inspection
object_zl4Tex_000C70,UNKNOWN,UNKNOWN,no semantic evidence (offset-named or unkeyworded),in-engine draw capture + surface mapping; visual texture inspection
object_zl4Tex_000CB0,UNKNOWN,UNKNOWN,no semantic evidence (offset-named or unkeyworded),in-engine draw capture + surface mapping; visual texture inspection
object_zl4Tex_000DB0,UNKNOWN,UNKNOWN,no semantic evidence (offset-named or unkeyworded),in-engine draw capture + surface mapping; visual texture inspection
object_zl4Tex_0015B0,UNKNOWN,UNKNOWN,no semantic evidence (offset-named or unkeyworded),in-engine draw capture + surface mapping; visual texture inspection
object_zl4Tex_001630,UNKNOWN,UNKNOWN,no semantic evidence (offset-named or unkeyworded),in-engine draw capture + surface mapping; visual texture inspection
object_zl4Tex_0016B0,UNKNOWN,UNKNOWN,no semantic evidence (offset-named or unkeyworded),in-engine draw capture + surface mapping; visual texture inspection
object_zl4Tex_0017B0,UNKNOWN,UNKNOWN,no semantic evidence (offset-named or unkeyworded),in-engine draw capture + surface mapping; visual texture inspection
object_zl4Tex_0017F0,UNKNOWN,UNKNOWN,no semantic evidence (offset-named or unkeyworded),in-engine draw capture + surface mapping; visual texture inspection
object_zl4Tex_001BF0,UNKNOWN,UNKNOWN,no semantic evidence (offset-named or unkeyworded),in-engine draw capture + surface mapping; visual texture inspection
object_zl4Tex_001CF0,UNKNOWN,UNKNOWN,no semantic evidence (offset-named or unkeyworded),in-engine draw capture + surface mapping; visual texture inspection
object_zl4Tex_001DF0,UNKNOWN,UNKNOWN,no semantic evidence (offset-named or unkeyworded),in-engine draw capture + surface mapping; visual texture inspection
object_zl4Tex_001E30,UNKNOWN,UNKNOWN,no semantic evidence (offset-named or unkeyworded),in-engine draw capture + surface mapping; visual texture inspection
object_zl4Tex_002230,UNKNOWN,UNKNOWN,no semantic evidence (offset-named or unkeyworded),in-engine draw capture + surface mapping; visual texture inspection
object_zl4Tex_002270,UNKNOWN,UNKNOWN,no semantic evidence (offset-named or unkeyworded),in-engine draw capture + surface mapping; visual texture inspection
object_zl4Tex_0022F0,UNKNOWN,UNKNOWN,no semantic evidence (offset-named or unkeyworded),in-engine draw capture + surface mapping; visual texture inspection
object_zl4Tex_0024F0,UNKNOWN,UNKNOWN,no semantic evidence (offset-named or unkeyworded),in-engine draw capture + surface mapping; visual texture inspection
object_zl4Tex_0026F0,UNKNOWN,UNKNOWN,no semantic evidence (offset-named or unkeyworded),in-engine draw capture + surface mapping; visual texture inspection
object_zl4Tex_0028F0,UNKNOWN,UNKNOWN,no semantic evidence (offset-named or unkeyworded),in-engine draw capture + surface mapping; visual texture inspection
object_zl4Tex_002970,UNKNOWN,UNKNOWN,no semantic evidence (offset-named or unkeyworded),in-engine draw capture + surface mapping; visual texture inspection
object_zl4Tex_0029F0,UNKNOWN,UNKNOWN,no semantic evidence (offset-named or unkeyworded),in-engine draw capture + surface mapping; visual texture inspection
object_zl4Tex_0056F0,UNKNOWN,UNKNOWN,no semantic evidence (offset-named or unkeyworded),in-engine draw capture + surface mapping; visual texture inspection
object_zl4Tex_0058F0,UNKNOWN,UNKNOWN,no semantic evidence (offset-named or unkeyworded),in-engine draw capture + surface mapping; visual texture inspection
object_zl4Tex_0059F0,UNKNOWN,UNKNOWN,no semantic evidence (offset-named or unkeyworded),in-engine draw capture + surface mapping; visual texture inspection
object_zl4Tex_005A70,UNKNOWN,UNKNOWN,no semantic evidence (offset-named or unkeyworded),in-engine draw capture + surface mapping; visual texture inspection
object_zl4Tex_005C70,UNKNOWN,UNKNOWN,no semantic evidence (offset-named or unkeyworded),in-engine draw capture + surface mapping; visual texture inspection
object_zl4Tex_005CB0,UNKNOWN,UNKNOWN,no semantic evidence (offset-named or unkeyworded),in-engine draw capture + surface mapping; visual texture inspection
object_zl4Tex_005DB0,UNKNOWN,UNKNOWN,no semantic evidence (offset-named or unkeyworded),in-engine draw capture + surface mapping; visual texture inspection
object_zl4Tex_00D8B8,UNKNOWN,UNKNOWN,no semantic evidence (offset-named or unkeyworded),in-engine draw capture + surface mapping; visual texture inspection
gZoraBubblesTex,UNKNOWN,UNKNOWN,no semantic evidence (offset-named or unkeyworded),in-engine draw capture + surface mapping; visual texture inspection
gZoraFinTex,UNKNOWN,UNKNOWN,no semantic evidence (offset-named or unkeyworded),in-engine draw capture + surface mapping; visual texture inspection
gZoraKneeTex,UNKNOWN,UNKNOWN,no semantic evidence (offset-named or unkeyworded),in-engine draw capture + surface mapping; visual texture inspection
s1Tex,PARTICLE,UNKNOWN,LOW confidence scene/keyword prior only,in-engine draw capture + surface mapping; visual texture inspection
s2Tex,PARTICLE,UNKNOWN,LOW confidence scene/keyword prior only,in-engine draw capture + surface mapping; visual texture inspection
s1Tex,PARTICLE,UNKNOWN,LOW confidence scene/keyword prior only,in-engine draw capture + surface mapping; visual texture inspection
s2Tex,PARTICLE,UNKNOWN,LOW confidence scene/keyword prior only,in-engine draw capture + surface mapping; visual texture inspection
s1Tex,PARTICLE,UNKNOWN,LOW confidence scene/keyword prior only,in-engine draw capture + surface mapping; visual texture inspection
s2Tex,PARTICLE,UNKNOWN,LOW confidence scene/keyword prior only,in-engine draw capture + surface mapping; visual texture inspection
sFlashTex,PARTICLE,UNKNOWN,LOW confidence scene/keyword prior only,in-engine draw capture + surface mapping; visual texture inspection
sPlatformTex,PARTICLE,UNKNOWN,LOW confidence scene/keyword prior only,in-engine draw capture + surface mapping; visual texture inspection
gGanondorfWindowShatterTemplateTex,PARTICLE,UNKNOWN,LOW confidence scene/keyword prior only,in-engine draw capture + surface mapping; visual texture inspection
ovl_Boss_GanonTex_00E748,PARTICLE,UNKNOWN,LOW confidence scene/keyword prior only,in-engine draw capture + surface mapping; visual texture inspection
ovl_Boss_GanonTex_00F848,PARTICLE,UNKNOWN,LOW confidence scene/keyword prior only,in-engine draw capture + surface mapping; visual texture inspection
ovl_Boss_GanonTex_010538,PARTICLE,UNKNOWN,LOW confidence scene/keyword prior only,in-engine draw capture + surface mapping; visual texture inspection
ovl_Boss_GanonTex_01A7B0,PARTICLE,UNKNOWN,LOW confidence scene/keyword prior only,in-engine draw capture + surface mapping; visual texture inspection
ovl_Boss_GanonTex_01AFB0,PARTICLE,UNKNOWN,LOW confidence scene/keyword prior only,in-engine draw capture + surface mapping; visual texture inspection
ovl_Boss_GanonTex_01B7B0,PARTICLE,UNKNOWN,LOW confidence scene/keyword prior only,in-engine draw capture + surface mapping; visual texture inspection
ovl_Boss_GanonTex_01C420,PARTICLE,UNKNOWN,LOW confidence scene/keyword prior only,in-engine draw capture + surface mapping; visual texture inspection
ovl_Boss_GanonTex_01CEB8,PARTICLE,UNKNOWN,LOW confidence scene/keyword prior only,in-engine draw capture + surface mapping; visual texture inspection
ovl_Boss_GanonTex_01D6B8,PARTICLE,UNKNOWN,LOW confidence scene/keyword prior only,in-engine draw capture + surface mapping; visual texture inspection
ovl_Boss_GanonTex_01DE88,PARTICLE,UNKNOWN,LOW confidence scene/keyword prior only,in-engine draw capture + surface mapping; visual texture inspection
ovl_Boss_GanonTex_01E688,PARTICLE,UNKNOWN,LOW confidence scene/keyword prior only,in-engine draw capture + surface mapping; visual texture inspection
ovl_Boss_GanonTex_01EF90,PARTICLE,UNKNOWN,LOW confidence scene/keyword prior only,in-engine draw capture + surface mapping; visual texture inspection
ovl_Boss_GanonTex_01FFF8,PARTICLE,UNKNOWN,LOW confidence scene/keyword prior only,in-engine draw capture + surface mapping; visual texture inspection
ovl_Boss_GanonTex_020370,PARTICLE,UNKNOWN,LOW confidence scene/keyword prior only,in-engine draw capture + surface mapping; visual texture inspection
ovl_Boss_GanonTex_020770,PARTICLE,UNKNOWN,LOW confidence scene/keyword prior only,in-engine draw capture + surface mapping; visual texture inspection
gGanonMasterSwordGuardTex,PARTICLE,UNKNOWN,LOW confidence scene/keyword prior only,in-engine draw capture + surface mapping; visual texture inspection
gGanonMasterSwordPommelTex,PARTICLE,UNKNOWN,LOW confidence scene/keyword prior only,in-engine draw capture + surface mapping; visual texture inspection
gGanonMasterSwordShadowTex,PARTICLE,UNKNOWN,LOW confidence scene/keyword prior only,in-engine draw capture + surface mapping; visual texture inspection
gGanonSwordTrailMaskTex,PARTICLE,UNKNOWN,LOW confidence scene/keyword prior only,in-engine draw capture + surface mapping; visual texture inspection
gGanonSwordTrailTex,PARTICLE,UNKNOWN,LOW confidence scene/keyword prior only,in-engine draw capture + surface mapping; visual texture inspection
ovl_Boss_SstTex_00A438,PARTICLE,UNKNOWN,LOW confidence scene/keyword prior only,in-engine draw capture + surface mapping; visual texture inspection
ovl_Boss_SstTex_00A8F0,PARTICLE,UNKNOWN,LOW confidence scene/keyword prior only,in-engine draw capture + surface mapping; visual texture inspection
ovl_Demo_ShdTex_000450,PARTICLE,UNKNOWN,LOW confidence scene/keyword prior only,in-engine draw capture + surface mapping; visual texture inspection
ovl_Demo_ShdTex_000C50,PARTICLE,UNKNOWN,LOW confidence scene/keyword prior only,in-engine draw capture + surface mapping; visual texture inspection
ovl_En_Clear_TagTex_003308,PARTICLE,UNKNOWN,LOW confidence scene/keyword prior only,in-engine draw capture + surface mapping; visual texture inspection
ovl_En_Clear_TagTex_003388,PARTICLE,UNKNOWN,LOW confidence scene/keyword prior only,in-engine draw capture + surface mapping; visual texture inspection
ovl_En_Clear_TagTex_003B88,PARTICLE,UNKNOWN,LOW confidence scene/keyword prior only,in-engine draw capture + surface mapping; visual texture inspection
ovl_En_Clear_TagTex_004B88,PARTICLE,UNKNOWN,LOW confidence scene/keyword prior only,in-engine draw capture + surface mapping; visual texture inspection
ovl_En_Clear_TagTex_005388,PARTICLE,UNKNOWN,LOW confidence scene/keyword prior only,in-engine draw capture + surface mapping; visual texture inspection
ovl_En_Clear_TagTex_005B88,PARTICLE,UNKNOWN,LOW confidence scene/keyword prior only,in-engine draw capture + surface mapping; visual texture inspection
ovl_En_Clear_TagTex_006458,PARTICLE,UNKNOWN,LOW confidence scene/keyword prior only,in-engine draw capture + surface mapping; visual texture inspection
ovl_En_Clear_TagTex_006708,PARTICLE,UNKNOWN,LOW confidence scene/keyword prior only,in-engine draw capture + surface mapping; visual texture inspection
ovl_En_Clear_TagTex_006808,PARTICLE,UNKNOWN,LOW confidence scene/keyword prior only,in-engine draw capture + surface mapping; visual texture inspection
ovl_En_Clear_TagTex_006AD0,PARTICLE,UNKNOWN,LOW confidence scene/keyword prior only,in-engine draw capture + surface mapping; visual texture inspection
ovl_En_Clear_TagTex_006ED0,PARTICLE,UNKNOWN,LOW confidence scene/keyword prior only,in-engine draw capture + surface mapping; visual texture inspection
ovl_En_Clear_TagTex_0071C8,PARTICLE,UNKNOWN,LOW confidence scene/keyword prior only,in-engine draw capture + surface mapping; visual texture inspection
ovl_En_Clear_TagTex_008288,PARTICLE,UNKNOWN,LOW confidence scene/keyword prior only,in-engine draw capture + surface mapping; visual texture inspection
ovl_En_Clear_TagTex_008540,PARTICLE,UNKNOWN,LOW confidence scene/keyword prior only,in-engine draw capture + surface mapping; visual texture inspection
gMantTex,PARTICLE,UNKNOWN,LOW confidence scene/keyword prior only,in-engine draw capture + surface mapping; visual texture inspection
gMantUnusedTex,PARTICLE,UNKNOWN,LOW confidence scene/keyword prior only,in-engine draw capture + surface mapping; visual texture inspection
sRoomCarpetTex,PARTICLE,UNKNOWN,LOW confidence scene/keyword prior only,in-engine draw capture + surface mapping; visual texture inspection
sRoomCrestFriezeTex,PARTICLE,UNKNOWN,LOW confidence scene/keyword prior only,in-engine draw capture + surface mapping; visual texture inspection
sRoomOrganCorbelsTex,PARTICLE,UNKNOWN,LOW confidence scene/keyword prior only,in-engine draw capture + surface mapping; visual texture inspection
sRoomOrganGrillTex,PARTICLE,UNKNOWN,LOW confidence scene/keyword prior only,in-engine draw capture + surface mapping; visual texture inspection
sRoomOrganKeyEndTex,PARTICLE,UNKNOWN,LOW confidence scene/keyword prior only,in-engine draw capture + surface mapping; visual texture inspection
sRoomOrganKeyboardTex,PARTICLE,UNKNOWN,LOW confidence scene/keyword prior only,in-engine draw capture + surface mapping; visual texture inspection
sRoomOrganPipeTex,PARTICLE,UNKNOWN,LOW confidence scene/keyword prior only,in-engine draw capture + surface mapping; visual texture inspection
sRoomPillarTex,PARTICLE,UNKNOWN,LOW confidence scene/keyword prior only,in-engine draw capture + surface mapping; visual texture inspection
sRoomStatueWingTex,PARTICLE,UNKNOWN,LOW confidence scene/keyword prior only,in-engine draw capture + surface mapping; visual texture inspection
sRoomStepTex,PARTICLE,UNKNOWN,LOW confidence scene/keyword prior only,in-engine draw capture + surface mapping; visual texture inspection
sCarpetTex,PARTICLE,UNKNOWN,LOW confidence scene/keyword prior only,in-engine draw capture + surface mapping; visual texture inspection
sEar1Tex,PARTICLE,UNKNOWN,LOW confidence scene/keyword prior only,in-engine draw capture + surface mapping; visual texture inspection
sEar2Tex,PARTICLE,UNKNOWN,LOW confidence scene/keyword prior only,in-engine draw capture + surface mapping; visual texture inspection
sEyeTex,PARTICLE,UNKNOWN,LOW confidence scene/keyword prior only,in-engine draw capture + surface mapping; visual texture inspection
sHair1Tex,PARTICLE,UNKNOWN,LOW confidence scene/keyword prior only,in-engine draw capture + surface mapping; visual texture inspection
sHair2Tex,PARTICLE,UNKNOWN,LOW confidence scene/keyword prior only,in-engine draw capture + surface mapping; visual texture inspection
sMouthTex,PARTICLE,UNKNOWN,LOW confidence scene/keyword prior only,in-engine draw capture + surface mapping; visual texture inspection
sNoseTex,PARTICLE,UNKNOWN,LOW confidence scene/keyword prior only,in-engine draw capture + surface mapping; visual texture inspection
sNintendoLeftTex,PARTICLE,UNKNOWN,LOW confidence scene/keyword prior only,in-engine draw capture + surface mapping; visual texture inspection
sNintendoRightTex,PARTICLE,UNKNOWN,LOW confidence scene/keyword prior only,in-engine draw capture + surface mapping; visual texture inspection
sPresentedByTex,PARTICLE,UNKNOWN,LOW confidence scene/keyword prior only,in-engine draw capture + surface mapping; visual texture inspection
sTheEndTex,PARTICLE,UNKNOWN,LOW confidence scene/keyword prior only,in-engine draw capture + surface mapping; visual texture inspection
sTheLegendOfZeldaTex,PARTICLE,UNKNOWN,LOW confidence scene/keyword prior only,in-engine draw capture + surface mapping; visual texture inspection
sDiamondTex,PARTICLE,UNKNOWN,LOW confidence scene/keyword prior only,in-engine draw capture + surface mapping; visual texture inspection
sTex,PARTICLE,UNKNOWN,LOW confidence scene/keyword prior only,in-engine draw capture + surface mapping; visual texture inspection
sTex,PARTICLE,UNKNOWN,LOW confidence scene/keyword prior only,in-engine draw capture + surface mapping; visual texture inspection
sTex,PARTICLE,UNKNOWN,LOW confidence scene/keyword prior only,in-engine draw capture + surface mapping; visual texture inspection
sTex,PARTICLE,UNKNOWN,LOW confidence scene/keyword prior only,in-engine draw capture + surface mapping; visual texture inspection
sTex,PARTICLE,UNKNOWN,LOW confidence scene/keyword prior only,in-engine draw capture + surface mapping; visual texture inspection
s1Tex,PARTICLE,UNKNOWN,LOW confidence scene/keyword prior only,in-engine draw capture + surface mapping; visual texture inspection
s2Tex,PARTICLE,UNKNOWN,LOW confidence scene/keyword prior only,in-engine draw capture + surface mapping; visual texture inspection
sTex,PARTICLE,UNKNOWN,LOW confidence scene/keyword prior only,in-engine draw capture + surface mapping; visual texture inspection
sTex,PARTICLE,UNKNOWN,LOW confidence scene/keyword prior only,in-engine draw capture + surface mapping; visual texture inspection
Bmori1_room_0Tex_005CF8,UNKNOWN,UNKNOWN,no semantic evidence (offset-named or unkeyworded),in-engine draw capture + surface mapping; visual texture inspection
Bmori1_room_0Tex_0064F8,UNKNOWN,UNKNOWN,no semantic evidence (offset-named or unkeyworded),in-engine draw capture + surface mapping; visual texture inspection
Bmori1_room_0Tex_0074F8,UNKNOWN,UNKNOWN,no semantic evidence (offset-named or unkeyworded),in-engine draw capture + surface mapping; visual texture inspection
Bmori1_room_0Tex_007CF8,UNKNOWN,UNKNOWN,no semantic evidence (offset-named or unkeyworded),in-engine draw capture + surface mapping; visual texture inspection
Bmori1_room_0Tex_0084F8,UNKNOWN,UNKNOWN,no semantic evidence (offset-named or unkeyworded),in-engine draw capture + surface mapping; visual texture inspection
Bmori1_room_0Tex_0088F8,UNKNOWN,UNKNOWN,no semantic evidence (offset-named or unkeyworded),in-engine draw capture + surface mapping; visual texture inspection
Bmori1_room_0Tex_0098F8,UNKNOWN,UNKNOWN,no semantic evidence (offset-named or unkeyworded),in-engine draw capture + surface mapping; visual texture inspection
Bmori1_room_0Tex_00A0F8,UNKNOWN,UNKNOWN,no semantic evidence (offset-named or unkeyworded),in-engine draw capture + surface mapping; visual texture inspection
Bmori1_room_0Tex_00B0F8,UNKNOWN,UNKNOWN,no semantic evidence (offset-named or unkeyworded),in-engine draw capture + surface mapping; visual texture inspection
Bmori1_room_0Tex_00B4F8,UNKNOWN,UNKNOWN,no semantic evidence (offset-named or unkeyworded),in-engine draw capture + surface mapping; visual texture inspection
Bmori1_room_0Tex_00B8F8,UNKNOWN,UNKNOWN,no semantic evidence (offset-named or unkeyworded),in-engine draw capture + surface mapping; visual texture inspection
Bmori1_room_0Tex_00C0F8,UNKNOWN,UNKNOWN,no semantic evidence (offset-named or unkeyworded),in-engine draw capture + surface mapping; visual texture inspection
Bmori1_room_0Tex_00C2F8,UNKNOWN,UNKNOWN,no semantic evidence (offset-named or unkeyworded),in-engine draw capture + surface mapping; visual texture inspection
Bmori1_room_0Tex_00CB88,UNKNOWN,UNKNOWN,no semantic evidence (offset-named or unkeyworded),in-engine draw capture + surface mapping; visual texture inspection
Bmori1_room_10Tex_001260,UNKNOWN,UNKNOWN,no semantic evidence (offset-named or unkeyworded),in-engine draw capture + surface mapping; visual texture inspection
Bmori1_room_10Tex_001A60,UNKNOWN,UNKNOWN,no semantic evidence (offset-named or unkeyworded),in-engine draw capture + surface mapping; visual texture inspection
Bmori1_room_10Tex_002260,UNKNOWN,UNKNOWN,no semantic evidence (offset-named or unkeyworded),in-engine draw capture + surface mapping; visual texture inspection
Bmori1_room_10Tex_002A60,UNKNOWN,UNKNOWN,no semantic evidence (offset-named or unkeyworded),in-engine draw capture + surface mapping; visual texture inspection
Bmori1_room_10Tex_003A60,UNKNOWN,UNKNOWN,no semantic evidence (offset-named or unkeyworded),in-engine draw capture + surface mapping; visual texture inspection
Bmori1_room_10Tex_004BD8,UNKNOWN,UNKNOWN,no semantic evidence (offset-named or unkeyworded),in-engine draw capture + surface mapping; visual texture inspection
Bmori1_room_11Tex_008198,UNKNOWN,UNKNOWN,no semantic evidence (offset-named or unkeyworded),in-engine draw capture + surface mapping; visual texture inspection
Bmori1_room_11Tex_009198,UNKNOWN,UNKNOWN,no semantic evidence (offset-named or unkeyworded),in-engine draw capture + surface mapping; visual texture inspection
Bmori1_room_11Tex_009598,UNKNOWN,UNKNOWN,no semantic evidence (offset-named or unkeyworded),in-engine draw capture + surface mapping; visual texture inspection
Bmori1_room_11Tex_009D98,UNKNOWN,UNKNOWN,no semantic evidence (offset-named or unkeyworded),in-engine draw capture + surface mapping; visual texture inspection
Bmori1_room_11Tex_00A598,UNKNOWN,UNKNOWN,no semantic evidence (offset-named or unkeyworded),in-engine draw capture + surface mapping; visual texture inspection
Bmori1_room_12Tex_004A00,UNKNOWN,UNKNOWN,no semantic evidence (offset-named or unkeyworded),in-engine draw capture + surface mapping; visual texture inspection
Bmori1_room_12Tex_004E00,UNKNOWN,UNKNOWN,no semantic evidence (offset-named or unkeyworded),in-engine draw capture + surface mapping; visual texture inspection
Bmori1_room_12Tex_005600,UNKNOWN,UNKNOWN,no semantic evidence (offset-named or unkeyworded),in-engine draw capture + surface mapping; visual texture inspection
Bmori1_room_12Tex_005E00,UNKNOWN,UNKNOWN,no semantic evidence (offset-named or unkeyworded),in-engine draw capture + surface mapping; visual texture inspection
Bmori1_room_12Tex_006600,UNKNOWN,UNKNOWN,no semantic evidence (offset-named or unkeyworded),in-engine draw capture + surface mapping; visual texture inspection
Bmori1_room_12Tex_006E00,UNKNOWN,UNKNOWN,no semantic evidence (offset-named or unkeyworded),in-engine draw capture + surface mapping; visual texture inspection
Bmori1_room_12Tex_007200,UNKNOWN,UNKNOWN,no semantic evidence (offset-named or unkeyworded),in-engine draw capture + surface mapping; visual texture inspection
Bmori1_room_12Tex_007BD8,UNKNOWN,UNKNOWN,no semantic evidence (offset-named or unkeyworded),in-engine draw capture + surface mapping; visual texture inspection
Bmori1_room_13Tex_004CD0,UNKNOWN,UNKNOWN,no semantic evidence (offset-named or unkeyworded),in-engine draw capture + surface mapping; visual texture inspection
Bmori1_room_13Tex_0054D0,UNKNOWN,UNKNOWN,no semantic evidence (offset-named or unkeyworded),in-engine draw capture + surface mapping; visual texture inspection
Bmori1_room_13Tex_005CD0,UNKNOWN,UNKNOWN,no semantic evidence (offset-named or unkeyworded),in-engine draw capture + surface mapping; visual texture inspection
Bmori1_room_13Tex_0064D0,UNKNOWN,UNKNOWN,no semantic evidence (offset-named or unkeyworded),in-engine draw capture + surface mapping; visual texture inspection
Bmori1_room_13Tex_006CD0,UNKNOWN,UNKNOWN,no semantic evidence (offset-named or unkeyworded),in-engine draw capture + surface mapping; visual texture inspection
Bmori1_room_13Tex_0074D0,UNKNOWN,UNKNOWN,no semantic evidence (offset-named or unkeyworded),in-engine draw capture + surface mapping; visual texture inspection
Bmori1_room_13Tex_0078D0,UNKNOWN,UNKNOWN,no semantic evidence (offset-named or unkeyworded),in-engine draw capture + surface mapping; visual texture inspection
Bmori1_room_13Tex_0082A8,UNKNOWN,UNKNOWN,no semantic evidence (offset-named or unkeyworded),in-engine draw capture + surface mapping; visual texture inspection
Bmori1_room_14Tex_003560,UNKNOWN,UNKNOWN,no semantic evidence (offset-named or unkeyworded),in-engine draw capture + surface mapping; visual texture inspection
Bmori1_room_14Tex_003960,UNKNOWN,UNKNOWN,no semantic evidence (offset-named or unkeyworded),in-engine draw capture + surface mapping; visual texture inspection
Bmori1_room_14Tex_004160,UNKNOWN,UNKNOWN,no semantic evidence (offset-named or unkeyworded),in-engine draw capture + surface mapping; visual texture inspection
Bmori1_room_14Tex_004960,UNKNOWN,UNKNOWN,no semantic evidence (offset-named or unkeyworded),in-engine draw capture + surface mapping; visual texture inspection
Bmori1_room_14Tex_004D60,UNKNOWN,UNKNOWN,no semantic evidence (offset-named or unkeyworded),in-engine draw capture + surface mapping; visual texture inspection
Bmori1_room_14Tex_005770,UNKNOWN,UNKNOWN,no semantic evidence (offset-named or unkeyworded),in-engine draw capture + surface mapping; visual texture inspection
Bmori1_room_15Tex_0012E0,UNKNOWN,UNKNOWN,no semantic evidence (offset-named or unkeyworded),in-engine draw capture + surface mapping; visual texture inspection
Bmori1_room_15Tex_001AE0,UNKNOWN,UNKNOWN,no semantic evidence (offset-named or unkeyworded),in-engine draw capture + surface mapping; visual texture inspection
Bmori1_room_15Tex_001EE0,UNKNOWN,UNKNOWN,no semantic evidence (offset-named or unkeyworded),in-engine draw capture + surface mapping; visual texture inspection
Bmori1_room_16Tex_002F98,UNKNOWN,UNKNOWN,no semantic evidence (offset-named or unkeyworded),in-engine draw capture + surface mapping; visual texture inspection
Bmori1_room_16Tex_003798,UNKNOWN,UNKNOWN,no semantic evidence (offset-named or unkeyworded),in-engine draw capture + surface mapping; visual texture inspection
Bmori1_room_16Tex_003F98,UNKNOWN,UNKNOWN,no semantic evidence (offset-named or unkeyworded),in-engine draw capture + surface mapping; visual texture inspection
Bmori1_room_16Tex_004398,UNKNOWN,UNKNOWN,no semantic evidence (offset-named or unkeyworded),in-engine draw capture + surface mapping; visual texture inspection
Bmori1_room_16Tex_004798,UNKNOWN,UNKNOWN,no semantic evidence (offset-named or unkeyworded),in-engine draw capture + surface mapping; visual texture inspection
Bmori1_room_17Tex_0064E8,UNKNOWN,UNKNOWN,no semantic evidence (offset-named or unkeyworded),in-engine draw capture + surface mapping; visual texture inspection
Bmori1_room_17Tex_006CE8,UNKNOWN,UNKNOWN,no semantic evidence (offset-named or unkeyworded),in-engine draw capture + surface mapping; visual texture inspection
Bmori1_room_17Tex_0074E8,UNKNOWN,UNKNOWN,no semantic evidence (offset-named or unkeyworded),in-engine draw capture + surface mapping; visual texture inspection
Bmori1_room_17Tex_0078E8,UNKNOWN,UNKNOWN,no semantic evidence (offset-named or unkeyworded),in-engine draw capture + surface mapping; visual texture inspection
Bmori1_room_17Tex_007CE8,UNKNOWN,UNKNOWN,no semantic evidence (offset-named or unkeyworded),in-engine draw capture + surface mapping; visual texture inspection
Bmori1_room_17Tex_0080E8,UNKNOWN,UNKNOWN,no semantic evidence (offset-named or unkeyworded),in-engine draw capture + surface mapping; visual texture inspection
Bmori1_room_17Tex_0088E8,UNKNOWN,UNKNOWN,no semantic evidence (offset-named or unkeyworded),in-engine draw capture + surface mapping; visual texture inspection
Bmori1_room_18Tex_000B30,UNKNOWN,UNKNOWN,no semantic evidence (offset-named or unkeyworded),in-engine draw capture + surface mapping; visual texture inspection
Bmori1_room_1Tex_003368,UNKNOWN,UNKNOWN,no semantic evidence (offset-named or unkeyworded),in-engine draw capture + surface mapping; visual texture inspection
Bmori1_room_1Tex_003B68,UNKNOWN,UNKNOWN,no semantic evidence (offset-named or unkeyworded),in-engine draw capture + surface mapping; visual texture inspection
Bmori1_room_1Tex_004368,UNKNOWN,UNKNOWN,no semantic evidence (offset-named or unkeyworded),in-engine draw capture + surface mapping; visual texture inspection
Bmori1_room_1Tex_005368,UNKNOWN,UNKNOWN,no semantic evidence (offset-named or unkeyworded),in-engine draw capture + surface mapping; visual texture inspection
Bmori1_room_20Tex_0006F8,UNKNOWN,UNKNOWN,no semantic evidence (offset-named or unkeyworded),in-engine draw capture + surface mapping; visual texture inspection
Bmori1_room_20Tex_000EF8,UNKNOWN,UNKNOWN,no semantic evidence (offset-named or unkeyworded),in-engine draw capture + surface mapping; visual texture inspection
Bmori1_room_21Tex_000F70,UNKNOWN,UNKNOWN,no semantic evidence (offset-named or unkeyworded),in-engine draw capture + surface mapping; visual texture inspection
Bmori1_room_22Tex_0005E0,UNKNOWN,UNKNOWN,no semantic evidence (offset-named or unkeyworded),in-engine draw capture + surface mapping; visual texture inspection
Bmori1_room_22Tex_0015E0,UNKNOWN,UNKNOWN,no semantic evidence (offset-named or unkeyworded),in-engine draw capture + surface mapping; visual texture inspection
Bmori1_room_2Tex_00A380,UNKNOWN,UNKNOWN,no semantic evidence (offset-named or unkeyworded),in-engine draw capture + surface mapping; visual texture inspection
Bmori1_room_2Tex_00AB80,UNKNOWN,UNKNOWN,no semantic evidence (offset-named or unkeyworded),in-engine draw capture + surface mapping; visual texture inspection
Bmori1_room_2Tex_00AF80,UNKNOWN,UNKNOWN,no semantic evidence (offset-named or unkeyworded),in-engine draw capture + surface mapping; visual texture inspection
Bmori1_room_2Tex_00BF80,UNKNOWN,UNKNOWN,no semantic evidence (offset-named or unkeyworded),in-engine draw capture + surface mapping; visual texture inspection
Bmori1_room_2Tex_00CF80,UNKNOWN,UNKNOWN,no semantic evidence (offset-named or unkeyworded),in-engine draw capture + surface mapping; visual texture inspection
Bmori1_room_2Tex_00D380,UNKNOWN,UNKNOWN,no semantic evidence (offset-named or unkeyworded),in-engine draw capture + surface mapping; visual texture inspection
Bmori1_room_2Tex_00DB80,UNKNOWN,UNKNOWN,no semantic evidence (offset-named or unkeyworded),in-engine draw capture + surface mapping; visual texture inspection
Bmori1_room_2Tex_00DD80,UNKNOWN,UNKNOWN,no semantic evidence (offset-named or unkeyworded),in-engine draw capture + surface mapping; visual texture inspection
Bmori1_room_2Tex_00E580,UNKNOWN,UNKNOWN,no semantic evidence (offset-named or unkeyworded),in-engine draw capture + surface mapping; visual texture inspection
Bmori1_room_2Tex_00E980,UNKNOWN,UNKNOWN,no semantic evidence (offset-named or unkeyworded),in-engine draw capture + surface mapping; visual texture inspection
Bmori1_room_2Tex_00F180,UNKNOWN,UNKNOWN,no semantic evidence (offset-named or unkeyworded),in-engine draw capture + surface mapping; visual texture inspection
Bmori1_room_3Tex_0023D8,UNKNOWN,UNKNOWN,no semantic evidence (offset-named or unkeyworded),in-engine draw capture + surface mapping; visual texture inspection
Bmori1_room_3Tex_002BD8,UNKNOWN,UNKNOWN,no semantic evidence (offset-named or unkeyworded),in-engine draw capture + surface mapping; visual texture inspection
Bmori1_room_3Tex_0033D8,UNKNOWN,UNKNOWN,no semantic evidence (offset-named or unkeyworded),in-engine draw capture + surface mapping; visual texture inspection
Bmori1_room_3Tex_0037D8,UNKNOWN,UNKNOWN,no semantic evidence (offset-named or unkeyworded),in-engine draw capture + surface mapping; visual texture inspection
Bmori1_room_3Tex_0038D8,UNKNOWN,UNKNOWN,no semantic evidence (offset-named or unkeyworded),in-engine draw capture + surface mapping; visual texture inspection
Bmori1_room_4Tex_0022B8,UNKNOWN,UNKNOWN,no semantic evidence (offset-named or unkeyworded),in-engine draw capture + surface mapping; visual texture inspection
Bmori1_room_4Tex_002AB8,UNKNOWN,UNKNOWN,no semantic evidence (offset-named or unkeyworded),in-engine draw capture + surface mapping; visual texture inspection
Bmori1_room_5Tex_0023D0,UNKNOWN,UNKNOWN,no semantic evidence (offset-named or unkeyworded),in-engine draw capture + surface mapping; visual texture inspection
Bmori1_room_5Tex_0027D0,UNKNOWN,UNKNOWN,no semantic evidence (offset-named or unkeyworded),in-engine draw capture + surface mapping; visual texture inspection
Bmori1_room_5Tex_002FD0,UNKNOWN,UNKNOWN,no semantic evidence (offset-named or unkeyworded),in-engine draw capture + surface mapping; visual texture inspection
Bmori1_room_5Tex_0033D0,UNKNOWN,UNKNOWN,no semantic evidence (offset-named or unkeyworded),in-engine draw capture + surface mapping; visual texture inspection
Bmori1_room_5Tex_0034D0,UNKNOWN,UNKNOWN,no semantic evidence (offset-named or unkeyworded),in-engine draw capture + surface mapping; visual texture inspection
Bmori1_room_6Tex_006630,UNKNOWN,UNKNOWN,no semantic evidence (offset-named or unkeyworded),in-engine draw capture + surface mapping; visual texture inspection
Bmori1_room_6Tex_006E30,UNKNOWN,UNKNOWN,no semantic evidence (offset-named or unkeyworded),in-engine draw capture + surface mapping; visual texture inspection
Bmori1_room_6Tex_007630,UNKNOWN,UNKNOWN,no semantic evidence (offset-named or unkeyworded),in-engine draw capture + surface mapping; visual texture inspection
Bmori1_room_6Tex_007A30,UNKNOWN,UNKNOWN,no semantic evidence (offset-named or unkeyworded),in-engine draw capture + surface mapping; visual texture inspection
Bmori1_room_6Tex_008230,UNKNOWN,UNKNOWN,no semantic evidence (offset-named or unkeyworded),in-engine draw capture + surface mapping; visual texture inspection
Bmori1_room_6Tex_008A30,UNKNOWN,UNKNOWN,no semantic evidence (offset-named or unkeyworded),in-engine draw capture + surface mapping; visual texture inspection
Bmori1_room_6Tex_008C30,UNKNOWN,UNKNOWN,no semantic evidence (offset-named or unkeyworded),in-engine draw capture + surface mapping; visual texture inspection
Bmori1_room_7Tex_007DD0,UNKNOWN,UNKNOWN,no semantic evidence (offset-named or unkeyworded),in-engine draw capture + surface mapping; visual texture inspection
Bmori1_room_7Tex_0085D0,UNKNOWN,UNKNOWN,no semantic evidence (offset-named or unkeyworded),in-engine draw capture + surface mapping; visual texture inspection
Bmori1_room_7Tex_008DD0,UNKNOWN,UNKNOWN,no semantic evidence (offset-named or unkeyworded),in-engine draw capture + surface mapping; visual texture inspection
Bmori1_room_7Tex_0091D0,UNKNOWN,UNKNOWN,no semantic evidence (offset-named or unkeyworded),in-engine draw capture + surface mapping; visual texture inspection
Bmori1_room_7Tex_0095D0,UNKNOWN,UNKNOWN,no semantic evidence (offset-named or unkeyworded),in-engine draw capture + surface mapping; visual texture inspection
Bmori1_room_7Tex_009DD0,UNKNOWN,UNKNOWN,no semantic evidence (offset-named or unkeyworded),in-engine draw capture + surface mapping; visual texture inspection
Bmori1_room_7Tex_00A5D0,UNKNOWN,UNKNOWN,no semantic evidence (offset-named or unkeyworded),in-engine draw capture + surface mapping; visual texture inspection
Bmori1_room_7Tex_00ADD0,UNKNOWN,UNKNOWN,no semantic evidence (offset-named or unkeyworded),in-engine draw capture + surface mapping; visual texture inspection
Bmori1_room_7Tex_00B5D0,UNKNOWN,UNKNOWN,no semantic evidence (offset-named or unkeyworded),in-engine draw capture + surface mapping; visual texture inspection
Bmori1_room_7Tex_00BDD0,UNKNOWN,UNKNOWN,no semantic evidence (offset-named or unkeyworded),in-engine draw capture + surface mapping; visual texture inspection
Bmori1_room_7Tex_00CDD0,UNKNOWN,UNKNOWN,no semantic evidence (offset-named or unkeyworded),in-engine draw capture + surface mapping; visual texture inspection
Bmori1_room_7Tex_00DDD0,UNKNOWN,UNKNOWN,no semantic evidence (offset-named or unkeyworded),in-engine draw capture + surface mapping; visual texture inspection
Bmori1_room_7Tex_00EFD8,UNKNOWN,UNKNOWN,no semantic evidence (offset-named or unkeyworded),in-engine draw capture + surface mapping; visual texture inspection
Bmori1_room_7Tex_00FFD8,UNKNOWN,UNKNOWN,no semantic evidence (offset-named or unkeyworded),in-engine draw capture + surface mapping; visual texture inspection
Bmori1_room_7Tex_010FD8,UNKNOWN,UNKNOWN,no semantic evidence (offset-named or unkeyworded),in-engine draw capture + surface mapping; visual texture inspection
Bmori1_room_7Tex_0117D8,UNKNOWN,UNKNOWN,no semantic evidence (offset-named or unkeyworded),in-engine draw capture + surface mapping; visual texture inspection
Bmori1_room_7Tex_011FD8,UNKNOWN,UNKNOWN,no semantic evidence (offset-named or unkeyworded),in-engine draw capture + surface mapping; visual texture inspection
Bmori1_room_8Tex_00AC10,UNKNOWN,UNKNOWN,no semantic evidence (offset-named or unkeyworded),in-engine draw capture + surface mapping; visual texture inspection
Bmori1_room_8Tex_00B410,UNKNOWN,UNKNOWN,no semantic evidence (offset-named or unkeyworded),in-engine draw capture + surface mapping; visual texture inspection
Bmori1_room_8Tex_00C410,UNKNOWN,UNKNOWN,no semantic evidence (offset-named or unkeyworded),in-engine draw capture + surface mapping; visual texture inspection
Bmori1_room_8Tex_00CC10,UNKNOWN,UNKNOWN,no semantic evidence (offset-named or unkeyworded),in-engine draw capture + surface mapping; visual texture inspection
Bmori1_room_8Tex_00D010,UNKNOWN,UNKNOWN,no semantic evidence (offset-named or unkeyworded),in-engine draw capture + surface mapping; visual texture inspection
Bmori1_room_8Tex_00D410,UNKNOWN,UNKNOWN,no semantic evidence (offset-named or unkeyworded),in-engine draw capture + surface mapping; visual texture inspection
Bmori1_room_8Tex_00D810,UNKNOWN,UNKNOWN,no semantic evidence (offset-named or unkeyworded),in-engine draw capture + surface mapping; visual texture inspection
Bmori1_room_8Tex_00E010,UNKNOWN,UNKNOWN,no semantic evidence (offset-named or unkeyworded),in-engine draw capture + surface mapping; visual texture inspection
Bmori1_room_8Tex_00E810,UNKNOWN,UNKNOWN,no semantic evidence (offset-named or unkeyworded),in-engine draw capture + surface mapping; visual texture inspection
Bmori1_room_8Tex_00F010,UNKNOWN,UNKNOWN,no semantic evidence (offset-named or unkeyworded),in-engine draw capture + surface mapping; visual texture inspection
Bmori1_room_8Tex_00F810,UNKNOWN,UNKNOWN,no semantic evidence (offset-named or unkeyworded),in-engine draw capture + surface mapping; visual texture inspection
Bmori1_room_8Tex_010810,UNKNOWN,UNKNOWN,no semantic evidence (offset-named or unkeyworded),in-engine draw capture + surface mapping; visual texture inspection
Bmori1_room_8Tex_011810,UNKNOWN,UNKNOWN,no semantic evidence (offset-named or unkeyworded),in-engine draw capture + surface mapping; visual texture inspection
Bmori1_room_8Tex_011C10,UNKNOWN,UNKNOWN,no semantic evidence (offset-named or unkeyworded),in-engine draw capture + surface mapping; visual texture inspection
Bmori1_room_8Tex_012410,UNKNOWN,UNKNOWN,no semantic evidence (offset-named or unkeyworded),in-engine draw capture + surface mapping; visual texture inspection
Bmori1_room_8Tex_013AB0,UNKNOWN,UNKNOWN,no semantic evidence (offset-named or unkeyworded),in-engine draw capture + surface mapping; visual texture inspection
Bmori1_room_8Tex_014AB0,UNKNOWN,UNKNOWN,no semantic evidence (offset-named or unkeyworded),in-engine draw capture + surface mapping; visual texture inspection
Bmori1_room_8Tex_0152B0,UNKNOWN,UNKNOWN,no semantic evidence (offset-named or unkeyworded),in-engine draw capture + surface mapping; visual texture inspection
Bmori1_room_8Tex_015AB0,UNKNOWN,UNKNOWN,no semantic evidence (offset-named or unkeyworded),in-engine draw capture + surface mapping; visual texture inspection
Bmori1_room_8Tex_016AB0,UNKNOWN,UNKNOWN,no semantic evidence (offset-named or unkeyworded),in-engine draw capture + surface mapping; visual texture inspection
Bmori1_room_9Tex_0048B8,UNKNOWN,UNKNOWN,no semantic evidence (offset-named or unkeyworded),in-engine draw capture + surface mapping; visual texture inspection
Bmori1_room_9Tex_0050B8,UNKNOWN,UNKNOWN,no semantic evidence (offset-named or unkeyworded),in-engine draw capture + surface mapping; visual texture inspection
Bmori1_room_9Tex_0054B8,UNKNOWN,UNKNOWN,no semantic evidence (offset-named or unkeyworded),in-engine draw capture + surface mapping; visual texture inspection
Bmori1_room_9Tex_005CB8,UNKNOWN,UNKNOWN,no semantic evidence (offset-named or unkeyworded),in-engine draw capture + surface mapping; visual texture inspection
Bmori1_room_9Tex_0064B8,UNKNOWN,UNKNOWN,no semantic evidence (offset-named or unkeyworded),in-engine draw capture + surface mapping; visual texture inspection
Bmori1_room_9Tex_006CB8,UNKNOWN,UNKNOWN,no semantic evidence (offset-named or unkeyworded),in-engine draw capture + surface mapping; visual texture inspection
Bmori1_room_9Tex_0074B8,UNKNOWN,UNKNOWN,no semantic evidence (offset-named or unkeyworded),in-engine draw capture + surface mapping; visual texture inspection
Bmori1_room_9Tex_008958,UNKNOWN,UNKNOWN,no semantic evidence (offset-named or unkeyworded),in-engine draw capture + surface mapping; visual texture inspection
Bmori1_room_9Tex_009158,UNKNOWN,UNKNOWN,no semantic evidence (offset-named or unkeyworded),in-engine draw capture + surface mapping; visual texture inspection
Bmori1_sceneTex_014490,UNKNOWN,UNKNOWN,no semantic evidence (offset-named or unkeyworded),in-engine draw capture + surface mapping; visual texture inspection
Bmori1_sceneTex_015590,UNKNOWN,UNKNOWN,no semantic evidence (offset-named or unkeyworded),in-engine draw capture + surface mapping; visual texture inspection
Bmori1_sceneTex_015690,UNKNOWN,UNKNOWN,no semantic evidence (offset-named or unkeyworded),in-engine draw capture + surface mapping; visual texture inspection
Bmori1_sceneTex_015A90,UNKNOWN,UNKNOWN,no semantic evidence (offset-named or unkeyworded),in-engine draw capture + surface mapping; visual texture inspection
Bmori1_sceneTex_015B90,UNKNOWN,UNKNOWN,no semantic evidence (offset-named or unkeyworded),in-engine draw capture + surface mapping; visual texture inspection
gForestTempleDayEntranceTex,UNKNOWN,UNKNOWN,no semantic evidence (offset-named or unkeyworded),in-engine draw capture + surface mapping; visual texture inspection
gForestTempleNightEntranceTex,UNKNOWN,UNKNOWN,no semantic evidence (offset-named or unkeyworded),in-engine draw capture + surface mapping; visual texture inspection
HAKAdanCH_room_0Tex_00D720,UNKNOWN,UNKNOWN,no semantic evidence (offset-named or unkeyworded),in-engine draw capture + surface mapping; visual texture inspection
HAKAdanCH_room_0Tex_00DF20,UNKNOWN,UNKNOWN,no semantic evidence (offset-named or unkeyworded),in-engine draw capture + surface mapping; visual texture inspection
HAKAdanCH_room_0Tex_00E120,UNKNOWN,UNKNOWN,no semantic evidence (offset-named or unkeyworded),in-engine draw capture + surface mapping; visual texture inspection
HAKAdanCH_room_0Tex_00F120,UNKNOWN,UNKNOWN,no semantic evidence (offset-named or unkeyworded),in-engine draw capture + surface mapping; visual texture inspection
HAKAdanCH_room_0Tex_00F920,UNKNOWN,UNKNOWN,no semantic evidence (offset-named or unkeyworded),in-engine draw capture + surface mapping; visual texture inspection
HAKAdanCH_room_0Tex_010120,UNKNOWN,UNKNOWN,no semantic evidence (offset-named or unkeyworded),in-engine draw capture + surface mapping; visual texture inspection
HAKAdanCH_room_0Tex_011120,UNKNOWN,UNKNOWN,no semantic evidence (offset-named or unkeyworded),in-engine draw capture + surface mapping; visual texture inspection
HAKAdanCH_room_0Tex_011920,UNKNOWN,UNKNOWN,no semantic evidence (offset-named or unkeyworded),in-engine draw capture + surface mapping; visual texture inspection
HAKAdanCH_room_0Tex_011D20,UNKNOWN,UNKNOWN,no semantic evidence (offset-named or unkeyworded),in-engine draw capture + surface mapping; visual texture inspection
HAKAdanCH_room_0Tex_011F20,UNKNOWN,UNKNOWN,no semantic evidence (offset-named or unkeyworded),in-engine draw capture + surface mapping; visual texture inspection
HAKAdanCH_room_0Tex_012720,UNKNOWN,UNKNOWN,no semantic evidence (offset-named or unkeyworded),in-engine draw capture + surface mapping; visual texture inspection
HAKAdanCH_room_0Tex_012F20,UNKNOWN,UNKNOWN,no semantic evidence (offset-named or unkeyworded),in-engine draw capture + surface mapping; visual texture inspection
HAKAdanCH_room_0Tex_013120,UNKNOWN,UNKNOWN,no semantic evidence (offset-named or unkeyworded),in-engine draw capture + surface mapping; visual texture inspection
HAKAdanCH_room_0Tex_013320,UNKNOWN,UNKNOWN,no semantic evidence (offset-named or unkeyworded),in-engine draw capture + surface mapping; visual texture inspection
HAKAdanCH_room_0Tex_013720,UNKNOWN,UNKNOWN,no semantic evidence (offset-named or unkeyworded),in-engine draw capture + surface mapping; visual texture inspection
HAKAdanCH_room_0Tex_013F20,UNKNOWN,UNKNOWN,no semantic evidence (offset-named or unkeyworded),in-engine draw capture + surface mapping; visual texture inspection
HAKAdanCH_room_0Tex_014B20,UNKNOWN,UNKNOWN,no semantic evidence (offset-named or unkeyworded),in-engine draw capture + surface mapping; visual texture inspection
HAKAdanCH_room_0Tex_014F20,UNKNOWN,UNKNOWN,no semantic evidence (offset-named or unkeyworded),in-engine draw capture + surface mapping; visual texture inspection
HAKAdanCH_room_1Tex_008D58,UNKNOWN,UNKNOWN,no semantic evidence (offset-named or unkeyworded),in-engine draw capture + surface mapping; visual texture inspection
HAKAdanCH_room_1Tex_008F58,UNKNOWN,UNKNOWN,no semantic evidence (offset-named or unkeyworded),in-engine draw capture + surface mapping; visual texture inspection
HAKAdanCH_room_1Tex_009158,UNKNOWN,UNKNOWN,no semantic evidence (offset-named or unkeyworded),in-engine draw capture + surface mapping; visual texture inspection
HAKAdanCH_room_1Tex_009358,UNKNOWN,UNKNOWN,no semantic evidence (offset-named or unkeyworded),in-engine draw capture + surface mapping; visual texture inspection
HAKAdanCH_room_1Tex_009758,UNKNOWN,UNKNOWN,no semantic evidence (offset-named or unkeyworded),in-engine draw capture + surface mapping; visual texture inspection
HAKAdanCH_room_1Tex_009F58,UNKNOWN,UNKNOWN,no semantic evidence (offset-named or unkeyworded),in-engine draw capture + surface mapping; visual texture inspection
HAKAdanCH_room_1Tex_00A158,UNKNOWN,UNKNOWN,no semantic evidence (offset-named or unkeyworded),in-engine draw capture + surface mapping; visual texture inspection
HAKAdanCH_room_1Tex_00A558,UNKNOWN,UNKNOWN,no semantic evidence (offset-named or unkeyworded),in-engine draw capture + surface mapping; visual texture inspection
HAKAdanCH_room_1Tex_00AD58,UNKNOWN,UNKNOWN,no semantic evidence (offset-named or unkeyworded),in-engine draw capture + surface mapping; visual texture inspection
HAKAdanCH_room_2Tex_002958,UNKNOWN,UNKNOWN,no semantic evidence (offset-named or unkeyworded),in-engine draw capture + surface mapping; visual texture inspection
HAKAdanCH_room_2Tex_002B58,UNKNOWN,UNKNOWN,no semantic evidence (offset-named or unkeyworded),in-engine draw capture + surface mapping; visual texture inspection
HAKAdanCH_room_2Tex_002D58,UNKNOWN,UNKNOWN,no semantic evidence (offset-named or unkeyworded),in-engine draw capture + surface mapping; visual texture inspection
HAKAdanCH_room_2Tex_002F58,UNKNOWN,UNKNOWN,no semantic evidence (offset-named or unkeyworded),in-engine draw capture + surface mapping; visual texture inspection
HAKAdanCH_room_3Tex_0014C0,UNKNOWN,UNKNOWN,no semantic evidence (offset-named or unkeyworded),in-engine draw capture + surface mapping; visual texture inspection
HAKAdanCH_room_4Tex_001498,UNKNOWN,UNKNOWN,no semantic evidence (offset-named or unkeyworded),in-engine draw capture + surface mapping; visual texture inspection
HAKAdanCH_room_4Tex_001C98,UNKNOWN,UNKNOWN,no semantic evidence (offset-named or unkeyworded),in-engine draw capture + surface mapping; visual texture inspection
HAKAdanCH_room_5Tex_001190,UNKNOWN,UNKNOWN,no semantic evidence (offset-named or unkeyworded),in-engine draw capture + surface mapping; visual texture inspection
HAKAdanCH_room_5Tex_002190,UNKNOWN,UNKNOWN,no semantic evidence (offset-named or unkeyworded),in-engine draw capture + surface mapping; visual texture inspection
HAKAdanCH_room_6Tex_000EA0,UNKNOWN,UNKNOWN,no semantic evidence (offset-named or unkeyworded),in-engine draw capture + surface mapping; visual texture inspection
HAKAdanCH_room_6Tex_0016A0,UNKNOWN,UNKNOWN,no semantic evidence (offset-named or unkeyworded),in-engine draw capture + surface mapping; visual texture inspection
HAKAdanCH_room_6Tex_0026A0,UNKNOWN,UNKNOWN,no semantic evidence (offset-named or unkeyworded),in-engine draw capture + surface mapping; visual texture inspection
HAKAdanCH_sceneTex_00A590,UNKNOWN,UNKNOWN,no semantic evidence (offset-named or unkeyworded),in-engine draw capture + surface mapping; visual texture inspection
HAKAdanCH_sceneTex_00AD90,UNKNOWN,UNKNOWN,no semantic evidence (offset-named or unkeyworded),in-engine draw capture + surface mapping; visual texture inspection
HAKAdanCH_sceneTex_00B590,UNKNOWN,UNKNOWN,no semantic evidence (offset-named or unkeyworded),in-engine draw capture + surface mapping; visual texture inspection
HAKAdanCH_sceneTex_00BD90,UNKNOWN,UNKNOWN,no semantic evidence (offset-named or unkeyworded),in-engine draw capture + surface mapping; visual texture inspection
HAKAdan_room_0Tex_008230,UNKNOWN,UNKNOWN,no semantic evidence (offset-named or unkeyworded),in-engine draw capture + surface mapping; visual texture inspection
HAKAdan_room_0Tex_009230,UNKNOWN,UNKNOWN,no semantic evidence (offset-named or unkeyworded),in-engine draw capture + surface mapping; visual texture inspection
HAKAdan_room_0Tex_00A230,UNKNOWN,UNKNOWN,no semantic evidence (offset-named or unkeyworded),in-engine draw capture + surface mapping; visual texture inspection
HAKAdan_room_0Tex_00AD48,UNKNOWN,UNKNOWN,no semantic evidence (offset-named or unkeyworded),in-engine draw capture + surface mapping; visual texture inspection
HAKAdan_room_10Tex_0039F0,UNKNOWN,UNKNOWN,no semantic evidence (offset-named or unkeyworded),in-engine draw capture + surface mapping; visual texture inspection
HAKAdan_room_10Tex_003DF0,UNKNOWN,UNKNOWN,no semantic evidence (offset-named or unkeyworded),in-engine draw capture + surface mapping; visual texture inspection
HAKAdan_room_10Tex_003FF0,UNKNOWN,UNKNOWN,no semantic evidence (offset-named or unkeyworded),in-engine draw capture + surface mapping; visual texture inspection
HAKAdan_room_10Tex_004FF0,UNKNOWN,UNKNOWN,no semantic evidence (offset-named or unkeyworded),in-engine draw capture + surface mapping; visual texture inspection
HAKAdan_room_10Tex_005FF0,UNKNOWN,UNKNOWN,no semantic evidence (offset-named or unkeyworded),in-engine draw capture + surface mapping; visual texture inspection
HAKAdan_room_10Tex_0067F0,UNKNOWN,UNKNOWN,no semantic evidence (offset-named or unkeyworded),in-engine draw capture + surface mapping; visual texture inspection
HAKAdan_room_10Tex_006BF0,UNKNOWN,UNKNOWN,no semantic evidence (offset-named or unkeyworded),in-engine draw capture + surface mapping; visual texture inspection
HAKAdan_room_10Tex_0073F0,UNKNOWN,UNKNOWN,no semantic evidence (offset-named or unkeyworded),in-engine draw capture + surface mapping; visual texture inspection
HAKAdan_room_11Tex_001E60,UNKNOWN,UNKNOWN,no semantic evidence (offset-named or unkeyworded),in-engine draw capture + surface mapping; visual texture inspection
HAKAdan_room_11Tex_002660,UNKNOWN,UNKNOWN,no semantic evidence (offset-named or unkeyworded),in-engine draw capture + surface mapping; visual texture inspection
HAKAdan_room_11Tex_002A60,UNKNOWN,UNKNOWN,no semantic evidence (offset-named or unkeyworded),in-engine draw capture + surface mapping; visual texture inspection
HAKAdan_room_11Tex_002C60,UNKNOWN,UNKNOWN,no semantic evidence (offset-named or unkeyworded),in-engine draw capture + surface mapping; visual texture inspection
HAKAdan_room_11Tex_003460,UNKNOWN,UNKNOWN,no semantic evidence (offset-named or unkeyworded),in-engine draw capture + surface mapping; visual texture inspection
HAKAdan_room_11Tex_003C60,UNKNOWN,UNKNOWN,no semantic evidence (offset-named or unkeyworded),in-engine draw capture + surface mapping; visual texture inspection
HAKAdan_room_12Tex_003348,UNKNOWN,UNKNOWN,no semantic evidence (offset-named or unkeyworded),in-engine draw capture + surface mapping; visual texture inspection
HAKAdan_room_12Tex_003548,UNKNOWN,UNKNOWN,no semantic evidence (offset-named or unkeyworded),in-engine draw capture + surface mapping; visual texture inspection
HAKAdan_room_12Tex_003748,UNKNOWN,UNKNOWN,no semantic evidence (offset-named or unkeyworded),in-engine draw capture + surface mapping; visual texture inspection
HAKAdan_room_12Tex_003B48,UNKNOWN,UNKNOWN,no semantic evidence (offset-named or unkeyworded),in-engine draw capture + surface mapping; visual texture inspection
HAKAdan_room_12Tex_003D48,UNKNOWN,UNKNOWN,no semantic evidence (offset-named or unkeyworded),in-engine draw capture + surface mapping; visual texture inspection
HAKAdan_room_12Tex_004D48,UNKNOWN,UNKNOWN,no semantic evidence (offset-named or unkeyworded),in-engine draw capture + surface mapping; visual texture inspection
HAKAdan_room_12Tex_005548,UNKNOWN,UNKNOWN,no semantic evidence (offset-named or unkeyworded),in-engine draw capture + surface mapping; visual texture inspection
HAKAdan_room_13Tex_000818,UNKNOWN,UNKNOWN,no semantic evidence (offset-named or unkeyworded),in-engine draw capture + surface mapping; visual texture inspection
HAKAdan_room_14Tex_003500,UNKNOWN,UNKNOWN,no semantic evidence (offset-named or unkeyworded),in-engine draw capture + surface mapping; visual texture inspection
HAKAdan_room_14Tex_003700,UNKNOWN,UNKNOWN,no semantic evidence (offset-named or unkeyworded),in-engine draw capture + surface mapping; visual texture inspection
HAKAdan_room_14Tex_003900,UNKNOWN,UNKNOWN,no semantic evidence (offset-named or unkeyworded),in-engine draw capture + surface mapping; visual texture inspection
HAKAdan_room_14Tex_003D00,UNKNOWN,UNKNOWN,no semantic evidence (offset-named or unkeyworded),in-engine draw capture + surface mapping; visual texture inspection
HAKAdan_room_14Tex_003F00,UNKNOWN,UNKNOWN,no semantic evidence (offset-named or unkeyworded),in-engine draw capture + surface mapping; visual texture inspection
HAKAdan_room_14Tex_004F00,UNKNOWN,UNKNOWN,no semantic evidence (offset-named or unkeyworded),in-engine draw capture + surface mapping; visual texture inspection
HAKAdan_room_14Tex_005700,UNKNOWN,UNKNOWN,no semantic evidence (offset-named or unkeyworded),in-engine draw capture + surface mapping; visual texture inspection
HAKAdan_room_15Tex_0056C0,UNKNOWN,UNKNOWN,no semantic evidence (offset-named or unkeyworded),in-engine draw capture + surface mapping; visual texture inspection
HAKAdan_room_15Tex_0058C0,UNKNOWN,UNKNOWN,no semantic evidence (offset-named or unkeyworded),in-engine draw capture + surface mapping; visual texture inspection
HAKAdan_room_15Tex_005AC0,UNKNOWN,UNKNOWN,no semantic evidence (offset-named or unkeyworded),in-engine draw capture + surface mapping; visual texture inspection
HAKAdan_room_15Tex_005EC0,UNKNOWN,UNKNOWN,no semantic evidence (offset-named or unkeyworded),in-engine draw capture + surface mapping; visual texture inspection
HAKAdan_room_15Tex_0060C0,UNKNOWN,UNKNOWN,no semantic evidence (offset-named or unkeyworded),in-engine draw capture + surface mapping; visual texture inspection
HAKAdan_room_15Tex_0068C0,UNKNOWN,UNKNOWN,no semantic evidence (offset-named or unkeyworded),in-engine draw capture + surface mapping; visual texture inspection
HAKAdan_room_15Tex_0070C0,UNKNOWN,UNKNOWN,no semantic evidence (offset-named or unkeyworded),in-engine draw capture + surface mapping; visual texture inspection
HAKAdan_room_16Tex_001930,UNKNOWN,UNKNOWN,no semantic evidence (offset-named or unkeyworded),in-engine draw capture + surface mapping; visual texture inspection
HAKAdan_room_17Tex_001248,UNKNOWN,UNKNOWN,no semantic evidence (offset-named or unkeyworded),in-engine draw capture + surface mapping; visual texture inspection
HAKAdan_room_17Tex_001448,UNKNOWN,UNKNOWN,no semantic evidence (offset-named or unkeyworded),in-engine draw capture + surface mapping; visual texture inspection
HAKAdan_room_17Tex_001C48,UNKNOWN,UNKNOWN,no semantic evidence (offset-named or unkeyworded),in-engine draw capture + surface mapping; visual texture inspection
HAKAdan_room_17Tex_002048,UNKNOWN,UNKNOWN,no semantic evidence (offset-named or unkeyworded),in-engine draw capture + surface mapping; visual texture inspection
HAKAdan_room_17Tex_0025D8,UNKNOWN,UNKNOWN,no semantic evidence (offset-named or unkeyworded),in-engine draw capture + surface mapping; visual texture inspection
HAKAdan_room_18Tex_00B908,UNKNOWN,UNKNOWN,no semantic evidence (offset-named or unkeyworded),in-engine draw capture + surface mapping; visual texture inspection
HAKAdan_room_18Tex_00BB08,UNKNOWN,UNKNOWN,no semantic evidence (offset-named or unkeyworded),in-engine draw capture + surface mapping; visual texture inspection
HAKAdan_room_18Tex_00BF08,UNKNOWN,UNKNOWN,no semantic evidence (offset-named or unkeyworded),in-engine draw capture + surface mapping; visual texture inspection
HAKAdan_room_18Tex_00C708,UNKNOWN,UNKNOWN,no semantic evidence (offset-named or unkeyworded),in-engine draw capture + surface mapping; visual texture inspection
HAKAdan_room_18Tex_00C908,UNKNOWN,UNKNOWN,no semantic evidence (offset-named or unkeyworded),in-engine draw capture + surface mapping; visual texture inspection
HAKAdan_room_18Tex_00CB08,UNKNOWN,UNKNOWN,no semantic evidence (offset-named or unkeyworded),in-engine draw capture + surface mapping; visual texture inspection
HAKAdan_room_18Tex_00CD08,UNKNOWN,UNKNOWN,no semantic evidence (offset-named or unkeyworded),in-engine draw capture + surface mapping; visual texture inspection
HAKAdan_room_18Tex_00CF08,UNKNOWN,UNKNOWN,no semantic evidence (offset-named or unkeyworded),in-engine draw capture + surface mapping; visual texture inspection
HAKAdan_room_19Tex_001578,UNKNOWN,UNKNOWN,no semantic evidence (offset-named or unkeyworded),in-engine draw capture + surface mapping; visual texture inspection
HAKAdan_room_19Tex_002578,UNKNOWN,UNKNOWN,no semantic evidence (offset-named or unkeyworded),in-engine draw capture + surface mapping; visual texture inspection
HAKAdan_room_1Tex_0012E8,UNKNOWN,UNKNOWN,no semantic evidence (offset-named or unkeyworded),in-engine draw capture + surface mapping; visual texture inspection
HAKAdan_room_20Tex_001640,UNKNOWN,UNKNOWN,no semantic evidence (offset-named or unkeyworded),in-engine draw capture + surface mapping; visual texture inspection
HAKAdan_room_21Tex_006E00,UNKNOWN,UNKNOWN,no semantic evidence (offset-named or unkeyworded),in-engine draw capture + surface mapping; visual texture inspection
HAKAdan_room_21Tex_007600,UNKNOWN,UNKNOWN,no semantic evidence (offset-named or unkeyworded),in-engine draw capture + surface mapping; visual texture inspection
HAKAdan_room_21Tex_007800,UNKNOWN,UNKNOWN,no semantic evidence (offset-named or unkeyworded),in-engine draw capture + surface mapping; visual texture inspection
HAKAdan_room_21Tex_008800,UNKNOWN,UNKNOWN,no semantic evidence (offset-named or unkeyworded),in-engine draw capture + surface mapping; visual texture inspection
HAKAdan_room_21Tex_009000,UNKNOWN,UNKNOWN,no semantic evidence (offset-named or unkeyworded),in-engine draw capture + surface mapping; visual texture inspection
HAKAdan_room_21Tex_009800,UNKNOWN,UNKNOWN,no semantic evidence (offset-named or unkeyworded),in-engine draw capture + surface mapping; visual texture inspection
HAKAdan_room_21Tex_00A000,UNKNOWN,UNKNOWN,no semantic evidence (offset-named or unkeyworded),in-engine draw capture + surface mapping; visual texture inspection
HAKAdan_room_21Tex_00A800,UNKNOWN,UNKNOWN,no semantic evidence (offset-named or unkeyworded),in-engine draw capture + surface mapping; visual texture inspection
HAKAdan_room_21Tex_00AA00,UNKNOWN,UNKNOWN,no semantic evidence (offset-named or unkeyworded),in-engine draw capture + surface mapping; visual texture inspection
HAKAdan_room_21Tex_00ADA8,UNKNOWN,UNKNOWN,no semantic evidence (offset-named or unkeyworded),in-engine draw capture + surface mapping; visual texture inspection
HAKAdan_room_22Tex_000FA8,UNKNOWN,UNKNOWN,no semantic evidence (offset-named or unkeyworded),in-engine draw capture + surface mapping; visual texture inspection
HAKAdan_room_22Tex_0011A8,UNKNOWN,UNKNOWN,no semantic evidence (offset-named or unkeyworded),in-engine draw capture + surface mapping; visual texture inspection
HAKAdan_room_22Tex_0021A8,UNKNOWN,UNKNOWN,no semantic evidence (offset-named or unkeyworded),in-engine draw capture + surface mapping; visual texture inspection
HAKAdan_room_2Tex_006BD8,UNKNOWN,UNKNOWN,no semantic evidence (offset-named or unkeyworded),in-engine draw capture + surface mapping; visual texture inspection
HAKAdan_room_2Tex_0073D8,UNKNOWN,UNKNOWN,no semantic evidence (offset-named or unkeyworded),in-engine draw capture + surface mapping; visual texture inspection
HAKAdan_room_2Tex_0077D8,UNKNOWN,UNKNOWN,no semantic evidence (offset-named or unkeyworded),in-engine draw capture + surface mapping; visual texture inspection
HAKAdan_room_2Tex_007FD8,UNKNOWN,UNKNOWN,no semantic evidence (offset-named or unkeyworded),in-engine draw capture + surface mapping; visual texture inspection
HAKAdan_room_2Tex_0081D8,UNKNOWN,UNKNOWN,no semantic evidence (offset-named or unkeyworded),in-engine draw capture + surface mapping; visual texture inspection
HAKAdan_room_2Tex_0091D8,UNKNOWN,UNKNOWN,no semantic evidence (offset-named or unkeyworded),in-engine draw capture + surface mapping; visual texture inspection
HAKAdan_room_2Tex_0099D8,UNKNOWN,UNKNOWN,no semantic evidence (offset-named or unkeyworded),in-engine draw capture + surface mapping; visual texture inspection
HAKAdan_room_2Tex_009BD8,UNKNOWN,UNKNOWN,no semantic evidence (offset-named or unkeyworded),in-engine draw capture + surface mapping; visual texture inspection
HAKAdan_room_2Tex_00A3D8,UNKNOWN,UNKNOWN,no semantic evidence (offset-named or unkeyworded),in-engine draw capture + surface mapping; visual texture inspection
HAKAdan_room_2Tex_00A5D8,UNKNOWN,UNKNOWN,no semantic evidence (offset-named or unkeyworded),in-engine draw capture + surface mapping; visual texture inspection
HAKAdan_room_2Tex_00A7D8,UNKNOWN,UNKNOWN,no semantic evidence (offset-named or unkeyworded),in-engine draw capture + surface mapping; visual texture inspection
HAKAdan_room_3Tex_001578,UNKNOWN,UNKNOWN,no semantic evidence (offset-named or unkeyworded),in-engine draw capture + surface mapping; visual texture inspection
HAKAdan_room_3Tex_001D78,UNKNOWN,UNKNOWN,no semantic evidence (offset-named or unkeyworded),in-engine draw capture + surface mapping; visual texture inspection
HAKAdan_room_3Tex_002578,UNKNOWN,UNKNOWN,no semantic evidence (offset-named or unkeyworded),in-engine draw capture + surface mapping; visual texture inspection
HAKAdan_room_3Tex_002778,UNKNOWN,UNKNOWN,no semantic evidence (offset-named or unkeyworded),in-engine draw capture + surface mapping; visual texture inspection
HAKAdan_room_4Tex_001458,UNKNOWN,UNKNOWN,no semantic evidence (offset-named or unkeyworded),in-engine draw capture + surface mapping; visual texture inspection
HAKAdan_room_5Tex_003CC0,UNKNOWN,UNKNOWN,no semantic evidence (offset-named or unkeyworded),in-engine draw capture + surface mapping; visual texture inspection
HAKAdan_room_5Tex_0040C0,UNKNOWN,UNKNOWN,no semantic evidence (offset-named or unkeyworded),in-engine draw capture + surface mapping; visual texture inspection
HAKAdan_room_5Tex_0048C0,UNKNOWN,UNKNOWN,no semantic evidence (offset-named or unkeyworded),in-engine draw capture + surface mapping; visual texture inspection
HAKAdan_room_5Tex_004AC0,UNKNOWN,UNKNOWN,no semantic evidence (offset-named or unkeyworded),in-engine draw capture + surface mapping; visual texture inspection
HAKAdan_room_5Tex_0052C0,UNKNOWN,UNKNOWN,no semantic evidence (offset-named or unkeyworded),in-engine draw capture + surface mapping; visual texture inspection
HAKAdan_room_6Tex_004BF0,UNKNOWN,UNKNOWN,no semantic evidence (offset-named or unkeyworded),in-engine draw capture + surface mapping; visual texture inspection
HAKAdan_room_6Tex_0053F0,UNKNOWN,UNKNOWN,no semantic evidence (offset-named or unkeyworded),in-engine draw capture + surface mapping; visual texture inspection
HAKAdan_room_6Tex_0055F0,UNKNOWN,UNKNOWN,no semantic evidence (offset-named or unkeyworded),in-engine draw capture + surface mapping; visual texture inspection
HAKAdan_room_6Tex_0065F0,UNKNOWN,UNKNOWN,no semantic evidence (offset-named or unkeyworded),in-engine draw capture + surface mapping; visual texture inspection
HAKAdan_room_6Tex_006DF0,UNKNOWN,UNKNOWN,no semantic evidence (offset-named or unkeyworded),in-engine draw capture + surface mapping; visual texture inspection
HAKAdan_room_6Tex_0071F0,UNKNOWN,UNKNOWN,no semantic evidence (offset-named or unkeyworded),in-engine draw capture + surface mapping; visual texture inspection
HAKAdan_room_7Tex_0012D8,UNKNOWN,UNKNOWN,no semantic evidence (offset-named or unkeyworded),in-engine draw capture + surface mapping; visual texture inspection
HAKAdan_room_8Tex_003098,UNKNOWN,UNKNOWN,no semantic evidence (offset-named or unkeyworded),in-engine draw capture + surface mapping; visual texture inspection
HAKAdan_room_8Tex_003298,UNKNOWN,UNKNOWN,no semantic evidence (offset-named or unkeyworded),in-engine draw capture + surface mapping; visual texture inspection
HAKAdan_room_8Tex_004298,UNKNOWN,UNKNOWN,no semantic evidence (offset-named or unkeyworded),in-engine draw capture + surface mapping; visual texture inspection
HAKAdan_room_8Tex_004A98,UNKNOWN,UNKNOWN,no semantic evidence (offset-named or unkeyworded),in-engine draw capture + surface mapping; visual texture inspection
HAKAdan_room_8Tex_004C98,UNKNOWN,UNKNOWN,no semantic evidence (offset-named or unkeyworded),in-engine draw capture + surface mapping; visual texture inspection
HAKAdan_room_9Tex_009090,UNKNOWN,UNKNOWN,no semantic evidence (offset-named or unkeyworded),in-engine draw capture + surface mapping; visual texture inspection
HAKAdan_room_9Tex_009890,UNKNOWN,UNKNOWN,no semantic evidence (offset-named or unkeyworded),in-engine draw capture + surface mapping; visual texture inspection
HAKAdan_room_9Tex_00A090,UNKNOWN,UNKNOWN,no semantic evidence (offset-named or unkeyworded),in-engine draw capture + surface mapping; visual texture inspection
HAKAdan_room_9Tex_00A290,UNKNOWN,UNKNOWN,no semantic evidence (offset-named or unkeyworded),in-engine draw capture + surface mapping; visual texture inspection
HAKAdan_room_9Tex_00B290,UNKNOWN,UNKNOWN,no semantic evidence (offset-named or unkeyworded),in-engine draw capture + surface mapping; visual texture inspection
HAKAdan_room_9Tex_00BA90,UNKNOWN,UNKNOWN,no semantic evidence (offset-named or unkeyworded),in-engine draw capture + surface mapping; visual texture inspection
HAKAdan_room_9Tex_00BE90,UNKNOWN,UNKNOWN,no semantic evidence (offset-named or unkeyworded),in-engine draw capture + surface mapping; visual texture inspection
HAKAdan_room_9Tex_00C690,UNKNOWN,UNKNOWN,no semantic evidence (offset-named or unkeyworded),in-engine draw capture + surface mapping; visual texture inspection
HAKAdan_room_9Tex_00C890,UNKNOWN,UNKNOWN,no semantic evidence (offset-named or unkeyworded),in-engine draw capture + surface mapping; visual texture inspection
HAKAdan_sceneTex_0163C0,UNKNOWN,UNKNOWN,no semantic evidence (offset-named or unkeyworded),in-engine draw capture + surface mapping; visual texture inspection
HAKAdan_sceneTex_016BC0,UNKNOWN,UNKNOWN,no semantic evidence (offset-named or unkeyworded),in-engine draw capture + surface mapping; visual texture inspection
HAKAdan_sceneTex_0173C0,UNKNOWN,UNKNOWN,no semantic evidence (offset-named or unkeyworded),in-engine draw capture + surface mapping; visual texture inspection
HAKAdan_sceneTex_017BC0,UNKNOWN,UNKNOWN,no semantic evidence (offset-named or unkeyworded),in-engine draw capture + surface mapping; visual texture inspection
HIDAN_room_0Tex_004EF0,STONE,UNKNOWN,LOW confidence scene/keyword prior only,in-engine draw capture + surface mapping; visual texture inspection
HIDAN_room_0Tex_0052F0,STONE,UNKNOWN,LOW confidence scene/keyword prior only,in-engine draw capture + surface mapping; visual texture inspection
HIDAN_room_0Tex_0056F0,STONE,UNKNOWN,LOW confidence scene/keyword prior only,in-engine draw capture + surface mapping; visual texture inspection
HIDAN_room_0Tex_005AF0,STONE,UNKNOWN,LOW confidence scene/keyword prior only,in-engine draw capture + surface mapping; visual texture inspection
HIDAN_room_0Tex_005CF0,STONE,UNKNOWN,LOW confidence scene/keyword prior only,in-engine draw capture + surface mapping; visual texture inspection
HIDAN_room_0Tex_005EF0,STONE,UNKNOWN,LOW confidence scene/keyword prior only,in-engine draw capture + surface mapping; visual texture inspection
HIDAN_room_0Tex_0062F0,STONE,UNKNOWN,LOW confidence scene/keyword prior only,in-engine draw capture + surface mapping; visual texture inspection
HIDAN_room_10Tex_011818,STONE,UNKNOWN,LOW confidence scene/keyword prior only,in-engine draw capture + surface mapping; visual texture inspection
HIDAN_room_10Tex_011A18,STONE,UNKNOWN,LOW confidence scene/keyword prior only,in-engine draw capture + surface mapping; visual texture inspection
HIDAN_room_10Tex_012218,STONE,UNKNOWN,LOW confidence scene/keyword prior only,in-engine draw capture + surface mapping; visual texture inspection
HIDAN_room_10Tex_012618,STONE,UNKNOWN,LOW confidence scene/keyword prior only,in-engine draw capture + surface mapping; visual texture inspection
HIDAN_room_10Tex_012E18,STONE,UNKNOWN,LOW confidence scene/keyword prior only,in-engine draw capture + surface mapping; visual texture inspection
HIDAN_room_10Tex_013218,STONE,UNKNOWN,LOW confidence scene/keyword prior only,in-engine draw capture + surface mapping; visual texture inspection
HIDAN_room_10Tex_013418,STONE,UNKNOWN,LOW confidence scene/keyword prior only,in-engine draw capture + surface mapping; visual texture inspection
HIDAN_room_10Tex_014418,STONE,UNKNOWN,LOW confidence scene/keyword prior only,in-engine draw capture + surface mapping; visual texture inspection
HIDAN_room_10Tex_015418,STONE,UNKNOWN,LOW confidence scene/keyword prior only,in-engine draw capture + surface mapping; visual texture inspection
HIDAN_room_10Tex_015818,STONE,UNKNOWN,LOW confidence scene/keyword prior only,in-engine draw capture + surface mapping; visual texture inspection
HIDAN_room_10Tex_015A18,STONE,UNKNOWN,LOW confidence scene/keyword prior only,in-engine draw capture + surface mapping; visual texture inspection
HIDAN_room_10Tex_016A18,STONE,UNKNOWN,LOW confidence scene/keyword prior only,in-engine draw capture + surface mapping; visual texture inspection
HIDAN_room_10Tex_016C18,STONE,UNKNOWN,LOW confidence scene/keyword prior only,in-engine draw capture + surface mapping; visual texture inspection
HIDAN_room_10Tex_017018,STONE,UNKNOWN,LOW confidence scene/keyword prior only,in-engine draw capture + surface mapping; visual texture inspection
HIDAN_room_10Tex_017818,STONE,UNKNOWN,LOW confidence scene/keyword prior only,in-engine draw capture + surface mapping; visual texture inspection
HIDAN_room_10Tex_017C18,STONE,UNKNOWN,LOW confidence scene/keyword prior only,in-engine draw capture + surface mapping; visual texture inspection
HIDAN_room_11Tex_0027D8,STONE,UNKNOWN,LOW confidence scene/keyword prior only,in-engine draw capture + surface mapping; visual texture inspection
HIDAN_room_11Tex_002FD8,STONE,UNKNOWN,LOW confidence scene/keyword prior only,in-engine draw capture + surface mapping; visual texture inspection
HIDAN_room_11Tex_0033D8,STONE,UNKNOWN,LOW confidence scene/keyword prior only,in-engine draw capture + surface mapping; visual texture inspection
HIDAN_room_12Tex_001D68,STONE,UNKNOWN,LOW confidence scene/keyword prior only,in-engine draw capture + surface mapping; visual texture inspection
HIDAN_room_12Tex_001F68,STONE,UNKNOWN,LOW confidence scene/keyword prior only,in-engine draw capture + surface mapping; visual texture inspection
HIDAN_room_12Tex_002768,STONE,UNKNOWN,LOW confidence scene/keyword prior only,in-engine draw capture + surface mapping; visual texture inspection
HIDAN_room_13Tex_00A788,STONE,UNKNOWN,LOW confidence scene/keyword prior only,in-engine draw capture + surface mapping; visual texture inspection
HIDAN_room_13Tex_00AF88,STONE,UNKNOWN,LOW confidence scene/keyword prior only,in-engine draw capture + surface mapping; visual texture inspection
HIDAN_room_13Tex_00B388,STONE,UNKNOWN,LOW confidence scene/keyword prior only,in-engine draw capture + surface mapping; visual texture inspection
HIDAN_room_13Tex_00B788,STONE,UNKNOWN,LOW confidence scene/keyword prior only,in-engine draw capture + surface mapping; visual texture inspection
HIDAN_room_13Tex_00BB88,STONE,UNKNOWN,LOW confidence scene/keyword prior only,in-engine draw capture + surface mapping; visual texture inspection
HIDAN_room_13Tex_00C388,STONE,UNKNOWN,LOW confidence scene/keyword prior only,in-engine draw capture + surface mapping; visual texture inspection
HIDAN_room_14Tex_0019F8,STONE,UNKNOWN,LOW confidence scene/keyword prior only,in-engine draw capture + surface mapping; visual texture inspection
HIDAN_room_14Tex_001DF8,STONE,UNKNOWN,LOW confidence scene/keyword prior only,in-engine draw capture + surface mapping; visual texture inspection
HIDAN_room_15Tex_000D88,STONE,UNKNOWN,LOW confidence scene/keyword prior only,in-engine draw capture + surface mapping; visual texture inspection
HIDAN_room_16Tex_006DE0,STONE,UNKNOWN,LOW confidence scene/keyword prior only,in-engine draw capture + surface mapping; visual texture inspection
HIDAN_room_16Tex_006FE0,STONE,UNKNOWN,LOW confidence scene/keyword prior only,in-engine draw capture + surface mapping; visual texture inspection
HIDAN_room_16Tex_0077E0,STONE,UNKNOWN,LOW confidence scene/keyword prior only,in-engine draw capture + surface mapping; visual texture inspection
HIDAN_room_16Tex_007FE0,STONE,UNKNOWN,LOW confidence scene/keyword prior only,in-engine draw capture + surface mapping; visual texture inspection
HIDAN_room_16Tex_0083E0,STONE,UNKNOWN,LOW confidence scene/keyword prior only,in-engine draw capture + surface mapping; visual texture inspection
HIDAN_room_16Tex_0085E0,STONE,UNKNOWN,LOW confidence scene/keyword prior only,in-engine draw capture + surface mapping; visual texture inspection
HIDAN_room_16Tex_008DE0,STONE,UNKNOWN,LOW confidence scene/keyword prior only,in-engine draw capture + surface mapping; visual texture inspection
HIDAN_room_16Tex_0091E0,STONE,UNKNOWN,LOW confidence scene/keyword prior only,in-engine draw capture + surface mapping; visual texture inspection
HIDAN_room_16Tex_0095E0,STONE,UNKNOWN,LOW confidence scene/keyword prior only,in-engine draw capture + surface mapping; visual texture inspection
HIDAN_room_16Tex_009DE0,STONE,UNKNOWN,LOW confidence scene/keyword prior only,in-engine draw capture + surface mapping; visual texture inspection
HIDAN_room_16Tex_00A5E0,STONE,UNKNOWN,LOW confidence scene/keyword prior only,in-engine draw capture + surface mapping; visual texture inspection
HIDAN_room_16Tex_00A9E0,STONE,UNKNOWN,LOW confidence scene/keyword prior only,in-engine draw capture + surface mapping; visual texture inspection
HIDAN_room_16Tex_00B1E0,STONE,UNKNOWN,LOW confidence scene/keyword prior only,in-engine draw capture + surface mapping; visual texture inspection
HIDAN_room_17Tex_005168,STONE,UNKNOWN,LOW confidence scene/keyword prior only,in-engine draw capture + surface mapping; visual texture inspection
HIDAN_room_17Tex_005968,STONE,UNKNOWN,LOW confidence scene/keyword prior only,in-engine draw capture + surface mapping; visual texture inspection
HIDAN_room_17Tex_006168,STONE,UNKNOWN,LOW confidence scene/keyword prior only,in-engine draw capture + surface mapping; visual texture inspection
HIDAN_room_17Tex_006968,STONE,UNKNOWN,LOW confidence scene/keyword prior only,in-engine draw capture + surface mapping; visual texture inspection
HIDAN_room_17Tex_007168,STONE,UNKNOWN,LOW confidence scene/keyword prior only,in-engine draw capture + surface mapping; visual texture inspection
HIDAN_room_17Tex_007968,STONE,UNKNOWN,LOW confidence scene/keyword prior only,in-engine draw capture + surface mapping; visual texture inspection
HIDAN_room_17Tex_008168,STONE,UNKNOWN,LOW confidence scene/keyword prior only,in-engine draw capture + surface mapping; visual texture inspection
HIDAN_room_17Tex_008968,STONE,UNKNOWN,LOW confidence scene/keyword prior only,in-engine draw capture + surface mapping; visual texture inspection
HIDAN_room_18Tex_0027F8,STONE,UNKNOWN,LOW confidence scene/keyword prior only,in-engine draw capture + surface mapping; visual texture inspection
HIDAN_room_18Tex_002FF8,STONE,UNKNOWN,LOW confidence scene/keyword prior only,in-engine draw capture + surface mapping; visual texture inspection
HIDAN_room_18Tex_0033F8,STONE,UNKNOWN,LOW confidence scene/keyword prior only,in-engine draw capture + surface mapping; visual texture inspection
HIDAN_room_18Tex_0037F8,STONE,UNKNOWN,LOW confidence scene/keyword prior only,in-engine draw capture + surface mapping; visual texture inspection
HIDAN_room_18Tex_0039F8,STONE,UNKNOWN,LOW confidence scene/keyword prior only,in-engine draw capture + surface mapping; visual texture inspection
HIDAN_room_19Tex_002E28,STONE,UNKNOWN,LOW confidence scene/keyword prior only,in-engine draw capture + surface mapping; visual texture inspection
HIDAN_room_19Tex_003628,STONE,UNKNOWN,LOW confidence scene/keyword prior only,in-engine draw capture + surface mapping; visual texture inspection
HIDAN_room_19Tex_003A28,STONE,UNKNOWN,LOW confidence scene/keyword prior only,in-engine draw capture + surface mapping; visual texture inspection
HIDAN_room_19Tex_003E28,STONE,UNKNOWN,LOW confidence scene/keyword prior only,in-engine draw capture + surface mapping; visual texture inspection
HIDAN_room_19Tex_004028,STONE,UNKNOWN,LOW confidence scene/keyword prior only,in-engine draw capture + surface mapping; visual texture inspection
HIDAN_room_1Tex_008730,STONE,UNKNOWN,LOW confidence scene/keyword prior only,in-engine draw capture + surface mapping; visual texture inspection
HIDAN_room_1Tex_008930,STONE,UNKNOWN,LOW confidence scene/keyword prior only,in-engine draw capture + surface mapping; visual texture inspection
HIDAN_room_1Tex_009130,STONE,UNKNOWN,LOW confidence scene/keyword prior only,in-engine draw capture + surface mapping; visual texture inspection
HIDAN_room_1Tex_009930,STONE,UNKNOWN,LOW confidence scene/keyword prior only,in-engine draw capture + surface mapping; visual texture inspection
HIDAN_room_1Tex_00A130,STONE,UNKNOWN,LOW confidence scene/keyword prior only,in-engine draw capture + surface mapping; visual texture inspection
HIDAN_room_1Tex_00A530,STONE,UNKNOWN,LOW confidence scene/keyword prior only,in-engine draw capture + surface mapping; visual texture inspection
HIDAN_room_1Tex_00B530,STONE,UNKNOWN,LOW confidence scene/keyword prior only,in-engine draw capture + surface mapping; visual texture inspection
HIDAN_room_1Tex_00BD30,STONE,UNKNOWN,LOW confidence scene/keyword prior only,in-engine draw capture + surface mapping; visual texture inspection
HIDAN_room_1Tex_00C130,STONE,UNKNOWN,LOW confidence scene/keyword prior only,in-engine draw capture + surface mapping; visual texture inspection
HIDAN_room_20Tex_002D08,STONE,UNKNOWN,LOW confidence scene/keyword prior only,in-engine draw capture + surface mapping; visual texture inspection
HIDAN_room_20Tex_003508,STONE,UNKNOWN,LOW confidence scene/keyword prior only,in-engine draw capture + surface mapping; visual texture inspection
HIDAN_room_20Tex_003D08,STONE,UNKNOWN,LOW confidence scene/keyword prior only,in-engine draw capture + surface mapping; visual texture inspection
HIDAN_room_20Tex_004508,STONE,UNKNOWN,LOW confidence scene/keyword prior only,in-engine draw capture + surface mapping; visual texture inspection
HIDAN_room_20Tex_004D08,STONE,UNKNOWN,LOW confidence scene/keyword prior only,in-engine draw capture + surface mapping; visual texture inspection
HIDAN_room_20Tex_005508,STONE,UNKNOWN,LOW confidence scene/keyword prior only,in-engine draw capture + surface mapping; visual texture inspection
HIDAN_room_20Tex_005D08,STONE,UNKNOWN,LOW confidence scene/keyword prior only,in-engine draw capture + surface mapping; visual texture inspection
HIDAN_room_20Tex_006508,STONE,UNKNOWN,LOW confidence scene/keyword prior only,in-engine draw capture + surface mapping; visual texture inspection
HIDAN_room_21Tex_004478,STONE,UNKNOWN,LOW confidence scene/keyword prior only,in-engine draw capture + surface mapping; visual texture inspection
HIDAN_room_21Tex_004678,STONE,UNKNOWN,LOW confidence scene/keyword prior only,in-engine draw capture + surface mapping; visual texture inspection
HIDAN_room_21Tex_004E78,STONE,UNKNOWN,LOW confidence scene/keyword prior only,in-engine draw capture + surface mapping; visual texture inspection
HIDAN_room_21Tex_005678,STONE,UNKNOWN,LOW confidence scene/keyword prior only,in-engine draw capture + surface mapping; visual texture inspection
HIDAN_room_21Tex_005E78,STONE,UNKNOWN,LOW confidence scene/keyword prior only,in-engine draw capture + surface mapping; visual texture inspection
HIDAN_room_21Tex_006678,STONE,UNKNOWN,LOW confidence scene/keyword prior only,in-engine draw capture + surface mapping; visual texture inspection
HIDAN_room_21Tex_006A78,STONE,UNKNOWN,LOW confidence scene/keyword prior only,in-engine draw capture + surface mapping; visual texture inspection
HIDAN_room_21Tex_007278,STONE,UNKNOWN,LOW confidence scene/keyword prior only,in-engine draw capture + surface mapping; visual texture inspection
HIDAN_room_21Tex_007478,STONE,UNKNOWN,LOW confidence scene/keyword prior only,in-engine draw capture + surface mapping; visual texture inspection
HIDAN_room_21Tex_007C78,STONE,UNKNOWN,LOW confidence scene/keyword prior only,in-engine draw capture + surface mapping; visual texture inspection
HIDAN_room_22Tex_002AE8,STONE,UNKNOWN,LOW confidence scene/keyword prior only,in-engine draw capture + surface mapping; visual texture inspection
HIDAN_room_22Tex_0032E8,STONE,UNKNOWN,LOW confidence scene/keyword prior only,in-engine draw capture + surface mapping; visual texture inspection
HIDAN_room_22Tex_003AE8,STONE,UNKNOWN,LOW confidence scene/keyword prior only,in-engine draw capture + surface mapping; visual texture inspection
HIDAN_room_22Tex_0042E8,STONE,UNKNOWN,LOW confidence scene/keyword prior only,in-engine draw capture + surface mapping; visual texture inspection
HIDAN_room_22Tex_004AE8,STONE,UNKNOWN,LOW confidence scene/keyword prior only,in-engine draw capture + surface mapping; visual texture inspection
HIDAN_room_22Tex_0052E8,STONE,UNKNOWN,LOW confidence scene/keyword prior only,in-engine draw capture + surface mapping; visual texture inspection
HIDAN_room_22Tex_005AE8,STONE,UNKNOWN,LOW confidence scene/keyword prior only,in-engine draw capture + surface mapping; visual texture inspection
HIDAN_room_22Tex_0062E8,STONE,UNKNOWN,LOW confidence scene/keyword prior only,in-engine draw capture + surface mapping; visual texture inspection
HIDAN_room_23Tex_002D18,STONE,UNKNOWN,LOW confidence scene/keyword prior only,in-engine draw capture + surface mapping; visual texture inspection
HIDAN_room_23Tex_003518,STONE,UNKNOWN,LOW confidence scene/keyword prior only,in-engine draw capture + surface mapping; visual texture inspection
HIDAN_room_23Tex_003D18,STONE,UNKNOWN,LOW confidence scene/keyword prior only,in-engine draw capture + surface mapping; visual texture inspection
HIDAN_room_23Tex_004518,STONE,UNKNOWN,LOW confidence scene/keyword prior only,in-engine draw capture + surface mapping; visual texture inspection
HIDAN_room_23Tex_004D18,STONE,UNKNOWN,LOW confidence scene/keyword prior only,in-engine draw capture + surface mapping; visual texture inspection
HIDAN_room_23Tex_005518,STONE,UNKNOWN,LOW confidence scene/keyword prior only,in-engine draw capture + surface mapping; visual texture inspection
HIDAN_room_23Tex_005D18,STONE,UNKNOWN,LOW confidence scene/keyword prior only,in-engine draw capture + surface mapping; visual texture inspection
HIDAN_room_23Tex_006518,STONE,UNKNOWN,LOW confidence scene/keyword prior only,in-engine draw capture + surface mapping; visual texture inspection
HIDAN_room_24Tex_003B38,STONE,UNKNOWN,LOW confidence scene/keyword prior only,in-engine draw capture + surface mapping; visual texture inspection
HIDAN_room_24Tex_003F38,STONE,UNKNOWN,LOW confidence scene/keyword prior only,in-engine draw capture + surface mapping; visual texture inspection
HIDAN_room_24Tex_004338,STONE,UNKNOWN,LOW confidence scene/keyword prior only,in-engine draw capture + surface mapping; visual texture inspection
HIDAN_room_24Tex_004738,STONE,UNKNOWN,LOW confidence scene/keyword prior only,in-engine draw capture + surface mapping; visual texture inspection
HIDAN_room_24Tex_004938,STONE,UNKNOWN,LOW confidence scene/keyword prior only,in-engine draw capture + surface mapping; visual texture inspection
HIDAN_room_24Tex_004D38,STONE,UNKNOWN,LOW confidence scene/keyword prior only,in-engine draw capture + surface mapping; visual texture inspection
HIDAN_room_25Tex_002AD8,STONE,UNKNOWN,LOW confidence scene/keyword prior only,in-engine draw capture + surface mapping; visual texture inspection
HIDAN_room_25Tex_0032D8,STONE,UNKNOWN,LOW confidence scene/keyword prior only,in-engine draw capture + surface mapping; visual texture inspection
HIDAN_room_25Tex_003AD8,STONE,UNKNOWN,LOW confidence scene/keyword prior only,in-engine draw capture + surface mapping; visual texture inspection
HIDAN_room_25Tex_0042D8,STONE,UNKNOWN,LOW confidence scene/keyword prior only,in-engine draw capture + surface mapping; visual texture inspection
HIDAN_room_25Tex_004AD8,STONE,UNKNOWN,LOW confidence scene/keyword prior only,in-engine draw capture + surface mapping; visual texture inspection
HIDAN_room_25Tex_0052D8,STONE,UNKNOWN,LOW confidence scene/keyword prior only,in-engine draw capture + surface mapping; visual texture inspection
HIDAN_room_25Tex_005AD8,STONE,UNKNOWN,LOW confidence scene/keyword prior only,in-engine draw capture + surface mapping; visual texture inspection
HIDAN_room_25Tex_0062D8,STONE,UNKNOWN,LOW confidence scene/keyword prior only,in-engine draw capture + surface mapping; visual texture inspection
HIDAN_room_26Tex_004A98,STONE,UNKNOWN,LOW confidence scene/keyword prior only,in-engine draw capture + surface mapping; visual texture inspection
HIDAN_room_26Tex_005298,STONE,UNKNOWN,LOW confidence scene/keyword prior only,in-engine draw capture + surface mapping; visual texture inspection
HIDAN_room_26Tex_005698,STONE,UNKNOWN,LOW confidence scene/keyword prior only,in-engine draw capture + surface mapping; visual texture inspection
HIDAN_room_26Tex_005898,STONE,UNKNOWN,LOW confidence scene/keyword prior only,in-engine draw capture + surface mapping; visual texture inspection
HIDAN_room_26Tex_006098,STONE,UNKNOWN,LOW confidence scene/keyword prior only,in-engine draw capture + surface mapping; visual texture inspection
HIDAN_room_2Tex_009628,STONE,UNKNOWN,LOW confidence scene/keyword prior only,in-engine draw capture + surface mapping; visual texture inspection
HIDAN_room_2Tex_009828,STONE,UNKNOWN,LOW confidence scene/keyword prior only,in-engine draw capture + surface mapping; visual texture inspection
HIDAN_room_2Tex_00A028,STONE,UNKNOWN,LOW confidence scene/keyword prior only,in-engine draw capture + surface mapping; visual texture inspection
HIDAN_room_2Tex_00A828,STONE,UNKNOWN,LOW confidence scene/keyword prior only,in-engine draw capture + surface mapping; visual texture inspection
HIDAN_room_2Tex_00AC28,STONE,UNKNOWN,LOW confidence scene/keyword prior only,in-engine draw capture + surface mapping; visual texture inspection
HIDAN_room_2Tex_00BC28,STONE,UNKNOWN,LOW confidence scene/keyword prior only,in-engine draw capture + surface mapping; visual texture inspection
HIDAN_room_2Tex_00CC28,STONE,UNKNOWN,LOW confidence scene/keyword prior only,in-engine draw capture + surface mapping; visual texture inspection
HIDAN_room_2Tex_00CE28,STONE,UNKNOWN,LOW confidence scene/keyword prior only,in-engine draw capture + surface mapping; visual texture inspection
HIDAN_room_2Tex_00DE28,STONE,UNKNOWN,LOW confidence scene/keyword prior only,in-engine draw capture + surface mapping; visual texture inspection
HIDAN_room_2Tex_00E028,STONE,UNKNOWN,LOW confidence scene/keyword prior only,in-engine draw capture + surface mapping; visual texture inspection
HIDAN_room_2Tex_00E428,STONE,UNKNOWN,LOW confidence scene/keyword prior only,in-engine draw capture + surface mapping; visual texture inspection
HIDAN_room_2Tex_00EC28,STONE,UNKNOWN,LOW confidence scene/keyword prior only,in-engine draw capture + surface mapping; visual texture inspection
HIDAN_room_2Tex_00F028,STONE,UNKNOWN,LOW confidence scene/keyword prior only,in-engine draw capture + surface mapping; visual texture inspection
HIDAN_room_2Tex_00F828,STONE,UNKNOWN,LOW confidence scene/keyword prior only,in-engine draw capture + surface mapping; visual texture inspection
HIDAN_room_3Tex_001AC8,STONE,UNKNOWN,LOW confidence scene/keyword prior only,in-engine draw capture + surface mapping; visual texture inspection
HIDAN_room_3Tex_001EC8,STONE,UNKNOWN,LOW confidence scene/keyword prior only,in-engine draw capture + surface mapping; visual texture inspection
HIDAN_room_3Tex_0022C8,STONE,UNKNOWN,LOW confidence scene/keyword prior only,in-engine draw capture + surface mapping; visual texture inspection
HIDAN_room_4Tex_0050F0,STONE,UNKNOWN,LOW confidence scene/keyword prior only,in-engine draw capture + surface mapping; visual texture inspection
HIDAN_room_4Tex_0052F0,STONE,UNKNOWN,LOW confidence scene/keyword prior only,in-engine draw capture + surface mapping; visual texture inspection
HIDAN_room_4Tex_005AF0,STONE,UNKNOWN,LOW confidence scene/keyword prior only,in-engine draw capture + surface mapping; visual texture inspection
HIDAN_room_4Tex_0062F0,STONE,UNKNOWN,LOW confidence scene/keyword prior only,in-engine draw capture + surface mapping; visual texture inspection
HIDAN_room_4Tex_0066F0,STONE,UNKNOWN,LOW confidence scene/keyword prior only,in-engine draw capture + surface mapping; visual texture inspection
HIDAN_room_4Tex_0068F0,STONE,UNKNOWN,LOW confidence scene/keyword prior only,in-engine draw capture + surface mapping; visual texture inspection
HIDAN_room_4Tex_006CF0,STONE,UNKNOWN,LOW confidence scene/keyword prior only,in-engine draw capture + surface mapping; visual texture inspection
HIDAN_room_4Tex_0070F0,STONE,UNKNOWN,LOW confidence scene/keyword prior only,in-engine draw capture + surface mapping; visual texture inspection
HIDAN_room_5Tex_007EE0,STONE,UNKNOWN,LOW confidence scene/keyword prior only,in-engine draw capture + surface mapping; visual texture inspection
HIDAN_room_5Tex_0080E0,STONE,UNKNOWN,LOW confidence scene/keyword prior only,in-engine draw capture + surface mapping; visual texture inspection
HIDAN_room_5Tex_0088E0,STONE,UNKNOWN,LOW confidence scene/keyword prior only,in-engine draw capture + surface mapping; visual texture inspection
HIDAN_room_5Tex_008CE0,STONE,UNKNOWN,LOW confidence scene/keyword prior only,in-engine draw capture + surface mapping; visual texture inspection
HIDAN_room_5Tex_0094E0,STONE,UNKNOWN,LOW confidence scene/keyword prior only,in-engine draw capture + surface mapping; visual texture inspection
HIDAN_room_5Tex_0096E0,STONE,UNKNOWN,LOW confidence scene/keyword prior only,in-engine draw capture + surface mapping; visual texture inspection
HIDAN_room_5Tex_009AE0,STONE,UNKNOWN,LOW confidence scene/keyword prior only,in-engine draw capture + surface mapping; visual texture inspection
HIDAN_room_5Tex_009EE0,STONE,UNKNOWN,LOW confidence scene/keyword prior only,in-engine draw capture + surface mapping; visual texture inspection
HIDAN_room_6Tex_003990,STONE,UNKNOWN,LOW confidence scene/keyword prior only,in-engine draw capture + surface mapping; visual texture inspection
HIDAN_room_6Tex_003B90,STONE,UNKNOWN,LOW confidence scene/keyword prior only,in-engine draw capture + surface mapping; visual texture inspection
HIDAN_room_6Tex_004390,STONE,UNKNOWN,LOW confidence scene/keyword prior only,in-engine draw capture + surface mapping; visual texture inspection
HIDAN_room_6Tex_004B90,STONE,UNKNOWN,LOW confidence scene/keyword prior only,in-engine draw capture + surface mapping; visual texture inspection
HIDAN_room_6Tex_005B90,STONE,UNKNOWN,LOW confidence scene/keyword prior only,in-engine draw capture + surface mapping; visual texture inspection
HIDAN_room_6Tex_006390,STONE,UNKNOWN,LOW confidence scene/keyword prior only,in-engine draw capture + surface mapping; visual texture inspection
HIDAN_room_6Tex_006790,STONE,UNKNOWN,LOW confidence scene/keyword prior only,in-engine draw capture + surface mapping; visual texture inspection
HIDAN_room_7Tex_001C48,STONE,UNKNOWN,LOW confidence scene/keyword prior only,in-engine draw capture + surface mapping; visual texture inspection
HIDAN_room_7Tex_001E48,STONE,UNKNOWN,LOW confidence scene/keyword prior only,in-engine draw capture + surface mapping; visual texture inspection
HIDAN_room_7Tex_002648,STONE,UNKNOWN,LOW confidence scene/keyword prior only,in-engine draw capture + surface mapping; visual texture inspection
HIDAN_room_7Tex_002A48,STONE,UNKNOWN,LOW confidence scene/keyword prior only,in-engine draw capture + surface mapping; visual texture inspection
HIDAN_room_8Tex_0050D8,STONE,UNKNOWN,LOW confidence scene/keyword prior only,in-engine draw capture + surface mapping; visual texture inspection
HIDAN_room_8Tex_0052D8,STONE,UNKNOWN,LOW confidence scene/keyword prior only,in-engine draw capture + surface mapping; visual texture inspection
HIDAN_room_8Tex_005AD8,STONE,UNKNOWN,LOW confidence scene/keyword prior only,in-engine draw capture + surface mapping; visual texture inspection
HIDAN_room_8Tex_0062D8,STONE,UNKNOWN,LOW confidence scene/keyword prior only,in-engine draw capture + surface mapping; visual texture inspection
HIDAN_room_8Tex_006AD8,STONE,UNKNOWN,LOW confidence scene/keyword prior only,in-engine draw capture + surface mapping; visual texture inspection
HIDAN_room_8Tex_007AD8,STONE,UNKNOWN,LOW confidence scene/keyword prior only,in-engine draw capture + surface mapping; visual texture inspection
HIDAN_room_8Tex_0082D8,STONE,UNKNOWN,LOW confidence scene/keyword prior only,in-engine draw capture + surface mapping; visual texture inspection
HIDAN_room_8Tex_0086D8,STONE,UNKNOWN,LOW confidence scene/keyword prior only,in-engine draw capture + surface mapping; visual texture inspection
HIDAN_room_8Tex_008AD8,STONE,UNKNOWN,LOW confidence scene/keyword prior only,in-engine draw capture + surface mapping; visual texture inspection
HIDAN_room_8Tex_0092D8,STONE,UNKNOWN,LOW confidence scene/keyword prior only,in-engine draw capture + surface mapping; visual texture inspection
HIDAN_room_9Tex_004768,STONE,UNKNOWN,LOW confidence scene/keyword prior only,in-engine draw capture + surface mapping; visual texture inspection
HIDAN_room_9Tex_004F68,STONE,UNKNOWN,LOW confidence scene/keyword prior only,in-engine draw capture + surface mapping; visual texture inspection
HIDAN_room_9Tex_005768,STONE,UNKNOWN,LOW confidence scene/keyword prior only,in-engine draw capture + surface mapping; visual texture inspection
HIDAN_room_9Tex_005F68,STONE,UNKNOWN,LOW confidence scene/keyword prior only,in-engine draw capture + surface mapping; visual texture inspection
HIDAN_room_9Tex_006768,STONE,UNKNOWN,LOW confidence scene/keyword prior only,in-engine draw capture + surface mapping; visual texture inspection
HIDAN_room_9Tex_006F68,STONE,UNKNOWN,LOW confidence scene/keyword prior only,in-engine draw capture + surface mapping; visual texture inspection
HIDAN_room_9Tex_007768,STONE,UNKNOWN,LOW confidence scene/keyword prior only,in-engine draw capture + surface mapping; visual texture inspection
HIDAN_room_9Tex_007F68,STONE,UNKNOWN,LOW confidence scene/keyword prior only,in-engine draw capture + surface mapping; visual texture inspection
HIDAN_sceneTex_0189D0,STONE,UNKNOWN,LOW confidence scene/keyword prior only,in-engine draw capture + surface mapping; visual texture inspection
HIDAN_sceneTex_018BD0,STONE,UNKNOWN,LOW confidence scene/keyword prior only,in-engine draw capture + surface mapping; visual texture inspection
HIDAN_sceneTex_018DD0,STONE,UNKNOWN,LOW confidence scene/keyword prior only,in-engine draw capture + surface mapping; visual texture inspection
HIDAN_sceneTex_0195D0,STONE,UNKNOWN,LOW confidence scene/keyword prior only,in-engine draw capture + surface mapping; visual texture inspection
HIDAN_sceneTex_019DD0,STONE,UNKNOWN,LOW confidence scene/keyword prior only,in-engine draw capture + surface mapping; visual texture inspection
HIDAN_sceneTex_019FD0,STONE,UNKNOWN,LOW confidence scene/keyword prior only,in-engine draw capture + surface mapping; visual texture inspection
MIZUsin_room_0Tex_00CDF8,WATER,UNKNOWN,LOW confidence scene/keyword prior only,in-engine draw capture + surface mapping; visual texture inspection
MIZUsin_room_0Tex_00D5F8,WATER,UNKNOWN,LOW confidence scene/keyword prior only,in-engine draw capture + surface mapping; visual texture inspection
MIZUsin_room_0Tex_00DDF8,WATER,UNKNOWN,LOW confidence scene/keyword prior only,in-engine draw capture + surface mapping; visual texture inspection
MIZUsin_room_0Tex_00E5F8,WATER,UNKNOWN,LOW confidence scene/keyword prior only,in-engine draw capture + surface mapping; visual texture inspection
MIZUsin_room_0Tex_00EDF8,WATER,UNKNOWN,LOW confidence scene/keyword prior only,in-engine draw capture + surface mapping; visual texture inspection
MIZUsin_room_0Tex_00F5F8,WATER,UNKNOWN,LOW confidence scene/keyword prior only,in-engine draw capture + surface mapping; visual texture inspection
MIZUsin_room_0Tex_00FDF8,WATER,UNKNOWN,LOW confidence scene/keyword prior only,in-engine draw capture + surface mapping; visual texture inspection
MIZUsin_room_0Tex_0105F8,WATER,UNKNOWN,LOW confidence scene/keyword prior only,in-engine draw capture + surface mapping; visual texture inspection
MIZUsin_room_0Tex_010DF8,WATER,UNKNOWN,LOW confidence scene/keyword prior only,in-engine draw capture + surface mapping; visual texture inspection
MIZUsin_room_0Tex_0115F8,WATER,UNKNOWN,LOW confidence scene/keyword prior only,in-engine draw capture + surface mapping; visual texture inspection
MIZUsin_room_0Tex_011DF8,WATER,UNKNOWN,LOW confidence scene/keyword prior only,in-engine draw capture + surface mapping; visual texture inspection
MIZUsin_room_0Tex_0125F8,WATER,UNKNOWN,LOW confidence scene/keyword prior only,in-engine draw capture + surface mapping; visual texture inspection
MIZUsin_room_0Tex_012DF8,WATER,UNKNOWN,LOW confidence scene/keyword prior only,in-engine draw capture + surface mapping; visual texture inspection
MIZUsin_room_0Tex_0135F8,WATER,UNKNOWN,LOW confidence scene/keyword prior only,in-engine draw capture + surface mapping; visual texture inspection
MIZUsin_room_0Tex_013DF8,WATER,UNKNOWN,LOW confidence scene/keyword prior only,in-engine draw capture + surface mapping; visual texture inspection
MIZUsin_room_0Tex_0145F8,WATER,UNKNOWN,LOW confidence scene/keyword prior only,in-engine draw capture + surface mapping; visual texture inspection
MIZUsin_room_0Tex_015428,WATER,UNKNOWN,LOW confidence scene/keyword prior only,in-engine draw capture + surface mapping; visual texture inspection
MIZUsin_room_10Tex_003870,WATER,UNKNOWN,LOW confidence scene/keyword prior only,in-engine draw capture + surface mapping; visual texture inspection
MIZUsin_room_10Tex_004070,WATER,UNKNOWN,LOW confidence scene/keyword prior only,in-engine draw capture + surface mapping; visual texture inspection
MIZUsin_room_10Tex_004870,WATER,UNKNOWN,LOW confidence scene/keyword prior only,in-engine draw capture + surface mapping; visual texture inspection
MIZUsin_room_10Tex_005070,WATER,UNKNOWN,LOW confidence scene/keyword prior only,in-engine draw capture + surface mapping; visual texture inspection
MIZUsin_room_10Tex_005870,WATER,UNKNOWN,LOW confidence scene/keyword prior only,in-engine draw capture + surface mapping; visual texture inspection
MIZUsin_room_11Tex_002220,WATER,UNKNOWN,LOW confidence scene/keyword prior only,in-engine draw capture + surface mapping; visual texture inspection
MIZUsin_room_11Tex_002A20,WATER,UNKNOWN,LOW confidence scene/keyword prior only,in-engine draw capture + surface mapping; visual texture inspection
MIZUsin_room_11Tex_003220,WATER,UNKNOWN,LOW confidence scene/keyword prior only,in-engine draw capture + surface mapping; visual texture inspection
MIZUsin_room_11Tex_003A20,WATER,UNKNOWN,LOW confidence scene/keyword prior only,in-engine draw capture + surface mapping; visual texture inspection
MIZUsin_room_11Tex_004220,WATER,UNKNOWN,LOW confidence scene/keyword prior only,in-engine draw capture + surface mapping; visual texture inspection
MIZUsin_room_12Tex_0039C8,WATER,UNKNOWN,LOW confidence scene/keyword prior only,in-engine draw capture + surface mapping; visual texture inspection
MIZUsin_room_12Tex_0041C8,WATER,UNKNOWN,LOW confidence scene/keyword prior only,in-engine draw capture + surface mapping; visual texture inspection
MIZUsin_room_12Tex_0049C8,WATER,UNKNOWN,LOW confidence scene/keyword prior only,in-engine draw capture + surface mapping; visual texture inspection
MIZUsin_room_12Tex_0051C8,WATER,UNKNOWN,LOW confidence scene/keyword prior only,in-engine draw capture + surface mapping; visual texture inspection
MIZUsin_room_12Tex_006628,WATER,UNKNOWN,LOW confidence scene/keyword prior only,in-engine draw capture + surface mapping; visual texture inspection
MIZUsin_room_13Tex_0001F8,WATER,UNKNOWN,LOW confidence scene/keyword prior only,in-engine draw capture + surface mapping; visual texture inspection
MIZUsin_room_14Tex_003680,WATER,UNKNOWN,LOW confidence scene/keyword prior only,in-engine draw capture + surface mapping; visual texture inspection
MIZUsin_room_14Tex_003E80,WATER,UNKNOWN,LOW confidence scene/keyword prior only,in-engine draw capture + surface mapping; visual texture inspection
MIZUsin_room_14Tex_004680,WATER,UNKNOWN,LOW confidence scene/keyword prior only,in-engine draw capture + surface mapping; visual texture inspection
MIZUsin_room_14Tex_004E80,WATER,UNKNOWN,LOW confidence scene/keyword prior only,in-engine draw capture + surface mapping; visual texture inspection
MIZUsin_room_14Tex_005680,WATER,UNKNOWN,LOW confidence scene/keyword prior only,in-engine draw capture + surface mapping; visual texture inspection
MIZUsin_room_14Tex_005E80,WATER,UNKNOWN,LOW confidence scene/keyword prior only,in-engine draw capture + surface mapping; visual texture inspection
MIZUsin_room_14Tex_006680,WATER,UNKNOWN,LOW confidence scene/keyword prior only,in-engine draw capture + surface mapping; visual texture inspection
MIZUsin_room_15Tex_002C68,WATER,UNKNOWN,LOW confidence scene/keyword prior only,in-engine draw capture + surface mapping; visual texture inspection
MIZUsin_room_15Tex_003468,WATER,UNKNOWN,LOW confidence scene/keyword prior only,in-engine draw capture + surface mapping; visual texture inspection
MIZUsin_room_15Tex_003C68,WATER,UNKNOWN,LOW confidence scene/keyword prior only,in-engine draw capture + surface mapping; visual texture inspection
MIZUsin_room_15Tex_004468,WATER,UNKNOWN,LOW confidence scene/keyword prior only,in-engine draw capture + surface mapping; visual texture inspection
MIZUsin_room_15Tex_004C68,WATER,UNKNOWN,LOW confidence scene/keyword prior only,in-engine draw capture + surface mapping; visual texture inspection
MIZUsin_room_15Tex_005468,WATER,UNKNOWN,LOW confidence scene/keyword prior only,in-engine draw capture + surface mapping; visual texture inspection
MIZUsin_room_15Tex_005C68,WATER,UNKNOWN,LOW confidence scene/keyword prior only,in-engine draw capture + surface mapping; visual texture inspection
MIZUsin_room_15Tex_006468,WATER,UNKNOWN,LOW confidence scene/keyword prior only,in-engine draw capture + surface mapping; visual texture inspection
MIZUsin_room_15Tex_006C68,WATER,UNKNOWN,LOW confidence scene/keyword prior only,in-engine draw capture + surface mapping; visual texture inspection
MIZUsin_room_16Tex_001330,WATER,UNKNOWN,LOW confidence scene/keyword prior only,in-engine draw capture + surface mapping; visual texture inspection
MIZUsin_room_16Tex_001B30,WATER,UNKNOWN,LOW confidence scene/keyword prior only,in-engine draw capture + surface mapping; visual texture inspection
MIZUsin_room_16Tex_002330,WATER,UNKNOWN,LOW confidence scene/keyword prior only,in-engine draw capture + surface mapping; visual texture inspection
MIZUsin_room_16Tex_002B30,WATER,UNKNOWN,LOW confidence scene/keyword prior only,in-engine draw capture + surface mapping; visual texture inspection
MIZUsin_room_16Tex_003330,WATER,UNKNOWN,LOW confidence scene/keyword prior only,in-engine draw capture + surface mapping; visual texture inspection
MIZUsin_room_17Tex_005AA8,WATER,UNKNOWN,LOW confidence scene/keyword prior only,in-engine draw capture + surface mapping; visual texture inspection
MIZUsin_room_17Tex_0062A8,WATER,UNKNOWN,LOW confidence scene/keyword prior only,in-engine draw capture + surface mapping; visual texture inspection
MIZUsin_room_17Tex_006AA8,WATER,UNKNOWN,LOW confidence scene/keyword prior only,in-engine draw capture + surface mapping; visual texture inspection
MIZUsin_room_17Tex_0072A8,WATER,UNKNOWN,LOW confidence scene/keyword prior only,in-engine draw capture + surface mapping; visual texture inspection
MIZUsin_room_17Tex_007AA8,WATER,UNKNOWN,LOW confidence scene/keyword prior only,in-engine draw capture + surface mapping; visual texture inspection
MIZUsin_room_17Tex_0082A8,WATER,UNKNOWN,LOW confidence scene/keyword prior only,in-engine draw capture + surface mapping; visual texture inspection
MIZUsin_room_18Tex_0018F8,WATER,UNKNOWN,LOW confidence scene/keyword prior only,in-engine draw capture + surface mapping; visual texture inspection
MIZUsin_room_18Tex_0020F8,WATER,UNKNOWN,LOW confidence scene/keyword prior only,in-engine draw capture + surface mapping; visual texture inspection
MIZUsin_room_18Tex_0028F8,WATER,UNKNOWN,LOW confidence scene/keyword prior only,in-engine draw capture + surface mapping; visual texture inspection
MIZUsin_room_18Tex_0030F8,WATER,UNKNOWN,LOW confidence scene/keyword prior only,in-engine draw capture + surface mapping; visual texture inspection
MIZUsin_room_18Tex_0038F8,WATER,UNKNOWN,LOW confidence scene/keyword prior only,in-engine draw capture + surface mapping; visual texture inspection
MIZUsin_room_19Tex_001130,WATER,UNKNOWN,LOW confidence scene/keyword prior only,in-engine draw capture + surface mapping; visual texture inspection
MIZUsin_room_19Tex_001930,WATER,UNKNOWN,LOW confidence scene/keyword prior only,in-engine draw capture + surface mapping; visual texture inspection
MIZUsin_room_19Tex_002130,WATER,UNKNOWN,LOW confidence scene/keyword prior only,in-engine draw capture + surface mapping; visual texture inspection
MIZUsin_room_19Tex_002930,WATER,UNKNOWN,LOW confidence scene/keyword prior only,in-engine draw capture + surface mapping; visual texture inspection
MIZUsin_room_19Tex_003130,WATER,UNKNOWN,LOW confidence scene/keyword prior only,in-engine draw capture + surface mapping; visual texture inspection
MIZUsin_room_1Tex_0059D0,WATER,UNKNOWN,LOW confidence scene/keyword prior only,in-engine draw capture + surface mapping; visual texture inspection
MIZUsin_room_1Tex_0061D0,WATER,UNKNOWN,LOW confidence scene/keyword prior only,in-engine draw capture + surface mapping; visual texture inspection
MIZUsin_room_1Tex_0069D0,WATER,UNKNOWN,LOW confidence scene/keyword prior only,in-engine draw capture + surface mapping; visual texture inspection
MIZUsin_room_1Tex_0071D0,WATER,UNKNOWN,LOW confidence scene/keyword prior only,in-engine draw capture + surface mapping; visual texture inspection
MIZUsin_room_1Tex_0079D0,WATER,UNKNOWN,LOW confidence scene/keyword prior only,in-engine draw capture + surface mapping; visual texture inspection
MIZUsin_room_1Tex_0081D0,WATER,UNKNOWN,LOW confidence scene/keyword prior only,in-engine draw capture + surface mapping; visual texture inspection
MIZUsin_room_1Tex_0089D0,WATER,UNKNOWN,LOW confidence scene/keyword prior only,in-engine draw capture + surface mapping; visual texture inspection
MIZUsin_room_1Tex_0091D0,WATER,UNKNOWN,LOW confidence scene/keyword prior only,in-engine draw capture + surface mapping; visual texture inspection
MIZUsin_room_1Tex_0099D0,WATER,UNKNOWN,LOW confidence scene/keyword prior only,in-engine draw capture + surface mapping; visual texture inspection
MIZUsin_room_20Tex_003040,WATER,UNKNOWN,LOW confidence scene/keyword prior only,in-engine draw capture + surface mapping; visual texture inspection
MIZUsin_room_20Tex_003840,WATER,UNKNOWN,LOW confidence scene/keyword prior only,in-engine draw capture + surface mapping; visual texture inspection
MIZUsin_room_20Tex_004040,WATER,UNKNOWN,LOW confidence scene/keyword prior only,in-engine draw capture + surface mapping; visual texture inspection
MIZUsin_room_20Tex_004840,WATER,UNKNOWN,LOW confidence scene/keyword prior only,in-engine draw capture + surface mapping; visual texture inspection
MIZUsin_room_20Tex_005040,WATER,UNKNOWN,LOW confidence scene/keyword prior only,in-engine draw capture + surface mapping; visual texture inspection
MIZUsin_room_20Tex_005840,WATER,UNKNOWN,LOW confidence scene/keyword prior only,in-engine draw capture + surface mapping; visual texture inspection
MIZUsin_room_20Tex_006040,WATER,UNKNOWN,LOW confidence scene/keyword prior only,in-engine draw capture + surface mapping; visual texture inspection
MIZUsin_room_21Tex_004360,WATER,UNKNOWN,LOW confidence scene/keyword prior only,in-engine draw capture + surface mapping; visual texture inspection
MIZUsin_room_21Tex_004B60,WATER,UNKNOWN,LOW confidence scene/keyword prior only,in-engine draw capture + surface mapping; visual texture inspection
MIZUsin_room_21Tex_005360,WATER,UNKNOWN,LOW confidence scene/keyword prior only,in-engine draw capture + surface mapping; visual texture inspection
MIZUsin_room_21Tex_005B60,WATER,UNKNOWN,LOW confidence scene/keyword prior only,in-engine draw capture + surface mapping; visual texture inspection
MIZUsin_room_21Tex_006CA0,WATER,UNKNOWN,LOW confidence scene/keyword prior only,in-engine draw capture + surface mapping; visual texture inspection
MIZUsin_room_22Tex_0044E8,WATER,UNKNOWN,LOW confidence scene/keyword prior only,in-engine draw capture + surface mapping; visual texture inspection
MIZUsin_room_22Tex_0048E8,WATER,UNKNOWN,LOW confidence scene/keyword prior only,in-engine draw capture + surface mapping; visual texture inspection
MIZUsin_room_22Tex_0050E8,WATER,UNKNOWN,LOW confidence scene/keyword prior only,in-engine draw capture + surface mapping; visual texture inspection
MIZUsin_room_22Tex_0058E8,WATER,UNKNOWN,LOW confidence scene/keyword prior only,in-engine draw capture + surface mapping; visual texture inspection
MIZUsin_room_22Tex_0060E8,WATER,UNKNOWN,LOW confidence scene/keyword prior only,in-engine draw capture + surface mapping; visual texture inspection
MIZUsin_room_22Tex_0068E8,WATER,UNKNOWN,LOW confidence scene/keyword prior only,in-engine draw capture + surface mapping; visual texture inspection
MIZUsin_room_22Tex_0070E8,WATER,UNKNOWN,LOW confidence scene/keyword prior only,in-engine draw capture + surface mapping; visual texture inspection
MIZUsin_room_22Tex_0078E8,WATER,UNKNOWN,LOW confidence scene/keyword prior only,in-engine draw capture + surface mapping; visual texture inspection
MIZUsin_room_22Tex_0080E8,WATER,UNKNOWN,LOW confidence scene/keyword prior only,in-engine draw capture + surface mapping; visual texture inspection
MIZUsin_room_22Tex_0088E8,WATER,UNKNOWN,LOW confidence scene/keyword prior only,in-engine draw capture + surface mapping; visual texture inspection
MIZUsin_room_2Tex_002AB8,WATER,UNKNOWN,LOW confidence scene/keyword prior only,in-engine draw capture + surface mapping; visual texture inspection
MIZUsin_room_2Tex_0032B8,WATER,UNKNOWN,LOW confidence scene/keyword prior only,in-engine draw capture + surface mapping; visual texture inspection
MIZUsin_room_2Tex_003AB8,WATER,UNKNOWN,LOW confidence scene/keyword prior only,in-engine draw capture + surface mapping; visual texture inspection
MIZUsin_room_2Tex_0042B8,WATER,UNKNOWN,LOW confidence scene/keyword prior only,in-engine draw capture + surface mapping; visual texture inspection
MIZUsin_room_2Tex_004AB8,WATER,UNKNOWN,LOW confidence scene/keyword prior only,in-engine draw capture + surface mapping; visual texture inspection
MIZUsin_room_2Tex_005488,WATER,UNKNOWN,LOW confidence scene/keyword prior only,in-engine draw capture + surface mapping; visual texture inspection
MIZUsin_room_3Tex_0037B8,WATER,UNKNOWN,LOW confidence scene/keyword prior only,in-engine draw capture + surface mapping; visual texture inspection
MIZUsin_room_3Tex_003FB8,WATER,UNKNOWN,LOW confidence scene/keyword prior only,in-engine draw capture + surface mapping; visual texture inspection
MIZUsin_room_3Tex_0047B8,WATER,UNKNOWN,LOW confidence scene/keyword prior only,in-engine draw capture + surface mapping; visual texture inspection
MIZUsin_room_3Tex_004FB8,WATER,UNKNOWN,LOW confidence scene/keyword prior only,in-engine draw capture + surface mapping; visual texture inspection
MIZUsin_room_3Tex_0057B8,WATER,UNKNOWN,LOW confidence scene/keyword prior only,in-engine draw capture + surface mapping; visual texture inspection
MIZUsin_room_3Tex_005FB8,WATER,UNKNOWN,LOW confidence scene/keyword prior only,in-engine draw capture + surface mapping; visual texture inspection
MIZUsin_room_4Tex_002820,WATER,UNKNOWN,LOW confidence scene/keyword prior only,in-engine draw capture + surface mapping; visual texture inspection
MIZUsin_room_4Tex_003020,WATER,UNKNOWN,LOW confidence scene/keyword prior only,in-engine draw capture + surface mapping; visual texture inspection
MIZUsin_room_4Tex_003820,WATER,UNKNOWN,LOW confidence scene/keyword prior only,in-engine draw capture + surface mapping; visual texture inspection
MIZUsin_room_4Tex_004020,WATER,UNKNOWN,LOW confidence scene/keyword prior only,in-engine draw capture + surface mapping; visual texture inspection
MIZUsin_room_4Tex_004820,WATER,UNKNOWN,LOW confidence scene/keyword prior only,in-engine draw capture + surface mapping; visual texture inspection
MIZUsin_room_4Tex_005020,WATER,UNKNOWN,LOW confidence scene/keyword prior only,in-engine draw capture + surface mapping; visual texture inspection
MIZUsin_room_4Tex_005820,WATER,UNKNOWN,LOW confidence scene/keyword prior only,in-engine draw capture + surface mapping; visual texture inspection
MIZUsin_room_5Tex_003A48,WATER,UNKNOWN,LOW confidence scene/keyword prior only,in-engine draw capture + surface mapping; visual texture inspection
MIZUsin_room_5Tex_004248,WATER,UNKNOWN,LOW confidence scene/keyword prior only,in-engine draw capture + surface mapping; visual texture inspection
MIZUsin_room_5Tex_004A48,WATER,UNKNOWN,LOW confidence scene/keyword prior only,in-engine draw capture + surface mapping; visual texture inspection
MIZUsin_room_5Tex_005248,WATER,UNKNOWN,LOW confidence scene/keyword prior only,in-engine draw capture + surface mapping; visual texture inspection
MIZUsin_room_5Tex_005A48,WATER,UNKNOWN,LOW confidence scene/keyword prior only,in-engine draw capture + surface mapping; visual texture inspection
MIZUsin_room_5Tex_006248,WATER,UNKNOWN,LOW confidence scene/keyword prior only,in-engine draw capture + surface mapping; visual texture inspection
MIZUsin_room_5Tex_006A48,WATER,UNKNOWN,LOW confidence scene/keyword prior only,in-engine draw capture + surface mapping; visual texture inspection
MIZUsin_room_5Tex_007248,WATER,UNKNOWN,LOW confidence scene/keyword prior only,in-engine draw capture + surface mapping; visual texture inspection
MIZUsin_room_5Tex_007A48,WATER,UNKNOWN,LOW confidence scene/keyword prior only,in-engine draw capture + surface mapping; visual texture inspection
MIZUsin_room_5Tex_008248,WATER,UNKNOWN,LOW confidence scene/keyword prior only,in-engine draw capture + surface mapping; visual texture inspection
MIZUsin_room_5Tex_008A48,WATER,UNKNOWN,LOW confidence scene/keyword prior only,in-engine draw capture + surface mapping; visual texture inspection
MIZUsin_room_5Tex_009248,WATER,UNKNOWN,LOW confidence scene/keyword prior only,in-engine draw capture + surface mapping; visual texture inspection
MIZUsin_room_5Tex_009E38,WATER,UNKNOWN,LOW confidence scene/keyword prior only,in-engine draw capture + surface mapping; visual texture inspection
MIZUsin_room_6Tex_005100,WATER,UNKNOWN,LOW confidence scene/keyword prior only,in-engine draw capture + surface mapping; visual texture inspection
MIZUsin_room_6Tex_005300,WATER,UNKNOWN,LOW confidence scene/keyword prior only,in-engine draw capture + surface mapping; visual texture inspection
MIZUsin_room_6Tex_005B00,WATER,UNKNOWN,LOW confidence scene/keyword prior only,in-engine draw capture + surface mapping; visual texture inspection
MIZUsin_room_6Tex_006300,WATER,UNKNOWN,LOW confidence scene/keyword prior only,in-engine draw capture + surface mapping; visual texture inspection
MIZUsin_room_6Tex_006500,WATER,UNKNOWN,LOW confidence scene/keyword prior only,in-engine draw capture + surface mapping; visual texture inspection
MIZUsin_room_6Tex_006700,WATER,UNKNOWN,LOW confidence scene/keyword prior only,in-engine draw capture + surface mapping; visual texture inspection
MIZUsin_room_6Tex_006900,WATER,UNKNOWN,LOW confidence scene/keyword prior only,in-engine draw capture + surface mapping; visual texture inspection
MIZUsin_room_6Tex_006B00,WATER,UNKNOWN,LOW confidence scene/keyword prior only,in-engine draw capture + surface mapping; visual texture inspection
MIZUsin_room_6Tex_007300,WATER,UNKNOWN,LOW confidence scene/keyword prior only,in-engine draw capture + surface mapping; visual texture inspection
MIZUsin_room_6Tex_007B00,WATER,UNKNOWN,LOW confidence scene/keyword prior only,in-engine draw capture + surface mapping; visual texture inspection
MIZUsin_room_6Tex_008300,WATER,UNKNOWN,LOW confidence scene/keyword prior only,in-engine draw capture + surface mapping; visual texture inspection
MIZUsin_room_6Tex_008B00,WATER,UNKNOWN,LOW confidence scene/keyword prior only,in-engine draw capture + surface mapping; visual texture inspection
MIZUsin_room_6Tex_009300,WATER,UNKNOWN,LOW confidence scene/keyword prior only,in-engine draw capture + surface mapping; visual texture inspection
MIZUsin_room_6Tex_009B00,WATER,UNKNOWN,LOW confidence scene/keyword prior only,in-engine draw capture + surface mapping; visual texture inspection
MIZUsin_room_6Tex_00A300,WATER,UNKNOWN,LOW confidence scene/keyword prior only,in-engine draw capture + surface mapping; visual texture inspection
MIZUsin_room_6Tex_00AB00,WATER,UNKNOWN,LOW confidence scene/keyword prior only,in-engine draw capture + surface mapping; visual texture inspection
MIZUsin_room_7Tex_002560,WATER,UNKNOWN,LOW confidence scene/keyword prior only,in-engine draw capture + surface mapping; visual texture inspection
MIZUsin_room_7Tex_002D60,WATER,UNKNOWN,LOW confidence scene/keyword prior only,in-engine draw capture + surface mapping; visual texture inspection
MIZUsin_room_7Tex_003560,WATER,UNKNOWN,LOW confidence scene/keyword prior only,in-engine draw capture + surface mapping; visual texture inspection
MIZUsin_room_7Tex_003D60,WATER,UNKNOWN,LOW confidence scene/keyword prior only,in-engine draw capture + surface mapping; visual texture inspection
MIZUsin_room_7Tex_004560,WATER,UNKNOWN,LOW confidence scene/keyword prior only,in-engine draw capture + surface mapping; visual texture inspection
MIZUsin_room_7Tex_004D60,WATER,UNKNOWN,LOW confidence scene/keyword prior only,in-engine draw capture + surface mapping; visual texture inspection
MIZUsin_room_8Tex_005D98,WATER,UNKNOWN,LOW confidence scene/keyword prior only,in-engine draw capture + surface mapping; visual texture inspection
MIZUsin_room_8Tex_005F98,WATER,UNKNOWN,LOW confidence scene/keyword prior only,in-engine draw capture + surface mapping; visual texture inspection
MIZUsin_room_8Tex_006198,WATER,UNKNOWN,LOW confidence scene/keyword prior only,in-engine draw capture + surface mapping; visual texture inspection
MIZUsin_room_8Tex_006998,WATER,UNKNOWN,LOW confidence scene/keyword prior only,in-engine draw capture + surface mapping; visual texture inspection
MIZUsin_room_8Tex_007198,WATER,UNKNOWN,LOW confidence scene/keyword prior only,in-engine draw capture + surface mapping; visual texture inspection
MIZUsin_room_8Tex_007398,WATER,UNKNOWN,LOW confidence scene/keyword prior only,in-engine draw capture + surface mapping; visual texture inspection
MIZUsin_room_8Tex_007598,WATER,UNKNOWN,LOW confidence scene/keyword prior only,in-engine draw capture + surface mapping; visual texture inspection
MIZUsin_room_8Tex_007D98,WATER,UNKNOWN,LOW confidence scene/keyword prior only,in-engine draw capture + surface mapping; visual texture inspection
MIZUsin_room_8Tex_008598,WATER,UNKNOWN,LOW confidence scene/keyword prior only,in-engine draw capture + surface mapping; visual texture inspection
MIZUsin_room_8Tex_008D98,WATER,UNKNOWN,LOW confidence scene/keyword prior only,in-engine draw capture + surface mapping; visual texture inspection
MIZUsin_room_8Tex_009598,WATER,UNKNOWN,LOW confidence scene/keyword prior only,in-engine draw capture + surface mapping; visual texture inspection
MIZUsin_room_8Tex_009D98,WATER,UNKNOWN,LOW confidence scene/keyword prior only,in-engine draw capture + surface mapping; visual texture inspection
MIZUsin_room_8Tex_00A598,WATER,UNKNOWN,LOW confidence scene/keyword prior only,in-engine draw capture + surface mapping; visual texture inspection
MIZUsin_room_8Tex_00AD98,WATER,UNKNOWN,LOW confidence scene/keyword prior only,in-engine draw capture + surface mapping; visual texture inspection
MIZUsin_room_8Tex_00B598,WATER,UNKNOWN,LOW confidence scene/keyword prior only,in-engine draw capture + surface mapping; visual texture inspection
MIZUsin_room_8Tex_00BD98,WATER,UNKNOWN,LOW confidence scene/keyword prior only,in-engine draw capture + surface mapping; visual texture inspection
MIZUsin_room_8Tex_00C598,WATER,UNKNOWN,LOW confidence scene/keyword prior only,in-engine draw capture + surface mapping; visual texture inspection
MIZUsin_room_8Tex_00D578,WATER,UNKNOWN,LOW confidence scene/keyword prior only,in-engine draw capture + surface mapping; visual texture inspection
MIZUsin_room_9Tex_0036D8,WATER,UNKNOWN,LOW confidence scene/keyword prior only,in-engine draw capture + surface mapping; visual texture inspection
MIZUsin_room_9Tex_003ED8,WATER,UNKNOWN,LOW confidence scene/keyword prior only,in-engine draw capture + surface mapping; visual texture inspection
MIZUsin_room_9Tex_0046D8,WATER,UNKNOWN,LOW confidence scene/keyword prior only,in-engine draw capture + surface mapping; visual texture inspection
MIZUsin_room_9Tex_004ED8,WATER,UNKNOWN,LOW confidence scene/keyword prior only,in-engine draw capture + surface mapping; visual texture inspection
MIZUsin_room_9Tex_0056D8,WATER,UNKNOWN,LOW confidence scene/keyword prior only,in-engine draw capture + surface mapping; visual texture inspection
MIZUsin_room_9Tex_005ED8,WATER,UNKNOWN,LOW confidence scene/keyword prior only,in-engine draw capture + surface mapping; visual texture inspection
MIZUsin_room_9Tex_0066D8,WATER,UNKNOWN,LOW confidence scene/keyword prior only,in-engine draw capture + surface mapping; visual texture inspection
MIZUsin_room_9Tex_006ED8,WATER,UNKNOWN,LOW confidence scene/keyword prior only,in-engine draw capture + surface mapping; visual texture inspection
MIZUsin_room_9Tex_0078A8,WATER,UNKNOWN,LOW confidence scene/keyword prior only,in-engine draw capture + surface mapping; visual texture inspection
MIZUsin_sceneTex_013C30,WATER,UNKNOWN,LOW confidence scene/keyword prior only,in-engine draw capture + surface mapping; visual texture inspection
MIZUsin_sceneTex_014430,WATER,UNKNOWN,LOW confidence scene/keyword prior only,in-engine draw capture + surface mapping; visual texture inspection
MIZUsin_sceneTex_015030,WATER,UNKNOWN,LOW confidence scene/keyword prior only,in-engine draw capture + surface mapping; visual texture inspection
gWaterTempleDayEntranceTex,WATER,UNKNOWN,LOW confidence scene/keyword prior only,in-engine draw capture + surface mapping; visual texture inspection
gWaterTempleNightEntranceTex,WATER,UNKNOWN,LOW confidence scene/keyword prior only,in-engine draw capture + surface mapping; visual texture inspection
bdan_room_0Tex_002DB8,UNKNOWN,UNKNOWN,no semantic evidence (offset-named or unkeyworded),in-engine draw capture + surface mapping; visual texture inspection
bdan_room_0Tex_0031B8,UNKNOWN,UNKNOWN,no semantic evidence (offset-named or unkeyworded),in-engine draw capture + surface mapping; visual texture inspection
bdan_room_0Tex_0039B8,UNKNOWN,UNKNOWN,no semantic evidence (offset-named or unkeyworded),in-engine draw capture + surface mapping; visual texture inspection
bdan_room_12Tex_0038E0,UNKNOWN,UNKNOWN,no semantic evidence (offset-named or unkeyworded),in-engine draw capture + surface mapping; visual texture inspection
bdan_room_13Tex_0015B8,UNKNOWN,UNKNOWN,no semantic evidence (offset-named or unkeyworded),in-engine draw capture + surface mapping; visual texture inspection
bdan_room_13Tex_001DB8,UNKNOWN,UNKNOWN,no semantic evidence (offset-named or unkeyworded),in-engine draw capture + surface mapping; visual texture inspection
bdan_room_13Tex_0021B8,UNKNOWN,UNKNOWN,no semantic evidence (offset-named or unkeyworded),in-engine draw capture + surface mapping; visual texture inspection
bdan_room_14Tex_0045C8,UNKNOWN,UNKNOWN,no semantic evidence (offset-named or unkeyworded),in-engine draw capture + surface mapping; visual texture inspection
bdan_room_14Tex_004DC8,UNKNOWN,UNKNOWN,no semantic evidence (offset-named or unkeyworded),in-engine draw capture + surface mapping; visual texture inspection
bdan_room_14Tex_0055C8,UNKNOWN,UNKNOWN,no semantic evidence (offset-named or unkeyworded),in-engine draw capture + surface mapping; visual texture inspection
bdan_room_14Tex_0059C8,UNKNOWN,UNKNOWN,no semantic evidence (offset-named or unkeyworded),in-engine draw capture + surface mapping; visual texture inspection
bdan_room_1Tex_004E00,UNKNOWN,UNKNOWN,no semantic evidence (offset-named or unkeyworded),in-engine draw capture + surface mapping; visual texture inspection
bdan_room_1Tex_005600,UNKNOWN,UNKNOWN,no semantic evidence (offset-named or unkeyworded),in-engine draw capture + surface mapping; visual texture inspection
bdan_room_2Tex_006E38,UNKNOWN,UNKNOWN,no semantic evidence (offset-named or unkeyworded),in-engine draw capture + surface mapping; visual texture inspection
bdan_room_2Tex_007E38,UNKNOWN,UNKNOWN,no semantic evidence (offset-named or unkeyworded),in-engine draw capture + surface mapping; visual texture inspection
bdan_room_2Tex_008638,UNKNOWN,UNKNOWN,no semantic evidence (offset-named or unkeyworded),in-engine draw capture + surface mapping; visual texture inspection
bdan_room_2Tex_008E38,UNKNOWN,UNKNOWN,no semantic evidence (offset-named or unkeyworded),in-engine draw capture + surface mapping; visual texture inspection
bdan_room_3Tex_004888,UNKNOWN,UNKNOWN,no semantic evidence (offset-named or unkeyworded),in-engine draw capture + surface mapping; visual texture inspection
bdan_room_3Tex_005888,UNKNOWN,UNKNOWN,no semantic evidence (offset-named or unkeyworded),in-engine draw capture + surface mapping; visual texture inspection
bdan_room_3Tex_006088,UNKNOWN,UNKNOWN,no semantic evidence (offset-named or unkeyworded),in-engine draw capture + surface mapping; visual texture inspection
bdan_room_3Tex_006488,UNKNOWN,UNKNOWN,no semantic evidence (offset-named or unkeyworded),in-engine draw capture + surface mapping; visual texture inspection
bdan_room_3Tex_006C88,UNKNOWN,UNKNOWN,no semantic evidence (offset-named or unkeyworded),in-engine draw capture + surface mapping; visual texture inspection
bdan_room_4Tex_002B30,UNKNOWN,UNKNOWN,no semantic evidence (offset-named or unkeyworded),in-engine draw capture + surface mapping; visual texture inspection
bdan_room_4Tex_002F30,UNKNOWN,UNKNOWN,no semantic evidence (offset-named or unkeyworded),in-engine draw capture + surface mapping; visual texture inspection
bdan_room_4Tex_003730,UNKNOWN,UNKNOWN,no semantic evidence (offset-named or unkeyworded),in-engine draw capture + surface mapping; visual texture inspection
bdan_room_5Tex_0024A8,UNKNOWN,UNKNOWN,no semantic evidence (offset-named or unkeyworded),in-engine draw capture + surface mapping; visual texture inspection
bdan_room_5Tex_0028A8,UNKNOWN,UNKNOWN,no semantic evidence (offset-named or unkeyworded),in-engine draw capture + surface mapping; visual texture inspection
bdan_room_5Tex_0030A8,UNKNOWN,UNKNOWN,no semantic evidence (offset-named or unkeyworded),in-engine draw capture + surface mapping; visual texture inspection
bdan_room_5Tex_004090,UNKNOWN,UNKNOWN,no semantic evidence (offset-named or unkeyworded),in-engine draw capture + surface mapping; visual texture inspection
bdan_room_5Tex_005090,UNKNOWN,UNKNOWN,no semantic evidence (offset-named or unkeyworded),in-engine draw capture + surface mapping; visual texture inspection
bdan_room_6Tex_003068,UNKNOWN,UNKNOWN,no semantic evidence (offset-named or unkeyworded),in-engine draw capture + surface mapping; visual texture inspection
bdan_room_6Tex_003868,UNKNOWN,UNKNOWN,no semantic evidence (offset-named or unkeyworded),in-engine draw capture + surface mapping; visual texture inspection
bdan_room_7Tex_002CD0,UNKNOWN,UNKNOWN,no semantic evidence (offset-named or unkeyworded),in-engine draw capture + surface mapping; visual texture inspection
bdan_room_7Tex_0030D0,UNKNOWN,UNKNOWN,no semantic evidence (offset-named or unkeyworded),in-engine draw capture + surface mapping; visual texture inspection
bdan_room_9Tex_003828,UNKNOWN,UNKNOWN,no semantic evidence (offset-named or unkeyworded),in-engine draw capture + surface mapping; visual texture inspection
bdan_sceneTex_013E00,UNKNOWN,UNKNOWN,no semantic evidence (offset-named or unkeyworded),in-engine draw capture + surface mapping; visual texture inspection
bdan_sceneTex_014600,UNKNOWN,UNKNOWN,no semantic evidence (offset-named or unkeyworded),in-engine draw capture + surface mapping; visual texture inspection
bdan_sceneTex_014A00,UNKNOWN,UNKNOWN,no semantic evidence (offset-named or unkeyworded),in-engine draw capture + surface mapping; visual texture inspection
bdan_sceneTex_015200,UNKNOWN,UNKNOWN,no semantic evidence (offset-named or unkeyworded),in-engine draw capture + surface mapping; visual texture inspection
ddan_room_0Tex_011498,STONE,UNKNOWN,LOW confidence scene/keyword prior only,in-engine draw capture + surface mapping; visual texture inspection
ddan_room_0Tex_011898,STONE,UNKNOWN,LOW confidence scene/keyword prior only,in-engine draw capture + surface mapping; visual texture inspection
ddan_room_0Tex_011C98,STONE,UNKNOWN,LOW confidence scene/keyword prior only,in-engine draw capture + surface mapping; visual texture inspection
ddan_room_0Tex_012498,STONE,UNKNOWN,LOW confidence scene/keyword prior only,in-engine draw capture + surface mapping; visual texture inspection
ddan_room_0Tex_012C98,STONE,UNKNOWN,LOW confidence scene/keyword prior only,in-engine draw capture + surface mapping; visual texture inspection
ddan_room_0Tex_013C98,STONE,UNKNOWN,LOW confidence scene/keyword prior only,in-engine draw capture + surface mapping; visual texture inspection
ddan_room_0Tex_014C98,STONE,UNKNOWN,LOW confidence scene/keyword prior only,in-engine draw capture + surface mapping; visual texture inspection
ddan_room_0Tex_015498,STONE,UNKNOWN,LOW confidence scene/keyword prior only,in-engine draw capture + surface mapping; visual texture inspection
ddan_room_0Tex_015C98,STONE,UNKNOWN,LOW confidence scene/keyword prior only,in-engine draw capture + surface mapping; visual texture inspection
ddan_room_0Tex_016498,STONE,UNKNOWN,LOW confidence scene/keyword prior only,in-engine draw capture + surface mapping; visual texture inspection
ddan_room_0Tex_016898,STONE,UNKNOWN,LOW confidence scene/keyword prior only,in-engine draw capture + surface mapping; visual texture inspection
ddan_room_0Tex_017098,STONE,UNKNOWN,LOW confidence scene/keyword prior only,in-engine draw capture + surface mapping; visual texture inspection
ddan_room_0Tex_017898,STONE,UNKNOWN,LOW confidence scene/keyword prior only,in-engine draw capture + surface mapping; visual texture inspection
ddan_room_0Tex_017C98,STONE,UNKNOWN,LOW confidence scene/keyword prior only,in-engine draw capture + surface mapping; visual texture inspection
ddan_room_0Tex_018498,STONE,UNKNOWN,LOW confidence scene/keyword prior only,in-engine draw capture + surface mapping; visual texture inspection
ddan_room_0Tex_018C98,STONE,UNKNOWN,LOW confidence scene/keyword prior only,in-engine draw capture + surface mapping; visual texture inspection
ddan_room_0Tex_019498,STONE,UNKNOWN,LOW confidence scene/keyword prior only,in-engine draw capture + surface mapping; visual texture inspection
ddan_room_0Tex_01A498,STONE,UNKNOWN,LOW confidence scene/keyword prior only,in-engine draw capture + surface mapping; visual texture inspection
ddan_room_0Tex_01B498,STONE,UNKNOWN,LOW confidence scene/keyword prior only,in-engine draw capture + surface mapping; visual texture inspection
ddan_room_10Tex_002B10,STONE,UNKNOWN,LOW confidence scene/keyword prior only,in-engine draw capture + surface mapping; visual texture inspection
ddan_room_10Tex_002F10,STONE,UNKNOWN,LOW confidence scene/keyword prior only,in-engine draw capture + surface mapping; visual texture inspection
ddan_room_10Tex_003710,STONE,UNKNOWN,LOW confidence scene/keyword prior only,in-engine draw capture + surface mapping; visual texture inspection
ddan_room_10Tex_003B10,STONE,UNKNOWN,LOW confidence scene/keyword prior only,in-engine draw capture + surface mapping; visual texture inspection
ddan_room_10Tex_004310,STONE,UNKNOWN,LOW confidence scene/keyword prior only,in-engine draw capture + surface mapping; visual texture inspection
ddan_room_10Tex_004710,STONE,UNKNOWN,LOW confidence scene/keyword prior only,in-engine draw capture + surface mapping; visual texture inspection
ddan_room_10Tex_004F10,STONE,UNKNOWN,LOW confidence scene/keyword prior only,in-engine draw capture + surface mapping; visual texture inspection
ddan_room_10Tex_005310,STONE,UNKNOWN,LOW confidence scene/keyword prior only,in-engine draw capture + surface mapping; visual texture inspection
ddan_room_10Tex_006310,STONE,UNKNOWN,LOW confidence scene/keyword prior only,in-engine draw capture + surface mapping; visual texture inspection
ddan_room_10Tex_007310,STONE,UNKNOWN,LOW confidence scene/keyword prior only,in-engine draw capture + surface mapping; visual texture inspection
ddan_room_10Tex_007B10,STONE,UNKNOWN,LOW confidence scene/keyword prior only,in-engine draw capture + surface mapping; visual texture inspection
ddan_room_11Tex_000C30,STONE,UNKNOWN,LOW confidence scene/keyword prior only,in-engine draw capture + surface mapping; visual texture inspection
ddan_room_11Tex_001430,STONE,UNKNOWN,LOW confidence scene/keyword prior only,in-engine draw capture + surface mapping; visual texture inspection
ddan_room_11Tex_001C30,STONE,UNKNOWN,LOW confidence scene/keyword prior only,in-engine draw capture + surface mapping; visual texture inspection
ddan_room_12Tex_002F80,STONE,UNKNOWN,LOW confidence scene/keyword prior only,in-engine draw capture + surface mapping; visual texture inspection
ddan_room_12Tex_003380,STONE,UNKNOWN,LOW confidence scene/keyword prior only,in-engine draw capture + surface mapping; visual texture inspection
ddan_room_12Tex_003B80,STONE,UNKNOWN,LOW confidence scene/keyword prior only,in-engine draw capture + surface mapping; visual texture inspection
ddan_room_12Tex_003F80,STONE,UNKNOWN,LOW confidence scene/keyword prior only,in-engine draw capture + surface mapping; visual texture inspection
ddan_room_12Tex_004780,STONE,UNKNOWN,LOW confidence scene/keyword prior only,in-engine draw capture + surface mapping; visual texture inspection
ddan_room_12Tex_004B80,STONE,UNKNOWN,LOW confidence scene/keyword prior only,in-engine draw capture + surface mapping; visual texture inspection
ddan_room_12Tex_005380,STONE,UNKNOWN,LOW confidence scene/keyword prior only,in-engine draw capture + surface mapping; visual texture inspection
ddan_room_12Tex_005780,STONE,UNKNOWN,LOW confidence scene/keyword prior only,in-engine draw capture + surface mapping; visual texture inspection
ddan_room_12Tex_006780,STONE,UNKNOWN,LOW confidence scene/keyword prior only,in-engine draw capture + surface mapping; visual texture inspection
ddan_room_12Tex_007780,STONE,UNKNOWN,LOW confidence scene/keyword prior only,in-engine draw capture + surface mapping; visual texture inspection
ddan_room_12Tex_007B80,STONE,UNKNOWN,LOW confidence scene/keyword prior only,in-engine draw capture + surface mapping; visual texture inspection
ddan_room_12Tex_008380,STONE,UNKNOWN,LOW confidence scene/keyword prior only,in-engine draw capture + surface mapping; visual texture inspection
ddan_room_13Tex_000CC8,STONE,UNKNOWN,LOW confidence scene/keyword prior only,in-engine draw capture + surface mapping; visual texture inspection
ddan_room_13Tex_0014C8,STONE,UNKNOWN,LOW confidence scene/keyword prior only,in-engine draw capture + surface mapping; visual texture inspection
ddan_room_13Tex_001CC8,STONE,UNKNOWN,LOW confidence scene/keyword prior only,in-engine draw capture + surface mapping; visual texture inspection
ddan_room_13Tex_0020C8,STONE,UNKNOWN,LOW confidence scene/keyword prior only,in-engine draw capture + surface mapping; visual texture inspection
ddan_room_14Tex_000CC8,STONE,UNKNOWN,LOW confidence scene/keyword prior only,in-engine draw capture + surface mapping; visual texture inspection
ddan_room_14Tex_0014C8,STONE,UNKNOWN,LOW confidence scene/keyword prior only,in-engine draw capture + surface mapping; visual texture inspection
ddan_room_14Tex_001CC8,STONE,UNKNOWN,LOW confidence scene/keyword prior only,in-engine draw capture + surface mapping; visual texture inspection
ddan_room_14Tex_0020C8,STONE,UNKNOWN,LOW confidence scene/keyword prior only,in-engine draw capture + surface mapping; visual texture inspection
ddan_room_15Tex_000D28,STONE,UNKNOWN,LOW confidence scene/keyword prior only,in-engine draw capture + surface mapping; visual texture inspection
ddan_room_15Tex_001528,STONE,UNKNOWN,LOW confidence scene/keyword prior only,in-engine draw capture + surface mapping; visual texture inspection
ddan_room_15Tex_001D28,STONE,UNKNOWN,LOW confidence scene/keyword prior only,in-engine draw capture + surface mapping; visual texture inspection
ddan_room_15Tex_002528,STONE,UNKNOWN,LOW confidence scene/keyword prior only,in-engine draw capture + surface mapping; visual texture inspection
ddan_room_16Tex_002158,STONE,UNKNOWN,LOW confidence scene/keyword prior only,in-engine draw capture + surface mapping; visual texture inspection
ddan_room_16Tex_003158,STONE,UNKNOWN,LOW confidence scene/keyword prior only,in-engine draw capture + surface mapping; visual texture inspection
ddan_room_16Tex_003958,STONE,UNKNOWN,LOW confidence scene/keyword prior only,in-engine draw capture + surface mapping; visual texture inspection
ddan_room_16Tex_004158,STONE,UNKNOWN,LOW confidence scene/keyword prior only,in-engine draw capture + surface mapping; visual texture inspection
ddan_room_16Tex_004958,STONE,UNKNOWN,LOW confidence scene/keyword prior only,in-engine draw capture + surface mapping; visual texture inspection
ddan_room_16Tex_005158,STONE,UNKNOWN,LOW confidence scene/keyword prior only,in-engine draw capture + surface mapping; visual texture inspection
ddan_room_1Tex_004770,STONE,UNKNOWN,LOW confidence scene/keyword prior only,in-engine draw capture + surface mapping; visual texture inspection
ddan_room_1Tex_004B70,STONE,UNKNOWN,LOW confidence scene/keyword prior only,in-engine draw capture + surface mapping; visual texture inspection
ddan_room_1Tex_004F70,STONE,UNKNOWN,LOW confidence scene/keyword prior only,in-engine draw capture + surface mapping; visual texture inspection
ddan_room_1Tex_005770,STONE,UNKNOWN,LOW confidence scene/keyword prior only,in-engine draw capture + surface mapping; visual texture inspection
ddan_room_1Tex_005F70,STONE,UNKNOWN,LOW confidence scene/keyword prior only,in-engine draw capture + surface mapping; visual texture inspection
ddan_room_1Tex_006F70,STONE,UNKNOWN,LOW confidence scene/keyword prior only,in-engine draw capture + surface mapping; visual texture inspection
ddan_room_1Tex_007F70,STONE,UNKNOWN,LOW confidence scene/keyword prior only,in-engine draw capture + surface mapping; visual texture inspection
ddan_room_1Tex_008770,STONE,UNKNOWN,LOW confidence scene/keyword prior only,in-engine draw capture + surface mapping; visual texture inspection
ddan_room_1Tex_008F70,STONE,UNKNOWN,LOW confidence scene/keyword prior only,in-engine draw capture + surface mapping; visual texture inspection
ddan_room_1Tex_009770,STONE,UNKNOWN,LOW confidence scene/keyword prior only,in-engine draw capture + surface mapping; visual texture inspection
ddan_room_2Tex_003B80,STONE,UNKNOWN,LOW confidence scene/keyword prior only,in-engine draw capture + surface mapping; visual texture inspection
ddan_room_2Tex_004380,STONE,UNKNOWN,LOW confidence scene/keyword prior only,in-engine draw capture + surface mapping; visual texture inspection
ddan_room_2Tex_004780,STONE,UNKNOWN,LOW confidence scene/keyword prior only,in-engine draw capture + surface mapping; visual texture inspection
ddan_room_2Tex_004B80,STONE,UNKNOWN,LOW confidence scene/keyword prior only,in-engine draw capture + surface mapping; visual texture inspection
ddan_room_2Tex_005380,STONE,UNKNOWN,LOW confidence scene/keyword prior only,in-engine draw capture + surface mapping; visual texture inspection
ddan_room_2Tex_005B80,STONE,UNKNOWN,LOW confidence scene/keyword prior only,in-engine draw capture + surface mapping; visual texture inspection
ddan_room_2Tex_005F80,STONE,UNKNOWN,LOW confidence scene/keyword prior only,in-engine draw capture + surface mapping; visual texture inspection
ddan_room_2Tex_006380,STONE,UNKNOWN,LOW confidence scene/keyword prior only,in-engine draw capture + surface mapping; visual texture inspection
ddan_room_2Tex_006EB8,STONE,UNKNOWN,LOW confidence scene/keyword prior only,in-engine draw capture + surface mapping; visual texture inspection
ddan_room_3Tex_008838,STONE,UNKNOWN,LOW confidence scene/keyword prior only,in-engine draw capture + surface mapping; visual texture inspection
ddan_room_3Tex_008C38,STONE,UNKNOWN,LOW confidence scene/keyword prior only,in-engine draw capture + surface mapping; visual texture inspection
ddan_room_3Tex_009438,STONE,UNKNOWN,LOW confidence scene/keyword prior only,in-engine draw capture + surface mapping; visual texture inspection
ddan_room_3Tex_009838,STONE,UNKNOWN,LOW confidence scene/keyword prior only,in-engine draw capture + surface mapping; visual texture inspection
ddan_room_3Tex_00A038,STONE,UNKNOWN,LOW confidence scene/keyword prior only,in-engine draw capture + surface mapping; visual texture inspection
ddan_room_3Tex_00A838,STONE,UNKNOWN,LOW confidence scene/keyword prior only,in-engine draw capture + surface mapping; visual texture inspection
ddan_room_3Tex_00B038,STONE,UNKNOWN,LOW confidence scene/keyword prior only,in-engine draw capture + surface mapping; visual texture inspection
ddan_room_3Tex_00B438,STONE,UNKNOWN,LOW confidence scene/keyword prior only,in-engine draw capture + surface mapping; visual texture inspection
ddan_room_3Tex_00B838,STONE,UNKNOWN,LOW confidence scene/keyword prior only,in-engine draw capture + surface mapping; visual texture inspection
ddan_room_3Tex_00BC38,STONE,UNKNOWN,LOW confidence scene/keyword prior only,in-engine draw capture + surface mapping; visual texture inspection
ddan_room_3Tex_00C438,STONE,UNKNOWN,LOW confidence scene/keyword prior only,in-engine draw capture + surface mapping; visual texture inspection
ddan_room_3Tex_00CC38,STONE,UNKNOWN,LOW confidence scene/keyword prior only,in-engine draw capture + surface mapping; visual texture inspection
ddan_room_3Tex_00D038,STONE,UNKNOWN,LOW confidence scene/keyword prior only,in-engine draw capture + surface mapping; visual texture inspection
ddan_room_3Tex_00D668,STONE,UNKNOWN,LOW confidence scene/keyword prior only,in-engine draw capture + surface mapping; visual texture inspection
ddan_room_4Tex_006D58,STONE,UNKNOWN,LOW confidence scene/keyword prior only,in-engine draw capture + surface mapping; visual texture inspection
ddan_room_4Tex_007158,STONE,UNKNOWN,LOW confidence scene/keyword prior only,in-engine draw capture + surface mapping; visual texture inspection
ddan_room_4Tex_007558,STONE,UNKNOWN,LOW confidence scene/keyword prior only,in-engine draw capture + surface mapping; visual texture inspection
ddan_room_4Tex_007D58,STONE,UNKNOWN,LOW confidence scene/keyword prior only,in-engine draw capture + surface mapping; visual texture inspection
ddan_room_4Tex_008558,STONE,UNKNOWN,LOW confidence scene/keyword prior only,in-engine draw capture + surface mapping; visual texture inspection
ddan_room_4Tex_008D58,STONE,UNKNOWN,LOW confidence scene/keyword prior only,in-engine draw capture + surface mapping; visual texture inspection
ddan_room_4Tex_009158,STONE,UNKNOWN,LOW confidence scene/keyword prior only,in-engine draw capture + surface mapping; visual texture inspection
ddan_room_5Tex_0032B8,STONE,UNKNOWN,LOW confidence scene/keyword prior only,in-engine draw capture + surface mapping; visual texture inspection
ddan_room_5Tex_003AB8,STONE,UNKNOWN,LOW confidence scene/keyword prior only,in-engine draw capture + surface mapping; visual texture inspection
ddan_room_5Tex_0042B8,STONE,UNKNOWN,LOW confidence scene/keyword prior only,in-engine draw capture + surface mapping; visual texture inspection
ddan_room_5Tex_0046B8,STONE,UNKNOWN,LOW confidence scene/keyword prior only,in-engine draw capture + surface mapping; visual texture inspection
ddan_room_5Tex_004AB8,STONE,UNKNOWN,LOW confidence scene/keyword prior only,in-engine draw capture + surface mapping; visual texture inspection
ddan_room_5Tex_004EB8,STONE,UNKNOWN,LOW confidence scene/keyword prior only,in-engine draw capture + surface mapping; visual texture inspection
ddan_room_5Tex_0056B8,STONE,UNKNOWN,LOW confidence scene/keyword prior only,in-engine draw capture + surface mapping; visual texture inspection
ddan_room_6Tex_000CA8,STONE,UNKNOWN,LOW confidence scene/keyword prior only,in-engine draw capture + surface mapping; visual texture inspection
ddan_room_6Tex_0014A8,STONE,UNKNOWN,LOW confidence scene/keyword prior only,in-engine draw capture + surface mapping; visual texture inspection
ddan_room_6Tex_001CA8,STONE,UNKNOWN,LOW confidence scene/keyword prior only,in-engine draw capture + surface mapping; visual texture inspection
ddan_room_6Tex_0020A8,STONE,UNKNOWN,LOW confidence scene/keyword prior only,in-engine draw capture + surface mapping; visual texture inspection
ddan_room_7Tex_0046F8,STONE,UNKNOWN,LOW confidence scene/keyword prior only,in-engine draw capture + surface mapping; visual texture inspection
ddan_room_7Tex_004AF8,STONE,UNKNOWN,LOW confidence scene/keyword prior only,in-engine draw capture + surface mapping; visual texture inspection
ddan_room_7Tex_004EF8,STONE,UNKNOWN,LOW confidence scene/keyword prior only,in-engine draw capture + surface mapping; visual texture inspection
ddan_room_7Tex_0056F8,STONE,UNKNOWN,LOW confidence scene/keyword prior only,in-engine draw capture + surface mapping; visual texture inspection
ddan_room_7Tex_005EF8,STONE,UNKNOWN,LOW confidence scene/keyword prior only,in-engine draw capture + surface mapping; visual texture inspection
ddan_room_7Tex_0066F8,STONE,UNKNOWN,LOW confidence scene/keyword prior only,in-engine draw capture + surface mapping; visual texture inspection
ddan_room_7Tex_006EF8,STONE,UNKNOWN,LOW confidence scene/keyword prior only,in-engine draw capture + surface mapping; visual texture inspection
ddan_room_8Tex_0041A0,STONE,UNKNOWN,LOW confidence scene/keyword prior only,in-engine draw capture + surface mapping; visual texture inspection
ddan_room_8Tex_0049A0,STONE,UNKNOWN,LOW confidence scene/keyword prior only,in-engine draw capture + surface mapping; visual texture inspection
ddan_room_8Tex_004DA0,STONE,UNKNOWN,LOW confidence scene/keyword prior only,in-engine draw capture + surface mapping; visual texture inspection
ddan_room_8Tex_0051A0,STONE,UNKNOWN,LOW confidence scene/keyword prior only,in-engine draw capture + surface mapping; visual texture inspection
ddan_room_8Tex_0059A0,STONE,UNKNOWN,LOW confidence scene/keyword prior only,in-engine draw capture + surface mapping; visual texture inspection
ddan_room_8Tex_0061A0,STONE,UNKNOWN,LOW confidence scene/keyword prior only,in-engine draw capture + surface mapping; visual texture inspection
ddan_room_8Tex_0069A0,STONE,UNKNOWN,LOW confidence scene/keyword prior only,in-engine draw capture + surface mapping; visual texture inspection
ddan_room_8Tex_0071A0,STONE,UNKNOWN,LOW confidence scene/keyword prior only,in-engine draw capture + surface mapping; visual texture inspection
ddan_room_8Tex_0079A0,STONE,UNKNOWN,LOW confidence scene/keyword prior only,in-engine draw capture + surface mapping; visual texture inspection
ddan_room_8Tex_0081A0,STONE,UNKNOWN,LOW confidence scene/keyword prior only,in-engine draw capture + surface mapping; visual texture inspection
ddan_room_8Tex_0089A0,STONE,UNKNOWN,LOW confidence scene/keyword prior only,in-engine draw capture + surface mapping; visual texture inspection
ddan_room_8Tex_0091A0,STONE,UNKNOWN,LOW confidence scene/keyword prior only,in-engine draw capture + surface mapping; visual texture inspection
ddan_room_9Tex_005128,STONE,UNKNOWN,LOW confidence scene/keyword prior only,in-engine draw capture + surface mapping; visual texture inspection
ddan_room_9Tex_005528,STONE,UNKNOWN,LOW confidence scene/keyword prior only,in-engine draw capture + surface mapping; visual texture inspection
ddan_room_9Tex_005D28,STONE,UNKNOWN,LOW confidence scene/keyword prior only,in-engine draw capture + surface mapping; visual texture inspection
ddan_room_9Tex_006128,STONE,UNKNOWN,LOW confidence scene/keyword prior only,in-engine draw capture + surface mapping; visual texture inspection
ddan_room_9Tex_006928,STONE,UNKNOWN,LOW confidence scene/keyword prior only,in-engine draw capture + surface mapping; visual texture inspection
ddan_room_9Tex_006D28,STONE,UNKNOWN,LOW confidence scene/keyword prior only,in-engine draw capture + surface mapping; visual texture inspection
ddan_room_9Tex_007D28,STONE,UNKNOWN,LOW confidence scene/keyword prior only,in-engine draw capture + surface mapping; visual texture inspection
ddan_room_9Tex_008D28,STONE,UNKNOWN,LOW confidence scene/keyword prior only,in-engine draw capture + surface mapping; visual texture inspection
ddan_room_9Tex_009128,STONE,UNKNOWN,LOW confidence scene/keyword prior only,in-engine draw capture + surface mapping; visual texture inspection
ddan_room_9Tex_009928,STONE,UNKNOWN,LOW confidence scene/keyword prior only,in-engine draw capture + surface mapping; visual texture inspection
ddan_room_9Tex_00A128,STONE,UNKNOWN,LOW confidence scene/keyword prior only,in-engine draw capture + surface mapping; visual texture inspection
ddan_room_9Tex_00A928,STONE,UNKNOWN,LOW confidence scene/keyword prior only,in-engine draw capture + surface mapping; visual texture inspection
ddan_room_9Tex_00B128,STONE,UNKNOWN,LOW confidence scene/keyword prior only,in-engine draw capture + surface mapping; visual texture inspection
gDCDayEntranceTex,STONE,UNKNOWN,LOW confidence scene/keyword prior only,in-engine draw capture + surface mapping; visual texture inspection
gDCLavaFloor1Tex,STONE,UNKNOWN,LOW confidence scene/keyword prior only,in-engine draw capture + surface mapping; visual texture inspection
gDCLavaFloor2Tex,STONE,UNKNOWN,LOW confidence scene/keyword prior only,in-engine draw capture + surface mapping; visual texture inspection
gDCLavaFloor3Tex,STONE,UNKNOWN,LOW confidence scene/keyword prior only,in-engine draw capture + surface mapping; visual texture inspection
gDCLavaFloor4Tex,STONE,UNKNOWN,LOW confidence scene/keyword prior only,in-engine draw capture + surface mapping; visual texture inspection
gDCLavaFloor5Tex,STONE,UNKNOWN,LOW confidence scene/keyword prior only,in-engine draw capture + surface mapping; visual texture inspection
gDCLavaFloor6Tex,STONE,UNKNOWN,LOW confidence scene/keyword prior only,in-engine draw capture + surface mapping; visual texture inspection
gDCLavaFloor7Tex,STONE,UNKNOWN,LOW confidence scene/keyword prior only,in-engine draw capture + surface mapping; visual texture inspection
gDCLavaFloor8Tex,STONE,UNKNOWN,LOW confidence scene/keyword prior only,in-engine draw capture + surface mapping; visual texture inspection
gDCNightEntranceTex,STONE,UNKNOWN,LOW confidence scene/keyword prior only,in-engine draw capture + surface mapping; visual texture inspection
ganontika_room_0Tex_007F48,UNKNOWN,UNKNOWN,no semantic evidence (offset-named or unkeyworded),in-engine draw capture + surface mapping; visual texture inspection
ganontika_room_0Tex_008A10,UNKNOWN,UNKNOWN,no semantic evidence (offset-named or unkeyworded),in-engine draw capture + surface mapping; visual texture inspection
ganontika_room_10Tex_0039B8,UNKNOWN,UNKNOWN,no semantic evidence (offset-named or unkeyworded),in-engine draw capture + surface mapping; visual texture inspection
ganontika_room_10Tex_0041B8,UNKNOWN,UNKNOWN,no semantic evidence (offset-named or unkeyworded),in-engine draw capture + surface mapping; visual texture inspection
ganontika_room_10Tex_0049B8,UNKNOWN,UNKNOWN,no semantic evidence (offset-named or unkeyworded),in-engine draw capture + surface mapping; visual texture inspection
ganontika_room_10Tex_0051B8,UNKNOWN,UNKNOWN,no semantic evidence (offset-named or unkeyworded),in-engine draw capture + surface mapping; visual texture inspection
ganontika_room_10Tex_0059B8,UNKNOWN,UNKNOWN,no semantic evidence (offset-named or unkeyworded),in-engine draw capture + surface mapping; visual texture inspection
ganontika_room_10Tex_005BB8,UNKNOWN,UNKNOWN,no semantic evidence (offset-named or unkeyworded),in-engine draw capture + surface mapping; visual texture inspection
ganontika_room_11Tex_004150,UNKNOWN,UNKNOWN,no semantic evidence (offset-named or unkeyworded),in-engine draw capture + surface mapping; visual texture inspection
ganontika_room_11Tex_004950,UNKNOWN,UNKNOWN,no semantic evidence (offset-named or unkeyworded),in-engine draw capture + surface mapping; visual texture inspection
ganontika_room_11Tex_005150,UNKNOWN,UNKNOWN,no semantic evidence (offset-named or unkeyworded),in-engine draw capture + surface mapping; visual texture inspection
ganontika_room_11Tex_005950,UNKNOWN,UNKNOWN,no semantic evidence (offset-named or unkeyworded),in-engine draw capture + surface mapping; visual texture inspection
ganontika_room_11Tex_006150,UNKNOWN,UNKNOWN,no semantic evidence (offset-named or unkeyworded),in-engine draw capture + surface mapping; visual texture inspection
ganontika_room_12Tex_005160,UNKNOWN,UNKNOWN,no semantic evidence (offset-named or unkeyworded),in-engine draw capture + surface mapping; visual texture inspection
ganontika_room_12Tex_005960,UNKNOWN,UNKNOWN,no semantic evidence (offset-named or unkeyworded),in-engine draw capture + surface mapping; visual texture inspection
ganontika_room_12Tex_006160,UNKNOWN,UNKNOWN,no semantic evidence (offset-named or unkeyworded),in-engine draw capture + surface mapping; visual texture inspection
ganontika_room_12Tex_006960,UNKNOWN,UNKNOWN,no semantic evidence (offset-named or unkeyworded),in-engine draw capture + surface mapping; visual texture inspection
ganontika_room_12Tex_007160,UNKNOWN,UNKNOWN,no semantic evidence (offset-named or unkeyworded),in-engine draw capture + surface mapping; visual texture inspection
ganontika_room_12Tex_008160,UNKNOWN,UNKNOWN,no semantic evidence (offset-named or unkeyworded),in-engine draw capture + surface mapping; visual texture inspection
ganontika_room_12Tex_008560,UNKNOWN,UNKNOWN,no semantic evidence (offset-named or unkeyworded),in-engine draw capture + surface mapping; visual texture inspection
ganontika_room_12Tex_009270,UNKNOWN,UNKNOWN,no semantic evidence (offset-named or unkeyworded),in-engine draw capture + surface mapping; visual texture inspection
ganontika_room_12Tex_00A270,UNKNOWN,UNKNOWN,no semantic evidence (offset-named or unkeyworded),in-engine draw capture + surface mapping; visual texture inspection
ganontika_room_13Tex_004340,UNKNOWN,UNKNOWN,no semantic evidence (offset-named or unkeyworded),in-engine draw capture + surface mapping; visual texture inspection
ganontika_room_13Tex_004B40,UNKNOWN,UNKNOWN,no semantic evidence (offset-named or unkeyworded),in-engine draw capture + surface mapping; visual texture inspection
ganontika_room_13Tex_005340,UNKNOWN,UNKNOWN,no semantic evidence (offset-named or unkeyworded),in-engine draw capture + surface mapping; visual texture inspection
ganontika_room_13Tex_005B40,UNKNOWN,UNKNOWN,no semantic evidence (offset-named or unkeyworded),in-engine draw capture + surface mapping; visual texture inspection
ganontika_room_13Tex_006340,UNKNOWN,UNKNOWN,no semantic evidence (offset-named or unkeyworded),in-engine draw capture + surface mapping; visual texture inspection
ganontika_room_13Tex_006B40,UNKNOWN,UNKNOWN,no semantic evidence (offset-named or unkeyworded),in-engine draw capture + surface mapping; visual texture inspection
ganontika_room_13Tex_006D40,UNKNOWN,UNKNOWN,no semantic evidence (offset-named or unkeyworded),in-engine draw capture + surface mapping; visual texture inspection
ganontika_room_14Tex_004FB8,UNKNOWN,UNKNOWN,no semantic evidence (offset-named or unkeyworded),in-engine draw capture + surface mapping; visual texture inspection
ganontika_room_14Tex_0057B8,UNKNOWN,UNKNOWN,no semantic evidence (offset-named or unkeyworded),in-engine draw capture + surface mapping; visual texture inspection
ganontika_room_14Tex_005FB8,UNKNOWN,UNKNOWN,no semantic evidence (offset-named or unkeyworded),in-engine draw capture + surface mapping; visual texture inspection
ganontika_room_14Tex_0067B8,UNKNOWN,UNKNOWN,no semantic evidence (offset-named or unkeyworded),in-engine draw capture + surface mapping; visual texture inspection
ganontika_room_14Tex_0077B8,UNKNOWN,UNKNOWN,no semantic evidence (offset-named or unkeyworded),in-engine draw capture + surface mapping; visual texture inspection
ganontika_room_14Tex_007BB8,UNKNOWN,UNKNOWN,no semantic evidence (offset-named or unkeyworded),in-engine draw capture + surface mapping; visual texture inspection
ganontika_room_14Tex_0089C8,UNKNOWN,UNKNOWN,no semantic evidence (offset-named or unkeyworded),in-engine draw capture + surface mapping; visual texture inspection
ganontika_room_14Tex_0099C8,UNKNOWN,UNKNOWN,no semantic evidence (offset-named or unkeyworded),in-engine draw capture + surface mapping; visual texture inspection
ganontika_room_15Tex_004340,UNKNOWN,UNKNOWN,no semantic evidence (offset-named or unkeyworded),in-engine draw capture + surface mapping; visual texture inspection
ganontika_room_15Tex_004B40,UNKNOWN,UNKNOWN,no semantic evidence (offset-named or unkeyworded),in-engine draw capture + surface mapping; visual texture inspection
ganontika_room_15Tex_005340,UNKNOWN,UNKNOWN,no semantic evidence (offset-named or unkeyworded),in-engine draw capture + surface mapping; visual texture inspection
ganontika_room_15Tex_005B40,UNKNOWN,UNKNOWN,no semantic evidence (offset-named or unkeyworded),in-engine draw capture + surface mapping; visual texture inspection
ganontika_room_15Tex_006340,UNKNOWN,UNKNOWN,no semantic evidence (offset-named or unkeyworded),in-engine draw capture + surface mapping; visual texture inspection
ganontika_room_15Tex_006B40,UNKNOWN,UNKNOWN,no semantic evidence (offset-named or unkeyworded),in-engine draw capture + surface mapping; visual texture inspection
ganontika_room_15Tex_006D40,UNKNOWN,UNKNOWN,no semantic evidence (offset-named or unkeyworded),in-engine draw capture + surface mapping; visual texture inspection
ganontika_room_16Tex_001630,UNKNOWN,UNKNOWN,no semantic evidence (offset-named or unkeyworded),in-engine draw capture + surface mapping; visual texture inspection
ganontika_room_16Tex_002630,UNKNOWN,UNKNOWN,no semantic evidence (offset-named or unkeyworded),in-engine draw capture + surface mapping; visual texture inspection
ganontika_room_17Tex_002A18,UNKNOWN,UNKNOWN,no semantic evidence (offset-named or unkeyworded),in-engine draw capture + surface mapping; visual texture inspection
ganontika_room_17Tex_002E18,UNKNOWN,UNKNOWN,no semantic evidence (offset-named or unkeyworded),in-engine draw capture + surface mapping; visual texture inspection
ganontika_room_17Tex_003E18,UNKNOWN,UNKNOWN,no semantic evidence (offset-named or unkeyworded),in-engine draw capture + surface mapping; visual texture inspection
ganontika_room_17Tex_004E18,UNKNOWN,UNKNOWN,no semantic evidence (offset-named or unkeyworded),in-engine draw capture + surface mapping; visual texture inspection
ganontika_room_17Tex_005618,UNKNOWN,UNKNOWN,no semantic evidence (offset-named or unkeyworded),in-engine draw capture + surface mapping; visual texture inspection
ganontika_room_17Tex_006618,UNKNOWN,UNKNOWN,no semantic evidence (offset-named or unkeyworded),in-engine draw capture + surface mapping; visual texture inspection
ganontika_room_17Tex_006E18,UNKNOWN,UNKNOWN,no semantic evidence (offset-named or unkeyworded),in-engine draw capture + surface mapping; visual texture inspection
ganontika_room_17Tex_007618,UNKNOWN,UNKNOWN,no semantic evidence (offset-named or unkeyworded),in-engine draw capture + surface mapping; visual texture inspection
ganontika_room_18Tex_004380,UNKNOWN,UNKNOWN,no semantic evidence (offset-named or unkeyworded),in-engine draw capture + surface mapping; visual texture inspection
ganontika_room_18Tex_005380,UNKNOWN,UNKNOWN,no semantic evidence (offset-named or unkeyworded),in-engine draw capture + surface mapping; visual texture inspection
ganontika_room_18Tex_005780,UNKNOWN,UNKNOWN,no semantic evidence (offset-named or unkeyworded),in-engine draw capture + surface mapping; visual texture inspection
ganontika_room_18Tex_006780,UNKNOWN,UNKNOWN,no semantic evidence (offset-named or unkeyworded),in-engine draw capture + surface mapping; visual texture inspection
ganontika_room_18Tex_007780,UNKNOWN,UNKNOWN,no semantic evidence (offset-named or unkeyworded),in-engine draw capture + surface mapping; visual texture inspection
ganontika_room_18Tex_007F80,UNKNOWN,UNKNOWN,no semantic evidence (offset-named or unkeyworded),in-engine draw capture + surface mapping; visual texture inspection
ganontika_room_18Tex_008F80,UNKNOWN,UNKNOWN,no semantic evidence (offset-named or unkeyworded),in-engine draw capture + surface mapping; visual texture inspection
ganontika_room_18Tex_009180,UNKNOWN,UNKNOWN,no semantic evidence (offset-named or unkeyworded),in-engine draw capture + surface mapping; visual texture inspection
ganontika_room_18Tex_009980,UNKNOWN,UNKNOWN,no semantic evidence (offset-named or unkeyworded),in-engine draw capture + surface mapping; visual texture inspection
ganontika_room_18Tex_00A180,UNKNOWN,UNKNOWN,no semantic evidence (offset-named or unkeyworded),in-engine draw capture + surface mapping; visual texture inspection
ganontika_room_18Tex_00A380,UNKNOWN,UNKNOWN,no semantic evidence (offset-named or unkeyworded),in-engine draw capture + surface mapping; visual texture inspection
ganontika_room_18Tex_00B6E0,UNKNOWN,UNKNOWN,no semantic evidence (offset-named or unkeyworded),in-engine draw capture + surface mapping; visual texture inspection
ganontika_room_19Tex_004340,UNKNOWN,UNKNOWN,no semantic evidence (offset-named or unkeyworded),in-engine draw capture + surface mapping; visual texture inspection
ganontika_room_19Tex_004B40,UNKNOWN,UNKNOWN,no semantic evidence (offset-named or unkeyworded),in-engine draw capture + surface mapping; visual texture inspection
ganontika_room_19Tex_005340,UNKNOWN,UNKNOWN,no semantic evidence (offset-named or unkeyworded),in-engine draw capture + surface mapping; visual texture inspection
ganontika_room_19Tex_005B40,UNKNOWN,UNKNOWN,no semantic evidence (offset-named or unkeyworded),in-engine draw capture + surface mapping; visual texture inspection
ganontika_room_19Tex_006340,UNKNOWN,UNKNOWN,no semantic evidence (offset-named or unkeyworded),in-engine draw capture + surface mapping; visual texture inspection
ganontika_room_19Tex_006B40,UNKNOWN,UNKNOWN,no semantic evidence (offset-named or unkeyworded),in-engine draw capture + surface mapping; visual texture inspection
ganontika_room_19Tex_006D40,UNKNOWN,UNKNOWN,no semantic evidence (offset-named or unkeyworded),in-engine draw capture + surface mapping; visual texture inspection
ganontika_room_1Tex_00D9E0,UNKNOWN,UNKNOWN,no semantic evidence (offset-named or unkeyworded),in-engine draw capture + surface mapping; visual texture inspection
ganontika_room_1Tex_00E9E0,UNKNOWN,UNKNOWN,no semantic evidence (offset-named or unkeyworded),in-engine draw capture + surface mapping; visual texture inspection
ganontika_room_1Tex_00F9E0,UNKNOWN,UNKNOWN,no semantic evidence (offset-named or unkeyworded),in-engine draw capture + surface mapping; visual texture inspection
ganontika_room_1Tex_0109E0,UNKNOWN,UNKNOWN,no semantic evidence (offset-named or unkeyworded),in-engine draw capture + surface mapping; visual texture inspection
ganontika_room_1Tex_0119E0,UNKNOWN,UNKNOWN,no semantic evidence (offset-named or unkeyworded),in-engine draw capture + surface mapping; visual texture inspection
ganontika_room_1Tex_0121E0,UNKNOWN,UNKNOWN,no semantic evidence (offset-named or unkeyworded),in-engine draw capture + surface mapping; visual texture inspection
ganontika_room_1Tex_0129E0,UNKNOWN,UNKNOWN,no semantic evidence (offset-named or unkeyworded),in-engine draw capture + surface mapping; visual texture inspection
ganontika_room_1Tex_0131E0,UNKNOWN,UNKNOWN,no semantic evidence (offset-named or unkeyworded),in-engine draw capture + surface mapping; visual texture inspection
ganontika_room_1Tex_0139E0,UNKNOWN,UNKNOWN,no semantic evidence (offset-named or unkeyworded),in-engine draw capture + surface mapping; visual texture inspection
ganontika_room_1Tex_0141E0,UNKNOWN,UNKNOWN,no semantic evidence (offset-named or unkeyworded),in-engine draw capture + surface mapping; visual texture inspection
ganontika_room_1Tex_0149E0,UNKNOWN,UNKNOWN,no semantic evidence (offset-named or unkeyworded),in-engine draw capture + surface mapping; visual texture inspection
ganontika_room_1Tex_0151E0,UNKNOWN,UNKNOWN,no semantic evidence (offset-named or unkeyworded),in-engine draw capture + surface mapping; visual texture inspection
ganontika_room_1Tex_0159E0,UNKNOWN,UNKNOWN,no semantic evidence (offset-named or unkeyworded),in-engine draw capture + surface mapping; visual texture inspection
ganontika_room_1Tex_0161E0,UNKNOWN,UNKNOWN,no semantic evidence (offset-named or unkeyworded),in-engine draw capture + surface mapping; visual texture inspection
ganontika_room_1Tex_0169E0,UNKNOWN,UNKNOWN,no semantic evidence (offset-named or unkeyworded),in-engine draw capture + surface mapping; visual texture inspection
ganontika_room_1Tex_0171E0,UNKNOWN,UNKNOWN,no semantic evidence (offset-named or unkeyworded),in-engine draw capture + surface mapping; visual texture inspection
ganontika_room_1Tex_0179E0,UNKNOWN,UNKNOWN,no semantic evidence (offset-named or unkeyworded),in-engine draw capture + surface mapping; visual texture inspection
ganontika_room_1Tex_0181E0,UNKNOWN,UNKNOWN,no semantic evidence (offset-named or unkeyworded),in-engine draw capture + surface mapping; visual texture inspection
ganontika_room_1Tex_0189E0,UNKNOWN,UNKNOWN,no semantic evidence (offset-named or unkeyworded),in-engine draw capture + surface mapping; visual texture inspection
ganontika_room_1Tex_0199E0,UNKNOWN,UNKNOWN,no semantic evidence (offset-named or unkeyworded),in-engine draw capture + surface mapping; visual texture inspection
ganontika_room_1Tex_019DE0,UNKNOWN,UNKNOWN,no semantic evidence (offset-named or unkeyworded),in-engine draw capture + surface mapping; visual texture inspection
ganontika_room_1Tex_01B9C8,UNKNOWN,UNKNOWN,no semantic evidence (offset-named or unkeyworded),in-engine draw capture + surface mapping; visual texture inspection
ganontika_room_2Tex_002FD8,UNKNOWN,UNKNOWN,no semantic evidence (offset-named or unkeyworded),in-engine draw capture + surface mapping; visual texture inspection
ganontika_room_2Tex_0037D8,UNKNOWN,UNKNOWN,no semantic evidence (offset-named or unkeyworded),in-engine draw capture + surface mapping; visual texture inspection
ganontika_room_2Tex_003FD8,UNKNOWN,UNKNOWN,no semantic evidence (offset-named or unkeyworded),in-engine draw capture + surface mapping; visual texture inspection
ganontika_room_2Tex_0047D8,UNKNOWN,UNKNOWN,no semantic evidence (offset-named or unkeyworded),in-engine draw capture + surface mapping; visual texture inspection
ganontika_room_2Tex_004FD8,UNKNOWN,UNKNOWN,no semantic evidence (offset-named or unkeyworded),in-engine draw capture + surface mapping; visual texture inspection
ganontika_room_2Tex_0057D8,UNKNOWN,UNKNOWN,no semantic evidence (offset-named or unkeyworded),in-engine draw capture + surface mapping; visual texture inspection
ganontika_room_2Tex_005FD8,UNKNOWN,UNKNOWN,no semantic evidence (offset-named or unkeyworded),in-engine draw capture + surface mapping; visual texture inspection
ganontika_room_2Tex_0067D8,UNKNOWN,UNKNOWN,no semantic evidence (offset-named or unkeyworded),in-engine draw capture + surface mapping; visual texture inspection
ganontika_room_3Tex_003ED8,UNKNOWN,UNKNOWN,no semantic evidence (offset-named or unkeyworded),in-engine draw capture + surface mapping; visual texture inspection
ganontika_room_3Tex_0046D8,UNKNOWN,UNKNOWN,no semantic evidence (offset-named or unkeyworded),in-engine draw capture + surface mapping; visual texture inspection
ganontika_room_3Tex_004ED8,UNKNOWN,UNKNOWN,no semantic evidence (offset-named or unkeyworded),in-engine draw capture + surface mapping; visual texture inspection
ganontika_room_3Tex_0056D8,UNKNOWN,UNKNOWN,no semantic evidence (offset-named or unkeyworded),in-engine draw capture + surface mapping; visual texture inspection
ganontika_room_3Tex_005ED8,UNKNOWN,UNKNOWN,no semantic evidence (offset-named or unkeyworded),in-engine draw capture + surface mapping; visual texture inspection
ganontika_room_3Tex_0066D8,UNKNOWN,UNKNOWN,no semantic evidence (offset-named or unkeyworded),in-engine draw capture + surface mapping; visual texture inspection
ganontika_room_3Tex_006ED8,UNKNOWN,UNKNOWN,no semantic evidence (offset-named or unkeyworded),in-engine draw capture + surface mapping; visual texture inspection
ganontika_room_3Tex_0076D8,UNKNOWN,UNKNOWN,no semantic evidence (offset-named or unkeyworded),in-engine draw capture + surface mapping; visual texture inspection
ganontika_room_3Tex_008A38,UNKNOWN,UNKNOWN,no semantic evidence (offset-named or unkeyworded),in-engine draw capture + surface mapping; visual texture inspection
ganontika_room_4Tex_004288,UNKNOWN,UNKNOWN,no semantic evidence (offset-named or unkeyworded),in-engine draw capture + surface mapping; visual texture inspection
ganontika_room_4Tex_004A88,UNKNOWN,UNKNOWN,no semantic evidence (offset-named or unkeyworded),in-engine draw capture + surface mapping; visual texture inspection
ganontika_room_4Tex_005288,UNKNOWN,UNKNOWN,no semantic evidence (offset-named or unkeyworded),in-engine draw capture + surface mapping; visual texture inspection
ganontika_room_4Tex_005A88,UNKNOWN,UNKNOWN,no semantic evidence (offset-named or unkeyworded),in-engine draw capture + surface mapping; visual texture inspection
ganontika_room_4Tex_006288,UNKNOWN,UNKNOWN,no semantic evidence (offset-named or unkeyworded),in-engine draw capture + surface mapping; visual texture inspection
ganontika_room_4Tex_006A88,UNKNOWN,UNKNOWN,no semantic evidence (offset-named or unkeyworded),in-engine draw capture + surface mapping; visual texture inspection
ganontika_room_4Tex_006C88,UNKNOWN,UNKNOWN,no semantic evidence (offset-named or unkeyworded),in-engine draw capture + surface mapping; visual texture inspection
ganontika_room_5Tex_003B18,UNKNOWN,UNKNOWN,no semantic evidence (offset-named or unkeyworded),in-engine draw capture + surface mapping; visual texture inspection
ganontika_room_5Tex_003D18,UNKNOWN,UNKNOWN,no semantic evidence (offset-named or unkeyworded),in-engine draw capture + surface mapping; visual texture inspection
ganontika_room_5Tex_004518,UNKNOWN,UNKNOWN,no semantic evidence (offset-named or unkeyworded),in-engine draw capture + surface mapping; visual texture inspection
ganontika_room_5Tex_004D18,UNKNOWN,UNKNOWN,no semantic evidence (offset-named or unkeyworded),in-engine draw capture + surface mapping; visual texture inspection
ganontika_room_5Tex_005518,UNKNOWN,UNKNOWN,no semantic evidence (offset-named or unkeyworded),in-engine draw capture + surface mapping; visual texture inspection
ganontika_room_5Tex_005D18,UNKNOWN,UNKNOWN,no semantic evidence (offset-named or unkeyworded),in-engine draw capture + surface mapping; visual texture inspection
ganontika_room_5Tex_006518,UNKNOWN,UNKNOWN,no semantic evidence (offset-named or unkeyworded),in-engine draw capture + surface mapping; visual texture inspection
ganontika_room_6Tex_00B500,UNKNOWN,UNKNOWN,no semantic evidence (offset-named or unkeyworded),in-engine draw capture + surface mapping; visual texture inspection
ganontika_room_6Tex_00B900,UNKNOWN,UNKNOWN,no semantic evidence (offset-named or unkeyworded),in-engine draw capture + surface mapping; visual texture inspection
ganontika_room_6Tex_00C100,UNKNOWN,UNKNOWN,no semantic evidence (offset-named or unkeyworded),in-engine draw capture + surface mapping; visual texture inspection
ganontika_room_6Tex_00C900,UNKNOWN,UNKNOWN,no semantic evidence (offset-named or unkeyworded),in-engine draw capture + surface mapping; visual texture inspection
ganontika_room_6Tex_00CB00,UNKNOWN,UNKNOWN,no semantic evidence (offset-named or unkeyworded),in-engine draw capture + surface mapping; visual texture inspection
ganontika_room_6Tex_00CD00,UNKNOWN,UNKNOWN,no semantic evidence (offset-named or unkeyworded),in-engine draw capture + surface mapping; visual texture inspection
ganontika_room_6Tex_00CF00,UNKNOWN,UNKNOWN,no semantic evidence (offset-named or unkeyworded),in-engine draw capture + surface mapping; visual texture inspection
ganontika_room_6Tex_00D700,UNKNOWN,UNKNOWN,no semantic evidence (offset-named or unkeyworded),in-engine draw capture + surface mapping; visual texture inspection
ganontika_room_6Tex_00D900,UNKNOWN,UNKNOWN,no semantic evidence (offset-named or unkeyworded),in-engine draw capture + surface mapping; visual texture inspection
ganontika_room_6Tex_00EC58,UNKNOWN,UNKNOWN,no semantic evidence (offset-named or unkeyworded),in-engine draw capture + surface mapping; visual texture inspection
ganontika_room_7Tex_004288,UNKNOWN,UNKNOWN,no semantic evidence (offset-named or unkeyworded),in-engine draw capture + surface mapping; visual texture inspection
ganontika_room_7Tex_004A88,UNKNOWN,UNKNOWN,no semantic evidence (offset-named or unkeyworded),in-engine draw capture + surface mapping; visual texture inspection
ganontika_room_7Tex_005288,UNKNOWN,UNKNOWN,no semantic evidence (offset-named or unkeyworded),in-engine draw capture + surface mapping; visual texture inspection
ganontika_room_7Tex_005A88,UNKNOWN,UNKNOWN,no semantic evidence (offset-named or unkeyworded),in-engine draw capture + surface mapping; visual texture inspection
ganontika_room_7Tex_006288,UNKNOWN,UNKNOWN,no semantic evidence (offset-named or unkeyworded),in-engine draw capture + surface mapping; visual texture inspection
ganontika_room_7Tex_006A88,UNKNOWN,UNKNOWN,no semantic evidence (offset-named or unkeyworded),in-engine draw capture + surface mapping; visual texture inspection
ganontika_room_7Tex_006C88,UNKNOWN,UNKNOWN,no semantic evidence (offset-named or unkeyworded),in-engine draw capture + surface mapping; visual texture inspection
ganontika_room_8Tex_0034B8,UNKNOWN,UNKNOWN,no semantic evidence (offset-named or unkeyworded),in-engine draw capture + surface mapping; visual texture inspection
ganontika_room_8Tex_0044B8,UNKNOWN,UNKNOWN,no semantic evidence (offset-named or unkeyworded),in-engine draw capture + surface mapping; visual texture inspection
ganontika_room_8Tex_0054B8,UNKNOWN,UNKNOWN,no semantic evidence (offset-named or unkeyworded),in-engine draw capture + surface mapping; visual texture inspection
ganontika_room_8Tex_005CB8,UNKNOWN,UNKNOWN,no semantic evidence (offset-named or unkeyworded),in-engine draw capture + surface mapping; visual texture inspection
ganontika_room_8Tex_006CB8,UNKNOWN,UNKNOWN,no semantic evidence (offset-named or unkeyworded),in-engine draw capture + surface mapping; visual texture inspection
ganontika_room_8Tex_0074B8,UNKNOWN,UNKNOWN,no semantic evidence (offset-named or unkeyworded),in-engine draw capture + surface mapping; visual texture inspection
ganontika_room_8Tex_008018,UNKNOWN,UNKNOWN,no semantic evidence (offset-named or unkeyworded),in-engine draw capture + surface mapping; visual texture inspection
ganontika_room_9Tex_005488,UNKNOWN,UNKNOWN,no semantic evidence (offset-named or unkeyworded),in-engine draw capture + surface mapping; visual texture inspection
ganontika_room_9Tex_006488,UNKNOWN,UNKNOWN,no semantic evidence (offset-named or unkeyworded),in-engine draw capture + surface mapping; visual texture inspection
ganontika_room_9Tex_007488,UNKNOWN,UNKNOWN,no semantic evidence (offset-named or unkeyworded),in-engine draw capture + surface mapping; visual texture inspection
ganontika_room_9Tex_007C88,UNKNOWN,UNKNOWN,no semantic evidence (offset-named or unkeyworded),in-engine draw capture + surface mapping; visual texture inspection
ganontika_room_9Tex_007E88,UNKNOWN,UNKNOWN,no semantic evidence (offset-named or unkeyworded),in-engine draw capture + surface mapping; visual texture inspection
ganontika_room_9Tex_008688,UNKNOWN,UNKNOWN,no semantic evidence (offset-named or unkeyworded),in-engine draw capture + surface mapping; visual texture inspection
ganontika_room_9Tex_008E88,UNKNOWN,UNKNOWN,no semantic evidence (offset-named or unkeyworded),in-engine draw capture + surface mapping; visual texture inspection
ganontika_room_9Tex_009688,UNKNOWN,UNKNOWN,no semantic evidence (offset-named or unkeyworded),in-engine draw capture + surface mapping; visual texture inspection
ganontika_room_9Tex_00A818,UNKNOWN,UNKNOWN,no semantic evidence (offset-named or unkeyworded),in-engine draw capture + surface mapping; visual texture inspection
ganontika_sceneTex_01F580,UNKNOWN,UNKNOWN,no semantic evidence (offset-named or unkeyworded),in-engine draw capture + surface mapping; visual texture inspection
ganontika_sceneTex_01F780,UNKNOWN,UNKNOWN,no semantic evidence (offset-named or unkeyworded),in-engine draw capture + surface mapping; visual texture inspection
ganontika_sceneTex_01FF80,UNKNOWN,UNKNOWN,no semantic evidence (offset-named or unkeyworded),in-engine draw capture + surface mapping; visual texture inspection
ganontika_sceneTex_020380,UNKNOWN,UNKNOWN,no semantic evidence (offset-named or unkeyworded),in-engine draw capture + surface mapping; visual texture inspection
ganontika_sceneTex_020B80,UNKNOWN,UNKNOWN,no semantic evidence (offset-named or unkeyworded),in-engine draw capture + surface mapping; visual texture inspection
gIceCavernDayEntranceTex,ICE,UNKNOWN,LOW confidence scene/keyword prior only,in-engine draw capture + surface mapping; visual texture inspection
gIceCavernNightEntranceTex,ICE,UNKNOWN,LOW confidence scene/keyword prior only,in-engine draw capture + surface mapping; visual texture inspection
ice_doukutu_room_0Tex_002F50,ICE,UNKNOWN,LOW confidence scene/keyword prior only,in-engine draw capture + surface mapping; visual texture inspection
ice_doukutu_room_0Tex_003F50,ICE,UNKNOWN,LOW confidence scene/keyword prior only,in-engine draw capture + surface mapping; visual texture inspection
ice_doukutu_room_0Tex_004750,ICE,UNKNOWN,LOW confidence scene/keyword prior only,in-engine draw capture + surface mapping; visual texture inspection
ice_doukutu_room_0Tex_005750,ICE,UNKNOWN,LOW confidence scene/keyword prior only,in-engine draw capture + surface mapping; visual texture inspection
ice_doukutu_room_0Tex_005F50,ICE,UNKNOWN,LOW confidence scene/keyword prior only,in-engine draw capture + surface mapping; visual texture inspection
ice_doukutu_room_0Tex_007678,ICE,UNKNOWN,LOW confidence scene/keyword prior only,in-engine draw capture + surface mapping; visual texture inspection
ice_doukutu_room_10Tex_001A28,ICE,UNKNOWN,LOW confidence scene/keyword prior only,in-engine draw capture + surface mapping; visual texture inspection
ice_doukutu_room_10Tex_002A28,ICE,UNKNOWN,LOW confidence scene/keyword prior only,in-engine draw capture + surface mapping; visual texture inspection
ice_doukutu_room_10Tex_003BD8,ICE,UNKNOWN,LOW confidence scene/keyword prior only,in-engine draw capture + surface mapping; visual texture inspection
ice_doukutu_room_11Tex_002928,ICE,UNKNOWN,LOW confidence scene/keyword prior only,in-engine draw capture + surface mapping; visual texture inspection
ice_doukutu_room_11Tex_003128,ICE,UNKNOWN,LOW confidence scene/keyword prior only,in-engine draw capture + surface mapping; visual texture inspection
ice_doukutu_room_11Tex_003928,ICE,UNKNOWN,LOW confidence scene/keyword prior only,in-engine draw capture + surface mapping; visual texture inspection
ice_doukutu_room_11Tex_004848,ICE,UNKNOWN,LOW confidence scene/keyword prior only,in-engine draw capture + surface mapping; visual texture inspection
ice_doukutu_room_1Tex_004110,ICE,UNKNOWN,LOW confidence scene/keyword prior only,in-engine draw capture + surface mapping; visual texture inspection
ice_doukutu_room_1Tex_005110,ICE,UNKNOWN,LOW confidence scene/keyword prior only,in-engine draw capture + surface mapping; visual texture inspection
ice_doukutu_room_1Tex_005910,ICE,UNKNOWN,LOW confidence scene/keyword prior only,in-engine draw capture + surface mapping; visual texture inspection
ice_doukutu_room_1Tex_006910,ICE,UNKNOWN,LOW confidence scene/keyword prior only,in-engine draw capture + surface mapping; visual texture inspection
ice_doukutu_room_1Tex_007110,ICE,UNKNOWN,LOW confidence scene/keyword prior only,in-engine draw capture + surface mapping; visual texture inspection
ice_doukutu_room_1Tex_008110,ICE,UNKNOWN,LOW confidence scene/keyword prior only,in-engine draw capture + surface mapping; visual texture inspection
ice_doukutu_room_1Tex_009110,ICE,UNKNOWN,LOW confidence scene/keyword prior only,in-engine draw capture + surface mapping; visual texture inspection
ice_doukutu_room_1Tex_00AB30,ICE,UNKNOWN,LOW confidence scene/keyword prior only,in-engine draw capture + surface mapping; visual texture inspection
ice_doukutu_room_1Tex_00BB30,ICE,UNKNOWN,LOW confidence scene/keyword prior only,in-engine draw capture + surface mapping; visual texture inspection
ice_doukutu_room_1Tex_00BD30,ICE,UNKNOWN,LOW confidence scene/keyword prior only,in-engine draw capture + surface mapping; visual texture inspection
ice_doukutu_room_2Tex_001730,ICE,UNKNOWN,LOW confidence scene/keyword prior only,in-engine draw capture + surface mapping; visual texture inspection
ice_doukutu_room_2Tex_002730,ICE,UNKNOWN,LOW confidence scene/keyword prior only,in-engine draw capture + surface mapping; visual texture inspection
ice_doukutu_room_2Tex_003AF8,ICE,UNKNOWN,LOW confidence scene/keyword prior only,in-engine draw capture + surface mapping; visual texture inspection
ice_doukutu_room_2Tex_004AF8,ICE,UNKNOWN,LOW confidence scene/keyword prior only,in-engine draw capture + surface mapping; visual texture inspection
ice_doukutu_room_3Tex_003208,ICE,UNKNOWN,LOW confidence scene/keyword prior only,in-engine draw capture + surface mapping; visual texture inspection
ice_doukutu_room_3Tex_003A08,ICE,UNKNOWN,LOW confidence scene/keyword prior only,in-engine draw capture + surface mapping; visual texture inspection
ice_doukutu_room_3Tex_005090,ICE,UNKNOWN,LOW confidence scene/keyword prior only,in-engine draw capture + surface mapping; visual texture inspection
ice_doukutu_room_3Tex_006090,ICE,UNKNOWN,LOW confidence scene/keyword prior only,in-engine draw capture + surface mapping; visual texture inspection
ice_doukutu_room_3Tex_007090,ICE,UNKNOWN,LOW confidence scene/keyword prior only,in-engine draw capture + surface mapping; visual texture inspection
ice_doukutu_room_4Tex_0028E0,ICE,UNKNOWN,LOW confidence scene/keyword prior only,in-engine draw capture + surface mapping; visual texture inspection
ice_doukutu_room_4Tex_0030E0,ICE,UNKNOWN,LOW confidence scene/keyword prior only,in-engine draw capture + surface mapping; visual texture inspection
ice_doukutu_room_4Tex_0038E0,ICE,UNKNOWN,LOW confidence scene/keyword prior only,in-engine draw capture + surface mapping; visual texture inspection
ice_doukutu_room_4Tex_004650,ICE,UNKNOWN,LOW confidence scene/keyword prior only,in-engine draw capture + surface mapping; visual texture inspection
ice_doukutu_room_4Tex_005650,ICE,UNKNOWN,LOW confidence scene/keyword prior only,in-engine draw capture + surface mapping; visual texture inspection
ice_doukutu_room_4Tex_006650,ICE,UNKNOWN,LOW confidence scene/keyword prior only,in-engine draw capture + surface mapping; visual texture inspection
ice_doukutu_room_5Tex_004648,ICE,UNKNOWN,LOW confidence scene/keyword prior only,in-engine draw capture + surface mapping; visual texture inspection
ice_doukutu_room_5Tex_005648,ICE,UNKNOWN,LOW confidence scene/keyword prior only,in-engine draw capture + surface mapping; visual texture inspection
ice_doukutu_room_5Tex_005E48,ICE,UNKNOWN,LOW confidence scene/keyword prior only,in-engine draw capture + surface mapping; visual texture inspection
ice_doukutu_room_5Tex_006648,ICE,UNKNOWN,LOW confidence scene/keyword prior only,in-engine draw capture + surface mapping; visual texture inspection
ice_doukutu_room_5Tex_007478,ICE,UNKNOWN,LOW confidence scene/keyword prior only,in-engine draw capture + surface mapping; visual texture inspection
ice_doukutu_room_5Tex_007878,ICE,UNKNOWN,LOW confidence scene/keyword prior only,in-engine draw capture + surface mapping; visual texture inspection
ice_doukutu_room_6Tex_0029B0,ICE,UNKNOWN,LOW confidence scene/keyword prior only,in-engine draw capture + surface mapping; visual texture inspection
ice_doukutu_room_6Tex_0039B0,ICE,UNKNOWN,LOW confidence scene/keyword prior only,in-engine draw capture + surface mapping; visual texture inspection
ice_doukutu_room_7Tex_001758,ICE,UNKNOWN,LOW confidence scene/keyword prior only,in-engine draw capture + surface mapping; visual texture inspection
ice_doukutu_room_7Tex_0040E8,ICE,UNKNOWN,LOW confidence scene/keyword prior only,in-engine draw capture + surface mapping; visual texture inspection
ice_doukutu_room_7Tex_0050E8,ICE,UNKNOWN,LOW confidence scene/keyword prior only,in-engine draw capture + surface mapping; visual texture inspection
ice_doukutu_room_9Tex_0044A0,ICE,UNKNOWN,LOW confidence scene/keyword prior only,in-engine draw capture + surface mapping; visual texture inspection
ice_doukutu_room_9Tex_0054A0,ICE,UNKNOWN,LOW confidence scene/keyword prior only,in-engine draw capture + surface mapping; visual texture inspection
ice_doukutu_room_9Tex_005CA0,ICE,UNKNOWN,LOW confidence scene/keyword prior only,in-engine draw capture + surface mapping; visual texture inspection
ice_doukutu_room_9Tex_0064A0,ICE,UNKNOWN,LOW confidence scene/keyword prior only,in-engine draw capture + surface mapping; visual texture inspection
ice_doukutu_room_9Tex_006CA0,ICE,UNKNOWN,LOW confidence scene/keyword prior only,in-engine draw capture + surface mapping; visual texture inspection
ice_doukutu_room_9Tex_007690,ICE,UNKNOWN,LOW confidence scene/keyword prior only,in-engine draw capture + surface mapping; visual texture inspection
ice_doukutu_sceneTex_00FCC0,ICE,UNKNOWN,LOW confidence scene/keyword prior only,in-engine draw capture + surface mapping; visual texture inspection
ice_doukutu_sceneTex_0100C0,ICE,UNKNOWN,LOW confidence scene/keyword prior only,in-engine draw capture + surface mapping; visual texture inspection
ice_doukutu_sceneTex_0108C0,ICE,UNKNOWN,LOW confidence scene/keyword prior only,in-engine draw capture + surface mapping; visual texture inspection
ice_doukutu_sceneTex_010AC0,ICE,UNKNOWN,LOW confidence scene/keyword prior only,in-engine draw capture + surface mapping; visual texture inspection
ice_doukutu_sceneTex_010EC0,ICE,UNKNOWN,LOW confidence scene/keyword prior only,in-engine draw capture + surface mapping; visual texture inspection
gSpiritTempleDayEntranceTex,UNKNOWN,UNKNOWN,no semantic evidence (offset-named or unkeyworded),in-engine draw capture + surface mapping; visual texture inspection
gSpiritTempleNightEntranceTex,UNKNOWN,UNKNOWN,no semantic evidence (offset-named or unkeyworded),in-engine draw capture + surface mapping; visual texture inspection
jyasinzou_room_0Tex_00A9D8,UNKNOWN,UNKNOWN,no semantic evidence (offset-named or unkeyworded),in-engine draw capture + surface mapping; visual texture inspection
jyasinzou_room_0Tex_00B1D8,UNKNOWN,UNKNOWN,no semantic evidence (offset-named or unkeyworded),in-engine draw capture + surface mapping; visual texture inspection
jyasinzou_room_0Tex_00B9D8,UNKNOWN,UNKNOWN,no semantic evidence (offset-named or unkeyworded),in-engine draw capture + surface mapping; visual texture inspection
jyasinzou_room_0Tex_00C1D8,UNKNOWN,UNKNOWN,no semantic evidence (offset-named or unkeyworded),in-engine draw capture + surface mapping; visual texture inspection
jyasinzou_room_0Tex_00C9D8,UNKNOWN,UNKNOWN,no semantic evidence (offset-named or unkeyworded),in-engine draw capture + surface mapping; visual texture inspection
jyasinzou_room_0Tex_00D1D8,UNKNOWN,UNKNOWN,no semantic evidence (offset-named or unkeyworded),in-engine draw capture + surface mapping; visual texture inspection
jyasinzou_room_0Tex_00D5D8,UNKNOWN,UNKNOWN,no semantic evidence (offset-named or unkeyworded),in-engine draw capture + surface mapping; visual texture inspection
jyasinzou_room_0Tex_00DDD8,UNKNOWN,UNKNOWN,no semantic evidence (offset-named or unkeyworded),in-engine draw capture + surface mapping; visual texture inspection
jyasinzou_room_0Tex_00E1D8,UNKNOWN,UNKNOWN,no semantic evidence (offset-named or unkeyworded),in-engine draw capture + surface mapping; visual texture inspection
jyasinzou_room_0Tex_00E9D8,UNKNOWN,UNKNOWN,no semantic evidence (offset-named or unkeyworded),in-engine draw capture + surface mapping; visual texture inspection
jyasinzou_room_0Tex_00F1D8,UNKNOWN,UNKNOWN,no semantic evidence (offset-named or unkeyworded),in-engine draw capture + surface mapping; visual texture inspection
jyasinzou_room_0Tex_00F9D8,UNKNOWN,UNKNOWN,no semantic evidence (offset-named or unkeyworded),in-engine draw capture + surface mapping; visual texture inspection
jyasinzou_room_0Tex_0107E8,UNKNOWN,UNKNOWN,no semantic evidence (offset-named or unkeyworded),in-engine draw capture + surface mapping; visual texture inspection
jyasinzou_room_10Tex_0031A0,UNKNOWN,UNKNOWN,no semantic evidence (offset-named or unkeyworded),in-engine draw capture + surface mapping; visual texture inspection
jyasinzou_room_10Tex_0041A0,UNKNOWN,UNKNOWN,no semantic evidence (offset-named or unkeyworded),in-engine draw capture + surface mapping; visual texture inspection
jyasinzou_room_10Tex_0049A0,UNKNOWN,UNKNOWN,no semantic evidence (offset-named or unkeyworded),in-engine draw capture + surface mapping; visual texture inspection
jyasinzou_room_10Tex_0051A0,UNKNOWN,UNKNOWN,no semantic evidence (offset-named or unkeyworded),in-engine draw capture + surface mapping; visual texture inspection
jyasinzou_room_10Tex_0059A0,UNKNOWN,UNKNOWN,no semantic evidence (offset-named or unkeyworded),in-engine draw capture + surface mapping; visual texture inspection
jyasinzou_room_10Tex_005DA0,UNKNOWN,UNKNOWN,no semantic evidence (offset-named or unkeyworded),in-engine draw capture + surface mapping; visual texture inspection
jyasinzou_room_10Tex_0065A0,UNKNOWN,UNKNOWN,no semantic evidence (offset-named or unkeyworded),in-engine draw capture + surface mapping; visual texture inspection
jyasinzou_room_10Tex_0069A0,UNKNOWN,UNKNOWN,no semantic evidence (offset-named or unkeyworded),in-engine draw capture + surface mapping; visual texture inspection
jyasinzou_room_10Tex_0079A0,UNKNOWN,UNKNOWN,no semantic evidence (offset-named or unkeyworded),in-engine draw capture + surface mapping; visual texture inspection
jyasinzou_room_10Tex_007DA0,UNKNOWN,UNKNOWN,no semantic evidence (offset-named or unkeyworded),in-engine draw capture + surface mapping; visual texture inspection
jyasinzou_room_11Tex_000780,UNKNOWN,UNKNOWN,no semantic evidence (offset-named or unkeyworded),in-engine draw capture + surface mapping; visual texture inspection
jyasinzou_room_12Tex_0010D8,UNKNOWN,UNKNOWN,no semantic evidence (offset-named or unkeyworded),in-engine draw capture + surface mapping; visual texture inspection
jyasinzou_room_12Tex_0018D8,UNKNOWN,UNKNOWN,no semantic evidence (offset-named or unkeyworded),in-engine draw capture + surface mapping; visual texture inspection
jyasinzou_room_13Tex_0028A8,UNKNOWN,UNKNOWN,no semantic evidence (offset-named or unkeyworded),in-engine draw capture + surface mapping; visual texture inspection
jyasinzou_room_13Tex_0030A8,UNKNOWN,UNKNOWN,no semantic evidence (offset-named or unkeyworded),in-engine draw capture + surface mapping; visual texture inspection
jyasinzou_room_13Tex_0038A8,UNKNOWN,UNKNOWN,no semantic evidence (offset-named or unkeyworded),in-engine draw capture + surface mapping; visual texture inspection
jyasinzou_room_13Tex_003CA8,UNKNOWN,UNKNOWN,no semantic evidence (offset-named or unkeyworded),in-engine draw capture + surface mapping; visual texture inspection
jyasinzou_room_13Tex_0044A8,UNKNOWN,UNKNOWN,no semantic evidence (offset-named or unkeyworded),in-engine draw capture + surface mapping; visual texture inspection
jyasinzou_room_13Tex_004CA8,UNKNOWN,UNKNOWN,no semantic evidence (offset-named or unkeyworded),in-engine draw capture + surface mapping; visual texture inspection
jyasinzou_room_13Tex_0050A8,UNKNOWN,UNKNOWN,no semantic evidence (offset-named or unkeyworded),in-engine draw capture + surface mapping; visual texture inspection
jyasinzou_room_14Tex_001CA0,UNKNOWN,UNKNOWN,no semantic evidence (offset-named or unkeyworded),in-engine draw capture + surface mapping; visual texture inspection
jyasinzou_room_14Tex_0024A0,UNKNOWN,UNKNOWN,no semantic evidence (offset-named or unkeyworded),in-engine draw capture + surface mapping; visual texture inspection
jyasinzou_room_14Tex_0028A0,UNKNOWN,UNKNOWN,no semantic evidence (offset-named or unkeyworded),in-engine draw capture + surface mapping; visual texture inspection
jyasinzou_room_14Tex_0030A0,UNKNOWN,UNKNOWN,no semantic evidence (offset-named or unkeyworded),in-engine draw capture + surface mapping; visual texture inspection
jyasinzou_room_14Tex_0034A0,UNKNOWN,UNKNOWN,no semantic evidence (offset-named or unkeyworded),in-engine draw capture + surface mapping; visual texture inspection
jyasinzou_room_14Tex_0044A0,UNKNOWN,UNKNOWN,no semantic evidence (offset-named or unkeyworded),in-engine draw capture + surface mapping; visual texture inspection
jyasinzou_room_15Tex_002FE8,UNKNOWN,UNKNOWN,no semantic evidence (offset-named or unkeyworded),in-engine draw capture + surface mapping; visual texture inspection
jyasinzou_room_15Tex_003FE8,UNKNOWN,UNKNOWN,no semantic evidence (offset-named or unkeyworded),in-engine draw capture + surface mapping; visual texture inspection
jyasinzou_room_15Tex_0043E8,UNKNOWN,UNKNOWN,no semantic evidence (offset-named or unkeyworded),in-engine draw capture + surface mapping; visual texture inspection
jyasinzou_room_15Tex_004BE8,UNKNOWN,UNKNOWN,no semantic evidence (offset-named or unkeyworded),in-engine draw capture + surface mapping; visual texture inspection
jyasinzou_room_15Tex_0053E8,UNKNOWN,UNKNOWN,no semantic evidence (offset-named or unkeyworded),in-engine draw capture + surface mapping; visual texture inspection
jyasinzou_room_15Tex_005BE8,UNKNOWN,UNKNOWN,no semantic evidence (offset-named or unkeyworded),in-engine draw capture + surface mapping; visual texture inspection
jyasinzou_room_15Tex_005CE8,UNKNOWN,UNKNOWN,no semantic evidence (offset-named or unkeyworded),in-engine draw capture + surface mapping; visual texture inspection
jyasinzou_room_15Tex_0060E8,UNKNOWN,UNKNOWN,no semantic evidence (offset-named or unkeyworded),in-engine draw capture + surface mapping; visual texture inspection
jyasinzou_room_15Tex_0068E8,UNKNOWN,UNKNOWN,no semantic evidence (offset-named or unkeyworded),in-engine draw capture + surface mapping; visual texture inspection
jyasinzou_room_15Tex_006CE8,UNKNOWN,UNKNOWN,no semantic evidence (offset-named or unkeyworded),in-engine draw capture + surface mapping; visual texture inspection
jyasinzou_room_15Tex_007C98,UNKNOWN,UNKNOWN,no semantic evidence (offset-named or unkeyworded),in-engine draw capture + surface mapping; visual texture inspection
jyasinzou_room_16Tex_0029B8,UNKNOWN,UNKNOWN,no semantic evidence (offset-named or unkeyworded),in-engine draw capture + surface mapping; visual texture inspection
jyasinzou_room_16Tex_0039B8,UNKNOWN,UNKNOWN,no semantic evidence (offset-named or unkeyworded),in-engine draw capture + surface mapping; visual texture inspection
jyasinzou_room_16Tex_0041B8,UNKNOWN,UNKNOWN,no semantic evidence (offset-named or unkeyworded),in-engine draw capture + surface mapping; visual texture inspection
jyasinzou_room_16Tex_0045B8,UNKNOWN,UNKNOWN,no semantic evidence (offset-named or unkeyworded),in-engine draw capture + surface mapping; visual texture inspection
jyasinzou_room_16Tex_004DB8,UNKNOWN,UNKNOWN,no semantic evidence (offset-named or unkeyworded),in-engine draw capture + surface mapping; visual texture inspection
jyasinzou_room_16Tex_0051B8,UNKNOWN,UNKNOWN,no semantic evidence (offset-named or unkeyworded),in-engine draw capture + surface mapping; visual texture inspection
jyasinzou_room_16Tex_0059B8,UNKNOWN,UNKNOWN,no semantic evidence (offset-named or unkeyworded),in-engine draw capture + surface mapping; visual texture inspection
jyasinzou_room_17Tex_005E50,UNKNOWN,UNKNOWN,no semantic evidence (offset-named or unkeyworded),in-engine draw capture + surface mapping; visual texture inspection
jyasinzou_room_17Tex_006650,UNKNOWN,UNKNOWN,no semantic evidence (offset-named or unkeyworded),in-engine draw capture + surface mapping; visual texture inspection
jyasinzou_room_17Tex_006E50,UNKNOWN,UNKNOWN,no semantic evidence (offset-named or unkeyworded),in-engine draw capture + surface mapping; visual texture inspection
jyasinzou_room_17Tex_007250,UNKNOWN,UNKNOWN,no semantic evidence (offset-named or unkeyworded),in-engine draw capture + surface mapping; visual texture inspection
jyasinzou_room_17Tex_007A50,UNKNOWN,UNKNOWN,no semantic evidence (offset-named or unkeyworded),in-engine draw capture + surface mapping; visual texture inspection
jyasinzou_room_17Tex_008250,UNKNOWN,UNKNOWN,no semantic evidence (offset-named or unkeyworded),in-engine draw capture + surface mapping; visual texture inspection
jyasinzou_room_17Tex_008A50,UNKNOWN,UNKNOWN,no semantic evidence (offset-named or unkeyworded),in-engine draw capture + surface mapping; visual texture inspection
jyasinzou_room_17Tex_008E50,UNKNOWN,UNKNOWN,no semantic evidence (offset-named or unkeyworded),in-engine draw capture + surface mapping; visual texture inspection
jyasinzou_room_18Tex_0020F0,UNKNOWN,UNKNOWN,no semantic evidence (offset-named or unkeyworded),in-engine draw capture + surface mapping; visual texture inspection
jyasinzou_room_18Tex_0028F0,UNKNOWN,UNKNOWN,no semantic evidence (offset-named or unkeyworded),in-engine draw capture + surface mapping; visual texture inspection
jyasinzou_room_18Tex_0030F0,UNKNOWN,UNKNOWN,no semantic evidence (offset-named or unkeyworded),in-engine draw capture + surface mapping; visual texture inspection
jyasinzou_room_18Tex_0034F0,UNKNOWN,UNKNOWN,no semantic evidence (offset-named or unkeyworded),in-engine draw capture + surface mapping; visual texture inspection
jyasinzou_room_18Tex_003CF0,UNKNOWN,UNKNOWN,no semantic evidence (offset-named or unkeyworded),in-engine draw capture + surface mapping; visual texture inspection
jyasinzou_room_18Tex_0044F0,UNKNOWN,UNKNOWN,no semantic evidence (offset-named or unkeyworded),in-engine draw capture + surface mapping; visual texture inspection
jyasinzou_room_18Tex_0048F0,UNKNOWN,UNKNOWN,no semantic evidence (offset-named or unkeyworded),in-engine draw capture + surface mapping; visual texture inspection
jyasinzou_room_18Tex_0054E0,UNKNOWN,UNKNOWN,no semantic evidence (offset-named or unkeyworded),in-engine draw capture + surface mapping; visual texture inspection
jyasinzou_room_19Tex_002DC8,UNKNOWN,UNKNOWN,no semantic evidence (offset-named or unkeyworded),in-engine draw capture + surface mapping; visual texture inspection
jyasinzou_room_19Tex_003DC8,UNKNOWN,UNKNOWN,no semantic evidence (offset-named or unkeyworded),in-engine draw capture + surface mapping; visual texture inspection
jyasinzou_room_19Tex_0045C8,UNKNOWN,UNKNOWN,no semantic evidence (offset-named or unkeyworded),in-engine draw capture + surface mapping; visual texture inspection
jyasinzou_room_19Tex_004DC8,UNKNOWN,UNKNOWN,no semantic evidence (offset-named or unkeyworded),in-engine draw capture + surface mapping; visual texture inspection
jyasinzou_room_19Tex_0051C8,UNKNOWN,UNKNOWN,no semantic evidence (offset-named or unkeyworded),in-engine draw capture + surface mapping; visual texture inspection
jyasinzou_room_19Tex_0055C8,UNKNOWN,UNKNOWN,no semantic evidence (offset-named or unkeyworded),in-engine draw capture + surface mapping; visual texture inspection
jyasinzou_room_1Tex_004F48,UNKNOWN,UNKNOWN,no semantic evidence (offset-named or unkeyworded),in-engine draw capture + surface mapping; visual texture inspection
jyasinzou_room_1Tex_005748,UNKNOWN,UNKNOWN,no semantic evidence (offset-named or unkeyworded),in-engine draw capture + surface mapping; visual texture inspection
jyasinzou_room_1Tex_005F48,UNKNOWN,UNKNOWN,no semantic evidence (offset-named or unkeyworded),in-engine draw capture + surface mapping; visual texture inspection
jyasinzou_room_1Tex_006748,UNKNOWN,UNKNOWN,no semantic evidence (offset-named or unkeyworded),in-engine draw capture + surface mapping; visual texture inspection
jyasinzou_room_1Tex_006B48,UNKNOWN,UNKNOWN,no semantic evidence (offset-named or unkeyworded),in-engine draw capture + surface mapping; visual texture inspection
jyasinzou_room_1Tex_007348,UNKNOWN,UNKNOWN,no semantic evidence (offset-named or unkeyworded),in-engine draw capture + surface mapping; visual texture inspection
jyasinzou_room_1Tex_007B48,UNKNOWN,UNKNOWN,no semantic evidence (offset-named or unkeyworded),in-engine draw capture + surface mapping; visual texture inspection
jyasinzou_room_1Tex_008348,UNKNOWN,UNKNOWN,no semantic evidence (offset-named or unkeyworded),in-engine draw capture + surface mapping; visual texture inspection
jyasinzou_room_1Tex_008B48,UNKNOWN,UNKNOWN,no semantic evidence (offset-named or unkeyworded),in-engine draw capture + surface mapping; visual texture inspection
jyasinzou_room_20Tex_0031B8,UNKNOWN,UNKNOWN,no semantic evidence (offset-named or unkeyworded),in-engine draw capture + surface mapping; visual texture inspection
jyasinzou_room_20Tex_0041B8,UNKNOWN,UNKNOWN,no semantic evidence (offset-named or unkeyworded),in-engine draw capture + surface mapping; visual texture inspection
jyasinzou_room_20Tex_0049B8,UNKNOWN,UNKNOWN,no semantic evidence (offset-named or unkeyworded),in-engine draw capture + surface mapping; visual texture inspection
jyasinzou_room_20Tex_0051B8,UNKNOWN,UNKNOWN,no semantic evidence (offset-named or unkeyworded),in-engine draw capture + surface mapping; visual texture inspection
jyasinzou_room_20Tex_0059B8,UNKNOWN,UNKNOWN,no semantic evidence (offset-named or unkeyworded),in-engine draw capture + surface mapping; visual texture inspection
jyasinzou_room_20Tex_005DB8,UNKNOWN,UNKNOWN,no semantic evidence (offset-named or unkeyworded),in-engine draw capture + surface mapping; visual texture inspection
jyasinzou_room_20Tex_0065B8,UNKNOWN,UNKNOWN,no semantic evidence (offset-named or unkeyworded),in-engine draw capture + surface mapping; visual texture inspection
jyasinzou_room_20Tex_0069B8,UNKNOWN,UNKNOWN,no semantic evidence (offset-named or unkeyworded),in-engine draw capture + surface mapping; visual texture inspection
jyasinzou_room_20Tex_0079B8,UNKNOWN,UNKNOWN,no semantic evidence (offset-named or unkeyworded),in-engine draw capture + surface mapping; visual texture inspection
jyasinzou_room_20Tex_007DB8,UNKNOWN,UNKNOWN,no semantic evidence (offset-named or unkeyworded),in-engine draw capture + surface mapping; visual texture inspection
jyasinzou_room_21Tex_001660,UNKNOWN,UNKNOWN,no semantic evidence (offset-named or unkeyworded),in-engine draw capture + surface mapping; visual texture inspection
jyasinzou_room_21Tex_002660,UNKNOWN,UNKNOWN,no semantic evidence (offset-named or unkeyworded),in-engine draw capture + surface mapping; visual texture inspection
jyasinzou_room_21Tex_002E60,UNKNOWN,UNKNOWN,no semantic evidence (offset-named or unkeyworded),in-engine draw capture + surface mapping; visual texture inspection
jyasinzou_room_21Tex_003260,UNKNOWN,UNKNOWN,no semantic evidence (offset-named or unkeyworded),in-engine draw capture + surface mapping; visual texture inspection
jyasinzou_room_21Tex_003660,UNKNOWN,UNKNOWN,no semantic evidence (offset-named or unkeyworded),in-engine draw capture + surface mapping; visual texture inspection
jyasinzou_room_21Tex_003E60,UNKNOWN,UNKNOWN,no semantic evidence (offset-named or unkeyworded),in-engine draw capture + surface mapping; visual texture inspection
jyasinzou_room_22Tex_001468,UNKNOWN,UNKNOWN,no semantic evidence (offset-named or unkeyworded),in-engine draw capture + surface mapping; visual texture inspection
jyasinzou_room_22Tex_001C68,UNKNOWN,UNKNOWN,no semantic evidence (offset-named or unkeyworded),in-engine draw capture + surface mapping; visual texture inspection
jyasinzou_room_22Tex_002468,UNKNOWN,UNKNOWN,no semantic evidence (offset-named or unkeyworded),in-engine draw capture + surface mapping; visual texture inspection
jyasinzou_room_22Tex_002868,UNKNOWN,UNKNOWN,no semantic evidence (offset-named or unkeyworded),in-engine draw capture + surface mapping; visual texture inspection
jyasinzou_room_23Tex_004438,UNKNOWN,UNKNOWN,no semantic evidence (offset-named or unkeyworded),in-engine draw capture + surface mapping; visual texture inspection
jyasinzou_room_23Tex_004C38,UNKNOWN,UNKNOWN,no semantic evidence (offset-named or unkeyworded),in-engine draw capture + surface mapping; visual texture inspection
jyasinzou_room_23Tex_005438,UNKNOWN,UNKNOWN,no semantic evidence (offset-named or unkeyworded),in-engine draw capture + surface mapping; visual texture inspection
jyasinzou_room_23Tex_005838,UNKNOWN,UNKNOWN,no semantic evidence (offset-named or unkeyworded),in-engine draw capture + surface mapping; visual texture inspection
jyasinzou_room_23Tex_006038,UNKNOWN,UNKNOWN,no semantic evidence (offset-named or unkeyworded),in-engine draw capture + surface mapping; visual texture inspection
jyasinzou_room_23Tex_006438,UNKNOWN,UNKNOWN,no semantic evidence (offset-named or unkeyworded),in-engine draw capture + surface mapping; visual texture inspection
jyasinzou_room_23Tex_006C38,UNKNOWN,UNKNOWN,no semantic evidence (offset-named or unkeyworded),in-engine draw capture + surface mapping; visual texture inspection
jyasinzou_room_23Tex_007438,UNKNOWN,UNKNOWN,no semantic evidence (offset-named or unkeyworded),in-engine draw capture + surface mapping; visual texture inspection
jyasinzou_room_23Tex_007C38,UNKNOWN,UNKNOWN,no semantic evidence (offset-named or unkeyworded),in-engine draw capture + surface mapping; visual texture inspection
jyasinzou_room_23Tex_008038,UNKNOWN,UNKNOWN,no semantic evidence (offset-named or unkeyworded),in-engine draw capture + surface mapping; visual texture inspection
jyasinzou_room_23Tex_008838,UNKNOWN,UNKNOWN,no semantic evidence (offset-named or unkeyworded),in-engine draw capture + surface mapping; visual texture inspection
jyasinzou_room_24Tex_001B38,UNKNOWN,UNKNOWN,no semantic evidence (offset-named or unkeyworded),in-engine draw capture + surface mapping; visual texture inspection
jyasinzou_room_24Tex_002B38,UNKNOWN,UNKNOWN,no semantic evidence (offset-named or unkeyworded),in-engine draw capture + surface mapping; visual texture inspection
jyasinzou_room_24Tex_003338,UNKNOWN,UNKNOWN,no semantic evidence (offset-named or unkeyworded),in-engine draw capture + surface mapping; visual texture inspection
jyasinzou_room_24Tex_003B38,UNKNOWN,UNKNOWN,no semantic evidence (offset-named or unkeyworded),in-engine draw capture + surface mapping; visual texture inspection
jyasinzou_room_24Tex_003F38,UNKNOWN,UNKNOWN,no semantic evidence (offset-named or unkeyworded),in-engine draw capture + surface mapping; visual texture inspection
jyasinzou_room_24Tex_004338,UNKNOWN,UNKNOWN,no semantic evidence (offset-named or unkeyworded),in-engine draw capture + surface mapping; visual texture inspection
jyasinzou_room_24Tex_004B38,UNKNOWN,UNKNOWN,no semantic evidence (offset-named or unkeyworded),in-engine draw capture + surface mapping; visual texture inspection
jyasinzou_room_24Tex_0054D0,UNKNOWN,UNKNOWN,no semantic evidence (offset-named or unkeyworded),in-engine draw capture + surface mapping; visual texture inspection
jyasinzou_room_25Tex_00BA98,UNKNOWN,UNKNOWN,no semantic evidence (offset-named or unkeyworded),in-engine draw capture + surface mapping; visual texture inspection
jyasinzou_room_25Tex_00BE98,UNKNOWN,UNKNOWN,no semantic evidence (offset-named or unkeyworded),in-engine draw capture + surface mapping; visual texture inspection
jyasinzou_room_25Tex_00CE98,UNKNOWN,UNKNOWN,no semantic evidence (offset-named or unkeyworded),in-engine draw capture + surface mapping; visual texture inspection
jyasinzou_room_25Tex_00D698,UNKNOWN,UNKNOWN,no semantic evidence (offset-named or unkeyworded),in-engine draw capture + surface mapping; visual texture inspection
jyasinzou_room_25Tex_00DA98,UNKNOWN,UNKNOWN,no semantic evidence (offset-named or unkeyworded),in-engine draw capture + surface mapping; visual texture inspection
jyasinzou_room_25Tex_00DE98,UNKNOWN,UNKNOWN,no semantic evidence (offset-named or unkeyworded),in-engine draw capture + surface mapping; visual texture inspection
jyasinzou_room_25Tex_00E698,UNKNOWN,UNKNOWN,no semantic evidence (offset-named or unkeyworded),in-engine draw capture + surface mapping; visual texture inspection
jyasinzou_room_25Tex_00EE98,UNKNOWN,UNKNOWN,no semantic evidence (offset-named or unkeyworded),in-engine draw capture + surface mapping; visual texture inspection
jyasinzou_room_25Tex_00F298,UNKNOWN,UNKNOWN,no semantic evidence (offset-named or unkeyworded),in-engine draw capture + surface mapping; visual texture inspection
jyasinzou_room_25Tex_00F698,UNKNOWN,UNKNOWN,no semantic evidence (offset-named or unkeyworded),in-engine draw capture + surface mapping; visual texture inspection
jyasinzou_room_25Tex_00FE98,UNKNOWN,UNKNOWN,no semantic evidence (offset-named or unkeyworded),in-engine draw capture + surface mapping; visual texture inspection
jyasinzou_room_25Tex_00FF98,UNKNOWN,UNKNOWN,no semantic evidence (offset-named or unkeyworded),in-engine draw capture + surface mapping; visual texture inspection
jyasinzou_room_25Tex_010398,UNKNOWN,UNKNOWN,no semantic evidence (offset-named or unkeyworded),in-engine draw capture + surface mapping; visual texture inspection
jyasinzou_room_25Tex_010798,UNKNOWN,UNKNOWN,no semantic evidence (offset-named or unkeyworded),in-engine draw capture + surface mapping; visual texture inspection
jyasinzou_room_25Tex_010B98,UNKNOWN,UNKNOWN,no semantic evidence (offset-named or unkeyworded),in-engine draw capture + surface mapping; visual texture inspection
jyasinzou_room_25Tex_010F98,UNKNOWN,UNKNOWN,no semantic evidence (offset-named or unkeyworded),in-engine draw capture + surface mapping; visual texture inspection
jyasinzou_room_25Tex_011398,UNKNOWN,UNKNOWN,no semantic evidence (offset-named or unkeyworded),in-engine draw capture + surface mapping; visual texture inspection
jyasinzou_room_25Tex_011798,UNKNOWN,UNKNOWN,no semantic evidence (offset-named or unkeyworded),in-engine draw capture + surface mapping; visual texture inspection
jyasinzou_room_25Tex_011F98,UNKNOWN,UNKNOWN,no semantic evidence (offset-named or unkeyworded),in-engine draw capture + surface mapping; visual texture inspection
jyasinzou_room_25Tex_012798,UNKNOWN,UNKNOWN,no semantic evidence (offset-named or unkeyworded),in-engine draw capture + surface mapping; visual texture inspection
jyasinzou_room_25Tex_012B98,UNKNOWN,UNKNOWN,no semantic evidence (offset-named or unkeyworded),in-engine draw capture + surface mapping; visual texture inspection
jyasinzou_room_25Tex_013398,UNKNOWN,UNKNOWN,no semantic evidence (offset-named or unkeyworded),in-engine draw capture + surface mapping; visual texture inspection
jyasinzou_room_25Tex_013B98,UNKNOWN,UNKNOWN,no semantic evidence (offset-named or unkeyworded),in-engine draw capture + surface mapping; visual texture inspection
jyasinzou_room_25Tex_014398,UNKNOWN,UNKNOWN,no semantic evidence (offset-named or unkeyworded),in-engine draw capture + surface mapping; visual texture inspection
jyasinzou_room_25Tex_014798,UNKNOWN,UNKNOWN,no semantic evidence (offset-named or unkeyworded),in-engine draw capture + surface mapping; visual texture inspection
jyasinzou_room_25Tex_014F98,UNKNOWN,UNKNOWN,no semantic evidence (offset-named or unkeyworded),in-engine draw capture + surface mapping; visual texture inspection
jyasinzou_room_25Tex_015398,UNKNOWN,UNKNOWN,no semantic evidence (offset-named or unkeyworded),in-engine draw capture + surface mapping; visual texture inspection
jyasinzou_room_26Tex_006CC8,UNKNOWN,UNKNOWN,no semantic evidence (offset-named or unkeyworded),in-engine draw capture + surface mapping; visual texture inspection
jyasinzou_room_26Tex_0070C8,UNKNOWN,UNKNOWN,no semantic evidence (offset-named or unkeyworded),in-engine draw capture + surface mapping; visual texture inspection
jyasinzou_room_26Tex_0080C8,UNKNOWN,UNKNOWN,no semantic evidence (offset-named or unkeyworded),in-engine draw capture + surface mapping; visual texture inspection
jyasinzou_room_26Tex_0082C8,UNKNOWN,UNKNOWN,no semantic evidence (offset-named or unkeyworded),in-engine draw capture + surface mapping; visual texture inspection
jyasinzou_room_26Tex_008AC8,UNKNOWN,UNKNOWN,no semantic evidence (offset-named or unkeyworded),in-engine draw capture + surface mapping; visual texture inspection
jyasinzou_room_26Tex_008CC8,UNKNOWN,UNKNOWN,no semantic evidence (offset-named or unkeyworded),in-engine draw capture + surface mapping; visual texture inspection
jyasinzou_room_26Tex_0094C8,UNKNOWN,UNKNOWN,no semantic evidence (offset-named or unkeyworded),in-engine draw capture + surface mapping; visual texture inspection
jyasinzou_room_26Tex_009CC8,UNKNOWN,UNKNOWN,no semantic evidence (offset-named or unkeyworded),in-engine draw capture + surface mapping; visual texture inspection
jyasinzou_room_26Tex_00A0C8,UNKNOWN,UNKNOWN,no semantic evidence (offset-named or unkeyworded),in-engine draw capture + surface mapping; visual texture inspection
jyasinzou_room_26Tex_00A8C8,UNKNOWN,UNKNOWN,no semantic evidence (offset-named or unkeyworded),in-engine draw capture + surface mapping; visual texture inspection
jyasinzou_room_26Tex_00ACC8,UNKNOWN,UNKNOWN,no semantic evidence (offset-named or unkeyworded),in-engine draw capture + surface mapping; visual texture inspection
jyasinzou_room_26Tex_00B4C8,UNKNOWN,UNKNOWN,no semantic evidence (offset-named or unkeyworded),in-engine draw capture + surface mapping; visual texture inspection
jyasinzou_room_26Tex_00C2F8,UNKNOWN,UNKNOWN,no semantic evidence (offset-named or unkeyworded),in-engine draw capture + surface mapping; visual texture inspection
jyasinzou_room_27Tex_004310,UNKNOWN,UNKNOWN,no semantic evidence (offset-named or unkeyworded),in-engine draw capture + surface mapping; visual texture inspection
jyasinzou_room_27Tex_004B10,UNKNOWN,UNKNOWN,no semantic evidence (offset-named or unkeyworded),in-engine draw capture + surface mapping; visual texture inspection
jyasinzou_room_27Tex_004F10,UNKNOWN,UNKNOWN,no semantic evidence (offset-named or unkeyworded),in-engine draw capture + surface mapping; visual texture inspection
jyasinzou_room_28Tex_004130,UNKNOWN,UNKNOWN,no semantic evidence (offset-named or unkeyworded),in-engine draw capture + surface mapping; visual texture inspection
jyasinzou_room_28Tex_004930,UNKNOWN,UNKNOWN,no semantic evidence (offset-named or unkeyworded),in-engine draw capture + surface mapping; visual texture inspection
jyasinzou_room_28Tex_005130,UNKNOWN,UNKNOWN,no semantic evidence (offset-named or unkeyworded),in-engine draw capture + surface mapping; visual texture inspection
jyasinzou_room_28Tex_005930,UNKNOWN,UNKNOWN,no semantic evidence (offset-named or unkeyworded),in-engine draw capture + surface mapping; visual texture inspection
jyasinzou_room_28Tex_006130,UNKNOWN,UNKNOWN,no semantic evidence (offset-named or unkeyworded),in-engine draw capture + surface mapping; visual texture inspection
jyasinzou_room_28Tex_006530,UNKNOWN,UNKNOWN,no semantic evidence (offset-named or unkeyworded),in-engine draw capture + surface mapping; visual texture inspection
jyasinzou_room_28Tex_007530,UNKNOWN,UNKNOWN,no semantic evidence (offset-named or unkeyworded),in-engine draw capture + surface mapping; visual texture inspection
jyasinzou_room_28Tex_007930,UNKNOWN,UNKNOWN,no semantic evidence (offset-named or unkeyworded),in-engine draw capture + surface mapping; visual texture inspection
jyasinzou_room_28Tex_007A30,UNKNOWN,UNKNOWN,no semantic evidence (offset-named or unkeyworded),in-engine draw capture + surface mapping; visual texture inspection
jyasinzou_room_28Tex_007E30,UNKNOWN,UNKNOWN,no semantic evidence (offset-named or unkeyworded),in-engine draw capture + surface mapping; visual texture inspection
jyasinzou_room_28Tex_008630,UNKNOWN,UNKNOWN,no semantic evidence (offset-named or unkeyworded),in-engine draw capture + surface mapping; visual texture inspection
jyasinzou_room_2Tex_0023B0,UNKNOWN,UNKNOWN,no semantic evidence (offset-named or unkeyworded),in-engine draw capture + surface mapping; visual texture inspection
jyasinzou_room_2Tex_0033B0,UNKNOWN,UNKNOWN,no semantic evidence (offset-named or unkeyworded),in-engine draw capture + surface mapping; visual texture inspection
jyasinzou_room_2Tex_003BB0,UNKNOWN,UNKNOWN,no semantic evidence (offset-named or unkeyworded),in-engine draw capture + surface mapping; visual texture inspection
jyasinzou_room_2Tex_003FB0,UNKNOWN,UNKNOWN,no semantic evidence (offset-named or unkeyworded),in-engine draw capture + surface mapping; visual texture inspection
jyasinzou_room_2Tex_0047B0,UNKNOWN,UNKNOWN,no semantic evidence (offset-named or unkeyworded),in-engine draw capture + surface mapping; visual texture inspection
jyasinzou_room_2Tex_004BB0,UNKNOWN,UNKNOWN,no semantic evidence (offset-named or unkeyworded),in-engine draw capture + surface mapping; visual texture inspection
jyasinzou_room_2Tex_0053B0,UNKNOWN,UNKNOWN,no semantic evidence (offset-named or unkeyworded),in-engine draw capture + surface mapping; visual texture inspection
jyasinzou_room_3Tex_001FC8,UNKNOWN,UNKNOWN,no semantic evidence (offset-named or unkeyworded),in-engine draw capture + surface mapping; visual texture inspection
jyasinzou_room_3Tex_0023C8,UNKNOWN,UNKNOWN,no semantic evidence (offset-named or unkeyworded),in-engine draw capture + surface mapping; visual texture inspection
jyasinzou_room_3Tex_002BC8,UNKNOWN,UNKNOWN,no semantic evidence (offset-named or unkeyworded),in-engine draw capture + surface mapping; visual texture inspection
jyasinzou_room_3Tex_0033C8,UNKNOWN,UNKNOWN,no semantic evidence (offset-named or unkeyworded),in-engine draw capture + surface mapping; visual texture inspection
jyasinzou_room_4Tex_003698,UNKNOWN,UNKNOWN,no semantic evidence (offset-named or unkeyworded),in-engine draw capture + surface mapping; visual texture inspection
jyasinzou_room_4Tex_003E98,UNKNOWN,UNKNOWN,no semantic evidence (offset-named or unkeyworded),in-engine draw capture + surface mapping; visual texture inspection
jyasinzou_room_4Tex_004698,UNKNOWN,UNKNOWN,no semantic evidence (offset-named or unkeyworded),in-engine draw capture + surface mapping; visual texture inspection
jyasinzou_room_4Tex_004E98,UNKNOWN,UNKNOWN,no semantic evidence (offset-named or unkeyworded),in-engine draw capture + surface mapping; visual texture inspection
jyasinzou_room_4Tex_005698,UNKNOWN,UNKNOWN,no semantic evidence (offset-named or unkeyworded),in-engine draw capture + surface mapping; visual texture inspection
jyasinzou_room_4Tex_005798,UNKNOWN,UNKNOWN,no semantic evidence (offset-named or unkeyworded),in-engine draw capture + surface mapping; visual texture inspection
jyasinzou_room_4Tex_005B98,UNKNOWN,UNKNOWN,no semantic evidence (offset-named or unkeyworded),in-engine draw capture + surface mapping; visual texture inspection
jyasinzou_room_4Tex_006398,UNKNOWN,UNKNOWN,no semantic evidence (offset-named or unkeyworded),in-engine draw capture + surface mapping; visual texture inspection
jyasinzou_room_4Tex_006798,UNKNOWN,UNKNOWN,no semantic evidence (offset-named or unkeyworded),in-engine draw capture + surface mapping; visual texture inspection
jyasinzou_room_5Tex_00CBC8,UNKNOWN,UNKNOWN,no semantic evidence (offset-named or unkeyworded),in-engine draw capture + surface mapping; visual texture inspection
jyasinzou_room_5Tex_00CFC8,UNKNOWN,UNKNOWN,no semantic evidence (offset-named or unkeyworded),in-engine draw capture + surface mapping; visual texture inspection
jyasinzou_room_5Tex_00D7C8,UNKNOWN,UNKNOWN,no semantic evidence (offset-named or unkeyworded),in-engine draw capture + surface mapping; visual texture inspection
jyasinzou_room_5Tex_00DBC8,UNKNOWN,UNKNOWN,no semantic evidence (offset-named or unkeyworded),in-engine draw capture + surface mapping; visual texture inspection
jyasinzou_room_5Tex_00DFC8,UNKNOWN,UNKNOWN,no semantic evidence (offset-named or unkeyworded),in-engine draw capture + surface mapping; visual texture inspection
jyasinzou_room_5Tex_00E7C8,UNKNOWN,UNKNOWN,no semantic evidence (offset-named or unkeyworded),in-engine draw capture + surface mapping; visual texture inspection
jyasinzou_room_5Tex_00EFC8,UNKNOWN,UNKNOWN,no semantic evidence (offset-named or unkeyworded),in-engine draw capture + surface mapping; visual texture inspection
jyasinzou_room_5Tex_00F3C8,UNKNOWN,UNKNOWN,no semantic evidence (offset-named or unkeyworded),in-engine draw capture + surface mapping; visual texture inspection
jyasinzou_room_5Tex_00F7C8,UNKNOWN,UNKNOWN,no semantic evidence (offset-named or unkeyworded),in-engine draw capture + surface mapping; visual texture inspection
jyasinzou_room_5Tex_00FFC8,UNKNOWN,UNKNOWN,no semantic evidence (offset-named or unkeyworded),in-engine draw capture + surface mapping; visual texture inspection
jyasinzou_room_5Tex_0100C8,UNKNOWN,UNKNOWN,no semantic evidence (offset-named or unkeyworded),in-engine draw capture + surface mapping; visual texture inspection
jyasinzou_room_5Tex_0108C8,UNKNOWN,UNKNOWN,no semantic evidence (offset-named or unkeyworded),in-engine draw capture + surface mapping; visual texture inspection
jyasinzou_room_5Tex_010CC8,UNKNOWN,UNKNOWN,no semantic evidence (offset-named or unkeyworded),in-engine draw capture + surface mapping; visual texture inspection
jyasinzou_room_5Tex_0110C8,UNKNOWN,UNKNOWN,no semantic evidence (offset-named or unkeyworded),in-engine draw capture + surface mapping; visual texture inspection
jyasinzou_room_5Tex_0114C8,UNKNOWN,UNKNOWN,no semantic evidence (offset-named or unkeyworded),in-engine draw capture + surface mapping; visual texture inspection
jyasinzou_room_5Tex_0118C8,UNKNOWN,UNKNOWN,no semantic evidence (offset-named or unkeyworded),in-engine draw capture + surface mapping; visual texture inspection
jyasinzou_room_5Tex_011CC8,UNKNOWN,UNKNOWN,no semantic evidence (offset-named or unkeyworded),in-engine draw capture + surface mapping; visual texture inspection
jyasinzou_room_5Tex_0124C8,UNKNOWN,UNKNOWN,no semantic evidence (offset-named or unkeyworded),in-engine draw capture + surface mapping; visual texture inspection
jyasinzou_room_5Tex_012CC8,UNKNOWN,UNKNOWN,no semantic evidence (offset-named or unkeyworded),in-engine draw capture + surface mapping; visual texture inspection
jyasinzou_room_5Tex_0134C8,UNKNOWN,UNKNOWN,no semantic evidence (offset-named or unkeyworded),in-engine draw capture + surface mapping; visual texture inspection
jyasinzou_room_5Tex_0138C8,UNKNOWN,UNKNOWN,no semantic evidence (offset-named or unkeyworded),in-engine draw capture + surface mapping; visual texture inspection
jyasinzou_room_5Tex_0140C8,UNKNOWN,UNKNOWN,no semantic evidence (offset-named or unkeyworded),in-engine draw capture + surface mapping; visual texture inspection
jyasinzou_room_5Tex_0148C8,UNKNOWN,UNKNOWN,no semantic evidence (offset-named or unkeyworded),in-engine draw capture + surface mapping; visual texture inspection
jyasinzou_room_5Tex_0150C8,UNKNOWN,UNKNOWN,no semantic evidence (offset-named or unkeyworded),in-engine draw capture + surface mapping; visual texture inspection
jyasinzou_room_5Tex_0158C8,UNKNOWN,UNKNOWN,no semantic evidence (offset-named or unkeyworded),in-engine draw capture + surface mapping; visual texture inspection
jyasinzou_room_5Tex_015CC8,UNKNOWN,UNKNOWN,no semantic evidence (offset-named or unkeyworded),in-engine draw capture + surface mapping; visual texture inspection
jyasinzou_room_5Tex_016808,UNKNOWN,UNKNOWN,no semantic evidence (offset-named or unkeyworded),in-engine draw capture + surface mapping; visual texture inspection
jyasinzou_room_5Tex_017008,UNKNOWN,UNKNOWN,no semantic evidence (offset-named or unkeyworded),in-engine draw capture + surface mapping; visual texture inspection
jyasinzou_room_6Tex_002BE8,UNKNOWN,UNKNOWN,no semantic evidence (offset-named or unkeyworded),in-engine draw capture + surface mapping; visual texture inspection
jyasinzou_room_6Tex_0033E8,UNKNOWN,UNKNOWN,no semantic evidence (offset-named or unkeyworded),in-engine draw capture + surface mapping; visual texture inspection
jyasinzou_room_6Tex_0037E8,UNKNOWN,UNKNOWN,no semantic evidence (offset-named or unkeyworded),in-engine draw capture + surface mapping; visual texture inspection
jyasinzou_room_6Tex_003FE8,UNKNOWN,UNKNOWN,no semantic evidence (offset-named or unkeyworded),in-engine draw capture + surface mapping; visual texture inspection
jyasinzou_room_7Tex_002908,UNKNOWN,UNKNOWN,no semantic evidence (offset-named or unkeyworded),in-engine draw capture + surface mapping; visual texture inspection
jyasinzou_room_7Tex_003908,UNKNOWN,UNKNOWN,no semantic evidence (offset-named or unkeyworded),in-engine draw capture + surface mapping; visual texture inspection
jyasinzou_room_7Tex_004108,UNKNOWN,UNKNOWN,no semantic evidence (offset-named or unkeyworded),in-engine draw capture + surface mapping; visual texture inspection
jyasinzou_room_7Tex_004908,UNKNOWN,UNKNOWN,no semantic evidence (offset-named or unkeyworded),in-engine draw capture + surface mapping; visual texture inspection
jyasinzou_room_7Tex_004D08,UNKNOWN,UNKNOWN,no semantic evidence (offset-named or unkeyworded),in-engine draw capture + surface mapping; visual texture inspection
jyasinzou_room_8Tex_003A50,UNKNOWN,UNKNOWN,no semantic evidence (offset-named or unkeyworded),in-engine draw capture + surface mapping; visual texture inspection
jyasinzou_room_8Tex_004250,UNKNOWN,UNKNOWN,no semantic evidence (offset-named or unkeyworded),in-engine draw capture + surface mapping; visual texture inspection
jyasinzou_room_8Tex_004A50,UNKNOWN,UNKNOWN,no semantic evidence (offset-named or unkeyworded),in-engine draw capture + surface mapping; visual texture inspection
jyasinzou_room_8Tex_004E50,UNKNOWN,UNKNOWN,no semantic evidence (offset-named or unkeyworded),in-engine draw capture + surface mapping; visual texture inspection
jyasinzou_room_8Tex_005650,UNKNOWN,UNKNOWN,no semantic evidence (offset-named or unkeyworded),in-engine draw capture + surface mapping; visual texture inspection
jyasinzou_room_8Tex_005E50,UNKNOWN,UNKNOWN,no semantic evidence (offset-named or unkeyworded),in-engine draw capture + surface mapping; visual texture inspection
jyasinzou_room_8Tex_006250,UNKNOWN,UNKNOWN,no semantic evidence (offset-named or unkeyworded),in-engine draw capture + surface mapping; visual texture inspection
jyasinzou_room_8Tex_006A50,UNKNOWN,UNKNOWN,no semantic evidence (offset-named or unkeyworded),in-engine draw capture + surface mapping; visual texture inspection
jyasinzou_room_8Tex_007250,UNKNOWN,UNKNOWN,no semantic evidence (offset-named or unkeyworded),in-engine draw capture + surface mapping; visual texture inspection
jyasinzou_room_9Tex_002DC8,UNKNOWN,UNKNOWN,no semantic evidence (offset-named or unkeyworded),in-engine draw capture + surface mapping; visual texture inspection
jyasinzou_room_9Tex_003DC8,UNKNOWN,UNKNOWN,no semantic evidence (offset-named or unkeyworded),in-engine draw capture + surface mapping; visual texture inspection
jyasinzou_room_9Tex_0045C8,UNKNOWN,UNKNOWN,no semantic evidence (offset-named or unkeyworded),in-engine draw capture + surface mapping; visual texture inspection
jyasinzou_room_9Tex_004DC8,UNKNOWN,UNKNOWN,no semantic evidence (offset-named or unkeyworded),in-engine draw capture + surface mapping; visual texture inspection
jyasinzou_room_9Tex_0051C8,UNKNOWN,UNKNOWN,no semantic evidence (offset-named or unkeyworded),in-engine draw capture + surface mapping; visual texture inspection
jyasinzou_room_9Tex_0055C8,UNKNOWN,UNKNOWN,no semantic evidence (offset-named or unkeyworded),in-engine draw capture + surface mapping; visual texture inspection
jyasinzou_sceneTex_018820,UNKNOWN,UNKNOWN,no semantic evidence (offset-named or unkeyworded),in-engine draw capture + surface mapping; visual texture inspection
jyasinzou_sceneTex_019120,UNKNOWN,UNKNOWN,no semantic evidence (offset-named or unkeyworded),in-engine draw capture + surface mapping; visual texture inspection
jyasinzou_sceneTex_019320,UNKNOWN,UNKNOWN,no semantic evidence (offset-named or unkeyworded),in-engine draw capture + surface mapping; visual texture inspection
gGTGDayEntranceTex,UNKNOWN,UNKNOWN,no semantic evidence (offset-named or unkeyworded),in-engine draw capture + surface mapping; visual texture inspection
gGTGNightEntranceTex,UNKNOWN,UNKNOWN,no semantic evidence (offset-named or unkeyworded),in-engine draw capture + surface mapping; visual texture inspection
men_room_0Tex_008138,UNKNOWN,UNKNOWN,no semantic evidence (offset-named or unkeyworded),in-engine draw capture + surface mapping; visual texture inspection
men_room_0Tex_008938,UNKNOWN,UNKNOWN,no semantic evidence (offset-named or unkeyworded),in-engine draw capture + surface mapping; visual texture inspection
men_room_0Tex_009138,UNKNOWN,UNKNOWN,no semantic evidence (offset-named or unkeyworded),in-engine draw capture + surface mapping; visual texture inspection
men_room_0Tex_009538,UNKNOWN,UNKNOWN,no semantic evidence (offset-named or unkeyworded),in-engine draw capture + surface mapping; visual texture inspection
men_room_0Tex_009D38,UNKNOWN,UNKNOWN,no semantic evidence (offset-named or unkeyworded),in-engine draw capture + surface mapping; visual texture inspection
men_room_0Tex_00A538,UNKNOWN,UNKNOWN,no semantic evidence (offset-named or unkeyworded),in-engine draw capture + surface mapping; visual texture inspection
men_room_0Tex_00B538,UNKNOWN,UNKNOWN,no semantic evidence (offset-named or unkeyworded),in-engine draw capture + surface mapping; visual texture inspection
men_room_0Tex_00BD38,UNKNOWN,UNKNOWN,no semantic evidence (offset-named or unkeyworded),in-engine draw capture + surface mapping; visual texture inspection
men_room_0Tex_00C538,UNKNOWN,UNKNOWN,no semantic evidence (offset-named or unkeyworded),in-engine draw capture + surface mapping; visual texture inspection
men_room_0Tex_00D538,UNKNOWN,UNKNOWN,no semantic evidence (offset-named or unkeyworded),in-engine draw capture + surface mapping; visual texture inspection
men_room_0Tex_00DD38,UNKNOWN,UNKNOWN,no semantic evidence (offset-named or unkeyworded),in-engine draw capture + surface mapping; visual texture inspection
men_room_0Tex_00ED38,UNKNOWN,UNKNOWN,no semantic evidence (offset-named or unkeyworded),in-engine draw capture + surface mapping; visual texture inspection
men_room_0Tex_00F538,UNKNOWN,UNKNOWN,no semantic evidence (offset-named or unkeyworded),in-engine draw capture + surface mapping; visual texture inspection
men_room_10Tex_002448,UNKNOWN,UNKNOWN,no semantic evidence (offset-named or unkeyworded),in-engine draw capture + surface mapping; visual texture inspection
men_room_10Tex_002C48,UNKNOWN,UNKNOWN,no semantic evidence (offset-named or unkeyworded),in-engine draw capture + surface mapping; visual texture inspection
men_room_10Tex_003448,UNKNOWN,UNKNOWN,no semantic evidence (offset-named or unkeyworded),in-engine draw capture + surface mapping; visual texture inspection
men_room_10Tex_003C48,UNKNOWN,UNKNOWN,no semantic evidence (offset-named or unkeyworded),in-engine draw capture + surface mapping; visual texture inspection
men_room_10Tex_004448,UNKNOWN,UNKNOWN,no semantic evidence (offset-named or unkeyworded),in-engine draw capture + surface mapping; visual texture inspection
men_room_10Tex_004C48,UNKNOWN,UNKNOWN,no semantic evidence (offset-named or unkeyworded),in-engine draw capture + surface mapping; visual texture inspection
men_room_10Tex_005448,UNKNOWN,UNKNOWN,no semantic evidence (offset-named or unkeyworded),in-engine draw capture + surface mapping; visual texture inspection
men_room_1Tex_004270,UNKNOWN,UNKNOWN,no semantic evidence (offset-named or unkeyworded),in-engine draw capture + surface mapping; visual texture inspection
men_room_1Tex_004A70,UNKNOWN,UNKNOWN,no semantic evidence (offset-named or unkeyworded),in-engine draw capture + surface mapping; visual texture inspection
men_room_1Tex_005270,UNKNOWN,UNKNOWN,no semantic evidence (offset-named or unkeyworded),in-engine draw capture + surface mapping; visual texture inspection
men_room_1Tex_005A70,UNKNOWN,UNKNOWN,no semantic evidence (offset-named or unkeyworded),in-engine draw capture + surface mapping; visual texture inspection
men_room_1Tex_006270,UNKNOWN,UNKNOWN,no semantic evidence (offset-named or unkeyworded),in-engine draw capture + surface mapping; visual texture inspection
men_room_1Tex_006A70,UNKNOWN,UNKNOWN,no semantic evidence (offset-named or unkeyworded),in-engine draw capture + surface mapping; visual texture inspection
men_room_1Tex_007270,UNKNOWN,UNKNOWN,no semantic evidence (offset-named or unkeyworded),in-engine draw capture + surface mapping; visual texture inspection
men_room_1Tex_007A70,UNKNOWN,UNKNOWN,no semantic evidence (offset-named or unkeyworded),in-engine draw capture + surface mapping; visual texture inspection
men_room_1Tex_008A70,UNKNOWN,UNKNOWN,no semantic evidence (offset-named or unkeyworded),in-engine draw capture + surface mapping; visual texture inspection
men_room_2Tex_003C48,UNKNOWN,UNKNOWN,no semantic evidence (offset-named or unkeyworded),in-engine draw capture + surface mapping; visual texture inspection
men_room_2Tex_004448,UNKNOWN,UNKNOWN,no semantic evidence (offset-named or unkeyworded),in-engine draw capture + surface mapping; visual texture inspection
men_room_2Tex_004C48,UNKNOWN,UNKNOWN,no semantic evidence (offset-named or unkeyworded),in-engine draw capture + surface mapping; visual texture inspection
men_room_3Tex_003850,UNKNOWN,UNKNOWN,no semantic evidence (offset-named or unkeyworded),in-engine draw capture + surface mapping; visual texture inspection
men_room_3Tex_004050,UNKNOWN,UNKNOWN,no semantic evidence (offset-named or unkeyworded),in-engine draw capture + surface mapping; visual texture inspection
men_room_3Tex_004850,UNKNOWN,UNKNOWN,no semantic evidence (offset-named or unkeyworded),in-engine draw capture + surface mapping; visual texture inspection
men_room_3Tex_005050,UNKNOWN,UNKNOWN,no semantic evidence (offset-named or unkeyworded),in-engine draw capture + surface mapping; visual texture inspection
men_room_3Tex_005850,UNKNOWN,UNKNOWN,no semantic evidence (offset-named or unkeyworded),in-engine draw capture + surface mapping; visual texture inspection
men_room_3Tex_005C50,UNKNOWN,UNKNOWN,no semantic evidence (offset-named or unkeyworded),in-engine draw capture + surface mapping; visual texture inspection
men_room_3Tex_006450,UNKNOWN,UNKNOWN,no semantic evidence (offset-named or unkeyworded),in-engine draw capture + surface mapping; visual texture inspection
men_room_3Tex_007450,UNKNOWN,UNKNOWN,no semantic evidence (offset-named or unkeyworded),in-engine draw capture + surface mapping; visual texture inspection
men_room_4Tex_0051E0,UNKNOWN,UNKNOWN,no semantic evidence (offset-named or unkeyworded),in-engine draw capture + surface mapping; visual texture inspection
men_room_4Tex_0059E0,UNKNOWN,UNKNOWN,no semantic evidence (offset-named or unkeyworded),in-engine draw capture + surface mapping; visual texture inspection
men_room_4Tex_0061E0,UNKNOWN,UNKNOWN,no semantic evidence (offset-named or unkeyworded),in-engine draw capture + surface mapping; visual texture inspection
men_room_4Tex_0071E0,UNKNOWN,UNKNOWN,no semantic evidence (offset-named or unkeyworded),in-engine draw capture + surface mapping; visual texture inspection
men_room_4Tex_0081E0,UNKNOWN,UNKNOWN,no semantic evidence (offset-named or unkeyworded),in-engine draw capture + surface mapping; visual texture inspection
men_room_4Tex_0089E0,UNKNOWN,UNKNOWN,no semantic evidence (offset-named or unkeyworded),in-engine draw capture + surface mapping; visual texture inspection
men_room_4Tex_0099E0,UNKNOWN,UNKNOWN,no semantic evidence (offset-named or unkeyworded),in-engine draw capture + surface mapping; visual texture inspection
men_room_5Tex_002418,UNKNOWN,UNKNOWN,no semantic evidence (offset-named or unkeyworded),in-engine draw capture + surface mapping; visual texture inspection
men_room_5Tex_002C18,UNKNOWN,UNKNOWN,no semantic evidence (offset-named or unkeyworded),in-engine draw capture + surface mapping; visual texture inspection
men_room_5Tex_003018,UNKNOWN,UNKNOWN,no semantic evidence (offset-named or unkeyworded),in-engine draw capture + surface mapping; visual texture inspection
men_room_5Tex_003818,UNKNOWN,UNKNOWN,no semantic evidence (offset-named or unkeyworded),in-engine draw capture + surface mapping; visual texture inspection
men_room_5Tex_004018,UNKNOWN,UNKNOWN,no semantic evidence (offset-named or unkeyworded),in-engine draw capture + surface mapping; visual texture inspection
men_room_5Tex_004818,UNKNOWN,UNKNOWN,no semantic evidence (offset-named or unkeyworded),in-engine draw capture + surface mapping; visual texture inspection
men_room_6Tex_003F78,UNKNOWN,UNKNOWN,no semantic evidence (offset-named or unkeyworded),in-engine draw capture + surface mapping; visual texture inspection
men_room_6Tex_004778,UNKNOWN,UNKNOWN,no semantic evidence (offset-named or unkeyworded),in-engine draw capture + surface mapping; visual texture inspection
men_room_6Tex_004F78,UNKNOWN,UNKNOWN,no semantic evidence (offset-named or unkeyworded),in-engine draw capture + surface mapping; visual texture inspection
men_room_6Tex_005378,UNKNOWN,UNKNOWN,no semantic evidence (offset-named or unkeyworded),in-engine draw capture + surface mapping; visual texture inspection
men_room_6Tex_005B78,UNKNOWN,UNKNOWN,no semantic evidence (offset-named or unkeyworded),in-engine draw capture + surface mapping; visual texture inspection
men_room_6Tex_006378,UNKNOWN,UNKNOWN,no semantic evidence (offset-named or unkeyworded),in-engine draw capture + surface mapping; visual texture inspection
men_room_6Tex_006B78,UNKNOWN,UNKNOWN,no semantic evidence (offset-named or unkeyworded),in-engine draw capture + surface mapping; visual texture inspection
men_room_6Tex_007378,UNKNOWN,UNKNOWN,no semantic evidence (offset-named or unkeyworded),in-engine draw capture + surface mapping; visual texture inspection
men_room_6Tex_007778,UNKNOWN,UNKNOWN,no semantic evidence (offset-named or unkeyworded),in-engine draw capture + surface mapping; visual texture inspection
men_room_7Tex_0036B8,UNKNOWN,UNKNOWN,no semantic evidence (offset-named or unkeyworded),in-engine draw capture + surface mapping; visual texture inspection
men_room_7Tex_003AB8,UNKNOWN,UNKNOWN,no semantic evidence (offset-named or unkeyworded),in-engine draw capture + surface mapping; visual texture inspection
men_room_7Tex_0042B8,UNKNOWN,UNKNOWN,no semantic evidence (offset-named or unkeyworded),in-engine draw capture + surface mapping; visual texture inspection
men_room_7Tex_004AB8,UNKNOWN,UNKNOWN,no semantic evidence (offset-named or unkeyworded),in-engine draw capture + surface mapping; visual texture inspection
men_room_7Tex_0052B8,UNKNOWN,UNKNOWN,no semantic evidence (offset-named or unkeyworded),in-engine draw capture + surface mapping; visual texture inspection
men_room_7Tex_005AB8,UNKNOWN,UNKNOWN,no semantic evidence (offset-named or unkeyworded),in-engine draw capture + surface mapping; visual texture inspection
men_room_7Tex_0062B8,UNKNOWN,UNKNOWN,no semantic evidence (offset-named or unkeyworded),in-engine draw capture + surface mapping; visual texture inspection
men_room_7Tex_0072B8,UNKNOWN,UNKNOWN,no semantic evidence (offset-named or unkeyworded),in-engine draw capture + surface mapping; visual texture inspection
men_room_7Tex_007AB8,UNKNOWN,UNKNOWN,no semantic evidence (offset-named or unkeyworded),in-engine draw capture + surface mapping; visual texture inspection
men_room_8Tex_005D30,UNKNOWN,UNKNOWN,no semantic evidence (offset-named or unkeyworded),in-engine draw capture + surface mapping; visual texture inspection
men_room_8Tex_006530,UNKNOWN,UNKNOWN,no semantic evidence (offset-named or unkeyworded),in-engine draw capture + surface mapping; visual texture inspection
men_room_8Tex_006D30,UNKNOWN,UNKNOWN,no semantic evidence (offset-named or unkeyworded),in-engine draw capture + surface mapping; visual texture inspection
men_room_8Tex_007530,UNKNOWN,UNKNOWN,no semantic evidence (offset-named or unkeyworded),in-engine draw capture + surface mapping; visual texture inspection
men_room_8Tex_007630,UNKNOWN,UNKNOWN,no semantic evidence (offset-named or unkeyworded),in-engine draw capture + surface mapping; visual texture inspection
men_room_8Tex_007E30,UNKNOWN,UNKNOWN,no semantic evidence (offset-named or unkeyworded),in-engine draw capture + surface mapping; visual texture inspection
men_room_9Tex_001AB0,UNKNOWN,UNKNOWN,no semantic evidence (offset-named or unkeyworded),in-engine draw capture + surface mapping; visual texture inspection
men_room_9Tex_0022B0,UNKNOWN,UNKNOWN,no semantic evidence (offset-named or unkeyworded),in-engine draw capture + surface mapping; visual texture inspection
men_room_9Tex_0026B0,UNKNOWN,UNKNOWN,no semantic evidence (offset-named or unkeyworded),in-engine draw capture + surface mapping; visual texture inspection
men_room_9Tex_003070,UNKNOWN,UNKNOWN,no semantic evidence (offset-named or unkeyworded),in-engine draw capture + surface mapping; visual texture inspection
men_sceneTex_0108C0,UNKNOWN,UNKNOWN,no semantic evidence (offset-named or unkeyworded),in-engine draw capture + surface mapping; visual texture inspection
men_sceneTex_010CC0,UNKNOWN,UNKNOWN,no semantic evidence (offset-named or unkeyworded),in-engine draw capture + surface mapping; visual texture inspection
gYdanTex_00BA18,UNKNOWN,UNKNOWN,no semantic evidence (offset-named or unkeyworded),in-engine draw capture + surface mapping; visual texture inspection
gYdanTex_00CA18,UNKNOWN,UNKNOWN,no semantic evidence (offset-named or unkeyworded),in-engine draw capture + surface mapping; visual texture inspection
ydan_room_0Tex_0071C0,UNKNOWN,UNKNOWN,no semantic evidence (offset-named or unkeyworded),in-engine draw capture + surface mapping; visual texture inspection
ydan_room_0Tex_0081C0,UNKNOWN,UNKNOWN,no semantic evidence (offset-named or unkeyworded),in-engine draw capture + surface mapping; visual texture inspection
ydan_room_0Tex_0091C0,UNKNOWN,UNKNOWN,no semantic evidence (offset-named or unkeyworded),in-engine draw capture + surface mapping; visual texture inspection
ydan_room_0Tex_0099C0,UNKNOWN,UNKNOWN,no semantic evidence (offset-named or unkeyworded),in-engine draw capture + surface mapping; visual texture inspection
ydan_room_0Tex_00A1C0,UNKNOWN,UNKNOWN,no semantic evidence (offset-named or unkeyworded),in-engine draw capture + surface mapping; visual texture inspection
ydan_room_0Tex_00A5C0,UNKNOWN,UNKNOWN,no semantic evidence (offset-named or unkeyworded),in-engine draw capture + surface mapping; visual texture inspection
ydan_room_0Tex_00ADC0,UNKNOWN,UNKNOWN,no semantic evidence (offset-named or unkeyworded),in-engine draw capture + surface mapping; visual texture inspection
ydan_room_0Tex_00B5C0,UNKNOWN,UNKNOWN,no semantic evidence (offset-named or unkeyworded),in-engine draw capture + surface mapping; visual texture inspection
ydan_room_0Tex_00BDC0,UNKNOWN,UNKNOWN,no semantic evidence (offset-named or unkeyworded),in-engine draw capture + surface mapping; visual texture inspection
ydan_room_0Tex_00C5C0,UNKNOWN,UNKNOWN,no semantic evidence (offset-named or unkeyworded),in-engine draw capture + surface mapping; visual texture inspection
ydan_room_0Tex_00CDC0,UNKNOWN,UNKNOWN,no semantic evidence (offset-named or unkeyworded),in-engine draw capture + surface mapping; visual texture inspection
ydan_room_0Tex_00D5C0,UNKNOWN,UNKNOWN,no semantic evidence (offset-named or unkeyworded),in-engine draw capture + surface mapping; visual texture inspection
ydan_room_0Tex_00D9C0,UNKNOWN,UNKNOWN,no semantic evidence (offset-named or unkeyworded),in-engine draw capture + surface mapping; visual texture inspection
ydan_room_0Tex_00E1C0,UNKNOWN,UNKNOWN,no semantic evidence (offset-named or unkeyworded),in-engine draw capture + surface mapping; visual texture inspection
ydan_room_0Tex_00E9C0,UNKNOWN,UNKNOWN,no semantic evidence (offset-named or unkeyworded),in-engine draw capture + surface mapping; visual texture inspection
ydan_room_0Tex_00F1C0,UNKNOWN,UNKNOWN,no semantic evidence (offset-named or unkeyworded),in-engine draw capture + surface mapping; visual texture inspection
ydan_room_0Tex_00F9C0,UNKNOWN,UNKNOWN,no semantic evidence (offset-named or unkeyworded),in-engine draw capture + surface mapping; visual texture inspection
ydan_room_0Tex_0109C0,UNKNOWN,UNKNOWN,no semantic evidence (offset-named or unkeyworded),in-engine draw capture + surface mapping; visual texture inspection
ydan_room_0Tex_012F48,UNKNOWN,UNKNOWN,no semantic evidence (offset-named or unkeyworded),in-engine draw capture + surface mapping; visual texture inspection
ydan_room_0Tex_013F48,UNKNOWN,UNKNOWN,no semantic evidence (offset-named or unkeyworded),in-engine draw capture + surface mapping; visual texture inspection
ydan_room_0Tex_014348,UNKNOWN,UNKNOWN,no semantic evidence (offset-named or unkeyworded),in-engine draw capture + surface mapping; visual texture inspection
ydan_room_10Tex_001BE0,UNKNOWN,UNKNOWN,no semantic evidence (offset-named or unkeyworded),in-engine draw capture + surface mapping; visual texture inspection
ydan_room_10Tex_0023E0,UNKNOWN,UNKNOWN,no semantic evidence (offset-named or unkeyworded),in-engine draw capture + surface mapping; visual texture inspection
ydan_room_10Tex_002BE0,UNKNOWN,UNKNOWN,no semantic evidence (offset-named or unkeyworded),in-engine draw capture + surface mapping; visual texture inspection
ydan_room_10Tex_0033E0,UNKNOWN,UNKNOWN,no semantic evidence (offset-named or unkeyworded),in-engine draw capture + surface mapping; visual texture inspection
ydan_room_10Tex_003DF8,UNKNOWN,UNKNOWN,no semantic evidence (offset-named or unkeyworded),in-engine draw capture + surface mapping; visual texture inspection
ydan_room_11Tex_003CD8,UNKNOWN,UNKNOWN,no semantic evidence (offset-named or unkeyworded),in-engine draw capture + surface mapping; visual texture inspection
ydan_room_11Tex_0044D8,UNKNOWN,UNKNOWN,no semantic evidence (offset-named or unkeyworded),in-engine draw capture + surface mapping; visual texture inspection
ydan_room_11Tex_0054D8,UNKNOWN,UNKNOWN,no semantic evidence (offset-named or unkeyworded),in-engine draw capture + surface mapping; visual texture inspection
ydan_room_11Tex_005CD8,UNKNOWN,UNKNOWN,no semantic evidence (offset-named or unkeyworded),in-engine draw capture + surface mapping; visual texture inspection
ydan_room_11Tex_006968,UNKNOWN,UNKNOWN,no semantic evidence (offset-named or unkeyworded),in-engine draw capture + surface mapping; visual texture inspection
ydan_room_1Tex_000F98,UNKNOWN,UNKNOWN,no semantic evidence (offset-named or unkeyworded),in-engine draw capture + surface mapping; visual texture inspection
ydan_room_1Tex_001798,UNKNOWN,UNKNOWN,no semantic evidence (offset-named or unkeyworded),in-engine draw capture + surface mapping; visual texture inspection
ydan_room_1Tex_001F98,UNKNOWN,UNKNOWN,no semantic evidence (offset-named or unkeyworded),in-engine draw capture + surface mapping; visual texture inspection
ydan_room_1Tex_002798,UNKNOWN,UNKNOWN,no semantic evidence (offset-named or unkeyworded),in-engine draw capture + surface mapping; visual texture inspection
ydan_room_1Tex_003200,UNKNOWN,UNKNOWN,no semantic evidence (offset-named or unkeyworded),in-engine draw capture + surface mapping; visual texture inspection
ydan_room_2Tex_001D08,UNKNOWN,UNKNOWN,no semantic evidence (offset-named or unkeyworded),in-engine draw capture + surface mapping; visual texture inspection
ydan_room_2Tex_002508,UNKNOWN,UNKNOWN,no semantic evidence (offset-named or unkeyworded),in-engine draw capture + surface mapping; visual texture inspection
ydan_room_2Tex_002D08,UNKNOWN,UNKNOWN,no semantic evidence (offset-named or unkeyworded),in-engine draw capture + surface mapping; visual texture inspection
ydan_room_2Tex_003508,UNKNOWN,UNKNOWN,no semantic evidence (offset-named or unkeyworded),in-engine draw capture + surface mapping; visual texture inspection
ydan_room_2Tex_003D08,UNKNOWN,UNKNOWN,no semantic evidence (offset-named or unkeyworded),in-engine draw capture + surface mapping; visual texture inspection
ydan_room_2Tex_004508,UNKNOWN,UNKNOWN,no semantic evidence (offset-named or unkeyworded),in-engine draw capture + surface mapping; visual texture inspection
ydan_room_2Tex_004F28,UNKNOWN,UNKNOWN,no semantic evidence (offset-named or unkeyworded),in-engine draw capture + surface mapping; visual texture inspection
ydan_room_3Tex_0074C0,UNKNOWN,UNKNOWN,no semantic evidence (offset-named or unkeyworded),in-engine draw capture + surface mapping; visual texture inspection
ydan_room_3Tex_0084C0,UNKNOWN,UNKNOWN,no semantic evidence (offset-named or unkeyworded),in-engine draw capture + surface mapping; visual texture inspection
ydan_room_3Tex_008CC0,UNKNOWN,UNKNOWN,no semantic evidence (offset-named or unkeyworded),in-engine draw capture + surface mapping; visual texture inspection
ydan_room_3Tex_0094C0,UNKNOWN,UNKNOWN,no semantic evidence (offset-named or unkeyworded),in-engine draw capture + surface mapping; visual texture inspection
ydan_room_3Tex_009CC0,UNKNOWN,UNKNOWN,no semantic evidence (offset-named or unkeyworded),in-engine draw capture + surface mapping; visual texture inspection
ydan_room_3Tex_00A0C0,UNKNOWN,UNKNOWN,no semantic evidence (offset-named or unkeyworded),in-engine draw capture + surface mapping; visual texture inspection
ydan_room_3Tex_00A8C0,UNKNOWN,UNKNOWN,no semantic evidence (offset-named or unkeyworded),in-engine draw capture + surface mapping; visual texture inspection
ydan_room_3Tex_00B0C0,UNKNOWN,UNKNOWN,no semantic evidence (offset-named or unkeyworded),in-engine draw capture + surface mapping; visual texture inspection
ydan_room_3Tex_00B4C0,UNKNOWN,UNKNOWN,no semantic evidence (offset-named or unkeyworded),in-engine draw capture + surface mapping; visual texture inspection
ydan_room_3Tex_00B8C0,UNKNOWN,UNKNOWN,no semantic evidence (offset-named or unkeyworded),in-engine draw capture + surface mapping; visual texture inspection
ydan_room_3Tex_00C0C0,UNKNOWN,UNKNOWN,no semantic evidence (offset-named or unkeyworded),in-engine draw capture + surface mapping; visual texture inspection
ydan_room_3Tex_00C8C0,UNKNOWN,UNKNOWN,no semantic evidence (offset-named or unkeyworded),in-engine draw capture + surface mapping; visual texture inspection
ydan_room_3Tex_00D0C0,UNKNOWN,UNKNOWN,no semantic evidence (offset-named or unkeyworded),in-engine draw capture + surface mapping; visual texture inspection
ydan_room_3Tex_00D4C0,UNKNOWN,UNKNOWN,no semantic evidence (offset-named or unkeyworded),in-engine draw capture + surface mapping; visual texture inspection
ydan_room_3Tex_00D8C0,UNKNOWN,UNKNOWN,no semantic evidence (offset-named or unkeyworded),in-engine draw capture + surface mapping; visual texture inspection
ydan_room_3Tex_00E0C0,UNKNOWN,UNKNOWN,no semantic evidence (offset-named or unkeyworded),in-engine draw capture + surface mapping; visual texture inspection
ydan_room_3Tex_00E8C0,UNKNOWN,UNKNOWN,no semantic evidence (offset-named or unkeyworded),in-engine draw capture + surface mapping; visual texture inspection
ydan_room_3Tex_00F8C0,UNKNOWN,UNKNOWN,no semantic evidence (offset-named or unkeyworded),in-engine draw capture + surface mapping; visual texture inspection
ydan_room_3Tex_011DB0,UNKNOWN,UNKNOWN,no semantic evidence (offset-named or unkeyworded),in-engine draw capture + surface mapping; visual texture inspection
ydan_room_3Tex_012DB0,UNKNOWN,UNKNOWN,no semantic evidence (offset-named or unkeyworded),in-engine draw capture + surface mapping; visual texture inspection
ydan_room_3Tex_0131B0,UNKNOWN,UNKNOWN,no semantic evidence (offset-named or unkeyworded),in-engine draw capture + surface mapping; visual texture inspection
ydan_room_4Tex_001920,UNKNOWN,UNKNOWN,no semantic evidence (offset-named or unkeyworded),in-engine draw capture + surface mapping; visual texture inspection
ydan_room_4Tex_002120,UNKNOWN,UNKNOWN,no semantic evidence (offset-named or unkeyworded),in-engine draw capture + surface mapping; visual texture inspection
ydan_room_4Tex_002920,UNKNOWN,UNKNOWN,no semantic evidence (offset-named or unkeyworded),in-engine draw capture + surface mapping; visual texture inspection
ydan_room_4Tex_003120,UNKNOWN,UNKNOWN,no semantic evidence (offset-named or unkeyworded),in-engine draw capture + surface mapping; visual texture inspection
ydan_room_4Tex_003C28,UNKNOWN,UNKNOWN,no semantic evidence (offset-named or unkeyworded),in-engine draw capture + surface mapping; visual texture inspection
ydan_room_5Tex_003F88,UNKNOWN,UNKNOWN,no semantic evidence (offset-named or unkeyworded),in-engine draw capture + surface mapping; visual texture inspection
ydan_room_5Tex_004788,UNKNOWN,UNKNOWN,no semantic evidence (offset-named or unkeyworded),in-engine draw capture + surface mapping; visual texture inspection
ydan_room_5Tex_004F88,UNKNOWN,UNKNOWN,no semantic evidence (offset-named or unkeyworded),in-engine draw capture + surface mapping; visual texture inspection
ydan_room_5Tex_005788,UNKNOWN,UNKNOWN,no semantic evidence (offset-named or unkeyworded),in-engine draw capture + surface mapping; visual texture inspection
ydan_room_5Tex_005B88,UNKNOWN,UNKNOWN,no semantic evidence (offset-named or unkeyworded),in-engine draw capture + surface mapping; visual texture inspection
ydan_room_5Tex_006388,UNKNOWN,UNKNOWN,no semantic evidence (offset-named or unkeyworded),in-engine draw capture + surface mapping; visual texture inspection
ydan_room_5Tex_006B88,UNKNOWN,UNKNOWN,no semantic evidence (offset-named or unkeyworded),in-engine draw capture + surface mapping; visual texture inspection
ydan_room_5Tex_006F88,UNKNOWN,UNKNOWN,no semantic evidence (offset-named or unkeyworded),in-engine draw capture + surface mapping; visual texture inspection
ydan_room_5Tex_007388,UNKNOWN,UNKNOWN,no semantic evidence (offset-named or unkeyworded),in-engine draw capture + surface mapping; visual texture inspection
ydan_room_5Tex_007788,UNKNOWN,UNKNOWN,no semantic evidence (offset-named or unkeyworded),in-engine draw capture + surface mapping; visual texture inspection
ydan_room_5Tex_007B88,UNKNOWN,UNKNOWN,no semantic evidence (offset-named or unkeyworded),in-engine draw capture + surface mapping; visual texture inspection
ydan_room_6Tex_001F00,UNKNOWN,UNKNOWN,no semantic evidence (offset-named or unkeyworded),in-engine draw capture + surface mapping; visual texture inspection
ydan_room_6Tex_002700,UNKNOWN,UNKNOWN,no semantic evidence (offset-named or unkeyworded),in-engine draw capture + surface mapping; visual texture inspection
ydan_room_6Tex_002F00,UNKNOWN,UNKNOWN,no semantic evidence (offset-named or unkeyworded),in-engine draw capture + surface mapping; visual texture inspection
ydan_room_6Tex_003700,UNKNOWN,UNKNOWN,no semantic evidence (offset-named or unkeyworded),in-engine draw capture + surface mapping; visual texture inspection
ydan_room_6Tex_003F00,UNKNOWN,UNKNOWN,no semantic evidence (offset-named or unkeyworded),in-engine draw capture + surface mapping; visual texture inspection
ydan_room_6Tex_004700,UNKNOWN,UNKNOWN,no semantic evidence (offset-named or unkeyworded),in-engine draw capture + surface mapping; visual texture inspection
ydan_room_7Tex_002C98,UNKNOWN,UNKNOWN,no semantic evidence (offset-named or unkeyworded),in-engine draw capture + surface mapping; visual texture inspection
ydan_room_7Tex_003498,UNKNOWN,UNKNOWN,no semantic evidence (offset-named or unkeyworded),in-engine draw capture + surface mapping; visual texture inspection
ydan_room_7Tex_003C98,UNKNOWN,UNKNOWN,no semantic evidence (offset-named or unkeyworded),in-engine draw capture + surface mapping; visual texture inspection
ydan_room_7Tex_004498,UNKNOWN,UNKNOWN,no semantic evidence (offset-named or unkeyworded),in-engine draw capture + surface mapping; visual texture inspection
ydan_room_7Tex_004C98,UNKNOWN,UNKNOWN,no semantic evidence (offset-named or unkeyworded),in-engine draw capture + surface mapping; visual texture inspection
ydan_room_7Tex_005498,UNKNOWN,UNKNOWN,no semantic evidence (offset-named or unkeyworded),in-engine draw capture + surface mapping; visual texture inspection
ydan_room_7Tex_005898,UNKNOWN,UNKNOWN,no semantic evidence (offset-named or unkeyworded),in-engine draw capture + surface mapping; visual texture inspection
ydan_room_7Tex_006098,UNKNOWN,UNKNOWN,no semantic evidence (offset-named or unkeyworded),in-engine draw capture + surface mapping; visual texture inspection
ydan_room_7Tex_006898,UNKNOWN,UNKNOWN,no semantic evidence (offset-named or unkeyworded),in-engine draw capture + surface mapping; visual texture inspection
ydan_room_7Tex_006C98,UNKNOWN,UNKNOWN,no semantic evidence (offset-named or unkeyworded),in-engine draw capture + surface mapping; visual texture inspection
ydan_room_7Tex_007098,UNKNOWN,UNKNOWN,no semantic evidence (offset-named or unkeyworded),in-engine draw capture + surface mapping; visual texture inspection
ydan_room_7Tex_007A98,UNKNOWN,UNKNOWN,no semantic evidence (offset-named or unkeyworded),in-engine draw capture + surface mapping; visual texture inspection
ydan_room_8Tex_000988,UNKNOWN,UNKNOWN,no semantic evidence (offset-named or unkeyworded),in-engine draw capture + surface mapping; visual texture inspection
ydan_room_9Tex_002480,UNKNOWN,UNKNOWN,no semantic evidence (offset-named or unkeyworded),in-engine draw capture + surface mapping; visual texture inspection
ydan_room_9Tex_002C80,UNKNOWN,UNKNOWN,no semantic evidence (offset-named or unkeyworded),in-engine draw capture + surface mapping; visual texture inspection
ydan_room_9Tex_003480,UNKNOWN,UNKNOWN,no semantic evidence (offset-named or unkeyworded),in-engine draw capture + surface mapping; visual texture inspection
ydan_room_9Tex_003C80,UNKNOWN,UNKNOWN,no semantic evidence (offset-named or unkeyworded),in-engine draw capture + surface mapping; visual texture inspection
ydan_room_9Tex_004480,UNKNOWN,UNKNOWN,no semantic evidence (offset-named or unkeyworded),in-engine draw capture + surface mapping; visual texture inspection
ydan_room_9Tex_004C80,UNKNOWN,UNKNOWN,no semantic evidence (offset-named or unkeyworded),in-engine draw capture + surface mapping; visual texture inspection
ydan_room_9Tex_005480,UNKNOWN,UNKNOWN,no semantic evidence (offset-named or unkeyworded),in-engine draw capture + surface mapping; visual texture inspection
ydan_room_9Tex_005C80,UNKNOWN,UNKNOWN,no semantic evidence (offset-named or unkeyworded),in-engine draw capture + surface mapping; visual texture inspection
ydan_room_9Tex_006480,UNKNOWN,UNKNOWN,no semantic evidence (offset-named or unkeyworded),in-engine draw capture + surface mapping; visual texture inspection
ydan_room_9Tex_007498,UNKNOWN,UNKNOWN,no semantic evidence (offset-named or unkeyworded),in-engine draw capture + surface mapping; visual texture inspection
ydan_room_9Tex_008498,UNKNOWN,UNKNOWN,no semantic evidence (offset-named or unkeyworded),in-engine draw capture + surface mapping; visual texture inspection
ydan_room_9Tex_008898,UNKNOWN,UNKNOWN,no semantic evidence (offset-named or unkeyworded),in-engine draw capture + surface mapping; visual texture inspection
FIRE_bs_room_0Tex_002E68,UNKNOWN,UNKNOWN,no semantic evidence (offset-named or unkeyworded),in-engine draw capture + surface mapping; visual texture inspection
FIRE_bs_room_0Tex_003068,UNKNOWN,UNKNOWN,no semantic evidence (offset-named or unkeyworded),in-engine draw capture + surface mapping; visual texture inspection
FIRE_bs_room_0Tex_003468,UNKNOWN,UNKNOWN,no semantic evidence (offset-named or unkeyworded),in-engine draw capture + surface mapping; visual texture inspection
FIRE_bs_room_0Tex_003868,UNKNOWN,UNKNOWN,no semantic evidence (offset-named or unkeyworded),in-engine draw capture + surface mapping; visual texture inspection
FIRE_bs_room_0Tex_003A68,UNKNOWN,UNKNOWN,no semantic evidence (offset-named or unkeyworded),in-engine draw capture + surface mapping; visual texture inspection
FIRE_bs_room_0Tex_003C68,UNKNOWN,UNKNOWN,no semantic evidence (offset-named or unkeyworded),in-engine draw capture + surface mapping; visual texture inspection
FIRE_bs_room_0Tex_004068,UNKNOWN,UNKNOWN,no semantic evidence (offset-named or unkeyworded),in-engine draw capture + surface mapping; visual texture inspection
FIRE_bs_room_1Tex_0049D8,UNKNOWN,UNKNOWN,no semantic evidence (offset-named or unkeyworded),in-engine draw capture + surface mapping; visual texture inspection
FIRE_bs_room_1Tex_004BD8,UNKNOWN,UNKNOWN,no semantic evidence (offset-named or unkeyworded),in-engine draw capture + surface mapping; visual texture inspection
FIRE_bs_room_1Tex_0053D8,UNKNOWN,UNKNOWN,no semantic evidence (offset-named or unkeyworded),in-engine draw capture + surface mapping; visual texture inspection
FIRE_bs_room_1Tex_005BD8,UNKNOWN,UNKNOWN,no semantic evidence (offset-named or unkeyworded),in-engine draw capture + surface mapping; visual texture inspection
FIRE_bs_room_1Tex_005FD8,UNKNOWN,UNKNOWN,no semantic evidence (offset-named or unkeyworded),in-engine draw capture + surface mapping; visual texture inspection
FIRE_bs_room_1Tex_0061D8,UNKNOWN,UNKNOWN,no semantic evidence (offset-named or unkeyworded),in-engine draw capture + surface mapping; visual texture inspection
FIRE_bs_room_1Tex_0065D8,UNKNOWN,UNKNOWN,no semantic evidence (offset-named or unkeyworded),in-engine draw capture + surface mapping; visual texture inspection
FIRE_bs_room_1Tex_006DD8,UNKNOWN,UNKNOWN,no semantic evidence (offset-named or unkeyworded),in-engine draw capture + surface mapping; visual texture inspection
FIRE_bs_sceneTex_002C00,UNKNOWN,UNKNOWN,no semantic evidence (offset-named or unkeyworded),in-engine draw capture + surface mapping; visual texture inspection
FIRE_bs_sceneTex_003400,UNKNOWN,UNKNOWN,no semantic evidence (offset-named or unkeyworded),in-engine draw capture + surface mapping; visual texture inspection
FIRE_bs_sceneTex_003C00,UNKNOWN,UNKNOWN,no semantic evidence (offset-named or unkeyworded),in-engine draw capture + surface mapping; visual texture inspection
FIRE_bs_sceneTex_004400,UNKNOWN,UNKNOWN,no semantic evidence (offset-named or unkeyworded),in-engine draw capture + surface mapping; visual texture inspection
HAKAdan_bs_room_0Tex_0021E0,UNKNOWN,UNKNOWN,no semantic evidence (offset-named or unkeyworded),in-engine draw capture + surface mapping; visual texture inspection
HAKAdan_bs_room_0Tex_0023E0,UNKNOWN,UNKNOWN,no semantic evidence (offset-named or unkeyworded),in-engine draw capture + surface mapping; visual texture inspection
HAKAdan_bs_room_0Tex_0027E0,UNKNOWN,UNKNOWN,no semantic evidence (offset-named or unkeyworded),in-engine draw capture + surface mapping; visual texture inspection
HAKAdan_bs_room_1Tex_002D50,UNKNOWN,UNKNOWN,no semantic evidence (offset-named or unkeyworded),in-engine draw capture + surface mapping; visual texture inspection
HAKAdan_bs_room_1Tex_002F50,UNKNOWN,UNKNOWN,no semantic evidence (offset-named or unkeyworded),in-engine draw capture + surface mapping; visual texture inspection
HAKAdan_bs_room_1Tex_003750,UNKNOWN,UNKNOWN,no semantic evidence (offset-named or unkeyworded),in-engine draw capture + surface mapping; visual texture inspection
HAKAdan_bs_room_1Tex_003F50,UNKNOWN,UNKNOWN,no semantic evidence (offset-named or unkeyworded),in-engine draw capture + surface mapping; visual texture inspection
HAKAdan_bs_room_1Tex_004F50,UNKNOWN,UNKNOWN,no semantic evidence (offset-named or unkeyworded),in-engine draw capture + surface mapping; visual texture inspection
HAKAdan_bs_sceneTex_001380,UNKNOWN,UNKNOWN,no semantic evidence (offset-named or unkeyworded),in-engine draw capture + surface mapping; visual texture inspection
HAKAdan_bs_sceneTex_001580,UNKNOWN,UNKNOWN,no semantic evidence (offset-named or unkeyworded),in-engine draw capture + surface mapping; visual texture inspection
HAKAdan_bs_sceneTex_001780,UNKNOWN,UNKNOWN,no semantic evidence (offset-named or unkeyworded),in-engine draw capture + surface mapping; visual texture inspection
HAKAdan_bs_sceneTex_001F80,UNKNOWN,UNKNOWN,no semantic evidence (offset-named or unkeyworded),in-engine draw capture + surface mapping; visual texture inspection
MIZUsin_bs_room_0Tex_001470,UNKNOWN,UNKNOWN,no semantic evidence (offset-named or unkeyworded),in-engine draw capture + surface mapping; visual texture inspection
MIZUsin_bs_room_0Tex_001C70,UNKNOWN,UNKNOWN,no semantic evidence (offset-named or unkeyworded),in-engine draw capture + surface mapping; visual texture inspection
MIZUsin_bs_room_0Tex_002470,UNKNOWN,UNKNOWN,no semantic evidence (offset-named or unkeyworded),in-engine draw capture + surface mapping; visual texture inspection
MIZUsin_bs_room_0Tex_002C70,UNKNOWN,UNKNOWN,no semantic evidence (offset-named or unkeyworded),in-engine draw capture + surface mapping; visual texture inspection
MIZUsin_bs_room_0Tex_003470,UNKNOWN,UNKNOWN,no semantic evidence (offset-named or unkeyworded),in-engine draw capture + surface mapping; visual texture inspection
MIZUsin_bs_room_0Tex_003C70,UNKNOWN,UNKNOWN,no semantic evidence (offset-named or unkeyworded),in-engine draw capture + surface mapping; visual texture inspection
MIZUsin_bs_room_1Tex_0056E8,UNKNOWN,UNKNOWN,no semantic evidence (offset-named or unkeyworded),in-engine draw capture + surface mapping; visual texture inspection
MIZUsin_bs_room_1Tex_005EE8,UNKNOWN,UNKNOWN,no semantic evidence (offset-named or unkeyworded),in-engine draw capture + surface mapping; visual texture inspection
MIZUsin_bs_room_1Tex_0066E8,UNKNOWN,UNKNOWN,no semantic evidence (offset-named or unkeyworded),in-engine draw capture + surface mapping; visual texture inspection
MIZUsin_bs_room_1Tex_006EE8,UNKNOWN,UNKNOWN,no semantic evidence (offset-named or unkeyworded),in-engine draw capture + surface mapping; visual texture inspection
MIZUsin_bs_room_1Tex_0076E8,UNKNOWN,UNKNOWN,no semantic evidence (offset-named or unkeyworded),in-engine draw capture + surface mapping; visual texture inspection
MIZUsin_bs_room_1Tex_007EE8,UNKNOWN,UNKNOWN,no semantic evidence (offset-named or unkeyworded),in-engine draw capture + surface mapping; visual texture inspection
MIZUsin_bs_room_1Tex_0086E8,UNKNOWN,UNKNOWN,no semantic evidence (offset-named or unkeyworded),in-engine draw capture + surface mapping; visual texture inspection
MIZUsin_bs_room_1Tex_008EE8,UNKNOWN,UNKNOWN,no semantic evidence (offset-named or unkeyworded),in-engine draw capture + surface mapping; visual texture inspection
MIZUsin_bs_room_1Tex_0092E8,UNKNOWN,UNKNOWN,no semantic evidence (offset-named or unkeyworded),in-engine draw capture + surface mapping; visual texture inspection
MIZUsin_bs_room_1Tex_009AE8,UNKNOWN,UNKNOWN,no semantic evidence (offset-named or unkeyworded),in-engine draw capture + surface mapping; visual texture inspection
MIZUsin_bs_room_1Tex_00A2E8,UNKNOWN,UNKNOWN,no semantic evidence (offset-named or unkeyworded),in-engine draw capture + surface mapping; visual texture inspection
MIZUsin_bs_room_1Tex_00AAE8,UNKNOWN,UNKNOWN,no semantic evidence (offset-named or unkeyworded),in-engine draw capture + surface mapping; visual texture inspection
bdan_boss_room_0Tex_002040,UNKNOWN,UNKNOWN,no semantic evidence (offset-named or unkeyworded),in-engine draw capture + surface mapping; visual texture inspection
bdan_boss_room_0Tex_002C18,UNKNOWN,UNKNOWN,no semantic evidence (offset-named or unkeyworded),in-engine draw capture + surface mapping; visual texture inspection
bdan_boss_room_1Tex_003CB8,UNKNOWN,UNKNOWN,no semantic evidence (offset-named or unkeyworded),in-engine draw capture + surface mapping; visual texture inspection
bdan_boss_room_1Tex_0044B8,UNKNOWN,UNKNOWN,no semantic evidence (offset-named or unkeyworded),in-engine draw capture + surface mapping; visual texture inspection
bdan_boss_room_1Tex_0048B8,UNKNOWN,UNKNOWN,no semantic evidence (offset-named or unkeyworded),in-engine draw capture + surface mapping; visual texture inspection
besitu_room_0Tex_001CD8,UNKNOWN,UNKNOWN,no semantic evidence (offset-named or unkeyworded),in-engine draw capture + surface mapping; visual texture inspection
besitu_room_0Tex_002CD8,UNKNOWN,UNKNOWN,no semantic evidence (offset-named or unkeyworded),in-engine draw capture + surface mapping; visual texture inspection
besitu_room_0Tex_0034D8,UNKNOWN,UNKNOWN,no semantic evidence (offset-named or unkeyworded),in-engine draw capture + surface mapping; visual texture inspection
besitu_room_0Tex_003CD8,UNKNOWN,UNKNOWN,no semantic evidence (offset-named or unkeyworded),in-engine draw capture + surface mapping; visual texture inspection
besitu_room_0Tex_0044D8,UNKNOWN,UNKNOWN,no semantic evidence (offset-named or unkeyworded),in-engine draw capture + surface mapping; visual texture inspection
besitu_room_0Tex_004CD8,UNKNOWN,UNKNOWN,no semantic evidence (offset-named or unkeyworded),in-engine draw capture + surface mapping; visual texture inspection
bowling_sceneTex_001AA0,UNKNOWN,UNKNOWN,no semantic evidence (offset-named or unkeyworded),in-engine draw capture + surface mapping; visual texture inspection
bowling_sceneTex_0022A0,UNKNOWN,UNKNOWN,no semantic evidence (offset-named or unkeyworded),in-engine draw capture + surface mapping; visual texture inspection
bowling_sceneTex_002320,UNKNOWN,UNKNOWN,no semantic evidence (offset-named or unkeyworded),in-engine draw capture + surface mapping; visual texture inspection
bowling_sceneTex_002720,UNKNOWN,UNKNOWN,no semantic evidence (offset-named or unkeyworded),in-engine draw capture + surface mapping; visual texture inspection
bowling_sceneTex_002F20,UNKNOWN,UNKNOWN,no semantic evidence (offset-named or unkeyworded),in-engine draw capture + surface mapping; visual texture inspection
bowling_sceneTex_003720,UNKNOWN,UNKNOWN,no semantic evidence (offset-named or unkeyworded),in-engine draw capture + surface mapping; visual texture inspection
bowling_sceneTex_004720,UNKNOWN,UNKNOWN,no semantic evidence (offset-named or unkeyworded),in-engine draw capture + surface mapping; visual texture inspection
bowling_sceneTex_004F20,UNKNOWN,UNKNOWN,no semantic evidence (offset-named or unkeyworded),in-engine draw capture + surface mapping; visual texture inspection
bowling_sceneTex_005120,UNKNOWN,UNKNOWN,no semantic evidence (offset-named or unkeyworded),in-engine draw capture + surface mapping; visual texture inspection
bowling_sceneTex_005320,UNKNOWN,UNKNOWN,no semantic evidence (offset-named or unkeyworded),in-engine draw capture + surface mapping; visual texture inspection
bowling_sceneTex_005520,UNKNOWN,UNKNOWN,no semantic evidence (offset-named or unkeyworded),in-engine draw capture + surface mapping; visual texture inspection
bowling_sceneTex_005920,UNKNOWN,UNKNOWN,no semantic evidence (offset-named or unkeyworded),in-engine draw capture + surface mapping; visual texture inspection
bowling_sceneTex_006120,UNKNOWN,UNKNOWN,no semantic evidence (offset-named or unkeyworded),in-engine draw capture + surface mapping; visual texture inspection
bowling_sceneTex_007120,UNKNOWN,UNKNOWN,no semantic evidence (offset-named or unkeyworded),in-engine draw capture + surface mapping; visual texture inspection
bowling_sceneTex_008120,UNKNOWN,UNKNOWN,no semantic evidence (offset-named or unkeyworded),in-engine draw capture + surface mapping; visual texture inspection
bowling_sceneTex_008920,UNKNOWN,UNKNOWN,no semantic evidence (offset-named or unkeyworded),in-engine draw capture + surface mapping; visual texture inspection
bowling_sceneTex_009120,UNKNOWN,UNKNOWN,no semantic evidence (offset-named or unkeyworded),in-engine draw capture + surface mapping; visual texture inspection
bowling_sceneTex_00A120,UNKNOWN,UNKNOWN,no semantic evidence (offset-named or unkeyworded),in-engine draw capture + surface mapping; visual texture inspection
bowling_sceneTex_00A920,UNKNOWN,UNKNOWN,no semantic evidence (offset-named or unkeyworded),in-engine draw capture + surface mapping; visual texture inspection
bowling_sceneTex_00AB20,UNKNOWN,UNKNOWN,no semantic evidence (offset-named or unkeyworded),in-engine draw capture + surface mapping; visual texture inspection
bowling_sceneTex_00AD20,UNKNOWN,UNKNOWN,no semantic evidence (offset-named or unkeyworded),in-engine draw capture + surface mapping; visual texture inspection
bowling_sceneTex_00AF20,UNKNOWN,UNKNOWN,no semantic evidence (offset-named or unkeyworded),in-engine draw capture + surface mapping; visual texture inspection
bowling_sceneTex_00B720,UNKNOWN,UNKNOWN,no semantic evidence (offset-named or unkeyworded),in-engine draw capture + surface mapping; visual texture inspection
bowling_sceneTex_00BB20,UNKNOWN,UNKNOWN,no semantic evidence (offset-named or unkeyworded),in-engine draw capture + surface mapping; visual texture inspection
bowling_sceneTex_00BF20,UNKNOWN,UNKNOWN,no semantic evidence (offset-named or unkeyworded),in-engine draw capture + surface mapping; visual texture inspection
bowling_sceneTex_00C720,UNKNOWN,UNKNOWN,no semantic evidence (offset-named or unkeyworded),in-engine draw capture + surface mapping; visual texture inspection
bowling_sceneTex_00D720,UNKNOWN,UNKNOWN,no semantic evidence (offset-named or unkeyworded),in-engine draw capture + surface mapping; visual texture inspection
bowling_sceneTex_00DB20,UNKNOWN,UNKNOWN,no semantic evidence (offset-named or unkeyworded),in-engine draw capture + surface mapping; visual texture inspection
daiyousei_izumi_sceneTex_004800,UNKNOWN,UNKNOWN,no semantic evidence (offset-named or unkeyworded),in-engine draw capture + surface mapping; visual texture inspection
daiyousei_izumi_sceneTex_005000,UNKNOWN,UNKNOWN,no semantic evidence (offset-named or unkeyworded),in-engine draw capture + surface mapping; visual texture inspection
daiyousei_izumi_sceneTex_005800,UNKNOWN,UNKNOWN,no semantic evidence (offset-named or unkeyworded),in-engine draw capture + surface mapping; visual texture inspection
daiyousei_izumi_sceneTex_006000,UNKNOWN,UNKNOWN,no semantic evidence (offset-named or unkeyworded),in-engine draw capture + surface mapping; visual texture inspection
daiyousei_izumi_sceneTex_007000,UNKNOWN,UNKNOWN,no semantic evidence (offset-named or unkeyworded),in-engine draw capture + surface mapping; visual texture inspection
daiyousei_izumi_sceneTex_008000,UNKNOWN,UNKNOWN,no semantic evidence (offset-named or unkeyworded),in-engine draw capture + surface mapping; visual texture inspection
daiyousei_izumi_sceneTex_009000,UNKNOWN,UNKNOWN,no semantic evidence (offset-named or unkeyworded),in-engine draw capture + surface mapping; visual texture inspection
daiyousei_izumi_sceneTex_00A000,UNKNOWN,UNKNOWN,no semantic evidence (offset-named or unkeyworded),in-engine draw capture + surface mapping; visual texture inspection
daiyousei_izumi_sceneTex_00A800,UNKNOWN,UNKNOWN,no semantic evidence (offset-named or unkeyworded),in-engine draw capture + surface mapping; visual texture inspection
daiyousei_izumi_sceneTex_00B000,UNKNOWN,UNKNOWN,no semantic evidence (offset-named or unkeyworded),in-engine draw capture + surface mapping; visual texture inspection
daiyousei_izumi_sceneTex_00C000,UNKNOWN,UNKNOWN,no semantic evidence (offset-named or unkeyworded),in-engine draw capture + surface mapping; visual texture inspection
daiyousei_izumi_sceneTex_00C800,UNKNOWN,UNKNOWN,no semantic evidence (offset-named or unkeyworded),in-engine draw capture + surface mapping; visual texture inspection
daiyousei_izumi_sceneTex_00D000,UNKNOWN,UNKNOWN,no semantic evidence (offset-named or unkeyworded),in-engine draw capture + surface mapping; visual texture inspection
daiyousei_izumi_sceneTex_00D800,UNKNOWN,UNKNOWN,no semantic evidence (offset-named or unkeyworded),in-engine draw capture + surface mapping; visual texture inspection
ddan_boss_room_0Tex_003628,STONE,UNKNOWN,LOW confidence scene/keyword prior only,in-engine draw capture + surface mapping; visual texture inspection
ddan_boss_room_0Tex_003A28,STONE,UNKNOWN,LOW confidence scene/keyword prior only,in-engine draw capture + surface mapping; visual texture inspection
ddan_boss_room_0Tex_003E28,STONE,UNKNOWN,LOW confidence scene/keyword prior only,in-engine draw capture + surface mapping; visual texture inspection
ddan_boss_room_0Tex_004628,STONE,UNKNOWN,LOW confidence scene/keyword prior only,in-engine draw capture + surface mapping; visual texture inspection
ddan_boss_room_1Tex_0031D8,STONE,UNKNOWN,LOW confidence scene/keyword prior only,in-engine draw capture + surface mapping; visual texture inspection
ddan_boss_room_1Tex_0039D8,STONE,UNKNOWN,LOW confidence scene/keyword prior only,in-engine draw capture + surface mapping; visual texture inspection
ddan_boss_sceneTex_001058,STONE,UNKNOWN,LOW confidence scene/keyword prior only,in-engine draw capture + surface mapping; visual texture inspection
ddan_boss_sceneTex_001858,STONE,UNKNOWN,LOW confidence scene/keyword prior only,in-engine draw capture + surface mapping; visual texture inspection
ddan_boss_sceneTex_002058,STONE,UNKNOWN,LOW confidence scene/keyword prior only,in-engine draw capture + surface mapping; visual texture inspection
gDodongosCavernBossLavaFloorTex,STONE,UNKNOWN,LOW confidence scene/keyword prior only,in-engine draw capture + surface mapping; visual texture inspection
ganon_boss_sceneTex_001E58,UNKNOWN,UNKNOWN,no semantic evidence (offset-named or unkeyworded),in-engine draw capture + surface mapping; visual texture inspection
ganon_boss_sceneTex_002658,UNKNOWN,UNKNOWN,no semantic evidence (offset-named or unkeyworded),in-engine draw capture + surface mapping; visual texture inspection
ganon_boss_sceneTex_002758,UNKNOWN,UNKNOWN,no semantic evidence (offset-named or unkeyworded),in-engine draw capture + surface mapping; visual texture inspection
ganon_boss_sceneTex_002798,UNKNOWN,UNKNOWN,no semantic evidence (offset-named or unkeyworded),in-engine draw capture + surface mapping; visual texture inspection
ganon_boss_sceneTex_002B98,UNKNOWN,UNKNOWN,no semantic evidence (offset-named or unkeyworded),in-engine draw capture + surface mapping; visual texture inspection
ganon_boss_sceneTex_002C18,UNKNOWN,UNKNOWN,no semantic evidence (offset-named or unkeyworded),in-engine draw capture + surface mapping; visual texture inspection
ganon_boss_sceneTex_003C18,UNKNOWN,UNKNOWN,no semantic evidence (offset-named or unkeyworded),in-engine draw capture + surface mapping; visual texture inspection
ganon_boss_sceneTex_004018,UNKNOWN,UNKNOWN,no semantic evidence (offset-named or unkeyworded),in-engine draw capture + surface mapping; visual texture inspection
ganon_boss_sceneTex_004418,UNKNOWN,UNKNOWN,no semantic evidence (offset-named or unkeyworded),in-engine draw capture + surface mapping; visual texture inspection
ganon_boss_sceneTex_004818,UNKNOWN,UNKNOWN,no semantic evidence (offset-named or unkeyworded),in-engine draw capture + surface mapping; visual texture inspection
ganon_boss_sceneTex_004C18,UNKNOWN,UNKNOWN,no semantic evidence (offset-named or unkeyworded),in-engine draw capture + surface mapping; visual texture inspection
ganon_boss_sceneTex_005018,UNKNOWN,UNKNOWN,no semantic evidence (offset-named or unkeyworded),in-engine draw capture + surface mapping; visual texture inspection
ganon_boss_sceneTex_005818,UNKNOWN,UNKNOWN,no semantic evidence (offset-named or unkeyworded),in-engine draw capture + surface mapping; visual texture inspection
ganon_boss_sceneTex_006018,UNKNOWN,UNKNOWN,no semantic evidence (offset-named or unkeyworded),in-engine draw capture + surface mapping; visual texture inspection
ganon_boss_sceneTex_006418,UNKNOWN,UNKNOWN,no semantic evidence (offset-named or unkeyworded),in-engine draw capture + surface mapping; visual texture inspection
ganon_boss_sceneTex_006C18,UNKNOWN,UNKNOWN,no semantic evidence (offset-named or unkeyworded),in-engine draw capture + surface mapping; visual texture inspection
ganon_boss_sceneTex_007418,UNKNOWN,UNKNOWN,no semantic evidence (offset-named or unkeyworded),in-engine draw capture + surface mapping; visual texture inspection
ganon_demo_sceneTex_001B70,UNKNOWN,UNKNOWN,no semantic evidence (offset-named or unkeyworded),in-engine draw capture + surface mapping; visual texture inspection
ganon_demo_sceneTex_002B70,UNKNOWN,UNKNOWN,no semantic evidence (offset-named or unkeyworded),in-engine draw capture + surface mapping; visual texture inspection
ganon_demo_sceneTex_003B70,UNKNOWN,UNKNOWN,no semantic evidence (offset-named or unkeyworded),in-engine draw capture + surface mapping; visual texture inspection
ganon_demo_sceneTex_004B70,UNKNOWN,UNKNOWN,no semantic evidence (offset-named or unkeyworded),in-engine draw capture + surface mapping; visual texture inspection
ganon_demo_sceneTex_005B70,UNKNOWN,UNKNOWN,no semantic evidence (offset-named or unkeyworded),in-engine draw capture + surface mapping; visual texture inspection
ganon_demo_sceneTex_006370,UNKNOWN,UNKNOWN,no semantic evidence (offset-named or unkeyworded),in-engine draw capture + surface mapping; visual texture inspection
ganon_demo_sceneTex_006B70,UNKNOWN,UNKNOWN,no semantic evidence (offset-named or unkeyworded),in-engine draw capture + surface mapping; visual texture inspection
ganon_demo_sceneTex_007370,UNKNOWN,UNKNOWN,no semantic evidence (offset-named or unkeyworded),in-engine draw capture + surface mapping; visual texture inspection
ganon_demo_sceneTex_008370,UNKNOWN,UNKNOWN,no semantic evidence (offset-named or unkeyworded),in-engine draw capture + surface mapping; visual texture inspection
ganon_demo_sceneTex_008770,UNKNOWN,UNKNOWN,no semantic evidence (offset-named or unkeyworded),in-engine draw capture + surface mapping; visual texture inspection
ganon_demo_sceneTex_008870,UNKNOWN,UNKNOWN,no semantic evidence (offset-named or unkeyworded),in-engine draw capture + surface mapping; visual texture inspection
ganon_final_sceneTex_002380,UNKNOWN,UNKNOWN,no semantic evidence (offset-named or unkeyworded),in-engine draw capture + surface mapping; visual texture inspection
ganon_final_sceneTex_002780,UNKNOWN,UNKNOWN,no semantic evidence (offset-named or unkeyworded),in-engine draw capture + surface mapping; visual texture inspection
ganon_final_sceneTex_002980,UNKNOWN,UNKNOWN,no semantic evidence (offset-named or unkeyworded),in-engine draw capture + surface mapping; visual texture inspection
ganon_final_sceneTex_002D80,UNKNOWN,UNKNOWN,no semantic evidence (offset-named or unkeyworded),in-engine draw capture + surface mapping; visual texture inspection
ganon_final_sceneTex_003D80,UNKNOWN,UNKNOWN,no semantic evidence (offset-named or unkeyworded),in-engine draw capture + surface mapping; visual texture inspection
ganon_final_sceneTex_004580,UNKNOWN,UNKNOWN,no semantic evidence (offset-named or unkeyworded),in-engine draw capture + surface mapping; visual texture inspection
ganon_final_sceneTex_004D80,UNKNOWN,UNKNOWN,no semantic evidence (offset-named or unkeyworded),in-engine draw capture + surface mapping; visual texture inspection
ganon_final_sceneTex_005D80,UNKNOWN,UNKNOWN,no semantic evidence (offset-named or unkeyworded),in-engine draw capture + surface mapping; visual texture inspection
ganon_final_sceneTex_006D80,UNKNOWN,UNKNOWN,no semantic evidence (offset-named or unkeyworded),in-engine draw capture + surface mapping; visual texture inspection
ganon_final_sceneTex_007580,UNKNOWN,UNKNOWN,no semantic evidence (offset-named or unkeyworded),in-engine draw capture + surface mapping; visual texture inspection
ganon_final_sceneTex_008580,UNKNOWN,UNKNOWN,no semantic evidence (offset-named or unkeyworded),in-engine draw capture + surface mapping; visual texture inspection
ganon_final_sceneTex_009580,UNKNOWN,UNKNOWN,no semantic evidence (offset-named or unkeyworded),in-engine draw capture + surface mapping; visual texture inspection
ganon_final_sceneTex_00A580,UNKNOWN,UNKNOWN,no semantic evidence (offset-named or unkeyworded),in-engine draw capture + surface mapping; visual texture inspection
ganon_final_sceneTex_00AD80,UNKNOWN,UNKNOWN,no semantic evidence (offset-named or unkeyworded),in-engine draw capture + surface mapping; visual texture inspection
ganon_final_sceneTex_00BD80,UNKNOWN,UNKNOWN,no semantic evidence (offset-named or unkeyworded),in-engine draw capture + surface mapping; visual texture inspection
ganon_final_sceneTex_00CD80,UNKNOWN,UNKNOWN,no semantic evidence (offset-named or unkeyworded),in-engine draw capture + surface mapping; visual texture inspection
ganon_final_sceneTex_00CE80,UNKNOWN,UNKNOWN,no semantic evidence (offset-named or unkeyworded),in-engine draw capture + surface mapping; visual texture inspection
ganon_final_sceneTex_00DE80,UNKNOWN,UNKNOWN,no semantic evidence (offset-named or unkeyworded),in-engine draw capture + surface mapping; visual texture inspection
ganon_final_sceneTex_00E080,UNKNOWN,UNKNOWN,no semantic evidence (offset-named or unkeyworded),in-engine draw capture + surface mapping; visual texture inspection
ganon_final_sceneTex_00E180,UNKNOWN,UNKNOWN,no semantic evidence (offset-named or unkeyworded),in-engine draw capture + surface mapping; visual texture inspection
ganon_final_sceneTex_00F180,UNKNOWN,UNKNOWN,no semantic evidence (offset-named or unkeyworded),in-engine draw capture + surface mapping; visual texture inspection
ganon_final_sceneTex_00F580,UNKNOWN,UNKNOWN,no semantic evidence (offset-named or unkeyworded),in-engine draw capture + surface mapping; visual texture inspection
ganon_final_sceneTex_010580,UNKNOWN,UNKNOWN,no semantic evidence (offset-named or unkeyworded),in-engine draw capture + surface mapping; visual texture inspection
ganon_final_sceneTex_010980,UNKNOWN,UNKNOWN,no semantic evidence (offset-named or unkeyworded),in-engine draw capture + surface mapping; visual texture inspection
ganon_final_sceneTex_011180,UNKNOWN,UNKNOWN,no semantic evidence (offset-named or unkeyworded),in-engine draw capture + surface mapping; visual texture inspection
ganon_room_0Tex_004C68,STONE,UNKNOWN,LOW confidence scene/keyword prior only,in-engine draw capture + surface mapping; visual texture inspection
ganon_room_0Tex_005468,STONE,UNKNOWN,LOW confidence scene/keyword prior only,in-engine draw capture + surface mapping; visual texture inspection
ganon_room_0Tex_005C68,STONE,UNKNOWN,LOW confidence scene/keyword prior only,in-engine draw capture + surface mapping; visual texture inspection
ganon_room_0Tex_006068,STONE,UNKNOWN,LOW confidence scene/keyword prior only,in-engine draw capture + surface mapping; visual texture inspection
ganon_room_0Tex_006868,STONE,UNKNOWN,LOW confidence scene/keyword prior only,in-engine draw capture + surface mapping; visual texture inspection
ganon_room_0Tex_007068,STONE,UNKNOWN,LOW confidence scene/keyword prior only,in-engine draw capture + surface mapping; visual texture inspection
ganon_room_0Tex_0076D0,STONE,UNKNOWN,LOW confidence scene/keyword prior only,in-engine draw capture + surface mapping; visual texture inspection
ganon_room_1Tex_005370,STONE,UNKNOWN,LOW confidence scene/keyword prior only,in-engine draw capture + surface mapping; visual texture inspection
ganon_room_1Tex_005B70,STONE,UNKNOWN,LOW confidence scene/keyword prior only,in-engine draw capture + surface mapping; visual texture inspection
ganon_room_1Tex_005F70,STONE,UNKNOWN,LOW confidence scene/keyword prior only,in-engine draw capture + surface mapping; visual texture inspection
ganon_room_1Tex_006370,STONE,UNKNOWN,LOW confidence scene/keyword prior only,in-engine draw capture + surface mapping; visual texture inspection
ganon_room_1Tex_006770,STONE,UNKNOWN,LOW confidence scene/keyword prior only,in-engine draw capture + surface mapping; visual texture inspection
ganon_room_2Tex_003DF0,STONE,UNKNOWN,LOW confidence scene/keyword prior only,in-engine draw capture + surface mapping; visual texture inspection
ganon_room_2Tex_0041F0,STONE,UNKNOWN,LOW confidence scene/keyword prior only,in-engine draw capture + surface mapping; visual texture inspection
ganon_room_2Tex_0049F0,STONE,UNKNOWN,LOW confidence scene/keyword prior only,in-engine draw capture + surface mapping; visual texture inspection
ganon_room_2Tex_004DF0,STONE,UNKNOWN,LOW confidence scene/keyword prior only,in-engine draw capture + surface mapping; visual texture inspection
ganon_room_2Tex_0051F0,STONE,UNKNOWN,LOW confidence scene/keyword prior only,in-engine draw capture + surface mapping; visual texture inspection
ganon_room_2Tex_0059F0,STONE,UNKNOWN,LOW confidence scene/keyword prior only,in-engine draw capture + surface mapping; visual texture inspection
ganon_room_2Tex_005DF0,STONE,UNKNOWN,LOW confidence scene/keyword prior only,in-engine draw capture + surface mapping; visual texture inspection
ganon_room_2Tex_007050,STONE,UNKNOWN,LOW confidence scene/keyword prior only,in-engine draw capture + surface mapping; visual texture inspection
ganon_room_3Tex_004F30,STONE,UNKNOWN,LOW confidence scene/keyword prior only,in-engine draw capture + surface mapping; visual texture inspection
ganon_room_3Tex_005330,STONE,UNKNOWN,LOW confidence scene/keyword prior only,in-engine draw capture + surface mapping; visual texture inspection
ganon_room_3Tex_005730,STONE,UNKNOWN,LOW confidence scene/keyword prior only,in-engine draw capture + surface mapping; visual texture inspection
ganon_room_3Tex_005F30,STONE,UNKNOWN,LOW confidence scene/keyword prior only,in-engine draw capture + surface mapping; visual texture inspection
ganon_room_3Tex_006730,STONE,UNKNOWN,LOW confidence scene/keyword prior only,in-engine draw capture + surface mapping; visual texture inspection
ganon_room_4Tex_004668,STONE,UNKNOWN,LOW confidence scene/keyword prior only,in-engine draw capture + surface mapping; visual texture inspection
ganon_room_4Tex_004E68,STONE,UNKNOWN,LOW confidence scene/keyword prior only,in-engine draw capture + surface mapping; visual texture inspection
ganon_room_4Tex_005668,STONE,UNKNOWN,LOW confidence scene/keyword prior only,in-engine draw capture + surface mapping; visual texture inspection
ganon_room_4Tex_005A68,STONE,UNKNOWN,LOW confidence scene/keyword prior only,in-engine draw capture + surface mapping; visual texture inspection
ganon_room_4Tex_006268,STONE,UNKNOWN,LOW confidence scene/keyword prior only,in-engine draw capture + surface mapping; visual texture inspection
ganon_room_4Tex_006668,STONE,UNKNOWN,LOW confidence scene/keyword prior only,in-engine draw capture + surface mapping; visual texture inspection
ganon_room_4Tex_006A68,STONE,UNKNOWN,LOW confidence scene/keyword prior only,in-engine draw capture + surface mapping; visual texture inspection
ganon_room_4Tex_006E68,STONE,UNKNOWN,LOW confidence scene/keyword prior only,in-engine draw capture + surface mapping; visual texture inspection
ganon_room_4Tex_007668,STONE,UNKNOWN,LOW confidence scene/keyword prior only,in-engine draw capture + surface mapping; visual texture inspection
ganon_room_4Tex_007E68,STONE,UNKNOWN,LOW confidence scene/keyword prior only,in-engine draw capture + surface mapping; visual texture inspection
ganon_room_4Tex_0088D0,STONE,UNKNOWN,LOW confidence scene/keyword prior only,in-engine draw capture + surface mapping; visual texture inspection
ganon_room_5Tex_005B08,STONE,UNKNOWN,LOW confidence scene/keyword prior only,in-engine draw capture + surface mapping; visual texture inspection
ganon_room_5Tex_006308,STONE,UNKNOWN,LOW confidence scene/keyword prior only,in-engine draw capture + surface mapping; visual texture inspection
ganon_room_5Tex_006B08,STONE,UNKNOWN,LOW confidence scene/keyword prior only,in-engine draw capture + surface mapping; visual texture inspection
ganon_room_5Tex_007B08,STONE,UNKNOWN,LOW confidence scene/keyword prior only,in-engine draw capture + surface mapping; visual texture inspection
ganon_room_5Tex_007F08,STONE,UNKNOWN,LOW confidence scene/keyword prior only,in-engine draw capture + surface mapping; visual texture inspection
ganon_room_5Tex_008308,STONE,UNKNOWN,LOW confidence scene/keyword prior only,in-engine draw capture + surface mapping; visual texture inspection
ganon_room_6Tex_006E00,STONE,UNKNOWN,LOW confidence scene/keyword prior only,in-engine draw capture + surface mapping; visual texture inspection
ganon_room_6Tex_007200,STONE,UNKNOWN,LOW confidence scene/keyword prior only,in-engine draw capture + surface mapping; visual texture inspection
ganon_room_6Tex_007600,STONE,UNKNOWN,LOW confidence scene/keyword prior only,in-engine draw capture + surface mapping; visual texture inspection
ganon_room_6Tex_007A00,STONE,UNKNOWN,LOW confidence scene/keyword prior only,in-engine draw capture + surface mapping; visual texture inspection
ganon_room_6Tex_008200,STONE,UNKNOWN,LOW confidence scene/keyword prior only,in-engine draw capture + surface mapping; visual texture inspection
ganon_room_6Tex_008300,STONE,UNKNOWN,LOW confidence scene/keyword prior only,in-engine draw capture + surface mapping; visual texture inspection
ganon_room_6Tex_008B00,STONE,UNKNOWN,LOW confidence scene/keyword prior only,in-engine draw capture + surface mapping; visual texture inspection
ganon_room_6Tex_009398,STONE,UNKNOWN,LOW confidence scene/keyword prior only,in-engine draw capture + surface mapping; visual texture inspection
ganon_room_7Tex_0071E0,STONE,UNKNOWN,LOW confidence scene/keyword prior only,in-engine draw capture + surface mapping; visual texture inspection
ganon_room_7Tex_0075E0,STONE,UNKNOWN,LOW confidence scene/keyword prior only,in-engine draw capture + surface mapping; visual texture inspection
ganon_room_7Tex_007DE0,STONE,UNKNOWN,LOW confidence scene/keyword prior only,in-engine draw capture + surface mapping; visual texture inspection
ganon_room_7Tex_0085E0,STONE,UNKNOWN,LOW confidence scene/keyword prior only,in-engine draw capture + surface mapping; visual texture inspection
ganon_room_7Tex_0089E0,STONE,UNKNOWN,LOW confidence scene/keyword prior only,in-engine draw capture + surface mapping; visual texture inspection
ganon_room_7Tex_0091E0,STONE,UNKNOWN,LOW confidence scene/keyword prior only,in-engine draw capture + surface mapping; visual texture inspection
ganon_room_7Tex_009F98,STONE,UNKNOWN,LOW confidence scene/keyword prior only,in-engine draw capture + surface mapping; visual texture inspection
ganon_room_8Tex_004A20,STONE,UNKNOWN,LOW confidence scene/keyword prior only,in-engine draw capture + surface mapping; visual texture inspection
ganon_room_8Tex_005220,STONE,UNKNOWN,LOW confidence scene/keyword prior only,in-engine draw capture + surface mapping; visual texture inspection
ganon_room_8Tex_005320,STONE,UNKNOWN,LOW confidence scene/keyword prior only,in-engine draw capture + surface mapping; visual texture inspection
ganon_room_8Tex_005360,STONE,UNKNOWN,LOW confidence scene/keyword prior only,in-engine draw capture + surface mapping; visual texture inspection
ganon_room_8Tex_0053E0,STONE,UNKNOWN,LOW confidence scene/keyword prior only,in-engine draw capture + surface mapping; visual texture inspection
ganon_room_8Tex_005BE0,STONE,UNKNOWN,LOW confidence scene/keyword prior only,in-engine draw capture + surface mapping; visual texture inspection
ganon_room_8Tex_005FE0,STONE,UNKNOWN,LOW confidence scene/keyword prior only,in-engine draw capture + surface mapping; visual texture inspection
ganon_room_8Tex_0063E0,STONE,UNKNOWN,LOW confidence scene/keyword prior only,in-engine draw capture + surface mapping; visual texture inspection
ganon_room_9Tex_002120,STONE,UNKNOWN,LOW confidence scene/keyword prior only,in-engine draw capture + surface mapping; visual texture inspection
ganon_room_9Tex_002920,STONE,UNKNOWN,LOW confidence scene/keyword prior only,in-engine draw capture + surface mapping; visual texture inspection
ganon_room_9Tex_002D20,STONE,UNKNOWN,LOW confidence scene/keyword prior only,in-engine draw capture + surface mapping; visual texture inspection
ganon_room_9Tex_003120,STONE,UNKNOWN,LOW confidence scene/keyword prior only,in-engine draw capture + surface mapping; visual texture inspection
ganon_room_9Tex_003520,STONE,UNKNOWN,LOW confidence scene/keyword prior only,in-engine draw capture + surface mapping; visual texture inspection
ganon_room_9Tex_003920,STONE,UNKNOWN,LOW confidence scene/keyword prior only,in-engine draw capture + surface mapping; visual texture inspection
ganon_room_9Tex_003D20,STONE,UNKNOWN,LOW confidence scene/keyword prior only,in-engine draw capture + surface mapping; visual texture inspection
ganon_room_9Tex_004520,STONE,UNKNOWN,LOW confidence scene/keyword prior only,in-engine draw capture + surface mapping; visual texture inspection
ganon_room_9Tex_004D20,STONE,UNKNOWN,LOW confidence scene/keyword prior only,in-engine draw capture + surface mapping; visual texture inspection
ganon_room_9Tex_005120,STONE,UNKNOWN,LOW confidence scene/keyword prior only,in-engine draw capture + surface mapping; visual texture inspection
ganon_sceneTex_00EFA8,STONE,UNKNOWN,LOW confidence scene/keyword prior only,in-engine draw capture + surface mapping; visual texture inspection
ganon_sceneTex_00F3A8,STONE,UNKNOWN,LOW confidence scene/keyword prior only,in-engine draw capture + surface mapping; visual texture inspection
ganon_sceneTex_00F7A8,STONE,UNKNOWN,LOW confidence scene/keyword prior only,in-engine draw capture + surface mapping; visual texture inspection
ganon_sceneTex_00FBA8,STONE,UNKNOWN,LOW confidence scene/keyword prior only,in-engine draw capture + surface mapping; visual texture inspection
ganon_sceneTex_00FFA8,STONE,UNKNOWN,LOW confidence scene/keyword prior only,in-engine draw capture + surface mapping; visual texture inspection
ganon_sonogo_room_0Tex_005020,UNKNOWN,UNKNOWN,no semantic evidence (offset-named or unkeyworded),in-engine draw capture + surface mapping; visual texture inspection
ganon_sonogo_room_0Tex_005820,UNKNOWN,UNKNOWN,no semantic evidence (offset-named or unkeyworded),in-engine draw capture + surface mapping; visual texture inspection
ganon_sonogo_room_0Tex_005C20,UNKNOWN,UNKNOWN,no semantic evidence (offset-named or unkeyworded),in-engine draw capture + surface mapping; visual texture inspection
ganon_sonogo_room_0Tex_006020,UNKNOWN,UNKNOWN,no semantic evidence (offset-named or unkeyworded),in-engine draw capture + surface mapping; visual texture inspection
ganon_sonogo_room_0Tex_006820,UNKNOWN,UNKNOWN,no semantic evidence (offset-named or unkeyworded),in-engine draw capture + surface mapping; visual texture inspection
ganon_sonogo_room_0Tex_007020,UNKNOWN,UNKNOWN,no semantic evidence (offset-named or unkeyworded),in-engine draw capture + surface mapping; visual texture inspection
ganon_sonogo_room_0Tex_007420,UNKNOWN,UNKNOWN,no semantic evidence (offset-named or unkeyworded),in-engine draw capture + surface mapping; visual texture inspection
ganon_sonogo_room_0Tex_007820,UNKNOWN,UNKNOWN,no semantic evidence (offset-named or unkeyworded),in-engine draw capture + surface mapping; visual texture inspection
ganon_sonogo_room_1Tex_004148,UNKNOWN,UNKNOWN,no semantic evidence (offset-named or unkeyworded),in-engine draw capture + surface mapping; visual texture inspection
ganon_sonogo_room_1Tex_004548,UNKNOWN,UNKNOWN,no semantic evidence (offset-named or unkeyworded),in-engine draw capture + surface mapping; visual texture inspection
ganon_sonogo_room_1Tex_004948,UNKNOWN,UNKNOWN,no semantic evidence (offset-named or unkeyworded),in-engine draw capture + surface mapping; visual texture inspection
ganon_sonogo_room_1Tex_004D48,UNKNOWN,UNKNOWN,no semantic evidence (offset-named or unkeyworded),in-engine draw capture + surface mapping; visual texture inspection
ganon_sonogo_room_1Tex_005548,UNKNOWN,UNKNOWN,no semantic evidence (offset-named or unkeyworded),in-engine draw capture + surface mapping; visual texture inspection
ganon_sonogo_room_1Tex_005948,UNKNOWN,UNKNOWN,no semantic evidence (offset-named or unkeyworded),in-engine draw capture + surface mapping; visual texture inspection
ganon_sonogo_room_1Tex_005D48,UNKNOWN,UNKNOWN,no semantic evidence (offset-named or unkeyworded),in-engine draw capture + surface mapping; visual texture inspection
ganon_sonogo_room_1Tex_006548,UNKNOWN,UNKNOWN,no semantic evidence (offset-named or unkeyworded),in-engine draw capture + surface mapping; visual texture inspection
ganon_sonogo_room_1Tex_006948,UNKNOWN,UNKNOWN,no semantic evidence (offset-named or unkeyworded),in-engine draw capture + surface mapping; visual texture inspection
ganon_sonogo_room_2Tex_004A40,UNKNOWN,UNKNOWN,no semantic evidence (offset-named or unkeyworded),in-engine draw capture + surface mapping; visual texture inspection
ganon_sonogo_room_2Tex_005240,UNKNOWN,UNKNOWN,no semantic evidence (offset-named or unkeyworded),in-engine draw capture + surface mapping; visual texture inspection
ganon_sonogo_room_2Tex_005640,UNKNOWN,UNKNOWN,no semantic evidence (offset-named or unkeyworded),in-engine draw capture + surface mapping; visual texture inspection
ganon_sonogo_room_2Tex_005A40,UNKNOWN,UNKNOWN,no semantic evidence (offset-named or unkeyworded),in-engine draw capture + surface mapping; visual texture inspection
ganon_sonogo_room_2Tex_006240,UNKNOWN,UNKNOWN,no semantic evidence (offset-named or unkeyworded),in-engine draw capture + surface mapping; visual texture inspection
ganon_sonogo_room_2Tex_006640,UNKNOWN,UNKNOWN,no semantic evidence (offset-named or unkeyworded),in-engine draw capture + surface mapping; visual texture inspection
ganon_sonogo_room_2Tex_006A40,UNKNOWN,UNKNOWN,no semantic evidence (offset-named or unkeyworded),in-engine draw capture + surface mapping; visual texture inspection
ganon_sonogo_room_2Tex_006E40,UNKNOWN,UNKNOWN,no semantic evidence (offset-named or unkeyworded),in-engine draw capture + surface mapping; visual texture inspection
ganon_sonogo_room_2Tex_007240,UNKNOWN,UNKNOWN,no semantic evidence (offset-named or unkeyworded),in-engine draw capture + surface mapping; visual texture inspection
ganon_sonogo_room_2Tex_007A40,UNKNOWN,UNKNOWN,no semantic evidence (offset-named or unkeyworded),in-engine draw capture + surface mapping; visual texture inspection
ganon_sonogo_room_2Tex_008240,UNKNOWN,UNKNOWN,no semantic evidence (offset-named or unkeyworded),in-engine draw capture + surface mapping; visual texture inspection
ganon_sonogo_room_3Tex_003A38,UNKNOWN,UNKNOWN,no semantic evidence (offset-named or unkeyworded),in-engine draw capture + surface mapping; visual texture inspection
ganon_sonogo_room_3Tex_003E38,UNKNOWN,UNKNOWN,no semantic evidence (offset-named or unkeyworded),in-engine draw capture + surface mapping; visual texture inspection
ganon_sonogo_room_3Tex_004638,UNKNOWN,UNKNOWN,no semantic evidence (offset-named or unkeyworded),in-engine draw capture + surface mapping; visual texture inspection
ganon_sonogo_room_3Tex_004E38,UNKNOWN,UNKNOWN,no semantic evidence (offset-named or unkeyworded),in-engine draw capture + surface mapping; visual texture inspection
ganon_sonogo_room_4Tex_004BA8,UNKNOWN,UNKNOWN,no semantic evidence (offset-named or unkeyworded),in-engine draw capture + surface mapping; visual texture inspection
ganon_sonogo_room_4Tex_0053A8,UNKNOWN,UNKNOWN,no semantic evidence (offset-named or unkeyworded),in-engine draw capture + surface mapping; visual texture inspection
ganon_sonogo_room_4Tex_0054A8,UNKNOWN,UNKNOWN,no semantic evidence (offset-named or unkeyworded),in-engine draw capture + surface mapping; visual texture inspection
ganon_sonogo_room_4Tex_0054E8,UNKNOWN,UNKNOWN,no semantic evidence (offset-named or unkeyworded),in-engine draw capture + surface mapping; visual texture inspection
ganon_sonogo_room_4Tex_005CE8,UNKNOWN,UNKNOWN,no semantic evidence (offset-named or unkeyworded),in-engine draw capture + surface mapping; visual texture inspection
ganon_sonogo_room_4Tex_0064E8,UNKNOWN,UNKNOWN,no semantic evidence (offset-named or unkeyworded),in-engine draw capture + surface mapping; visual texture inspection
ganon_sonogo_room_4Tex_0068E8,UNKNOWN,UNKNOWN,no semantic evidence (offset-named or unkeyworded),in-engine draw capture + surface mapping; visual texture inspection
ganon_sonogo_room_4Tex_006CE8,UNKNOWN,UNKNOWN,no semantic evidence (offset-named or unkeyworded),in-engine draw capture + surface mapping; visual texture inspection
ganon_sonogo_room_4Tex_0074E8,UNKNOWN,UNKNOWN,no semantic evidence (offset-named or unkeyworded),in-engine draw capture + surface mapping; visual texture inspection
ganon_sonogo_room_4Tex_007CE8,UNKNOWN,UNKNOWN,no semantic evidence (offset-named or unkeyworded),in-engine draw capture + surface mapping; visual texture inspection
ganon_sonogo_sceneTex_006710,UNKNOWN,UNKNOWN,no semantic evidence (offset-named or unkeyworded),in-engine draw capture + surface mapping; visual texture inspection
ganon_sonogo_sceneTex_006F10,UNKNOWN,UNKNOWN,no semantic evidence (offset-named or unkeyworded),in-engine draw capture + surface mapping; visual texture inspection
ganon_sonogo_sceneTex_007310,UNKNOWN,UNKNOWN,no semantic evidence (offset-named or unkeyworded),in-engine draw capture + surface mapping; visual texture inspection
ganon_sonogo_sceneTex_007710,UNKNOWN,UNKNOWN,no semantic evidence (offset-named or unkeyworded),in-engine draw capture + surface mapping; visual texture inspection
ganon_tou_room_0Tex_008550,UNKNOWN,UNKNOWN,no semantic evidence (offset-named or unkeyworded),in-engine draw capture + surface mapping; visual texture inspection
ganon_tou_room_0Tex_008D50,UNKNOWN,UNKNOWN,no semantic evidence (offset-named or unkeyworded),in-engine draw capture + surface mapping; visual texture inspection
ganon_tou_room_0Tex_008F50,UNKNOWN,UNKNOWN,no semantic evidence (offset-named or unkeyworded),in-engine draw capture + surface mapping; visual texture inspection
ganon_tou_room_0Tex_009150,UNKNOWN,UNKNOWN,no semantic evidence (offset-named or unkeyworded),in-engine draw capture + surface mapping; visual texture inspection
ganon_tou_room_0Tex_00A150,UNKNOWN,UNKNOWN,no semantic evidence (offset-named or unkeyworded),in-engine draw capture + surface mapping; visual texture inspection
ganon_tou_room_0Tex_00B150,UNKNOWN,UNKNOWN,no semantic evidence (offset-named or unkeyworded),in-engine draw capture + surface mapping; visual texture inspection
ganon_tou_room_0Tex_00B550,UNKNOWN,UNKNOWN,no semantic evidence (offset-named or unkeyworded),in-engine draw capture + surface mapping; visual texture inspection
ganon_tou_room_0Tex_00B950,UNKNOWN,UNKNOWN,no semantic evidence (offset-named or unkeyworded),in-engine draw capture + surface mapping; visual texture inspection
ganon_tou_room_0Tex_00BD50,UNKNOWN,UNKNOWN,no semantic evidence (offset-named or unkeyworded),in-engine draw capture + surface mapping; visual texture inspection
ganon_tou_room_0Tex_00BF50,UNKNOWN,UNKNOWN,no semantic evidence (offset-named or unkeyworded),in-engine draw capture + surface mapping; visual texture inspection
ganon_tou_room_0Tex_00CF50,UNKNOWN,UNKNOWN,no semantic evidence (offset-named or unkeyworded),in-engine draw capture + surface mapping; visual texture inspection
ganon_tou_room_0Tex_00D750,UNKNOWN,UNKNOWN,no semantic evidence (offset-named or unkeyworded),in-engine draw capture + surface mapping; visual texture inspection
ganon_tou_room_0Tex_00E750,UNKNOWN,UNKNOWN,no semantic evidence (offset-named or unkeyworded),in-engine draw capture + surface mapping; visual texture inspection
ganon_tou_room_0Tex_00F750,UNKNOWN,UNKNOWN,no semantic evidence (offset-named or unkeyworded),in-engine draw capture + surface mapping; visual texture inspection
ganon_tou_room_0Tex_00FB50,UNKNOWN,UNKNOWN,no semantic evidence (offset-named or unkeyworded),in-engine draw capture + surface mapping; visual texture inspection
ganon_tou_room_0Tex_00FF50,UNKNOWN,UNKNOWN,no semantic evidence (offset-named or unkeyworded),in-engine draw capture + surface mapping; visual texture inspection
ganon_tou_room_0Tex_010150,UNKNOWN,UNKNOWN,no semantic evidence (offset-named or unkeyworded),in-engine draw capture + surface mapping; visual texture inspection
ganon_tou_room_0Tex_010550,UNKNOWN,UNKNOWN,no semantic evidence (offset-named or unkeyworded),in-engine draw capture + surface mapping; visual texture inspection
ganon_tou_room_0Tex_0124F0,UNKNOWN,UNKNOWN,no semantic evidence (offset-named or unkeyworded),in-engine draw capture + surface mapping; visual texture inspection
ganon_tou_room_0Tex_0125F0,UNKNOWN,UNKNOWN,no semantic evidence (offset-named or unkeyworded),in-engine draw capture + surface mapping; visual texture inspection
ganon_tou_room_0Tex_012DF0,UNKNOWN,UNKNOWN,no semantic evidence (offset-named or unkeyworded),in-engine draw capture + surface mapping; visual texture inspection
ganon_tou_room_0Tex_0135F0,UNKNOWN,UNKNOWN,no semantic evidence (offset-named or unkeyworded),in-engine draw capture + surface mapping; visual texture inspection
ganon_tou_room_0Tex_0139F0,UNKNOWN,UNKNOWN,no semantic evidence (offset-named or unkeyworded),in-engine draw capture + surface mapping; visual texture inspection
ganon_tou_sceneTex_003280,UNKNOWN,UNKNOWN,no semantic evidence (offset-named or unkeyworded),in-engine draw capture + surface mapping; visual texture inspection
ganontikasonogo_room_0Tex_0092D8,UNKNOWN,UNKNOWN,no semantic evidence (offset-named or unkeyworded),in-engine draw capture + surface mapping; visual texture inspection
ganontikasonogo_room_0Tex_00A2D8,UNKNOWN,UNKNOWN,no semantic evidence (offset-named or unkeyworded),in-engine draw capture + surface mapping; visual texture inspection
ganontikasonogo_room_0Tex_00B2D8,UNKNOWN,UNKNOWN,no semantic evidence (offset-named or unkeyworded),in-engine draw capture + surface mapping; visual texture inspection
ganontikasonogo_room_0Tex_00C2D8,UNKNOWN,UNKNOWN,no semantic evidence (offset-named or unkeyworded),in-engine draw capture + surface mapping; visual texture inspection
ganontikasonogo_room_0Tex_00D2D8,UNKNOWN,UNKNOWN,no semantic evidence (offset-named or unkeyworded),in-engine draw capture + surface mapping; visual texture inspection
ganontikasonogo_room_0Tex_00E2D8,UNKNOWN,UNKNOWN,no semantic evidence (offset-named or unkeyworded),in-engine draw capture + surface mapping; visual texture inspection
ganontikasonogo_room_0Tex_00F2D8,UNKNOWN,UNKNOWN,no semantic evidence (offset-named or unkeyworded),in-engine draw capture + surface mapping; visual texture inspection
ganontikasonogo_room_0Tex_00FAD8,UNKNOWN,UNKNOWN,no semantic evidence (offset-named or unkeyworded),in-engine draw capture + surface mapping; visual texture inspection
ganontikasonogo_room_0Tex_010AD8,UNKNOWN,UNKNOWN,no semantic evidence (offset-named or unkeyworded),in-engine draw capture + surface mapping; visual texture inspection
ganontikasonogo_room_0Tex_0112D8,UNKNOWN,UNKNOWN,no semantic evidence (offset-named or unkeyworded),in-engine draw capture + surface mapping; visual texture inspection
ganontikasonogo_room_0Tex_011AD8,UNKNOWN,UNKNOWN,no semantic evidence (offset-named or unkeyworded),in-engine draw capture + surface mapping; visual texture inspection
ganontikasonogo_room_0Tex_0122D8,UNKNOWN,UNKNOWN,no semantic evidence (offset-named or unkeyworded),in-engine draw capture + surface mapping; visual texture inspection
ganontikasonogo_room_0Tex_012AD8,UNKNOWN,UNKNOWN,no semantic evidence (offset-named or unkeyworded),in-engine draw capture + surface mapping; visual texture inspection
ganontikasonogo_room_0Tex_0132D8,UNKNOWN,UNKNOWN,no semantic evidence (offset-named or unkeyworded),in-engine draw capture + surface mapping; visual texture inspection
ganontikasonogo_room_0Tex_0142D8,UNKNOWN,UNKNOWN,no semantic evidence (offset-named or unkeyworded),in-engine draw capture + surface mapping; visual texture inspection
ganontikasonogo_room_0Tex_014AD8,UNKNOWN,UNKNOWN,no semantic evidence (offset-named or unkeyworded),in-engine draw capture + surface mapping; visual texture inspection
ganontikasonogo_room_0Tex_016B78,UNKNOWN,UNKNOWN,no semantic evidence (offset-named or unkeyworded),in-engine draw capture + surface mapping; visual texture inspection
ganontikasonogo_room_1Tex_006C60,UNKNOWN,UNKNOWN,no semantic evidence (offset-named or unkeyworded),in-engine draw capture + surface mapping; visual texture inspection
ganontikasonogo_room_1Tex_007460,UNKNOWN,UNKNOWN,no semantic evidence (offset-named or unkeyworded),in-engine draw capture + surface mapping; visual texture inspection
ganontikasonogo_room_1Tex_008460,UNKNOWN,UNKNOWN,no semantic evidence (offset-named or unkeyworded),in-engine draw capture + surface mapping; visual texture inspection
ganontikasonogo_room_1Tex_009720,UNKNOWN,UNKNOWN,no semantic evidence (offset-named or unkeyworded),in-engine draw capture + surface mapping; visual texture inspection
ganontikasonogo_sceneTex_002B00,UNKNOWN,UNKNOWN,no semantic evidence (offset-named or unkeyworded),in-engine draw capture + surface mapping; visual texture inspection
ganontikasonogo_sceneTex_003B00,UNKNOWN,UNKNOWN,no semantic evidence (offset-named or unkeyworded),in-engine draw capture + surface mapping; visual texture inspection
gThievesHideoutDayEntranceTex,UNKNOWN,UNKNOWN,no semantic evidence (offset-named or unkeyworded),in-engine draw capture + surface mapping; visual texture inspection
gThievesHideoutNightEntranceTex,UNKNOWN,UNKNOWN,no semantic evidence (offset-named or unkeyworded),in-engine draw capture + surface mapping; visual texture inspection
gerudoway_room_0Tex_002FB0,UNKNOWN,UNKNOWN,no semantic evidence (offset-named or unkeyworded),in-engine draw capture + surface mapping; visual texture inspection
gerudoway_room_0Tex_003FB0,UNKNOWN,UNKNOWN,no semantic evidence (offset-named or unkeyworded),in-engine draw capture + surface mapping; visual texture inspection
gerudoway_room_1Tex_003710,UNKNOWN,UNKNOWN,no semantic evidence (offset-named or unkeyworded),in-engine draw capture + surface mapping; visual texture inspection
gerudoway_room_1Tex_003F10,UNKNOWN,UNKNOWN,no semantic evidence (offset-named or unkeyworded),in-engine draw capture + surface mapping; visual texture inspection
gerudoway_room_1Tex_004710,UNKNOWN,UNKNOWN,no semantic evidence (offset-named or unkeyworded),in-engine draw capture + surface mapping; visual texture inspection
gerudoway_room_1Tex_005710,UNKNOWN,UNKNOWN,no semantic evidence (offset-named or unkeyworded),in-engine draw capture + surface mapping; visual texture inspection
gerudoway_room_1Tex_005B10,UNKNOWN,UNKNOWN,no semantic evidence (offset-named or unkeyworded),in-engine draw capture + surface mapping; visual texture inspection
gerudoway_room_1Tex_006310,UNKNOWN,UNKNOWN,no semantic evidence (offset-named or unkeyworded),in-engine draw capture + surface mapping; visual texture inspection
gerudoway_room_2Tex_002298,UNKNOWN,UNKNOWN,no semantic evidence (offset-named or unkeyworded),in-engine draw capture + surface mapping; visual texture inspection
gerudoway_room_2Tex_002A98,UNKNOWN,UNKNOWN,no semantic evidence (offset-named or unkeyworded),in-engine draw capture + surface mapping; visual texture inspection
gerudoway_room_3Tex_006EA0,UNKNOWN,UNKNOWN,no semantic evidence (offset-named or unkeyworded),in-engine draw capture + surface mapping; visual texture inspection
gerudoway_room_3Tex_0076A0,UNKNOWN,UNKNOWN,no semantic evidence (offset-named or unkeyworded),in-engine draw capture + surface mapping; visual texture inspection
gerudoway_room_3Tex_007EA0,UNKNOWN,UNKNOWN,no semantic evidence (offset-named or unkeyworded),in-engine draw capture + surface mapping; visual texture inspection
gerudoway_room_3Tex_008EA0,UNKNOWN,UNKNOWN,no semantic evidence (offset-named or unkeyworded),in-engine draw capture + surface mapping; visual texture inspection
gerudoway_room_3Tex_0092A0,UNKNOWN,UNKNOWN,no semantic evidence (offset-named or unkeyworded),in-engine draw capture + surface mapping; visual texture inspection
gerudoway_room_3Tex_009AA0,UNKNOWN,UNKNOWN,no semantic evidence (offset-named or unkeyworded),in-engine draw capture + surface mapping; visual texture inspection
gerudoway_room_4Tex_002028,UNKNOWN,UNKNOWN,no semantic evidence (offset-named or unkeyworded),in-engine draw capture + surface mapping; visual texture inspection
gerudoway_room_4Tex_002828,UNKNOWN,UNKNOWN,no semantic evidence (offset-named or unkeyworded),in-engine draw capture + surface mapping; visual texture inspection
gerudoway_room_5Tex_002FF8,UNKNOWN,UNKNOWN,no semantic evidence (offset-named or unkeyworded),in-engine draw capture + surface mapping; visual texture inspection
gerudoway_room_5Tex_0037F8,UNKNOWN,UNKNOWN,no semantic evidence (offset-named or unkeyworded),in-engine draw capture + surface mapping; visual texture inspection
gerudoway_sceneTex_007520,UNKNOWN,UNKNOWN,no semantic evidence (offset-named or unkeyworded),in-engine draw capture + surface mapping; visual texture inspection
gerudoway_sceneTex_008520,UNKNOWN,UNKNOWN,no semantic evidence (offset-named or unkeyworded),in-engine draw capture + surface mapping; visual texture inspection
gerudoway_sceneTex_008D20,UNKNOWN,UNKNOWN,no semantic evidence (offset-named or unkeyworded),in-engine draw capture + surface mapping; visual texture inspection
gerudoway_sceneTex_009520,UNKNOWN,UNKNOWN,no semantic evidence (offset-named or unkeyworded),in-engine draw capture + surface mapping; visual texture inspection
gerudoway_sceneTex_009D20,UNKNOWN,UNKNOWN,no semantic evidence (offset-named or unkeyworded),in-engine draw capture + surface mapping; visual texture inspection
gerudoway_sceneTex_00A520,UNKNOWN,UNKNOWN,no semantic evidence (offset-named or unkeyworded),in-engine draw capture + surface mapping; visual texture inspection
gerudoway_sceneTex_00A920,UNKNOWN,UNKNOWN,no semantic evidence (offset-named or unkeyworded),in-engine draw capture + surface mapping; visual texture inspection
gerudoway_sceneTex_00C120,UNKNOWN,UNKNOWN,no semantic evidence (offset-named or unkeyworded),in-engine draw capture + surface mapping; visual texture inspection
gerudoway_sceneTex_00D120,UNKNOWN,UNKNOWN,no semantic evidence (offset-named or unkeyworded),in-engine draw capture + surface mapping; visual texture inspection
hairal_niwa2_room_0Tex_008750,UNKNOWN,UNKNOWN,no semantic evidence (offset-named or unkeyworded),in-engine draw capture + surface mapping; visual texture inspection
hairal_niwa2_room_0Tex_008F50,UNKNOWN,UNKNOWN,no semantic evidence (offset-named or unkeyworded),in-engine draw capture + surface mapping; visual texture inspection
hairal_niwa2_room_0Tex_009750,UNKNOWN,UNKNOWN,no semantic evidence (offset-named or unkeyworded),in-engine draw capture + surface mapping; visual texture inspection
hairal_niwa2_room_0Tex_009F50,UNKNOWN,UNKNOWN,no semantic evidence (offset-named or unkeyworded),in-engine draw capture + surface mapping; visual texture inspection
hairal_niwa2_room_0Tex_00AF50,UNKNOWN,UNKNOWN,no semantic evidence (offset-named or unkeyworded),in-engine draw capture + surface mapping; visual texture inspection
hairal_niwa2_room_0Tex_00B750,UNKNOWN,UNKNOWN,no semantic evidence (offset-named or unkeyworded),in-engine draw capture + surface mapping; visual texture inspection
hairal_niwa2_room_0Tex_00C750,UNKNOWN,UNKNOWN,no semantic evidence (offset-named or unkeyworded),in-engine draw capture + surface mapping; visual texture inspection
hairal_niwa2_room_0Tex_00CF50,UNKNOWN,UNKNOWN,no semantic evidence (offset-named or unkeyworded),in-engine draw capture + surface mapping; visual texture inspection
hairal_niwa2_room_0Tex_00D750,UNKNOWN,UNKNOWN,no semantic evidence (offset-named or unkeyworded),in-engine draw capture + surface mapping; visual texture inspection
hairal_niwa2_room_0Tex_00E750,UNKNOWN,UNKNOWN,no semantic evidence (offset-named or unkeyworded),in-engine draw capture + surface mapping; visual texture inspection
hairal_niwa2_room_0Tex_00EF50,UNKNOWN,UNKNOWN,no semantic evidence (offset-named or unkeyworded),in-engine draw capture + surface mapping; visual texture inspection
hairal_niwa2_room_0Tex_00F750,UNKNOWN,UNKNOWN,no semantic evidence (offset-named or unkeyworded),in-engine draw capture + surface mapping; visual texture inspection
hairal_niwa2_room_0Tex_00FF50,UNKNOWN,UNKNOWN,no semantic evidence (offset-named or unkeyworded),in-engine draw capture + surface mapping; visual texture inspection
hairal_niwa2_room_0Tex_010F50,UNKNOWN,UNKNOWN,no semantic evidence (offset-named or unkeyworded),in-engine draw capture + surface mapping; visual texture inspection
hairal_niwa2_room_0Tex_011750,UNKNOWN,UNKNOWN,no semantic evidence (offset-named or unkeyworded),in-engine draw capture + surface mapping; visual texture inspection
hairal_niwa2_room_0Tex_011F50,UNKNOWN,UNKNOWN,no semantic evidence (offset-named or unkeyworded),in-engine draw capture + surface mapping; visual texture inspection
hairal_niwa2_room_0Tex_012750,UNKNOWN,UNKNOWN,no semantic evidence (offset-named or unkeyworded),in-engine draw capture + surface mapping; visual texture inspection
hairal_niwa2_room_0Tex_014BF8,UNKNOWN,UNKNOWN,no semantic evidence (offset-named or unkeyworded),in-engine draw capture + surface mapping; visual texture inspection
hairal_niwa2_room_0Tex_015BF8,UNKNOWN,UNKNOWN,no semantic evidence (offset-named or unkeyworded),in-engine draw capture + surface mapping; visual texture inspection
hairal_niwa2_room_0Tex_0163F8,UNKNOWN,UNKNOWN,no semantic evidence (offset-named or unkeyworded),in-engine draw capture + surface mapping; visual texture inspection
hairal_niwa2_room_0Tex_016BF8,UNKNOWN,UNKNOWN,no semantic evidence (offset-named or unkeyworded),in-engine draw capture + surface mapping; visual texture inspection
hairal_niwa2_room_0Tex_0173F8,UNKNOWN,UNKNOWN,no semantic evidence (offset-named or unkeyworded),in-engine draw capture + surface mapping; visual texture inspection
hairal_niwa_n_sceneTex_0010F0,UNKNOWN,UNKNOWN,no semantic evidence (offset-named or unkeyworded),in-engine draw capture + surface mapping; visual texture inspection
hairal_niwa_n_sceneTex_0018F0,UNKNOWN,UNKNOWN,no semantic evidence (offset-named or unkeyworded),in-engine draw capture + surface mapping; visual texture inspection
hairal_niwa_n_sceneTex_0020F0,UNKNOWN,UNKNOWN,no semantic evidence (offset-named or unkeyworded),in-engine draw capture + surface mapping; visual texture inspection
hairal_niwa_n_sceneTex_0028F0,UNKNOWN,UNKNOWN,no semantic evidence (offset-named or unkeyworded),in-engine draw capture + surface mapping; visual texture inspection
hairal_niwa_n_sceneTex_0038F0,UNKNOWN,UNKNOWN,no semantic evidence (offset-named or unkeyworded),in-engine draw capture + surface mapping; visual texture inspection
hairal_niwa_n_sceneTex_0040F0,UNKNOWN,UNKNOWN,no semantic evidence (offset-named or unkeyworded),in-engine draw capture + surface mapping; visual texture inspection
hairal_niwa_n_sceneTex_0050F0,UNKNOWN,UNKNOWN,no semantic evidence (offset-named or unkeyworded),in-engine draw capture + surface mapping; visual texture inspection
hairal_niwa_n_sceneTex_0058F0,UNKNOWN,UNKNOWN,no semantic evidence (offset-named or unkeyworded),in-engine draw capture + surface mapping; visual texture inspection
hairal_niwa_n_sceneTex_0060F0,UNKNOWN,UNKNOWN,no semantic evidence (offset-named or unkeyworded),in-engine draw capture + surface mapping; visual texture inspection
hairal_niwa_n_sceneTex_0068F0,UNKNOWN,UNKNOWN,no semantic evidence (offset-named or unkeyworded),in-engine draw capture + surface mapping; visual texture inspection
hairal_niwa_n_sceneTex_0070F0,UNKNOWN,UNKNOWN,no semantic evidence (offset-named or unkeyworded),in-engine draw capture + surface mapping; visual texture inspection
hairal_niwa_n_sceneTex_0078F0,UNKNOWN,UNKNOWN,no semantic evidence (offset-named or unkeyworded),in-engine draw capture + surface mapping; visual texture inspection
hairal_niwa_n_sceneTex_0080F0,UNKNOWN,UNKNOWN,no semantic evidence (offset-named or unkeyworded),in-engine draw capture + surface mapping; visual texture inspection
hairal_niwa_sceneTex_003390,UNKNOWN,UNKNOWN,no semantic evidence (offset-named or unkeyworded),in-engine draw capture + surface mapping; visual texture inspection
hairal_niwa_sceneTex_003B90,UNKNOWN,UNKNOWN,no semantic evidence (offset-named or unkeyworded),in-engine draw capture + surface mapping; visual texture inspection
hairal_niwa_sceneTex_004B90,UNKNOWN,UNKNOWN,no semantic evidence (offset-named or unkeyworded),in-engine draw capture + surface mapping; visual texture inspection
hairal_niwa_sceneTex_005390,UNKNOWN,UNKNOWN,no semantic evidence (offset-named or unkeyworded),in-engine draw capture + surface mapping; visual texture inspection
hairal_niwa_sceneTex_005B90,UNKNOWN,UNKNOWN,no semantic evidence (offset-named or unkeyworded),in-engine draw capture + surface mapping; visual texture inspection
hairal_niwa_sceneTex_006390,UNKNOWN,UNKNOWN,no semantic evidence (offset-named or unkeyworded),in-engine draw capture + surface mapping; visual texture inspection
hairal_niwa_sceneTex_007390,UNKNOWN,UNKNOWN,no semantic evidence (offset-named or unkeyworded),in-engine draw capture + surface mapping; visual texture inspection
hairal_niwa_sceneTex_007B90,UNKNOWN,UNKNOWN,no semantic evidence (offset-named or unkeyworded),in-engine draw capture + surface mapping; visual texture inspection
hairal_niwa_sceneTex_008B90,UNKNOWN,UNKNOWN,no semantic evidence (offset-named or unkeyworded),in-engine draw capture + surface mapping; visual texture inspection
hairal_niwa_sceneTex_009390,UNKNOWN,UNKNOWN,no semantic evidence (offset-named or unkeyworded),in-engine draw capture + surface mapping; visual texture inspection
hairal_niwa_sceneTex_009B90,UNKNOWN,UNKNOWN,no semantic evidence (offset-named or unkeyworded),in-engine draw capture + surface mapping; visual texture inspection
hairal_niwa_sceneTex_00AB90,UNKNOWN,UNKNOWN,no semantic evidence (offset-named or unkeyworded),in-engine draw capture + surface mapping; visual texture inspection
hairal_niwa_sceneTex_00B390,UNKNOWN,UNKNOWN,no semantic evidence (offset-named or unkeyworded),in-engine draw capture + surface mapping; visual texture inspection
hairal_niwa_sceneTex_00BB90,UNKNOWN,UNKNOWN,no semantic evidence (offset-named or unkeyworded),in-engine draw capture + surface mapping; visual texture inspection
hairal_niwa_sceneTex_00C390,UNKNOWN,UNKNOWN,no semantic evidence (offset-named or unkeyworded),in-engine draw capture + surface mapping; visual texture inspection
hairal_niwa_sceneTex_00CB90,UNKNOWN,UNKNOWN,no semantic evidence (offset-named or unkeyworded),in-engine draw capture + surface mapping; visual texture inspection
hairal_niwa_sceneTex_00D390,UNKNOWN,UNKNOWN,no semantic evidence (offset-named or unkeyworded),in-engine draw capture + surface mapping; visual texture inspection
hairal_niwa_sceneTex_00DB90,UNKNOWN,UNKNOWN,no semantic evidence (offset-named or unkeyworded),in-engine draw capture + surface mapping; visual texture inspection
hairal_niwa_sceneTex_00EB90,UNKNOWN,UNKNOWN,no semantic evidence (offset-named or unkeyworded),in-engine draw capture + surface mapping; visual texture inspection
hairal_niwa_sceneTex_00F390,UNKNOWN,UNKNOWN,no semantic evidence (offset-named or unkeyworded),in-engine draw capture + surface mapping; visual texture inspection
hairal_niwa_sceneTex_00FB90,UNKNOWN,UNKNOWN,no semantic evidence (offset-named or unkeyworded),in-engine draw capture + surface mapping; visual texture inspection
hairal_niwa_sceneTex_010390,UNKNOWN,UNKNOWN,no semantic evidence (offset-named or unkeyworded),in-engine draw capture + surface mapping; visual texture inspection
hakaana2_sceneTex_003090,UNKNOWN,UNKNOWN,no semantic evidence (offset-named or unkeyworded),in-engine draw capture + surface mapping; visual texture inspection
hakaana2_sceneTex_003890,UNKNOWN,UNKNOWN,no semantic evidence (offset-named or unkeyworded),in-engine draw capture + surface mapping; visual texture inspection
hakaana2_sceneTex_004090,UNKNOWN,UNKNOWN,no semantic evidence (offset-named or unkeyworded),in-engine draw capture + surface mapping; visual texture inspection
hakaana2_sceneTex_004490,UNKNOWN,UNKNOWN,no semantic evidence (offset-named or unkeyworded),in-engine draw capture + surface mapping; visual texture inspection
hakaana2_sceneTex_004890,UNKNOWN,UNKNOWN,no semantic evidence (offset-named or unkeyworded),in-engine draw capture + surface mapping; visual texture inspection
hakaana2_sceneTex_005090,UNKNOWN,UNKNOWN,no semantic evidence (offset-named or unkeyworded),in-engine draw capture + surface mapping; visual texture inspection
hakaana2_sceneTex_005890,UNKNOWN,UNKNOWN,no semantic evidence (offset-named or unkeyworded),in-engine draw capture + surface mapping; visual texture inspection
hakaana2_sceneTex_006090,UNKNOWN,UNKNOWN,no semantic evidence (offset-named or unkeyworded),in-engine draw capture + surface mapping; visual texture inspection
hakaana2_sceneTex_006890,UNKNOWN,UNKNOWN,no semantic evidence (offset-named or unkeyworded),in-engine draw capture + surface mapping; visual texture inspection
hakaana2_sceneTex_007090,UNKNOWN,UNKNOWN,no semantic evidence (offset-named or unkeyworded),in-engine draw capture + surface mapping; visual texture inspection
hakaana2_sceneTex_008090,UNKNOWN,UNKNOWN,no semantic evidence (offset-named or unkeyworded),in-engine draw capture + surface mapping; visual texture inspection
hakaana2_sceneTex_009090,UNKNOWN,UNKNOWN,no semantic evidence (offset-named or unkeyworded),in-engine draw capture + surface mapping; visual texture inspection
hakaana2_sceneTex_009890,UNKNOWN,UNKNOWN,no semantic evidence (offset-named or unkeyworded),in-engine draw capture + surface mapping; visual texture inspection
hakaana2_sceneTex_00A090,UNKNOWN,UNKNOWN,no semantic evidence (offset-named or unkeyworded),in-engine draw capture + surface mapping; visual texture inspection
hakaana2_sceneTex_00A890,UNKNOWN,UNKNOWN,no semantic evidence (offset-named or unkeyworded),in-engine draw capture + surface mapping; visual texture inspection
hakaana2_sceneTex_00B890,UNKNOWN,UNKNOWN,no semantic evidence (offset-named or unkeyworded),in-engine draw capture + surface mapping; visual texture inspection
hakaana2_sceneTex_00C090,UNKNOWN,UNKNOWN,no semantic evidence (offset-named or unkeyworded),in-engine draw capture + surface mapping; visual texture inspection
hakaana2_sceneTex_00C890,UNKNOWN,UNKNOWN,no semantic evidence (offset-named or unkeyworded),in-engine draw capture + surface mapping; visual texture inspection
hakaana_ouke_room_0Tex_004F30,UNKNOWN,UNKNOWN,no semantic evidence (offset-named or unkeyworded),in-engine draw capture + surface mapping; visual texture inspection
hakaana_ouke_room_0Tex_005730,UNKNOWN,UNKNOWN,no semantic evidence (offset-named or unkeyworded),in-engine draw capture + surface mapping; visual texture inspection
hakaana_ouke_room_0Tex_006730,UNKNOWN,UNKNOWN,no semantic evidence (offset-named or unkeyworded),in-engine draw capture + surface mapping; visual texture inspection
hakaana_ouke_room_0Tex_006F30,UNKNOWN,UNKNOWN,no semantic evidence (offset-named or unkeyworded),in-engine draw capture + surface mapping; visual texture inspection
hakaana_ouke_room_0Tex_007FF8,UNKNOWN,UNKNOWN,no semantic evidence (offset-named or unkeyworded),in-engine draw capture + surface mapping; visual texture inspection
hakaana_ouke_room_0Tex_008FF8,UNKNOWN,UNKNOWN,no semantic evidence (offset-named or unkeyworded),in-engine draw capture + surface mapping; visual texture inspection
hakaana_ouke_room_0Tex_0097F8,UNKNOWN,UNKNOWN,no semantic evidence (offset-named or unkeyworded),in-engine draw capture + surface mapping; visual texture inspection
hakaana_ouke_room_1Tex_001FC8,UNKNOWN,UNKNOWN,no semantic evidence (offset-named or unkeyworded),in-engine draw capture + surface mapping; visual texture inspection
hakaana_ouke_room_1Tex_0027C8,UNKNOWN,UNKNOWN,no semantic evidence (offset-named or unkeyworded),in-engine draw capture + surface mapping; visual texture inspection
hakaana_ouke_room_1Tex_004000,UNKNOWN,UNKNOWN,no semantic evidence (offset-named or unkeyworded),in-engine draw capture + surface mapping; visual texture inspection
hakaana_ouke_room_2Tex_002778,UNKNOWN,UNKNOWN,no semantic evidence (offset-named or unkeyworded),in-engine draw capture + surface mapping; visual texture inspection
hakaana_ouke_room_2Tex_002F78,UNKNOWN,UNKNOWN,no semantic evidence (offset-named or unkeyworded),in-engine draw capture + surface mapping; visual texture inspection
hakaana_ouke_room_2Tex_003778,UNKNOWN,UNKNOWN,no semantic evidence (offset-named or unkeyworded),in-engine draw capture + surface mapping; visual texture inspection
hakaana_ouke_room_2Tex_003F78,UNKNOWN,UNKNOWN,no semantic evidence (offset-named or unkeyworded),in-engine draw capture + surface mapping; visual texture inspection
hakaana_ouke_room_2Tex_004778,UNKNOWN,UNKNOWN,no semantic evidence (offset-named or unkeyworded),in-engine draw capture + surface mapping; visual texture inspection
hakaana_ouke_room_2Tex_005108,UNKNOWN,UNKNOWN,no semantic evidence (offset-named or unkeyworded),in-engine draw capture + surface mapping; visual texture inspection
hakaana_ouke_sceneTex_002AE0,UNKNOWN,UNKNOWN,no semantic evidence (offset-named or unkeyworded),in-engine draw capture + surface mapping; visual texture inspection
hakaana_ouke_sceneTex_002EE0,UNKNOWN,UNKNOWN,no semantic evidence (offset-named or unkeyworded),in-engine draw capture + surface mapping; visual texture inspection
hakaana_ouke_sceneTex_0032E0,UNKNOWN,UNKNOWN,no semantic evidence (offset-named or unkeyworded),in-engine draw capture + surface mapping; visual texture inspection
hakaana_ouke_sceneTex_003AE0,UNKNOWN,UNKNOWN,no semantic evidence (offset-named or unkeyworded),in-engine draw capture + surface mapping; visual texture inspection
hakaana_ouke_sceneTex_0042E0,UNKNOWN,UNKNOWN,no semantic evidence (offset-named or unkeyworded),in-engine draw capture + surface mapping; visual texture inspection
hakaana_room_0Tex_002658,UNKNOWN,UNKNOWN,no semantic evidence (offset-named or unkeyworded),in-engine draw capture + surface mapping; visual texture inspection
hakaana_room_0Tex_002E58,UNKNOWN,UNKNOWN,no semantic evidence (offset-named or unkeyworded),in-engine draw capture + surface mapping; visual texture inspection
hakaana_room_0Tex_003258,UNKNOWN,UNKNOWN,no semantic evidence (offset-named or unkeyworded),in-engine draw capture + surface mapping; visual texture inspection
hakaana_room_0Tex_003658,UNKNOWN,UNKNOWN,no semantic evidence (offset-named or unkeyworded),in-engine draw capture + surface mapping; visual texture inspection
hakaana_room_0Tex_003E58,UNKNOWN,UNKNOWN,no semantic evidence (offset-named or unkeyworded),in-engine draw capture + surface mapping; visual texture inspection
hakaana_room_0Tex_004658,UNKNOWN,UNKNOWN,no semantic evidence (offset-named or unkeyworded),in-engine draw capture + surface mapping; visual texture inspection
hakaana_room_0Tex_004E58,UNKNOWN,UNKNOWN,no semantic evidence (offset-named or unkeyworded),in-engine draw capture + surface mapping; visual texture inspection
hakaana_room_0Tex_005658,UNKNOWN,UNKNOWN,no semantic evidence (offset-named or unkeyworded),in-engine draw capture + surface mapping; visual texture inspection
hakaana_room_0Tex_005E58,UNKNOWN,UNKNOWN,no semantic evidence (offset-named or unkeyworded),in-engine draw capture + surface mapping; visual texture inspection
hakaana_room_0Tex_0068C8,UNKNOWN,UNKNOWN,no semantic evidence (offset-named or unkeyworded),in-engine draw capture + surface mapping; visual texture inspection
hakasitarelay_room_0Tex_003248,UNKNOWN,UNKNOWN,no semantic evidence (offset-named or unkeyworded),in-engine draw capture + surface mapping; visual texture inspection
hakasitarelay_room_0Tex_003448,UNKNOWN,UNKNOWN,no semantic evidence (offset-named or unkeyworded),in-engine draw capture + surface mapping; visual texture inspection
hakasitarelay_room_0Tex_004448,UNKNOWN,UNKNOWN,no semantic evidence (offset-named or unkeyworded),in-engine draw capture + surface mapping; visual texture inspection
hakasitarelay_room_0Tex_004C48,UNKNOWN,UNKNOWN,no semantic evidence (offset-named or unkeyworded),in-engine draw capture + surface mapping; visual texture inspection
hakasitarelay_room_0Tex_005448,UNKNOWN,UNKNOWN,no semantic evidence (offset-named or unkeyworded),in-engine draw capture + surface mapping; visual texture inspection
hakasitarelay_room_0Tex_005848,UNKNOWN,UNKNOWN,no semantic evidence (offset-named or unkeyworded),in-engine draw capture + surface mapping; visual texture inspection
hakasitarelay_room_0Tex_0062B8,UNKNOWN,UNKNOWN,no semantic evidence (offset-named or unkeyworded),in-engine draw capture + surface mapping; visual texture inspection
hakasitarelay_room_1Tex_003F20,UNKNOWN,UNKNOWN,no semantic evidence (offset-named or unkeyworded),in-engine draw capture + surface mapping; visual texture inspection
hakasitarelay_room_1Tex_004320,UNKNOWN,UNKNOWN,no semantic evidence (offset-named or unkeyworded),in-engine draw capture + surface mapping; visual texture inspection
hakasitarelay_room_1Tex_004720,UNKNOWN,UNKNOWN,no semantic evidence (offset-named or unkeyworded),in-engine draw capture + surface mapping; visual texture inspection
hakasitarelay_room_1Tex_005720,UNKNOWN,UNKNOWN,no semantic evidence (offset-named or unkeyworded),in-engine draw capture + surface mapping; visual texture inspection
hakasitarelay_room_1Tex_005F20,UNKNOWN,UNKNOWN,no semantic evidence (offset-named or unkeyworded),in-engine draw capture + surface mapping; visual texture inspection
hakasitarelay_room_1Tex_006320,UNKNOWN,UNKNOWN,no semantic evidence (offset-named or unkeyworded),in-engine draw capture + surface mapping; visual texture inspection
hakasitarelay_room_2Tex_0054A8,UNKNOWN,UNKNOWN,no semantic evidence (offset-named or unkeyworded),in-engine draw capture + surface mapping; visual texture inspection
hakasitarelay_room_2Tex_0058A8,UNKNOWN,UNKNOWN,no semantic evidence (offset-named or unkeyworded),in-engine draw capture + surface mapping; visual texture inspection
hakasitarelay_room_2Tex_005CA8,UNKNOWN,UNKNOWN,no semantic evidence (offset-named or unkeyworded),in-engine draw capture + surface mapping; visual texture inspection
hakasitarelay_room_2Tex_006CA8,UNKNOWN,UNKNOWN,no semantic evidence (offset-named or unkeyworded),in-engine draw capture + surface mapping; visual texture inspection
hakasitarelay_room_2Tex_0074A8,UNKNOWN,UNKNOWN,no semantic evidence (offset-named or unkeyworded),in-engine draw capture + surface mapping; visual texture inspection
hakasitarelay_room_2Tex_007CA8,UNKNOWN,UNKNOWN,no semantic evidence (offset-named or unkeyworded),in-engine draw capture + surface mapping; visual texture inspection
hakasitarelay_room_2Tex_0080A8,UNKNOWN,UNKNOWN,no semantic evidence (offset-named or unkeyworded),in-engine draw capture + surface mapping; visual texture inspection
hakasitarelay_room_3Tex_0056E0,UNKNOWN,UNKNOWN,no semantic evidence (offset-named or unkeyworded),in-engine draw capture + surface mapping; visual texture inspection
hakasitarelay_room_3Tex_005AE0,UNKNOWN,UNKNOWN,no semantic evidence (offset-named or unkeyworded),in-engine draw capture + surface mapping; visual texture inspection
hakasitarelay_room_3Tex_005EE0,UNKNOWN,UNKNOWN,no semantic evidence (offset-named or unkeyworded),in-engine draw capture + surface mapping; visual texture inspection
hakasitarelay_room_3Tex_0060E0,UNKNOWN,UNKNOWN,no semantic evidence (offset-named or unkeyworded),in-engine draw capture + surface mapping; visual texture inspection
hakasitarelay_room_3Tex_0070E0,UNKNOWN,UNKNOWN,no semantic evidence (offset-named or unkeyworded),in-engine draw capture + surface mapping; visual texture inspection
hakasitarelay_room_3Tex_0078E0,UNKNOWN,UNKNOWN,no semantic evidence (offset-named or unkeyworded),in-engine draw capture + surface mapping; visual texture inspection
hakasitarelay_room_3Tex_007CE0,UNKNOWN,UNKNOWN,no semantic evidence (offset-named or unkeyworded),in-engine draw capture + surface mapping; visual texture inspection
hakasitarelay_room_3Tex_0084E0,UNKNOWN,UNKNOWN,no semantic evidence (offset-named or unkeyworded),in-engine draw capture + surface mapping; visual texture inspection
hakasitarelay_room_4Tex_001E80,UNKNOWN,UNKNOWN,no semantic evidence (offset-named or unkeyworded),in-engine draw capture + surface mapping; visual texture inspection
hakasitarelay_room_4Tex_002080,UNKNOWN,UNKNOWN,no semantic evidence (offset-named or unkeyworded),in-engine draw capture + surface mapping; visual texture inspection
hakasitarelay_room_4Tex_002880,UNKNOWN,UNKNOWN,no semantic evidence (offset-named or unkeyworded),in-engine draw capture + surface mapping; visual texture inspection
hakasitarelay_room_4Tex_003080,UNKNOWN,UNKNOWN,no semantic evidence (offset-named or unkeyworded),in-engine draw capture + surface mapping; visual texture inspection
hakasitarelay_room_4Tex_003480,UNKNOWN,UNKNOWN,no semantic evidence (offset-named or unkeyworded),in-engine draw capture + surface mapping; visual texture inspection
hakasitarelay_room_4Tex_003C80,UNKNOWN,UNKNOWN,no semantic evidence (offset-named or unkeyworded),in-engine draw capture + surface mapping; visual texture inspection
hakasitarelay_room_5Tex_001C48,UNKNOWN,UNKNOWN,no semantic evidence (offset-named or unkeyworded),in-engine draw capture + surface mapping; visual texture inspection
hakasitarelay_room_5Tex_002448,UNKNOWN,UNKNOWN,no semantic evidence (offset-named or unkeyworded),in-engine draw capture + surface mapping; visual texture inspection
hakasitarelay_room_5Tex_002C48,UNKNOWN,UNKNOWN,no semantic evidence (offset-named or unkeyworded),in-engine draw capture + surface mapping; visual texture inspection
hakasitarelay_room_5Tex_003448,UNKNOWN,UNKNOWN,no semantic evidence (offset-named or unkeyworded),in-engine draw capture + surface mapping; visual texture inspection
hakasitarelay_room_5Tex_003C48,UNKNOWN,UNKNOWN,no semantic evidence (offset-named or unkeyworded),in-engine draw capture + surface mapping; visual texture inspection
hakasitarelay_room_6Tex_0041A8,UNKNOWN,UNKNOWN,no semantic evidence (offset-named or unkeyworded),in-engine draw capture + surface mapping; visual texture inspection
hakasitarelay_room_6Tex_0042A8,UNKNOWN,UNKNOWN,no semantic evidence (offset-named or unkeyworded),in-engine draw capture + surface mapping; visual texture inspection
hakasitarelay_room_6Tex_004AA8,UNKNOWN,UNKNOWN,no semantic evidence (offset-named or unkeyworded),in-engine draw capture + surface mapping; visual texture inspection
hakasitarelay_room_6Tex_004EA8,UNKNOWN,UNKNOWN,no semantic evidence (offset-named or unkeyworded),in-engine draw capture + surface mapping; visual texture inspection
hakasitarelay_room_6Tex_0056A8,UNKNOWN,UNKNOWN,no semantic evidence (offset-named or unkeyworded),in-engine draw capture + surface mapping; visual texture inspection
hakasitarelay_room_6Tex_005EA8,UNKNOWN,UNKNOWN,no semantic evidence (offset-named or unkeyworded),in-engine draw capture + surface mapping; visual texture inspection
hakasitarelay_room_6Tex_0066A8,UNKNOWN,UNKNOWN,no semantic evidence (offset-named or unkeyworded),in-engine draw capture + surface mapping; visual texture inspection
hakasitarelay_room_6Tex_006AA8,UNKNOWN,UNKNOWN,no semantic evidence (offset-named or unkeyworded),in-engine draw capture + surface mapping; visual texture inspection
hakasitarelay_room_6Tex_0072A8,UNKNOWN,UNKNOWN,no semantic evidence (offset-named or unkeyworded),in-engine draw capture + surface mapping; visual texture inspection
hakasitarelay_sceneTex_00C080,UNKNOWN,UNKNOWN,no semantic evidence (offset-named or unkeyworded),in-engine draw capture + surface mapping; visual texture inspection
hakasitarelay_sceneTex_00D080,UNKNOWN,UNKNOWN,no semantic evidence (offset-named or unkeyworded),in-engine draw capture + surface mapping; visual texture inspection
hakasitarelay_sceneTex_00D880,UNKNOWN,UNKNOWN,no semantic evidence (offset-named or unkeyworded),in-engine draw capture + surface mapping; visual texture inspection
hylia_labo_sceneTex_001090,UNKNOWN,UNKNOWN,no semantic evidence (offset-named or unkeyworded),in-engine draw capture + surface mapping; visual texture inspection
hylia_labo_sceneTex_001490,UNKNOWN,UNKNOWN,no semantic evidence (offset-named or unkeyworded),in-engine draw capture + surface mapping; visual texture inspection
hylia_labo_sceneTex_002490,UNKNOWN,UNKNOWN,no semantic evidence (offset-named or unkeyworded),in-engine draw capture + surface mapping; visual texture inspection
hylia_labo_sceneTex_003490,UNKNOWN,UNKNOWN,no semantic evidence (offset-named or unkeyworded),in-engine draw capture + surface mapping; visual texture inspection
hylia_labo_sceneTex_003C90,UNKNOWN,UNKNOWN,no semantic evidence (offset-named or unkeyworded),in-engine draw capture + surface mapping; visual texture inspection
hylia_labo_sceneTex_004C90,UNKNOWN,UNKNOWN,no semantic evidence (offset-named or unkeyworded),in-engine draw capture + surface mapping; visual texture inspection
hylia_labo_sceneTex_005490,UNKNOWN,UNKNOWN,no semantic evidence (offset-named or unkeyworded),in-engine draw capture + surface mapping; visual texture inspection
hylia_labo_sceneTex_005C90,UNKNOWN,UNKNOWN,no semantic evidence (offset-named or unkeyworded),in-engine draw capture + surface mapping; visual texture inspection
hylia_labo_sceneTex_006090,UNKNOWN,UNKNOWN,no semantic evidence (offset-named or unkeyworded),in-engine draw capture + surface mapping; visual texture inspection
hylia_labo_sceneTex_006190,UNKNOWN,UNKNOWN,no semantic evidence (offset-named or unkeyworded),in-engine draw capture + surface mapping; visual texture inspection
hylia_labo_sceneTex_006990,UNKNOWN,UNKNOWN,no semantic evidence (offset-named or unkeyworded),in-engine draw capture + surface mapping; visual texture inspection
hylia_labo_sceneTex_006D90,UNKNOWN,UNKNOWN,no semantic evidence (offset-named or unkeyworded),in-engine draw capture + surface mapping; visual texture inspection
hylia_labo_sceneTex_007D90,UNKNOWN,UNKNOWN,no semantic evidence (offset-named or unkeyworded),in-engine draw capture + surface mapping; visual texture inspection
hylia_labo_sceneTex_008590,UNKNOWN,UNKNOWN,no semantic evidence (offset-named or unkeyworded),in-engine draw capture + surface mapping; visual texture inspection
hylia_labo_sceneTex_008790,UNKNOWN,UNKNOWN,no semantic evidence (offset-named or unkeyworded),in-engine draw capture + surface mapping; visual texture inspection
hylia_labo_sceneTex_009790,UNKNOWN,UNKNOWN,no semantic evidence (offset-named or unkeyworded),in-engine draw capture + surface mapping; visual texture inspection
hylia_labo_sceneTex_009990,UNKNOWN,UNKNOWN,no semantic evidence (offset-named or unkeyworded),in-engine draw capture + surface mapping; visual texture inspection
hylia_labo_sceneTex_009A90,UNKNOWN,UNKNOWN,no semantic evidence (offset-named or unkeyworded),in-engine draw capture + surface mapping; visual texture inspection
hylia_labo_sceneTex_009C90,UNKNOWN,UNKNOWN,no semantic evidence (offset-named or unkeyworded),in-engine draw capture + surface mapping; visual texture inspection
hylia_labo_sceneTex_00A090,UNKNOWN,UNKNOWN,no semantic evidence (offset-named or unkeyworded),in-engine draw capture + surface mapping; visual texture inspection
hylia_labo_sceneTex_00B090,UNKNOWN,UNKNOWN,no semantic evidence (offset-named or unkeyworded),in-engine draw capture + surface mapping; visual texture inspection
hylia_labo_sceneTex_00C090,UNKNOWN,UNKNOWN,no semantic evidence (offset-named or unkeyworded),in-engine draw capture + surface mapping; visual texture inspection
hylia_labo_sceneTex_00C890,UNKNOWN,UNKNOWN,no semantic evidence (offset-named or unkeyworded),in-engine draw capture + surface mapping; visual texture inspection
hylia_labo_sceneTex_00D090,UNKNOWN,UNKNOWN,no semantic evidence (offset-named or unkeyworded),in-engine draw capture + surface mapping; visual texture inspection
hylia_labo_sceneTex_00D890,UNKNOWN,UNKNOWN,no semantic evidence (offset-named or unkeyworded),in-engine draw capture + surface mapping; visual texture inspection
hylia_labo_sceneTex_00E090,UNKNOWN,UNKNOWN,no semantic evidence (offset-named or unkeyworded),in-engine draw capture + surface mapping; visual texture inspection
hylia_labo_sceneTex_00E890,UNKNOWN,UNKNOWN,no semantic evidence (offset-named or unkeyworded),in-engine draw capture + surface mapping; visual texture inspection
hylia_labo_sceneTex_00F890,UNKNOWN,UNKNOWN,no semantic evidence (offset-named or unkeyworded),in-engine draw capture + surface mapping; visual texture inspection
hylia_labo_sceneTex_010090,UNKNOWN,UNKNOWN,no semantic evidence (offset-named or unkeyworded),in-engine draw capture + surface mapping; visual texture inspection
hylia_labo_sceneTex_010490,UNKNOWN,UNKNOWN,no semantic evidence (offset-named or unkeyworded),in-engine draw capture + surface mapping; visual texture inspection
hylia_labo_sceneTex_010890,UNKNOWN,UNKNOWN,no semantic evidence (offset-named or unkeyworded),in-engine draw capture + surface mapping; visual texture inspection
jyasinboss_room_0Tex_0007C8,UNKNOWN,UNKNOWN,no semantic evidence (offset-named or unkeyworded),in-engine draw capture + surface mapping; visual texture inspection
jyasinboss_room_1Tex_002E38,UNKNOWN,UNKNOWN,no semantic evidence (offset-named or unkeyworded),in-engine draw capture + surface mapping; visual texture inspection
jyasinboss_room_1Tex_003E38,UNKNOWN,UNKNOWN,no semantic evidence (offset-named or unkeyworded),in-engine draw capture + surface mapping; visual texture inspection
jyasinboss_room_1Tex_004E38,UNKNOWN,UNKNOWN,no semantic evidence (offset-named or unkeyworded),in-engine draw capture + surface mapping; visual texture inspection
jyasinboss_room_1Tex_005638,UNKNOWN,UNKNOWN,no semantic evidence (offset-named or unkeyworded),in-engine draw capture + surface mapping; visual texture inspection
jyasinboss_room_1Tex_006638,UNKNOWN,UNKNOWN,no semantic evidence (offset-named or unkeyworded),in-engine draw capture + surface mapping; visual texture inspection
jyasinboss_room_1Tex_006E38,UNKNOWN,UNKNOWN,no semantic evidence (offset-named or unkeyworded),in-engine draw capture + surface mapping; visual texture inspection
jyasinboss_room_1Tex_007638,UNKNOWN,UNKNOWN,no semantic evidence (offset-named or unkeyworded),in-engine draw capture + surface mapping; visual texture inspection
jyasinboss_room_2Tex_0021C0,UNKNOWN,UNKNOWN,no semantic evidence (offset-named or unkeyworded),in-engine draw capture + surface mapping; visual texture inspection
jyasinboss_room_2Tex_0029C0,UNKNOWN,UNKNOWN,no semantic evidence (offset-named or unkeyworded),in-engine draw capture + surface mapping; visual texture inspection
jyasinboss_room_2Tex_0039C0,UNKNOWN,UNKNOWN,no semantic evidence (offset-named or unkeyworded),in-engine draw capture + surface mapping; visual texture inspection
jyasinboss_room_3Tex_003F00,UNKNOWN,UNKNOWN,no semantic evidence (offset-named or unkeyworded),in-engine draw capture + surface mapping; visual texture inspection
jyasinboss_room_3Tex_004300,UNKNOWN,UNKNOWN,no semantic evidence (offset-named or unkeyworded),in-engine draw capture + surface mapping; visual texture inspection
jyasinboss_room_3Tex_004700,UNKNOWN,UNKNOWN,no semantic evidence (offset-named or unkeyworded),in-engine draw capture + surface mapping; visual texture inspection
jyasinboss_room_3Tex_004F00,UNKNOWN,UNKNOWN,no semantic evidence (offset-named or unkeyworded),in-engine draw capture + surface mapping; visual texture inspection
jyasinboss_room_3Tex_005300,UNKNOWN,UNKNOWN,no semantic evidence (offset-named or unkeyworded),in-engine draw capture + surface mapping; visual texture inspection
jyasinboss_room_3Tex_005700,UNKNOWN,UNKNOWN,no semantic evidence (offset-named or unkeyworded),in-engine draw capture + surface mapping; visual texture inspection
jyasinboss_room_3Tex_005F00,UNKNOWN,UNKNOWN,no semantic evidence (offset-named or unkeyworded),in-engine draw capture + surface mapping; visual texture inspection
jyasinboss_room_3Tex_006700,UNKNOWN,UNKNOWN,no semantic evidence (offset-named or unkeyworded),in-engine draw capture + surface mapping; visual texture inspection
jyasinboss_room_3Tex_007700,UNKNOWN,UNKNOWN,no semantic evidence (offset-named or unkeyworded),in-engine draw capture + surface mapping; visual texture inspection
jyasinboss_room_3Tex_007F00,UNKNOWN,UNKNOWN,no semantic evidence (offset-named or unkeyworded),in-engine draw capture + surface mapping; visual texture inspection
jyasinboss_room_3Tex_008F00,UNKNOWN,UNKNOWN,no semantic evidence (offset-named or unkeyworded),in-engine draw capture + surface mapping; visual texture inspection
jyasinboss_room_3Tex_009F00,UNKNOWN,UNKNOWN,no semantic evidence (offset-named or unkeyworded),in-engine draw capture + surface mapping; visual texture inspection
jyasinboss_room_3Tex_00A700,UNKNOWN,UNKNOWN,no semantic evidence (offset-named or unkeyworded),in-engine draw capture + surface mapping; visual texture inspection
jyasinboss_room_3Tex_00AF00,UNKNOWN,UNKNOWN,no semantic evidence (offset-named or unkeyworded),in-engine draw capture + surface mapping; visual texture inspection
jyasinboss_sceneTex_006CF0,UNKNOWN,UNKNOWN,no semantic evidence (offset-named or unkeyworded),in-engine draw capture + surface mapping; visual texture inspection
jyasinboss_sceneTex_007CF0,UNKNOWN,UNKNOWN,no semantic evidence (offset-named or unkeyworded),in-engine draw capture + surface mapping; visual texture inspection
kakusiana_room_0Tex_0022A0,UNKNOWN,UNKNOWN,no semantic evidence (offset-named or unkeyworded),in-engine draw capture + surface mapping; visual texture inspection
kakusiana_room_0Tex_0032A0,UNKNOWN,UNKNOWN,no semantic evidence (offset-named or unkeyworded),in-engine draw capture + surface mapping; visual texture inspection
kakusiana_room_0Tex_0042A0,UNKNOWN,UNKNOWN,no semantic evidence (offset-named or unkeyworded),in-engine draw capture + surface mapping; visual texture inspection
kakusiana_room_0Tex_004AA0,UNKNOWN,UNKNOWN,no semantic evidence (offset-named or unkeyworded),in-engine draw capture + surface mapping; visual texture inspection
kakusiana_room_0Tex_005AA0,UNKNOWN,UNKNOWN,no semantic evidence (offset-named or unkeyworded),in-engine draw capture + surface mapping; visual texture inspection
kakusiana_room_0Tex_006AA0,UNKNOWN,UNKNOWN,no semantic evidence (offset-named or unkeyworded),in-engine draw capture + surface mapping; visual texture inspection
kakusiana_room_10Tex_0017E0,UNKNOWN,UNKNOWN,no semantic evidence (offset-named or unkeyworded),in-engine draw capture + surface mapping; visual texture inspection
kakusiana_room_10Tex_001FE0,UNKNOWN,UNKNOWN,no semantic evidence (offset-named or unkeyworded),in-engine draw capture + surface mapping; visual texture inspection
kakusiana_room_10Tex_0027E0,UNKNOWN,UNKNOWN,no semantic evidence (offset-named or unkeyworded),in-engine draw capture + surface mapping; visual texture inspection
kakusiana_room_10Tex_002BE0,UNKNOWN,UNKNOWN,no semantic evidence (offset-named or unkeyworded),in-engine draw capture + surface mapping; visual texture inspection
kakusiana_room_10Tex_003BE0,UNKNOWN,UNKNOWN,no semantic evidence (offset-named or unkeyworded),in-engine draw capture + surface mapping; visual texture inspection
kakusiana_room_10Tex_005228,UNKNOWN,UNKNOWN,no semantic evidence (offset-named or unkeyworded),in-engine draw capture + surface mapping; visual texture inspection
kakusiana_room_11Tex_002848,UNKNOWN,UNKNOWN,no semantic evidence (offset-named or unkeyworded),in-engine draw capture + surface mapping; visual texture inspection
kakusiana_room_11Tex_003048,UNKNOWN,UNKNOWN,no semantic evidence (offset-named or unkeyworded),in-engine draw capture + surface mapping; visual texture inspection
kakusiana_room_11Tex_004048,UNKNOWN,UNKNOWN,no semantic evidence (offset-named or unkeyworded),in-engine draw capture + surface mapping; visual texture inspection
kakusiana_room_11Tex_005048,UNKNOWN,UNKNOWN,no semantic evidence (offset-named or unkeyworded),in-engine draw capture + surface mapping; visual texture inspection
kakusiana_room_11Tex_005848,UNKNOWN,UNKNOWN,no semantic evidence (offset-named or unkeyworded),in-engine draw capture + surface mapping; visual texture inspection
kakusiana_room_11Tex_006848,UNKNOWN,UNKNOWN,no semantic evidence (offset-named or unkeyworded),in-engine draw capture + surface mapping; visual texture inspection
kakusiana_room_11Tex_007848,UNKNOWN,UNKNOWN,no semantic evidence (offset-named or unkeyworded),in-engine draw capture + surface mapping; visual texture inspection
kakusiana_room_12Tex_001FF0,UNKNOWN,UNKNOWN,no semantic evidence (offset-named or unkeyworded),in-engine draw capture + surface mapping; visual texture inspection
kakusiana_room_12Tex_0027F0,UNKNOWN,UNKNOWN,no semantic evidence (offset-named or unkeyworded),in-engine draw capture + surface mapping; visual texture inspection
kakusiana_room_12Tex_0037F0,UNKNOWN,UNKNOWN,no semantic evidence (offset-named or unkeyworded),in-engine draw capture + surface mapping; visual texture inspection
kakusiana_room_12Tex_0047F0,UNKNOWN,UNKNOWN,no semantic evidence (offset-named or unkeyworded),in-engine draw capture + surface mapping; visual texture inspection
kakusiana_room_12Tex_004FF0,UNKNOWN,UNKNOWN,no semantic evidence (offset-named or unkeyworded),in-engine draw capture + surface mapping; visual texture inspection
kakusiana_room_12Tex_005FF0,UNKNOWN,UNKNOWN,no semantic evidence (offset-named or unkeyworded),in-engine draw capture + surface mapping; visual texture inspection
kakusiana_room_12Tex_006FF0,UNKNOWN,UNKNOWN,no semantic evidence (offset-named or unkeyworded),in-engine draw capture + surface mapping; visual texture inspection
kakusiana_room_13Tex_001950,UNKNOWN,UNKNOWN,no semantic evidence (offset-named or unkeyworded),in-engine draw capture + surface mapping; visual texture inspection
kakusiana_room_13Tex_002950,UNKNOWN,UNKNOWN,no semantic evidence (offset-named or unkeyworded),in-engine draw capture + surface mapping; visual texture inspection
kakusiana_room_13Tex_003950,UNKNOWN,UNKNOWN,no semantic evidence (offset-named or unkeyworded),in-engine draw capture + surface mapping; visual texture inspection
kakusiana_room_13Tex_004EC8,UNKNOWN,UNKNOWN,no semantic evidence (offset-named or unkeyworded),in-engine draw capture + surface mapping; visual texture inspection
kakusiana_room_13Tex_005EC8,UNKNOWN,UNKNOWN,no semantic evidence (offset-named or unkeyworded),in-engine draw capture + surface mapping; visual texture inspection
kakusiana_room_1Tex_001A18,UNKNOWN,UNKNOWN,no semantic evidence (offset-named or unkeyworded),in-engine draw capture + surface mapping; visual texture inspection
kakusiana_room_1Tex_002A18,UNKNOWN,UNKNOWN,no semantic evidence (offset-named or unkeyworded),in-engine draw capture + surface mapping; visual texture inspection
kakusiana_room_1Tex_003218,UNKNOWN,UNKNOWN,no semantic evidence (offset-named or unkeyworded),in-engine draw capture + surface mapping; visual texture inspection
kakusiana_room_1Tex_004990,UNKNOWN,UNKNOWN,no semantic evidence (offset-named or unkeyworded),in-engine draw capture + surface mapping; visual texture inspection
kakusiana_room_2Tex_001448,UNKNOWN,UNKNOWN,no semantic evidence (offset-named or unkeyworded),in-engine draw capture + surface mapping; visual texture inspection
kakusiana_room_2Tex_001C48,UNKNOWN,UNKNOWN,no semantic evidence (offset-named or unkeyworded),in-engine draw capture + surface mapping; visual texture inspection
kakusiana_room_3Tex_001818,UNKNOWN,UNKNOWN,no semantic evidence (offset-named or unkeyworded),in-engine draw capture + surface mapping; visual texture inspection
kakusiana_room_3Tex_002818,UNKNOWN,UNKNOWN,no semantic evidence (offset-named or unkeyworded),in-engine draw capture + surface mapping; visual texture inspection
kakusiana_room_3Tex_004130,UNKNOWN,UNKNOWN,no semantic evidence (offset-named or unkeyworded),in-engine draw capture + surface mapping; visual texture inspection
kakusiana_room_3Tex_004930,UNKNOWN,UNKNOWN,no semantic evidence (offset-named or unkeyworded),in-engine draw capture + surface mapping; visual texture inspection
kakusiana_room_4Tex_002138,UNKNOWN,UNKNOWN,no semantic evidence (offset-named or unkeyworded),in-engine draw capture + surface mapping; visual texture inspection
kakusiana_room_4Tex_003138,UNKNOWN,UNKNOWN,no semantic evidence (offset-named or unkeyworded),in-engine draw capture + surface mapping; visual texture inspection
kakusiana_room_4Tex_004138,UNKNOWN,UNKNOWN,no semantic evidence (offset-named or unkeyworded),in-engine draw capture + surface mapping; visual texture inspection
kakusiana_room_4Tex_005958,UNKNOWN,UNKNOWN,no semantic evidence (offset-named or unkeyworded),in-engine draw capture + surface mapping; visual texture inspection
kakusiana_room_4Tex_006958,UNKNOWN,UNKNOWN,no semantic evidence (offset-named or unkeyworded),in-engine draw capture + surface mapping; visual texture inspection
kakusiana_room_5Tex_001888,UNKNOWN,UNKNOWN,no semantic evidence (offset-named or unkeyworded),in-engine draw capture + surface mapping; visual texture inspection
kakusiana_room_5Tex_002888,UNKNOWN,UNKNOWN,no semantic evidence (offset-named or unkeyworded),in-engine draw capture + surface mapping; visual texture inspection
kakusiana_room_5Tex_003ED8,UNKNOWN,UNKNOWN,no semantic evidence (offset-named or unkeyworded),in-engine draw capture + surface mapping; visual texture inspection
kakusiana_room_6Tex_0022E0,UNKNOWN,UNKNOWN,no semantic evidence (offset-named or unkeyworded),in-engine draw capture + surface mapping; visual texture inspection
kakusiana_room_6Tex_0032E0,UNKNOWN,UNKNOWN,no semantic evidence (offset-named or unkeyworded),in-engine draw capture + surface mapping; visual texture inspection
kakusiana_room_6Tex_003AE0,UNKNOWN,UNKNOWN,no semantic evidence (offset-named or unkeyworded),in-engine draw capture + surface mapping; visual texture inspection
kakusiana_room_6Tex_004AE0,UNKNOWN,UNKNOWN,no semantic evidence (offset-named or unkeyworded),in-engine draw capture + surface mapping; visual texture inspection
kakusiana_room_7Tex_001D60,UNKNOWN,UNKNOWN,no semantic evidence (offset-named or unkeyworded),in-engine draw capture + surface mapping; visual texture inspection
kakusiana_room_7Tex_002160,UNKNOWN,UNKNOWN,no semantic evidence (offset-named or unkeyworded),in-engine draw capture + surface mapping; visual texture inspection
kakusiana_room_7Tex_002960,UNKNOWN,UNKNOWN,no semantic evidence (offset-named or unkeyworded),in-engine draw capture + surface mapping; visual texture inspection
kakusiana_room_7Tex_002B60,UNKNOWN,UNKNOWN,no semantic evidence (offset-named or unkeyworded),in-engine draw capture + surface mapping; visual texture inspection
kakusiana_room_8Tex_0019C0,UNKNOWN,UNKNOWN,no semantic evidence (offset-named or unkeyworded),in-engine draw capture + surface mapping; visual texture inspection
kakusiana_room_8Tex_0029C0,UNKNOWN,UNKNOWN,no semantic evidence (offset-named or unkeyworded),in-engine draw capture + surface mapping; visual texture inspection
kakusiana_room_9Tex_002340,UNKNOWN,UNKNOWN,no semantic evidence (offset-named or unkeyworded),in-engine draw capture + surface mapping; visual texture inspection
kakusiana_room_9Tex_003340,UNKNOWN,UNKNOWN,no semantic evidence (offset-named or unkeyworded),in-engine draw capture + surface mapping; visual texture inspection
kakusiana_room_9Tex_003B40,UNKNOWN,UNKNOWN,no semantic evidence (offset-named or unkeyworded),in-engine draw capture + surface mapping; visual texture inspection
kakusiana_room_9Tex_004B40,UNKNOWN,UNKNOWN,no semantic evidence (offset-named or unkeyworded),in-engine draw capture + surface mapping; visual texture inspection
kakusiana_sceneTex_00B820,UNKNOWN,UNKNOWN,no semantic evidence (offset-named or unkeyworded),in-engine draw capture + surface mapping; visual texture inspection
kakusiana_sceneTex_00C020,UNKNOWN,UNKNOWN,no semantic evidence (offset-named or unkeyworded),in-engine draw capture + surface mapping; visual texture inspection
kakusiana_sceneTex_00D020,UNKNOWN,UNKNOWN,no semantic evidence (offset-named or unkeyworded),in-engine draw capture + surface mapping; visual texture inspection
kenjyanoma_room_0Tex_001618,UNKNOWN,UNKNOWN,no semantic evidence (offset-named or unkeyworded),in-engine draw capture + surface mapping; visual texture inspection
kenjyanoma_room_0Tex_002618,UNKNOWN,UNKNOWN,no semantic evidence (offset-named or unkeyworded),in-engine draw capture + surface mapping; visual texture inspection
kenjyanoma_room_0Tex_003618,UNKNOWN,UNKNOWN,no semantic evidence (offset-named or unkeyworded),in-engine draw capture + surface mapping; visual texture inspection
kenjyanoma_room_0Tex_004618,UNKNOWN,UNKNOWN,no semantic evidence (offset-named or unkeyworded),in-engine draw capture + surface mapping; visual texture inspection
kenjyanoma_room_0Tex_005618,UNKNOWN,UNKNOWN,no semantic evidence (offset-named or unkeyworded),in-engine draw capture + surface mapping; visual texture inspection
kenjyanoma_room_0Tex_006618,UNKNOWN,UNKNOWN,no semantic evidence (offset-named or unkeyworded),in-engine draw capture + surface mapping; visual texture inspection
kenjyanoma_room_0Tex_007618,UNKNOWN,UNKNOWN,no semantic evidence (offset-named or unkeyworded),in-engine draw capture + surface mapping; visual texture inspection
kenjyanoma_room_0Tex_008618,UNKNOWN,UNKNOWN,no semantic evidence (offset-named or unkeyworded),in-engine draw capture + surface mapping; visual texture inspection
kenjyanoma_room_0Tex_009618,UNKNOWN,UNKNOWN,no semantic evidence (offset-named or unkeyworded),in-engine draw capture + surface mapping; visual texture inspection
kenjyanoma_room_0Tex_00A618,UNKNOWN,UNKNOWN,no semantic evidence (offset-named or unkeyworded),in-engine draw capture + surface mapping; visual texture inspection
kenjyanoma_room_0Tex_00B618,UNKNOWN,UNKNOWN,no semantic evidence (offset-named or unkeyworded),in-engine draw capture + surface mapping; visual texture inspection
kenjyanoma_room_0Tex_00C618,UNKNOWN,UNKNOWN,no semantic evidence (offset-named or unkeyworded),in-engine draw capture + surface mapping; visual texture inspection
kenjyanoma_room_0Tex_00D618,UNKNOWN,UNKNOWN,no semantic evidence (offset-named or unkeyworded),in-engine draw capture + surface mapping; visual texture inspection
kenjyanoma_room_0Tex_010CE8,UNKNOWN,UNKNOWN,no semantic evidence (offset-named or unkeyworded),in-engine draw capture + surface mapping; visual texture inspection
kenjyanoma_room_0Tex_0114E8,UNKNOWN,UNKNOWN,no semantic evidence (offset-named or unkeyworded),in-engine draw capture + surface mapping; visual texture inspection
kenjyanoma_room_0Tex_011CE8,UNKNOWN,UNKNOWN,no semantic evidence (offset-named or unkeyworded),in-engine draw capture + surface mapping; visual texture inspection
kenjyanoma_room_0Tex_011D08,UNKNOWN,UNKNOWN,no semantic evidence (offset-named or unkeyworded),in-engine draw capture + surface mapping; visual texture inspection
kenjyanoma_room_0Tex_012508,UNKNOWN,UNKNOWN,no semantic evidence (offset-named or unkeyworded),in-engine draw capture + surface mapping; visual texture inspection
kenjyanoma_room_0Tex_012D08,UNKNOWN,UNKNOWN,no semantic evidence (offset-named or unkeyworded),in-engine draw capture + surface mapping; visual texture inspection
kinsuta_room_0Tex_003110,UNKNOWN,UNKNOWN,no semantic evidence (offset-named or unkeyworded),in-engine draw capture + surface mapping; visual texture inspection
kinsuta_room_0Tex_003910,UNKNOWN,UNKNOWN,no semantic evidence (offset-named or unkeyworded),in-engine draw capture + surface mapping; visual texture inspection
kinsuta_room_0Tex_004910,UNKNOWN,UNKNOWN,no semantic evidence (offset-named or unkeyworded),in-engine draw capture + surface mapping; visual texture inspection
kinsuta_room_0Tex_005910,UNKNOWN,UNKNOWN,no semantic evidence (offset-named or unkeyworded),in-engine draw capture + surface mapping; visual texture inspection
kinsuta_room_0Tex_006910,UNKNOWN,UNKNOWN,no semantic evidence (offset-named or unkeyworded),in-engine draw capture + surface mapping; visual texture inspection
kinsuta_room_0Tex_007910,UNKNOWN,UNKNOWN,no semantic evidence (offset-named or unkeyworded),in-engine draw capture + surface mapping; visual texture inspection
kinsuta_room_0Tex_008910,UNKNOWN,UNKNOWN,no semantic evidence (offset-named or unkeyworded),in-engine draw capture + surface mapping; visual texture inspection
kinsuta_room_0Tex_008D10,UNKNOWN,UNKNOWN,no semantic evidence (offset-named or unkeyworded),in-engine draw capture + surface mapping; visual texture inspection
kinsuta_room_0Tex_009D10,UNKNOWN,UNKNOWN,no semantic evidence (offset-named or unkeyworded),in-engine draw capture + surface mapping; visual texture inspection
kinsuta_room_0Tex_00B098,UNKNOWN,UNKNOWN,no semantic evidence (offset-named or unkeyworded),in-engine draw capture + surface mapping; visual texture inspection
kinsuta_room_0Tex_00C098,UNKNOWN,UNKNOWN,no semantic evidence (offset-named or unkeyworded),in-engine draw capture + surface mapping; visual texture inspection
kinsuta_room_0Tex_00D098,UNKNOWN,UNKNOWN,no semantic evidence (offset-named or unkeyworded),in-engine draw capture + surface mapping; visual texture inspection
mahouya_sceneTex_000A20,UNKNOWN,UNKNOWN,no semantic evidence (offset-named or unkeyworded),in-engine draw capture + surface mapping; visual texture inspection
mahouya_sceneTex_001220,UNKNOWN,UNKNOWN,no semantic evidence (offset-named or unkeyworded),in-engine draw capture + surface mapping; visual texture inspection
mahouya_sceneTex_001A20,UNKNOWN,UNKNOWN,no semantic evidence (offset-named or unkeyworded),in-engine draw capture + surface mapping; visual texture inspection
mahouya_sceneTex_002A20,UNKNOWN,UNKNOWN,no semantic evidence (offset-named or unkeyworded),in-engine draw capture + surface mapping; visual texture inspection
mahouya_sceneTex_003A20,UNKNOWN,UNKNOWN,no semantic evidence (offset-named or unkeyworded),in-engine draw capture + surface mapping; visual texture inspection
mahouya_sceneTex_004A20,UNKNOWN,UNKNOWN,no semantic evidence (offset-named or unkeyworded),in-engine draw capture + surface mapping; visual texture inspection
mahouya_sceneTex_005220,UNKNOWN,UNKNOWN,no semantic evidence (offset-named or unkeyworded),in-engine draw capture + surface mapping; visual texture inspection
mahouya_sceneTex_006220,UNKNOWN,UNKNOWN,no semantic evidence (offset-named or unkeyworded),in-engine draw capture + surface mapping; visual texture inspection
mahouya_sceneTex_007220,UNKNOWN,UNKNOWN,no semantic evidence (offset-named or unkeyworded),in-engine draw capture + surface mapping; visual texture inspection
mahouya_sceneTex_007A20,UNKNOWN,UNKNOWN,no semantic evidence (offset-named or unkeyworded),in-engine draw capture + surface mapping; visual texture inspection
mahouya_sceneTex_008A20,UNKNOWN,UNKNOWN,no semantic evidence (offset-named or unkeyworded),in-engine draw capture + surface mapping; visual texture inspection
mahouya_sceneTex_009220,UNKNOWN,UNKNOWN,no semantic evidence (offset-named or unkeyworded),in-engine draw capture + surface mapping; visual texture inspection
mahouya_sceneTex_009A20,UNKNOWN,UNKNOWN,no semantic evidence (offset-named or unkeyworded),in-engine draw capture + surface mapping; visual texture inspection
gGuardHouseOutSideView1DayTex,UNKNOWN,UNKNOWN,no semantic evidence (offset-named or unkeyworded),in-engine draw capture + surface mapping; visual texture inspection
gGuardHouseOutSideView1NightTex,UNKNOWN,UNKNOWN,no semantic evidence (offset-named or unkeyworded),in-engine draw capture + surface mapping; visual texture inspection
gGuardHouseOutSideView2DayTex,UNKNOWN,UNKNOWN,no semantic evidence (offset-named or unkeyworded),in-engine draw capture + surface mapping; visual texture inspection
gGuardHouseOutSideView2NightTex,UNKNOWN,UNKNOWN,no semantic evidence (offset-named or unkeyworded),in-engine draw capture + surface mapping; visual texture inspection
miharigoya_sceneTex_000C50,UNKNOWN,UNKNOWN,no semantic evidence (offset-named or unkeyworded),in-engine draw capture + surface mapping; visual texture inspection
miharigoya_sceneTex_001050,UNKNOWN,UNKNOWN,no semantic evidence (offset-named or unkeyworded),in-engine draw capture + surface mapping; visual texture inspection
miharigoya_sceneTex_001150,UNKNOWN,UNKNOWN,no semantic evidence (offset-named or unkeyworded),in-engine draw capture + surface mapping; visual texture inspection
miharigoya_sceneTex_003350,UNKNOWN,UNKNOWN,no semantic evidence (offset-named or unkeyworded),in-engine draw capture + surface mapping; visual texture inspection
miharigoya_sceneTex_004550,UNKNOWN,UNKNOWN,no semantic evidence (offset-named or unkeyworded),in-engine draw capture + surface mapping; visual texture inspection
miharigoya_sceneTex_004950,UNKNOWN,UNKNOWN,no semantic evidence (offset-named or unkeyworded),in-engine draw capture + surface mapping; visual texture inspection
miharigoya_sceneTex_005950,UNKNOWN,UNKNOWN,no semantic evidence (offset-named or unkeyworded),in-engine draw capture + surface mapping; visual texture inspection
miharigoya_sceneTex_005D50,UNKNOWN,UNKNOWN,no semantic evidence (offset-named or unkeyworded),in-engine draw capture + surface mapping; visual texture inspection
miharigoya_sceneTex_007550,UNKNOWN,UNKNOWN,no semantic evidence (offset-named or unkeyworded),in-engine draw capture + surface mapping; visual texture inspection
miharigoya_sceneTex_008550,UNKNOWN,UNKNOWN,no semantic evidence (offset-named or unkeyworded),in-engine draw capture + surface mapping; visual texture inspection
miharigoya_sceneTex_008D50,UNKNOWN,UNKNOWN,no semantic evidence (offset-named or unkeyworded),in-engine draw capture + surface mapping; visual texture inspection
miharigoya_sceneTex_009D50,UNKNOWN,UNKNOWN,no semantic evidence (offset-named or unkeyworded),in-engine draw capture + surface mapping; visual texture inspection
miharigoya_sceneTex_00AD50,UNKNOWN,UNKNOWN,no semantic evidence (offset-named or unkeyworded),in-engine draw capture + surface mapping; visual texture inspection
miharigoya_sceneTex_00BD50,UNKNOWN,UNKNOWN,no semantic evidence (offset-named or unkeyworded),in-engine draw capture + surface mapping; visual texture inspection
moribossroom_room_0Tex_0038B8,UNKNOWN,UNKNOWN,no semantic evidence (offset-named or unkeyworded),in-engine draw capture + surface mapping; visual texture inspection
moribossroom_room_0Tex_0040B8,UNKNOWN,UNKNOWN,no semantic evidence (offset-named or unkeyworded),in-engine draw capture + surface mapping; visual texture inspection
moribossroom_room_0Tex_0044B8,UNKNOWN,UNKNOWN,no semantic evidence (offset-named or unkeyworded),in-engine draw capture + surface mapping; visual texture inspection
moribossroom_room_0Tex_0054B8,UNKNOWN,UNKNOWN,no semantic evidence (offset-named or unkeyworded),in-engine draw capture + surface mapping; visual texture inspection
moribossroom_room_0Tex_0056B8,UNKNOWN,UNKNOWN,no semantic evidence (offset-named or unkeyworded),in-engine draw capture + surface mapping; visual texture inspection
moribossroom_room_1Tex_006A20,UNKNOWN,UNKNOWN,no semantic evidence (offset-named or unkeyworded),in-engine draw capture + surface mapping; visual texture inspection
moribossroom_room_1Tex_007A20,UNKNOWN,UNKNOWN,no semantic evidence (offset-named or unkeyworded),in-engine draw capture + surface mapping; visual texture inspection
moribossroom_room_1Tex_008A20,UNKNOWN,UNKNOWN,no semantic evidence (offset-named or unkeyworded),in-engine draw capture + surface mapping; visual texture inspection
moribossroom_room_1Tex_009A20,UNKNOWN,UNKNOWN,no semantic evidence (offset-named or unkeyworded),in-engine draw capture + surface mapping; visual texture inspection
moribossroom_room_1Tex_009B20,UNKNOWN,UNKNOWN,no semantic evidence (offset-named or unkeyworded),in-engine draw capture + surface mapping; visual texture inspection
moribossroom_room_1Tex_009D20,UNKNOWN,UNKNOWN,no semantic evidence (offset-named or unkeyworded),in-engine draw capture + surface mapping; visual texture inspection
moribossroom_room_1Tex_00A520,UNKNOWN,UNKNOWN,no semantic evidence (offset-named or unkeyworded),in-engine draw capture + surface mapping; visual texture inspection
moribossroom_room_1Tex_00AD20,UNKNOWN,UNKNOWN,no semantic evidence (offset-named or unkeyworded),in-engine draw capture + surface mapping; visual texture inspection
moribossroom_room_1Tex_00B520,UNKNOWN,UNKNOWN,no semantic evidence (offset-named or unkeyworded),in-engine draw capture + surface mapping; visual texture inspection
moribossroom_room_1Tex_00BD20,UNKNOWN,UNKNOWN,no semantic evidence (offset-named or unkeyworded),in-engine draw capture + surface mapping; visual texture inspection
moribossroom_room_1Tex_00C520,UNKNOWN,UNKNOWN,no semantic evidence (offset-named or unkeyworded),in-engine draw capture + surface mapping; visual texture inspection
moribossroom_room_1Tex_00CD20,UNKNOWN,UNKNOWN,no semantic evidence (offset-named or unkeyworded),in-engine draw capture + surface mapping; visual texture inspection
moribossroom_room_1Tex_00D6A8,UNKNOWN,UNKNOWN,no semantic evidence (offset-named or unkeyworded),in-engine draw capture + surface mapping; visual texture inspection
moribossroom_sceneTex_000CF8,UNKNOWN,UNKNOWN,no semantic evidence (offset-named or unkeyworded),in-engine draw capture + surface mapping; visual texture inspection
moribossroom_sceneTex_0010F8,UNKNOWN,UNKNOWN,no semantic evidence (offset-named or unkeyworded),in-engine draw capture + surface mapping; visual texture inspection
nakaniwa_room_0Tex_007218,UNKNOWN,UNKNOWN,no semantic evidence (offset-named or unkeyworded),in-engine draw capture + surface mapping; visual texture inspection
nakaniwa_room_0Tex_007418,UNKNOWN,UNKNOWN,no semantic evidence (offset-named or unkeyworded),in-engine draw capture + surface mapping; visual texture inspection
nakaniwa_room_0Tex_007618,UNKNOWN,UNKNOWN,no semantic evidence (offset-named or unkeyworded),in-engine draw capture + surface mapping; visual texture inspection
nakaniwa_room_0Tex_007818,UNKNOWN,UNKNOWN,no semantic evidence (offset-named or unkeyworded),in-engine draw capture + surface mapping; visual texture inspection
nakaniwa_room_0Tex_007A18,UNKNOWN,UNKNOWN,no semantic evidence (offset-named or unkeyworded),in-engine draw capture + surface mapping; visual texture inspection
nakaniwa_room_0Tex_008218,UNKNOWN,UNKNOWN,no semantic evidence (offset-named or unkeyworded),in-engine draw capture + surface mapping; visual texture inspection
nakaniwa_room_0Tex_008418,UNKNOWN,UNKNOWN,no semantic evidence (offset-named or unkeyworded),in-engine draw capture + surface mapping; visual texture inspection
nakaniwa_room_0Tex_008618,UNKNOWN,UNKNOWN,no semantic evidence (offset-named or unkeyworded),in-engine draw capture + surface mapping; visual texture inspection
nakaniwa_room_0Tex_008E18,UNKNOWN,UNKNOWN,no semantic evidence (offset-named or unkeyworded),in-engine draw capture + surface mapping; visual texture inspection
nakaniwa_room_0Tex_009E18,UNKNOWN,UNKNOWN,no semantic evidence (offset-named or unkeyworded),in-engine draw capture + surface mapping; visual texture inspection
nakaniwa_room_0Tex_00A618,UNKNOWN,UNKNOWN,no semantic evidence (offset-named or unkeyworded),in-engine draw capture + surface mapping; visual texture inspection
nakaniwa_room_0Tex_00B618,UNKNOWN,UNKNOWN,no semantic evidence (offset-named or unkeyworded),in-engine draw capture + surface mapping; visual texture inspection
nakaniwa_room_0Tex_00C618,UNKNOWN,UNKNOWN,no semantic evidence (offset-named or unkeyworded),in-engine draw capture + surface mapping; visual texture inspection
nakaniwa_room_0Tex_00CE18,UNKNOWN,UNKNOWN,no semantic evidence (offset-named or unkeyworded),in-engine draw capture + surface mapping; visual texture inspection
nakaniwa_room_0Tex_00DE18,UNKNOWN,UNKNOWN,no semantic evidence (offset-named or unkeyworded),in-engine draw capture + surface mapping; visual texture inspection
nakaniwa_room_0Tex_00E618,UNKNOWN,UNKNOWN,no semantic evidence (offset-named or unkeyworded),in-engine draw capture + surface mapping; visual texture inspection
nakaniwa_room_0Tex_00EE18,UNKNOWN,UNKNOWN,no semantic evidence (offset-named or unkeyworded),in-engine draw capture + surface mapping; visual texture inspection
nakaniwa_room_0Tex_00F618,UNKNOWN,UNKNOWN,no semantic evidence (offset-named or unkeyworded),in-engine draw capture + surface mapping; visual texture inspection
nakaniwa_room_0Tex_00FE18,UNKNOWN,UNKNOWN,no semantic evidence (offset-named or unkeyworded),in-engine draw capture + surface mapping; visual texture inspection
nakaniwa_room_0Tex_010618,UNKNOWN,UNKNOWN,no semantic evidence (offset-named or unkeyworded),in-engine draw capture + surface mapping; visual texture inspection
nakaniwa_room_0Tex_010E18,UNKNOWN,UNKNOWN,no semantic evidence (offset-named or unkeyworded),in-engine draw capture + surface mapping; visual texture inspection
nakaniwa_room_0Tex_011618,UNKNOWN,UNKNOWN,no semantic evidence (offset-named or unkeyworded),in-engine draw capture + surface mapping; visual texture inspection
nakaniwa_room_0Tex_011E18,UNKNOWN,UNKNOWN,no semantic evidence (offset-named or unkeyworded),in-engine draw capture + surface mapping; visual texture inspection
nakaniwa_room_0Tex_012618,UNKNOWN,UNKNOWN,no semantic evidence (offset-named or unkeyworded),in-engine draw capture + surface mapping; visual texture inspection
nakaniwa_room_0Tex_012E18,UNKNOWN,UNKNOWN,no semantic evidence (offset-named or unkeyworded),in-engine draw capture + surface mapping; visual texture inspection
nakaniwa_room_0Tex_013618,UNKNOWN,UNKNOWN,no semantic evidence (offset-named or unkeyworded),in-engine draw capture + surface mapping; visual texture inspection
nakaniwa_room_0Tex_013E18,UNKNOWN,UNKNOWN,no semantic evidence (offset-named or unkeyworded),in-engine draw capture + surface mapping; visual texture inspection
nakaniwa_room_0Tex_014EC0,UNKNOWN,UNKNOWN,no semantic evidence (offset-named or unkeyworded),in-engine draw capture + surface mapping; visual texture inspection
nakaniwa_room_0Tex_0156C0,UNKNOWN,UNKNOWN,no semantic evidence (offset-named or unkeyworded),in-engine draw capture + surface mapping; visual texture inspection
nakaniwa_room_0Tex_0166C0,UNKNOWN,UNKNOWN,no semantic evidence (offset-named or unkeyworded),in-engine draw capture + surface mapping; visual texture inspection
nakaniwa_room_0Tex_016EC0,UNKNOWN,UNKNOWN,no semantic evidence (offset-named or unkeyworded),in-engine draw capture + surface mapping; visual texture inspection
gLonLonHouseDayEntranceTex,UNKNOWN,UNKNOWN,no semantic evidence (offset-named or unkeyworded),in-engine draw capture + surface mapping; visual texture inspection
gLonLonHouseNightEntranceTex,UNKNOWN,UNKNOWN,no semantic evidence (offset-named or unkeyworded),in-engine draw capture + surface mapping; visual texture inspection
souko_room_0Tex_0054F8,UNKNOWN,UNKNOWN,no semantic evidence (offset-named or unkeyworded),in-engine draw capture + surface mapping; visual texture inspection
souko_room_0Tex_005CF8,UNKNOWN,UNKNOWN,no semantic evidence (offset-named or unkeyworded),in-engine draw capture + surface mapping; visual texture inspection
souko_room_0Tex_0064F8,UNKNOWN,UNKNOWN,no semantic evidence (offset-named or unkeyworded),in-engine draw capture + surface mapping; visual texture inspection
souko_room_0Tex_006CF8,UNKNOWN,UNKNOWN,no semantic evidence (offset-named or unkeyworded),in-engine draw capture + surface mapping; visual texture inspection
souko_room_0Tex_0070F8,UNKNOWN,UNKNOWN,no semantic evidence (offset-named or unkeyworded),in-engine draw capture + surface mapping; visual texture inspection
souko_room_0Tex_0078F8,UNKNOWN,UNKNOWN,no semantic evidence (offset-named or unkeyworded),in-engine draw capture + surface mapping; visual texture inspection
souko_room_0Tex_0080F8,UNKNOWN,UNKNOWN,no semantic evidence (offset-named or unkeyworded),in-engine draw capture + surface mapping; visual texture inspection
souko_room_0Tex_0090F8,UNKNOWN,UNKNOWN,no semantic evidence (offset-named or unkeyworded),in-engine draw capture + surface mapping; visual texture inspection
souko_room_1Tex_005118,UNKNOWN,UNKNOWN,no semantic evidence (offset-named or unkeyworded),in-engine draw capture + surface mapping; visual texture inspection
souko_room_1Tex_005918,UNKNOWN,UNKNOWN,no semantic evidence (offset-named or unkeyworded),in-engine draw capture + surface mapping; visual texture inspection
souko_room_1Tex_006118,UNKNOWN,UNKNOWN,no semantic evidence (offset-named or unkeyworded),in-engine draw capture + surface mapping; visual texture inspection
souko_room_1Tex_007118,UNKNOWN,UNKNOWN,no semantic evidence (offset-named or unkeyworded),in-engine draw capture + surface mapping; visual texture inspection
souko_room_1Tex_007518,UNKNOWN,UNKNOWN,no semantic evidence (offset-named or unkeyworded),in-engine draw capture + surface mapping; visual texture inspection
souko_room_1Tex_007D18,UNKNOWN,UNKNOWN,no semantic evidence (offset-named or unkeyworded),in-engine draw capture + surface mapping; visual texture inspection
souko_room_1Tex_008D18,UNKNOWN,UNKNOWN,no semantic evidence (offset-named or unkeyworded),in-engine draw capture + surface mapping; visual texture inspection
souko_room_1Tex_009F28,UNKNOWN,UNKNOWN,no semantic evidence (offset-named or unkeyworded),in-engine draw capture + surface mapping; visual texture inspection
souko_room_1Tex_00A128,UNKNOWN,UNKNOWN,no semantic evidence (offset-named or unkeyworded),in-engine draw capture + surface mapping; visual texture inspection
souko_room_1Tex_00A228,UNKNOWN,UNKNOWN,no semantic evidence (offset-named or unkeyworded),in-engine draw capture + surface mapping; visual texture inspection
souko_room_2Tex_004EE0,UNKNOWN,UNKNOWN,no semantic evidence (offset-named or unkeyworded),in-engine draw capture + surface mapping; visual texture inspection
souko_room_2Tex_0052E0,UNKNOWN,UNKNOWN,no semantic evidence (offset-named or unkeyworded),in-engine draw capture + surface mapping; visual texture inspection
souko_room_2Tex_005AE0,UNKNOWN,UNKNOWN,no semantic evidence (offset-named or unkeyworded),in-engine draw capture + surface mapping; visual texture inspection
souko_room_2Tex_0062E0,UNKNOWN,UNKNOWN,no semantic evidence (offset-named or unkeyworded),in-engine draw capture + surface mapping; visual texture inspection
souko_room_2Tex_006AE0,UNKNOWN,UNKNOWN,no semantic evidence (offset-named or unkeyworded),in-engine draw capture + surface mapping; visual texture inspection
souko_room_2Tex_007F78,UNKNOWN,UNKNOWN,no semantic evidence (offset-named or unkeyworded),in-engine draw capture + surface mapping; visual texture inspection
souko_sceneTex_004410,UNKNOWN,UNKNOWN,no semantic evidence (offset-named or unkeyworded),in-engine draw capture + surface mapping; visual texture inspection
souko_sceneTex_004C10,UNKNOWN,UNKNOWN,no semantic evidence (offset-named or unkeyworded),in-engine draw capture + surface mapping; visual texture inspection
souko_sceneTex_005410,UNKNOWN,UNKNOWN,no semantic evidence (offset-named or unkeyworded),in-engine draw capture + surface mapping; visual texture inspection
souko_sceneTex_005C10,UNKNOWN,UNKNOWN,no semantic evidence (offset-named or unkeyworded),in-engine draw capture + surface mapping; visual texture inspection
spot00_sceneTex_013D98,GRASS,UNKNOWN,LOW confidence scene/keyword prior only,in-engine draw capture + surface mapping; visual texture inspection
spot00_sceneTex_014598,GRASS,UNKNOWN,LOW confidence scene/keyword prior only,in-engine draw capture + surface mapping; visual texture inspection
spot00_sceneTex_014998,GRASS,UNKNOWN,LOW confidence scene/keyword prior only,in-engine draw capture + surface mapping; visual texture inspection
spot00_sceneTex_014D98,GRASS,UNKNOWN,LOW confidence scene/keyword prior only,in-engine draw capture + surface mapping; visual texture inspection
spot00_sceneTex_015D98,GRASS,UNKNOWN,LOW confidence scene/keyword prior only,in-engine draw capture + surface mapping; visual texture inspection
spot00_sceneTex_015E98,GRASS,UNKNOWN,LOW confidence scene/keyword prior only,in-engine draw capture + surface mapping; visual texture inspection
spot00_sceneTex_016698,GRASS,UNKNOWN,LOW confidence scene/keyword prior only,in-engine draw capture + surface mapping; visual texture inspection
spot00_sceneTex_016A98,GRASS,UNKNOWN,LOW confidence scene/keyword prior only,in-engine draw capture + surface mapping; visual texture inspection
spot00_sceneTex_016B98,GRASS,UNKNOWN,LOW confidence scene/keyword prior only,in-engine draw capture + surface mapping; visual texture inspection
spot00_sceneTex_017398,GRASS,UNKNOWN,LOW confidence scene/keyword prior only,in-engine draw capture + surface mapping; visual texture inspection
spot00_sceneTex_017B98,GRASS,UNKNOWN,LOW confidence scene/keyword prior only,in-engine draw capture + surface mapping; visual texture inspection
spot00_sceneTex_018B98,GRASS,UNKNOWN,LOW confidence scene/keyword prior only,in-engine draw capture + surface mapping; visual texture inspection
spot00_sceneTex_019398,GRASS,UNKNOWN,LOW confidence scene/keyword prior only,in-engine draw capture + surface mapping; visual texture inspection
spot00_sceneTex_019B98,GRASS,UNKNOWN,LOW confidence scene/keyword prior only,in-engine draw capture + surface mapping; visual texture inspection
spot00_sceneTex_01AB98,GRASS,UNKNOWN,LOW confidence scene/keyword prior only,in-engine draw capture + surface mapping; visual texture inspection
spot00_sceneTex_01B398,GRASS,UNKNOWN,LOW confidence scene/keyword prior only,in-engine draw capture + surface mapping; visual texture inspection
spot00_sceneTex_01BB98,GRASS,UNKNOWN,LOW confidence scene/keyword prior only,in-engine draw capture + surface mapping; visual texture inspection
spot00_sceneTex_01BD98,GRASS,UNKNOWN,LOW confidence scene/keyword prior only,in-engine draw capture + surface mapping; visual texture inspection
spot00_sceneTex_01C198,GRASS,UNKNOWN,LOW confidence scene/keyword prior only,in-engine draw capture + surface mapping; visual texture inspection
spot00_sceneTex_01C998,GRASS,UNKNOWN,LOW confidence scene/keyword prior only,in-engine draw capture + surface mapping; visual texture inspection
spot00_sceneTex_01D198,GRASS,UNKNOWN,LOW confidence scene/keyword prior only,in-engine draw capture + surface mapping; visual texture inspection
spot00_sceneTex_01D998,GRASS,UNKNOWN,LOW confidence scene/keyword prior only,in-engine draw capture + surface mapping; visual texture inspection
spot00_sceneTex_01E998,GRASS,UNKNOWN,LOW confidence scene/keyword prior only,in-engine draw capture + surface mapping; visual texture inspection
spot00_sceneTex_01F198,GRASS,UNKNOWN,LOW confidence scene/keyword prior only,in-engine draw capture + surface mapping; visual texture inspection
spot00_sceneTex_01F598,GRASS,UNKNOWN,LOW confidence scene/keyword prior only,in-engine draw capture + surface mapping; visual texture inspection
spot00_sceneTex_01F618,GRASS,UNKNOWN,LOW confidence scene/keyword prior only,in-engine draw capture + surface mapping; visual texture inspection
spot00_sceneTex_01F818,GRASS,UNKNOWN,LOW confidence scene/keyword prior only,in-engine draw capture + surface mapping; visual texture inspection
spot00_sceneTex_020018,GRASS,UNKNOWN,LOW confidence scene/keyword prior only,in-engine draw capture + surface mapping; visual texture inspection
spot00_sceneTex_020818,GRASS,UNKNOWN,LOW confidence scene/keyword prior only,in-engine draw capture + surface mapping; visual texture inspection
spot00_sceneTex_021018,GRASS,UNKNOWN,LOW confidence scene/keyword prior only,in-engine draw capture + surface mapping; visual texture inspection
spot00_sceneTex_021818,GRASS,UNKNOWN,LOW confidence scene/keyword prior only,in-engine draw capture + surface mapping; visual texture inspection
spot00_sceneTex_022018,GRASS,UNKNOWN,LOW confidence scene/keyword prior only,in-engine draw capture + surface mapping; visual texture inspection
spot00_sceneTex_022818,GRASS,UNKNOWN,LOW confidence scene/keyword prior only,in-engine draw capture + surface mapping; visual texture inspection
spot00_sceneTex_023018,GRASS,UNKNOWN,LOW confidence scene/keyword prior only,in-engine draw capture + surface mapping; visual texture inspection
spot00_sceneTex_023818,GRASS,UNKNOWN,LOW confidence scene/keyword prior only,in-engine draw capture + surface mapping; visual texture inspection
spot00_sceneTex_024018,GRASS,UNKNOWN,LOW confidence scene/keyword prior only,in-engine draw capture + surface mapping; visual texture inspection
spot00_sceneTex_024818,GRASS,UNKNOWN,LOW confidence scene/keyword prior only,in-engine draw capture + surface mapping; visual texture inspection
spot00_sceneTex_025018,GRASS,UNKNOWN,LOW confidence scene/keyword prior only,in-engine draw capture + surface mapping; visual texture inspection
spot00_sceneTex_025818,GRASS,UNKNOWN,LOW confidence scene/keyword prior only,in-engine draw capture + surface mapping; visual texture inspection
spot00_sceneTex_025898,GRASS,UNKNOWN,LOW confidence scene/keyword prior only,in-engine draw capture + surface mapping; visual texture inspection
spot00_sceneTex_026098,GRASS,UNKNOWN,LOW confidence scene/keyword prior only,in-engine draw capture + surface mapping; visual texture inspection
spot00_sceneTex_026898,GRASS,UNKNOWN,LOW confidence scene/keyword prior only,in-engine draw capture + surface mapping; visual texture inspection
spot00_sceneTex_026998,GRASS,UNKNOWN,LOW confidence scene/keyword prior only,in-engine draw capture + surface mapping; visual texture inspection
spot00_sceneTex_027998,GRASS,UNKNOWN,LOW confidence scene/keyword prior only,in-engine draw capture + surface mapping; visual texture inspection
spot00_sceneTex_027D98,GRASS,UNKNOWN,LOW confidence scene/keyword prior only,in-engine draw capture + surface mapping; visual texture inspection
spot00_sceneTex_028198,GRASS,UNKNOWN,LOW confidence scene/keyword prior only,in-engine draw capture + surface mapping; visual texture inspection
spot00_sceneTex_028598,GRASS,UNKNOWN,LOW confidence scene/keyword prior only,in-engine draw capture + surface mapping; visual texture inspection
spot00_sceneTex_029598,GRASS,UNKNOWN,LOW confidence scene/keyword prior only,in-engine draw capture + surface mapping; visual texture inspection
spot00_sceneTex_029D98,GRASS,UNKNOWN,LOW confidence scene/keyword prior only,in-engine draw capture + surface mapping; visual texture inspection
spot00_sceneTex_029F98,GRASS,UNKNOWN,LOW confidence scene/keyword prior only,in-engine draw capture + surface mapping; visual texture inspection
spot00_scene_Tex_02A198,GRASS,UNKNOWN,LOW confidence scene/keyword prior only,in-engine draw capture + surface mapping; visual texture inspection
gKakarikoVillageDayWindowTex,UNKNOWN,UNKNOWN,no semantic evidence (offset-named or unkeyworded),in-engine draw capture + surface mapping; visual texture inspection
gKakarikoVillageNightWindowTex,UNKNOWN,UNKNOWN,no semantic evidence (offset-named or unkeyworded),in-engine draw capture + surface mapping; visual texture inspection
spot01_sceneTex_00AA50,UNKNOWN,UNKNOWN,no semantic evidence (offset-named or unkeyworded),in-engine draw capture + surface mapping; visual texture inspection
spot01_sceneTex_00B250,UNKNOWN,UNKNOWN,no semantic evidence (offset-named or unkeyworded),in-engine draw capture + surface mapping; visual texture inspection
spot01_sceneTex_00B350,UNKNOWN,UNKNOWN,no semantic evidence (offset-named or unkeyworded),in-engine draw capture + surface mapping; visual texture inspection
spot01_sceneTex_00B750,UNKNOWN,UNKNOWN,no semantic evidence (offset-named or unkeyworded),in-engine draw capture + surface mapping; visual texture inspection
spot01_sceneTex_00BB50,UNKNOWN,UNKNOWN,no semantic evidence (offset-named or unkeyworded),in-engine draw capture + surface mapping; visual texture inspection
spot01_sceneTex_00BF50,UNKNOWN,UNKNOWN,no semantic evidence (offset-named or unkeyworded),in-engine draw capture + surface mapping; visual texture inspection
spot01_sceneTex_00C750,UNKNOWN,UNKNOWN,no semantic evidence (offset-named or unkeyworded),in-engine draw capture + surface mapping; visual texture inspection
spot01_sceneTex_00C950,UNKNOWN,UNKNOWN,no semantic evidence (offset-named or unkeyworded),in-engine draw capture + surface mapping; visual texture inspection
spot01_sceneTex_00CD50,UNKNOWN,UNKNOWN,no semantic evidence (offset-named or unkeyworded),in-engine draw capture + surface mapping; visual texture inspection
spot01_sceneTex_00D550,UNKNOWN,UNKNOWN,no semantic evidence (offset-named or unkeyworded),in-engine draw capture + surface mapping; visual texture inspection
spot01_sceneTex_00DD50,UNKNOWN,UNKNOWN,no semantic evidence (offset-named or unkeyworded),in-engine draw capture + surface mapping; visual texture inspection
spot01_sceneTex_00E550,UNKNOWN,UNKNOWN,no semantic evidence (offset-named or unkeyworded),in-engine draw capture + surface mapping; visual texture inspection
spot01_sceneTex_00ED50,UNKNOWN,UNKNOWN,no semantic evidence (offset-named or unkeyworded),in-engine draw capture + surface mapping; visual texture inspection
spot01_sceneTex_00F550,UNKNOWN,UNKNOWN,no semantic evidence (offset-named or unkeyworded),in-engine draw capture + surface mapping; visual texture inspection
spot01_sceneTex_00F950,UNKNOWN,UNKNOWN,no semantic evidence (offset-named or unkeyworded),in-engine draw capture + surface mapping; visual texture inspection
spot01_sceneTex_010150,UNKNOWN,UNKNOWN,no semantic evidence (offset-named or unkeyworded),in-engine draw capture + surface mapping; visual texture inspection
spot01_sceneTex_010950,UNKNOWN,UNKNOWN,no semantic evidence (offset-named or unkeyworded),in-engine draw capture + surface mapping; visual texture inspection
spot01_sceneTex_011950,UNKNOWN,UNKNOWN,no semantic evidence (offset-named or unkeyworded),in-engine draw capture + surface mapping; visual texture inspection
spot01_sceneTex_012950,UNKNOWN,UNKNOWN,no semantic evidence (offset-named or unkeyworded),in-engine draw capture + surface mapping; visual texture inspection
spot01_sceneTex_012B50,UNKNOWN,UNKNOWN,no semantic evidence (offset-named or unkeyworded),in-engine draw capture + surface mapping; visual texture inspection
spot01_sceneTex_013B50,UNKNOWN,UNKNOWN,no semantic evidence (offset-named or unkeyworded),in-engine draw capture + surface mapping; visual texture inspection
spot01_sceneTex_014350,UNKNOWN,UNKNOWN,no semantic evidence (offset-named or unkeyworded),in-engine draw capture + surface mapping; visual texture inspection
spot01_sceneTex_014750,UNKNOWN,UNKNOWN,no semantic evidence (offset-named or unkeyworded),in-engine draw capture + surface mapping; visual texture inspection
spot01_sceneTex_014B50,UNKNOWN,UNKNOWN,no semantic evidence (offset-named or unkeyworded),in-engine draw capture + surface mapping; visual texture inspection
spot01_sceneTex_014F50,UNKNOWN,UNKNOWN,no semantic evidence (offset-named or unkeyworded),in-engine draw capture + surface mapping; visual texture inspection
spot01_sceneTex_015350,UNKNOWN,UNKNOWN,no semantic evidence (offset-named or unkeyworded),in-engine draw capture + surface mapping; visual texture inspection
spot01_sceneTex_017B50,UNKNOWN,UNKNOWN,no semantic evidence (offset-named or unkeyworded),in-engine draw capture + surface mapping; visual texture inspection
spot01_sceneTex_018350,UNKNOWN,UNKNOWN,no semantic evidence (offset-named or unkeyworded),in-engine draw capture + surface mapping; visual texture inspection
spot01_sceneTex_018B50,UNKNOWN,UNKNOWN,no semantic evidence (offset-named or unkeyworded),in-engine draw capture + surface mapping; visual texture inspection
spot01_sceneTex_019350,UNKNOWN,UNKNOWN,no semantic evidence (offset-named or unkeyworded),in-engine draw capture + surface mapping; visual texture inspection
spot01_sceneTex_019B50,UNKNOWN,UNKNOWN,no semantic evidence (offset-named or unkeyworded),in-engine draw capture + surface mapping; visual texture inspection
spot01_sceneTex_019F50,UNKNOWN,UNKNOWN,no semantic evidence (offset-named or unkeyworded),in-engine draw capture + surface mapping; visual texture inspection
spot01_sceneTex_01A750,UNKNOWN,UNKNOWN,no semantic evidence (offset-named or unkeyworded),in-engine draw capture + surface mapping; visual texture inspection
spot01_sceneTex_01AF50,UNKNOWN,UNKNOWN,no semantic evidence (offset-named or unkeyworded),in-engine draw capture + surface mapping; visual texture inspection
spot01_sceneTex_01B750,UNKNOWN,UNKNOWN,no semantic evidence (offset-named or unkeyworded),in-engine draw capture + surface mapping; visual texture inspection
spot01_sceneTex_01BF50,UNKNOWN,UNKNOWN,no semantic evidence (offset-named or unkeyworded),in-engine draw capture + surface mapping; visual texture inspection
spot02_room_1Tex_008F08,UNKNOWN,UNKNOWN,no semantic evidence (offset-named or unkeyworded),in-engine draw capture + surface mapping; visual texture inspection
spot02_room_1Tex_009708,UNKNOWN,UNKNOWN,no semantic evidence (offset-named or unkeyworded),in-engine draw capture + surface mapping; visual texture inspection
spot02_room_1Tex_009908,UNKNOWN,UNKNOWN,no semantic evidence (offset-named or unkeyworded),in-engine draw capture + surface mapping; visual texture inspection
spot02_room_1Tex_00A908,UNKNOWN,UNKNOWN,no semantic evidence (offset-named or unkeyworded),in-engine draw capture + surface mapping; visual texture inspection
spot02_room_1Tex_00B108,UNKNOWN,UNKNOWN,no semantic evidence (offset-named or unkeyworded),in-engine draw capture + surface mapping; visual texture inspection
spot02_room_1Tex_00C108,UNKNOWN,UNKNOWN,no semantic evidence (offset-named or unkeyworded),in-engine draw capture + surface mapping; visual texture inspection
spot02_room_1Tex_00C508,UNKNOWN,UNKNOWN,no semantic evidence (offset-named or unkeyworded),in-engine draw capture + surface mapping; visual texture inspection
spot02_room_1Tex_00CD08,UNKNOWN,UNKNOWN,no semantic evidence (offset-named or unkeyworded),in-engine draw capture + surface mapping; visual texture inspection
spot02_room_1Tex_00DD08,UNKNOWN,UNKNOWN,no semantic evidence (offset-named or unkeyworded),in-engine draw capture + surface mapping; visual texture inspection
spot02_room_1Tex_00E108,UNKNOWN,UNKNOWN,no semantic evidence (offset-named or unkeyworded),in-engine draw capture + surface mapping; visual texture inspection
spot02_room_1Tex_00E308,UNKNOWN,UNKNOWN,no semantic evidence (offset-named or unkeyworded),in-engine draw capture + surface mapping; visual texture inspection
spot02_room_1Tex_00EB08,UNKNOWN,UNKNOWN,no semantic evidence (offset-named or unkeyworded),in-engine draw capture + surface mapping; visual texture inspection
spot02_room_1Tex_00F308,UNKNOWN,UNKNOWN,no semantic evidence (offset-named or unkeyworded),in-engine draw capture + surface mapping; visual texture inspection
spot02_room_1Tex_010308,UNKNOWN,UNKNOWN,no semantic evidence (offset-named or unkeyworded),in-engine draw capture + surface mapping; visual texture inspection
spot02_room_1Tex_010B08,UNKNOWN,UNKNOWN,no semantic evidence (offset-named or unkeyworded),in-engine draw capture + surface mapping; visual texture inspection
spot02_room_1Tex_010D08,UNKNOWN,UNKNOWN,no semantic evidence (offset-named or unkeyworded),in-engine draw capture + surface mapping; visual texture inspection
spot02_room_1Tex_011508,UNKNOWN,UNKNOWN,no semantic evidence (offset-named or unkeyworded),in-engine draw capture + surface mapping; visual texture inspection
spot02_room_1Tex_012508,UNKNOWN,UNKNOWN,no semantic evidence (offset-named or unkeyworded),in-engine draw capture + surface mapping; visual texture inspection
spot02_room_1Tex_012D08,UNKNOWN,UNKNOWN,no semantic evidence (offset-named or unkeyworded),in-engine draw capture + surface mapping; visual texture inspection
spot02_room_1Tex_013508,UNKNOWN,UNKNOWN,no semantic evidence (offset-named or unkeyworded),in-engine draw capture + surface mapping; visual texture inspection
spot02_room_1Tex_014508,UNKNOWN,UNKNOWN,no semantic evidence (offset-named or unkeyworded),in-engine draw capture + surface mapping; visual texture inspection
spot02_room_1Tex_014D08,UNKNOWN,UNKNOWN,no semantic evidence (offset-named or unkeyworded),in-engine draw capture + surface mapping; visual texture inspection
spot02_room_1Tex_015D08,UNKNOWN,UNKNOWN,no semantic evidence (offset-named or unkeyworded),in-engine draw capture + surface mapping; visual texture inspection
spot02_room_1Tex_016D08,UNKNOWN,UNKNOWN,no semantic evidence (offset-named or unkeyworded),in-engine draw capture + surface mapping; visual texture inspection
spot02_room_1Tex_016D88,UNKNOWN,UNKNOWN,no semantic evidence (offset-named or unkeyworded),in-engine draw capture + surface mapping; visual texture inspection
spot02_room_1Tex_017588,UNKNOWN,UNKNOWN,no semantic evidence (offset-named or unkeyworded),in-engine draw capture + surface mapping; visual texture inspection
spot02_room_1Tex_017988,UNKNOWN,UNKNOWN,no semantic evidence (offset-named or unkeyworded),in-engine draw capture + surface mapping; visual texture inspection
spot02_room_1Tex_018988,UNKNOWN,UNKNOWN,no semantic evidence (offset-named or unkeyworded),in-engine draw capture + surface mapping; visual texture inspection
spot02_room_1Tex_01B690,UNKNOWN,UNKNOWN,no semantic evidence (offset-named or unkeyworded),in-engine draw capture + surface mapping; visual texture inspection
spot02_room_1Tex_01BE90,UNKNOWN,UNKNOWN,no semantic evidence (offset-named or unkeyworded),in-engine draw capture + surface mapping; visual texture inspection
spot02_room_1Tex_01C290,UNKNOWN,UNKNOWN,no semantic evidence (offset-named or unkeyworded),in-engine draw capture + surface mapping; visual texture inspection
spot02_room_1Tex_01C690,UNKNOWN,UNKNOWN,no semantic evidence (offset-named or unkeyworded),in-engine draw capture + surface mapping; visual texture inspection
spot02_room_1Tex_01C790,UNKNOWN,UNKNOWN,no semantic evidence (offset-named or unkeyworded),in-engine draw capture + surface mapping; visual texture inspection
spot02_room_1Tex_01D790,UNKNOWN,UNKNOWN,no semantic evidence (offset-named or unkeyworded),in-engine draw capture + surface mapping; visual texture inspection
spot02_sceneTex_007280,UNKNOWN,UNKNOWN,no semantic evidence (offset-named or unkeyworded),in-engine draw capture + surface mapping; visual texture inspection
spot02_sceneTex_007A80,UNKNOWN,UNKNOWN,no semantic evidence (offset-named or unkeyworded),in-engine draw capture + surface mapping; visual texture inspection
spot02_sceneTex_007E80,UNKNOWN,UNKNOWN,no semantic evidence (offset-named or unkeyworded),in-engine draw capture + surface mapping; visual texture inspection
spot02_sceneTex_008680,UNKNOWN,UNKNOWN,no semantic evidence (offset-named or unkeyworded),in-engine draw capture + surface mapping; visual texture inspection
spot02_sceneTex_008E80,UNKNOWN,UNKNOWN,no semantic evidence (offset-named or unkeyworded),in-engine draw capture + surface mapping; visual texture inspection
spot02_sceneTex_009E80,UNKNOWN,UNKNOWN,no semantic evidence (offset-named or unkeyworded),in-engine draw capture + surface mapping; visual texture inspection
spot02_sceneTex_00A280,UNKNOWN,UNKNOWN,no semantic evidence (offset-named or unkeyworded),in-engine draw capture + surface mapping; visual texture inspection
spot02_sceneTex_00AA80,UNKNOWN,UNKNOWN,no semantic evidence (offset-named or unkeyworded),in-engine draw capture + surface mapping; visual texture inspection
spot02_sceneTex_00AE80,UNKNOWN,UNKNOWN,no semantic evidence (offset-named or unkeyworded),in-engine draw capture + surface mapping; visual texture inspection
spot02_sceneTex_00B080,UNKNOWN,UNKNOWN,no semantic evidence (offset-named or unkeyworded),in-engine draw capture + surface mapping; visual texture inspection
spot02_sceneTex_00B880,UNKNOWN,UNKNOWN,no semantic evidence (offset-named or unkeyworded),in-engine draw capture + surface mapping; visual texture inspection
spot03_room_0Tex_0097B0,UNKNOWN,UNKNOWN,no semantic evidence (offset-named or unkeyworded),in-engine draw capture + surface mapping; visual texture inspection
spot03_room_0Tex_009BB0,UNKNOWN,UNKNOWN,no semantic evidence (offset-named or unkeyworded),in-engine draw capture + surface mapping; visual texture inspection
spot03_room_0Tex_00A3B0,UNKNOWN,UNKNOWN,no semantic evidence (offset-named or unkeyworded),in-engine draw capture + surface mapping; visual texture inspection
spot03_room_0Tex_00ABB0,UNKNOWN,UNKNOWN,no semantic evidence (offset-named or unkeyworded),in-engine draw capture + surface mapping; visual texture inspection
spot03_room_0Tex_00BBB0,UNKNOWN,UNKNOWN,no semantic evidence (offset-named or unkeyworded),in-engine draw capture + surface mapping; visual texture inspection
spot03_room_0Tex_00BFB0,UNKNOWN,UNKNOWN,no semantic evidence (offset-named or unkeyworded),in-engine draw capture + surface mapping; visual texture inspection
spot03_room_0Tex_00D180,UNKNOWN,UNKNOWN,no semantic evidence (offset-named or unkeyworded),in-engine draw capture + surface mapping; visual texture inspection
spot03_room_1Tex_0050D8,UNKNOWN,UNKNOWN,no semantic evidence (offset-named or unkeyworded),in-engine draw capture + surface mapping; visual texture inspection
spot03_room_1Tex_0058D8,UNKNOWN,UNKNOWN,no semantic evidence (offset-named or unkeyworded),in-engine draw capture + surface mapping; visual texture inspection
spot03_room_1Tex_005CD8,UNKNOWN,UNKNOWN,no semantic evidence (offset-named or unkeyworded),in-engine draw capture + surface mapping; visual texture inspection
spot03_room_1Tex_005ED8,UNKNOWN,UNKNOWN,no semantic evidence (offset-named or unkeyworded),in-engine draw capture + surface mapping; visual texture inspection
spot03_room_1Tex_0062D8,UNKNOWN,UNKNOWN,no semantic evidence (offset-named or unkeyworded),in-engine draw capture + surface mapping; visual texture inspection
spot03_sceneTex_006D58,UNKNOWN,UNKNOWN,no semantic evidence (offset-named or unkeyworded),in-engine draw capture + surface mapping; visual texture inspection
spot03_sceneTex_007158,UNKNOWN,UNKNOWN,no semantic evidence (offset-named or unkeyworded),in-engine draw capture + surface mapping; visual texture inspection
spot03_sceneTex_007558,UNKNOWN,UNKNOWN,no semantic evidence (offset-named or unkeyworded),in-engine draw capture + surface mapping; visual texture inspection
spot03_sceneTex_007958,UNKNOWN,UNKNOWN,no semantic evidence (offset-named or unkeyworded),in-engine draw capture + surface mapping; visual texture inspection
spot03_sceneTex_007D58,UNKNOWN,UNKNOWN,no semantic evidence (offset-named or unkeyworded),in-engine draw capture + surface mapping; visual texture inspection
spot03_sceneTex_008558,UNKNOWN,UNKNOWN,no semantic evidence (offset-named or unkeyworded),in-engine draw capture + surface mapping; visual texture inspection
spot03_sceneTex_008D58,UNKNOWN,UNKNOWN,no semantic evidence (offset-named or unkeyworded),in-engine draw capture + surface mapping; visual texture inspection
spot03_sceneTex_009558,UNKNOWN,UNKNOWN,no semantic evidence (offset-named or unkeyworded),in-engine draw capture + surface mapping; visual texture inspection
spot03_sceneTex_009D58,UNKNOWN,UNKNOWN,no semantic evidence (offset-named or unkeyworded),in-engine draw capture + surface mapping; visual texture inspection
spot03_sceneTex_00A558,UNKNOWN,UNKNOWN,no semantic evidence (offset-named or unkeyworded),in-engine draw capture + surface mapping; visual texture inspection
spot03_sceneTex_00AD58,UNKNOWN,UNKNOWN,no semantic evidence (offset-named or unkeyworded),in-engine draw capture + surface mapping; visual texture inspection
spot04_room_0Tex_00BF08,FOLIAGE,UNKNOWN,LOW confidence scene/keyword prior only,in-engine draw capture + surface mapping; visual texture inspection
spot04_room_0Tex_00C708,FOLIAGE,UNKNOWN,LOW confidence scene/keyword prior only,in-engine draw capture + surface mapping; visual texture inspection
spot04_room_0Tex_00CB08,FOLIAGE,UNKNOWN,LOW confidence scene/keyword prior only,in-engine draw capture + surface mapping; visual texture inspection
spot04_room_0Tex_00CF08,FOLIAGE,UNKNOWN,LOW confidence scene/keyword prior only,in-engine draw capture + surface mapping; visual texture inspection
spot04_room_0Tex_00D308,FOLIAGE,UNKNOWN,LOW confidence scene/keyword prior only,in-engine draw capture + surface mapping; visual texture inspection
spot04_room_0Tex_00D408,FOLIAGE,UNKNOWN,LOW confidence scene/keyword prior only,in-engine draw capture + surface mapping; visual texture inspection
spot04_room_0Tex_00D508,FOLIAGE,UNKNOWN,LOW confidence scene/keyword prior only,in-engine draw capture + surface mapping; visual texture inspection
spot04_room_0Tex_00D908,FOLIAGE,UNKNOWN,LOW confidence scene/keyword prior only,in-engine draw capture + surface mapping; visual texture inspection
spot04_room_0Tex_00E108,FOLIAGE,UNKNOWN,LOW confidence scene/keyword prior only,in-engine draw capture + surface mapping; visual texture inspection
spot04_room_0Tex_00E908,FOLIAGE,UNKNOWN,LOW confidence scene/keyword prior only,in-engine draw capture + surface mapping; visual texture inspection
spot04_room_0Tex_00F108,FOLIAGE,UNKNOWN,LOW confidence scene/keyword prior only,in-engine draw capture + surface mapping; visual texture inspection
spot04_room_0Tex_00F508,FOLIAGE,UNKNOWN,LOW confidence scene/keyword prior only,in-engine draw capture + surface mapping; visual texture inspection
spot04_room_0Tex_00FD08,FOLIAGE,UNKNOWN,LOW confidence scene/keyword prior only,in-engine draw capture + surface mapping; visual texture inspection
spot04_room_0Tex_010D08,FOLIAGE,UNKNOWN,LOW confidence scene/keyword prior only,in-engine draw capture + surface mapping; visual texture inspection
spot04_room_0Tex_011D08,FOLIAGE,UNKNOWN,LOW confidence scene/keyword prior only,in-engine draw capture + surface mapping; visual texture inspection
spot04_room_0Tex_011F08,FOLIAGE,UNKNOWN,LOW confidence scene/keyword prior only,in-engine draw capture + surface mapping; visual texture inspection
spot04_room_0Tex_012F08,FOLIAGE,UNKNOWN,LOW confidence scene/keyword prior only,in-engine draw capture + surface mapping; visual texture inspection
spot04_room_0Tex_013108,FOLIAGE,UNKNOWN,LOW confidence scene/keyword prior only,in-engine draw capture + surface mapping; visual texture inspection
spot04_room_0Tex_013308,FOLIAGE,UNKNOWN,LOW confidence scene/keyword prior only,in-engine draw capture + surface mapping; visual texture inspection
spot04_room_0Tex_013708,FOLIAGE,UNKNOWN,LOW confidence scene/keyword prior only,in-engine draw capture + surface mapping; visual texture inspection
spot04_room_0Tex_013F08,FOLIAGE,UNKNOWN,LOW confidence scene/keyword prior only,in-engine draw capture + surface mapping; visual texture inspection
spot04_room_0Tex_014308,FOLIAGE,UNKNOWN,LOW confidence scene/keyword prior only,in-engine draw capture + surface mapping; visual texture inspection
spot04_room_0Tex_014B08,FOLIAGE,UNKNOWN,LOW confidence scene/keyword prior only,in-engine draw capture + surface mapping; visual texture inspection
spot04_room_0Tex_015308,FOLIAGE,UNKNOWN,LOW confidence scene/keyword prior only,in-engine draw capture + surface mapping; visual texture inspection
spot04_room_0Tex_015B08,FOLIAGE,UNKNOWN,LOW confidence scene/keyword prior only,in-engine draw capture + surface mapping; visual texture inspection
spot04_room_0Tex_015D08,FOLIAGE,UNKNOWN,LOW confidence scene/keyword prior only,in-engine draw capture + surface mapping; visual texture inspection
spot04_room_0Tex_016108,FOLIAGE,UNKNOWN,LOW confidence scene/keyword prior only,in-engine draw capture + surface mapping; visual texture inspection
spot04_room_0Tex_016508,FOLIAGE,UNKNOWN,LOW confidence scene/keyword prior only,in-engine draw capture + surface mapping; visual texture inspection
spot04_room_0Tex_016908,FOLIAGE,UNKNOWN,LOW confidence scene/keyword prior only,in-engine draw capture + surface mapping; visual texture inspection
spot04_room_0Tex_016D08,FOLIAGE,UNKNOWN,LOW confidence scene/keyword prior only,in-engine draw capture + surface mapping; visual texture inspection
spot04_room_0Tex_017108,FOLIAGE,UNKNOWN,LOW confidence scene/keyword prior only,in-engine draw capture + surface mapping; visual texture inspection
spot04_room_0Tex_018A90,FOLIAGE,UNKNOWN,LOW confidence scene/keyword prior only,in-engine draw capture + surface mapping; visual texture inspection
spot04_room_0Tex_019290,FOLIAGE,UNKNOWN,LOW confidence scene/keyword prior only,in-engine draw capture + surface mapping; visual texture inspection
spot04_room_0Tex_019A90,FOLIAGE,UNKNOWN,LOW confidence scene/keyword prior only,in-engine draw capture + surface mapping; visual texture inspection
spot04_room_0Tex_01A290,FOLIAGE,UNKNOWN,LOW confidence scene/keyword prior only,in-engine draw capture + surface mapping; visual texture inspection
spot04_room_0Tex_01A490,FOLIAGE,UNKNOWN,LOW confidence scene/keyword prior only,in-engine draw capture + surface mapping; visual texture inspection
spot04_room_0Tex_01AC90,FOLIAGE,UNKNOWN,LOW confidence scene/keyword prior only,in-engine draw capture + surface mapping; visual texture inspection
spot04_room_0Tex_01AE90,FOLIAGE,UNKNOWN,LOW confidence scene/keyword prior only,in-engine draw capture + surface mapping; visual texture inspection
spot04_room_0Tex_01B090,FOLIAGE,UNKNOWN,LOW confidence scene/keyword prior only,in-engine draw capture + surface mapping; visual texture inspection
spot04_room_1Tex_004EA8,FOLIAGE,UNKNOWN,LOW confidence scene/keyword prior only,in-engine draw capture + surface mapping; visual texture inspection
spot04_room_1Tex_0052A8,FOLIAGE,UNKNOWN,LOW confidence scene/keyword prior only,in-engine draw capture + surface mapping; visual texture inspection
spot04_room_1Tex_0056A8,FOLIAGE,UNKNOWN,LOW confidence scene/keyword prior only,in-engine draw capture + surface mapping; visual texture inspection
spot04_room_1Tex_0066A8,FOLIAGE,UNKNOWN,LOW confidence scene/keyword prior only,in-engine draw capture + surface mapping; visual texture inspection
spot04_room_1Tex_006EA8,FOLIAGE,UNKNOWN,LOW confidence scene/keyword prior only,in-engine draw capture + surface mapping; visual texture inspection
spot04_room_1Tex_007B78,FOLIAGE,UNKNOWN,LOW confidence scene/keyword prior only,in-engine draw capture + surface mapping; visual texture inspection
spot04_room_1Tex_007D78,FOLIAGE,UNKNOWN,LOW confidence scene/keyword prior only,in-engine draw capture + surface mapping; visual texture inspection
spot04_room_2Tex_002BF8,FOLIAGE,UNKNOWN,LOW confidence scene/keyword prior only,in-engine draw capture + surface mapping; visual texture inspection
spot04_room_2Tex_002DF8,FOLIAGE,UNKNOWN,LOW confidence scene/keyword prior only,in-engine draw capture + surface mapping; visual texture inspection
spot04_room_2Tex_002FF8,FOLIAGE,UNKNOWN,LOW confidence scene/keyword prior only,in-engine draw capture + surface mapping; visual texture inspection
spot04_room_2Tex_0033F8,FOLIAGE,UNKNOWN,LOW confidence scene/keyword prior only,in-engine draw capture + surface mapping; visual texture inspection
spot04_room_2Tex_003BF8,FOLIAGE,UNKNOWN,LOW confidence scene/keyword prior only,in-engine draw capture + surface mapping; visual texture inspection
spot04_room_2Tex_0043F8,FOLIAGE,UNKNOWN,LOW confidence scene/keyword prior only,in-engine draw capture + surface mapping; visual texture inspection
spot04_room_2Tex_0045F8,FOLIAGE,UNKNOWN,LOW confidence scene/keyword prior only,in-engine draw capture + surface mapping; visual texture inspection
spot04_sceneTex_00E218,FOLIAGE,UNKNOWN,LOW confidence scene/keyword prior only,in-engine draw capture + surface mapping; visual texture inspection
spot04_sceneTex_00EA18,FOLIAGE,UNKNOWN,LOW confidence scene/keyword prior only,in-engine draw capture + surface mapping; visual texture inspection
spot04_sceneTex_00F218,FOLIAGE,UNKNOWN,LOW confidence scene/keyword prior only,in-engine draw capture + surface mapping; visual texture inspection
spot04_sceneTex_00FA18,FOLIAGE,UNKNOWN,LOW confidence scene/keyword prior only,in-engine draw capture + surface mapping; visual texture inspection
spot04_sceneTex_00FE18,FOLIAGE,UNKNOWN,LOW confidence scene/keyword prior only,in-engine draw capture + surface mapping; visual texture inspection
spot04_sceneTex_010618,FOLIAGE,UNKNOWN,LOW confidence scene/keyword prior only,in-engine draw capture + surface mapping; visual texture inspection
spot05_sceneTex_006D60,UNKNOWN,UNKNOWN,no semantic evidence (offset-named or unkeyworded),in-engine draw capture + surface mapping; visual texture inspection
spot05_sceneTex_007D60,UNKNOWN,UNKNOWN,no semantic evidence (offset-named or unkeyworded),in-engine draw capture + surface mapping; visual texture inspection
spot05_sceneTex_008D60,UNKNOWN,UNKNOWN,no semantic evidence (offset-named or unkeyworded),in-engine draw capture + surface mapping; visual texture inspection
spot05_sceneTex_009160,UNKNOWN,UNKNOWN,no semantic evidence (offset-named or unkeyworded),in-engine draw capture + surface mapping; visual texture inspection
spot05_sceneTex_009560,UNKNOWN,UNKNOWN,no semantic evidence (offset-named or unkeyworded),in-engine draw capture + surface mapping; visual texture inspection
spot05_sceneTex_009960,UNKNOWN,UNKNOWN,no semantic evidence (offset-named or unkeyworded),in-engine draw capture + surface mapping; visual texture inspection
spot05_sceneTex_00A160,UNKNOWN,UNKNOWN,no semantic evidence (offset-named or unkeyworded),in-engine draw capture + surface mapping; visual texture inspection
spot05_sceneTex_00B160,UNKNOWN,UNKNOWN,no semantic evidence (offset-named or unkeyworded),in-engine draw capture + surface mapping; visual texture inspection
spot05_sceneTex_00B960,UNKNOWN,UNKNOWN,no semantic evidence (offset-named or unkeyworded),in-engine draw capture + surface mapping; visual texture inspection
spot05_sceneTex_00BB60,UNKNOWN,UNKNOWN,no semantic evidence (offset-named or unkeyworded),in-engine draw capture + surface mapping; visual texture inspection
spot05_sceneTex_00CB60,UNKNOWN,UNKNOWN,no semantic evidence (offset-named or unkeyworded),in-engine draw capture + surface mapping; visual texture inspection
spot05_sceneTex_00D360,UNKNOWN,UNKNOWN,no semantic evidence (offset-named or unkeyworded),in-engine draw capture + surface mapping; visual texture inspection
spot05_sceneTex_00DB60,UNKNOWN,UNKNOWN,no semantic evidence (offset-named or unkeyworded),in-engine draw capture + surface mapping; visual texture inspection
spot05_sceneTex_00E360,UNKNOWN,UNKNOWN,no semantic evidence (offset-named or unkeyworded),in-engine draw capture + surface mapping; visual texture inspection
spot05_sceneTex_00EB60,UNKNOWN,UNKNOWN,no semantic evidence (offset-named or unkeyworded),in-engine draw capture + surface mapping; visual texture inspection
spot05_sceneTex_00F360,UNKNOWN,UNKNOWN,no semantic evidence (offset-named or unkeyworded),in-engine draw capture + surface mapping; visual texture inspection
spot05_sceneTex_00FB60,UNKNOWN,UNKNOWN,no semantic evidence (offset-named or unkeyworded),in-engine draw capture + surface mapping; visual texture inspection
spot05_sceneTex_010360,UNKNOWN,UNKNOWN,no semantic evidence (offset-named or unkeyworded),in-engine draw capture + surface mapping; visual texture inspection
spot05_sceneTex_010B60,UNKNOWN,UNKNOWN,no semantic evidence (offset-named or unkeyworded),in-engine draw capture + surface mapping; visual texture inspection
spot05_sceneTex_011360,UNKNOWN,UNKNOWN,no semantic evidence (offset-named or unkeyworded),in-engine draw capture + surface mapping; visual texture inspection
spot05_sceneTex_012360,UNKNOWN,UNKNOWN,no semantic evidence (offset-named or unkeyworded),in-engine draw capture + surface mapping; visual texture inspection
spot05_sceneTex_012B60,UNKNOWN,UNKNOWN,no semantic evidence (offset-named or unkeyworded),in-engine draw capture + surface mapping; visual texture inspection
spot05_sceneTex_013360,UNKNOWN,UNKNOWN,no semantic evidence (offset-named or unkeyworded),in-engine draw capture + surface mapping; visual texture inspection
spot05_sceneTex_013B60,UNKNOWN,UNKNOWN,no semantic evidence (offset-named or unkeyworded),in-engine draw capture + surface mapping; visual texture inspection
spot05_sceneTex_014360,UNKNOWN,UNKNOWN,no semantic evidence (offset-named or unkeyworded),in-engine draw capture + surface mapping; visual texture inspection
spot05_sceneTex_014B60,UNKNOWN,UNKNOWN,no semantic evidence (offset-named or unkeyworded),in-engine draw capture + surface mapping; visual texture inspection
spot06_sceneTex_007C38,UNKNOWN,UNKNOWN,no semantic evidence (offset-named or unkeyworded),in-engine draw capture + surface mapping; visual texture inspection
spot06_sceneTex_008038,UNKNOWN,UNKNOWN,no semantic evidence (offset-named or unkeyworded),in-engine draw capture + surface mapping; visual texture inspection
spot06_sceneTex_008438,UNKNOWN,UNKNOWN,no semantic evidence (offset-named or unkeyworded),in-engine draw capture + surface mapping; visual texture inspection
spot06_sceneTex_008838,UNKNOWN,UNKNOWN,no semantic evidence (offset-named or unkeyworded),in-engine draw capture + surface mapping; visual texture inspection
spot06_sceneTex_009838,UNKNOWN,UNKNOWN,no semantic evidence (offset-named or unkeyworded),in-engine draw capture + surface mapping; visual texture inspection
spot06_sceneTex_0098B8,UNKNOWN,UNKNOWN,no semantic evidence (offset-named or unkeyworded),in-engine draw capture + surface mapping; visual texture inspection
spot06_sceneTex_009AB8,UNKNOWN,UNKNOWN,no semantic evidence (offset-named or unkeyworded),in-engine draw capture + surface mapping; visual texture inspection
spot06_sceneTex_00AAB8,UNKNOWN,UNKNOWN,no semantic evidence (offset-named or unkeyworded),in-engine draw capture + surface mapping; visual texture inspection
spot06_sceneTex_00AEB8,UNKNOWN,UNKNOWN,no semantic evidence (offset-named or unkeyworded),in-engine draw capture + surface mapping; visual texture inspection
spot06_sceneTex_00B6B8,UNKNOWN,UNKNOWN,no semantic evidence (offset-named or unkeyworded),in-engine draw capture + surface mapping; visual texture inspection
spot06_sceneTex_00BAB8,UNKNOWN,UNKNOWN,no semantic evidence (offset-named or unkeyworded),in-engine draw capture + surface mapping; visual texture inspection
spot06_sceneTex_00BEB8,UNKNOWN,UNKNOWN,no semantic evidence (offset-named or unkeyworded),in-engine draw capture + surface mapping; visual texture inspection
spot06_sceneTex_00C2B8,UNKNOWN,UNKNOWN,no semantic evidence (offset-named or unkeyworded),in-engine draw capture + surface mapping; visual texture inspection
spot06_sceneTex_00C4B8,UNKNOWN,UNKNOWN,no semantic evidence (offset-named or unkeyworded),in-engine draw capture + surface mapping; visual texture inspection
spot06_sceneTex_00CCB8,UNKNOWN,UNKNOWN,no semantic evidence (offset-named or unkeyworded),in-engine draw capture + surface mapping; visual texture inspection
spot06_sceneTex_00DCB8,UNKNOWN,UNKNOWN,no semantic evidence (offset-named or unkeyworded),in-engine draw capture + surface mapping; visual texture inspection
spot06_sceneTex_00ECB8,UNKNOWN,UNKNOWN,no semantic evidence (offset-named or unkeyworded),in-engine draw capture + surface mapping; visual texture inspection
spot06_sceneTex_00F4B8,UNKNOWN,UNKNOWN,no semantic evidence (offset-named or unkeyworded),in-engine draw capture + surface mapping; visual texture inspection
spot06_sceneTex_00F6B8,UNKNOWN,UNKNOWN,no semantic evidence (offset-named or unkeyworded),in-engine draw capture + surface mapping; visual texture inspection
spot06_sceneTex_00FEB8,UNKNOWN,UNKNOWN,no semantic evidence (offset-named or unkeyworded),in-engine draw capture + surface mapping; visual texture inspection
spot06_sceneTex_010EB8,UNKNOWN,UNKNOWN,no semantic evidence (offset-named or unkeyworded),in-engine draw capture + surface mapping; visual texture inspection
spot06_sceneTex_0116B8,UNKNOWN,UNKNOWN,no semantic evidence (offset-named or unkeyworded),in-engine draw capture + surface mapping; visual texture inspection
spot06_sceneTex_011EB8,UNKNOWN,UNKNOWN,no semantic evidence (offset-named or unkeyworded),in-engine draw capture + surface mapping; visual texture inspection
spot06_sceneTex_0122B8,UNKNOWN,UNKNOWN,no semantic evidence (offset-named or unkeyworded),in-engine draw capture + surface mapping; visual texture inspection
spot06_sceneTex_0126B8,UNKNOWN,UNKNOWN,no semantic evidence (offset-named or unkeyworded),in-engine draw capture + surface mapping; visual texture inspection
spot06_sceneTex_012EB8,UNKNOWN,UNKNOWN,no semantic evidence (offset-named or unkeyworded),in-engine draw capture + surface mapping; visual texture inspection
spot06_sceneTex_0130B8,UNKNOWN,UNKNOWN,no semantic evidence (offset-named or unkeyworded),in-engine draw capture + surface mapping; visual texture inspection
spot06_sceneTex_0140B8,UNKNOWN,UNKNOWN,no semantic evidence (offset-named or unkeyworded),in-engine draw capture + surface mapping; visual texture inspection
spot06_sceneTex_0148B8,UNKNOWN,UNKNOWN,no semantic evidence (offset-named or unkeyworded),in-engine draw capture + surface mapping; visual texture inspection
spot06_sceneTex_014CB8,UNKNOWN,UNKNOWN,no semantic evidence (offset-named or unkeyworded),in-engine draw capture + surface mapping; visual texture inspection
spot06_sceneTex_0154B8,UNKNOWN,UNKNOWN,no semantic evidence (offset-named or unkeyworded),in-engine draw capture + surface mapping; visual texture inspection
spot06_sceneTex_015CB8,UNKNOWN,UNKNOWN,no semantic evidence (offset-named or unkeyworded),in-engine draw capture + surface mapping; visual texture inspection
spot06_sceneTex_0164B8,UNKNOWN,UNKNOWN,no semantic evidence (offset-named or unkeyworded),in-engine draw capture + surface mapping; visual texture inspection
spot06_sceneTex_016CB8,UNKNOWN,UNKNOWN,no semantic evidence (offset-named or unkeyworded),in-engine draw capture + surface mapping; visual texture inspection
spot06_sceneTex_0170B8,UNKNOWN,UNKNOWN,no semantic evidence (offset-named or unkeyworded),in-engine draw capture + surface mapping; visual texture inspection
spot06_sceneTex_0178B8,UNKNOWN,UNKNOWN,no semantic evidence (offset-named or unkeyworded),in-engine draw capture + surface mapping; visual texture inspection
spot06_sceneTex_017CB8,UNKNOWN,UNKNOWN,no semantic evidence (offset-named or unkeyworded),in-engine draw capture + surface mapping; visual texture inspection
spot06_sceneTex_0184B8,UNKNOWN,UNKNOWN,no semantic evidence (offset-named or unkeyworded),in-engine draw capture + surface mapping; visual texture inspection
spot06_sceneTex_018CB8,UNKNOWN,UNKNOWN,no semantic evidence (offset-named or unkeyworded),in-engine draw capture + surface mapping; visual texture inspection
spot06_sceneTex_0194B8,UNKNOWN,UNKNOWN,no semantic evidence (offset-named or unkeyworded),in-engine draw capture + surface mapping; visual texture inspection
spot06_sceneTex_01A4B8,UNKNOWN,UNKNOWN,no semantic evidence (offset-named or unkeyworded),in-engine draw capture + surface mapping; visual texture inspection
spot06_sceneTex_01ACB8,UNKNOWN,UNKNOWN,no semantic evidence (offset-named or unkeyworded),in-engine draw capture + surface mapping; visual texture inspection
gZorasDomainDayEntranceTex,UNKNOWN,UNKNOWN,no semantic evidence (offset-named or unkeyworded),in-engine draw capture + surface mapping; visual texture inspection
gZorasDomainNightEntranceTex,UNKNOWN,UNKNOWN,no semantic evidence (offset-named or unkeyworded),in-engine draw capture + surface mapping; visual texture inspection
spot07_room_0Tex_004748,UNKNOWN,UNKNOWN,no semantic evidence (offset-named or unkeyworded),in-engine draw capture + surface mapping; visual texture inspection
spot07_room_0Tex_004F48,UNKNOWN,UNKNOWN,no semantic evidence (offset-named or unkeyworded),in-engine draw capture + surface mapping; visual texture inspection
spot07_room_0Tex_005748,UNKNOWN,UNKNOWN,no semantic evidence (offset-named or unkeyworded),in-engine draw capture + surface mapping; visual texture inspection
spot07_room_1Tex_0076D8,UNKNOWN,UNKNOWN,no semantic evidence (offset-named or unkeyworded),in-engine draw capture + surface mapping; visual texture inspection
spot07_room_1Tex_007ED8,UNKNOWN,UNKNOWN,no semantic evidence (offset-named or unkeyworded),in-engine draw capture + surface mapping; visual texture inspection
spot07_room_1Tex_0086D8,UNKNOWN,UNKNOWN,no semantic evidence (offset-named or unkeyworded),in-engine draw capture + surface mapping; visual texture inspection
spot07_room_1Tex_008AD8,UNKNOWN,UNKNOWN,no semantic evidence (offset-named or unkeyworded),in-engine draw capture + surface mapping; visual texture inspection
spot07_room_1Tex_008BD8,UNKNOWN,UNKNOWN,no semantic evidence (offset-named or unkeyworded),in-engine draw capture + surface mapping; visual texture inspection
spot07_room_1Tex_008FD8,UNKNOWN,UNKNOWN,no semantic evidence (offset-named or unkeyworded),in-engine draw capture + surface mapping; visual texture inspection
spot07_room_1Tex_0093D8,UNKNOWN,UNKNOWN,no semantic evidence (offset-named or unkeyworded),in-engine draw capture + surface mapping; visual texture inspection
spot07_room_1Tex_0097D8,UNKNOWN,UNKNOWN,no semantic evidence (offset-named or unkeyworded),in-engine draw capture + surface mapping; visual texture inspection
spot07_room_1Tex_009BD8,UNKNOWN,UNKNOWN,no semantic evidence (offset-named or unkeyworded),in-engine draw capture + surface mapping; visual texture inspection
spot07_room_1Tex_00A3D8,UNKNOWN,UNKNOWN,no semantic evidence (offset-named or unkeyworded),in-engine draw capture + surface mapping; visual texture inspection
spot07_room_1Tex_00ABD8,UNKNOWN,UNKNOWN,no semantic evidence (offset-named or unkeyworded),in-engine draw capture + surface mapping; visual texture inspection
spot07_room_1Tex_00C1A0,UNKNOWN,UNKNOWN,no semantic evidence (offset-named or unkeyworded),in-engine draw capture + surface mapping; visual texture inspection
spot07_sceneTex_003F98,UNKNOWN,UNKNOWN,no semantic evidence (offset-named or unkeyworded),in-engine draw capture + surface mapping; visual texture inspection
spot07_sceneTex_004F98,UNKNOWN,UNKNOWN,no semantic evidence (offset-named or unkeyworded),in-engine draw capture + surface mapping; visual texture inspection
spot07_sceneTex_005398,UNKNOWN,UNKNOWN,no semantic evidence (offset-named or unkeyworded),in-engine draw capture + surface mapping; visual texture inspection
spot07_sceneTex_005798,UNKNOWN,UNKNOWN,no semantic evidence (offset-named or unkeyworded),in-engine draw capture + surface mapping; visual texture inspection
spot07_sceneTex_005B98,UNKNOWN,UNKNOWN,no semantic evidence (offset-named or unkeyworded),in-engine draw capture + surface mapping; visual texture inspection
spot07_sceneTex_005F98,UNKNOWN,UNKNOWN,no semantic evidence (offset-named or unkeyworded),in-engine draw capture + surface mapping; visual texture inspection
spot07_sceneTex_006398,UNKNOWN,UNKNOWN,no semantic evidence (offset-named or unkeyworded),in-engine draw capture + surface mapping; visual texture inspection
spot07_sceneTex_006798,UNKNOWN,UNKNOWN,no semantic evidence (offset-named or unkeyworded),in-engine draw capture + surface mapping; visual texture inspection
spot07_sceneTex_006B98,UNKNOWN,UNKNOWN,no semantic evidence (offset-named or unkeyworded),in-engine draw capture + surface mapping; visual texture inspection
spot07_sceneTex_006F98,UNKNOWN,UNKNOWN,no semantic evidence (offset-named or unkeyworded),in-engine draw capture + surface mapping; visual texture inspection
spot07_sceneTex_007798,UNKNOWN,UNKNOWN,no semantic evidence (offset-named or unkeyworded),in-engine draw capture + surface mapping; visual texture inspection
spot07_sceneTex_007B98,UNKNOWN,UNKNOWN,no semantic evidence (offset-named or unkeyworded),in-engine draw capture + surface mapping; visual texture inspection
spot07_sceneTex_007F98,UNKNOWN,UNKNOWN,no semantic evidence (offset-named or unkeyworded),in-engine draw capture + surface mapping; visual texture inspection
spot07_sceneTex_008798,UNKNOWN,UNKNOWN,no semantic evidence (offset-named or unkeyworded),in-engine draw capture + surface mapping; visual texture inspection
spot07_sceneTex_009018,UNKNOWN,UNKNOWN,no semantic evidence (offset-named or unkeyworded),in-engine draw capture + surface mapping; visual texture inspection
spot07_sceneTex_009418,UNKNOWN,UNKNOWN,no semantic evidence (offset-named or unkeyworded),in-engine draw capture + surface mapping; visual texture inspection
spot08_sceneTex_004DA0,UNKNOWN,UNKNOWN,no semantic evidence (offset-named or unkeyworded),in-engine draw capture + surface mapping; visual texture inspection
spot08_sceneTex_005DA0,UNKNOWN,UNKNOWN,no semantic evidence (offset-named or unkeyworded),in-engine draw capture + surface mapping; visual texture inspection
spot08_sceneTex_0061A0,UNKNOWN,UNKNOWN,no semantic evidence (offset-named or unkeyworded),in-engine draw capture + surface mapping; visual texture inspection
spot08_sceneTex_0069A0,UNKNOWN,UNKNOWN,no semantic evidence (offset-named or unkeyworded),in-engine draw capture + surface mapping; visual texture inspection
spot08_sceneTex_0071A0,UNKNOWN,UNKNOWN,no semantic evidence (offset-named or unkeyworded),in-engine draw capture + surface mapping; visual texture inspection
spot08_sceneTex_0081A0,UNKNOWN,UNKNOWN,no semantic evidence (offset-named or unkeyworded),in-engine draw capture + surface mapping; visual texture inspection
spot08_sceneTex_0089A0,UNKNOWN,UNKNOWN,no semantic evidence (offset-named or unkeyworded),in-engine draw capture + surface mapping; visual texture inspection
spot08_sceneTex_0091A0,UNKNOWN,UNKNOWN,no semantic evidence (offset-named or unkeyworded),in-engine draw capture + surface mapping; visual texture inspection
spot08_sceneTex_00A1A0,UNKNOWN,UNKNOWN,no semantic evidence (offset-named or unkeyworded),in-engine draw capture + surface mapping; visual texture inspection
spot08_sceneTex_00A9A0,UNKNOWN,UNKNOWN,no semantic evidence (offset-named or unkeyworded),in-engine draw capture + surface mapping; visual texture inspection
spot08_sceneTex_00B1A0,UNKNOWN,UNKNOWN,no semantic evidence (offset-named or unkeyworded),in-engine draw capture + surface mapping; visual texture inspection
spot08_sceneTex_00B9A0,UNKNOWN,UNKNOWN,no semantic evidence (offset-named or unkeyworded),in-engine draw capture + surface mapping; visual texture inspection
spot08_sceneTex_00C1A0,UNKNOWN,UNKNOWN,no semantic evidence (offset-named or unkeyworded),in-engine draw capture + surface mapping; visual texture inspection
spot08_sceneTex_00D1A0,UNKNOWN,UNKNOWN,no semantic evidence (offset-named or unkeyworded),in-engine draw capture + surface mapping; visual texture inspection
spot08_sceneTex_00E1A0,UNKNOWN,UNKNOWN,no semantic evidence (offset-named or unkeyworded),in-engine draw capture + surface mapping; visual texture inspection
spot08_sceneTex_00F1A0,UNKNOWN,UNKNOWN,no semantic evidence (offset-named or unkeyworded),in-engine draw capture + surface mapping; visual texture inspection
spot08_sceneTex_00F9A0,UNKNOWN,UNKNOWN,no semantic evidence (offset-named or unkeyworded),in-engine draw capture + surface mapping; visual texture inspection
spot08_sceneTex_0101A0,UNKNOWN,UNKNOWN,no semantic evidence (offset-named or unkeyworded),in-engine draw capture + surface mapping; visual texture inspection
spot08_sceneTex_0109A0,UNKNOWN,UNKNOWN,no semantic evidence (offset-named or unkeyworded),in-engine draw capture + surface mapping; visual texture inspection
spot08_sceneTex_010AA0,UNKNOWN,UNKNOWN,no semantic evidence (offset-named or unkeyworded),in-engine draw capture + surface mapping; visual texture inspection
spot08_sceneTex_010EA0,UNKNOWN,UNKNOWN,no semantic evidence (offset-named or unkeyworded),in-engine draw capture + surface mapping; visual texture inspection
spot09_sceneTex_003460,UNKNOWN,UNKNOWN,no semantic evidence (offset-named or unkeyworded),in-engine draw capture + surface mapping; visual texture inspection
spot09_sceneTex_004460,UNKNOWN,UNKNOWN,no semantic evidence (offset-named or unkeyworded),in-engine draw capture + surface mapping; visual texture inspection
spot09_sceneTex_005460,UNKNOWN,UNKNOWN,no semantic evidence (offset-named or unkeyworded),in-engine draw capture + surface mapping; visual texture inspection
spot09_sceneTex_005C60,UNKNOWN,UNKNOWN,no semantic evidence (offset-named or unkeyworded),in-engine draw capture + surface mapping; visual texture inspection
spot09_sceneTex_006460,UNKNOWN,UNKNOWN,no semantic evidence (offset-named or unkeyworded),in-engine draw capture + surface mapping; visual texture inspection
spot09_sceneTex_006C60,UNKNOWN,UNKNOWN,no semantic evidence (offset-named or unkeyworded),in-engine draw capture + surface mapping; visual texture inspection
spot09_sceneTex_006D60,UNKNOWN,UNKNOWN,no semantic evidence (offset-named or unkeyworded),in-engine draw capture + surface mapping; visual texture inspection
spot09_sceneTex_007160,UNKNOWN,UNKNOWN,no semantic evidence (offset-named or unkeyworded),in-engine draw capture + surface mapping; visual texture inspection
spot09_sceneTex_008160,UNKNOWN,UNKNOWN,no semantic evidence (offset-named or unkeyworded),in-engine draw capture + surface mapping; visual texture inspection
spot09_sceneTex_009160,UNKNOWN,UNKNOWN,no semantic evidence (offset-named or unkeyworded),in-engine draw capture + surface mapping; visual texture inspection
spot09_sceneTex_00A160,UNKNOWN,UNKNOWN,no semantic evidence (offset-named or unkeyworded),in-engine draw capture + surface mapping; visual texture inspection
spot09_sceneTex_00A960,UNKNOWN,UNKNOWN,no semantic evidence (offset-named or unkeyworded),in-engine draw capture + surface mapping; visual texture inspection
spot09_sceneTex_00B960,UNKNOWN,UNKNOWN,no semantic evidence (offset-named or unkeyworded),in-engine draw capture + surface mapping; visual texture inspection
spot09_sceneTex_00C160,UNKNOWN,UNKNOWN,no semantic evidence (offset-named or unkeyworded),in-engine draw capture + surface mapping; visual texture inspection
spot09_sceneTex_00D160,UNKNOWN,UNKNOWN,no semantic evidence (offset-named or unkeyworded),in-engine draw capture + surface mapping; visual texture inspection
spot09_sceneTex_00E160,UNKNOWN,UNKNOWN,no semantic evidence (offset-named or unkeyworded),in-engine draw capture + surface mapping; visual texture inspection
spot09_sceneTex_00E960,UNKNOWN,UNKNOWN,no semantic evidence (offset-named or unkeyworded),in-engine draw capture + surface mapping; visual texture inspection
spot09_sceneTex_00F160,UNKNOWN,UNKNOWN,no semantic evidence (offset-named or unkeyworded),in-engine draw capture + surface mapping; visual texture inspection
spot09_sceneTex_00F960,UNKNOWN,UNKNOWN,no semantic evidence (offset-named or unkeyworded),in-engine draw capture + surface mapping; visual texture inspection
spot09_sceneTex_010960,UNKNOWN,UNKNOWN,no semantic evidence (offset-named or unkeyworded),in-engine draw capture + surface mapping; visual texture inspection
spot10_room_1Tex_003BA0,UNKNOWN,UNKNOWN,no semantic evidence (offset-named or unkeyworded),in-engine draw capture + surface mapping; visual texture inspection
spot10_room_1Tex_003FA0,UNKNOWN,UNKNOWN,no semantic evidence (offset-named or unkeyworded),in-engine draw capture + surface mapping; visual texture inspection
spot10_room_1Tex_0047A0,UNKNOWN,UNKNOWN,no semantic evidence (offset-named or unkeyworded),in-engine draw capture + surface mapping; visual texture inspection
spot10_room_1Tex_004FA0,UNKNOWN,UNKNOWN,no semantic evidence (offset-named or unkeyworded),in-engine draw capture + surface mapping; visual texture inspection
spot10_room_1Tex_005FA0,UNKNOWN,UNKNOWN,no semantic evidence (offset-named or unkeyworded),in-engine draw capture + surface mapping; visual texture inspection
spot10_room_1Tex_0067A0,UNKNOWN,UNKNOWN,no semantic evidence (offset-named or unkeyworded),in-engine draw capture + surface mapping; visual texture inspection
spot10_room_1Tex_006FA0,UNKNOWN,UNKNOWN,no semantic evidence (offset-named or unkeyworded),in-engine draw capture + surface mapping; visual texture inspection
spot10_room_1Tex_007C30,UNKNOWN,UNKNOWN,no semantic evidence (offset-named or unkeyworded),in-engine draw capture + surface mapping; visual texture inspection
spot10_room_1Tex_008030,UNKNOWN,UNKNOWN,no semantic evidence (offset-named or unkeyworded),in-engine draw capture + surface mapping; visual texture inspection
spot10_room_2Tex_0023E8,UNKNOWN,UNKNOWN,no semantic evidence (offset-named or unkeyworded),in-engine draw capture + surface mapping; visual texture inspection
spot10_room_2Tex_0033E8,UNKNOWN,UNKNOWN,no semantic evidence (offset-named or unkeyworded),in-engine draw capture + surface mapping; visual texture inspection
spot10_room_2Tex_0043E8,UNKNOWN,UNKNOWN,no semantic evidence (offset-named or unkeyworded),in-engine draw capture + surface mapping; visual texture inspection
spot10_room_3Tex_0028F8,UNKNOWN,UNKNOWN,no semantic evidence (offset-named or unkeyworded),in-engine draw capture + surface mapping; visual texture inspection
spot10_room_3Tex_0038F8,UNKNOWN,UNKNOWN,no semantic evidence (offset-named or unkeyworded),in-engine draw capture + surface mapping; visual texture inspection
spot10_room_3Tex_0048F8,UNKNOWN,UNKNOWN,no semantic evidence (offset-named or unkeyworded),in-engine draw capture + surface mapping; visual texture inspection
spot10_room_3Tex_0052A8,UNKNOWN,UNKNOWN,no semantic evidence (offset-named or unkeyworded),in-engine draw capture + surface mapping; visual texture inspection
spot10_room_5Tex_0037F0,UNKNOWN,UNKNOWN,no semantic evidence (offset-named or unkeyworded),in-engine draw capture + surface mapping; visual texture inspection
spot10_room_5Tex_0047F0,UNKNOWN,UNKNOWN,no semantic evidence (offset-named or unkeyworded),in-engine draw capture + surface mapping; visual texture inspection
spot10_room_5Tex_0057F0,UNKNOWN,UNKNOWN,no semantic evidence (offset-named or unkeyworded),in-engine draw capture + surface mapping; visual texture inspection
spot10_room_5Tex_0067F0,UNKNOWN,UNKNOWN,no semantic evidence (offset-named or unkeyworded),in-engine draw capture + surface mapping; visual texture inspection
spot10_room_6Tex_0022E8,UNKNOWN,UNKNOWN,no semantic evidence (offset-named or unkeyworded),in-engine draw capture + surface mapping; visual texture inspection
spot10_room_6Tex_002AE8,UNKNOWN,UNKNOWN,no semantic evidence (offset-named or unkeyworded),in-engine draw capture + surface mapping; visual texture inspection
spot10_room_6Tex_0032E8,UNKNOWN,UNKNOWN,no semantic evidence (offset-named or unkeyworded),in-engine draw capture + surface mapping; visual texture inspection
spot10_room_9Tex_001EF8,UNKNOWN,UNKNOWN,no semantic evidence (offset-named or unkeyworded),in-engine draw capture + surface mapping; visual texture inspection
spot10_room_9Tex_0026F8,UNKNOWN,UNKNOWN,no semantic evidence (offset-named or unkeyworded),in-engine draw capture + surface mapping; visual texture inspection
spot10_room_9Tex_0033D8,UNKNOWN,UNKNOWN,no semantic evidence (offset-named or unkeyworded),in-engine draw capture + surface mapping; visual texture inspection
spot10_room_9Tex_0037D8,UNKNOWN,UNKNOWN,no semantic evidence (offset-named or unkeyworded),in-engine draw capture + surface mapping; visual texture inspection
spot10_sceneTex_00C230,UNKNOWN,UNKNOWN,no semantic evidence (offset-named or unkeyworded),in-engine draw capture + surface mapping; visual texture inspection
spot10_sceneTex_00CA30,UNKNOWN,UNKNOWN,no semantic evidence (offset-named or unkeyworded),in-engine draw capture + surface mapping; visual texture inspection
spot10_sceneTex_00D230,UNKNOWN,UNKNOWN,no semantic evidence (offset-named or unkeyworded),in-engine draw capture + surface mapping; visual texture inspection
spot10_sceneTex_00DA30,UNKNOWN,UNKNOWN,no semantic evidence (offset-named or unkeyworded),in-engine draw capture + surface mapping; visual texture inspection
spot10_sceneTex_00EA30,UNKNOWN,UNKNOWN,no semantic evidence (offset-named or unkeyworded),in-engine draw capture + surface mapping; visual texture inspection
spot10_sceneTex_00F230,UNKNOWN,UNKNOWN,no semantic evidence (offset-named or unkeyworded),in-engine draw capture + surface mapping; visual texture inspection
spot10_sceneTex_00F430,UNKNOWN,UNKNOWN,no semantic evidence (offset-named or unkeyworded),in-engine draw capture + surface mapping; visual texture inspection
spot10_sceneTex_00FC30,UNKNOWN,UNKNOWN,no semantic evidence (offset-named or unkeyworded),in-engine draw capture + surface mapping; visual texture inspection
spot11_sceneTex_007CA0,UNKNOWN,UNKNOWN,no semantic evidence (offset-named or unkeyworded),in-engine draw capture + surface mapping; visual texture inspection
spot11_sceneTex_0084A0,UNKNOWN,UNKNOWN,no semantic evidence (offset-named or unkeyworded),in-engine draw capture + surface mapping; visual texture inspection
spot11_sceneTex_008CA0,UNKNOWN,UNKNOWN,no semantic evidence (offset-named or unkeyworded),in-engine draw capture + surface mapping; visual texture inspection
spot11_sceneTex_0090A0,UNKNOWN,UNKNOWN,no semantic evidence (offset-named or unkeyworded),in-engine draw capture + surface mapping; visual texture inspection
spot11_sceneTex_00A0A0,UNKNOWN,UNKNOWN,no semantic evidence (offset-named or unkeyworded),in-engine draw capture + surface mapping; visual texture inspection
spot11_sceneTex_00A8A0,UNKNOWN,UNKNOWN,no semantic evidence (offset-named or unkeyworded),in-engine draw capture + surface mapping; visual texture inspection
spot11_sceneTex_00B8A0,UNKNOWN,UNKNOWN,no semantic evidence (offset-named or unkeyworded),in-engine draw capture + surface mapping; visual texture inspection
spot11_sceneTex_00BCA0,UNKNOWN,UNKNOWN,no semantic evidence (offset-named or unkeyworded),in-engine draw capture + surface mapping; visual texture inspection
spot11_sceneTex_00C4A0,UNKNOWN,UNKNOWN,no semantic evidence (offset-named or unkeyworded),in-engine draw capture + surface mapping; visual texture inspection
spot11_sceneTex_00CCA0,UNKNOWN,UNKNOWN,no semantic evidence (offset-named or unkeyworded),in-engine draw capture + surface mapping; visual texture inspection
spot11_sceneTex_00D4A0,UNKNOWN,UNKNOWN,no semantic evidence (offset-named or unkeyworded),in-engine draw capture + surface mapping; visual texture inspection
spot11_sceneTex_00DCA0,UNKNOWN,UNKNOWN,no semantic evidence (offset-named or unkeyworded),in-engine draw capture + surface mapping; visual texture inspection
spot11_sceneTex_00ECA0,UNKNOWN,UNKNOWN,no semantic evidence (offset-named or unkeyworded),in-engine draw capture + surface mapping; visual texture inspection
spot11_sceneTex_00F4A0,UNKNOWN,UNKNOWN,no semantic evidence (offset-named or unkeyworded),in-engine draw capture + surface mapping; visual texture inspection
spot11_sceneTex_00FCA0,UNKNOWN,UNKNOWN,no semantic evidence (offset-named or unkeyworded),in-engine draw capture + surface mapping; visual texture inspection
spot11_sceneTex_00FCE0,UNKNOWN,UNKNOWN,no semantic evidence (offset-named or unkeyworded),in-engine draw capture + surface mapping; visual texture inspection
spot11_sceneTex_0104E0,UNKNOWN,UNKNOWN,no semantic evidence (offset-named or unkeyworded),in-engine draw capture + surface mapping; visual texture inspection
spot11_sceneTex_010CE0,UNKNOWN,UNKNOWN,no semantic evidence (offset-named or unkeyworded),in-engine draw capture + surface mapping; visual texture inspection
spot11_sceneTex_011CE0,UNKNOWN,UNKNOWN,no semantic evidence (offset-named or unkeyworded),in-engine draw capture + surface mapping; visual texture inspection
spot11_sceneTex_0124E0,UNKNOWN,UNKNOWN,no semantic evidence (offset-named or unkeyworded),in-engine draw capture + surface mapping; visual texture inspection
spot11_sceneTex_012CE0,UNKNOWN,UNKNOWN,no semantic evidence (offset-named or unkeyworded),in-engine draw capture + surface mapping; visual texture inspection
spot11_sceneTex_0134E0,UNKNOWN,UNKNOWN,no semantic evidence (offset-named or unkeyworded),in-engine draw capture + surface mapping; visual texture inspection
spot11_sceneTex_013CE0,UNKNOWN,UNKNOWN,no semantic evidence (offset-named or unkeyworded),in-engine draw capture + surface mapping; visual texture inspection
spot11_sceneTex_0144E0,UNKNOWN,UNKNOWN,no semantic evidence (offset-named or unkeyworded),in-engine draw capture + surface mapping; visual texture inspection
spot11_sceneTex_0154E0,UNKNOWN,UNKNOWN,no semantic evidence (offset-named or unkeyworded),in-engine draw capture + surface mapping; visual texture inspection
spot11_sceneTex_015CE0,UNKNOWN,UNKNOWN,no semantic evidence (offset-named or unkeyworded),in-engine draw capture + surface mapping; visual texture inspection
spot11_sceneTex_0164E0,UNKNOWN,UNKNOWN,no semantic evidence (offset-named or unkeyworded),in-engine draw capture + surface mapping; visual texture inspection
spot11_sceneTex_016CE0,UNKNOWN,UNKNOWN,no semantic evidence (offset-named or unkeyworded),in-engine draw capture + surface mapping; visual texture inspection
spot11_sceneTex_0174E0,UNKNOWN,UNKNOWN,no semantic evidence (offset-named or unkeyworded),in-engine draw capture + surface mapping; visual texture inspection
spot11_sceneTex_017CE0,UNKNOWN,UNKNOWN,no semantic evidence (offset-named or unkeyworded),in-engine draw capture + surface mapping; visual texture inspection
spot11_sceneTex_0184E0,UNKNOWN,UNKNOWN,no semantic evidence (offset-named or unkeyworded),in-engine draw capture + surface mapping; visual texture inspection
spot11_sceneTex_018CE0,UNKNOWN,UNKNOWN,no semantic evidence (offset-named or unkeyworded),in-engine draw capture + surface mapping; visual texture inspection
gSpot12_009678Tex,UNKNOWN,UNKNOWN,no semantic evidence (offset-named or unkeyworded),in-engine draw capture + surface mapping; visual texture inspection
gSpot12_00DE78Tex,UNKNOWN,UNKNOWN,no semantic evidence (offset-named or unkeyworded),in-engine draw capture + surface mapping; visual texture inspection
spot12_room_0Tex_008AB0,UNKNOWN,UNKNOWN,no semantic evidence (offset-named or unkeyworded),in-engine draw capture + surface mapping; visual texture inspection
spot12_room_0Tex_0092B0,UNKNOWN,UNKNOWN,no semantic evidence (offset-named or unkeyworded),in-engine draw capture + surface mapping; visual texture inspection
spot12_room_0Tex_0096B0,UNKNOWN,UNKNOWN,no semantic evidence (offset-named or unkeyworded),in-engine draw capture + surface mapping; visual texture inspection
spot12_room_0Tex_009EB0,UNKNOWN,UNKNOWN,no semantic evidence (offset-named or unkeyworded),in-engine draw capture + surface mapping; visual texture inspection
spot12_room_0Tex_00A6B0,UNKNOWN,UNKNOWN,no semantic evidence (offset-named or unkeyworded),in-engine draw capture + surface mapping; visual texture inspection
spot12_room_0Tex_00B6B0,UNKNOWN,UNKNOWN,no semantic evidence (offset-named or unkeyworded),in-engine draw capture + surface mapping; visual texture inspection
spot12_room_0Tex_00BEB0,UNKNOWN,UNKNOWN,no semantic evidence (offset-named or unkeyworded),in-engine draw capture + surface mapping; visual texture inspection
spot12_room_0Tex_00C6B0,UNKNOWN,UNKNOWN,no semantic evidence (offset-named or unkeyworded),in-engine draw capture + surface mapping; visual texture inspection
spot12_room_0Tex_00CAB0,UNKNOWN,UNKNOWN,no semantic evidence (offset-named or unkeyworded),in-engine draw capture + surface mapping; visual texture inspection
spot12_room_0Tex_00D2B0,UNKNOWN,UNKNOWN,no semantic evidence (offset-named or unkeyworded),in-engine draw capture + surface mapping; visual texture inspection
spot12_room_0Tex_00E2B0,UNKNOWN,UNKNOWN,no semantic evidence (offset-named or unkeyworded),in-engine draw capture + surface mapping; visual texture inspection
spot12_room_0Tex_00EAB0,UNKNOWN,UNKNOWN,no semantic evidence (offset-named or unkeyworded),in-engine draw capture + surface mapping; visual texture inspection
spot12_room_0Tex_00FD78,UNKNOWN,UNKNOWN,no semantic evidence (offset-named or unkeyworded),in-engine draw capture + surface mapping; visual texture inspection
spot12_room_0Tex_00FDB8,UNKNOWN,UNKNOWN,no semantic evidence (offset-named or unkeyworded),in-engine draw capture + surface mapping; visual texture inspection
spot12_room_0Tex_0105B8,UNKNOWN,UNKNOWN,no semantic evidence (offset-named or unkeyworded),in-engine draw capture + surface mapping; visual texture inspection
spot12_room_1Tex_005638,UNKNOWN,UNKNOWN,no semantic evidence (offset-named or unkeyworded),in-engine draw capture + surface mapping; visual texture inspection
spot12_room_1Tex_006638,UNKNOWN,UNKNOWN,no semantic evidence (offset-named or unkeyworded),in-engine draw capture + surface mapping; visual texture inspection
spot12_room_1Tex_007638,UNKNOWN,UNKNOWN,no semantic evidence (offset-named or unkeyworded),in-engine draw capture + surface mapping; visual texture inspection
spot12_room_1Tex_007E38,UNKNOWN,UNKNOWN,no semantic evidence (offset-named or unkeyworded),in-engine draw capture + surface mapping; visual texture inspection
spot12_room_1Tex_008E38,UNKNOWN,UNKNOWN,no semantic evidence (offset-named or unkeyworded),in-engine draw capture + surface mapping; visual texture inspection
spot12_room_1Tex_009E38,UNKNOWN,UNKNOWN,no semantic evidence (offset-named or unkeyworded),in-engine draw capture + surface mapping; visual texture inspection
spot12_room_1Tex_00A638,UNKNOWN,UNKNOWN,no semantic evidence (offset-named or unkeyworded),in-engine draw capture + surface mapping; visual texture inspection
spot12_room_1Tex_00B0A0,UNKNOWN,UNKNOWN,no semantic evidence (offset-named or unkeyworded),in-engine draw capture + surface mapping; visual texture inspection
spot12_room_1Tex_00B8A0,UNKNOWN,UNKNOWN,no semantic evidence (offset-named or unkeyworded),in-engine draw capture + surface mapping; visual texture inspection
spot12_sceneTex_006678,UNKNOWN,UNKNOWN,no semantic evidence (offset-named or unkeyworded),in-engine draw capture + surface mapping; visual texture inspection
spot12_sceneTex_007678,UNKNOWN,UNKNOWN,no semantic evidence (offset-named or unkeyworded),in-engine draw capture + surface mapping; visual texture inspection
spot12_sceneTex_008678,UNKNOWN,UNKNOWN,no semantic evidence (offset-named or unkeyworded),in-engine draw capture + surface mapping; visual texture inspection
spot12_sceneTex_008E78,UNKNOWN,UNKNOWN,no semantic evidence (offset-named or unkeyworded),in-engine draw capture + surface mapping; visual texture inspection
spot12_sceneTex_00A678,UNKNOWN,UNKNOWN,no semantic evidence (offset-named or unkeyworded),in-engine draw capture + surface mapping; visual texture inspection
spot12_sceneTex_00B678,UNKNOWN,UNKNOWN,no semantic evidence (offset-named or unkeyworded),in-engine draw capture + surface mapping; visual texture inspection
spot12_sceneTex_00BE78,UNKNOWN,UNKNOWN,no semantic evidence (offset-named or unkeyworded),in-engine draw capture + surface mapping; visual texture inspection
spot12_sceneTex_00C678,UNKNOWN,UNKNOWN,no semantic evidence (offset-named or unkeyworded),in-engine draw capture + surface mapping; visual texture inspection
spot12_sceneTex_00CE78,UNKNOWN,UNKNOWN,no semantic evidence (offset-named or unkeyworded),in-engine draw capture + surface mapping; visual texture inspection
spot12_sceneTex_00D678,UNKNOWN,UNKNOWN,no semantic evidence (offset-named or unkeyworded),in-engine draw capture + surface mapping; visual texture inspection
spot12_sceneTex_00EE78,UNKNOWN,UNKNOWN,no semantic evidence (offset-named or unkeyworded),in-engine draw capture + surface mapping; visual texture inspection
spot13_room_1Tex_007E08,UNKNOWN,UNKNOWN,no semantic evidence (offset-named or unkeyworded),in-engine draw capture + surface mapping; visual texture inspection
spot13_room_1Tex_008608,UNKNOWN,UNKNOWN,no semantic evidence (offset-named or unkeyworded),in-engine draw capture + surface mapping; visual texture inspection
spot13_room_1Tex_008A08,UNKNOWN,UNKNOWN,no semantic evidence (offset-named or unkeyworded),in-engine draw capture + surface mapping; visual texture inspection
spot13_room_1Tex_009A08,UNKNOWN,UNKNOWN,no semantic evidence (offset-named or unkeyworded),in-engine draw capture + surface mapping; visual texture inspection
spot13_room_1Tex_009C08,UNKNOWN,UNKNOWN,no semantic evidence (offset-named or unkeyworded),in-engine draw capture + surface mapping; visual texture inspection
spot13_room_1Tex_009E08,UNKNOWN,UNKNOWN,no semantic evidence (offset-named or unkeyworded),in-engine draw capture + surface mapping; visual texture inspection
spot13_room_1Tex_00A608,UNKNOWN,UNKNOWN,no semantic evidence (offset-named or unkeyworded),in-engine draw capture + surface mapping; visual texture inspection
spot13_room_1Tex_00AA08,UNKNOWN,UNKNOWN,no semantic evidence (offset-named or unkeyworded),in-engine draw capture + surface mapping; visual texture inspection
spot13_room_1Tex_00AE08,UNKNOWN,UNKNOWN,no semantic evidence (offset-named or unkeyworded),in-engine draw capture + surface mapping; visual texture inspection
spot13_room_1Tex_00B608,UNKNOWN,UNKNOWN,no semantic evidence (offset-named or unkeyworded),in-engine draw capture + surface mapping; visual texture inspection
spot13_room_1Tex_00B808,UNKNOWN,UNKNOWN,no semantic evidence (offset-named or unkeyworded),in-engine draw capture + surface mapping; visual texture inspection
spot13_room_1Tex_00BC08,UNKNOWN,UNKNOWN,no semantic evidence (offset-named or unkeyworded),in-engine draw capture + surface mapping; visual texture inspection
spot13_room_1Tex_00C408,UNKNOWN,UNKNOWN,no semantic evidence (offset-named or unkeyworded),in-engine draw capture + surface mapping; visual texture inspection
spot13_room_1Tex_00C608,UNKNOWN,UNKNOWN,no semantic evidence (offset-named or unkeyworded),in-engine draw capture + surface mapping; visual texture inspection
spot13_room_1Tex_00D608,UNKNOWN,UNKNOWN,no semantic evidence (offset-named or unkeyworded),in-engine draw capture + surface mapping; visual texture inspection
spot13_room_1Tex_00E608,UNKNOWN,UNKNOWN,no semantic evidence (offset-named or unkeyworded),in-engine draw capture + surface mapping; visual texture inspection
spot13_room_1Tex_00EE08,UNKNOWN,UNKNOWN,no semantic evidence (offset-named or unkeyworded),in-engine draw capture + surface mapping; visual texture inspection
spot13_room_1Tex_00FE08,UNKNOWN,UNKNOWN,no semantic evidence (offset-named or unkeyworded),in-engine draw capture + surface mapping; visual texture inspection
spot13_room_1Tex_010608,UNKNOWN,UNKNOWN,no semantic evidence (offset-named or unkeyworded),in-engine draw capture + surface mapping; visual texture inspection
spot13_room_1Tex_010E08,UNKNOWN,UNKNOWN,no semantic evidence (offset-named or unkeyworded),in-engine draw capture + surface mapping; visual texture inspection
spot13_room_1Tex_011208,UNKNOWN,UNKNOWN,no semantic evidence (offset-named or unkeyworded),in-engine draw capture + surface mapping; visual texture inspection
spot13_room_1Tex_011E40,UNKNOWN,UNKNOWN,no semantic evidence (offset-named or unkeyworded),in-engine draw capture + surface mapping; visual texture inspection
spot13_room_1Tex_012240,UNKNOWN,UNKNOWN,no semantic evidence (offset-named or unkeyworded),in-engine draw capture + surface mapping; visual texture inspection
spot13_sceneTex_003A30,UNKNOWN,UNKNOWN,no semantic evidence (offset-named or unkeyworded),in-engine draw capture + surface mapping; visual texture inspection
spot13_sceneTex_003E30,UNKNOWN,UNKNOWN,no semantic evidence (offset-named or unkeyworded),in-engine draw capture + surface mapping; visual texture inspection
spot13_sceneTex_004E30,UNKNOWN,UNKNOWN,no semantic evidence (offset-named or unkeyworded),in-engine draw capture + surface mapping; visual texture inspection
spot15_sceneTex_004100,UNKNOWN,UNKNOWN,no semantic evidence (offset-named or unkeyworded),in-engine draw capture + surface mapping; visual texture inspection
spot15_sceneTex_004900,UNKNOWN,UNKNOWN,no semantic evidence (offset-named or unkeyworded),in-engine draw capture + surface mapping; visual texture inspection
spot15_sceneTex_004A00,UNKNOWN,UNKNOWN,no semantic evidence (offset-named or unkeyworded),in-engine draw capture + surface mapping; visual texture inspection
spot15_sceneTex_004C00,UNKNOWN,UNKNOWN,no semantic evidence (offset-named or unkeyworded),in-engine draw capture + surface mapping; visual texture inspection
spot15_sceneTex_005400,UNKNOWN,UNKNOWN,no semantic evidence (offset-named or unkeyworded),in-engine draw capture + surface mapping; visual texture inspection
spot15_sceneTex_006400,UNKNOWN,UNKNOWN,no semantic evidence (offset-named or unkeyworded),in-engine draw capture + surface mapping; visual texture inspection
spot15_sceneTex_006500,UNKNOWN,UNKNOWN,no semantic evidence (offset-named or unkeyworded),in-engine draw capture + surface mapping; visual texture inspection
spot15_sceneTex_006D00,UNKNOWN,UNKNOWN,no semantic evidence (offset-named or unkeyworded),in-engine draw capture + surface mapping; visual texture inspection
spot15_sceneTex_006F00,UNKNOWN,UNKNOWN,no semantic evidence (offset-named or unkeyworded),in-engine draw capture + surface mapping; visual texture inspection
spot15_sceneTex_007300,UNKNOWN,UNKNOWN,no semantic evidence (offset-named or unkeyworded),in-engine draw capture + surface mapping; visual texture inspection
spot15_sceneTex_007B00,UNKNOWN,UNKNOWN,no semantic evidence (offset-named or unkeyworded),in-engine draw capture + surface mapping; visual texture inspection
spot15_sceneTex_007C00,UNKNOWN,UNKNOWN,no semantic evidence (offset-named or unkeyworded),in-engine draw capture + surface mapping; visual texture inspection
spot15_sceneTex_007E00,UNKNOWN,UNKNOWN,no semantic evidence (offset-named or unkeyworded),in-engine draw capture + surface mapping; visual texture inspection
spot15_sceneTex_008E00,UNKNOWN,UNKNOWN,no semantic evidence (offset-named or unkeyworded),in-engine draw capture + surface mapping; visual texture inspection
spot15_sceneTex_009600,UNKNOWN,UNKNOWN,no semantic evidence (offset-named or unkeyworded),in-engine draw capture + surface mapping; visual texture inspection
spot15_sceneTex_009800,UNKNOWN,UNKNOWN,no semantic evidence (offset-named or unkeyworded),in-engine draw capture + surface mapping; visual texture inspection
spot15_sceneTex_009900,UNKNOWN,UNKNOWN,no semantic evidence (offset-named or unkeyworded),in-engine draw capture + surface mapping; visual texture inspection
spot15_sceneTex_00A100,UNKNOWN,UNKNOWN,no semantic evidence (offset-named or unkeyworded),in-engine draw capture + surface mapping; visual texture inspection
spot15_sceneTex_00A900,UNKNOWN,UNKNOWN,no semantic evidence (offset-named or unkeyworded),in-engine draw capture + surface mapping; visual texture inspection
spot15_sceneTex_00B900,UNKNOWN,UNKNOWN,no semantic evidence (offset-named or unkeyworded),in-engine draw capture + surface mapping; visual texture inspection
spot15_sceneTex_00BA00,UNKNOWN,UNKNOWN,no semantic evidence (offset-named or unkeyworded),in-engine draw capture + surface mapping; visual texture inspection
spot15_sceneTex_00C200,UNKNOWN,UNKNOWN,no semantic evidence (offset-named or unkeyworded),in-engine draw capture + surface mapping; visual texture inspection
spot15_sceneTex_00CA00,UNKNOWN,UNKNOWN,no semantic evidence (offset-named or unkeyworded),in-engine draw capture + surface mapping; visual texture inspection
spot15_sceneTex_00DA00,UNKNOWN,UNKNOWN,no semantic evidence (offset-named or unkeyworded),in-engine draw capture + surface mapping; visual texture inspection
spot15_sceneTex_00EA00,UNKNOWN,UNKNOWN,no semantic evidence (offset-named or unkeyworded),in-engine draw capture + surface mapping; visual texture inspection
spot15_sceneTex_00EC00,UNKNOWN,UNKNOWN,no semantic evidence (offset-named or unkeyworded),in-engine draw capture + surface mapping; visual texture inspection
spot15_sceneTex_00FC00,UNKNOWN,UNKNOWN,no semantic evidence (offset-named or unkeyworded),in-engine draw capture + surface mapping; visual texture inspection
spot15_sceneTex_010400,UNKNOWN,UNKNOWN,no semantic evidence (offset-named or unkeyworded),in-engine draw capture + surface mapping; visual texture inspection
spot15_sceneTex_010C00,UNKNOWN,UNKNOWN,no semantic evidence (offset-named or unkeyworded),in-engine draw capture + surface mapping; visual texture inspection
spot15_sceneTex_011400,UNKNOWN,UNKNOWN,no semantic evidence (offset-named or unkeyworded),in-engine draw capture + surface mapping; visual texture inspection
spot15_sceneTex_011C00,UNKNOWN,UNKNOWN,no semantic evidence (offset-named or unkeyworded),in-engine draw capture + surface mapping; visual texture inspection
spot15_sceneTex_012400,UNKNOWN,UNKNOWN,no semantic evidence (offset-named or unkeyworded),in-engine draw capture + surface mapping; visual texture inspection
spot15_sceneTex_013400,UNKNOWN,UNKNOWN,no semantic evidence (offset-named or unkeyworded),in-engine draw capture + surface mapping; visual texture inspection
spot15_sceneTex_014400,UNKNOWN,UNKNOWN,no semantic evidence (offset-named or unkeyworded),in-engine draw capture + surface mapping; visual texture inspection
spot15_sceneTex_014C00,UNKNOWN,UNKNOWN,no semantic evidence (offset-named or unkeyworded),in-engine draw capture + surface mapping; visual texture inspection
spot15_sceneTex_015C00,UNKNOWN,UNKNOWN,no semantic evidence (offset-named or unkeyworded),in-engine draw capture + surface mapping; visual texture inspection
spot15_sceneTex_015E00,UNKNOWN,UNKNOWN,no semantic evidence (offset-named or unkeyworded),in-engine draw capture + surface mapping; visual texture inspection
spot15_sceneTex_016600,UNKNOWN,UNKNOWN,no semantic evidence (offset-named or unkeyworded),in-engine draw capture + surface mapping; visual texture inspection
spot15_sceneTex_016800,UNKNOWN,UNKNOWN,no semantic evidence (offset-named or unkeyworded),in-engine draw capture + surface mapping; visual texture inspection
spot15_sceneTex_016C00,UNKNOWN,UNKNOWN,no semantic evidence (offset-named or unkeyworded),in-engine draw capture + surface mapping; visual texture inspection
spot15_sceneTex_017400,UNKNOWN,UNKNOWN,no semantic evidence (offset-named or unkeyworded),in-engine draw capture + surface mapping; visual texture inspection
spot15_sceneTex_017C00,UNKNOWN,UNKNOWN,no semantic evidence (offset-named or unkeyworded),in-engine draw capture + surface mapping; visual texture inspection
spot15_sceneTex_018400,UNKNOWN,UNKNOWN,no semantic evidence (offset-named or unkeyworded),in-engine draw capture + surface mapping; visual texture inspection
spot16_sceneTex_008198,UNKNOWN,UNKNOWN,no semantic evidence (offset-named or unkeyworded),in-engine draw capture + surface mapping; visual texture inspection
spot16_sceneTex_009198,UNKNOWN,UNKNOWN,no semantic evidence (offset-named or unkeyworded),in-engine draw capture + surface mapping; visual texture inspection
spot16_sceneTex_009998,UNKNOWN,UNKNOWN,no semantic evidence (offset-named or unkeyworded),in-engine draw capture + surface mapping; visual texture inspection
spot16_sceneTex_009D98,UNKNOWN,UNKNOWN,no semantic evidence (offset-named or unkeyworded),in-engine draw capture + surface mapping; visual texture inspection
spot16_sceneTex_00AD98,UNKNOWN,UNKNOWN,no semantic evidence (offset-named or unkeyworded),in-engine draw capture + surface mapping; visual texture inspection
spot16_sceneTex_00BD98,UNKNOWN,UNKNOWN,no semantic evidence (offset-named or unkeyworded),in-engine draw capture + surface mapping; visual texture inspection
spot16_sceneTex_00CD98,UNKNOWN,UNKNOWN,no semantic evidence (offset-named or unkeyworded),in-engine draw capture + surface mapping; visual texture inspection
spot16_sceneTex_00CF98,UNKNOWN,UNKNOWN,no semantic evidence (offset-named or unkeyworded),in-engine draw capture + surface mapping; visual texture inspection
spot16_sceneTex_00D398,UNKNOWN,UNKNOWN,no semantic evidence (offset-named or unkeyworded),in-engine draw capture + surface mapping; visual texture inspection
spot16_sceneTex_00D798,UNKNOWN,UNKNOWN,no semantic evidence (offset-named or unkeyworded),in-engine draw capture + surface mapping; visual texture inspection
spot16_sceneTex_00DF98,UNKNOWN,UNKNOWN,no semantic evidence (offset-named or unkeyworded),in-engine draw capture + surface mapping; visual texture inspection
spot16_sceneTex_00E198,UNKNOWN,UNKNOWN,no semantic evidence (offset-named or unkeyworded),in-engine draw capture + surface mapping; visual texture inspection
spot16_sceneTex_00F198,UNKNOWN,UNKNOWN,no semantic evidence (offset-named or unkeyworded),in-engine draw capture + surface mapping; visual texture inspection
spot16_sceneTex_010198,UNKNOWN,UNKNOWN,no semantic evidence (offset-named or unkeyworded),in-engine draw capture + surface mapping; visual texture inspection
spot16_sceneTex_011198,UNKNOWN,UNKNOWN,no semantic evidence (offset-named or unkeyworded),in-engine draw capture + surface mapping; visual texture inspection
spot16_sceneTex_011598,UNKNOWN,UNKNOWN,no semantic evidence (offset-named or unkeyworded),in-engine draw capture + surface mapping; visual texture inspection
spot16_sceneTex_011798,UNKNOWN,UNKNOWN,no semantic evidence (offset-named or unkeyworded),in-engine draw capture + surface mapping; visual texture inspection
spot16_sceneTex_012798,UNKNOWN,UNKNOWN,no semantic evidence (offset-named or unkeyworded),in-engine draw capture + surface mapping; visual texture inspection
spot16_sceneTex_013798,UNKNOWN,UNKNOWN,no semantic evidence (offset-named or unkeyworded),in-engine draw capture + surface mapping; visual texture inspection
spot16_sceneTex_013998,UNKNOWN,UNKNOWN,no semantic evidence (offset-named or unkeyworded),in-engine draw capture + surface mapping; visual texture inspection
spot16_sceneTex_013D98,UNKNOWN,UNKNOWN,no semantic evidence (offset-named or unkeyworded),in-engine draw capture + surface mapping; visual texture inspection
spot16_sceneTex_014D98,UNKNOWN,UNKNOWN,no semantic evidence (offset-named or unkeyworded),in-engine draw capture + surface mapping; visual texture inspection
spot16_sceneTex_015598,UNKNOWN,UNKNOWN,no semantic evidence (offset-named or unkeyworded),in-engine draw capture + surface mapping; visual texture inspection
spot16_sceneTex_015D98,UNKNOWN,UNKNOWN,no semantic evidence (offset-named or unkeyworded),in-engine draw capture + surface mapping; visual texture inspection
spot16_sceneTex_015E98,UNKNOWN,UNKNOWN,no semantic evidence (offset-named or unkeyworded),in-engine draw capture + surface mapping; visual texture inspection
spot16_sceneTex_016E98,UNKNOWN,UNKNOWN,no semantic evidence (offset-named or unkeyworded),in-engine draw capture + surface mapping; visual texture inspection
spot16_sceneTex_017E98,UNKNOWN,UNKNOWN,no semantic evidence (offset-named or unkeyworded),in-engine draw capture + surface mapping; visual texture inspection
spot16_sceneTex_018698,UNKNOWN,UNKNOWN,no semantic evidence (offset-named or unkeyworded),in-engine draw capture + surface mapping; visual texture inspection
spot16_sceneTex_018E98,UNKNOWN,UNKNOWN,no semantic evidence (offset-named or unkeyworded),in-engine draw capture + surface mapping; visual texture inspection
spot16_sceneTex_019698,UNKNOWN,UNKNOWN,no semantic evidence (offset-named or unkeyworded),in-engine draw capture + surface mapping; visual texture inspection
spot16_sceneTex_019E98,UNKNOWN,UNKNOWN,no semantic evidence (offset-named or unkeyworded),in-engine draw capture + surface mapping; visual texture inspection
spot16_sceneTex_01B698,UNKNOWN,UNKNOWN,no semantic evidence (offset-named or unkeyworded),in-engine draw capture + surface mapping; visual texture inspection
spot16_sceneTex_01C698,UNKNOWN,UNKNOWN,no semantic evidence (offset-named or unkeyworded),in-engine draw capture + surface mapping; visual texture inspection
spot16_sceneTex_01D698,UNKNOWN,UNKNOWN,no semantic evidence (offset-named or unkeyworded),in-engine draw capture + surface mapping; visual texture inspection
spot16_sceneTex_01DE98,UNKNOWN,UNKNOWN,no semantic evidence (offset-named or unkeyworded),in-engine draw capture + surface mapping; visual texture inspection
spot16_scene_Tex_01AE98,UNKNOWN,UNKNOWN,no semantic evidence (offset-named or unkeyworded),in-engine draw capture + surface mapping; visual texture inspection
spot17_room_0Tex_003880,UNKNOWN,UNKNOWN,no semantic evidence (offset-named or unkeyworded),in-engine draw capture + surface mapping; visual texture inspection
spot17_room_0Tex_004880,UNKNOWN,UNKNOWN,no semantic evidence (offset-named or unkeyworded),in-engine draw capture + surface mapping; visual texture inspection
spot17_room_0Tex_005080,UNKNOWN,UNKNOWN,no semantic evidence (offset-named or unkeyworded),in-engine draw capture + surface mapping; visual texture inspection
spot17_room_0Tex_005880,UNKNOWN,UNKNOWN,no semantic evidence (offset-named or unkeyworded),in-engine draw capture + surface mapping; visual texture inspection
spot17_room_1Tex_00BBD8,UNKNOWN,UNKNOWN,no semantic evidence (offset-named or unkeyworded),in-engine draw capture + surface mapping; visual texture inspection
spot17_room_1Tex_00C3D8,UNKNOWN,UNKNOWN,no semantic evidence (offset-named or unkeyworded),in-engine draw capture + surface mapping; visual texture inspection
spot17_room_1Tex_00CBD8,UNKNOWN,UNKNOWN,no semantic evidence (offset-named or unkeyworded),in-engine draw capture + surface mapping; visual texture inspection
spot17_room_1Tex_00D3D8,UNKNOWN,UNKNOWN,no semantic evidence (offset-named or unkeyworded),in-engine draw capture + surface mapping; visual texture inspection
spot17_room_1Tex_00D7D8,UNKNOWN,UNKNOWN,no semantic evidence (offset-named or unkeyworded),in-engine draw capture + surface mapping; visual texture inspection
spot17_room_1Tex_00E7D8,UNKNOWN,UNKNOWN,no semantic evidence (offset-named or unkeyworded),in-engine draw capture + surface mapping; visual texture inspection
spot17_room_1Tex_00E8D8,UNKNOWN,UNKNOWN,no semantic evidence (offset-named or unkeyworded),in-engine draw capture + surface mapping; visual texture inspection
spot17_room_1Tex_00ECD8,UNKNOWN,UNKNOWN,no semantic evidence (offset-named or unkeyworded),in-engine draw capture + surface mapping; visual texture inspection
spot17_room_1Tex_00F0D8,UNKNOWN,UNKNOWN,no semantic evidence (offset-named or unkeyworded),in-engine draw capture + surface mapping; visual texture inspection
spot17_room_1Tex_00F4D8,UNKNOWN,UNKNOWN,no semantic evidence (offset-named or unkeyworded),in-engine draw capture + surface mapping; visual texture inspection
spot17_room_1Tex_00FCD8,UNKNOWN,UNKNOWN,no semantic evidence (offset-named or unkeyworded),in-engine draw capture + surface mapping; visual texture inspection
spot17_room_1Tex_010E58,UNKNOWN,UNKNOWN,no semantic evidence (offset-named or unkeyworded),in-engine draw capture + surface mapping; visual texture inspection
spot17_room_1Tex_011258,UNKNOWN,UNKNOWN,no semantic evidence (offset-named or unkeyworded),in-engine draw capture + surface mapping; visual texture inspection
spot17_room_1Tex_011658,UNKNOWN,UNKNOWN,no semantic evidence (offset-named or unkeyworded),in-engine draw capture + surface mapping; visual texture inspection
spot17_room_1Tex_011A58,UNKNOWN,UNKNOWN,no semantic evidence (offset-named or unkeyworded),in-engine draw capture + surface mapping; visual texture inspection
spot17_room_1Tex_012258,UNKNOWN,UNKNOWN,no semantic evidence (offset-named or unkeyworded),in-engine draw capture + surface mapping; visual texture inspection
spot17_sceneTex_007AD8,UNKNOWN,UNKNOWN,no semantic evidence (offset-named or unkeyworded),in-engine draw capture + surface mapping; visual texture inspection
spot17_sceneTex_0082D8,UNKNOWN,UNKNOWN,no semantic evidence (offset-named or unkeyworded),in-engine draw capture + surface mapping; visual texture inspection
spot17_sceneTex_0086D8,UNKNOWN,UNKNOWN,no semantic evidence (offset-named or unkeyworded),in-engine draw capture + surface mapping; visual texture inspection
spot17_sceneTex_008ED8,UNKNOWN,UNKNOWN,no semantic evidence (offset-named or unkeyworded),in-engine draw capture + surface mapping; visual texture inspection
spot17_sceneTex_0096D8,UNKNOWN,UNKNOWN,no semantic evidence (offset-named or unkeyworded),in-engine draw capture + surface mapping; visual texture inspection
spot17_sceneTex_009ED8,UNKNOWN,UNKNOWN,no semantic evidence (offset-named or unkeyworded),in-engine draw capture + surface mapping; visual texture inspection
spot17_sceneTex_00A6D8,UNKNOWN,UNKNOWN,no semantic evidence (offset-named or unkeyworded),in-engine draw capture + surface mapping; visual texture inspection
spot17_sceneTex_00AED8,UNKNOWN,UNKNOWN,no semantic evidence (offset-named or unkeyworded),in-engine draw capture + surface mapping; visual texture inspection
spot17_sceneTex_00B6D8,UNKNOWN,UNKNOWN,no semantic evidence (offset-named or unkeyworded),in-engine draw capture + surface mapping; visual texture inspection
spot17_sceneTex_00BED8,UNKNOWN,UNKNOWN,no semantic evidence (offset-named or unkeyworded),in-engine draw capture + surface mapping; visual texture inspection
spot17_sceneTex_00C6D8,UNKNOWN,UNKNOWN,no semantic evidence (offset-named or unkeyworded),in-engine draw capture + surface mapping; visual texture inspection
spot17_sceneTex_00D6D8,UNKNOWN,UNKNOWN,no semantic evidence (offset-named or unkeyworded),in-engine draw capture + surface mapping; visual texture inspection
spot17_sceneTex_00D8D8,UNKNOWN,UNKNOWN,no semantic evidence (offset-named or unkeyworded),in-engine draw capture + surface mapping; visual texture inspection
spot17_sceneTex_00E0D8,UNKNOWN,UNKNOWN,no semantic evidence (offset-named or unkeyworded),in-engine draw capture + surface mapping; visual texture inspection
spot17_sceneTex_00E8D8,UNKNOWN,UNKNOWN,no semantic evidence (offset-named or unkeyworded),in-engine draw capture + surface mapping; visual texture inspection
spot17_sceneTex_00F0D8,UNKNOWN,UNKNOWN,no semantic evidence (offset-named or unkeyworded),in-engine draw capture + surface mapping; visual texture inspection
spot17_sceneTex_00F8D8,UNKNOWN,UNKNOWN,no semantic evidence (offset-named or unkeyworded),in-engine draw capture + surface mapping; visual texture inspection
spot17_sceneTex_00FCD8,UNKNOWN,UNKNOWN,no semantic evidence (offset-named or unkeyworded),in-engine draw capture + surface mapping; visual texture inspection
gGoronCityDayEntranceTex,UNKNOWN,UNKNOWN,no semantic evidence (offset-named or unkeyworded),in-engine draw capture + surface mapping; visual texture inspection
gGoronCityNightEntranceTex,UNKNOWN,UNKNOWN,no semantic evidence (offset-named or unkeyworded),in-engine draw capture + surface mapping; visual texture inspection
spot18_room_0Tex_004960,UNKNOWN,UNKNOWN,no semantic evidence (offset-named or unkeyworded),in-engine draw capture + surface mapping; visual texture inspection
spot18_room_0Tex_005160,UNKNOWN,UNKNOWN,no semantic evidence (offset-named or unkeyworded),in-engine draw capture + surface mapping; visual texture inspection
spot18_room_0Tex_005560,UNKNOWN,UNKNOWN,no semantic evidence (offset-named or unkeyworded),in-engine draw capture + surface mapping; visual texture inspection
spot18_room_0Tex_005960,UNKNOWN,UNKNOWN,no semantic evidence (offset-named or unkeyworded),in-engine draw capture + surface mapping; visual texture inspection
spot18_room_0Tex_006960,UNKNOWN,UNKNOWN,no semantic evidence (offset-named or unkeyworded),in-engine draw capture + surface mapping; visual texture inspection
spot18_room_0Tex_007160,UNKNOWN,UNKNOWN,no semantic evidence (offset-named or unkeyworded),in-engine draw capture + surface mapping; visual texture inspection
spot18_room_0Tex_007960,UNKNOWN,UNKNOWN,no semantic evidence (offset-named or unkeyworded),in-engine draw capture + surface mapping; visual texture inspection
spot18_room_0Tex_008160,UNKNOWN,UNKNOWN,no semantic evidence (offset-named or unkeyworded),in-engine draw capture + surface mapping; visual texture inspection
spot18_room_0Tex_008960,UNKNOWN,UNKNOWN,no semantic evidence (offset-named or unkeyworded),in-engine draw capture + surface mapping; visual texture inspection
spot18_room_0Tex_009160,UNKNOWN,UNKNOWN,no semantic evidence (offset-named or unkeyworded),in-engine draw capture + surface mapping; visual texture inspection
spot18_room_0Tex_009960,UNKNOWN,UNKNOWN,no semantic evidence (offset-named or unkeyworded),in-engine draw capture + surface mapping; visual texture inspection
spot18_room_0Tex_00A160,UNKNOWN,UNKNOWN,no semantic evidence (offset-named or unkeyworded),in-engine draw capture + surface mapping; visual texture inspection
spot18_room_0Tex_00A960,UNKNOWN,UNKNOWN,no semantic evidence (offset-named or unkeyworded),in-engine draw capture + surface mapping; visual texture inspection
spot18_room_0Tex_00B160,UNKNOWN,UNKNOWN,no semantic evidence (offset-named or unkeyworded),in-engine draw capture + surface mapping; visual texture inspection
spot18_room_0Tex_00B960,UNKNOWN,UNKNOWN,no semantic evidence (offset-named or unkeyworded),in-engine draw capture + surface mapping; visual texture inspection
spot18_room_0Tex_00C160,UNKNOWN,UNKNOWN,no semantic evidence (offset-named or unkeyworded),in-engine draw capture + surface mapping; visual texture inspection
spot18_room_0Tex_00C960,UNKNOWN,UNKNOWN,no semantic evidence (offset-named or unkeyworded),in-engine draw capture + surface mapping; visual texture inspection
spot18_room_0Tex_00DFC8,UNKNOWN,UNKNOWN,no semantic evidence (offset-named or unkeyworded),in-engine draw capture + surface mapping; visual texture inspection
spot18_room_0Tex_00EFC8,UNKNOWN,UNKNOWN,no semantic evidence (offset-named or unkeyworded),in-engine draw capture + surface mapping; visual texture inspection
spot18_room_0Tex_00FFC8,UNKNOWN,UNKNOWN,no semantic evidence (offset-named or unkeyworded),in-engine draw capture + surface mapping; visual texture inspection
spot18_room_0Tex_0107C8,UNKNOWN,UNKNOWN,no semantic evidence (offset-named or unkeyworded),in-engine draw capture + surface mapping; visual texture inspection
spot18_room_0Tex_0117C8,UNKNOWN,UNKNOWN,no semantic evidence (offset-named or unkeyworded),in-engine draw capture + surface mapping; visual texture inspection
spot18_room_1Tex_002868,UNKNOWN,UNKNOWN,no semantic evidence (offset-named or unkeyworded),in-engine draw capture + surface mapping; visual texture inspection
spot18_room_1Tex_003068,UNKNOWN,UNKNOWN,no semantic evidence (offset-named or unkeyworded),in-engine draw capture + surface mapping; visual texture inspection
spot18_room_1Tex_004068,UNKNOWN,UNKNOWN,no semantic evidence (offset-named or unkeyworded),in-engine draw capture + surface mapping; visual texture inspection
spot18_room_1Tex_004868,UNKNOWN,UNKNOWN,no semantic evidence (offset-named or unkeyworded),in-engine draw capture + surface mapping; visual texture inspection
spot18_room_1Tex_005E00,UNKNOWN,UNKNOWN,no semantic evidence (offset-named or unkeyworded),in-engine draw capture + surface mapping; visual texture inspection
spot18_room_2Tex_004818,UNKNOWN,UNKNOWN,no semantic evidence (offset-named or unkeyworded),in-engine draw capture + surface mapping; visual texture inspection
spot18_room_2Tex_005818,UNKNOWN,UNKNOWN,no semantic evidence (offset-named or unkeyworded),in-engine draw capture + surface mapping; visual texture inspection
spot18_room_2Tex_006018,UNKNOWN,UNKNOWN,no semantic evidence (offset-named or unkeyworded),in-engine draw capture + surface mapping; visual texture inspection
spot18_room_2Tex_006818,UNKNOWN,UNKNOWN,no semantic evidence (offset-named or unkeyworded),in-engine draw capture + surface mapping; visual texture inspection
spot18_room_2Tex_007018,UNKNOWN,UNKNOWN,no semantic evidence (offset-named or unkeyworded),in-engine draw capture + surface mapping; visual texture inspection
spot18_room_2Tex_007818,UNKNOWN,UNKNOWN,no semantic evidence (offset-named or unkeyworded),in-engine draw capture + surface mapping; visual texture inspection
spot18_room_2Tex_008018,UNKNOWN,UNKNOWN,no semantic evidence (offset-named or unkeyworded),in-engine draw capture + surface mapping; visual texture inspection
spot18_room_2Tex_008818,UNKNOWN,UNKNOWN,no semantic evidence (offset-named or unkeyworded),in-engine draw capture + surface mapping; visual texture inspection
spot18_room_2Tex_009018,UNKNOWN,UNKNOWN,no semantic evidence (offset-named or unkeyworded),in-engine draw capture + surface mapping; visual texture inspection
spot18_room_2Tex_009818,UNKNOWN,UNKNOWN,no semantic evidence (offset-named or unkeyworded),in-engine draw capture + surface mapping; visual texture inspection
spot18_room_2Tex_00A018,UNKNOWN,UNKNOWN,no semantic evidence (offset-named or unkeyworded),in-engine draw capture + surface mapping; visual texture inspection
spot18_room_2Tex_00A818,UNKNOWN,UNKNOWN,no semantic evidence (offset-named or unkeyworded),in-engine draw capture + surface mapping; visual texture inspection
spot18_room_2Tex_00B018,UNKNOWN,UNKNOWN,no semantic evidence (offset-named or unkeyworded),in-engine draw capture + surface mapping; visual texture inspection
spot18_room_2Tex_00B818,UNKNOWN,UNKNOWN,no semantic evidence (offset-named or unkeyworded),in-engine draw capture + surface mapping; visual texture inspection
spot18_room_2Tex_00D1A8,UNKNOWN,UNKNOWN,no semantic evidence (offset-named or unkeyworded),in-engine draw capture + surface mapping; visual texture inspection
spot18_room_2Tex_00E1A8,UNKNOWN,UNKNOWN,no semantic evidence (offset-named or unkeyworded),in-engine draw capture + surface mapping; visual texture inspection
spot18_room_2Tex_00F1A8,UNKNOWN,UNKNOWN,no semantic evidence (offset-named or unkeyworded),in-engine draw capture + surface mapping; visual texture inspection
spot18_room_2Tex_00F9A8,UNKNOWN,UNKNOWN,no semantic evidence (offset-named or unkeyworded),in-engine draw capture + surface mapping; visual texture inspection
spot18_room_2Tex_0109A8,UNKNOWN,UNKNOWN,no semantic evidence (offset-named or unkeyworded),in-engine draw capture + surface mapping; visual texture inspection
spot18_room_3Tex_00B448,UNKNOWN,UNKNOWN,no semantic evidence (offset-named or unkeyworded),in-engine draw capture + surface mapping; visual texture inspection
spot18_room_3Tex_00BC48,UNKNOWN,UNKNOWN,no semantic evidence (offset-named or unkeyworded),in-engine draw capture + surface mapping; visual texture inspection
spot18_room_3Tex_00C048,UNKNOWN,UNKNOWN,no semantic evidence (offset-named or unkeyworded),in-engine draw capture + surface mapping; visual texture inspection
spot18_room_3Tex_00C448,UNKNOWN,UNKNOWN,no semantic evidence (offset-named or unkeyworded),in-engine draw capture + surface mapping; visual texture inspection
spot18_room_3Tex_00C848,UNKNOWN,UNKNOWN,no semantic evidence (offset-named or unkeyworded),in-engine draw capture + surface mapping; visual texture inspection
spot18_room_3Tex_00D848,UNKNOWN,UNKNOWN,no semantic evidence (offset-named or unkeyworded),in-engine draw capture + surface mapping; visual texture inspection
spot18_room_3Tex_00DC48,UNKNOWN,UNKNOWN,no semantic evidence (offset-named or unkeyworded),in-engine draw capture + surface mapping; visual texture inspection
spot18_room_3Tex_00E448,UNKNOWN,UNKNOWN,no semantic evidence (offset-named or unkeyworded),in-engine draw capture + surface mapping; visual texture inspection
spot18_room_3Tex_00EC48,UNKNOWN,UNKNOWN,no semantic evidence (offset-named or unkeyworded),in-engine draw capture + surface mapping; visual texture inspection
spot18_room_3Tex_00F448,UNKNOWN,UNKNOWN,no semantic evidence (offset-named or unkeyworded),in-engine draw capture + surface mapping; visual texture inspection
spot18_room_3Tex_010448,UNKNOWN,UNKNOWN,no semantic evidence (offset-named or unkeyworded),in-engine draw capture + surface mapping; visual texture inspection
spot18_room_3Tex_010C48,UNKNOWN,UNKNOWN,no semantic evidence (offset-named or unkeyworded),in-engine draw capture + surface mapping; visual texture inspection
spot18_room_3Tex_011448,UNKNOWN,UNKNOWN,no semantic evidence (offset-named or unkeyworded),in-engine draw capture + surface mapping; visual texture inspection
spot18_room_3Tex_011C48,UNKNOWN,UNKNOWN,no semantic evidence (offset-named or unkeyworded),in-engine draw capture + surface mapping; visual texture inspection
spot18_room_3Tex_012448,UNKNOWN,UNKNOWN,no semantic evidence (offset-named or unkeyworded),in-engine draw capture + surface mapping; visual texture inspection
spot18_room_3Tex_012648,UNKNOWN,UNKNOWN,no semantic evidence (offset-named or unkeyworded),in-engine draw capture + surface mapping; visual texture inspection
spot18_room_3Tex_012848,UNKNOWN,UNKNOWN,no semantic evidence (offset-named or unkeyworded),in-engine draw capture + surface mapping; visual texture inspection
spot18_room_3Tex_013848,UNKNOWN,UNKNOWN,no semantic evidence (offset-named or unkeyworded),in-engine draw capture + surface mapping; visual texture inspection
spot18_room_3Tex_014048,UNKNOWN,UNKNOWN,no semantic evidence (offset-named or unkeyworded),in-engine draw capture + surface mapping; visual texture inspection
spot18_room_3Tex_014848,UNKNOWN,UNKNOWN,no semantic evidence (offset-named or unkeyworded),in-engine draw capture + surface mapping; visual texture inspection
spot18_room_3Tex_015048,UNKNOWN,UNKNOWN,no semantic evidence (offset-named or unkeyworded),in-engine draw capture + surface mapping; visual texture inspection
spot18_room_3Tex_015848,UNKNOWN,UNKNOWN,no semantic evidence (offset-named or unkeyworded),in-engine draw capture + surface mapping; visual texture inspection
spot18_room_3Tex_016048,UNKNOWN,UNKNOWN,no semantic evidence (offset-named or unkeyworded),in-engine draw capture + surface mapping; visual texture inspection
spot18_room_3Tex_016848,UNKNOWN,UNKNOWN,no semantic evidence (offset-named or unkeyworded),in-engine draw capture + surface mapping; visual texture inspection
spot18_room_3Tex_016C48,UNKNOWN,UNKNOWN,no semantic evidence (offset-named or unkeyworded),in-engine draw capture + surface mapping; visual texture inspection
spot18_room_3Tex_017448,UNKNOWN,UNKNOWN,no semantic evidence (offset-named or unkeyworded),in-engine draw capture + surface mapping; visual texture inspection
spot18_room_3Tex_0194E8,UNKNOWN,UNKNOWN,no semantic evidence (offset-named or unkeyworded),in-engine draw capture + surface mapping; visual texture inspection
spot18_room_3Tex_01A4E8,UNKNOWN,UNKNOWN,no semantic evidence (offset-named or unkeyworded),in-engine draw capture + surface mapping; visual texture inspection
spot18_room_3Tex_01B4E8,UNKNOWN,UNKNOWN,no semantic evidence (offset-named or unkeyworded),in-engine draw capture + surface mapping; visual texture inspection
spot18_room_3Tex_01BCE8,UNKNOWN,UNKNOWN,no semantic evidence (offset-named or unkeyworded),in-engine draw capture + surface mapping; visual texture inspection
spot18_room_3Tex_01CCE8,UNKNOWN,UNKNOWN,no semantic evidence (offset-named or unkeyworded),in-engine draw capture + surface mapping; visual texture inspection
spot18_sceneTex_0087C8,UNKNOWN,UNKNOWN,no semantic evidence (offset-named or unkeyworded),in-engine draw capture + surface mapping; visual texture inspection
spot18_sceneTex_009008,UNKNOWN,UNKNOWN,no semantic evidence (offset-named or unkeyworded),in-engine draw capture + surface mapping; visual texture inspection
spot18_sceneTex_009848,UNKNOWN,UNKNOWN,no semantic evidence (offset-named or unkeyworded),in-engine draw capture + surface mapping; visual texture inspection
spot18_sceneTex_009C48,UNKNOWN,UNKNOWN,no semantic evidence (offset-named or unkeyworded),in-engine draw capture + surface mapping; visual texture inspection
gLonLonRanchDayWindowTex,UNKNOWN,UNKNOWN,no semantic evidence (offset-named or unkeyworded),in-engine draw capture + surface mapping; visual texture inspection
gLonLonRangeNightWindowsTex,UNKNOWN,UNKNOWN,no semantic evidence (offset-named or unkeyworded),in-engine draw capture + surface mapping; visual texture inspection
spot20_sceneTex_005FE0,UNKNOWN,UNKNOWN,no semantic evidence (offset-named or unkeyworded),in-engine draw capture + surface mapping; visual texture inspection
spot20_sceneTex_0067E0,UNKNOWN,UNKNOWN,no semantic evidence (offset-named or unkeyworded),in-engine draw capture + surface mapping; visual texture inspection
spot20_sceneTex_0069E0,UNKNOWN,UNKNOWN,no semantic evidence (offset-named or unkeyworded),in-engine draw capture + surface mapping; visual texture inspection
spot20_sceneTex_0071E0,UNKNOWN,UNKNOWN,no semantic evidence (offset-named or unkeyworded),in-engine draw capture + surface mapping; visual texture inspection
spot20_sceneTex_0091E0,UNKNOWN,UNKNOWN,no semantic evidence (offset-named or unkeyworded),in-engine draw capture + surface mapping; visual texture inspection
spot20_sceneTex_0093E0,UNKNOWN,UNKNOWN,no semantic evidence (offset-named or unkeyworded),in-engine draw capture + surface mapping; visual texture inspection
spot20_sceneTex_009BE0,UNKNOWN,UNKNOWN,no semantic evidence (offset-named or unkeyworded),in-engine draw capture + surface mapping; visual texture inspection
spot20_sceneTex_00ABE0,UNKNOWN,UNKNOWN,no semantic evidence (offset-named or unkeyworded),in-engine draw capture + surface mapping; visual texture inspection
spot20_sceneTex_00BBE0,UNKNOWN,UNKNOWN,no semantic evidence (offset-named or unkeyworded),in-engine draw capture + surface mapping; visual texture inspection
spot20_sceneTex_00BDE0,UNKNOWN,UNKNOWN,no semantic evidence (offset-named or unkeyworded),in-engine draw capture + surface mapping; visual texture inspection
spot20_sceneTex_00C1E0,UNKNOWN,UNKNOWN,no semantic evidence (offset-named or unkeyworded),in-engine draw capture + surface mapping; visual texture inspection
spot20_sceneTex_00C9E0,UNKNOWN,UNKNOWN,no semantic evidence (offset-named or unkeyworded),in-engine draw capture + surface mapping; visual texture inspection
spot20_sceneTex_00D1E0,UNKNOWN,UNKNOWN,no semantic evidence (offset-named or unkeyworded),in-engine draw capture + surface mapping; visual texture inspection
spot20_sceneTex_00D9E0,UNKNOWN,UNKNOWN,no semantic evidence (offset-named or unkeyworded),in-engine draw capture + surface mapping; visual texture inspection
spot20_sceneTex_00E1E0,UNKNOWN,UNKNOWN,no semantic evidence (offset-named or unkeyworded),in-engine draw capture + surface mapping; visual texture inspection
spot20_sceneTex_00E9E0,UNKNOWN,UNKNOWN,no semantic evidence (offset-named or unkeyworded),in-engine draw capture + surface mapping; visual texture inspection
spot20_sceneTex_00F1E0,UNKNOWN,UNKNOWN,no semantic evidence (offset-named or unkeyworded),in-engine draw capture + surface mapping; visual texture inspection
spot20_sceneTex_00F9E0,UNKNOWN,UNKNOWN,no semantic evidence (offset-named or unkeyworded),in-engine draw capture + surface mapping; visual texture inspection
spot20_sceneTex_010BE0,UNKNOWN,UNKNOWN,no semantic evidence (offset-named or unkeyworded),in-engine draw capture + surface mapping; visual texture inspection
spot20_sceneTex_010E20,UNKNOWN,UNKNOWN,no semantic evidence (offset-named or unkeyworded),in-engine draw capture + surface mapping; visual texture inspection
sutaru_room_0Tex_0020F0,UNKNOWN,UNKNOWN,no semantic evidence (offset-named or unkeyworded),in-engine draw capture + surface mapping; visual texture inspection
sutaru_room_0Tex_0028F0,UNKNOWN,UNKNOWN,no semantic evidence (offset-named or unkeyworded),in-engine draw capture + surface mapping; visual texture inspection
sutaru_room_0Tex_002AF0,UNKNOWN,UNKNOWN,no semantic evidence (offset-named or unkeyworded),in-engine draw capture + surface mapping; visual texture inspection
sutaru_room_0Tex_003AF0,UNKNOWN,UNKNOWN,no semantic evidence (offset-named or unkeyworded),in-engine draw capture + surface mapping; visual texture inspection
sutaru_room_0Tex_0042F0,UNKNOWN,UNKNOWN,no semantic evidence (offset-named or unkeyworded),in-engine draw capture + surface mapping; visual texture inspection
sutaru_room_0Tex_0052F0,UNKNOWN,UNKNOWN,no semantic evidence (offset-named or unkeyworded),in-engine draw capture + surface mapping; visual texture inspection
sutaru_room_0Tex_0062F0,UNKNOWN,UNKNOWN,no semantic evidence (offset-named or unkeyworded),in-engine draw capture + surface mapping; visual texture inspection
syatekijyou_sceneTex_001C40,UNKNOWN,UNKNOWN,no semantic evidence (offset-named or unkeyworded),in-engine draw capture + surface mapping; visual texture inspection
syatekijyou_sceneTex_001D40,UNKNOWN,UNKNOWN,no semantic evidence (offset-named or unkeyworded),in-engine draw capture + surface mapping; visual texture inspection
syatekijyou_sceneTex_002140,UNKNOWN,UNKNOWN,no semantic evidence (offset-named or unkeyworded),in-engine draw capture + surface mapping; visual texture inspection
syatekijyou_sceneTex_002540,UNKNOWN,UNKNOWN,no semantic evidence (offset-named or unkeyworded),in-engine draw capture + surface mapping; visual texture inspection
syatekijyou_sceneTex_002740,UNKNOWN,UNKNOWN,no semantic evidence (offset-named or unkeyworded),in-engine draw capture + surface mapping; visual texture inspection
syatekijyou_sceneTex_003740,UNKNOWN,UNKNOWN,no semantic evidence (offset-named or unkeyworded),in-engine draw capture + surface mapping; visual texture inspection
syatekijyou_sceneTex_003940,UNKNOWN,UNKNOWN,no semantic evidence (offset-named or unkeyworded),in-engine draw capture + surface mapping; visual texture inspection
syatekijyou_sceneTex_0039C0,UNKNOWN,UNKNOWN,no semantic evidence (offset-named or unkeyworded),in-engine draw capture + surface mapping; visual texture inspection
syatekijyou_sceneTex_003DC0,UNKNOWN,UNKNOWN,no semantic evidence (offset-named or unkeyworded),in-engine draw capture + surface mapping; visual texture inspection
syatekijyou_sceneTex_0041C0,UNKNOWN,UNKNOWN,no semantic evidence (offset-named or unkeyworded),in-engine draw capture + surface mapping; visual texture inspection
syatekijyou_sceneTex_0051C0,UNKNOWN,UNKNOWN,no semantic evidence (offset-named or unkeyworded),in-engine draw capture + surface mapping; visual texture inspection
syatekijyou_sceneTex_0052C0,UNKNOWN,UNKNOWN,no semantic evidence (offset-named or unkeyworded),in-engine draw capture + surface mapping; visual texture inspection
syatekijyou_sceneTex_0054C0,UNKNOWN,UNKNOWN,no semantic evidence (offset-named or unkeyworded),in-engine draw capture + surface mapping; visual texture inspection
syatekijyou_sceneTex_005CC0,UNKNOWN,UNKNOWN,no semantic evidence (offset-named or unkeyworded),in-engine draw capture + surface mapping; visual texture inspection
syatekijyou_sceneTex_006CC0,UNKNOWN,UNKNOWN,no semantic evidence (offset-named or unkeyworded),in-engine draw capture + surface mapping; visual texture inspection
syatekijyou_sceneTex_007CC0,UNKNOWN,UNKNOWN,no semantic evidence (offset-named or unkeyworded),in-engine draw capture + surface mapping; visual texture inspection
syatekijyou_sceneTex_008CC0,UNKNOWN,UNKNOWN,no semantic evidence (offset-named or unkeyworded),in-engine draw capture + surface mapping; visual texture inspection
syatekijyou_sceneTex_009CC0,UNKNOWN,UNKNOWN,no semantic evidence (offset-named or unkeyworded),in-engine draw capture + surface mapping; visual texture inspection
syatekijyou_sceneTex_00A4C0,UNKNOWN,UNKNOWN,no semantic evidence (offset-named or unkeyworded),in-engine draw capture + surface mapping; visual texture inspection
syatekijyou_sceneTex_00ACC0,UNKNOWN,UNKNOWN,no semantic evidence (offset-named or unkeyworded),in-engine draw capture + surface mapping; visual texture inspection
syatekijyou_sceneTex_00B0C0,UNKNOWN,UNKNOWN,no semantic evidence (offset-named or unkeyworded),in-engine draw capture + surface mapping; visual texture inspection
syatekijyou_sceneTex_00B2C0,UNKNOWN,UNKNOWN,no semantic evidence (offset-named or unkeyworded),in-engine draw capture + surface mapping; visual texture inspection
syotes2_room_0Tex_0046F8,UNKNOWN,UNKNOWN,no semantic evidence (offset-named or unkeyworded),in-engine draw capture + surface mapping; visual texture inspection
syotes2_room_0Tex_004EF8,UNKNOWN,UNKNOWN,no semantic evidence (offset-named or unkeyworded),in-engine draw capture + surface mapping; visual texture inspection
syotes2_room_0Tex_0056F8,UNKNOWN,UNKNOWN,no semantic evidence (offset-named or unkeyworded),in-engine draw capture + surface mapping; visual texture inspection
syotes2_room_0Tex_0066F8,UNKNOWN,UNKNOWN,no semantic evidence (offset-named or unkeyworded),in-engine draw capture + surface mapping; visual texture inspection
syotes2_room_0Tex_006EF8,UNKNOWN,UNKNOWN,no semantic evidence (offset-named or unkeyworded),in-engine draw capture + surface mapping; visual texture inspection
syotes2_room_0Tex_007EF8,UNKNOWN,UNKNOWN,no semantic evidence (offset-named or unkeyworded),in-engine draw capture + surface mapping; visual texture inspection
syotes2_room_0Tex_008EF8,UNKNOWN,UNKNOWN,no semantic evidence (offset-named or unkeyworded),in-engine draw capture + surface mapping; visual texture inspection
syotes_room_0Tex_0031E8,UNKNOWN,UNKNOWN,no semantic evidence (offset-named or unkeyworded),in-engine draw capture + surface mapping; visual texture inspection
syotes_room_0Tex_0039E8,UNKNOWN,UNKNOWN,no semantic evidence (offset-named or unkeyworded),in-engine draw capture + surface mapping; visual texture inspection
syotes_room_0Tex_0041E8,UNKNOWN,UNKNOWN,no semantic evidence (offset-named or unkeyworded),in-engine draw capture + surface mapping; visual texture inspection
syotes_room_0Tex_0051E8,UNKNOWN,UNKNOWN,no semantic evidence (offset-named or unkeyworded),in-engine draw capture + surface mapping; visual texture inspection
syotes_room_0Tex_0061E8,UNKNOWN,UNKNOWN,no semantic evidence (offset-named or unkeyworded),in-engine draw capture + surface mapping; visual texture inspection
syotes_room_0Tex_0069E8,UNKNOWN,UNKNOWN,no semantic evidence (offset-named or unkeyworded),in-engine draw capture + surface mapping; visual texture inspection
syotes_room_0Tex_0079E8,UNKNOWN,UNKNOWN,no semantic evidence (offset-named or unkeyworded),in-engine draw capture + surface mapping; visual texture inspection
syotes_room_0Tex_0089E8,UNKNOWN,UNKNOWN,no semantic evidence (offset-named or unkeyworded),in-engine draw capture + surface mapping; visual texture inspection
syotes_room_0Tex_0099E8,UNKNOWN,UNKNOWN,no semantic evidence (offset-named or unkeyworded),in-engine draw capture + surface mapping; visual texture inspection
syotes_room_0Tex_00A9E8,UNKNOWN,UNKNOWN,no semantic evidence (offset-named or unkeyworded),in-engine draw capture + surface mapping; visual texture inspection
syotes_room_0Tex_00BF80,UNKNOWN,UNKNOWN,no semantic evidence (offset-named or unkeyworded),in-engine draw capture + surface mapping; visual texture inspection
takaraya_room_0Tex_003BE0,UNKNOWN,UNKNOWN,no semantic evidence (offset-named or unkeyworded),in-engine draw capture + surface mapping; visual texture inspection
takaraya_room_0Tex_0043E0,UNKNOWN,UNKNOWN,no semantic evidence (offset-named or unkeyworded),in-engine draw capture + surface mapping; visual texture inspection
takaraya_room_0Tex_004BE0,UNKNOWN,UNKNOWN,no semantic evidence (offset-named or unkeyworded),in-engine draw capture + surface mapping; visual texture inspection
takaraya_room_0Tex_005BE0,UNKNOWN,UNKNOWN,no semantic evidence (offset-named or unkeyworded),in-engine draw capture + surface mapping; visual texture inspection
takaraya_room_0Tex_0063E0,UNKNOWN,UNKNOWN,no semantic evidence (offset-named or unkeyworded),in-engine draw capture + surface mapping; visual texture inspection
takaraya_room_0Tex_006BE0,UNKNOWN,UNKNOWN,no semantic evidence (offset-named or unkeyworded),in-engine draw capture + surface mapping; visual texture inspection
takaraya_room_0Tex_0073E0,UNKNOWN,UNKNOWN,no semantic evidence (offset-named or unkeyworded),in-engine draw capture + surface mapping; visual texture inspection
takaraya_room_0Tex_007BE0,UNKNOWN,UNKNOWN,no semantic evidence (offset-named or unkeyworded),in-engine draw capture + surface mapping; visual texture inspection
takaraya_room_0Tex_0083E0,UNKNOWN,UNKNOWN,no semantic evidence (offset-named or unkeyworded),in-engine draw capture + surface mapping; visual texture inspection
takaraya_room_0Tex_0095C0,UNKNOWN,UNKNOWN,no semantic evidence (offset-named or unkeyworded),in-engine draw capture + surface mapping; visual texture inspection
takaraya_room_1Tex_0017F8,UNKNOWN,UNKNOWN,no semantic evidence (offset-named or unkeyworded),in-engine draw capture + surface mapping; visual texture inspection
takaraya_room_2Tex_001828,UNKNOWN,UNKNOWN,no semantic evidence (offset-named or unkeyworded),in-engine draw capture + surface mapping; visual texture inspection
takaraya_room_3Tex_001818,UNKNOWN,UNKNOWN,no semantic evidence (offset-named or unkeyworded),in-engine draw capture + surface mapping; visual texture inspection
takaraya_room_3Tex_002018,UNKNOWN,UNKNOWN,no semantic evidence (offset-named or unkeyworded),in-engine draw capture + surface mapping; visual texture inspection
takaraya_room_4Tex_001820,UNKNOWN,UNKNOWN,no semantic evidence (offset-named or unkeyworded),in-engine draw capture + surface mapping; visual texture inspection
takaraya_room_4Tex_002020,UNKNOWN,UNKNOWN,no semantic evidence (offset-named or unkeyworded),in-engine draw capture + surface mapping; visual texture inspection
takaraya_room_4Tex_002820,UNKNOWN,UNKNOWN,no semantic evidence (offset-named or unkeyworded),in-engine draw capture + surface mapping; visual texture inspection
takaraya_room_5Tex_0017F8,UNKNOWN,UNKNOWN,no semantic evidence (offset-named or unkeyworded),in-engine draw capture + surface mapping; visual texture inspection
takaraya_room_5Tex_001FF8,UNKNOWN,UNKNOWN,no semantic evidence (offset-named or unkeyworded),in-engine draw capture + surface mapping; visual texture inspection
takaraya_room_5Tex_0027F8,UNKNOWN,UNKNOWN,no semantic evidence (offset-named or unkeyworded),in-engine draw capture + surface mapping; visual texture inspection
takaraya_room_6Tex_0012F8,UNKNOWN,UNKNOWN,no semantic evidence (offset-named or unkeyworded),in-engine draw capture + surface mapping; visual texture inspection
takaraya_room_6Tex_001AF8,UNKNOWN,UNKNOWN,no semantic evidence (offset-named or unkeyworded),in-engine draw capture + surface mapping; visual texture inspection
takaraya_room_6Tex_0022F8,UNKNOWN,UNKNOWN,no semantic evidence (offset-named or unkeyworded),in-engine draw capture + surface mapping; visual texture inspection
takaraya_sceneTex_0051B0,UNKNOWN,UNKNOWN,no semantic evidence (offset-named or unkeyworded),in-engine draw capture + surface mapping; visual texture inspection
takaraya_sceneTex_0059B0,UNKNOWN,UNKNOWN,no semantic evidence (offset-named or unkeyworded),in-engine draw capture + surface mapping; visual texture inspection
takaraya_sceneTex_0061B0,UNKNOWN,UNKNOWN,no semantic evidence (offset-named or unkeyworded),in-engine draw capture + surface mapping; visual texture inspection
takaraya_sceneTex_0069B0,UNKNOWN,UNKNOWN,no semantic evidence (offset-named or unkeyworded),in-engine draw capture + surface mapping; visual texture inspection
test01_room_0Tex_006490,UNKNOWN,UNKNOWN,no semantic evidence (offset-named or unkeyworded),in-engine draw capture + surface mapping; visual texture inspection
test01_room_0Tex_006C90,UNKNOWN,UNKNOWN,no semantic evidence (offset-named or unkeyworded),in-engine draw capture + surface mapping; visual texture inspection
test01_room_0Tex_007490,UNKNOWN,UNKNOWN,no semantic evidence (offset-named or unkeyworded),in-engine draw capture + surface mapping; visual texture inspection
test01_room_0Tex_008490,UNKNOWN,UNKNOWN,no semantic evidence (offset-named or unkeyworded),in-engine draw capture + surface mapping; visual texture inspection
test01_room_0Tex_0090E8,UNKNOWN,UNKNOWN,no semantic evidence (offset-named or unkeyworded),in-engine draw capture + surface mapping; visual texture inspection
testroom_room_0Tex_000E00,UNKNOWN,UNKNOWN,no semantic evidence (offset-named or unkeyworded),in-engine draw capture + surface mapping; visual texture inspection
testroom_room_0Tex_001600,UNKNOWN,UNKNOWN,no semantic evidence (offset-named or unkeyworded),in-engine draw capture + surface mapping; visual texture inspection
testroom_room_0Tex_002600,UNKNOWN,UNKNOWN,no semantic evidence (offset-named or unkeyworded),in-engine draw capture + surface mapping; visual texture inspection
testroom_room_0Tex_002E00,UNKNOWN,UNKNOWN,no semantic evidence (offset-named or unkeyworded),in-engine draw capture + surface mapping; visual texture inspection
testroom_room_0Tex_003E00,UNKNOWN,UNKNOWN,no semantic evidence (offset-named or unkeyworded),in-engine draw capture + surface mapping; visual texture inspection
testroom_room_1Tex_000BE8,UNKNOWN,UNKNOWN,no semantic evidence (offset-named or unkeyworded),in-engine draw capture + surface mapping; visual texture inspection
testroom_room_1Tex_0013E8,UNKNOWN,UNKNOWN,no semantic evidence (offset-named or unkeyworded),in-engine draw capture + surface mapping; visual texture inspection
testroom_room_1Tex_001BE8,UNKNOWN,UNKNOWN,no semantic evidence (offset-named or unkeyworded),in-engine draw capture + surface mapping; visual texture inspection
testroom_room_2Tex_001A78,UNKNOWN,UNKNOWN,no semantic evidence (offset-named or unkeyworded),in-engine draw capture + surface mapping; visual texture inspection
testroom_room_2Tex_002278,UNKNOWN,UNKNOWN,no semantic evidence (offset-named or unkeyworded),in-engine draw capture + surface mapping; visual texture inspection
testroom_room_2Tex_002A78,UNKNOWN,UNKNOWN,no semantic evidence (offset-named or unkeyworded),in-engine draw capture + surface mapping; visual texture inspection
testroom_room_3Tex_000A18,UNKNOWN,UNKNOWN,no semantic evidence (offset-named or unkeyworded),in-engine draw capture + surface mapping; visual texture inspection
testroom_room_3Tex_001218,UNKNOWN,UNKNOWN,no semantic evidence (offset-named or unkeyworded),in-engine draw capture + surface mapping; visual texture inspection
testroom_room_3Tex_002218,UNKNOWN,UNKNOWN,no semantic evidence (offset-named or unkeyworded),in-engine draw capture + surface mapping; visual texture inspection
testroom_room_3Tex_003218,UNKNOWN,UNKNOWN,no semantic evidence (offset-named or unkeyworded),in-engine draw capture + surface mapping; visual texture inspection
testroom_sceneTex_002200,UNKNOWN,UNKNOWN,no semantic evidence (offset-named or unkeyworded),in-engine draw capture + surface mapping; visual texture inspection
testroom_sceneTex_002A00,UNKNOWN,UNKNOWN,no semantic evidence (offset-named or unkeyworded),in-engine draw capture + surface mapping; visual texture inspection
testroom_sceneTex_003A00,UNKNOWN,UNKNOWN,no semantic evidence (offset-named or unkeyworded),in-engine draw capture + surface mapping; visual texture inspection
tokinoma_room_0Tex_0081D8,STONE,UNKNOWN,LOW confidence scene/keyword prior only,in-engine draw capture + surface mapping; visual texture inspection
tokinoma_room_0Tex_0091D8,STONE,UNKNOWN,LOW confidence scene/keyword prior only,in-engine draw capture + surface mapping; visual texture inspection
tokinoma_room_0Tex_00A1D8,STONE,UNKNOWN,LOW confidence scene/keyword prior only,in-engine draw capture + surface mapping; visual texture inspection
tokinoma_room_0Tex_00B1D8,STONE,UNKNOWN,LOW confidence scene/keyword prior only,in-engine draw capture + surface mapping; visual texture inspection
tokinoma_room_0Tex_00C1D8,STONE,UNKNOWN,LOW confidence scene/keyword prior only,in-engine draw capture + surface mapping; visual texture inspection
tokinoma_room_0Tex_00D1D8,STONE,UNKNOWN,LOW confidence scene/keyword prior only,in-engine draw capture + surface mapping; visual texture inspection
tokinoma_room_0Tex_00E1D8,STONE,UNKNOWN,LOW confidence scene/keyword prior only,in-engine draw capture + surface mapping; visual texture inspection
tokinoma_room_0Tex_00F1D8,STONE,UNKNOWN,LOW confidence scene/keyword prior only,in-engine draw capture + surface mapping; visual texture inspection
tokinoma_room_0Tex_0101D8,STONE,UNKNOWN,LOW confidence scene/keyword prior only,in-engine draw capture + surface mapping; visual texture inspection
tokinoma_room_0Tex_0111D8,STONE,UNKNOWN,LOW confidence scene/keyword prior only,in-engine draw capture + surface mapping; visual texture inspection
tokinoma_room_0Tex_0121D8,STONE,UNKNOWN,LOW confidence scene/keyword prior only,in-engine draw capture + surface mapping; visual texture inspection
tokinoma_room_0Tex_0131D8,STONE,UNKNOWN,LOW confidence scene/keyword prior only,in-engine draw capture + surface mapping; visual texture inspection
tokinoma_room_0Tex_0141D8,STONE,UNKNOWN,LOW confidence scene/keyword prior only,in-engine draw capture + surface mapping; visual texture inspection
tokinoma_room_0Tex_0149D8,STONE,UNKNOWN,LOW confidence scene/keyword prior only,in-engine draw capture + surface mapping; visual texture inspection
tokinoma_room_0Tex_0151D8,STONE,UNKNOWN,LOW confidence scene/keyword prior only,in-engine draw capture + surface mapping; visual texture inspection
tokinoma_room_0Tex_0159D8,STONE,UNKNOWN,LOW confidence scene/keyword prior only,in-engine draw capture + surface mapping; visual texture inspection
tokinoma_room_0Tex_0161D8,STONE,UNKNOWN,LOW confidence scene/keyword prior only,in-engine draw capture + surface mapping; visual texture inspection
tokinoma_room_0Tex_0169D8,STONE,UNKNOWN,LOW confidence scene/keyword prior only,in-engine draw capture + surface mapping; visual texture inspection
tokinoma_room_1Tex_005458,STONE,UNKNOWN,LOW confidence scene/keyword prior only,in-engine draw capture + surface mapping; visual texture inspection
tokinoma_room_1Tex_005658,STONE,UNKNOWN,LOW confidence scene/keyword prior only,in-engine draw capture + surface mapping; visual texture inspection
tokinoma_room_1Tex_005858,STONE,UNKNOWN,LOW confidence scene/keyword prior only,in-engine draw capture + surface mapping; visual texture inspection
tokinoma_room_1Tex_006488,STONE,UNKNOWN,LOW confidence scene/keyword prior only,in-engine draw capture + surface mapping; visual texture inspection
tokinoma_room_1Tex_0064C8,STONE,UNKNOWN,LOW confidence scene/keyword prior only,in-engine draw capture + surface mapping; visual texture inspection
tokinoma_room_1Tex_0068C8,STONE,UNKNOWN,LOW confidence scene/keyword prior only,in-engine draw capture + surface mapping; visual texture inspection
tokinoma_sceneTex_00CFA0,STONE,UNKNOWN,LOW confidence scene/keyword prior only,in-engine draw capture + surface mapping; visual texture inspection
tokinoma_sceneTex_00D7A0,STONE,UNKNOWN,LOW confidence scene/keyword prior only,in-engine draw capture + surface mapping; visual texture inspection
tokinoma_sceneTex_00DFA0,STONE,UNKNOWN,LOW confidence scene/keyword prior only,in-engine draw capture + surface mapping; visual texture inspection
tokinoma_sceneTex_00EFA0,STONE,UNKNOWN,LOW confidence scene/keyword prior only,in-engine draw capture + surface mapping; visual texture inspection
tokinoma_sceneTex_00FFA0,STONE,UNKNOWN,LOW confidence scene/keyword prior only,in-engine draw capture + surface mapping; visual texture inspection
tokinoma_sceneTex_0107A0,STONE,UNKNOWN,LOW confidence scene/keyword prior only,in-engine draw capture + surface mapping; visual texture inspection
tokinoma_sceneTex_010FA0,STONE,UNKNOWN,LOW confidence scene/keyword prior only,in-engine draw capture + surface mapping; visual texture inspection
tokinoma_sceneTex_0117A0,STONE,UNKNOWN,LOW confidence scene/keyword prior only,in-engine draw capture + surface mapping; visual texture inspection
tokinoma_sceneTex_011FA0,STONE,UNKNOWN,LOW confidence scene/keyword prior only,in-engine draw capture + surface mapping; visual texture inspection
turibori_sceneTex_001CE0,UNKNOWN,UNKNOWN,no semantic evidence (offset-named or unkeyworded),in-engine draw capture + surface mapping; visual texture inspection
turibori_sceneTex_002CE0,UNKNOWN,UNKNOWN,no semantic evidence (offset-named or unkeyworded),in-engine draw capture + surface mapping; visual texture inspection
turibori_sceneTex_003CE0,UNKNOWN,UNKNOWN,no semantic evidence (offset-named or unkeyworded),in-engine draw capture + surface mapping; visual texture inspection
turibori_sceneTex_004CE0,UNKNOWN,UNKNOWN,no semantic evidence (offset-named or unkeyworded),in-engine draw capture + surface mapping; visual texture inspection
turibori_sceneTex_004DE0,UNKNOWN,UNKNOWN,no semantic evidence (offset-named or unkeyworded),in-engine draw capture + surface mapping; visual texture inspection
turibori_sceneTex_0051E0,UNKNOWN,UNKNOWN,no semantic evidence (offset-named or unkeyworded),in-engine draw capture + surface mapping; visual texture inspection
turibori_sceneTex_0059E0,UNKNOWN,UNKNOWN,no semantic evidence (offset-named or unkeyworded),in-engine draw capture + surface mapping; visual texture inspection
turibori_sceneTex_0069E0,UNKNOWN,UNKNOWN,no semantic evidence (offset-named or unkeyworded),in-engine draw capture + surface mapping; visual texture inspection
turibori_sceneTex_006BE0,UNKNOWN,UNKNOWN,no semantic evidence (offset-named or unkeyworded),in-engine draw capture + surface mapping; visual texture inspection
turibori_sceneTex_007BE0,UNKNOWN,UNKNOWN,no semantic evidence (offset-named or unkeyworded),in-engine draw capture + surface mapping; visual texture inspection
turibori_sceneTex_007FE0,UNKNOWN,UNKNOWN,no semantic evidence (offset-named or unkeyworded),in-engine draw capture + surface mapping; visual texture inspection
turibori_sceneTex_0081E0,UNKNOWN,UNKNOWN,no semantic evidence (offset-named or unkeyworded),in-engine draw capture + surface mapping; visual texture inspection
turibori_sceneTex_0091E0,UNKNOWN,UNKNOWN,no semantic evidence (offset-named or unkeyworded),in-engine draw capture + surface mapping; visual texture inspection
turibori_sceneTex_0092E0,UNKNOWN,UNKNOWN,no semantic evidence (offset-named or unkeyworded),in-engine draw capture + surface mapping; visual texture inspection
turibori_sceneTex_0094E0,UNKNOWN,UNKNOWN,no semantic evidence (offset-named or unkeyworded),in-engine draw capture + surface mapping; visual texture inspection
turibori_sceneTex_009CE0,UNKNOWN,UNKNOWN,no semantic evidence (offset-named or unkeyworded),in-engine draw capture + surface mapping; visual texture inspection
turibori_sceneTex_00ACE0,UNKNOWN,UNKNOWN,no semantic evidence (offset-named or unkeyworded),in-engine draw capture + surface mapping; visual texture inspection
turibori_sceneTex_00BCE0,UNKNOWN,UNKNOWN,no semantic evidence (offset-named or unkeyworded),in-engine draw capture + surface mapping; visual texture inspection
turibori_sceneTex_00CCE0,UNKNOWN,UNKNOWN,no semantic evidence (offset-named or unkeyworded),in-engine draw capture + surface mapping; visual texture inspection
turibori_sceneTex_00DCE0,UNKNOWN,UNKNOWN,no semantic evidence (offset-named or unkeyworded),in-engine draw capture + surface mapping; visual texture inspection
turibori_sceneTex_00E4E0,UNKNOWN,UNKNOWN,no semantic evidence (offset-named or unkeyworded),in-engine draw capture + surface mapping; visual texture inspection
turibori_sceneTex_00ECE0,UNKNOWN,UNKNOWN,no semantic evidence (offset-named or unkeyworded),in-engine draw capture + surface mapping; visual texture inspection
turibori_sceneTex_00F4E0,UNKNOWN,UNKNOWN,no semantic evidence (offset-named or unkeyworded),in-engine draw capture + surface mapping; visual texture inspection
turibori_sceneTex_00FCE0,UNKNOWN,UNKNOWN,no semantic evidence (offset-named or unkeyworded),in-engine draw capture + surface mapping; visual texture inspection
turibori_sceneTex_0104E0,UNKNOWN,UNKNOWN,no semantic evidence (offset-named or unkeyworded),in-engine draw capture + surface mapping; visual texture inspection
turibori_sceneTex_0114E0,UNKNOWN,UNKNOWN,no semantic evidence (offset-named or unkeyworded),in-engine draw capture + surface mapping; visual texture inspection
turibori_sceneTex_0116E0,UNKNOWN,UNKNOWN,no semantic evidence (offset-named or unkeyworded),in-engine draw capture + surface mapping; visual texture inspection
ydan_boss_room_0Tex_001790,UNKNOWN,UNKNOWN,no semantic evidence (offset-named or unkeyworded),in-engine draw capture + surface mapping; visual texture inspection
ydan_boss_room_0Tex_001F90,UNKNOWN,UNKNOWN,no semantic evidence (offset-named or unkeyworded),in-engine draw capture + surface mapping; visual texture inspection
ydan_boss_room_0Tex_002790,UNKNOWN,UNKNOWN,no semantic evidence (offset-named or unkeyworded),in-engine draw capture + surface mapping; visual texture inspection
ydan_boss_room_0Tex_002F90,UNKNOWN,UNKNOWN,no semantic evidence (offset-named or unkeyworded),in-engine draw capture + surface mapping; visual texture inspection
ydan_boss_room_0Tex_003790,UNKNOWN,UNKNOWN,no semantic evidence (offset-named or unkeyworded),in-engine draw capture + surface mapping; visual texture inspection
ydan_boss_room_0Tex_003F90,UNKNOWN,UNKNOWN,no semantic evidence (offset-named or unkeyworded),in-engine draw capture + surface mapping; visual texture inspection
ydan_boss_room_0Tex_004BF0,UNKNOWN,UNKNOWN,no semantic evidence (offset-named or unkeyworded),in-engine draw capture + surface mapping; visual texture inspection
ydan_boss_room_0Tex_005BF0,UNKNOWN,UNKNOWN,no semantic evidence (offset-named or unkeyworded),in-engine draw capture + surface mapping; visual texture inspection
ydan_boss_room_0Tex_005FF0,UNKNOWN,UNKNOWN,no semantic evidence (offset-named or unkeyworded),in-engine draw capture + surface mapping; visual texture inspection
ydan_boss_room_1Tex_003B38,UNKNOWN,UNKNOWN,no semantic evidence (offset-named or unkeyworded),in-engine draw capture + surface mapping; visual texture inspection
ydan_boss_room_1Tex_004B38,UNKNOWN,UNKNOWN,no semantic evidence (offset-named or unkeyworded),in-engine draw capture + surface mapping; visual texture inspection
ydan_boss_room_1Tex_005338,UNKNOWN,UNKNOWN,no semantic evidence (offset-named or unkeyworded),in-engine draw capture + surface mapping; visual texture inspection
ydan_boss_room_1Tex_005FE8,UNKNOWN,UNKNOWN,no semantic evidence (offset-named or unkeyworded),in-engine draw capture + surface mapping; visual texture inspection
ydan_boss_sceneTex_000F38,UNKNOWN,UNKNOWN,no semantic evidence (offset-named or unkeyworded),in-engine draw capture + surface mapping; visual texture inspection
yousei_izumi_tate_sceneTex_002010,UNKNOWN,UNKNOWN,no semantic evidence (offset-named or unkeyworded),in-engine draw capture + surface mapping; visual texture inspection
yousei_izumi_tate_sceneTex_002810,UNKNOWN,UNKNOWN,no semantic evidence (offset-named or unkeyworded),in-engine draw capture + surface mapping; visual texture inspection
yousei_izumi_tate_sceneTex_003810,UNKNOWN,UNKNOWN,no semantic evidence (offset-named or unkeyworded),in-engine draw capture + surface mapping; visual texture inspection
yousei_izumi_tate_sceneTex_004810,UNKNOWN,UNKNOWN,no semantic evidence (offset-named or unkeyworded),in-engine draw capture + surface mapping; visual texture inspection
yousei_izumi_tate_sceneTex_005010,UNKNOWN,UNKNOWN,no semantic evidence (offset-named or unkeyworded),in-engine draw capture + surface mapping; visual texture inspection
yousei_izumi_tate_sceneTex_005810,UNKNOWN,UNKNOWN,no semantic evidence (offset-named or unkeyworded),in-engine draw capture + surface mapping; visual texture inspection
yousei_izumi_tate_sceneTex_006010,UNKNOWN,UNKNOWN,no semantic evidence (offset-named or unkeyworded),in-engine draw capture + surface mapping; visual texture inspection
yousei_izumi_tate_sceneTex_007010,UNKNOWN,UNKNOWN,no semantic evidence (offset-named or unkeyworded),in-engine draw capture + surface mapping; visual texture inspection
yousei_izumi_tate_sceneTex_007810,UNKNOWN,UNKNOWN,no semantic evidence (offset-named or unkeyworded),in-engine draw capture + surface mapping; visual texture inspection
yousei_izumi_tate_sceneTex_008010,UNKNOWN,UNKNOWN,no semantic evidence (offset-named or unkeyworded),in-engine draw capture + surface mapping; visual texture inspection
yousei_izumi_yoko_sceneTex_003DA0,UNKNOWN,UNKNOWN,no semantic evidence (offset-named or unkeyworded),in-engine draw capture + surface mapping; visual texture inspection
yousei_izumi_yoko_sceneTex_0045A0,UNKNOWN,UNKNOWN,no semantic evidence (offset-named or unkeyworded),in-engine draw capture + surface mapping; visual texture inspection
yousei_izumi_yoko_sceneTex_004DA0,UNKNOWN,UNKNOWN,no semantic evidence (offset-named or unkeyworded),in-engine draw capture + surface mapping; visual texture inspection
yousei_izumi_yoko_sceneTex_0055A0,UNKNOWN,UNKNOWN,no semantic evidence (offset-named or unkeyworded),in-engine draw capture + surface mapping; visual texture inspection
yousei_izumi_yoko_sceneTex_0065A0,UNKNOWN,UNKNOWN,no semantic evidence (offset-named or unkeyworded),in-engine draw capture + surface mapping; visual texture inspection
yousei_izumi_yoko_sceneTex_0075A0,UNKNOWN,UNKNOWN,no semantic evidence (offset-named or unkeyworded),in-engine draw capture + surface mapping; visual texture inspection
yousei_izumi_yoko_sceneTex_0085A0,UNKNOWN,UNKNOWN,no semantic evidence (offset-named or unkeyworded),in-engine draw capture + surface mapping; visual texture inspection
yousei_izumi_yoko_sceneTex_0095A0,UNKNOWN,UNKNOWN,no semantic evidence (offset-named or unkeyworded),in-engine draw capture + surface mapping; visual texture inspection
yousei_izumi_yoko_sceneTex_009DA0,UNKNOWN,UNKNOWN,no semantic evidence (offset-named or unkeyworded),in-engine draw capture + surface mapping; visual texture inspection
yousei_izumi_yoko_sceneTex_00ADA0,UNKNOWN,UNKNOWN,no semantic evidence (offset-named or unkeyworded),in-engine draw capture + surface mapping; visual texture inspection
yousei_izumi_yoko_sceneTex_00B5A0,UNKNOWN,UNKNOWN,no semantic evidence (offset-named or unkeyworded),in-engine draw capture + surface mapping; visual texture inspection
yousei_izumi_yoko_sceneTex_00BDA0,UNKNOWN,UNKNOWN,no semantic evidence (offset-named or unkeyworded),in-engine draw capture + surface mapping; visual texture inspection
yousei_izumi_yoko_sceneTex_00C5A0,UNKNOWN,UNKNOWN,no semantic evidence (offset-named or unkeyworded),in-engine draw capture + surface mapping; visual texture inspection
